catalogId|class|level|candidate|name|branchKey|action|flow|impactStyle|path|growthBand|tierVariant|primaryResolverKey|choreographyKey|identitySchema|identityId|grammarId|growthStage|hitBand|perceptualSignature|roleGrammar|element|hitWeights|hitTimings|presentationHitTimings|presentationGroups|primaryAsset|primaryAssets|secondaryAsset|impactAssets|debrisAssets|residualAsset|finisherRingAsset|finisherEchoAsset|legacyRecipe|normalRoleCount|normalPeakConcurrent|minimumPeakConcurrent|reducedMaxConcurrent
warrior_t01_c01|WARRIOR|5|0|칼날 베기|STEEL_SLASH:warrior_t01_c01|CUT|LEFT_TO_RIGHT|EDGE|RUPTURE|0|0|warrior:c1:b1|warrior:c1:b1|2|v2:af50556db89012b8|G08_CUT_LEFT_TO_RIGHT|LOW|SINGLE|G08_CUT_LEFT_TO_RIGHT:LOW:SINGLE~ANTICIPATION:2:7:-3:-2:0:30:31:-3:-1:1~PRIMARY:2:7:1:0:0:33:31:0:-1:1~CONTACT:1:1:3:0:0:32:31:1:-1:1~DEBRIS:0:7:3:0:0:32:31:-1:-1:1~RESIDUAL:2:1:4:-1:0:31:31:0:-1:1~FINISHER_RING:1:6:0:0:0:31:31:-1:1:1~FINISHER_ECHO:0:2:4:1:0:33:31:0:1:1~WARRIOR_ACCENT:1:3:-3:-1:1:31:32:0:-1:1|ANTICIPATION,2,7,-18,0.92,-0.034,0.006,0.893,0.94,-14.0,-1.0,0.92,,1,0,LEADING_EDGE;PRIMARY,2,7,10,1.0,0.005999999,0.006,0.9869999,0.94,-2.0,-1.0,1.04,,1,2,TARGET;CONTACT,1,1,20,1.08,4.79999E-4,-0.0049199997,0.96349996,0.9165,5.6,-1.0,0.92,,1,4,TARGET;DEBRIS,0,7,23,1.0,-0.0014800001,0.00492,0.96349996,0.94,-4.1,-1.0,1.0,,1,5,TRAILING_EDGE;RESIDUAL,2,1,24,1.04,-0.02148,-0.0040799994,0.9165,0.9165,-1.0999999,-1.0,1.04,,1,1,GROUND;FINISHER_RING,1,6,-4,0.96000004,-0.009520001,-0.0049199997,0.94,0.9165,-6.4,1.0,0.96000004,,1,6,ORBIT;FINISHER_ECHO,0,2,28,0.92,0.010479999,0.00408,0.9869999,0.94,-0.4000001,1.0,0.96000004,,1,7,ORBIT;WARRIOR_ACCENT,1,3,-22,1.08,-0.02148,0.01392,0.9165,0.96349996,-1.0999999,-1.0,0.92,,1,3,TARGET|PHYSICAL|100|420|420|420:0:100|2131034566|2131034566|||||||h0=WARRIOR:0@r0.0@m1.0@s1.0|2|2|1|2
warrior_t02_c03|WARRIOR|10|2|방패 돌파|AUTHORED_CLASS:WARRIOR:CONVERGE|CHARGE|LEFT_TO_RIGHT|POINT|CONVERGE|0|1|warrior:c3:b1|warrior:c3:b1|2|v2:f03eaef68987640e|G05_CHARGE_LEFT_TO_RIGHT|LOW|SINGLE|G05_CHARGE_LEFT_TO_RIGHT:LOW:SINGLE~ANTICIPATION:0:6:-6:-2:0:30:31:-1:1:1~PRIMARY:1:3:-1:-2:1:30:32:0:-1:1~CONTACT:0:1:-1:0:0:33:31:-2:-1:1~DEBRIS:2:5:3:-1:-1:32:30:-1:-1:1~RESIDUAL:1:1:0:-2:0:31:31:1:-1:1~FINISHER_RING:2:7:1:0:0:32:31:-1:-1:1~FINISHER_ECHO:2:7:4:-1:0:31:31:0:-1:1~WARRIOR_ACCENT:1:2:0:-1:0:31:31:1:1:1|ANTICIPATION,0,6,-40,0.92,-0.046,-9.999992E-4,0.893,0.9165,-5.0,1.0,0.96000004,,1,0,LEADING_EDGE;PRIMARY,1,3,-6,1.0,-0.046,0.017,0.893,0.96349996,1.0,-1.0,1.04,,1,2,TARGET;CONTACT,0,1,-8,1.04,0.002319999,-0.0035599992,0.9869999,0.9165,-8.32,-1.0,1.04,,1,4,TARGET;DEBRIS,2,5,18,0.92,-0.0113200005,-0.01144,0.96349996,0.893,-5.18,-1.0,0.96000004,,1,5,TRAILING_EDGE;RESIDUAL,1,1,-5,1.04,-0.03132,-0.0024399995,0.9165,0.9165,3.82,-1.0,1.04,,1,1,GROUND;FINISHER_RING,2,7,8,1.0,-0.0076800007,0.0054400004,0.96349996,0.94,-5.32,-1.0,1.04,,1,6,ORBIT;FINISHER_ECHO,2,7,24,1.0,-0.01768,0.0054400004,0.94,0.94,-2.32,-1.0,1.0,,1,7,ORBIT;WARRIOR_ACCENT,1,2,-2,1.0,-0.02132,0.00656,0.94,0.94,6.82,1.0,1.0,,1,3,TARGET|PHYSICAL|100|420|420|420:0:100|2131034560|2131034560,2131034560|2131034555|2131034556,2131034556,2131034556|2131034557,2131034557,2131034557|||||4|4|3|1
warrior_t03_c02|WARRIOR|15|1|철퇴 강타|AUTHORED_CLASS:WARRIOR:CONVERGE|DESCEND|TOP_TO_BOTTOM|FRACTURE|CONVERGE|0|2|warrior:c2:b1|warrior:c2:b1|2|v2:e1cae38dcf6af701|G09_DESCEND_TOP_TO_BOTTOM|LOW|SINGLE|G09_DESCEND_TOP_TO_BOTTOM:LOW:SINGLE~ANTICIPATION:2:1:-5:1:-2:32:31:0:-1:1~PRIMARY:0:3:-4:1:-1:32:32:0:-1:1~CONTACT:1:7:-2:1:-1:32:31:3:-1:1~DEBRIS:2:4:0:0:0:31:33:2:1:1~RESIDUAL:0:1:0:-1:-1:30:31:1:-1:1~FINISHER_RING:0:3:3:-1:0:30:32:0:-1:1~FINISHER_ECHO:2:4:1:-1:0:30:33:0:1:1~WARRIOR_ACCENT:1:2:0:0:-1:31:31:2:1:1|ANTICIPATION,2,1,-34,0.92,0.018,-0.033,0.96349996,0.9165,0.0,-1.0,0.96000004,,1,0,LEADING_EDGE;PRIMARY,0,3,-26,1.0,0.018,-0.015000001,0.96349996,0.96349996,0.0,-1.0,1.04,,1,2,TARGET;CONTACT,1,7,-17,1.0,0.01544,-0.01632,0.96349996,0.94,13.08,-1.0,1.04,,1,4,TARGET;DEBRIS,2,4,4,1.04,0.00656,-0.0016800016,0.94,0.9869999,10.92,1.0,1.04,,1,5,TRAILING_EDGE;RESIDUAL,0,1,0,0.92,-0.01344,-0.02868,0.893,0.9165,4.92,-1.0,0.96000004,,1,1,GROUND;FINISHER_RING,0,3,22,0.96000004,-0.014559999,-0.00732,0.893,0.96349996,-1.9200001,-1.0,1.0,,1,6,ORBIT;FINISHER_ECHO,2,4,10,0.96000004,-0.014559999,0.0016799998,0.893,0.9869999,-1.9200001,1.0,0.96000004,,1,7,ORBIT;WARRIOR_ACCENT,1,2,-2,0.96000004,0.00656,-0.01968,0.94,0.94,10.92,1.0,0.96000004,,1,3,TARGET|EARTH|100|420|420|420:0:100|2131034563|2131034563,2131034563|2131034562|2131034552,2131034552,2131034552|2131034553,2131034553,2131034553|||||4|4|3|1
warrior_t04_c03|WARRIOR|20|2|공성 돌격|AUTHORED_CLASS:WARRIOR:FOCUS|CHARGE|LEFT_TO_RIGHT|POINT|FOCUS|0|3|warrior:c3:b1|warrior:c3:b1|2|v2:1e2f038122c6a1cd|G05_CHARGE_LEFT_TO_RIGHT|LOW|SINGLE|G05_CHARGE_LEFT_TO_RIGHT:LOW:SINGLE~ANTICIPATION:2:6:-7:0:0:33:31:0:1:1~PRIMARY:1:1:-2:-1:0:32:31:2:-1:1~CONTACT:0:4:2:0:1:33:33:1:1:1~DEBRIS:2:6:-1:-2:0:31:31:2:1:1~RESIDUAL:1:5:0:-2:-1:30:30:1:-1:1~FINISHER_RING:0:0:2:-2:-1:30:30:0:1:1~FINISHER_ECHO:1:7:4:-1:0:31:31:0:-1:1~WARRIOR_ACCENT:0:4:-1:-2:1:31:33:-1:1:1|ANTICIPATION,2,6,-44,0.96000004,-0.006000001,-9.999992E-4,0.9869999,0.9165,-2.0,1.0,1.0,,1,0,LEADING_EDGE;PRIMARY,1,1,-14,0.96000004,-0.016,-9.999992E-4,0.96349996,0.9165,10.0,-1.0,1.0,,1,2,TARGET;CONTACT,0,4,16,1.0,0.002319999,0.02344,0.9869999,0.9869999,3.68,1.0,1.0,,1,4,TARGET;DEBRIS,2,6,-10,0.96000004,-0.03132,-0.0024399995,0.9165,0.9165,9.82,1.0,0.96000004,,1,5,TRAILING_EDGE;RESIDUAL,1,5,-5,1.04,-0.04132,-0.01144,0.893,0.893,6.82,-1.0,1.04,,1,1,GROUND;FINISHER_RING,0,0,16,0.96000004,-0.03768,-0.012559999,0.893,0.893,0.68,1.0,1.0,,1,6,ORBIT;FINISHER_ECHO,1,7,28,1.0,-0.01768,0.0054400004,0.94,0.94,-2.32,-1.0,1.0,,1,7,ORBIT;WARRIOR_ACCENT,0,4,-6,0.96000004,-0.03132,0.024559999,0.9165,0.9869999,-5.18,1.0,1.0,,1,3,TARGET|PHYSICAL|100|420|420|420:0:100|2131034560|2131034560,2131034560|2131034555|2131034556,2131034556,2131034556|2131034557,2131034557,2131034557|||||4|4|3|1
warrior_t05_c02|WARRIOR|25|1|전투도끼 낙하|AUTHORED_CLASS:WARRIOR:FOCUS|DESCEND|TOP_TO_BOTTOM|FRACTURE|FOCUS|1|0|warrior:c2:b2|warrior:c2:b2|2|v2:54da154b4f90ac2e|G09_DESCEND_TOP_TO_BOTTOM|LOW|SINGLE|G09_DESCEND_TOP_TO_BOTTOM:LOW:SINGLE~ANTICIPATION:2:6:-1:1:-2:32:31:1:1:1~PRIMARY:2:6:-3:-1:-2:30:31:-1:1:1~CONTACT:0:1:3:1:-1:32:31:3:-1:1~DEBRIS:2:4:4:1:0:32:33:0:1:1~RESIDUAL:2:2:4:1:-1:33:31:0:1:1~FINISHER_RING:2:2:0:1:-1:33:31:-1:1:1~FINISHER_ECHO:0:3:5:1:0:33:32:1:-1:1~WARRIOR_ACCENT:2:0:-6:0:-2:31:30:0:1:1|ANTICIPATION,2,6,-10,1.0,0.018,-0.033,0.96349996,0.9165,6.0,1.0,1.0,,1,0,LEADING_EDGE;PRIMARY,2,6,-22,1.04,-0.011999999,-0.033,0.893,0.9165,-3.0,1.0,1.04,,1,2,TARGET;CONTACT,0,1,23,0.96000004,0.01544,-0.02532,0.96349996,0.9165,13.08,-1.0,0.96000004,,1,4,TARGET;DEBRIS,2,4,28,0.96000004,0.01656,-0.0016800016,0.96349996,0.9869999,-1.0799999,1.0,1.0,,1,5,TRAILING_EDGE;RESIDUAL,2,2,24,1.04,0.02656,-0.01968,0.9869999,0.94,1.9200001,1.0,1.04,,1,1,GROUND;FINISHER_RING,2,2,2,0.92,0.02544,-0.01632,0.9869999,0.94,-4.92,1.0,0.92,,1,6,ORBIT;FINISHER_ECHO,0,3,30,1.08,0.02544,-0.00732,0.9869999,0.96349996,7.08,-1.0,0.92,,1,7,ORBIT;WARRIOR_ACCENT,2,0,-38,1.04,0.00656,-0.03768,0.94,0.893,1.9200001,1.0,1.04,,1,3,TARGET|EARTH|100|420|420|420:0:100|2131034563|2131034563,2131034563|2131034562|2131034552,2131034552,2131034552|2131034553,2131034553,2131034553|2131034554||||5|4|3|1
warrior_t06_c05|WARRIOR|30|4|광폭 연참|COMBO_SLASH:warrior_t06_c05|FLURRY|LEFT_TO_RIGHT|EDGE|FOCUS|1|1|warrior:c5:b2|warrior:c5:b2|2|v2:cb95db126779c121|G12_FLURRY_LEFT_TO_RIGHT|LOW|BARRAGE|G12_FLURRY_LEFT_TO_RIGHT:LOW:BARRAGE~ANTICIPATION:1:1:1:0:0:31:31:1:-1:4~PRIMARY:2:3:2:1:1:32:32:2:-1:4~CONTACT:0:5:3:2:-1:33:30:0:-1:4~DEBRIS:0:2:4:1:0:31:31:0:1:3~RESIDUAL:0:4:0:1:1:31:33:0:1:3~FINISHER_RING:1:3:0:1:1:32:32:2:-1:4~FINISHER_ECHO:1:1:0:0:0:31:31:2:-1:4~WARRIOR_ACCENT:0:2:0:1:0:32:31:4:1:3|ANTICIPATION,1,1,8,1.08,0.007999999,0.0010000002,0.9165,0.9165,6.0,-1.0,0.92,,4,0,LEADING_EDGE;PRIMARY,2,3,12,0.92,0.027999999,0.019,0.96349996,0.96349996,12.0,-1.0,0.92,,4,2,TARGET;CONTACT,0,5,20,1.08,0.03224,-0.0112,0.9869999,0.893,-0.84000015,-1.0,0.92,,4,4,TARGET;DEBRIS,0,2,24,1.0,0.01476,0.0082,0.94,0.94,0.84000015,1.0,1.0,,3,5,TRAILING_EDGE;RESIDUAL,0,4,-2,0.96000004,0.01476,0.0262,0.94,0.9869999,0.84000015,1.0,1.0,,3,1,GROUND;FINISHER_RING,1,3,-4,1.0,0.022239998,0.0158,0.96349996,0.96349996,8.16,-1.0,1.04,,4,6,ORBIT;FINISHER_ECHO,1,1,0,1.0,0.0022399994,-0.0021999995,0.9165,0.9165,11.16,-1.0,1.0,,4,7,ORBIT;WARRIOR_ACCENT,0,2,0,0.96000004,0.02476,0.0082,0.96349996,0.94,18.84,1.0,0.96000004,,3,3,TARGET|PHYSICAL|13,13,15,15,15,29|113,206,332,458,584,710|206,332,458,584,710|206:0,1:26;332:2:15;458:3:15;584:4:15;710:5:29|2131034581|2131034581|||||||h0=WARRIOR:0@r-28.0@m1.0@s0.82,h1=WARRIOR:2@r-24.0@m-1.0@s0.86,h2=WARRIOR:3@r-12.0@m1.0@s0.88,h3=WARRIOR:0@r-34.0@m-1.0@s0.91,h4=WARRIOR:4@r-38.0@m1.0@s0.93,h5=WARRIOR:5@r-15.0@m-1.0@s1.08|1|2|1|1
warrior_t07_c01|WARRIOR|35|0|맹호 참격|SINGLE_SLASH:warrior_t07_c01|CUT|LEFT_TO_RIGHT|EDGE|CROSS|1|2|warrior:c1:b2|warrior:c1:b2|2|v2:99c10043ce18f70e|G08_CUT_LEFT_TO_RIGHT|LOW|SINGLE|G08_CUT_LEFT_TO_RIGHT:LOW:SINGLE~ANTICIPATION:2:7:0:-1:0:31:31:-2:-1:1~PRIMARY:2:6:-4:-1:0:31:31:-2:1:1~CONTACT:1:3:3:-1:1:30:32:-2:-1:1~DEBRIS:1:3:0:0:1:33:32:-3:-1:1~RESIDUAL:1:3:3:-1:1:31:32:0:-1:1~FINISHER_RING:0:2:-1:1:0:33:31:-2:1:1~FINISHER_ECHO:0:5:4:0:-1:32:30:-2:-1:1~WARRIOR_ACCENT:0:5:-1:-2:-1:30:30:-1:-1:1|ANTICIPATION,2,7,2,0.92,-0.014,0.006,0.94,0.94,-8.0,-1.0,0.96000004,,1,0,LEADING_EDGE;PRIMARY,2,6,-26,1.0,-0.024,-0.0029999996,0.9165,0.9165,-11.0,1.0,1.0,,1,2,TARGET;CONTACT,1,3,20,0.92,-0.029520001,0.013079999,0.893,0.96349996,-9.4,-1.0,0.92,,1,4,TARGET;DEBRIS,1,3,-5,0.92,0.00852,0.01392,0.9869999,0.96349996,-13.1,-1.0,0.96000004,,1,5,TRAILING_EDGE;RESIDUAL,1,3,20,1.0,-0.02148,0.01392,0.9165,0.96349996,-1.0999999,-1.0,1.04,,1,1,GROUND;FINISHER_RING,0,2,-8,0.96000004,0.010479999,0.00408,0.9869999,0.94,-12.4,1.0,1.0,,1,6,ORBIT;FINISHER_ECHO,0,5,28,0.96000004,4.79999E-4,-0.01392,0.96349996,0.893,-9.4,-1.0,0.96000004,,1,7,ORBIT;WARRIOR_ACCENT,0,5,-10,1.0,-0.03148,-0.013079999,0.893,0.893,-4.1,-1.0,1.04,,1,3,TARGET|PHYSICAL|100|420|420|420:0:100|2131034566|2131034566|||||||h0=WARRIOR:3@r0.0@m1.0@s1.0|2|2|1|2
warrior_t08_c02|WARRIOR|40|1|성문 깨기|AUTHORED_CLASS:WARRIOR:RUPTURE|DESCEND|TOP_TO_BOTTOM|FRACTURE|RUPTURE|1|3|warrior:c2:b2|warrior:c2:b2|2|v2:e5ac932a19c598e5|G09_DESCEND_TOP_TO_BOTTOM|LOW|SINGLE|G09_DESCEND_TOP_TO_BOTTOM:LOW:SINGLE~ANTICIPATION:2:4:-5:0:0:31:33:-1:1:1~PRIMARY:1:3:-3:-1:-1:30:32:-1:-1:1~CONTACT:0:3:0:1:0:32:32:3:-1:1~DEBRIS:2:3:1:0:-1:31:32:2:-1:1~RESIDUAL:1:4:0:0:0:31:33:0:1:1~FINISHER_RING:2:3:1:0:0:31:32:1:-1:1~FINISHER_ECHO:0:1:7:1:-1:32:31:1:-1:1~WARRIOR_ACCENT:1:3:-1:0:-1:31:32:0:-1:1|ANTICIPATION,2,4,-34,1.04,0.008,-0.006000001,0.94,0.9869999,-3.0,1.0,1.04,,1,0,LEADING_EDGE;PRIMARY,1,3,-18,1.08,-0.011999999,-0.015000001,0.893,0.96349996,-3.0,-1.0,0.92,,1,2,TARGET;CONTACT,0,3,3,0.96000004,0.01544,-0.00732,0.96349996,0.96349996,13.08,-1.0,0.96000004,,1,4,TARGET;DEBRIS,2,3,8,0.92,0.00656,-0.010680001,0.94,0.96349996,10.92,-1.0,0.92,,1,5,TRAILING_EDGE;RESIDUAL,1,4,0,0.96000004,-0.0034399997,-0.0016800016,0.9165,0.9869999,-1.0799999,1.0,1.0,,1,1,GROUND;FINISHER_RING,2,3,6,1.08,-0.0045599993,-0.00732,0.9165,0.96349996,7.08,-1.0,0.92,,1,6,ORBIT;FINISHER_ECHO,0,1,42,1.04,0.01544,-0.02532,0.96349996,0.9165,4.08,-1.0,1.04,,1,7,ORBIT;WARRIOR_ACCENT,1,3,-10,0.96000004,0.00656,-0.010680001,0.94,0.96349996,1.9200001,-1.0,1.0,,1,3,TARGET|EARTH|100|420|420|420:0:100|2131034563|2131034563,2131034563|2131034562|2131034552,2131034552,2131034552|2131034553,2131034553,2131034553|2131034554||||5|4|3|1
warrior_t09_c03|WARRIOR|45|2|불굴 진격|AUTHORED_CLASS:WARRIOR:CROSS|CHARGE|LEFT_TO_RIGHT|POINT|CROSS|2|0|warrior:c3:b3|warrior:c3:b3|2|v2:b43412eab493c9ab|G05_CHARGE_LEFT_TO_RIGHT|MID|SINGLE|G05_CHARGE_LEFT_TO_RIGHT:MID:SINGLE~ANTICIPATION:2:3:-4:-1:1:33:34:-2:-1:1~PRIMARY:0:7:0:-2:0:32:33:-1:-1:1~CONTACT:2:1:0:-1:0:33:33:-1:-1:1~DEBRIS:2:6:1:-1:0:33:33:0:1:1~RESIDUAL:0:0:3:-2:-1:33:32:1:1:1~FINISHER_RING:2:3:0:-1:1:33:34:0:-1:1~FINISHER_ECHO:1:7:3:-1:0:33:33:-2:-1:1~WARRIOR_ACCENT:2:6:-3:-2:0:32:33:-2:1:1|ANTICIPATION,2,3,-28,0.96000004,-0.026,0.017,1.0,1.025,-8.0,-1.0,0.96000004,,1,0,LEADING_EDGE;PRIMARY,0,7,-2,0.92,-0.046,0.008,0.95,1.0,-5.0,-1.0,0.96000004,,1,2,TARGET;CONTACT,2,1,-4,1.0,-0.02768,-0.0035599992,0.97499996,0.97499996,-5.32,-1.0,1.0,,1,4,TARGET;DEBRIS,2,6,10,0.92,-0.02132,-0.0024399995,1.0,0.97499996,-2.18,1.0,0.96000004,,1,5,TRAILING_EDGE;RESIDUAL,0,0,23,1.08,-0.03132,-0.01144,0.97499996,0.95,3.82,1.0,0.92,,1,1,GROUND;FINISHER_RING,2,3,0,1.08,-0.01768,0.01444,1.0,1.025,-2.32,-1.0,0.92,,1,6,ORBIT;FINISHER_ECHO,1,7,20,1.08,-0.01768,0.0054400004,1.0,1.0,-8.32,-1.0,0.92,,1,7,ORBIT;WARRIOR_ACCENT,2,6,-22,0.96000004,-0.04132,-0.0024399995,0.95,0.97499996,-8.18,1.0,0.96000004,,1,3,TARGET|PHYSICAL|100|420|420|420:0:100|2131034560|2131034560,2131034560|2131034555|2131034556,2131034556,2131034556|2131034557,2131034557,2131034557|2131034558||||5|4|4|1
warrior_t10_c01|WARRIOR|50|0|성벽 양단|SINGLE_SLASH:warrior_t10_c01|CUT|LEFT_TO_RIGHT|EDGE|FOCUS|2|1|warrior:c1:b3|warrior:c1:b3|2|v2:d38e8142fef45ed4|G08_CUT_LEFT_TO_RIGHT|MID|SINGLE|G08_CUT_LEFT_TO_RIGHT:MID:SINGLE~ANTICIPATION:1:0:1:-1:-1:33:32:-2:1:1~PRIMARY:0:4:1:-1:1:33:35:0:1:1~CONTACT:0:6:2:-1:0:32:33:-2:1:1~DEBRIS:0:4:3:0:1:35:35:0:1:1~RESIDUAL:2:1:6:-2:0:32:33:0:-1:1~FINISHER_RING:1:2:3:-1:0:33:33:0:1:1~FINISHER_ECHO:2:6:7:-1:0:33:33:0:1:1~WARRIOR_ACCENT:2:7:-3:0:0:34:33:-2:-1:1|ANTICIPATION,1,0,6,1.08,-0.014,-0.011999999,1.0,0.95,-8.0,1.0,0.92,,1,0,LEADING_EDGE;PRIMARY,0,4,10,1.08,-0.014,0.024,1.0,1.05,1.0,1.0,0.92,,1,2,TARGET;CONTACT,0,6,16,1.08,-0.029520001,-0.0049199997,0.95,0.97499996,-12.4,1.0,0.92,,1,4,TARGET;DEBRIS,0,4,23,0.92,0.00852,0.02292,1.05,1.05,-1.0999999,1.0,0.92,,1,5,TRAILING_EDGE;RESIDUAL,2,1,36,1.04,-0.03148,-0.0040799994,0.95,0.97499996,1.9000001,-1.0,1.04,,1,1,GROUND;FINISHER_RING,1,2,20,1.0,-0.01952,0.00408,0.97499996,1.0,-0.4000001,1.0,1.0,,1,6,ORBIT;FINISHER_ECHO,2,6,44,1.08,-0.01952,-0.0049199997,0.97499996,0.97499996,-0.4000001,1.0,0.92,,1,7,ORBIT;WARRIOR_ACCENT,2,7,-18,0.96000004,-0.0014800001,0.00492,1.025,1.0,-10.1,-1.0,1.0,,1,3,TARGET|PHYSICAL|100|420|420|420:0:100|2131034566|2131034566|||||||h0=WARRIOR:4@r0.0@m1.0@s1.0|3|3|1|2
warrior_t11_c02|WARRIOR|55|1|파성 철퇴|AUTHORED_CLASS:WARRIOR:CONVERGE|DESCEND|TOP_TO_BOTTOM|FRACTURE|CONVERGE|2|2|warrior:c2:b3|warrior:c2:b3|2|v2:4e6cfa34d29ec6d5|G09_DESCEND_TOP_TO_BOTTOM|MID|SINGLE|G09_DESCEND_TOP_TO_BOTTOM:MID:SINGLE~ANTICIPATION:1:6:-5:1:-2:35:33:2:1:1~PRIMARY:0:1:-2:1:-2:34:33:1:-1:1~CONTACT:2:4:-2:0:0:33:35:0:1:1~DEBRIS:1:0:0:1:-2:35:32:-1:1:1~RESIDUAL:2:7:6:-1:-1:32:33:0:-1:1~FINISHER_RING:0:3:3:1:0:35:34:0:-1:1~FINISHER_ECHO:1:0:4:0:-2:33:32:2:1:1~WARRIOR_ACCENT:0:1:-4:1:-1:34:33:0:-1:1|ANTICIPATION,1,6,-34,0.92,0.028,-0.033,1.05,0.97499996,9.0,1.0,0.96000004,,1,0,LEADING_EDGE;PRIMARY,0,1,-14,1.0,0.018,-0.033,1.025,0.97499996,6.0,-1.0,1.0,,1,2,TARGET;CONTACT,2,4,-13,0.96000004,-0.0045599993,0.0016799998,0.97499996,1.05,-1.9200001,1.0,0.96000004,,1,4,TARGET;DEBRIS,1,0,4,1.08,0.02656,-0.03768,1.05,0.95,-4.08,1.0,0.92,,1,5,TRAILING_EDGE;RESIDUAL,2,7,36,1.04,-0.01344,-0.01968,0.95,1.0,-1.0799999,-1.0,1.04,,1,1,GROUND;FINISHER_RING,0,3,22,0.96000004,0.02544,-0.00732,1.05,1.025,1.0799999,-1.0,0.96000004,,1,6,ORBIT;FINISHER_ECHO,1,0,26,0.92,0.0054400004,-0.034319997,1.0,0.95,10.08,1.0,0.96000004,,1,7,ORBIT;WARRIOR_ACCENT,0,1,-26,0.92,0.01656,-0.02868,1.025,0.97499996,-1.0799999,-1.0,0.96000004,,1,3,TARGET|EARTH|100|420|420|420:0:100|2131034563|2131034563,2131034563|2131034562|2131034552,2131034552,2131034552|2131034553,2131034553,2131034553|2131034554||||5|4|4|1
warrior_t12_c04|WARRIOR|60|3|산맥 붕괴타|AUTHORED_CLASS:WARRIOR:CROSS|COLLAPSE|OUTSIDE_IN|RING|CROSS|2|3|warrior:c4:b3|warrior:c4:b3|2|v2:d2bae6ec7d617663|G06_COLLAPSE_OUTSIDE_IN|MID|SINGLE|G06_COLLAPSE_OUTSIDE_IN:MID:SINGLE~ANTICIPATION:0:2:-3:-1:-1:32:33:4:1:1~PRIMARY:2:2:-6:0:-1:33:33:3:1:1~CONTACT:1:2:4:1:-1:34:33:2:1:1~DEBRIS:0:3:5:0:0:33:34:4:-1:1~RESIDUAL:1:5:2:-1:-2:32:32:3:-1:1~FINISHER_RING:1:6:1:0:-1:33:33:3:1:1~FINISHER_ECHO:1:5:8:1:-2:34:32:4:-1:1~WARRIOR_ACCENT:0:6:-2:0:-1:33:33:0:1:1|ANTICIPATION,0,2,-18,1.04,-0.02,-0.02,0.95,1.0,20.0,1.0,1.04,,1,0,LEADING_EDGE;PRIMARY,2,2,-36,1.0,-0.01,-0.02,0.97499996,1.0,17.0,1.0,1.04,,1,2,TARGET;CONTACT,1,2,27,0.96000004,0.01,-0.0136,1.025,1.0,9.52,1.0,0.96000004,,1,4,TARGET;DEBRIS,0,3,30,0.96000004,-0.01,-0.0074000005,0.97499996,1.025,20.48,-1.0,0.96000004,,1,5,TRAILING_EDGE;RESIDUAL,1,5,14,0.96000004,-0.02,-0.0344,0.95,0.95,17.48,-1.0,1.0,,1,1,GROUND;FINISHER_RING,1,6,9,1.04,-0.01,-0.022599999,0.97499996,0.97499996,12.52,1.0,1.04,,1,6,ORBIT;FINISHER_ECHO,1,5,53,0.96000004,0.01,-0.0316,1.025,0.95,18.52,-1.0,1.0,,1,7,ORBIT;WARRIOR_ACCENT,0,6,-12,0.96000004,0.0,-0.0254,1.0,0.97499996,2.4799995,1.0,0.96000004,,1,3,TARGET|EARTH|100|420|420|420:0:100|2131034561|2131034561,2131034561|2131034559|2131034550,2131034550,2131034550|2131034551,2131034551,2131034551|2131034324||||5|4|4|1
warrior_t13_c03|WARRIOR|65|2|철혈 관통|AUTHORED_CLASS:WARRIOR:CROSS|CHARGE|LEFT_TO_RIGHT|POINT|CROSS|3|0|warrior:c3:b4|warrior:c3:b4|2|v2:d8a5f4d441e620f9|G05_CHARGE_LEFT_TO_RIGHT|MID|SINGLE|G05_CHARGE_LEFT_TO_RIGHT:MID:SINGLE~ANTICIPATION:0:0:-4:-2:0:32:32:-2:1:1~PRIMARY:0:7:-1:0:0:35:33:1:-1:1~CONTACT:1:5:0:-1:-1:33:32:0:-1:1~DEBRIS:2:6:-2:-2:0:33:33:2:1:1~RESIDUAL:2:6:1:-2:0:32:33:-2:1:1~FINISHER_RING:1:4:4:0:1:34:35:0:1:1~FINISHER_ECHO:2:1:5:0:0:35:33:0:-1:1~WARRIOR_ACCENT:2:3:-1:0:1:35:34:1:-1:1|ANTICIPATION,0,0,-28,0.92,-0.046,-0.009999999,0.95,0.95,-8.0,1.0,0.92,,1,0,LEADING_EDGE;PRIMARY,0,7,-10,1.08,-0.006000001,0.008,1.05,1.0,4.0,-1.0,0.92,,1,2,TARGET;CONTACT,1,5,0,0.96000004,-0.01768,-0.012559999,1.0,0.95,-2.32,-1.0,0.96000004,,1,4,TARGET;DEBRIS,2,6,-14,1.0,-0.03132,-0.0024399995,0.97499996,0.97499996,9.82,1.0,1.04,,1,5,TRAILING_EDGE;RESIDUAL,2,6,7,0.92,-0.04132,-0.0024399995,0.95,0.97499996,-8.18,1.0,0.92,,1,1,GROUND;FINISHER_RING,1,4,24,1.0,-0.0076800007,0.02344,1.025,1.05,0.68,1.0,1.0,,1,6,ORBIT;FINISHER_ECHO,2,1,32,0.96000004,0.002319999,-0.0035599992,1.05,0.97499996,-2.32,-1.0,1.0,,1,7,ORBIT;WARRIOR_ACCENT,2,3,-10,1.04,-0.0013200007,0.015559999,1.05,1.025,3.82,-1.0,1.04,,1,3,TARGET|PHYSICAL|100|420|420|420:0:100|2131034560|2131034560,2131034560|2131034555|2131034556,2131034556,2131034556|2131034557,2131034557,2131034557|2131034558||||5|4|4|1
warrior_t14_c03|WARRIOR|70|2|군단 대돌파|AUTHORED_CLASS:WARRIOR:CONVERGE|CHARGE|LEFT_TO_RIGHT|POINT|CONVERGE|3|1|warrior:c3:b4|warrior:c3:b4|2|v2:7c76891a48a6818d|G05_CHARGE_LEFT_TO_RIGHT|MID|SINGLE|G05_CHARGE_LEFT_TO_RIGHT:MID:SINGLE~ANTICIPATION:0:1:-2:0:0:35:33:-2:-1:1~PRIMARY:1:4:0:0:1:35:35:-2:1:1~CONTACT:0:2:-1:0:0:34:33:0:1:1~DEBRIS:2:6:4:0:0:35:33:0:1:1~RESIDUAL:0:0:0:0:-1:35:32:1:1:1~FINISHER_RING:2:0:5:0:-1:35:32:0:1:1~FINISHER_ECHO:1:5:6:0:-1:35:32:1:-1:1~WARRIOR_ACCENT:0:5:-2:-2:-1:32:32:-1:-1:1|ANTICIPATION,0,1,-16,0.96000004,-0.006000001,-9.999992E-4,1.05,0.97499996,-8.0,-1.0,0.96000004,,1,0,LEADING_EDGE;PRIMARY,1,4,2,1.08,-0.006000001,0.026,1.05,1.05,-8.0,1.0,0.92,,1,2,TARGET;CONTACT,0,2,-8,0.92,-0.0076800007,0.0054400004,1.025,1.0,0.68,1.0,0.92,,1,4,TARGET;DEBRIS,2,6,26,0.96000004,-0.0013200007,-0.0024399995,1.05,0.97499996,-2.18,1.0,1.0,,1,5,TRAILING_EDGE;RESIDUAL,0,0,3,1.0,-0.0013200007,-0.01144,1.05,0.95,3.82,1.0,1.0,,1,1,GROUND;FINISHER_RING,2,0,32,1.08,0.002319999,-0.012559999,1.05,0.95,-2.32,1.0,0.92,,1,6,ORBIT;FINISHER_ECHO,1,5,40,1.0,0.002319999,-0.012559999,1.05,0.95,3.68,-1.0,1.04,,1,7,ORBIT;WARRIOR_ACCENT,0,5,-14,1.08,-0.04132,-0.01144,0.95,0.95,-5.18,-1.0,0.92,,1,3,TARGET|PHYSICAL|100|420|420|420:0:100|2131034560|2131034560,2131034560|2131034555|2131034556,2131034556,2131034556|2131034557,2131034557,2131034557|2131034558||||5|4|4|1
warrior_t15_c01|WARRIOR|75|0|군왕의 일도|SINGLE_SLASH:warrior_t15_c01|CUT|LEFT_TO_RIGHT|EDGE|CROSS|3|2|warrior:c1:b4|warrior:c1:b4|2|v2:74a3c212f17586b7|G08_CUT_LEFT_TO_RIGHT|MID|SINGLE|G08_CUT_LEFT_TO_RIGHT:MID:SINGLE~ANTICIPATION:0:1:-1:-1:0:33:33:0:-1:1~PRIMARY:1:1:-1:0:0:34:33:1:-1:1~CONTACT:0:7:3:-1:0:32:33:-2:-1:1~DEBRIS:1:7:-1:0:0:35:33:0:-1:1~RESIDUAL:0:0:0:0:-1:35:32:-1:1:1~FINISHER_RING:2:2:2:0:0:33:33:1:1:1~FINISHER_ECHO:1:0:7:1:-1:35:32:-2:1:1~WARRIOR_ACCENT:2:1:1:0:0:34:33:1:-1:1|ANTICIPATION,0,1,-6,1.0,-0.024,-0.0029999996,0.97499996,0.97499996,-2.0,-1.0,1.04,,1,0,LEADING_EDGE;PRIMARY,1,1,-6,0.96000004,-0.0040000007,-0.0029999996,1.025,0.97499996,4.0,-1.0,0.96000004,,1,2,TARGET;CONTACT,0,7,20,0.96000004,-0.029520001,0.00408,0.95,1.0,-12.4,-1.0,1.0,,1,4,TARGET;DEBRIS,1,7,-9,0.96000004,0.00852,0.00492,1.05,1.0,-1.0999999,-1.0,0.96000004,,1,5,TRAILING_EDGE;RESIDUAL,0,0,4,0.92,0.00852,-0.013079999,1.05,0.95,-7.1,1.0,0.92,,1,1,GROUND;FINISHER_RING,2,2,12,1.04,-0.009520001,0.00408,1.0,1.0,2.6,1.0,1.04,,1,6,ORBIT;FINISHER_ECHO,1,0,44,1.04,0.010479999,-0.01392,1.05,0.95,-12.4,1.0,1.04,,1,7,ORBIT;WARRIOR_ACCENT,2,1,6,1.0,-0.0014800001,-0.0040799994,1.025,0.97499996,4.9,-1.0,1.04,,1,3,TARGET|PHYSICAL|100|420|420|420:0:100|2131034566|2131034566|||||||h0=WARRIOR:3@r0.0@m1.0@s1.0|3|3|1|2
warrior_t16_c05|WARRIOR|80|4|용살 연속참|COMBO_SLASH:warrior_t16_c05|FLURRY|LEFT_TO_RIGHT|EDGE|CONVERGE|3|3|warrior:c5:b4|warrior:c5:b4|2|v2:f7985af3cb3ed7f8|G12_FLURRY_LEFT_TO_RIGHT|MID|BARRAGE|G12_FLURRY_LEFT_TO_RIGHT:MID:BARRAGE~ANTICIPATION:0:2:0:1:1:34:33:1:1:3~PRIMARY:1:0:1:1:0:34:32:4:1:3~CONTACT:2:7:3:1:0:34:33:2:-1:4~DEBRIS:0:1:-2:0:0:32:33:3:-1:4~RESIDUAL:1:4:3:2:1:35:35:3:1:3~FINISHER_RING:2:6:4:0:0:33:33:2:1:3~FINISHER_ECHO:1:5:0:0:-1:32:32:0:-1:4~WARRIOR_ACCENT:0:7:1:1:0:33:33:1:-1:4|ANTICIPATION,0,2,4,0.92,0.027999999,0.01,1.025,1.0,6.0,1.0,0.96000004,,3,0,LEADING_EDGE;PRIMARY,1,0,8,1.08,0.027999999,-0.007999999,1.025,0.95,21.0,1.0,0.92,,3,2,TARGET;CONTACT,2,7,20,0.96000004,0.022239998,0.0068,1.025,1.0,8.16,-1.0,1.0,,4,4,TARGET;DEBRIS,0,1,-16,0.92,-0.00524,-7.999996E-4,0.95,0.97499996,15.84,-1.0,0.96000004,,4,5,TRAILING_EDGE;RESIDUAL,1,4,18,0.96000004,0.03476,0.0262,1.05,1.05,12.84,1.0,1.0,,3,1,GROUND;FINISHER_RING,2,6,28,0.96000004,0.0022399994,-0.0021999995,0.97499996,0.97499996,11.16,1.0,0.96000004,,3,6,ORBIT;FINISHER_ECHO,1,5,4,1.0,-0.0077600004,-0.0112,0.95,0.95,-0.84000015,-1.0,1.0,,4,7,ORBIT;WARRIOR_ACCENT,0,7,8,1.0,0.01476,0.0082,1.0,1.0,6.84,-1.0,1.0,,4,3,TARGET|PHYSICAL|6,7,7,7,7,7,7,7,8,8,8,21|113,147,194,251,309,366,423,480,538,595,652,710|147,251,366,480,595,710|147:0,1:13;251:2,3:14;366:4,5:14;480:6,7:14;595:8,9:16;710:10,11:29|2131034579|2131034579|||||||h0=WARRIOR:0@r-28.0@m1.0@s0.82,h1=WARRIOR:3@r-24.0@m-1.0@s0.86,h2=WARRIOR:2@r-12.0@m1.0@s0.88,h3=WARRIOR:4@r-34.0@m-1.0@s0.91,h4=WARRIOR:5@r-38.0@m1.0@s0.93,h5=WARRIOR:3@r-15.0@m-1.0@s0.95,h6=WARRIOR:7@r-21.0@m1.0@s0.92,h7=WARRIOR:6@r-42.0@m-1.0@s0.96,h8=WARRIOR:8@r-7.0@m1.0@s0.98,h9=WARRIOR:0@r-29.0@m-1.0@s1.0,h10=WARRIOR:3@r-33.0@m1.0@s1.02,h11=WARRIOR:3@r-0.0@m-1.0@s1.08|1|3|1|1
warrior_t17_c01|WARRIOR|85|0|용살 대참|SINGLE_SLASH:warrior_t17_c01|CUT|LEFT_TO_RIGHT|EDGE|RUPTURE|4|0|warrior:c1:b5|warrior:c1:b5|2|v2:ed5266aa0e532ae2|G08_CUT_LEFT_TO_RIGHT|HIGH|SINGLE|G08_CUT_LEFT_TO_RIGHT:HIGH:SINGLE~ANTICIPATION:2:4:-2:0:1:36:37:-2:1:1~PRIMARY:2:3:-4:-1:1:34:36:-2:-1:1~CONTACT:1:2:2:0:0:36:35:1:1:1~DEBRIS:1:3:1:0:1:36:36:-2:-1:1~RESIDUAL:0:7:0:-1:0:34:35:1:-1:1~FINISHER_RING:2:6:0:1:0:37:34:0:1:1~FINISHER_ECHO:0:7:2:0:0:35:35:1:-1:1~WARRIOR_ACCENT:2:7:-3:-1:0:35:35:0:-1:1|ANTICIPATION,2,4,-14,0.92,-0.0040000007,0.024,1.0864999,1.1129999,-11.0,1.0,0.92,,1,0,LEADING_EDGE;PRIMARY,2,3,-26,0.96000004,-0.024,0.015,1.0335,1.0864999,-11.0,-1.0,0.96000004,,1,2,TARGET;CONTACT,1,2,12,1.08,4.79999E-4,0.00408,1.0864999,1.06,5.6,1.0,0.92,,1,4,TARGET;DEBRIS,1,3,7,1.04,-0.0014800001,0.01392,1.0864999,1.0864999,-10.1,-1.0,1.04,,1,5,TRAILING_EDGE;RESIDUAL,0,7,4,0.96000004,-0.02148,0.00492,1.0335,1.06,4.9,-1.0,1.0,,1,1,GROUND;FINISHER_RING,2,6,-4,1.08,0.010479999,-0.0049199997,1.1129999,1.0335,-0.4000001,1.0,0.92,,1,6,ORBIT;FINISHER_ECHO,0,7,16,1.0,-0.009520001,0.00408,1.06,1.06,2.6,-1.0,1.0,,1,7,ORBIT;WARRIOR_ACCENT,2,7,-22,1.0,-0.01148,0.00492,1.06,1.06,1.9000001,-1.0,1.0,,1,3,TARGET|PHYSICAL|100|420|420|420:0:100|2131034566|2131034566|||||||h0=WARRIOR:10@r0.0@m1.0@s1.0|3|3|1|2
warrior_t18_c02|WARRIOR|90|1|전쟁왕 대철퇴|AUTHORED_CLASS:WARRIOR:CROSS|DESCEND|TOP_TO_BOTTOM|FRACTURE|CROSS|4|1|warrior:c2:b5|warrior:c2:b5|2|v2:f76d7aa93fa69612|G09_DESCEND_TOP_TO_BOTTOM|HIGH|SINGLE|G09_DESCEND_TOP_TO_BOTTOM:HIGH:SINGLE~ANTICIPATION:1:1:-5:-1:-2:34:34:-1:-1:1~PRIMARY:1:2:-4:0:-1:35:35:-1:1:1~CONTACT:0:1:2:1:-1:36:34:3:-1:1~DEBRIS:0:1:4:-1:-1:34:34:2:-1:1~RESIDUAL:2:1:6:0:-1:35:34:-1:-1:1~FINISHER_RING:1:5:4:1:-2:36:34:3:-1:1~FINISHER_ECHO:2:3:3:1:0:37:36:-1:-1:1~WARRIOR_ACCENT:2:7:-5:-1:-1:34:35:0:-1:1|ANTICIPATION,1,1,-34,1.0,-0.011999999,-0.033,1.007,1.0335,-3.0,-1.0,1.0,,1,0,LEADING_EDGE;PRIMARY,1,2,-26,1.0,0.008,-0.024,1.06,1.06,-3.0,1.0,1.0,,1,2,TARGET;CONTACT,0,1,15,0.96000004,0.01544,-0.02532,1.0864999,1.0335,13.08,-1.0,0.96000004,,1,4,TARGET;DEBRIS,0,1,28,0.96000004,-0.01344,-0.02868,1.007,1.0335,10.92,-1.0,1.0,,1,5,TRAILING_EDGE;RESIDUAL,2,1,36,0.92,0.00656,-0.02868,1.06,1.0335,-4.08,-1.0,0.92,,1,1,GROUND;FINISHER_RING,1,5,26,1.0,0.01544,-0.034319997,1.0864999,1.007,13.08,-1.0,1.04,,1,6,ORBIT;FINISHER_ECHO,2,3,18,1.0,0.02544,-0.00732,1.1129999,1.0864999,-4.92,-1.0,1.04,,1,7,ORBIT;WARRIOR_ACCENT,2,7,-30,1.0,-0.01344,-0.01968,1.007,1.06,-1.0799999,-1.0,1.04,,1,3,TARGET|EARTH|100|420|420|420:0:100|2131034563|2131034563,2131034563|2131034562|2131034552,2131034552,2131034552|2131034553,2131034553,2131034553|2131034554||||5|5|4|1
warrior_t19_c02|WARRIOR|95|1|대륙 파쇄타|AUTHORED_CLASS:WARRIOR:CONVERGE|DESCEND|TOP_TO_BOTTOM|FRACTURE|CONVERGE|4|2|warrior:c2:b5|warrior:c2:b5|2|v2:f5fce4cfde161a46|G09_DESCEND_TOP_TO_BOTTOM|HIGH|SINGLE|G09_DESCEND_TOP_TO_BOTTOM:HIGH:SINGLE~ANTICIPATION:0:3:-5:0:-1:34:36:3:-1:1~PRIMARY:0:0:0:1:-2:36:34:1:1:1~CONTACT:0:3:0:-1:0:34:36:0:-1:1~DEBRIS:2:4:0:-1:0:34:37:-1:1:1~RESIDUAL:0:2:5:0:-1:34:35:2:1:1~FINISHER_RING:0:7:4:-1:-1:34:35:-1:-1:1~FINISHER_ECHO:2:4:5:1:0:37:37:-1:1:1~WARRIOR_ACCENT:1:7:-7:0:-1:35:35:0:-1:1|ANTICIPATION,0,3,-30,1.08,-0.0019999994,-0.015000001,1.0335,1.0864999,15.0,-1.0,0.92,,1,0,LEADING_EDGE;PRIMARY,0,0,2,0.96000004,0.018,-0.042,1.0864999,1.007,6.0,1.0,0.96000004,,1,2,TARGET;CONTACT,0,3,-5,0.96000004,-0.014559999,-0.00732,1.007,1.0864999,-1.9200001,-1.0,0.96000004,,1,4,TARGET;DEBRIS,2,4,0,0.96000004,-0.01344,-0.0016800016,1.007,1.1129999,-4.08,1.0,0.96000004,,1,5,TRAILING_EDGE;RESIDUAL,0,2,32,0.92,-0.0034399997,-0.01968,1.0335,1.06,7.92,1.0,0.96000004,,1,1,GROUND;FINISHER_RING,0,7,26,1.0,-0.014559999,-0.01632,1.007,1.06,-4.92,-1.0,1.0,,1,6,ORBIT;FINISHER_ECHO,2,4,34,0.92,0.02544,0.0016799998,1.1129999,1.1129999,-4.92,1.0,0.92,,1,7,ORBIT;WARRIOR_ACCENT,1,7,-42,1.08,0.00656,-0.01968,1.06,1.06,1.9200001,-1.0,0.92,,1,3,TARGET|EARTH|100|420|420|420:0:100|2131034563|2131034563,2131034563|2131034562|2131034552,2131034552,2131034552|2131034553,2131034553,2131034553|2131034554||||5|5|4|1
warrior_t20_c01|WARRIOR|100|0|천하대양단|SINGLE_SLASH:warrior_t20_c01|CUT|LEFT_TO_RIGHT|EDGE|CONVERGE|4|3|warrior:c1:b5|warrior:c1:b5|2|v2:51be2964f65bf559|G08_CUT_LEFT_TO_RIGHT|HIGH|SINGLE|G08_CUT_LEFT_TO_RIGHT:HIGH:SINGLE~ANTICIPATION:2:2:1:0:0:36:35:-1:1:1~PRIMARY:0:4:1:-2:1:34:37:-3:1:1~CONTACT:1:4:2:0:1:35:37:-1:1:1~DEBRIS:0:2:0:-2:0:34:35:-2:1:1~RESIDUAL:0:6:0:0:0:36:34:-1:1:1~FINISHER_RING:1:0:0:0:-1:36:34:-2:1:1~FINISHER_ECHO:0:4:6:-1:1:34:37:0:1:1~WARRIOR_ACCENT:1:5:-3:-1:-1:35:34:0:-1:1|ANTICIPATION,2,2,6,1.08,-0.0040000007,0.006,1.0864999,1.06,-5.0,1.0,0.92,,1,0,LEADING_EDGE;PRIMARY,0,4,6,1.08,-0.034,0.024,1.007,1.1129999,-14.0,1.0,0.92,,1,2,TARGET;CONTACT,1,4,16,1.0,-0.009520001,0.022079999,1.06,1.1129999,-6.4,1.0,1.04,,1,4,TARGET;DEBRIS,0,2,3,1.0,-0.03148,0.00492,1.007,1.06,-10.1,1.0,1.0,,1,5,TRAILING_EDGE;RESIDUAL,0,6,-4,1.0,-0.0014800001,-0.0040799994,1.0864999,1.0335,-4.1,1.0,1.04,,1,1,GROUND;FINISHER_RING,1,0,4,0.96000004,4.79999E-4,-0.01392,1.0864999,1.007,-9.4,1.0,1.0,,1,6,ORBIT;FINISHER_ECHO,0,4,36,1.08,-0.01952,0.022079999,1.0335,1.1129999,-0.4000001,1.0,0.92,,1,7,ORBIT;WARRIOR_ACCENT,1,5,-22,1.0,-0.01148,-0.013079999,1.06,1.007,1.9000001,-1.0,1.04,,1,3,TARGET|PHYSICAL|100|420|420|420:0:100|2131034566|2131034566|||||||h0=WARRIOR:10@r0.0@m1.0@s1.0|3|3|1|2
rogue_t01_c01|ROGUE|5|0|빠른 찌르기|AUTHORED_CLASS:ROGUE:RUPTURE|PIERCE|OUTSIDE_IN|POINT|RUPTURE|0|0|rogue:c1:b1|rogue:c1:b1|2|v2:4e17e575b507c15e|G13_PIERCE_OUTSIDE_IN|LOW|COMBO|G13_PIERCE_OUTSIDE_IN:LOW:COMBO~ANTICIPATION:1:7:-4:-1:0:31:31:-2:-1:3~PRIMARY:2:1:-3:-1:-1:32:31:1:-1:3~CONTACT:2:3:-1:-2:0:30:32:-2:-1:3~DEBRIS:2:2:-2:-2:0:30:31:-2:1:2~RESIDUAL:2:3:2:-2:0:30:32:-2:-1:3~FINISHER_RING:1:7:5:-1:0:31:31:0:-1:3~FINISHER_ECHO:2:4:3:-1:1:31:33:-2:1:2~WARRIOR_ACCENT:2:2:0:-1:0:31:31:1:1:2|ANTICIPATION,1,7,-29,0.92,-0.022,-0.008,0.94,0.94,-12.0,-1.0,0.92,,3,0,LEADING_EDGE;PRIMARY,2,1,-18,0.96000004,-0.012,-0.017,0.96349996,0.9165,6.0,-1.0,0.96000004,,3,2,TARGET;CONTACT,2,3,-7,0.96000004,-0.03496,0.0035599992,0.893,0.96349996,-11.04,-1.0,0.96000004,,3,4,TARGET;DEBRIS,2,2,-13,0.96000004,-0.038039997,-0.00656,0.893,0.94,-8.46,1.0,0.96000004,,2,5,TRAILING_EDGE;RESIDUAL,2,3,12,0.92,-0.038039997,0.0024399995,0.893,0.96349996,-8.46,-1.0,0.96000004,,3,1,GROUND;FINISHER_RING,1,7,30,0.92,-0.02496,-0.0054400004,0.9165,0.94,0.96000004,-1.0,0.96000004,,3,6,ORBIT;FINISHER_ECHO,2,4,18,0.92,-0.02496,0.012559999,0.9165,0.9869999,-8.04,1.0,0.96000004,,2,7,ORBIT;WARRIOR_ACCENT,2,2,-2,0.96000004,-0.01804,-0.00656,0.94,0.94,3.54,1.0,0.96000004,,2,3,TARGET|PHYSICAL|28,32,40|180,430,720|180,430,720|180:0:28;430:1:32;720:2:40|2131034574|2131034573,2131034574|2131034337|2131034572,2131034572,2131034572|2131034537,2131034537,2131034537|||||4|3|3|1
rogue_t02_c02|ROGUE|10|1|암습|AUTHORED_CLASS:ROGUE:CROSS|CHARGE|LEFT_TO_RIGHT|POINT|CROSS|0|1|rogue:c2:b1|rogue:c2:b1|2|v2:39e1451c23803b24|G05_CHARGE_LEFT_TO_RIGHT|LOW|SINGLE|G05_CHARGE_LEFT_TO_RIGHT:LOW:SINGLE~ANTICIPATION:0:7:-6:-1:0:31:31:-2:-1:1~PRIMARY:2:5:-6:-2:0:30:30:-1:-1:1~CONTACT:1:7:0:-2:0:30:31:1:-1:1~DEBRIS:0:0:-2:-1:-1:32:30:-1:1:1~RESIDUAL:1:5:3:-1:-1:31:30:0:-1:1~FINISHER_RING:1:5:5:-2:-1:30:30:1:-1:1~FINISHER_ECHO:0:0:7:-1:-1:31:30:-1:1:1~WARRIOR_ACCENT:2:0:-3:-1:-1:32:30:0:1:1|ANTICIPATION,0,7,-40,1.0,-0.026,0.008,0.94,0.94,-8.0,-1.0,1.0,,1,0,LEADING_EDGE;PRIMARY,2,5,-38,0.96000004,-0.046,-0.009999999,0.893,0.893,-5.0,-1.0,0.96000004,,1,2,TARGET;CONTACT,1,7,4,1.0,-0.03768,0.0054400004,0.893,0.94,6.68,-1.0,1.04,,1,4,TARGET;DEBRIS,0,0,-14,1.08,-0.0113200005,-0.01144,0.96349996,0.893,-5.18,1.0,0.92,,1,5,TRAILING_EDGE;RESIDUAL,1,5,23,0.92,-0.02132,-0.01144,0.94,0.893,-2.18,-1.0,0.96000004,,1,1,GROUND;FINISHER_RING,1,5,32,0.96000004,-0.03768,-0.012559999,0.893,0.893,6.68,-1.0,1.0,,1,6,ORBIT;FINISHER_ECHO,0,0,44,1.0,-0.02768,-0.012559999,0.9165,0.893,-5.32,1.0,1.04,,1,7,ORBIT;WARRIOR_ACCENT,2,0,-18,0.96000004,-0.0113200005,-0.01144,0.96349996,0.893,0.82,1.0,1.0,,1,3,TARGET|DARK|100|500|500|500:0:100|2131034476|2131034475,2131034476|2131034339|2131034545,2131034545,2131034545|2131034546,2131034546,2131034546|||||4|3|3|1
rogue_t03_c03|ROGUE|15|2|맹독 쌍침|AUTHORED_CLASS:ROGUE:RUPTURE|PIERCE|OUTSIDE_IN|POINT|RUPTURE|0|2|rogue:c3:b1|rogue:c3:b1|2|v2:2b68b5b4fd811596|G13_PIERCE_OUTSIDE_IN|LOW|DOUBLE|G13_PIERCE_OUTSIDE_IN:LOW:DOUBLE~ANTICIPATION:2:1:-3:-2:-1:31:31:1:-1:2~PRIMARY:1:6:-5:-1:-1:32:31:-2:1:2~CONTACT:1:3:-1:0:0:32:32:-2:-1:2~DEBRIS:2:4:0:-1:1:31:33:1:1:2~RESIDUAL:2:1:0:0:-1:33:31:-2:-1:2~FINISHER_RING:0:6:4:-1:-1:31:31:1:1:2~FINISHER_ECHO:2:0:2:0:-1:33:30:0:1:2~WARRIOR_ACCENT:1:5:-5:0:-1:32:30:-2:-1:2|ANTICIPATION,2,1,-21,0.96000004,-0.031999998,-0.017,0.9165,0.9165,6.0,-1.0,0.96000004,,2,0,LEADING_EDGE;PRIMARY,1,6,-34,1.0,-0.012,-0.017,0.96349996,0.9165,-9.0,1.0,1.0,,2,2,TARGET;CONTACT,1,3,-11,0.96000004,-0.0049600005,0.0035599992,0.96349996,0.96349996,-8.04,-1.0,0.96000004,,2,4,TARGET;DEBRIS,2,4,-5,1.08,-0.02804,0.01144,0.9165,0.9869999,6.54,1.0,0.92,,2,5,TRAILING_EDGE;RESIDUAL,2,1,-4,1.0,0.00196,-0.015559999,0.9869999,0.9165,-11.46,-1.0,1.04,,2,1,GROUND;FINISHER_RING,0,6,26,0.96000004,-0.01496,-0.01444,0.94,0.9165,3.96,1.0,0.96000004,,2,6,ORBIT;FINISHER_ECHO,2,0,14,0.92,0.0050399993,-0.02344,0.9869999,0.893,0.96000004,1.0,0.96000004,,2,7,ORBIT;WARRIOR_ACCENT,1,5,-30,0.96000004,-0.00804,-0.024559999,0.96349996,0.893,-8.46,-1.0,0.96000004,,2,3,TARGET|POISON|48,52|180,500|180,500|180:0:48;500:1:52|2131034470|2131034469,2131034470|2131034338|2131034542,2131034542,2131034542|2131034543,2131034543,2131034543|||||4|3|3|1
rogue_t04_c04|ROGUE|20|3|칼날 덫|AUTHORED_CLASS:ROGUE:CROSS|TRAP|OUTSIDE_IN|RING|CROSS|0|3|rogue:c4:b1|rogue:c4:b1|2|v2:ced1c180bd49806b|G16_TRAP_OUTSIDE_IN|LOW|COMBO|G16_TRAP_OUTSIDE_IN:LOW:COMBO~ANTICIPATION:1:6:-6:-1:1:30:31:-2:1:2~PRIMARY:1:7:-1:0:1:31:31:-2:-1:3~CONTACT:0:0:0:1:0:32:30:-3:1:2~DEBRIS:0:4:2:1:2:32:33:0:1:2~RESIDUAL:1:5:5:1:0:33:30:-3:-1:3~FINISHER_RING:0:3:5:1:1:32:32:-3:-1:3~FINISHER_ECHO:0:4:6:1:2:33:33:-4:1:2~WARRIOR_ACCENT:2:0:-3:0:0:31:30:0:1:2|ANTICIPATION,1,6,-40,1.0,-0.02,0.017,0.893,0.9165,-8.0,1.0,1.0,,2,0,LEADING_EDGE;PRIMARY,1,7,-8,0.96000004,0.0,0.026,0.94,0.94,-8.0,-1.0,1.0,,3,2,TARGET;CONTACT,0,0,-4,0.96000004,0.01,-3.199987E-4,0.96349996,0.893,-15.52,1.0,1.0,,2,4,TARGET;DEBRIS,0,4,13,1.08,0.01,0.03932,0.96349996,0.9869999,-2.4799995,1.0,0.92,,2,5,TRAILING_EDGE;RESIDUAL,1,5,32,0.92,0.02,0.003320001,0.9869999,0.893,-14.48,-1.0,0.92,,3,1,GROUND;FINISHER_RING,0,3,32,0.96000004,0.01,0.02668,0.96349996,0.96349996,-15.52,-1.0,0.96000004,,3,6,ORBIT;FINISHER_ECHO,0,4,40,1.08,0.02,0.03568,0.9869999,0.9869999,-18.52,1.0,0.92,,2,7,ORBIT;WARRIOR_ACCENT,2,0,-20,0.92,-0.01,0.003320001,0.9165,0.893,-2.4799995,1.0,0.96000004,,2,3,TARGET|PHYSICAL|28,32,40|170,360,790|170,360,790|170:0:28;360:1:32;790:2:40|2131034482|2131034481,2131034482|2131034340|2131034575,2131034575,2131034575|2131034548,2131034548,2131034548|||||4|3|3|1
rogue_t05_c01|ROGUE|25|0|초승달 단검|AUTHORED_CLASS:ROGUE:RUPTURE|CUT|LEFT_TO_RIGHT|EDGE|RUPTURE|1|0|rogue:c1:b2|rogue:c1:b2|2|v2:ff9ef78978911a1c|G08_CUT_LEFT_TO_RIGHT|LOW|COMBO|G08_CUT_LEFT_TO_RIGHT:LOW:COMBO~ANTICIPATION:2:6:1:-1:0:31:31:-2:1:2~PRIMARY:0:1:1:0:0:32:31:-2:-1:3~CONTACT:0:6:1:0:0:31:31:-2:1:2~DEBRIS:1:4:0:-2:1:30:33:-1:1:2~RESIDUAL:2:5:2:0:-1:32:30:1:-1:3~FINISHER_RING:1:1:2:-1:0:31:31:0:-1:3~FINISHER_ECHO:0:6:0:0:0:31:31:-2:1:2~WARRIOR_ACCENT:1:3:-5:-2:1:30:32:-1:-1:3|ANTICIPATION,2,6,6,0.92,-0.024,-0.0029999996,0.9165,0.9165,-11.0,1.0,0.96000004,,2,0,LEADING_EDGE;PRIMARY,0,1,10,1.08,-0.0040000007,-0.0029999996,0.96349996,0.9165,-11.0,-1.0,0.92,,3,2,TARGET;CONTACT,0,6,8,1.08,-0.009520001,-0.0049199997,0.94,0.9165,-12.4,1.0,0.92,,2,4,TARGET;DEBRIS,1,4,3,1.08,-0.03148,0.02292,0.893,0.9869999,-4.1,1.0,0.92,,2,5,TRAILING_EDGE;RESIDUAL,2,5,12,0.92,-0.0014800001,-0.013079999,0.96349996,0.893,4.9,-1.0,0.96000004,,3,1,GROUND;FINISHER_RING,1,1,12,0.96000004,-0.01952,-0.0049199997,0.9165,0.9165,-0.4000001,-1.0,1.0,,3,6,ORBIT;FINISHER_ECHO,0,6,4,1.04,-0.009520001,-0.0049199997,0.94,0.9165,-12.4,1.0,1.04,,2,7,ORBIT;WARRIOR_ACCENT,1,3,-34,0.96000004,-0.03148,0.01392,0.893,0.96349996,-4.1,-1.0,0.96000004,,3,3,TARGET|PHYSICAL|28,32,40|140,300,520|140,300,520|140:0:28;300:1:32;520:2:40|2131034574|2131034573,2131034574|2131034337|2131034572,2131034572,2131034572|2131034537,2131034537,2131034537|2131034332||||5|4|3|1
rogue_t06_c05|ROGUE|30|4|사각 일격|AUTHORED_CLASS:ROGUE:FOCUS|EXECUTE|TOP_TO_BOTTOM|POINT|FOCUS|1|1|rogue:c5:b2|rogue:c5:b2|2|v2:e800096bff00ab1d|G11_EXECUTE_TOP_TO_BOTTOM|LOW|SINGLE|G11_EXECUTE_TOP_TO_BOTTOM:LOW:SINGLE~ANTICIPATION:2:0:-5:0:-2:31:30:2:1:1~PRIMARY:2:0:-3:0:-2:31:30:1:1:1~CONTACT:1:3:4:-1:0:30:32:2:-1:1~DEBRIS:1:1:1:1:-1:31:31:-1:-1:1~RESIDUAL:2:5:7:2:-2:33:30:0:-1:1~FINISHER_RING:1:2:5:1:-1:33:31:1:1:1~FINISHER_ECHO:1:0:3:1:-2:32:30:0:1:1~WARRIOR_ACCENT:0:0:-7:0:-2:31:30:2:1:1|ANTICIPATION,2,0,-30,0.92,0.0040000007,-0.036,0.9165,0.893,12.0,1.0,0.92,,1,0,LEADING_EDGE;PRIMARY,2,0,-20,1.0,0.0040000007,-0.036,0.9165,0.893,6.0,1.0,1.0,,1,2,TARGET;CONTACT,1,3,28,1.0,-0.010479999,-0.0032399995,0.893,0.96349996,8.04,-1.0,1.04,,1,4,TARGET;DEBRIS,1,1,6,1.0,0.01148,-0.023759998,0.94,0.9165,-6.54,-1.0,1.0,,1,5,TRAILING_EDGE;RESIDUAL,2,5,42,0.92,0.03148,-0.032759998,0.9869999,0.893,-0.53999996,-1.0,0.96000004,,1,1,GROUND;FINISHER_RING,1,2,34,0.92,0.029520001,-0.012239999,0.9869999,0.94,5.04,1.0,0.96000004,,1,6,ORBIT;FINISHER_ECHO,1,0,18,0.96000004,0.01952,-0.03024,0.96349996,0.893,2.04,1.0,0.96000004,,1,7,ORBIT;WARRIOR_ACCENT,0,0,-44,0.96000004,0.0014800001,-0.032759998,0.9165,0.893,11.46,1.0,1.0,,1,3,TARGET|DARK|100|580|580|580:0:100|2131034463|2131034463,2131034464|2131034336|2131034539,2131034539,2131034539|2131034540,2131034540,2131034540|2131034331||||5|4|3|1
rogue_t07_c01|ROGUE|35|0|네 갈래 비수|AUTHORED_CLASS:ROGUE:CROSS|VOLLEY|TOP_TO_BOTTOM|POINT|CROSS|1|2|rogue:c1:b2|rogue:c1:b2|2|v2:1ce8a8699a868f91|G18_VOLLEY_TOP_TO_BOTTOM|LOW|COMBO|G18_VOLLEY_TOP_TO_BOTTOM:LOW:COMBO~ANTICIPATION:1:0:-6:-2:-2:30:30:-3:1:2~PRIMARY:0:2:-1:-1:-1:31:31:-3:1:2~CONTACT:1:2:-1:-1:-1:30:31:-1:1:2~DEBRIS:2:5:3:-1:-2:31:30:1:-1:3~RESIDUAL:1:5:1:-1:-2:31:30:-1:-1:3~FINISHER_RING:0:1:0:0:-1:31:31:-3:-1:3~FINISHER_ECHO:0:0:1:0:-2:32:30:1:1:2~WARRIOR_ACCENT:2:0:-3:-2:-2:30:30:-2:1:2|ANTICIPATION,1,0,-36,0.96000004,-0.034,-0.04,0.893,0.893,-16.0,1.0,0.96000004,,2,0,LEADING_EDGE;PRIMARY,0,2,-10,1.04,-0.014,-0.022,0.94,0.94,-16.0,1.0,1.04,,2,2,TARGET;CONTACT,1,2,-11,0.92,-0.029520001,-0.01496,0.893,0.94,-4.76,1.0,0.92,,2,4,TARGET;DEBRIS,2,5,21,0.92,-0.02148,-0.03604,0.9165,0.893,3.2600002,-1.0,0.96000004,,3,5,TRAILING_EDGE;RESIDUAL,1,5,10,1.0,-0.02148,-0.03604,0.9165,0.893,-2.7399998,-1.0,1.0,,3,1,GROUND;FINISHER_RING,0,1,2,0.92,-0.009520001,-0.02396,0.94,0.9165,-13.76,-1.0,0.96000004,,3,6,ORBIT;FINISHER_ECHO,0,0,10,1.08,4.79999E-4,-0.032959998,0.96349996,0.893,4.24,1.0,0.92,,2,7,ORBIT;WARRIOR_ACCENT,2,0,-22,0.92,-0.03148,-0.03604,0.893,0.893,-11.74,1.0,0.96000004,,2,3,TARGET|PHYSICAL|20,22,25,33|130,280,450,810|130,280,450,810|130:0:20;280:1:22;450:2:25;810:3:33|2131034574|2131034573,2131034574|2131034337|2131034572,2131034572,2131034572|2131034537,2131034537,2131034537|2131034332||||5|4|3|1
rogue_t08_c02|ROGUE|40|1|잔상 도약|AUTHORED_CLASS:ROGUE:RUPTURE|DIVE|TOP_TO_BOTTOM|POINT|RUPTURE|1|3|rogue:c2:b2|rogue:c2:b2|2|v2:dd88116db748255c|G10_DIVE_TOP_TO_BOTTOM|LOW|SINGLE|G10_DIVE_TOP_TO_BOTTOM:LOW:SINGLE~ANTICIPATION:0:5:-6:0:-2:33:30:-2:-1:1~PRIMARY:0:1:-3:-2:-2:30:31:-1:-1:1~CONTACT:1:1:-2:-2:-1:30:31:-2:-1:1~DEBRIS:0:4:2:0:0:32:33:-1:1:1~RESIDUAL:2:4:1:-1:0:31:33:0:1:1~FINISHER_RING:2:0:0:0:-2:32:30:-2:1:1~FINISHER_ECHO:0:1:4:-1:-1:31:31:-3:-1:1~WARRIOR_ACCENT:0:7:-1:0:-1:32:31:0:-1:1|ANTICIPATION,0,5,-36,1.0,0.003999999,-0.044,0.9869999,0.893,-12.0,-1.0,1.04,,1,0,LEADING_EDGE;PRIMARY,0,1,-22,1.0,-0.036,-0.035,0.893,0.9165,-3.0,-1.0,1.04,,1,2,TARGET;CONTACT,1,1,-16,0.96000004,-0.03088,-0.02668,0.893,0.9165,-12.12,-1.0,0.96000004,,1,4,TARGET;DEBRIS,0,4,17,0.92,-0.0031200005,-0.003320001,0.96349996,0.9869999,-7.38,1.0,0.96000004,,1,5,TRAILING_EDGE;RESIDUAL,2,4,10,1.04,-0.023120001,-0.003320001,0.9165,0.9869999,1.6199999,1.0,1.04,,1,1,GROUND;FINISHER_RING,2,0,4,1.08,-8.800011E-4,-0.03568,0.96349996,0.893,-12.12,1.0,0.92,,1,6,ORBIT;FINISHER_ECHO,0,1,24,1.04,-0.010880001,-0.02668,0.94,0.9165,-15.12,-1.0,1.04,,1,7,ORBIT;WARRIOR_ACCENT,0,7,-10,0.92,-0.0031200005,-0.02132,0.96349996,0.94,1.6199999,-1.0,0.92,,1,3,TARGET|DARK|100|500|500|500:0:100|2131034476|2131034475,2131034476|2131034339|2131034545,2131034545,2131034545|2131034546,2131034546,2131034546|2131034334||||5|4|3|1
rogue_t09_c02|ROGUE|45|1|월하 암습|AUTHORED_CLASS:ROGUE:FOCUS|CHARGE|LEFT_TO_RIGHT|POINT|FOCUS|2|0|rogue:c2:b3|rogue:c2:b3|2|v2:807b322cd535c51|G05_CHARGE_LEFT_TO_RIGHT|MID|DOUBLE|G05_CHARGE_LEFT_TO_RIGHT:MID:DOUBLE~ANTICIPATION:0:5:-3:-2:0:33:32:-1:-1:2~PRIMARY:1:4:-1:0:1:35:35:-2:1:2~CONTACT:1:6:2:-1:0:33:33:1:1:2~DEBRIS:1:7:2:-1:0:34:33:0:-1:2~RESIDUAL:0:1:3:-2:0:33:33:-1:-1:2~FINISHER_RING:0:0:5:-2:-1:32:32:-1:1:2~FINISHER_ECHO:1:1:0:-1:0:33:33:-2:-1:2~WARRIOR_ACCENT:0:1:-3:-1:0:34:33:0:-1:2|ANTICIPATION,0,5,-20,0.96000004,-0.036,-0.009999999,0.97499996,0.95,-5.0,-1.0,1.0,,2,0,LEADING_EDGE;PRIMARY,1,4,-6,1.08,-0.006000001,0.026,1.05,1.05,-8.0,1.0,0.92,,2,2,TARGET;CONTACT,1,6,16,1.0,-0.01768,-0.0035599992,1.0,0.97499996,6.68,1.0,1.04,,2,4,TARGET;DEBRIS,1,7,14,0.92,-0.0113200005,0.00656,1.025,1.0,0.82,-1.0,0.96000004,,2,5,TRAILING_EDGE;RESIDUAL,0,1,23,1.0,-0.03132,-0.0024399995,0.97499996,0.97499996,-5.18,-1.0,1.0,,2,1,GROUND;FINISHER_RING,0,0,32,0.92,-0.03768,-0.012559999,0.95,0.95,-5.32,1.0,0.92,,2,6,ORBIT;FINISHER_ECHO,1,1,4,0.92,-0.01768,-0.0035599992,1.0,0.97499996,-8.32,-1.0,0.96000004,,2,7,ORBIT;WARRIOR_ACCENT,0,1,-18,0.92,-0.0113200005,-0.0024399995,1.025,0.97499996,0.82,-1.0,0.96000004,,2,3,TARGET|DARK|48,52|180,500|180,500|180:0:48;500:1:52|2131034477|2131034477,2131034478|2131034339|2131034545,2131034545,2131034545|2131034546,2131034546,2131034546|2131034334||||5|4|3|1
rogue_t10_c04|ROGUE|50|3|칼날 감옥|AUTHORED_CLASS:ROGUE:RUPTURE|TRAP|OUTSIDE_IN|RING|RUPTURE|2|1|rogue:c4:b3|rogue:c4:b3|2|v2:11918fa150608684|G16_TRAP_OUTSIDE_IN|MID|COMBO|G16_TRAP_OUTSIDE_IN:MID:COMBO~ANTICIPATION:0:5:-4:0:0:33:32:-3:-1:3~PRIMARY:2:4:-2:1:2:35:35:-2:1:2~CONTACT:0:4:-2:1:2:35:35:-3:1:2~DEBRIS:1:4:2:0:2:33:35:0:1:2~RESIDUAL:2:7:2:-1:1:32:33:-4:-1:3~FINISHER_RING:0:3:1:-1:1:32:34:-4:-1:3~FINISHER_ECHO:2:0:4:1:0:35:32:-3:1:2~WARRIOR_ACCENT:0:6:-6:1:1:35:33:-4:1:2|ANTICIPATION,0,5,-28,0.96000004,0.0,0.008000001,1.0,0.95,-17.0,-1.0,0.96000004,,3,0,LEADING_EDGE;PRIMARY,2,4,-12,1.0,0.02,0.044,1.05,1.05,-11.0,1.0,1.0,,2,2,TARGET;CONTACT,0,4,-12,0.92,0.02,0.03568,1.05,1.05,-12.52,1.0,0.96000004,,2,4,TARGET;DEBRIS,1,4,17,1.08,-0.01,0.03932,0.97499996,1.05,-2.4799995,1.0,0.92,,2,5,TRAILING_EDGE;RESIDUAL,2,7,12,1.0,-0.02,0.02132,0.95,1.0,-20.48,-1.0,1.04,,3,1,GROUND;FINISHER_RING,0,3,8,0.96000004,-0.02,0.02668,0.95,1.025,-18.52,-1.0,0.96000004,,3,6,ORBIT;FINISHER_ECHO,2,0,24,0.92,0.02,-3.199987E-4,1.05,0.95,-12.52,1.0,0.96000004,,2,7,ORBIT;WARRIOR_ACCENT,0,6,-40,1.04,0.02,0.012320001,1.05,0.97499996,-20.48,1.0,1.04,,2,3,TARGET|PHYSICAL|28,32,40|260,470,650|260,470,650|260:0:28;470:1:32;650:2:40|2131034484|2131034483,2131034484|2131034340|2131034575,2131034575,2131034575|2131034548,2131034548,2131034548|2131034335||||5|4|3|2
rogue_t11_c04|ROGUE|55|3|은사 난무|AUTHORED_CLASS:ROGUE:FOCUS|FLURRY|LEFT_TO_RIGHT|EDGE|FOCUS|2|2|rogue:c4:b3|rogue:c4:b3|2|v2:24d0e60477a6715b|G12_FLURRY_LEFT_TO_RIGHT|MID|COMBO|G12_FLURRY_LEFT_TO_RIGHT:MID:COMBO~ANTICIPATION:0:1:1:1:0:33:33:2:-1:3~PRIMARY:2:1:-2:2:0:35:33:1:-1:3~CONTACT:1:2:-3:0:0:33:33:0:1:2~DEBRIS:0:7:0:2:0:35:33:0:-1:3~RESIDUAL:2:1:0:1:0:33:33:0:-1:3~FINISHER_RING:2:0:1:0:-1:33:32:2:1:2~FINISHER_ECHO:0:7:6:2:0:35:33:2:-1:3~WARRIOR_ACCENT:1:6:0:0:0:32:33:3:1:2|ANTICIPATION,0,1,8,0.92,0.018,0.0010000002,1.0,0.97499996,9.0,-1.0,0.92,,3,0,LEADING_EDGE;PRIMARY,2,1,-16,0.96000004,0.038,0.0010000002,1.05,0.97499996,3.0,-1.0,1.0,,3,2,TARGET;CONTACT,1,2,-20,1.04,0.0022399994,0.0068,0.97499996,1.0,2.1599998,1.0,1.04,,2,4,TARGET;DEBRIS,0,7,-4,0.92,0.03476,0.0082,1.05,1.0,0.84000015,-1.0,0.92,,3,5,TRAILING_EDGE;RESIDUAL,2,1,-2,0.96000004,0.01476,-7.999996E-4,1.0,0.97499996,0.84000015,-1.0,1.0,,3,1,GROUND;FINISHER_RING,2,0,8,0.92,0.0022399994,-0.0112,0.97499996,0.95,11.16,1.0,0.92,,2,6,ORBIT;FINISHER_ECHO,0,7,40,0.96000004,0.03224,0.0068,1.05,1.0,11.16,-1.0,1.0,,3,7,ORBIT;WARRIOR_ACCENT,1,6,4,0.92,-0.00524,-7.999996E-4,0.95,0.97499996,15.84,1.0,0.96000004,,2,3,TARGET|PHYSICAL|20,22,25,33|110,310,550,800|110,310,550,800|110:0:20;310:1:22;550:2:25;800:3:33|2131034483|2131034483,2131034484|2131034340|2131034575,2131034575,2131034575|2131034548,2131034548,2131034548|2131034335||||5|4|3|1
rogue_t12_c05|ROGUE|60|4|침묵의 처형|AUTHORED_CLASS:ROGUE:CONVERGE|EXECUTE|TOP_TO_BOTTOM|POINT|CONVERGE|2|3|rogue:c5:b3|rogue:c5:b3|2|v2:4903577701a82c42|G11_EXECUTE_TOP_TO_BOTTOM|MID|SINGLE|G11_EXECUTE_TOP_TO_BOTTOM:MID:SINGLE~ANTICIPATION:0:0:-7:1:-2:34:32:1:1:1~PRIMARY:2:2:-4:2:-1:35:33:-1:1:1~CONTACT:1:4:3:0:0:33:35:0:1:1~DEBRIS:1:1:5:0:-1:33:33:2:-1:1~RESIDUAL:1:4:1:0:0:32:35:0:1:1~FINISHER_RING:0:7:3:1:-1:34:33:-1:-1:1~FINISHER_ECHO:2:3:5:1:0:35:34:0:-1:1~WARRIOR_ACCENT:0:3:-2:1:0:34:34:-1:-1:1|ANTICIPATION,0,0,-42,0.92,0.024,-0.036,1.025,0.95,3.0,1.0,0.92,,1,0,LEADING_EDGE;PRIMARY,2,2,-24,1.0,0.034,-0.018,1.05,1.0,-6.0,1.0,1.0,,1,2,TARGET;CONTACT,1,4,20,1.04,0.009520001,0.00576,1.0,1.05,-0.96000004,1.0,1.04,,1,4,TARGET;DEBRIS,1,1,30,1.0,0.0014800001,-0.023759998,0.97499996,0.97499996,11.46,-1.0,1.0,,1,5,TRAILING_EDGE;RESIDUAL,1,4,6,1.04,-0.00852,0.0032399995,0.95,1.05,2.46,1.0,1.04,,1,1,GROUND;FINISHER_RING,0,7,18,0.92,0.01952,-0.012239999,1.025,1.0,-3.96,-1.0,0.92,,1,6,ORBIT;FINISHER_ECHO,2,3,34,0.92,0.029520001,-0.0032399995,1.05,1.025,-0.96000004,-1.0,0.96000004,,1,7,ORBIT;WARRIOR_ACCENT,0,3,-12,1.08,0.02148,-0.00576,1.025,1.025,-3.54,-1.0,0.92,,1,3,TARGET|DARK|100|580|580|580:0:100|2131034465|2131034465,2131034466|2131034336|2131034539,2131034539,2131034539|2131034540,2131034540,2131034540|2131034331||||5|3|3|1
rogue_t13_c03|ROGUE|65|2|독왕의 송곳니|AUTHORED_CLASS:ROGUE:CROSS|PIERCE|OUTSIDE_IN|POINT|CROSS|3|0|rogue:c3:b4|rogue:c3:b4|2|v2:1806a00d64f5b2b7|G13_PIERCE_OUTSIDE_IN|MID|DOUBLE|G13_PIERCE_OUTSIDE_IN:MID:DOUBLE~ANTICIPATION:1:3:-5:-2:0:32:34:-2:-1:2~PRIMARY:2:2:-1:0:0:35:33:0:1:2~CONTACT:1:4:3:0:1:35:35:-2:1:2~DEBRIS:1:0:3:0:-1:34:32:1:1:2~RESIDUAL:2:6:4:-1:-1:33:33:-1:1:2~FINISHER_RING:0:4:5:-2:1:32:35:0:1:2~FINISHER_ECHO:2:0:7:-1:-1:33:32:1:1:2~WARRIOR_ACCENT:0:0:-3:0:-1:34:32:-2:1:2|ANTICIPATION,1,3,-33,0.92,-0.042,9.999992E-4,0.95,1.025,-12.0,-1.0,0.92,,2,0,LEADING_EDGE;PRIMARY,2,2,-10,1.0,-0.0020000003,-0.008,1.05,1.0,0.0,1.0,1.0,,2,2,TARGET;CONTACT,1,4,21,1.0,0.0050399993,0.012559999,1.05,1.05,-11.04,1.0,1.04,,2,4,TARGET;DEBRIS,1,0,23,1.0,-0.00804,-0.024559999,1.025,0.95,6.54,1.0,1.04,,2,5,TRAILING_EDGE;RESIDUAL,2,6,28,0.96000004,-0.01804,-0.015559999,1.0,0.97499996,-5.46,1.0,0.96000004,,2,1,GROUND;FINISHER_RING,0,4,34,0.92,-0.03496,0.012559999,0.95,1.05,-2.04,1.0,0.96000004,,2,6,ORBIT;FINISHER_ECHO,2,0,46,0.92,-0.02496,-0.02344,0.97499996,0.95,6.96,1.0,0.92,,2,7,ORBIT;WARRIOR_ACCENT,0,0,-22,0.92,-0.00804,-0.024559999,1.025,0.95,-8.46,1.0,0.92,,2,3,TARGET|POISON|48,52|180,500|180,500|180:0:48;500:1:52|2131034472|2131034471,2131034472|2131034338|2131034542,2131034542,2131034542|2131034543,2131034543,2131034543|2131034333||||5|3|3|1
rogue_t14_c04|ROGUE|70|3|천라지망|AUTHORED_CLASS:ROGUE:RUPTURE|TRAP|OUTSIDE_IN|RING|RUPTURE|3|1|rogue:c4:b4|rogue:c4:b4|2|v2:450d891562a8dc06|G16_TRAP_OUTSIDE_IN|MID|COMBO|G16_TRAP_OUTSIDE_IN:MID:COMBO~ANTICIPATION:2:6:-3:0:1:33:33:-2:1:2~PRIMARY:2:7:-4:1:1:35:33:-3:-1:3~CONTACT:2:0:0:0:0:33:32:-4:1:2~DEBRIS:2:2:2:1:1:34:33:-3:1:2~RESIDUAL:1:3:7:1:2:34:34:0:-1:3~FINISHER_RING:0:0:2:1:0:35:32:-1:1:2~FINISHER_ECHO:1:7:4:0:1:33:33:-3:-1:3~WARRIOR_ACCENT:2:0:0:0:0:33:32:-3:1:2|ANTICIPATION,2,6,-20,0.96000004,-0.01,0.017,0.97499996,0.97499996,-11.0,1.0,1.0,,2,0,LEADING_EDGE;PRIMARY,2,7,-28,1.04,0.02,0.026,1.05,1.0,-17.0,-1.0,1.04,,3,2,TARGET;CONTACT,2,0,0,0.96000004,0.0,-3.199987E-4,1.0,0.95,-18.52,1.0,1.0,,2,4,TARGET;DEBRIS,2,2,13,0.96000004,0.01,0.02132,1.025,1.0,-17.48,1.0,0.96000004,,2,5,TRAILING_EDGE;RESIDUAL,1,3,44,0.96000004,0.01,0.03032,1.025,1.025,-2.4799995,-1.0,0.96000004,,3,1,GROUND;FINISHER_RING,0,0,12,0.92,0.02,-3.199987E-4,1.05,0.95,-6.5200005,1.0,0.96000004,,2,6,ORBIT;FINISHER_ECHO,1,7,28,1.04,0.0,0.01768,1.0,1.0,-12.52,-1.0,1.04,,3,7,ORBIT;WARRIOR_ACCENT,2,0,-4,0.96000004,-0.01,0.003320001,0.97499996,0.95,-17.48,1.0,0.96000004,,2,3,TARGET|PHYSICAL|20,22,25,33|130,280,450,810|130,280,450,810|130:0:20;280:1:22;450:2:25;810:3:33|2131034484|2131034483,2131034484|2131034340|2131034575,2131034575,2131034575|2131034548,2131034548,2131034548|2131034335||||5|4|3|1
rogue_t15_c04|ROGUE|75|3|월광 철사|AUTHORED_CLASS:ROGUE:FOCUS|TRAP|OUTSIDE_IN|RING|FOCUS|3|2|rogue:c4:b4|rogue:c4:b4|2|v2:ae3ebaac934c6c63|G16_TRAP_OUTSIDE_IN|MID|DOUBLE|G16_TRAP_OUTSIDE_IN:MID:DOUBLE~ANTICIPATION:0:7:-6:0:1:33:33:-4:-1:2~PRIMARY:1:2:-4:0:1:33:33:-2:1:2~CONTACT:2:1:-1:0:0:33:33:0:-1:2~DEBRIS:0:2:5:1:1:34:33:0:1:2~RESIDUAL:1:0:3:-1:0:32:32:-2:1:2~FINISHER_RING:2:1:1:-1:0:32:33:-2:-1:2~FINISHER_ECHO:1:1:4:-1:0:32:33:-2:-1:2~WARRIOR_ACCENT:0:7:-3:0:1:33:33:-3:-1:2|ANTICIPATION,0,7,-40,0.92,-0.01,0.026,0.97499996,1.0,-20.0,-1.0,0.92,,2,0,LEADING_EDGE;PRIMARY,1,2,-24,0.96000004,0.0,0.026,1.0,1.0,-8.0,1.0,1.0,,2,2,TARGET;CONTACT,2,1,-8,0.92,-0.01,0.008680001,0.97499996,0.97499996,-0.52000046,-1.0,0.96000004,,2,4,TARGET;DEBRIS,0,2,33,0.96000004,0.01,0.02132,1.025,1.0,-2.4799995,1.0,1.0,,2,5,TRAILING_EDGE;RESIDUAL,1,0,20,0.92,-0.02,0.003320001,0.95,0.95,-11.48,1.0,0.92,,2,1,GROUND;FINISHER_RING,2,1,8,1.0,-0.02,0.008680001,0.95,0.97499996,-9.52,-1.0,1.04,,2,6,ORBIT;FINISHER_ECHO,1,1,24,0.92,-0.02,0.008680001,0.95,0.97499996,-9.52,-1.0,0.92,,2,7,ORBIT;WARRIOR_ACCENT,0,7,-20,1.08,0.0,0.02132,1.0,1.0,-14.48,-1.0,0.92,,2,3,TARGET|COSMIC|48,52|330,650|330,650|330:0:48;650:1:52|2131034483|2131034483,2131034484|2131034340|2131034575,2131034575,2131034575|2131034548,2131034548,2131034548|2131034335||||5|4|3|1
rogue_t16_c04|ROGUE|80|3|검은 실 감옥|AUTHORED_CLASS:ROGUE:CROSS|TRAP|OUTSIDE_IN|RING|CROSS|3|3|rogue:c4:b4|rogue:c4:b4|2|v2:5332ac2eaa18f900|G16_TRAP_OUTSIDE_IN|MID|COMBO|G16_TRAP_OUTSIDE_IN:MID:COMBO~ANTICIPATION:2:5:-8:-1:0:32:32:-4:-1:3~PRIMARY:2:2:-2:0:1:33:33:-1:1:2~CONTACT:1:6:0:1:0:34:33:-3:1:2~DEBRIS:2:3:4:1:2:35:34:-2:-1:3~RESIDUAL:0:1:4:1:1:34:33:-3:-1:3~FINISHER_RING:0:1:6:1:0:35:33:-3:-1:3~FINISHER_ECHO:1:0:8:1:0:35:32:-4:1:2~WARRIOR_ACCENT:2:5:-4:0:0:33:32:0:-1:3|ANTICIPATION,2,5,-48,0.92,-0.02,0.008000001,0.95,0.95,-20.0,-1.0,0.92,,3,0,LEADING_EDGE;PRIMARY,2,2,-16,0.96000004,-0.01,0.026,0.97499996,1.0,-5.0,1.0,1.0,,2,2,TARGET;CONTACT,1,6,4,0.96000004,0.01,0.008680001,1.025,0.97499996,-15.52,1.0,0.96000004,,2,4,TARGET;DEBRIS,2,3,25,0.92,0.02,0.03032,1.05,1.025,-8.48,-1.0,0.92,,3,5,TRAILING_EDGE;RESIDUAL,0,1,28,0.92,0.01,0.012320001,1.025,0.97499996,-17.48,-1.0,0.96000004,,3,1,GROUND;FINISHER_RING,0,1,36,1.08,0.02,0.008680001,1.05,0.97499996,-12.52,-1.0,0.92,,3,6,ORBIT;FINISHER_ECHO,1,0,52,1.0,0.02,-3.199987E-4,1.05,0.95,-18.52,1.0,1.0,,2,7,ORBIT;WARRIOR_ACCENT,2,5,-28,0.96000004,-0.01,0.003320001,0.97499996,0.95,-2.4799995,-1.0,1.0,,3,3,TARGET|PHYSICAL|28,32,40|140,420,780|140,420,780|140:0:28;420:1:32;780:2:40|2131034484|2131034483,2131034484|2131034340|2131034575,2131034575,2131034575|2131034548,2131034548,2131034548|2131034335||||5|4|3|1
rogue_t17_c05|ROGUE|85|4|왕의 숨통|AUTHORED_CLASS:ROGUE:RUPTURE|EXECUTE|TOP_TO_BOTTOM|POINT|RUPTURE|4|0|rogue:c5:b5|rogue:c5:b5|2|v2:feb8795f8aba95a3|G11_EXECUTE_TOP_TO_BOTTOM|HIGH|SINGLE|G11_EXECUTE_TOP_TO_BOTTOM:HIGH:SINGLE~ANTICIPATION:1:1:-9:1:-1:35:34:0:-1:1~PRIMARY:2:0:-4:2:-2:37:34:1:1:1~CONTACT:1:2:4:1:-1:37:35:0:1:1~DEBRIS:0:2:1:1:-1:36:35:2:1:1~RESIDUAL:2:0:1:0:-2:34:34:2:1:1~FINISHER_RING:1:7:4:1:-1:36:35:0:-1:1~FINISHER_ECHO:1:4:7:-1:0:34:37:-1:1:1~WARRIOR_ACCENT:2:0:-3:0:-2:34:34:2:1:1|ANTICIPATION,1,1,-54,1.0,0.014,-0.026999999,1.06,1.0335,0.0,-1.0,1.04,,1,0,LEADING_EDGE;PRIMARY,2,0,-24,1.04,0.034,-0.036,1.1129999,1.007,6.0,1.0,1.04,,1,2,TARGET;CONTACT,1,2,24,1.04,0.029520001,-0.012239999,1.1129999,1.06,-0.96000004,1.0,1.04,,1,4,TARGET;DEBRIS,0,2,10,0.92,0.02148,-0.01476,1.0864999,1.06,11.46,1.0,0.92,,1,5,TRAILING_EDGE;RESIDUAL,2,0,6,0.96000004,0.0014800001,-0.032759998,1.0335,1.007,11.46,1.0,1.0,,1,1,GROUND;FINISHER_RING,1,7,26,1.04,0.01952,-0.012239999,1.0864999,1.06,2.04,-1.0,1.04,,1,6,ORBIT;FINISHER_ECHO,1,4,46,0.92,-0.010479999,0.00576,1.007,1.1129999,-6.96,1.0,0.92,,1,7,ORBIT;WARRIOR_ACCENT,2,0,-20,0.96000004,0.0014800001,-0.032759998,1.0335,1.007,11.46,1.0,0.96000004,,1,3,TARGET|DARK|100|580|580|580:0:100|2131034462|2131034461,2131034462|2131034336|2131034539,2131034539,2131034539|2131034540,2131034540,2131034540|2131034331||2131034541||6|4|3|1
rogue_t18_c01|ROGUE|90|0|종말의 단검무|AUTHORED_CLASS:ROGUE:FOCUS|FLURRY|LEFT_TO_RIGHT|EDGE|FOCUS|4|1|rogue:c1:b5|rogue:c1:b5|2|v2:5c656e420ab2b5c|G12_FLURRY_LEFT_TO_RIGHT|HIGH|COMBO|G12_FLURRY_LEFT_TO_RIGHT:HIGH:COMBO~ANTICIPATION:2:0:1:1:0:35:34:4:1:2~PRIMARY:1:1:-2:1:0:35:34:2:-1:3~CONTACT:1:1:-3:0:0:34:34:3:-1:3~DEBRIS:0:5:4:2:0:37:34:1:-1:3~RESIDUAL:2:2:-1:2:0:37:35:1:1:2~FINISHER_RING:1:7:-1:0:0:34:35:2:-1:3~FINISHER_ECHO:0:7:6:0:0:34:35:3:-1:3~WARRIOR_ACCENT:2:5:-5:1:0:36:34:4:-1:3|ANTICIPATION,2,0,8,1.08,0.018,-0.007999999,1.06,1.007,18.0,1.0,0.92,,2,0,LEADING_EDGE;PRIMARY,1,1,-12,0.92,0.018,0.0010000002,1.06,1.0335,9.0,-1.0,0.92,,3,2,TARGET;CONTACT,1,1,-20,0.96000004,0.0022399994,-0.0021999995,1.0335,1.0335,17.16,-1.0,1.0,,3,4,TARGET;DEBRIS,0,5,24,1.0,0.03476,-0.009799999,1.1129999,1.007,6.84,-1.0,1.04,,3,5,TRAILING_EDGE;RESIDUAL,2,2,-6,0.92,0.03476,0.0082,1.1129999,1.06,6.84,1.0,0.92,,2,1,GROUND;FINISHER_RING,1,7,-8,1.04,0.0022399994,0.0068,1.0335,1.06,11.16,-1.0,1.04,,3,6,ORBIT;FINISHER_ECHO,0,7,40,1.08,-0.0077600004,0.0068,1.007,1.06,14.16,-1.0,0.92,,3,7,ORBIT;WARRIOR_ACCENT,2,5,-32,1.08,0.02476,-0.009799999,1.0864999,1.007,18.84,-1.0,0.92,,3,3,TARGET|PHYSICAL|20,22,25,33|260,450,600,720|260,450,600,720|260:0:20;450:1:22;600:2:25;720:3:33|2131034573|2131034573,2131034574|2131034337|2131034572,2131034572,2131034572|2131034537,2131034537,2131034537|2131034332||2131034538||6|4|3|2
rogue_t19_c02|ROGUE|95|1|그림자 세계 절단|AUTHORED_CLASS:ROGUE:CONVERGE|FLURRY|LEFT_TO_RIGHT|EDGE|CONVERGE|4|2|rogue:c2:b5|rogue:c2:b5|2|v2:b4a7dd181f12b888|G12_FLURRY_LEFT_TO_RIGHT|HIGH|COMBO|G12_FLURRY_LEFT_TO_RIGHT:HIGH:COMBO~ANTICIPATION:0:3:-3:0:1:34:36:3:-1:3~PRIMARY:1:0:2:0:0:34:34:1:1:2~CONTACT:0:0:0:1:-1:36:34:3:1:2~DEBRIS:1:1:2:2:0:37:34:3:-1:3~RESIDUAL:0:3:-1:0:1:34:36:3:-1:3~FINISHER_RING:1:3:3:1:1:35:36:3:-1:3~FINISHER_ECHO:1:7:4:1:0:35:35:0:-1:3~WARRIOR_ACCENT:0:5:0:1:0:35:34:0:-1:3|ANTICIPATION,0,3,-20,1.08,0.007999999,0.019,1.0335,1.0864999,15.0,-1.0,0.92,,3,0,LEADING_EDGE;PRIMARY,1,0,12,1.0,-0.0020000003,-0.007999999,1.007,1.007,6.0,1.0,1.0,,2,2,TARGET;CONTACT,0,0,4,1.0,0.022239998,-0.0112,1.0864999,1.007,17.16,1.0,1.04,,2,4,TARGET;DEBRIS,1,1,16,1.08,0.03476,-7.999996E-4,1.1129999,1.0335,12.84,-1.0,0.92,,3,5,TRAILING_EDGE;RESIDUAL,0,3,-10,0.96000004,-0.00524,0.0172,1.007,1.0864999,15.84,-1.0,0.96000004,,3,1,GROUND;FINISHER_RING,1,3,20,1.04,0.012239999,0.0158,1.06,1.0864999,14.16,-1.0,1.04,,3,6,ORBIT;FINISHER_ECHO,1,7,28,1.04,0.012239999,0.0068,1.06,1.06,-0.84000015,-1.0,1.04,,3,7,ORBIT;WARRIOR_ACCENT,0,5,0,0.96000004,0.01476,-0.009799999,1.06,1.007,0.84000015,-1.0,0.96000004,,3,3,TARGET|DARK|28,32,40|140,300,520|140,300,520|140:0:28;300:1:32;520:2:40|2131034473|2131034473,2131034474|2131034339|2131034545,2131034545,2131034545|2131034546,2131034546,2131034546|2131034334||2131034547||6|4|3|1
rogue_t20_c05|ROGUE|100|4|죽음의 한 점|AUTHORED_CLASS:ROGUE:CONVERGE|EXECUTE|TOP_TO_BOTTOM|POINT|CONVERGE|4|3|rogue:c5:b5|rogue:c5:b5|2|v2:d1381b3e72538690|G11_EXECUTE_TOP_TO_BOTTOM|HIGH|SINGLE|G11_EXECUTE_TOP_TO_BOTTOM:HIGH:SINGLE~ANTICIPATION:2:6:-7:0:-1:34:34:2:1:1~PRIMARY:0:7:-6:0:-1:34:35:2:-1:1~CONTACT:2:7:-1:1:-1:36:35:0:-1:1~DEBRIS:2:1:5:0:-1:34:34:2:-1:1~RESIDUAL:0:0:4:2:-2:37:34:-1:1:1~FINISHER_RING:0:0:3:-1:-2:34:34:0:1:1~FINISHER_ECHO:1:3:9:1:0:37:36:0:-1:1~WARRIOR_ACCENT:0:1:-1:0:-1:34:34:-1:-1:1|ANTICIPATION,2,6,-46,0.92,-0.005999999,-0.026999999,1.007,1.0335,9.0,1.0,0.96000004,,1,0,LEADING_EDGE;PRIMARY,0,7,-40,1.08,-0.005999999,-0.018,1.007,1.06,9.0,-1.0,0.92,,1,2,TARGET;CONTACT,2,7,-8,1.04,0.01952,-0.012239999,1.0864999,1.06,2.04,-1.0,1.04,,1,4,TARGET;DEBRIS,2,1,30,1.0,0.0014800001,-0.023759998,1.0335,1.0335,11.46,-1.0,1.04,,1,5,TRAILING_EDGE;RESIDUAL,0,0,26,0.96000004,0.03148,-0.032759998,1.1129999,1.007,-6.54,1.0,1.0,,1,1,GROUND;FINISHER_RING,0,0,22,0.96000004,-0.010479999,-0.03024,1.007,1.007,2.04,1.0,0.96000004,,1,6,ORBIT;FINISHER_ECHO,1,3,54,1.04,0.029520001,-0.0032399995,1.1129999,1.0864999,-0.96000004,-1.0,1.04,,1,7,ORBIT;WARRIOR_ACCENT,0,1,-8,1.04,-0.00852,-0.023759998,1.007,1.0335,-3.54,-1.0,1.04,,1,3,TARGET|DARK|100|580|580|580:0:100|2131034461|2131034461,2131034462|2131034336|2131034539,2131034539,2131034539|2131034540,2131034540,2131034540|2131034331||2131034541||6|4|3|1
ranger_t01_c01|RANGER|5|0|정조준 사격|AUTHORED_CLASS:RANGER:RUPTURE|SHOT|OUTSIDE_IN|POINT|RUPTURE|0|0|ranger:c1:b1|ranger:c1:b1|2|v2:dc4daed8a67a6c46|G14_SHOT_OUTSIDE_IN|LOW|SINGLE|G14_SHOT_OUTSIDE_IN:LOW:SINGLE~ANTICIPATION:2:7:-1:2:0:33:31:-1:-1:1~PRIMARY:2:6:-4:2:-1:33:31:1:1:1~CONTACT:0:6:0:0:-1:30:31:-1:1:1~DEBRIS:0:3:-1:0:0:30:32:2:-1:1~RESIDUAL:2:3:3:0:0:30:32:1:-1:1~FINISHER_RING:0:1:2:0:-1:31:31:1:-1:1~FINISHER_ECHO:1:0:2:1:-1:31:30:2:1:1~WARRIOR_ACCENT:1:6:-2:1:-1:32:31:2:1:1|ANTICIPATION,2,7,-6,1.0,0.044,-0.006,0.9869999,0.94,-5.0,-1.0,1.0,,1,0,LEADING_EDGE;PRIMARY,2,6,-24,0.92,0.044,-0.015,0.9869999,0.9165,7.0,1.0,0.92,,1,2,TARGET;CONTACT,0,6,-4,1.0,-0.00368,-0.013079999,0.893,0.9165,-3.28,1.0,1.0,,1,4,TARGET;DEBRIS,0,3,-11,0.92,-3.199987E-4,0.0040799994,0.893,0.96349996,9.28,-1.0,0.96000004,,1,5,TRAILING_EDGE;RESIDUAL,2,3,18,1.04,-3.199987E-4,0.0040799994,0.893,0.96349996,3.28,-1.0,1.04,,1,1,GROUND;FINISHER_RING,0,1,14,1.04,0.0063199997,-0.013079999,0.9165,0.9165,5.7200003,-1.0,1.04,,1,6,ORBIT;FINISHER_ECHO,1,0,14,1.0,0.01632,-0.022079999,0.94,0.893,8.72,1.0,1.0,,1,7,ORBIT;WARRIOR_ACCENT,1,6,-12,1.04,0.02968,-0.01392,0.96349996,0.9165,12.28,1.0,1.04,,1,3,TARGET|PHYSICAL|100|500|500|500:0:100|2131034446|2131034445,2131034446|2131034569|2131034570,2131034570,2131034570|2131034571,2131034571,2131034571|||||4|3|3|1
ranger_t02_c02|RANGER|10|1|연속 사격|AUTHORED_CLASS:RANGER:CROSS|VOLLEY|OUTSIDE_IN|POINT|CROSS|0|1|ranger:c2:b1|ranger:c2:b1|2|v2:83f952dce43ed3c3|G17_VOLLEY_OUTSIDE_IN|LOW|COMBO|G17_VOLLEY_OUTSIDE_IN:LOW:COMBO~ANTICIPATION:1:3:0:1:0:31:32:3:-1:3~PRIMARY:0:7:-2:2:-1:32:31:3:-1:3~CONTACT:1:5:0:0:-1:30:30:2:-1:3~DEBRIS:1:5:1:2:-1:33:30:1:-1:3~RESIDUAL:0:1:4:1:-1:31:31:-1:-1:3~FINISHER_RING:2:1:0:0:-1:30:31:-1:-1:3~FINISHER_ECHO:0:4:2:1:0:32:33:3:1:2~WARRIOR_ACCENT:2:5:0:0:-1:30:30:-1:-1:3|ANTICIPATION,1,3,-2,1.04,0.022,-0.0030000005,0.94,0.96349996,13.0,-1.0,1.04,,3,0,LEADING_EDGE;PRIMARY,0,7,-12,0.92,0.031999998,-0.012,0.96349996,0.94,16.0,-1.0,0.96000004,,3,2,TARGET;CONTACT,1,5,4,1.04,-0.0050399993,-0.026159998,0.893,0.893,10.76,-1.0,1.04,,3,4,TARGET;DEBRIS,1,5,9,1.08,0.038039997,-0.02784,0.9869999,0.893,2.7399998,-1.0,0.92,,3,5,TRAILING_EDGE;RESIDUAL,0,1,24,0.96000004,0.01804,-0.01884,0.94,0.9165,-3.2600002,-1.0,1.0,,3,1,GROUND;FINISHER_RING,2,1,5,0.92,-0.0050399993,-0.017159998,0.893,0.9165,-4.24,-1.0,0.96000004,,3,6,ORBIT;FINISHER_ECHO,0,4,17,0.96000004,0.02496,0.0098399995,0.96349996,0.9869999,13.76,1.0,0.96000004,,2,7,ORBIT;WARRIOR_ACCENT,2,5,-4,1.08,-0.00196,-0.02784,0.893,0.893,-3.2600002,-1.0,0.92,,3,3,TARGET|WIND|28,32,40|260,470,650|260,470,650|260:0:28;470:1:32;650:2:40|2131034452|2131034451,2131034452|2131034186|2131034187,2131034187,2131034187|2131034188,2131034188,2131034188|||||4|3|3|2
ranger_t03_c04|RANGER|15|3|올가미 화살|AUTHORED_CLASS:RANGER:FOCUS|TRAP|OUTSIDE_IN|RING|FOCUS|0|2|ranger:c4:b1|ranger:c4:b1|2|v2:62ea3288b7670a16|G16_TRAP_OUTSIDE_IN|LOW|DOUBLE|G16_TRAP_OUTSIDE_IN:LOW:DOUBLE~ANTICIPATION:0:2:-6:0:1:31:31:-4:1:2~PRIMARY:1:4:-4:1:2:32:33:-4:1:2~CONTACT:0:1:4:1:0:33:31:-1:-1:2~DEBRIS:0:2:1:1:1:32:31:0:1:2~RESIDUAL:1:5:4:-1:0:30:30:-2:-1:2~FINISHER_RING:0:2:4:0:1:31:31:-3:1:2~FINISHER_ECHO:1:0:4:0:0:31:30:-1:1:2~WARRIOR_ACCENT:1:5:-6:0:0:31:30:-3:-1:2|ANTICIPATION,0,2,-36,1.0,-0.01,0.026,0.9165,0.94,-20.0,1.0,1.0,,2,0,LEADING_EDGE;PRIMARY,1,4,-24,1.08,0.01,0.044,0.96349996,0.9869999,-20.0,1.0,0.92,,2,2,TARGET;CONTACT,0,1,24,0.92,0.02,0.008680001,0.9869999,0.9165,-6.5200005,-1.0,0.96000004,,2,4,TARGET;DEBRIS,0,2,9,1.0,0.01,0.02132,0.96349996,0.94,-2.4799995,1.0,1.0,,2,5,TRAILING_EDGE;RESIDUAL,1,5,24,1.04,-0.02,0.003320001,0.893,0.893,-11.48,-1.0,1.04,,2,1,GROUND;FINISHER_RING,0,2,24,0.92,-0.01,0.01768,0.9165,0.94,-15.52,1.0,0.96000004,,2,6,ORBIT;FINISHER_ECHO,1,0,24,1.0,-0.01,-3.199987E-4,0.9165,0.893,-6.5200005,1.0,1.04,,2,7,ORBIT;WARRIOR_ACCENT,1,5,-40,0.96000004,0.0,0.003320001,0.94,0.893,-14.48,-1.0,1.0,,2,3,TARGET|EARTH|48,52|240,680|240,680|240:0:48;680:1:52|2131034433|2131034433,2131034434|2131034328|2131034527,2131034527,2131034527|2131034528,2131034528,2131034528|||||4|3|3|1
ranger_t04_c03|RANGER|20|2|회오리 화살|AUTHORED_CLASS:RANGER:FOCUS|SPIN|CLOCKWISE|RING|FOCUS|0|3|ranger:c3:b1|ranger:c3:b1|2|v2:7b031282a1a31ca4|G15_SPIN_CLOCKWISE|LOW|DOUBLE|G15_SPIN_CLOCKWISE:LOW:DOUBLE~ANTICIPATION:0:1:-5:1:0:32:31:2:-1:2~PRIMARY:2:6:-2:0:0:31:31:5:1:2~CONTACT:2:3:-1:1:1:32:32:2:-1:2~DEBRIS:2:0:-1:1:0:33:30:1:1:2~RESIDUAL:2:4:5:1:1:33:33:2:1:2~FINISHER_RING:2:7:2:1:0:32:31:2:-1:2~FINISHER_ECHO:1:7:4:0:0:31:31:2:-1:2~WARRIOR_ACCENT:2:7:-1:1:1:32:31:3:-1:2|ANTICIPATION,0,1,-32,1.08,0.01,0.005000001,0.96349996,0.9165,12.0,-1.0,0.92,,2,0,LEADING_EDGE;PRIMARY,2,6,-12,0.96000004,-0.01,0.005000001,0.9165,0.9165,27.0,1.0,1.0,,2,2,TARGET;CONTACT,2,3,-10,0.96000004,0.01,0.018520001,0.96349996,0.96349996,12.24,-1.0,0.96000004,,2,4,TARGET;DEBRIS,2,0,-10,0.92,0.02,-0.0065199994,0.9869999,0.893,5.76,1.0,0.96000004,,2,5,TRAILING_EDGE;RESIDUAL,2,4,30,1.08,0.02,0.02948,0.9869999,0.9869999,11.76,1.0,0.92,,2,1,GROUND;FINISHER_RING,2,7,16,0.96000004,0.01,0.009520001,0.96349996,0.94,12.24,-1.0,1.0,,2,6,ORBIT;FINISHER_ECHO,1,7,28,1.0,0.0,0.009520001,0.94,0.94,9.24,-1.0,1.04,,2,7,ORBIT;WARRIOR_ACCENT,2,7,-8,1.0,0.01,0.01148,0.96349996,0.94,14.76,-1.0,1.04,,2,3,TARGET|WIND|48,52|240,680|240,680|240:0:48;680:1:52|2131034457|2131034457,2131034458|2131034330|2131034534,2131034534,2131034534|2131034535,2131034535,2131034535|||||4|3|3|1
ranger_t05_c02|RANGER|25|1|유성 화살비|AUTHORED_CLASS:RANGER:FOCUS|VOLLEY|TOP_TO_BOTTOM|POINT|FOCUS|1|0|ranger:c2:b2|ranger:c2:b2|2|v2:4d3a4e112e9c74ce|G18_VOLLEY_TOP_TO_BOTTOM|LOW|COMBO|G18_VOLLEY_TOP_TO_BOTTOM:LOW:COMBO~ANTICIPATION:2:6:-1:0:-2:32:31:-1:1:2~PRIMARY:1:7:0:-2:-1:30:31:-1:-1:3~CONTACT:2:2:2:-1:-1:30:31:-1:1:2~DEBRIS:0:4:2:0:0:33:33:-2:1:2~RESIDUAL:2:7:5:0:-1:32:31:-1:-1:3~FINISHER_RING:0:5:1:1:-2:33:30:0:-1:3~FINISHER_ECHO:1:1:1:-1:-1:30:31:-3:-1:3~WARRIOR_ACCENT:1:0:-5:0:-2:33:30:-3:1:2|ANTICIPATION,2,6,-8,0.96000004,-0.0040000007,-0.031,0.96349996,0.9165,-7.0,1.0,0.96000004,,2,0,LEADING_EDGE;PRIMARY,1,7,-2,0.96000004,-0.034,-0.022,0.893,0.94,-7.0,-1.0,1.0,,3,2,TARGET;CONTACT,2,2,17,1.08,-0.029520001,-0.01496,0.893,0.94,-4.76,1.0,0.92,,2,4,TARGET;DEBRIS,0,4,13,0.96000004,0.00852,-4.0000305E-5,0.9869999,0.9869999,-8.74,1.0,1.0,,2,5,TRAILING_EDGE;RESIDUAL,2,7,30,1.04,-0.0014800001,-0.01804,0.96349996,0.94,-5.74,-1.0,1.04,,3,1,GROUND;FINISHER_RING,0,5,6,1.0,0.010479999,-0.032959998,0.9869999,0.893,-1.7600002,-1.0,1.0,,3,6,ORBIT;FINISHER_ECHO,1,1,6,0.92,-0.029520001,-0.02396,0.893,0.9165,-13.76,-1.0,0.92,,3,7,ORBIT;WARRIOR_ACCENT,1,0,-30,0.96000004,0.00852,-0.03604,0.9869999,0.893,-14.74,1.0,0.96000004,,2,3,TARGET|COSMIC|28,32,40|180,430,720|180,430,720|180:0:28;430:1:32;720:2:40|2131034451|2131034451,2131034452|2131034186|2131034187,2131034187,2131034187|2131034188,2131034188,2131034188|2131034186||||5|4|3|1
ranger_t06_c04|RANGER|30|3|곰발톱 강타|AUTHORED_CLASS:RANGER:RUPTURE|DESCEND|TOP_TO_BOTTOM|FRACTURE|RUPTURE|1|1|ranger:c4:b2|ranger:c4:b2|2|v2:7da32622b4a32a2|G09_DESCEND_TOP_TO_BOTTOM|LOW|COMBO|G09_DESCEND_TOP_TO_BOTTOM:LOW:COMBO~ANTICIPATION:1:0:-1:0:-2:31:30:2:1:2~PRIMARY:0:7:0:1:-1:32:31:1:-1:3~CONTACT:0:2:0:1:-1:32:31:3:1:2~DEBRIS:1:6:3:0:-1:31:31:2:1:2~RESIDUAL:1:4:6:1:0:33:33:0:1:2~FINISHER_RING:2:4:5:-1:0:30:33:2:1:2~FINISHER_ECHO:0:3:4:1:0:33:32:1:-1:3~WARRIOR_ACCENT:2:2:-7:0:-1:31:31:0:1:2|ANTICIPATION,1,0,-6,0.92,0.008,-0.042,0.94,0.893,12.0,1.0,0.96000004,,2,0,LEADING_EDGE;PRIMARY,0,7,2,1.08,0.018,-0.024,0.96349996,0.94,6.0,-1.0,0.92,,3,2,TARGET;CONTACT,0,2,-5,0.96000004,0.01544,-0.01632,0.96349996,0.94,13.08,1.0,1.0,,2,4,TARGET;DEBRIS,1,6,20,1.0,-0.0034399997,-0.02868,0.9165,0.9165,7.92,1.0,1.0,,2,5,TRAILING_EDGE;RESIDUAL,1,4,40,1.0,0.02656,-0.0016800016,0.9869999,0.9869999,1.9200001,1.0,1.0,,2,1,GROUND;FINISHER_RING,2,4,30,1.04,-0.014559999,0.0016799998,0.893,0.9869999,10.08,1.0,1.04,,2,6,ORBIT;FINISHER_ECHO,0,3,26,1.04,0.02544,-0.00732,0.9869999,0.96349996,7.08,-1.0,1.04,,3,7,ORBIT;WARRIOR_ACCENT,2,2,-42,0.96000004,-0.0034399997,-0.01968,0.9165,0.94,-1.0799999,1.0,1.0,,2,3,TARGET|EARTH|28,32,40|140,420,780|140,420,780|140:0:28;420:1:32;780:2:40|2131034434|2131034433,2131034434|2131034328|2131034527,2131034527,2131034527|2131034528,2131034528,2131034528|2131034325||||5|4|3|1
ranger_t07_c01|RANGER|35|0|철갑 관통|AUTHORED_CLASS:RANGER:CROSS|PIERCE|OUTSIDE_IN|POINT|CROSS|1|2|ranger:c1:b2|ranger:c1:b2|2|v2:cb42a6e00e309241|G13_PIERCE_OUTSIDE_IN|LOW|SINGLE|G13_PIERCE_OUTSIDE_IN:LOW:SINGLE~ANTICIPATION:2:4:-7:-1:0:31:33:-1:1:1~PRIMARY:2:0:-1:-1:-1:31:30:-1:1:1~CONTACT:1:6:-1:0:-1:32:31:1:1:1~DEBRIS:1:7:-2:-1:0:31:31:0:-1:1~RESIDUAL:0:2:1:-1:0:31:31:-2:1:1~FINISHER_RING:2:7:5:-1:0:31:31:-2:-1:1~FINISHER_ECHO:2:4:3:-1:1:31:33:-1:1:1~WARRIOR_ACCENT:1:3:-2:-2:0:30:32:-2:-1:1|ANTICIPATION,2,4,-45,1.08,-0.022,0.009999999,0.94,0.9869999,-6.0,1.0,0.92,,1,0,LEADING_EDGE;PRIMARY,2,0,-10,0.96000004,-0.022,-0.026,0.94,0.893,-6.0,1.0,0.96000004,,1,2,TARGET;CONTACT,1,6,-7,1.0,-0.0049600005,-0.01444,0.96349996,0.9165,6.96,1.0,1.0,,1,4,TARGET;DEBRIS,1,7,-13,1.0,-0.02804,-0.00656,0.9165,0.94,0.53999996,-1.0,1.04,,1,5,TRAILING_EDGE;RESIDUAL,0,2,8,0.92,-0.02804,-0.00656,0.9165,0.94,-8.46,1.0,0.92,,1,1,GROUND;FINISHER_RING,2,7,30,0.96000004,-0.01496,-0.0054400004,0.94,0.94,-11.04,-1.0,0.96000004,,1,6,ORBIT;FINISHER_ECHO,2,4,18,1.0,-0.01496,0.012559999,0.94,0.9869999,-5.04,1.0,1.04,,1,7,ORBIT;WARRIOR_ACCENT,1,3,-14,1.0,-0.038039997,0.0024399995,0.893,0.96349996,-11.46,-1.0,1.0,,1,3,TARGET|PHYSICAL|100|500|500|500:0:100|2131034446|2131034445,2131034446|2131034569|2131034570,2131034570,2131034570|2131034571,2131034571,2131034571|2131034569||||5|4|3|1
ranger_t08_c05|RANGER|40|4|보름달 일격|AUTHORED_CLASS:RANGER:CONVERGE|DESCEND|TOP_TO_BOTTOM|FRACTURE|CONVERGE|1|3|ranger:c5:b2|ranger:c5:b2|2|v2:ac8775c9f5197657|G09_DESCEND_TOP_TO_BOTTOM|LOW|SINGLE|G09_DESCEND_TOP_TO_BOTTOM:LOW:SINGLE~ANTICIPATION:2:6:-3:1:-2:33:31:2:1:1~PRIMARY:1:5:-3:-1:-2:30:30:-1:-1:1~CONTACT:2:1:2:-1:-1:30:31:1:-1:1~DEBRIS:1:7:0:0:-1:31:31:0:-1:1~RESIDUAL:0:7:0:0:-1:31:31:2:-1:1~FINISHER_RING:2:1:1:1:-1:32:31:0:-1:1~FINISHER_ECHO:0:0:5:1:-2:33:30:1:1:1~WARRIOR_ACCENT:0:3:-1:1:-1:32:32:1:-1:1|ANTICIPATION,2,6,-22,1.0,0.028,-0.033,0.9869999,0.9165,9.0,1.0,1.0,,1,0,LEADING_EDGE;PRIMARY,1,5,-18,1.0,-0.011999999,-0.042,0.893,0.893,-3.0,-1.0,1.04,,1,2,TARGET;CONTACT,2,1,15,1.0,-0.014559999,-0.02532,0.893,0.9165,4.08,-1.0,1.04,,1,4,TARGET;DEBRIS,1,7,-4,0.96000004,-0.0034399997,-0.01968,0.9165,0.94,-1.0799999,-1.0,1.0,,1,5,TRAILING_EDGE;RESIDUAL,0,7,0,1.08,-0.0034399997,-0.01968,0.9165,0.94,7.92,-1.0,0.92,,1,1,GROUND;FINISHER_RING,2,1,10,1.08,0.01544,-0.02532,0.96349996,0.9165,-1.9200001,-1.0,0.92,,1,6,ORBIT;FINISHER_ECHO,0,0,34,1.0,0.02544,-0.034319997,0.9869999,0.893,7.08,1.0,1.04,,1,7,ORBIT;WARRIOR_ACCENT,0,3,-6,0.92,0.01656,-0.010680001,0.96349996,0.96349996,4.92,-1.0,0.92,,1,3,TARGET|COSMIC|100|560|560|560:0:100|2131034439|2131034439,2131034440|2131034329|2131034568,2131034568,2131034568|2131034530,2131034530,2131034530|2131034326||||5|4|3|1
ranger_t09_c04|RANGER|45|3|매의 급강하|AUTHORED_CLASS:RANGER:CONVERGE|DESCEND|TOP_TO_BOTTOM|FRACTURE|CONVERGE|2|0|ranger:c4:b3|ranger:c4:b3|2|v2:6d2b5ba44d655886|G09_DESCEND_TOP_TO_BOTTOM|MID|DOUBLE|G09_DESCEND_TOP_TO_BOTTOM:MID:DOUBLE~ANTICIPATION:0:4:-1:-1:0:32:35:2:1:2~PRIMARY:2:5:0:-1:-2:32:32:-1:-1:2~CONTACT:1:7:0:-1:-1:32:33:-1:-1:2~DEBRIS:0:6:-2:1:-1:35:33:-1:1:2~RESIDUAL:1:1:2:-1:-1:32:33:1:-1:2~FINISHER_RING:2:2:0:1:-1:34:33:1:1:2~FINISHER_ECHO:0:5:5:0:-2:33:32:1:-1:2~WARRIOR_ACCENT:1:2:-6:1:-1:35:33:0:1:2|ANTICIPATION,0,4,-10,0.96000004,-0.011999999,-0.006000001,0.95,1.05,12.0,1.0,1.0,,2,0,LEADING_EDGE;PRIMARY,2,5,-2,0.92,-0.011999999,-0.042,0.95,0.95,-3.0,-1.0,0.92,,2,2,TARGET;CONTACT,1,7,-5,0.92,-0.014559999,-0.01632,0.95,1.0,-4.92,-1.0,0.92,,2,4,TARGET;DEBRIS,0,6,-12,0.96000004,0.02656,-0.02868,1.05,0.97499996,-4.08,1.0,1.0,,2,5,TRAILING_EDGE;RESIDUAL,1,1,12,1.08,-0.01344,-0.02868,0.95,0.97499996,4.92,-1.0,0.92,,2,1,GROUND;FINISHER_RING,2,2,2,0.92,0.01544,-0.01632,1.025,1.0,4.08,1.0,0.96000004,,2,6,ORBIT;FINISHER_ECHO,0,5,34,0.92,-0.0045599993,-0.034319997,0.97499996,0.95,7.08,-1.0,0.96000004,,2,7,ORBIT;WARRIOR_ACCENT,1,2,-38,0.92,0.02656,-0.01968,1.05,1.0,1.9200001,1.0,0.92,,2,3,TARGET|EARTH|48,52|220,780|220,780|220:0:48;780:1:52|2131034435|2131034435,2131034436|2131034328|2131034527,2131034527,2131034527|2131034528,2131034528,2131034528|2131034325||||5|3|3|1
ranger_t10_c02|RANGER|50|1|천공 화살비|AUTHORED_CLASS:RANGER:CROSS|VOLLEY|TOP_TO_BOTTOM|POINT|CROSS|2|1|ranger:c2:b3|ranger:c2:b3|2|v2:8e01dc418222603d|G18_VOLLEY_TOP_TO_BOTTOM|MID|COMBO|G18_VOLLEY_TOP_TO_BOTTOM:MID:COMBO~ANTICIPATION:1:5:-6:0:-2:34:32:-3:-1:3~PRIMARY:1:3:0:0:-1:35:34:-3:-1:3~CONTACT:1:2:2:-1:-1:33:33:-2:1:2~DEBRIS:1:5:0:-2:-2:32:32:-3:-1:3~RESIDUAL:0:0:1:-2:-2:32:32:-3:1:2~FINISHER_RING:1:1:3:0:-1:33:33:0:-1:3~FINISHER_ECHO:0:0:3:0:-2:33:32:-2:1:2~WARRIOR_ACCENT:0:7:-5:-2:-1:32:33:-1:-1:3|ANTICIPATION,1,5,-40,1.0,-0.0040000007,-0.04,1.025,0.95,-13.0,-1.0,1.04,,3,0,LEADING_EDGE;PRIMARY,1,3,-2,1.0,0.005999999,-0.013,1.05,1.025,-16.0,-1.0,1.04,,3,2,TARGET;CONTACT,1,2,17,0.96000004,-0.01952,-0.01496,0.97499996,1.0,-10.76,1.0,1.0,,2,4,TARGET;DEBRIS,1,5,1,0.96000004,-0.03148,-0.03604,0.95,0.95,-14.74,-1.0,1.0,,3,5,TRAILING_EDGE;RESIDUAL,0,0,6,1.0,-0.03148,-0.03604,0.95,0.95,-14.74,1.0,1.04,,2,1,GROUND;FINISHER_RING,1,1,22,0.96000004,-0.009520001,-0.02396,1.0,0.97499996,1.2399998,-1.0,0.96000004,,3,6,ORBIT;FINISHER_ECHO,0,0,22,0.96000004,-0.009520001,-0.032959998,1.0,0.95,-7.76,1.0,1.0,,2,7,ORBIT;WARRIOR_ACCENT,0,7,-34,1.04,-0.03148,-0.01804,0.95,1.0,-5.74,-1.0,1.04,,3,3,TARGET|WIND|15,17,18,20,30|110,250,400,570,780|110,250,400,570,780|110:0:15;250:1:17;400:2:18;570:3:20;780:4:30|2131034454|2131034453,2131034454|2131034186|2131034187,2131034187,2131034187|2131034188,2131034188,2131034188|2131034186||||5|3|3|2
ranger_t11_c05|RANGER|55|4|월식 사격|AUTHORED_CLASS:RANGER:CROSS|SHOT|OUTSIDE_IN|POINT|CROSS|2|2|ranger:c5:b3|ranger:c5:b3|2|v2:f58da646781a31f1|G14_SHOT_OUTSIDE_IN|MID|SINGLE|G14_SHOT_OUTSIDE_IN:MID:SINGLE~ANTICIPATION:1:2:-3:1:0:33:33:-1:1:1~PRIMARY:2:4:-2:2:1:35:35:1:1:1~CONTACT:0:5:-1:1:-1:33:32:0:-1:1~DEBRIS:2:4:3:2:1:35:35:1:1:1~RESIDUAL:0:2:5:2:0:35:33:-1:1:1~FINISHER_RING:1:5:3:0:-1:33:32:2:-1:1~FINISHER_ECHO:2:3:6:1:0:33:34:2:-1:1~WARRIOR_ACCENT:0:2:-4:2:0:35:33:1:1:1|ANTICIPATION,1,2,-22,0.92,0.024,-0.006,1.0,1.0,-5.0,1.0,0.96000004,,1,0,LEADING_EDGE;PRIMARY,2,4,-16,0.92,0.044,0.011999999,1.05,1.05,7.0,1.0,0.92,,1,2,TARGET;CONTACT,0,5,-8,1.04,0.01632,-0.022079999,1.0,0.95,-0.27999997,-1.0,1.04,,1,4,TARGET;DEBRIS,2,4,21,0.96000004,0.03968,0.013079999,1.05,1.05,6.2799997,1.0,0.96000004,,1,5,TRAILING_EDGE;RESIDUAL,0,2,30,0.96000004,0.03968,-0.00492,1.05,1.0,-5.7200003,1.0,0.96000004,,1,1,GROUND;FINISHER_RING,1,5,22,1.0,0.0063199997,-0.022079999,0.97499996,0.95,11.72,-1.0,1.0,,1,6,ORBIT;FINISHER_ECHO,2,3,38,0.96000004,0.01632,0.0049199997,1.0,1.025,8.72,-1.0,1.0,,1,7,ORBIT;WARRIOR_ACCENT,0,2,-28,0.92,0.03968,-0.00492,1.05,1.0,6.2799997,1.0,0.92,,1,3,TARGET|DARK|100|560|560|560:0:100|2131034442|2131034441,2131034442|2131034329|2131034568,2131034568,2131034568|2131034530,2131034530,2131034530|2131034326||||5|3|3|1
ranger_t12_c04|RANGER|60|3|그리핀 급습|AUTHORED_CLASS:RANGER:CROSS|DIVE|TOP_TO_BOTTOM|POINT|CROSS|2|3|ranger:c4:b3|ranger:c4:b3|2|v2:56530f68cffc7303|G10_DIVE_TOP_TO_BOTTOM|MID|COMBO|G10_DIVE_TOP_TO_BOTTOM:MID:COMBO~ANTICIPATION:0:4:-3:-2:0:32:35:-3:1:2~PRIMARY:2:2:-1:0:-1:35:33:-2:1:2~CONTACT:2:6:3:0:-1:34:33:-1:1:2~DEBRIS:0:5:2:0:-2:34:32:-3:-1:3~RESIDUAL:0:2:2:-2:-1:32:33:0:1:2~FINISHER_RING:1:4:0:0:0:35:35:-1:1:2~FINISHER_ECHO:2:5:8:-1:-2:33:32:-3:-1:3~WARRIOR_ACCENT:2:7:-1:-1:-1:33:33:-2:-1:3|ANTICIPATION,0,4,-20,1.0,-0.036,-0.008000001,0.95,1.05,-15.0,1.0,1.0,,2,0,LEADING_EDGE;PRIMARY,2,2,-6,0.92,0.003999999,-0.026,1.05,1.0,-12.0,1.0,0.96000004,,2,2,TARGET;CONTACT,2,6,20,1.0,-8.800011E-4,-0.02668,1.025,0.97499996,-6.12,1.0,1.04,,2,4,TARGET;DEBRIS,0,5,17,1.04,-0.0031200005,-0.03932,1.025,0.95,-13.38,-1.0,1.04,,3,5,TRAILING_EDGE;RESIDUAL,0,2,14,1.08,-0.03312,-0.02132,0.95,1.0,-1.3800001,1.0,0.92,,2,1,GROUND;FINISHER_RING,1,4,0,1.08,0.009119999,3.199987E-4,1.05,1.05,-3.12,1.0,0.92,,2,6,ORBIT;FINISHER_ECHO,2,5,48,1.0,-0.010880001,-0.03568,1.0,0.95,-15.12,-1.0,1.0,,3,7,ORBIT;WARRIOR_ACCENT,2,7,-10,0.96000004,-0.01312,-0.02132,1.0,1.0,-10.38,-1.0,0.96000004,,3,3,TARGET|EARTH|28,32,40|140,300,520|140,300,520|140:0:28;300:1:32;520:2:40|2131034436|2131034435,2131034436|2131034328|2131034527,2131034527,2131034527|2131034528,2131034528,2131034528|2131034325||||5|4|3|1
ranger_t13_c05|RANGER|65|4|은하수 관통|AUTHORED_CLASS:RANGER:RUPTURE|PIERCE|OUTSIDE_IN|POINT|RUPTURE|3|0|ranger:c5:b4|ranger:c5:b4|2|v2:73e39d0957996300|G13_PIERCE_OUTSIDE_IN|MID|COMBO|G13_PIERCE_OUTSIDE_IN:MID:COMBO~ANTICIPATION:2:2:-6:-1:0:34:33:-1:1:2~PRIMARY:2:6:-4:0:-1:35:33:-1:1:2~CONTACT:1:3:-1:-1:0:33:34:-2:-1:3~DEBRIS:2:2:0:0:0:34:33:0:1:2~RESIDUAL:0:5:2:0:-1:34:32:1:-1:3~FINISHER_RING:1:6:3:-1:-1:33:33:-2:1:2~FINISHER_ECHO:0:0:1:0:-1:35:32:-2:1:2~WARRIOR_ACCENT:0:6:-6:0:-1:34:33:0:1:2|ANTICIPATION,2,2,-41,0.92,-0.012,-0.008,1.025,1.0,-3.0,1.0,0.96000004,,2,0,LEADING_EDGE;PRIMARY,2,6,-26,1.0,-0.0020000003,-0.017,1.05,0.97499996,-6.0,1.0,1.0,,2,2,TARGET;CONTACT,1,3,-11,1.08,-0.01496,0.0035599992,1.0,1.025,-11.04,-1.0,0.92,,3,4,TARGET;DEBRIS,2,2,-1,0.96000004,-0.00804,-0.00656,1.025,1.0,-2.46,1.0,1.0,,2,5,TRAILING_EDGE;RESIDUAL,0,5,12,0.96000004,-0.00804,-0.024559999,1.025,0.95,6.54,-1.0,1.0,,3,1,GROUND;FINISHER_RING,1,6,18,0.92,-0.02496,-0.01444,0.97499996,0.97499996,-8.04,1.0,0.92,,2,6,ORBIT;FINISHER_ECHO,0,0,6,1.04,0.0050399993,-0.02344,1.05,0.95,-11.04,1.0,1.04,,2,7,ORBIT;WARRIOR_ACCENT,0,6,-38,0.92,-0.00804,-0.015559999,1.025,0.97499996,-2.46,1.0,0.92,,2,3,TARGET|COSMIC|28,32,40|170,360,790|170,360,790|170:0:28;360:1:32;790:2:40|2131034442|2131034441,2131034442|2131034329|2131034568,2131034568,2131034568|2131034530,2131034530,2131034530|2131034326||||5|3|3|1
ranger_t14_c03|RANGER|70|2|대기의 칼날|AUTHORED_CLASS:RANGER:CONVERGE|CUT|LEFT_TO_RIGHT|EDGE|CONVERGE|3|1|ranger:c3:b4|ranger:c3:b4|2|v2:4d855609c93bae6e|G08_CUT_LEFT_TO_RIGHT|MID|COMBO|G08_CUT_LEFT_TO_RIGHT:MID:COMBO~ANTICIPATION:0:6:1:-2:0:32:33:-1:1:2~PRIMARY:1:4:-3:-2:1:32:35:-3:1:2~CONTACT:1:4:1:-1:1:33:35:0:1:2~DEBRIS:1:7:-2:0:0:35:33:0:-1:3~RESIDUAL:2:5:3:0:-1:34:32:-2:-1:3~FINISHER_RING:0:7:5:0:0:34:33:-1:-1:3~FINISHER_ECHO:0:0:6:0:-1:34:32:-1:1:2~WARRIOR_ACCENT:1:1:-5:-1:0:33:33:0:-1:3|ANTICIPATION,0,6,6,1.0,-0.034,-0.0029999996,0.95,0.97499996,-5.0,1.0,1.0,,2,0,LEADING_EDGE;PRIMARY,1,4,-18,1.0,-0.034,0.024,0.95,1.05,-14.0,1.0,1.0,,2,2,TARGET;CONTACT,1,4,8,0.92,-0.01952,0.022079999,0.97499996,1.05,-0.4000001,1.0,0.92,,2,4,TARGET;DEBRIS,1,7,-13,1.08,0.00852,0.00492,1.05,1.0,-1.0999999,-1.0,0.92,,3,5,TRAILING_EDGE;RESIDUAL,2,5,20,1.04,-0.0014800001,-0.013079999,1.025,0.95,-10.1,-1.0,1.04,,3,1,GROUND;FINISHER_RING,0,7,32,1.0,4.79999E-4,0.00408,1.025,1.0,-3.4,-1.0,1.04,,3,6,ORBIT;FINISHER_ECHO,0,0,40,0.96000004,4.79999E-4,-0.01392,1.025,0.95,-3.4,1.0,1.0,,2,7,ORBIT;WARRIOR_ACCENT,1,1,-34,0.92,-0.01148,-0.0040799994,1.0,0.97499996,1.9000001,-1.0,0.96000004,,3,3,TARGET|WIND|28,32,40|180,430,720|180,430,720|180:0:28;430:1:32;720:2:40|2131034459|2131034459,2131034460|2131034330|2131034534,2131034534,2131034534|2131034535,2131034535,2131034535|2131034327||||5|4|3|1
ranger_t15_c04|RANGER|75|3|왕의 사냥개|AUTHORED_CLASS:RANGER:FOCUS|DIVE|TOP_TO_BOTTOM|POINT|FOCUS|3|2|ranger:c4:b4|ranger:c4:b4|2|v2:2e95598d39e246b7|G10_DIVE_TOP_TO_BOTTOM|MID|DOUBLE|G10_DIVE_TOP_TO_BOTTOM:MID:DOUBLE~ANTICIPATION:1:4:-7:0:0:34:35:-2:1:2~PRIMARY:1:7:-7:-2:-1:32:33:-3:-1:2~CONTACT:1:2:-2:-2:-1:32:33:0:1:2~DEBRIS:1:7:0:0:-1:34:33:-3:-1:2~RESIDUAL:2:4:3:0:0:34:35:0:1:2~FINISHER_RING:0:6:6:-1:-1:33:33:1:1:2~FINISHER_ECHO:0:1:6:-1:-1:33:33:-3:-1:2~WARRIOR_ACCENT:0:3:-5:0:-1:35:34:-2:-1:2|ANTICIPATION,1,4,-44,1.0,-0.006000001,-0.008000001,1.025,1.05,-9.0,1.0,1.0,,2,0,LEADING_EDGE;PRIMARY,1,7,-42,1.08,-0.036,-0.026,0.95,1.0,-15.0,-1.0,0.92,,2,2,TARGET;CONTACT,1,2,-12,1.04,-0.03088,-0.01768,0.95,1.0,-0.119999886,1.0,1.04,,2,4,TARGET;DEBRIS,1,7,1,0.96000004,-0.0031200005,-0.02132,1.025,1.0,-13.38,-1.0,1.0,,2,5,TRAILING_EDGE;RESIDUAL,2,4,22,0.92,-0.0031200005,-0.003320001,1.025,1.05,1.6199999,1.0,0.92,,2,1,GROUND;FINISHER_RING,0,6,36,0.92,-0.02088,-0.02668,0.97499996,0.97499996,2.88,1.0,0.92,,2,6,ORBIT;FINISHER_ECHO,0,1,36,0.92,-0.010880001,-0.02668,1.0,0.97499996,-15.12,-1.0,0.96000004,,2,7,ORBIT;WARRIOR_ACCENT,0,3,-34,1.08,0.0068799993,-0.012320001,1.05,1.025,-10.38,-1.0,0.92,,2,3,TARGET|EARTH|48,52|330,650|330,650|330:0:48;650:1:52|2131034435|2131034435,2131034436|2131034328|2131034527,2131034527,2131034527|2131034528,2131034528,2131034528|2131034325||||5|4|3|1
ranger_t16_c02|RANGER|80|1|무한 화살진|AUTHORED_CLASS:RANGER:RUPTURE|VOLLEY|OUTSIDE_IN|POINT|RUPTURE|3|3|ranger:c2:b4|ranger:c2:b4|2|v2:24cbb875c2c898f8|G17_VOLLEY_OUTSIDE_IN|MID|COMBO|G17_VOLLEY_OUTSIDE_IN:MID:COMBO~ANTICIPATION:2:7:0:1:-1:33:33:1:-1:3~PRIMARY:2:0:-4:0:-1:32:32:3:1:2~CONTACT:1:7:2:1:0:33:33:2:-1:3~DEBRIS:0:3:0:0:0:32:34:0:-1:3~RESIDUAL:1:3:-1:2:0:35:34:-1:-1:3~FINISHER_RING:2:2:1:0:0:32:33:1:1:2~FINISHER_ECHO:1:3:4:2:0:35:34:2:-1:3~WARRIOR_ACCENT:2:5:0:1:-1:34:32:3:-1:3|ANTICIPATION,2,7,-2,0.92,0.022,-0.012,1.0,1.0,4.0,-1.0,0.96000004,,3,0,LEADING_EDGE;PRIMARY,2,0,-24,1.04,0.0020000003,-0.03,0.95,0.95,13.0,1.0,1.04,,2,2,TARGET;CONTACT,1,7,16,0.92,0.01496,-0.00816,1.0,1.0,10.76,-1.0,0.92,,3,4,TARGET;DEBRIS,0,3,5,1.0,-0.00196,-8.400008E-4,0.95,1.025,-0.26000023,-1.0,1.0,,3,5,TRAILING_EDGE;RESIDUAL,1,3,-8,0.92,0.038039997,-8.400008E-4,1.05,1.025,-3.2600002,-1.0,0.96000004,,3,1,GROUND;FINISHER_RING,2,2,9,0.96000004,-0.0050399993,-0.00816,0.95,1.0,4.76,1.0,0.96000004,,2,6,ORBIT;FINISHER_ECHO,1,3,25,0.96000004,0.03496,8.399999E-4,1.05,1.025,7.76,-1.0,1.0,,3,7,ORBIT;WARRIOR_ACCENT,2,5,-4,0.92,0.02804,-0.02784,1.025,0.95,14.74,-1.0,0.96000004,,3,3,TARGET|WIND|15,17,18,20,30|100,220,350,500,820|100,220,350,500,820|100:0:15;220:1:17;350:2:18;500:3:20;820:4:30|2131034454|2131034453,2131034454|2131034186|2131034187,2131034187,2131034187|2131034188,2131034188,2131034188|2131034186||||5|4|3|1
ranger_t17_c03|RANGER|85|2|창공 붕괴|AUTHORED_CLASS:RANGER:CROSS|COLLAPSE|OUTSIDE_IN|RING|CROSS|4|0|ranger:c3:b5|ranger:c3:b5|2|v2:acdaf8fa9236ca6c|G06_COLLAPSE_OUTSIDE_IN|HIGH|COMBO|G06_COLLAPSE_OUTSIDE_IN:HIGH:COMBO~ANTICIPATION:2:4:-6:1:0:36:37:5:1:2~PRIMARY:0:7:0:-1:-1:34:35:1:-1:3~CONTACT:2:5:2:0:-2:35:34:0:-1:3~DEBRIS:1:4:5:0:0:34:37:4:1:2~RESIDUAL:0:7:5:1:-1:36:35:2:-1:3~FINISHER_RING:1:0:2:1:-2:36:34:1:1:2~FINISHER_ECHO:2:3:2:1:0:37:36:0:-1:3~WARRIOR_ACCENT:2:3:0:-1:0:34:36:3:-1:3|ANTICIPATION,2,4,-38,0.92,0.01,-0.0020000003,1.0864999,1.1129999,23.0,1.0,0.92,,2,0,LEADING_EDGE;PRIMARY,0,7,-4,1.08,-0.02,-0.02,1.007,1.06,5.0,-1.0,0.92,,3,2,TARGET;CONTACT,2,5,15,1.0,0.0,-0.0316,1.06,1.007,0.52000046,-1.0,1.04,,3,4,TARGET;DEBRIS,1,4,30,0.96000004,-0.01,0.0015999991,1.0335,1.1129999,20.48,1.0,0.96000004,,2,5,TRAILING_EDGE;RESIDUAL,0,7,34,0.92,0.01,-0.0164,1.0864999,1.06,11.48,-1.0,0.96000004,,3,1,GROUND;FINISHER_RING,1,0,13,0.96000004,0.01,-0.0316,1.0864999,1.007,3.5200005,1.0,0.96000004,,2,6,ORBIT;FINISHER_ECHO,2,3,17,1.0,0.02,-0.0046000006,1.1129999,1.0864999,0.52000046,-1.0,1.0,,3,7,ORBIT;WARRIOR_ACCENT,2,3,-4,0.92,-0.02,-0.0074000005,1.007,1.0864999,17.48,-1.0,0.92,,3,3,TARGET|WIND|28,32,40|140,420,780|140,420,780|140:0:28;420:1:32;780:2:40|2131034456|2131034455,2131034456|2131034330|2131034534,2131034534,2131034534|2131034535,2131034535,2131034535|2131034327||2131034536||6|4|3|1
ranger_t18_c04|RANGER|90|3|신화의 덫|AUTHORED_CLASS:RANGER:RUPTURE|TRAP|OUTSIDE_IN|RING|RUPTURE|4|1|ranger:c4:b5|ranger:c4:b5|2|v2:7a66079ea666eb5a|G16_TRAP_OUTSIDE_IN|HIGH|COMBO|G16_TRAP_OUTSIDE_IN:HIGH:COMBO~ANTICIPATION:0:7:-5:1:1:36:35:-1:-1:3~PRIMARY:1:6:-2:0:1:34:34:-1:1:2~CONTACT:1:7:4:1:1:37:35:-4:-1:3~DEBRIS:2:7:-1:-1:1:34:35:-4:-1:3~RESIDUAL:1:1:6:-1:1:34:34:-3:-1:3~FINISHER_RING:0:2:0:-1:1:34:35:-3:1:2~FINISHER_ECHO:2:5:8:-1:0:34:34:-2:-1:3~WARRIOR_ACCENT:0:0:-2:1:0:37:34:-4:1:2|ANTICIPATION,0,7,-32,0.96000004,0.01,0.026,1.0864999,1.06,-5.0,-1.0,0.96000004,,3,0,LEADING_EDGE;PRIMARY,1,6,-12,0.96000004,-0.01,0.017,1.0335,1.0335,-5.0,1.0,1.0,,2,2,TARGET;CONTACT,1,7,24,0.92,0.02,0.01768,1.1129999,1.06,-18.52,-1.0,0.96000004,,3,4,TARGET;DEBRIS,2,7,-7,0.96000004,-0.02,0.02132,1.007,1.06,-20.48,-1.0,0.96000004,,3,5,TRAILING_EDGE;RESIDUAL,1,1,36,0.92,-0.02,0.012320001,1.007,1.0335,-17.48,-1.0,0.92,,3,1,GROUND;FINISHER_RING,0,2,4,1.0,-0.02,0.01768,1.007,1.06,-15.52,1.0,1.0,,2,6,ORBIT;FINISHER_ECHO,2,5,52,1.0,-0.02,-3.199987E-4,1.007,1.007,-9.52,-1.0,1.04,,3,7,ORBIT;WARRIOR_ACCENT,0,0,-12,1.04,0.02,0.003320001,1.1129999,1.007,-20.48,1.0,1.04,,2,3,TARGET|EARTH|28,32,40|180,430,720|180,430,720|180:0:28;430:1:32;720:2:40|2131034432|2131034431,2131034432|2131034328|2131034527,2131034527,2131034527|2131034528,2131034528,2131034528|2131034325||2131034529||6|4|3|1
ranger_t19_c05|RANGER|95|4|은하 종단|AUTHORED_CLASS:RANGER:CROSS|BEAM|LEFT_TO_RIGHT|POINT|CROSS|4|2|ranger:c5:b5|ranger:c5:b5|2|v2:9911635a9a9b18db|G02_BEAM_LEFT_TO_RIGHT|HIGH|COMBO|G02_BEAM_LEFT_TO_RIGHT:HIGH:COMBO~ANTICIPATION:1:2:-8:-1:0:35:35:1:1:2~PRIMARY:1:6:-2:-1:0:35:34:-1:1:2~CONTACT:1:1:-1:0:0:37:34:-2:-1:3~DEBRIS:1:2:2:0:0:36:35:2:1:2~RESIDUAL:2:0:4:0:-1:36:34:2:1:2~FINISHER_RING:0:7:5:-1:0:35:35:1:-1:3~FINISHER_ECHO:1:3:7:0:0:37:36:-2:-1:3~WARRIOR_ACCENT:0:0:-3:-2:-1:34:34:1:1:2|ANTICIPATION,1,2,-48,0.96000004,-0.02,0.0,1.06,1.06,6.0,1.0,1.0,,2,0,LEADING_EDGE;PRIMARY,1,6,-16,0.92,-0.02,-0.009,1.06,1.0335,-3.0,1.0,0.96000004,,2,2,TARGET;CONTACT,1,1,-8,0.92,0.0063999994,-0.009,1.1129999,1.0335,-9.0,-1.0,0.96000004,,3,4,TARGET;DEBRIS,1,2,16,0.92,-0.0064000003,0.0,1.0864999,1.06,9.0,1.0,0.96000004,,2,5,TRAILING_EDGE;RESIDUAL,2,0,24,1.08,-0.0064000003,-0.018,1.0864999,1.007,9.0,1.0,0.92,,2,1,GROUND;FINISHER_RING,0,7,32,0.92,-0.0136,0.0,1.06,1.06,6.0,-1.0,0.96000004,,3,6,ORBIT;FINISHER_ECHO,1,3,44,0.92,0.0063999994,0.009,1.1129999,1.0864999,-9.0,-1.0,0.92,,3,7,ORBIT;WARRIOR_ACCENT,0,0,-20,0.96000004,-0.036399998,-0.018,1.007,1.007,6.0,1.0,0.96000004,,2,3,TARGET|COSMIC|28,32,40|260,470,650|260,470,650|260:0:28;470:1:32;650:2:40|2131034438|2131034437,2131034438|2131034329|2131034568,2131034568,2131034568|2131034530,2131034530,2131034530|2131034326||2131034531||6|4|3|2
ranger_t20_c05|RANGER|100|4|성운 가르기|AUTHORED_CLASS:RANGER:CONVERGE|PIERCE|OUTSIDE_IN|POINT|CONVERGE|4|3|ranger:c5:b5|ranger:c5:b5|2|v2:3002c345cc8e5b8b|G13_PIERCE_OUTSIDE_IN|HIGH|SINGLE|G13_PIERCE_OUTSIDE_IN:HIGH:SINGLE~ANTICIPATION:0:6:-3:-2:-1:34:34:-2:1:1~PRIMARY:1:6:0:0:-1:37:34:-1:1:1~CONTACT:1:2:-3:0:0:37:35:0:1:1~DEBRIS:1:6:1:0:-1:36:34:-2:1:1~RESIDUAL:1:5:4:0:-1:36:34:0:-1:1~FINISHER_RING:0:4:1:-2:1:34:37:1:1:1~FINISHER_ECHO:0:0:2:-1:-1:35:34:-2:1:1~WARRIOR_ACCENT:2:5:-4:0:-1:36:34:-2:-1:1|ANTICIPATION,0,6,-21,0.96000004,-0.031999998,-0.017,1.0335,1.0335,-9.0,1.0,1.0,,1,0,LEADING_EDGE;PRIMARY,1,6,-2,1.04,-0.0020000003,-0.017,1.1129999,1.0335,-6.0,1.0,1.04,,1,2,TARGET;CONTACT,1,2,-19,0.96000004,0.0050399993,-0.0054400004,1.1129999,1.06,0.96000004,1.0,1.0,,1,4,TARGET;DEBRIS,1,6,11,1.0,-0.00804,-0.015559999,1.0864999,1.0335,-8.46,1.0,1.0,,1,5,TRAILING_EDGE;RESIDUAL,1,5,24,1.08,-0.00804,-0.024559999,1.0864999,1.007,-2.46,-1.0,0.92,,1,1,GROUND;FINISHER_RING,0,4,6,0.92,-0.03496,0.012559999,1.007,1.1129999,3.96,1.0,0.96000004,,1,6,ORBIT;FINISHER_ECHO,0,0,14,1.0,-0.01496,-0.02344,1.06,1.007,-11.04,1.0,1.04,,1,7,ORBIT;WARRIOR_ACCENT,2,5,-26,0.96000004,-0.00804,-0.024559999,1.0864999,1.007,-8.46,-1.0,0.96000004,,1,3,TARGET|COSMIC|100|560|560|560:0:100|2131034437|2131034437,2131034438|2131034329|2131034568,2131034568,2131034568|2131034530,2131034530,2131034530|2131034326||2131034531||6|4|3|1
mage_t01_c01|MAGE|5|0|불씨 화살|AUTHORED_CLASS:MAGE:RUPTURE|SHOT|OUTSIDE_IN|POINT|RUPTURE|0|0|mage:c1:b1|mage:c1:b1|2|v2:3cfd166b43e19385|G14_SHOT_OUTSIDE_IN|LOW|DOUBLE|G14_SHOT_OUTSIDE_IN:LOW:DOUBLE~ANTICIPATION:1:5:-5:0:-1:30:30:2:-1:2~PRIMARY:0:0:-2:2:-1:32:30:3:1:2~CONTACT:2:6:2:2:-1:33:31:0:1:2~DEBRIS:2:6:4:0:-1:30:31:2:1:2~RESIDUAL:0:1:3:1:-1:32:31:1:-1:2~FINISHER_RING:0:4:4:2:1:33:33:-1:1:2~FINISHER_ECHO:1:2:3:1:0:31:31:2:1:2~WARRIOR_ACCENT:2:2:0:1:0:31:31:2:1:2|ANTICIPATION,1,5,-30,0.96000004,0.0040000007,-0.024,0.893,0.893,10.0,-1.0,1.0,,2,0,LEADING_EDGE;PRIMARY,0,0,-12,1.0,0.034,-0.024,0.96349996,0.893,13.0,1.0,1.0,,2,2,TARGET;CONTACT,2,6,16,1.08,0.03632,-0.013079999,0.9869999,0.9165,-0.27999997,1.0,0.92,,2,4,TARGET;DEBRIS,2,6,25,1.08,-3.199987E-4,-0.01392,0.893,0.9165,9.28,1.0,0.92,,2,5,TRAILING_EDGE;RESIDUAL,0,1,18,0.96000004,0.02968,-0.01392,0.96349996,0.9165,3.28,-1.0,0.96000004,,2,1,GROUND;FINISHER_RING,0,4,26,1.0,0.03632,0.01392,0.9869999,0.9869999,-6.2799997,1.0,1.0,,2,6,ORBIT;FINISHER_ECHO,1,2,22,1.04,0.01632,-0.00408,0.94,0.94,8.72,1.0,1.04,,2,7,ORBIT;WARRIOR_ACCENT,2,2,0,0.92,0.01968,-0.00492,0.94,0.94,9.28,1.0,0.96000004,,2,3,TARGET|FIRE|48,52|240,680|240,680|240:0:48;680:1:52|2131034386|2131034385,2131034386|2131034307|2131034506,2131034506,2131034506|2131034507,2131034507,2131034507|||||4|3|3|1
mage_t02_c02|MAGE|10|1|얼음 창|AUTHORED_CLASS:MAGE:CROSS|PIERCE|OUTSIDE_IN|POINT|CROSS|0|1|mage:c2:b1|mage:c2:b1|2|v2:915f49b8f2c46e0a|G13_PIERCE_OUTSIDE_IN|LOW|COMBO|G13_PIERCE_OUTSIDE_IN:LOW:COMBO~ANTICIPATION:2:7:-1:0:0:33:31:0:-1:3~PRIMARY:0:0:-1:-2:-1:30:30:-2:1:2~CONTACT:1:7:-1:0:0:32:31:1:-1:3~DEBRIS:2:0:0:-1:-1:31:30:1:1:2~RESIDUAL:1:0:0:0:-1:33:30:0:1:2~FINISHER_RING:0:3:2:-1:0:31:32:-1:-1:3~FINISHER_ECHO:2:5:3:-1:-1:31:30:-2:-1:3~WARRIOR_ACCENT:1:7:-1:-2:0:30:31:-2:-1:3|ANTICIPATION,2,7,-9,1.08,-0.0020000003,-0.008,0.9869999,0.94,0.0,-1.0,0.92,,3,0,LEADING_EDGE;PRIMARY,0,0,-6,0.92,-0.042,-0.026,0.893,0.893,-9.0,1.0,0.92,,2,2,TARGET;CONTACT,1,7,-11,0.96000004,-0.0049600005,-0.0054400004,0.96349996,0.94,6.96,-1.0,1.0,,3,4,TARGET;DEBRIS,2,0,3,0.96000004,-0.02804,-0.024559999,0.9165,0.893,6.54,1.0,1.0,,2,5,TRAILING_EDGE;RESIDUAL,1,0,4,0.92,0.00196,-0.024559999,0.9869999,0.893,0.53999996,1.0,0.96000004,,2,1,GROUND;FINISHER_RING,0,3,14,0.92,-0.01496,0.0035599992,0.94,0.96349996,-5.04,-1.0,0.96000004,,3,6,ORBIT;FINISHER_ECHO,2,5,18,1.04,-0.02496,-0.02344,0.9165,0.893,-8.04,-1.0,1.04,,3,7,ORBIT;WARRIOR_ACCENT,1,7,-6,0.96000004,-0.038039997,-0.00656,0.893,0.94,-8.46,-1.0,1.0,,3,3,TARGET|ICE|20,22,25,33|260,450,600,720|260,450,600,720|260:0:20;450:1:22;600:2:25;720:3:33|2131034392|2131034391,2131034392|2131034309|2131034509,2131034509,2131034509|2131034510,2131034510,2131034510|||||4|4|3|2
mage_t03_c03|MAGE|15|2|삼중 낙뢰|AUTHORED_CLASS:MAGE:RUPTURE|VOLLEY|TOP_TO_BOTTOM|POINT|RUPTURE|0|2|mage:c3:b1|mage:c3:b1|2|v2:b0d601572abb300a|G18_VOLLEY_TOP_TO_BOTTOM|LOW|COMBO|G18_VOLLEY_TOP_TO_BOTTOM:LOW:COMBO~ANTICIPATION:0:6:-5:-1:-2:31:31:0:1:2~PRIMARY:0:0:1:-1:-2:31:30:-1:1:2~CONTACT:1:0:0:0:-2:32:30:-1:1:2~DEBRIS:1:2:-1:-1:-1:31:31:0:1:2~RESIDUAL:0:4:4:-1:0:31:33:0:1:2~FINISHER_RING:1:1:3:0:-1:32:31:-1:-1:3~FINISHER_ECHO:0:1:3:-1:-1:31:31:0:-1:3~WARRIOR_ACCENT:0:4:-1:-2:0:30:33:-1:1:2|ANTICIPATION,0,6,-32,0.96000004,-0.024,-0.031,0.9165,0.9165,2.0,1.0,1.0,,2,0,LEADING_EDGE;PRIMARY,0,0,6,1.04,-0.024,-0.04,0.9165,0.893,-4.0,1.0,1.04,,2,2,TARGET;CONTACT,1,0,-3,0.92,4.79999E-4,-0.032959998,0.96349996,0.893,-4.76,1.0,0.96000004,,2,4,TARGET;DEBRIS,1,2,-7,0.92,-0.01148,-0.01804,0.94,0.94,0.26000023,1.0,0.92,,2,5,TRAILING_EDGE;RESIDUAL,0,4,26,0.92,-0.01148,-4.0000305E-5,0.94,0.9869999,0.26000023,1.0,0.92,,2,1,GROUND;FINISHER_RING,1,1,18,0.92,4.79999E-4,-0.02396,0.96349996,0.9165,-4.76,-1.0,0.92,,3,6,ORBIT;FINISHER_ECHO,0,1,22,1.0,-0.01952,-0.02396,0.9165,0.9165,-1.7600002,-1.0,1.04,,3,7,ORBIT;WARRIOR_ACCENT,0,4,-6,0.92,-0.03148,-4.0000305E-5,0.893,0.9869999,-5.74,1.0,0.96000004,,2,3,TARGET|LIGHTNING|28,32,40|140,300,520|140,300,520|140:0:28;300:1:32;520:2:40|2131034398|2131034397,2131034398|2131034311|2131034512,2131034512,2131034512|2131034513,2131034513,2131034513|||||4|3|3|1
mage_t04_c04|MAGE|20|3|비전 충격|AUTHORED_CLASS:MAGE:CROSS|BURST|CENTER_OUT|RING|CROSS|0|3|mage:c4:b1|mage:c4:b1|2|v2:a9c75d6610cb1c6b|G03_BURST_CENTER_OUT|LOW|DOUBLE|G03_BURST_CENTER_OUT:LOW:DOUBLE~ANTICIPATION:0:3:-3:1:1:33:32:0:-1:2~PRIMARY:1:4:-3:0:2:31:33:3:1:2~CONTACT:1:1:-1:1:0:33:31:1:-1:2~DEBRIS:1:2:-1:1:0:32:31:3:1:2~RESIDUAL:0:4:4:-1:1:30:33:1:1:2~FINISHER_RING:0:6:1:1:0:32:31:1:1:2~FINISHER_ECHO:1:7:6:0:0:31:31:3:-1:2~WARRIOR_ACCENT:0:4:0:0:1:31:33:0:1:2|ANTICIPATION,0,3,-22,1.0,0.02,0.021,0.9869999,0.96349996,0.0,-1.0,1.04,,2,0,LEADING_EDGE;PRIMARY,1,4,-20,1.04,0.0,0.03,0.94,0.9869999,15.0,1.0,1.04,,2,2,TARGET;CONTACT,1,1,-8,0.96000004,0.02,-8.399999E-4,0.9869999,0.9165,3.12,-1.0,1.0,,2,4,TARGET;DEBRIS,1,2,-6,1.0,0.01,0.00984,0.96349996,0.94,16.380001,1.0,1.0,,2,5,TRAILING_EDGE;RESIDUAL,0,4,24,0.92,-0.02,0.02784,0.893,0.9869999,7.38,1.0,0.96000004,,2,1,GROUND;FINISHER_RING,0,6,8,1.0,0.01,-8.399999E-4,0.96349996,0.9165,6.12,1.0,1.0,,2,6,ORBIT;FINISHER_ECHO,1,7,36,0.92,-0.01,0.00816,0.9165,0.94,15.12,-1.0,0.92,,2,7,ORBIT;WARRIOR_ACCENT,0,4,0,0.96000004,0.0,0.02784,0.94,0.9869999,-1.6199999,1.0,0.96000004,,2,3,TARGET|ARCANE|48,52|220,780|220,780|220:0:48;780:1:52|2131034374|2131034373,2131034374|2131034313|2131034500,2131034500,2131034500|2131034501,2131034501,2131034501|||||4|3|3|1
mage_t05_c01|MAGE|25|0|용암 분출|AUTHORED_CLASS:MAGE:RUPTURE|ASCEND|BOTTOM_TO_TOP|FRACTURE|RUPTURE|1|0|mage:c1:b2|mage:c1:b2|2|v2:89e5e45dd0b9e0c8|G01_ASCEND_BOTTOM_TO_TOP|LOW|COMBO|G01_ASCEND_BOTTOM_TO_TOP:LOW:COMBO~ANTICIPATION:1:1:-5:-1:1:30:31:-3:-1:3~PRIMARY:1:4:-1:0:2:31:33:-1:1:2~CONTACT:0:5:-2:-1:0:30:30:0:-1:3~DEBRIS:1:4:5:1:2:33:33:-3:1:2~RESIDUAL:2:5:6:0:0:31:30:0:-1:3~FINISHER_RING:2:6:5:0:0:31:31:-2:1:2~FINISHER_ECHO:0:0:5:0:0:31:30:1:1:2~WARRIOR_ACCENT:2:5:-3:0:0:31:30:1:-1:3|ANTICIPATION,1,1,-34,1.04,-0.02,0.013,0.893,0.9165,-13.0,-1.0,1.04,,3,0,LEADING_EDGE;PRIMARY,1,4,-6,0.92,-0.01,0.04,0.9165,0.9869999,-4.0,1.0,0.96000004,,2,2,TARGET;CONTACT,0,5,-15,1.08,-0.02,-0.003039999,0.893,0.893,1.2399998,-1.0,0.92,,3,4,TARGET;DEBRIS,1,4,32,1.04,0.02,0.03604,0.9869999,0.9869999,-14.74,1.0,1.04,,2,5,TRAILING_EDGE;RESIDUAL,2,5,38,1.04,0.0,4.0000305E-5,0.94,0.893,0.26000023,-1.0,1.04,,3,1,GROUND;FINISHER_RING,2,6,34,0.92,-0.01,0.0059600007,0.9165,0.9165,-10.76,1.0,0.92,,2,6,ORBIT;FINISHER_ECHO,0,0,34,1.0,-0.01,-0.003039999,0.9165,0.893,4.24,1.0,1.0,,2,7,ORBIT;WARRIOR_ACCENT,2,5,-22,0.92,-0.01,4.0000305E-5,0.9165,0.893,3.2600002,-1.0,0.96000004,,3,3,TARGET|FIRE|28,32,40|140,300,520|140,300,520|140:0:28;300:1:32;520:2:40|2131034386|2131034385,2131034386|2131034307|2131034506,2131034506,2131034506|2131034507,2131034507,2131034507|2131034306||||5|4|3|1
mage_t06_c04|MAGE|30|3|공간 절단|AUTHORED_CLASS:MAGE:RUPTURE|CUT|LEFT_TO_RIGHT|EDGE|RUPTURE|1|1|mage:c4:b2|mage:c4:b2|2|v2:639d460da67127d9|G08_CUT_LEFT_TO_RIGHT|LOW|SINGLE|G08_CUT_LEFT_TO_RIGHT:LOW:SINGLE~ANTICIPATION:0:0:0:-1:-1:31:30:-2:1:1~PRIMARY:0:6:-1:-1:0:31:31:1:1:1~CONTACT:2:1:2:1:0:33:31:0:-1:1~DEBRIS:0:4:3:-2:1:30:33:0:1:1~RESIDUAL:1:7:3:-1:0:31:31:-1:-1:1~FINISHER_RING:2:3:5:-1:1:30:32:-2:-1:1~FINISHER_ECHO:2:3:3:-1:1:30:32:-2:-1:1~WARRIOR_ACCENT:2:1:-1:0:0:33:31:0:-1:1|ANTICIPATION,0,0,-2,0.92,-0.024,-0.011999999,0.9165,0.893,-11.0,1.0,0.92,,1,0,LEADING_EDGE;PRIMARY,0,6,-10,0.96000004,-0.024,-0.0029999996,0.9165,0.9165,4.0,1.0,0.96000004,,1,2,TARGET;CONTACT,2,1,12,1.0,0.010479999,-0.0049199997,0.9869999,0.9165,-0.4000001,-1.0,1.04,,1,4,TARGET;DEBRIS,0,4,19,0.96000004,-0.03148,0.02292,0.893,0.9869999,1.9000001,1.0,1.0,,1,5,TRAILING_EDGE;RESIDUAL,1,7,20,0.92,-0.01148,0.00492,0.94,0.94,-7.1,-1.0,0.92,,1,1,GROUND;FINISHER_RING,2,3,32,0.92,-0.029520001,0.013079999,0.893,0.96349996,-12.4,-1.0,0.96000004,,1,6,ORBIT;FINISHER_ECHO,2,3,20,0.92,-0.029520001,0.013079999,0.893,0.96349996,-9.4,-1.0,0.92,,1,7,ORBIT;WARRIOR_ACCENT,2,1,-10,0.92,0.00852,-0.0040799994,0.9869999,0.9165,-1.0999999,-1.0,0.96000004,,1,3,TARGET|ARCANE|100|580|580|580:0:100|2131034374|2131034373,2131034374|2131034313|2131034500,2131034500,2131034500|2131034501,2131034501,2131034501|2131034312||||5|4|3|1
mage_t07_c02|MAGE|35|1|서리 폭풍|AUTHORED_CLASS:MAGE:CONVERGE|SPIN|CLOCKWISE|RING|CONVERGE|1|2|mage:c2:b2|mage:c2:b2|2|v2:44ec011678647c82|G15_SPIN_CLOCKWISE|LOW|SINGLE|G15_SPIN_CLOCKWISE:LOW:SINGLE~ANTICIPATION:2:0:-2:1:0:33:30:2:1:1~PRIMARY:0:3:-2:0:1:31:32:2:-1:1~CONTACT:0:3:-1:-1:1:30:32:1:-1:1~DEBRIS:2:6:3:-1:0:30:31:2:1:1~RESIDUAL:0:6:4:0:0:31:31:4:1:1~FINISHER_RING:0:1:4:0:0:31:31:4:-1:1~FINISHER_ECHO:0:0:3:0:0:31:30:1:1:1~WARRIOR_ACCENT:0:1:-4:1:0:33:31:4:-1:1|ANTICIPATION,2,0,-16,0.92,0.02,-0.003999999,0.9869999,0.893,9.0,1.0,0.92,,1,0,LEADING_EDGE;PRIMARY,0,3,-16,0.92,0.0,0.023,0.94,0.96349996,9.0,-1.0,0.92,,1,2,TARGET;CONTACT,0,3,-10,1.0,-0.02,0.018520001,0.893,0.96349996,3.2399998,-1.0,1.0,,1,4,TARGET;DEBRIS,2,6,18,0.92,-0.02,0.0024800003,0.893,0.9165,8.76,1.0,0.92,,1,5,TRAILING_EDGE;RESIDUAL,0,6,26,1.04,-0.01,0.0024800003,0.9165,0.9165,17.76,1.0,1.04,,1,1,GROUND;FINISHER_RING,0,1,24,1.04,-0.01,5.2000117E-4,0.9165,0.9165,21.24,-1.0,1.04,,1,6,ORBIT;FINISHER_ECHO,0,0,20,0.92,-0.01,-0.008479998,0.9165,0.893,6.24,1.0,0.92,,1,7,ORBIT;WARRIOR_ACCENT,0,1,-24,1.0,0.02,0.0024800003,0.9869999,0.9165,17.76,-1.0,1.0,,1,3,TARGET|ICE|100|520|520|520:0:100|2131034391|2131034391,2131034392|2131034309|2131034509,2131034509,2131034509|2131034510,2131034510,2131034510|2131034308||||5|4|3|1
mage_t08_c03|MAGE|40|2|사방 낙뢰|AUTHORED_CLASS:MAGE:FOCUS|BURST|CENTER_OUT|RING|FOCUS|1|3|mage:c3:b2|mage:c3:b2|2|v2:c59af2e67d560fff|G03_BURST_CENTER_OUT|LOW|COMBO|G03_BURST_CENTER_OUT:LOW:COMBO~ANTICIPATION:0:5:0:0:0:31:30:0:-1:3~PRIMARY:1:4:0:1:2:32:33:1:1:2~CONTACT:0:6:-3:1:0:33:31:1:1:2~DEBRIS:2:2:1:-1:0:30:31:0:1:2~RESIDUAL:0:3:2:0:1:31:32:3:-1:3~FINISHER_RING:0:3:2:1:1:33:32:1:-1:3~FINISHER_ECHO:2:5:6:1:0:33:30:1:-1:3~WARRIOR_ACCENT:0:1:2:-1:0:30:31:1:-1:3|ANTICIPATION,0,5,2,1.04,0.0,-0.005999999,0.94,0.893,0.0,-1.0,1.04,,3,0,LEADING_EDGE;PRIMARY,1,4,4,1.0,0.01,0.03,0.96349996,0.9869999,3.0,1.0,1.04,,2,2,TARGET;CONTACT,0,6,-20,1.04,0.02,-8.399999E-4,0.9869999,0.9165,3.12,1.0,1.04,,2,4,TARGET;DEBRIS,2,2,6,1.08,-0.02,0.00984,0.893,0.94,1.3800001,1.0,0.92,,2,5,TRAILING_EDGE;RESIDUAL,0,3,16,0.96000004,0.0,0.01884,0.94,0.96349996,13.38,-1.0,1.0,,3,1,GROUND;FINISHER_RING,0,3,16,0.92,0.02,0.017159998,0.9869999,0.96349996,3.12,-1.0,0.96000004,,3,6,ORBIT;FINISHER_ECHO,2,5,36,1.08,0.02,-0.0098399995,0.9869999,0.893,3.12,-1.0,0.92,,3,7,ORBIT;WARRIOR_ACCENT,0,1,12,1.0,-0.02,8.400008E-4,0.893,0.9165,7.38,-1.0,1.04,,3,3,TARGET|LIGHTNING|20,22,25,33|120,250,390,580|120,250,390,580|120:0:20;250:1:22;390:2:25;580:3:33|2131034397|2131034397,2131034398|2131034311|2131034512,2131034512,2131034512|2131034513,2131034513,2131034513|2131034310||||5|4|3|2
mage_t09_c05|MAGE|45|4|유성우|AUTHORED_CLASS:MAGE:RUPTURE|VOLLEY|TOP_TO_BOTTOM|POINT|RUPTURE|2|0|mage:c5:b3|mage:c5:b3|2|v2:11bb36c9c7da0dc0|G18_VOLLEY_TOP_TO_BOTTOM|MID|COMBO|G18_VOLLEY_TOP_TO_BOTTOM:MID:COMBO~ANTICIPATION:1:1:0:-1:-2:33:33:-3:-1:3~PRIMARY:0:2:-3:-1:-1:33:33:-3:1:2~CONTACT:2:5:0:-1:-2:32:32:0:-1:3~DEBRIS:1:7:2:-2:-1:32:33:-2:-1:3~RESIDUAL:0:1:2:0:-1:35:33:-3:-1:3~FINISHER_RING:1:4:3:0:0:33:35:0:1:2~FINISHER_ECHO:2:7:2:-1:-1:32:33:-2:-1:3~WARRIOR_ACCENT:1:5:-1:0:-2:34:32:-1:-1:3|ANTICIPATION,1,1,0,0.96000004,-0.014,-0.031,1.0,0.97499996,-16.0,-1.0,1.0,,3,0,LEADING_EDGE;PRIMARY,0,2,-18,1.08,-0.014,-0.022,1.0,1.0,-16.0,1.0,0.92,,2,2,TARGET;CONTACT,2,5,5,0.96000004,-0.029520001,-0.032959998,0.95,0.95,1.2399998,-1.0,1.0,,3,4,TARGET;DEBRIS,1,7,17,0.96000004,-0.03148,-0.01804,0.95,1.0,-11.74,-1.0,1.0,,3,5,TRAILING_EDGE;RESIDUAL,0,1,14,0.92,0.00852,-0.02704,1.05,0.97499996,-14.74,-1.0,0.92,,3,1,GROUND;FINISHER_RING,1,4,22,1.04,-0.009520001,0.003039999,1.0,1.05,1.2399998,1.0,1.04,,2,6,ORBIT;FINISHER_ECHO,2,7,14,1.08,-0.029520001,-0.01496,0.95,1.0,-10.76,-1.0,0.92,,3,7,ORBIT;WARRIOR_ACCENT,1,5,-6,0.92,-0.0014800001,-0.03604,1.025,0.95,-5.74,-1.0,0.96000004,,3,3,TARGET|COSMIC|20,22,25,33|260,450,600,720|260,450,600,720|260:0:20;450:1:22;600:2:25;720:3:33|2131034382|2131034381,2131034382|2131034315|2131034503,2131034503,2131034503|2131034504,2131034504,2131034504|2131034314||||5|4|3|2
mage_t10_c04|MAGE|50|3|공간 왜곡파|AUTHORED_CLASS:MAGE:RUPTURE|COLLAPSE|OUTSIDE_IN|RING|RUPTURE|2|1|mage:c4:b3|mage:c4:b3|2|v2:c7f205466a03d773|G06_COLLAPSE_OUTSIDE_IN|MID|DOUBLE|G06_COLLAPSE_OUTSIDE_IN:MID:DOUBLE~ANTICIPATION:2:5:-5:1:-2:35:32:3:-1:2~PRIMARY:2:4:-2:1:0:34:35:5:1:2~CONTACT:2:6:-2:-1:-1:32:33:0:1:2~DEBRIS:2:3:3:-1:0:32:34:2:-1:2~RESIDUAL:1:5:0:0:-2:33:32:1:-1:2~FINISHER_RING:1:7:6:-1:-1:32:33:0:-1:2~FINISHER_ECHO:2:2:6:0:-1:33:33:3:1:2~WARRIOR_ACCENT:1:4:-3:1:0:35:35:3:1:2|ANTICIPATION,2,5,-30,1.08,0.02,-0.038,1.05,0.95,17.0,-1.0,0.92,,2,0,LEADING_EDGE;PRIMARY,2,4,-16,1.08,0.01,-0.0020000003,1.025,1.05,23.0,1.0,0.92,,2,2,TARGET;CONTACT,2,6,-13,0.92,-0.02,-0.022599999,0.95,0.97499996,0.52000046,1.0,0.96000004,,2,4,TARGET;DEBRIS,2,3,22,0.96000004,-0.02,-0.0074000005,0.95,1.025,11.48,-1.0,0.96000004,,2,5,TRAILING_EDGE;RESIDUAL,1,5,2,0.92,-0.01,-0.0344,0.97499996,0.95,5.4799995,-1.0,0.92,,2,1,GROUND;FINISHER_RING,1,7,41,1.08,-0.02,-0.0136,0.95,1.0,0.52000046,-1.0,0.92,,2,6,ORBIT;FINISHER_ECHO,2,2,41,1.04,-0.01,-0.0136,0.97499996,1.0,12.52,1.0,1.04,,2,7,ORBIT;WARRIOR_ACCENT,1,4,-20,1.0,0.02,0.0015999991,1.05,1.05,14.48,1.0,1.0,,2,3,TARGET|ARCANE|48,52|330,650|330,650|330:0:48;650:1:52|2131034376|2131034375,2131034376|2131034313|2131034500,2131034500,2131034500|2131034501,2131034501,2131034501|2131034312||||5|4|3|1
mage_t11_c01|MAGE|55|0|지옥불 구체|AUTHORED_CLASS:MAGE:CROSS|SHOT|OUTSIDE_IN|POINT|CROSS|2|2|mage:c1:b3|mage:c1:b3|2|v2:2deb65c2d4378af0|G14_SHOT_OUTSIDE_IN|MID|COMBO|G14_SHOT_OUTSIDE_IN:MID:COMBO~ANTICIPATION:0:6:-6:1:-1:33:33:0:1:2~PRIMARY:1:1:-4:0:-1:32:33:1:-1:3~CONTACT:1:4:2:2:1:35:35:0:1:2~DEBRIS:1:5:4:1:-1:34:32:2:-1:3~RESIDUAL:1:7:3:0:0:32:33:1:-1:3~FINISHER_RING:0:2:4:0:0:33:33:2:1:2~FINISHER_ECHO:1:1:7:1:-1:34:33:2:-1:3~WARRIOR_ACCENT:0:2:-2:2:0:35:33:1:1:2|ANTICIPATION,0,6,-38,1.04,0.024,-0.015,1.0,0.97499996,1.0,1.0,1.04,,2,0,LEADING_EDGE;PRIMARY,1,1,-28,0.92,0.0040000007,-0.015,0.95,0.97499996,4.0,-1.0,0.92,,3,2,TARGET;CONTACT,1,4,16,0.92,0.03632,0.01392,1.05,1.05,-0.27999997,1.0,0.92,,2,4,TARGET;DEBRIS,1,5,29,0.96000004,0.02968,-0.02292,1.025,0.95,12.28,-1.0,1.0,,3,5,TRAILING_EDGE;RESIDUAL,1,7,18,0.96000004,-3.199987E-4,-0.00492,0.95,1.0,3.28,-1.0,0.96000004,,3,1,GROUND;FINISHER_RING,0,2,26,0.96000004,0.0063199997,-0.00408,0.97499996,1.0,11.72,1.0,1.0,,2,6,ORBIT;FINISHER_ECHO,1,1,42,0.96000004,0.02632,-0.013079999,1.025,0.97499996,11.72,-1.0,0.96000004,,3,7,ORBIT;WARRIOR_ACCENT,0,2,-12,0.96000004,0.03968,-0.00492,1.05,1.0,6.2799997,1.0,0.96000004,,2,3,TARGET|FIRE|28,32,40|180,430,720|180,430,720|180:0:28;430:1:32;720:2:40|2131034388|2131034387,2131034388|2131034307|2131034506,2131034506,2131034506|2131034507,2131034507,2131034507|2131034306||||5|3|3|1
mage_t12_c02|MAGE|60|1|절대영도 파열|AUTHORED_CLASS:MAGE:RUPTURE|BURST|CENTER_OUT|RING|RUPTURE|2|3|mage:c2:b3|mage:c2:b3|2|v2:ad0340506c77313a|G03_BURST_CENTER_OUT|MID|DOUBLE|G03_BURST_CENTER_OUT:MID:DOUBLE~ANTICIPATION:2:2:-4:0:1:33:33:4:1:2~PRIMARY:0:1:-4:1:0:34:33:4:-1:2~CONTACT:1:5:3:-1:0:32:32:1:-1:2~DEBRIS:0:6:-3:1:0:35:33:2:1:2~RESIDUAL:2:3:0:-1:1:32:34:0:-1:2~FINISHER_RING:1:7:1:1:0:35:33:-1:-1:2~FINISHER_ECHO:1:0:2:-1:0:32:32:1:1:2~WARRIOR_ACCENT:0:2:-2:-1:0:32:33:3:1:2|ANTICIPATION,2,2,-26,1.0,-0.01,0.012,0.97499996,1.0,18.0,1.0,1.0,,2,0,LEADING_EDGE;PRIMARY,0,1,-24,1.0,0.01,0.0030000005,1.025,0.97499996,18.0,-1.0,1.04,,2,2,TARGET;CONTACT,1,5,20,1.08,-0.02,-0.0098399995,0.95,0.95,6.12,-1.0,0.92,,2,4,TARGET;DEBRIS,0,6,-18,1.04,0.02,8.400008E-4,1.05,0.97499996,10.38,1.0,1.04,,2,5,TRAILING_EDGE;RESIDUAL,2,3,0,1.0,-0.02,0.01884,0.95,1.025,-1.6199999,-1.0,1.04,,2,1,GROUND;FINISHER_RING,1,7,8,1.04,0.02,0.00816,1.05,1.0,-2.88,-1.0,1.04,,2,6,ORBIT;FINISHER_ECHO,1,0,12,1.08,-0.02,-0.0098399995,0.95,0.95,6.12,1.0,0.92,,2,7,ORBIT;WARRIOR_ACCENT,0,2,-12,0.92,-0.02,0.00984,0.95,1.0,13.38,1.0,0.96000004,,2,3,TARGET|ICE|48,52|330,650|330,650|330:0:48;650:1:52|2131034394|2131034393,2131034394|2131034309|2131034509,2131034509,2131034509|2131034510,2131034510,2131034510|2131034308||||5|4|3|1
mage_t13_c03|MAGE|65|2|뇌신의 사슬|AUTHORED_CLASS:MAGE:CROSS|CHAIN|OUTSIDE_IN|POINT|CROSS|3|0|mage:c3:b4|mage:c3:b4|2|v2:8bb9176b66a77423|G04_CHAIN_OUTSIDE_IN|MID|COMBO|G04_CHAIN_OUTSIDE_IN:MID:COMBO~ANTICIPATION:2:6:-1:0:-1:32:33:-1:1:2~PRIMARY:1:7:-6:0:-1:32:33:-1:-1:3~CONTACT:2:5:2:0:-1:33:32:-1:-1:3~DEBRIS:0:4:1:1:0:33:35:-4:1:2~RESIDUAL:1:1:2:1:-1:33:33:-2:-1:3~FINISHER_RING:1:1:2:2:-1:35:33:-3:-1:3~FINISHER_ECHO:2:7:5:1:0:34:33:-3:-1:3~WARRIOR_ACCENT:2:6:-4:2:-1:35:33:-2:1:2|ANTICIPATION,2,6,-10,0.96000004,0.0,-0.023,0.95,0.97499996,-5.0,1.0,1.0,,2,0,LEADING_EDGE;PRIMARY,1,7,-36,0.92,0.0,-0.014,0.95,1.0,-5.0,-1.0,0.96000004,,3,2,TARGET;CONTACT,2,5,12,0.96000004,0.0036000004,-0.027520001,0.97499996,0.95,-4.48,-1.0,0.96000004,,3,4,TARGET;DEBRIS,0,4,8,0.92,0.0164,0.0065199994,1.0,1.05,-18.02,1.0,0.92,,2,5,TRAILING_EDGE;RESIDUAL,1,1,12,0.96000004,0.0164,-0.02048,1.0,0.97499996,-12.0199995,-1.0,0.96000004,,3,1,GROUND;FINISHER_RING,1,1,16,0.96000004,0.0336,-0.018520001,1.05,0.97499996,-16.48,-1.0,0.96000004,,3,6,ORBIT;FINISHER_ECHO,2,7,32,1.08,0.0236,-0.009520001,1.025,1.0,-13.48,-1.0,0.92,,3,7,ORBIT;WARRIOR_ACCENT,2,6,-28,1.04,0.036399998,-0.02048,1.05,0.97499996,-12.0199995,1.0,1.04,,2,3,TARGET|LIGHTNING|15,17,18,20,30|100,210,330,460,620|100,210,330,460,620|100:0:15;210:1:17;330:2:18;460:3:20;620:4:30|2131034400|2131034399,2131034400|2131034311|2131034512,2131034512,2131034512|2131034513,2131034513,2131034513|2131034310||||5|4|3|2
mage_t14_c04|MAGE|70|3|공허 칼날|AUTHORED_CLASS:MAGE:RUPTURE|CUT|LEFT_TO_RIGHT|EDGE|RUPTURE|3|1|mage:c4:b4|mage:c4:b4|2|v2:625c43cb565aca0c|G08_CUT_LEFT_TO_RIGHT|MID|COMBO|G08_CUT_LEFT_TO_RIGHT:MID:COMBO~ANTICIPATION:2:5:0:-1:-1:33:32:0:-1:3~PRIMARY:0:1:0:0:0:35:33:0:-1:3~CONTACT:2:7:3:-1:0:32:33:-1:-1:3~DEBRIS:1:6:-2:0:0:35:33:0:1:2~RESIDUAL:2:0:0:-2:-1:32:32:-3:1:2~FINISHER_RING:1:5:3:-1:-1:33:32:0:-1:3~FINISHER_ECHO:2:7:3:1:0:35:33:-1:-1:3~WARRIOR_ACCENT:1:3:-2:-2:1:32:34:0:-1:3|ANTICIPATION,2,5,2,1.0,-0.024,-0.011999999,0.97499996,0.95,-2.0,-1.0,1.04,,3,0,LEADING_EDGE;PRIMARY,0,1,2,1.08,0.005999999,-0.0029999996,1.05,0.97499996,-2.0,-1.0,0.92,,3,2,TARGET;CONTACT,2,7,20,1.0,-0.029520001,0.00408,0.95,1.0,-3.4,-1.0,1.0,,3,4,TARGET;DEBRIS,1,6,-13,1.0,0.00852,-0.0040799994,1.05,0.97499996,-1.0999999,1.0,1.0,,2,5,TRAILING_EDGE;RESIDUAL,2,0,0,0.96000004,-0.03148,-0.013079999,0.95,0.95,-13.1,1.0,0.96000004,,2,1,GROUND;FINISHER_RING,1,5,20,1.04,-0.01952,-0.01392,0.97499996,0.95,-0.4000001,-1.0,1.04,,3,6,ORBIT;FINISHER_ECHO,2,7,20,1.0,0.010479999,0.00408,1.05,1.0,-6.4,-1.0,1.0,,3,7,ORBIT;WARRIOR_ACCENT,1,3,-14,0.96000004,-0.03148,0.01392,0.95,1.025,1.9000001,-1.0,0.96000004,,3,3,TARGET|ARCANE|28,32,40|170,360,790|170,360,790|170:0:28;360:1:32;790:2:40|2131034376|2131034375,2131034376|2131034313|2131034500,2131034500,2131034500|2131034501,2131034501,2131034501|2131034312||||5|3|3|1
mage_t15_c01|MAGE|75|0|불사조 격돌|AUTHORED_CLASS:MAGE:CROSS|DIVE|TOP_TO_BOTTOM|POINT|CROSS|3|2|mage:c1:b4|mage:c1:b4|2|v2:3b1e873ce715a3db|G10_DIVE_TOP_TO_BOTTOM|MID|SINGLE|G10_DIVE_TOP_TO_BOTTOM:MID:SINGLE~ANTICIPATION:1:5:-8:-2:-2:32:32:-2:-1:1~PRIMARY:1:0:0:-2:-2:32:32:-1:1:1~CONTACT:1:6:-2:-2:-1:32:33:-3:1:1~DEBRIS:2:3:-1:-1:-1:33:34:-3:-1:1~RESIDUAL:2:2:1:-2:-1:32:33:-3:1:1~FINISHER_RING:0:6:6:0:-1:34:33:1:1:1~FINISHER_ECHO:2:7:5:-1:-1:33:33:-3:-1:1~WARRIOR_ACCENT:2:0:-5:0:-2:35:32:-1:1:1|ANTICIPATION,1,5,-52,1.0,-0.036,-0.044,0.95,0.95,-9.0,-1.0,1.0,,1,0,LEADING_EDGE;PRIMARY,1,0,-2,0.92,-0.036,-0.044,0.95,0.95,-3.0,1.0,0.92,,1,2,TARGET;CONTACT,1,6,-16,0.92,-0.03088,-0.02668,0.95,0.97499996,-15.12,1.0,0.92,,1,4,TARGET;DEBRIS,2,3,-11,0.96000004,-0.023120001,-0.012320001,0.97499996,1.025,-13.38,-1.0,0.96000004,,1,5,TRAILING_EDGE;RESIDUAL,2,2,10,1.04,-0.03312,-0.02132,0.95,1.0,-13.38,1.0,1.04,,1,1,GROUND;FINISHER_RING,0,6,36,1.0,-8.800011E-4,-0.02668,1.025,0.97499996,2.88,1.0,1.0,,1,6,ORBIT;FINISHER_ECHO,2,7,32,1.0,-0.010880001,-0.01768,1.0,1.0,-15.12,-1.0,1.0,,1,7,ORBIT;WARRIOR_ACCENT,2,0,-30,1.04,0.0068799993,-0.03932,1.05,0.95,-4.38,1.0,1.04,,1,3,TARGET|FIRE|100|440|440|440:0:100|2131034388|2131034387,2131034388|2131034307|2131034506,2131034506,2131034506|2131034507,2131034507,2131034507|2131034306||||5|3|3|1
mage_t16_c05|MAGE|80|4|행성 낙하|AUTHORED_CLASS:MAGE:CONVERGE|DESCEND|TOP_TO_BOTTOM|FRACTURE|CONVERGE|3|3|mage:c5:b4|mage:c5:b4|2|v2:5a5d8e3129574a3d|G09_DESCEND_TOP_TO_BOTTOM|MID|SINGLE|G09_DESCEND_TOP_TO_BOTTOM:MID:SINGLE~ANTICIPATION:1:5:-1:0:-2:33:32:2:-1:1~PRIMARY:2:0:-3:1:-2:34:32:0:1:1~CONTACT:1:6:1:0:-1:33:33:1:1:1~DEBRIS:1:5:1:1:-2:34:32:1:-1:1~RESIDUAL:2:5:6:-1:-2:32:32:1:-1:1~FINISHER_RING:1:3:1:-1:0:32:34:2:-1:1~FINISHER_ECHO:2:5:3:0:-2:33:32:3:-1:1~WARRIOR_ACCENT:2:3:-6:0:-1:33:34:0:-1:1|ANTICIPATION,1,5,-6,0.92,-0.0019999994,-0.042,0.97499996,0.95,9.0,-1.0,0.96000004,,1,0,LEADING_EDGE;PRIMARY,2,0,-22,1.0,0.018,-0.042,1.025,0.95,0.0,1.0,1.04,,1,2,TARGET;CONTACT,1,6,11,0.96000004,-0.0045599993,-0.02532,0.97499996,0.97499996,7.08,1.0,0.96000004,,1,4,TARGET;DEBRIS,1,5,8,0.92,0.01656,-0.03768,1.025,0.95,4.92,-1.0,0.96000004,,1,5,TRAILING_EDGE;RESIDUAL,2,5,36,1.0,-0.01344,-0.03768,0.95,0.95,4.92,-1.0,1.04,,1,1,GROUND;FINISHER_RING,1,3,6,1.0,-0.014559999,-0.00732,0.95,1.025,10.08,-1.0,1.04,,1,6,ORBIT;FINISHER_ECHO,2,5,18,1.0,-0.0045599993,-0.034319997,0.97499996,0.95,13.08,-1.0,1.0,,1,7,ORBIT;WARRIOR_ACCENT,2,3,-38,1.08,0.00656,-0.010680001,1.0,1.025,1.9200001,-1.0,0.92,,1,3,TARGET|COSMIC|100|600|600|600:0:100|2131034381|2131034381,2131034382|2131034315|2131034503,2131034503,2131034503|2131034504,2131034504,2131034504|2131034314||||5|3|3|1
mage_t17_c04|MAGE|85|3|비전 특이점|AUTHORED_CLASS:MAGE:CONVERGE|COLLAPSE|OUTSIDE_IN|RING|CONVERGE|4|0|mage:c4:b5|mage:c4:b5|2|v2:d88a25049b35ddb5|G06_COLLAPSE_OUTSIDE_IN|HIGH|COMBO|G06_COLLAPSE_OUTSIDE_IN:HIGH:COMBO~ANTICIPATION:1:2:-9:0:-1:34:35:5:1:2~PRIMARY:2:7:-2:-1:-1:34:35:1:-1:3~CONTACT:2:7:3:0:-1:34:35:1:-1:3~DEBRIS:1:0:4:-1:-2:34:34:3:1:2~RESIDUAL:1:6:5:-1:-1:34:34:2:1:2~FINISHER_RING:1:4:2:0:0:34:37:1:1:2~FINISHER_ECHO:0:3:6:-1:0:34:36:0:-1:3~WARRIOR_ACCENT:0:0:-4:0:-2:34:34:3:1:2|ANTICIPATION,1,2,-54,1.0,-0.01,-0.02,1.0335,1.06,23.0,1.0,1.0,,2,0,LEADING_EDGE;PRIMARY,2,7,-12,0.92,-0.02,-0.02,1.007,1.06,5.0,-1.0,0.96000004,,3,2,TARGET;CONTACT,2,7,23,0.92,-0.01,-0.0136,1.0335,1.06,3.5200005,-1.0,0.96000004,,3,4,TARGET;DEBRIS,1,0,26,0.92,-0.02,-0.0344,1.007,1.007,17.48,1.0,0.92,,2,5,TRAILING_EDGE;RESIDUAL,1,6,34,0.92,-0.02,-0.0254,1.007,1.0335,11.48,1.0,0.92,,2,1,GROUND;FINISHER_RING,1,4,13,1.08,-0.01,0.004399999,1.0335,1.1129999,3.5200005,1.0,0.92,,2,6,ORBIT;FINISHER_ECHO,0,3,37,0.92,-0.02,-0.0046000006,1.007,1.0864999,0.52000046,-1.0,0.92,,3,7,ORBIT;WARRIOR_ACCENT,0,0,-24,0.92,-0.01,-0.0344,1.0335,1.007,14.48,1.0,0.92,,2,3,TARGET|ARCANE|28,32,40|140,300,520|140,300,520|140:0:28;300:1:32;520:2:40|2131034371|2131034371,2131034372|2131034313|2131034500,2131034500,2131034500|2131034501,2131034501,2131034501|2131034312||2131034502||6|4|3|1
mage_t18_c02|MAGE|90|1|절대빙옥 파쇄|AUTHORED_CLASS:MAGE:CROSS|BURST|CENTER_OUT|RING|CROSS|4|1|mage:c2:b5|mage:c2:b5|2|v2:fde3bf8394176db9|G03_BURST_CENTER_OUT|HIGH|COMBO|G03_BURST_CENTER_OUT:HIGH:COMBO~ANTICIPATION:0:0:1:-1:0:34:34:1:1:2~PRIMARY:0:1:-3:-1:0:34:34:0:-1:3~CONTACT:1:1:0:0:0:34:34:2:-1:3~DEBRIS:0:1:-1:-1:0:34:34:3:-1:3~RESIDUAL:2:4:0:1:1:37:37:0:1:2~FINISHER_RING:2:6:0:0:0:34:34:2:1:2~FINISHER_ECHO:2:2:0:0:0:34:35:2:1:2~WARRIOR_ACCENT:1:4:-2:-1:1:34:37:1:1:2|ANTICIPATION,0,0,10,1.08,-0.02,-0.005999999,1.007,1.007,3.0,1.0,0.92,,2,0,LEADING_EDGE;PRIMARY,0,1,-20,1.04,-0.02,0.0030000005,1.007,1.0335,0.0,-1.0,1.04,,3,2,TARGET;CONTACT,1,1,4,0.96000004,-0.01,-8.399999E-4,1.0335,1.0335,9.12,-1.0,1.0,,3,4,TARGET;DEBRIS,0,1,-10,0.92,-0.02,8.400008E-4,1.007,1.0335,13.38,-1.0,0.92,,3,5,TRAILING_EDGE;RESIDUAL,2,4,-4,0.92,0.02,0.02784,1.1129999,1.1129999,-1.6199999,1.0,0.92,,2,1,GROUND;FINISHER_RING,2,6,4,0.92,-0.01,-8.399999E-4,1.0335,1.0335,9.12,1.0,0.96000004,,2,6,ORBIT;FINISHER_ECHO,2,2,0,0.92,-0.01,0.00816,1.0335,1.06,9.12,1.0,0.92,,2,7,ORBIT;WARRIOR_ACCENT,1,4,-16,1.0,-0.02,0.02784,1.007,1.1129999,7.38,1.0,1.04,,2,3,TARGET|ICE|20,22,25,33|110,310,550,800|110,310,550,800|110:0:20;310:1:22;550:2:25;800:3:33|2131034390|2131034389,2131034390|2131034309|2131034509,2131034509,2131034509|2131034510,2131034510,2131034510|2131034308||2131034511||6|4|3|1
mage_t19_c05|MAGE|95|4|초신성|AUTHORED_CLASS:MAGE:CROSS|BURST|CENTER_OUT|RING|CROSS|4|2|mage:c5:b5|mage:c5:b5|2|v2:23665adbbb8e21c2|G03_BURST_CENTER_OUT|HIGH|COMBO|G03_BURST_CENTER_OUT:HIGH:COMBO~ANTICIPATION:2:0:-1:0:0:35:34:3:1:2~PRIMARY:1:1:0:1:0:37:34:0:-1:3~CONTACT:0:6:-1:0:0:35:34:-1:1:2~DEBRIS:2:6:1:1:0:37:34:1:1:2~RESIDUAL:0:0:4:1:0:37:34:1:1:2~FINISHER_RING:1:2:4:0:0:34:35:3:1:2~FINISHER_ECHO:1:7:5:0:0:35:35:-1:-1:3~WARRIOR_ACCENT:0:0:0:-1:0:34:34:1:1:2|ANTICIPATION,2,0,-6,0.92,0.0,-0.005999999,1.06,1.007,15.0,1.0,0.96000004,,2,0,LEADING_EDGE;PRIMARY,1,1,-4,1.08,0.02,0.0030000005,1.1129999,1.0335,0.0,-1.0,0.92,,3,2,TARGET;CONTACT,0,6,-8,0.96000004,0.0,-8.399999E-4,1.06,1.0335,-2.88,1.0,1.0,,2,4,TARGET;DEBRIS,2,6,10,1.0,0.02,8.400008E-4,1.1129999,1.0335,4.38,1.0,1.0,,2,5,TRAILING_EDGE;RESIDUAL,0,0,28,0.96000004,0.02,-0.008159999,1.1129999,1.007,4.38,1.0,1.0,,2,1,GROUND;FINISHER_RING,1,2,28,1.04,-0.01,0.00816,1.0335,1.06,15.12,1.0,1.04,,2,6,ORBIT;FINISHER_ECHO,1,7,32,1.0,0.0,0.00816,1.06,1.06,-2.88,-1.0,1.04,,3,7,ORBIT;WARRIOR_ACCENT,0,0,-4,1.08,-0.02,-0.008159999,1.007,1.007,7.38,1.0,0.92,,2,3,TARGET|COSMIC|20,22,25,33|260,450,600,720|260,450,600,720|260:0:20;450:1:22;600:2:25;720:3:33|2131034378|2131034377,2131034378|2131034315|2131034503,2131034503,2131034503|2131034504,2131034504,2131034504|2131034314||2131034505||6|4|3|2
mage_t20_c05|MAGE|100|4|우주 종말|AUTHORED_CLASS:MAGE:CONVERGE|COLLAPSE|OUTSIDE_IN|RING|CONVERGE|4|3|mage:c5:b5|mage:c5:b5|2|v2:5335b94ab9283a12|G06_COLLAPSE_OUTSIDE_IN|HIGH|COMBO|G06_COLLAPSE_OUTSIDE_IN:HIGH:COMBO~ANTICIPATION:0:3:-3:-1:-1:34:36:2:-1:3~PRIMARY:0:3:-2:1:-1:37:36:3:-1:3~CONTACT:0:7:0:1:-1:37:35:1:-1:3~DEBRIS:1:2:1:1:-1:36:35:4:1:2~RESIDUAL:1:1:1:0:-1:34:34:4:-1:3~FINISHER_RING:2:0:5:1:-2:37:34:0:1:2~FINISHER_ECHO:0:3:3:0:0:35:36:1:-1:3~WARRIOR_ACCENT:0:7:-5:0:-1:34:35:4:-1:3|ANTICIPATION,0,3,-22,1.04,-0.02,-0.011,1.007,1.0864999,8.0,-1.0,1.04,,3,0,LEADING_EDGE;PRIMARY,0,3,-12,0.96000004,0.02,-0.011,1.1129999,1.0864999,17.0,-1.0,0.96000004,,3,2,TARGET;CONTACT,0,7,-5,1.0,0.02,-0.0136,1.1129999,1.06,6.5200005,-1.0,1.04,,3,4,TARGET;DEBRIS,1,2,6,0.92,0.01,-0.0164,1.0864999,1.06,20.48,1.0,0.92,,2,5,TRAILING_EDGE;RESIDUAL,1,1,10,1.0,-0.01,-0.0254,1.0335,1.0335,20.48,-1.0,1.04,,3,1,GROUND;FINISHER_RING,2,0,33,0.92,0.02,-0.0316,1.1129999,1.007,0.52000046,1.0,0.92,,2,6,ORBIT;FINISHER_ECHO,0,3,21,0.96000004,0.0,-0.0046000006,1.06,1.0864999,6.5200005,-1.0,1.0,,3,7,ORBIT;WARRIOR_ACCENT,0,7,-32,1.0,-0.01,-0.0164,1.0335,1.06,20.48,-1.0,1.04,,3,3,TARGET|COSMIC|15,17,18,20,30|90,250,450,650,820|90,250,450,650,820|90:0:15;250:1:17;450:2:18;650:3:20;820:4:30|2131034377|2131034377,2131034378|2131034315|2131034503,2131034503,2131034503|2131034504,2131034504,2131034504|2131034314||2131034505||6|4|3|2
cleric_t01_c01|CLERIC|5|0|빛의 화살|AUTHORED_CLASS:CLERIC:RUPTURE|SHOT|OUTSIDE_IN|POINT|RUPTURE|0|0|cleric:c1:b1|cleric:c1:b1|2|v2:65387c7a9f8262fc|G14_SHOT_OUTSIDE_IN|LOW|DOUBLE|G14_SHOT_OUTSIDE_IN:LOW:DOUBLE~ANTICIPATION:0:1:-5:2:-1:32:31:3:-1:2~PRIMARY:0:3:-5:1:0:31:32:-1:-1:2~CONTACT:0:4:-2:0:1:30:33:-1:1:2~DEBRIS:0:1:0:1:-1:32:31:1:-1:2~RESIDUAL:0:1:3:0:-1:30:31:1:-1:2~FINISHER_RING:2:6:0:0:-1:30:31:2:1:2~FINISHER_ECHO:2:2:3:1:0:32:31:-1:1:2~WARRIOR_ACCENT:0:5:-6:2:-1:33:30:1:-1:2|ANTICIPATION,0,1,-30,1.0,0.034,-0.015,0.96349996,0.9165,13.0,-1.0,1.0,,2,0,LEADING_EDGE;PRIMARY,0,3,-32,1.0,0.024,0.0029999996,0.94,0.96349996,-5.0,-1.0,1.0,,2,2,TARGET;CONTACT,0,4,-16,1.04,-0.00368,0.01392,0.893,0.9869999,-3.28,1.0,1.04,,2,4,TARGET;DEBRIS,0,1,5,0.92,0.02968,-0.01392,0.96349996,0.9165,3.28,-1.0,0.96000004,,2,5,TRAILING_EDGE;RESIDUAL,0,1,18,0.92,-3.199987E-4,-0.01392,0.893,0.9165,3.28,-1.0,0.92,,2,1,GROUND;FINISHER_RING,2,6,-2,0.92,-0.00368,-0.013079999,0.893,0.9165,8.72,1.0,0.92,,2,6,ORBIT;FINISHER_ECHO,2,2,22,1.04,0.02632,-0.00408,0.96349996,0.94,-3.28,1.0,1.04,,2,7,ORBIT;WARRIOR_ACCENT,0,5,-40,1.08,0.03968,-0.02292,0.9869999,0.893,6.2799997,-1.0,0.92,,2,3,TARGET|HOLY|48,52|240,680|240,680|240:0:48;680:1:52|2131034362|2131034361,2131034362|2131034182|2131034494,2131034494,2131034494|2131034495,2131034495,2131034495|||||4|3|3|1
cleric_t02_c02|CLERIC|10|1|심판의 망치|AUTHORED_CLASS:CLERIC:CROSS|DESCEND|TOP_TO_BOTTOM|FRACTURE|CROSS|0|1|cleric:c2:b1|cleric:c2:b1|2|v2:421d0a2cb0411421|G09_DESCEND_TOP_TO_BOTTOM|LOW|SINGLE|G09_DESCEND_TOP_TO_BOTTOM:LOW:SINGLE~ANTICIPATION:0:0:-2:-1:-2:30:30:2:1:1~PRIMARY:2:2:-4:1:-1:32:31:3:1:1~CONTACT:1:2:-2:1:-1:33:31:0:1:1~DEBRIS:1:5:0:0:-2:31:30:0:-1:1~RESIDUAL:0:5:6:1:-2:33:30:2:-1:1~FINISHER_RING:1:4:3:0:0:31:33:1:1:1~FINISHER_ECHO:0:4:3:1:0:32:33:1:1:1~WARRIOR_ACCENT:2:2:-1:0:-1:31:31:-1:1:1|ANTICIPATION,0,0,-14,0.92,-0.011999999,-0.042,0.893,0.893,12.0,1.0,0.96000004,,1,0,LEADING_EDGE;PRIMARY,2,2,-26,0.96000004,0.018,-0.024,0.96349996,0.94,15.0,1.0,0.96000004,,1,2,TARGET;CONTACT,1,2,-13,0.96000004,0.02544,-0.01632,0.9869999,0.94,1.0799999,1.0,0.96000004,,1,4,TARGET;DEBRIS,1,5,-4,0.92,-0.0034399997,-0.03768,0.9165,0.893,-1.0799999,-1.0,0.92,,1,5,TRAILING_EDGE;RESIDUAL,0,5,40,0.92,0.02656,-0.03768,0.9869999,0.893,7.92,-1.0,0.96000004,,1,1,GROUND;FINISHER_RING,1,4,18,1.0,-0.0045599993,0.0016799998,0.9165,0.9869999,7.08,1.0,1.04,,1,6,ORBIT;FINISHER_ECHO,0,4,22,0.96000004,0.01544,0.0016799998,0.96349996,0.9869999,4.08,1.0,1.0,,1,7,ORBIT;WARRIOR_ACCENT,2,2,-10,1.0,0.00656,-0.01968,0.94,0.94,-4.08,1.0,1.0,,1,3,TARGET|HOLY|100|560|560|560:0:100|2131034356|2131034355,2131034356|2131034301|2131034491,2131034491,2131034491|2131034492,2131034492,2131034492|||||4|3|3|1
cleric_t03_c03|CLERIC|15|2|퇴마 연타|AUTHORED_CLASS:CLERIC:RUPTURE|FLURRY|LEFT_TO_RIGHT|EDGE|RUPTURE|0|2|cleric:c3:b1|cleric:c3:b1|2|v2:db2eed6e1faf7780|G12_FLURRY_LEFT_TO_RIGHT|LOW|COMBO|G12_FLURRY_LEFT_TO_RIGHT:LOW:COMBO~ANTICIPATION:2:7:-2:0:1:30:31:1:-1:3~PRIMARY:1:7:2:1:1:31:31:2:-1:3~CONTACT:2:2:0:0:0:30:31:0:1:2~DEBRIS:0:2:-1:0:0:30:31:2:1:2~RESIDUAL:2:0:3:1:0:32:30:2:1:2~FINISHER_RING:1:2:1:0:0:31:31:3:1:2~FINISHER_ECHO:0:2:2:2:0:33:31:1:1:2~WARRIOR_ACCENT:1:1:0:0:0:31:31:4:-1:3|ANTICIPATION,2,7,-12,1.08,-0.0020000003,0.01,0.893,0.94,6.0,-1.0,0.92,,3,0,LEADING_EDGE;PRIMARY,1,7,12,0.92,0.018,0.01,0.94,0.94,9.0,-1.0,0.96000004,,3,2,TARGET;CONTACT,2,2,4,0.96000004,-0.0077600004,0.0068,0.893,0.94,-0.84000015,1.0,1.0,,2,4,TARGET;DEBRIS,0,2,-8,0.92,-0.00524,0.0082,0.893,0.94,9.84,1.0,0.92,,2,5,TRAILING_EDGE;RESIDUAL,2,0,22,0.92,0.02476,-0.009799999,0.96349996,0.893,9.84,1.0,0.96000004,,2,1,GROUND;FINISHER_RING,1,2,8,1.04,0.0022399994,0.0068,0.9165,0.94,17.16,1.0,1.04,,2,6,ORBIT;FINISHER_ECHO,0,2,16,0.92,0.03224,0.0068,0.9869999,0.94,5.16,1.0,0.92,,2,7,ORBIT;WARRIOR_ACCENT,1,1,-4,1.0,0.00476,-7.999996E-4,0.9165,0.9165,18.84,-1.0,1.04,,3,3,TARGET|ARCANE|20,22,25,33|120,250,390,580|120,250,390,580|120:0:20;250:1:22;390:2:25;580:3:33|2131034344|2131034343,2131034344|2131034181|2131034485,2131034485,2131034485|2131034486,2131034486,2131034486|||||4|4|3|2
cleric_t04_c04|CLERIC|20|3|성화 폭발|AUTHORED_CLASS:CLERIC:CROSS|BURST|CENTER_OUT|RING|CROSS|0|3|cleric:c4:b1|cleric:c4:b1|2|v2:42e1a013712ea6e0|G03_BURST_CENTER_OUT|LOW|DOUBLE|G03_BURST_CENTER_OUT:LOW:DOUBLE~ANTICIPATION:2:5:1:-1:0:30:30:0:-1:2~PRIMARY:2:6:0:1:0:33:31:0:1:2~CONTACT:1:3:0:0:1:31:32:2:-1:2~DEBRIS:0:6:1:0:0:31:31:0:1:2~RESIDUAL:2:3:0:0:1:31:32:0:-1:2~FINISHER_RING:0:6:4:0:0:31:31:2:1:2~FINISHER_ECHO:0:7:6:1:0:33:31:2:-1:2~WARRIOR_ACCENT:2:5:0:0:0:31:30:0:-1:2|ANTICIPATION,2,5,6,0.92,-0.02,-0.005999999,0.893,0.893,0.0,-1.0,0.96000004,,2,0,LEADING_EDGE;PRIMARY,2,6,4,1.04,0.02,0.0030000005,0.9869999,0.9165,0.0,1.0,1.04,,2,2,TARGET;CONTACT,1,3,-4,0.92,-0.01,0.017159998,0.9165,0.96349996,9.12,-1.0,0.92,,2,4,TARGET;DEBRIS,0,6,6,0.92,0.0,8.400008E-4,0.94,0.9165,-1.6199999,1.0,0.96000004,,2,5,TRAILING_EDGE;RESIDUAL,2,3,4,0.96000004,-0.01,0.01884,0.9165,0.96349996,1.3800001,-1.0,1.0,,2,1,GROUND;FINISHER_RING,0,6,28,1.0,-0.01,-8.399999E-4,0.9165,0.9165,9.12,1.0,1.04,,2,6,ORBIT;FINISHER_ECHO,0,7,40,1.04,0.02,0.00816,0.9869999,0.94,9.12,-1.0,1.04,,2,7,ORBIT;WARRIOR_ACCENT,2,5,-4,1.04,-0.01,-0.008159999,0.9165,0.893,1.3800001,-1.0,1.04,,2,3,TARGET|FIRE|48,52|220,780|220,780|220:0:48;780:1:52|2131034350|2131034349,2131034350|2131034303|2131034488,2131034488,2131034488|2131034489,2131034489,2131034489|||||4|3|3|1
cleric_t05_c05|CLERIC|25|4|수호천사 강하|AUTHORED_CLASS:CLERIC:RUPTURE|DESCEND|TOP_TO_BOTTOM|FRACTURE|RUPTURE|1|0|cleric:c5:b2|cleric:c5:b2|2|v2:33f3c18e812be145|G09_DESCEND_TOP_TO_BOTTOM|LOW|COMBO|G09_DESCEND_TOP_TO_BOTTOM:LOW:COMBO~ANTICIPATION:1:5:-5:-1:-2:30:30:0:-1:3~PRIMARY:1:4:0:0:0:31:33:-1:1:2~CONTACT:0:0:3:0:-2:31:30:0:1:2~DEBRIS:1:2:0:1:-1:33:31:0:1:2~RESIDUAL:0:6:6:0:-1:31:31:0:1:2~FINISHER_RING:2:5:3:1:-2:33:30:-1:-1:3~FINISHER_ECHO:2:5:1:1:-2:33:30:1:-1:3~WARRIOR_ACCENT:1:5:0:0:-2:31:30:2:-1:3|ANTICIPATION,1,5,-30,0.96000004,-0.011999999,-0.042,0.893,0.893,0.0,-1.0,1.0,,3,0,LEADING_EDGE;PRIMARY,1,4,-2,0.96000004,0.008,-0.006000001,0.94,0.9869999,-3.0,1.0,1.0,,2,2,TARGET;CONTACT,0,0,23,1.0,-0.0045599993,-0.034319997,0.9165,0.893,-1.9200001,1.0,1.04,,2,4,TARGET;DEBRIS,1,2,4,0.92,0.02656,-0.01968,0.9869999,0.94,1.9200001,1.0,0.96000004,,2,5,TRAILING_EDGE;RESIDUAL,0,6,40,1.0,-0.0034399997,-0.02868,0.9165,0.9165,-1.0799999,1.0,1.0,,2,1,GROUND;FINISHER_RING,2,5,22,1.04,0.02544,-0.034319997,0.9869999,0.893,-4.92,-1.0,1.04,,3,6,ORBIT;FINISHER_ECHO,2,5,10,1.04,0.02544,-0.034319997,0.9869999,0.893,7.08,-1.0,1.04,,3,7,ORBIT;WARRIOR_ACCENT,1,5,-2,0.92,-0.0034399997,-0.03768,0.9165,0.893,7.92,-1.0,0.92,,3,3,TARGET|HOLY|28,32,40|140,420,780|140,420,780|140:0:28;420:1:32;780:2:40|2131034368|2131034367,2131034368|2131034305|2131034497,2131034497,2131034497|2131034498,2131034498,2131034498|2131034304||||5|4|3|1
cleric_t06_c03|CLERIC|30|2|퇴마 사슬|AUTHORED_CLASS:CLERIC:CONVERGE|CHAIN|OUTSIDE_IN|POINT|CONVERGE|1|1|cleric:c3:b2|cleric:c3:b2|2|v2:c3d6dae5bf5292ae|G04_CHAIN_OUTSIDE_IN|LOW|COMBO|G04_CHAIN_OUTSIDE_IN:LOW:COMBO~ANTICIPATION:1:7:-3:2:-1:32:31:0:-1:3~PRIMARY:1:0:-4:0:-2:30:30:-1:1:2~CONTACT:2:7:3:2:0:33:31:-1:-1:3~DEBRIS:0:3:4:1:0:31:32:-4:-1:3~RESIDUAL:1:5:1:0:-1:31:30:0:-1:3~FINISHER_RING:1:1:5:0:-1:30:31:0:-1:3~FINISHER_ECHO:2:1:8:0:-1:30:31:-3:-1:3~WARRIOR_ACCENT:0:6:-2:2:-1:33:31:-1:1:2|ANTICIPATION,1,7,-22,1.0,0.03,-0.014,0.96349996,0.94,-2.0,-1.0,1.0,,3,0,LEADING_EDGE;PRIMARY,1,0,-24,0.92,0.0,-0.031999998,0.893,0.893,-5.0,1.0,0.92,,2,2,TARGET;CONTACT,2,7,20,0.96000004,0.0336,-0.009520001,0.9869999,0.94,-4.48,-1.0,1.0,,3,4,TARGET;DEBRIS,0,3,24,0.96000004,0.0164,-0.0024800003,0.94,0.96349996,-18.02,-1.0,1.0,,3,5,TRAILING_EDGE;RESIDUAL,1,5,8,0.96000004,0.0064000003,-0.02948,0.9165,0.893,-0.019999504,-1.0,0.96000004,,3,1,GROUND;FINISHER_RING,1,1,32,0.92,-0.0063999994,-0.018520001,0.893,0.9165,-1.48,-1.0,0.92,,3,6,ORBIT;FINISHER_ECHO,2,1,48,0.96000004,-0.0063999994,-0.018520001,0.893,0.9165,-16.48,-1.0,0.96000004,,3,7,ORBIT;WARRIOR_ACCENT,0,6,-16,0.96000004,0.036399998,-0.02048,0.9869999,0.9165,-6.0199995,1.0,0.96000004,,2,3,TARGET|ARCANE|20,22,25,33|260,450,600,720|260,450,600,720|260:0:20;450:1:22;600:2:25;720:3:33|2131034343|2131034343,2131034344|2131034181|2131034485,2131034485,2131034485|2131034486,2131034486,2131034486|2131034181||||5|4|3|2
cleric_t07_c01|CLERIC|35|0|순백의 파동|AUTHORED_CLASS:CLERIC:CROSS|BURST|CENTER_OUT|RING|CROSS|1|2|cleric:c1:b2|cleric:c1:b2|2|v2:1ebfd2f52de88984|G03_BURST_CENTER_OUT|LOW|DOUBLE|G03_BURST_CENTER_OUT:LOW:DOUBLE~ANTICIPATION:0:0:-1:-1:0:30:30:0:1:2~PRIMARY:0:4:1:1:2:33:33:0:1:2~CONTACT:0:6:1:0:0:31:31:0:1:2~DEBRIS:1:3:0:-1:1:30:32:3:-1:2~RESIDUAL:1:0:0:1:0:32:30:1:1:2~FINISHER_RING:1:4:-2:-1:1:30:33:2:1:2~FINISHER_ECHO:0:4:0:0:1:31:33:2:1:2~WARRIOR_ACCENT:2:5:0:1:0:32:30:3:-1:2|ANTICIPATION,0,0,-6,1.04,-0.02,-0.005999999,0.893,0.893,0.0,1.0,1.04,,2,0,LEADING_EDGE;PRIMARY,0,4,8,0.92,0.02,0.03,0.9869999,0.9869999,0.0,1.0,0.96000004,,2,2,TARGET;CONTACT,0,6,8,1.0,-0.01,-8.399999E-4,0.9165,0.9165,0.119999886,1.0,1.0,,2,4,TARGET;DEBRIS,1,3,-2,1.08,-0.02,0.01884,0.893,0.96349996,13.38,-1.0,0.92,,2,5,TRAILING_EDGE;RESIDUAL,1,0,-4,1.08,0.01,-0.008159999,0.96349996,0.893,7.38,1.0,0.92,,2,1,GROUND;FINISHER_RING,1,4,-12,1.0,-0.02,0.026159998,0.893,0.9869999,12.12,1.0,1.04,,2,6,ORBIT;FINISHER_ECHO,0,4,4,1.08,-0.01,0.026159998,0.9165,0.9869999,9.12,1.0,0.92,,2,7,ORBIT;WARRIOR_ACCENT,2,5,4,1.04,0.01,-0.008159999,0.96349996,0.893,16.380001,-1.0,1.04,,2,3,TARGET|HOLY|48,52|220,780|220,780|220:0:48;780:1:52|2131034362|2131034361,2131034362|2131034182|2131034494,2131034494,2131034494|2131034495,2131034495,2131034495|2131034182||||5|4|3|1
cleric_t08_c03|CLERIC|40|2|파마의 인장|AUTHORED_CLASS:CLERIC:FOCUS|TRAP|OUTSIDE_IN|RING|FOCUS|1|3|cleric:c3:b2|cleric:c3:b2|2|v2:fc8a05f4f8ef99c9|G16_TRAP_OUTSIDE_IN|LOW|COMBO|G16_TRAP_OUTSIDE_IN:LOW:COMBO~ANTICIPATION:0:7:-6:1:1:32:31:-4:-1:3~PRIMARY:0:0:0:0:0:31:30:-3:1:2~CONTACT:2:6:4:-1:0:30:31:-3:1:2~DEBRIS:0:2:-1:1:1:32:31:0:1:2~RESIDUAL:2:6:2:0:1:31:31:-3:1:2~FINISHER_RING:1:4:4:0:2:31:33:0:1:2~FINISHER_ECHO:1:2:6:0:1:31:31:0:1:2~WARRIOR_ACCENT:2:7:-3:-1:1:30:31:-1:-1:3|ANTICIPATION,0,7,-40,1.0,0.01,0.026,0.96349996,0.94,-20.0,-1.0,1.0,,3,0,LEADING_EDGE;PRIMARY,0,0,0,1.0,0.0,0.008000001,0.94,0.893,-17.0,1.0,1.04,,2,2,TARGET;CONTACT,2,6,28,0.96000004,-0.02,0.008680001,0.893,0.9165,-15.52,1.0,1.0,,2,4,TARGET;DEBRIS,0,2,-7,1.0,0.01,0.02132,0.96349996,0.94,-2.4799995,1.0,1.0,,2,5,TRAILING_EDGE;RESIDUAL,2,6,12,0.96000004,-0.01,0.012320001,0.9165,0.9165,-17.48,1.0,1.0,,2,1,GROUND;FINISHER_RING,1,4,24,0.92,-0.01,0.03568,0.9165,0.9869999,-0.52000046,1.0,0.92,,2,6,ORBIT;FINISHER_ECHO,1,2,40,0.96000004,-0.01,0.01768,0.9165,0.94,-0.52000046,1.0,1.0,,2,7,ORBIT;WARRIOR_ACCENT,2,7,-20,0.96000004,-0.02,0.02132,0.893,0.94,-5.4799995,-1.0,1.0,,3,3,TARGET|ARCANE|28,32,40|140,300,520|140,300,520|140:0:28;300:1:32;520:2:40|2131034343|2131034343,2131034344|2131034181|2131034485,2131034485,2131034485|2131034486,2131034486,2131034486|2131034181||||5|4|3|1
cleric_t09_c05|CLERIC|45|4|대천사 돌진|AUTHORED_CLASS:CLERIC:RUPTURE|CHARGE|LEFT_TO_RIGHT|POINT|RUPTURE|2|0|cleric:c5:b3|cleric:c5:b3|2|v2:bf3ebb161ba48645|G05_CHARGE_LEFT_TO_RIGHT|MID|COMBO|G05_CHARGE_LEFT_TO_RIGHT:MID:COMBO~ANTICIPATION:2:5:-7:-2:0:33:32:-1:-1:3~PRIMARY:2:1:-2:-1:0:34:33:-1:-1:3~CONTACT:0:0:0:-2:-1:32:32:0:1:2~DEBRIS:2:5:1:-2:-1:32:32:-2:-1:3~RESIDUAL:2:4:1:0:1:35:35:0:1:2~FINISHER_RING:2:0:5:-1:-1:33:32:0:1:2~FINISHER_ECHO:0:7:1:-2:0:32:33:1:-1:3~WARRIOR_ACCENT:1:6:-5:-2:0:33:33:2:1:2|ANTICIPATION,2,5,-44,1.08,-0.036,-0.009999999,0.97499996,0.95,-5.0,-1.0,0.92,,3,0,LEADING_EDGE;PRIMARY,2,1,-14,0.96000004,-0.016,-9.999992E-4,1.025,0.97499996,-5.0,-1.0,1.0,,3,2,TARGET;CONTACT,0,0,4,0.96000004,-0.03768,-0.012559999,0.95,0.95,0.68,1.0,1.0,,2,4,TARGET;DEBRIS,2,5,10,0.96000004,-0.04132,-0.01144,0.95,0.95,-8.18,-1.0,0.96000004,,3,5,TRAILING_EDGE;RESIDUAL,2,4,7,1.0,-0.0013200007,0.024559999,1.05,1.05,-2.18,1.0,1.04,,2,1,GROUND;FINISHER_RING,2,0,32,1.0,-0.01768,-0.012559999,1.0,0.95,-2.32,1.0,1.0,,2,6,ORBIT;FINISHER_ECHO,0,7,8,1.08,-0.03768,0.0054400004,0.95,1.0,6.68,-1.0,0.92,,3,7,ORBIT;WARRIOR_ACCENT,1,6,-30,0.96000004,-0.03132,-0.0024399995,0.97499996,0.97499996,9.82,1.0,0.96000004,,2,3,TARGET|HOLY|28,32,40|260,470,650|260,470,650|260:0:28;470:1:32;650:2:40|2131034370|2131034369,2131034370|2131034305|2131034497,2131034497,2131034497|2131034498,2131034498,2131034498|2131034304||||5|4|3|2
cleric_t10_c04|CLERIC|50|3|정화의 불기둥|AUTHORED_CLASS:CLERIC:RUPTURE|ASCEND|BOTTOM_TO_TOP|FRACTURE|RUPTURE|2|1|cleric:c4:b3|cleric:c4:b3|2|v2:3db63b1b405fc677|G01_ASCEND_BOTTOM_TO_TOP|MID|DOUBLE|G01_ASCEND_BOTTOM_TO_TOP:MID:DOUBLE~ANTICIPATION:0:0:-6:1:0:34:32:0:1:2~PRIMARY:2:3:-3:1:2:34:34:0:-1:2~CONTACT:0:1:-2:0:0:33:33:-2:-1:2~DEBRIS:0:1:0:0:0:33:33:-1:-1:2~RESIDUAL:2:4:0:1:2:35:35:-3:1:2~FINISHER_RING:2:6:0:-1:0:32:33:-3:1:2~FINISHER_ECHO:1:1:3:0:0:33:33:-2:-1:2~WARRIOR_ACCENT:0:3:-3:0:1:33:34:-3:-1:2|ANTICIPATION,0,0,-38,1.0,0.01,0.0040000007,1.025,0.95,2.0,1.0,1.0,,2,0,LEADING_EDGE;PRIMARY,2,3,-22,1.08,0.01,0.031,1.025,1.025,2.0,-1.0,0.92,,2,2,TARGET;CONTACT,0,1,-15,1.0,0.0,0.0059600007,1.0,0.97499996,-7.76,-1.0,1.04,,2,4,TARGET;DEBRIS,0,1,0,0.92,-0.01,0.00904,0.97499996,0.97499996,-2.7399998,-1.0,0.96000004,,2,5,TRAILING_EDGE;RESIDUAL,2,4,2,0.96000004,0.02,0.03604,1.05,1.05,-14.74,1.0,0.96000004,,2,1,GROUND;FINISHER_RING,2,6,2,0.92,-0.02,0.0059600007,0.95,0.97499996,-13.76,1.0,0.96000004,,2,6,ORBIT;FINISHER_ECHO,1,1,18,1.0,0.0,0.0059600007,1.0,0.97499996,-7.76,-1.0,1.04,,2,7,ORBIT;WARRIOR_ACCENT,0,3,-22,1.08,0.0,0.02704,1.0,1.025,-14.74,-1.0,0.92,,2,3,TARGET|FIRE|48,52|330,650|330,650|330:0:48;650:1:52|2131034352|2131034351,2131034352|2131034303|2131034488,2131034488,2131034488|2131034489,2131034489,2131034489|2131034302||||5|3|3|1
cleric_t11_c02|CLERIC|55|1|천벌 분쇄|AUTHORED_CLASS:CLERIC:CONVERGE|DESCEND|TOP_TO_BOTTOM|FRACTURE|CONVERGE|2|2|cleric:c2:b3|cleric:c2:b3|2|v2:3f42c64d080b39b0|G09_DESCEND_TOP_TO_BOTTOM|MID|SINGLE|G09_DESCEND_TOP_TO_BOTTOM:MID:SINGLE~ANTICIPATION:1:0:-5:-1:-2:32:32:-1:1:1~PRIMARY:2:6:-5:0:-2:33:33:2:1:1~CONTACT:0:0:-2:-1:-2:32:32:1:1:1~DEBRIS:1:1:2:1:-1:35:33:0:-1:1~RESIDUAL:0:3:6:0:-1:33:34:0:-1:1~FINISHER_RING:2:4:1:-1:0:32:35:1:1:1~FINISHER_ECHO:2:1:3:1:-1:35:33:1:-1:1~WARRIOR_ACCENT:1:4:-1:1:0:34:35:3:1:1|ANTICIPATION,1,0,-34,1.08,-0.011999999,-0.042,0.95,0.95,-3.0,1.0,0.92,,1,0,LEADING_EDGE;PRIMARY,2,6,-30,1.0,-0.0019999994,-0.033,0.97499996,0.97499996,9.0,1.0,1.0,,1,2,TARGET;CONTACT,0,0,-13,0.92,-0.014559999,-0.034319997,0.95,0.95,4.08,1.0,0.92,,1,4,TARGET;DEBRIS,1,1,12,1.08,0.02656,-0.02868,1.05,0.97499996,1.9200001,-1.0,0.92,,1,5,TRAILING_EDGE;RESIDUAL,0,3,40,0.96000004,0.00656,-0.010680001,1.0,1.025,1.9200001,-1.0,0.96000004,,1,1,GROUND;FINISHER_RING,2,4,10,0.92,-0.014559999,0.0016799998,0.95,1.05,4.08,1.0,0.92,,1,6,ORBIT;FINISHER_ECHO,2,1,18,0.96000004,0.02544,-0.02532,1.05,0.97499996,7.08,-1.0,1.0,,1,7,ORBIT;WARRIOR_ACCENT,1,4,-10,0.96000004,0.01656,-0.0016800016,1.025,1.05,13.92,1.0,1.0,,1,3,TARGET|HOLY|100|560|560|560:0:100|2131034357|2131034357,2131034358|2131034301|2131034491,2131034491,2131034491|2131034492,2131034492,2131034492|2131034300||||5|3|3|1
cleric_t12_c05|CLERIC|60|4|대천사 검무|AUTHORED_CLASS:CLERIC:CONVERGE|FLURRY|LEFT_TO_RIGHT|EDGE|CONVERGE|2|3|cleric:c5:b3|cleric:c5:b3|2|v2:fa1f50616003515|G12_FLURRY_LEFT_TO_RIGHT|MID|DOUBLE|G12_FLURRY_LEFT_TO_RIGHT:MID:DOUBLE~ANTICIPATION:1:6:-3:0:0:33:33:1:1:2~PRIMARY:2:5:-2:1:0:34:32:2:-1:2~CONTACT:0:4:0:2:1:35:35:0:1:2~DEBRIS:1:7:2:1:0:33:33:1:-1:2~RESIDUAL:2:3:2:0:1:32:34:3:-1:2~FINISHER_RING:0:0:2:2:-1:35:32:2:1:2~FINISHER_ECHO:0:7:2:2:0:35:33:2:-1:2~WARRIOR_ACCENT:0:7:-4:1:0:33:33:3:-1:2|ANTICIPATION,1,6,-20,1.08,0.007999999,0.0010000002,0.97499996,0.97499996,6.0,1.0,0.92,,2,0,LEADING_EDGE;PRIMARY,2,5,-12,1.0,0.027999999,-0.007999999,1.025,0.95,12.0,-1.0,1.04,,2,2,TARGET;CONTACT,0,4,4,1.0,0.03224,0.024799999,1.05,1.05,-0.84000015,1.0,1.04,,2,4,TARGET;DEBRIS,1,7,16,1.08,0.01476,0.0082,1.0,1.0,6.84,-1.0,0.92,,2,5,TRAILING_EDGE;RESIDUAL,2,3,14,0.92,-0.00524,0.0172,0.95,1.025,15.84,-1.0,0.92,,2,1,GROUND;FINISHER_RING,0,0,12,1.0,0.03224,-0.0112,1.05,0.95,11.16,1.0,1.0,,2,6,ORBIT;FINISHER_ECHO,0,7,16,1.0,0.03224,0.0068,1.05,1.0,11.16,-1.0,1.0,,2,7,ORBIT;WARRIOR_ACCENT,0,7,-28,1.08,0.01476,0.0082,1.0,1.0,15.84,-1.0,0.92,,2,3,TARGET|HOLY|48,52|240,680|240,680|240:0:48;680:1:52|2131034369|2131034369,2131034370|2131034305|2131034497,2131034497,2131034497|2131034498,2131034498,2131034498|2131034304||||5|3|3|1
cleric_t13_c03|CLERIC|65|2|악마 파쇄진|AUTHORED_CLASS:CLERIC:CROSS|BURST|CENTER_OUT|RING|CROSS|3|0|cleric:c3:b4|cleric:c3:b4|2|v2:f2740a9558ca57ba|G03_BURST_CENTER_OUT|MID|DOUBLE|G03_BURST_CENTER_OUT:MID:DOUBLE~ANTICIPATION:2:6:-3:0:0:33:33:4:1:2~PRIMARY:1:0:0:0:0:33:32:2:1:2~CONTACT:2:3:-3:0:1:33:34:2:-1:2~DEBRIS:2:4:2:-1:1:32:35:3:1:2~RESIDUAL:1:2:2:0:0:33:33:2:1:2~FINISHER_RING:2:5:1:0:0:33:32:3:-1:2~FINISHER_ECHO:1:2:4:0:0:33:33:2:1:2~WARRIOR_ACCENT:1:7:1:0:0:33:33:0:-1:2|ANTICIPATION,2,6,-18,0.96000004,-0.01,0.0030000005,0.97499996,0.97499996,18.0,1.0,0.96000004,,2,0,LEADING_EDGE;PRIMARY,1,0,0,1.0,-0.01,-0.005999999,0.97499996,0.95,12.0,1.0,1.04,,2,2,TARGET;CONTACT,2,3,-20,1.08,0.0,0.017159998,1.0,1.025,12.12,-1.0,0.92,,2,4,TARGET;DEBRIS,2,4,14,0.96000004,-0.02,0.02784,0.95,1.05,13.38,1.0,1.0,,2,5,TRAILING_EDGE;RESIDUAL,1,2,16,0.96000004,-0.01,0.00984,0.97499996,1.0,10.38,1.0,0.96000004,,2,1,GROUND;FINISHER_RING,2,5,8,0.96000004,-0.01,-0.0098399995,0.97499996,0.95,15.12,-1.0,0.96000004,,2,6,ORBIT;FINISHER_ECHO,1,2,24,1.0,-0.01,0.00816,0.97499996,1.0,9.12,1.0,1.0,,2,7,ORBIT;WARRIOR_ACCENT,1,7,8,0.92,-0.01,0.00984,0.97499996,1.0,1.3800001,-1.0,0.92,,2,3,TARGET|ARCANE|48,52|180,500|180,500|180:0:48;500:1:52|2131034346|2131034345,2131034346|2131034181|2131034485,2131034485,2131034485|2131034486,2131034486,2131034486|2131034181||||5|4|3|1
cleric_t14_c04|CLERIC|70|3|성화 해일|AUTHORED_CLASS:CLERIC:RUPTURE|ASCEND|BOTTOM_TO_TOP|FRACTURE|RUPTURE|3|1|cleric:c4:b4|cleric:c4:b4|2|v2:45f8d27287853010|G01_ASCEND_BOTTOM_TO_TOP|MID|COMBO|G01_ASCEND_BOTTOM_TO_TOP:MID:COMBO~ANTICIPATION:2:7:-1:-1:1:32:33:0:-1:3~PRIMARY:1:1:-2:1:1:34:33:-1:-1:3~CONTACT:1:4:0:1:2:34:35:-1:1:2~DEBRIS:2:5:2:0:0:33:32:-3:-1:3~RESIDUAL:0:7:5:0:1:33:33:-1:-1:3~FINISHER_RING:0:0:1:0:0:33:32:-2:1:2~FINISHER_ECHO:2:0:5:0:0:33:32:0:1:2~WARRIOR_ACCENT:2:0:1:-1:0:32:32:-2:1:2|ANTICIPATION,2,7,-6,0.92,-0.02,0.022,0.95,1.0,-1.0,-1.0,0.96000004,,3,0,LEADING_EDGE;PRIMARY,1,1,-14,1.0,0.01,0.013,1.025,0.97499996,-7.0,-1.0,1.0,,3,2,TARGET;CONTACT,1,4,1,0.92,0.01,0.032959998,1.025,1.05,-4.76,1.0,0.92,,2,4,TARGET;DEBRIS,2,5,16,0.96000004,0.0,4.0000305E-5,1.0,0.95,-14.74,-1.0,1.0,,3,5,TRAILING_EDGE;RESIDUAL,0,7,30,0.96000004,-0.01,0.01804,0.97499996,1.0,-2.7399998,-1.0,0.96000004,,3,1,GROUND;FINISHER_RING,0,0,6,1.04,-0.01,-0.003039999,0.97499996,0.95,-10.76,1.0,1.04,,2,6,ORBIT;FINISHER_ECHO,2,0,30,0.96000004,-0.01,-0.003039999,0.97499996,0.95,-1.7600002,1.0,0.96000004,,2,7,ORBIT;WARRIOR_ACCENT,2,0,6,1.0,-0.02,4.0000305E-5,0.95,0.95,-11.74,1.0,1.04,,2,3,TARGET|FIRE|28,32,40|170,360,790|170,360,790|170:0:28;360:1:32;790:2:40|2131034352|2131034351,2131034352|2131034303|2131034488,2131034488,2131034488|2131034489,2131034489,2131034489|2131034302||||5|3|3|1
cleric_t15_c03|CLERIC|75|2|지옥문 붕괴|AUTHORED_CLASS:CLERIC:RUPTURE|COLLAPSE|OUTSIDE_IN|RING|RUPTURE|3|2|cleric:c3:b4|cleric:c3:b4|2|v2:5056841aede67cc5|G06_COLLAPSE_OUTSIDE_IN|MID|COMBO|G06_COLLAPSE_OUTSIDE_IN:MID:COMBO~ANTICIPATION:1:1:-7:0:-1:33:33:2:-1:3~PRIMARY:2:4:0:1:0:35:35:3:1:2~CONTACT:1:4:-1:0:0:33:35:3:1:2~DEBRIS:2:6:-1:0:-1:33:33:4:1:2~RESIDUAL:2:6:3:-1:-1:32:33:0:1:2~FINISHER_RING:1:5:2:0:-2:33:32:3:-1:3~FINISHER_ECHO:1:1:4:-1:-1:32:33:0:-1:3~WARRIOR_ACCENT:0:1:-5:0:-1:33:33:1:-1:3|ANTICIPATION,1,1,-42,0.92,0.0,-0.029,1.0,0.97499996,11.0,-1.0,0.96000004,,3,0,LEADING_EDGE;PRIMARY,2,4,-4,0.96000004,0.02,-0.0020000003,1.05,1.05,17.0,1.0,0.96000004,,2,2,TARGET;CONTACT,1,4,-9,0.96000004,0.0,0.004399999,1.0,1.05,15.52,1.0,0.96000004,,2,4,TARGET;DEBRIS,2,6,-10,0.92,-0.01,-0.0254,0.97499996,0.97499996,20.48,1.0,0.92,,2,5,TRAILING_EDGE;RESIDUAL,2,6,18,0.92,-0.02,-0.0254,0.95,0.97499996,2.4799995,1.0,0.96000004,,2,1,GROUND;FINISHER_RING,1,5,13,1.0,-0.01,-0.0316,0.97499996,0.95,12.52,-1.0,1.0,,3,6,ORBIT;FINISHER_ECHO,1,1,25,0.92,-0.02,-0.022599999,0.95,0.97499996,0.52000046,-1.0,0.92,,3,7,ORBIT;WARRIOR_ACCENT,0,1,-32,0.92,-0.01,-0.0254,0.97499996,0.97499996,5.4799995,-1.0,0.92,,3,3,TARGET|ARCANE|20,22,25,33|130,280,450,810|130,280,450,810|130:0:20;280:1:22;450:2:25;810:3:33|2131034346|2131034345,2131034346|2131034181|2131034485,2131034485,2131034485|2131034486,2131034486,2131034486|2131034181||||5|4|3|1
cleric_t16_c01|CLERIC|80|0|세계수 성광포|AUTHORED_CLASS:CLERIC:CONVERGE|BEAM|LEFT_TO_RIGHT|POINT|CONVERGE|3|3|cleric:c1:b4|cleric:c1:b4|2|v2:d065e9baf84a964|G02_BEAM_LEFT_TO_RIGHT|MID|DOUBLE|G02_BEAM_LEFT_TO_RIGHT:MID:DOUBLE~ANTICIPATION:2:4:-6:0:1:34:35:0:1:2~PRIMARY:1:4:0:-2:1:32:35:1:1:2~CONTACT:2:1:0:-1:0:33:33:1:-1:2~DEBRIS:1:3:0:0:0:35:34:-1:-1:2~RESIDUAL:1:6:4:-1:0:33:33:-2:1:2~FINISHER_RING:1:2:2:0:0:34:33:0:1:2~FINISHER_ECHO:1:1:4:0:0:34:33:0:-1:2~WARRIOR_ACCENT:2:6:-6:0:0:34:33:-1:1:2|ANTICIPATION,2,4,-36,1.04,-0.01,0.018,1.025,1.05,0.0,1.0,1.04,,2,0,LEADING_EDGE;PRIMARY,1,4,4,1.04,-0.04,0.018,0.95,1.05,6.0,1.0,1.04,,2,2,TARGET;CONTACT,2,1,-4,1.04,-0.0236,-0.009,0.97499996,0.97499996,3.0,-1.0,1.04,,2,4,TARGET;DEBRIS,1,3,0,0.96000004,0.0035999995,0.009,1.05,1.025,-3.0,-1.0,1.0,,2,5,TRAILING_EDGE;RESIDUAL,1,6,24,0.92,-0.0164,-0.009,1.0,0.97499996,-9.0,1.0,0.96000004,,2,1,GROUND;FINISHER_RING,1,2,12,1.0,-0.0036000004,0.0,1.025,1.0,0.0,1.0,1.04,,2,6,ORBIT;FINISHER_ECHO,1,1,28,1.0,-0.0036000004,-0.009,1.025,0.97499996,0.0,-1.0,1.04,,2,7,ORBIT;WARRIOR_ACCENT,2,6,-40,1.08,-0.0064000003,-0.009,1.025,0.97499996,-6.0,1.0,0.92,,2,3,TARGET|HOLY|48,52|240,680|240,680|240:0:48;680:1:52|2131034363|2131034363,2131034364|2131034182|2131034494,2131034494,2131034494|2131034495,2131034495,2131034495|2131034182||||5|3|3|1
cleric_t17_c05|CLERIC|85|4|천군 포화|AUTHORED_CLASS:CLERIC:RUPTURE|VOLLEY|TOP_TO_BOTTOM|POINT|RUPTURE|4|0|cleric:c5:b5|cleric:c5:b5|2|v2:bccc7e7e201d12ee|G18_VOLLEY_TOP_TO_BOTTOM|HIGH|COMBO|G18_VOLLEY_TOP_TO_BOTTOM:HIGH:COMBO~ANTICIPATION:0:6:-2:-1:-2:34:34:-3:1:2~PRIMARY:2:0:0:-1:-2:35:34:-2:1:2~CONTACT:2:0:0:0:-2:35:34:0:1:2~DEBRIS:0:1:0:-1:-1:35:34:-2:-1:3~RESIDUAL:1:4:1:-2:0:34:37:0:1:2~FINISHER_RING:2:2:-1:-1:-1:34:35:0:1:2~FINISHER_ECHO:0:7:1:1:-1:37:35:-2:-1:3~WARRIOR_ACCENT:0:2:-3:0:-1:36:35:1:1:2|ANTICIPATION,0,6,-16,0.96000004,-0.024,-0.031,1.0335,1.0335,-13.0,1.0,1.0,,2,0,LEADING_EDGE;PRIMARY,2,0,2,0.96000004,-0.014,-0.04,1.06,1.007,-10.0,1.0,0.96000004,,2,2,TARGET;CONTACT,2,0,5,1.0,-0.009520001,-0.032959998,1.06,1.007,1.2399998,1.0,1.0,,2,4,TARGET;DEBRIS,0,1,1,1.0,-0.01148,-0.02704,1.06,1.0335,-8.74,-1.0,1.04,,3,5,TRAILING_EDGE;RESIDUAL,1,4,6,1.08,-0.03148,-4.0000305E-5,1.007,1.1129999,0.26000023,1.0,0.92,,2,1,GROUND;FINISHER_RING,2,2,-6,1.0,-0.01952,-0.01496,1.0335,1.06,-1.7600002,1.0,1.04,,2,6,ORBIT;FINISHER_ECHO,0,7,10,1.0,0.010479999,-0.01496,1.1129999,1.06,-7.76,-1.0,1.0,,3,7,ORBIT;WARRIOR_ACCENT,0,2,-18,0.96000004,-0.0014800001,-0.01804,1.0864999,1.06,3.2600002,1.0,0.96000004,,2,3,TARGET|HOLY|28,32,40|180,430,720|180,430,720|180:0:28;430:1:32;720:2:40|2131034366|2131034365,2131034366|2131034305|2131034497,2131034497,2131034497|2131034498,2131034498,2131034498|2131034304||2131034499||6|4|3|1
cleric_t18_c03|CLERIC|90|2|세계 정화폭진|AUTHORED_CLASS:CLERIC:CONVERGE|BURST|CENTER_OUT|RING|CONVERGE|4|1|cleric:c3:b5|cleric:c3:b5|2|v2:d8eed28e522a4771|G03_BURST_CENTER_OUT|HIGH|COMBO|G03_BURST_CENTER_OUT:HIGH:COMBO~ANTICIPATION:1:5:-2:0:0:34:34:2:-1:3~PRIMARY:0:2:-2:1:1:36:35:4:1:2~CONTACT:1:4:0:1:1:37:37:1:1:2~DEBRIS:1:1:-2:1:0:37:34:0:-1:3~RESIDUAL:0:1:0:0:0:35:34:1:-1:3~FINISHER_RING:0:7:2:1:0:36:35:3:-1:3~FINISHER_ECHO:2:3:3:0:1:35:36:-1:-1:3~WARRIOR_ACCENT:1:4:-4:1:1:37:37:1:1:2|ANTICIPATION,1,5,-14,1.0,-0.01,-0.005999999,1.0335,1.007,12.0,-1.0,1.0,,3,0,LEADING_EDGE;PRIMARY,0,2,-16,0.92,0.01,0.012,1.0864999,1.06,18.0,1.0,0.92,,2,2,TARGET;CONTACT,1,4,-4,1.04,0.02,0.026159998,1.1129999,1.1129999,3.12,1.0,1.04,,2,4,TARGET;DEBRIS,1,1,-14,0.96000004,0.02,8.400008E-4,1.1129999,1.0335,-1.6199999,-1.0,0.96000004,,3,5,TRAILING_EDGE;RESIDUAL,0,1,4,1.08,0.0,8.400008E-4,1.06,1.0335,4.38,-1.0,0.92,,3,1,GROUND;FINISHER_RING,0,7,12,1.0,0.01,0.00816,1.0864999,1.06,15.12,-1.0,1.04,,3,6,ORBIT;FINISHER_ECHO,2,3,20,0.92,0.0,0.017159998,1.06,1.0864999,-2.88,-1.0,0.96000004,,3,7,ORBIT;WARRIOR_ACCENT,1,4,-28,1.0,0.02,0.02784,1.1129999,1.1129999,4.38,1.0,1.04,,2,3,TARGET|ARCANE|20,22,25,33|120,250,390,580|120,250,390,580|120:0:20;250:1:22;390:2:25;580:3:33|2131034341|2131034341,2131034342|2131034181|2131034485,2131034485,2131034485|2131034486,2131034486,2131034486|2131034181||2131034487||6|4|3|2
cleric_t19_c02|CLERIC|95|1|신좌의 망치|AUTHORED_CLASS:CLERIC:CONVERGE|DESCEND|TOP_TO_BOTTOM|FRACTURE|CONVERGE|4|2|cleric:c2:b5|cleric:c2:b5|2|v2:59b2d065a1d72873|G09_DESCEND_TOP_TO_BOTTOM|HIGH|SINGLE|G09_DESCEND_TOP_TO_BOTTOM:HIGH:SINGLE~ANTICIPATION:0:0:-7:-1:-2:34:34:1:1:1~PRIMARY:2:5:0:-1:-2:34:34:2:-1:1~CONTACT:0:1:0:1:-1:37:34:-1:-1:1~DEBRIS:1:2:0:0:-1:35:35:-1:1:1~RESIDUAL:1:5:6:-1:-2:34:34:0:-1:1~FINISHER_RING:1:5:1:1:-2:37:34:1:-1:1~FINISHER_ECHO:0:5:7:0:-2:34:34:1:-1:1~WARRIOR_ACCENT:1:2:-6:0:-1:34:35:3:1:1|ANTICIPATION,0,0,-46,0.92,-0.011999999,-0.042,1.007,1.007,6.0,1.0,0.96000004,,1,0,LEADING_EDGE;PRIMARY,2,5,-2,1.04,-0.011999999,-0.042,1.007,1.007,12.0,-1.0,1.04,,1,2,TARGET;CONTACT,0,1,-1,1.0,0.02544,-0.02532,1.1129999,1.0335,-4.92,-1.0,1.04,,1,4,TARGET;DEBRIS,1,2,4,1.08,0.00656,-0.01968,1.06,1.06,-4.08,1.0,0.92,,1,5,TRAILING_EDGE;RESIDUAL,1,5,36,1.0,-0.01344,-0.03768,1.007,1.007,-1.0799999,-1.0,1.04,,1,1,GROUND;FINISHER_RING,1,5,10,1.0,0.02544,-0.034319997,1.1129999,1.007,7.08,-1.0,1.0,,1,6,ORBIT;FINISHER_ECHO,0,5,42,1.0,-0.0045599993,-0.034319997,1.0335,1.007,7.08,-1.0,1.04,,1,7,ORBIT;WARRIOR_ACCENT,1,2,-38,1.08,-0.0034399997,-0.01968,1.0335,1.06,13.92,1.0,0.92,,1,3,TARGET|HOLY|100|560|560|560:0:100|2131034353|2131034353,2131034354|2131034301|2131034491,2131034491,2131034491|2131034492,2131034492,2131034492|2131034300||2131034493||6|4|3|1
cleric_t20_c05|CLERIC|100|4|천국문 폭격|AUTHORED_CLASS:CLERIC:CONVERGE|VOLLEY|TOP_TO_BOTTOM|POINT|CONVERGE|4|3|cleric:c5:b5|cleric:c5:b5|2|v2:8b6ac78ff632804c|G18_VOLLEY_TOP_TO_BOTTOM|HIGH|DOUBLE|G18_VOLLEY_TOP_TO_BOTTOM:HIGH:DOUBLE~ANTICIPATION:1:6:-4:0:-2:36:34:-3:1:2~PRIMARY:0:4:0:0:0:36:37:-3:1:2~CONTACT:2:2:-2:1:-1:37:35:0:1:2~DEBRIS:2:3:0:-2:0:34:36:-2:-1:2~RESIDUAL:1:2:1:-2:-1:34:35:-3:1:2~FINISHER_RING:1:7:5:0:-1:35:35:-2:-1:2~FINISHER_ECHO:0:5:6:0:-2:35:34:-3:-1:2~WARRIOR_ACCENT:1:2:0:-1:-1:35:35:0:1:2|ANTICIPATION,1,6,-24,0.92,-0.0040000007,-0.031,1.0864999,1.0335,-13.0,1.0,0.96000004,,2,0,LEADING_EDGE;PRIMARY,0,4,-2,0.92,-0.0040000007,-0.0040000007,1.0864999,1.1129999,-13.0,1.0,0.92,,2,2,TARGET;CONTACT,2,2,-15,1.04,0.010479999,-0.01496,1.1129999,1.06,-1.7600002,1.0,1.04,,2,4,TARGET;DEBRIS,2,3,-3,1.0,-0.03148,-0.00904,1.007,1.0864999,-11.74,-1.0,1.04,,2,5,TRAILING_EDGE;RESIDUAL,1,2,10,1.04,-0.03148,-0.01804,1.007,1.06,-14.74,1.0,1.04,,2,1,GROUND;FINISHER_RING,1,7,30,1.0,-0.009520001,-0.01496,1.06,1.06,-7.76,-1.0,1.04,,2,6,ORBIT;FINISHER_ECHO,0,5,38,1.0,-0.009520001,-0.032959998,1.06,1.007,-13.76,-1.0,1.04,,2,7,ORBIT;WARRIOR_ACCENT,1,2,2,0.92,-0.01148,-0.01804,1.06,1.06,0.26000023,1.0,0.92,,2,3,TARGET|HOLY|48,52|170,690|170,690|170:0:48;690:1:52|2131034365|2131034365,2131034366|2131034305|2131034497,2131034497,2131034497|2131034498,2131034498,2131034498|2131034304||2131034499||6|4|3|1
paladin_t01_c01|PALADIN|5|0|빛의 베기|AUTHORED_CLASS:PALADIN:RUPTURE|CUT|LEFT_TO_RIGHT|EDGE|RUPTURE|0|0|paladin:c1:b1|paladin:c1:b1|2|v2:efec05f9c5531546|G08_CUT_LEFT_TO_RIGHT|LOW|DOUBLE|G08_CUT_LEFT_TO_RIGHT:LOW:DOUBLE~ANTICIPATION:0:1:-1:-1:0:31:31:-2:-1:2~PRIMARY:2:1:-5:-1:0:31:31:0:-1:2~CONTACT:2:6:0:0:0:32:31:1:1:2~DEBRIS:2:6:-2:0:0:33:31:0:1:2~RESIDUAL:1:4:3:0:1:33:33:0:1:2~FINISHER_RING:1:5:0:0:-1:32:30:-2:-1:2~FINISHER_ECHO:1:3:4:0:1:31:32:1:-1:2~WARRIOR_ACCENT:1:3:1:-2:1:30:32:0:-1:2|ANTICIPATION,0,1,-10,0.92,-0.014,-0.0029999996,0.94,0.9165,-8.0,-1.0,0.96000004,,2,0,LEADING_EDGE;PRIMARY,2,1,-30,0.96000004,-0.024,-0.0029999996,0.9165,0.9165,-2.0,-1.0,0.96000004,,2,2,TARGET;CONTACT,2,6,4,0.96000004,4.79999E-4,-0.0049199997,0.96349996,0.9165,5.6,1.0,1.0,,2,4,TARGET;DEBRIS,2,6,-13,1.0,0.00852,-0.0040799994,0.9869999,0.9165,-1.0999999,1.0,1.0,,2,5,TRAILING_EDGE;RESIDUAL,1,4,20,1.0,0.00852,0.02292,0.9869999,0.9869999,-1.0999999,1.0,1.04,,2,1,GROUND;FINISHER_RING,1,5,4,1.08,4.79999E-4,-0.01392,0.96349996,0.893,-9.4,-1.0,0.92,,2,6,ORBIT;FINISHER_ECHO,1,3,28,0.92,-0.009520001,0.013079999,0.94,0.96349996,2.6,-1.0,0.92,,2,7,ORBIT;WARRIOR_ACCENT,1,3,6,0.92,-0.03148,0.01392,0.893,0.96349996,1.9000001,-1.0,0.96000004,,2,3,TARGET|HOLY|48,52|240,680|240,680|240:0:48;680:1:52|2131034422|2131034421,2131034422|2131034317|2131034521,2131034521,2131034521|2131034522,2131034522,2131034522|||||4|3|3|1
paladin_t02_c02|PALADIN|10|1|철벽 밀치기|AUTHORED_CLASS:PALADIN:CROSS|CHARGE|LEFT_TO_RIGHT|POINT|CROSS|0|1|paladin:c2:b1|paladin:c2:b1|2|v2:927fcd568d7cdaa6|G05_CHARGE_LEFT_TO_RIGHT|LOW|DOUBLE|G05_CHARGE_LEFT_TO_RIGHT:LOW:DOUBLE~ANTICIPATION:2:6:-2:0:0:33:31:1:1:2~PRIMARY:0:2:-6:-2:0:30:31:-1:1:2~CONTACT:2:4:2:-2:1:30:33:0:1:2~DEBRIS:1:6:-2:-1:0:31:31:1:1:2~RESIDUAL:0:4:1:-2:1:30:33:-2:1:2~FINISHER_RING:1:7:-1:-1:0:31:31:2:-1:2~FINISHER_ECHO:0:6:5:0:0:33:31:0:1:2~WARRIOR_ACCENT:0:6:-2:0:0:33:31:1:1:2|ANTICIPATION,2,6,-16,0.96000004,-0.006000001,-9.999992E-4,0.9869999,0.9165,4.0,1.0,0.96000004,,2,0,LEADING_EDGE;PRIMARY,0,2,-38,0.92,-0.046,0.008,0.893,0.94,-5.0,1.0,0.92,,2,2,TARGET;CONTACT,2,4,12,0.96000004,-0.03768,0.02344,0.893,0.9869999,0.68,1.0,0.96000004,,2,4,TARGET;DEBRIS,1,6,-14,0.96000004,-0.02132,-0.0024399995,0.94,0.9165,6.82,1.0,1.0,,2,5,TRAILING_EDGE;RESIDUAL,0,4,11,1.0,-0.04132,0.024559999,0.893,0.9869999,-8.18,1.0,1.04,,2,1,GROUND;FINISHER_RING,1,7,-8,0.92,-0.02768,0.0054400004,0.9165,0.94,9.68,-1.0,0.92,,2,6,ORBIT;FINISHER_ECHO,0,6,32,0.92,0.002319999,-0.0035599992,0.9869999,0.9165,-2.32,1.0,0.92,,2,7,ORBIT;WARRIOR_ACCENT,0,6,-14,0.96000004,-0.0013200007,-0.0024399995,0.9869999,0.9165,3.82,1.0,0.96000004,,2,3,TARGET|HOLY|48,52|330,650|330,650|330:0:48;650:1:52|2131034416|2131034415,2131034416|2131034319|2131034518,2131034518,2131034518|2131034519,2131034519,2131034519|||||4|3|3|1
paladin_t03_c03|PALADIN|15|2|기사의 망치 강타|AUTHORED_CLASS:PALADIN:RUPTURE|DESCEND|TOP_TO_BOTTOM|FRACTURE|RUPTURE|0|2|paladin:c3:b1|paladin:c3:b1|2|v2:154848caac906e59|G09_DESCEND_TOP_TO_BOTTOM|LOW|SINGLE|G09_DESCEND_TOP_TO_BOTTOM:LOW:SINGLE~ANTICIPATION:1:5:-5:0:-2:31:30:2:-1:1~PRIMARY:1:5:-3:0:-2:31:30:2:-1:1~CONTACT:2:4:-2:0:0:31:33:0:1:1~DEBRIS:0:4:3:1:0:33:33:-1:1:1~RESIDUAL:1:4:4:1:0:32:33:0:1:1~FINISHER_RING:2:1:4:-1:-1:30:31:2:-1:1~FINISHER_ECHO:2:1:8:-1:-1:30:31:1:-1:1~WARRIOR_ACCENT:0:2:-2:0:-1:31:31:-1:1:1|ANTICIPATION,1,5,-34,1.0,0.008,-0.042,0.94,0.893,12.0,-1.0,1.0,,1,0,LEADING_EDGE;PRIMARY,1,5,-22,1.08,0.008,-0.042,0.94,0.893,12.0,-1.0,0.92,,1,2,TARGET;CONTACT,2,4,-17,1.08,-0.0045599993,0.0016799998,0.9165,0.9869999,-1.9200001,1.0,0.92,,1,4,TARGET;DEBRIS,0,4,20,1.04,0.02656,-0.0016800016,0.9869999,0.9869999,-4.08,1.0,1.04,,1,5,TRAILING_EDGE;RESIDUAL,1,4,24,0.92,0.01656,-0.0016800016,0.96349996,0.9869999,-1.0799999,1.0,0.96000004,,1,1,GROUND;FINISHER_RING,2,1,26,1.0,-0.014559999,-0.02532,0.893,0.9165,10.08,-1.0,1.04,,1,6,ORBIT;FINISHER_ECHO,2,1,50,1.04,-0.014559999,-0.02532,0.893,0.9165,4.08,-1.0,1.04,,1,7,ORBIT;WARRIOR_ACCENT,0,2,-14,1.0,0.00656,-0.01968,0.94,0.94,-4.08,1.0,1.04,,1,3,TARGET|EARTH|100|560|560|560:0:100|2131034404|2131034403,2131034404|2131034321|2131034515,2131034515,2131034515|2131034516,2131034516,2131034516|||||4|3|3|1
paladin_t04_c01|PALADIN|20|0|십자 베기|AUTHORED_CLASS:PALADIN:CONVERGE|CROSS_CUT|LEFT_TO_RIGHT|EDGE|CONVERGE|0|3|paladin:c1:b1|paladin:c1:b1|2|v2:c4021d2a7425cfd4|G07_CROSS_CUT_LEFT_TO_RIGHT|LOW|DOUBLE|G07_CROSS_CUT_LEFT_TO_RIGHT:LOW:DOUBLE~ANTICIPATION:0:0:-2:1:-1:32:30:1:1:2~PRIMARY:1:3:1:2:0:33:32:1:-1:2~CONTACT:1:7:2:-1:0:30:31:2:-1:2~DEBRIS:2:4:0:1:0:33:33:2:1:2~RESIDUAL:0:7:3:0:0:31:31:0:-1:2~FINISHER_RING:1:7:1:0:0:31:31:1:-1:2~FINISHER_ECHO:1:1:6:1:-1:32:31:2:-1:2~WARRIOR_ACCENT:0:3:-5:-1:0:30:32:3:-1:2|ANTICIPATION,0,0,-16,1.0,0.022,-0.03,0.96349996,0.893,7.0,1.0,1.04,,2,0,LEADING_EDGE;PRIMARY,1,3,8,0.92,0.031999998,-0.0030000005,0.9869999,0.96349996,4.0,-1.0,0.96000004,,2,2,TARGET;CONTACT,1,7,16,1.0,-0.01184,-0.00816,0.893,0.94,8.84,-1.0,1.04,,2,4,TARGET;DEBRIS,2,4,-3,0.96000004,0.02984,0.008159999,0.9869999,0.9869999,7.66,1.0,1.0,,2,5,TRAILING_EDGE;RESIDUAL,0,7,21,1.0,0.00984,-0.00984,0.94,0.94,1.6599998,-1.0,1.04,,2,1,GROUND;FINISHER_RING,1,7,10,0.96000004,0.00816,-0.00816,0.94,0.94,5.84,-1.0,1.0,,2,6,ORBIT;FINISHER_ECHO,1,1,38,0.92,0.01816,-0.017159998,0.96349996,0.9165,8.84,-1.0,0.96000004,,2,7,ORBIT;WARRIOR_ACCENT,0,3,-32,0.92,-0.010159999,-8.400008E-4,0.893,0.96349996,16.66,-1.0,0.96000004,,2,3,TARGET|HOLY|48,52|170,690|170,690|170:0:48;690:1:52|2131034421|2131034421,2131034422|2131034317|2131034521,2131034521,2131034521|2131034522,2131034522,2131034522|||||4|3|3|1
paladin_t05_c04|PALADIN|25|3|새벽의 칼날|AUTHORED_CLASS:PALADIN:CONVERGE|FLURRY|LEFT_TO_RIGHT|EDGE|CONVERGE|1|0|paladin:c4:b2|paladin:c4:b2|2|v2:8ff83f37e7603974|G12_FLURRY_LEFT_TO_RIGHT|LOW|COMBO|G12_FLURRY_LEFT_TO_RIGHT:LOW:COMBO~ANTICIPATION:1:0:1:0:0:31:30:4:1:2~PRIMARY:1:5:2:1:0:32:30:4:-1:3~CONTACT:0:0:0:2:-1:33:30:0:1:2~DEBRIS:2:5:-2:1:0:31:30:3:-1:3~RESIDUAL:1:4:0:1:1:31:33:0:1:2~FINISHER_RING:1:4:1:0:1:31:33:0:1:2~FINISHER_ECHO:1:5:1:1:-1:32:30:2:-1:3~WARRIOR_ACCENT:0:6:-1:0:0:31:31:4:1:2|ANTICIPATION,1,0,8,1.08,0.007999999,-0.007999999,0.9165,0.893,21.0,1.0,0.92,,2,0,LEADING_EDGE;PRIMARY,1,5,12,1.04,0.027999999,-0.007999999,0.96349996,0.893,21.0,-1.0,1.04,,3,2,TARGET;CONTACT,0,0,0,1.0,0.03224,-0.0112,0.9869999,0.893,-0.84000015,1.0,1.0,,2,4,TARGET;DEBRIS,2,5,-12,1.04,0.01476,-0.009799999,0.94,0.893,15.84,-1.0,1.04,,3,5,TRAILING_EDGE;RESIDUAL,1,4,2,1.04,0.01476,0.0262,0.94,0.9869999,0.84000015,1.0,1.04,,2,1,GROUND;FINISHER_RING,1,4,8,0.96000004,0.0022399994,0.024799999,0.9165,0.9869999,2.1599998,1.0,1.0,,2,6,ORBIT;FINISHER_ECHO,1,5,8,0.96000004,0.022239998,-0.0112,0.96349996,0.893,8.16,-1.0,1.0,,3,7,ORBIT;WARRIOR_ACCENT,0,6,-8,1.04,0.00476,-7.999996E-4,0.9165,0.9165,18.84,1.0,1.04,,2,3,TARGET|HOLY|20,22,25,33|260,450,600,720|260,450,600,720|260:0:20;450:1:22;600:2:25;720:3:33|2131034427|2131034427,2131034428|2131034323|2131034524,2131034524,2131034524|2131034525,2131034525,2131034525|2131034322||||5|4|3|2
paladin_t06_c03|PALADIN|30|2|심판의 성추|AUTHORED_CLASS:PALADIN:CONVERGE|DESCEND|TOP_TO_BOTTOM|FRACTURE|CONVERGE|1|1|paladin:c3:b2|paladin:c3:b2|2|v2:2cf67bb19a0b6eba|G09_DESCEND_TOP_TO_BOTTOM|LOW|SINGLE|G09_DESCEND_TOP_TO_BOTTOM:LOW:SINGLE~ANTICIPATION:1:0:-6:1:-2:32:30:3:1:1~PRIMARY:2:4:-6:0:0:31:33:1:1:1~CONTACT:0:5:3:0:-2:31:30:2:-1:1~DEBRIS:1:7:0:0:-1:31:31:-1:-1:1~RESIDUAL:1:5:2:-1:-2:30:30:0:-1:1~FINISHER_RING:1:4:0:1:0:33:33:0:1:1~FINISHER_ECHO:2:5:5:0:-2:31:30:1:-1:1~WARRIOR_ACCENT:2:2:-7:1:-1:33:31:-1:1:1|ANTICIPATION,1,0,-38,0.96000004,0.018,-0.042,0.96349996,0.893,15.0,1.0,1.0,,1,0,LEADING_EDGE;PRIMARY,2,4,-38,0.92,0.008,-0.006000001,0.94,0.9869999,3.0,1.0,0.92,,1,2,TARGET;CONTACT,0,5,19,1.0,0.0054400004,-0.034319997,0.94,0.893,10.08,-1.0,1.04,,1,4,TARGET;DEBRIS,1,7,0,0.92,0.00656,-0.01968,0.94,0.94,-4.08,-1.0,0.92,,1,5,TRAILING_EDGE;RESIDUAL,1,5,16,0.96000004,-0.01344,-0.03768,0.893,0.893,-1.0799999,-1.0,1.0,,1,1,GROUND;FINISHER_RING,1,4,-2,0.96000004,0.02544,0.0016799998,0.9869999,0.9869999,1.0799999,1.0,1.0,,1,6,ORBIT;FINISHER_ECHO,2,5,34,0.96000004,-0.0045599993,-0.034319997,0.9165,0.893,7.08,-1.0,1.0,,1,7,ORBIT;WARRIOR_ACCENT,2,2,-42,0.92,0.02656,-0.01968,0.9869999,0.94,-4.08,1.0,0.96000004,,1,3,TARGET|HOLY|100|560|560|560:0:100|2131034403|2131034403,2131034404|2131034321|2131034515,2131034515,2131034515|2131034516,2131034516,2131034516|2131034320||||5|4|3|1
paladin_t07_c05|PALADIN|35|4|충성의 일격|AUTHORED_CLASS:PALADIN:CROSS|EXECUTE|TOP_TO_BOTTOM|POINT|CROSS|1|2|paladin:c5:b2|paladin:c5:b2|2|v2:611f86d2411803cb|G11_EXECUTE_TOP_TO_BOTTOM|LOW|SINGLE|G11_EXECUTE_TOP_TO_BOTTOM:LOW:SINGLE~ANTICIPATION:1:6:-4:2:-1:33:31:-1:1:1~PRIMARY:2:7:-4:2:-1:33:31:-1:-1:1~CONTACT:0:1:4:1:-1:33:31:0:-1:1~DEBRIS:2:5:0:0:-2:30:30:-1:-1:1~RESIDUAL:1:4:1:0:0:30:33:2:1:1~FINISHER_RING:0:3:3:-1:0:30:32:-1:-1:1~FINISHER_ECHO:2:0:5:0:-2:31:30:2:1:1~WARRIOR_ACCENT:0:1:-6:2:-1:33:31:-1:-1:1|ANTICIPATION,1,6,-26,0.92,0.034,-0.026999999,0.9869999,0.9165,-6.0,1.0,0.92,,1,0,LEADING_EDGE;PRIMARY,2,7,-24,0.92,0.034,-0.018,0.9869999,0.94,-6.0,-1.0,0.92,,1,2,TARGET;CONTACT,0,1,28,1.04,0.029520001,-0.02124,0.9869999,0.9165,-0.96000004,-1.0,1.04,,1,4,TARGET;DEBRIS,2,5,2,0.92,-0.00852,-0.032759998,0.893,0.893,-3.54,-1.0,0.92,,1,5,TRAILING_EDGE;RESIDUAL,1,4,6,0.92,-0.00852,0.0032399995,0.893,0.9869999,8.46,1.0,0.92,,1,1,GROUND;FINISHER_RING,0,3,22,0.92,-0.010479999,-0.0032399995,0.893,0.96349996,-6.96,-1.0,0.92,,1,6,ORBIT;FINISHER_ECHO,2,0,30,1.04,0.009520001,-0.03024,0.94,0.893,8.04,1.0,1.04,,1,7,ORBIT;WARRIOR_ACCENT,0,1,-36,0.96000004,0.03148,-0.023759998,0.9869999,0.9165,-6.54,-1.0,1.0,,1,3,TARGET|HOLY|100|600|600|600:0:100|2131034410|2131034409,2131034410|2131034183|2131034567,2131034567,2131034567|2131034185,2131034185,2131034185|2131034183||||5|4|3|1
paladin_t08_c02|PALADIN|40|1|수호벽 돌파|AUTHORED_CLASS:PALADIN:RUPTURE|CHARGE|LEFT_TO_RIGHT|POINT|RUPTURE|1|3|paladin:c2:b2|paladin:c2:b2|2|v2:24f1ad83d0a4de10|G05_CHARGE_LEFT_TO_RIGHT|LOW|DOUBLE|G05_CHARGE_LEFT_TO_RIGHT:LOW:DOUBLE~ANTICIPATION:2:0:-4:-1:0:31:30:0:1:2~PRIMARY:0:1:-4:0:0:33:31:1:-1:2~CONTACT:0:2:0:-2:0:30:31:1:1:2~DEBRIS:2:4:-1:-2:1:31:33:-1:1:2~RESIDUAL:2:2:1:-2:0:31:31:-1:1:2~FINISHER_RING:0:3:2:0:1:33:32:1:-1:2~FINISHER_ECHO:0:6:6:-2:0:30:31:-1:1:2~WARRIOR_ACCENT:1:0:-5:-2:-1:31:30:2:1:2|ANTICIPATION,2,0,-24,0.92,-0.026,-0.009999999,0.94,0.893,-2.0,1.0,0.96000004,,2,0,LEADING_EDGE;PRIMARY,0,1,-26,0.96000004,-0.006000001,-9.999992E-4,0.9869999,0.9165,4.0,-1.0,0.96000004,,2,2,TARGET;CONTACT,0,2,-4,0.96000004,-0.03768,0.0054400004,0.893,0.94,6.68,1.0,1.0,,2,4,TARGET;DEBRIS,2,4,-6,0.92,-0.03132,0.024559999,0.9165,0.9869999,-5.18,1.0,0.96000004,,2,5,TRAILING_EDGE;RESIDUAL,2,2,7,1.08,-0.03132,0.00656,0.9165,0.94,-5.18,1.0,0.92,,2,1,GROUND;FINISHER_RING,0,3,16,1.08,0.002319999,0.01444,0.9869999,0.96349996,3.68,-1.0,0.92,,2,6,ORBIT;FINISHER_ECHO,0,6,36,0.92,-0.03768,-0.0035599992,0.893,0.9165,-5.32,1.0,0.92,,2,7,ORBIT;WARRIOR_ACCENT,1,0,-30,0.92,-0.03132,-0.01144,0.9165,0.893,9.82,1.0,0.92,,2,3,TARGET|HOLY|48,52|170,690|170,690|170:0:48;690:1:52|2131034416|2131034415,2131034416|2131034319|2131034518,2131034518,2131034518|2131034519,2131034519,2131034519|2131034318||||5|4|3|1
paladin_t09_c01|PALADIN|45|0|성광 검무|AUTHORED_CLASS:PALADIN:RUPTURE|FLURRY|LEFT_TO_RIGHT|EDGE|RUPTURE|2|0|paladin:c1:b3|paladin:c1:b3|2|v2:559d392ef7c20972|G12_FLURRY_LEFT_TO_RIGHT|MID|COMBO|G12_FLURRY_LEFT_TO_RIGHT:MID:COMBO~ANTICIPATION:2:5:-2:0:0:32:32:1:-1:3~PRIMARY:2:2:1:1:1:33:33:4:1:2~CONTACT:2:7:0:0:0:32:33:2:-1:3~DEBRIS:0:7:4:2:0:35:33:3:-1:3~RESIDUAL:0:0:3:1:0:33:32:3:1:2~FINISHER_RING:2:0:-2:0:-1:32:32:2:1:2~FINISHER_ECHO:0:4:0:0:1:33:35:3:1:2~WARRIOR_ACCENT:0:4:-2:0:1:32:35:2:1:2|ANTICIPATION,2,5,-16,0.96000004,-0.0020000003,-0.007999999,0.95,0.95,3.0,-1.0,0.96000004,,3,0,LEADING_EDGE;PRIMARY,2,2,8,0.92,0.018,0.01,1.0,1.0,18.0,1.0,0.96000004,,2,2,TARGET;CONTACT,2,7,4,0.96000004,-0.0077600004,0.0068,0.95,1.0,8.16,-1.0,1.0,,3,4,TARGET;DEBRIS,0,7,24,1.04,0.03476,0.0082,1.05,1.0,12.84,-1.0,1.04,,3,5,TRAILING_EDGE;RESIDUAL,0,0,18,0.92,0.01476,-0.009799999,1.0,0.95,15.84,1.0,0.92,,2,1,GROUND;FINISHER_RING,2,0,-12,1.0,-0.0077600004,-0.0112,0.95,0.95,8.16,1.0,1.04,,2,6,ORBIT;FINISHER_ECHO,0,4,0,1.08,0.0022399994,0.024799999,0.97499996,1.05,17.16,1.0,0.92,,2,7,ORBIT;WARRIOR_ACCENT,0,4,-16,1.0,-0.00524,0.0262,0.95,1.05,9.84,1.0,1.04,,2,3,TARGET|HOLY|28,32,40|140,420,780|140,420,780|140:0:28;420:1:32;780:2:40|2131034424|2131034423,2131034424|2131034317|2131034521,2131034521,2131034521|2131034522,2131034522,2131034522|2131034316||||5|3|3|1
paladin_t10_c05|PALADIN|50|4|왕권 일격|AUTHORED_CLASS:PALADIN:FOCUS|EXECUTE|TOP_TO_BOTTOM|POINT|FOCUS|2|1|paladin:c5:b3|paladin:c5:b3|2|v2:28c97a23a125c2aa|G11_EXECUTE_TOP_TO_BOTTOM|MID|SINGLE|G11_EXECUTE_TOP_TO_BOTTOM:MID:SINGLE~ANTICIPATION:0:4:-5:0:0:33:35:2:1:1~PRIMARY:0:4:-6:2:0:35:35:0:1:1~CONTACT:0:6:2:1:-1:35:33:1:1:1~DEBRIS:2:7:-1:0:-1:33:33:2:-1:1~RESIDUAL:1:2:4:1:-1:34:33:2:1:1~FINISHER_RING:1:4:4:1:0:35:35:-1:1:1~FINISHER_ECHO:1:0:9:1:-2:34:32:-1:1:1~WARRIOR_ACCENT:2:3:-5:1:0:33:34:2:-1:1|ANTICIPATION,0,4,-30,1.0,0.0040000007,0.0,0.97499996,1.05,12.0,1.0,1.04,,1,0,LEADING_EDGE;PRIMARY,0,4,-36,1.04,0.034,0.0,1.05,1.05,0.0,1.0,1.04,,1,2,TARGET;CONTACT,0,6,16,0.96000004,0.029520001,-0.02124,1.05,0.97499996,5.04,1.0,1.0,,1,4,TARGET;DEBRIS,2,7,-6,1.04,0.0014800001,-0.01476,0.97499996,1.0,11.46,-1.0,1.04,,1,5,TRAILING_EDGE;RESIDUAL,1,2,26,1.0,0.02148,-0.01476,1.025,1.0,11.46,1.0,1.0,,1,1,GROUND;FINISHER_RING,1,4,26,1.04,0.029520001,0.00576,1.05,1.05,-6.96,1.0,1.04,,1,6,ORBIT;FINISHER_ECHO,1,0,54,1.04,0.01952,-0.03024,1.025,0.95,-3.96,1.0,1.04,,1,7,ORBIT;WARRIOR_ACCENT,2,3,-32,1.04,0.01148,-0.00576,1.0,1.025,8.46,-1.0,1.04,,1,3,TARGET|HOLY|100|600|600|600:0:100|2131034411|2131034411,2131034412|2131034183|2131034567,2131034567,2131034567|2131034185,2131034185,2131034185|2131034183||||5|3|3|1
paladin_t11_c03|PALADIN|55|2|별철 성추 강타|AUTHORED_CLASS:PALADIN:RUPTURE|DESCEND|TOP_TO_BOTTOM|FRACTURE|RUPTURE|2|2|paladin:c3:b3|paladin:c3:b3|2|v2:ea7e1daabae9bb5a|G09_DESCEND_TOP_TO_BOTTOM|MID|SINGLE|G09_DESCEND_TOP_TO_BOTTOM:MID:SINGLE~ANTICIPATION:2:0:-7:1:-2:34:32:0:1:1~PRIMARY:1:4:-6:1:0:35:35:-1:1:1~CONTACT:0:3:-2:0:0:33:34:2:-1:1~DEBRIS:0:4:0:0:0:33:35:2:1:1~RESIDUAL:0:4:0:1:0:35:35:-1:1:1~FINISHER_RING:0:7:5:1:-1:35:33:-1:-1:1~FINISHER_ECHO:1:1:2:-1:-1:32:33:1:-1:1~WARRIOR_ACCENT:1:2:-5:1:-1:35:33:-1:1:1|ANTICIPATION,2,0,-42,1.04,0.018,-0.042,1.025,0.95,0.0,1.0,1.04,,1,0,LEADING_EDGE;PRIMARY,1,4,-38,1.0,0.028,-0.006000001,1.05,1.05,-3.0,1.0,1.04,,1,2,TARGET;CONTACT,0,3,-17,1.0,0.0054400004,-0.00732,1.0,1.025,10.08,-1.0,1.0,,1,4,TARGET;DEBRIS,0,4,-4,1.08,-0.0034399997,-0.0016800016,0.97499996,1.05,7.92,1.0,0.92,,1,5,TRAILING_EDGE;RESIDUAL,0,4,4,1.0,0.02656,-0.0016800016,1.05,1.05,-4.08,1.0,1.0,,1,1,GROUND;FINISHER_RING,0,7,30,0.96000004,0.02544,-0.01632,1.05,1.0,-4.92,-1.0,0.96000004,,1,6,ORBIT;FINISHER_ECHO,1,1,14,0.96000004,-0.014559999,-0.02532,0.95,0.97499996,4.08,-1.0,0.96000004,,1,7,ORBIT;WARRIOR_ACCENT,1,2,-34,0.96000004,0.02656,-0.01968,1.05,1.0,-4.08,1.0,0.96000004,,1,3,TARGET|COSMIC|100|560|560|560:0:100|2131034406|2131034405,2131034406|2131034321|2131034515,2131034515,2131034515|2131034516,2131034516,2131034516|2131034320||||5|3|3|1
paladin_t12_c05|PALADIN|60|4|황금 서약참|AUTHORED_CLASS:PALADIN:CONVERGE|CUT|LEFT_TO_RIGHT|EDGE|CONVERGE|2|3|paladin:c5:b3|paladin:c5:b3|2|v2:73bc8dbb581d0d04|G08_CUT_LEFT_TO_RIGHT|MID|DOUBLE|G08_CUT_LEFT_TO_RIGHT:MID:DOUBLE~ANTICIPATION:0:4:1:-1:1:33:35:0:1:2~PRIMARY:1:3:-1:-2:1:32:34:-1:-1:2~CONTACT:1:7:2:-1:0:33:33:1:-1:2~DEBRIS:1:6:0:0:0:34:33:-1:1:2~RESIDUAL:1:6:2:-1:0:33:33:0:1:2~FINISHER_RING:1:1:1:-1:0:32:33:-2:-1:2~FINISHER_ECHO:2:2:4:0:0:33:33:-1:1:2~WARRIOR_ACCENT:0:7:1:-1:0:33:33:-1:-1:2|ANTICIPATION,0,4,6,0.92,-0.024,0.024,0.97499996,1.05,-2.0,1.0,0.96000004,,2,0,LEADING_EDGE;PRIMARY,1,3,-6,1.04,-0.034,0.015,0.95,1.025,-5.0,-1.0,1.04,,2,2,TARGET;CONTACT,1,7,16,1.0,-0.01952,0.00408,0.97499996,1.0,5.6,-1.0,1.0,,2,4,TARGET;DEBRIS,1,6,-5,1.04,-0.0014800001,-0.0040799994,1.025,0.97499996,-4.1,1.0,1.04,,2,5,TRAILING_EDGE;RESIDUAL,1,6,16,0.96000004,-0.02148,-0.0040799994,0.97499996,0.97499996,-1.0999999,1.0,0.96000004,,2,1,GROUND;FINISHER_RING,1,1,8,0.96000004,-0.029520001,-0.0049199997,0.95,0.97499996,-12.4,-1.0,1.0,,2,6,ORBIT;FINISHER_ECHO,2,2,24,0.96000004,-0.009520001,0.00408,1.0,1.0,-6.4,1.0,1.0,,2,7,ORBIT;WARRIOR_ACCENT,0,7,6,1.08,-0.01148,0.00492,1.0,1.0,-7.1,-1.0,0.92,,2,3,TARGET|HOLY|48,52|240,680|240,680|240:0:48;680:1:52|2131034411|2131034411,2131034412|2131034183|2131034567,2131034567,2131034567|2131034185,2131034185,2131034185|2131034183||||5|3|3|1
paladin_t13_c02|PALADIN|65|1|천공 방패격|AUTHORED_CLASS:PALADIN:FOCUS|CHARGE|LEFT_TO_RIGHT|POINT|FOCUS|3|0|paladin:c2:b4|paladin:c2:b4|2|v2:c104ca91f60a228b|G05_CHARGE_LEFT_TO_RIGHT|MID|SINGLE|G05_CHARGE_LEFT_TO_RIGHT:MID:SINGLE~ANTICIPATION:1:1:-1:-1:0:34:33:2:-1:1~PRIMARY:1:2:-5:-1:0:34:33:-1:1:1~CONTACT:2:7:2:-2:0:32:33:1:-1:1~DEBRIS:1:5:0:-2:-1:33:32:1:-1:1~RESIDUAL:1:3:3:-2:1:32:34:0:-1:1~FINISHER_RING:0:2:0:-1:0:33:33:0:1:1~FINISHER_ECHO:2:5:3:0:-1:34:32:0:-1:1~WARRIOR_ACCENT:0:5:-6:-2:-1:32:32:1:-1:1|ANTICIPATION,1,1,-8,1.08,-0.016,-9.999992E-4,1.025,0.97499996,10.0,-1.0,0.92,,1,0,LEADING_EDGE;PRIMARY,1,2,-34,0.92,-0.016,0.008,1.025,1.0,-5.0,1.0,0.92,,1,2,TARGET;CONTACT,2,7,16,0.92,-0.03768,0.0054400004,0.95,1.0,6.68,-1.0,0.92,,1,4,TARGET;DEBRIS,1,5,2,0.96000004,-0.03132,-0.01144,0.97499996,0.95,3.82,-1.0,1.0,,1,5,TRAILING_EDGE;RESIDUAL,1,3,19,0.96000004,-0.04132,0.015559999,0.95,1.025,0.82,-1.0,1.0,,1,1,GROUND;FINISHER_RING,0,2,4,0.96000004,-0.01768,0.0054400004,1.0,1.0,-2.32,1.0,1.0,,1,6,ORBIT;FINISHER_ECHO,2,5,20,1.08,-0.0076800007,-0.012559999,1.025,0.95,0.68,-1.0,0.92,,1,7,ORBIT;WARRIOR_ACCENT,0,5,-38,1.0,-0.04132,-0.01144,0.95,0.95,6.82,-1.0,1.04,,1,3,TARGET|HOLY|100|440|440|440:0:100|2131034417|2131034417,2131034418|2131034319|2131034518,2131034518,2131034518|2131034519,2131034519,2131034519|2131034318||||5|3|3|1
paladin_t14_c01|PALADIN|70|0|천상 십자참|AUTHORED_CLASS:PALADIN:FOCUS|CROSS_CUT|LEFT_TO_RIGHT|EDGE|FOCUS|3|1|paladin:c1:b4|paladin:c1:b4|2|v2:4ca9684c8d45ede0|G07_CROSS_CUT_LEFT_TO_RIGHT|MID|DOUBLE|G07_CROSS_CUT_LEFT_TO_RIGHT:MID:DOUBLE~ANTICIPATION:1:5:-4:2:-1:35:32:1:-1:2~PRIMARY:1:6:-4:1:-1:34:33:1:1:2~CONTACT:2:5:1:1:-1:34:32:2:-1:2~DEBRIS:1:2:1:-1:0:32:33:1:1:2~RESIDUAL:0:0:0:0:-1:33:32:0:1:2~FINISHER_RING:1:3:5:1:0:34:34:2:-1:2~FINISHER_ECHO:1:0:6:-1:-1:32:32:0:1:2~WARRIOR_ACCENT:2:5:-4:1:-1:34:32:2:-1:2|ANTICIPATION,1,5,-24,1.08,0.031999998,-0.03,1.05,0.95,4.0,-1.0,0.92,,2,0,LEADING_EDGE;PRIMARY,1,6,-24,1.0,0.022,-0.021,1.025,0.97499996,7.0,1.0,1.04,,2,2,TARGET;CONTACT,2,5,8,0.92,0.01816,-0.026159998,1.025,0.95,8.84,-1.0,0.96000004,,2,4,TARGET;DEBRIS,1,2,9,1.0,-0.010159999,-0.00984,0.95,1.0,4.66,1.0,1.0,,2,5,TRAILING_EDGE;RESIDUAL,0,0,-3,1.0,0.00984,-0.02784,1.0,0.95,1.6599998,1.0,1.0,,2,1,GROUND;FINISHER_RING,1,3,30,1.0,0.01816,8.399999E-4,1.025,1.025,8.84,-1.0,1.04,,2,6,ORBIT;FINISHER_ECHO,1,0,38,0.96000004,-0.01184,-0.026159998,0.95,0.95,-0.15999985,1.0,1.0,,2,7,ORBIT;WARRIOR_ACCENT,2,5,-28,1.04,0.01984,-0.02784,1.025,0.95,10.66,-1.0,1.04,,2,3,TARGET|HOLY|48,52|170,690|170,690|170:0:48;690:1:52|2131034423|2131034423,2131034424|2131034317|2131034521,2131034521,2131034521|2131034522,2131034522,2131034522|2131034316||||5|3|3|1
paladin_t15_c03|PALADIN|75|2|심판왕의 망치|AUTHORED_CLASS:PALADIN:RUPTURE|DESCEND|TOP_TO_BOTTOM|FRACTURE|RUPTURE|3|2|paladin:c3:b4|paladin:c3:b4|2|v2:7af45ae7d0a0ab70|G09_DESCEND_TOP_TO_BOTTOM|MID|SINGLE|G09_DESCEND_TOP_TO_BOTTOM:MID:SINGLE~ANTICIPATION:0:5:-2:1:-2:34:32:3:-1:1~PRIMARY:1:6:-5:-1:-2:32:33:0:1:1~CONTACT:2:7:3:-1:-1:32:33:-1:-1:1~DEBRIS:2:3:0:0:-1:33:34:-1:-1:1~RESIDUAL:0:4:5:1:0:35:35:-1:1:1~FINISHER_RING:0:7:5:-1:-1:32:33:-1:-1:1~FINISHER_ECHO:1:1:3:1:-1:35:33:-1:-1:1~WARRIOR_ACCENT:2:7:-5:-1:-1:32:33:-1:-1:1|ANTICIPATION,0,5,-14,1.0,0.018,-0.042,1.025,0.95,15.0,-1.0,1.0,,1,0,LEADING_EDGE;PRIMARY,1,6,-30,0.96000004,-0.011999999,-0.033,0.95,0.97499996,0.0,1.0,0.96000004,,1,2,TARGET;CONTACT,2,7,23,1.08,-0.014559999,-0.01632,0.95,1.0,-4.92,-1.0,0.92,,1,4,TARGET;DEBRIS,2,3,4,1.0,0.00656,-0.010680001,1.0,1.025,-4.08,-1.0,1.04,,1,5,TRAILING_EDGE;RESIDUAL,0,4,32,0.96000004,0.02656,-0.0016800016,1.05,1.05,-4.08,1.0,0.96000004,,1,1,GROUND;FINISHER_RING,0,7,30,1.0,-0.014559999,-0.01632,0.95,1.0,-4.92,-1.0,1.0,,1,6,ORBIT;FINISHER_ECHO,1,1,18,0.92,0.02544,-0.02532,1.05,0.97499996,-4.92,-1.0,0.96000004,,1,7,ORBIT;WARRIOR_ACCENT,2,7,-30,1.04,-0.01344,-0.01968,0.95,1.0,-4.08,-1.0,1.04,,1,3,TARGET|HOLY|100|560|560|560:0:100|2131034406|2131034405,2131034406|2131034321|2131034515,2131034515,2131034515|2131034516,2131034516,2131034516|2131034320||||5|3|3|1
paladin_t16_c02|PALADIN|80|1|성역 방패돌진|AUTHORED_CLASS:PALADIN:RUPTURE|CHARGE|LEFT_TO_RIGHT|POINT|RUPTURE|3|3|paladin:c2:b4|paladin:c2:b4|2|v2:a8034248137574cb|G05_CHARGE_LEFT_TO_RIGHT|MID|DOUBLE|G05_CHARGE_LEFT_TO_RIGHT:MID:DOUBLE~ANTICIPATION:0:2:-5:-1:0:33:33:-2:1:2~PRIMARY:0:5:-2:-1:0:33:32:1:-1:2~CONTACT:0:7:0:-1:0:33:33:-2:-1:2~DEBRIS:0:5:3:-2:-1:32:32:1:-1:2~RESIDUAL:1:3:5:-1:1:34:34:2:-1:2~FINISHER_RING:1:4:4:0:1:35:35:1:1:2~FINISHER_ECHO:1:3:5:-2:1:32:34:0:-1:2~WARRIOR_ACCENT:1:4:-4:-2:1:32:35:-1:1:2|ANTICIPATION,0,2,-32,1.04,-0.026,0.008,1.0,1.0,-8.0,1.0,1.04,,2,0,LEADING_EDGE;PRIMARY,0,5,-14,0.96000004,-0.026,-0.009999999,1.0,0.95,7.0,-1.0,1.0,,2,2,TARGET;CONTACT,0,7,0,0.92,-0.01768,0.0054400004,1.0,1.0,-8.32,-1.0,0.96000004,,2,4,TARGET;DEBRIS,0,5,22,1.0,-0.04132,-0.01144,0.95,0.95,6.82,-1.0,1.04,,2,5,TRAILING_EDGE;RESIDUAL,1,3,31,0.96000004,-0.0113200005,0.015559999,1.025,1.025,9.82,-1.0,0.96000004,,2,1,GROUND;FINISHER_RING,1,4,24,1.04,0.002319999,0.02344,1.05,1.05,3.68,1.0,1.04,,2,6,ORBIT;FINISHER_ECHO,1,3,32,0.96000004,-0.03768,0.01444,0.95,1.025,0.68,-1.0,0.96000004,,2,7,ORBIT;WARRIOR_ACCENT,1,4,-26,0.96000004,-0.04132,0.024559999,0.95,1.05,-5.18,1.0,0.96000004,,2,3,TARGET|HOLY|48,52|220,780|220,780|220:0:48;780:1:52|2131034418|2131034417,2131034418|2131034319|2131034518,2131034518,2131034518|2131034519,2131034519,2131034519|2131034318||||5|3|3|1
paladin_t17_c05|PALADIN|85|4|불멸 서약참|AUTHORED_CLASS:PALADIN:RUPTURE|CUT|LEFT_TO_RIGHT|EDGE|RUPTURE|4|0|paladin:c5:b5|paladin:c5:b5|2|v2:e59fd3980ee583c1|G08_CUT_LEFT_TO_RIGHT|HIGH|DOUBLE|G08_CUT_LEFT_TO_RIGHT:HIGH:DOUBLE~ANTICIPATION:2:0:-5:0:-1:36:34:-2:1:2~PRIMARY:2:4:-1:-1:1:34:37:0:1:2~CONTACT:1:2:0:0:0:36:35:-2:1:2~DEBRIS:0:1:-2:0:0:36:34:1:-1:2~RESIDUAL:2:5:4:-1:-1:34:34:1:-1:2~FINISHER_RING:2:1:-1:-1:0:34:34:0:-1:2~FINISHER_ECHO:2:6:0:0:0:36:34:1:1:2~WARRIOR_ACCENT:0:5:0:-1:-1:34:34:-2:-1:2|ANTICIPATION,2,0,-30,1.04,-0.0040000007,-0.011999999,1.0864999,1.007,-11.0,1.0,1.04,,2,0,LEADING_EDGE;PRIMARY,2,4,-10,1.04,-0.024,0.024,1.0335,1.1129999,-2.0,1.0,1.04,,2,2,TARGET;CONTACT,1,2,-4,0.92,4.79999E-4,0.00408,1.0864999,1.06,-9.4,1.0,0.96000004,,2,4,TARGET;DEBRIS,0,1,-13,0.96000004,-0.0014800001,-0.0040799994,1.0864999,1.0335,4.9,-1.0,0.96000004,,2,5,TRAILING_EDGE;RESIDUAL,2,5,24,0.96000004,-0.02148,-0.013079999,1.0335,1.007,4.9,-1.0,0.96000004,,2,1,GROUND;FINISHER_RING,2,1,-8,0.96000004,-0.01952,-0.0049199997,1.0335,1.0335,-0.4000001,-1.0,0.96000004,,2,6,ORBIT;FINISHER_ECHO,2,6,4,1.04,4.79999E-4,-0.0049199997,1.0864999,1.0335,5.6,1.0,1.04,,2,7,ORBIT;WARRIOR_ACCENT,0,5,2,1.0,-0.02148,-0.013079999,1.0335,1.007,-10.1,-1.0,1.0,,2,3,TARGET|HOLY|48,52|240,680|240,680|240:0:48;680:1:52|2131034408|2131034407,2131034408|2131034183|2131034567,2131034567,2131034567|2131034185,2131034185,2131034185|2131034183||2131034184||6|4|3|1
paladin_t18_c04|PALADIN|90|3|태양 종말|AUTHORED_CLASS:PALADIN:RUPTURE|COLLAPSE|OUTSIDE_IN|RING|RUPTURE|4|1|paladin:c4:b5|paladin:c4:b5|2|v2:34c02d44ee93fb46|G06_COLLAPSE_OUTSIDE_IN|HIGH|DOUBLE|G06_COLLAPSE_OUTSIDE_IN:HIGH:DOUBLE~ANTICIPATION:2:1:-3:1:-1:36:34:3:-1:2~PRIMARY:1:4:-2:-1:0:34:37:4:1:2~CONTACT:2:1:0:-1:-1:34:34:1:-1:2~DEBRIS:0:3:3:0:0:34:36:4:-1:2~RESIDUAL:2:4:5:1:0:36:37:4:1:2~FINISHER_RING:1:2:7:-1:-1:34:35:1:1:2~FINISHER_ECHO:0:5:4:1:-2:37:34:1:-1:2~WARRIOR_ACCENT:2:7:-4:1:-1:37:35:0:-1:2|ANTICIPATION,2,1,-18,0.92,0.01,-0.029,1.0864999,1.0335,14.0,-1.0,0.96000004,,2,0,LEADING_EDGE;PRIMARY,1,4,-12,0.96000004,-0.02,-0.0020000003,1.007,1.1129999,20.0,1.0,0.96000004,,2,2,TARGET;CONTACT,2,1,-1,1.04,-0.02,-0.022599999,1.007,1.0335,3.5200005,-1.0,1.04,,2,4,TARGET;DEBRIS,0,3,22,1.0,-0.01,-0.0074000005,1.0335,1.0864999,20.48,-1.0,1.0,,2,5,TRAILING_EDGE;RESIDUAL,2,4,34,1.04,0.01,0.0015999991,1.0864999,1.1129999,20.48,1.0,1.04,,2,1,GROUND;FINISHER_RING,1,2,45,0.92,-0.02,-0.0136,1.007,1.06,3.5200005,1.0,0.92,,2,6,ORBIT;FINISHER_ECHO,0,5,29,1.04,0.02,-0.0316,1.1129999,1.007,6.5200005,-1.0,1.04,,2,7,ORBIT;WARRIOR_ACCENT,2,7,-24,1.0,0.02,-0.0164,1.1129999,1.06,2.4799995,-1.0,1.04,,2,3,TARGET|HOLY|48,52|240,680|240,680|240:0:48;680:1:52|2131034426|2131034425,2131034426|2131034323|2131034524,2131034524,2131034524|2131034525,2131034525,2131034525|2131034322||2131034526||6|4|3|1
paladin_t19_c01|PALADIN|95|0|별을 가르는 성검|AUTHORED_CLASS:PALADIN:CROSS|CUT|LEFT_TO_RIGHT|EDGE|CROSS|4|2|paladin:c1:b5|paladin:c1:b5|2|v2:701434b7afa4018b|G08_CUT_LEFT_TO_RIGHT|HIGH|DOUBLE|G08_CUT_LEFT_TO_RIGHT:HIGH:DOUBLE~ANTICIPATION:2:0:-3:-2:-1:34:34:0:1:2~PRIMARY:1:6:-1:-2:0:34:34:0:1:2~CONTACT:1:6:-1:0:0:35:34:-2:1:2~DEBRIS:0:5:-1:0:-1:36:34:1:-1:2~RESIDUAL:1:5:0:-1:-1:34:34:-2:-1:2~FINISHER_RING:0:1:2:-1:0:34:34:-1:-1:2~FINISHER_ECHO:2:4:1:1:1:37:37:-2:1:2~WARRIOR_ACCENT:0:0:-1:-2:-1:34:34:-1:1:2|ANTICIPATION,2,0,-18,0.96000004,-0.034,-0.011999999,1.007,1.007,1.0,1.0,0.96000004,,2,0,LEADING_EDGE;PRIMARY,1,6,-10,0.96000004,-0.034,-0.0029999996,1.007,1.0335,1.0,1.0,1.0,,2,2,TARGET;CONTACT,1,6,-8,0.96000004,-0.009520001,-0.0049199997,1.06,1.0335,-12.4,1.0,0.96000004,,2,4,TARGET;DEBRIS,0,5,-9,0.96000004,-0.0014800001,-0.013079999,1.0864999,1.007,4.9,-1.0,1.0,,2,5,TRAILING_EDGE;RESIDUAL,1,5,4,0.96000004,-0.02148,-0.013079999,1.0335,1.007,-10.1,-1.0,1.0,,2,1,GROUND;FINISHER_RING,0,1,16,1.04,-0.029520001,-0.0049199997,1.007,1.0335,-3.4,-1.0,1.04,,2,6,ORBIT;FINISHER_ECHO,2,4,8,0.96000004,0.010479999,0.022079999,1.1129999,1.1129999,-12.4,1.0,1.0,,2,7,ORBIT;WARRIOR_ACCENT,0,0,-6,0.92,-0.03148,-0.013079999,1.007,1.007,-4.1,1.0,0.96000004,,2,3,TARGET|COSMIC|48,52|170,690|170,690|170:0:48;690:1:52|2131034420|2131034419,2131034420|2131034317|2131034521,2131034521,2131034521|2131034522,2131034522,2131034522|2131034316||2131034523||6|4|3|1
paladin_t20_c05|PALADIN|100|4|왕국 영겁참|AUTHORED_CLASS:PALADIN:CONVERGE|FLURRY|LEFT_TO_RIGHT|EDGE|CONVERGE|4|3|paladin:c5:b5|paladin:c5:b5|2|v2:4cb9a181b78f1b49|G12_FLURRY_LEFT_TO_RIGHT|HIGH|COMBO|G12_FLURRY_LEFT_TO_RIGHT:HIGH:COMBO~ANTICIPATION:1:4:0:0:1:34:37:2:1:2~PRIMARY:1:6:-4:0:0:34:34:1:1:2~CONTACT:1:1:0:2:0:37:34:0:-1:3~DEBRIS:0:2:4:1:0:36:35:1:1:2~RESIDUAL:1:7:2:1:0:36:35:2:-1:3~FINISHER_RING:1:5:2:0:-1:34:34:3:-1:3~FINISHER_ECHO:0:2:2:1:0:35:35:3:1:2~WARRIOR_ACCENT:1:5:-5:1:0:35:34:0:-1:3|ANTICIPATION,1,4,0,1.08,-0.0020000003,0.027999999,1.007,1.1129999,12.0,1.0,0.92,,2,0,LEADING_EDGE;PRIMARY,1,6,-28,1.0,0.007999999,0.0010000002,1.0335,1.0335,6.0,1.0,1.04,,2,2,TARGET;CONTACT,1,1,-4,0.96000004,0.03224,-0.0021999995,1.1129999,1.0335,-0.84000015,-1.0,0.96000004,,3,4,TARGET;DEBRIS,0,2,24,1.08,0.02476,0.0082,1.0864999,1.06,3.8400002,1.0,0.92,,2,5,TRAILING_EDGE;RESIDUAL,1,7,14,0.92,0.02476,0.0082,1.0864999,1.06,9.84,-1.0,0.92,,3,1,GROUND;FINISHER_RING,1,5,16,1.04,-0.0077600004,-0.0112,1.007,1.007,14.16,-1.0,1.04,,3,6,ORBIT;FINISHER_ECHO,0,2,12,1.04,0.012239999,0.0068,1.06,1.06,14.16,1.0,1.04,,2,7,ORBIT;WARRIOR_ACCENT,1,5,-32,0.92,0.01476,-0.009799999,1.06,1.007,0.84000015,-1.0,0.92,,3,3,TARGET|HOLY|15,17,18,20,30|90,250,450,650,820|90,250,450,650,820|90:0:15;250:1:17;450:2:18;650:3:20;820:4:30|2131034407|2131034407,2131034408|2131034183|2131034567,2131034567,2131034567|2131034185,2131034185,2131034185|2131034183||2131034184||6|4|3|2
