,,cap_h,cap_h,cap_h,raw_proc_pct,raw_proc_pct,raw_proc_pct,search_s,search_s,search_s,sale_bonus_pct,sale_bonus_pct,sale_bonus_pct,bag,bag,bag,hp,hp,hp,mp,mp,mp
,,mean,min,max,mean,min,max,mean,min,max,mean,min,max,mean,min,max,mean,min,max,mean,min,max
level,class,,,,,,,,,,,,,,,,,,,,,
1,CLERIC,8.01050162353799,8.00796214341107,8.012930732976299,9.516562500000001,9.011666666666667,10.02,4.93,4.9,4.966666666666667,1.6083333333333334,0.8,2.0,19.8125,18,22,8.5,6,11,9.9375,7,12
1,MAGE,8.008462164113054,8.005756479845022,8.01101293314755,9.131837798925718,8.00456457681531,10.008483913012949,4.93,4.9,4.966666666666667,1.6083333333333334,0.8,2.0,19.8125,18,22,6.5,4,9,9.9375,7,12
1,PALADIN,8.012443602478525,8.010022613543374,8.014779633924967,9.263229166666667,9.008333333333333,10.013333333333334,4.93,4.9,4.966666666666667,1.6083333333333334,0.8,2.0,19.8125,18,22,10.5,8,13,7.9375,5,10
1,RANGER,8.012443602478525,8.010022613543374,8.014779633924967,9.325729166666667,9.008333333333333,10.016666666666667,4.93,4.9,4.966666666666667,1.6083333333333334,0.8,2.0,19.8125,18,22,10.5,8,13,7.9375,5,10
1,ROGUE,8.01050162353799,8.00796214341107,8.012930732976299,9.134895833333333,8.011666666666667,10.013333333333334,4.93,4.9,4.966666666666667,1.6083333333333334,0.8,2.0,19.8125,18,22,8.5,6,11,5.9375,3,8
1,WARRIOR,8.012443602478525,8.010022613543374,8.014779633924967,9.2565625,9.001666666666667,10.008333333333333,4.93,4.9,4.966666666666667,1.6083333333333334,0.8,2.0,19.8125,18,22,10.5,8,13,3.9375,1,6
2,CLERIC,8.016205556314345,8.012930732976299,8.019174630310284,9.650729166666666,9.016666666666667,10.031666666666666,4.92875,4.8933333333333335,4.966666666666667,1.7,0.9333333333333333,2.1333333333333333,19.9375,18,22,14.625,11,18,15.4375,10,19
2,MAGE,8.014396357662354,8.01101293314755,8.017450383731767,9.261356369863499,8.006879197435103,10.014391445425273,4.92875,4.8933333333333335,4.966666666666667,1.6333333333333333,0.8,2.1333333333333333,19.9375,18,22,12.625,9,16,15.4375,10,19
2,PALADIN,8.017964152803112,8.014779633924967,8.020860897630213,9.397395833333334,9.013333333333334,10.026666666666667,4.92875,4.8933333333333335,4.966666666666667,1.7,0.9333333333333333,2.1333333333333333,20.0625,18,22,16.625,13,20,13.4375,8,17
2,RANGER,8.017964152803112,8.014779633924967,8.020860897630213,9.459895833333334,9.013333333333334,10.028333333333334,4.925416666666667,4.8933333333333335,4.96,1.6333333333333333,0.8,2.1333333333333333,19.9375,18,22,16.625,13,20,13.4375,8,17
2,ROGUE,8.016205556314345,8.012930732976299,8.019174630310284,9.3940625,9.01,10.025,4.925416666666667,4.8933333333333335,4.96,1.6333333333333333,0.8,2.1333333333333333,20.25,18,23,14.625,11,18,11.4375,6,15
2,WARRIOR,8.017964152803112,8.014779633924967,8.020860897630213,9.265729166666667,9.006666666666666,10.018333333333333,4.92875,4.8933333333333335,4.966666666666667,1.6333333333333333,0.8,2.1333333333333333,20.0625,18,22,16.625,13,20,9.4375,4,13
3,CLERIC,8.026143790291886,8.02002220373109,8.033384970435225,9.920208333333333,9.025,11.048333333333334,4.925416666666667,4.8933333333333335,4.96,1.9129993405552932,1.3333333333333333,2.4746561155513565,21.0625,19,23,26.625,19,36,27.125,15,36
3,MAGE,8.024547330888764,8.018317581497797,8.031892761782258,9.772080729884747,9.010965860629701,11.030011358166153,4.925416666666667,4.8933333333333335,4.96,1.7,0.9333333333333333,2.2666666666666666,21.0625,19,23,24.625,17,34,27.5,15,36
3,PALADIN,8.028298530294538,8.0225137137527,8.03486068147306,9.727916666666667,9.033333333333333,10.055,4.925,4.8933333333333335,4.966666666666667,1.8963326738886264,1.3333333333333333,2.4746561155513565,21.6875,20,23,29.375,22,38,24.25,13,33
3,RANGER,8.027716869938482,8.02169124257574,8.03486068147306,9.6053125,9.03,10.056666666666667,4.9175,4.88,4.953333333333333,1.6916666666666667,0.9333333333333333,2.2666666666666666,21.125,19,23,28.625,21,38,25.6875,18,34
3,ROGUE,8.026539915460582,8.02002220373109,8.033384970435225,9.725,9.036666666666667,10.053333333333333,4.914166666666667,4.88,4.946666666666666,1.6916666666666667,0.9333333333333333,2.2666666666666666,21.6875,19,25,27.125,19,36,22.5,10,32
3,WARRIOR,8.02859130878358,8.0225137137527,8.03486068147306,9.72125,9.028333333333334,10.048333333333334,4.925,4.8933333333333335,4.966666666666667,1.7,0.9333333333333333,2.2666666666666666,21.6875,20,23,29.75,22,38,20.25,9,29
4,CLERIC,8.030718433294219,8.024937964495647,8.0391986523786,9.9934375,9.031666666666666,11.061666666666667,4.924166666666666,4.8933333333333335,4.96,2.008231389819043,1.3333333333333333,2.531702237104692,21.1875,19,23,32.5625,25,44,33.5625,19,42
4,MAGE,8.029187802209348,8.023328738993547,8.037766646885805,9.778225721975536,9.014391445425273,11.035832281226547,4.924166666666666,4.8933333333333335,4.96,1.725,0.9333333333333333,2.2666666666666666,21.1875,19,23,30.5625,23,42,34.0625,19,42
4,PALADIN,8.033080293632215,8.026521617463274,8.04061769374364,9.862916666666667,9.051666666666666,10.066666666666666,4.92375,4.8933333333333335,4.966666666666667,1.9582313898190433,1.3333333333333333,2.531702237104692,22.125,20,24,35.6875,27,46,30.25,16,40
4,RANGER,8.032184162870134,8.026521617463274,8.04061769374364,9.8034375,9.035,10.066666666666666,4.912916666666667,4.88,4.953333333333333,1.725,0.9333333333333333,2.2666666666666666,21.25,19,23,34.5,27,46,32.0625,21,40
4,ROGUE,8.03119250420895,8.024937964495647,8.04061769374364,9.797083333333333,9.045,10.066666666666666,4.91125,4.88,4.946666666666666,1.725,0.9333333333333333,2.2666666666666666,22.25,20,25,33.1875,25,46,28.25,13,40
4,WARRIOR,8.033738452818872,8.028081958530517,8.04061769374364,9.79375,9.036666666666667,10.06,4.92375,4.8933333333333335,4.966666666666667,1.7083333333333335,0.9333333333333333,2.2666666666666666,22.125,20,24,36.5625,29,46,26.25,12,36
5,CLERIC,8.035088291563383,8.028853998118144,8.044803471974063,10.06625,9.041666666666666,11.075,4.92375,4.8933333333333335,4.96,2.1123136668821987,1.3333333333333333,2.5970186701151796,22.3125,20,24,38.4375,30,52,39.75,25,49
5,MAGE,8.033609894743934,8.027304574960299,8.04341951807829,9.847052664937442,9.019731894464668,11.043787815448118,4.92375,4.8933333333333335,4.96,1.75,0.9333333333333333,2.4,22.3125,20,24,36.4375,28,50,40.625,25,50
5,PALADIN,8.037450327790328,8.030382882774845,8.046078839900893,9.998125,9.061666666666667,10.08,4.922083333333333,4.886666666666667,4.966666666666667,2.037313666882199,1.3333333333333333,2.5970186701151796,23.375,21,25,41.75,32,55,36.375,22,48
5,RANGER,8.036592772528858,8.030382882774845,8.046078839900893,9.813854166666667,9.045,10.078333333333333,4.909583333333333,4.88,4.94,1.75,0.9333333333333333,2.4,22.375,20,24,40.5,32,54,38.3125,27,47
5,ROGUE,8.03598245870385,8.028853998118144,8.046078839900893,9.931666666666667,9.055,10.081666666666667,4.904583333333333,4.873333333333333,4.94,1.7416666666666667,0.9333333333333333,2.2666666666666666,23.375,21,26,39.6875,30,54,34.0,17,49
5,WARRIOR,8.038451960773818,8.031140110352299,8.046078839900893,9.803958333333334,9.045,10.073333333333334,4.922083333333333,4.886666666666667,4.966666666666667,1.7166666666666668,0.9333333333333333,2.4,23.375,21,25,43.125,33,55,32.375,18,44
6,CLERIC,8.043662384319036,8.037045552881072,8.049083615211003,10.338229166666666,9.075,11.106666666666667,4.9225,4.8933333333333335,4.96,2.2668291204502093,1.6,2.669265927203349,23.5,22,25,51.4375,41,69,52.9375,35,64
6,MAGE,8.04246642297146,8.035592679257517,8.049083615211003,9.98618164035798,9.030011358166153,11.060257803921644,4.9225,4.8933333333333335,4.96,1.7833333333333334,1.0666666666666667,2.5333333333333337,23.5,22,25,49.4375,39,67,54.75,36,66
6,PALADIN,8.044917910444854,8.038484314917007,8.049083615211003,10.079062500000001,10.05,10.103333333333333,4.919583333333334,4.886666666666667,4.966666666666667,2.191829120450209,1.6,2.669265927203349,25.0625,23,27,54.375,43,70,47.4375,30,62
6,RANGER,8.044678660775814,8.038484314917007,8.049083615211003,10.210208333333334,10.06,11.091666666666667,4.900833333333333,4.873333333333333,4.926666666666667,1.8,1.0666666666666667,2.5333333333333337,23.5,21,25,53.3125,43,71,51.125,36,62
6,ROGUE,8.043445573718412,8.034124820420534,8.049083615211003,10.0771875,9.076666666666666,11.073333333333334,4.898333333333333,4.866666666666666,4.933333333333334,1.7833333333333334,1.0666666666666667,2.2666666666666666,25.1875,23,27,51.875,37,70,46.3125,26,67
6,WARRIOR,8.046418068305574,8.041322565972772,8.049083615211003,10.072395833333333,9.075,11.076666666666666,4.919583333333334,4.886666666666667,4.966666666666667,1.7583333333333333,1.0666666666666667,2.5333333333333337,25.0625,23,27,57.4375,47,72,43.4375,26,58
7,CLERIC,8.047968328166856,8.04061769374364,8.052612029321798,10.349791666666667,9.086666666666666,11.123333333333333,4.922083333333333,4.8933333333333335,4.96,2.3485016372306315,1.6,2.7475642874522577,23.5,22,25,58.0625,46,77,59.875,39,74
7,MAGE,8.04689167116298,8.0391986523786,8.052612029321798,10.056427138034277,9.033877141962092,11.070871790541135,4.922083333333333,4.8933333333333335,4.96,1.8333333333333333,1.0666666666666667,2.6666666666666665,23.5,22,25,56.0625,44,75,62.25,40,76
7,PALADIN,8.048782667398399,8.04202444487046,8.052612029321798,10.152083333333334,10.055,11.088333333333333,4.919583333333334,4.886666666666667,4.966666666666667,2.263389434632433,1.6,2.7475642874522577,25.375,23,27,60.8125,48,80,53.75,33,69
7,RANGER,8.048828760676583,8.04202444487046,8.052612029321798,10.284791666666667,10.07,11.105,4.8966666666666665,4.866666666666666,4.926666666666667,1.8333333333333333,1.0666666666666667,2.6666666666666665,23.5625,21,26,59.9375,48,79,58.375,42,72
7,ROGUE,8.04747034219566,8.038484314917007,8.052612029321798,10.150104166666667,9.096666666666668,11.081666666666667,4.893497194935045,4.862621785627387,4.926666666666667,1.8083333333333333,1.0666666666666667,2.4,25.5,23,28,58.4375,43,80,52.5625,32,73
7,WARRIOR,8.050429728665842,8.045491440701745,8.052612029321798,10.145416666666666,10.048333333333334,11.088333333333333,4.919583333333334,4.886666666666667,4.966666666666667,1.7750000000000001,1.0666666666666667,2.5333333333333337,25.375,23,27,64.875,53,83,49.75,29,65
8,CLERIC,8.052083850202148,8.042723405125205,8.05664520671978,10.610104166666666,9.096666666666668,11.138333333333334,4.921666666666667,4.8933333333333335,4.96,2.468108746873783,1.7333333333333334,2.8312813233294385,24.5625,23,26,64.6875,49,86,66.0625,45,83
8,MAGE,8.051128539275037,8.041322565972772,8.05664520671978,10.188780585061663,10.039784076420089,11.081697918731155,4.921666666666667,4.8933333333333335,4.96,1.8833333333333333,1.0666666666666667,2.6666666666666665,24.5625,23,26,62.6875,47,84,69.25,46,86
8,PALADIN,8.05246608487244,8.044803471974063,8.05664520671978,10.3496875,10.063333333333333,11.126666666666667,4.917916666666667,4.88,4.966666666666667,2.37695508270809,1.7333333333333334,2.8312813233294385,26.625,24,29,66.9375,52,89,59.8125,38,76
8,RANGER,8.052857931967111,8.044112851937633,8.05664520671978,10.482604166666667,10.075,11.135,4.8933333333333335,4.866666666666666,4.926666666666667,1.875,1.0666666666666667,2.6666666666666665,24.625,22,27,66.5625,51,88,64.5625,45,81
8,ROGUE,8.051580818265519,8.04341951807829,8.05664520671978,10.285,9.105,11.133333333333333,4.889485579197928,4.858435933833528,4.926666666666667,1.8416666666666668,1.0666666666666667,2.4,26.8125,24,30,64.9375,50,87,58.5,38,80
8,WARRIOR,8.054502678625814,8.0488935296344,8.05664520671978,10.343020833333334,10.056666666666667,11.12,4.917916666666667,4.88,4.966666666666667,1.8166666666666667,1.0666666666666667,2.6666666666666665,26.625,24,29,72.25,58,94,55.8125,34,72
9,CLERIC,8.05873333384783,8.05090645599308,8.061167749999637,10.88375,10.098333333333333,11.166666666666666,4.919583333333334,4.886666666666667,4.96,2.579146475283501,2.0,2.9199353875738696,24.875,23,27,77.875,61,104,80.25,59,100
9,MAGE,8.058021024040091,8.049566768342899,8.061167749999637,10.518211657796494,10.055038562731577,11.102779255612393,4.919583333333334,4.886666666666667,4.96,1.9083333333333334,1.0666666666666667,2.6666666666666665,24.875,23,27,75.875,59,102,85.0,61,105
9,PALADIN,8.05845617739918,8.050237728630192,8.061167749999637,10.682083333333333,10.075,11.148333333333333,4.9158333333333335,4.88,4.966666666666667,2.555821218503434,1.8666666666666667,2.9199353875738696,27.25,25,29,79.75,60,106,71.75,45,89
9,RANGER,8.0592925331899,8.052237385825306,8.061167749999637,10.6315625,10.091666666666667,11.163333333333334,4.884708939074828,4.854003230621307,4.926666666666667,1.9083333333333334,1.0666666666666667,2.6666666666666665,25.0,22,28,79.9375,63,106,78.9375,55,98
9,ROGUE,8.058160250137487,8.05090645599308,8.061167749999637,10.617916666666666,10.073333333333334,11.155,4.88091707049433,4.854003230621307,4.92,1.9,1.0666666666666667,2.5333333333333337,27.5,25,30,78.0625,61,103,70.75,44,93
9,WARRIOR,8.060406904193073,8.056831278649852,8.061167749999637,10.612916666666667,10.068333333333333,11.141666666666667,4.9158333333333335,4.88,4.966666666666667,1.8824959617233668,1.0666666666666667,2.9199353875738696,27.25,25,29,88.1875,70,115,67.75,41,85
10,CLERIC,8.062912723280498,8.052899671428403,8.066166717039309,11.020416666666666,10.11,11.18,4.917916666666667,4.886666666666667,4.96,2.6582743545344805,2.0,3.013144601177004,25.875,24,28,84.25,64,113,87.25,66,108
10,MAGE,8.06219062512611,8.051572994289968,8.066166717039309,10.651995032648205,10.06341824630268,12.112973960259641,4.917916666666667,4.886666666666667,4.96,1.925,1.0666666666666667,2.6666666666666665,25.875,24,28,82.25,62,111,93.0,69,114
10,PALADIN,8.063175861499966,8.054218081216593,8.066166717039309,10.754270833333333,10.081666666666667,11.16,4.915,4.88,4.96,2.659976408480459,2.0,3.013144601177004,28.5625,26,30,86.9375,66,115,77.5625,49,96
10,RANGER,8.063657182296167,8.054218081216593,8.066166717039309,10.705416666666666,10.096666666666668,11.176666666666666,4.881335102697299,4.84934276994115,4.926666666666667,1.925,1.0666666666666667,2.6666666666666665,26.0,23,29,86.375,66,115,85.75,58,106
10,ROGUE,8.06272258214157,8.054874280324109,8.066166717039309,10.690416666666666,10.081666666666667,11.165,4.878251179575977,4.84934276994115,4.913333333333333,1.925,1.0666666666666667,2.6666666666666665,28.8125,26,31,85.0,67,112,76.75,49,99
10,WARRIOR,8.065473429307769,8.0619704539537,8.066166717039309,10.810104166666667,10.075,11.153333333333332,4.915,4.88,4.96,1.9,1.0666666666666667,2.9333333333333336,28.5625,26,30,97.1875,78,126,73.5625,45,92
11,CLERIC,8.067425229454608,8.056831278649852,8.071630985354817,11.032499999999999,10.118333333333334,11.191666666666666,4.917083333333333,4.88,4.96,2.7303949089873445,2.0,3.1105970420928353,26.9375,25,29,90.5625,70,123,94.5,71,115
11,MAGE,8.066618763797083,8.055528523469228,8.071630985354817,10.848816584372194,10.069800450708536,12.1221382179869,4.917083333333333,4.88,4.96,1.9416666666666667,1.0666666666666667,2.6666666666666665,26.9375,25,29,88.5625,68,121,101.375,75,122
11,PALADIN,8.068008556942722,8.05812660963602,8.071630985354817,10.889687499999999,10.12,11.17,4.914583333333334,4.88,4.96,2.7444123151308024,2.2666666666666666,3.1105970420928353,30.0625,27,32,93.9375,72,125,83.8125,54,102
11,RANGER,8.068387168367554,8.05812660963602,8.071630985354817,10.779895833333333,10.101666666666667,11.19,4.87680876848692,4.8444701478953585,4.92,1.9333333333333333,1.0666666666666667,2.6666666666666665,27.0625,24,30,92.9375,72,125,92.9375,61,114
11,ROGUE,8.067461715501867,8.05747985638043,8.071630985354817,10.762604166666666,10.088333333333333,12.133333333333333,4.8759754351535864,4.8444701478953585,4.913333333333333,1.975,1.2,2.6666666666666665,30.1875,27,33,92.0,71,121,82.5625,53,107
11,WARRIOR,8.070784652551884,8.06700508405813,8.071630985354817,10.883020833333333,10.113333333333333,11.163333333333334,4.914583333333334,4.88,4.96,1.9166666666666667,1.2,2.9333333333333336,30.0625,27,32,106.1875,86,139,79.8125,50,98
12,CLERIC,8.071846688450972,8.058771568784303,8.077550831171285,11.107395833333333,10.125,12.198333333333334,4.915416666666666,4.88,4.96,2.829512007461571,2.0,3.2120320198975225,27.0,25,29,96.6875,73,131,101.9375,75,122
12,MAGE,8.070872068842963,8.05747985638043,8.077550831171285,10.858611379667146,10.07517808504409,12.13255611404546,4.915416666666666,4.88,4.96,1.9666666666666668,1.0666666666666667,2.6666666666666665,27.0,25,29,94.6875,71,129,110.0625,80,131
12,PALADIN,8.07298801712475,8.0619704539537,8.077550831171285,11.0253125,10.16,11.185,4.91375,4.873333333333333,4.96,2.8257520012435955,2.4,3.2120320198975225,30.4375,27,33,100.6875,78,133,90.1875,58,111
12,RANGER,8.073026516963054,8.060056221699071,8.077550831171285,10.854479166666668,10.106666666666667,11.203333333333333,4.872008133208974,4.839398399005124,4.92,1.9666666666666668,1.0666666666666667,2.6666666666666665,27.0625,24,30,99.25,75,133,100.1875,64,122
12,ROGUE,8.071853757623572,8.060695971786517,8.077550831171285,10.898333333333333,10.146666666666667,12.146666666666667,4.870758133208974,4.839398399005124,4.913333333333333,2.0083333333333333,1.3333333333333333,2.6666666666666665,30.625,28,33,98.5625,76,131,89.0,56,113
12,WARRIOR,8.076454612794315,8.071946766168875,8.077550831171285,10.893645833333332,10.121666666666666,11.178333333333333,4.91375,4.873333333333333,4.96,1.9333333333333333,1.2,2.9333333333333336,30.4375,27,33,115.125,94,150,86.1875,54,107
13,CLERIC,8.078981115218324,8.065128558992084,8.083917636921596,11.320416666666667,10.17,12.228333333333333,4.913333333333333,4.873333333333333,4.96,2.985627036763215,2.2666666666666666,3.3172276535907965,28.1875,26,30,110.0,83,151,117.25,89,138
13,MAGE,8.078228330295858,8.06387001386863,8.083917636921596,11.129132516230277,10.091605156307622,12.154896898485537,4.913333333333333,4.873333333333333,4.96,2.0,1.2,2.6666666666666665,28.1875,26,30,108.0,81,149,127.9375,95,150
13,PALADIN,8.080190546088954,8.070103888705352,8.083917636921596,11.234791666666666,10.185,12.186666666666667,4.913333333333333,4.873333333333333,4.96,2.9959735800643656,2.5333333333333337,3.3172276535907965,32.125,28,35,114.4375,91,150,103.375,68,128
13,RANGER,8.080192353363653,8.066381052786808,8.083917636921596,11.3178125,10.123333333333333,12.215,4.86385066049839,4.83413861732046,4.906666666666666,2.0,1.2,2.6666666666666665,28.25,25,31,112.9375,85,153,115.6875,74,139
13,ROGUE,8.079216475257871,8.068248817817278,8.083917636921596,11.1071875,10.175,12.166666666666666,4.862284654330115,4.83413861732046,4.906666666666666,2.025,1.3333333333333333,2.8000000000000003,32.125,29,35,112.5,88,151,101.8125,64,128
13,WARRIOR,8.083882953097381,8.083362695734161,8.083917636921596,11.165625,10.143333333333333,12.18,4.913333333333333,4.873333333333333,4.96,2.0,1.3333333333333333,2.9333333333333336,32.125,28,35,133.9375,113,173,99.375,64,124
14,CLERIC,8.083591793884256,8.06762766574422,8.090723680137515,11.45875,10.185,12.245,4.913333333333333,4.873333333333333,4.96,3.0847471011325354,2.2666666666666666,3.425992269686761,28.3125,26,30,116.625,87,161,125.25,96,149
14,MAGE,8.082639870613338,8.066381052786808,8.090723680137515,11.202646269284534,10.100531134223038,12.169231046761919,4.913333333333333,4.873333333333333,4.96,2.025,1.2,2.6666666666666665,28.3125,26,30,114.625,85,159,137.375,103,162
14,PALADIN,8.085462832644726,8.073168808308372,8.090723680137515,11.308020833333334,11.121666666666666,12.196666666666667,4.912916666666667,4.873333333333333,4.96,3.0449157003775116,2.5333333333333337,3.425992269686761,32.625,28,36,121.875,96,160,109.8125,73,134
14,RANGER,8.085330113358276,8.068868559750733,8.090723680137515,11.393854166666667,11.131666666666666,12.231666666666667,4.859420881647791,4.828700386515662,4.9,2.025,1.2,2.6666666666666665,28.4375,26,31,120.0625,89,163,123.8125,79,150
14,ROGUE,8.084016971018656,8.072558430431526,8.090723680137515,11.305,10.186666666666667,12.186666666666667,4.859131322471686,4.828700386515662,4.906666666666666,2.0583333333333336,1.3333333333333333,2.8000000000000003,32.625,29,35,119.5625,95,159,108.0,68,135
14,WARRIOR,8.090404203950273,8.08805160802861,8.090723680137515,11.176354166666666,10.151666666666667,12.191666666666666,4.912916666666667,4.873333333333333,4.96,2.0166666666666666,1.4666666666666668,2.9333333333333336,32.625,28,36,144.0625,121,186,105.8125,69,130
15,CLERIC,8.09109252395633,8.073777915863083,8.097961976344344,11.923854166666667,10.21,12.28,4.910416666666666,4.873333333333333,4.946666666666666,3.2223411153552894,2.5333333333333337,3.538158235803593,29.6875,28,32,130.4375,97,179,141.8125,109,168
15,MAGE,8.090235913088744,8.072558430431526,8.097961976344344,11.475681331882633,11.117544437603604,12.197144770633965,4.910416666666666,4.873333333333333,4.946666666666666,2.033333333333333,1.2,2.6666666666666665,29.6875,28,32,128.4375,95,177,156.8125,118,185
15,PALADIN,8.092831939251383,8.079802411918646,8.097961976344344,11.6425,11.138333333333334,12.25,4.910833333333334,4.866666666666666,4.96,3.2006031128087824,2.5333333333333337,3.538158235803593,34.375,30,38,135.1875,107,178,123.0,83,150
15,RANGER,8.092895757217835,8.07499238245277,8.097961976344344,11.6078125,11.145,12.283333333333333,4.852886511026227,4.823092088209821,4.8933333333333335,2.05,1.2,2.6666666666666665,29.8125,27,32,134.25,99,181,139.6875,87,170
15,ROGUE,8.091553217113953,8.079205198656114,8.097961976344344,11.576979166666666,10.208333333333334,12.253333333333334,4.849939688719122,4.823092088209821,4.9,2.0833333333333335,1.3333333333333333,2.8000000000000003,34.0625,30,36,133.625,106,177,121.1875,79,152
15,WARRIOR,8.09795288611861,8.097816532732605,8.097961976344344,11.573333333333334,10.175,12.213333333333333,4.910833333333334,4.866666666666666,4.96,2.05,1.4666666666666668,2.9333333333333336,34.375,30,38,163.125,138,210,119.0,79,146
16,CLERIC,8.095815752613596,8.076201951640673,8.105626159148189,12.1259375,11.191666666666666,12.295,4.909166666666667,4.873333333333333,4.946666666666666,3.3117581961704916,2.6666666666666665,3.6535774120101996,30.75,29,33,137.4375,101,188,150.5625,115,177
16,MAGE,8.094814838765217,8.07499238245277,8.105626159148189,11.550728180052372,11.126754650143027,12.210684340015408,4.909166666666667,4.873333333333333,4.946666666666666,2.058333333333333,1.3333333333333333,2.6666666666666665,30.75,29,33,135.4375,99,186,167.25,126,196
16,PALADIN,8.097878149737333,8.082771993217698,8.105626159148189,11.966666666666667,11.191666666666666,12.266666666666667,4.91,4.866666666666666,4.96,3.2783485882506374,2.6666666666666665,3.6535774120101996,35.8125,31,39,142.125,112,187,130.0,86,160
16,RANGER,8.097910317627488,8.077406739585863,8.105626159148189,11.746875,11.153333333333332,12.3,4.849248474508269,4.81732112939949,4.8933333333333335,2.0833333333333335,1.3333333333333333,2.8000000000000003,30.875,28,33,141.4375,103,190,148.125,92,180
16,ROGUE,8.096340963354358,8.082180234917498,8.105626159148189,11.713125,10.221666666666668,12.268333333333333,4.846830282349872,4.81732112939949,4.9,2.0833333333333335,1.3333333333333333,2.8000000000000003,35.5,32,38,140.625,111,184,127.875,86,161
16,WARRIOR,8.10535373093684,8.102887558861767,8.105626159148189,12.0225,11.188333333333333,12.26,4.91,4.866666666666666,4.96,2.066666666666667,1.4666666666666668,2.9333333333333336,35.8125,31,39,173.375,147,223,126.0,82,156
17,CLERIC,8.100277702105291,8.080398509919474,8.113710386743579,12.139166666666666,11.205,12.311666666666667,4.90875,4.873333333333333,4.946666666666666,3.4454534522882243,2.8000000000000003,3.772117713988984,30.875,29,33,144.5625,108,196,158.5,123,187
17,MAGE,8.099283892144395,8.079205198656114,8.113710386743579,11.625050002883054,11.137221324764573,12.22558520301033,4.90875,4.873333333333333,4.946666666666666,2.091666666666667,1.4666666666666668,2.6666666666666665,30.875,29,33,142.5625,106,194,177.0,135,208
17,PALADIN,8.102318791458513,8.086300756203359,8.113710386743579,12.040416666666667,11.203333333333333,12.283333333333333,4.90875,4.866666666666666,4.953333333333333,3.3857573571243114,2.6666666666666665,3.772117713988984,36.0,31,39,148.625,118,195,136.75,92,170
17,RANGER,8.10252634032791,8.081587409409087,8.113710386743579,11.822708333333333,11.163333333333334,12.318333333333333,4.845590930954235,4.811394114300551,4.8933333333333335,2.1083333333333334,1.4666666666666668,2.8000000000000003,31.0,28,33,148.75,110,198,156.125,98,191
17,ROGUE,8.101397484711047,8.086885351910066,8.113710386743579,11.849166666666667,11.151666666666667,13.223333333333333,4.842015195241804,4.811394114300551,4.8933333333333335,2.1333333333333333,1.3333333333333333,2.8000000000000003,35.6875,32,38,148.0,119,191,134.5,91,168
17,WARRIOR,8.112861829098563,8.1084497904726,8.113710386743579,12.03375,11.196666666666667,12.276666666666667,4.90875,4.866666666666666,4.953333333333333,2.091666666666667,1.4666666666666668,2.9333333333333336,36.0,31,39,183.25,157,235,132.75,88,166
18,CLERIC,8.108197643758007,8.086885351910066,8.1222092676864,12.23,11.233333333333333,13.313333333333333,4.9070833333333335,4.866666666666666,4.946666666666666,3.5834355612239865,3.0666666666666664,3.8936604625834237,31.9375,30,35,159.0,119,216,175.5,140,203
18,MAGE,8.107213338322843,8.085715168803231,8.1222092676864,12.0256023307437,11.159656499473892,13.253235615417509,4.9070833333333335,4.866666666666666,4.946666666666666,2.1333333333333333,1.4666666666666668,2.6666666666666665,31.9375,30,35,157.0,117,214,197.8125,154,230
18,PALADIN,8.11025511202714,8.093253185736867,8.1222092676864,12.064791666666666,11.226666666666667,12.315,4.9070833333333335,4.866666666666666,4.953333333333333,3.5533742244895947,2.8000000000000003,3.8936604625834237,37.625,33,40,163.1875,130,210,151.375,101,189
18,RANGER,8.110718689238807,8.08805160802861,8.1222092676864,12.038854166666667,11.18,13.285,4.836497955442187,4.805316976870829,4.8933333333333335,2.1416666666666666,1.4666666666666668,2.8000000000000003,32.0625,29,35,163.75,121,218,173.3125,108,209
18,ROGUE,8.10935269850982,8.093826611412592,8.1222092676864,11.9334375,11.166666666666666,13.243333333333334,4.834161555272134,4.805316976870829,4.88,2.1666666666666665,1.3333333333333333,2.8000000000000003,37.4375,33,41,162.5,131,208,147.5625,100,186
18,WARRIOR,8.121777164169194,8.118828093590253,8.1222092676864,12.058125,11.22,12.308333333333334,4.9070833333333335,4.866666666666666,4.953333333333333,2.1333333333333333,1.4666666666666668,2.9333333333333336,37.625,33,40,204.5,176,258,147.375,97,185
19,CLERIC,8.112489837102945,8.089214014928066,8.131117801032719,12.368645833333334,11.271666666666667,13.328333333333333,4.90625,4.866666666666666,4.946666666666666,3.6806557198129672,3.0666666666666664,4.018098303401495,31.9375,30,35,166.3125,123,226,183.6875,147,213
19,MAGE,8.111457298731112,8.08805160802861,8.131117801032719,12.100998029769302,11.170432933468742,13.269764618695243,4.90625,4.866666666666666,4.946666666666666,2.175,1.4666666666666668,2.8000000000000003,31.9375,30,35,164.3125,121,224,208.1875,163,243
19,PALADIN,8.114860663642435,8.096680774770277,8.131117801032719,12.201041666666667,11.24,13.27,4.905,4.866666666666666,4.953333333333333,3.6367267652211135,2.9333333333333336,4.018098303401495,38.0,33,41,170.5625,136,218,158.125,107,197
19,RANGER,8.115056254930503,8.090372647599809,8.131117801032719,12.1153125,11.19,13.296666666666667,4.831970218937074,4.799095084829926,4.886666666666667,2.175,1.4666666666666668,2.8000000000000003,32.0625,29,35,171.0625,125,228,181.6875,114,221
19,ROGUE,8.114015586106992,8.097249068265622,8.131117801032719,12.070104166666667,11.25,13.251666666666667,4.828940437874148,4.799095084829926,4.873333333333333,2.191666666666667,1.4666666666666668,2.8000000000000003,37.625,33,41,169.375,137,218,154.5625,107,196
19,WARRIOR,8.129854084706738,8.124199357942942,8.131117801032719,12.131874999999999,11.233333333333333,13.263333333333334,4.905,4.866666666666666,4.953333333333333,2.15,1.4666666666666668,2.9333333333333336,38.0,33,41,215.6875,186,270,154.125,103,193
20,CLERIC,8.120070788486313,8.095541671293244,8.14043132739978,12.6496875,11.305,13.388333333333334,4.904583333333333,4.866666666666666,4.946666666666666,3.8120834005882047,3.0666666666666664,4.145333548548922,33.0,31,36,180.3125,134,244,202.3125,162,233
20,MAGE,8.11905495987531,8.094399162287882,8.14043132739978,12.442030139010365,12.193472779172206,13.300625436695208,4.904583333333333,4.866666666666666,4.946666666666666,2.216666666666667,1.4666666666666668,2.8000000000000003,33.0,31,36,178.3125,132,242,230.875,182,267
20,PALADIN,8.122706168060775,8.104005908053054,8.14043132739978,12.537604166666666,12.195,13.353333333333333,4.902916666666667,4.866666666666666,4.953333333333333,3.7765000269019486,3.2,4.145333548548922,39.75,35,42,185.0625,149,234,172.5625,117,212
20,RANGER,8.122701946698898,8.096680774770277,8.14043132739978,12.458958333333333,12.215,13.33,4.822424998654903,4.792733322572554,4.873333333333333,2.216666666666667,1.4666666666666668,2.8000000000000003,33.125,30,36,185.25,136,246,200.375,129,243
20,ROGUE,8.121495426685138,8.102887558861767,8.14043132739978,12.2821875,11.301666666666666,13.288333333333334,4.821933330643138,4.792733322572554,4.866666666666666,2.225,1.4666666666666668,2.8000000000000003,39.375,35,43,183.125,147,235,169.3125,120,216
20,WARRIOR,8.139441094064146,8.13529609805967,8.14043132739978,12.4059375,11.253333333333334,13.308333333333334,4.902916666666667,4.866666666666666,4.953333333333333,2.1833333333333336,1.4666666666666668,3.2,39.75,35,42,238.25,207,294,168.5625,113,208
21,CLERIC,8.12420859535462,8.099514023434768,8.150145488472988,12.978229166666667,11.321666666666667,13.403333333333332,4.90375,4.866666666666666,4.946666666666666,3.911024011508322,3.0666666666666664,4.275276836826631,34.25,33,37,187.5,141,254,211.9375,172,244
21,MAGE,8.123200775463719,8.098383175375073,8.150145488472988,12.581973597816928,12.206980141434382,13.318823292104936,4.90375,4.866666666666666,4.946666666666666,2.2333333333333334,1.4666666666666668,2.8000000000000003,34.25,33,37,185.5,139,252,242.625,193,281
21,PALADIN,8.127250384154472,8.10734315452858,8.150145488472988,12.549687500000001,12.203333333333333,13.37,4.900833333333333,4.866666666666666,4.953333333333333,3.8344096046033287,3.333333333333333,4.275276836826631,41.125,36,44,192.4375,155,243,179.8125,122,222
21,RANGER,8.12688620142612,8.10064166784302,8.150145488472988,12.5996875,12.223333333333333,13.395,4.8174461864365,4.786236158158668,4.866666666666666,2.2333333333333334,1.4666666666666668,2.8000000000000003,34.3125,32,37,192.5625,143,256,209.8125,134,255
21,ROGUE,8.126582732839802,8.10734315452858,8.150145488472988,12.481145833333333,11.316666666666666,13.325,4.816142372873,4.786236158158668,4.86,2.2583333333333333,1.4666666666666668,2.8000000000000003,40.625,36,44,191.3125,155,244,176.1875,126,224
21,WARRIOR,8.148097318770406,8.140500148232144,8.150145488472988,12.605520833333333,11.263333333333334,13.363333333333333,4.900833333333333,4.866666666666666,4.953333333333333,2.191666666666667,1.4666666666666668,3.2,41.125,36,44,249.75,217,307,175.8125,118,218
22,CLERIC,8.131971816829463,8.105121258892025,8.16025619314253,13.135208333333333,12.316666666666666,13.433333333333334,4.9025,4.866666666666666,4.946666666666666,4.044118553592743,3.0666666666666664,4.407846038163445,34.6875,33,37,202.1875,151,274,231.125,190,268
22,MAGE,8.13097907833968,8.104005908053054,8.16025619314253,12.800493586147924,12.23433761359433,13.358271466489057,4.9025,4.866666666666666,4.946666666666666,2.275,1.4666666666666668,2.9333333333333336,34.6875,33,37,200.1875,149,272,266.75,215,311
22,PALADIN,8.13518125510608,8.113941562909186,8.16025619314253,12.949166666666667,12.22,13.398333333333333,4.899166666666667,4.866666666666666,4.953333333333333,4.025980754770431,3.466666666666667,4.407846038163445,41.75,37,45,207.3125,167,260,194.5,132,239
22,RANGER,8.134744785372463,8.106233658974343,8.16025619314253,12.818958333333333,12.241666666666667,13.428333333333333,4.806617628928145,4.779607698091827,4.8533333333333335,2.2666666666666666,1.4666666666666668,2.8000000000000003,34.75,32,37,207.5,153,276,228.875,145,283
22,ROGUE,8.134485316952333,8.114487064692726,8.16025619314253,12.693125,11.343333333333334,13.408333333333333,4.808651924522957,4.779607698091827,4.8533333333333335,2.291666666666667,1.4666666666666668,2.9333333333333336,41.4375,37,45,206.375,168,265,190.875,137,245
22,WARRIOR,8.158556903357995,8.15127618409498,8.16025619314253,12.942499999999999,12.213333333333333,13.391666666666667,4.899166666666667,4.866666666666666,4.953333333333333,2.2333333333333334,1.6,3.2,41.75,37,45,273.25,238,334,190.5,128,235
23,CLERIC,8.140058846210236,8.110654656965288,8.1707595889136,13.355208333333334,12.39,14.448333333333334,4.899583333333333,4.86,4.946666666666666,4.2196766712847955,3.2,4.542965348111347,35.8125,34,38,217.75,161,296,250.625,206,289
23,MAGE,8.139080807844888,8.109553610466925,8.1707595889136,13.144449802134524,12.259576764960086,13.395610151250784,4.899583333333333,4.86,4.946666666666666,2.3333333333333335,1.4666666666666668,2.9333333333333336,35.8125,34,38,215.75,159,294,290.875,235,339
23,PALADIN,8.143482149196437,8.120445733325312,8.1707595889136,13.098958333333334,12.311666666666667,13.426666666666666,4.895,4.86,4.946666666666666,4.185139336104211,3.7333333333333334,4.542965348111347,43.3125,38,46,223.0625,179,277,209.375,143,256
23,RANGER,8.143018250889282,8.111752971262543,8.1707595889136,13.163229166666667,12.263333333333334,13.465,4.796189799907637,4.772851732594432,4.846666666666667,2.316666666666667,1.4666666666666668,2.9333333333333336,35.9375,33,38,223.5,163,298,247.9375,158,308
23,ROGUE,8.14295861207374,8.121521145659392,8.1707595889136,12.903645833333334,12.25,13.44,4.799046266481941,4.772851732594432,4.846666666666667,2.341666666666667,1.4666666666666668,2.9333333333333336,42.8125,38,46,222.4375,181,282,204.6875,150,264
23,WARRIOR,8.169376403372047,8.162363226744773,8.1707595889136,13.154791666666666,12.305,13.42,4.895,4.86,4.946666666666666,2.2583333333333333,1.6,3.2,43.3125,38,46,298.3125,260,361,205.375,139,252
24,CLERIC,8.144457276326795,8.113395407434448,8.181652037561832,13.4340625,12.405,14.468333333333334,4.89875,4.86,4.946666666666666,4.312676416309872,3.333333333333333,4.68056453219159,35.8125,34,38,225.5625,166,306,260.4375,215,301
24,MAGE,8.143486142864571,8.112301116434752,8.181652037561832,13.22349148089075,12.273598144149286,14.41715781115337,4.89875,4.86,4.946666666666666,2.3666666666666667,1.4666666666666668,3.0666666666666664,35.8125,34,38,223.5625,164,304,303.4375,246,355
24,PALADIN,8.14746023072656,8.123664879337278,8.17473700329042,13.17375,12.325,13.443333333333333,4.8933333333333335,4.8533333333333335,4.94,4.2942725164525894,3.8666666666666667,4.68056453219159,43.6875,39,46,230.8125,185,285,216.75,147,266
24,RANGER,8.147396190772216,8.114487064692726,8.181652037561832,13.366770833333334,12.271666666666667,14.411666666666667,4.790329805007136,4.7659717733904206,4.846666666666667,2.341666666666667,1.4666666666666668,2.9333333333333336,35.9375,33,38,231.3125,168,308,257.5625,163,322
24,ROGUE,8.147285379488322,8.12473326214626,8.17718517982218,13.103020833333334,12.323333333333334,14.336666666666666,4.793576276680938,4.7659717733904206,4.84,2.3583333333333334,1.6,2.9333333333333336,43.0625,38,46,230.5625,187,290,211.8125,154,272
24,WARRIOR,8.178629389000294,8.167835732391561,8.181652037561832,13.229583333333334,12.318333333333333,14.356666666666667,4.8933333333333335,4.8533333333333335,4.94,2.275,1.6,3.2,43.6875,39,46,311.0625,271,374,212.75,143,262
25,CLERIC,8.152496498390658,8.119907126968787,8.192930094242923,13.654375,12.438333333333333,14.518333333333333,4.8966666666666665,4.86,4.946666666666666,4.481430715557947,3.333333333333333,4.820578289785431,37.0,35,39,241.125,178,326,280.125,236,325
25,MAGE,8.151538373996742,8.118828093590253,8.192930094242923,13.569607516978294,12.305810546257455,14.459317692519749,4.8966666666666665,4.86,4.946666666666666,2.433333333333333,1.4666666666666668,3.0666666666666664,37.0,35,39,239.125,176,324,328.75,271,386
25,PALADIN,8.155906804246388,8.13214959646353,8.184479820268438,13.573645833333334,13.268333333333333,14.431666666666667,4.890833333333333,4.846666666666667,4.933333333333334,4.412191762668101,3.8666666666666667,4.820578289785431,45.625,41,48,247.4375,201,305,231.6875,161,283
25,RANGER,8.155716863577835,8.12098373821966,8.192930094242923,13.523958333333333,12.511666666666667,14.441666666666666,4.7818261047110155,4.758971085510728,4.846666666666667,2.4,1.4666666666666668,3.0666666666666664,37.125,34,39,247.5,180,328,276.875,176,349
25,ROGUE,8.155503616659708,8.13214959646353,8.186412821077768,13.377708333333334,12.393333333333333,14.38,4.7871784642221025,4.758971085510728,4.84,2.408333333333333,1.7333333333333334,2.9333333333333336,44.75,40,48,246.75,201,309,226.625,165,288
25,WARRIOR,8.190227666226043,8.180598506630771,8.192930094242923,13.441979166666666,12.34,14.425,4.890833333333333,4.846666666666667,4.933333333333334,2.3166666666666664,1.6,3.333333333333333,45.625,41,48,338.25,297,404,227.6875,157,279
26,CLERIC,8.156378597035355,8.12259418396269,8.19980801994142,13.922395833333333,12.456666666666667,14.533333333333333,4.895833333333333,4.86,4.946666666666666,4.600920535754123,3.333333333333333,4.962945714413195,38.125,36,40,248.625,183,337,290.9375,247,338
26,MAGE,8.155366929310635,8.121521145659392,8.198858812189313,13.649946507421808,12.322740795456728,14.481279911884153,4.895833333333333,4.86,4.946666666666666,2.4583333333333335,1.4666666666666668,3.2,38.125,36,40,246.625,181,335,342.0625,284,402
26,PALADIN,8.159994731212707,8.13686248814064,8.188822052370536,13.648854166666666,13.28,14.443333333333333,4.889166666666666,4.846666666666667,4.926666666666667,4.4870348809683165,4.0,4.962945714413195,47.0,42,49,255.5625,210,314,239.3125,168,290
26,RANGER,8.15986421643866,8.123664879337278,8.20075610169855,13.603333333333333,12.533333333333333,14.496666666666666,4.777546511903168,4.75185271427934,4.846666666666667,2.425,1.4666666666666668,3.2,38.25,35,40,255.4375,185,339,287.0,183,363
26,ROGUE,8.159370715135475,8.135818729416544,8.190263904612378,13.452708333333334,12.426666666666666,14.39,4.783379845236501,4.75185271427934,4.833333333333333,2.441666666666667,1.7333333333333334,3.0666666666666664,46.0625,41,50,254.4375,208,317,234.125,170,296
26,WARRIOR,8.199959737824516,8.187377442316858,8.204590489440214,13.5796875,12.351666666666667,14.436666666666667,4.889166666666666,4.846666666666667,4.926666666666667,2.325,1.6,3.333333333333333,47.0,42,49,351.875,311,418,235.3125,164,286
27,CLERIC,8.164254795576305,8.127394294577119,8.209239449259123,14.145208333333333,12.496666666666666,14.571666666666667,4.892083333333334,4.86,4.946666666666666,4.779461405985532,3.5999999999999996,5.107609832487034,38.1875,36,40,264.375,192,357,312.125,265,359
27,MAGE,8.163255522048312,8.126331564968094,8.208301154878253,13.74894894451543,13.35297740488079,14.52141873864089,4.892083333333334,4.86,4.946666666666666,2.5083333333333333,1.4666666666666668,3.333333333333333,38.1875,36,40,262.375,190,355,369.0625,307,431
27,PALADIN,8.168085271080152,8.143084099598472,8.198383783546868,13.798229166666667,13.293333333333333,14.515,4.8879166666666665,4.846666666666667,4.926666666666667,4.682676843591319,4.0,5.107609832487034,47.4375,42,50,271.8125,222,334,253.9375,176,309
27,RANGER,8.167948798592775,8.128454812426842,8.210176692912468,13.950208333333332,13.33,14.575,4.767821543760578,4.744619508375648,4.84,2.466666666666667,1.4666666666666668,3.333333333333333,38.3125,35,40,271.6875,194,359,307.625,198,388
27,ROGUE,8.167589722294274,8.142568248541481,8.198858812189313,13.727708333333334,12.451666666666666,14.461666666666666,4.774488210427245,4.744619508375648,4.82,2.466666666666667,1.8666666666666667,3.0666666666666664,46.6875,42,50,270.9375,221,335,249.125,184,312
27,WARRIOR,8.212207168902404,8.197908470370484,8.216630113264662,13.7915625,12.376666666666667,14.508333333333333,4.8879166666666665,4.846666666666667,4.926666666666667,2.3833333333333333,1.6,3.333333333333333,47.4375,42,50,379.5625,333,448,249.9375,172,305
28,CLERIC,8.172285305467147,8.131623365722321,8.21763764082403,14.3690625,13.523333333333333,14.636666666666667,4.889583333333333,4.8533333333333335,4.946666666666666,4.978777285778294,4.133333333333333,5.254517206519895,39.375,37,41,280.625,200,375,333.9375,284,382
28,MAGE,8.171297929106279,8.130569321574354,8.216708557250337,14.037318000114347,13.386230503505587,14.5647757564171,4.889583333333333,4.8533333333333335,4.946666666666666,2.566666666666667,1.7333333333333334,3.333333333333333,39.375,37,41,278.625,198,373,397.125,332,462
28,PALADIN,8.176014604862914,8.149748777340223,8.208770433851793,14.1359375,13.31,14.54,4.885833333333333,4.846666666666667,4.926666666666667,4.825369960370801,4.0,5.254517206519895,49.125,44,51,287.9375,235,356,269.0625,186,324
28,RANGER,8.176090778226317,8.132675303850103,8.218565733898442,14.173229166666667,13.356666666666667,14.691666666666666,4.7601518682518345,4.737274139674005,4.84,2.533333333333333,1.7333333333333334,3.333333333333333,39.5,36,41,288.25,202,377,328.9375,214,415
28,ROGUE,8.175890040776341,8.149238776969352,8.208301154878253,13.75375,12.486666666666666,14.486666666666666,4.765398168648127,4.737274139674005,4.806666666666667,2.4916666666666667,1.8666666666666667,3.2,48.3125,43,52,287.8125,234,355,264.75,195,331
28,WARRIOR,8.224585795544552,8.208770433851793,8.22904600172045,14.129270833333333,13.303333333333333,14.533333333333333,4.885833333333333,4.846666666666667,4.926666666666667,2.4333333333333336,1.6,3.466666666666667,49.125,44,51,407.8125,356,482,265.0625,182,320
29,CLERIC,8.176266845646174,8.134249316789484,8.223191559827166,14.512604166666666,13.538333333333334,15.61,4.88875,4.8533333333333335,4.946666666666666,5.076356596890622,4.266666666666667,5.403617591708326,39.5,37,41,288.75,205,387,345.0625,293,393
29,MAGE,8.175285133155295,8.133200490989568,8.222268326159277,14.244458002878666,13.402327744911075,15.584501687908146,4.88875,4.8533333333333335,4.946666666666666,2.591666666666667,1.8666666666666667,3.333333333333333,39.5,37,41,286.75,203,385,411.375,344,476
29,PALADIN,8.180039827993381,8.153306753936873,8.212982189286489,14.211979166666666,13.415,14.555,4.884166666666666,4.846666666666667,4.926666666666667,4.930297164075518,4.133333333333333,5.403617591708326,49.375,44,52,296.1875,242,365,277.1875,191,333
29,RANGER,8.18001419590071,8.13529609805967,8.224113839736683,14.441354166666667,13.368333333333334,15.541666666666666,4.754538113436979,4.729819120414584,4.833333333333333,2.558333333333333,1.8666666666666667,3.333333333333333,39.625,36,41,296.3125,207,389,339.8125,221,427
29,ROGUE,8.180189834133673,8.153306753936873,8.213448871811096,13.95375,13.335,14.568333333333333,4.759954780103646,4.729819120414584,4.806666666666667,2.5166666666666666,1.8666666666666667,3.333333333333333,48.75,44,52,296.625,242,366,272.25,201,341
29,WARRIOR,8.234235868871746,8.214847393022769,8.241835324625299,14.1428125,13.311666666666667,14.548333333333334,4.884166666666666,4.846666666666667,4.926666666666667,2.45,1.6,3.466666666666667,49.375,44,52,422.3125,369,497,273.1875,187,329
30,CLERIC,8.184105901361335,8.141017882870548,8.232372388883347,14.8003125,13.578333333333333,15.673333333333334,4.8875,4.8533333333333335,4.933333333333334,5.246919507873167,4.533333333333333,5.554863637043428,40.625,38,42,304.875,218,407,367.6875,312,417
30,MAGE,8.183134900175078,8.139981936197135,8.231458435853977,14.347772940644024,13.43613214267943,15.629913684354783,4.8875,4.8533333333333335,4.933333333333334,2.65,2.1333333333333333,3.333333333333333,40.625,38,42,302.875,216,405,440.75,369,508
30,PALADIN,8.188146342438765,8.160361816693976,8.222268326159277,14.427395833333334,13.435,15.543333333333333,4.88,4.84,4.926666666666667,5.0608948865760714,4.133333333333333,5.554863637043428,51.125,45,54,312.9375,256,385,293.9375,200,351
30,RANGER,8.187870834316307,8.142051930437903,8.233285444116056,14.603333333333333,13.678333333333333,15.575,4.747230871203624,4.722256818147828,4.833333333333333,2.6166666666666667,2.1333333333333333,3.333333333333333,40.8125,38,42,312.5625,220,409,362.0,239,453
30,ROGUE,8.188264482737363,8.161863455143493,8.222730062583219,14.168333333333333,13.443333333333333,14.6,4.750980871203624,4.722256818147828,4.806666666666667,2.591666666666667,1.8666666666666667,3.333333333333333,50.25,46,55,313.3125,259,386,288.5,215,360
30,WARRIOR,8.247384607515198,8.226875015399303,8.25499537493326,14.420729166666666,13.428333333333333,15.536666666666667,4.88,4.84,4.926666666666667,2.475,1.6,3.466666666666667,51.125,45,54,451.9375,395,529,289.9375,196,347
31,CLERIC,8.191773407788693,8.147194392054393,8.241010894530442,15.026354166666668,13.615,15.715,4.88625,4.8533333333333335,4.933333333333334,5.389008814591128,4.666666666666667,5.70821062382734,41.8125,40,44,320.8125,230,426,390.8125,332,440
31,MAGE,8.190812341219132,8.146169537553389,8.240105263513636,14.827718298939653,13.53535535592659,15.674318157206795,4.88625,4.8533333333333335,4.933333333333334,2.716666666666667,2.1333333333333333,3.333333333333333,41.8125,40,44,318.8125,228,424,471.0,396,539
31,PALADIN,8.195990363786912,8.166844086850354,8.230085811281363,14.641562500000001,13.456666666666667,15.575,4.878333333333333,4.833333333333333,4.926666666666667,5.2254824866127105,4.266666666666667,5.70821062382734,52.75,47,56,329.3125,269,402,309.9375,208,368
31,RANGER,8.195588805330377,8.148217465724056,8.241915675585158,14.766041666666666,13.725,15.64,4.739142542336031,4.714589468808633,4.826666666666666,2.675,2.1333333333333333,3.333333333333333,41.9375,39,44,328.6875,232,428,384.625,256,478
31,ROGUE,8.196318956943832,8.170308475340084,8.230543579705,14.57,13.523333333333333,15.496666666666666,4.742475875669364,4.714589468808633,4.8,2.6166666666666667,1.8666666666666667,3.333333333333333,51.9375,47,57,330.125,276,403,304.5,228,381
31,WARRIOR,8.26075743203565,8.238745212766455,8.268523559253664,14.759895833333333,13.45,15.568333333333333,4.878333333333333,4.833333333333333,4.926666666666667,2.533333333333333,1.6,3.5999999999999996,52.75,47,56,482.0,421,558,305.9375,204,364
32,CLERIC,8.199686336870046,8.153813344047656,8.251365730233879,15.441041666666667,14.59,15.76,4.88375,4.8533333333333335,4.926666666666667,5.573474784573312,4.8,5.86361623581329,41.9375,40,44,337.4375,243,449,414.625,354,462
32,MAGE,8.198734987781826,8.152799744982213,8.2504695951884,15.0594126246672,14.511691860979258,15.717656925751323,4.88375,4.8533333333333335,4.926666666666667,2.7666666666666666,2.1333333333333333,3.466666666666667,41.9375,40,44,335.4375,241,447,502.1875,424,569
32,PALADIN,8.204020351908033,8.174246341112914,8.239198777721324,14.918854166666666,14.37,15.601666666666667,4.87625,4.833333333333333,4.926666666666667,5.39904674035832,4.666666666666667,5.86361623581329,53.375,48,57,346.25,284,422,326.3125,222,385
32,RANGER,8.203520047986927,8.15482527598906,8.252261067293386,14.992916666666666,14.451666666666666,15.77,4.729223862245168,4.7068191882093355,4.8133333333333335,2.716666666666667,2.1333333333333333,3.333333333333333,42.0625,39,44,345.4375,245,451,408.25,271,502
32,ROGUE,8.204493319736098,8.178650029248253,8.240105263513636,14.848229166666666,13.596666666666668,15.59,4.732557195578501,4.7068191882093355,4.8,2.658333333333333,1.8666666666666667,3.333333333333333,52.625,48,59,347.375,293,424,321.4375,243,402
32,WARRIOR,8.274557498351468,8.251813498245616,8.282417389396276,14.8496875,13.471666666666668,15.635,4.87625,4.833333333333333,4.926666666666667,2.5833333333333335,1.6,3.5999999999999996,53.375,48,57,513.5,450,591,322.3125,218,381
33,CLERIC,8.203793522401138,8.157851230804713,8.256280321833966,15.460729166666667,14.608333333333334,15.78,4.882083333333333,4.846666666666667,4.926666666666667,5.64955680025673,4.8,6.021040356240168,43.125,41,45,346.125,251,460,426.4375,365,473
33,MAGE,8.20284704877435,8.156844203481498,8.255388523773757,15.144483785521633,14.531169342726509,15.74091266743644,4.882083333333333,4.846666666666667,4.926666666666667,2.775,2.1333333333333333,3.466666666666667,43.125,41,45,344.125,249,458,518.0,438,585
33,PALADIN,8.207782163767156,8.177673798210039,8.244173940781495,15.1209375,14.381666666666666,15.658333333333333,4.8741666666666665,4.833333333333333,4.92,5.530260089060042,4.8,6.021040356240168,54.625,49,58,354.25,291,433,335.0625,229,395
33,RANGER,8.207667743924741,8.158856654562923,8.257171344751983,15.137395833333333,14.468333333333334,15.791666666666666,4.723837911100414,4.698947982187992,4.8133333333333335,2.7333333333333334,2.1333333333333333,3.333333333333333,43.25,40,45,354.25,253,462,419.9375,281,515
33,ROGUE,8.208632391874412,8.182541742477529,8.244624966373364,14.925,13.615,15.69,4.727302746660248,4.698947982187992,4.793333333333333,2.6750000000000003,1.8666666666666667,3.333333333333333,53.9375,49,60,356.1875,301,434,330.0,250,414
33,WARRIOR,8.283834289045771,8.258061596552801,8.296674474801593,14.989270833333332,13.486666666666666,15.651666666666667,4.8741666666666665,4.833333333333333,4.92,2.6,1.6,3.5999999999999996,54.625,49,58,529.0,464,609,331.0625,225,391
34,CLERIC,8.211847499023007,8.163361618834797,8.267363665230432,15.688958333333334,14.698333333333334,16.775,4.879583333333334,4.846666666666667,4.926666666666667,5.834333499616626,5.066666666666667,6.1804448878665585,43.1875,41,45,363.3125,262,485,450.875,391,498
34,MAGE,8.210910165342023,8.162363226744773,8.266481276445072,15.378319661334404,14.578856710701784,15.792114962591777,4.879583333333334,4.846666666666667,4.926666666666667,2.8333333333333335,2.1333333333333333,3.7333333333333334,43.1875,41,45,361.3125,260,483,550.25,472,620
34,PALADIN,8.215930249485728,8.18399577991454,8.252708437906467,15.274166666666666,14.52,15.69,4.8725,4.833333333333333,4.92,5.661777888633306,4.8,6.1804448878665585,55.375,49,59,371.6875,304,452,352.0,241,414
34,RANGER,8.215888429063371,8.164358487808794,8.268245326570216,15.489375,14.685,15.906666666666666,4.715513881960419,4.6909777556066725,4.8,2.7916666666666665,2.1333333333333333,3.466666666666667,43.3125,40,45,371.875,264,487,443.625,299,544
34,ROGUE,8.217037843805992,8.191223622801338,8.252261067293386,15.202916666666667,14.54,15.723333333333333,4.720513881960419,4.6909777556066725,4.78,2.725,1.8666666666666667,3.466666666666667,54.75,49,60,374.1875,319,451,346.75,265,434
34,WARRIOR,8.298057246681534,8.270006481214804,8.31129251573849,15.2675,13.513333333333334,16.64,4.8725,4.833333333333333,4.92,2.6166666666666667,1.6,3.5999999999999996,55.375,49,59,561.9375,491,642,348.0,237,410
35,CLERIC,8.219968207963426,8.170308475340084,8.277896592262664,16.043020833333333,14.748333333333333,16.871666666666666,4.8774999999999995,4.846666666666667,4.92,5.957868030172421,5.066666666666667,6.341793592775058,44.3125,42,46,380.8125,276,509,475.8125,413,526
35,MAGE,8.219039653263295,8.16932046231732,8.277022703202029,15.738582342941237,14.677196381552337,16.84671635580442,4.8774999999999995,4.846666666666667,4.92,2.8583333333333334,2.1333333333333333,3.7333333333333334,44.3125,42,46,378.8125,274,507,583.1875,500,657
35,PALADIN,8.223915256001586,8.191223622801338,8.261171462529633,15.490520833333333,14.546666666666667,16.678333333333335,4.870833333333334,4.833333333333333,4.92,5.83650593062398,4.8,6.341793592775058,57.0,50,61,388.9375,319,471,369.3125,253,434
35,RANGER,8.22417800181221,8.171295057483261,8.278769794841375,15.779270833333333,14.87,16.758333333333333,4.706924703468801,4.682910320361247,4.8,2.8083333333333336,2.1333333333333333,3.5999999999999996,44.4375,41,46,389.8125,278,511,467.5625,316,574
35,ROGUE,8.225328149435626,8.198858812189313,8.261171462529633,15.355729166666666,14.563333333333333,16.54,4.712992808446224,4.682910320361247,4.773333333333333,2.775,1.8666666666666667,3.466666666666667,56.3125,51,62,392.125,335,471,363.4375,278,455
35,WARRIOR,8.312569471045252,8.283560280807686,8.326269297170235,15.483854166666667,14.54,16.671666666666667,4.870833333333334,4.833333333333333,4.92,2.658333333333333,1.6,3.5999999999999996,57.0,50,61,595.375,522,675,365.3125,249,430
36,CLERIC,8.227936655985422,8.17718517982218,8.287464759757356,16.2740625,15.73,16.921666666666667,4.8741666666666665,4.846666666666667,4.906666666666666,6.152525974626705,5.333333333333333,6.50505194925341,45.5625,43,47,398.125,290,531,501.9375,438,554
36,MAGE,8.227016368377424,8.176206930360793,8.286598249185007,16.039125267802056,14.72491393835444,16.90327564245259,4.8741666666666665,4.846666666666667,4.906666666666666,2.9250000000000003,2.2666666666666666,3.7333333333333334,45.5625,43,47,396.125,288,529,617.75,533,695
36,PALADIN,8.232346429744553,8.198858812189313,8.269566462449507,15.766979166666667,14.571666666666667,16.706666666666667,4.869583333333333,4.833333333333333,4.92,6.020960227798367,4.933333333333334,6.50505194925341,58.4375,52,62,407.3125,335,490,385.1875,265,452
36,RANGER,8.232310433434769,8.178162080892347,8.288330617835138,16.008020833333333,14.943333333333333,16.931666666666665,4.698030275951498,4.67474740253733,4.793333333333333,2.875,2.2666666666666666,3.7333333333333334,45.75,43,47,407.5625,292,533,492.3125,332,604
36,ROGUE,8.234089720294902,8.207361802662271,8.271325464072557,15.695416666666667,14.675,16.613333333333333,4.702613609284832,4.67474740253733,4.76,2.816666666666667,2.0,3.5999999999999996,57.875,52,63,411.25,353,494,379.75,289,478
36,WARRIOR,8.32761428469123,8.29781281512229,8.341602683205217,15.8228125,14.565,16.746666666666666,4.869583333333333,4.833333333333333,4.92,2.691666666666667,1.6,3.5999999999999996,58.4375,52,62,630.625,555,708,381.1875,261,448
37,CLERIC,8.235689302238969,8.18399577991454,8.29738345798528,16.506458333333335,15.828333333333333,16.971666666666668,4.870416666666666,4.833333333333333,4.9,6.318426845079806,5.466666666666667,6.670187023492944,45.75,43,48,415.125,304,554,528.875,463,583
37,MAGE,8.234776693018443,8.183026742285701,8.29652427828283,16.34176178526431,15.713307302070035,16.95879446277183,4.870416666666666,4.833333333333333,4.9,2.941666666666667,2.2666666666666666,3.7333333333333334,45.75,43,48,413.125,302,552,653.4375,566,732
37,PALADIN,8.240417933498469,8.205479895849777,8.277022703202029,16.2340625,14.598333333333333,16.79,4.867916666666667,4.833333333333333,4.92,6.167986800476521,5.2,6.670187023492944,59.25,52,63,425.0625,349,507,402.9375,276,474
37,RANGER,8.24031005426114,8.184963543322244,8.29824201756379,16.114166666666666,14.995000000000001,16.97833333333333,4.689100659976174,4.666490648825353,4.786666666666667,2.8916666666666666,2.2666666666666666,3.7333333333333334,45.9375,43,48,425.1875,306,556,518.5,351,633
37,ROGUE,8.242765576427358,8.214847393022769,8.280949819012342,15.975208333333333,14.741666666666667,16.74,4.694933993309507,4.666490648825353,4.753333333333333,2.85,2.0,3.5999999999999996,58.75,53,64,430.375,369,516,397.625,302,499
37,WARRIOR,8.342462335055211,8.311472333365383,8.357290612061352,16.102395833333333,14.591666666666667,16.783333333333335,4.867916666666667,4.833333333333333,4.92,2.7416666666666667,1.8666666666666667,3.5999999999999996,59.25,52,63,665.75,587,741,398.9375,272,470
38,CLERIC,8.239652848508632,8.187377442316858,8.302953129054966,16.5909375,15.846666666666668,16.995,4.868333333333333,4.833333333333333,4.9,6.426917010432638,5.6000000000000005,6.83716735419861,47.0,45,49,423.875,311,567,542.0625,477,597
38,MAGE,8.238744036850836,8.186412821077768,8.302097932887355,16.36782269555135,15.73945635926981,16.988981780060843,4.868333333333333,4.833333333333333,4.9,2.9583333333333335,2.2666666666666666,3.7333333333333334,47.0,45,49,421.875,309,565,671.0,584,752
38,PALADIN,8.244768213151788,8.209239449259123,8.280949819012342,16.310833333333335,15.471666666666668,16.803333333333335,4.866666666666666,4.833333333333333,4.913333333333333,6.294948131520399,5.333333333333333,6.83716735419861,60.8125,54,65,434.6875,357,516,411.5,283,482
38,RANGER,8.244282338036337,8.188340823673668,8.303807722120967,16.385416666666668,15.603333333333333,17.081666666666667,4.6828687414058505,4.65814163229007,4.78,2.908333333333333,2.2666666666666666,3.7333333333333334,47.125,44,49,434.0,313,569,531.25,362,649
38,ROGUE,8.2471277676976,8.218565733898442,8.28616474828889,16.0521875,15.518333333333333,16.758333333333333,4.688585926757313,4.65814163229007,4.746666666666667,2.8833333333333333,2.0,3.5999999999999996,60.125,55,65,440.0625,377,528,406.3125,311,509
38,WARRIOR,8.351451149556357,8.318668067190142,8.373331091483498,16.241666666666667,14.605,16.796666666666667,4.866666666666666,4.833333333333333,4.913333333333333,2.791666666666667,2.0,3.7333333333333334,60.8125,54,65,684.25,604,758,407.5,279,478
39,CLERIC,8.24751384744652,8.195050558183004,8.312745165281006,16.823541666666667,15.888333333333334,17.988333333333333,4.8654166666666665,4.833333333333333,4.9,6.62798142424763,5.866666666666667,7.00596284849526,47.125,45,49,441.3125,327,590,569.125,504,626
39,MAGE,8.24661238739637,8.194095597214176,8.311896754909185,16.547314239983358,15.792114962591777,17.049715796915514,4.8654166666666665,4.833333333333333,4.9,3.025,2.4,3.8666666666666667,47.125,45,49,439.3125,325,588,707.5,620,792
39,PALADIN,8.252679667071483,8.21624364203649,8.289628187942519,16.4034375,15.488333333333333,16.836666666666666,4.865,4.833333333333333,4.913333333333333,6.502236068185723,5.6000000000000005,7.00596284849526,61.3125,54,66,452.3125,372,536,429.5625,293,502
39,RANGER,8.252415482465242,8.196004351710029,8.313593000653082,16.679375,15.635,17.916666666666668,4.673865163825595,4.649701857575237,4.76,2.975,2.4,3.8666666666666667,47.25,44,49,452.125,329,592,557.625,381,681
39,ROGUE,8.25587821820449,8.226875015399303,8.296953945817616,16.3934375,15.61,17.643333333333334,4.679698497158928,4.649701857575237,4.746666666666667,2.941666666666667,2.1333333333333333,3.5999999999999996,60.4375,55,66,459.625,395,553,423.5625,327,533
39,WARRIOR,8.36628876941922,8.33293966509046,8.389722194561823,16.396770833333335,14.633333333333333,17.785,4.865,4.833333333333333,4.913333333333333,2.841666666666667,2.1333333333333333,3.7333333333333334,61.3125,54,66,720.1875,638,794,425.5625,289,498
40,CLERIC,8.255081872862878,8.200282201068987,8.322040233656853,17.307708333333334,15.935,18.095,4.864166666666667,4.833333333333333,4.9,6.821605677210492,6.133333333333333,7.176544687754318,48.25,46,50,458.25,338,612,597.125,531,657
40,MAGE,8.25418717474641,8.199333557316745,8.321198022902914,16.85353362095129,15.843752881509786,18.017771554685112,4.864166666666667,4.833333333333333,4.9,3.091666666666667,2.4,3.8666666666666667,48.25,46,50,456.25,336,610,744.875,655,829
40,PALADIN,8.260970078467512,8.222730062583219,8.298671065643598,16.746666666666666,15.668333333333333,17.81833333333333,4.8620833333333335,4.826666666666666,4.913333333333333,6.674537591241203,5.6000000000000005,7.176544687754318,63.0625,56,67,470.9375,386,557,448.0,308,526
40,RANGER,8.26008223824389,8.201229722822733,8.322881894125024,17.1003125,16.125,18.096666666666668,4.66502312043794,4.641172765612284,4.74,3.033333333333333,2.4,3.8666666666666667,48.4375,46,50,469.375,340,614,585.1875,404,710
40,ROGUE,8.26436718120302,8.234197606817817,8.306367908041135,16.484895833333333,15.686666666666667,17.67,4.670439787104606,4.641172765612284,4.726666666666667,2.9916666666666667,2.1333333333333333,3.7333333333333334,62.0,56,67,478.75,411,575,440.9375,340,557
40,WARRIOR,8.381718038181118,8.347059881211825,8.406462055906333,16.6775,15.661666666666667,17.87,4.8620833333333335,4.826666666666666,4.913333333333333,2.8916666666666666,2.2666666666666666,3.7333333333333334,63.0625,56,67,757.8125,672,829,444.0,304,522
41,CLERIC,8.263010596603577,8.206891727620798,8.332104444611492,17.418125,16.931666666666665,18.148333333333333,4.86125,4.833333333333333,4.8933333333333335,6.980831965811433,6.133333333333333,7.348885242163821,49.375,47,51,476.125,352,636,625.875,559,689
41,MAGE,8.262122731190948,8.205950775131068,8.33126869867045,17.162290737853606,15.955782475035116,18.167913065479883,4.86125,4.833333333333333,4.8933333333333335,3.1333333333333333,2.4,3.8666666666666667,49.375,47,51,474.125,350,634,783.625,691,869
41,PALADIN,8.269223693621297,8.22962781505532,8.307645995261513,17.027395833333333,15.698333333333334,17.911666666666665,4.86,4.82,4.913333333333333,6.854859971509527,6.0,7.348885242163821,64.75,57,69,489.625,401,578,466.4375,321,547
41,RANGER,8.268111074416145,8.20783161144732,8.33293966509046,17.209791666666668,16.181666666666665,18.14666666666667,4.655076468661,4.632555737891809,4.74,3.0583333333333336,2.4,3.8666666666666667,49.625,47,51,487.5625,354,638,613.375,425,741
41,ROGUE,8.272810059874885,8.241915675585158,8.316555929820867,16.7653125,15.713333333333333,17.72833333333333,4.661375068376095,4.632555737891809,4.713333333333333,3.0416666666666665,2.2666666666666666,3.8666666666666667,63.5,58,69,497.9375,428,599,459.1875,357,580
41,WARRIOR,8.397401051319497,8.361446918378949,8.423548868138747,16.895729166666666,15.691666666666666,17.905,4.86,4.82,4.913333333333333,2.9833333333333334,2.2666666666666666,3.8666666666666667,64.75,57,69,796.375,707,864,462.4375,317,543
42,CLERIC,8.270744196942896,8.212515250975006,8.341678244467268,17.716458333333332,17.026666666666667,18.201666666666668,4.85875,4.833333333333333,4.8933333333333335,7.129442580719758,6.4,7.522957993030465,49.5625,47,51,493.6875,364,659,654.875,587,721
42,MAGE,8.26986275415065,8.211580603612347,8.34084842457886,17.534454492063578,16.014735992016398,18.231502719401323,4.85875,4.833333333333333,4.8933333333333335,3.175,2.5333333333333337,3.8666666666666667,49.5625,47,51,491.6875,362,657,822.6875,729,910
42,PALADIN,8.277771346782178,8.23601927541048,8.316555929820867,17.306562500000002,15.728333333333333,17.945,4.85875,4.82,4.913333333333333,7.059257706155353,6.133333333333333,7.522957993030465,65.3125,58,69,509.125,415,599,483.9375,332,567
42,RANGER,8.275942797257095,8.213448871811096,8.342507560823355,17.506458333333335,16.741666666666667,18.196666666666665,4.646027870964012,4.6238521003484765,4.726666666666667,3.1,2.5333333333333337,3.8666666666666667,49.8125,47,51,505.4375,366,661,641.375,445,774
42,ROGUE,8.281711010239402,8.2504695951884,8.326662613740888,17.107604166666665,15.879999999999999,17.903333333333332,4.651444537630679,4.6238521003484765,4.706666666666667,3.1333333333333333,2.5333333333333337,4.133333333333333,64.25,58,69,518.3125,447,623,477.0625,372,603
42,WARRIOR,8.413272115146276,8.375287035511635,8.438043004151552,17.237395833333334,15.721666666666668,17.938333333333333,4.85875,4.82,4.913333333333333,3.0500000000000003,2.2666666666666666,4.0,65.3125,58,69,836.1875,741,899,479.9375,328,563
43,CLERIC,8.278364794713072,8.218565733898442,8.35159732180955,17.8896875,17.071666666666665,19.201666666666668,4.855833333333333,4.833333333333333,4.8933333333333335,7.293197639599345,6.4,7.698737461941361,50.75,48,53,511.125,377,683,683.8125,617,753
43,MAGE,8.277489447247495,8.21763764082403,8.350773426291298,17.845222917140898,17.014735992016398,18.295523718552552,4.855833333333333,4.833333333333333,4.8933333333333335,3.225,2.5333333333333337,3.8666666666666667,50.75,48,53,509.125,375,681,862.1875,769,951
43,PALADIN,8.2864149786539,8.243722706815396,8.324983651868543,17.461770833333333,15.761666666666667,17.976666666666667,4.8566666666666665,4.8133333333333335,4.906666666666666,7.180855456856675,6.2666666666666675,7.698737461941361,67.125,59,71,529.0,432,619,502.0625,345,586
43,RANGER,8.283829997644562,8.21949284277585,8.352420734952632,17.6775,16.776666666666667,18.343333333333334,4.6383648967847995,4.615063126902932,4.726666666666667,3.15,2.5333333333333337,3.8666666666666667,51.0,48,53,523.5625,379,685,669.0,466,806
43,ROGUE,8.290645005355975,8.258061596552801,8.337524072716779,17.511666666666667,16.77,18.746666666666666,4.6406486725886,4.615063126902932,4.7,3.1916666666666664,2.5333333333333337,4.133333333333333,65.8125,60,71,538.9375,464,649,494.5,387,624
43,WARRIOR,8.429410321807879,8.391007130628589,8.45318055406976,17.455104166666665,15.755,18.845,4.8566666666666665,4.8133333333333335,4.906666666666666,3.075,2.2666666666666666,4.133333333333333,67.125,59,71,877.1875,780,938,498.0625,341,582
44,CLERIC,8.286524381401913,8.224574623872586,8.362673375428994,18.251041666666666,17.123333333333335,19.256666666666668,4.852916666666666,4.82,4.886666666666667,7.503574679761265,6.533333333333333,7.8761991460300385,51.0,48,54,529.9375,390,710,713.125,643,785
44,MAGE,8.285655318820144,8.22365281863257,8.361855852832411,18.03268017785291,17.068026995492318,19.279869945721256,4.852916666666666,4.82,4.886666666666667,3.3000000000000003,2.5333333333333337,4.0,51.0,48,54,527.9375,388,708,902.5,804,994
44,PALADIN,8.294591306750837,8.251365730233879,8.334608537552782,17.743020833333333,16.793333333333333,18.886666666666667,4.855,4.8133333333333335,4.906666666666666,7.370241346427931,6.4,7.8761991460300385,67.75,60,72,547.9375,449,642,520.8125,358,606
44,RANGER,8.292143571465255,8.225495484151452,8.36349043757851,18.038125,17.183333333333334,19.295,4.63062481034726,4.606190042698498,4.706666666666667,3.225,2.5333333333333337,4.0,51.3125,49,54,542.8125,392,712,697.875,488,839
44,ROGUE,8.29945627545163,8.265156321387199,8.348298828425259,17.603958333333335,16.803333333333335,18.775,4.634077299672635,4.606190042698498,4.7,3.2416666666666667,2.5333333333333337,4.133333333333333,66.6875,60,73,559.4375,480,675,512.375,402,648
44,WARRIOR,8.445225218220841,8.406173549568038,8.468576041529394,17.736354166666665,15.786666666666667,18.951666666666668,4.855,4.8133333333333335,4.906666666666666,3.1666666666666665,2.2666666666666666,4.4,67.75,60,72,917.75,818,978,516.8125,354,602
45,CLERIC,8.29457697566073,8.230085811281363,8.372854051542248,18.5515625,17.173333333333332,19.363333333333333,4.85125,4.82,4.886666666666667,7.710993062678444,6.800000000000001,8.05531945869022,52.0625,49,55,548.625,402,735,743.4375,671,818
45,MAGE,8.293713915737255,8.229169590344997,8.372042175364786,18.28520743367397,17.126280796352376,19.35208034508008,4.85125,4.82,4.886666666666667,3.4,2.6666666666666665,4.133333333333333,52.0625,49,55,546.625,400,733,944.1875,842,1038
45,PALADIN,8.302865320525624,8.257616566791976,8.3445786607242,18.024479166666666,16.82,18.995,4.8533333333333335,4.8133333333333335,4.9,7.5624114636755,6.533333333333333,8.05531945869022,69.375,62,74,567.25,463,666,539.6875,373,624
45,RANGER,8.300290021221533,8.231001121004384,8.373665486001942,18.4009375,17.4,19.346666666666668,4.623546093482892,4.597234027065489,4.7,3.308333333333333,2.6666666666666665,4.133333333333333,52.375,50,55,561.8125,404,737,728.0625,512,873
45,ROGUE,8.308178043247889,8.273520216694692,8.35817126102408,17.76,16.835,18.838333333333335,4.6268085067663725,4.597234027065489,4.693333333333333,3.275,2.5333333333333337,4.266666666666667,68.4375,62,75,579.875,499,699,531.0,420,670
45,WARRIOR,8.461333481494236,8.420018307228723,8.486885548228756,18.017812499999998,16.813333333333333,19.03333333333333,4.8533333333333335,4.8133333333333335,4.9,3.225,2.2666666666666666,4.4,69.375,62,74,959.4375,853,1026,535.6875,369,620
46,CLERIC,8.302419787578241,8.237383222304723,8.38296569179065,18.85333333333333,18.185,20.373333333333335,4.849166666666666,4.82,4.886666666666667,7.882792567280255,6.933333333333334,8.236075675164898,53.375,50,57,566.9375,418,760,774.5,702,851
46,MAGE,8.301562399952973,8.236474142799473,8.382159235835967,18.601548665150183,17.248637427831707,19.467707518867233,4.849166666666666,4.82,4.886666666666667,3.45,2.6666666666666665,4.266666666666667,53.375,50,57,564.9375,416,758,986.4375,883,1083
46,PALADIN,8.3110349673352,8.264272098094708,8.353654953906819,18.244791666666668,16.848333333333333,19.03333333333333,4.85,4.8133333333333335,4.8933333333333335,7.713528378186837,6.533333333333333,8.236075675164898,71.0,64,75,586.4375,478,688,559.375,386,644
46,RANGER,8.30838698867384,8.238291432289888,8.38377172340597,18.63854166666667,17.893333333333334,19.398333333333333,4.614835844605768,4.588196216241755,4.693333333333333,3.375,2.6666666666666665,4.266666666666667,53.6875,51,57,580.8125,420,762,758.125,536,908
46,ROGUE,8.317075311577229,8.281820644104448,8.369603882015383,18.103125,16.931666666666665,19.836666666666666,4.619549054060439,4.588196216241755,4.6866666666666665,3.3166666666666664,2.6666666666666665,4.266666666666667,70.0,63,77,600.875,518,727,549.375,438,690
46,WARRIOR,8.477517006496202,8.434531235784979,8.503895606840356,18.175625,16.841666666666665,19.066666666666666,4.85,4.8133333333333335,4.8933333333333335,3.2666666666666666,2.2666666666666666,4.4,71.0,64,75,1001.6875,890,1071,555.375,382,640
47,CLERIC,8.314252113908235,8.245075784167017,8.396611586396405,19.0578125,18.291666666666668,20.463333333333335,4.844166666666666,4.8133333333333335,4.88,8.081917205941165,7.199999999999999,8.418445882509776,53.6875,51,58,594.8125,435,794,822.1875,745,906
47,MAGE,8.313402902498941,8.244173940781495,8.395812167576544,19.018142912516765,17.341058617002187,20.534781683990374,4.844166666666666,4.8133333333333335,4.88,3.5083333333333333,2.6666666666666665,4.4,53.6875,51,58,592.8125,433,792,1052.1875,943,1151
47,PALADIN,8.323677644765652,8.274834955788059,8.366754112595792,18.608333333333334,17.683333333333334,19.128333333333334,4.845416666666667,4.806666666666667,4.886666666666667,7.99140340693136,6.800000000000001,8.418445882509776,71.8125,65,75,616.375,502,720,590.0,410,677
47,RANGER,8.320345760192303,8.245976798649217,8.39741060258734,18.96625,17.95,20.485,4.603346496320099,4.579077705874512,4.6866666666666665,3.4416666666666664,2.6666666666666665,4.4,53.9375,51,58,609.125,437,796,804.75,570,961
47,ROGUE,8.330526726763242,8.29351222671224,8.38296569179065,18.588125,17.826666666666668,19.883333333333333,4.606737473036275,4.579077705874512,4.673333333333334,3.3583333333333334,2.6666666666666665,4.266666666666667,71.0625,65,77,632.875,545,760,577.875,465,723
47,WARRIOR,8.50245414246668,8.457041530337811,8.532303999982695,18.476666666666667,16.886666666666667,19.121666666666666,4.845416666666667,4.806666666666667,4.886666666666667,3.35,2.5333333333333337,4.4,71.8125,65,75,1067.5,948,1147,586.0,406,673
48,CLERIC,8.322177250993803,8.250917762726301,8.40657073677524,19.674166666666668,18.373333333333335,20.565,4.84125,4.8133333333333335,4.873333333333333,8.234236683392664,7.333333333333333,8.60240893349155,54.9375,52,59,613.625,448,819,854.5,776,939
48,MAGE,8.321333314425424,8.25002122708306,8.40577626523715,19.276547851330946,18.347355306683724,20.61190814733865,4.84125,4.8133333333333335,4.873333333333333,3.541666666666667,2.6666666666666665,4.4,54.9375,52,59,611.625,446,817,1096.625,984,1199
48,PALADIN,8.33226150176616,8.280949819012342,8.375287035511635,18.890833333333333,17.708333333333332,19.168333333333333,4.845416666666667,4.806666666666667,4.886666666666667,8.163553908402553,6.933333333333334,8.60240893349155,73.75,67,77,636.875,516,741,609.5,425,701
48,RANGER,8.328470538695889,8.251813498245616,8.40736482038736,19.269166666666667,17.988333333333333,20.536666666666665,4.593072304579872,4.569879553325422,4.666666666666667,3.4833333333333334,2.6666666666666665,4.4,55.1875,53,59,628.5,450,821,836.5,593,999
48,ROGUE,8.33969547206238,8.301670107840362,8.393411483105371,18.683020833333334,17.956666666666667,19.911666666666665,4.597886554998023,4.569879553325422,4.666666666666667,3.425,2.6666666666666665,4.4,72.6875,67,79,654.875,564,786,597.3125,482,747
48,WARRIOR,8.519466413661636,8.471639887724963,8.551155886040567,18.821666666666665,17.701666666666668,20.161666666666665,4.845416666666667,4.806666666666667,4.886666666666667,3.3916666666666666,2.5333333333333337,4.533333333333333,73.75,67,77,1112.875,986,1198,605.5,421,697
49,CLERIC,8.334009451807953,8.259395537120199,8.421986760602621,19.881354166666668,19.371666666666666,20.651666666666667,4.8375,4.806666666666667,4.873333333333333,8.468218727269125,7.466666666666667,8.787944404033999,55.125,52,59,641.9375,467,858,903.8125,823,991
49,MAGE,8.333173083651854,8.258506434531625,8.421199655301645,19.69929505300987,18.447026411163883,20.7675980862488,4.8375,4.806666666666667,4.873333333333333,3.6083333333333334,2.6666666666666665,4.533333333333333,55.125,52,59,639.9375,465,856,1165.1875,1047,1272
49,PALADIN,8.345161306702057,8.291356024898123,8.387795562889604,19.316145833333334,18.743333333333332,20.171666666666667,4.841666666666667,4.806666666666667,4.88,8.369725676764874,7.066666666666666,8.787944404033999,74.875,69,79,667.9375,540,772,639.6875,446,734
49,RANGER,8.34047684358837,8.26028387848829,8.422773499039897,19.599479166666665,18.046666666666667,20.616666666666667,4.5820057303032105,4.5606027797983,4.66,3.5500000000000003,2.6666666666666665,4.4,55.4375,53,59,657.375,469,860,884.6875,628,1056
49,ROGUE,8.353197845407808,8.311047767189871,8.408158517207243,19.1075,18.046666666666667,19.99,4.58484704949509,4.5606027797983,4.6466666666666665,3.4833333333333334,2.6666666666666665,4.4,73.75,68,80,687.5625,586,823,627.0,508,788
49,WARRIOR,8.544886023269266,8.496353590926434,8.572533518752424,19.246979166666666,17.958333333333332,20.21666666666667,4.841666666666667,4.806666666666667,4.88,3.4416666666666664,2.8000000000000003,4.533333333333333,74.875,69,79,1182.5,1051,1275,635.6875,442,730
50,CLERIC,8.341999282616328,8.264714302039907,8.431794949427463,20.187291666666667,19.431666666666665,21.68,4.836666666666667,4.806666666666667,4.873333333333333,8.651576742318271,7.733333333333333,8.975032553870335,56.375,53,61,661.1875,479,883,937.375,852,1029
50,MAGE,8.341167851798485,8.263829709088075,8.431012357644999,20.08733329423696,18.579712243054765,20.849411380555736,4.836666666666667,4.806666666666667,4.873333333333333,3.65,2.6666666666666665,4.666666666666667,56.375,53,61,659.1875,477,881,1211.8125,1088,1321
50,PALADIN,8.353587632211795,8.298671065643598,8.395812167576544,19.72375,18.77,20.265,4.840833333333333,4.806666666666667,4.88,8.534910075651604,7.199999999999999,8.975032553870335,76.625,71,81,688.375,557,792,659.25,462,759
50,RANGER,8.34852590163627,8.26559815659798,8.432577186774916,20.028750000000002,18.756666666666668,20.675,4.57341054275573,4.551248372306484,4.653333333333333,3.5833333333333335,2.6666666666666665,4.4,56.6875,54,61,676.875,481,885,917.25,653,1094
50,ROGUE,8.36219091267361,8.319511941858936,8.417653113798533,19.329583333333332,18.196666666666665,20.991666666666667,4.577551472948264,4.551248372306484,4.64,3.5083333333333333,2.6666666666666665,4.4,75.375,69,82,709.5,606,847,647.75,528,811
50,WARRIOR,8.562150152930908,8.513283659567124,8.592669712727403,19.46708333333333,17.981666666666666,20.258333333333333,4.840833333333333,4.806666666666667,4.88,3.5,2.8000000000000003,4.666666666666667,76.625,71,81,1229.3125,1096,1328,655.25,458,755
51,CLERIC,8.354272887457117,8.2730816193811,8.446985805832286,20.585625,19.543333333333333,21.775,4.8341666666666665,4.806666666666667,4.873333333333333,8.862888871514244,7.866666666666666,9.163654290099396,57.625,55,62,691.0,498,922,988.875,903,1088
51,MAGE,8.353448736570277,8.272203895791435,8.446209957068541,20.517135798897165,19.621583375121688,21.933350117308137,4.8341666666666665,4.806666666666667,4.873333333333333,3.75,2.6666666666666665,4.666666666666667,57.625,55,62,689.0,496,920,1283.6875,1156,1397
51,PALADIN,8.366598692316634,8.30934805022942,8.409348339666773,19.961666666666666,18.811666666666667,21.253333333333334,4.835416666666666,4.8,4.873333333333333,8.750765418585152,7.466666666666667,9.163654290099396,78.6875,73,83,720.1875,582,826,689.5,487,792
51,RANGER,8.361000750460743,8.273958638252871,8.44776131807492,20.299895833333334,19.163333333333334,21.768333333333334,4.5635222230909545,4.54181728549503,4.6466666666666665,3.6833333333333336,2.6666666666666665,4.4,57.9375,56,62,707.3125,500,924,967.4375,698,1154
51,ROGUE,8.376289640224769,8.330432425277568,8.432577186774916,19.754166666666666,19.09,21.041666666666668,4.566098148727303,4.54181728549503,4.62,3.5833333333333335,2.6666666666666665,4.666666666666667,77.5,71,84,744.1875,632,885,677.5,552,847
51,WARRIOR,8.587944669037885,8.538606238763562,8.613137373181454,19.955,18.805,21.313333333333333,4.835416666666666,4.8,4.873333333333333,3.575,2.9333333333333336,4.8,78.6875,73,83,1301.875,1164,1411,685.5,483,788
52,CLERIC,8.362811762708668,8.280949819012342,8.457427178725606,21.019166666666667,20.556666666666665,21.876666666666665,4.829583333333333,4.8,4.873333333333333,9.01856223335535,7.866666666666666,9.353791133377365,57.75,55,62,711.875,516,949,1024.0,934,1126
52,MAGE,8.361992520062989,8.280078318598445,8.456655800580998,20.91017684491457,19.691141061842387,22.064311482838814,4.829583333333333,4.8,4.873333333333333,3.7666666666666666,2.6666666666666665,4.666666666666667,57.75,55,62,709.875,514,947,1332.6875,1199,1449
52,PALADIN,8.375225827643119,8.316555929820867,8.41844188279487,20.182291666666668,19.058333333333334,21.303333333333335,4.833333333333333,4.793333333333333,4.873333333333333,8.89933834168318,7.6,9.353791133377365,79.375,73,84,741.4375,599,849,709.375,503,816
52,RANGER,8.369630852194256,8.281820644104448,8.458198231805417,20.6075,19.215,21.826666666666668,4.553174624373762,4.532310443331132,4.62,3.7,2.6666666666666665,4.4,58.0,56,62,728.5,518,951,1002.0,729,1194
52,ROGUE,8.38531699671071,8.338355925258245,8.442714449540498,20.038020833333334,19.12,21.113333333333333,4.5554497495825075,4.532310443331132,4.6066666666666665,3.6166666666666667,2.6666666666666665,4.8,78.0625,71,85,766.5625,651,911,697.8125,572,875
52,WARRIOR,8.605792273483873,8.555568087789426,8.633935163403722,20.238125,19.051666666666666,21.35333333333333,4.833333333333333,4.793333333333333,4.873333333333333,3.6,2.9333333333333336,4.8,79.375,73,84,1351.0,1210,1465,705.375,499,812
53,CLERIC,8.375163897659784,8.290492427580405,8.473934509625266,21.420729166666668,20.675,21.975,4.826666666666666,4.8,4.873333333333333,9.257557408233058,8.0,9.545425186506227,59.0,56,63,742.3125,538,992,1077.4375,982,1185
53,MAGE,8.374351477717076,8.289628187942519,8.473169944886427,21.220975468558677,19.806808200926913,22.19636618597677,4.826666666666666,4.8,4.873333333333333,3.841666666666667,2.6666666666666665,4.666666666666667,59.0,56,63,740.3125,536,990,1407.1875,1270,1526
53,PALADIN,8.38836947923381,8.32750128566526,8.431794949427463,20.733958333333334,19.873333333333335,21.361666666666668,4.830416666666666,4.793333333333333,4.873333333333333,9.134456852429809,7.733333333333333,9.545425186506227,81.1875,75,86,774.0625,625,883,740.375,524,853
53,RANGER,8.382181878746735,8.291356024898123,8.474698766133791,21.0065625,19.835,21.918333333333333,4.543201583296179,4.5227287406746886,4.62,3.7916666666666665,2.6666666666666665,4.533333333333333,59.25,57,63,759.5625,540,994,1053.9375,773,1254
53,ROGUE,8.398904950838064,8.349536674837612,8.458198231805417,20.340104166666666,19.21,21.161666666666665,4.542027157378509,4.5227287406746886,4.6,3.658333333333333,2.6666666666666665,4.8,80.3125,74,86,800.5,678,951,729.0625,602,911
53,WARRIOR,8.631272912360437,8.580771680142764,8.655061778390442,20.602291666666666,19.091666666666665,21.415,4.830416666666666,4.793333333333333,4.873333333333333,3.658333333333333,2.9333333333333336,4.8,81.1875,75,86,1427.125,1279,1554,736.375,520,849
54,CLERIC,8.38330806937696,8.29738345798528,8.48422626519626,21.480729166666666,20.726666666666667,22.041666666666668,4.825,4.793333333333333,4.873333333333333,9.43658694075377,8.133333333333333,9.738539105206033,59.125,56,64,762.5,554,1019,1113.4375,1015,1225
54,MAGE,8.382500016974296,8.29652427828283,8.483465799831167,21.555215915525377,19.943256996896338,22.285547993596307,4.825,4.793333333333333,4.873333333333333,3.9,2.8000000000000003,4.8,59.125,56,64,760.5,552,1017,1457.75,1315,1577
54,PALADIN,8.39734830299295,8.336275331703627,8.439990945938316,20.831145833333334,19.901666666666667,21.403333333333332,4.8275,4.786666666666667,4.873333333333333,9.310285497785596,7.866666666666666,9.738539105206033,81.875,75,87,796.5,646,904,761.1875,541,877
54,RANGER,8.390383627363827,8.29824201756379,8.484986432105352,21.440520833333334,20.34,21.97833333333333,4.5336035876660805,4.5130730447396985,4.6066666666666665,3.841666666666667,2.8000000000000003,4.666666666666667,59.4375,57,64,780.0,556,1021,1089.3125,804,1293
54,ROGUE,8.408080366616892,8.358990875094651,8.468192709036309,20.5625,19.39,21.266666666666666,4.532819058444054,4.5130730447396985,4.586666666666667,3.716666666666667,2.6666666666666665,4.933333333333334,81.0625,75,88,823.5625,701,977,750.0,621,936
54,WARRIOR,8.649927485743849,8.597422669327594,8.676515943492696,20.636979166666666,19.12,21.455,4.8275,4.786666666666667,4.873333333333333,3.683333333333333,2.9333333333333336,4.8,81.875,75,87,1479.0625,1325,1611,757.1875,537,873
55,CLERIC,8.395815668484502,8.306367908041135,8.500882209992836,21.823229166666668,20.885,22.148333333333333,4.821666666666666,4.793333333333333,4.873333333333333,9.649864210967097,8.4,9.933116070880688,60.4375,57,65,793.75,575,1063,1168.9375,1063,1289
55,MAGE,8.395014060868265,8.305515109100371,8.500128153141883,21.87364267023645,21.00117772463828,22.42952276019705,4.821666666666666,4.793333333333333,4.873333333333333,3.958333333333333,2.8000000000000003,4.8,60.4375,57,65,791.75,573,1061,1535.8125,1388,1658
55,PALADIN,8.410859439837157,8.348711565917586,8.455112065797584,21.009375,19.948333333333334,21.526666666666667,4.824583333333333,4.786666666666667,4.873333333333333,9.562404947676967,8.266666666666666,9.933116070880688,83.6875,77,89,830.5,676,943,793.125,569,916
55,RANGER,8.403062193411102,8.307220113935449,8.501635983150287,21.656354166666667,20.416666666666668,22.081666666666667,4.522506789451645,4.5033441964559655,4.593333333333334,3.8916666666666666,2.8000000000000003,4.666666666666667,60.75,59,65,811.8125,577,1065,1143.8125,850,1356
55,ROGUE,8.422144425756242,8.371229856022877,8.48422626519626,21.052395833333332,20.303333333333335,21.625,4.519379752616151,4.5033441964559655,4.573333333333333,3.8,2.8000000000000003,5.066666666666667,83.0625,77,90,859.1875,731,1019,781.4375,648,975
55,WARRIOR,8.676065523031037,8.6214703071414,8.698296413146469,21.002708333333334,19.941666666666666,21.52,4.824583333333333,4.786666666666667,4.873333333333333,3.783333333333333,3.0666666666666664,4.8,83.6875,77,89,1559.0,1392,1699,789.125,565,912
56,CLERIC,8.404147980678653,8.312321032116387,8.509908945055189,22.011458333333334,21.83,22.218333333333334,4.820833333333333,4.793333333333333,4.873333333333333,9.84737901992082,8.666666666666668,10.129139765206645,61.5,58,66,814.6875,589,1087,1206.875,1098,1331
56,MAGE,8.403350542514037,8.311472333365383,8.509158250911797,22.08915508727855,21.084301269127725,22.543801979654372,4.820833333333333,4.793333333333333,4.873333333333333,3.9916666666666667,2.8000000000000003,4.933333333333334,61.5,58,66,812.6875,587,1085,1589.4375,1438,1710
56,PALADIN,8.41969176405333,8.356940959746415,8.466274867446788,21.23260416666667,20.205,21.566666666666666,4.82125,4.78,4.873333333333333,9.789307784595405,8.266666666666666,10.129139765206645,85.125,78,90,852.875,696,972,814.5625,586,940
56,RANGER,8.411457493536258,8.313169154695963,8.510659363004835,21.843645833333333,21.07,22.323333333333334,4.513464382337292,4.493543011739668,4.586666666666667,3.9166666666666665,2.8000000000000003,4.666666666666667,61.8125,60,66,833.0,591,1089,1181.1875,883,1394
56,ROGUE,8.431305395794828,8.378524896622288,8.49597574062333,21.08770833333333,20.335,21.671666666666667,4.512995296069042,4.493543011739668,4.566666666666666,3.85,2.9333333333333336,5.066666666666667,84.875,78,92,882.5625,749,1050,802.625,665,1003
56,WARRIOR,8.695465994013935,8.638555998622873,8.720401969678552,21.2884375,20.198333333333334,21.56,4.82125,4.78,4.873333333333333,3.8666666666666667,3.0666666666666664,4.933333333333334,85.125,78,90,1612.9375,1440,1756,810.5625,582,936
57,CLERIC,8.416892684098025,8.320776710492584,8.524120339078685,22.107395833333335,21.913333333333334,22.328333333333333,4.815833333333333,4.786666666666667,4.873333333333333,10.112454799828036,9.066666666666666,10.326594346391524,61.9375,59,67,846.9375,609,1125,1264.4375,1148,1397
57,MAGE,8.41610140356809,8.319933670244264,8.523374790872673,22.41436110973099,21.211477527098207,22.693196632029046,4.815833333333333,4.786666666666667,4.873333333333333,4.066666666666666,2.8000000000000003,4.933333333333334,61.9375,59,67,844.9375,607,1123,1670.5,1514,1797
57,PALADIN,8.433133962480047,8.369197109251028,8.482324540636684,21.413645833333334,21.02166666666667,21.628333333333334,4.81625,4.773333333333333,4.873333333333333,10.02078813316137,8.4,10.326594346391524,86.125,80,91,887.1875,726,1014,848.1875,613,977
57,RANGER,8.424369288317695,8.3216191972006,8.524865622247857,21.9990625,21.168333333333333,22.436666666666667,4.503127260008598,4.483670282680424,4.56,3.9916666666666667,2.8000000000000003,4.8,62.1875,60,67,865.8125,611,1127,1236.9375,935,1462
57,ROGUE,8.445422585034402,8.392610441497556,8.513283659567124,21.265416666666667,20.446666666666665,21.735,4.502626356005159,4.483670282680424,4.546666666666667,3.9166666666666665,2.9333333333333336,5.2,85.8125,79,93,918.8125,784,1096,834.25,693,1041
57,WARRIOR,8.721139152492462,8.662918878826138,8.74283142218244,21.344479166666666,20.245,21.621666666666666,4.81625,4.773333333333333,4.873333333333333,3.933333333333333,3.0666666666666664,4.933333333333334,86.125,80,91,1695.6875,1509,1845,844.1875,609,973
58,CLERIC,8.42967217400364,8.330850628030388,8.538976383081529,22.20625,22.003333333333334,22.436666666666667,4.81125,4.786666666666667,4.866666666666666,10.352923460205034,9.200000000000001,10.525464426964898,63.1875,60,68,879.5,633,1165,1323.75,1202,1462
58,MAGE,8.42888686346909,8.330014090161102,8.538236030841441,22.621149621298233,22.34807824341855,22.838473793409953,4.81125,4.786666666666667,4.866666666666666,4.141666666666667,2.8000000000000003,4.933333333333334,63.1875,60,68,877.5,631,1163,1754.8125,1595,1881
58,PALADIN,8.446496183847888,8.381352354198008,8.499751018130873,21.4709375,21.07,21.69,4.812083333333334,4.766666666666667,4.873333333333333,10.253415266853061,8.666666666666668,10.525464426964898,88.1875,82,93,921.5625,756,1060,882.5625,642,1014
58,RANGER,8.43721584243567,8.331686637447767,8.53971648116692,22.159375,21.64666666666667,22.541666666666668,4.491079236657347,4.473726778651755,4.553333333333334,4.066666666666666,2.8000000000000003,4.8,63.4375,61,68,898.6875,635,1167,1295.625,988,1525
58,ROGUE,8.459626298468228,8.406173549568038,8.528588082215235,21.444270833333334,21.205,21.803333333333335,4.490172132326809,4.473726778651755,4.54,3.9749999999999996,3.0666666666666664,5.333333333333333,87.875,81,95,955.5625,818,1137,866.5625,723,1082
58,WARRIOR,8.746572035807658,8.688104647809904,8.76558360545897,21.401770833333334,20.29,21.683333333333334,4.812083333333334,4.766666666666667,4.873333333333333,3.975,3.0666666666666664,4.933333333333334,88.1875,82,93,1780.125,1581,1940,878.5625,638,1010
59,CLERIC,8.438520119309194,8.337940062976196,8.548946473772496,22.273020833333334,22.068333333333335,22.505,4.807916666666666,4.78,4.8533333333333335,10.548942848921753,9.333333333333334,10.725735052977095,63.25,61,68,902.1875,650,1192,1363.8125,1241,1503
59,MAGE,8.437738812655978,8.337107954243328,8.548209509154027,22.719177802868693,22.43972866019793,22.939356444233375,4.807916666666666,4.78,4.8533333333333335,4.191666666666666,2.8000000000000003,4.933333333333334,63.25,61,68,900.1875,648,1190,1811.75,1649,1939
59,PALADIN,8.455599737673825,8.389803568321382,8.510659363004835,21.509270833333332,21.101666666666667,21.733333333333334,4.81125,4.766666666666667,4.866666666666666,10.453584408110684,8.8,10.725735052977095,88.8125,83,94,945.125,777,1089,905.5625,661,1040
59,RANGER,8.446071704810379,8.338771659798793,8.54968319112876,22.225,21.701666666666668,22.613333333333333,4.479820779594466,4.463713247351145,4.546666666666667,4.125,2.8000000000000003,4.933333333333334,63.4375,61,68,921.5,652,1194,1335.0,1021,1568
59,ROGUE,8.469343525014855,8.414889481217203,8.538976383081529,21.4803125,21.236666666666668,21.85,4.481809134423346,4.463713247351145,4.54,3.9916666666666667,3.0666666666666664,5.333333333333333,88.5625,82,96,980.875,840,1165,888.1875,742,1110
59,WARRIOR,8.767429578386576,8.70476749060482,8.788657379016845,21.502604166666668,21.095,21.726666666666667,4.81125,4.766666666666667,4.866666666666666,4.016666666666667,3.2,4.933333333333334,88.8125,83,94,1838.0,1629,2001,901.5625,657,1036
60,CLERIC,8.45127415940155,8.349536674837612,8.564000457972329,22.375,22.17,22.606666666666666,4.80375,4.78,4.846666666666667,10.770543763370476,9.733333333333334,10.92739168449397,64.5,62,70,935.0625,678,1233,1425.0,1302,1564
60,MAGE,8.450498477936994,8.348711565917586,8.563268465107262,22.871048638996843,22.576333118003664,23.093282502955393,4.80375,4.78,4.846666666666667,4.241666666666667,2.9333333333333336,4.933333333333334,64.5,62,70,933.0625,676,1231,1899.4375,1729,2027
60,PALADIN,8.469237887941278,8.403788381720412,8.526355395730718,21.5678125,21.14666666666667,21.798333333333332,4.80625,4.76,4.8533333333333335,10.662581783089603,8.8,10.92739168449397,90.9375,86,96,980.625,812,1131,940.6875,688,1079
60,RANGER,8.45879145006785,8.350361297110505,8.564732213408524,22.325729166666665,21.788333333333334,22.725,4.466852343192897,4.453630415775302,4.533333333333333,4.175,2.9333333333333336,4.933333333333334,64.625,62,70,954.4375,680,1235,1395.4375,1073,1635
60,ROGUE,8.484356522477054,8.429054321185927,8.556669768080445,21.533958333333334,21.28333333333333,21.918333333333333,4.469731874554317,4.453630415775302,4.52,4.1,3.333333333333333,5.466666666666667,90.4375,84,97,1020.25,876,1213,920.375,770,1151
60,WARRIOR,8.793705719967747,8.730951399617382,8.812051626128723,21.561145833333335,21.14,21.791666666666668,4.80625,4.76,4.8533333333333335,4.058333333333334,3.333333333333333,5.066666666666667,90.9375,86,96,1925.8125,1705,2095,936.6875,684,1075
61,CLERIC,8.464861596342695,8.360219420043187,8.579681625976248,22.476979166666666,22.263333333333332,22.711666666666666,4.8,4.766666666666667,4.846666666666667,11.014481799631326,10.266666666666666,11.130420177286213,65.625,63,71,970.375,704,1276,1486.1875,1358,1627
61,MAGE,8.4640916613559,8.359400506698693,8.578954638462543,23.024514216181792,22.722517306422063,23.248214505795264,4.8,4.766666666666667,4.846666666666667,4.333333333333334,3.2,5.066666666666667,65.625,63,71,968.375,702,1274,1987.4375,1814,2115
61,PALADIN,8.483278467418685,8.419230280255745,8.542674342383963,21.623958333333334,21.188333333333333,21.871666666666666,4.804583333333333,4.753333333333333,4.8533333333333335,10.885497205217606,9.200000000000001,11.130420177286213,93.3125,88,97,1017.4375,851,1175,974.375,713,1123
61,RANGER,8.472536161020125,8.36103786822748,8.580408385629793,22.426770833333332,21.878333333333334,22.835,4.455091036126473,4.44347899113569,4.52,4.275,3.2,5.066666666666667,65.6875,63,71,990.3125,706,1278,1456.0625,1127,1701
61,ROGUE,8.499015123653377,8.441547748074317,8.572765983678071,21.591041666666666,21.335,21.993333333333332,4.459456932513826,4.44347899113569,4.513333333333334,4.133333333333333,3.333333333333333,5.466666666666667,92.5625,86,101,1059.0,908,1257,954.625,801,1196
61,WARRIOR,8.820328576359449,8.75860230680619,8.835765252938852,21.617291666666667,21.181666666666665,21.865,4.804583333333333,4.753333333333333,4.8533333333333335,4.125,3.333333333333333,5.066666666666667,93.3125,88,97,2016.125,1786,2188,970.375,709,1119
62,CLERIC,8.478099855345858,8.369197109251028,8.595257439350513,22.5821875,22.363333333333333,22.83,4.797083333333333,4.76,4.84,11.226012984697915,10.533333333333331,11.33480676562121,65.875,64,72,1005.0625,726,1319,1549.3125,1418,1698
62,MAGE,8.477335291239875,8.368383227314526,8.59453525860384,23.18342440601775,22.86278261026806,23.411225717088897,4.797083333333333,4.76,4.84,4.358333333333333,3.2,5.2,65.875,64,72,1003.0625,724,1317,2077.9375,1895,2207
62,PALADIN,8.497027977806136,8.434531235784979,8.558504692023195,21.682604166666668,21.238333333333333,21.933333333333334,4.802083333333333,4.746666666666667,4.846666666666667,11.084162138995264,9.333333333333334,11.33480676562121,94.3125,89,98,1053.75,890,1218,1009.5625,743,1160
62,RANGER,8.485934055541547,8.370010542890617,8.595979401121735,22.530625,21.97,22.948333333333334,4.443703955241004,4.43325966171894,4.506666666666667,4.3,3.2,5.2,65.9375,64,72,1025.5625,728,1321,1518.375,1182,1769
62,ROGUE,8.514040180103983,8.455112065797584,8.589835718533203,21.647395833333334,21.386666666666667,22.06,4.44787522638357,4.43325966171894,4.506666666666667,4.166666666666667,3.333333333333333,5.466666666666667,93.4375,86,101,1099.0,943,1304,988.4375,832,1236
62,WARRIOR,8.846065875779844,8.78532977619989,8.85979718761864,21.6759375,21.231666666666666,21.926666666666666,4.802083333333333,4.746666666666667,4.846666666666667,4.166666666666667,3.333333333333333,5.066666666666667,94.3125,89,98,2107.25,1865,2281,1005.5625,739,1156
63,CLERIC,8.487051869017307,8.376502048768145,8.605704651893701,22.653229166666666,22.435,22.906666666666666,4.795416666666666,4.76,4.833333333333333,11.405403534555607,10.8,11.540538046074143,67.0,65,73,1028.625,744,1348,1591.9375,1461,1744
63,MAGE,8.48629085860855,8.375692149052046,8.604985607890816,23.29155178331042,22.963775842387477,23.521660160174633,4.795416666666666,4.76,4.833333333333333,4.408333333333333,3.2,5.2,67.0,65,73,1026.625,742,1346,2139.1875,1953,2269
63,PALADIN,8.506222435451386,8.443103179177669,8.56911778573926,21.723958333333332,21.273333333333333,21.97833333333333,4.7995833333333335,4.746666666666667,4.846666666666667,11.253602356370404,9.466666666666667,11.540538046074143,96.0625,90,101,1078.1875,912,1247,1034.375,764,1187
63,RANGER,8.494919455848834,8.377311513170742,8.60642348256198,22.6003125,22.03,23.018333333333334,4.433896489938887,4.422973097696293,4.506666666666667,4.358333333333333,3.2,5.2,67.0625,65,73,1049.3125,746,1350,1560.1875,1218,1811
63,ROGUE,8.52428278655508,8.464739173400101,8.601387174498,21.6859375,21.425,22.106666666666666,4.437922367454164,4.422973097696293,4.486666666666666,4.216666666666667,3.466666666666667,5.466666666666667,95.3125,88,103,1126.4375,968,1336,1011.5625,855,1264
63,WARRIOR,8.8683388136529,8.803133751897617,8.884146379566817,21.717291666666668,21.266666666666666,21.971666666666668,4.7995833333333335,4.746666666666667,4.846666666666667,4.175,3.333333333333333,5.066666666666667,96.0625,90,101,2169.0625,1918,2347,1030.375,760,1183
64,CLERIC,8.500530652838687,8.38618728553889,8.62075587076185,22.763541666666665,22.535,23.026666666666667,4.7908333333333335,4.753333333333333,4.833333333333333,11.619034055045056,10.8,11.747600962282297,67.3125,65,73,1064.3125,768,1390,1658.125,1521,1816
64,MAGE,8.499774834824699,8.385382518955442,8.620041228759433,23.459860064679454,23.119621267633654,23.704324816268645,4.7908333333333335,4.753333333333333,4.833333333333333,4.458333333333334,3.2,5.2,67.3125,65,73,1062.3125,766,1388,2234.0,2042,2371
64,PALADIN,8.520231888993823,8.456269989352048,8.585489358874367,21.7859375,21.318333333333335,22.055,4.79375,4.74,4.84,11.450583934759768,9.733333333333334,11.747600962282297,97.125,92,101,1115.625,946,1292,1071.5625,791,1233
64,RANGER,8.508531356885145,8.386991633081688,8.6214703071414,22.708125,22.125,23.133333333333333,4.422798297247747,4.412619951885885,4.493333333333333,4.425,3.2,5.2,67.3125,65,73,1085.5,770,1392,1624.875,1275,1880
64,ROGUE,8.539406211325325,8.479277873787316,8.61825372181698,21.74395833333333,21.476666666666667,22.173333333333332,4.425804136595345,4.412619951885885,4.473333333333334,4.266666666666667,3.466666666666667,5.6000000000000005,96.0625,89,103,1167.1875,1006,1383,1046.375,886,1304
64,WARRIOR,8.894467042569561,8.83148372843061,8.908811798651174,21.779270833333335,21.311666666666667,22.048333333333332,4.79375,4.74,4.84,4.241666666666666,3.333333333333333,5.333333333333333,97.125,92,101,2263.625,2003,2450,1067.5625,787,1229
65,CLERIC,8.514086139700805,8.39741060258734,8.635361218136326,22.875208333333333,22.638333333333332,23.148333333333333,4.78625,4.746666666666667,4.826666666666666,11.847569350674386,11.066666666666666,11.955982790573604,68.5625,66,74,1100.4375,796,1431,1725.125,1583,1889
65,MAGE,8.513335376378729,8.396611586396405,8.6346507219044,23.63159523154446,23.280025784794518,23.88094088389832,4.78625,4.746666666666667,4.826666666666666,4.5,3.2,5.2,68.5625,66,74,1098.4375,794,1429,2330.125,2133,2469
65,PALADIN,8.534635161598336,8.469725569094086,8.602827192063842,21.8475,21.371666666666666,22.128333333333334,4.79125,4.74,4.84,11.697489244108503,10.133333333333335,11.955982790573604,99.1875,94,103,1154.375,981,1340,1108.5,823,1277
65,RANGER,8.522293296598205,8.398209217363004,8.636071515794614,22.816875,22.225,23.253333333333334,4.41165064535349,4.40220086047132,4.473333333333334,4.458333333333333,3.2,5.2,68.5,66,74,1122.3125,798,1433,1690.125,1335,1952
65,ROGUE,8.554560023788277,8.493707124371076,8.636071515794614,21.803645833333334,21.528333333333332,22.241666666666667,4.4126255377945744,4.40220086047132,4.46,4.3,3.466666666666667,5.733333333333333,98.0,90,105,1208.3125,1044,1433,1082.1875,917,1345
65,WARRIOR,8.920825097217532,8.860252660123724,8.933792434489055,21.840833333333332,21.365000000000002,22.121666666666666,4.79125,4.74,4.84,4.341666666666667,3.466666666666667,5.466666666666667,99.1875,94,103,2361.375,2090,2558,1104.5,819,1273
66,CLERIC,8.528042516693557,8.409348339666773,8.652001421527023,22.988958333333333,22.748333333333335,23.278333333333332,4.782916666666667,4.74,4.826666666666666,12.067941123538391,11.333333333333332,12.165671126406226,69.8125,67,75,1137.875,826,1478,1793.375,1649,1967
66,MAGE,8.527296790727933,8.40855522092273,8.65129550575236,23.80845064160244,23.445019686460977,24.062248564874594,4.782916666666667,4.74,4.826666666666666,4.558333333333334,3.2,5.466666666666667,69.8125,67,75,1135.875,824,1476,2428.5,2226,2569
66,PALADIN,8.549070739053155,8.483085455007595,8.620398575485698,21.909270833333334,21.423333333333332,22.201666666666668,4.786666666666667,4.733333333333333,4.84,11.928544454003891,10.4,12.165671126406226,101.25,95,105,1193.5,1016,1389,1145.5625,854,1321
66,RANGER,8.53629606148321,8.410141074426509,8.652707146281253,22.929270833333334,22.331666666666667,23.373333333333335,4.400037332759767,4.391716443679689,4.453333333333333,4.508333333333334,3.2,5.466666666666667,69.8125,67,75,1160.0,828,1480,1757.5625,1399,2024
66,ROGUE,8.569628411943333,8.50728030318956,8.652354307762312,21.8646875,21.581666666666667,22.306666666666665,4.400971721696453,4.391716443679689,4.4399999999999995,4.35,3.466666666666667,6.0,100.0625,92,107,1249.5,1080,1479,1118.8125,949,1384
66,WARRIOR,8.94727354701656,8.888129722120594,8.95908729576407,21.902604166666666,21.416666666666668,22.195,4.786666666666667,4.733333333333333,4.84,4.416666666666667,3.5999999999999996,5.466666666666667,101.25,95,105,2461.0,2175,2672,1141.5625,850,1317
67,CLERIC,8.541847367872332,8.419624339987958,8.668886794923997,23.104895833333334,22.855,23.411666666666665,4.778333333333333,4.733333333333333,4.82,12.279572137616523,11.466666666666667,12.37665387156174,69.9375,68,75,1175.1875,852,1526,1862.9375,1713,2047
67,MAGE,8.541106437929862,8.41883612790164,8.668185379976382,23.99093257920644,23.611051106445572,24.25376396006105,4.778333333333333,4.733333333333333,4.82,4.608333333333333,3.2,5.466666666666667,69.9375,68,75,1173.1875,850,1524,2529.375,2319,2674
67,PALADIN,8.563248012269245,8.495597818341873,8.636781615211788,21.97125,21.473333333333333,22.273333333333333,4.7820833333333335,4.726666666666667,4.84,12.142282870032028,10.533333333333331,12.37665387156174,102.125,96,106,1232.1875,1049,1435,1182.75,884,1364
67,RANGER,8.550236688377026,8.420412182108135,8.66958802603852,23.044375000000002,22.436666666666667,23.498333333333335,4.389625479816435,4.381167306421913,4.4399999999999995,4.558333333333334,3.2,5.466666666666667,69.9375,67,75,1197.8125,854,1528,1826.625,1462,2099
67,ROGUE,8.584774488663113,8.520016528872574,8.670289073608656,21.925208333333334,21.641666666666666,22.378333333333334,4.390042146483101,4.381167306421913,4.426666666666667,4.391666666666667,3.5999999999999996,6.0,100.8125,92,107,1291.1875,1114,1530,1155.125,985,1427
67,WARRIOR,8.974026541626786,8.916437972494661,8.984695409576663,21.964583333333334,21.46666666666667,22.266666666666666,4.7820833333333335,4.726666666666667,4.84,4.491666666666666,3.5999999999999996,5.466666666666667,102.125,96,106,2561.75,2262,2787,1178.75,880,1360
68,CLERIC,8.55111717805437,8.427094048235764,8.681481105099968,23.1834375,22.928333333333335,23.501666666666665,4.77625,4.733333333333333,4.82,12.486830201240107,11.6,12.588919222039106,71.125,69,76,1200.375,871,1562,1910.0625,1757,2101
68,MAGE,8.550379386275702,8.426309309391694,8.68078295564304,24.114219457196334,23.725893377657883,24.387581860801674,4.77625,4.733333333333333,4.82,4.65,3.2,5.733333333333333,71.125,69,76,1198.375,869,1560,2597.1875,2383,2747
68,PALADIN,8.572819503990209,8.503895606840356,8.648823291761827,22.013020833333332,21.505,22.323333333333334,4.78,4.726666666666667,4.84,12.321548631818551,10.666666666666666,12.588919222039106,103.875,97,109,1258.4375,1071,1469,1207.8125,903,1394
68,RANGER,8.559611522691453,8.427878426776994,8.682179075796258,23.121145833333333,22.503333333333334,23.578333333333333,4.379165529173534,4.370554038898045,4.426666666666667,4.6,3.2,5.733333333333333,71.125,68,76,1223.375,873,1564,1872.6875,1502,2147
68,ROGUE,8.59484916448006,8.528959967252241,8.682527994194908,21.967083333333335,21.683333333333334,22.425,4.380172568409073,4.370554038898045,4.42,4.441666666666666,3.5999999999999996,6.0,102.5,93,109,1319.0625,1138,1565,1180.25,1010,1455
68,WARRIOR,8.998052509420251,8.934221423742141,9.010615820826365,22.006354166666668,21.498333333333335,22.316666666666666,4.78,4.726666666666667,4.84,4.525,3.5999999999999996,5.6000000000000005,103.875,97,109,2629.875,2317,2864,1203.8125,899,1390
69,CLERIC,8.56487666000588,8.438432765486578,8.698183685131843,23.303125,23.038333333333334,23.633333333333333,4.773333333333333,4.733333333333333,4.8133333333333335,12.693661887655136,11.733333333333334,12.802455656601193,71.25,69,76,1237.9375,900,1610,1981.875,1823,2180
69,MAGE,8.564143416820611,8.43765315609689,8.69748975175629,24.304123799443467,23.897214155783736,24.590231093194735,4.773333333333333,4.733333333333333,4.8133333333333335,4.758333333333334,3.333333333333333,6.0,71.25,69,76,1235.9375,898,1608,2701.125,2478,2857
69,PALADIN,8.587019427645401,8.517400795445633,8.666080029235399,22.0775,21.555,22.4,4.777083333333334,4.72,4.833333333333333,12.518354930579987,10.8,12.802455656601193,104.625,99,109,1297.5625,1107,1518,1246.5,933,1440
69,RANGER,8.573602274604504,8.439212028459878,8.698877446122955,23.23875,22.615000000000002,23.703333333333333,4.3674079128774554,4.359877217169941,4.42,4.716666666666667,3.333333333333333,6.0,71.375,68,76,1261.6875,902,1612,1943.25,1569,2222
69,ROGUE,8.610376641526086,8.542304830524786,8.700264451977635,22.028645833333332,21.735,22.496666666666666,4.3694989201376675,4.359877217169941,4.406666666666666,4.508333333333334,3.7333333333333334,6.133333333333333,103.0,94,109,1362.25,1174,1616,1217.1875,1041,1498
69,WARRIOR,9.025356390489256,8.962820866309531,9.036847591623733,22.070833333333333,21.548333333333332,22.393333333333334,4.777083333333334,4.72,4.833333333333333,4.575,3.5999999999999996,5.733333333333333,104.625,99,109,2732.75,2406,2980,1242.5,929,1436
70,CLERIC,8.57874686895452,8.448536494670336,8.716166184514284,23.424583333333334,23.151666666666667,23.77166666666667,4.770833333333333,4.733333333333333,4.8133333333333335,12.918183856484479,11.866666666666667,13.017251925929616,72.4375,70,77,1276.0625,926,1662,2054.75,1891,2263
70,MAGE,8.578018055602024,8.44776131807492,8.71547665151089,24.49822755668196,24.082257878520156,24.799629243087654,4.770833333333333,4.733333333333333,4.8133333333333335,4.825,3.333333333333333,6.0,72.4375,70,77,1274.0625,924,1660,2806.75,2580,2970
70,PALADIN,8.601994918175388,8.531561336503676,8.681830112776032,22.142916666666668,21.606666666666666,22.475,4.774583333333333,4.72,4.833333333333333,12.741027365743278,11.066666666666666,13.017251925929616,106.6875,100,111,1339.0625,1145,1563,1285.75,964,1485
70,RANGER,8.587582202270834,8.449311336488275,8.716855551585013,23.357604166666665,22.72,23.826666666666668,4.356853052777639,4.349137403703519,4.413333333333333,4.775,3.333333333333333,6.0,72.5625,69,77,1300.25,928,1664,2014.5625,1632,2296
70,ROGUE,8.625875682768804,8.556669768080445,8.718922659591037,22.090416666666666,21.788333333333334,22.565,4.358365298379503,4.349137403703519,4.3933333333333335,4.6,3.8666666666666667,6.133333333333333,105.25,96,111,1405.625,1213,1670,1254.25,1073,1539
70,WARRIOR,9.053160399882598,8.992798248472576,9.06338980073014,22.13625,21.6,22.468333333333334,4.774583333333333,4.72,4.833333333333333,4.608333333333333,3.5999999999999996,5.733333333333333,106.6875,100,111,2839.5625,2500,3104,1281.75,960,1481
71,CLERIC,8.59296674518089,8.460894369506764,8.733693861827847,23.547395833333333,23.266666666666666,23.91,4.767083333333334,4.733333333333333,4.8133333333333335,13.12705384690704,12.0,13.233297042347127,73.625,71,78,1315.375,958,1713,2128.4375,1960,2346
71,MAGE,8.592242345390144,8.460124447719593,8.733008486870487,24.696912477385627,24.264742235147263,25.015833180003494,4.767083333333334,4.733333333333333,4.8133333333333335,4.883333333333333,3.333333333333333,6.133333333333333,73.625,71,78,1313.375,956,1711,2914.25,2680,3086
71,PALADIN,8.616608623899726,8.543413177495609,8.697142720343964,22.210416666666667,21.668333333333333,22.55,4.77,4.713333333333333,4.826666666666666,12.981225049946984,11.333333333333332,13.233297042347127,108.5625,103,113,1379.8125,1177,1607,1326.25,1001,1530
71,RANGER,8.60211754877092,8.461663969890308,8.734379076762997,23.47833333333333,22.833333333333332,23.955,4.343647307654648,4.338335147882644,4.38,4.833333333333333,3.333333333333333,6.133333333333333,73.75,70,78,1340.5625,960,1715,2087.0,1700,2373
71,ROGUE,8.641384496666733,8.569482868120282,8.737802758922468,22.155625,21.851666666666667,22.636666666666667,4.347501360911982,4.338335147882644,4.386666666666667,4.658333333333333,3.8666666666666667,6.2666666666666675,107.125,99,113,1449.3125,1248,1725,1293.375,1111,1582
71,WARRIOR,9.081007520380394,9.020658397178243,9.090241543023694,22.20375,21.661666666666665,22.543333333333333,4.77,4.713333333333333,4.826666666666666,4.65,3.5999999999999996,5.866666666666667,108.5625,103,113,2947.0,2588,3228,1322.25,997,1526
72,CLERIC,8.607344051701608,8.471257179618837,8.751117464431239,23.6721875,23.385,24.048333333333332,4.764166666666666,4.72,4.8133333333333335,13.370263136098714,12.4,13.450580270070212,73.8125,71,78,1355.375,985,1764,2203.3125,2031,2429
72,MAGE,8.606623972840703,8.470491530166397,8.75043610147089,24.89926266334297,24.448251043664186,25.231380380333366,4.764166666666666,4.72,4.8133333333333335,4.941666666666666,3.466666666666667,6.133333333333333,73.8125,71,78,1353.375,983,1762,3023.125,2780,3201
72,PALADIN,8.631153321196622,8.554833330793732,8.713061975809524,22.27927083333333,21.725,22.63,4.767916666666666,4.713333333333333,4.826666666666666,13.196268535885991,11.333333333333332,13.450580270070212,109.5,103,113,1420.625,1208,1653,1367.5625,1035,1578
72,RANGER,8.616713032984782,8.472022518210528,8.751798672904998,23.600833333333334,22.943333333333335,24.085,4.331903509861731,4.32747098649649,4.36,4.9,3.466666666666667,6.133333333333333,74.0,71,78,1381.3125,987,1766,2160.5,1766,2451
72,ROGUE,8.657311959957184,8.583675995738334,8.75554256741761,22.2203125,21.911666666666665,22.71,4.336019906539034,4.32747098649649,4.373333333333333,4.716666666666667,3.8666666666666667,6.2666666666666675,107.875,100,113,1494.4375,1287,1777,1332.1875,1147,1626
72,WARRIOR,9.109214931367289,9.050209673272361,9.117401928989715,22.272604166666667,21.718333333333334,22.623333333333335,4.767916666666666,4.713333333333333,4.826666666666666,4.7,3.5999999999999996,5.866666666666667,109.5,103,113,3056.3125,2682,3352,1363.5625,1031,1574
73,CLERIC,8.621571439359148,8.482324540636684,8.76979512174573,23.799166666666668,23.506666666666668,24.189999999999998,4.762083333333333,4.72,4.8133333333333335,13.602121393129389,12.8,13.669091115957396,75.0625,72,80,1395.1875,1014,1819,2279.5,2104,2514
73,MAGE,8.620855516097121,8.481563326042886,8.769117932258435,25.107273592928248,24.63830296772714,25.45376115491112,4.762083333333333,4.72,4.8133333333333335,5.058333333333334,3.5999999999999996,6.133333333333333,75.0625,72,80,1393.1875,1012,1817,3134.4375,2883,3319
73,PALADIN,8.645859062324668,8.567656870066543,8.728549633547528,22.348020833333333,21.778333333333332,22.71666666666667,4.765416666666667,4.706666666666667,4.82,13.468485003634713,11.866666666666667,13.669091115957396,111.3125,106,115,1462.125,1243,1698,1408.8125,1067,1630
73,RANGER,8.631086977399349,8.483085455007595,8.77047216233469,23.725208333333335,23.051666666666666,24.21666666666667,4.320727263676863,4.31654544420213,4.3533333333333335,5.0,3.5999999999999996,6.133333333333333,75.25,72,80,1421.6875,1016,1821,2235.125,1831,2530
73,ROGUE,8.673227425537108,8.597061934069362,8.77351700761815,22.284479166666667,21.968333333333334,22.78,4.324075749818264,4.31654544420213,4.3533333333333335,4.775,3.8666666666666667,6.2666666666666675,110.0,102,115,1539.8125,1324,1830,1370.6875,1181,1668
73,WARRIOR,9.137493505034547,9.080798745922209,9.14487008423433,22.341354166666665,21.77166666666667,22.71,4.765416666666667,4.706666666666667,4.82,4.816666666666666,3.5999999999999996,5.866666666666667,111.3125,106,115,3167.75,2780,3482,1404.8125,1063,1626
74,CLERIC,8.635672718372513,8.493328768484137,8.788696680600241,23.9296875,23.633333333333333,24.331666666666667,4.7575,4.72,4.806666666666667,13.82771690563132,13.066666666666666,13.888819320721508,75.125,72,80,1434.875,1043,1875,2357.8125,2180,2599
74,MAGE,8.634960797695246,8.492571838951394,8.788023587613223,25.321098837900127,24.833096383878456,25.679230914423812,4.7575,4.72,4.806666666666667,5.125,3.5999999999999996,6.133333333333333,75.125,72,80,1432.875,1041,1873,3248.25,2988,3438
74,PALADIN,8.660852775343283,8.580045034258765,8.744638249032645,22.417604166666667,21.833333333333332,22.795,4.762083333333333,4.706666666666667,4.82,13.698563282996037,12.0,13.888819320721508,112.1875,107,115,1504.6875,1277,1745,1450.5625,1100,1677
74,RANGER,8.645361544038487,8.494085407782972,8.789369630009375,23.852708333333332,23.165,24.35,4.309516715095689,4.305559033963925,4.34,5.083333333333333,3.5999999999999996,6.133333333333333,75.375,72,80,1462.0,1045,1877,2311.625,1899,2610
74,ROGUE,8.689241383168298,8.611090707946992,8.7923961304859,22.349479166666665,22.03333333333333,22.85333333333333,4.311738502516865,4.305559033963925,4.346666666666667,4.866666666666667,3.8666666666666667,6.2666666666666675,110.5,103,115,1585.75,1363,1886,1409.6875,1220,1712
74,WARRIOR,9.165809282330233,9.111481727156246,9.17264514901979,22.4109375,21.826666666666668,22.788333333333334,4.762083333333333,4.706666666666667,4.82,4.858333333333333,3.5999999999999996,5.866666666666667,112.1875,107,115,3282.0625,2879,3611,1446.5625,1096,1673
75,CLERIC,8.649910020696367,8.5031426809388,8.806816511507204,24.063020833333333,23.765,24.481666666666666,4.755,4.72,4.8,14.052895172415562,13.200000000000001,14.1097548505766,76.375,73,81,1475.1875,1069,1929,2437.8125,2259,2689
75,MAGE,8.649202019666482,8.502389473253423,8.80614723192401,25.540791380772397,25.03265923935256,25.91351283468232,4.755,4.72,4.8,5.208333333333334,3.5999999999999996,6.2666666666666675,76.375,73,81,1473.1875,1067,1927,3364.5625,3095,3561
75,PALADIN,8.676134271008806,8.592728846097131,8.76030082902253,22.487395833333334,21.895,22.881666666666668,4.755416666666667,4.693333333333333,4.82,13.922509149426821,12.266666666666666,14.1097548505766,114.1875,109,117,1548.3125,1312,1791,1492.4375,1137,1729
75,RANGER,8.65956643012375,8.503895606840356,8.80748565232206,23.983854166666667,23.278333333333332,24.486666666666665,4.2980412091953255,4.29451225747117,4.333333333333333,5.175,3.5999999999999996,6.2666666666666675,76.625,73,81,1502.375,1071,1931,2390.3125,1967,2692
75,ROGUE,8.705140339461586,8.623969220297369,8.810495073345415,22.417291666666667,22.101666666666667,22.93,4.300124542528659,4.29451225747117,4.34,4.95,3.8666666666666667,6.4,112.25,105,117,1631.625,1399,1940,1450.375,1261,1758
75,WARRIOR,9.194317858850633,9.142567868578098,9.200726277820285,22.480729166666666,21.888333333333332,22.875,4.755416666666667,4.693333333333333,4.82,4.883333333333334,3.5999999999999996,6.0,114.1875,109,117,3398.375,2980,3741,1488.4375,1133,1725
76,CLERIC,8.664521640039556,8.514781751837754,8.82483516287008,24.196979166666665,23.89,24.631666666666668,4.7508333333333335,4.713333333333333,4.8,14.26947822954493,13.333333333333332,14.33188788929237,77.5,74,82,1516.75,1100,1983,2518.1875,2334,2779
76,MAGE,8.663817572157939,8.514032842140796,8.824169570626339,25.76448541901844,25.231380380333366,26.15477076544105,4.7508333333333335,4.713333333333333,4.8,5.266666666666667,3.7333333333333334,6.4,77.5,74,82,1514.75,1098,1981,3482.375,3201,3687
76,PALADIN,8.691550525970072,8.606064093870936,8.775545240345998,22.556979166666668,21.951666666666668,22.96,4.7524999999999995,4.6866666666666665,4.806666666666667,14.16965891005005,12.666666666666666,14.33188788929237,116.0,111,119,1592.5625,1349,1836,1534.1875,1171,1776
76,RANGER,8.674238504534319,8.515530389253255,8.82550062086768,24.116041666666668,23.398333333333333,24.62,4.286100387830831,4.283405605535382,4.306666666666667,5.2250000000000005,3.7333333333333334,6.2666666666666675,77.75,74,82,1544.25,1102,1985,2469.625,2039,2772
76,ROGUE,8.721538995424137,8.63926540680012,8.830155081546712,22.484895833333333,22.166666666666668,23.006666666666668,4.288174687138908,4.283405605535382,4.32,5.016666666666667,4.0,6.4,114.3125,107,119,1679.1875,1442,1999,1490.9375,1300,1804
76,WARRIOR,9.223218862536845,9.174967171821232,9.229112638897066,22.5503125,21.945,22.953333333333333,4.7524999999999995,4.6866666666666665,4.806666666666667,4.925,3.7333333333333334,6.0,116.0,111,119,3517.125,3086,3873,1530.1875,1167,1772
77,CLERIC,8.679194566547874,8.525610640944498,8.843748724468481,24.331875,24.016666666666666,24.778333333333332,4.747916666666667,4.706666666666667,4.8,14.48717494538332,13.466666666666667,14.555208830631097,77.6875,74,82,1558.75,1129,2040,2599.125,2410,2867
77,MAGE,8.678494324944793,8.524865622247857,8.843086895858765,25.99170366816263,25.446203145592047,26.39533943514617,4.747916666666667,4.706666666666667,4.8,5.333333333333334,3.7333333333333334,6.4,77.6875,74,82,1556.75,1127,2038,3601.4375,3315,3812
77,PALADIN,8.706788594967039,8.617538357326799,8.79138761860296,22.62875,22.011666666666667,23.048333333333332,4.74875,4.6866666666666665,4.8,14.391406622973323,12.933333333333332,14.555208830631097,116.875,112,119,1636.5625,1381,1883,1577.25,1207,1829
77,RANGER,8.689035855825098,8.526355395730718,8.844410423320582,24.248541666666668,23.52166666666667,24.758333333333333,4.272861307922279,4.272239558468446,4.28,5.300000000000001,3.7333333333333334,6.2666666666666675,77.9375,74,82,1586.75,1131,2042,2549.125,2113,2855
77,ROGUE,8.737930501248943,8.653412680324772,8.84771697654257,22.553958333333334,22.225,23.088333333333335,4.277027974588945,4.272239558468446,4.3133333333333335,5.1000000000000005,4.0,6.800000000000001,114.9375,108,119,1727.0,1482,2052,1532.375,1335,1853
77,WARRIOR,9.252226270291283,9.20593429362155,9.257803413891807,22.622083333333332,22.005,23.041666666666668,4.74875,4.6866666666666665,4.8,4.95,3.7333333333333334,6.133333333333333,116.875,112,119,3637.375,3188,4009,1573.25,1203,1825
78,CLERIC,8.69385914763819,8.536754561796895,8.862885919851696,24.4709375,24.15,24.928333333333335,4.745,4.706666666666667,4.8,14.714309837530644,13.733333333333333,14.779708271143798,79.0,76,83,1600.9375,1159,2098,2682.5625,2490,2957
78,MAGE,8.693162636035748,8.536013443937321,8.86222779347672,26.22617190974259,25.66593515424665,26.63903323281162,4.745,4.706666666666667,4.8,5.408333333333333,3.7333333333333334,6.4,79.0,76,83,1598.9375,1157,2096,3723.6875,3431,3938
78,PALADIN,8.722343797557365,8.630383555715321,8.808489103730835,22.701249999999998,22.068333333333335,23.14,4.745416666666666,4.6866666666666665,4.793333333333333,14.618114536691182,13.333333333333332,14.779708271143798,118.875,114,121,1681.75,1417,1934,1620.75,1241,1884
78,RANGER,8.703735186590608,8.537495423922083,8.863543920761705,24.385208333333335,23.643333333333334,24.906666666666666,4.262074351484784,4.26101458644281,4.266666666666667,5.366666666666667,3.7333333333333334,6.2666666666666675,79.25,76,83,1629.1875,1161,2100,2631.125,2186,2944
78,ROGUE,8.754588343993014,8.668185379976382,8.867489299465499,22.62375,22.288333333333334,23.168333333333333,4.266721096470793,4.26101458644281,4.3133333333333335,5.141666666666667,4.266666666666667,6.933333333333334,117.0,110,121,1775.875,1524,2112,1574.25,1373,1901
78,WARRIOR,9.281568389287228,9.238507833373795,9.28679779743717,22.694583333333334,22.061666666666667,23.133333333333333,4.745416666666666,4.6866666666666665,4.793333333333333,5.008333333333334,3.7333333333333334,6.133333333333333,118.875,114,121,3760.125,3296,4147,1616.75,1237,1880
79,CLERIC,8.708470809657314,8.548946473772496,8.881263036445755,24.61125,24.285,25.076666666666668,4.742083333333333,4.706666666666667,4.786666666666667,14.934207607264293,13.866666666666667,15.005377003304135,79.3125,76,84,1643.1875,1192,2154,2766.75,2571,3046
79,MAGE,8.70777792170997,8.548209509154027,8.880608369858884,26.465421145853757,25.894419584687558,26.887795660399775,4.742083333333333,4.706666666666667,4.786666666666667,5.433333333333334,3.7333333333333334,6.533333333333333,79.3125,76,84,1641.1875,1190,2152,3847.8125,3551,4066
79,PALADIN,8.737806478049178,8.643517735369851,8.826165944781437,22.77552083333333,22.13,23.22833333333333,4.742916666666667,4.68,4.793333333333333,14.837366085811436,13.600000000000001,15.005377003304135,119.6875,116,121,1726.875,1454,1987,1665.3125,1278,1937
79,RANGER,8.718452270731387,8.54968319112876,8.88191758147164,24.5234375,23.776666666666667,25.045,4.250823225907436,4.249731149834793,4.26,5.391666666666667,3.7333333333333334,6.2666666666666675,79.5625,76,84,1671.875,1194,2156,2714.0625,2266,3027
79,ROGUE,8.770752715104882,8.682527994194908,8.886496004276271,22.695416666666667,22.356666666666666,23.251666666666665,4.255598089438777,4.249731149834793,4.306666666666667,5.2250000000000005,4.4,7.066666666666666,117.625,111,121,1823.5625,1565,2170,1617.25,1414,1951
79,WARRIOR,9.311243422384823,9.2711672296724,9.316094996783654,22.768854166666667,22.123333333333335,23.221666666666668,4.742916666666667,4.68,4.793333333333333,5.066666666666667,3.7333333333333334,6.2666666666666675,119.6875,116,121,3884.0625,3405,4284,1661.3125,1274,1933
80,CLERIC,8.723465722054964,8.562536234350349,8.900196030332788,24.754375,24.428333333333335,25.236666666666665,4.739166666666667,4.706666666666667,4.786666666666667,15.146859800066743,13.866666666666667,15.23220600896008,80.5,77,85,1686.75,1229,2212,2852.625,2657,3142
80,MAGE,8.722776467263479,8.561803765236956,8.899544835069257,26.709713627285794,26.120228579079274,27.149480039069672,4.739166666666667,4.706666666666667,4.786666666666667,5.4750000000000005,3.7333333333333334,6.533333333333333,80.5,77,85,1684.75,1227,2210,3973.9375,3669,4200
80,PALADIN,8.753285519793327,8.654470624482721,8.84341782639287,22.850729166666667,22.195,23.316666666666666,4.737916666666667,4.673333333333334,4.793333333333333,15.0595007156134,13.600000000000001,15.23220600896008,121.625,118,123,1772.3125,1485,2039,1710.4375,1317,1990
80,RANGER,8.733459949102356,8.563268465107262,8.900847107850117,24.663645833333334,23.9,25.19,4.2385909871079965,4.238389699551996,4.24,5.441666666666666,3.7333333333333334,6.4,80.8125,78,85,1715.625,1231,2214,2798.1875,2340,3114
80,ROGUE,8.787404239235846,8.695406914746233,8.904751107413293,22.76625,22.42,23.333333333333332,4.244007653774663,4.238389699551996,4.3,5.275,4.4,7.066666666666666,119.4375,112,123,1872.9375,1602,2226,1659.75,1452,2000
80,WARRIOR,9.341027554911618,9.3021340330494,9.345694231441826,22.8440625,22.188333333333333,23.31,4.737916666666667,4.673333333333334,4.793333333333333,5.133333333333334,3.7333333333333334,6.533333333333333,121.625,118,123,4009.375,3509,4420,1706.4375,1313,1986
81,CLERIC,8.738698423369586,8.57495211487677,8.919029984700867,24.898958333333333,24.57,25.398333333333333,4.735833333333334,4.7,4.786666666666667,15.368924799766985,14.0,15.460186453084784,81.875,78,86,1731.25,1263,2270,2939.375,2742,3239
81,MAGE,8.73801275667094,8.574223635740665,8.91838215316955,26.958822293751016,26.356767861015143,27.4163537788163,4.735833333333334,4.7,4.786666666666667,5.575,3.7333333333333334,6.666666666666666,81.875,78,86,1729.25,1261,2268,4101.9375,3792,4336
81,PALADIN,8.769305600278113,8.667834603474716,8.862885919851696,22.924062499999998,22.258333333333333,23.401666666666667,4.736666666666667,4.673333333333334,4.786666666666667,15.303473173146921,14.133333333333333,15.460186453084784,123.6875,120,125,1819.5625,1523,2098,1754.4375,1355,2041
81,RANGER,8.748729386596622,8.575680363335398,8.919677702086888,24.80625,24.035,25.336666666666666,4.2273870933449835,4.226990677345761,4.233333333333333,5.533333333333333,3.7333333333333334,6.533333333333333,82.1875,79,86,1760.375,1265,2272,2883.75,2421,3202
81,ROGUE,8.803738088826925,8.710990625749199,8.921943815782328,22.838125,22.488333333333333,23.413333333333334,4.231950176010874,4.226990677345761,4.286666666666667,5.3500000000000005,4.4,7.066666666666666,121.625,114,125,1921.625,1647,2279,1702.875,1493,2048
81,WARRIOR,9.371310292954075,9.335278373785217,9.375594732839108,22.917395833333334,22.251666666666665,23.395,4.736666666666667,4.673333333333334,4.786666666666667,5.225,3.8666666666666667,6.666666666666666,123.6875,120,125,4137.8125,3621,4566,1750.4375,1351,2037
82,CLERIC,8.753849114794951,8.58657670290305,8.938734575642052,25.043541666666666,24.711666666666666,25.553333333333335,4.733333333333333,4.6866666666666665,4.786666666666667,15.600394489612984,14.266666666666667,15.689309677809407,82.1875,78,87,1775.75,1295,2331,3026.125,2827,3332
82,MAGE,8.753166921764159,8.58585186293405,8.938090172280882,27.21008965919939,26.588650141540338,27.678558226522764,4.733333333333333,4.6866666666666665,4.786666666666667,5.658333333333333,3.8666666666666667,6.666666666666666,82.1875,78,87,1773.75,1293,2329,4230.4375,3912,4469
82,PALADIN,8.784633420169454,8.681132052733755,8.88093571835591,23.001145833333332,22.321666666666665,23.495,4.732916666666667,4.673333333333334,4.786666666666667,15.533648925023721,14.266666666666667,15.689309677809407,123.875,120,125,1865.0,1561,2153,1800.6875,1393,2097
82,RANGER,8.763853305706427,8.587301319017735,8.939378868432966,24.9484375,24.17,25.48,4.2158136088526845,4.21553451610953,4.22,5.608333333333333,3.8666666666666667,6.666666666666666,82.5,79,87,1804.9375,1297,2333,2969.0625,2502,3288
82,ROGUE,8.820443693411159,8.724771423353305,8.94066712275876,22.9096875,22.555,23.49,4.219842701595839,4.21553451610953,4.273333333333333,5.408333333333333,4.4,7.333333333333333,122.375,116,125,1971.6875,1687,2337,1745.8125,1533,2094
82,WARRIOR,9.401885715414155,9.368511484191629,9.405795743990407,22.994479166666665,22.315,23.488333333333333,4.732916666666667,4.673333333333334,4.786666666666667,5.275,3.8666666666666667,6.666666666666666,123.875,120,125,4265.875,3734,4709,1796.6875,1389,2093
83,CLERIC,8.769108291418275,8.599946294386552,8.957695211882408,25.193958333333335,24.855,25.715,4.73125,4.6866666666666665,4.786666666666667,15.816260913593405,14.266666666666667,15.919567196721854,83.5,80,88,1820.75,1332,2390,3116.375,2913,3429
83,MAGE,8.768429527522157,8.599225529905397,8.957054023343108,27.470376613213524,26.829385139530004,27.951859868410686,4.73125,4.6866666666666665,4.786666666666667,5.691666666666666,3.8666666666666667,6.800000000000001,83.5,80,88,1818.75,1330,2388,4362.9375,4036,4607
83,PALADIN,8.800269055723868,8.694017490080888,8.898567821120029,23.077916666666667,22.388333333333335,23.586666666666666,4.727916666666666,4.673333333333334,4.78,15.771287963798288,14.533333333333333,15.919567196721854,125.875,122,127,1911.5625,1598,2207,1846.75,1433,2152
83,RANGER,8.779059563148696,8.600666842454322,8.958336293118784,25.0965625,24.305,25.631666666666668,4.20418695432033,4.204021640163908,4.206666666666667,5.633333333333334,3.8666666666666667,6.666666666666666,83.8125,81,88,1849.9375,1334,2392,3057.9375,2583,3379
83,ROGUE,8.83710614705637,8.739171119423727,8.958656793532025,22.981666666666666,22.623333333333335,23.573333333333334,4.208016230122931,4.204021640163908,4.26,5.466666666666667,4.4,7.333333333333333,124.3125,118,127,2021.875,1729,2393,1789.0,1574,2144
83,WARRIOR,9.432807614838623,9.401835474870927,9.436296519181763,23.07125,22.381666666666668,23.58,4.727916666666666,4.673333333333334,4.78,5.366666666666667,3.8666666666666667,6.933333333333334,125.875,122,127,4397.125,3848,4853,1842.75,1429,2148
84,CLERIC,8.784453446008442,8.612524983119203,8.976562455244963,25.345833333333335,25.003333333333334,25.875,4.7283333333333335,4.6866666666666665,4.786666666666667,16.049849604661254,14.533333333333333,16.150950689416447,83.6875,80,89,1866.25,1367,2449,3207.5,3002,3525
84,MAGE,8.783778036584886,8.611807950608242,8.975924387636473,27.73568847866877,27.081007112601746,28.236361978164453,4.7283333333333335,4.6866666666666665,4.786666666666667,5.75,3.8666666666666667,6.933333333333334,83.6875,80,89,1864.25,1365,2447,4497.375,4165,4750
84,PALADIN,8.816009532610293,8.707535017414118,8.918706083210914,23.15802083333333,22.46,23.683333333333334,4.72625,4.673333333333334,4.78,16.013213017062334,14.8,16.150950689416447,126.0625,122,127,1958.6875,1637,2269,1894.8125,1476,2210
84,RANGER,8.79446586943568,8.613241805848775,8.97720041864511,25.2453125,24.45,25.781666666666666,4.192924186433603,4.192452465529177,4.2,5.683333333333334,3.8666666666666667,6.666666666666666,84.0,81,89,1895.75,1369,2451,3147.1875,2670,3469
84,ROGUE,8.853868976860632,8.753841373503347,8.977838277938945,23.05645833333333,22.693333333333335,23.656666666666666,4.196729240671363,4.192452465529177,4.26,5.516666666666667,4.4,7.466666666666667,124.6875,119,127,2072.625,1772,2453,1833.875,1616,2194
84,WARRIOR,9.464056307013331,9.435831737398452,9.467096323666457,23.151354166666668,22.453333333333333,23.676666666666666,4.72625,4.673333333333334,4.78,5.4,4.0,6.933333333333334,126.0625,122,127,4530.5,3965,5005,1890.8125,1472,2206
85,CLERIC,8.800246430021524,8.62575262711092,8.996291363361,25.500208333333333,25.153333333333332,26.041666666666664,4.725416666666667,4.68,4.786666666666667,16.276152913179754,14.666666666666666,16.383451996280627,84.875,82,90,1913.3125,1404,2511,3300.125,3092,3625
85,MAGE,8.799574387756946,8.625039417063634,8.995656479574265,28.006158959167895,27.33969360584438,28.52215192514217,4.725416666666667,4.68,4.786666666666667,5.783333333333333,3.8666666666666667,6.933333333333334,84.875,82,90,1911.3125,1402,2509,4633.8125,4297,4893
85,PALADIN,8.831963419217661,8.719611365317778,8.937445658235506,23.237395833333334,22.528333333333332,23.781666666666666,4.722916666666666,4.666666666666667,4.78,16.243853830078884,14.933333333333334,16.383451996280627,128.1875,124,129,2006.6875,1672,2327,1942.4375,1517,2269
85,RANGER,8.810188445271388,8.626465633993325,8.99692614601937,25.396979166666668,24.595,25.933333333333334,4.181609021007679,4.180827400185969,4.193333333333333,5.708333333333333,3.8666666666666667,6.666666666666666,85.1875,82,90,1942.75,1406,2513,3238.1875,2757,3560
85,ROGUE,8.870729612890738,8.767424305817988,8.997243499455605,23.132291666666667,22.761666666666667,23.746666666666666,4.1860889293177665,4.180827400185969,4.253333333333333,5.616666666666667,4.4,7.466666666666667,126.75,121,129,2123.9375,1812,2514,1879.375,1657,2248
85,WARRIOR,9.495558306122009,9.46847572772061,9.498194433372861,23.230729166666666,22.52166666666667,23.775,4.722916666666666,4.666666666666667,4.78,5.4750000000000005,4.133333333333333,7.199999999999999,128.1875,124,129,4666.375,4078,5156,1938.4375,1513,2265
86,CLERIC,8.815925113620674,8.639974618220077,9.014659389856906,25.657916666666665,25.303333333333335,26.211666666666666,4.720416666666667,4.673333333333334,4.786666666666667,16.495163335578148,14.666666666666666,16.61706311350558,86.125,83,91,1960.25,1444,2569,3394.75,3182,3727
86,MAGE,8.81525633788818,8.63926540680012,9.014027400191184,28.282959077957422,27.59760180288898,28.823280527237863,4.720416666666667,4.673333333333334,4.786666666666667,5.85,3.8666666666666667,7.066666666666666,86.125,83,91,1958.25,1442,2567,4772.8125,4428,5043
86,PALADIN,8.848004466776704,8.73335119436596,8.955450581836304,23.315833333333334,22.601666666666667,23.881666666666668,4.720833333333333,4.666666666666667,4.78,16.489930224317384,15.066666666666666,16.61706311350558,130.3125,126,131,2055.1875,1712,2383,1989.5,1561,2329
86,RANGER,8.825904271444418,8.640683633209711,9.015291281127835,25.550833333333333,24.740000000000002,26.093333333333334,4.170241833221093,4.169146844324721,4.1866666666666665,5.766666666666667,3.8666666666666667,6.666666666666666,86.4375,83,91,1989.9375,1446,2571,3330.5,2844,3656
86,ROGUE,8.88736419710911,8.779597735344673,9.01592307409582,23.208750000000002,22.84,23.84166666666667,4.175193466576874,4.169146844324721,4.246666666666667,5.65,4.4,7.466666666666667,128.9375,122,131,2174.8125,1848,2573,1925.25,1704,2305
86,WARRIOR,9.527385545437536,9.503230902234426,9.529590134623493,23.309166666666666,22.595,23.875,4.720833333333333,4.666666666666667,4.78,5.525,4.4,7.333333333333333,130.3125,126,131,4804.0625,4199,5306,1985.5,1557,2325
87,CLERIC,8.831726772120847,8.653412680324772,9.034831601473044,25.815208333333334,25.453333333333333,26.383333333333333,4.7175,4.666666666666667,4.786666666666667,16.73187350987284,14.933333333333334,16.851776188308808,86.3125,83,91,2007.8125,1482,2633,3489.125,3272,3830
87,MAGE,8.831061200309371,8.652707146281253,9.034202715651473,28.561459544277117,27.858639070679835,29.117672640705052,4.7175,4.666666666666667,4.786666666666667,5.891666666666667,3.8666666666666667,7.199999999999999,86.3125,83,91,2005.8125,1480,2631,4912.0625,4560,5189
87,PALADIN,8.863992595929941,8.74600346203368,8.974009558537874,23.396979166666668,22.678333333333335,23.976666666666667,4.717083333333333,4.66,4.78,16.717068153000906,15.2,16.851776188308808,130.625,127,131,2103.75,1749,2441,2038.1875,1607,2386
87,RANGER,8.84178555432481,8.654118023966381,9.035460391762806,25.704270833333332,24.884999999999998,26.246666666666666,4.158822991173024,4.157411190584559,4.18,5.816666666666666,3.8666666666666667,6.666666666666666,86.75,83,91,2037.875,1484,2635,3422.5625,2931,3748
87,ROGUE,8.904281981507378,8.793404321578189,9.033259207606298,23.286979166666665,22.91166666666667,23.933333333333334,4.162896592349955,4.157411190584559,4.24,5.691666666666666,4.4,7.6,129.625,124,131,2226.75,1889,2628,1972.1875,1747,2360
87,WARRIOR,9.559447443281575,9.536931933740329,9.561282723864686,23.3903125,22.671666666666667,23.97,4.717083333333333,4.66,4.78,5.583333333333333,4.533333333333333,7.333333333333333,130.625,127,131,4942.9375,4317,5460,2034.1875,1603,2382
88,CLERIC,8.84747616590208,8.667132912234315,9.055218876625798,25.977395833333333,25.605,26.57,4.714583333333334,4.66,4.786666666666667,16.96960954470975,15.2,17.087583514357068,87.5,84,92,2055.4375,1521,2698,3586.4375,3363,3942
88,MAGE,8.846813714735346,8.666431036435402,9.054593051794289,28.848450172550017,28.12877449093511,29.427515177447773,4.714583333333334,4.66,4.786666666666667,5.908333333333333,4.0,7.199999999999999,87.5,84,92,2053.4375,1519,2696,5054.9375,4696,5342
88,PALADIN,8.880248299442757,8.757922631738106,8.993433588536588,23.476666666666667,22.75,24.073333333333334,4.714583333333334,4.653333333333333,4.773333333333333,16.975328272081786,15.600000000000001,17.087583514357068,132.5,128,133,2153.375,1784,2502,2086.0,1650,2444
88,RANGER,8.857530366882136,8.667834603474716,9.055844608680657,25.862291666666668,25.038333333333334,26.406666666666666,4.147352856097846,4.145620824282147,4.173333333333334,5.858333333333333,4.0,6.666666666666666,87.9375,84,92,2085.625,1523,2700,3517.375,3023,3844
88,ROGUE,8.921520380326143,8.807820170745265,9.051775689723659,23.365729166666668,22.98,24.016666666666666,4.150751554580212,4.145620824282147,4.226666666666667,5.758333333333334,4.4,7.733333333333333,131.6875,127,133,2279.9375,1932,2687,2019.4375,1788,2410
88,WARRIOR,9.591762082429263,9.57073248382733,9.593271507406367,23.47,22.743333333333332,24.066666666666666,4.714583333333334,4.653333333333333,4.773333333333333,5.65,4.533333333333333,7.466666666666667,132.5,128,133,5084.4375,4436,5615,2082.0,1646,2440
89,CLERIC,8.863342818635811,8.680433813793414,9.07395084692402,26.140833333333333,25.759999999999998,26.756666666666668,4.7125,4.66,4.786666666666667,17.216697681918053,15.600000000000001,17.324477527379255,87.5625,84,92,2103.625,1559,2758,3684.5,3456,4054
89,MAGE,8.86268344284572,8.679735395679568,9.073327770057606,29.139432222543775,28.402085341358866,29.740730027441813,4.7125,4.66,4.786666666666667,5.983333333333333,4.133333333333333,7.199999999999999,87.5625,84,92,2101.625,1557,2756,5199.1875,4833,5496
89,PALADIN,8.896725354725193,8.773178839624467,9.012446994945535,23.557291666666668,22.825,24.17,4.71125,4.653333333333333,4.773333333333333,17.20891783645685,15.733333333333333,17.324477527379255,132.6875,129,133,2203.875,1829,2562,2134.375,1695,2502
89,RANGER,8.873350044885528,8.681132052733755,9.0745738334305,26.020625,25.185,26.568333333333335,4.134998449237431,4.133776123631037,4.153333333333333,5.933333333333334,4.133333333333333,6.666666666666666,88.0,84,92,2133.8125,1561,2760,3612.375,3111,3941
89,ROGUE,8.938639796054572,8.822171986789892,9.069587406884843,23.444375,23.051666666666666,24.108333333333334,4.139554108177157,4.133776123631037,4.22,5.8,4.4,7.733333333333333,132.125,128,133,2333.0,1975,2744,2066.625,1831,2465
89,WARRIOR,9.624406643203104,9.607169273677705,9.625555801171464,23.550625,22.818333333333335,24.163333333333334,4.71125,4.653333333333333,4.773333333333333,5.683333333333334,4.533333333333333,7.466666666666667,132.6875,129,133,5228.25,4565,5770,2130.375,1691,2498
90,CLERIC,8.88456604999924,8.697836740008189,9.100349076035595,26.3628125,25.971666666666664,27.005,4.708333333333333,4.653333333333333,4.786666666666667,17.45646429256586,15.866666666666667,17.56245080095914,88.6875,85,93,2168.4375,1609,2843,3817.6875,3583,4203
90,MAGE,8.88391067550223,8.697142720343964,9.099729771635776,29.53763453673794,28.779029908671045,30.165862198003058,4.708333333333333,4.653333333333333,4.786666666666667,6.083333333333334,4.133333333333333,7.199999999999999,88.6875,85,93,2166.4375,1607,2841,5395.625,5021,5704
90,PALADIN,8.918582270711154,8.791723824911832,9.039545206053512,23.668125,22.925,24.3,4.7075,4.653333333333333,4.773333333333333,17.452824609112636,16.0,17.56245080095914,134.75,131,135,2271.25,1884,2648,2200.875,1755,2580
90,RANGER,8.894577681580317,8.6985305871594,9.100968293307607,26.236875,25.393333333333334,26.79,4.121877459952043,4.121877459952043,4.121877459952043,6.041666666666667,4.133333333333333,6.800000000000001,89.125,85,93,2198.8125,1611,2845,3742.125,3236,4074
90,ROGUE,8.96134355073601,8.840438280782354,9.093531919357646,23.5503125,23.145,24.226666666666667,4.1267601187050404,4.121877459952043,4.2,5.875,4.4,7.866666666666666,134.375,131,135,2403.75,2030,2821,2130.1875,1887,2536
90,WARRIOR,9.657878705979995,9.654035338863098,9.658134930454455,23.661458333333332,22.918333333333333,24.293333333333333,4.7075,4.653333333333333,4.773333333333333,5.808333333333334,4.666666666666667,7.466666666666667,134.75,131,135,5422.625,4732,5985,2196.875,1751,2576
91,CLERIC,8.900993444704998,8.71133595542371,9.120121209746083,26.531979166666666,26.14,27.2,4.703333333333333,4.653333333333333,4.786666666666667,17.69723587317585,16.133333333333333,17.801496042498684,89.75,86,94,2218.875,1648,2907,3919.1875,3684,4320
91,MAGE,8.900341084587447,8.710645254137752,9.119504657537107,29.842160303550607,29.073231769875548,30.49653583856987,4.703333333333333,4.653333333333333,4.786666666666667,6.1416666666666675,4.133333333333333,7.199999999999999,89.75,86,94,2216.875,1646,2905,5545.125,5167,5865
91,PALADIN,8.935340635022477,8.804808255760804,9.059597057308654,23.75125,23.003333333333334,24.39,4.703333333333333,4.64,4.766666666666667,17.684455365207345,16.266666666666666,17.801496042498684,136.6875,133,137,2323.1875,1923,2712,2250.75,1802,2634
91,RANGER,8.911060278156656,8.712026489084025,9.120737677123984,26.401041666666668,25.551666666666666,26.956666666666667,4.109925197875066,4.109925197875066,4.109925197875066,6.116666666666667,4.133333333333333,6.800000000000001,90.1875,86,94,2249.5625,1650,2909,3840.625,3331,4174
91,ROGUE,8.97876502168882,8.855309855267306,9.111481727156246,23.630625000000002,23.213333333333335,24.318333333333335,4.114517881474017,4.109925197875066,4.18,5.9,4.4,8.0,136.375,133,137,2458.3125,2075,2879,2178.375,1928,2591
91,WARRIOR,9.690858967535577,9.68862003523965,9.69100822968864,23.744583333333335,22.996666666666666,24.383333333333333,4.703333333333333,4.64,4.766666666666667,5.858333333333333,4.666666666666667,7.6,136.6875,133,137,5571.4375,4856,6148,2246.75,1798,2630
92,CLERIC,8.91738073771105,8.7251151001625,9.140420256345468,26.7028125,26.301666666666666,27.39,4.7,4.6466666666666665,4.78,17.930672375425964,16.266666666666666,18.04160608934325,89.875,86,94,2269.4375,1688,2973,4021.6875,3781,4434
92,MAGE,8.91673131190433,8.724427705797554,9.13980646717871,30.15137417224698,29.36462779482223,30.824441101861417,4.7,4.6466666666666665,4.78,6.216666666666667,4.133333333333333,7.333333333333333,89.875,86,94,2267.4375,1686,2971,5696.3125,5311,6024
92,PALADIN,8.95170187792962,8.818173172398044,9.078309859301843,23.8365625,23.08,24.488333333333333,4.698333333333333,4.633333333333334,4.76,17.942138280924723,16.53333333333333,18.04160608934325,136.75,133,137,2374.125,1963,2772,2301.9375,1848,2693
92,RANGER,8.927382927280398,8.725802331657043,9.141033962935982,26.566979166666666,25.71,27.128333333333334,4.098049714562035,4.097919695532838,4.1,6.191666666666667,4.133333333333333,6.933333333333334,90.25,86,94,2300.0625,1690,2975,3940.1875,3426,4277
92,ROGUE,8.995972984912145,8.869460306586538,9.129974555401501,23.713124999999998,23.288333333333334,24.405,4.103179733591233,4.097919695532838,4.18,5.941666666666667,4.4,8.0,136.8125,135,137,2512.4375,2118,2939,2227.875,1973,2643
92,WARRIOR,9.72417257782909,9.724135611939406,9.724175042221736,23.82989583333333,23.073333333333334,24.481666666666666,4.698333333333333,4.633333333333334,4.76,5.933333333333334,4.8,7.866666666666666,136.75,133,137,5720.75,4984,6308,2297.9375,1844,2689
93,CLERIC,8.933818983564361,8.738829088709704,9.160629367672675,26.875520833333333,26.466666666666665,27.59166666666667,4.6975,4.6466666666666665,4.773333333333333,18.165100535994128,16.4,18.282773905060402,91.1875,87,95,2320.375,1728,3039,4125.3125,3880,4555
93,MAGE,8.933172438384721,8.738144908486602,9.160018268879593,30.46607552751457,29.66128338128177,31.170244997725412,4.6975,4.6466666666666665,4.773333333333333,6.266666666666667,4.133333333333333,7.333333333333333,91.1875,87,95,2318.375,1726,3037,5849.5625,5457,6191
93,PALADIN,8.968156612791198,8.83281184475732,9.096322036732092,23.922916666666666,23.165,24.595,4.694583333333333,4.633333333333334,4.76,18.204753797861578,17.066666666666666,18.282773905060402,138.75,135,139,2425.5625,2007,2830,2353.75,1899,2757
93,RANGER,8.9440245772919,8.739513110576045,9.161240386036848,26.735104166666666,25.873333333333335,27.301666666666666,4.08586130474698,4.08586130474698,4.08586130474698,6.266666666666667,4.133333333333333,7.066666666666666,91.5,87,95,2351.75,1730,3041,4041.0625,3524,4381
93,ROGUE,9.013279119865757,8.88388048853506,9.14839202522369,23.795625,23.366666666666667,24.501666666666665,4.090961974986941,4.08586130474698,4.16,6.008333333333334,4.533333333333333,8.0,138.75,137,139,2567.125,2162,2999,2277.375,2020,2701
93,WARRIOR,9.757634720099386,9.757634720099386,9.757634720099386,23.916249999999998,23.158333333333335,24.58833333333333,4.694583333333333,4.633333333333334,4.76,5.991666666666667,4.933333333333334,8.0,138.75,135,139,5872.4375,5118,6469,2349.75,1895,2753
94,CLERIC,8.950193681058646,8.752139219275026,9.180750882837382,27.050833333333333,26.631666666666668,27.788333333333334,4.694166666666667,4.6466666666666665,4.766666666666667,18.40884720653982,16.666666666666668,18.524992575864697,91.5,87,96,2371.3125,1767,3105,4230.5,3979,4673
94,MAGE,8.949549950513786,8.75145808796581,9.180142405178254,30.78743573037554,29.96322030539183,31.511201658084396,4.694166666666667,4.6466666666666665,4.766666666666667,6.358333333333333,4.133333333333333,7.466666666666667,91.5,87,96,2369.3125,1765,3103,6005.4375,5605,6355
94,PALADIN,8.985071772744925,8.846064103761176,9.115803558898211,24.010104166666668,23.235,24.701666666666668,4.689583333333333,4.626666666666667,4.76,18.43436850388161,17.2,18.524992575864697,138.8125,136,139,2478.6875,2047,2893,2406.0625,1941,2821
94,RANGER,8.960495289579526,8.75282019641234,9.181359282114737,26.905833333333334,26.03666666666667,27.481666666666666,4.073750371206765,4.073750371206765,4.073750371206765,6.358333333333333,4.133333333333333,7.333333333333333,91.8125,87,96,2403.125,1769,3107,4143.5,3622,4489
94,ROGUE,9.030806116821024,8.89824209079182,9.16765123887777,23.879583333333333,23.445,24.598333333333333,4.079114908139253,4.073750371206765,4.1466666666666665,6.075,4.533333333333333,8.133333333333333,138.9375,138,139,2622.75,2206,3062,2327.75,2067,2759
94,WARRIOR,9.791386623856244,9.791386623856244,9.791386623856244,24.0034375,23.22833333333333,24.695,4.689583333333333,4.626666666666667,4.76,6.058333333333334,4.933333333333334,8.133333333333333,138.8125,136,139,6027.375,5248,6638,2402.0625,1937,2817
95,CLERIC,8.966916046599755,8.76640768138482,9.202301503942003,27.229166666666668,26.803333333333335,27.991666666666667,4.6899999999999995,4.64,4.76,18.636906017148984,16.666666666666668,18.76825530718114,92.5,88,97,2423.5625,1809,3176,4337.5,4082,4795
95,MAGE,8.96627512751311,8.765729744445848,9.20169577233762,31.114192463158645,30.27251246849955,31.86393665598751,4.6899999999999995,4.64,4.76,6.416666666666667,4.133333333333333,7.6,92.5,88,97,2421.5625,1807,3174,6163.3125,5756,6524
95,PALADIN,9.001580673143792,8.860581927686436,9.133971338809904,24.099375000000002,23.32,24.811666666666667,4.684166666666667,4.62,4.753333333333333,18.70357268381565,17.733333333333334,18.76825530718114,140.75,137,141,2530.75,2091,2952,2459.625,1992,2887
95,RANGER,8.977195082905737,8.767085468437191,9.20290715926257,27.078854166666666,26.205,27.65833333333333,4.061587234640943,4.061587234640943,4.061587234640943,6.416666666666667,4.133333333333333,7.466666666666667,92.8125,88,97,2455.4375,1811,3178,4247.3125,3723,4595
95,ROGUE,9.048457634133673,8.912870959404227,9.185919784372832,23.9621875,23.52166666666667,24.691666666666666,4.067638830310825,4.061587234640943,4.1466666666666665,6.125,4.533333333333333,8.133333333333333,140.8125,140,141,2679.0,2251,3122,2377.3125,2113,2815
95,WARRIOR,9.825430122314268,9.825430122314268,9.825430122314268,24.092708333333334,23.313333333333333,24.805,4.684166666666667,4.62,4.753333333333333,6.1000000000000005,4.933333333333334,8.133333333333333,140.75,137,141,6182.6875,5383,6805,2455.625,1988,2883
96,CLERIC,8.989654893119715,8.787013678521554,9.229180165894562,27.46697916666667,27.03,28.263333333333335,4.685,4.626666666666667,4.76,18.87427070656929,16.8,19.01255542034058,93.75,90,98,2494.9375,1870,3265,4480.1875,4218,4958
96,MAGE,8.989017709581454,8.786340225783896,9.228577774235784,31.555330304384096,30.69023290730979,32.33778258168037,4.685,4.626666666666667,4.76,6.508333333333333,4.133333333333333,7.733333333333333,93.75,90,98,2492.9375,1868,3263,6375.5,5959,6750
96,PALADIN,9.024008312118784,8.879953581575446,9.158184489290809,24.21708333333333,23.421666666666667,24.946666666666665,4.679166666666667,4.62,4.746666666666667,18.956034612360053,18.266666666666666,19.01255542034058,142.8125,140,143,2601.8125,2150,3031,2530.25,2053,2968
96,RANGER,8.999894637746909,8.787686987220527,9.229782483757958,27.3109375,26.435,27.9,4.049372228982971,4.049372228982971,4.049372228982971,6.5,4.133333333333333,7.733333333333333,94.0625,90,98,2526.875,1872,3267,4386.5625,3861,4740
96,ROGUE,9.07207473143322,8.932285547495601,9.210471437721719,24.075520833333332,23.625,24.814999999999998,4.054867367026766,4.049372228982971,4.133333333333333,6.208333333333333,4.666666666666667,8.133333333333333,142.8125,142,143,2754.625,2311,3203,2445.3125,2175,2889
96,WARRIOR,9.859764592387922,9.859764592387922,9.859764592387922,24.210416666666667,23.415,24.939999999999998,4.679166666666667,4.62,4.746666666666667,6.158333333333333,4.933333333333334,8.133333333333333,142.8125,140,143,6393.75,5566,7030,2526.25,2049,2964
97,CLERIC,9.006668848299975,8.80112319429722,9.249617925059123,27.6490625,27.203333333333333,28.476666666666667,4.680833333333333,4.626666666666667,4.753333333333333,19.120935119229735,17.066666666666666,19.257886349400607,94.125,90,98,2548.625,1912,3333,4589.4375,4322,5086
97,MAGE,9.006034386267292,8.800452728164268,9.249018012462598,31.894153166361694,31.006484375656992,32.70845145514897,4.680833333333333,4.626666666666667,4.753333333333333,6.566666666666666,4.133333333333333,8.0,94.125,90,98,2546.625,1910,3331,6537.75,6112,6926
97,PALADIN,9.041024285850154,8.89400490318749,9.179229541591088,24.306666666666665,23.496666666666666,25.055,4.67375,4.62,4.733333333333333,19.205365992221328,18.666666666666668,19.257886349400607,142.875,141,143,2656.0,2193,3100,2584.0,2098,3033
97,RANGER,9.016905303953589,8.801793520179933,9.250217765663253,27.489166666666666,26.605,28.08,4.037286577371846,4.03710568252997,4.04,6.566666666666666,4.133333333333333,7.866666666666666,94.5,90,98,2580.6875,1914,3335,4493.5,3963,4848
97,ROGUE,9.09004271687008,8.946780324896867,9.227975308727343,24.161354166666666,23.703333333333333,24.90833333333333,4.0424674722137235,4.03710568252997,4.113333333333333,6.291666666666666,4.666666666666667,8.266666666666666,142.9375,142,143,2812.4375,2356,3261,2496.8125,2222,2945
97,WARRIOR,9.894389418895958,9.894389418895958,9.894389418895958,24.3,23.49,25.048333333333332,4.67375,4.62,4.733333333333333,6.266666666666667,4.933333333333334,8.133333333333333,142.875,141,143,6554.625,5702,7205,2580.0,2094,3029
98,CLERIC,9.02376938362909,8.815504580552762,9.269076186759074,27.832395833333333,27.385,28.686666666666667,4.6779166666666665,4.62,4.753333333333333,19.368559869038865,17.333333333333336,19.5042416380859,95.25,91,100,2602.8125,1955,3398,4699.4375,4431,5212
98,MAGE,9.023137599421261,8.814837091617894,9.268478587747971,32.23723833488601,31.338477201219284,33.0762999794704,4.6779166666666665,4.62,4.753333333333333,6.641666666666667,4.266666666666667,8.0,95.25,91,100,2600.8125,1953,3396,6701.4375,6272,7100
98,PALADIN,9.057917818973985,8.908001225612532,9.198665968036664,24.398229166666667,23.573333333333334,25.15833333333333,4.669583333333334,4.613333333333333,4.72,19.449544766658498,18.799999999999997,19.5042416380859,144.875,143,145,2710.0,2236,3164,2638.9375,2144,3095
98,RANGER,9.034003307220118,8.816171932930946,9.269673715427166,27.668229166666666,26.781666666666666,28.265,4.025322006548057,4.024787918095705,4.033333333333333,6.641666666666667,4.266666666666667,7.866666666666666,95.625,91,100,2635.0,1957,3400,4600.9375,4069,4959
98,ROGUE,9.108126917613129,8.961540093517746,9.247217842199563,24.24802083333333,23.785,25.008333333333333,4.030439428333742,4.024787918095705,4.1,6.333333333333333,4.666666666666667,8.4,145.0,145,145,2870.875,2402,3325,2548.8125,2271,3005
98,WARRIOR,9.92930399437951,9.92930399437951,9.92930399437951,24.3915625,23.566666666666666,25.151666666666667,4.669583333333334,4.613333333333333,4.72,6.333333333333333,5.066666666666667,8.266666666666666,144.875,143,145,6717.25,5841,7380,2634.9375,2140,3091
99,CLERIC,9.04085035132467,8.830155081546712,9.288162482301116,28.01864583333333,27.564999999999998,28.895,4.6745833333333335,4.62,4.746666666666667,19.617139003289772,17.6,19.751614936842422,95.5625,91,100,2657.1875,1999,3462,4811.1875,4539,5337
99,MAGE,9.040221180837555,8.829490558747839,9.287567109953688,32.586856829907035,31.66965616132407,33.44762907001122,4.6745833333333335,4.62,4.746666666666667,6.7,4.266666666666667,8.0,95.5625,91,100,2655.1875,1997,3460,6867.625,6431,7275
99,PALADIN,9.0751692510954,8.922591021003157,9.218325772459051,24.489270833333332,23.653333333333332,25.263333333333335,4.664166666666667,4.6066666666666665,4.713333333333333,19.67204453596515,18.799999999999997,19.751614936842422,144.875,143,145,2765.375,2281,3229,2693.5625,2192,3158
99,RANGER,9.051161622435293,8.830819471387818,9.288757785863103,27.849479166666665,26.95,28.453333333333333,4.013726383168845,4.012419253157879,4.033333333333333,6.7,4.266666666666667,8.0,96.0,91,100,2689.75,2001,3464,4709.6875,4170,5072
99,ROGUE,9.126171484572719,8.975924387636473,9.265788520368744,24.336458333333333,23.87,25.105,4.017533513179811,4.012419253157879,4.08,6.4,4.666666666666667,8.533333333333333,145.0,145,145,2929.4375,2447,3387,2601.875,2322,3063
99,WARRIOR,9.964507718926193,9.964507718926193,9.964507718926193,24.48260416666667,23.64666666666667,25.256666666666668,4.664166666666667,4.6066666666666665,4.713333333333333,6.383333333333333,5.066666666666667,8.266666666666666,144.875,143,145,6882.3125,5982,7562,2689.5625,2188,3154
100,CLERIC,9.058306013496297,8.843748724468481,9.309253987590955,28.206145833333334,27.748333333333335,29.111666666666665,4.6691666666666665,4.62,4.746666666666667,19.875,18.0,20.0,96.8125,93,101,2713.0,2040,3533,4923.6875,4649,5467
100,MAGE,9.057679455989602,8.843086895858765,9.308661028351741,32.941197640104264,32.00834926964822,33.83310133081036,4.6691666666666665,4.62,4.746666666666667,6.775,4.266666666666667,8.133333333333333,96.8125,93,101,2711.0,2038,3531,7035.4375,6593,7456
100,PALADIN,9.09229660520697,8.936801033391758,9.237906579488458,24.58125,23.738333333333333,25.376666666666665,4.66125,4.6066666666666665,4.706666666666667,19.933333333333334,19.066666666666666,20.0,146.9375,146,147,2820.5625,2325,3294,2748.75,2243,3226
100,RANGER,9.068476599144894,8.844410423320582,9.309846879700169,28.033229166666665,27.13,28.65,4.0008333333333335,4.0,4.013333333333334,6.775,4.266666666666667,8.0,97.1875,93,101,2745.25,2042,3535,4819.9375,4278,5190
100,ROGUE,9.1443183984198,8.990891617914313,9.284887081889645,24.424583333333334,23.953333333333333,25.2,4.005833333333333,4.0,4.08,6.45,4.666666666666667,8.533333333333333,147.0,147,147,2988.5625,2494,3451,2654.75,2372,3120
100,WARRIOR,10.0,10.0,10.0,24.574583333333333,23.731666666666666,25.37,4.66125,4.6066666666666665,4.706666666666667,6.425,5.066666666666667,8.266666666666666,146.9375,146,147,7048.75,6123,7742,2744.75,2239,3222
