class,seed_index,level,str,con,dex,int,wis,cha,hp,mp,tales,kills,seconds,bag,proc_pct,skill_damage_pct,skills,skill_uses,stat_power,equipment_power,sale_gold,items_sold,attacks,casts,experience,bonus_cap_h,bonus_proc_pct,bonus_search_s,bonus_sale_pct
WARRIOR,46,1,8,9,9,8,6,13,9,2,0,0,0.0,19,9,95.0,1,0,1,1,0,0,0,0,0,12.015381388888889,9.3,4.91,1.3
WARRIOR,46,2,9,9,9,8,7,13,14,8,0,28,840.0,19,9,95.0,1,41,5,1,340,19,370,41,18,12.0157325,9.33,4.91,1.3
WARRIOR,46,3,9,12,9,8,8,13,26,15,1,209,5460.0,20,9,96.0,1,252,10,10,5717,190,2168,252,16,12.0228625,9.36,4.91,1.3
WARRIOR,46,4,11,12,9,8,8,13,32,21,1,578,14640.0,21,9,98.0,1,640,15,17,25986,570,5635,640,38,12.023576666666667,9.36,4.91,1.3
WARRIOR,46,5,12,12,9,8,9,13,40,25,1,1081,27060.0,23,10,115.0,2,1213,20,19,61324,1074,10325,1213,42,12.024340833333333,10.38,4.91,1.3
WARRIOR,46,6,14,13,10,8,9,13,54,32,2,1739,43080.0,25,10,102.0,2,1958,26,26,119161,1718,16341,1958,5,12.027679722222222,10.38,4.9,1.3
WARRIOR,46,7,15,14,10,8,9,13,60,35,2,2558,62940.0,25,10,105.0,2,2892,31,31,207226,2543,23776,2892,42,12.03126111111111,10.38,4.9,1.3
WARRIOR,46,8,15,15,10,8,10,13,67,39,2,3524,86280.0,26,10,122.0,2,4013,36,37,329116,3518,32486,4013,56,12.035090277777778,10.41,4.9,1.3
WARRIOR,46,9,15,17,11,8,10,14,79,52,3,4653,113400.0,26,10,111.0,2,5298,40,41,490746,4636,42592,5298,117,12.042129722222223,10.41,4.89,1.4
WARRIOR,46,10,16,17,11,8,11,14,86,59,3,5914,143700.0,28,10,134.22222222222223,3,6725,45,46,699988,5910,53860,6725,153,12.04351638888889,10.44,4.89,1.4
WARRIOR,46,11,17,17,12,8,11,14,93,66,3,7336,177420.0,29,10,134.0,3,8331,51,55,953447,7310,66323,8331,153,12.044934722222223,10.44,4.88,1.4
WARRIOR,46,12,18,18,12,8,11,14,100,70,3,8917,214920.0,30,11,137.0,3,10088,57,57,1265115,8905,80177,10088,45,12.049674166666666,11.44,4.88,1.4
WARRIOR,46,13,20,20,12,8,11,14,118,80,4,10637,255420.0,32,11,133.5,3,12041,65,63,1642835,10615,95066,12041,27,12.058159722222221,11.44,4.88,1.4
WARRIOR,46,14,21,21,12,8,11,14,128,86,4,12514,299400.0,32,11,143.5,3,14137,71,69,2082989,12503,111179,14137,123,12.063596944444445,11.44,4.88,1.4
WARRIOR,46,15,22,23,12,8,12,14,146,98,5,14533,346500.0,34,11,153.5,4,16445,78,73,2586881,14519,128373,16445,203,12.073119444444444,11.47,4.88,1.4
WARRIOR,46,16,24,23,12,8,12,14,155,105,5,16702,396660.0,36,11,145.0,4,18942,84,77,3176732,16695,146554,18942,81,12.0753375,11.47,4.88,1.4
WARRIOR,46,17,24,24,12,8,13,14,163,112,5,19024,450240.0,36,12,148.33333333333334,4,21559,89,83,3834575,18999,165979,21559,71,12.081650833333333,12.5,4.88,1.4
WARRIOR,46,18,26,25,12,8,13,15,185,122,6,21501,506940.0,38,12,153.0,4,24472,96,88,4612499,21483,186354,24472,152,12.088265833333333,12.5,4.88,1.5
WARRIOR,46,19,27,25,12,8,13,16,197,128,6,24125,566820.0,38,12,159.66666666666666,4,27497,102,92,5469792,24105,207845,27517,48,12.09081138888889,12.5,4.88,1.6
WARRIOR,46,20,29,26,12,8,14,16,216,142,7,26904,629880.0,40,12,170.45454545454547,5,29862,109,99,6433131,26893,230352,30710,270,12.097885555555555,12.52,4.88,1.6
WARRIOR,46,21,29,27,12,9,14,16,227,146,7,29833,696000.0,41,12,172.75,5,32243,114,105,7496305,29813,253866,34104,192,12.105273333333333,12.55,4.88,1.6
WARRIOR,46,22,31,28,12,9,15,16,248,161,8,32908,765120.0,42,13,167.75,5,34334,121,110,8653103,32868,278376,37604,311,12.112979444444445,13.58,4.88,1.6
WARRIOR,46,23,31,31,12,9,15,17,270,173,9,36143,837780.0,43,13,168.0,5,36618,126,114,9934798,36102,304100,41427,257,12.131090555555556,13.58,4.88,1.7
WARRIOR,46,24,31,32,12,10,15,17,281,180,9,39520,913260.0,43,13,176.25,5,39005,131,120,11328392,39499,330690,45477,223,12.139780833333333,13.61,4.88,1.7
WARRIOR,46,25,33,32,13,11,15,17,305,193,10,43053,991980.0,45,13,191.25,6,40770,138,122,12855177,43019,358376,49661,256,12.143411944444445,13.64,4.87,1.7
WARRIOR,46,26,33,33,13,11,16,17,316,201,10,46734,1073700.0,46,13,188.0,6,43033,143,129,14536991,46709,387028,53929,295,12.152605833333334,13.67,4.87,1.7
WARRIOR,46,27,33,35,14,11,16,18,340,216,11,50562,1158540.0,46,13,179.0,6,45268,148,136,16350078,50527,416757,58404,332,12.167880555555556,13.67,4.86,1.8
WARRIOR,46,28,35,37,14,11,16,18,368,229,12,54539,1246560.0,48,13,192.6,6,47516,156,140,18315380,54529,447545,62998,28,12.183884444444445,13.67,4.86,1.8
WARRIOR,46,29,36,37,14,12,16,18,384,236,12,58679,1337880.0,49,14,182.8,6,49577,161,144,20416127,58657,479440,67798,140,12.188344722222222,14.7,4.86,1.8
WARRIOR,46,30,39,37,15,12,16,18,414,250,13,62958,1431480.0,51,14,187.83333333333334,7,51302,169,149,22683372,62920,511893,72962,337,12.192836944444444,14.7,4.85,1.8
WARRIOR,46,31,41,38,15,12,17,18,443,264,14,67387,1527720.0,53,14,191.5,7,53649,176,156,25075953,67357,545028,78288,45,12.203778333333334,14.73,4.85,1.8
WARRIOR,46,32,43,39,15,12,17,19,475,278,15,71973,1624980.0,54,14,190.33333333333334,7,55813,183,161,27646350,71935,577685,83440,404,12.215080555555556,14.73,4.85,1.9
WARRIOR,46,33,43,40,15,12,18,19,491,284,15,76717,1726740.0,55,15,192.0,7,58051,188,164,30387925,76687,612263,88905,78,12.226747777777778,15.76,4.85,1.9
WARRIOR,46,34,45,41,15,12,18,20,525,300,16,81605,1830780.0,56,15,193.33333333333334,7,59715,195,170,33331452,81552,647371,94815,362,12.238783333333334,15.76,4.85,2.0
WARRIOR,46,35,46,43,15,12,18,21,556,312,17,86637,1936080.0,58,15,199.0,8,61383,201,175,36431228,86593,682206,100687,284,12.258385,15.76,4.85,2.1
WARRIOR,46,36,47,44,15,13,18,22,587,326,18,91832,2045400.0,59,15,200.14285714285714,8,63719,207,179,39783432,91813,718606,106742,180,12.271358333333334,15.79,4.85,2.2
WARRIOR,46,37,48,45,15,14,19,22,620,341,19,97169,2156460.0,60,15,201.14285714285714,8,65958,213,185,43273787,97138,755153,112845,400,12.2847125,15.85,4.85,2.2
WARRIOR,46,38,48,46,15,14,20,22,638,348,19,102668,2270700.0,61,15,216.85714285714286,8,68192,218,191,47025871,102658,792657,119172,84,12.298450833333334,15.88,4.85,2.2
WARRIOR,46,39,49,47,16,14,20,23,673,361,20,108303,2386980.0,61,16,203.85714285714286,8,69869,224,194,50911823,108270,830576,125997,396,12.312577222222222,16.88,4.84,2.3
WARRIOR,46,40,51,47,16,15,21,23,707,376,21,114097,2507700.0,63,16,233.0,9,71640,231,200,55072509,114077,870415,133229,297,12.318934166666667,16.95,4.84,2.3
WARRIOR,46,41,53,47,16,16,21,24,745,394,22,120048,2630280.0,65,16,211.0,9,74135,238,205,59382689,119993,910379,140422,81,12.325323888888889,16.98,4.84,2.4
WARRIOR,46,42,56,47,16,16,22,24,783,410,23,126139,2753640.0,67,16,221.75,9,76449,245,210,63934053,126081,949780,147422,234,12.331745833333333,17.01,4.84,2.4
WARRIOR,46,43,56,49,16,17,23,24,818,427,24,132389,2879760.0,68,16,215.5,9,78303,250,216,68740204,132379,989854,154631,394,12.35554138888889,17.07,4.84,2.4
WARRIOR,46,44,57,50,17,18,23,24,857,444,25,138782,3008460.0,68,17,213.25,9,79902,256,222,73765684,138771,1030676,162075,244,12.37125,18.11,4.83,2.4
WARRIOR,46,45,59,51,18,18,23,24,896,463,26,145315,3139680.0,70,17,220.66666666666666,10,81583,263,226,79036951,145273,1072260,169878,622,12.387362777777778,18.11,4.82,2.4
WARRIOR,46,46,61,51,18,19,23,25,934,477,27,151986,3272280.0,72,17,236.33333333333334,10,84032,270,231,84524020,151917,1113796,177675,305,12.394580555555555,18.14,4.82,2.5
WARRIOR,46,47,62,54,18,20,23,26,990,506,29,158803,3406920.0,73,17,222.44444444444446,10,86420,276,237,90286019,158757,1155588,185682,562,12.430359166666667,18.17,4.82,2.6
WARRIOR,46,48,64,54,18,21,24,26,1034,525,30,165776,3544260.0,75,18,232.0,10,88054,283,240,96303447,165765,1198069,193907,422,12.438157777777779,19.24,4.82,2.6
WARRIOR,46,49,65,57,19,21,24,27,1096,552,32,172896,3684540.0,75,18,233.0,10,89763,289,245,102616583,172890,1241560,202409,286,12.475885,19.24,4.81,2.7
WARRIOR,46,50,68,57,19,21,25,27,1140,572,33,180169,3827400.0,78,18,231.0,11,91438,297,252,109070911,180126,1285729,211047,540,12.484276666666666,19.27,4.81,2.7
WARRIOR,46,51,71,58,19,22,26,27,1208,600,35,187586,3971580.0,80,19,245.2,11,93887,304,255,115927010,187538,1329685,219832,384,12.503093333333334,20.34,4.81,2.7
WARRIOR,46,52,72,59,19,24,26,27,1253,620,36,195162,4117860.0,81,19,232.6,11,96369,310,261,123061765,195092,1373914,229022,555,12.522337222222221,20.4,4.81,2.7
WARRIOR,46,53,75,61,19,24,27,27,1322,650,38,202880,4266120.0,83,19,245.5,11,98300,318,265,130475863,202868,1418372,238586,555,12.552869444444445,20.44,4.81,2.7
WARRIOR,46,54,75,63,20,24,28,27,1364,674,39,210748,4417860.0,83,19,233.7,11,100036,323,271,138027339,210670,1464238,248122,587,12.584305833333334,20.47,4.8,2.7
WARRIOR,46,55,77,65,21,24,28,28,1436,708,41,218767,4571340.0,85,20,277.3888888888889,12,101899,330,277,145992658,218714,1510146,258139,181,12.616654166666667,21.47,4.79,2.8
WARRIOR,46,56,77,67,23,24,28,28,1485,728,42,226939,4726800.0,86,20,251.0,12,104510,336,281,154180750,226874,1556370,268201,473,12.649920833333333,21.47,4.77,2.8
WARRIOR,46,57,78,69,23,25,30,28,1557,762,44,235253,4891020.0,87,20,243.1818181818182,12,107078,342,286,162835263,235249,1607766,279481,1242,12.684112777777777,21.57,4.77,2.8
WARRIOR,46,58,80,72,24,25,30,28,1632,798,46,243723,5058120.0,89,20,258.54545454545456,12,108991,349,290,171648881,243688,1660107,290995,306,12.731410555555556,21.57,4.76,2.8
WARRIOR,46,59,82,73,24,25,30,29,1685,823,47,252353,5228400.0,90,20,250.27272727272728,12,110890,356,294,180801463,252321,1713459,302646,182,12.755300833333333,21.57,4.76,2.9
WARRIOR,46,60,83,76,25,25,30,30,1764,860,49,261120,5400780.0,91,20,282.5263157894737,13,112845,362,301,190342150,261051,1767331,314548,562,12.805004444444444,21.57,4.75,3.0
WARRIOR,46,61,86,77,25,25,32,30,1848,895,51,270038,5575320.0,94,20,253.16666666666666,13,115573,369,307,200125619,269983,1821520,326502,565,12.830273055555555,21.64,4.75,3.0
WARRIOR,46,62,89,80,25,25,32,30,1932,928,53,278716,5745060.0,95,20,253.41666666666666,13,117367,377,311,209927588,278637,1874237,338062,776,12.882414166666667,21.64,4.75,3.0
WARRIOR,46,63,90,81,25,27,32,30,1987,950,54,287803,5922360.0,97,20,265.9166666666667,13,119245,383,317,220228105,287709,1929115,350267,490,12.9090825,21.71,4.75,3.0
WARRIOR,46,64,91,83,26,27,33,31,2074,987,56,297036,6103020.0,97,20,263.3333333333333,13,121101,389,321,230971135,297021,1985242,362612,620,12.949942777777778,21.75,4.74,3.1
WARRIOR,46,65,93,86,26,28,33,31,2164,1023,58,306422,6286380.0,99,20,299.45,14,122942,396,326,242017056,306413,2042154,375139,223,13.005800555555556,21.78,4.74,3.1
WARRIOR,46,66,96,87,27,29,33,31,2255,1062,60,315950,6470820.0,102,20,267.46153846153845,14,125379,403,332,253397364,315888,2098793,387790,529,13.034607777777778,21.82,4.73,3.1
WARRIOR,46,67,97,91,27,30,33,31,2349,1097,62,325547,6656760.0,102,20,272.7692307692308,14,127213,410,336,265010566,325476,2155995,400482,709,13.107571111111112,21.85,4.73,3.1
WARRIOR,46,68,98,92,27,31,33,32,2414,1123,63,334916,6838560.0,104,20,267.38461538461536,14,129041,416,340,276752281,334909,2211983,412826,876,13.138069166666666,21.89,4.73,3.2
WARRIOR,46,69,101,94,27,31,33,33,2515,1161,65,344655,7026360.0,105,20,266.46153846153845,14,130909,423,350,288925312,344581,2269462,425758,1009,13.1841625,21.89,4.73,3.3
WARRIOR,46,70,104,94,27,33,33,34,2620,1200,67,354551,7218420.0,108,20,317.8095238095238,15,132682,430,354,301666237,354537,2328644,438827,575,13.20055111111111,21.96,4.73,3.4
WARRIOR,46,71,106,95,28,33,34,35,2722,1242,69,364578,7411260.0,110,20,283.0,15,135255,436,359,314597943,364503,2387473,451967,183,13.232539722222223,21.99,4.72,3.5
WARRIOR,46,72,108,97,28,34,34,36,2821,1285,71,374761,7607040.0,111,20,280.7857142857143,15,137052,443,363,328087285,374733,2447170,465221,444,13.280859166666668,22.03,4.72,3.6
WARRIOR,46,73,109,100,29,35,34,36,2924,1326,73,384668,7798140.0,112,20,287.07142857142856,15,138777,449,367,341281818,384612,2505819,478488,848,13.346345833333332,22.07,4.71,3.6
WARRIOR,46,74,111,102,29,37,34,36,3028,1369,75,395021,8003580.0,113,20,276.35714285714283,15,140709,456,372,355281919,394916,2571240,493236,921,13.397005,22.14,4.71,3.6
WARRIOR,46,75,113,104,30,37,35,36,3134,1414,77,405508,8211780.0,115,20,319.04545454545456,16,142711,463,377,369672189,405486,2637505,508173,731,13.448704722222223,22.17,4.7,3.6
WARRIOR,46,76,115,106,31,37,36,36,3249,1455,79,416148,8421240.0,117,20,284.53333333333336,16,145291,469,382,384430071,416079,2703630,523097,99,13.50145111111111,22.21,4.69,3.6
WARRIOR,46,77,117,109,31,37,36,37,3361,1497,81,426942,8633580.0,118,20,291.8,16,147203,476,386,399691684,426856,2770672,538314,888,13.572546388888888,22.21,4.69,3.7
WARRIOR,46,78,121,110,32,37,36,37,3476,1543,83,437408,8839620.0,121,20,293.73333333333335,16,149039,483,391,414690702,437296,2835810,553000,66,13.6101075,22.21,4.68,3.7
WARRIOR,46,79,122,114,32,37,37,37,3593,1586,85,448273,9053220.0,121,20,285.06666666666666,16,150953,490,395,430442665,448186,2903262,568364,49,13.701793333333333,22.25,4.68,3.7
WARRIOR,46,80,124,117,32,37,38,37,3714,1631,87,459282,9269100.0,123,20,334.17391304347825,17,152971,497,400,446688935,459197,2971233,583826,544,13.777574722222223,22.28,4.68,3.7
WARRIOR,46,81,124,120,33,37,39,38,3838,1674,89,470432,9486840.0,125,20,299.5625,17,155370,503,407,463318491,470390,3039411,599325,0,13.855041388888889,22.32,4.67,3.8
WARRIOR,46,82,126,121,34,39,39,38,3967,1720,91,481728,9707340.0,125,20,302.6875,17,157310,509,411,480123155,481640,3108588,615021,481,13.896523888888888,22.39,4.66,3.8
WARRIOR,46,83,129,121,36,39,40,38,4095,1769,93,492751,9922620.0,127,20,299.5,17,159070,516,416,496902181,492640,3176287,630312,783,13.919497222222223,22.43,4.64,3.8
WARRIOR,46,84,131,122,37,40,40,39,4224,1816,95,504209,1.014576E7,127,20,298.8125,17,160881,522,422,514846340,504197,3246232,646214,578,13.961807222222221,22.47,4.63,3.9
WARRIOR,46,85,132,125,38,41,40,39,4354,1859,97,515828,1.037076E7,129,20,303.2352941176471,18,162734,529,427,532747465,515754,3316452,662455,883,14.043841666666667,22.5,4.62,3.9
WARRIOR,46,86,134,128,39,41,40,39,4485,1905,99,527583,1.059774E7,131,20,308.05882352941177,18,165152,536,432,551321611,527493,3387101,678630,424,14.127600277777777,22.5,4.61,3.9
WARRIOR,46,87,135,130,39,41,41,41,4620,1948,101,539500,1.082766E7,131,20,312.1764705882353,18,167014,542,436,570405089,539414,3458636,694938,1037,14.192834722222223,22.54,4.61,4.1
WARRIOR,46,88,137,133,39,41,42,41,4758,1993,103,551014,1.105242E7,133,20,317.47058823529414,18,168860,549,439,589071146,550942,3529618,711103,779,14.279740833333333,22.58,4.61,4.1
WARRIOR,46,89,137,137,40,41,43,41,4899,2040,105,562982,1.129038E7,133,20,309.8235294117647,18,170875,555,445,608635531,562912,3606517,728895,821,14.389309444444445,22.62,4.6,4.1
WARRIOR,46,90,139,140,40,41,46,41,5089,2110,108,575091,1.15314E7,135,20,352.76,19,172876,561,451,628663259,575015,3684592,746818,474,14.480053055555556,22.73,4.6,4.1
WARRIOR,46,91,142,142,41,41,46,41,5238,2157,110,587343,1.177368E7,137,20,324.6666666666667,19,175188,568,457,649324465,587300,3762458,764892,89,14.550992222222222,22.73,4.59,4.1
WARRIOR,46,92,144,144,41,42,46,42,5388,2204,112,599619,1.201626E7,137,20,314.05555555555554,19,177044,575,463,669960040,599493,3840514,782914,1050,14.623075833333333,22.77,4.59,4.2
WARRIOR,46,93,148,144,41,43,47,42,5540,2253,114,611798,1.22571E7,139,20,325.6666666666667,19,178923,582,467,690868330,611686,3918016,800774,1166,14.652047222222222,22.84,4.59,4.2
WARRIOR,46,94,149,146,41,43,49,43,5692,2305,116,624366,1.250496E7,139,20,314.6111111111111,19,180875,588,475,712864282,624335,3997464,819407,945,14.725828055555555,22.92,4.59,4.3
WARRIOR,46,95,151,147,42,43,51,43,5847,2358,118,637079,1.27554E7,141,20,373.15384615384613,20,182903,595,480,735111332,636984,4077748,838187,515,14.778073333333333,22.99,4.58,4.3
WARRIOR,46,96,153,149,43,45,51,44,6051,2429,121,649943,1.300716E7,143,20,328.89473684210526,20,185074,601,483,757690209,649815,4157960,857031,596,14.853869166666666,23.07,4.57,4.4
WARRIOR,46,97,156,150,45,45,51,44,6205,2489,123,662447,1.325238E7,143,20,333.5263157894737,20,186870,608,490,780261658,662399,4236287,875330,1516,14.907556111111111,23.07,4.55,4.4
WARRIOR,46,98,156,153,46,46,51,45,6360,2545,125,675346,1.350408E7,145,20,340.36842105263156,20,188757,614,494,803611722,675269,4316448,894227,345,14.9383075,23.11,4.54,4.5
WARRIOR,46,99,158,156,46,46,51,46,6522,2598,127,688396,1.37586E7,145,20,332.42105263157896,20,190662,621,498,827373684,688319,4397473,913375,1197,14.969122222222222,23.11,4.54,4.6
WARRIOR,46,100,159,158,47,46,52,47,6686,2653,129,701592,1.401636E7,147,20,335.0,20,192574,627,502,851748884,701514,4479684,932602,1096,15.0,23.15,4.53,4.7
WARRIOR,47,1,9,11,8,8,11,7,10,3,0,0,0.0,19,9,95.0,1,0,1,1,0,0,0,0,0,12.019569166666667,9.44,4.92,0.7
WARRIOR,47,2,10,12,8,8,11,7,17,9,0,31,780.0,20,9,95.0,1,34,6,5,350,19,304,34,82,12.022219166666666,9.44,4.92,0.7
WARRIOR,47,3,11,14,9,8,11,7,32,20,1,224,5460.0,21,9,96.0,1,228,11,11,6930,219,2026,228,72,12.027508055555556,9.44,4.91,0.7
WARRIOR,47,4,12,14,9,8,11,8,40,26,1,584,14160.0,22,10,98.0,1,614,16,15,25510,576,5248,614,66,12.0283675,10.44,4.91,0.8
WARRIOR,47,5,13,14,9,9,11,8,48,32,1,1088,26160.0,23,10,115.0,2,1165,21,24,62087,1082,9640,1165,70,12.029286944444445,10.47,4.91,0.8
WARRIOR,47,6,15,14,10,9,11,9,62,41,2,1746,41640.0,25,10,116.0,2,1875,27,27,120369,1745,15252,1875,5,12.030254166666667,10.47,4.9,0.9
WARRIOR,47,7,15,15,11,9,11,9,67,48,2,2570,61140.0,25,10,104.0,2,2750,32,32,207027,2545,22422,2750,78,12.033959166666667,10.47,4.89,0.9
WARRIOR,47,8,16,15,12,9,11,9,74,55,2,3535,83880.0,27,10,107.0,2,3760,37,39,328756,3520,30710,3760,64,12.035090277777778,10.47,4.88,0.9
WARRIOR,47,9,16,17,12,9,12,10,86,68,3,4656,110340.0,27,10,124.0,2,5043,42,43,494585,4654,40411,5043,17,12.042129722222223,10.5,4.88,1.0
WARRIOR,47,10,16,19,12,9,12,10,92,74,3,5929,140940.0,28,10,121.0,3,6441,47,48,704386,5923,51839,6441,109,12.04973,10.5,4.88,1.0
WARRIOR,47,11,16,20,13,9,12,10,99,81,3,7360,174900.0,29,10,123.0,3,8066,51,53,961012,7351,64391,8066,153,12.054610833333333,10.5,4.87,1.0
WARRIOR,47,12,16,21,14,9,12,10,106,88,3,8936,212220.0,29,10,136.5,3,9818,55,58,1271087,8917,78186,9818,165,12.059767777777777,10.5,4.86,1.0
WARRIOR,47,13,17,24,14,9,12,10,125,96,4,10656,252720.0,30,11,133.0,3,11793,63,64,1641723,10628,93090,11793,91,12.07238361111111,11.5,4.86,1.0
WARRIOR,47,14,18,25,14,9,12,10,137,102,4,12536,296700.0,31,11,133.0,3,13982,69,69,2081933,12518,109175,13982,47,12.0783975,11.5,4.86,1.0
WARRIOR,47,15,19,26,14,10,13,10,156,113,5,14564,344040.0,32,11,153.5,4,16332,75,74,2593820,14533,126496,16332,191,12.084708611111111,11.55,4.86,1.0
WARRIOR,47,16,19,28,14,10,13,10,167,117,5,16743,394620.0,33,11,148.33333333333334,4,18801,80,80,3185179,16741,144874,18801,57,12.095395277777778,11.55,4.86,1.0
WARRIOR,47,17,19,29,14,10,14,10,179,122,5,19071,448320.0,33,11,147.66666666666666,4,21458,84,84,3850701,19051,164331,21458,87,12.102466944444444,11.58,4.86,1.0
WARRIOR,47,18,21,30,15,10,14,10,205,134,6,21541,505200.0,35,11,152.66666666666666,4,24212,92,88,4595724,21526,184900,24212,240,12.1098525,11.58,4.85,1.0
WARRIOR,47,19,22,30,15,11,14,10,217,139,6,24171,565500.0,36,12,155.33333333333334,4,27174,97,92,5449482,24151,206659,27174,256,12.113020555555556,12.61,4.85,1.0
WARRIOR,47,20,23,32,15,11,14,11,240,151,7,26946,628680.0,37,12,170.8181818181818,5,29672,104,98,6399509,26923,229317,30367,186,12.125582777777778,12.61,4.85,1.1
WARRIOR,47,21,24,32,15,11,15,11,252,159,7,29877,694740.0,39,12,164.25,5,32198,109,103,7453489,29846,252788,33808,60,12.12908111111111,12.64,4.85,1.1
WARRIOR,47,22,27,33,15,11,15,11,275,175,8,32955,764100.0,40,12,170.25,5,34319,118,110,8619534,32915,277475,37349,287,12.137602777777778,12.64,4.85,1.1
WARRIOR,47,23,28,34,15,11,17,11,304,187,9,36184,837180.0,42,12,172.75,5,36477,124,116,9913562,36155,303577,40982,41,12.146457777777778,12.7,4.85,1.1
WARRIOR,47,24,29,35,15,11,17,11,318,193,9,39567,913200.0,42,13,171.25,5,38797,130,119,11301898,39557,330563,44864,291,12.155650277777777,13.7,4.85,1.1
WARRIOR,47,25,30,36,15,12,17,12,347,205,10,43095,991680.0,44,13,191.16666666666666,6,40625,136,124,12840585,43083,358166,49111,60,12.165184166666666,13.73,4.85,1.2
WARRIOR,47,26,31,37,15,12,17,12,362,211,10,46780,1073220.0,45,13,188.0,6,42886,142,130,14492673,46751,386722,53456,187,12.17506388888889,13.73,4.85,1.2
WARRIOR,47,27,33,38,15,13,17,12,391,227,11,50609,1158120.0,46,13,186.2,6,45107,150,134,16332860,50591,416512,57912,272,12.185293055555556,13.76,4.85,1.2
WARRIOR,47,28,33,40,16,13,18,12,420,243,12,54589,1245960.0,47,13,180.4,6,47429,155,138,18261375,54547,447236,62521,272,12.201918055555556,13.79,4.84,1.2
WARRIOR,47,29,34,41,16,13,18,12,437,251,12,58725,1337340.0,48,14,190.6,6,49489,161,145,20348883,58683,479242,67264,268,12.213035555555555,14.79,4.84,1.2
WARRIOR,47,30,35,43,16,13,18,13,469,263,13,63006,1431060.0,49,14,187.83333333333334,7,51216,167,150,22621881,63003,511735,72454,357,12.230945833333333,14.79,4.84,1.3
WARRIOR,47,31,38,44,16,13,18,13,503,280,14,67435,1527120.0,52,14,201.33333333333334,7,53584,176,153,25016210,67417,544775,77883,93,12.242974444444444,14.79,4.84,1.3
WARRIOR,47,32,38,46,16,15,18,13,538,292,15,72019,1626660.0,52,14,190.33333333333334,7,55945,181,159,27576712,71993,579082,83426,64,12.262200277777778,14.85,4.84,1.3
WARRIOR,47,33,38,47,16,16,18,13,554,300,15,76766,1729560.0,53,14,192.0,7,58305,186,163,30294308,76725,614492,89112,206,12.275161944444445,14.88,4.84,1.3
WARRIOR,47,34,39,48,17,16,18,14,590,315,16,81641,1835160.0,53,14,197.0,7,59987,192,168,33213168,81601,650794,94994,28,12.288504722222223,14.88,4.83,1.4
WARRIOR,47,35,41,50,17,16,18,14,629,328,17,86689,1941540.0,55,15,220.71428571428572,8,61655,199,175,36350996,86644,686320,100872,380,12.309648611111111,15.88,4.83,1.4
WARRIOR,47,36,42,51,18,16,18,15,667,343,18,91871,2048580.0,57,15,200.42857142857142,8,63958,205,183,39646631,91869,721220,106723,80,12.323954722222222,15.88,4.82,1.5
WARRIOR,47,37,45,51,18,16,18,16,707,356,19,97202,2159160.0,58,15,201.57142857142858,8,66292,213,187,43098454,97170,757582,112915,392,12.330853333333334,15.88,4.82,1.6
WARRIOR,47,38,46,51,18,16,18,17,726,362,19,102708,2272200.0,60,15,205.42857142857142,8,68227,219,190,46812528,102680,794282,119081,308,12.337790833333333,15.88,4.82,1.7
WARRIOR,47,39,48,52,18,16,18,18,763,379,20,108340,2389620.0,61,16,206.71428571428572,8,69909,225,195,50659629,108320,833123,125656,128,12.352893611111112,16.88,4.82,1.8
WARRIOR,47,40,50,52,19,17,18,18,803,392,21,114140,2510400.0,63,16,237.0,9,71689,232,200,54797902,114115,873045,132680,677,12.360070555555556,16.91,4.81,1.8
WARRIOR,47,41,51,54,19,17,19,18,840,410,22,120086,2631780.0,64,16,215.25,9,74015,238,206,59061224,120037,912310,139610,389,12.384300555555555,16.95,4.81,1.8
WARRIOR,47,42,53,55,19,18,19,18,882,426,23,126179,2756580.0,65,16,212.0,9,76446,245,210,63586804,126162,952813,146913,462,12.400611388888889,16.98,4.81,1.8
WARRIOR,47,43,54,56,21,18,19,18,921,446,24,132427,2883240.0,67,17,218.0,9,78242,251,214,68321730,132369,993493,154301,226,12.417330833333333,17.98,4.79,1.8
WARRIOR,47,44,55,57,22,18,20,18,960,466,25,138817,3012900.0,67,17,219.0,9,79943,257,220,73314209,138801,1035210,162132,268,12.4344625,18.01,4.78,1.8
WARRIOR,47,45,56,59,22,18,20,19,1001,482,26,145343,3143880.0,69,17,250.0625,10,81697,264,227,78521176,145300,1076893,170052,234,12.461377222222222,18.01,4.78,1.9
WARRIOR,47,46,58,59,22,19,21,19,1045,497,27,152011,3275880.0,71,17,229.77777777777777,10,84120,270,231,84004111,151993,1118142,177789,333,12.469974166666667,18.07,4.78,1.9
WARRIOR,47,47,60,62,22,19,21,20,1113,520,29,158835,3410880.0,72,18,222.55555555555554,10,86485,277,236,89710479,158809,1160351,185743,782,12.507959166666666,19.07,4.78,2.0
WARRIOR,47,48,61,64,22,19,22,20,1156,540,30,165807,3547740.0,73,18,223.0,10,88171,284,241,95668627,165793,1202709,194096,494,12.537246944444444,19.11,4.78,2.0
WARRIOR,47,49,63,65,22,19,23,22,1230,566,32,172931,3687300.0,74,18,237.44444444444446,10,89856,290,246,101945638,172876,1245839,202591,498,12.557119166666666,19.14,4.78,2.2
WARRIOR,47,50,63,68,22,20,23,22,1277,584,33,180203,3829620.0,75,18,260.3529411764706,11,91575,296,252,108414855,180128,1289761,211285,480,12.598486388888888,19.17,4.78,2.2
WARRIOR,47,51,66,70,22,20,24,22,1354,615,35,187617,3973860.0,78,19,231.9,11,94073,304,256,115218238,187546,1333923,220056,84,12.630453055555556,20.2,4.78,2.2
WARRIOR,47,52,67,71,22,20,24,24,1407,633,36,195193,4120200.0,78,19,246.6,11,96568,310,260,122329435,195190,1378254,229204,611,12.652286944444445,20.2,4.78,2.4
WARRIOR,47,53,69,73,22,20,25,25,1482,665,38,202914,4268760.0,80,19,233.3,11,98382,317,266,129633534,202912,1423088,238594,291,12.68582638888889,20.24,4.78,2.5
WARRIOR,47,54,71,73,22,21,25,26,1536,683,39,210784,4420440.0,81,19,240.4,11,100174,323,274,137170544,210713,1469039,248133,323,12.697299166666667,20.27,4.78,2.6
WARRIOR,47,55,73,75,22,22,25,27,1617,712,41,218804,4574640.0,83,20,241.72727272727272,12,101997,330,278,145173214,218749,1515548,257892,605,12.732182222222223,21.3,4.78,2.7
WARRIOR,47,56,75,75,22,22,27,27,1673,733,42,226972,4730340.0,85,20,242.45454545454547,12,104635,337,283,153358783,226938,1561960,267897,685,12.744121944444444,21.37,4.78,2.7
WARRIOR,47,57,79,76,22,22,28,27,1757,765,44,235285,4894860.0,87,20,254.0909090909091,12,107207,344,287,162025569,235275,1613550,278970,502,12.768219166666666,21.4,4.78,2.7
WARRIOR,47,58,81,79,22,22,29,27,1840,796,46,243763,5062740.0,89,20,249.54545454545453,12,109108,351,291,170887029,243699,1666299,290299,422,12.817550833333334,21.44,4.78,2.7
WARRIOR,47,59,82,80,24,22,29,27,1899,816,47,252391,5233140.0,90,20,248.54545454545453,12,111022,357,296,180121780,252332,1719665,301913,230,12.843025277777778,21.44,4.76,2.7
WARRIOR,47,60,84,81,24,24,29,28,1986,847,49,261159,5406000.0,92,20,252.41666666666666,13,112966,364,301,189705922,261152,1773740,313764,750,12.868968333333333,21.51,4.76,2.8
WARRIOR,47,61,85,85,24,25,29,28,2074,876,51,270074,5580540.0,93,20,256.0833333333333,13,115608,371,305,199409083,269984,1827968,325659,21,12.934834444444444,21.54,4.76,2.8
WARRIOR,47,62,87,86,24,25,31,29,2167,912,53,278750,5750640.0,94,20,263.5,13,117386,377,310,209093914,278733,1880800,337247,87,12.962415555555555,21.61,4.76,2.9
WARRIOR,47,63,87,88,24,26,32,29,2228,935,54,287838,5928900.0,95,20,260.8333333333333,13,119199,383,316,219517702,287757,1936327,349327,45,13.004154444444444,21.68,4.76,2.9
WARRIOR,47,64,89,89,24,26,33,31,2320,968,56,297071,6109740.0,96,20,263.3333333333333,13,121080,390,321,230198583,297063,1992452,361576,115,13.032932222222222,21.71,4.76,3.1
WARRIOR,47,65,89,92,25,27,34,31,2412,1007,58,306457,6292440.0,97,20,294.65,14,123000,396,326,241193825,306375,2048865,374163,390,13.090583888888888,21.78,4.75,3.1
WARRIOR,47,66,91,93,27,27,35,31,2511,1047,60,315994,6477240.0,99,20,272.0769230769231,14,125351,402,331,252521931,315900,2105576,386793,1116,13.120810555555556,21.82,4.73,3.1
WARRIOR,47,67,93,94,27,28,36,32,2609,1083,62,325580,6662400.0,100,20,263.38461538461536,14,127178,409,337,264258895,325567,2162222,399511,219,13.151530555555556,21.89,4.73,3.2
WARRIOR,47,68,94,96,28,28,36,32,2674,1108,63,334952,6843900.0,102,20,271.9230769230769,14,128936,415,341,275796768,334867,2218102,411911,1003,13.197701944444445,21.89,4.72,3.2
WARRIOR,47,69,96,97,28,28,37,34,2777,1144,65,344686,7031820.0,103,20,272.61538461538464,14,130772,421,346,288091174,344599,2275710,424834,323,13.229656944444445,21.92,4.72,3.4
WARRIOR,47,70,97,100,28,28,38,35,2881,1180,67,354580,7223280.0,104,20,314.9047619047619,15,132616,428,352,300623519,354487,2334592,438005,112,13.293085555555555,21.96,4.72,3.5
WARRIOR,47,71,99,103,28,28,39,35,2987,1222,69,364610,7416000.0,106,20,280.14285714285717,15,135232,435,357,313760156,364553,2393283,451138,424,13.358117222222223,21.99,4.72,3.5
WARRIOR,47,72,100,106,29,28,39,36,3100,1261,71,374793,7611420.0,107,20,275.0,15,136944,441,364,327136909,374729,2452797,464534,730,13.424761944444445,21.99,4.71,3.6
WARRIOR,47,73,104,106,29,28,40,37,3215,1303,73,384702,7802940.0,110,20,279.92857142857144,15,138723,448,367,340218991,384592,2511737,477690,1010,13.443855277777777,22.03,4.71,3.7
WARRIOR,47,74,107,107,29,29,40,38,3329,1344,75,395054,8009580.0,111,20,279.2142857142857,15,140657,455,372,354259879,394948,2577968,492278,364,13.479579444444445,22.07,4.71,3.8
WARRIOR,47,75,109,108,29,30,41,39,3441,1385,77,405544,8217900.0,113,20,320.8181818181818,16,142580,462,377,368731838,405444,2644327,507190,904,13.5158225,22.14,4.71,3.9
WARRIOR,47,76,110,111,29,31,42,39,3557,1428,79,416188,8427780.0,115,20,285.8666666666667,16,145330,468,382,383492569,416080,2710604,522199,816,13.586834722222223,22.21,4.71,3.9
WARRIOR,47,77,113,112,29,31,43,40,3680,1472,81,426979,8640060.0,116,20,297.1333333333333,16,147197,475,385,398932835,426904,2777427,537363,571,13.624625555555555,22.25,4.71,4.0
WARRIOR,47,78,115,115,29,32,43,40,3799,1515,83,437451,8846760.0,118,20,287.06666666666666,16,148961,482,392,413953143,437402,2842785,552066,522,13.698325833333334,22.28,4.71,4.0
WARRIOR,47,79,117,117,30,32,44,40,3920,1558,85,448317,9060240.0,119,20,286.4,16,150858,489,397,430092585,448313,2909884,567281,274,13.755674444444445,22.32,4.7,4.0
WARRIOR,47,80,119,119,30,32,45,41,4041,1605,87,459327,9277020.0,121,20,341.0869565217391,17,152800,495,400,446262880,459317,2978329,582852,1060,13.814099722222222,22.36,4.7,4.1
WARRIOR,47,81,120,122,31,32,45,42,4165,1650,89,470472,9494760.0,123,20,295.8125,17,155324,502,409,462775570,470385,3046482,598328,13,13.892203888888888,22.36,4.69,4.2
WARRIOR,47,82,122,123,31,33,46,43,4296,1696,91,481771,9715020.0,124,20,311.4375,17,157155,508,412,479830844,481716,3115210,614073,131,13.934202777777777,22.43,4.69,4.3
WARRIOR,47,83,123,126,32,33,46,44,4428,1740,93,492792,9929940.0,125,20,301.9375,17,158929,515,418,496774868,492752,3182389,629437,812,14.015068055555556,22.43,4.68,4.4
WARRIOR,47,84,125,128,32,35,46,44,4560,1787,95,504250,1.015362E7,126,20,302.5625,17,160781,521,422,514368021,504127,3252500,645301,1065,14.078148055555555,22.5,4.68,4.4
WARRIOR,47,85,128,129,32,35,47,45,4694,1837,97,515866,1.038072E7,129,20,346.2083333333333,18,162655,528,426,532619232,515783,3323741,661411,422,14.122574444444444,22.54,4.68,4.5
WARRIOR,47,86,130,131,34,35,47,45,4831,1884,99,527627,1.06083E7,131,20,318.70588235294116,18,165139,535,431,551265488,527522,3394267,677678,810,14.18757861111111,22.54,4.66,4.5
WARRIOR,47,87,133,133,34,35,48,45,4972,1929,101,539542,1.083828E7,131,20,315.70588235294116,18,166999,542,436,570601916,539443,3465442,694120,727,14.253698611111112,22.58,4.66,4.5
WARRIOR,47,88,135,134,34,35,49,47,5113,1972,103,551053,1.106406E7,133,20,313.88235294117646,18,168787,548,441,589471705,550971,3536756,710402,1179,14.300325277777779,22.62,4.66,4.7
WARRIOR,47,89,138,135,35,35,49,48,5250,2025,105,563020,1.130256E7,133,20,322.70588235294116,18,170834,555,447,609082538,562941,3613697,728270,903,14.347514166666667,22.62,4.65,4.8
WARRIOR,47,90,141,137,37,35,50,48,5442,2091,108,575127,1.154418E7,135,20,353.44,19,172856,562,450,629095844,575044,3691862,746308,1138,14.416417777777777,22.65,4.63,4.8
WARRIOR,47,91,143,138,38,36,51,48,5585,2140,110,587377,1.178724E7,137,20,321.3333333333333,19,175165,568,456,649941217,587329,3770028,764203,989,14.465006388888888,22.73,4.62,4.8
WARRIOR,47,92,144,140,39,38,51,48,5727,2190,112,599647,1.203E7,137,20,319.55555555555554,19,177024,574,464,670898167,599522,3848005,782264,1136,14.535884722222223,22.8,4.61,4.8
WARRIOR,47,93,145,142,40,39,51,49,5872,2242,114,611826,1.227102E7,139,20,332.3333333333333,19,178944,581,468,692056540,611715,3925469,800153,694,14.607908055555555,22.84,4.6,4.9
WARRIOR,47,94,148,142,42,39,51,50,6019,2296,116,624391,1.251954E7,139,20,330.6666666666667,19,180921,587,472,713975500,624364,4005396,818663,1175,14.636459166666667,22.84,4.58,5.0
WARRIOR,47,95,149,144,44,39,51,51,6166,2352,118,637105,1.276956E7,141,20,372.38461538461536,20,182926,594,478,736275126,637013,4085531,837361,984,14.710178333333333,22.84,4.56,5.1
WARRIOR,47,96,152,145,46,39,51,53,6371,2420,121,649970,1.302204E7,143,20,338.3157894736842,20,184973,600,483,759284482,649844,4166483,856102,404,14.762180833333334,22.84,4.54,5.3
WARRIOR,47,97,154,146,47,41,51,53,6526,2471,123,662471,1.32669E7,143,20,330.42105263157896,20,186809,607,487,781985534,662428,4244784,874228,102,14.814764166666667,22.92,4.53,5.3
WARRIOR,47,98,157,147,47,42,52,53,6679,2523,125,675378,1.351908E7,145,20,324.1578947368421,20,188700,614,492,805610057,675298,4325359,893055,1041,14.867929722222222,22.99,4.53,5.3
WARRIOR,47,99,158,151,47,42,53,53,6832,2576,127,688428,1.377426E7,145,20,328.2105263157895,20,190545,620,496,829641078,688348,4406946,912051,277,14.969122222222222,23.03,4.53,5.3
WARRIOR,47,100,160,154,47,42,53,54,6989,2627,129,701625,1.403184E7,147,20,325.57894736842104,20,192487,627,501,854230304,701543,4489114,931346,1418,15.0,23.03,4.53,5.4
WARRIOR,48,1,4,8,17,7,8,10,9,2,0,0,0.0,17,8,95.0,1,0,1,1,0,0,0,0,0,12.013353888888888,8.33,4.83,1.0
WARRIOR,48,2,4,9,17,7,9,10,12,8,0,28,720.0,17,8,95.0,1,24,5,7,310,17,286,24,66,12.0157325,8.36,4.83,1.0
WARRIOR,48,3,6,10,17,7,10,10,24,19,1,212,4980.0,19,9,96.0,1,201,9,13,6530,204,1788,201,56,12.01837,9.38,4.83,1.0
WARRIOR,48,4,7,10,17,7,10,11,29,22,1,576,13920.0,19,9,98.0,1,603,13,18,25454,565,5158,603,90,12.01894361111111,9.38,4.83,1.1
WARRIOR,48,5,8,11,17,7,10,11,34,25,1,1081,26400.0,21,9,100.0,2,1161,17,23,63696,1078,9876,1161,66,12.0219275,9.38,4.83,1.1
WARRIOR,48,6,10,12,18,7,10,11,46,36,2,1745,42660.0,23,9,102.0,2,1887,22,27,121483,1729,16029,1887,9,12.025144722222223,9.38,4.82,1.1
WARRIOR,48,7,10,13,19,7,10,11,53,40,2,2565,62580.0,23,9,104.0,2,2775,26,32,209632,2557,23523,2775,106,12.028601111111112,9.38,4.81,1.1
WARRIOR,48,8,11,13,19,7,10,12,59,43,2,3532,85980.0,24,9,121.0,2,3848,31,38,333443,3523,32317,3848,32,12.029553611111112,9.38,4.81,1.2
WARRIOR,48,9,12,15,19,7,11,12,75,50,3,4651,112860.0,25,10,124.0,2,5084,36,44,492347,4627,42375,5084,21,12.036254166666666,10.41,4.81,1.2
WARRIOR,48,10,14,15,19,7,11,12,82,57,3,5921,143340.0,27,10,121.0,3,6495,42,47,697522,5902,53774,6495,117,12.037447777777778,10.41,4.81,1.2
WARRIOR,48,11,15,15,19,7,12,12,89,64,3,7349,177240.0,28,10,123.0,3,8072,46,54,957993,7333,66356,8072,45,12.038668055555556,10.44,4.81,1.2
WARRIOR,48,12,16,16,19,7,12,12,96,68,3,8934,214740.0,29,10,126.0,3,9839,52,58,1270512,8929,80249,9839,25,12.043126944444445,10.44,4.81,1.2
WARRIOR,48,13,18,17,19,8,12,12,113,77,4,10657,255420.0,31,10,140.0,3,11723,59,64,1640446,10627,95341,11723,51,12.047854722222223,10.47,4.81,1.2
WARRIOR,48,14,18,18,20,8,12,12,121,82,4,12533,299460.0,31,11,143.5,3,13816,63,70,2077530,12518,111576,13816,23,12.052856666666667,11.47,4.8,1.2
WARRIOR,48,15,19,19,20,8,14,12,136,96,5,14554,346440.0,32,11,151.3,4,16116,68,73,2582197,14533,128772,16116,87,12.058138333333334,11.52,4.8,1.2
WARRIOR,48,16,20,19,20,8,14,13,144,100,5,16737,396840.0,34,11,148.0,4,18588,73,79,3178288,16709,147120,18588,177,12.059902222222222,11.52,4.8,1.3
WARRIOR,48,17,20,20,20,9,14,13,151,106,5,19057,450300.0,34,11,156.0,4,21167,77,84,3856114,19055,166546,21167,47,12.065605833333333,11.55,4.8,1.3
WARRIOR,48,18,23,20,20,9,15,13,169,118,6,21531,507180.0,36,11,151.0,4,23933,87,88,4610061,21525,187210,23933,264,12.067530555555555,11.58,4.8,1.3
WARRIOR,48,19,23,21,20,9,16,13,178,124,6,24161,567480.0,36,11,163.0,4,26872,91,95,5463863,24153,209079,26872,248,12.0736675,11.61,4.8,1.3
WARRIOR,48,20,24,24,20,9,16,13,197,134,7,26937,630900.0,38,12,161.5,5,29403,99,100,6422546,26925,231996,29922,262,12.088920833333333,12.61,4.8,1.3
WARRIOR,48,21,24,25,20,9,16,14,206,141,7,29874,697260.0,39,12,172.25,5,32055,103,103,7467856,29851,255756,33276,260,12.095986666666667,12.61,4.8,1.4
WARRIOR,48,22,26,26,20,10,16,14,228,153,8,32953,766440.0,40,12,170.0,5,34184,112,112,8636687,32932,280394,36864,191,12.10336611111111,12.64,4.8,1.4
WARRIOR,48,23,28,27,20,10,17,14,250,167,9,36185,839220.0,42,12,169.5,5,36370,120,114,9934816,36172,306380,40545,237,12.111064166666667,12.67,4.8,1.4
WARRIOR,48,24,29,27,20,10,17,15,263,174,9,39557,914640.0,42,12,171.5,5,38753,125,121,11332474,39532,333176,44435,55,12.114,12.67,4.8,1.5
WARRIOR,48,25,33,27,20,10,17,15,287,188,10,43085,993600.0,45,13,175.8,6,40662,135,124,12868614,43057,361241,48443,132,12.116961388888889,13.67,4.8,1.5
WARRIOR,48,26,33,29,20,10,17,15,299,193,10,46769,1075260.0,46,13,180.0,6,42864,140,129,14531885,46747,390016,52718,263,12.130686944444445,13.67,4.8,1.5
WARRIOR,48,27,34,32,20,10,17,15,323,207,11,50593,1159560.0,47,13,178.6,6,45139,148,135,16318133,50547,419600,57187,192,12.150764444444444,13.67,4.8,1.5
WARRIOR,48,28,36,32,21,10,17,16,349,218,12,54574,1245660.0,49,13,184.4,6,47404,154,143,18272019,54542,449184,61678,212,12.154483888888889,13.67,4.79,1.6
WARRIOR,48,29,36,33,22,10,17,16,362,224,12,58712,1336740.0,49,13,186.6,6,49512,159,147,20391616,58707,481110,66468,192,12.164183055555556,13.67,4.78,1.6
WARRIOR,48,30,37,35,22,11,17,16,387,236,13,62985,1430700.0,50,14,207.84615384615384,7,51178,166,152,22606545,62970,514076,71386,5,12.180397222222222,14.7,4.78,1.6
WARRIOR,48,31,38,37,23,11,17,16,414,249,14,67423,1526880.0,52,14,189.0,7,53588,172,155,24990960,67399,547353,76762,161,12.197360277777777,14.7,4.77,1.6
WARRIOR,48,32,39,38,24,11,18,16,443,263,15,72003,1626120.0,52,14,196.66666666666666,7,55934,178,160,27583268,71999,581678,82249,220,12.208479722222222,14.73,4.76,1.6
WARRIOR,48,33,40,38,24,11,18,17,459,270,15,76747,1728600.0,54,14,198.83333333333334,7,58264,184,166,30344709,76731,617076,87949,186,12.213211944444444,14.73,4.76,1.7
WARRIOR,48,34,41,40,24,12,18,17,488,283,16,81632,1834140.0,54,14,192.66666666666666,7,59960,190,171,33294538,81591,653577,93759,1480,12.231811944444445,14.76,4.76,1.7
WARRIOR,48,35,41,42,25,13,18,17,516,300,17,86669,1942920.0,55,14,199.28571428571428,8,61645,196,177,36424334,86667,691148,99759,196,12.251191111111112,14.79,4.75,1.7
WARRIOR,48,36,43,43,25,13,18,18,547,315,18,91855,2053800.0,57,15,210.85714285714286,8,64079,203,181,39700789,91819,729125,105956,120,12.263974444444445,15.79,4.75,1.8
WARRIOR,48,37,44,45,25,13,19,18,579,331,19,97188,2167320.0,58,15,204.0,8,66476,209,186,43183940,97177,767787,112484,8,12.2847125,15.82,4.75,1.8
WARRIOR,48,38,45,46,25,13,19,18,595,340,19,102690,2284140.0,59,15,202.42857142857142,8,68443,215,189,46862245,102687,807495,119151,40,12.298450833333334,15.82,4.75,1.8
WARRIOR,48,39,47,48,25,13,19,18,631,355,20,108325,2403660.0,60,15,209.57142857142858,8,70179,223,196,50724155,108292,848110,125983,296,12.320574722222222,15.82,4.75,1.8
WARRIOR,48,40,47,50,25,15,19,18,669,367,21,114117,2526180.0,61,15,233.13333333333333,9,71957,228,200,54868637,114112,889588,133014,33,12.343516666666666,15.88,4.75,1.8
WARRIOR,48,41,47,52,25,16,19,19,706,381,22,120062,2650740.0,62,16,211.125,9,74487,234,205,59139911,120029,931367,140373,57,12.367284444444444,16.91,4.75,1.9
WARRIOR,48,42,48,53,25,17,20,19,743,397,23,126154,2778240.0,63,16,212.25,9,77001,240,210,63702749,126151,974048,147908,258,12.383194166666666,16.98,4.75,1.9
WARRIOR,48,43,50,53,26,18,20,19,783,416,24,132410,2908740.0,65,16,213.375,9,78774,246,215,68477162,132388,1017635,155661,198,12.390648333333333,17.01,4.74,1.9
WARRIOR,48,44,52,53,26,19,21,19,825,433,25,138798,3041760.0,66,16,213.375,9,80542,253,222,73420445,138758,1062019,163528,28,12.398137777777778,17.07,4.74,1.9
WARRIOR,48,45,53,54,28,19,21,19,864,451,26,145327,3177180.0,67,16,249.0,10,82359,259,226,78615028,145292,1107023,171570,494,12.414864444444444,17.07,4.72,1.9
WARRIOR,48,46,54,56,29,19,21,19,907,466,27,151996,3315360.0,69,17,221.55555555555554,10,84925,265,230,84113796,151992,1152946,179807,349,12.441445555555555,18.07,4.71,1.9
WARRIOR,48,47,55,61,29,19,21,19,972,491,29,158818,3453900.0,69,17,233.77777777777777,10,87065,273,236,89806100,158754,1198058,188367,214,12.49814361111111,18.07,4.71,1.9
WARRIOR,48,48,56,62,29,20,21,20,1015,507,30,165792,3594360.0,71,17,232.44444444444446,10,88690,279,240,95829038,165772,1243263,196893,438,12.517163611111112,18.11,4.71,2.0
WARRIOR,48,49,57,66,29,20,22,20,1080,538,32,172914,3735720.0,71,17,231.11111111111111,10,90386,286,248,102013592,172872,1288014,205348,614,12.567420277777778,18.14,4.71,2.0
WARRIOR,48,50,58,67,29,21,22,21,1131,556,33,180181,3879540.0,73,18,266.4117647058824,11,92141,292,254,108599358,180153,1333358,214171,168,12.587940555555555,19.17,4.71,2.1
WARRIOR,48,51,61,69,29,22,22,21,1205,584,35,187599,4024200.0,75,18,232.2,11,94675,300,257,115367837,187528,1378164,223141,472,12.619660555555555,19.2,4.71,2.1
WARRIOR,48,52,61,72,29,22,23,21,1257,601,36,195171,4171080.0,75,18,242.7,11,96780,306,261,122434559,195103,1423322,232092,255,12.663326944444444,19.24,4.71,2.1
WARRIOR,48,53,63,74,29,22,24,22,1339,627,38,202891,4320540.0,77,19,235.5,11,98453,313,267,129761213,202825,1469172,241218,431,12.697115555555555,20.27,4.71,2.2
WARRIOR,48,54,65,76,29,22,24,22,1393,648,39,210761,4471680.0,78,19,244.5,11,100188,320,274,137373132,210722,1515028,250782,615,12.731826111111111,20.27,4.71,2.2
WARRIOR,48,55,67,77,30,23,24,23,1473,675,41,218781,4625760.0,80,19,275.1666666666667,12,101932,327,279,145271821,218759,1561824,260499,317,12.75567388888889,20.3,4.7,2.3
WARRIOR,48,56,68,79,30,24,24,23,1526,696,42,226957,4781700.0,82,19,242.1818181818182,12,104462,333,281,153442520,226895,1608837,270330,693,12.791996388888888,20.34,4.7,2.3
WARRIOR,48,57,71,80,30,24,25,24,1614,730,44,235267,4945140.0,83,20,254.0,12,106896,341,285,161919875,235211,1660138,281509,130,12.816990277777778,21.37,4.7,2.4
WARRIOR,48,58,73,81,30,27,25,24,1701,759,46,243741,5112060.0,85,20,260.27272727272725,12,108798,347,291,170711621,243669,1712655,292967,110,12.842450277777777,21.47,4.7,2.4
WARRIOR,48,59,74,83,30,27,26,24,1760,780,47,252371,5282040.0,86,20,250.1818181818182,12,110695,354,297,179852778,252311,1766123,304591,610,12.881102222222221,21.51,4.7,2.4
WARRIOR,48,60,75,86,31,27,27,24,1851,812,49,261136,5454300.0,87,20,284.3157894736842,13,112673,360,301,189333220,261083,1820235,316570,30,12.933727222222222,21.54,4.69,2.4
WARRIOR,48,61,76,90,32,27,27,24,1945,847,51,270058,5628120.0,89,20,262.6666666666667,13,115531,367,306,198940700,269984,1874306,328537,673,13.001205,21.54,4.68,2.4
WARRIOR,48,62,80,92,32,27,27,24,2042,883,53,278735,5797380.0,91,20,255.08333333333334,13,117351,375,313,208699184,278713,1927023,340097,403,13.043541944444444,21.54,4.68,2.4
WARRIOR,48,63,80,94,32,29,27,24,2107,905,54,287818,5973780.0,92,20,262.5833333333333,13,119187,381,317,219049756,287813,1981686,352302,237,13.086862777777778,21.61,4.68,2.4
WARRIOR,48,64,82,96,32,29,29,24,2210,938,56,297055,6153060.0,93,20,266.5833333333333,13,121043,388,320,229682444,297052,2037218,364622,587,13.13117361111111,21.68,4.68,2.4
WARRIOR,48,65,84,99,32,29,30,24,2314,974,58,306443,6335100.0,95,20,303.45,14,122928,395,325,240648955,306381,2093598,377182,54,13.190901944444445,21.71,4.68,2.4
WARRIOR,48,66,86,100,33,30,31,24,2422,1008,60,315975,6519060.0,97,20,263.2307692307692,14,125393,401,332,251950855,315881,2150222,389801,412,13.222792222222223,21.78,4.67,2.4
WARRIOR,48,67,86,104,34,31,31,24,2525,1048,62,325571,6704700.0,97,20,268.15384615384613,14,127246,407,336,263500971,325484,2207631,402460,917,13.300055833333333,21.82,4.66,2.4
WARRIOR,48,68,86,108,34,31,31,24,2598,1072,63,334938,6885420.0,98,20,264.2307692307692,14,129051,414,341,275101673,334893,2263311,414778,714,13.379531944444444,21.82,4.66,2.4
WARRIOR,48,69,87,112,34,32,31,24,2715,1105,65,344675,7072800.0,98,20,275.7692307692308,14,130882,420,346,287209693,344595,2320919,427814,736,13.461233333333332,21.85,4.66,2.4
WARRIOR,48,70,91,112,34,34,31,24,2834,1143,67,354566,7263360.0,101,20,315.85714285714283,15,132692,428,352,299733424,354524,2379554,440876,125,13.481456388888889,21.92,4.66,2.4
WARRIOR,48,71,92,115,34,34,32,25,2954,1181,69,364595,7455660.0,103,20,285.85714285714283,15,135275,434,356,312455138,364506,2438426,453959,394,13.550136666666667,21.96,4.66,2.5
WARRIOR,48,72,95,116,34,34,33,26,3076,1222,71,374777,7650300.0,104,20,289.35714285714283,15,137030,441,360,325758191,374732,2497710,467369,406,13.587540833333334,21.99,4.66,2.6
WARRIOR,48,73,97,119,34,34,33,27,3198,1262,73,384686,7840680.0,106,20,280.0,15,138834,448,366,338751855,384580,2556184,480697,683,13.658872222222222,21.99,4.66,2.7
WARRIOR,48,74,97,122,34,35,34,28,3322,1303,75,395037,8046240.0,106,20,274.92857142857144,15,140742,454,372,352789133,394968,2621968,495369,610,13.731846944444445,22.07,4.66,2.8
WARRIOR,48,75,98,125,36,35,34,28,3450,1343,77,405525,8253720.0,108,20,330.0,16,142817,460,375,366933611,405462,2688143,510225,19,13.806474722222223,22.07,4.64,2.8
WARRIOR,48,76,99,127,39,35,34,28,3580,1386,79,416167,8463360.0,109,20,289.8666666666667,16,145291,467,382,381601230,416154,2754786,525116,860,13.865127777777777,22.07,4.61,2.8
WARRIOR,48,77,101,128,39,35,35,30,3713,1425,81,426958,8674980.0,110,20,297.1333333333333,16,147174,473,385,396588913,426900,2821932,540277,451,13.906969166666666,22.1,4.61,3.0
WARRIOR,48,78,104,128,40,37,35,30,3847,1466,83,437425,8880240.0,113,20,289.73333333333335,16,149095,480,390,411495280,437411,2887002,554968,517,13.931236944444445,22.17,4.6,3.0
WARRIOR,48,79,105,130,40,39,36,30,3980,1512,85,448290,9092760.0,113,20,297.06666666666666,16,151041,486,397,426980592,448259,2954291,570306,649,13.992291944444444,22.28,4.6,3.0
WARRIOR,48,80,107,132,41,39,37,30,4115,1558,87,459296,9307860.0,115,20,336.7826086956522,17,152993,493,401,442925019,459279,3022359,585838,647,14.054440277777777,22.32,4.59,3.0
WARRIOR,48,81,110,133,41,39,38,31,4258,1601,89,470450,9525000.0,118,20,304.5625,17,155347,500,407,459362191,470447,3090768,601348,671,14.0987375,22.36,4.59,3.1
WARRIOR,48,82,111,135,42,39,39,32,4399,1644,91,481745,9745200.0,118,20,295.125,17,157107,506,411,476066061,481657,3160379,617019,248,14.162800277777778,22.39,4.58,3.2
WARRIOR,48,83,113,137,42,39,40,33,4541,1693,93,492768,9959220.0,120,20,303.1875,17,158902,513,415,492827390,492693,3227684,632417,48,14.227971944444445,22.43,4.58,3.3
WARRIOR,48,84,117,137,43,39,41,33,4688,1738,95,504227,1.018206E7,122,20,296.25,17,160720,520,421,510387225,504173,3297901,648435,252,14.254702222222223,22.47,4.57,3.3
WARRIOR,48,85,119,139,43,39,43,33,4831,1784,97,515849,1.040784E7,124,20,353.7083333333333,18,162617,526,427,528617223,515830,3369041,664647,1078,14.321523055555556,22.54,4.57,3.3
WARRIOR,48,86,121,141,43,39,44,34,4978,1832,99,527605,1.063428E7,126,20,316.3529411764706,18,165076,533,432,546887918,527512,3439710,680878,62,14.389466944444445,22.58,4.57,3.4
WARRIOR,48,87,124,143,43,39,44,35,5127,1880,101,539525,1.086384E7,128,20,303.88235294117646,18,166910,540,435,565732090,539432,3511295,697289,227,14.458539166666666,22.58,4.57,3.5
WARRIOR,48,88,126,144,44,39,45,36,5279,1926,103,551038,1.108866E7,130,20,319.7647058823529,18,168749,546,442,584395333,550984,3582645,713525,497,14.507832222222222,22.62,4.56,3.6
WARRIOR,48,89,128,146,45,39,45,37,5432,1972,105,563006,1.132674E7,131,20,308.5882352941176,18,170737,553,446,604035969,562944,3660050,731352,404,14.57888,22.62,4.55,3.7
WARRIOR,48,90,131,148,45,40,47,37,5637,2037,108,575115,1.15671E7,133,20,361.44,19,172774,560,451,624004602,575040,3738083,749342,863,14.651071111111111,22.73,4.55,3.7
WARRIOR,48,91,134,151,45,40,47,37,5795,2085,110,587364,1.18086E7,136,20,318.0,19,175194,567,457,644498999,587334,3815825,767357,429,14.724411111111111,22.73,4.55,3.7
WARRIOR,48,92,136,152,45,42,47,38,5952,2130,112,599639,1.205082E7,137,20,316.22222222222223,19,177082,574,463,665138184,599574,3893955,785575,645,14.75477,22.8,4.55,3.8
WARRIOR,48,93,139,152,45,43,48,39,6112,2179,114,611821,1.229082E7,139,20,321.22222222222223,19,178968,580,466,686076002,611767,3971173,803458,1268,14.78519611111111,22.88,4.55,3.9
WARRIOR,48,94,140,155,45,43,49,40,6271,2228,116,624384,1.253838E7,139,20,330.6666666666667,19,180882,587,471,707725240,624277,4050912,821990,83,14.815688055555556,22.92,4.55,4.0
WARRIOR,48,95,142,156,46,43,51,40,6429,2285,118,637101,1.278852E7,141,20,323.5263157894737,20,182801,593,476,730210621,637065,4131286,840822,1047,14.846245833333333,22.99,4.54,4.0
WARRIOR,48,96,144,158,46,43,53,42,6651,2356,121,649963,1.304028E7,143,20,334.1578947368421,20,185054,600,482,752999758,649896,4211802,859524,541,14.876868611111112,23.07,4.54,4.2
WARRIOR,48,97,146,160,46,45,53,42,6816,2411,123,662467,1.328448E7,143,20,329.3157894736842,20,186870,606,488,775171479,662337,4289708,877755,368,14.907556111111111,23.15,4.54,4.2
WARRIOR,48,98,150,161,46,46,53,42,6982,2466,125,675367,1.353642E7,145,20,337.2105263157895,20,188793,613,494,798653723,675350,4369961,896610,1167,14.9383075,23.19,4.54,4.2
WARRIOR,48,99,152,163,46,46,54,43,7151,2521,127,688412,1.379088E7,145,20,328.2105263157895,20,190674,620,498,822401750,688400,4450985,915731,202,14.969122222222222,23.22,4.54,4.3
WARRIOR,48,100,155,165,46,46,54,44,7320,2580,129,701611,1.40478E7,147,20,338.2105263157895,20,192612,627,505,846632080,701595,4532572,935011,1171,15.0,23.22,4.54,4.4
WARRIOR,49,1,12,11,9,10,10,9,10,4,0,0,0.0,21,9,95.0,1,0,1,1,0,0,0,0,0,12.019569166666667,9.47,4.91,0.9
WARRIOR,49,2,13,12,9,10,10,9,17,10,0,28,780.0,21,10,95.0,1,33,7,3,340,21,324,33,70,12.022219166666666,10.47,4.91,0.9
WARRIOR,49,3,15,13,10,10,10,9,33,21,1,206,4980.0,23,10,96.0,1,218,12,12,6640,196,1847,218,4,12.0251675,10.47,4.9,0.9
WARRIOR,49,4,15,14,11,10,10,9,38,28,1,569,13380.0,23,10,98.0,1,613,18,17,25686,564,4837,613,2,12.0283675,10.47,4.89,0.9
WARRIOR,49,5,16,14,11,10,11,9,46,33,1,1073,25320.0,25,10,100.0,2,1164,23,22,61828,1070,9198,1164,90,12.029286944444445,10.5,4.89,0.9
WARRIOR,49,6,18,15,12,10,11,9,60,45,2,1728,40680.0,27,10,116.0,2,1867,30,27,121200,1720,14779,1867,5,12.032865555555556,10.5,4.88,0.9
WARRIOR,49,7,18,17,12,10,11,9,66,51,2,2555,59760.0,27,10,104.0,2,2730,35,31,208422,2530,21643,2730,78,12.039462777777779,10.5,4.88,0.9
WARRIOR,49,8,19,17,12,10,12,9,73,58,2,3526,82860.0,28,11,107.0,2,3818,41,35,333889,3502,30179,3818,132,12.040777222222221,11.52,4.88,0.9
WARRIOR,49,9,19,19,13,10,13,9,88,70,3,4640,108720.0,28,11,124.0,2,5033,46,44,496171,4622,39528,5033,21,12.048145277777778,11.55,4.87,0.9
WARRIOR,49,10,20,20,13,10,13,9,98,76,3,5912,138240.0,30,11,132.66666666666666,3,6498,52,51,700957,5882,50228,6498,133,12.052887222222223,11.55,4.87,0.9
WARRIOR,49,11,21,20,13,10,14,9,106,83,3,7340,170340.0,31,11,123.0,3,8036,58,53,961931,7322,61490,8036,93,12.054610833333333,11.58,4.87,0.9
WARRIOR,49,12,21,21,13,10,15,9,113,91,3,8921,206280.0,31,11,126.0,3,9750,63,58,1278469,8903,74278,9750,37,12.059767777777777,11.61,4.87,0.9
WARRIOR,49,13,23,22,13,11,15,9,131,101,4,10643,246000.0,33,11,129.0,3,11677,69,63,1640233,10619,88630,11677,7,12.065206944444444,11.64,4.87,0.9
WARRIOR,49,14,23,23,13,11,16,9,141,107,4,12527,289140.0,33,11,143.5,3,13718,74,68,2088529,12500,104127,13718,199,12.070932777777777,11.67,4.87,0.9
WARRIOR,49,15,25,23,13,11,16,11,159,117,5,14559,335760.0,35,12,141.0,4,15930,81,74,2608055,14551,120876,15930,175,12.073119444444444,12.67,4.87,1.1
WARRIOR,49,16,26,24,13,11,16,11,170,124,5,16732,384360.0,37,12,152.66666666666666,4,18417,87,78,3186540,16721,137946,18417,101,12.079285,12.67,4.87,1.1
WARRIOR,49,17,26,25,13,12,16,11,181,129,5,19060,436500.0,37,12,155.66666666666666,4,20994,92,84,3862241,19052,156307,20994,71,12.08575,12.7,4.87,1.1
WARRIOR,49,18,28,26,13,13,16,11,202,142,6,21527,491040.0,39,12,154.66666666666666,4,23704,99,89,4616273,21508,175283,23704,128,12.092519444444445,12.73,4.87,1.1
WARRIOR,49,19,28,27,13,13,17,11,213,148,6,24163,548820.0,39,12,163.0,4,26617,104,95,5469633,24160,195193,26617,96,12.0995975,12.76,4.87,1.1
WARRIOR,49,20,31,28,13,13,17,11,236,164,7,26936,611580.0,41,13,161.5,5,29394,111,98,6416100,26929,217572,29849,238,12.106989166666667,13.76,4.87,1.1
WARRIOR,49,21,31,29,13,14,17,11,246,172,7,29871,675600.0,42,13,164.0,5,32032,117,105,7473762,29840,239584,33229,240,12.114699166666666,13.79,4.87,1.1
WARRIOR,49,22,31,31,13,16,17,11,267,188,8,32941,741900.0,42,13,175.0,5,34089,122,110,8629193,32906,262126,36644,119,12.127656944444444,13.85,4.87,1.1
WARRIOR,49,23,32,32,13,16,19,11,292,204,9,36173,813540.0,44,13,172.75,5,36349,128,114,9912634,36149,287163,40484,413,12.13618138888889,13.91,4.87,1.1
WARRIOR,49,24,33,32,14,16,19,11,306,211,9,39547,887460.0,44,13,175.5,5,38676,134,120,11326036,39537,312697,44403,187,12.139780833333333,13.91,4.86,1.1
WARRIOR,49,25,33,34,14,16,20,12,331,226,10,43088,965340.0,45,13,187.75,6,40637,139,125,12882661,43057,339774,48588,280,12.154234166666667,13.95,4.86,1.2
WARRIOR,49,26,33,35,14,16,20,13,343,235,10,46766,1046220.0,46,13,180.0,6,42816,144,130,14557689,46747,367879,52876,187,12.163770833333333,13.95,4.86,1.3
WARRIOR,49,27,35,36,14,16,20,14,370,252,11,50592,1128900.0,47,13,178.8,6,44917,151,135,16327492,50547,396127,57229,324,12.173652777777777,13.95,4.86,1.4
WARRIOR,49,28,37,37,15,16,20,14,399,270,12,54575,1215000.0,49,14,188.2,6,47210,158,140,18268911,54530,425540,61783,52,12.183884444444445,14.95,4.85,1.4
WARRIOR,49,29,37,38,15,17,20,14,412,279,12,58714,1305180.0,49,14,182.0,6,49549,163,144,20393592,58695,456639,66794,244,12.194469722222221,14.98,4.85,1.4
WARRIOR,49,30,38,39,15,19,20,14,442,293,13,62993,1398600.0,51,14,202.6153846153846,7,51334,169,149,22654610,62958,488963,71986,313,12.205411944444444,15.04,4.85,1.4
WARRIOR,49,31,40,40,15,19,21,14,474,312,14,67425,1494480.0,53,14,198.16666666666666,7,53675,176,155,25054668,67395,521821,77274,369,12.216715277777778,15.07,4.85,1.4
WARRIOR,49,32,42,41,15,20,21,14,507,329,15,72008,1590960.0,54,14,193.33333333333334,7,55929,183,162,27647820,72006,553899,82558,64,12.228383333333333,15.11,4.85,1.4
WARRIOR,49,33,43,42,15,20,21,14,521,339,15,76749,1690560.0,55,15,198.83333333333334,7,58150,189,166,30373897,76704,587010,88016,14,12.240419722222223,16.11,4.85,1.4
WARRIOR,49,34,44,44,15,20,22,14,551,359,16,81634,1791660.0,56,15,192.66666666666666,7,59816,195,171,33336724,81625,619996,93711,860,12.259900277777778,16.14,4.85,1.4
WARRIOR,49,35,45,46,15,20,22,15,586,376,17,86681,1896840.0,57,15,217.78571428571428,8,61448,202,174,36391587,86665,654631,99598,428,12.280165555555556,16.14,4.85,1.5
WARRIOR,49,36,46,48,15,21,22,15,621,396,18,91871,2004600.0,59,15,205.0,8,63793,208,179,39608886,91831,689990,105601,172,12.301223888888888,16.17,4.85,1.5
WARRIOR,49,37,47,50,16,21,22,15,655,418,19,97204,2113740.0,59,15,206.71428571428572,8,66063,214,185,43109511,97200,725157,111716,268,12.323083888888888,16.17,4.84,1.5
WARRIOR,49,38,48,50,16,22,22,15,673,426,19,102707,2227440.0,61,16,208.28571428571428,8,68149,220,190,46821334,102687,762305,118104,148,12.329858333333334,17.2,4.84,1.5
WARRIOR,49,39,49,51,16,22,24,15,711,446,20,108339,2341860.0,61,16,215.14285714285714,8,69847,226,197,50702629,108299,798954,124778,300,12.344765555555556,17.27,4.84,1.5
WARRIOR,49,40,51,53,16,22,24,15,749,466,21,114129,2459520.0,63,16,210.125,9,71636,233,201,54841031,114106,836634,131632,241,12.368395833333333,17.27,4.84,1.5
WARRIOR,49,41,52,55,16,23,24,15,788,486,22,120079,2580360.0,65,16,212.75,9,74049,240,205,59159504,120022,875371,138620,109,12.39285638888889,17.3,4.84,1.5
WARRIOR,49,42,53,57,16,24,24,15,826,507,23,126164,2702340.0,65,17,224.25,9,76375,246,212,63710276,126132,913800,145710,46,12.418155555555556,18.34,4.84,1.5
WARRIOR,49,43,54,58,18,24,24,15,867,531,24,132417,2826780.0,67,17,213.125,9,78435,252,216,68488984,132404,952678,153142,62,12.435279722222223,18.34,4.82,1.5
WARRIOR,49,44,55,60,18,25,24,15,912,551,25,138812,2953800.0,67,17,214.25,9,80120,258,222,73444259,138769,992384,160770,416,12.462044722222222,18.37,4.82,1.5
WARRIOR,49,45,56,61,19,25,24,16,957,572,26,145340,3083640.0,69,17,245.125,10,81838,264,226,78730559,145335,1032997,168522,694,12.480208055555556,18.37,4.81,1.6
WARRIOR,49,46,57,62,19,25,25,17,1000,593,27,152007,3217020.0,70,17,221.44444444444446,10,84336,270,229,84136663,151959,1075160,176567,249,12.498794166666666,18.4,4.81,1.7
WARRIOR,49,47,58,65,19,27,25,17,1068,626,29,158836,3352800.0,71,18,222.55555555555554,10,86611,277,237,89794488,158769,1117751,184802,590,12.537594444444444,19.47,4.81,1.7
WARRIOR,49,48,60,65,19,28,25,18,1114,644,30,165809,3489420.0,73,18,230.0,10,88332,283,243,95790529,165798,1159732,193277,390,12.547336111111111,19.51,4.81,1.8
WARRIOR,49,49,63,65,19,30,26,18,1187,680,32,172935,3628980.0,74,18,226.55555555555554,10,90063,290,248,102012953,172886,1202689,201759,698,12.557119166666666,19.61,4.81,1.8
WARRIOR,49,50,65,65,20,30,27,18,1233,706,33,180209,3771240.0,76,18,262.7647058823529,11,91730,297,253,108589628,180176,1246381,210524,812,12.566943333333333,19.64,4.8,1.8
WARRIOR,49,51,66,68,20,30,28,19,1302,741,35,187622,3914700.0,78,19,247.4,11,94298,303,256,115290592,187551,1289920,219410,196,12.608899722222223,20.68,4.8,1.9
WARRIOR,49,52,66,70,21,30,28,20,1351,764,36,195203,4060740.0,78,19,238.7,11,96838,309,261,122392462,195195,1333903,228728,731,12.641277777777777,20.68,4.79,2.0
WARRIOR,49,53,68,72,21,30,29,21,1429,798,38,202919,4209360.0,80,19,237.7,11,98541,316,266,129645367,202842,1378819,238148,495,12.674568055555556,20.71,4.79,2.1
WARRIOR,49,54,69,73,22,30,30,21,1482,822,39,210788,4360980.0,80,19,233.8,11,100284,322,271,137361757,210759,1424609,247806,19,12.697299166666667,20.75,4.78,2.1
WARRIOR,49,55,71,75,23,30,31,21,1560,862,41,218815,4514820.0,82,20,270.05555555555554,12,102053,329,276,145243285,218758,1470843,257710,273,12.732182222222223,21.78,4.77,2.1
WARRIOR,49,56,71,78,23,30,31,22,1614,886,42,226991,4669620.0,83,20,249.0909090909091,12,104628,335,281,153459382,226958,1516596,267980,837,12.779981388888888,21.78,4.77,2.2
WARRIOR,49,57,72,81,24,30,32,22,1700,923,44,235304,4832820.0,84,20,250.36363636363637,12,107042,342,285,161955189,235269,1567360,279325,390,12.829260277777777,21.82,4.76,2.2
WARRIOR,49,58,74,82,24,32,32,23,1792,960,46,243784,4999680.0,86,20,243.63636363636363,12,108935,348,291,170821948,243753,1619415,290915,870,12.854946388888889,21.89,4.76,2.3
WARRIOR,49,59,77,82,24,32,33,23,1852,986,47,252410,5169240.0,87,20,254.0,12,110942,355,296,180027882,252353,1672283,302631,526,12.86837888888889,21.92,4.76,2.3
WARRIOR,49,60,78,85,25,33,33,23,1941,1023,49,261177,5341260.0,89,20,285.42105263157896,13,112958,362,304,189620847,261152,1725787,314683,394,12.920713888888889,21.96,4.75,2.3
WARRIOR,49,61,79,87,26,34,33,24,2032,1064,51,270099,5514900.0,90,20,257.75,13,115680,368,308,199474020,270052,1779315,326904,765,12.961291388888888,21.99,4.74,2.4
WARRIOR,49,62,81,90,27,34,33,24,2126,1107,53,278777,5683980.0,91,20,263.5,13,117500,375,311,209212627,278758,1831584,338592,591,13.016378611111111,21.99,4.73,2.4
WARRIOR,49,63,83,90,28,34,34,24,2190,1137,54,287861,5860560.0,93,20,254.25,13,119360,381,317,219462754,287817,1886118,350858,297,13.031602222222222,22.03,4.72,2.4
WARRIOR,49,64,84,93,29,35,34,24,2286,1176,56,297097,6039600.0,94,20,263.4166666666667,13,121226,388,322,230089564,297024,1941319,363328,115,13.088888333333333,22.07,4.71,2.4
WARRIOR,49,65,89,94,29,35,34,24,2386,1219,58,306486,6221520.0,97,20,303.55,14,123205,396,326,241146356,306453,1997329,375953,434,13.119095555555555,22.07,4.71,2.4
WARRIOR,49,66,90,96,29,37,34,25,2483,1259,60,316013,6405360.0,99,20,273.61538461538464,14,125464,402,331,252370861,315934,2053721,388712,208,13.164335555555555,22.14,4.71,2.5
WARRIOR,49,67,93,97,29,38,34,26,2589,1299,62,325602,6590400.0,100,20,274.38461538461536,14,127274,409,335,264043587,325549,2110435,401565,122,13.19577111111111,22.17,4.71,2.6
WARRIOR,49,68,94,99,29,38,34,27,2657,1328,63,334974,6771060.0,102,20,270.38461538461536,14,129075,416,343,275501641,334899,2165772,414117,726,13.242755,22.17,4.71,2.7
WARRIOR,49,69,97,100,29,39,34,28,2766,1371,65,344717,6958440.0,103,20,265.0,14,130917,422,346,287651806,344631,2222999,427216,587,13.275433611111112,22.21,4.71,2.8
WARRIOR,49,70,98,103,29,40,34,29,2875,1412,67,354615,7149420.0,105,20,306.7142857142857,15,132752,429,351,300213671,354556,2281557,440350,696,13.339775,22.25,4.71,2.9
WARRIOR,49,71,99,106,31,40,34,29,2983,1458,69,364641,7341180.0,106,20,287.2857142857143,15,135218,435,359,313225183,364636,2339737,453613,423,13.405722777777777,22.25,4.69,2.9
WARRIOR,49,72,100,109,32,40,35,29,3097,1501,71,374818,7536000.0,107,20,276.5,15,137060,442,364,326501628,374784,2399116,466992,719,13.473286111111111,22.28,4.68,2.9
WARRIOR,49,73,101,111,32,42,35,30,3212,1542,73,384733,7727160.0,108,20,273.7857142857143,15,138789,448,368,339569744,384628,2457988,480251,985,13.525963611111111,22.36,4.68,3.0
WARRIOR,49,74,103,113,32,42,37,30,3329,1590,75,395078,7932000.0,109,20,274.92857142857144,15,140779,455,373,353455899,395013,2523167,495049,333,13.57969,22.43,4.68,3.0
WARRIOR,49,75,105,115,34,42,37,30,3451,1638,77,405569,8139360.0,111,20,282.93333333333334,16,142702,462,376,367942265,405541,2589034,510024,1034,13.634471111111111,22.43,4.66,3.0
WARRIOR,49,76,107,117,35,43,37,30,3572,1685,79,416207,8348520.0,113,20,288.53333333333336,16,145310,468,381,382691517,416148,2655244,524891,63,13.690313055555556,22.47,4.65,3.0
WARRIOR,49,77,110,120,35,43,37,30,3699,1729,81,427002,8560500.0,115,20,285.1333333333333,16,147209,475,386,397810316,426897,2722329,540164,312,13.764855555555556,22.47,4.65,3.0
WARRIOR,49,78,111,122,36,44,37,31,3827,1776,83,437472,8765580.0,116,20,293.73333333333335,16,149050,482,390,412777411,437362,2787004,555052,211,13.823120555555555,22.5,4.64,3.1
WARRIOR,49,79,112,124,37,45,37,32,3955,1825,85,448342,8978160.0,117,20,291.73333333333335,16,150944,488,396,428447680,448276,2853961,570440,1284,13.882465277777778,22.54,4.63,3.2
WARRIOR,49,80,115,126,38,45,37,32,4087,1873,87,459347,9193560.0,119,20,335.9130434782609,17,152889,495,402,444397514,459285,2922001,586011,298,13.942895555555555,22.54,4.62,3.2
WARRIOR,49,81,117,127,39,46,37,33,4218,1918,89,470503,9409980.0,121,20,294.5625,17,155269,501,405,460870232,470410,2989708,601667,1310,13.985640277777778,22.58,4.61,3.3
WARRIOR,49,82,120,127,39,47,37,35,4352,1962,91,481796,9629820.0,123,20,307.6875,17,157152,508,411,477721473,481723,3058833,617395,440,14.009927222222222,22.62,4.61,3.5
WARRIOR,49,83,123,127,39,47,40,35,4488,2012,93,492814,9843540.0,125,20,309.4375,17,158958,515,416,494553233,492807,3125709,632889,324,14.034274166666666,22.73,4.61,3.5
WARRIOR,49,84,128,127,40,47,40,35,4624,2062,95,504272,1.006638E7,127,20,302.5,17,160817,522,422,512064544,504260,3195798,648988,577,14.058680833333334,22.73,4.6,3.5
WARRIOR,49,85,130,128,41,47,42,35,4759,2112,97,515891,1.029144E7,129,20,347.9166666666667,18,162701,529,426,529954233,515817,3266359,665276,126,14.102844722222223,22.8,4.59,3.5
WARRIOR,49,86,130,133,41,47,43,35,4895,2160,99,527650,1.051692E7,131,20,309.3529411764706,18,165234,535,431,548212511,527556,3336128,681612,631,14.227717222222223,22.84,4.59,3.5
WARRIOR,49,87,132,135,42,47,43,36,5039,2211,101,539563,1.074582E7,131,20,307.47058823529414,18,167038,542,437,567104976,539477,3407138,698060,180,14.294427777777777,22.84,4.58,3.6
WARRIOR,49,88,134,136,42,47,45,37,5183,2263,103,551079,1.096986E7,133,20,304.05882352941177,18,168809,548,441,585648908,551005,3477843,714337,1265,14.341586388888889,22.92,4.58,3.7
WARRIOR,49,89,135,138,42,48,46,38,5327,2314,105,563043,1.120692E7,133,20,304.3529411764706,18,170773,554,447,605190672,562975,3554376,732211,1345,14.410252777777778,22.99,4.58,3.8
WARRIOR,49,90,136,143,42,48,47,39,5526,2379,108,575149,1.144692E7,135,20,358.24,19,172751,561,452,625172781,575078,3631921,750382,219,14.543961666666666,23.03,4.58,3.9
WARRIOR,49,91,138,145,42,49,47,40,5675,2430,110,587406,1.168806E7,137,20,330.1666666666667,19,175100,568,459,645833962,587363,3709095,768507,987,14.61580111111111,23.07,4.58,4.0
WARRIOR,49,92,141,146,42,49,48,41,5830,2485,112,599675,1.192896E7,137,20,330.72222222222223,19,177018,574,463,666332879,599556,3786092,786733,1038,14.666854166666667,23.11,4.58,4.1
WARRIOR,49,93,144,147,42,49,49,42,5984,2542,114,611856,1.216902E7,139,20,321.22222222222223,19,178965,581,467,687055518,611749,3863111,804795,739,14.718485833333334,23.15,4.58,4.2
WARRIOR,49,94,146,149,43,49,49,43,6138,2598,116,624423,1.241646E7,139,20,315.1111111111111,19,180857,588,471,708992292,624398,3942358,823453,1381,14.7931775,23.15,4.57,4.3
WARRIOR,49,95,148,151,44,49,49,44,6295,2655,118,637139,1.266654E7,141,20,323.5263157894737,20,182863,594,476,731185523,637047,4022545,842273,518,14.846245833333333,23.15,4.56,4.4
WARRIOR,49,96,153,154,44,49,49,44,6509,2727,121,650005,1.291764E7,143,20,325.7368421052632,20,185158,602,486,753943215,649878,4102380,861067,1439,14.876868611111112,23.15,4.56,4.4
WARRIOR,49,97,157,154,45,50,49,44,6670,2786,123,662507,1.316184E7,143,20,337.7894736842105,20,187053,609,490,776468657,662462,4180013,879423,996,14.907556111111111,23.19,4.55,4.4
WARRIOR,49,98,158,156,47,50,49,45,6831,2841,125,675407,1.341348E7,145,20,329.89473684210526,20,188930,615,493,799870843,675332,4260077,898253,1402,14.9383075,23.19,4.53,4.5
WARRIOR,49,99,160,159,47,50,50,45,6995,2896,127,688453,1.3668E7,145,20,325.10526315789474,20,190812,622,498,823707037,688382,4341229,917302,455,14.969122222222222,23.22,4.53,4.5
WARRIOR,49,100,164,159,48,50,50,46,7164,2953,129,701644,1.392468E7,147,20,330.89473684210526,20,192749,628,502,848097290,701577,4422835,936570,482,15.0,23.22,4.52,4.6
ROGUE,46,1,8,9,9,8,6,13,7,4,0,0,0.0,19,9,95.0,1,0,1,1,0,0,0,0,0,12.015381388888889,9.3,4.91,1.3
ROGUE,46,2,8,9,10,8,7,13,12,10,0,29,900.0,19,9,95.0,1,45,5,1,340,19,404,45,38,12.0157325,9.33,4.9,1.3
ROGUE,46,3,10,10,10,8,8,13,24,17,1,211,5520.0,21,9,96.0,1,256,10,10,5717,190,2197,256,72,12.01837,9.36,4.9,1.3
ROGUE,46,4,11,10,10,9,8,13,28,22,1,568,14460.0,21,9,98.0,1,638,14,14,24998,547,5616,638,46,12.01894361111111,9.38,4.9,1.3
ROGUE,46,5,11,10,11,10,8,13,35,27,1,1071,26940.0,22,9,115.0,2,1213,19,21,61248,1051,10355,1213,30,12.019557777777777,9.41,4.89,1.3
ROGUE,46,6,12,10,12,11,8,14,44,37,2,1739,42960.0,24,10,116.0,2,1913,24,28,120828,1730,16261,1913,65,12.02020361111111,10.44,4.88,1.4
ROGUE,46,7,13,11,12,11,8,14,48,43,2,2559,62820.0,24,10,119.0,2,2849,28,33,209064,2546,23699,2849,126,12.023405555555556,10.44,4.88,1.4
ROGUE,46,8,14,11,12,11,9,14,52,50,2,3519,85980.0,26,10,107.0,2,3966,32,37,328644,3506,32337,3966,52,12.024185277777777,10.47,4.88,1.4
ROGUE,46,9,15,11,13,12,10,14,63,61,3,4644,112980.0,26,10,111.0,2,5250,37,42,493813,4624,42405,5250,37,12.024987222222222,10.52,4.87,1.4
ROGUE,46,10,15,11,15,12,10,14,68,68,3,5910,143280.0,27,10,134.22222222222223,3,6691,43,46,702414,5898,53655,6691,157,12.02581,10.52,4.85,1.4
ROGUE,46,11,16,11,15,12,11,14,72,75,3,7337,177060.0,29,10,124.0,3,8305,47,53,961881,7329,66121,8305,13,12.02665111111111,10.55,4.85,1.4
ROGUE,46,12,17,11,15,12,12,14,78,80,3,8916,214380.0,29,10,130.0,3,10050,51,58,1275515,8895,79917,10050,137,12.027509166666666,10.58,4.85,1.4
ROGUE,46,13,19,11,16,12,12,15,91,93,4,10643,255180.0,31,10,140.0,3,11900,57,61,1656008,10622,94995,11900,163,12.028383055555556,10.58,4.84,1.5
ROGUE,46,14,20,11,16,12,13,15,97,99,4,12518,299280.0,32,10,133.0,3,13913,61,68,2107899,12513,111240,13913,115,12.029271388888889,10.61,4.84,1.5
ROGUE,46,15,22,12,16,12,14,15,105,114,5,14547,346800.0,34,10,152.0,4,16140,65,74,2614955,14529,128723,16140,67,12.033494722222223,10.64,4.84,1.5
ROGUE,46,16,23,12,16,13,14,15,112,119,5,16726,397200.0,35,11,148.0,4,18575,69,78,3217898,16705,147064,18575,33,12.034510833333334,11.67,4.84,1.5
ROGUE,46,17,24,13,16,13,14,15,119,124,5,19051,450720.0,36,11,147.66666666666666,4,21211,73,85,3887218,19033,166465,21211,111,12.039123611111112,11.67,4.84,1.5
ROGUE,46,18,26,13,16,15,14,15,133,134,6,21528,507600.0,38,11,154.66666666666666,4,24011,78,89,4641502,21499,187056,24011,176,12.04027138888889,11.73,4.84,1.5
ROGUE,46,19,26,13,17,15,15,15,141,140,6,24153,567660.0,38,11,163.0,4,26965,83,93,5500375,24121,208744,26965,40,12.041432777777779,11.76,4.83,1.5
ROGUE,46,20,29,13,18,15,15,15,154,156,7,26927,630900.0,40,11,161.5,5,29448,90,100,6446149,26909,231514,30094,162,12.042607222222221,11.76,4.82,1.5
ROGUE,46,21,30,13,18,15,16,15,161,163,7,29858,697320.0,42,11,167.25,5,31917,94,103,7515043,29829,255348,33362,164,12.043793888888889,11.79,4.82,1.5
ROGUE,46,22,33,13,18,15,17,15,175,177,8,32936,767100.0,43,11,170.0,5,33958,99,107,8678862,32914,280421,36736,171,12.044992777777777,11.82,4.82,1.5
ROGUE,46,23,33,13,21,15,18,15,191,191,9,36167,840180.0,44,12,168.0,5,36064,109,114,9948571,36139,306647,40306,241,12.046203055555555,12.85,4.79,1.5
ROGUE,46,24,34,13,21,15,18,16,198,197,9,39542,915540.0,45,12,180.25,5,38390,112,120,11381707,39527,333401,44254,231,12.047424166666667,12.85,4.79,1.6
ROGUE,46,25,35,13,24,15,18,16,210,215,10,43076,994260.0,46,12,189.41666666666666,6,40489,124,126,12924640,43037,361333,48324,316,12.04865611111111,12.85,4.76,1.6
ROGUE,46,26,37,13,24,15,18,16,217,222,10,46760,1075980.0,48,12,177.2,6,42667,129,130,14605360,46717,390282,52445,315,12.049898333333333,12.85,4.76,1.6
ROGUE,46,27,39,13,25,15,18,17,229,237,11,50587,1160880.0,49,12,189.8,6,44803,137,135,16426587,50581,420369,56758,36,12.051150555555555,12.85,4.75,1.7
ROGUE,46,28,40,13,26,15,19,18,242,252,12,54571,1248900.0,51,13,181.0,6,46997,143,138,18383670,54550,451505,61240,224,12.0524125,13.88,4.74,1.8
ROGUE,46,29,41,13,27,15,19,18,247,261,12,58714,1339680.0,51,13,190.6,6,49363,149,144,20498528,58681,483380,66071,344,12.053683888888889,13.88,4.73,1.8
ROGUE,46,30,42,14,29,15,19,18,259,276,13,62994,1433220.0,53,13,206.23076923076923,7,51018,158,150,22734058,62943,516220,71052,377,12.060076111111112,13.88,4.71,1.8
ROGUE,46,31,43,14,30,15,20,19,270,291,14,67425,1529460.0,54,13,191.16666666666666,7,53294,164,155,25149863,67395,549810,76219,341,12.061485277777777,13.91,4.7,1.9
ROGUE,46,32,47,14,30,15,20,19,282,307,15,72006,1629120.0,56,13,190.16666666666666,7,55543,170,162,27688627,71951,584732,81482,300,12.062903888888888,13.91,4.7,1.9
ROGUE,46,33,47,14,31,16,20,19,290,315,15,76749,1732080.0,57,13,195.0,7,57870,176,165,30465519,76711,620701,86974,246,12.064331666666666,13.95,4.69,1.9
ROGUE,46,34,48,14,33,17,20,19,303,332,16,81627,1837080.0,58,14,206.66666666666666,7,59635,184,169,33410444,81613,657172,92774,158,12.065768333333333,14.98,4.67,1.9
ROGUE,46,35,49,15,35,17,20,19,315,349,17,86669,1945260.0,59,14,199.0,8,61346,191,174,36553243,86659,694677,98804,248,12.073015555555555,14.98,4.65,1.9
ROGUE,46,36,49,15,37,18,20,20,331,365,18,91855,2055660.0,60,14,207.85714285714286,8,63723,198,180,39872523,91851,732697,104992,0,12.074595,15.01,4.63,2.0
ROGUE,46,37,52,15,37,19,20,20,347,380,19,97186,2169240.0,62,14,201.28571428571428,8,65996,204,186,43311897,97145,771966,111242,188,12.07618361111111,15.04,4.63,2.0
ROGUE,46,38,54,15,37,19,20,20,355,388,19,102686,2285820.0,64,15,208.42857142857142,8,68287,209,192,47032264,102663,812021,117798,444,12.077780833333334,16.04,4.63,2.0
ROGUE,46,39,56,15,39,19,20,20,370,406,20,108316,2403960.0,65,15,212.42857142857142,8,69989,218,196,50935229,108295,852280,124758,400,12.079386944444444,16.04,4.61,2.0
ROGUE,46,40,57,15,41,20,20,20,387,421,21,114110,2525340.0,66,15,210.125,9,71765,225,201,55054718,114080,893656,131923,325,12.08100138888889,16.07,4.59,2.0
ROGUE,46,41,58,16,43,20,20,20,400,438,22,120059,2649240.0,68,15,222.75,9,74230,232,209,59376388,120020,935678,139109,113,12.0892775,16.07,4.57,2.0
ROGUE,46,42,58,16,45,21,20,21,414,452,23,126153,2773260.0,68,16,221.75,9,76622,239,215,63953819,126140,976727,146241,570,12.09104,17.11,4.55,2.1
ROGUE,46,43,60,16,45,21,21,22,428,469,24,132400,2900460.0,70,16,228.125,9,78447,244,220,68737947,132396,1018929,153830,14,12.092810833333333,17.14,4.55,2.2
ROGUE,46,44,61,17,47,21,21,22,445,488,25,138791,3032040.0,70,16,224.125,9,80185,251,223,73708268,138766,1063188,161901,24,12.101728055555556,17.14,4.53,2.2
ROGUE,46,45,62,19,48,21,21,22,461,504,26,145321,3166800.0,72,16,244.5,10,81951,257,225,78935104,145318,1108695,170084,258,12.118450833333334,17.14,4.52,2.2
ROGUE,46,46,64,20,48,22,21,22,477,522,27,151988,3303060.0,74,16,221.66666666666666,10,84525,263,231,84410925,151942,1154329,178401,493,12.128318055555555,17.17,4.52,2.2
ROGUE,46,47,64,22,51,22,22,22,507,549,29,158808,3441300.0,74,17,237.88888888888889,10,86713,270,237,90145459,158750,1200239,186777,42,12.146509444444444,18.2,4.49,2.2
ROGUE,46,48,65,22,52,22,24,22,528,567,30,165781,3583080.0,75,17,234.55555555555554,10,88473,276,241,96070333,165706,1247589,195630,494,12.149164444444445,18.27,4.48,2.2
ROGUE,46,49,67,23,54,23,24,22,553,596,32,172900,3727440.0,76,17,240.0,10,90266,284,244,102342154,172828,1295734,204634,266,12.160149444444444,18.3,4.46,2.2
ROGUE,46,50,67,23,57,23,25,22,573,617,33,180174,3874380.0,77,18,231.3,11,92118,291,250,108910682,180124,1344602,213846,276,12.162973611111111,19.34,4.43,2.2
ROGUE,46,51,68,25,59,23,25,23,605,650,35,187589,4020060.0,79,18,235.7,11,94841,298,256,115708604,187583,1391621,223373,552,12.183258055555555,19.34,4.41,2.3
ROGUE,46,52,70,25,59,23,25,25,625,670,36,195167,4167300.0,80,18,248.9,11,97032,304,261,122754046,195088,1438719,232753,511,12.186404722222223,19.34,4.41,2.5
ROGUE,46,53,72,25,60,23,27,26,657,701,38,202886,4317180.0,82,18,241.8,11,98794,310,266,130237904,202848,1486574,242397,491,12.189563611111112,19.4,4.4,2.6
ROGUE,46,54,72,26,62,24,27,26,679,721,39,210756,4471020.0,82,18,233.9,11,100679,317,273,137879482,210720,1536182,252328,107,12.2020225,19.44,4.38,2.6
ROGUE,46,55,73,27,64,25,27,27,713,750,41,218778,4623300.0,83,19,241.9090909090909,12,102398,324,279,145873267,218756,1583658,261900,565,12.214873055555556,20.47,4.36,2.7
ROGUE,46,56,74,27,65,26,28,27,738,769,42,226948,4776060.0,85,19,242.63636363636363,12,104935,330,283,154095166,226890,1630488,271726,469,12.218377222222221,20.54,4.35,2.7
ROGUE,46,57,77,29,66,26,28,27,773,802,44,235259,4937460.0,86,19,254.0909090909091,12,107042,336,288,162674690,235254,1682445,282679,46,12.241761111111112,20.54,4.34,2.7
ROGUE,46,58,81,29,67,27,28,27,806,840,46,243731,5102160.0,89,19,253.0,12,108824,343,291,171505007,243683,1735627,293864,206,12.24560638888889,20.57,4.33,2.7
ROGUE,46,59,82,29,69,28,28,27,827,865,47,252363,5269740.0,90,20,244.0909090909091,12,110719,350,294,180699337,252281,1789710,305289,134,12.249465277777778,21.61,4.31,2.7
ROGUE,46,60,84,29,72,28,28,28,861,903,49,261132,5438280.0,92,20,285.42105263157896,13,112650,358,301,190148228,261050,1843615,317136,134,12.2533375,21.61,4.28,2.8
ROGUE,46,61,86,29,74,29,28,29,896,936,51,270059,5608920.0,94,20,266.0,13,115473,365,306,199944196,269974,1897997,329038,25,12.257222777777777,21.64,4.26,2.9
ROGUE,46,62,88,29,75,30,28,31,931,966,53,278738,5774220.0,95,20,258.4166666666667,13,117260,371,311,209663121,278716,1950534,340741,727,12.26112111111111,21.68,4.25,3.1
ROGUE,46,63,89,29,76,30,29,32,956,987,54,287820,5947380.0,96,20,269.1666666666667,13,119073,377,320,219924349,287741,2005808,352830,37,12.265032222222223,21.71,4.24,3.2
ROGUE,46,64,90,29,81,30,29,32,993,1022,56,297055,6122940.0,97,20,271.5833333333333,13,120898,386,323,230706240,297047,2061696,365239,663,12.26895611111111,21.71,4.19,3.2
ROGUE,46,65,91,30,84,30,29,33,1032,1057,58,306444,6300360.0,98,20,294.8,14,122817,393,327,241806381,306359,2118169,377804,982,12.284223055555556,21.71,4.16,3.3
ROGUE,46,66,94,30,86,30,29,34,1071,1093,60,315975,6480060.0,101,20,276.6923076923077,14,125390,400,332,253267332,315937,2175317,390323,1108,12.288335555555555,21.71,4.14,3.4
ROGUE,46,67,96,32,88,30,29,34,1109,1124,62,325564,6660240.0,102,20,263.61538461538464,14,127315,407,335,264877483,325532,2232539,402959,909,12.316010833333333,21.71,4.12,3.4
ROGUE,46,68,98,32,90,30,29,34,1133,1148,63,334932,6835800.0,104,20,264.0,14,129065,413,342,276447497,334916,2288226,415376,1117,12.320481666666666,21.71,4.1,3.4
ROGUE,46,69,100,33,92,30,29,35,1172,1179,65,344671,7018680.0,105,20,281.84615384615387,14,130829,420,345,288636561,344588,2346660,428129,526,12.33719,21.71,4.08,3.5
ROGUE,46,70,102,33,94,32,29,35,1212,1215,67,354566,7203840.0,107,20,314.0,15,132753,427,350,301363191,354544,2405555,441191,32,12.341856666666667,21.78,4.06,3.5
ROGUE,46,71,103,34,96,32,30,36,1254,1249,69,364599,7390140.0,108,20,284.35714285714283,15,135269,434,357,314330279,364495,2464566,454218,8,12.359176111111111,21.82,4.04,3.6
ROGUE,46,72,106,34,98,32,31,36,1293,1289,71,374788,7578660.0,110,20,275.07142857142856,15,137014,440,362,327717657,374723,2524056,467632,848,12.364040833333334,21.85,4.02,3.6
ROGUE,46,73,108,34,102,32,31,36,1333,1329,73,384695,7763460.0,112,20,287.07142857142856,15,138736,448,367,340989084,384623,2583198,480774,311,12.368919166666666,21.85,3.98,3.6
ROGUE,46,74,110,34,105,32,31,37,1375,1366,75,395047,7961760.0,113,20,277.7857142857143,15,140693,455,371,354952323,394942,2648937,495416,61,12.373811388888889,21.85,3.958,3.7
ROGUE,46,75,112,35,108,32,31,37,1418,1401,77,405536,8162400.0,115,20,325.40909090909093,16,142631,462,377,369397502,405451,2715446,510233,572,12.392122222222222,21.85,3.942,3.7
ROGUE,46,76,114,36,109,34,31,37,1460,1434,79,416177,8364300.0,117,20,293.8666666666667,16,145329,468,380,384260540,416146,2781853,525120,361,12.4108725,21.92,3.925,3.7
ROGUE,46,77,117,36,111,34,32,37,1502,1474,81,426968,8569140.0,118,20,291.8,16,147201,475,387,399582466,426924,2849454,540174,438,12.416154722222222,21.96,3.908,3.7
ROGUE,46,78,120,37,111,35,33,37,1545,1513,83,437440,8767320.0,121,20,292.4,16,149057,481,392,414574143,437364,2914782,554944,615,12.4355375,22.03,3.892,3.7
ROGUE,46,79,123,37,113,35,34,37,1590,1554,85,448304,8972160.0,121,20,302.4,16,151039,488,397,430333153,448254,2982100,570085,654,12.441024722222222,22.07,3.875,3.7
ROGUE,46,80,125,37,115,35,35,38,1633,1596,87,459311,9180240.0,123,20,334.17391304347825,17,152989,495,401,446451234,459265,3050845,585466,1135,12.446526111111112,22.1,3.858,3.8
ROGUE,46,81,126,38,117,35,36,39,1676,1633,89,470463,9388980.0,125,20,293.3125,17,155362,501,407,463052977,470458,3119128,600858,1281,12.466741388888888,22.14,3.84,3.9
ROGUE,46,82,129,39,118,35,37,39,1723,1672,91,481755,9600600.0,125,20,295.1875,17,157183,508,412,479923901,481708,3188666,616488,308,12.487408888888888,22.17,3.823,3.9
ROGUE,46,83,131,39,120,35,38,40,1767,1719,93,492779,9806940.0,127,20,303.1875,17,158919,514,417,496877345,492708,3256501,631671,1461,12.493313055555555,22.21,3.806,4.0
ROGUE,46,84,133,40,123,35,38,40,1816,1760,95,504235,1.002006E7,127,20,294.4375,17,160736,521,422,514640890,504138,3326209,647612,796,12.514631666666666,22.21,3.789,4.0
ROGUE,46,85,134,41,126,36,38,40,1863,1804,97,515853,1.023726E7,129,20,352.9166666666667,18,162650,528,429,532930861,515822,3397730,663804,1203,12.53640888888889,22.25,3.771,4.0
ROGUE,46,86,135,41,129,37,38,41,1907,1848,99,527613,1.04547E7,131,20,303.70588235294116,18,165182,535,433,551526941,527561,3468634,679809,823,12.54272361111111,22.28,3.754,4.1
ROGUE,46,87,135,41,133,37,38,43,1956,1894,101,539526,1.067526E7,131,20,304.0,18,167048,542,438,570489701,539482,3540800,696026,91,12.549053333333333,22.28,3.736,4.3
ROGUE,46,88,135,42,136,38,39,43,2004,1934,103,551043,1.088994E7,133,20,321.0,18,168894,548,445,589150900,551010,3611752,712276,779,12.571692777777777,22.36,3.718,4.3
ROGUE,46,89,138,42,137,38,41,43,2052,1982,105,563007,1.111806E7,133,20,319.1764705882353,18,170859,555,449,608821212,562980,3689275,729876,120,12.578238333333333,22.43,3.701,4.3
ROGUE,46,90,139,43,142,38,41,44,2119,2046,108,575117,1.134876E7,135,20,352.76,19,172814,562,453,628999958,575083,3767754,747807,845,12.601546944444445,22.43,3.683,4.4
ROGUE,46,91,140,43,145,38,42,45,2168,2096,110,587365,1.15803E7,137,20,327.94444444444446,19,175113,569,457,649541461,587233,3846089,765645,952,12.608310555555555,22.47,3.665,4.5
ROGUE,46,92,144,43,146,38,42,46,2218,2142,112,599633,1.181238E7,137,20,318.44444444444446,19,176988,576,462,670515671,599563,3924705,783511,16,12.615089166666667,22.47,3.647,4.6
ROGUE,46,93,145,43,150,39,42,46,2267,2188,114,611814,1.204188E7,139,20,314.3333333333333,19,178866,583,466,691459629,611756,4002295,801421,386,12.6218825,22.5,3.629,4.6
ROGUE,46,94,147,43,151,41,42,47,2317,2230,116,624381,1.227846E7,139,20,317.3333333333333,19,180843,589,471,713144315,624266,4082430,819818,2088,12.628690833333334,22.58,3.611,4.7
ROGUE,46,95,147,43,154,42,44,47,2371,2278,118,637090,1.251732E7,141,20,376.96153846153845,20,182733,595,478,735763103,637054,4163248,838478,179,12.63551388888889,22.69,3.592,4.7
ROGUE,46,96,149,44,157,43,45,47,2437,2342,121,649955,1.275744E7,143,20,325.6842105263158,20,184978,602,482,758464818,649885,4244137,857168,845,12.660318888888888,22.77,3.574,4.7
ROGUE,46,97,152,46,158,43,45,47,2487,2394,123,662460,1.299E7,143,20,331.42105263157896,20,186789,609,489,780868962,662326,4322356,875376,1279,12.7039275,22.77,3.556,4.7
ROGUE,46,98,154,46,160,43,45,49,2537,2444,125,675359,1.323024E7,145,20,341.36842105263156,20,188647,615,494,804631126,675339,4403311,894169,443,12.7113725,22.77,3.537,4.9
ROGUE,46,99,156,47,162,44,45,49,2593,2494,127,688407,1.347306E7,145,20,336.63157894736844,20,190538,622,498,828646702,688389,4485343,913088,186,12.737625555555555,22.8,3.519,4.9
ROGUE,46,100,158,47,163,45,47,49,2646,2547,129,701604,1.371708E7,147,20,327.63157894736844,20,192448,628,502,853041640,701584,4567358,932218,923,12.745296666666666,22.92,3.5,4.9
ROGUE,47,1,9,11,8,8,11,7,8,5,0,0,0.0,19,9,95.0,1,0,1,1,0,0,0,0,0,12.019569166666667,9.44,4.92,0.7
ROGUE,47,2,9,12,9,8,11,7,15,11,0,31,780.0,19,9,95.0,1,34,5,5,350,19,304,34,82,12.022219166666666,9.44,4.91,0.7
ROGUE,47,3,9,13,12,8,11,7,31,22,1,218,5340.0,20,9,96.0,1,224,10,11,6460,209,1994,224,36,12.0251675,9.44,4.88,0.7
ROGUE,47,4,10,14,12,8,11,7,38,26,1,588,13980.0,21,9,97.0,1,592,15,19,25800,569,5104,592,14,12.0283675,9.44,4.88,0.7
ROGUE,47,5,11,14,13,8,11,7,44,33,1,1091,26100.0,22,10,100.0,2,1105,20,22,62398,1073,9587,1105,10,12.029286944444445,10.44,4.87,0.7
ROGUE,47,6,11,15,15,8,12,7,58,46,2,1746,41520.0,23,10,102.0,2,1821,26,28,121250,1733,15192,1821,105,12.032865555555556,10.47,4.85,0.7
ROGUE,47,7,12,15,15,8,12,8,66,50,2,2557,61020.0,24,10,104.0,2,2707,30,32,210152,2538,22459,2707,90,12.033959166666667,10.47,4.85,0.8
ROGUE,47,8,13,15,16,8,12,8,72,57,2,3520,84360.0,25,10,107.0,2,3777,36,38,332450,3498,31220,3777,64,12.035090277777778,10.47,4.84,0.8
ROGUE,47,9,16,15,17,8,12,8,86,69,3,4639,111240.0,27,10,110.0,2,5091,43,42,496303,4637,41242,5091,65,12.036254166666666,10.47,4.83,0.8
ROGUE,47,10,16,15,18,8,12,9,95,75,3,5905,141600.0,28,10,132.55555555555554,3,6481,48,47,698448,5879,52622,6481,41,12.037447777777778,10.47,4.82,0.9
ROGUE,47,11,16,15,20,8,12,9,104,80,3,7335,175440.0,29,11,134.0,3,8127,55,54,959130,7307,65155,8127,149,12.038668055555556,11.47,4.8,0.9
ROGUE,47,12,17,16,20,8,12,9,112,84,3,8913,212580.0,29,11,126.5,3,9961,59,58,1272517,8902,78859,9961,77,12.043126944444445,11.47,4.8,0.9
ROGUE,47,13,18,17,21,9,12,9,129,94,4,10640,252600.0,31,11,129.5,3,11906,65,65,1644513,10613,93456,11906,163,12.047854722222223,11.5,4.79,0.9
ROGUE,47,14,18,17,23,9,12,9,136,101,4,12512,296280.0,31,11,133.5,3,14086,72,69,2076514,12504,109491,14086,167,12.049352777777777,11.5,4.77,0.9
ROGUE,47,15,21,17,23,9,13,9,150,113,5,14540,341880.0,33,11,151.4,4,16288,78,76,2588669,14519,125697,16288,103,12.050874166666667,11.52,4.77,0.9
ROGUE,47,16,21,17,25,9,13,9,157,120,5,16711,391980.0,34,11,148.33333333333334,4,18734,84,80,3196069,16697,143972,18734,25,12.0524175,11.52,4.75,0.9
ROGUE,47,17,23,17,25,9,13,9,165,125,5,19039,445440.0,35,12,156.33333333333334,4,21391,90,84,3857777,19009,163457,21391,11,12.053981666666667,12.52,4.75,0.9
ROGUE,47,18,26,17,26,9,13,9,181,135,6,21511,501000.0,38,12,160.0,4,24190,97,89,4606510,21477,183310,24190,260,12.055565277777777,12.52,4.74,0.9
ROGUE,47,19,26,17,27,9,14,9,190,140,6,24140,560640.0,38,12,156.66666666666666,4,27270,102,93,5470515,24137,204829,27270,36,12.057167777777778,12.55,4.73,0.9
ROGUE,47,20,26,17,31,9,14,9,204,154,7,26912,622980.0,39,12,170.8181818181818,5,29735,111,99,6415409,26873,227232,30408,154,12.058788055555556,12.55,4.69,0.9
ROGUE,47,21,27,17,32,9,14,9,211,161,7,29844,687060.0,40,13,165.0,5,32067,117,105,7486957,29837,249612,33620,184,12.060425555555556,13.55,4.68,0.9
ROGUE,47,22,27,17,35,9,14,10,227,174,8,32919,752460.0,40,13,169.75,5,34092,124,110,8642009,32917,271854,37034,31,12.062079722222222,13.55,4.669,1.0
ROGUE,47,23,28,17,36,9,16,10,244,185,9,36145,821400.0,42,13,169.25,5,36182,130,114,9913091,36117,295481,40505,73,12.063749444444445,13.61,4.659,1.0
ROGUE,47,24,29,18,36,9,16,10,250,192,9,39522,893100.0,42,13,180.5,5,38424,135,120,11297868,39519,319884,44211,171,12.070080277777778,13.61,4.649,1.0
ROGUE,47,25,31,18,37,10,16,10,264,207,10,43057,968880.0,44,13,187.25,6,40250,141,125,12811496,43044,346012,48174,296,12.071900555555555,13.64,4.638,1.0
ROGUE,47,26,31,18,38,11,16,10,272,212,10,46741,1048440.0,45,13,177.2,6,42416,147,129,14495153,46740,373691,52385,39,12.07373638888889,13.67,4.628,1.0
ROGUE,47,27,33,18,39,12,16,10,286,227,11,50569,1128900.0,46,14,178.0,6,44553,153,135,16280398,50551,400957,56626,116,12.075586666666666,14.7,4.617,1.0
ROGUE,47,28,34,18,40,14,16,10,303,237,12,54552,1213620.0,48,14,191.8,6,46885,159,139,18193058,54543,430052,61302,48,12.077451666666667,14.76,4.606,1.0
ROGUE,47,29,34,19,41,14,16,10,311,243,12,58688,1300380.0,48,14,190.4,6,49135,165,146,20286831,58671,459472,65890,192,12.084647777777779,14.76,4.595,1.0
ROGUE,47,30,35,20,42,15,16,10,328,259,13,62961,1390080.0,49,14,187.5,7,50731,171,150,22481780,62943,489939,70650,173,12.092168888888889,14.79,4.583,1.0
ROGUE,47,31,36,20,43,17,16,10,345,271,14,67389,1482660.0,51,14,200.83333333333334,7,52958,177,155,24848457,67353,521311,75748,193,12.094330833333334,14.85,4.572,1.0
ROGUE,47,32,38,21,44,17,16,10,362,284,15,71979,1579860.0,52,15,196.0,7,55283,183,159,27439437,71964,554743,81226,332,12.102326111111111,15.85,4.56,1.0
ROGUE,47,33,38,21,46,17,16,10,371,293,15,76726,1677840.0,53,15,194.83333333333334,7,57707,190,166,30163622,76696,587585,86832,346,12.104648888888889,15.85,4.548,1.0
ROGUE,47,34,39,22,47,17,17,10,390,306,16,81607,1777980.0,53,15,206.5,7,59621,196,168,33033528,81572,620963,92525,10,12.113128055555556,15.88,4.536,1.0
ROGUE,47,35,40,22,49,17,17,11,412,321,17,86646,1883400.0,55,15,219.14285714285714,8,61351,203,175,36139641,86607,656926,98597,252,12.115614444444445,15.88,4.524,1.1
ROGUE,47,36,41,22,50,18,17,12,429,335,18,91834,1988760.0,56,15,202.0,8,63562,209,183,39427675,91832,691721,104391,228,12.118115555555555,15.91,4.512,1.2
ROGUE,47,37,43,22,51,18,18,12,446,354,19,97168,2095800.0,57,16,203.57142857142858,8,65827,215,189,42876852,97127,726699,110344,28,12.120630833333333,16.95,4.5,1.2
ROGUE,47,38,44,22,52,18,18,12,455,364,19,102672,2205300.0,59,16,216.71428571428572,8,68078,221,193,46601188,102640,762134,116661,220,12.123160277777778,16.95,4.487,1.2
ROGUE,47,39,45,23,53,18,18,13,476,380,20,108302,2317080.0,59,16,206.57142857142858,8,69704,227,197,50486097,108245,798314,123106,144,12.132590833333333,16.95,4.475,1.3
ROGUE,47,40,47,23,55,18,18,13,494,398,21,114101,2432700.0,61,16,209.875,9,71423,234,200,54598045,114043,835968,129769,469,12.135287222222223,16.95,4.462,1.3
ROGUE,47,41,49,23,57,18,18,13,513,416,22,120047,2549820.0,63,17,211.0,9,73810,241,206,58910063,120021,873597,136617,501,12.137997777777779,17.95,4.449,1.3
ROGUE,47,42,50,24,58,18,19,13,532,433,23,126137,2669100.0,64,17,211.875,9,76110,247,211,63434700,126132,911746,143682,430,12.148095277777777,17.98,4.436,1.3
ROGUE,47,43,52,24,59,19,19,13,551,452,24,132384,2791080.0,66,17,225.5,9,78159,254,216,68143611,132340,950732,150998,74,12.150976111111111,18.01,4.423,1.3
ROGUE,47,44,53,24,61,19,19,14,570,471,25,138775,2915880.0,66,17,224.0,9,79768,260,220,73069256,138742,990654,158512,28,12.153870555555555,18.01,4.409,1.4
ROGUE,47,45,54,24,62,19,19,16,591,489,26,145307,3043320.0,68,17,220.55555555555554,10,81421,266,227,78355519,145276,1031454,166170,262,12.156778611111111,18.01,4.396,1.6
ROGUE,47,46,56,24,64,19,19,16,612,507,27,151974,3171780.0,70,18,229.66666666666666,10,83894,273,232,83834339,151940,1072037,174097,293,12.1597,19.01,4.382,1.6
ROGUE,47,47,56,25,68,20,19,16,644,533,29,158797,3302940.0,70,18,235.44444444444446,10,86345,281,235,89578435,158730,1113461,182287,510,12.170799444444445,19.04,4.369,1.6
ROGUE,47,48,57,25,70,20,19,17,666,552,30,165768,3436860.0,71,19,236.55555555555554,10,88217,288,240,95524204,165730,1155730,190576,74,12.173894444444445,20.04,4.355,1.7
ROGUE,47,49,60,25,73,20,19,17,695,582,32,172896,3572700.0,73,19,239.77777777777777,10,89998,295,246,101736569,172835,1198309,199355,730,12.177002777777778,20.04,4.341,1.7
ROGUE,47,50,60,25,75,20,20,18,717,597,33,180168,3711060.0,74,19,260.4117647058824,11,91749,301,250,108224503,180135,1241627,208253,240,12.180124166666667,20.07,4.327,1.8
ROGUE,47,51,62,25,77,21,20,19,747,621,35,187584,3850860.0,76,20,231.9,11,94290,308,257,114909523,187537,1284994,217214,344,12.183258055555555,21.11,4.313,1.9
ROGUE,47,52,63,25,79,21,20,20,768,640,36,195159,3992940.0,76,20,240.7,11,96772,315,261,122018016,195137,1328844,226623,171,12.186404722222223,21.11,4.298,2.0
ROGUE,47,53,65,26,81,21,21,20,802,667,38,202876,4137180.0,78,20,245.7,11,98556,322,266,129321477,202808,1373303,236190,43,12.19869861111111,21.14,4.284,2.0
ROGUE,47,54,66,26,84,21,21,20,826,685,39,210745,4283820.0,79,20,234.5,11,100379,329,272,137009465,210729,1418341,245992,463,12.2020225,21.14,4.27,2.0
ROGUE,47,55,68,26,87,21,22,20,856,716,41,218769,4433400.0,81,20,277.5,12,102246,336,276,144889299,218708,1464462,255954,541,12.205358888888888,21.17,4.255,2.0
ROGUE,47,56,70,27,88,21,22,20,879,735,42,226941,4584960.0,83,20,258.3636363636364,12,104826,342,279,153001310,226863,1510972,265984,81,12.218377222222221,21.17,4.24,2.0
ROGUE,47,57,74,28,89,21,22,20,913,763,44,235255,4745160.0,85,20,257.72727272727275,12,107212,349,286,161563638,235197,1562652,277059,170,12.231791944444444,21.17,4.226,2.0
ROGUE,47,58,77,28,89,23,23,20,947,790,46,243732,4908660.0,87,20,253.1818181818182,12,109124,355,291,170299017,243712,1615545,288344,458,12.235478888888888,21.27,4.211,2.0
ROGUE,47,59,79,28,91,23,23,20,967,812,47,252364,5074680.0,88,20,248.54545454545453,12,111058,361,299,179426263,252293,1669259,299841,210,12.239178611111111,21.27,4.196,2.0
ROGUE,47,60,81,28,93,23,24,21,1003,842,49,261132,5243100.0,90,20,285.4736842105263,13,112971,368,303,188922971,261102,1723692,311566,558,12.242891111111112,21.3,4.18,2.1
ROGUE,47,61,83,28,94,24,26,21,1036,874,51,270053,5412900.0,92,20,252.91666666666666,13,115589,374,307,198690953,270004,1778127,323433,357,12.246616111111111,21.4,4.165,2.1
ROGUE,47,62,84,28,97,26,26,21,1072,906,53,278731,5577720.0,93,20,263.4166666666667,13,117370,381,312,208377077,278717,1830890,334961,667,12.250353888888888,21.47,4.15,2.1
ROGUE,47,63,86,29,98,26,26,21,1094,927,54,287818,5750340.0,95,20,262.5833333333333,13,119221,387,316,218559679,287738,1886344,347041,561,12.265032222222223,21.47,4.134,2.1
ROGUE,47,64,90,30,98,27,26,21,1124,961,56,297049,5925840.0,97,20,261.6666666666667,13,121047,394,321,229275832,296990,1942834,359269,639,12.280123333333334,21.51,4.119,2.1
ROGUE,47,65,92,30,100,28,27,21,1162,993,58,306433,6103260.0,99,20,305.45,14,122963,400,326,240382362,306427,1999643,371718,82,12.284223055555556,21.57,4.103,2.1
ROGUE,47,66,94,31,102,28,28,21,1199,1031,60,315963,6282000.0,101,20,263.2307692307692,14,125381,407,331,251602298,315903,2056523,384306,636,12.299906944444444,21.61,4.088,2.1
ROGUE,47,67,99,31,102,28,28,22,1236,1065,62,325553,6461520.0,103,20,263.38461538461536,14,127218,413,335,263138525,325459,2113612,396948,0,12.304197777777778,21.61,4.072,2.2
ROGUE,47,68,100,31,103,29,28,23,1259,1087,63,334923,6636780.0,105,20,274.9230769230769,14,128985,419,341,274563572,334832,2169373,409287,857,12.308501388888889,21.64,4.056,2.3
ROGUE,47,69,105,31,104,29,28,23,1296,1122,65,344663,6819120.0,107,20,274.15384615384613,14,130795,426,347,286741867,344623,2227554,422119,446,12.312818055555555,21.64,4.04,2.3
ROGUE,47,70,108,31,106,29,29,23,1332,1159,67,354561,7003980.0,110,20,317.76190476190476,15,132624,433,350,299271090,354551,2286503,435143,289,12.3171475,21.68,4.024,2.3
ROGUE,47,71,108,32,110,29,29,24,1374,1194,69,364592,7190220.0,111,20,275.85714285714283,15,135151,440,356,312097539,364561,2345615,448249,926,12.333973888888888,21.68,4.008,2.4
ROGUE,47,72,108,32,114,31,29,24,1414,1227,71,374778,7378740.0,111,20,273.57142857142856,15,136896,447,361,325350945,374773,2405314,461583,1181,12.338497222222221,21.75,3.991,2.4
ROGUE,47,73,110,32,116,31,30,25,1452,1266,73,384679,7563540.0,113,20,275.57142857142856,15,138608,453,365,338323229,384652,2464600,474665,38,12.34303361111111,21.78,3.975,2.5
ROGUE,47,74,112,33,118,32,30,25,1487,1304,75,395029,7761960.0,114,20,282.0,15,140568,460,371,352124080,394950,2530468,489256,819,12.360656944444445,21.82,3.958,2.5
ROGUE,47,75,113,34,121,33,30,25,1527,1340,77,405520,7963920.0,115,20,324.45454545454544,16,142470,467,376,366323029,405438,2597938,503936,1094,12.378716666666667,21.85,3.942,2.5
ROGUE,47,76,115,34,122,34,32,25,1570,1377,79,416157,8166000.0,117,20,284.53333333333336,16,145264,473,382,380854116,416077,2664543,518821,460,12.383635555555555,21.96,3.925,2.5
ROGUE,47,77,117,35,124,34,33,25,1609,1419,81,426947,8370180.0,118,20,297.1333333333333,16,147177,480,385,395930918,426900,2731651,533978,784,12.402321666666667,21.99,3.908,2.5
ROGUE,47,78,120,35,125,35,33,26,1649,1458,83,437416,8568000.0,121,20,300.4,16,148973,486,391,410709977,437340,2796736,548593,347,12.40744138888889,22.03,3.892,2.6
ROGUE,47,79,120,36,130,35,33,26,1691,1502,85,448282,8773740.0,121,20,302.4,16,150811,493,396,426207685,448230,2864682,563742,966,12.426760277777777,22.03,3.875,2.6
ROGUE,47,80,121,36,132,35,33,29,1738,1542,87,459289,8981160.0,122,20,293.0625,17,152721,500,401,442243151,459241,2932958,579156,513,12.43208361111111,22.03,3.858,2.9
ROGUE,47,81,123,36,134,36,34,29,1783,1582,89,470441,9190740.0,124,20,310.75,17,155145,506,407,458550800,470400,3001864,594493,120,12.437420555555555,22.1,3.84,2.9
ROGUE,47,82,126,36,136,36,35,29,1823,1627,91,481741,9402120.0,125,20,295.125,17,156997,513,413,475291514,481618,3071213,610147,786,12.442770833333332,22.14,3.823,2.9
ROGUE,47,83,127,36,140,36,35,30,1866,1667,93,492759,9607920.0,127,20,294.375,17,158766,520,418,492136215,492743,3138597,625394,1062,12.448134166666666,22.14,3.806,3.0
ROGUE,47,84,131,36,142,36,35,30,1911,1706,95,504217,9821580.0,127,20,300.0,17,160650,527,422,509559683,504173,3208677,641229,334,12.453510833333333,22.14,3.789,3.0
ROGUE,47,85,133,37,145,36,35,30,1954,1746,97,515834,1.003914E7,129,20,342.0416666666667,18,162492,533,427,527529183,515730,3280568,657194,972,12.474239166666667,22.14,3.771,3.0
ROGUE,47,86,135,37,146,37,35,32,1994,1786,99,527592,1.02573E7,131,20,316.3529411764706,18,165158,540,431,545866895,527469,3351992,673161,276,12.479821944444444,22.17,3.754,3.2
ROGUE,47,87,136,39,149,37,35,32,2039,1826,101,539509,1.047738E7,131,20,303.7647058823529,18,166979,546,437,564878121,539390,3423790,689469,728,12.5170725,22.17,3.736,3.2
ROGUE,47,88,136,39,153,37,36,33,2084,1871,103,551021,1.06926E7,133,20,310.3529411764706,18,168762,553,441,583317320,550918,3495156,705741,87,12.5230475,22.21,3.718,3.3
ROGUE,47,89,141,39,153,37,37,33,2128,1917,105,562986,1.092138E7,133,20,308.5882352941176,18,170751,560,446,602748939,562888,3573135,723321,146,12.529036111111111,22.25,3.701,3.3
ROGUE,47,90,144,40,155,38,37,34,2188,1976,108,575096,1.115238E7,135,20,363.04,19,172778,566,452,622593603,574991,3651836,741179,647,12.551543055555555,22.28,3.683,3.4
ROGUE,47,91,147,40,156,39,37,35,2234,2018,110,587347,1.138446E7,137,20,313.8333333333333,19,175158,573,457,642952821,587276,3730425,758985,352,12.557744166666666,22.32,3.665,3.5
ROGUE,47,92,149,40,160,39,37,35,2281,2064,112,599617,1.161708E7,137,20,318.44444444444446,19,177000,580,462,663874062,599606,3809419,776812,1081,12.563959444444444,22.32,3.647,3.5
ROGUE,47,93,151,40,162,40,37,36,2328,2108,114,611794,1.184694E7,139,20,325.6666666666667,19,178882,586,470,684417410,611662,3887393,794580,1005,12.570188333333334,22.36,3.629,3.6
ROGUE,47,94,153,40,164,42,37,36,2377,2150,116,624361,1.208442E7,139,20,317.27777777777777,19,180810,593,473,706154459,624311,3968071,812945,862,12.576430555555556,22.43,3.611,3.6
ROGUE,47,95,156,40,165,43,37,37,2422,2195,118,637072,1.232334E7,141,20,370.8076923076923,20,182785,599,485,728320316,636960,4049023,831432,515,12.582686388888888,22.47,3.592,3.7
ROGUE,47,96,160,41,167,43,37,38,2483,2255,121,649937,1.2564E7,143,20,330.94736842105266,20,184968,606,488,751107274,649932,4130190,849939,321,12.606668055555556,22.47,3.574,3.8
ROGUE,47,97,164,42,167,43,37,39,2531,2298,123,662441,1.279764E7,143,20,334.5263157894737,20,186743,612,491,773319420,662373,4209190,867964,90,12.631128333333333,22.47,3.556,3.9
ROGUE,47,98,167,42,168,44,38,39,2579,2346,125,675342,1.303788E7,145,20,332.94736842105266,20,188592,618,495,796468127,675243,4290253,886558,2,12.637803333333334,22.54,3.537,3.9
ROGUE,47,99,168,43,171,44,39,39,2631,2390,127,688392,1.328112E7,145,20,341.89473684210526,20,190429,625,498,820205020,688293,4372576,905325,509,12.66295,22.58,3.519,3.9
ROGUE,47,100,170,43,174,45,39,39,2680,2442,129,701587,1.35264E7,147,20,339.1578947368421,20,192313,632,506,844534374,701488,4455502,924464,1727,12.669844444444445,22.62,3.5,3.9
ROGUE,48,1,4,8,17,7,8,10,7,4,0,0,0.0,17,10,95.0,1,0,1,1,0,0,0,0,0,12.013353888888888,10.33,4.83,1.0
ROGUE,48,2,5,8,17,7,9,10,10,10,0,28,720.0,17,10,95.0,1,32,7,7,310,17,286,32,66,12.013658888888889,10.36,4.83,1.0
ROGUE,48,3,5,9,19,7,10,10,21,21,1,210,4680.0,18,10,95.0,1,196,13,13,6530,204,1594,196,0,12.016188055555556,10.38,4.814,1.0
ROGUE,48,4,5,9,20,7,11,10,28,25,1,581,13320.0,18,10,97.0,1,579,18,19,26204,564,4694,579,26,12.01669388888889,10.41,4.81,1.0
ROGUE,48,5,6,9,20,7,11,11,32,31,1,1089,25260.0,20,10,115.0,2,1123,24,22,62169,1086,8991,1123,54,12.017235,10.41,4.805,1.1
ROGUE,48,6,7,9,22,7,11,12,45,42,2,1753,40740.0,21,10,116.0,2,1829,30,25,122402,1746,14579,1829,57,12.017804166666666,10.41,4.8,1.2
ROGUE,48,7,9,9,22,7,11,12,51,47,2,2581,60240.0,22,11,104.0,2,2716,36,32,211486,2565,21710,2716,110,12.018396666666666,11.41,4.794,1.2
ROGUE,48,8,10,9,23,7,11,12,58,52,2,3538,82140.0,24,11,121.0,2,3779,41,39,334467,3533,29491,3779,96,12.019009444444444,11.41,4.788,1.2
ROGUE,48,9,12,10,24,7,11,12,67,63,3,4659,107580.0,25,11,124.0,2,5003,47,44,492838,4652,38525,5003,81,12.022286944444444,11.41,4.781,1.2
ROGUE,48,10,13,10,24,7,11,13,71,69,3,5928,136380.0,26,11,120.5,3,6386,53,47,696572,5902,48777,6386,113,12.023020555555556,11.41,4.774,1.3
ROGUE,48,11,14,10,25,7,11,13,76,76,3,7354,168960.0,28,11,123.0,3,7930,59,53,951263,7332,60449,7930,77,12.023770833333334,11.41,4.767,1.3
ROGUE,48,12,14,11,26,7,11,13,81,80,3,8932,204780.0,28,11,136.5,3,9662,64,58,1265652,8928,73235,9662,105,12.027509166666666,11.41,4.759,1.3
ROGUE,48,13,15,11,28,7,12,13,90,94,4,10650,243240.0,29,12,132.5,3,11470,71,63,1643283,10636,86808,11470,51,12.028383055555556,12.44,4.751,1.3
ROGUE,48,14,15,11,29,7,12,14,95,98,4,12519,284700.0,29,12,132.0,3,13491,77,68,2078330,12492,101334,13491,43,12.029271388888889,12.44,4.743,1.4
ROGUE,48,15,16,11,32,7,12,14,106,110,5,14546,329880.0,31,12,141.0,4,15725,84,73,2592513,14527,117234,15725,15,12.03017388888889,12.44,4.735,1.4
ROGUE,48,16,17,11,32,8,12,14,112,114,5,16720,377520.0,32,12,143.33333333333334,4,18117,89,79,3187698,16697,133764,18117,105,12.031089166666666,12.47,4.726,1.4
ROGUE,48,17,18,11,32,8,12,15,116,120,5,19041,428460.0,33,12,146.66666666666666,4,20586,94,84,3865429,19033,151482,20586,111,12.032016666666667,12.47,4.717,1.5
ROGUE,48,18,19,11,33,8,13,16,127,131,6,21510,482580.0,34,12,150.0,4,23258,100,88,4626978,21508,170325,23258,152,12.032956111111112,12.5,4.708,1.6
ROGUE,48,19,19,11,34,8,14,16,132,138,6,24131,540120.0,34,12,157.33333333333334,4,26078,106,94,5483058,24126,190439,26078,216,12.033906666666667,12.52,4.699,1.6
ROGUE,48,20,20,11,35,8,16,16,143,150,7,26905,601920.0,36,13,161.0,5,28911,112,97,6415662,26871,212422,29159,154,12.0348675,13.58,4.689,1.6
ROGUE,48,21,22,11,35,8,16,16,147,158,7,29831,665100.0,38,13,167.0,5,31577,117,105,7480770,29821,234171,32457,88,12.03583888888889,13.58,4.679,1.6
ROGUE,48,22,23,11,36,9,16,17,158,168,8,32912,731160.0,38,13,169.75,5,33808,123,110,8633723,32899,256813,35827,163,12.036819722222223,13.61,4.669,1.7
ROGUE,48,23,25,12,37,9,16,17,169,179,9,36143,802380.0,40,13,167.5,5,36134,130,114,9928369,36138,281966,39713,325,12.041971666666667,13.61,4.659,1.7
ROGUE,48,24,26,13,37,9,16,17,176,184,9,39514,874320.0,41,13,175.25,5,38346,135,119,11324412,39498,306591,43422,279,12.047424166666667,13.61,4.649,1.7
ROGUE,48,25,30,13,37,9,16,17,188,198,10,43037,950160.0,44,13,187.08333333333334,6,40522,141,124,12856417,43022,332833,47457,56,12.04865611111111,13.61,4.638,1.7
ROGUE,48,26,31,13,38,9,16,17,193,206,10,46721,1028400.0,45,13,187.6,6,42576,147,130,14539243,46718,359575,51449,183,12.049898333333333,13.61,4.628,1.7
ROGUE,48,27,33,13,38,10,17,17,205,219,11,50542,1109280.0,46,14,181.6,6,44719,153,136,16344110,50528,387186,55765,164,12.051150555555555,14.67,4.62,1.7
ROGUE,48,28,35,15,38,10,17,17,217,231,12,54519,1191780.0,48,14,192.0,6,46964,158,141,18268727,54472,414775,60166,260,12.062231944444445,14.67,4.62,1.7
ROGUE,48,29,36,15,38,11,17,17,223,238,12,58658,1279680.0,49,14,182.6,6,49372,163,145,20389313,58648,444896,64992,88,12.06374138888889,14.7,4.62,1.7
ROGUE,48,30,38,16,38,11,17,18,239,248,13,62938,1372380.0,51,14,202.6153846153846,7,51089,168,148,22647110,62911,477401,70130,57,12.070516666666666,14.7,4.62,1.8
ROGUE,48,31,41,16,39,11,17,18,251,264,14,67367,1467780.0,53,14,189.16666666666666,7,53424,175,154,25074936,67348,510684,75431,121,12.072170833333333,14.7,4.61,1.8
ROGUE,48,32,41,17,41,11,18,18,265,277,15,71946,1565040.0,53,14,193.16666666666666,7,55778,182,161,27663945,71906,544195,80841,148,12.079407777777778,14.73,4.59,1.8
ROGUE,48,33,42,17,41,12,18,18,271,284,15,76687,1666380.0,55,14,191.83333333333334,7,58139,187,165,30458715,76676,579351,86453,18,12.08121,14.76,4.59,1.8
ROGUE,48,34,44,17,42,13,18,18,285,299,16,81574,1770360.0,56,15,192.5,7,59785,193,171,33360010,81571,615294,92259,402,12.083023611111111,15.79,4.58,1.8
ROGUE,48,35,46,17,42,15,18,18,297,315,17,86609,1874520.0,58,15,199.14285714285714,8,61491,199,176,36446603,86555,650308,98145,372,12.084848333333333,15.85,4.58,1.8
ROGUE,48,36,47,18,44,15,18,18,310,330,18,91801,1983480.0,59,15,208.0,8,63883,206,180,39740744,91775,687484,104371,324,12.092838333333333,15.85,4.56,1.8
ROGUE,48,37,47,18,46,16,18,19,330,346,19,97133,2094840.0,59,15,201.42857142857142,8,66323,212,184,43208480,97085,725411,110776,464,12.094815277777778,15.88,4.54,1.9
ROGUE,48,38,47,18,48,16,18,19,338,355,19,102636,2208720.0,60,15,217.0,8,68299,219,191,46921755,102631,763811,117280,216,12.096803333333334,15.88,4.52,1.9
ROGUE,48,39,49,18,49,16,19,19,355,371,20,108272,2323560.0,61,16,212.42857142857142,8,69979,225,195,50809437,108239,802068,124015,372,12.098802222222222,16.91,4.51,1.9
ROGUE,48,40,50,18,51,16,20,19,372,387,21,114065,2442960.0,63,16,231.0,9,71767,232,200,54889902,114045,842360,131141,205,12.100811666666667,16.95,4.49,1.9
ROGUE,48,41,52,18,52,16,21,19,391,403,22,120018,2564100.0,65,16,211.0,9,74220,238,204,59211259,119967,882791,138381,133,12.10283138888889,16.98,4.48,1.9
ROGUE,48,42,52,19,54,16,22,19,409,422,23,126115,2687280.0,65,16,212.125,9,76660,245,211,63803326,126077,923588,145712,506,12.111890277777778,17.01,4.46,1.9
ROGUE,48,43,53,19,56,17,22,19,429,439,24,132363,2810700.0,66,17,213.125,9,78506,252,216,68540287,132317,963477,152904,126,12.114066666666666,18.04,4.44,1.9
ROGUE,48,44,53,20,58,18,22,19,445,453,25,138758,2936160.0,66,17,229.125,9,80208,258,221,73571878,138719,1003780,160418,264,12.123634166666667,18.07,4.42,1.9
ROGUE,48,45,56,20,58,18,22,20,463,468,26,145288,3064620.0,69,17,252.625,10,81919,264,225,78797394,145230,1045299,168128,386,12.125970833333334,18.07,4.42,2.0
ROGUE,48,46,58,20,59,19,22,20,480,487,27,151958,3195000.0,71,17,223.11111111111111,10,84392,270,233,84325358,151923,1087136,175963,353,12.128318055555555,18.11,4.41,2.0
ROGUE,48,47,59,21,61,20,22,21,505,513,29,158776,3326820.0,71,18,235.66666666666666,10,86728,277,238,90070268,158739,1128964,183950,46,12.138555,19.14,4.39,2.1
ROGUE,48,48,61,21,61,21,23,21,523,532,30,165751,3460680.0,73,18,223.11111111111111,10,88421,283,242,96139803,165744,1171077,192301,330,12.141065555555556,19.2,4.39,2.1
ROGUE,48,49,64,21,62,22,23,22,551,559,32,172875,3597300.0,75,18,228.77777777777777,10,90067,289,246,102356476,172826,1214139,200858,26,12.143586944444445,19.24,4.38,2.2
ROGUE,48,50,65,22,64,22,23,22,571,580,33,180148,3736380.0,76,18,261.5882352941176,11,91789,296,251,108849791,180101,1257822,209627,404,12.154508055555555,19.24,4.36,2.2
ROGUE,48,51,66,22,67,22,24,23,597,610,35,187565,3877260.0,78,19,247.4,11,94295,304,256,115615516,187540,1301777,218395,368,12.157196388888888,20.27,4.33,2.3
ROGUE,48,52,66,22,71,22,24,23,617,630,36,195146,4019820.0,78,19,240.7,11,96785,311,260,122694211,195106,1345916,227614,275,12.159895277777778,20.27,4.298,2.3
ROGUE,48,53,67,22,73,24,25,23,645,658,38,202870,4164900.0,79,19,235.7,11,98552,318,266,130119841,202828,1390900,237033,643,12.162605,20.37,4.284,2.3
ROGUE,48,54,67,23,75,25,25,23,665,678,39,210735,4312680.0,79,20,233.7,11,100264,324,270,137708162,210728,1436794,246558,639,12.174383333333333,21.4,4.27,2.3
ROGUE,48,55,71,23,76,26,25,23,690,711,41,218758,4461360.0,82,20,278.6111111111111,12,102128,331,276,145573435,218724,1482269,256699,213,12.177263333333334,21.44,4.255,2.3
ROGUE,48,56,72,23,79,26,25,23,712,731,42,226933,4612860.0,84,20,242.36363636363637,12,104696,338,281,153775329,226924,1528682,266861,113,12.180154166666666,21.44,4.24,2.3
ROGUE,48,57,72,25,82,26,25,24,745,762,44,235252,4772820.0,84,20,243.0909090909091,12,107017,345,286,162280382,235240,1580175,278009,2034,12.202319166666667,21.44,4.226,2.4
ROGUE,48,58,74,25,84,27,26,24,775,795,46,243722,4935360.0,86,20,249.45454545454547,12,108871,352,290,171116389,243640,1632514,289472,310,12.205537222222222,21.51,4.211,2.4
ROGUE,48,59,74,25,87,28,26,24,799,816,47,252348,5100660.0,86,20,259.3636363636364,12,110802,359,295,180307153,252326,1685651,301117,266,12.20876638888889,21.54,4.196,2.4
ROGUE,48,60,76,26,90,28,26,24,830,850,49,261117,5268600.0,88,20,287.5263157894737,13,112782,366,302,189820254,261098,1739740,312947,522,12.222223611111112,21.54,4.18,2.4
ROGUE,48,61,77,27,92,30,26,24,864,882,51,270033,5437920.0,89,20,261.0833333333333,13,115637,372,307,199590442,269986,1793854,324897,1,12.236085,21.61,4.165,2.4
ROGUE,48,62,80,27,94,30,27,24,897,919,53,278708,5602260.0,91,20,256.75,13,117421,379,312,209265337,278691,1846282,336524,242,12.239663055555555,21.64,4.15,2.4
ROGUE,48,63,81,27,96,31,27,24,923,942,54,287793,5774160.0,92,20,269.25,13,119294,386,317,219643150,287791,1901154,348676,128,12.243252777777778,21.68,4.134,2.4
ROGUE,48,64,85,27,98,31,27,24,960,975,56,297029,5948340.0,94,20,263.4166666666667,13,121129,393,321,230245555,296992,1956689,361087,830,12.246854166666667,21.68,4.119,2.4
ROGUE,48,65,87,27,99,32,29,24,993,1010,58,306414,6125040.0,96,20,303.45,14,122972,399,326,241191039,306380,2013003,373582,637,12.250466944444444,21.78,4.103,2.4
ROGUE,48,66,87,28,103,32,29,25,1030,1046,60,315943,6303300.0,97,20,263.3076923076923,14,125471,406,331,252457645,315884,2069498,386242,491,12.265425277777778,21.78,4.088,2.5
ROGUE,48,67,89,29,105,32,29,26,1065,1084,62,325541,6482880.0,98,20,265.0769230769231,14,127263,413,336,263924736,325454,2126532,399007,1527,12.280801666666667,21.78,4.072,2.6
ROGUE,48,68,89,30,108,32,29,26,1089,1111,63,334900,6657960.0,99,20,270.46153846153845,14,129064,419,340,275512590,334862,2182184,411368,156,12.296598333333334,21.78,4.056,2.6
ROGUE,48,69,91,30,110,33,30,26,1128,1150,65,344643,6840300.0,100,20,268.0769230769231,14,130970,426,345,287627133,344560,2240369,424171,1041,12.300748333333333,21.85,4.04,2.6
ROGUE,48,70,93,31,111,33,32,26,1164,1191,67,354539,7024800.0,102,20,317.8095238095238,15,132824,432,351,300226693,354449,2299052,437329,386,12.3171475,21.92,4.024,2.6
ROGUE,48,71,94,32,114,33,32,27,1205,1227,69,364564,7210560.0,104,20,277.2857142857143,15,135292,439,355,313128249,364477,2357803,450434,188,12.333973888888888,21.92,4.008,2.7
ROGUE,48,72,94,32,118,33,33,28,1243,1264,71,374753,7398840.0,104,20,280.7857142857143,15,137066,446,359,326439090,374669,2417281,463786,858,12.338497222222221,21.96,3.991,2.8
ROGUE,48,73,97,33,119,34,33,28,1281,1305,73,384660,7582980.0,106,20,279.92857142857144,15,138839,453,366,339473963,384568,2476000,477006,1163,12.355937222222222,21.99,3.975,2.8
ROGUE,48,74,98,33,123,34,33,29,1323,1345,75,395004,7780440.0,107,20,276.35714285714283,15,140785,460,371,353527974,394956,2541116,491803,513,12.360656944444445,21.99,3.958,2.9
ROGUE,48,75,101,33,124,35,34,29,1362,1387,77,405490,7981020.0,109,20,322.6818181818182,16,142723,466,376,367757755,405442,2607580,506653,351,12.36539,22.07,3.942,2.9
ROGUE,48,76,104,33,125,36,35,29,1401,1429,79,416132,8182680.0,112,20,297.8666666666667,16,145243,472,382,382472651,416078,2673820,521569,899,12.370135555555555,22.14,3.925,2.9
ROGUE,48,77,107,33,127,36,36,29,1443,1472,81,426922,8387400.0,113,20,293.1333333333333,16,147153,479,387,397632201,426844,2741323,536665,621,12.37489388888889,22.17,3.908,2.9
ROGUE,48,78,107,34,130,36,38,29,1486,1513,83,437391,8585040.0,114,20,288.4,16,148986,486,392,412627090,437353,2806203,551404,679,12.393512222222222,22.25,3.892,2.9
ROGUE,48,79,108,34,133,38,38,29,1526,1557,85,448255,8790180.0,115,20,287.73333333333335,16,150971,493,396,428172146,448183,2873740,566664,816,12.39847,22.32,3.875,2.9
ROGUE,48,80,109,34,136,38,39,30,1566,1604,87,459263,8997120.0,116,20,293.1875,17,152957,499,401,444122002,459223,2941606,582239,1063,12.403440555555555,22.36,3.858,3.0
ROGUE,48,81,112,34,139,38,39,30,1603,1652,89,470421,9205380.0,119,20,300.8125,17,155319,506,405,460440600,470372,3009506,597877,1318,12.408423611111111,22.36,3.84,3.0
ROGUE,48,82,115,34,141,39,39,30,1647,1695,91,481718,9417120.0,120,20,305.1875,17,157155,513,412,477290394,481693,3079021,613545,1440,12.413419166666667,22.39,3.823,3.0
ROGUE,48,83,118,35,142,40,39,30,1686,1740,93,492737,9623460.0,123,20,299.4375,17,158892,519,416,493899420,492687,3146865,628845,444,12.433238055555556,22.43,3.806,3.0
ROGUE,48,84,121,35,144,40,40,30,1724,1791,95,504194,9836940.0,124,20,310.0625,17,160758,526,421,511203380,504143,3216778,644847,565,12.43843611111111,22.47,3.789,3.0
ROGUE,48,85,123,36,145,41,41,30,1763,1836,97,515809,1.005294E7,126,20,341.5,18,162604,532,428,528981626,515695,3287553,661094,156,12.458900277777778,22.54,3.771,3.0
ROGUE,48,86,124,36,148,42,41,31,1807,1883,99,527569,1.027026E7,128,20,319.88235294117646,18,165049,539,432,547406055,527539,3358277,677263,1270,12.4643025,22.58,3.754,3.1
ROGUE,48,87,127,36,149,43,41,32,1851,1927,101,539481,1.048998E7,129,20,313.29411764705884,18,166871,545,440,566014572,539389,3429892,693693,15,12.469717777777777,22.62,3.736,3.2
ROGUE,48,88,127,36,152,44,42,33,1897,1975,103,550997,1.070454E7,130,20,317.4117647058824,18,168683,552,444,584412085,550870,3500789,709998,726,12.475145277777777,22.69,3.718,3.3
ROGUE,48,89,129,36,154,44,42,35,1943,2021,105,562961,1.093266E7,131,20,319.1764705882353,18,170707,559,447,604083680,562910,3578239,727748,337,12.480585555555555,22.69,3.701,3.5
ROGUE,48,90,131,36,157,46,42,36,1999,2086,108,575069,1.11627E7,133,20,363.04,19,172715,565,453,623994767,574962,3656288,745797,511,12.486038055555555,22.77,3.683,3.6
ROGUE,48,91,134,36,159,46,43,36,2040,2140,110,587320,1.139364E7,136,20,331.3333333333333,19,175223,572,459,644567531,587256,3734049,763800,371,12.491503055555556,22.8,3.665,3.6
ROGUE,48,92,136,37,160,47,43,37,2080,2190,112,599593,1.162446E7,137,20,313.8888888888889,19,177064,578,463,665181998,599496,3811808,781890,189,12.513591666666667,22.84,3.647,3.7
ROGUE,48,93,138,37,162,48,44,37,2123,2244,114,611776,1.185354E7,139,20,324.55555555555554,19,178930,585,467,686015399,611689,3889084,799998,1388,12.519264166666666,22.92,3.629,3.7
ROGUE,48,94,142,37,162,48,45,38,2166,2296,116,624342,1.208952E7,139,20,324.0,19,180890,591,471,707753615,624338,3968690,818459,1355,12.524948888888888,22.96,3.611,3.8
ROGUE,48,95,144,38,164,48,45,39,2211,2345,118,637052,1.232754E7,141,20,365.46153846153845,20,182828,598,477,729851407,636987,4049009,837267,174,12.5479025,22.96,3.592,3.9
ROGUE,48,96,148,38,165,48,47,40,2269,2414,121,649920,1.256706E7,143,20,339.42105263157896,20,185125,604,481,752594313,649818,4129450,856113,743,12.553797222222222,23.03,3.574,4.0
ROGUE,48,97,151,38,166,49,47,41,2309,2469,123,662425,1.27998E7,143,20,326.2105263157895,20,186974,611,487,774899330,662402,4207686,874332,1439,12.559704722222222,23.07,3.556,4.1
ROGUE,48,98,155,38,166,49,49,41,2350,2527,125,675326,1.303878E7,145,20,342.4736842105263,20,188841,617,492,798290767,675272,4287841,893138,1327,12.565624166666666,23.15,3.537,4.1
ROGUE,48,99,155,38,171,49,50,41,2394,2585,127,688373,1.32801E7,145,20,335.63157894736844,20,190785,624,497,821963893,688322,4368811,912155,788,12.57155611111111,23.19,3.519,4.1
ROGUE,48,100,157,38,173,51,50,41,2438,2641,129,701570,1.352388E7,147,20,324.8421052631579,20,192690,630,502,846358934,701517,4450658,931462,1334,12.5775,23.26,3.5,4.1
ROGUE,49,1,12,11,9,10,10,9,8,6,0,0,0.0,21,9,95.0,1,0,1,1,0,0,0,0,0,12.019569166666667,9.47,4.91,0.9
ROGUE,49,2,12,12,10,10,10,9,15,12,0,29,780.0,21,9,95.0,1,33,6,3,340,21,323,33,94,12.022219166666666,9.47,4.9,0.9
ROGUE,49,3,13,12,12,10,11,9,30,22,1,214,5100.0,22,10,96.0,1,219,11,13,6940,210,1862,219,36,12.0228625,10.5,4.88,0.9
ROGUE,49,4,14,12,12,10,11,10,37,26,1,574,13560.0,23,10,98.0,1,624,16,17,26493,562,4936,624,54,12.023576666666667,10.5,4.88,1.0
ROGUE,49,5,15,12,12,10,11,11,42,32,1,1079,25560.0,24,10,100.0,2,1182,21,20,62736,1068,9330,1182,54,12.024340833333333,10.5,4.88,1.1
ROGUE,49,6,18,12,12,10,12,11,54,44,2,1736,41100.0,27,10,102.0,2,1900,26,27,120475,1734,15018,1900,61,12.025144722222223,10.52,4.88,1.1
ROGUE,49,7,19,12,12,11,12,11,61,48,2,2555,60480.0,27,10,104.0,2,2800,30,33,206593,2544,22155,2800,58,12.025981666666667,10.55,4.88,1.1
ROGUE,49,8,20,12,13,11,12,11,67,55,2,3520,83760.0,29,10,121.0,2,3909,36,37,330835,3516,30856,3909,60,12.026846944444445,10.55,4.87,1.1
ROGUE,49,9,21,12,14,13,12,11,82,66,3,4644,110580.0,29,10,110.0,2,5150,42,43,496270,4618,40855,5150,97,12.0277375,10.61,4.86,1.1
ROGUE,49,10,21,12,16,13,12,11,88,74,3,5917,141000.0,30,10,134.22222222222223,3,6639,48,47,695603,5894,52190,6639,37,12.028650555555556,10.61,4.84,1.1
ROGUE,49,11,22,12,16,14,12,11,95,79,3,7346,174840.0,32,10,134.0,3,8254,53,52,960184,7334,64721,8254,137,12.029584166666666,10.64,4.84,1.1
ROGUE,49,12,22,13,17,14,12,11,103,86,3,8931,212220.0,32,11,130.0,3,10015,58,59,1268724,8902,78567,10015,105,12.033615277777777,11.64,4.83,1.1
ROGUE,49,13,25,13,18,14,12,11,115,100,4,10648,252240.0,34,11,133.5,3,11978,65,65,1640480,10630,93219,11978,71,12.034683055555556,11.64,4.82,1.1
ROGUE,49,14,25,13,19,14,12,12,121,105,4,12519,296040.0,34,11,133.5,3,14085,71,69,2080145,12500,109364,14085,115,12.035768888888889,11.64,4.81,1.2
ROGUE,49,15,27,13,20,15,12,12,131,120,5,14545,343140.0,36,11,152.1,4,16408,77,74,2593012,14510,126642,16408,115,12.036871666666666,11.67,4.8,1.2
ROGUE,49,16,27,13,21,15,12,13,139,127,5,16726,393300.0,37,11,145.0,4,18893,82,81,3183256,16706,144866,18893,61,12.03799,11.67,4.79,1.3
ROGUE,49,17,28,13,22,15,12,13,147,133,5,19055,446880.0,38,11,156.33333333333334,4,21471,88,86,3854609,19037,164386,21471,95,12.039123611111112,11.67,4.78,1.3
ROGUE,49,18,31,13,22,15,12,14,159,146,6,21524,503220.0,40,12,151.66666666666666,4,24380,94,89,4602752,21519,184777,24380,184,12.04027138888889,12.67,4.78,1.4
ROGUE,49,19,32,13,22,15,12,15,166,151,6,24157,562860.0,41,12,164.0,4,27474,99,94,5448970,24119,206264,27474,152,12.041432777777779,12.67,4.78,1.5
ROGUE,49,20,33,13,23,16,12,16,179,161,7,26930,625500.0,42,12,170.54545454545453,5,29944,105,99,6413486,26907,228745,30715,166,12.042607222222221,12.7,4.77,1.6
ROGUE,49,21,34,14,23,16,12,16,186,166,7,29867,691680.0,44,12,165.0,5,32350,109,106,7469854,29847,252479,34098,160,12.047866944444445,12.7,4.77,1.6
ROGUE,49,22,36,15,24,16,12,16,201,177,8,32936,760620.0,45,12,167.75,5,34462,116,110,8648388,32927,277160,37647,123,12.053421944444445,12.7,4.76,1.6
ROGUE,49,23,38,16,24,16,12,17,215,189,9,36165,832860.0,47,12,169.75,5,36616,121,115,9936189,36122,302977,41320,305,12.05927638888889,12.7,4.76,1.7
ROGUE,49,24,39,16,25,16,12,17,224,195,9,39541,908280.0,47,12,176.0,5,38911,127,119,11359197,39506,329878,45210,51,12.060843055555555,12.7,4.75,1.7
ROGUE,49,25,42,16,25,16,13,17,238,209,10,43076,987060.0,50,13,187.08333333333334,6,40661,133,126,12918506,43066,357926,49234,44,12.062423611111111,13.73,4.75,1.7
ROGUE,49,26,43,16,25,16,13,18,246,214,10,46757,1068240.0,51,13,178.2,6,42849,137,131,14551515,46716,386600,53552,199,12.0640175,13.73,4.75,1.8
ROGUE,49,27,45,17,26,16,13,18,261,227,11,50586,1152480.0,52,13,178.8,6,45055,144,136,16353946,50557,416268,58041,276,12.07057611111111,13.73,4.74,1.8
ROGUE,49,28,47,17,26,16,14,19,273,243,12,54571,1240140.0,54,13,180.4,6,47401,149,141,18291622,54541,447176,62665,364,12.072317222222223,13.76,4.74,1.9
ROGUE,49,29,48,17,26,16,15,19,281,250,12,58710,1330680.0,55,13,182.8,6,49626,153,144,20381818,58699,478919,67524,328,12.074071388888889,13.79,4.74,1.9
ROGUE,49,30,50,17,27,16,15,20,293,267,13,62988,1424220.0,57,13,187.83333333333334,7,51267,160,151,22614960,62934,511763,72468,305,12.075838055555556,13.79,4.73,2.0
ROGUE,49,31,51,18,29,16,15,20,308,284,14,67417,1520460.0,58,13,194.83333333333334,7,53543,168,155,25032326,67380,545359,77648,233,12.0831275,13.79,4.71,2.0
ROGUE,49,32,54,18,29,16,16,20,324,300,15,71997,1619640.0,60,14,196.83333333333334,7,55909,174,160,27640114,71981,579908,83039,88,12.085045277777779,14.82,4.71,2.0
ROGUE,49,33,55,19,29,16,16,20,333,306,15,76738,1721700.0,61,14,191.83333333333334,7,58262,178,163,30405968,76721,615281,88776,394,12.092805833333333,14.82,4.71,2.0
ROGUE,49,34,58,19,29,16,17,20,351,320,16,81622,1826880.0,63,14,192.5,7,59877,184,170,33345343,81613,651753,94613,90,12.094878611111112,14.85,4.71,2.0
ROGUE,49,35,60,20,29,16,17,21,367,334,17,86658,1935180.0,65,14,199.14285714285714,8,61569,189,175,36472623,86653,689269,100649,236,12.103119722222223,14.85,4.71,2.1
ROGUE,49,36,60,20,32,17,17,21,385,351,18,91845,2045460.0,66,14,202.28571428571428,8,63962,198,180,39727575,91788,727100,106831,224,12.105350277777777,14.88,4.68,2.1
ROGUE,49,37,60,21,34,17,17,22,404,365,19,97172,2158800.0,66,14,201.42857142857142,8,66363,205,185,43273046,97134,766051,113156,492,12.11408138888889,14.88,4.66,2.2
ROGUE,49,38,61,22,34,17,17,22,412,373,19,102673,2275800.0,67,15,217.0,8,68342,209,190,47013334,102612,806354,119609,336,12.123160277777778,15.88,4.66,2.2
ROGUE,49,39,61,22,36,17,18,23,434,388,20,108305,2394540.0,67,15,218.14285714285714,8,70089,216,198,50951944,108240,846899,126463,332,12.125703333333334,15.91,4.64,2.3
ROGUE,49,40,64,22,36,18,18,23,452,404,21,114099,2516580.0,70,15,210.125,9,71795,222,203,55117334,114068,888552,133483,369,12.12826,15.95,4.64,2.3
ROGUE,49,41,65,22,38,18,18,24,471,421,22,120042,2640360.0,71,15,211.0,9,74284,230,207,59489015,120018,930371,140765,201,12.130829444444444,15.95,4.62,2.4
ROGUE,49,42,67,22,38,19,18,25,489,437,23,126125,2767680.0,72,15,212.125,9,76653,235,211,64097925,126092,973677,148046,102,12.133412222222223,15.98,4.62,2.5
ROGUE,49,43,68,22,40,19,19,25,506,457,24,132374,2898000.0,74,16,212.75,9,78581,242,216,68904831,132356,1017828,155582,38,12.136007222222222,17.01,4.6,2.5
ROGUE,49,44,69,23,41,19,20,25,525,472,25,138769,3030240.0,74,16,229.375,9,80394,248,220,73941851,138720,1062339,163533,72,12.146209444444445,17.04,4.59,2.5
ROGUE,49,45,69,23,43,21,20,25,545,488,26,145300,3164820.0,75,16,252.75,10,82238,255,229,79258509,145232,1107520,171747,102,12.148972777777777,17.11,4.57,2.5
ROGUE,49,46,70,23,45,22,20,25,564,506,27,151971,3301740.0,77,16,223.44444444444446,10,84841,262,234,84776705,151968,1153306,180023,65,12.151748611111111,17.14,4.55,2.5
ROGUE,49,47,71,23,47,23,22,25,594,536,29,158791,3441600.0,77,17,235.88888888888889,10,87012,269,236,90472552,158744,1200225,188410,278,12.154536944444445,18.24,4.53,2.5
ROGUE,49,48,73,23,47,23,23,26,612,555,30,165764,3583020.0,79,17,239.0,10,88685,275,241,96484284,165717,1247131,197285,438,12.157337222222223,18.27,4.53,2.6
ROGUE,49,49,74,23,50,24,23,27,638,584,32,172888,3727080.0,80,17,228.88888888888889,10,90506,283,246,102802957,172833,1294811,206436,618,12.160149444444444,18.3,4.5,2.7
ROGUE,49,50,75,23,51,25,23,28,657,600,33,180162,3874020.0,81,17,231.5,11,92358,289,251,109390675,180113,1343526,215689,296,12.162973611111111,18.34,4.49,2.8
ROGUE,49,51,78,23,52,26,24,28,686,631,35,187579,4023180.0,84,17,241.7,11,94961,296,256,116197684,187547,1392749,224946,96,12.165809166666667,18.4,4.48,2.8
ROGUE,49,52,80,25,52,26,24,28,705,651,36,195155,4174440.0,85,18,236.9,11,97093,301,262,123289344,195107,1442353,234611,127,12.186404722222223,19.4,4.48,2.8
ROGUE,49,53,82,25,54,26,26,28,737,683,38,202880,4327080.0,87,18,237.8,11,98864,309,267,130688923,202842,1491848,244600,623,12.189563611111112,19.47,4.46,2.8
ROGUE,49,54,82,25,56,26,26,30,761,705,39,210750,4482000.0,87,18,246.7,11,100661,315,270,138269201,210672,1541972,254713,703,12.192734722222223,19.47,4.44,3.0
ROGUE,49,55,85,26,56,27,27,30,792,735,41,218771,4639260.0,89,18,278.6666666666667,12,102537,321,275,146151289,218691,1592664,264898,817,12.205358888888888,19.54,4.44,3.0
ROGUE,49,56,86,26,59,27,27,30,814,759,42,226942,4796040.0,91,19,258.45454545454544,12,105152,329,280,154499061,226879,1641921,275150,105,12.208707777777779,20.54,4.41,3.0
ROGUE,49,57,88,26,62,27,28,30,847,794,44,235255,4958640.0,92,19,243.0909090909091,12,107217,337,286,163078035,235251,1694437,286092,566,12.212068888888888,20.57,4.38,3.0
ROGUE,49,58,90,28,63,28,28,30,879,830,46,243729,5123460.0,94,19,253.1818181818182,12,109086,343,291,171776077,243637,1747515,297361,302,12.235478888888888,20.61,4.37,3.0
ROGUE,49,59,92,28,63,29,29,30,901,853,47,252358,5290680.0,95,19,245.0,12,111068,349,294,181000913,252285,1801116,308967,378,12.239178611111111,20.68,4.37,3.0
ROGUE,49,60,95,29,63,30,29,31,933,887,49,261124,5459640.0,97,20,252.5,13,113088,355,302,190577773,261062,1854939,320893,322,12.2533375,21.71,4.37,3.1
ROGUE,49,61,97,31,64,30,29,32,967,923,51,270049,5630220.0,99,20,256.1666666666667,13,115704,361,306,200475672,270010,1908752,332873,997,12.278654444444445,21.71,4.36,3.2
ROGUE,49,62,98,31,67,30,29,34,1002,958,53,278723,5795940.0,100,20,260.1666666666667,13,117451,369,310,210306482,278683,1961056,344517,560,12.2828775,21.71,4.33,3.4
ROGUE,49,63,99,31,69,31,29,34,1029,981,54,287808,5968860.0,101,20,255.91666666666666,13,119348,375,316,220805835,287783,2015593,356629,674,12.287114722222222,21.75,4.31,3.4
ROGUE,49,64,101,32,71,31,30,34,1070,1018,56,297040,6144720.0,102,20,266.6666666666667,13,121224,382,321,231529902,296958,2071303,369032,292,12.30268,21.78,4.29,3.4
ROGUE,49,65,104,32,72,32,31,34,1104,1059,58,306427,6323160.0,105,20,303.5,14,123173,389,327,242715929,306418,2127716,381665,247,12.307109722222222,21.85,4.28,3.4
ROGUE,49,66,106,33,73,34,31,34,1139,1096,60,315955,6502920.0,107,20,276.7692307692308,14,125451,395,331,254079971,315868,2184194,394277,405,12.323273055555555,21.92,4.27,3.4
ROGUE,49,67,108,33,75,35,31,35,1180,1136,62,325548,6683700.0,107,20,278.9230769230769,14,127252,402,336,265831119,325498,2240902,407100,158,12.327898055555556,21.96,4.25,3.5
ROGUE,49,68,109,33,76,36,32,35,1207,1161,63,334914,6860160.0,109,20,267.3076923076923,14,129012,408,340,277247226,334807,2296469,419459,62,12.332536944444444,22.03,4.24,3.5
ROGUE,49,69,112,33,78,36,32,36,1251,1199,65,344656,7043160.0,109,20,281.84615384615387,14,130860,415,346,289633132,344617,2353899,432447,1035,12.33719,22.03,4.22,3.6
ROGUE,49,70,113,33,81,37,32,37,1293,1238,67,354548,7228920.0,111,20,307.3333333333333,15,132760,423,351,302264053,354536,2412357,445534,736,12.341856666666667,22.07,4.19,3.7
ROGUE,49,71,115,33,83,38,32,38,1332,1277,69,364578,7416540.0,113,20,273.35714285714283,15,135208,430,360,315168998,364526,2471326,458709,481,12.346536666666667,22.1,4.17,3.8
ROGUE,49,72,117,34,84,38,33,39,1371,1316,71,374765,7606260.0,113,20,283.64285714285717,15,137022,436,364,328583731,374696,2530755,472094,976,12.364040833333334,22.14,4.16,3.9
ROGUE,49,73,119,34,87,38,34,39,1414,1355,73,384668,7791840.0,115,20,277.07142857142856,15,138701,443,369,341908745,384640,2589429,485321,525,12.368919166666666,22.17,4.13,3.9
ROGUE,49,74,120,36,89,38,35,39,1459,1397,75,395014,7991580.0,115,20,283.5,15,140601,450,373,355956154,394990,2655136,499880,693,12.400350833333333,22.21,4.11,3.9
ROGUE,49,75,122,36,90,39,36,40,1501,1439,77,405504,8193540.0,117,20,319.0,16,142567,456,377,370374858,405455,2721491,514747,572,12.405604444444444,22.28,4.1,4.0
ROGUE,49,76,125,36,93,39,36,40,1548,1481,79,416146,8396220.0,119,20,297.8,16,145173,464,382,385223290,416102,2787412,529822,429,12.4108725,22.28,4.07,4.0
ROGUE,49,77,128,36,94,40,37,40,1591,1524,81,426938,8601540.0,119,20,298.4,16,147068,470,386,400510459,426931,2854199,545037,910,12.416154722222222,22.36,4.06,4.0
ROGUE,49,78,131,37,95,40,38,40,1633,1570,83,437407,8800740.0,121,20,295.0,16,148881,477,391,415614618,437403,2919120,559819,292,12.4355375,22.39,4.05,4.0
ROGUE,49,79,133,38,96,40,39,41,1677,1617,85,448273,9007020.0,121,20,302.3333333333333,16,150824,483,396,431268670,448172,2986325,575243,619,12.455366666666666,22.43,4.04,4.1
ROGUE,49,80,136,39,97,41,39,41,1721,1662,87,459278,9215940.0,123,20,293.125,17,152762,489,401,447448453,459183,3054396,590712,368,12.475644444444445,22.47,4.03,4.1
ROGUE,49,81,137,40,99,42,40,41,1767,1707,89,470434,9426240.0,125,20,298.3125,17,155307,496,406,464106857,470376,3122449,606234,78,12.496373055555555,22.54,4.01,4.1
ROGUE,49,82,138,41,102,43,40,41,1811,1754,91,481735,9639060.0,125,20,310.125,17,157128,503,415,480978331,481626,3191536,622125,1147,12.517555,22.58,3.98,4.1
ROGUE,49,83,140,43,104,43,40,41,1859,1801,93,492755,9846480.0,127,20,308.1875,17,158924,510,418,497953179,492751,3258882,637527,8,12.554635,22.58,3.96,4.1
ROGUE,49,84,142,43,107,44,40,41,1907,1849,95,504212,1.006128E7,127,20,300.0,17,160784,517,422,515562152,504181,3328606,653663,839,12.561289166666667,22.62,3.93,4.1
ROGUE,49,85,142,43,113,44,40,41,1959,1899,97,515830,1.027842E7,129,20,342.0833333333333,18,162698,525,427,533598978,515738,3399170,669899,1030,12.567959444444444,22.62,3.87,4.1
ROGUE,49,86,144,43,116,44,40,42,2007,1950,99,527584,1.049598E7,131,20,303.52941176470586,18,165203,532,430,552130104,527477,3469498,686085,313,12.574645833333333,22.62,3.84,4.2
ROGUE,49,87,148,43,117,44,40,43,2055,2003,101,539499,1.07166E7,131,20,313.3529411764706,18,166972,538,437,571122280,539398,3540959,702435,783,12.581347777777777,22.62,3.83,4.3
ROGUE,49,88,148,43,120,47,40,43,2103,2048,103,551014,1.093224E7,133,20,315.05882352941177,18,168781,545,445,589728035,550926,3611933,718783,1591,12.588065277777778,22.73,3.8,4.3
ROGUE,49,89,148,43,123,48,42,43,2155,2099,105,562974,1.11603E7,133,20,320.3529411764706,18,170756,552,448,609295374,562896,3688851,736676,455,12.594798611111111,22.84,3.77,4.3
ROGUE,49,90,149,43,127,48,44,44,2219,2172,108,575085,1.13904E7,135,20,360.64,19,172787,559,455,629458141,574999,3766416,754818,1104,12.601546944444445,22.92,3.73,4.4
ROGUE,49,91,151,43,129,49,45,44,2270,2222,110,587337,1.162128E7,137,20,319.05555555555554,19,175178,565,459,650172367,587284,3843789,772917,829,12.608310555555555,22.99,3.71,4.4
ROGUE,49,92,153,44,131,49,46,44,2321,2274,112,599611,1.185276E7,137,20,327.3888888888889,19,177038,572,462,670716177,599477,3921664,791096,915,12.632293888888888,23.03,3.69,4.4
ROGUE,49,93,154,44,134,50,47,44,2374,2326,114,611792,1.208124E7,139,20,327.94444444444446,19,178965,579,467,691858438,611670,3998210,809183,1468,12.6392775,23.11,3.66,4.4
ROGUE,49,94,157,44,137,50,47,44,2427,2380,116,624361,1.231782E7,139,20,332.8888888888889,19,180858,586,471,713960037,624319,4077996,827720,213,12.64627638888889,23.11,3.63,4.4
ROGUE,49,95,159,44,140,51,47,44,2475,2437,118,637076,1.255542E7,141,20,370.84615384615387,20,182852,593,477,736184401,636968,4157960,846545,1180,12.653290277777778,23.15,3.6,4.4
ROGUE,49,96,159,45,145,51,47,46,2544,2512,121,649940,1.279416E7,143,20,323.63157894736844,20,185214,600,480,759066931,649799,4237857,865383,1313,12.678368333333333,23.15,3.574,4.6
ROGUE,49,97,161,45,147,51,49,46,2595,2570,123,662445,1.302606E7,143,20,337.7894736842105,20,187020,607,487,781830647,662383,4315494,883753,1335,12.685604444444444,23.22,3.556,4.6
ROGUE,49,98,163,46,148,52,50,46,2648,2623,125,675347,1.326522E7,145,20,324.57894736842104,20,188923,613,491,805238102,675253,4395776,902616,1064,12.7113725,23.3,3.537,4.6
ROGUE,49,99,165,47,150,52,50,47,2699,2680,127,688396,1.350594E7,145,20,337.7368421052632,20,190763,619,496,829032114,688303,4476300,921723,842,12.737625555555555,23.3,3.519,4.7
ROGUE,49,100,166,48,152,53,50,48,2755,2738,129,701589,1.374966E7,147,20,334.0,20,192598,626,500,853330937,701498,4558124,940992,757,12.764365833333333,23.34,3.5,4.8
RANGER,46,1,8,9,9,8,6,13,9,6,0,0,0.0,19,9,95.0,1,0,1,1,0,0,0,0,0,12.015381388888889,9.3,4.91,1.3
RANGER,46,2,8,9,10,8,7,13,14,12,0,28,840.0,19,9,95.0,1,41,5,1,340,19,370,41,18,12.0157325,9.33,4.9,1.3
RANGER,46,3,8,10,10,8,10,13,26,19,1,209,5460.0,20,9,96.0,1,252,10,10,5717,190,2165,252,16,12.01837,9.41,4.9,1.3
RANGER,46,4,9,10,11,8,10,13,31,26,1,577,14580.0,20,9,98.0,1,640,14,17,25986,570,5604,640,14,12.01894361111111,9.41,4.89,1.3
RANGER,46,5,9,10,11,8,11,14,35,32,1,1084,27060.0,21,9,115.0,2,1213,19,22,61304,1070,10316,1213,18,12.019557777777777,9.44,4.89,1.4
RANGER,46,6,9,10,13,8,13,14,44,46,2,1743,42780.0,22,10,116.0,2,1893,25,29,120045,1727,16086,1893,73,12.02020361111111,10.5,4.87,1.4
RANGER,46,7,10,10,14,8,13,14,51,51,2,2558,62100.0,23,10,118.0,2,2789,30,33,207084,2542,23160,2789,78,12.02087611111111,10.5,4.86,1.4
RANGER,46,8,11,10,14,8,14,14,57,56,2,3519,85320.0,24,10,107.0,2,3918,34,37,327134,3501,31832,3918,68,12.021571388888889,10.52,4.86,1.4
RANGER,46,9,11,10,14,9,16,15,67,67,3,4642,112320.0,24,10,125.0,2,5211,38,41,490890,4629,41888,5211,17,12.022286944444444,10.61,4.86,1.5
RANGER,46,10,11,11,15,9,16,15,74,74,3,5911,142680.0,25,10,132.66666666666666,3,6660,43,47,701810,5901,53150,6660,9,12.02581,10.61,4.85,1.5
RANGER,46,11,11,12,15,9,17,15,78,81,3,7340,176520.0,26,10,134.0,3,8293,47,55,960748,7326,65619,8293,81,12.029584166666666,10.64,4.85,1.5
RANGER,46,12,11,12,16,9,18,15,84,89,3,8922,214020.0,26,10,137.0,3,10045,53,58,1281881,8912,79459,10045,69,12.030536666666666,10.67,4.84,1.5
RANGER,46,13,11,12,17,9,20,16,96,102,4,10648,254880.0,27,10,133.0,3,11928,59,64,1657168,10628,94552,11928,15,12.031506666666667,10.73,4.83,1.6
RANGER,46,14,11,12,18,9,21,16,101,110,4,12529,299160.0,27,11,133.0,3,13976,65,70,2111446,12518,110833,13976,135,12.032493055555555,11.76,4.82,1.6
RANGER,46,15,11,13,19,9,22,17,114,122,5,14558,346380.0,28,11,152.1,4,16337,71,73,2606238,14543,128037,16337,131,12.036871666666666,11.79,4.81,1.7
RANGER,46,16,11,13,19,9,24,17,119,131,5,16728,396420.0,29,11,144.66666666666666,4,18872,76,79,3193550,16699,146163,18872,177,12.03799,11.85,4.81,1.7
RANGER,46,17,11,13,19,9,26,17,124,140,5,19057,450060.0,29,11,149.33333333333334,4,21522,81,84,3870944,19048,165542,21522,51,12.039123611111112,11.91,4.81,1.7
RANGER,46,18,11,13,21,9,27,18,138,157,6,21530,506820.0,30,11,160.0,4,24346,89,88,4630107,21513,186026,24346,8,12.04027138888889,11.95,4.79,1.8
RANGER,46,19,11,13,21,9,28,19,143,166,6,24168,567120.0,30,11,155.66666666666666,4,27354,93,93,5485159,24153,207738,27354,164,12.041432777777779,11.98,4.79,1.9
RANGER,46,20,13,13,22,9,29,19,154,186,7,26935,630180.0,32,12,170.45454545454547,5,29721,99,100,6437694,26919,230415,30483,38,12.042607222222221,13.01,4.78,1.9
RANGER,46,21,13,13,23,10,29,19,162,195,7,29872,696300.0,33,12,167.75,5,32261,105,107,7503355,29863,253922,33964,184,12.043793888888889,13.04,4.77,1.9
RANGER,46,22,14,13,26,10,29,19,176,213,8,32949,765360.0,34,12,168.0,5,34414,114,112,8654943,32932,278502,37570,251,12.044992777777777,13.04,4.74,1.9
RANGER,46,23,14,13,29,10,30,19,190,231,9,36176,837840.0,35,12,168.0,5,36628,123,115,9948248,36162,304353,41295,249,12.046203055555555,13.07,4.71,1.9
RANGER,46,24,15,13,29,10,31,19,195,241,9,39555,913140.0,35,12,176.0,5,38967,128,118,11351919,39522,331113,45261,215,12.047424166666667,13.11,4.71,1.9
RANGER,46,25,16,13,31,10,31,20,209,260,10,43085,991440.0,37,13,191.25,6,40769,135,125,12875099,43057,358801,49438,76,12.04865611111111,14.11,4.69,2.0
RANGER,46,26,16,13,33,10,31,20,217,268,10,46773,1072500.0,38,13,178.2,6,43058,142,132,14568728,46757,387272,53778,287,12.049898333333333,14.11,4.67,2.0
RANGER,46,27,17,13,36,10,31,20,233,284,11,50600,1156500.0,38,13,179.0,6,45317,150,135,16406843,50595,416858,58333,448,12.051150555555555,14.11,4.64,2.0
RANGER,46,28,17,13,38,11,32,20,247,300,12,54579,1243560.0,39,14,188.6,6,47602,157,139,18352868,54547,447502,63008,168,12.0524125,15.17,4.62,2.0
RANGER,46,29,17,13,39,11,33,20,253,311,12,58714,1332960.0,39,14,194.8,6,49733,163,144,20465316,58681,478620,68062,16,12.053683888888889,15.2,4.61,2.0
RANGER,46,30,17,13,41,11,34,21,266,328,13,62992,1423980.0,40,14,202.69230769230768,7,51419,170,150,22747613,62971,509814,73138,65,12.054964166666666,15.24,4.59,2.1
RANGER,46,31,17,13,43,11,35,22,281,347,14,67421,1516500.0,41,14,189.16666666666666,7,53703,177,156,25193044,67411,540956,78273,65,12.056253611111112,15.27,4.572,2.2
RANGER,46,32,18,13,44,12,36,22,294,367,15,72008,1611840.0,42,14,203.5,7,55923,183,163,27828471,72003,572940,83515,232,12.05755138888889,15.34,4.56,2.2
RANGER,46,33,18,13,45,12,37,22,300,379,15,76752,1708860.0,43,15,195.33333333333334,7,58068,189,166,30637235,76749,604946,88772,374,12.058857777777778,16.37,4.55,2.2
RANGER,46,34,18,13,48,12,38,22,315,399,16,81634,1808160.0,43,15,192.33333333333334,7,59666,196,172,33574494,81608,637582,94389,1228,12.060172222222223,16.4,4.536,2.2
RANGER,46,35,18,13,49,12,39,24,328,417,17,86675,1910880.0,44,15,220.57142857142858,8,61334,202,175,36707268,86639,671444,100283,356,12.061494722222223,16.44,4.524,2.4
RANGER,46,36,18,13,51,12,39,26,342,437,18,91865,2016420.0,45,15,207.71428571428572,8,63651,209,180,40019003,91831,706208,106308,460,12.062825,16.44,4.512,2.6
RANGER,46,37,18,14,52,12,40,27,355,455,19,97195,2123700.0,45,16,206.57142857142858,8,65919,215,187,43551569,97186,741169,112399,288,12.070130277777778,17.47,4.5,2.7
RANGER,46,38,18,14,53,12,41,27,361,467,19,102696,2233140.0,46,16,208.28571428571428,8,68154,221,190,47273297,102676,776406,118801,40,12.071600555555555,17.51,4.487,2.7
RANGER,46,39,18,14,55,14,41,27,375,488,20,108324,2345040.0,46,16,206.71428571428572,8,69834,227,195,51153343,108288,812490,125501,304,12.073079166666666,17.57,4.475,2.7
RANGER,46,40,19,14,55,15,43,27,387,511,21,114121,2460960.0,47,16,231.0,9,71530,233,201,55244173,114084,850167,132497,421,12.074565277777777,17.68,4.462,2.7
RANGER,46,41,19,14,56,16,45,27,400,534,22,120069,2579640.0,48,16,211.0,9,74074,239,204,59579724,120053,888697,139758,129,12.076059166666667,17.78,4.449,2.7
RANGER,46,42,19,14,57,17,47,27,412,559,23,126161,2701200.0,48,17,219.25,9,76487,246,209,64189985,126149,928255,147114,210,12.077560555555555,18.89,4.436,2.7
RANGER,46,43,20,14,59,17,48,27,423,587,24,132414,2823060.0,50,17,213.0,9,78420,252,216,68970417,132384,966864,154670,370,12.079069444444444,18.92,4.423,2.7
RANGER,46,44,20,14,60,17,50,28,434,612,25,138811,2947440.0,50,17,216.625,9,80144,259,221,74036225,138784,1006232,162408,380,12.080585277777777,18.99,4.409,2.8
RANGER,46,45,20,14,61,17,52,29,447,639,26,145343,3074040.0,51,17,246.375,10,81886,265,226,79384190,145334,1046189,170370,538,12.082108333333334,19.07,4.396,2.9
RANGER,46,46,20,15,64,17,52,29,460,666,27,152007,3202740.0,52,18,236.55555555555554,10,84358,272,230,84891386,151964,1086755,178325,49,12.0908575,20.07,4.382,2.9
RANGER,46,47,21,15,65,18,55,29,483,706,29,158827,3333360.0,52,18,231.33333333333334,10,86845,279,236,90624147,158776,1127553,186721,126,12.092526944444444,20.21,4.369,2.9
RANGER,46,48,21,15,66,18,56,31,500,734,30,165800,3466320.0,53,18,225.66666666666666,10,88514,285,240,96695950,165796,1168862,195412,402,12.09420361111111,20.25,4.355,3.1
RANGER,46,49,22,15,66,19,59,32,520,778,32,172923,3601920.0,54,18,224.33333333333334,10,90218,291,246,102999753,172908,1211048,204255,262,12.0958875,20.39,4.341,3.2
RANGER,46,50,24,15,67,19,60,32,535,810,33,180198,3740340.0,56,18,257.47058823529414,11,92029,297,251,109598512,180144,1254192,213204,288,12.097578333333333,20.43,4.33,3.2
RANGER,46,51,25,15,69,19,63,32,554,861,35,187611,3880320.0,57,19,235.6,11,94580,304,256,116461190,187592,1297425,222216,64,12.099276111111111,21.54,4.313,3.2
RANGER,46,52,25,15,71,20,64,32,567,895,36,195183,4022040.0,57,19,248.9,11,96962,311,260,123621769,195173,1340819,231669,475,12.100980555555555,21.62,4.298,3.2
RANGER,46,53,25,15,74,20,66,33,588,946,38,202904,4165800.0,58,19,239.7,11,98736,318,266,131034059,202868,1384641,241410,79,12.102691944444445,21.69,4.284,3.3
RANGER,46,54,25,15,75,21,67,34,603,980,39,210774,4312080.0,58,20,236.7,11,100564,324,271,138694373,210756,1429185,251424,399,12.104409722222222,22.77,4.27,3.4
RANGER,46,55,25,15,76,21,70,36,626,1031,41,218795,4460100.0,59,20,275.3333333333333,12,102465,331,275,146655373,218760,1473933,261848,641,12.106134166666667,22.88,4.255,3.6
RANGER,46,56,25,15,77,22,72,36,640,1066,42,226969,4610280.0,60,20,247.54545454545453,12,105106,337,280,155044921,226961,1519129,272284,941,12.107865,22.99,4.24,3.6
RANGER,46,57,25,17,78,22,75,36,661,1120,44,235280,4768200.0,60,20,248.8181818181818,12,107409,344,287,163621142,235241,1568967,283999,166,12.127364166666666,23.11,4.226,3.6
RANGER,46,58,25,17,80,23,77,37,684,1176,46,243756,4929540.0,61,20,260.54545454545456,12,109413,350,292,172624547,243701,1620071,295948,598,12.12939,23.22,4.211,3.7
RANGER,46,59,26,17,80,23,80,37,698,1214,47,252382,5093160.0,62,20,250.54545454545453,12,111407,356,296,181910171,252326,1671777,308149,306,12.131423055555555,23.34,4.2,3.7
RANGER,46,60,28,17,83,24,80,37,721,1272,49,261150,5259000.0,64,20,292.94736842105266,13,113412,363,302,191545441,261124,1724066,320529,402,12.133463055555556,23.38,4.18,3.7
RANGER,46,61,29,18,86,24,81,37,745,1330,51,270070,5426580.0,65,20,267.8333333333333,13,115858,370,306,201382486,270020,1776634,332986,545,12.145130555555555,23.42,4.165,3.7
RANGER,46,62,30,18,87,26,83,37,769,1389,53,278749,5589420.0,66,20,263.5833333333333,13,117679,377,311,211235042,278690,1827735,345129,757,12.14733,23.58,4.15,3.7
RANGER,46,63,30,18,88,26,85,38,784,1432,54,287833,5759760.0,67,20,271.0833333333333,13,119608,383,317,221782124,287798,1881232,357731,211,12.149536944444444,23.66,4.134,3.8
RANGER,46,64,30,19,91,27,86,38,812,1492,56,297070,5932080.0,67,20,256.9166666666667,13,121608,390,322,232599773,297044,1935120,370705,41,12.161922777777777,23.73,4.119,3.8
RANGER,46,65,30,19,92,28,90,38,836,1557,58,306459,6107520.0,68,20,296.6,14,123570,397,328,243824762,306424,1990216,383776,352,12.1642925,23.93,4.103,3.8
RANGER,46,66,31,20,94,28,92,38,860,1623,60,315991,6283620.0,69,20,267.61538461538464,14,125743,403,333,255331952,315944,2044839,397042,694,12.177250833333334,24.01,4.088,3.8
RANGER,46,67,31,21,96,28,95,38,889,1688,62,325582,6460500.0,69,20,263.7692307692308,14,127664,410,337,267028961,325535,2099691,410430,12,12.190627222222222,24.13,4.072,3.8
RANGER,46,68,31,21,97,28,97,39,908,1733,63,334953,6633420.0,70,20,263.7692307692308,14,129518,416,340,278562807,334919,2153439,423537,498,12.193324166666667,24.22,4.056,3.9
RANGER,46,69,32,21,98,28,100,40,937,1801,65,344690,6812760.0,71,20,272.84615384615387,14,131484,423,345,290855379,344644,2209221,437020,7,12.196029444444445,24.34,4.04,4.0
RANGER,46,70,33,21,101,29,101,40,967,1871,67,354585,6993780.0,72,20,312.23809523809524,15,133490,430,351,303568241,354584,2265095,450904,277,12.198742222222222,24.42,4.024,4.0
RANGER,46,71,34,21,103,29,104,40,994,1946,69,364617,7176600.0,74,20,273.2142857142857,15,135570,437,356,316532444,364566,2321444,464767,586,12.201463333333333,24.54,4.008,4.0
RANGER,46,72,34,21,107,29,106,40,1025,2020,71,374795,7361640.0,74,20,286.64285714285717,15,137492,444,361,329965269,374778,2378381,478919,1111,12.204191944444444,24.62,3.991,4.0
RANGER,46,73,34,21,110,29,108,41,1052,2095,73,384711,7542960.0,75,20,287.2857142857143,15,139362,451,366,343136589,384694,2434730,492801,191,12.206928333333334,24.71,3.975,4.1
RANGER,46,74,34,21,113,29,109,43,1084,2170,75,395063,7736520.0,75,20,276.57142857142856,15,141430,458,370,357186486,395044,2496745,508418,311,12.209672222222222,24.75,3.958,4.3
RANGER,46,75,34,21,116,29,111,44,1114,2244,77,405552,7933080.0,76,20,283.1333333333333,16,143494,465,377,371678565,405544,2560015,524230,804,12.212423611111111,24.83,3.942,4.4
RANGER,46,76,34,21,116,30,114,46,1142,2318,79,416193,8131140.0,77,20,283.6,16,145669,471,381,386448875,416184,2623376,540054,63,12.215182777777779,25.0,3.925,4.6
RANGER,46,77,34,23,118,30,116,46,1168,2396,81,426986,8330880.0,77,20,283.93333333333334,16,147697,478,386,401738380,426964,2686977,556137,709,12.243088888888888,25.08,3.908,4.6
RANGER,46,78,34,23,119,32,119,46,1196,2475,83,437454,8524500.0,78,20,284.26666666666665,16,149684,484,391,416796066,437436,2748710,571825,135,12.2461825,25.29,3.892,4.6
RANGER,46,79,35,23,120,33,122,46,1225,2557,85,448321,8724780.0,78,20,286.6666666666667,16,151750,490,396,432637222,448278,2812433,588115,273,12.24928388888889,25.46,3.875,4.6
RANGER,46,80,35,23,123,35,123,46,1256,2640,87,459331,8927040.0,79,20,333.4782608695652,17,153677,497,400,448774544,459276,2876651,604800,698,12.252393611111112,25.58,3.858,4.6
RANGER,46,81,35,23,127,35,124,47,1285,2729,89,470481,9130800.0,80,20,293.4375,17,155670,504,404,465460569,470415,2941070,621461,477,12.255510833333334,25.63,3.84,4.7
RANGER,46,82,35,23,129,35,128,47,1314,2815,91,481780,9336780.0,80,20,304.0,17,157607,511,411,482650779,481775,3006095,638389,417,12.25863611111111,25.8,3.823,4.7
RANGER,46,83,35,24,132,35,130,47,1342,2907,93,492802,9536880.0,81,20,312.125,17,159588,518,422,499454866,492735,3069157,654774,747,12.275485277777777,25.88,3.806,4.7
RANGER,46,84,37,24,133,36,132,47,1374,2995,95,504263,9745260.0,82,20,300.25,17,161546,524,426,517331542,504249,3135024,671879,1085,12.278790555555556,26.01,3.789,4.7
RANGER,46,85,37,24,136,38,133,47,1405,3085,97,515875,9955320.0,83,20,348.0833333333333,18,163504,531,429,535520247,515811,3201229,689250,65,12.282103611111111,26.14,3.771,4.7
RANGER,46,86,37,24,137,39,137,47,1436,3177,99,527638,1.016598E7,84,20,303.52941176470586,18,165569,538,433,554344142,527597,3266868,706669,1501,12.285424722222222,26.36,3.754,4.7
RANGER,46,87,38,24,139,40,139,47,1469,3269,101,539551,1.037898E7,85,20,321.70588235294116,18,167509,544,436,573368353,539525,3333264,724468,725,12.288753611111112,26.49,3.736,4.7
RANGER,46,88,38,24,142,40,142,47,1502,3365,103,551063,1.058676E7,86,20,317.5882352941176,18,169467,551,441,592194911,551000,3399012,742110,323,12.292090277777778,26.62,3.718,4.7
RANGER,46,89,39,25,143,40,145,47,1532,3464,105,563031,1.080648E7,86,20,317.11764705882354,18,171685,557,446,611896936,562954,3470169,761199,1200,12.310267222222222,26.75,3.701,4.7
RANGER,46,90,41,26,147,40,146,47,1579,3594,108,575137,1.102914E7,88,20,365.6,19,173444,564,452,632111588,575081,3542554,780593,164,12.32890861111111,26.79,3.683,4.7
RANGER,46,91,41,26,150,40,147,49,1612,3695,110,587392,1.125264E7,89,20,329.1666666666667,19,175623,571,456,652671577,587313,3614686,799985,794,12.332606944444445,26.83,3.665,4.9
RANGER,46,92,41,28,152,40,149,49,1645,3794,112,599662,1.147638E7,89,20,315.27777777777777,19,177675,578,461,673538125,599595,3687029,819330,1754,12.367591388888888,26.92,3.647,4.9
RANGER,46,93,41,29,154,41,150,50,1677,3892,114,611841,1.169784E7,90,20,327.05555555555554,19,179722,584,466,694441599,611788,3758546,838736,416,12.387635833333333,27.01,3.629,5.0
RANGER,46,94,41,29,156,41,152,52,1711,3993,116,624406,1.19259E7,90,20,327.6111111111111,19,181800,591,472,716392630,624388,3832185,858704,104,12.391879444444445,27.1,3.611,5.2
RANGER,46,95,41,29,159,42,153,53,1749,4095,118,637125,1.215582E7,91,20,323.7368421052632,20,183460,597,477,738735004,637078,3906278,878998,1358,12.3961325,27.19,3.592,5.3
RANGER,46,96,43,29,162,42,156,53,1795,4235,121,649987,1.238676E7,93,20,339.5263157894737,20,185625,604,480,761527667,649948,3980244,899272,160,12.400394444444444,27.32,3.574,5.3
RANGER,46,97,43,29,163,42,159,55,1829,4340,123,662491,1.261062E7,93,20,339.0,20,187649,611,484,784051130,662410,4051898,918987,76,12.404665555555555,27.45,3.556,5.5
RANGER,46,98,43,30,166,43,160,55,1869,4445,125,675391,1.284096E7,94,20,337.42105263157896,20,189657,617,492,807856444,675337,4125498,939390,463,12.425925,27.54,3.537,5.5
RANGER,46,99,43,30,167,45,162,56,1907,4553,127,688438,1.307334E7,94,20,325.3157894736842,20,191755,624,497,832042554,688403,4199723,960087,320,12.430391944444445,27.72,3.519,5.6
RANGER,46,100,43,30,169,46,165,56,1944,4662,129,701636,1.330728E7,95,20,334.2631578947368,20,193351,630,502,856662696,701563,4274208,981011,1091,12.434867777777777,27.9,3.5,5.6
RANGER,47,1,9,11,8,8,11,7,10,7,0,0,0.0,19,9,95.0,1,0,1,1,0,0,0,0,0,12.019569166666667,9.44,4.92,0.7
RANGER,47,2,9,12,9,8,11,7,17,13,0,31,780.0,19,9,95.0,1,34,5,5,350,19,304,34,82,12.022219166666666,9.44,4.91,0.7
RANGER,47,3,9,13,12,8,11,7,33,24,1,217,5220.0,20,9,96.0,1,216,11,11,6460,209,1917,216,12,12.0251675,9.44,4.88,0.7
RANGER,47,4,9,14,12,8,12,7,40,28,1,589,13800.0,20,10,97.0,1,577,15,19,26250,576,4962,577,42,12.0283675,10.47,4.88,0.7
RANGER,47,5,9,14,14,8,12,7,48,33,1,1100,26040.0,21,10,115.0,2,1140,21,22,62929,1089,9454,1140,30,12.029286944444445,10.47,4.86,0.7
RANGER,47,6,10,15,15,8,13,7,64,44,2,1762,41940.0,23,10,102.0,2,1887,27,26,121990,1761,15331,1887,29,12.032865555555556,10.5,4.85,0.7
RANGER,47,7,10,15,15,9,14,7,72,48,2,2585,61560.0,23,10,104.0,2,2775,31,33,210584,2566,22595,2775,30,12.033959166666667,10.55,4.85,0.7
RANGER,47,8,10,15,15,9,16,7,80,53,2,3544,84360.0,24,10,121.0,2,3798,36,38,331423,3532,30988,3798,100,12.035090277777778,10.61,4.85,0.7
RANGER,47,9,10,16,16,9,18,7,95,68,3,4661,111180.0,24,10,124.0,2,5122,43,41,495071,4660,40969,5122,21,12.039173611111112,10.67,4.84,0.7
RANGER,47,10,10,16,16,9,19,8,101,75,3,5926,141540.0,25,10,132.66666666666666,3,6537,47,46,694434,5908,52300,6537,17,12.040463055555556,10.7,4.84,0.8
RANGER,47,11,10,17,16,9,20,8,107,82,3,7353,175380.0,26,10,126.5,3,8202,51,54,949935,7333,64791,8202,101,12.044934722222223,10.73,4.84,0.8
RANGER,47,12,11,17,17,9,20,8,114,90,3,8933,212700.0,26,10,129.5,3,9967,56,59,1269596,8919,78531,9967,193,12.04638138888889,10.73,4.83,0.8
RANGER,47,13,11,17,18,9,22,9,126,106,4,10647,253020.0,27,11,140.5,3,11960,63,63,1642256,10635,93346,11960,107,12.047854722222223,11.79,4.82,0.9
RANGER,47,14,11,17,18,10,23,9,132,114,4,12521,296820.0,27,11,144.0,3,14170,67,70,2079545,12498,109374,14170,59,12.049352777777777,11.85,4.82,0.9
RANGER,47,15,11,17,18,11,26,9,146,129,5,14552,344160.0,28,11,152.1,4,16544,73,74,2605440,14550,126619,16544,67,12.050874166666667,11.98,4.82,0.9
RANGER,47,16,11,17,19,11,27,9,152,139,5,16733,394500.0,29,11,148.33333333333334,4,19050,79,78,3197533,16706,144865,19050,49,12.0524175,12.01,4.81,0.9
RANGER,47,17,11,17,20,11,28,9,160,147,5,19062,448140.0,29,11,156.66666666666666,4,21755,85,83,3883711,19055,164239,21755,35,12.053981666666667,12.04,4.8,0.9
RANGER,47,18,11,17,21,12,29,10,173,163,6,21532,504900.0,30,11,153.33333333333334,4,24557,91,88,4636991,21520,184767,24557,124,12.055565277777777,12.11,4.79,1.0
RANGER,47,19,12,17,21,12,30,10,181,171,6,24168,565080.0,31,11,156.0,4,27568,95,93,5486416,24160,206407,27588,208,12.057167777777778,12.14,4.79,1.0
RANGER,47,20,12,17,22,14,31,10,194,189,7,26940,628020.0,32,12,173.0909090909091,5,30022,101,98,6424499,26919,228971,30841,150,12.058788055555556,13.24,4.78,1.0
RANGER,47,21,12,17,22,14,33,10,200,200,7,29871,693720.0,33,12,164.5,5,32419,106,105,7504928,29863,252228,34351,0,12.060425555555556,13.3,4.78,1.0
RANGER,47,22,12,19,22,14,35,10,215,219,8,32944,762660.0,33,12,175.5,5,34612,111,109,8663520,32932,276686,38004,147,12.07094388888889,13.37,4.78,1.0
RANGER,47,23,12,20,23,14,37,10,231,240,9,36170,835140.0,34,12,178.5,5,36873,118,114,9952808,36166,302433,41762,193,12.077477222222223,13.44,4.77,1.0
RANGER,47,24,12,20,24,14,37,11,241,251,9,39545,910560.0,34,12,171.75,5,39231,124,118,11335437,39532,329138,45737,319,12.079525,13.44,4.76,1.1
RANGER,47,25,13,20,25,15,38,11,256,272,10,43074,989100.0,35,12,189.5,6,40859,130,122,12857955,43068,356842,49948,172,12.081590833333333,13.51,4.75,1.1
RANGER,47,26,13,20,25,16,39,11,265,281,10,46753,1070460.0,36,12,188.2,6,43078,134,129,14545738,46743,385417,54256,235,12.083673888888889,13.57,4.75,1.1
RANGER,47,27,14,20,25,16,42,11,281,305,11,50577,1155120.0,37,13,190.2,6,45276,140,135,16326890,50545,415232,58671,60,12.08577388888889,14.68,4.75,1.1
RANGER,47,28,14,21,26,16,44,11,300,329,12,54561,1242420.0,38,13,180.4,6,47688,147,141,18282707,54541,445629,63465,48,12.093189444444445,14.75,4.74,1.1
RANGER,47,29,14,21,27,16,45,11,309,343,12,58701,1333080.0,38,13,181.8,6,49638,153,146,20353602,58683,477232,68398,248,12.095449722222222,14.78,4.73,1.1
RANGER,47,30,14,21,28,16,47,12,325,370,13,62971,1426200.0,39,13,202.53846153846155,7,51363,160,150,22591094,62939,509598,73584,17,12.097726388888889,14.85,4.72,1.2
RANGER,47,31,15,21,29,16,49,12,343,396,14,67405,1522080.0,40,13,189.33333333333334,7,53737,167,156,25011389,67385,542659,79028,113,12.10001861111111,14.92,4.71,1.2
RANGER,47,32,16,21,29,16,51,13,363,420,15,71991,1621200.0,41,13,200.33333333333334,7,56103,172,161,27545991,71972,576883,84596,336,12.102326111111111,14.99,4.71,1.3
RANGER,47,33,16,21,30,16,51,14,374,434,15,76728,1723320.0,42,14,192.0,7,58388,177,166,30289223,76687,612081,90319,2,12.104648888888889,15.99,4.7,1.4
RANGER,47,34,17,22,30,16,53,14,392,461,16,81613,1828020.0,42,14,197.0,7,60140,182,169,33238643,81601,647957,96440,114,12.113128055555556,16.07,4.7,1.4
RANGER,47,35,17,22,33,16,54,14,411,489,17,86657,1935780.0,43,14,217.21428571428572,8,61921,192,174,36374857,86641,684804,102734,428,12.115614444444445,16.1,4.67,1.4
RANGER,47,36,17,22,35,16,56,14,432,515,18,91845,2045880.0,44,14,202.57142857142858,8,64420,200,182,39659125,91818,722307,109089,252,12.118115555555555,16.17,4.65,1.4
RANGER,47,37,18,22,36,17,57,14,449,544,19,97175,2158560.0,45,15,201.71428571428572,8,66909,206,187,43132292,97169,760582,115703,344,12.120630833333333,17.25,4.64,1.4
RANGER,47,38,18,22,37,17,58,14,458,560,19,102679,2273520.0,46,15,217.28571428571428,8,68800,212,191,46782392,102659,799197,122703,456,12.123160277777778,17.28,4.63,1.4
RANGER,47,39,19,22,39,17,58,15,476,589,20,108314,2391060.0,46,15,204.28571428571428,8,70640,219,196,50664811,108271,838730,129832,376,12.125703333333334,17.28,4.61,1.5
RANGER,47,40,19,23,41,17,59,15,498,618,21,114112,2512140.0,47,15,210.625,9,72494,226,200,54712063,114067,879562,137152,589,12.135287222222223,17.32,4.59,1.5
RANGER,47,41,20,24,41,17,61,15,519,645,22,120057,2635440.0,49,15,213.375,9,74999,231,205,59025395,120036,920864,144610,201,12.145228611111111,17.39,4.59,1.5
RANGER,47,42,20,24,41,18,63,16,539,675,23,126147,2761560.0,49,15,212.25,9,77187,237,211,63496386,126112,963117,152309,178,12.148095277777777,17.5,4.59,1.6
RANGER,47,43,20,25,41,18,66,16,557,708,24,132397,2890380.0,50,16,225.875,9,78929,242,215,68320473,132384,1006010,160379,14,12.15855611111111,18.62,4.59,1.6
RANGER,47,44,20,25,44,19,66,16,581,741,25,138796,3021540.0,50,16,217.0,9,80722,250,219,73314280,138784,1049467,168785,604,12.161595833333333,18.65,4.56,1.6
RANGER,47,45,20,25,45,20,68,16,602,774,26,145325,3155160.0,51,16,247.875,10,82675,257,226,78533687,145284,1093795,177352,430,12.16465,18.77,4.55,1.6
RANGER,47,46,21,25,48,20,68,16,624,808,27,151993,3289020.0,52,17,222.0,10,85304,265,232,84046602,151965,1137311,185823,377,12.167717777777778,19.77,4.52,1.6
RANGER,47,47,21,25,49,22,71,16,655,858,29,158813,3424680.0,52,17,236.0,10,87135,271,237,89755134,158777,1181048,194786,326,12.170799444444445,19.96,4.51,1.6
RANGER,47,48,21,26,51,22,72,16,677,891,30,165782,3562020.0,53,17,239.22222222222223,10,88926,278,241,95670462,165745,1224880,203762,42,12.182274444444445,19.99,4.49,1.6
RANGER,47,49,21,26,55,22,73,17,709,943,32,172911,3700380.0,53,18,240.11111111111111,10,90694,287,246,101850041,172900,1268354,212709,606,12.1855325,21.03,4.45,1.7
RANGER,47,50,21,26,57,23,74,17,731,981,33,180183,3839820.0,54,18,264.1764705882353,11,92582,294,252,108265467,180161,1311669,221995,352,12.188804166666667,21.11,4.43,1.7
RANGER,47,51,21,27,58,24,77,17,762,1037,35,187603,3980220.0,55,18,233.8,11,95200,301,256,114909766,187559,1354634,231237,856,12.20098861111111,21.26,4.42,1.7
RANGER,47,52,22,27,59,24,78,18,785,1076,36,195176,4123080.0,56,18,233.0,11,97151,307,260,121930596,195149,1398228,240743,679,12.204439722222222,21.3,4.41,1.8
RANGER,47,53,22,27,63,24,78,20,820,1131,38,202890,4267920.0,57,19,233.8,11,98994,314,266,129152782,202877,1442291,250636,171,12.207904166666667,22.3,4.37,2.0
RANGER,47,54,22,27,65,24,79,21,843,1168,39,210758,4414440.0,57,19,234.0,11,100866,321,270,136792215,210743,1486561,260733,255,12.211381944444444,22.34,4.35,2.1
RANGER,47,55,22,28,67,24,82,21,878,1226,41,218777,4563780.0,58,19,272.05555555555554,12,102753,328,277,144601109,218723,1531864,270957,137,12.224458055555555,22.46,4.33,2.1
RANGER,47,56,23,28,69,24,83,21,904,1264,42,226949,4714500.0,59,20,242.54545454545453,12,105492,335,284,152825277,226901,1577060,281383,193,12.228118333333333,23.5,4.31,2.1
RANGER,47,57,23,29,70,25,85,22,939,1319,44,235265,4872780.0,59,20,245.0909090909091,12,107570,341,288,161329461,235220,1626715,293042,414,12.241761111111112,23.62,4.3,2.2
RANGER,47,58,23,30,71,25,87,24,976,1376,46,243741,5034360.0,60,20,253.36363636363637,12,109561,348,293,170091833,243716,1677545,305060,646,12.255804166666667,23.69,4.29,2.4
RANGER,47,59,23,30,73,26,88,24,1002,1419,47,252366,5198580.0,60,20,246.9090909090909,12,111533,354,298,179215531,252356,1729194,317215,178,12.259823333333333,23.77,4.27,2.4
RANGER,47,60,24,30,76,26,90,24,1041,1484,49,261137,5364180.0,62,20,288.7894736842105,13,113604,362,302,188606211,261115,1780988,329726,778,12.26385638888889,23.85,4.24,2.4
RANGER,47,61,24,30,78,26,92,26,1080,1549,51,270056,5531580.0,63,20,267.8333333333333,13,115984,369,304,198391276,270043,1833003,342285,581,12.267903055555555,23.93,4.22,2.6
RANGER,47,62,24,30,80,26,96,26,1115,1617,53,278735,5694000.0,63,20,256.9166666666667,13,117871,376,311,207965755,278674,1883502,354495,370,12.271963055555556,24.09,4.2,2.6
RANGER,47,63,25,30,82,26,96,27,1139,1662,54,287822,5864460.0,64,20,261.0833333333333,13,119762,382,316,218368985,287809,1936702,367261,904,12.276036666666666,24.09,4.18,2.7
RANGER,47,64,25,30,83,28,98,28,1177,1729,56,297056,6036480.0,64,20,265.25,13,121783,389,320,229038285,297025,1990135,380250,182,12.280123333333334,24.26,4.17,2.8
RANGER,47,65,25,31,86,28,100,28,1214,1801,58,306438,6210660.0,65,20,303.7,14,123725,396,326,240074763,306433,2044073,393608,313,12.295629444444444,24.34,4.14,2.8
RANGER,47,66,26,31,86,28,103,30,1249,1872,60,315967,6386400.0,67,20,266.0769230769231,14,125757,402,331,251523593,315931,2098196,406937,383,12.299906944444444,24.46,4.14,3.0
RANGER,47,67,26,32,89,28,103,32,1287,1940,62,325559,6562980.0,67,20,263.46153846153845,14,127660,409,336,263203945,325548,2152465,420469,13,12.316010833333333,24.46,4.11,3.2
RANGER,47,68,26,32,91,29,104,32,1310,1988,63,334925,6735420.0,68,20,263.7692307692308,14,129540,415,341,274754269,334861,2205731,433617,488,12.320481666666666,24.54,4.09,3.2
RANGER,47,69,28,33,93,29,105,32,1347,2065,65,344661,6913800.0,69,20,264.46153846153845,14,131506,422,346,287064011,344648,2260537,447327,736,12.33719,24.58,4.07,3.2
RANGER,47,70,28,34,95,29,108,32,1388,2138,67,354552,7095120.0,70,20,273.0,15,133433,429,352,299681018,354515,2316556,461328,773,12.354325,24.71,4.05,3.2
RANGER,47,71,28,34,98,29,110,33,1429,2213,69,364582,7277640.0,71,20,283.14285714285717,15,135569,436,357,312690017,364525,2372549,475218,1056,12.359176111111111,24.79,4.02,3.3
RANGER,47,72,29,35,99,29,113,33,1470,2289,71,374766,7462500.0,71,20,273.5,15,137434,442,364,326088772,374749,2429232,489443,418,12.376926666666666,24.91,4.01,3.3
RANGER,47,73,29,37,100,29,115,34,1515,2363,73,384675,7643640.0,72,20,290.14285714285717,15,139331,448,368,339138897,384618,2485431,503451,893,12.408318055555556,25.0,4.0,3.4
RANGER,47,74,30,38,102,29,117,34,1561,2442,75,395026,7837920.0,73,20,292.2857142857143,15,141387,455,372,353166698,395011,2547752,519092,1149,12.427186944444445,25.08,3.98,3.4
RANGER,47,75,30,39,102,29,121,35,1605,2520,77,405511,8034600.0,74,20,318.40909090909093,16,143491,461,376,367404638,405450,2610988,534867,521,12.446495833333334,25.25,3.98,3.5
RANGER,47,76,31,39,104,29,124,35,1653,2603,79,416150,8231280.0,75,20,298.0,16,145820,468,380,382028716,416106,2673062,550849,1,12.452294722222222,25.37,3.96,3.5
RANGER,47,77,31,39,108,29,125,36,1703,2685,81,426946,8430600.0,75,20,288.0,16,147846,475,386,397247945,426906,2736106,567050,645,12.458109444444444,25.41,3.92,3.6
RANGER,47,78,31,39,111,29,128,36,1749,2771,83,437416,8623440.0,76,20,298.0,16,149782,483,391,412216793,437406,2797172,582782,234,12.463939166666666,25.54,3.892,3.6
RANGER,47,79,31,39,113,29,130,38,1795,2859,85,448279,8823660.0,76,20,293.3333333333333,16,151743,489,399,427844293,448274,2860833,599186,1069,12.469784444444445,25.63,3.875,3.8
RANGER,47,80,32,39,115,29,132,39,1842,2944,87,459286,9025740.0,78,20,330.0,17,153620,496,403,443912918,459228,2924966,615759,430,12.475644444444445,25.71,3.858,3.9
RANGER,47,81,33,39,118,30,132,40,1891,3028,89,470442,9229320.0,79,20,309.6875,17,155615,502,407,460569251,470382,2989192,632374,890,12.481519166666667,25.75,3.84,4.0
RANGER,47,82,35,39,120,30,134,40,1940,3115,91,481741,9434820.0,80,20,304.0,17,157580,509,413,477514808,481692,3053910,649344,1083,12.487408888888888,25.84,3.823,4.0
RANGER,47,83,35,41,122,30,136,40,1985,3202,93,492761,9634860.0,81,20,303.375,17,159499,516,420,494250640,492732,3116877,665843,681,12.523824444444445,25.92,3.806,4.0
RANGER,47,84,35,41,124,32,137,41,2035,3291,95,504218,9842460.0,81,20,305.25,17,161473,522,425,511832672,504153,3182279,682897,901,12.530108888888888,26.05,3.789,4.1
RANGER,47,85,35,42,125,32,139,43,2083,3382,97,515832,1.005318E7,82,20,348.0833333333333,18,163487,528,429,529988006,515817,3248842,700174,886,12.552146666666667,26.14,3.771,4.3
RANGER,47,86,36,42,128,33,140,43,2132,3473,99,527592,1.026474E7,84,20,304.70588235294116,18,165572,535,432,548521622,527583,3315156,717494,1370,12.558646666666666,26.23,3.754,4.3
RANGER,47,87,38,42,130,33,141,44,2179,3567,101,539506,1.04781E7,85,20,304.11764705882354,18,167542,542,437,567488388,539427,3381868,735137,649,12.565162222222222,26.27,3.736,4.4
RANGER,47,88,38,42,133,33,143,45,2230,3659,103,551018,1.068618E7,86,20,310.52941176470586,18,169490,549,440,586150391,550987,3447768,752641,525,12.571692777777777,26.36,3.718,4.5
RANGER,47,89,39,42,135,33,146,45,2279,3756,105,562981,1.090686E7,86,20,304.70588235294116,18,171613,555,446,605628251,562941,3519640,771800,402,12.578238333333333,26.49,3.701,4.5
RANGER,47,90,40,42,140,33,147,46,2345,3884,108,575090,1.112952E7,88,20,353.0,19,173575,563,452,625806474,575025,3592054,791230,72,12.584798888888889,26.53,3.683,4.6
RANGER,47,91,42,42,143,33,148,46,2397,3982,110,587341,1.135332E7,90,20,318.1111111111111,19,175819,569,457,646465565,587257,3664426,810521,1120,12.591374166666666,26.57,3.665,4.6
RANGER,47,92,43,42,146,34,149,46,2449,4081,112,599612,1.157724E7,90,20,329.77777777777777,19,177831,576,461,667600353,599587,3736864,829816,18,12.59796388888889,26.66,3.647,4.6
RANGER,47,93,44,43,149,34,149,47,2503,4179,114,611795,1.179942E7,92,20,320.3333333333333,19,179866,583,465,688552954,611764,3808888,849068,1236,12.6218825,26.66,3.629,4.7
RANGER,47,94,46,44,149,34,152,47,2552,4276,116,624363,1.20282E7,93,20,319.8888888888889,19,181956,589,470,710510403,624315,3883093,869005,1288,12.64627638888889,26.79,3.611,4.7
RANGER,47,95,46,46,151,34,154,47,2603,4377,118,637074,1.225854E7,94,20,372.53846153846155,20,183458,595,476,732912188,637056,3957523,889214,1176,12.689084166666667,26.88,3.592,4.7
RANGER,47,96,46,47,155,35,156,47,2673,4513,121,649937,1.248996E7,95,20,329.0,20,185619,602,482,755802114,649934,4031845,909449,543,12.714706944444444,27.01,3.574,4.7
RANGER,47,97,47,47,157,36,158,47,2723,4617,123,662444,1.27146E7,95,20,323.94736842105266,20,187614,609,486,778324027,662379,4104073,929082,1031,12.722330555555555,27.14,3.556,4.7
RANGER,47,98,48,49,158,36,160,47,2775,4719,125,675345,1.294584E7,97,20,330.05263157894734,20,189633,615,489,801714684,675289,4178352,949357,289,12.767402222222222,27.23,3.537,4.7
RANGER,47,99,49,50,160,36,162,47,2831,4822,127,688392,1.317852E7,97,20,331.6842105263158,20,191652,622,495,825851123,688384,4252789,969910,199,12.794479166666667,27.32,3.519,4.7
RANGER,47,100,50,50,162,36,165,47,2888,4929,129,701589,1.341402E7,99,20,333.2105263157895,20,193302,629,502,850002406,701495,4328474,990604,1580,12.802741666666666,27.45,3.5,4.7
RANGER,48,1,4,8,17,7,8,10,9,6,0,0,0.0,17,10,95.0,1,0,1,1,0,0,0,0,0,12.013353888888888,10.33,4.83,1.0
RANGER,48,2,4,9,18,7,8,10,13,9,0,28,720.0,17,10,95.0,1,32,7,7,310,17,286,32,98,12.0157325,10.33,4.82,1.0
RANGER,48,3,4,9,18,8,10,11,23,17,1,204,4680.0,18,10,96.0,1,206,13,12,6570,187,1651,206,44,12.016188055555556,10.41,4.82,1.1
RANGER,48,4,4,10,19,8,10,11,30,23,1,578,13260.0,18,10,97.0,1,575,19,18,26586,565,4665,575,58,12.01894361111111,10.41,4.81,1.1
RANGER,48,5,4,11,19,8,11,11,36,27,1,1087,25020.0,19,10,115.0,2,1106,24,23,61309,1069,8851,1106,34,12.0219275,10.44,4.81,1.1
RANGER,48,6,5,11,20,8,13,11,45,41,2,1747,40320.0,20,10,102.0,2,1797,30,30,121334,1734,14325,1797,1,12.022651666666667,10.5,4.8,1.1
RANGER,48,7,5,11,20,8,15,11,51,46,2,2569,59280.0,20,11,118.0,2,2638,36,33,210672,2554,21098,2638,90,12.023405555555556,11.55,4.8,1.1
RANGER,48,8,5,11,21,8,16,11,57,51,2,3544,81660.0,21,11,107.0,2,3739,42,37,332583,3534,29045,3739,112,12.024185277777777,11.58,4.79,1.1
RANGER,48,9,5,11,22,8,19,11,66,67,3,4670,107760.0,21,11,124.0,2,5028,48,43,488419,4668,38439,5028,69,12.024987222222222,11.67,4.781,1.1
RANGER,48,10,5,11,22,9,20,11,70,74,3,5943,136740.0,22,11,134.22222222222223,3,6436,53,50,691455,5928,48717,6436,73,12.02581,11.73,4.78,1.1
RANGER,48,11,6,11,22,9,21,11,74,82,3,7367,168840.0,24,11,126.5,3,7951,59,52,949236,7358,59988,7951,145,12.02665111111111,11.76,4.78,1.1
RANGER,48,12,6,11,22,10,22,11,80,88,3,8941,204840.0,24,11,126.0,3,9717,64,58,1253275,8918,72882,9717,49,12.027509166666666,11.82,4.78,1.1
RANGER,48,13,7,11,23,10,23,12,91,103,4,10666,243780.0,25,11,129.0,3,11606,70,63,1629727,10646,86639,11606,3,12.028383055555556,11.85,4.77,1.2
RANGER,48,14,8,11,24,10,23,12,98,110,4,12545,286260.0,26,11,136.0,3,13640,75,69,2077184,12521,101704,13640,203,12.029271388888889,11.85,4.76,1.2
RANGER,48,15,8,11,28,10,23,12,110,126,5,14572,333180.0,27,12,152.0,4,15978,83,72,2578019,14549,118776,15978,47,12.03017388888889,12.85,4.735,1.2
RANGER,48,16,8,12,28,10,24,12,114,134,5,16742,381240.0,28,12,144.33333333333334,4,18463,88,78,3176083,16736,135540,18463,33,12.034510833333334,12.88,4.726,1.2
RANGER,48,17,8,12,28,10,26,12,119,143,5,19072,432600.0,28,12,156.0,4,21028,94,85,3848937,19060,153440,21028,115,12.035540555555556,12.95,4.72,1.2
RANGER,48,18,8,14,28,10,28,12,131,159,6,21542,486120.0,29,12,150.66666666666666,4,23681,99,90,4612850,21524,171758,23681,72,12.044016666666666,13.01,4.72,1.2
RANGER,48,19,8,14,29,10,29,12,138,167,6,24168,543840.0,29,12,158.0,4,26581,105,96,5469548,24163,191823,26581,8,12.04528611111111,13.04,4.71,1.2
RANGER,48,20,9,14,32,10,29,12,150,187,7,26939,604800.0,30,13,170.72727272727272,5,29241,113,99,6420265,26918,213092,29623,250,12.046569722222221,14.04,4.689,1.2
RANGER,48,21,9,15,33,10,29,12,158,196,7,29873,667560.0,31,13,167.25,5,31926,118,105,7486544,29858,234378,32936,160,12.051998611111111,14.04,4.679,1.2
RANGER,48,22,10,15,34,10,30,13,173,215,8,32941,732840.0,32,13,166.5,5,33970,124,111,8643377,32916,256463,36294,47,12.053421944444445,14.07,4.669,1.3
RANGER,48,23,10,15,37,10,30,14,189,234,9,36168,801780.0,33,13,172.5,5,36191,131,115,9924588,36148,279910,40018,301,12.054858888888889,14.07,4.659,1.4
RANGER,48,24,10,16,37,10,31,14,195,243,9,39546,873600.0,33,13,170.25,5,38416,137,119,11317092,39514,304266,43764,255,12.060843055555555,14.11,4.649,1.4
RANGER,48,25,10,16,40,10,32,14,209,264,10,43081,947700.0,34,14,187.75,6,40484,144,125,12877289,43078,328989,47767,40,12.062423611111111,15.14,4.638,1.4
RANGER,48,26,10,16,42,10,32,14,218,273,10,46765,1024440.0,35,14,178.2,6,42620,150,130,14522460,46750,354499,51872,163,12.0640175,15.14,4.628,1.4
RANGER,48,27,11,16,43,10,33,15,235,292,11,50591,1103940.0,35,14,178.2,6,44719,156,134,16304425,50565,380904,56108,88,12.065624166666666,15.17,4.617,1.5
RANGER,48,28,11,17,44,11,34,15,248,310,12,54571,1186500.0,36,14,188.0,6,46962,162,138,18276941,54555,408279,60567,164,12.072317222222223,15.24,4.606,1.5
RANGER,48,29,12,17,45,11,34,15,255,321,12,58710,1272480.0,37,14,190.6,6,49306,168,143,20399551,58695,436899,65262,112,12.074071388888889,15.24,4.595,1.5
RANGER,48,30,12,17,45,12,37,15,271,338,13,62992,1363560.0,38,15,207.76923076923077,7,51057,174,148,22632618,62987,468087,70581,409,12.075838055555556,16.37,4.583,1.5
RANGER,48,31,13,17,46,13,38,15,286,357,14,67421,1454520.0,39,15,194.5,7,53320,180,154,25026946,67395,498105,75754,121,12.077616944444445,16.44,4.572,1.5
RANGER,48,32,13,17,47,14,39,16,301,379,15,72004,1548360.0,39,15,199.83333333333334,7,55650,186,160,27633565,71997,528993,81177,60,12.079407777777778,16.51,4.56,1.6
RANGER,48,33,13,17,47,14,41,16,309,389,15,76744,1644660.0,40,15,191.66666666666666,7,58092,192,168,30355475,76716,560483,86858,242,12.08121,16.57,4.548,1.6
RANGER,48,34,14,18,48,14,42,16,323,412,16,81628,1743600.0,41,15,192.5,7,59719,198,171,33302342,81596,592764,92457,266,12.088918055555556,16.61,4.536,1.6
RANGER,48,35,14,19,48,15,44,16,339,434,17,86662,1845300.0,42,15,222.0,8,61359,203,175,36419426,86639,625897,98284,48,12.096963888888888,16.71,4.524,1.6
RANGER,48,36,14,20,49,15,45,17,358,457,18,91855,1950480.0,43,15,207.85714285714286,8,63744,209,180,39724165,91847,660332,104368,380,12.105350277777777,16.75,4.512,1.7
RANGER,48,37,14,20,51,16,46,17,375,484,19,97186,2059680.0,43,16,201.28571428571428,8,66145,216,185,43204200,97179,696629,110791,240,12.10759388888889,17.82,4.5,1.7
RANGER,48,38,14,20,53,16,46,17,385,496,19,102689,2169480.0,44,16,214.0,8,68230,223,190,46915149,102683,732061,117359,400,12.10985,17.82,4.487,1.7
RANGER,48,39,14,20,54,16,48,18,402,523,20,108323,2280900.0,44,16,203.71428571428572,8,69859,229,195,50824107,108315,767705,123998,236,12.112118055555555,17.89,4.475,1.8
RANGER,48,40,14,21,56,17,48,18,420,547,21,114120,2395620.0,45,16,210.0,9,71534,235,199,54906666,114079,804521,130823,277,12.12129611111111,17.92,4.462,1.8
RANGER,48,41,14,21,58,18,48,19,440,571,22,120069,2513640.0,46,17,210.875,9,74022,242,205,59239558,120064,842510,138153,257,12.123726111111111,18.96,4.449,1.9
RANGER,48,42,14,21,58,19,50,20,458,597,23,126155,2632260.0,46,17,219.125,9,76439,247,210,63750178,126136,879991,145559,62,12.126168611111112,19.07,4.436,2.0
RANGER,48,43,14,21,59,19,52,21,475,624,24,132404,2754000.0,47,17,223.125,9,78418,254,216,68517604,132392,918476,153203,86,12.128622777777778,19.14,4.423,2.1
RANGER,48,44,15,21,60,19,53,22,494,653,25,138794,2878260.0,47,17,226.625,9,80212,260,219,73489261,138784,957758,160932,224,12.13108888888889,19.17,4.409,2.2
RANGER,48,45,15,21,61,20,54,23,513,679,26,145323,3005520.0,48,17,250.1875,10,81995,266,226,78742085,145317,998163,168886,498,12.13356638888889,19.25,4.396,2.3
RANGER,48,46,15,21,63,20,55,24,531,708,27,151994,3134340.0,49,18,221.77777777777777,10,84513,272,232,84286825,151989,1038672,176904,297,12.136055,20.28,4.382,2.4
RANGER,48,47,15,22,64,21,58,24,557,752,29,158812,3265080.0,49,18,229.11111111111111,10,86856,279,237,90092686,158800,1079511,185304,366,12.146509444444444,20.43,4.369,2.4
RANGER,48,48,16,23,66,21,58,24,579,783,30,165784,3397920.0,51,18,225.66666666666666,10,88631,285,243,96174177,165777,1120734,193942,154,12.157337222222223,20.43,4.355,2.4
RANGER,48,49,17,24,67,22,60,24,608,830,32,172910,3533460.0,51,18,223.66666666666666,10,90418,292,249,102413264,172866,1162836,202789,538,12.16854111111111,20.54,4.341,2.4
RANGER,48,50,17,24,68,23,62,24,628,861,33,180180,3671580.0,52,19,231.4,11,92191,298,252,108909177,180159,1205692,211861,404,12.171513055555556,21.65,4.327,2.4
RANGER,48,51,17,25,71,24,63,24,659,907,35,187595,3810060.0,53,19,243.6,11,94888,305,257,115724755,187543,1247841,221231,148,12.183258055555555,21.73,4.313,2.4
RANGER,48,52,18,25,71,24,65,25,681,938,36,195173,3951660.0,54,19,233.1,11,97181,311,261,122847549,195120,1291045,230782,575,12.186404722222223,21.8,4.298,2.5
RANGER,48,53,19,25,72,24,67,27,711,992,38,202890,4095540.0,55,19,233.3,11,98987,317,266,130179391,202842,1334902,240504,87,12.189563611111112,21.88,4.284,2.7
RANGER,48,54,19,26,73,25,68,27,734,1026,39,210760,4242000.0,55,19,240.8,11,100794,323,268,137720975,210707,1379539,250497,687,12.2020225,21.96,4.27,2.7
RANGER,48,55,20,26,75,26,70,27,763,1080,41,218787,4390560.0,57,20,242.0,12,102713,330,273,145634554,218737,1424556,260894,869,12.205358888888888,23.07,4.255,2.7
RANGER,48,56,20,26,77,27,71,27,784,1117,42,226957,4539900.0,58,20,258.6363636363636,12,105342,337,279,153951870,226945,1469134,271537,145,12.208707777777779,23.15,4.24,2.7
RANGER,48,57,20,26,79,29,73,27,816,1173,44,235267,4697880.0,58,20,259.54545454545456,12,107293,344,287,162505799,235239,1518985,283288,302,12.212068888888888,23.3,4.226,2.7
RANGER,48,58,21,27,82,29,74,27,850,1231,46,243743,4858980.0,59,20,243.54545454545453,12,109261,351,290,171404937,243707,1569868,295190,430,12.225423333333334,23.34,4.211,2.7
RANGER,48,59,21,28,83,29,76,27,871,1270,47,252370,5022300.0,59,20,245.0,12,111275,357,295,180597750,252321,1621317,307400,866,12.239178611111111,23.42,4.196,2.7
RANGER,48,60,21,29,83,29,81,27,901,1333,49,261141,5187900.0,60,20,290.8421052631579,13,113346,363,300,190097942,261112,1673375,319850,762,12.2533375,23.62,4.18,2.7
RANGER,48,61,21,29,85,30,84,27,934,1396,51,270063,5355180.0,61,20,261.1666666666667,13,115813,370,306,199885472,270052,1725610,332379,973,12.257222777777777,23.77,4.165,2.7
RANGER,48,62,21,29,86,33,86,27,967,1458,53,278737,5516880.0,61,20,255.25,13,117686,377,311,209615110,278714,1775865,344599,79,12.26112111111111,23.97,4.15,2.7
RANGER,48,63,22,29,87,33,88,27,990,1503,54,287821,5686140.0,63,20,269.3333333333333,13,119678,383,317,219943266,287803,1828519,357423,233,12.265032222222223,24.05,4.134,2.7
RANGER,48,64,22,29,88,33,92,28,1025,1568,56,297057,5857620.0,63,20,256.9166666666667,13,121686,390,320,230688482,297001,1881792,370506,787,12.26895611111111,24.22,4.12,2.8
RANGER,48,65,23,29,88,33,96,29,1055,1641,58,306444,6031500.0,64,20,262.84615384615387,14,123663,396,326,241848409,306388,1935707,383888,814,12.272892222222222,24.38,4.12,2.9
RANGER,48,66,25,29,89,33,98,30,1092,1709,60,315973,6206820.0,66,20,266.0769230769231,14,125810,402,331,253258682,315969,1989629,397275,68,12.276840833333333,24.46,4.11,3.0
RANGER,48,67,25,29,90,34,101,31,1128,1778,62,325564,6383280.0,66,20,274.53846153846155,14,127674,409,336,264864719,325539,2044044,410873,516,12.280801666666667,24.62,4.1,3.1
RANGER,48,68,25,29,93,34,101,32,1152,1829,63,334930,6555120.0,67,20,264.15384615384613,14,129563,415,340,276458749,334911,2096912,424084,734,12.284774444444444,24.62,4.07,3.2
RANGER,48,69,25,30,97,34,101,33,1188,1899,65,344666,6733980.0,67,20,265.15384615384613,14,131542,423,346,288673249,344626,2152302,437791,527,12.300748333333333,24.62,4.04,3.3
RANGER,48,70,25,32,98,35,103,33,1226,1972,67,354561,6915780.0,68,20,273.07142857142856,15,133612,429,351,301230577,354542,2208698,451627,394,12.329463333333333,24.75,4.024,3.3
RANGER,48,71,27,33,100,35,104,33,1263,2050,69,364592,7097820.0,70,20,278.85714285714283,15,135700,435,357,314070697,364526,2264445,465604,402,12.346536666666667,24.79,4.008,3.3
RANGER,48,72,27,33,102,36,106,34,1302,2127,71,374775,7282680.0,70,20,288.14285714285717,15,137592,442,362,327568877,374746,2321149,479856,512,12.351230277777777,24.91,3.991,3.4
RANGER,48,73,28,34,104,36,108,34,1344,2201,73,384681,7463040.0,72,20,273.85714285714283,15,139457,449,365,340795847,384616,2376870,493882,689,12.368919166666666,25.0,3.975,3.4
RANGER,48,74,28,36,105,37,110,34,1381,2280,75,395030,7656540.0,72,20,278.07142857142856,15,141506,455,371,354717630,394984,2438806,509549,1076,12.400350833333333,25.12,3.958,3.4
RANGER,48,75,28,36,105,39,114,34,1424,2359,77,405517,7851720.0,73,20,325.6818181818182,16,143617,461,376,369025394,405496,2501043,525540,427,12.405604444444444,25.37,3.95,3.4
RANGER,48,76,28,37,107,41,115,34,1469,2444,79,416158,8048220.0,74,20,291.3333333333333,16,145765,468,380,383747512,416154,2563185,541570,129,12.42460611111111,25.5,3.93,3.4
RANGER,48,77,29,38,109,42,116,34,1516,2528,81,426950,8246940.0,74,20,289.3333333333333,16,147831,474,385,398856891,426884,2626052,557829,942,12.44405,25.58,3.91,3.4
RANGER,48,78,30,39,111,42,117,35,1558,2612,83,437418,8440080.0,76,20,291.3333333333333,16,149786,481,391,413818802,437408,2687348,573591,514,12.463939166666666,25.63,3.892,3.5
RANGER,48,79,30,41,112,42,120,35,1605,2699,85,448283,8639700.0,76,20,286.6666666666667,16,151831,487,396,429562261,448276,2750573,589965,1054,12.498840277777777,25.75,3.88,3.5
RANGER,48,80,30,41,114,43,123,35,1649,2789,87,459289,8841720.0,77,20,338.7391304347826,17,153719,494,401,445555488,459220,2814646,606561,186,12.505062777777777,25.92,3.86,3.5
RANGER,48,81,30,42,116,43,126,35,1696,2878,89,470445,9044700.0,78,20,298.4375,17,155766,501,406,462107413,470385,2878421,623394,1003,12.526302222222222,26.05,3.84,3.5
RANGER,48,82,30,42,119,45,127,35,1747,2970,91,481742,9249720.0,78,20,309.0625,17,157700,508,411,479050419,481695,2942783,640387,890,12.532739722222223,26.18,3.823,3.5
RANGER,48,83,30,43,122,45,129,35,1797,3063,93,492761,9450180.0,79,20,294.3125,17,159622,515,417,495622039,492693,3006067,656920,156,12.554635,26.27,3.806,3.5
RANGER,48,84,30,44,124,47,130,35,1848,3159,95,504223,9658140.0,79,20,311.5,17,161641,521,422,513168364,504148,3071645,674144,631,12.576989166666667,26.4,3.789,3.5
RANGER,48,85,31,44,125,47,132,37,1894,3254,97,515840,9868200.0,80,20,341.6666666666667,18,163629,527,427,531216935,515761,3137724,691633,252,12.58384611111111,26.49,3.771,3.7
RANGER,48,86,31,44,127,47,134,39,1943,3351,99,527598,1.007868E7,81,20,303.8235294117647,18,165651,534,431,549779801,527521,3203252,709125,49,12.590719444444444,26.57,3.754,3.9
RANGER,48,87,32,46,129,47,135,39,1993,3445,101,539512,1.02915E7,82,20,308.8235294117647,18,167626,541,440,568964183,539465,3269476,726802,8,12.630352222222223,26.62,3.736,3.9
RANGER,48,88,33,46,131,48,137,39,2046,3544,103,551026,1.049874E7,83,20,304.11764705882354,18,169600,547,443,587649994,550945,3334790,744392,626,12.637636111111112,26.75,3.718,3.9
RANGER,48,89,33,46,131,49,141,40,2098,3642,105,562991,1.07184E7,83,20,304.4117647058824,18,171718,553,447,607215851,562980,3405823,763689,238,12.644936666666666,26.97,3.701,4.0
RANGER,48,90,34,47,134,49,143,41,2168,3777,108,575102,1.09404E7,85,20,353.0,19,173519,560,452,627380824,575098,3477678,783243,647,12.66930611111111,27.05,3.683,4.1
RANGER,48,91,34,47,137,49,145,42,2221,3880,110,587353,1.11636E7,86,20,315.8888888888889,19,175637,567,457,647783654,587338,3549585,802739,290,12.676831388888889,27.14,3.665,4.2
RANGER,48,92,34,47,138,49,148,44,2272,3982,112,599625,1.138674E7,86,20,325.3333333333333,19,177766,574,461,668678390,599550,3621501,822192,1084,12.684373611111111,27.28,3.647,4.4
RANGER,48,93,37,47,141,49,148,44,2325,4088,114,611803,1.160754E7,88,20,315.94444444444446,19,179794,580,467,689620811,611791,3692483,841636,1,12.6919325,27.28,3.629,4.4
RANGER,48,94,37,48,143,49,150,45,2377,4192,116,624371,1.183458E7,88,20,330.94444444444446,19,181883,587,471,711385081,624287,3765434,861838,305,12.717405277777777,27.36,3.611,4.5
RANGER,48,95,37,49,145,49,152,46,2435,4297,118,637089,1.20639E7,89,20,374.0769230769231,20,183484,593,480,733931490,637047,3839024,882281,608,12.743358333333333,27.45,3.592,4.6
RANGER,48,96,37,51,147,49,156,46,2513,4438,121,649957,1.229448E7,90,20,335.3157894736842,20,185680,600,487,756919971,649952,3912640,902717,1639,12.788305833333334,27.63,3.574,4.6
RANGER,48,97,37,52,148,50,158,47,2574,4545,123,662458,1.251792E7,90,20,324.2631578947368,20,187578,607,492,779359080,662372,3984018,922565,60,12.8154975,27.77,3.556,4.7
RANGER,48,98,38,52,150,51,160,47,2629,4657,125,675362,1.274808E7,92,20,329.0,20,189661,613,495,802972096,675332,4057414,943031,1220,12.8241225,27.9,3.537,4.7
RANGER,48,99,39,52,152,53,161,47,2687,4768,127,688410,1.29801E7,92,20,331.63157894736844,20,191748,620,497,827096978,688396,4131341,963732,59,12.832765277777778,28.04,3.519,4.7
RANGER,48,100,39,52,153,55,164,47,2744,4885,129,701607,1.321362E7,93,20,325.0,20,193346,626,502,851468946,701552,4205516,984802,1837,12.841425555555556,28.26,3.5,4.7
RANGER,49,1,12,11,9,10,10,9,10,8,0,0,0.0,21,9,95.0,1,0,1,1,0,0,0,0,0,12.019569166666667,9.47,4.91,0.9
RANGER,49,2,12,12,10,10,10,9,17,14,0,28,780.0,21,9,95.0,1,33,6,3,340,21,324,33,70,12.022219166666666,9.47,4.9,0.9
RANGER,49,3,12,12,12,10,12,9,32,24,1,213,5100.0,22,10,96.0,1,211,11,13,6940,210,1870,211,12,12.0228625,10.52,4.88,0.9
RANGER,49,4,12,12,12,10,13,10,39,28,1,573,13560.0,22,10,98.0,1,618,16,17,26493,562,4938,618,14,12.023576666666667,10.55,4.88,1.0
RANGER,49,5,12,12,12,11,14,10,46,32,1,1077,25680.0,23,10,115.0,2,1186,20,22,61741,1068,9426,1186,58,12.024340833333333,10.61,4.88,1.0
RANGER,49,6,12,13,12,11,16,11,56,46,2,1737,41220.0,24,10,102.0,2,1905,25,29,120972,1735,15070,1905,61,12.027679722222222,10.67,4.88,1.1
RANGER,49,7,13,13,13,11,16,11,62,54,2,2557,60720.0,24,10,119.0,2,2824,30,33,207601,2551,22251,2824,34,12.028601111111112,10.67,4.87,1.1
RANGER,49,8,13,13,13,11,18,11,69,60,2,3526,84060.0,25,10,121.0,2,3938,35,38,329501,3511,30963,3938,20,12.029553611111112,10.73,4.87,1.1
RANGER,49,9,14,13,15,12,18,11,81,74,3,4658,111300.0,26,10,111.0,2,5219,41,42,489711,4636,41139,5219,181,12.03053388888889,10.76,4.85,1.1
RANGER,49,10,14,13,16,12,19,11,87,83,3,5934,141780.0,27,10,132.66666666666666,3,6714,47,47,690612,5910,52468,6714,161,12.031538888888889,10.79,4.84,1.1
RANGER,49,11,14,13,16,13,20,11,92,91,3,7369,175740.0,28,10,124.0,3,8354,51,53,947001,7341,65018,8354,85,12.032566666666666,10.85,4.84,1.1
RANGER,49,12,14,14,17,13,20,11,98,97,3,8960,213360.0,28,10,130.0,3,10154,56,57,1266191,8937,78905,10154,65,12.036741666666666,10.85,4.83,1.1
RANGER,49,13,15,14,19,13,21,11,109,115,4,10686,253920.0,29,11,140.5,3,12149,64,64,1647082,10673,93809,12149,31,12.03790888888889,11.88,4.81,1.1
RANGER,49,14,15,14,19,13,22,12,116,121,4,12571,298080.0,29,11,144.0,3,14295,68,69,2089214,12558,110039,14295,147,12.039095555555555,11.91,4.81,1.2
RANGER,49,15,15,14,21,14,23,12,130,139,5,14597,345180.0,30,11,142.33333333333334,4,16643,76,73,2609977,14588,127228,16643,151,12.040300833333333,11.98,4.79,1.2
RANGER,49,16,15,14,23,14,23,12,138,147,5,16771,395280.0,31,11,153.33333333333334,4,19149,83,79,3188854,16748,145424,19149,173,12.041523333333334,11.98,4.77,1.2
RANGER,49,17,15,14,23,15,24,12,145,154,5,19095,448680.0,31,11,148.33333333333334,4,21783,87,82,3868189,19073,164795,21783,135,12.042762222222223,12.04,4.77,1.2
RANGER,49,18,15,14,26,15,25,12,157,174,6,21563,504900.0,32,12,155.33333333333334,4,24718,96,90,4631740,21553,185031,24718,28,12.044016666666666,13.07,4.74,1.2
RANGER,49,19,15,14,26,15,27,12,164,182,6,24197,563940.0,32,12,164.33333333333334,4,27756,101,95,5474918,24177,206021,27813,120,12.04528611111111,13.14,4.74,1.2
RANGER,49,20,15,14,29,15,27,13,180,201,7,26970,624960.0,33,12,171.0,5,30097,109,100,6428365,26961,227314,30930,26,12.046569722222221,13.14,4.71,1.3
RANGER,49,21,16,14,29,15,28,13,185,212,7,29907,690720.0,35,12,167.75,5,32435,114,105,7478981,29898,250741,34379,168,12.047866944444445,13.17,4.71,1.3
RANGER,49,22,16,15,29,15,30,14,196,232,8,32983,758520.0,35,12,167.75,5,34549,119,111,8643821,32978,274552,37907,263,12.053421944444445,13.24,4.71,1.4
RANGER,49,23,16,15,30,16,32,14,210,251,9,36209,830100.0,36,13,173.5,5,36741,126,116,9927813,36198,299863,41650,233,12.054858888888889,14.34,4.7,1.4
RANGER,49,24,16,15,30,16,34,14,216,263,9,39586,904140.0,36,13,170.25,5,39195,131,121,11348305,39582,325766,45773,159,12.05630888888889,14.4,4.7,1.4
RANGER,49,25,17,15,30,16,36,15,230,284,10,43123,980400.0,37,13,187.91666666666666,6,40859,136,127,12858410,43110,351984,49937,104,12.057771666666667,14.47,4.7,1.5
RANGER,49,26,18,15,31,16,36,15,239,294,10,46806,1061280.0,39,13,180.2,6,43128,142,131,14511030,46773,380367,54377,11,12.059246666666667,14.47,4.69,1.5
RANGER,49,27,18,15,31,17,38,16,251,317,11,50633,1145040.0,39,13,179.8,6,45407,147,135,16317344,50595,409712,58989,220,12.060733611111111,14.57,4.69,1.6
RANGER,49,28,18,15,31,18,41,16,263,342,12,54608,1231920.0,40,13,188.8,6,47816,153,140,18270001,54573,440100,63761,100,12.062231944444445,14.71,4.69,1.6
RANGER,49,29,18,15,31,18,43,16,271,353,12,58746,1322220.0,40,13,195.2,6,49917,158,146,20392246,58733,471632,68763,168,12.06374138888889,14.78,4.69,1.6
RANGER,49,30,18,15,32,18,45,17,285,378,13,63026,1415160.0,41,13,188.33333333333334,7,51657,165,149,22615636,63013,503964,73922,381,12.065261666666666,14.85,4.68,1.7
RANGER,49,31,18,15,35,19,45,17,303,403,14,67458,1510320.0,42,14,189.66666666666666,7,54107,173,153,25018316,67441,536724,79418,357,12.0667925,15.89,4.65,1.7
RANGER,49,32,18,15,36,19,46,19,320,427,15,72036,1608240.0,42,14,191.0,7,56580,179,159,27588908,72019,570397,85181,268,12.068333333333333,15.92,4.64,1.9
RANGER,49,33,18,15,37,19,46,20,327,438,15,76778,1709580.0,43,14,192.0,7,58597,184,164,30353019,76765,605231,91102,242,12.069884444444444,15.92,4.63,2.0
RANGER,49,34,18,16,38,19,48,20,342,464,16,81650,1813440.0,43,14,193.83333333333334,7,60312,191,170,33251793,81624,640943,97194,184,12.077198333333333,15.99,4.62,2.0
RANGER,49,35,18,17,40,19,49,20,357,489,17,86699,1921140.0,44,15,218.0,8,62070,198,175,36349464,86698,677996,103424,40,12.084848333333333,17.03,4.6,2.0
RANGER,49,36,18,17,42,20,50,20,372,516,18,91877,2029860.0,45,15,202.71428571428572,8,64570,205,180,39599417,91846,714871,110077,45,12.086683888888889,17.1,4.58,2.0
RANGER,49,37,20,17,44,20,50,20,388,544,19,97225,2140800.0,46,15,201.85714285714286,8,67117,212,185,43128930,97201,752061,116801,320,12.08853,17.1,4.56,2.0
RANGER,49,38,20,17,44,20,51,21,394,558,19,102725,2253720.0,47,15,211.57142857142858,8,68821,217,191,46861160,102721,789553,123575,8,12.090386111111112,17.14,4.56,2.1
RANGER,49,39,20,17,45,20,53,22,409,587,20,108358,2368140.0,47,15,204.28571428571428,8,70560,223,196,50759133,108314,827186,130417,104,12.0922525,17.21,4.55,2.2
RANGER,49,40,20,17,46,21,54,23,424,613,21,114154,2488080.0,48,16,238.6,9,72368,229,201,54890927,114142,867425,137670,289,12.09412888888889,18.28,4.54,2.3
RANGER,49,41,20,17,47,21,55,25,439,639,22,120104,2610060.0,49,16,213.25,9,74999,235,205,59263712,120094,908022,145460,401,12.096014722222222,18.32,4.53,2.5
RANGER,49,42,20,17,48,21,58,25,456,668,23,126194,2733000.0,49,16,212.625,9,77319,242,212,63880242,126170,948268,153251,438,12.09791,18.43,4.52,2.5
RANGER,49,43,20,17,50,21,60,25,471,700,24,132448,2858820.0,50,16,212.875,9,79074,249,217,68734686,132442,989317,161133,466,12.099814444444444,18.5,4.5,2.5
RANGER,49,44,20,17,50,22,62,26,485,730,25,138838,2987460.0,50,16,227.125,9,80865,255,221,73748548,138792,1031469,169248,504,12.101728055555556,18.62,4.5,2.6
RANGER,49,45,21,17,51,22,63,27,500,765,26,145363,3117900.0,51,17,246.6875,10,82750,261,225,79125018,145342,1073810,177586,118,12.103650833333333,19.65,4.49,2.7
RANGER,49,46,21,17,51,23,66,27,514,798,27,152029,3250140.0,52,17,237.22222222222223,10,85474,267,232,84609459,152023,1116407,186393,409,12.105581944444445,19.8,4.49,2.7
RANGER,49,47,21,17,52,23,70,28,536,849,29,158849,3383040.0,52,17,236.0,10,87231,274,236,90298756,158835,1158312,195002,582,12.107521944444445,19.96,4.48,2.8
RANGER,49,48,22,17,54,23,71,28,552,885,30,165817,3519780.0,54,17,230.33333333333334,10,89023,281,242,96305401,165816,1201881,203789,74,12.109470277777778,19.99,4.46,2.8
RANGER,49,49,22,18,56,23,74,28,576,940,32,172944,3656700.0,54,18,223.55555555555554,10,90689,288,247,102569864,172921,1244472,212503,414,12.119338055555556,21.11,4.44,2.8
RANGER,49,50,23,19,57,23,75,28,591,977,33,180219,3795840.0,55,18,231.6,11,92536,294,252,109098578,180180,1287595,221826,692,12.129583055555555,21.15,4.43,2.8
RANGER,49,51,23,19,57,25,79,28,614,1034,35,187637,3936480.0,56,18,245.8,11,95179,300,256,115893901,187605,1330734,231169,540,12.1318375,21.38,4.43,2.8
RANGER,49,52,23,19,59,25,81,28,633,1072,36,195217,4080420.0,56,18,243.0,11,97175,308,261,122994521,195165,1375044,240744,727,12.134101388888888,21.46,4.41,2.8
RANGER,49,53,24,19,62,26,82,28,660,1133,38,202932,4225020.0,58,19,233.8,11,98973,315,268,130335215,202893,1418888,250592,479,12.136373888888889,22.54,4.38,2.8
RANGER,49,54,24,19,63,27,84,28,677,1176,39,210801,4371540.0,58,19,234.7,11,100745,321,273,138052524,210781,1463075,260722,523,12.138655277777778,22.66,4.37,2.8
RANGER,49,55,26,20,63,27,87,28,700,1239,41,218826,4520340.0,60,19,270.94444444444446,12,102663,327,275,145979251,218809,1507762,271258,661,12.149893055555555,22.77,4.37,2.8
RANGER,49,56,26,21,65,27,88,28,718,1284,42,226995,4671300.0,61,19,249.54545454545453,12,105354,334,281,154215989,226969,1552961,281679,305,12.161522777777778,22.81,4.35,2.8
RANGER,49,57,26,22,68,28,89,28,746,1351,44,235311,4829400.0,61,20,252.36363636363637,12,107396,341,286,162738252,235265,1602262,293588,486,12.173546666666667,23.89,4.32,2.8
RANGER,49,58,27,22,71,28,90,29,776,1413,46,243785,4990320.0,62,20,251.45454545454547,12,109427,348,291,171628216,243744,1652568,305738,158,12.176306944444445,23.93,4.29,2.9
RANGER,49,59,27,23,72,28,91,30,795,1457,47,252413,5153820.0,62,20,259.6363636363636,12,111476,355,296,180873996,252362,1703696,318117,26,12.18888861111111,23.97,4.28,3.0
RANGER,49,60,28,23,73,29,94,30,824,1523,49,261183,5319000.0,64,20,282.7894736842105,13,113679,361,303,190435958,261166,1755034,330843,354,12.191820555555555,24.13,4.27,3.0
RANGER,49,61,28,24,76,29,95,31,854,1589,51,270104,5485740.0,65,20,266.25,13,116032,368,308,200336523,270062,1806461,343634,257,12.204967777777778,24.17,4.24,3.1
RANGER,49,62,28,25,77,30,97,32,886,1657,53,278776,5648160.0,65,20,257.0,13,117914,375,312,210216201,278772,1856803,355907,21,12.218520555555555,24.3,4.23,3.2
RANGER,49,63,28,25,79,30,99,32,905,1707,54,287860,5817480.0,66,20,254.5,13,119855,381,317,220464334,287807,1909126,368803,23,12.221793611111112,24.38,4.21,3.2
RANGER,49,64,28,25,80,31,102,33,935,1777,56,297100,5989020.0,66,20,255.33333333333334,13,121851,388,320,231210349,297047,1961952,381946,13,12.225077222222222,24.54,4.2,3.3
RANGER,49,65,28,27,82,31,104,33,967,1849,58,306487,6163380.0,67,20,296.75,14,123855,395,326,242325879,306485,2015724,395363,220,12.250466944444444,24.62,4.18,3.3
RANGER,49,66,28,27,84,32,106,34,1002,1923,60,316014,6339360.0,68,20,263.46153846153845,14,125866,401,332,253688918,315999,2069774,408794,14,12.254090833333333,24.75,4.16,3.4
RANGER,49,67,28,27,86,33,109,34,1039,1999,62,325601,6515700.0,68,20,274.53846153846155,14,127794,408,338,265347292,325587,2123805,422401,284,12.257726111111111,24.91,4.14,3.4
RANGER,49,68,28,27,87,34,111,34,1060,2051,63,334975,6687540.0,69,20,264.15384615384613,14,129663,415,342,276977163,334971,2176296,435791,1121,12.2613725,25.04,4.13,3.4
RANGER,49,69,28,28,88,34,115,34,1093,2134,65,344715,6865680.0,69,20,282.15384615384613,14,131648,421,347,289103158,344700,2230719,449637,623,12.276851944444445,25.2,4.12,3.4
RANGER,49,70,28,29,92,34,116,34,1127,2215,67,354610,7046760.0,70,20,315.1904761904762,15,133638,429,350,301699323,354567,2286283,463669,553,12.292755277777777,25.25,4.08,3.4
RANGER,49,71,30,29,93,35,118,34,1160,2299,69,364643,7228320.0,72,20,281.7142857142857,15,135646,435,357,314592037,364577,2341302,477892,985,12.296763333333333,25.37,4.07,3.4
RANGER,49,72,30,30,95,36,120,34,1193,2382,71,374818,7412700.0,72,20,273.85714285714283,15,137584,442,361,328085473,374801,2397369,492139,1072,12.31327138888889,25.5,4.05,3.4
RANGER,49,73,30,30,98,36,122,35,1228,2471,73,384733,7593180.0,73,20,290.2142857142857,15,139444,449,367,341286203,384665,2452841,506381,512,12.317469444444445,25.58,4.02,3.5
RANGER,49,74,31,30,101,37,123,35,1265,2560,75,395082,7786620.0,73,20,285.2142857142857,15,141548,456,371,355320304,395031,2514468,522211,899,12.321679444444445,25.67,3.99,3.5
RANGER,49,75,32,32,103,37,124,35,1304,2642,77,405566,7981740.0,75,20,283.2,16,143587,462,376,369782290,405499,2576569,538211,446,12.352143611111112,25.71,3.97,3.5
RANGER,49,76,32,32,105,37,128,35,1342,2730,79,416205,8178600.0,76,20,283.3333333333333,16,145713,469,381,384495490,416141,2638922,554190,35,12.356717222222223,25.88,3.95,3.5
RANGER,49,77,32,32,108,38,129,36,1382,2817,81,426995,8377920.0,76,20,284.0,16,147728,476,385,399596977,426933,2702093,570581,85,12.361303055555556,25.97,3.92,3.6
RANGER,49,78,33,33,110,39,130,36,1420,2906,83,437463,8570220.0,77,20,295.26666666666665,16,149684,483,391,414556556,437421,2762805,586557,63,12.379664722222222,26.05,3.9,3.6
RANGER,49,79,33,34,113,39,130,38,1463,2997,85,448326,8769180.0,77,20,295.93333333333334,16,151760,489,395,430333944,448278,2825571,603085,503,12.39847,26.05,3.875,3.8
RANGER,49,80,33,34,115,40,132,39,1503,3087,87,459337,8971320.0,78,20,336.95652173913044,17,153649,496,404,446500453,459289,2889670,619838,800,12.403440555555555,26.18,3.858,3.9
RANGER,49,81,34,34,117,41,134,39,1542,3180,89,470489,9174240.0,80,20,308.4375,17,155709,502,409,463232551,470463,2953439,636655,438,12.408423611111111,26.31,3.84,3.9
RANGER,49,82,34,36,120,41,134,40,1585,3274,91,481787,9379260.0,80,20,293.75,17,157715,509,412,480163084,481743,3017844,653697,480,12.442770833333332,26.31,3.823,4.0
RANGER,49,83,34,37,121,41,138,40,1627,3370,93,492809,9578760.0,81,20,297.125,17,159667,516,417,497037039,492783,3080411,670400,590,12.463113055555555,26.49,3.806,4.0
RANGER,49,84,35,37,121,42,142,40,1666,3470,95,504267,9785880.0,81,20,307.8125,17,161624,522,424,514611497,504204,3145459,687738,805,12.468669444444444,26.7,3.79,4.0
RANGER,49,85,35,37,125,43,143,40,1709,3571,97,515882,9995340.0,82,20,350.625,18,163624,529,428,532732385,515868,3211117,705371,149,12.474239166666667,26.79,3.771,4.0
RANGER,49,86,35,38,126,44,146,40,1753,3672,99,527641,1.020504E7,83,20,303.5882352941176,18,165708,535,434,551144900,527594,3276139,723014,222,12.495425555555556,26.97,3.754,4.0
RANGER,49,87,35,38,128,46,148,40,1797,3774,101,539559,1.041696E7,83,20,312.4117647058824,18,167716,542,435,570255741,539546,3341694,740904,647,12.50120361111111,27.14,3.736,4.0
RANGER,49,88,36,38,130,46,151,40,1838,3880,103,551074,1.062414E7,85,20,315.3529411764706,18,169666,549,441,588813696,551050,3406965,758672,1478,12.506995277777778,27.28,3.718,4.0
RANGER,49,89,37,38,134,46,151,41,1882,3987,105,563038,1.084314E7,85,20,321.8235294117647,18,171765,556,447,608442088,563035,3477594,778064,703,12.5128,27.28,3.701,4.1
RANGER,49,90,37,39,137,46,154,42,1944,4124,108,575151,1.106448E7,86,20,313.6111111111111,19,173476,563,455,628489616,575105,3549027,797746,1805,12.535038333333333,27.41,3.683,4.2
RANGER,49,91,37,40,139,46,157,42,1989,4234,110,587401,1.128708E7,87,20,313.6111111111111,19,175674,569,459,648842456,587317,3620538,817291,455,12.557744166666666,27.54,3.665,4.2
RANGER,49,92,38,41,141,46,158,43,2035,4344,112,599670,1.15086E7,88,20,323.1666666666667,19,177733,576,466,669579219,599584,3691301,837050,815,12.580920277777778,27.59,3.647,4.3
RANGER,49,93,38,44,143,46,159,43,2083,4453,114,611851,1.17282E7,89,20,321.5,19,179799,582,469,690687809,611816,3761431,856646,730,12.6392775,27.63,3.629,4.3
RANGER,49,94,39,44,144,46,162,44,2135,4560,116,624414,1.195482E7,89,20,328.72222222222223,19,181943,589,473,712574609,624365,3834086,876852,83,12.64627638888889,27.77,3.611,4.4
RANGER,49,95,39,45,145,46,165,45,2186,4669,118,637131,1.218384E7,90,20,364.84615384615387,20,183556,595,481,735128543,637092,3907511,897369,437,12.6711475,27.9,3.592,4.5
RANGER,49,96,41,46,147,46,168,45,2254,4822,121,649999,1.241382E7,92,20,336.42105263157896,20,185743,602,485,757828963,649913,3980781,917784,1401,12.696498055555555,28.04,3.574,4.5
RANGER,49,97,43,46,149,47,169,45,2308,4936,123,662498,1.263594E7,93,20,327.42105263157896,20,187755,608,488,780439012,662437,4051167,937639,28,12.7039275,28.13,3.556,4.5
RANGER,49,98,44,46,150,47,172,46,2357,5055,125,675401,1.286472E7,95,20,324.57894736842104,20,189872,615,493,803933003,675364,4123646,958267,244,12.7113725,28.26,3.537,4.6
RANGER,49,99,46,47,152,47,173,46,2409,5170,127,688452,1.309518E7,96,20,328.57894736842104,20,192005,621,496,827734785,688379,4196508,979144,1190,12.737625555555555,28.31,3.519,4.6
RANGER,49,100,48,47,153,47,175,47,2458,5287,129,701643,1.332846E7,98,20,341.63157894736844,20,193465,627,502,852287286,701627,4270522,1000148,832,12.745296666666666,28.4,3.5,4.7
MAGE,46,1,8,9,9,8,6,13,5,8,0,0,0.0,19,9,95.0,1,0,1,1,0,0,0,0,0,12.015381388888889,9.3,4.91,1.3
MAGE,46,2,8,9,9,9,7,13,10,14,0,29,900.0,19,9,95.0,1,45,5,1,340,19,404,45,38,12.0157325,9.36,4.91,1.3
MAGE,46,3,8,10,9,9,10,13,22,21,1,210,5520.0,20,9,96.0,1,254,10,10,6428,210,2183,254,40,12.01837,9.44,4.91,1.3
MAGE,46,4,9,10,9,10,10,13,27,28,1,577,14640.0,20,9,98.0,1,642,14,17,25986,570,5644,642,14,12.01894361111111,9.47,4.91,1.3
MAGE,46,5,9,10,9,10,11,14,31,34,1,1085,27180.0,21,9,115.0,2,1222,18,22,61304,1070,10377,1222,58,12.019557777777777,9.5,4.91,1.4
MAGE,46,6,9,10,10,11,13,14,40,48,2,1743,42840.0,22,9,102.0,2,1899,23,29,119389,1722,16112,1899,73,12.02020361111111,9.58,4.9,1.4
MAGE,46,7,10,10,10,12,13,14,47,54,2,2558,62700.0,23,10,118.0,2,2800,28,33,208928,2558,23538,2800,78,12.02087611111111,10.61,4.9,1.4
MAGE,46,8,11,10,10,12,14,14,53,60,2,3519,85920.0,24,10,107.0,2,3921,32,37,327134,3501,32195,3921,68,12.021571388888889,10.64,4.9,1.4
MAGE,46,9,11,10,10,13,16,15,63,72,3,4642,112920.0,24,10,125.0,2,5222,37,41,490890,4629,42225,5222,17,12.022286944444444,10.73,4.9,1.5
MAGE,46,10,11,11,10,14,16,15,70,79,3,5913,143460.0,25,10,132.66666666666666,3,6688,42,47,701810,5901,53557,6688,113,12.02581,10.76,4.9,1.5
MAGE,46,11,11,12,10,14,17,15,74,87,3,7341,177360.0,26,10,124.0,3,8327,46,55,960748,7326,66023,8327,133,12.029584166666666,10.79,4.9,1.5
MAGE,46,12,11,12,10,15,18,15,80,96,3,8923,214920.0,26,10,127.0,3,10111,51,58,1281881,8912,79847,10111,133,12.030536666666666,10.85,4.9,1.5
MAGE,46,13,11,12,11,15,20,16,92,111,4,10648,255780.0,27,10,133.5,3,11996,56,64,1657168,10628,94884,11996,15,12.031506666666667,10.91,4.89,1.6
MAGE,46,14,11,12,12,15,21,16,97,120,4,12528,300060.0,27,10,143.5,3,14051,60,69,2111446,12518,111087,14051,55,12.032493055555555,10.95,4.88,1.6
MAGE,46,15,11,13,12,16,22,17,110,134,5,14557,347640.0,28,10,141.66666666666666,4,16310,65,73,2606238,14543,128460,16310,55,12.036871666666666,11.01,4.88,1.7
MAGE,46,16,11,13,12,16,24,17,115,144,5,16728,398040.0,29,11,148.33333333333334,4,18765,70,79,3195226,16705,146719,18765,177,12.03799,12.07,4.88,1.7
MAGE,46,17,11,13,12,16,26,17,120,154,5,19059,451860.0,29,11,156.33333333333334,4,21456,75,84,3870944,19048,166100,21456,219,12.039123611111112,12.14,4.88,1.7
MAGE,46,18,11,13,12,18,27,18,134,175,6,21530,508680.0,30,11,151.66666666666666,4,24312,82,88,4630107,21513,186509,24312,8,12.04027138888889,12.24,4.88,1.8
MAGE,46,19,11,13,12,18,28,19,139,185,6,24167,569160.0,30,11,159.0,4,27353,86,93,5485159,24153,208186,27353,76,12.041432777777779,12.27,4.88,1.9
MAGE,46,20,13,13,12,19,29,19,150,207,7,26935,632400.0,32,11,170.8181818181818,5,29746,92,100,6437694,26919,230794,30534,38,12.042607222222221,12.34,4.88,1.9
MAGE,46,21,13,13,12,21,29,19,158,218,7,29872,699060.0,33,11,167.5,5,32148,99,107,7503355,29863,254475,33905,184,12.043793888888889,12.4,4.88,1.9
MAGE,46,22,14,13,13,23,29,19,172,240,8,32947,768300.0,34,12,175.25,5,34327,107,112,8654943,32932,278936,37546,47,12.044992777777777,13.47,4.87,1.9
MAGE,46,23,14,13,14,25,30,19,186,263,9,36175,841020.0,35,12,168.0,5,36588,116,115,9948248,36162,304655,41340,145,12.046203055555555,13.57,4.86,1.9
MAGE,46,24,15,13,14,25,31,19,191,276,9,39555,916620.0,35,12,176.0,5,38969,120,118,11351919,39522,331257,45388,215,12.047424166666667,13.61,4.86,1.9
MAGE,46,25,16,13,14,27,31,20,205,301,10,43086,995460.0,37,12,189.58333333333334,6,40771,128,125,12875099,43057,358929,49580,196,12.04865611111111,13.68,4.86,2.0
MAGE,46,26,16,13,15,28,31,20,213,312,10,46772,1077420.0,38,12,177.6,6,43037,133,132,14568728,46757,387610,53854,159,12.049898333333333,13.71,4.85,2.0
MAGE,46,27,17,13,16,30,31,20,229,335,11,50597,1162260.0,38,13,178.8,6,45264,140,135,16406843,50595,417292,58342,88,12.051150555555555,14.78,4.84,2.0
MAGE,46,28,17,13,16,33,32,20,243,358,12,54578,1249740.0,39,13,180.6,6,47628,150,139,18352868,54547,447643,63182,36,12.0524125,14.92,4.84,2.0
MAGE,46,29,17,13,16,34,33,20,249,372,12,58716,1340280.0,39,13,181.8,6,49734,156,144,20465316,58681,478908,68194,268,12.053683888888889,14.99,4.84,2.0
MAGE,46,30,17,13,17,35,34,21,262,397,13,62992,1433820.0,40,13,206.46153846153845,7,51477,162,150,22747613,62971,511181,73420,65,12.054964166666666,15.07,4.83,2.1
MAGE,46,31,17,13,18,36,35,22,277,424,14,67422,1530000.0,41,13,189.33333333333334,7,53878,168,156,25193044,67411,544179,78826,197,12.056253611111112,15.14,4.82,2.2
MAGE,46,32,18,13,18,38,36,22,290,452,15,72007,1629420.0,42,14,196.83333333333334,7,56228,176,163,27828471,72003,578273,84398,88,12.05755138888889,16.25,4.82,2.2
MAGE,46,33,18,13,18,39,37,22,296,468,15,76750,1731540.0,43,14,198.83333333333334,7,58457,182,166,30637235,76749,613055,90367,82,12.058857777777778,16.32,4.82,2.2
MAGE,46,34,18,13,20,40,38,22,311,496,16,81634,1836180.0,43,14,193.83333333333334,7,60199,188,172,33574494,81608,648572,96554,1228,12.060172222222223,16.39,4.8,2.2
MAGE,46,35,18,13,20,41,39,24,324,524,17,86674,1944240.0,44,14,199.42857142857142,8,61999,194,175,36707268,86639,685306,102912,196,12.061494722222223,16.47,4.8,2.4
MAGE,46,36,18,13,20,43,39,26,338,554,18,91865,2054760.0,45,14,200.57142857142858,8,64538,201,180,40019003,91831,722595,109369,460,12.062825,16.54,4.8,2.6
MAGE,46,37,18,14,20,44,40,27,351,582,19,97195,2167980.0,45,15,204.28571428571428,8,66959,207,187,43551569,97186,760698,115979,288,12.070130277777778,17.62,4.8,2.7
MAGE,46,38,18,14,20,45,41,27,357,600,19,102696,2283480.0,46,15,203.14285714285714,8,68891,213,190,47273297,102676,799094,123110,40,12.071600555555555,17.69,4.8,2.7
MAGE,46,39,18,14,20,49,41,27,371,632,20,108324,2401380.0,46,15,215.85714285714286,8,70670,222,195,51153343,108288,838201,130464,304,12.073079166666666,17.84,4.8,2.7
MAGE,46,40,19,14,20,50,43,27,383,667,21,114119,2522520.0,47,15,231.2,9,72577,228,201,55244173,114084,878276,138060,69,12.074565277777777,17.96,4.8,2.7
MAGE,46,41,19,14,20,52,45,27,396,702,22,120069,2645700.0,48,16,218.5,9,75251,236,204,59579724,120053,918568,145935,129,12.076059166666667,19.11,4.8,2.7
MAGE,46,42,19,14,21,53,47,27,408,739,23,126160,2771400.0,48,16,227.5,9,77398,242,209,64189985,126149,959590,154036,26,12.077560555555555,19.22,4.79,2.7
MAGE,46,43,20,14,22,54,48,27,419,779,24,132414,2898420.0,50,16,213.5,9,79242,248,216,68970417,132384,1000290,162149,370,12.079069444444444,19.3,4.78,2.7
MAGE,46,44,20,14,22,55,50,28,430,818,25,138810,3027360.0,50,16,229.75,9,81051,255,221,74036225,138784,1041292,170462,180,12.080585277777777,19.42,4.78,2.8
MAGE,46,45,20,14,22,56,52,29,443,857,26,145342,3159180.0,51,17,245.4375,10,82897,261,226,79384190,145334,1083246,178951,346,12.082108333333334,20.54,4.78,2.9
MAGE,46,46,20,15,23,58,52,29,456,898,27,152007,3291900.0,52,17,228.44444444444446,10,85539,268,230,84891386,151964,1124848,187665,49,12.0908575,20.62,4.77,2.9
MAGE,46,47,21,15,23,60,55,29,479,959,29,158828,3425400.0,52,17,236.11111111111111,10,87260,275,236,90628878,158783,1165801,196486,322,12.092526944444444,20.81,4.77,2.9
MAGE,46,48,21,15,23,61,56,31,496,1001,30,165800,3564120.0,53,17,223.66666666666666,10,89054,281,240,96695950,165796,1209239,205819,402,12.09420361111111,20.89,4.77,3.1
MAGE,46,49,22,15,23,62,59,32,516,1066,32,172922,3703560.0,54,18,233.66666666666666,10,90899,288,246,102999753,172908,1252062,214894,54,12.0958875,22.05,4.77,3.2
MAGE,46,50,24,15,23,63,60,32,531,1112,33,180200,3845520.0,56,18,266.5882352941176,11,92806,294,251,109599522,180146,1295485,224564,716,12.097578333333333,22.13,4.77,3.2
MAGE,46,51,25,15,24,64,63,32,550,1184,35,187612,3987600.0,57,18,232.2,11,95480,301,256,116461190,187592,1337893,234045,288,12.099276111111111,22.3,4.76,3.2
MAGE,46,52,25,15,25,66,64,32,563,1233,36,195182,4131900.0,57,18,247.0,11,97348,307,260,123621769,195173,1380726,243850,251,12.100980555555555,22.42,4.75,3.2
MAGE,46,53,25,15,27,67,66,33,584,1306,38,202904,4279380.0,58,19,233.6,11,99195,314,266,131034059,202868,1424749,253899,79,12.102691944444445,23.54,4.73,3.3
MAGE,46,54,25,15,27,69,67,34,599,1356,39,210774,4427460.0,58,19,250.9,11,101099,320,271,138694373,210756,1468076,264399,399,12.104409722222222,23.66,4.73,3.4
MAGE,46,55,25,15,27,70,70,36,622,1431,41,218795,4578360.0,59,19,278.8333333333333,12,103088,327,275,146655373,218760,1512247,274956,641,12.106134166666667,23.83,4.73,3.6
MAGE,46,56,25,15,28,71,72,36,636,1482,42,226969,4731180.0,60,19,249.8181818181818,12,105637,333,280,155044921,226961,1556587,285714,941,12.107865,23.95,4.72,3.6
MAGE,46,57,25,17,28,72,75,36,657,1561,44,235280,4892040.0,60,20,258.0,12,107661,340,287,163621142,235241,1605675,297671,166,12.127364166666666,25.12,4.72,3.6
MAGE,46,58,25,17,29,74,77,37,680,1642,46,243754,5054700.0,61,20,243.63636363636363,12,109744,347,292,172624547,243701,1654791,310218,94,12.12939,25.29,4.71,3.7
MAGE,46,59,26,17,29,74,80,37,694,1698,47,252382,5220180.0,62,20,261.6363636363636,12,111812,353,296,181928804,252349,1704720,322941,306,12.131423055555555,25.41,4.71,3.7
MAGE,46,60,28,17,29,78,80,37,717,1782,49,261149,5387820.0,64,20,292.05263157894734,13,113909,360,302,191545441,261124,1755100,335953,138,12.133463055555556,25.58,4.71,3.7
MAGE,46,61,29,18,30,80,81,37,741,1867,51,270070,5557200.0,65,20,267.9166666666667,13,116055,367,306,201382486,270020,1805589,349107,545,12.145130555555555,25.71,4.7,3.7
MAGE,46,62,30,18,30,83,83,37,765,1955,53,278749,5722080.0,66,20,263.75,13,117995,375,311,211235042,278690,1854832,361748,757,12.14733,25.92,4.7,3.7
MAGE,46,63,30,18,30,84,85,38,780,2017,54,287833,5893980.0,67,20,259.5833333333333,13,120036,381,317,221782124,287798,1905867,375145,211,12.149536944444444,26.05,4.7,3.8
MAGE,46,64,30,19,30,88,86,38,808,2107,56,297071,6068460.0,67,20,255.41666666666666,13,122090,388,322,232599773,297044,1957558,388760,317,12.161922777777777,26.27,4.7,3.8
MAGE,46,65,30,19,30,90,90,38,832,2203,58,306459,6245820.0,68,20,295.0,14,123896,396,328,243824762,306424,2010137,402658,352,12.1642925,26.53,4.7,3.8
MAGE,46,66,31,20,31,91,92,38,856,2302,60,315992,6424620.0,69,20,263.46153846153845,14,125966,402,333,255331952,315944,2062617,416590,970,12.177250833333334,26.66,4.69,3.8
MAGE,46,67,31,21,31,93,95,38,885,2398,62,325583,6603660.0,69,20,274.61538461538464,14,128044,409,337,267028961,325535,2114884,430780,324,12.190627222222222,26.88,4.69,3.8
MAGE,46,68,31,21,31,94,97,39,904,2465,63,334955,6779160.0,70,20,263.84615384615387,14,129959,415,340,278562807,334919,2166341,444545,1097,12.193324166666667,27.01,4.69,3.9
MAGE,46,69,32,21,31,95,100,40,933,2567,65,344690,6960900.0,71,20,276.15384615384613,14,132086,422,345,290855379,344644,2219438,458825,7,12.196029444444445,27.19,4.69,4.0
MAGE,46,70,33,21,32,98,101,40,963,2671,67,354586,7144740.0,72,20,306.9047619047619,15,133928,429,351,303568241,354584,2272726,473565,576,12.198742222222222,27.36,4.68,4.0
MAGE,46,71,34,21,33,99,104,40,990,2780,69,364616,7330260.0,74,20,286.07142857142856,15,135970,435,356,316532444,364566,2326317,488164,278,12.201463333333333,27.54,4.67,4.0
MAGE,46,72,34,21,34,102,106,40,1021,2889,71,374796,7517760.0,74,20,273.57142857142856,15,138004,442,361,329965269,374778,2380202,503167,1419,12.204191944444444,27.77,4.66,4.0
MAGE,46,73,34,21,36,103,108,41,1048,3001,73,384713,7701540.0,75,20,276.07142857142856,15,139941,448,366,343136589,384694,2433633,518003,847,12.206928333333334,27.9,4.64,4.1
MAGE,46,74,34,21,37,105,109,43,1080,3114,75,395064,7897140.0,75,20,281.14285714285717,15,142146,455,370,357186486,395044,2492208,534542,635,12.209672222222222,28.04,4.63,4.3
MAGE,46,75,34,21,38,107,111,44,1110,3225,77,405550,8095560.0,76,20,323.90909090909093,16,143893,462,377,371678565,405544,2551843,551284,144,12.212423611111111,28.22,4.62,4.4
MAGE,46,76,34,21,38,108,114,46,1138,3338,79,416195,8295840.0,77,20,288.73333333333335,16,146093,468,381,386448875,416184,2611612,568099,743,12.215182777777779,28.4,4.62,4.6
MAGE,46,77,34,23,38,110,116,46,1164,3455,81,426984,8497620.0,77,20,289.53333333333336,16,148266,475,386,401738380,426964,2671341,585303,37,12.243088888888888,28.58,4.62,4.6
MAGE,46,78,34,23,39,112,119,46,1192,3574,83,437454,8693280.0,78,20,287.53333333333336,16,150385,482,391,416796066,437436,2729185,602076,135,12.2461825,28.81,4.61,4.6
MAGE,46,79,35,23,39,114,122,46,1221,3696,85,448321,8896020.0,78,20,284.8,16,152584,488,396,432637222,448278,2789099,619438,273,12.24928388888889,29.04,4.61,4.6
MAGE,46,80,35,23,39,119,123,46,1252,3820,87,459330,9100860.0,79,20,338.7826086956522,17,154000,496,400,448774544,459276,2849382,637187,347,12.252393611111112,29.31,4.61,4.6
MAGE,46,81,35,23,40,122,124,47,1281,3951,89,470482,9307140.0,80,20,296.0625,17,156113,503,404,465460569,470415,2909609,654924,841,12.255510833333334,29.5,4.6,4.7
MAGE,46,82,35,23,41,123,128,47,1310,4082,91,481783,9515640.0,80,20,301.75,17,158228,509,411,482650779,481775,2970302,672980,1533,12.25863611111111,29.73,4.59,4.7
MAGE,46,83,35,24,42,125,130,47,1338,4218,93,492804,9718560.0,81,20,303.625,17,160314,516,422,499454866,492735,3029362,690547,1487,12.275485277777777,29.92,4.58,4.7
MAGE,46,84,37,24,42,127,132,47,1370,4351,95,504262,9928980.0,82,20,309.3125,17,162459,522,426,517331542,504249,3090366,708848,713,12.278790555555556,30.1,4.58,4.7
MAGE,46,85,37,24,43,131,133,47,1401,4486,97,515875,1.014174E7,83,20,344.0416666666667,18,163983,530,429,535520247,515811,3151950,727482,65,12.282103611111111,30.34,4.57,4.7
MAGE,46,86,37,24,44,132,137,47,1432,4625,99,527637,1.035492E7,84,20,313.11764705882354,18,166103,536,433,554344142,527597,3212683,746137,1117,12.285424722222222,30.57,4.56,4.7
MAGE,46,87,38,24,44,135,139,47,1465,4764,101,539550,1.057038E7,85,20,304.29411764705884,18,168213,543,436,573368353,539525,3273975,765124,329,12.288753611111112,30.81,4.56,4.7
MAGE,46,88,38,24,45,137,142,47,1498,4908,103,551063,1.078044E7,86,20,313.11764705882354,18,170268,550,441,592194911,551000,3334644,784014,323,12.292090277777778,31.05,4.55,4.7
MAGE,46,89,39,25,45,138,145,47,1528,5056,105,563031,1.100244E7,86,20,305.5882352941176,18,172621,556,446,611896936,562954,3400317,804644,1200,12.310267222222222,31.24,4.55,4.7
MAGE,46,90,41,26,46,141,146,47,1575,5253,108,575138,1.122732E7,88,20,313.72222222222223,19,173807,563,452,632111588,575081,3466986,825470,576,12.32890861111111,31.43,4.54,4.7
MAGE,46,91,41,26,47,143,147,49,1608,5404,110,587393,1.145334E7,89,20,327.1111111111111,19,176122,569,456,652671577,587313,3533419,846300,1206,12.332606944444445,31.57,4.53,4.9
MAGE,46,92,41,28,47,145,149,49,1641,5554,112,599661,1.167912E7,89,20,325.5,19,178332,576,461,673538125,599595,3599652,867183,1305,12.367591388888888,31.76,4.53,4.9
MAGE,46,93,41,29,47,148,150,50,1673,5706,114,611842,1.19034E7,90,20,322.77777777777777,19,180502,583,466,694441599,611788,3665488,887896,841,12.387635833333333,31.96,4.53,5.0
MAGE,46,94,41,29,47,150,152,52,1707,5861,116,624407,1.213398E7,90,20,325.6666666666667,19,182721,589,472,716392630,624388,3732845,909443,541,12.391879444444445,32.15,4.53,5.2
MAGE,46,95,41,29,48,153,153,53,1745,6017,118,637122,1.236654E7,91,20,372.61538461538464,20,183836,596,477,738735004,637078,3800533,931225,43,12.3961325,32.34,4.52,5.3
MAGE,46,96,43,29,49,155,156,53,1791,6233,121,649987,1.260006E7,93,20,330.1578947368421,20,186092,602,480,761527667,649948,3867796,953050,160,12.400394444444444,32.58,4.51,5.3
MAGE,46,97,43,29,50,155,159,55,1825,6394,123,662491,1.282644E7,93,20,341.2631578947368,20,188288,609,484,784051130,662410,3932892,974404,76,12.404665555555555,32.73,4.5,5.5
MAGE,46,98,43,30,51,158,160,55,1865,6556,125,675391,1.305972E7,94,20,334.5263157894737,20,190547,615,492,807856444,675337,3999911,996417,463,12.425925,32.93,4.49,5.5
MAGE,46,99,43,30,51,161,162,56,1903,6722,127,688439,1.329504E7,94,20,336.1578947368421,20,192592,622,497,832042554,688403,4067348,1018696,782,12.430391944444445,33.17,4.49,5.6
MAGE,46,100,43,30,51,164,165,56,1940,6890,129,701634,1.353204E7,95,20,336.42105263157896,20,193689,629,502,856662696,701563,4134882,1041335,154,12.434867777777777,33.46,4.49,5.6
MAGE,47,1,9,11,8,8,11,7,6,9,0,0,0.0,19,9,95.0,1,0,1,1,0,0,0,0,0,12.019569166666667,9.44,4.92,0.7
MAGE,47,2,9,12,8,9,11,7,13,15,0,31,780.0,19,9,95.0,1,34,5,5,350,19,304,34,82,12.022219166666666,9.47,4.92,0.7
MAGE,47,3,9,13,9,11,11,7,29,26,1,217,5220.0,20,9,96.0,1,220,10,11,6460,209,1913,220,12,12.0251675,9.52,4.91,0.7
MAGE,47,4,9,14,9,11,12,7,36,30,1,589,13920.0,20,9,97.0,1,592,15,19,26460,580,5035,592,42,12.0283675,9.55,4.91,0.7
MAGE,47,5,9,14,10,12,12,7,44,35,1,1102,26280.0,21,10,115.0,2,1120,20,22,62929,1089,9590,1120,94,12.029286944444445,10.58,4.9,0.7
MAGE,47,6,10,15,10,13,13,7,60,48,2,1762,42420.0,23,10,102.0,2,1879,25,26,121990,1761,15630,1879,29,12.032865555555556,10.64,4.9,0.7
MAGE,47,7,10,15,10,14,14,7,68,53,2,2585,62340.0,23,10,119.0,2,2802,30,33,210584,2566,23081,2802,30,12.033959166666667,10.7,4.9,0.7
MAGE,47,8,10,15,10,14,16,7,76,59,2,3544,85620.0,24,10,107.0,2,3883,35,38,331423,3532,31784,3883,100,12.035090277777778,10.76,4.9,0.7
MAGE,47,9,10,16,10,15,18,7,91,76,3,4661,112500.0,24,10,110.0,2,5207,41,41,495071,4660,41764,5207,21,12.039173611111112,10.85,4.9,0.7
MAGE,47,10,10,16,10,15,19,8,97,84,3,5926,142860.0,25,10,134.22222222222223,3,6636,45,46,694434,5908,53040,6636,17,12.040463055555556,10.88,4.9,0.8
MAGE,47,11,10,17,10,15,20,8,103,92,3,7352,176700.0,26,10,124.0,3,8311,49,54,949935,7333,65476,8311,45,12.044934722222223,10.91,4.9,0.8
MAGE,47,12,11,17,10,16,20,8,110,101,3,8933,214140.0,26,10,137.5,3,10098,54,59,1269596,8919,79227,10098,193,12.04638138888889,10.95,4.9,0.8
MAGE,47,13,11,17,11,16,22,9,122,120,4,10646,254700.0,27,10,130.0,3,12025,59,63,1642256,10635,94131,12025,31,12.047854722222223,11.01,4.89,0.9
MAGE,47,14,11,17,11,17,23,9,128,129,4,12522,298800.0,27,11,136.5,3,14163,65,70,2079545,12498,110275,14163,127,12.049352777777777,12.07,4.89,0.9
MAGE,47,15,11,17,11,18,26,9,142,147,5,14552,346260.0,28,11,142.0,4,16555,73,74,2605440,14550,127505,16555,67,12.050874166666667,12.2,4.89,0.9
MAGE,47,16,11,17,12,18,27,9,148,158,5,16734,396780.0,29,11,148.33333333333334,4,19074,77,78,3197533,16706,145759,19074,133,12.0524175,12.24,4.88,0.9
MAGE,47,17,11,17,13,18,28,9,156,167,5,19063,450480.0,29,11,152.0,4,21795,80,83,3883711,19055,165065,21795,119,12.053981666666667,12.27,4.87,0.9
MAGE,47,18,11,17,13,20,29,10,169,186,6,21532,507300.0,30,11,153.33333333333334,4,24631,89,88,4636991,21520,185505,24631,124,12.055565277777777,12.37,4.87,1.0
MAGE,47,19,12,17,13,20,30,10,177,196,6,24167,567600.0,31,11,159.66666666666666,4,27636,93,93,5486416,24160,207092,27703,108,12.057167777777778,12.4,4.87,1.0
MAGE,47,20,12,17,13,23,31,10,190,216,7,26942,630660.0,32,12,162.5,5,30109,103,98,6424499,26919,229548,30979,338,12.058788055555556,13.54,4.87,1.0
MAGE,47,21,12,17,13,23,33,10,196,229,7,29872,696600.0,33,12,172.75,5,32462,108,105,7504928,29863,252786,34523,104,12.060425555555556,13.61,4.87,1.0
MAGE,47,22,12,19,13,23,35,10,211,251,8,32943,765660.0,33,12,170.75,5,34698,113,109,8663520,32932,277147,38237,47,12.07094388888889,13.68,4.87,1.0
MAGE,47,23,12,20,14,23,37,10,227,274,9,36169,838200.0,34,12,169.0,5,36981,118,114,9952808,36166,302732,42034,85,12.077477222222223,13.75,4.86,1.0
MAGE,47,24,12,20,14,24,37,11,237,287,9,39544,913740.0,34,12,177.0,5,39364,124,118,11335437,39532,329301,46072,199,12.079525,13.78,4.86,1.1
MAGE,47,25,13,20,14,26,38,11,252,312,10,43073,992400.0,35,12,189.66666666666666,6,41000,132,122,12857955,43068,356842,50326,52,12.081590833333333,13.89,4.86,1.1
MAGE,47,26,13,20,14,27,39,11,261,323,10,46753,1074000.0,36,13,177.4,6,43271,138,129,14545738,46743,385289,54716,235,12.083673888888889,14.96,4.86,1.1
MAGE,47,27,14,20,14,27,42,11,277,351,11,50577,1158180.0,37,13,179.8,6,45587,144,135,16326890,50545,414470,59366,60,12.08577388888889,15.07,4.86,1.1
MAGE,47,28,14,21,14,28,44,11,296,378,12,54563,1245720.0,38,13,180.6,6,48025,150,141,18282707,54541,444704,64236,304,12.093189444444445,15.17,4.86,1.1
MAGE,47,29,14,21,14,29,45,11,305,394,12,58701,1336500.0,38,13,195.0,6,49842,156,146,20353602,58683,476060,69237,248,12.095449722222222,15.25,4.86,1.1
MAGE,47,30,14,21,15,29,47,12,321,425,13,62971,1429920.0,39,13,188.16666666666666,7,51602,162,150,22591094,62939,508238,74504,17,12.097726388888889,15.32,4.85,1.2
MAGE,47,31,15,21,16,29,49,12,339,455,14,67406,1526040.0,40,13,201.83333333333334,7,54037,167,156,25011389,67385,541050,80053,257,12.10001861111111,15.39,4.84,1.2
MAGE,47,32,16,21,16,29,51,13,359,484,15,71990,1625400.0,41,13,197.16666666666666,7,56445,172,161,27545991,71972,575033,85682,184,12.102326111111111,15.47,4.84,1.3
MAGE,47,33,16,21,16,30,51,14,370,500,15,76729,1727700.0,42,14,192.0,7,58584,177,166,30289223,76687,609912,91549,158,12.104648888888889,16.5,4.84,1.4
MAGE,47,34,17,22,16,30,53,14,388,531,16,81615,1832820.0,42,14,203.83333333333334,7,60345,182,169,33238643,81601,645583,97775,414,12.113128055555556,16.58,4.84,1.4
MAGE,47,35,17,22,18,31,54,14,407,564,17,86657,1940700.0,43,14,217.21428571428572,8,62182,188,174,36374857,86641,682030,104204,428,12.115614444444445,16.65,4.82,1.4
MAGE,47,36,17,22,19,32,56,14,428,596,18,91844,2051220.0,44,14,200.57142857142858,8,64710,195,182,39649202,91801,719282,110670,96,12.118115555555555,16.77,4.81,1.4
MAGE,47,37,18,22,19,34,57,14,445,630,19,97173,2164260.0,45,14,216.14285714285714,8,67164,203,187,43132292,97169,757195,117379,28,12.120630833333333,16.88,4.81,1.4
MAGE,47,38,18,22,19,35,58,14,454,649,19,102678,2280600.0,46,14,202.57142857142858,8,68904,209,191,46782392,102659,796120,124309,292,12.123160277777778,16.96,4.81,1.4
MAGE,47,39,19,22,19,37,58,15,472,684,20,108312,2398860.0,46,15,207.14285714285714,8,70778,216,196,50664811,108271,835411,131586,40,12.125703333333334,18.03,4.81,1.5
MAGE,47,40,19,23,19,39,59,15,494,720,21,114109,2520420.0,47,15,231.13333333333333,9,72681,223,200,54712063,114067,875732,139094,57,12.135287222222223,18.15,4.81,1.5
MAGE,47,41,20,24,19,39,61,15,515,755,22,120056,2644500.0,49,15,211.375,9,75242,229,205,59025395,120036,916640,146727,21,12.145228611111111,18.22,4.81,1.5
MAGE,47,42,20,24,19,40,63,16,535,791,23,126148,2771340.0,49,15,212.375,9,77326,235,211,63496386,126112,958435,154604,366,12.148095277777777,18.34,4.81,1.6
MAGE,47,43,20,25,19,40,66,16,553,832,24,132398,2900880.0,50,15,223.5,9,79102,241,215,68320473,132384,1000866,162843,194,12.15855611111111,18.46,4.81,1.6
MAGE,47,44,20,25,20,43,66,16,577,871,25,138794,3033360.0,50,16,222.125,9,80903,249,219,73314280,138784,1044268,171257,212,12.161595833333333,19.58,4.8,1.6
MAGE,47,45,20,25,20,45,68,16,598,912,26,145325,3167400.0,51,16,245.4375,10,82901,257,226,78533687,145284,1087764,180073,430,12.16465,19.73,4.8,1.6
MAGE,47,46,21,25,21,47,68,16,620,955,27,151993,3303300.0,52,16,222.22222222222223,10,85594,264,232,84046602,151965,1131514,188989,377,12.167717777777778,19.81,4.79,1.6
MAGE,47,47,21,25,22,49,71,16,651,1018,29,158813,3439860.0,52,17,229.44444444444446,10,87398,271,237,89755134,158777,1174579,198245,326,12.170799444444445,21.01,4.78,1.6
MAGE,47,48,21,26,22,51,72,16,673,1061,30,165783,3577980.0,53,17,228.33333333333334,10,89255,278,241,95670462,165745,1217591,207507,246,12.182274444444445,21.13,4.78,1.6
MAGE,47,49,21,26,23,54,73,17,705,1128,32,172909,3717480.0,53,17,223.88888888888889,10,91065,286,246,101850041,172900,1260388,216743,186,12.1855325,21.3,4.77,1.7
MAGE,47,50,21,26,23,57,74,17,727,1177,33,180182,3859320.0,54,18,257.52941176470586,11,93016,294,252,108265467,180161,1303719,226282,136,12.188804166666667,22.46,4.77,1.7
MAGE,47,51,21,27,24,58,77,17,758,1250,35,187601,4000860.0,55,18,236.1,11,95623,301,256,114909766,187559,1345707,235877,424,12.20098861111111,22.62,4.76,1.7
MAGE,47,52,22,27,24,59,78,18,781,1301,36,195173,4145040.0,56,18,239.1,11,97415,307,260,121930596,195149,1388394,245735,3,12.204439722222222,22.71,4.76,1.8
MAGE,47,53,22,27,25,62,78,20,816,1373,38,202891,4291920.0,57,19,246.0,11,99294,314,266,129152782,202877,1431913,255829,403,12.207904166666667,23.83,4.75,2.0
MAGE,47,54,22,27,26,63,79,21,839,1422,39,210758,4440060.0,57,19,234.1,11,101228,320,270,136792215,210743,1475209,266304,255,12.211381944444444,23.91,4.74,2.1
MAGE,47,55,22,28,27,64,82,21,874,1500,41,218777,4591680.0,58,19,242.27272727272728,12,103186,326,277,144601109,218723,1519863,277039,137,12.224458055555555,24.08,4.73,2.1
MAGE,47,56,23,28,27,66,83,21,900,1552,42,226951,4744620.0,59,19,242.45454545454547,12,105718,333,284,152825277,226901,1564262,287757,673,12.228118333333333,24.2,4.73,2.1
MAGE,47,57,23,29,27,68,85,22,935,1629,44,235264,4905540.0,59,20,247.0,12,107748,340,288,161329461,235220,1613276,299686,178,12.241761111111112,25.37,4.73,2.2
MAGE,47,58,23,30,27,69,87,24,972,1707,46,243741,5068380.0,60,20,255.27272727272728,12,109842,346,293,170091833,243716,1662348,312142,646,12.255804166666667,25.5,4.73,2.4
MAGE,47,59,23,30,27,72,88,24,998,1766,47,252369,5234220.0,60,20,245.36363636363637,12,111913,354,298,179215531,252356,1712389,324885,930,12.259823333333333,25.67,4.73,2.4
MAGE,47,60,24,30,28,74,90,24,1037,1853,49,261135,5401860.0,62,20,283.63157894736844,13,114041,361,302,188606211,261115,1762708,337887,278,12.26385638888889,25.84,4.72,2.4
MAGE,47,61,24,30,28,76,92,26,1076,1942,51,270055,5571180.0,63,20,266.25,13,116221,368,304,198391276,270043,1813009,350987,329,12.267903055555555,26.01,4.72,2.6
MAGE,47,62,24,30,30,76,96,26,1111,2036,53,278737,5735340.0,63,20,263.8333333333333,13,118163,374,312,207965755,278674,1861636,363824,914,12.271963055555556,26.18,4.7,2.6
MAGE,47,63,25,30,30,78,96,27,1135,2097,54,287821,5907600.0,64,20,271.3333333333333,13,120151,380,316,218368985,287809,1912854,377183,628,12.276036666666666,26.27,4.7,2.7
MAGE,47,64,25,30,30,81,98,28,1173,2191,56,297059,6082140.0,64,20,263.8333333333333,13,122248,387,320,229038285,297025,1964567,390849,1002,12.280123333333334,26.49,4.7,2.8
MAGE,47,65,25,31,31,83,100,28,1210,2289,58,306439,6258600.0,65,20,294.75,14,123926,394,326,240074763,306433,2016550,404750,593,12.295629444444444,26.66,4.69,2.8
MAGE,47,66,26,31,31,83,103,30,1245,2387,60,315967,6436560.0,67,20,270.7692307692308,14,126077,400,331,251488120,315900,2068540,418842,383,12.299906944444444,26.79,4.69,3.0
MAGE,47,67,26,32,31,86,103,32,1283,2485,62,325562,6615660.0,67,20,274.61538461538464,14,128104,407,336,263203945,325548,2120743,433083,926,12.316010833333333,26.92,4.69,3.2
MAGE,47,68,26,32,32,88,104,32,1306,2552,63,334926,6790500.0,68,20,281.53846153846155,14,130028,414,341,274754269,334861,2171852,446908,796,12.320481666666666,27.05,4.68,3.2
MAGE,47,69,28,33,32,90,105,32,1343,2659,65,344660,6971400.0,69,20,270.0,14,132101,420,346,287064011,344648,2224338,461388,428,12.33719,27.19,4.68,3.2
MAGE,47,70,28,34,33,91,108,32,1384,2763,67,354552,7155540.0,70,20,316.1904761904762,15,133833,427,352,299681018,354515,2277991,476046,773,12.354325,27.36,4.67,3.2
MAGE,47,71,28,34,33,94,110,33,1425,2869,69,364579,7340280.0,71,20,287.5,15,135933,434,357,312690017,364525,2331069,490758,124,12.359176111111111,27.59,4.67,3.3
MAGE,47,72,29,35,33,95,113,33,1466,2978,71,374767,7527960.0,71,20,278.2142857142857,15,137925,440,364,326088772,374749,2384948,505728,738,12.376926666666666,27.77,4.67,3.3
MAGE,47,73,29,37,33,96,115,34,1511,3086,73,384674,7711620.0,72,20,288.92857142857144,15,139867,447,368,339138897,384618,2438234,520593,577,12.408318055555556,27.9,4.67,3.4
MAGE,47,74,30,38,34,97,117,34,1557,3198,75,395023,7907940.0,73,20,286.85714285714283,15,142113,453,372,353166698,395011,2497023,537120,153,12.427186944444445,28.04,4.66,3.4
MAGE,47,75,30,39,34,97,121,35,1601,3310,77,405513,8107380.0,74,20,319.3636363636364,16,143943,459,376,367404638,405450,2557107,553805,1193,12.446495833333334,28.22,4.66,3.5
MAGE,47,76,31,39,34,99,124,35,1649,3426,79,416152,8307120.0,75,20,291.4,16,146159,466,380,382028716,416106,2616186,570758,661,12.452294722222222,28.44,4.66,3.5
MAGE,47,77,31,39,36,101,125,36,1699,3544,81,426946,8509380.0,75,20,301.53333333333336,16,148295,473,386,397247945,426906,2675939,587946,645,12.458109444444444,28.58,4.64,3.6
MAGE,47,78,31,39,37,103,128,36,1745,3666,83,437419,8704860.0,76,20,286.2,16,150398,480,391,412216793,437406,2733485,604667,1296,12.463939166666666,28.81,4.63,3.6
MAGE,47,79,31,39,37,105,130,38,1791,3791,85,448279,8907780.0,76,20,294.8666666666667,16,152502,486,399,427844293,448274,2793369,621927,1069,12.469784444444445,28.99,4.63,3.8
MAGE,47,80,32,39,38,106,132,39,1838,3915,87,459286,9112980.0,78,20,293.5,17,153878,492,403,443912918,459228,2853801,639532,430,12.475644444444445,29.13,4.62,3.9
MAGE,47,81,33,39,38,110,132,40,1887,4039,89,470442,9319800.0,79,20,307.25,17,156038,500,407,460569251,470382,2914269,657196,890,12.481519166666667,29.31,4.62,4.0
MAGE,47,82,35,39,39,111,134,40,1936,4165,91,481740,9528900.0,80,20,306.6875,17,158081,506,413,477514808,481692,2975265,675108,711,12.487408888888888,29.45,4.61,4.0
MAGE,47,83,35,41,40,112,136,40,1981,4293,93,492761,9732180.0,81,20,309.8125,17,160118,512,420,494250640,492732,3034358,692732,681,12.523824444444445,29.59,4.6,4.0
MAGE,47,84,35,41,40,116,137,41,2031,4423,95,504218,9943620.0,81,20,294.75,17,162204,519,425,511832672,504153,3096001,710974,901,12.530108888888888,29.82,4.6,4.1
MAGE,47,85,35,42,40,117,139,43,2079,4556,97,515832,1.015764E7,82,20,344.0416666666667,18,163881,526,429,529988006,515817,3158193,729380,886,12.552146666666667,29.96,4.6,4.3
MAGE,47,86,36,42,41,120,140,43,2128,4691,99,527589,1.037256E7,84,20,303.94117647058823,18,166102,533,432,548521622,527583,3219965,747815,210,12.558646666666666,30.15,4.59,4.3
MAGE,47,87,38,42,41,122,141,44,2175,4829,101,539507,1.058964E7,85,20,311.3529411764706,18,168176,539,437,567488388,539427,3282198,766559,1037,12.565162222222222,30.29,4.59,4.4
MAGE,47,88,38,42,42,124,143,45,2226,4965,103,551017,1.080084E7,86,20,313.11764705882354,18,170305,546,440,586150391,550987,3343345,785249,117,12.571692777777777,30.48,4.58,4.5
MAGE,47,89,39,42,42,126,146,45,2275,5108,105,562981,1.102464E7,86,20,316.1764705882353,18,172535,552,446,605628251,562941,3410073,805594,402,12.578238333333333,30.72,4.58,4.5
MAGE,47,90,40,42,43,130,147,46,2341,5300,108,575090,1.125042E7,88,20,356.92,19,173939,560,452,625806474,575025,3477150,826380,72,12.584798888888889,30.95,4.57,4.6
MAGE,47,91,42,42,43,133,148,46,2393,5446,110,587339,1.147704E7,90,20,330.5,19,176226,566,457,646465565,587257,3543792,847273,300,12.591374166666666,31.14,4.57,4.6
MAGE,47,92,43,42,43,137,149,46,2445,5595,112,599614,1.170402E7,90,20,317.77777777777777,19,178491,573,461,667600353,599587,3610457,868208,903,12.59796388888889,31.38,4.57,4.6
MAGE,47,93,44,43,43,140,149,47,2499,5745,114,611793,1.192896E7,92,20,321.72222222222223,19,180666,580,465,688552954,611764,3676449,888854,394,12.6218825,31.52,4.57,4.7
MAGE,47,94,46,44,43,140,152,47,2548,5896,116,624364,1.216086E7,93,20,317.8888888888889,19,182726,586,470,710510403,624315,3744414,910218,1721,12.64627638888889,31.67,4.57,4.7
MAGE,47,95,46,46,43,142,154,47,2599,6049,118,637074,1.239444E7,94,20,364.15384615384613,20,183862,593,476,732912188,637056,3812456,931954,1176,12.689084166666667,31.86,4.57,4.7
MAGE,47,96,46,47,45,145,156,47,2669,6258,121,649936,1.262928E7,95,20,323.89473684210526,20,186126,600,482,755802114,649934,3880245,953628,98,12.714706944444444,32.1,4.55,4.7
MAGE,47,97,47,47,45,148,158,47,2719,6417,123,662445,1.285692E7,95,20,329.6842105263158,20,188259,607,486,778324027,662379,3945884,974847,1493,12.722330555555555,32.34,4.55,4.7
MAGE,47,98,48,49,45,149,160,47,2771,6576,125,675348,1.309128E7,97,20,328.1578947368421,20,190431,613,489,801714684,675289,4013215,996782,1655,12.767402222222222,32.49,4.55,4.7
MAGE,47,99,49,50,46,150,162,47,2827,6736,127,688392,1.332858E7,97,20,331.94736842105266,20,192592,619,495,825851123,688384,4081563,1018913,199,12.794479166666667,32.63,4.54,4.7
MAGE,47,100,50,50,46,152,165,47,2884,6900,129,701587,1.356696E7,99,20,340.6842105263158,20,193748,626,502,850002406,701495,4149692,1041305,652,12.802741666666666,32.88,4.54,4.7
MAGE,48,1,4,8,17,7,8,10,5,8,0,0,0.0,17,9,95.0,1,0,1,1,0,0,0,0,0,12.013353888888888,9.33,4.83,1.0
MAGE,48,2,4,8,17,7,10,10,8,14,0,28,720.0,17,9,95.0,1,32,5,7,310,17,286,32,66,12.013658888888889,9.38,4.83,1.0
MAGE,48,3,4,9,17,9,11,10,19,26,1,210,4920.0,18,9,96.0,1,206,10,13,6530,204,1759,206,0,12.016188055555556,9.47,4.83,1.0
MAGE,48,4,4,9,17,10,12,10,26,31,1,582,13920.0,18,9,98.0,1,602,14,19,27055,582,5092,602,66,12.01669388888889,9.52,4.83,1.0
MAGE,48,5,4,9,17,10,13,11,30,37,1,1090,26340.0,19,9,115.0,2,1157,19,22,62169,1086,9739,1157,82,12.017235,9.55,4.83,1.1
MAGE,48,6,4,9,17,11,16,11,41,50,2,1751,42480.0,20,10,102.0,2,1876,24,26,122960,1732,15812,1876,85,12.017804166666666,10.67,4.83,1.1
MAGE,48,7,4,10,17,12,16,11,46,55,2,2574,62460.0,20,10,104.0,2,2830,29,32,213198,2572,23266,2830,42,12.02087611111111,10.7,4.83,1.1
MAGE,48,8,4,10,17,12,18,11,50,63,2,3543,85800.0,21,10,107.0,2,3998,33,37,330686,3532,31946,3998,132,12.021571388888889,10.76,4.83,1.1
MAGE,48,9,4,11,17,12,21,11,60,78,3,4658,112620.0,21,10,111.0,2,5306,39,43,488942,4645,41925,5306,197,12.024987222222222,10.85,4.83,1.1
MAGE,48,10,5,11,17,13,21,11,67,85,3,5931,143220.0,22,10,134.22222222222223,3,6745,43,48,694496,5926,53294,6745,121,12.02581,10.88,4.83,1.1
MAGE,48,11,5,11,17,14,22,11,71,93,3,7361,177180.0,23,10,127.0,3,8353,49,53,949811,7356,65794,8353,145,12.02665111111111,10.95,4.83,1.1
MAGE,48,12,5,12,17,14,23,11,75,102,3,8941,214560.0,23,10,137.5,3,10152,53,58,1256817,8920,79556,10152,149,12.030536666666666,10.98,4.83,1.1
MAGE,48,13,5,12,18,15,24,12,86,121,4,10662,255300.0,24,10,130.0,3,12078,59,64,1628777,10645,94534,12078,151,12.031506666666667,11.04,4.82,1.2
MAGE,48,14,5,12,19,16,24,12,92,131,4,12544,299460.0,24,11,133.5,3,14229,64,68,2077750,12541,110667,14229,87,12.032493055555555,12.07,4.81,1.2
MAGE,48,15,5,12,20,17,26,12,103,152,5,14571,346680.0,25,11,142.0,4,16602,71,73,2581844,14557,127843,16602,147,12.033494722222223,12.17,4.8,1.2
MAGE,48,16,5,13,20,18,26,12,111,162,5,16745,396900.0,26,11,146.33333333333334,4,19132,76,77,3178876,16732,145992,19132,101,12.03799,12.2,4.8,1.2
MAGE,48,17,5,14,20,19,26,12,119,172,5,19077,450660.0,26,11,156.66666666666666,4,21805,81,86,3861931,19072,165399,21805,239,12.042762222222223,12.24,4.8,1.2
MAGE,48,18,7,14,20,21,26,12,135,190,6,21546,507420.0,28,11,160.33333333333334,4,24637,88,91,4630697,21536,185867,24637,92,12.044016666666666,12.3,4.8,1.2
MAGE,48,19,7,14,21,21,27,12,142,199,6,24173,567600.0,28,11,157.33333333333334,4,27634,92,96,5486989,24168,207519,27657,68,12.04528611111111,12.34,4.79,1.2
MAGE,48,20,7,14,21,22,29,13,152,221,7,26945,630780.0,29,12,171.0,5,30023,99,100,6439310,26940,230160,30838,274,12.046569722222221,13.44,4.79,1.3
MAGE,48,21,7,14,21,23,29,14,160,232,7,29876,696960.0,30,12,164.5,5,32426,105,105,7492020,29869,253681,34304,180,12.047866944444445,13.47,4.79,1.4
MAGE,48,22,8,14,21,24,30,15,173,253,8,32950,765840.0,31,12,166.25,5,34629,111,109,8651145,32924,278035,38026,203,12.049177222222223,13.54,4.79,1.5
MAGE,48,23,8,14,22,25,32,15,186,277,9,36176,838140.0,32,12,178.5,5,36922,118,114,9921246,36148,303591,41835,17,12.0505,13.64,4.78,1.5
MAGE,48,24,8,14,22,26,32,16,194,289,9,39552,913260.0,32,12,181.75,5,39411,123,119,11339909,39540,329981,45929,35,12.051834722222223,13.68,4.78,1.6
MAGE,48,25,10,14,22,26,34,16,206,313,10,43083,991860.0,34,12,189.66666666666666,6,41078,128,124,12880017,43060,357631,50108,172,12.05318138888889,13.75,4.78,1.6
MAGE,48,26,10,14,22,26,35,17,211,326,10,46769,1073820.0,35,12,184.4,6,43238,132,129,14574486,46766,386451,54368,299,12.054539166666666,13.78,4.78,1.7
MAGE,48,27,10,15,23,27,36,17,226,351,11,50589,1158180.0,35,12,179.2,6,45534,138,134,16364784,50581,415977,58852,56,12.060733611111111,13.85,4.77,1.7
MAGE,48,28,10,15,23,28,37,19,243,375,12,54572,1245840.0,36,13,180.8,6,47911,145,140,18322253,54538,446573,63618,248,12.062231944444445,14.92,4.77,1.9
MAGE,48,29,10,15,24,28,38,19,249,389,12,58712,1336380.0,36,13,187.2,6,49857,149,147,20437406,58707,477941,68626,76,12.06374138888889,14.96,4.76,1.9
MAGE,48,30,10,16,24,29,39,20,262,415,13,62997,1429860.0,37,13,188.16666666666666,7,51620,155,150,22699462,62972,510310,73846,249,12.070516666666666,15.03,4.76,2.0
MAGE,48,31,10,16,24,31,41,20,277,444,14,67433,1525860.0,38,13,201.83333333333334,7,54068,164,156,25133777,67400,543279,79286,245,12.072170833333333,15.17,4.76,2.0
MAGE,48,32,10,16,24,32,42,22,292,474,15,72014,1625040.0,38,13,193.83333333333334,7,56448,170,160,27759490,71998,577368,84868,696,12.073835833333334,15.25,4.76,2.2
MAGE,48,33,10,17,24,32,43,22,298,489,15,76749,1727340.0,39,13,192.33333333333334,7,58493,174,164,30548067,76748,612440,90674,130,12.08121,15.28,4.76,2.2
MAGE,48,34,12,17,24,33,44,22,311,521,16,81634,1832220.0,40,14,193.66666666666666,7,60242,181,174,33522022,81623,648211,96773,1400,12.083023611111111,16.36,4.76,2.2
MAGE,48,35,12,18,24,35,45,22,324,550,17,86672,1940040.0,41,14,219.42857142857142,8,62038,189,178,36641046,86663,684863,103120,92,12.0908725,16.47,4.76,2.2
MAGE,48,36,12,18,24,37,47,22,339,583,18,91864,2050380.0,42,14,200.57142857142858,8,64583,197,182,39949022,91829,722128,109637,144,12.092838333333333,16.62,4.76,2.2
MAGE,48,37,12,18,25,38,49,22,355,616,19,97195,2163300.0,42,14,210.28571428571428,8,67017,204,185,43409239,97163,760127,116346,464,12.094815277777778,16.73,4.75,2.2
MAGE,48,38,12,18,25,38,50,23,364,631,19,102697,2279760.0,43,14,205.85714285714286,8,68742,208,190,47157262,102665,799322,123171,216,12.096803333333334,16.77,4.75,2.3
MAGE,48,39,12,19,26,40,50,23,380,664,20,108328,2397900.0,43,15,203.28571428571428,8,70524,215,194,51036880,108298,838742,130436,128,12.105425,17.84,4.74,2.3
MAGE,48,40,12,19,26,42,51,24,395,698,21,114126,2518920.0,44,15,210.5,9,72442,223,202,55178234,114103,878894,137998,305,12.107569166666666,17.96,4.74,2.4
MAGE,48,41,12,19,26,43,53,25,414,731,22,120071,2642460.0,45,15,225.875,9,75093,229,206,59546985,120043,919691,145687,97,12.109724444444444,18.07,4.74,2.5
MAGE,48,42,12,20,27,44,54,25,431,770,23,126162,2769000.0,45,15,217.5,9,77389,235,209,64129300,126118,961502,153542,338,12.118993611111112,18.15,4.73,2.5
MAGE,48,43,13,20,27,45,55,26,450,805,24,132414,2898660.0,46,16,213.5,9,79200,242,216,68962270,132373,1004295,161590,202,12.121308333333333,19.22,4.73,2.6
MAGE,48,44,13,20,27,46,57,27,469,843,25,138806,3030360.0,46,16,219.75,9,81085,248,220,74023637,138767,1047443,170103,496,12.123634166666667,19.34,4.73,2.7
MAGE,48,45,13,21,27,46,59,28,486,881,26,145332,3165000.0,47,16,250.4375,10,82987,253,226,79318653,145299,1091625,178811,238,12.13356638888889,19.42,4.73,2.8
MAGE,48,46,14,22,27,47,60,28,505,920,27,152000,3300900.0,49,16,233.0,10,85685,259,231,84846457,151975,1135617,187652,297,12.14386611111111,19.5,4.73,2.8
MAGE,48,47,15,22,28,47,63,29,529,984,29,158821,3439680.0,49,16,229.44444444444446,10,87520,265,237,90605741,158786,1180526,196772,546,12.146509444444444,19.62,4.72,2.9
MAGE,48,48,15,22,28,47,65,31,547,1024,30,165794,3581460.0,50,16,223.22222222222223,10,89313,271,240,96622596,165755,1226373,206025,510,12.149164444444445,19.69,4.72,3.1
MAGE,48,49,17,23,28,48,67,31,572,1090,32,172917,3726000.0,51,16,236.0,10,91176,277,245,102957185,172902,1273013,215510,394,12.160149444444444,19.81,4.72,3.1
MAGE,48,50,17,24,29,49,68,31,590,1133,33,180186,3872520.0,52,17,257.6470588235294,11,93140,283,251,109519293,180144,1319955,225326,632,12.171513055555556,20.89,4.71,3.1
MAGE,48,51,18,24,30,51,69,32,623,1195,35,187603,4020660.0,54,17,248.3,11,95850,291,255,116403069,187580,1366955,235412,188,12.174497222222222,21.01,4.7,3.2
MAGE,48,52,18,24,30,54,70,32,642,1239,36,195176,4171500.0,54,17,249.2,11,97732,299,261,123527284,195140,1414720,245672,7,12.177493333333333,21.17,4.7,3.2
MAGE,48,53,18,24,32,57,71,32,675,1307,38,202896,4324980.0,55,18,234.2,11,99671,307,265,130851561,202862,1463239,256242,435,12.180501111111111,22.34,4.68,3.2
MAGE,48,54,18,24,32,59,73,32,696,1352,39,210764,4477020.0,55,18,234.2,11,101573,314,273,138440218,210727,1509652,266917,187,12.183520833333333,22.5,4.68,3.2
MAGE,48,55,18,24,33,62,75,32,727,1427,41,218791,4630440.0,56,18,272.27777777777777,12,103480,323,279,146374906,218757,1555799,277380,61,12.186551666666666,22.71,4.67,3.2
MAGE,48,56,18,26,33,62,77,32,745,1478,42,226968,4783680.0,57,19,251.54545454545453,12,105728,328,286,154684919,226933,1600705,287933,257,12.208707777777779,23.79,4.67,3.2
MAGE,48,57,18,27,34,65,78,32,778,1554,44,235284,4943940.0,57,19,259.72727272727275,12,107721,336,289,163334400,235255,1649592,299882,670,12.22189388888889,23.95,4.66,3.2
MAGE,48,58,19,27,34,69,79,32,815,1634,46,243758,5107680.0,58,20,258.8181818181818,12,109722,344,292,172272628,243748,1699716,312060,210,12.225423333333334,25.16,4.66,3.2
MAGE,48,59,19,27,34,71,81,32,838,1686,47,252386,5272920.0,58,20,244.0909090909091,12,111813,351,299,181468353,252332,1749770,324724,790,12.228965,25.33,4.66,3.2
MAGE,48,60,21,27,34,73,83,32,871,1768,49,261152,5440260.0,60,20,252.75,13,113934,358,303,191025331,261121,1800193,337754,454,12.232518888888888,25.5,4.66,3.2
MAGE,48,61,21,29,35,74,85,32,904,1856,51,270075,5609400.0,61,20,254.58333333333334,13,116136,364,307,200879907,270061,1850713,350829,529,12.257222777777777,25.63,4.65,3.2
MAGE,48,62,22,29,36,77,86,32,938,1942,53,278750,5773440.0,62,20,255.41666666666666,13,118107,372,311,210654189,278733,1899620,363546,161,12.26112111111111,25.8,4.64,3.2
MAGE,48,63,22,29,38,78,87,32,961,2002,54,287838,5944740.0,63,20,264.5833333333333,13,120095,378,318,221024942,287785,1950604,376957,807,12.265032222222223,25.88,4.62,3.2
MAGE,48,64,24,30,38,79,89,32,998,2088,56,297068,6118680.0,64,20,268.75,13,122098,384,324,231828119,297046,2002426,390504,513,12.280123333333334,26.01,4.62,3.2
MAGE,48,65,25,30,38,83,90,32,1039,2180,58,306457,6295260.0,65,20,263.0769230769231,14,123934,392,330,242951211,306454,2054898,404295,552,12.284223055555556,26.23,4.62,3.2
MAGE,48,66,25,30,39,85,92,33,1073,2274,60,315987,6473220.0,66,20,267.6923076923077,14,125996,399,333,254361407,315944,2107375,418201,374,12.288335555555555,26.4,4.61,3.3
MAGE,48,67,25,30,39,87,96,33,1113,2367,62,325575,6652020.0,66,20,263.46153846153845,14,128035,406,338,265941728,325514,2160013,432226,201,12.292460555555556,26.66,4.61,3.3
MAGE,48,68,25,31,39,87,99,33,1137,2432,63,334942,6827040.0,67,20,280.0,14,130089,412,343,277628316,334886,2211663,445890,47,12.308501388888889,26.79,4.61,3.3
MAGE,48,69,26,31,39,90,100,34,1174,2533,65,344682,7008060.0,68,20,274.6923076923077,14,132135,419,346,289933248,344668,2264665,460268,544,12.312818055555555,26.97,4.61,3.4
MAGE,48,70,26,31,41,93,101,34,1211,2637,67,354576,7191780.0,69,20,318.14285714285717,15,133940,426,353,302476338,354528,2318498,474982,1197,12.3171475,27.14,4.59,3.4
MAGE,48,71,26,32,41,94,104,35,1250,2736,69,364601,7376100.0,70,20,273.57142857142856,15,135981,433,357,315403965,364533,2371841,489659,402,12.333973888888888,27.32,4.59,3.5
MAGE,48,72,27,32,41,96,106,36,1288,2843,71,374786,7563360.0,70,20,289.64285714285717,15,137948,440,361,328941864,374753,2426020,504562,79,12.338497222222221,27.5,4.59,3.6
MAGE,48,73,27,32,43,97,108,37,1326,2952,73,384694,7746540.0,71,20,280.35714285714283,15,139886,446,370,342051476,384654,2479527,519294,447,12.34303361111111,27.63,4.57,3.7
MAGE,48,74,28,33,43,99,110,37,1361,3062,75,395044,7941720.0,72,20,285.42857142857144,15,142138,453,372,355979361,394989,2538265,535898,701,12.360656944444445,27.81,4.57,3.7
MAGE,48,75,29,34,44,100,112,37,1402,3173,77,405530,8140200.0,73,20,324.8181818181818,16,143889,459,377,370300243,405501,2598305,552658,205,12.378716666666667,27.95,4.56,3.7
MAGE,48,76,30,34,46,102,113,37,1442,3288,79,416172,8339040.0,75,20,291.4,16,146108,465,382,385068681,416107,2657558,569437,351,12.383635555555555,28.08,4.54,3.7
MAGE,48,77,31,34,47,104,115,37,1482,3405,81,426964,8541360.0,75,20,290.8666666666667,16,148240,472,387,400260902,426907,2718279,586430,794,12.3885675,28.26,4.53,3.7
MAGE,48,78,31,35,47,107,117,37,1524,3520,83,437431,8736300.0,76,20,286.1333333333333,16,150279,479,391,415242878,437407,2776255,602988,169,12.40744138888889,28.49,4.53,3.7
MAGE,48,79,31,36,47,109,119,38,1566,3635,85,448298,8938740.0,76,20,298.8666666666667,16,152495,486,395,431030224,448275,2836524,620274,304,12.426760277777777,28.67,4.53,3.8
MAGE,48,80,31,36,47,113,120,39,1614,3757,87,459304,9142920.0,77,20,341.39130434782606,17,153930,493,402,447188653,459295,2896949,637878,6,12.43208361111111,28.9,4.53,3.9
MAGE,48,81,32,36,48,114,123,39,1656,3883,89,470459,9348900.0,79,20,299.75,17,156059,500,405,463585806,470383,2957592,655484,552,12.437420555555555,29.08,4.52,3.9
MAGE,48,82,32,36,49,115,126,40,1698,4012,91,481755,9557280.0,79,20,301.6875,17,158140,506,410,480784060,481680,3018900,673357,793,12.442770833333332,29.27,4.51,4.0
MAGE,48,83,32,38,49,118,127,40,1745,4139,93,492774,9760620.0,80,20,302.3125,17,160125,513,417,497602150,492740,3078796,690815,345,12.478173333333332,29.45,4.51,4.0
MAGE,48,84,32,38,49,121,128,42,1790,4266,95,504234,9971040.0,80,20,312.9375,17,162220,520,422,515139569,504180,3140395,709013,545,12.483910277777778,29.64,4.51,4.2
MAGE,48,85,32,40,49,124,129,42,1836,4399,97,515852,1.018386E7,81,20,350.7083333333333,18,163875,527,427,533408392,515780,3202491,727504,1096,12.5207475,29.82,4.51,4.2
MAGE,48,86,34,40,49,127,130,42,1884,4534,99,527609,1.039782E7,83,20,320.11764705882354,18,166046,533,431,552075760,527565,3264302,745899,206,12.526878055555555,30.01,4.51,4.2
MAGE,48,87,34,41,49,128,133,43,1929,4668,101,539526,1.061382E7,83,20,306.6470588235294,18,168156,540,439,571297326,539517,3326354,764716,3,12.549053333333333,30.2,4.51,4.3
MAGE,48,88,34,41,50,131,135,43,1979,4805,103,551040,1.082466E7,84,20,304.88235294117646,18,170212,547,442,589969300,550971,3387979,783469,1421,12.555397777777777,30.43,4.5,4.3
MAGE,48,89,35,41,51,132,137,44,2024,4946,105,563002,1.10475E7,84,20,317.29411764705884,18,172460,553,446,609701973,562983,3454658,803821,94,12.561756666666666,30.57,4.49,4.4
MAGE,48,90,37,41,51,136,138,45,2087,5133,108,575114,1.127256E7,86,20,313.72222222222223,19,173848,560,452,629703936,575045,3521925,824486,1106,12.568130277777778,30.81,4.49,4.5
MAGE,48,91,38,41,53,136,141,45,2129,5281,110,587368,1.149846E7,88,20,324.8888888888889,19,176207,566,457,650503497,587356,3588682,845010,1585,12.574518055555556,30.95,4.47,4.5
MAGE,48,92,38,42,53,137,144,46,2174,5425,112,599634,1.172436E7,88,20,328.8888888888889,19,178447,573,461,671411568,599588,3655571,865790,648,12.59796388888889,31.14,4.47,4.6
MAGE,48,93,39,42,55,138,146,46,2224,5573,114,611814,1.194864E7,89,20,323.94444444444446,19,180564,579,466,692245629,611732,3721981,886405,140,12.604568333333333,31.29,4.45,4.6
MAGE,48,94,40,42,56,140,147,47,2275,5719,116,624379,1.217868E7,90,20,331.22222222222223,19,182747,586,472,713900285,624295,3789716,907807,379,12.611187222222222,31.43,4.44,4.7
MAGE,48,95,43,42,56,142,148,47,2324,5872,118,637095,1.241076E7,92,20,371.0769230769231,20,183857,592,475,736234346,637038,3857798,929489,849,12.61782,31.57,4.44,4.7
MAGE,48,96,44,43,56,145,151,47,2389,6076,121,649960,1.26447E7,94,20,323.8421052631579,20,186103,599,482,759125510,649892,3926119,951174,1620,12.642351388888889,31.86,4.44,4.7
MAGE,48,97,45,44,56,149,151,47,2439,6227,123,662463,1.287162E7,94,20,327.5263157894737,20,188156,606,486,781483551,662394,3992213,972294,986,12.6673625,32.05,4.44,4.7
MAGE,48,98,46,44,56,153,152,47,2487,6386,125,675367,1.310574E7,96,20,335.5263157894737,20,190336,613,491,805000984,675358,4060335,994067,1216,12.674420833333333,32.29,4.44,4.7
MAGE,48,99,46,45,56,154,156,47,2535,6546,127,688414,1.334136E7,96,20,329.7894736842105,20,192486,620,496,828785513,688338,4128542,1016145,695,12.700121666666666,32.54,4.44,4.7
MAGE,48,100,46,46,56,155,159,48,2584,6708,129,701613,1.357926E7,97,20,334.3157894736842,20,193597,626,502,853351250,701566,4197129,1038542,1391,12.726308611111111,32.73,4.44,4.8
MAGE,49,1,12,11,9,10,10,9,6,10,0,0,0.0,21,9,95.0,1,0,1,1,0,0,0,0,0,12.019569166666667,9.47,4.91,0.9
MAGE,49,2,12,12,9,11,10,9,13,16,0,29,780.0,21,9,95.0,1,33,6,3,340,21,323,33,94,12.022219166666666,9.5,4.91,0.9
MAGE,49,3,12,12,10,12,12,9,28,26,1,213,5100.0,22,10,96.0,1,211,11,13,6940,210,1870,211,12,12.0228625,10.58,4.9,0.9
MAGE,49,4,12,12,10,12,13,10,35,31,1,575,13620.0,22,10,98.0,1,620,16,17,26493,562,4959,620,94,12.023576666666667,10.61,4.9,1.0
MAGE,49,5,12,12,10,13,14,10,42,36,1,1077,25680.0,23,10,115.0,2,1192,21,22,61741,1068,9414,1192,58,12.024340833333333,10.67,4.9,1.0
MAGE,49,6,12,13,10,13,16,11,52,50,2,1736,41220.0,24,10,116.0,2,1912,26,29,120972,1735,15053,1912,13,12.027679722222222,10.73,4.9,1.1
MAGE,49,7,13,13,10,14,16,11,58,58,2,2559,60420.0,24,10,119.0,2,2800,31,33,207601,2551,21991,2800,126,12.028601111111112,10.76,4.9,1.1
MAGE,49,8,13,13,10,14,18,11,65,65,2,3527,83760.0,25,10,107.0,2,3925,36,38,329501,3511,30685,3925,72,12.029553611111112,10.82,4.9,1.1
MAGE,49,9,14,13,10,17,18,11,77,80,3,4658,110520.0,26,10,124.0,2,5168,44,42,489711,4636,40499,5168,181,12.03053388888889,10.91,4.9,1.1
MAGE,49,10,14,13,10,18,19,11,83,89,3,5933,141000.0,27,11,121.0,3,6673,50,47,690612,5910,51789,6673,97,12.031538888888889,11.98,4.9,1.1
MAGE,49,11,14,13,10,19,20,11,88,98,3,7369,174720.0,28,11,127.5,3,8383,56,53,947001,7341,64098,8383,85,12.032566666666666,12.04,4.9,1.1
MAGE,49,12,14,14,10,20,20,11,94,105,3,8961,212280.0,28,11,130.5,3,10269,61,57,1266191,8937,77873,10269,121,12.036741666666666,12.07,4.9,1.1
MAGE,49,13,15,14,11,21,21,11,105,125,4,10686,252420.0,29,11,133.5,3,12268,67,64,1647082,10673,92394,12268,31,12.03790888888889,12.14,4.89,1.1
MAGE,49,14,15,14,11,21,22,12,112,133,4,12572,296160.0,29,11,134.0,3,14409,72,69,2089214,12558,108208,14409,211,12.039095555555555,12.17,4.89,1.2
MAGE,49,15,15,14,11,24,23,12,126,154,5,14596,343260.0,30,11,153.6,4,16782,80,73,2609977,14588,125295,16782,67,12.040300833333333,12.3,4.89,1.2
MAGE,49,16,15,14,12,25,23,12,134,163,5,16770,392940.0,31,12,148.66666666666666,4,19272,85,79,3188854,16748,143031,19272,93,12.041523333333334,13.34,4.88,1.2
MAGE,49,17,15,14,12,26,24,12,141,172,5,19095,446220.0,31,12,149.0,4,22057,91,82,3868189,19073,162136,22057,135,12.042762222222223,13.4,4.88,1.2
MAGE,49,18,15,14,13,28,25,12,153,196,6,21565,501540.0,32,12,152.33333333333334,4,24943,98,90,4631740,21553,181498,24943,192,12.044016666666666,13.51,4.87,1.2
MAGE,49,19,15,14,13,28,27,12,160,206,6,24196,559560.0,32,12,157.66666666666666,4,27861,104,95,5474918,24177,201537,27981,32,12.04528611111111,13.57,4.87,1.2
MAGE,49,20,15,14,14,30,27,13,176,229,7,26972,620220.0,33,12,162.5,5,30232,110,100,6428365,26961,222281,31119,202,12.046569722222221,13.64,4.86,1.3
MAGE,49,21,16,14,14,30,28,13,181,242,7,29906,686160.0,35,12,164.75,5,32561,115,105,7478981,29898,245543,34641,68,12.047866944444445,13.68,4.86,1.3
MAGE,49,22,16,15,14,30,30,14,192,266,8,32982,753240.0,35,13,170.75,5,34686,120,111,8643821,32978,268510,38141,151,12.053421944444445,14.75,4.86,1.4
MAGE,49,23,16,15,15,31,32,14,206,291,9,36209,824640.0,36,13,169.0,5,37006,127,116,9927813,36198,293341,42111,233,12.054858888888889,14.85,4.85,1.4
MAGE,49,24,16,15,15,31,34,14,212,305,9,39586,898080.0,36,13,171.75,5,39284,132,121,11348305,39582,318454,46155,159,12.05630888888889,14.92,4.85,1.4
MAGE,49,25,17,15,15,31,36,15,226,331,10,43124,973860.0,37,13,176.0,6,40895,138,127,12858410,43110,343943,50339,220,12.057771666666667,14.99,4.85,1.5
MAGE,49,26,18,15,15,32,36,15,235,344,10,46808,1054500.0,39,13,180.4,6,43206,143,131,14511030,46773,371753,54819,251,12.059246666666667,15.03,4.85,1.5
MAGE,49,27,18,15,15,33,38,16,247,372,11,50633,1137060.0,39,13,179.0,6,45425,150,135,16317344,50595,399817,59350,220,12.060733611111111,15.14,4.85,1.6
MAGE,49,28,18,15,15,34,41,16,259,402,12,54609,1224180.0,40,14,192.8,6,47876,157,140,18270001,54573,429912,64219,232,12.062231944444445,16.28,4.85,1.6
MAGE,49,29,18,15,15,34,43,16,267,416,12,58747,1312980.0,40,14,182.2,6,49961,162,146,20392246,58733,459896,69396,292,12.06374138888889,16.36,4.85,1.6
MAGE,49,30,18,15,16,34,45,17,281,446,13,63024,1405560.0,41,14,206.53846153846155,7,51814,167,149,22615636,63013,491510,74863,101,12.065261666666666,16.43,4.84,1.7
MAGE,49,31,18,15,17,37,45,17,299,477,14,67458,1501020.0,42,14,202.0,7,54302,175,153,25018316,67441,523945,80506,357,12.0667925,16.54,4.83,1.7
MAGE,49,32,18,15,17,38,46,19,316,507,15,72037,1599240.0,42,14,191.0,7,56851,181,159,27588908,72019,557227,86461,408,12.068333333333333,16.62,4.83,1.9
MAGE,49,33,18,15,17,39,46,20,323,522,15,76779,1701180.0,43,14,199.33333333333334,7,58778,187,164,30353019,76765,591850,92476,398,12.069884444444444,16.65,4.83,2.0
MAGE,49,34,18,16,17,40,48,20,338,555,16,81650,1802760.0,43,15,197.33333333333334,7,60571,193,170,33251793,81624,625207,98679,184,12.077198333333333,17.77,4.83,2.0
MAGE,49,35,18,17,18,41,49,20,353,586,17,86701,1909080.0,44,15,199.85714285714286,8,62365,199,175,36349464,86698,660477,105154,344,12.084848333333333,17.84,4.82,2.0
MAGE,49,36,18,17,19,43,50,20,368,621,18,91877,2017920.0,45,15,205.85714285714286,8,64936,206,180,39599417,91846,696637,111868,45,12.086683888888889,17.96,4.81,2.0
MAGE,49,37,20,17,19,45,50,20,384,657,19,97223,2128680.0,46,15,202.0,8,67302,213,185,43128930,97201,732831,118714,4,12.08853,18.03,4.81,2.0
MAGE,49,38,20,17,19,45,51,21,390,675,19,102725,2241420.0,47,15,202.71428571428572,8,69021,218,191,46861160,102721,769199,125597,8,12.090386111111112,18.07,4.81,2.1
MAGE,49,39,20,17,19,46,53,22,405,714,20,108361,2355780.0,47,16,213.14285714285714,8,70805,224,196,50759133,108314,805724,132554,604,12.0922525,19.19,4.81,2.2
MAGE,49,40,20,17,19,48,54,23,420,748,21,114154,2475180.0,48,16,233.4,9,72785,231,201,54890927,114142,844517,140353,289,12.09412888888889,19.3,4.81,2.3
MAGE,49,41,20,17,19,49,55,25,435,784,22,120102,2595540.0,49,16,211.75,9,75330,237,205,59263712,120094,882801,147924,33,12.096014722222222,19.38,4.81,2.5
MAGE,49,42,20,17,19,50,58,25,452,822,23,126192,2717520.0,49,16,212.375,9,77396,244,212,63880242,126170,921147,155739,70,12.09791,19.54,4.81,2.5
MAGE,49,43,20,17,20,51,60,25,467,864,24,132446,2841780.0,50,16,213.5,9,79116,250,217,68734686,132442,959766,163523,86,12.099814444444444,19.66,4.8,2.5
MAGE,49,44,20,17,20,52,62,26,481,904,25,138838,2970420.0,50,17,214.625,9,80913,257,221,73748548,138792,1000538,171953,504,12.101728055555556,20.77,4.8,2.6
MAGE,49,45,21,17,20,53,63,27,496,949,26,145363,3099240.0,51,17,250.375,10,82803,263,225,79125018,145342,1040300,180381,118,12.103650833333333,20.85,4.8,2.7
MAGE,49,46,21,17,20,54,66,27,510,992,27,152027,3230520.0,52,17,235.0,10,85405,269,232,84609459,152023,1080746,189078,9,12.105581944444445,21.01,4.8,2.7
MAGE,49,47,21,17,21,54,70,28,532,1059,29,158850,3362880.0,52,17,236.0,10,87160,275,236,90298756,158835,1120740,197763,778,12.107521944444445,21.17,4.79,2.8
MAGE,49,48,22,17,21,56,71,28,548,1105,30,165818,3498720.0,54,18,223.66666666666666,10,88977,282,242,96305401,165816,1162092,206679,290,12.109470277777778,22.3,4.79,2.8
MAGE,49,49,22,18,21,58,74,28,572,1177,32,172944,3635760.0,54,18,223.77777777777777,10,90816,290,247,102541754,172890,1203118,215866,414,12.119338055555556,22.5,4.79,2.8
MAGE,49,50,23,19,21,59,75,28,587,1226,33,180219,3775620.0,55,18,231.6,11,92630,296,252,109098578,180180,1244917,225293,692,12.129583055555555,22.58,4.79,2.8
MAGE,49,51,23,19,21,61,79,28,610,1301,35,187635,3916800.0,56,19,232.5,11,95361,303,256,115893901,187605,1286546,234819,104,12.1318375,23.83,4.79,2.8
MAGE,49,52,23,19,22,62,81,28,629,1351,36,195216,4059840.0,56,19,232.9,11,97405,310,261,122994521,195165,1328256,244916,495,12.134101388888888,23.95,4.78,2.8
MAGE,49,53,24,19,23,65,82,28,656,1431,38,202933,4205640.0,58,19,233.6,11,99266,317,268,130335215,202893,1370870,255163,699,12.136373888888889,24.12,4.77,2.8
MAGE,49,54,24,19,23,67,84,28,673,1486,39,210801,4354020.0,58,20,250.9,11,101140,324,273,138052524,210781,1414201,265685,523,12.138655277777778,25.29,4.77,2.8
MAGE,49,55,26,20,23,67,87,28,696,1570,41,218825,4503660.0,60,20,277.72222222222223,12,103074,330,275,145979251,218809,1457199,276705,425,12.149893055555555,25.41,4.77,2.8
MAGE,49,56,26,21,24,68,88,28,714,1627,42,226994,4654620.0,61,20,242.72727272727272,12,105667,336,281,154215989,226969,1500030,287918,57,12.161522777777778,25.5,4.76,2.8
MAGE,49,57,26,22,25,71,89,28,742,1715,44,235313,4814340.0,61,20,247.0909090909091,12,107754,343,286,162738252,235265,1548014,300206,978,12.173546666666667,25.67,4.75,2.8
MAGE,49,58,27,22,26,73,90,29,772,1799,46,243786,4976880.0,62,20,255.27272727272728,12,109852,350,291,171628216,243744,1596867,312876,414,12.176306944444445,25.8,4.74,2.9
MAGE,49,59,27,23,26,74,91,30,791,1859,47,252415,5142240.0,62,20,254.45454545454547,12,112036,356,296,180873996,252362,1646544,325770,538,12.18888861111111,25.88,4.74,3.0
MAGE,49,60,28,23,26,76,94,30,820,1948,49,261182,5309580.0,64,20,293.2105263157895,13,114138,363,303,190435958,261166,1696503,338863,102,12.191820555555555,26.1,4.74,3.0
MAGE,49,61,28,24,27,78,95,31,850,2038,51,270104,5478660.0,65,20,253.0,13,116236,369,308,200336523,270062,1746578,352144,257,12.204967777777778,26.23,4.73,3.1
MAGE,49,62,28,25,27,80,97,32,882,2131,53,278778,5642460.0,65,20,270.5,13,118222,376,312,210216201,278772,1794857,365112,557,12.218520555555555,26.4,4.73,3.2
MAGE,49,63,28,25,28,81,99,32,901,2197,54,287861,5813940.0,66,20,271.3333333333333,13,120289,382,317,220464334,287807,1845450,378575,287,12.221793611111112,26.53,4.72,3.2
MAGE,49,64,28,25,28,83,102,33,931,2293,56,297101,5987940.0,66,20,258.8333333333333,13,122382,389,320,231210349,297047,1896647,392295,285,12.225077222222222,26.75,4.72,3.3
MAGE,49,65,28,27,29,84,104,33,963,2391,58,306488,6164220.0,67,20,295.0,14,124034,396,326,242325879,306485,1948280,406320,504,12.250466944444444,26.88,4.71,3.3
MAGE,49,66,28,27,30,86,106,34,998,2492,60,316015,6342180.0,68,20,267.7692307692308,14,126085,402,332,253688918,315999,2000128,420378,298,12.254090833333333,27.05,4.7,3.4
MAGE,49,67,28,27,31,88,109,34,1035,2595,62,325603,6521040.0,68,20,279.3076923076923,14,128090,409,338,265347292,325587,2052248,434616,898,12.257726111111111,27.28,4.69,3.4
MAGE,49,68,28,27,31,90,111,34,1056,2665,63,334972,6695100.0,69,20,275.46153846153845,14,130080,416,342,276977163,334971,2102682,448578,223,12.2613725,27.45,4.69,3.4
MAGE,49,69,28,28,31,91,115,34,1089,2776,65,344715,6876360.0,69,20,282.38461538461536,14,132106,423,347,289103158,344700,2155348,463136,623,12.276851944444445,27.68,4.69,3.4
MAGE,49,70,28,29,33,93,116,34,1123,2887,67,354611,7059180.0,70,20,308.57142857142856,15,133846,429,350,301699323,354567,2208028,477996,869,12.292755277777777,27.81,4.67,3.4
MAGE,49,71,30,29,33,95,118,34,1156,3000,69,364642,7243680.0,72,20,273.2142857142857,15,135922,436,357,314592037,364577,2260905,492794,665,12.296763333333333,27.99,4.67,3.4
MAGE,49,72,30,30,34,97,120,34,1189,3113,71,374816,7430460.0,72,20,273.92857142857144,15,137970,443,361,328085473,374801,2314276,507818,428,12.31327138888889,28.17,4.66,3.4
MAGE,49,73,30,30,35,99,122,35,1224,3232,73,384734,7613400.0,73,20,283.2857142857143,15,140036,449,367,341286203,384665,2367109,522772,832,12.317469444444445,28.35,4.65,3.5
MAGE,49,74,31,30,36,102,123,35,1261,3353,75,395080,7809540.0,73,20,291.2142857142857,15,142239,456,371,355320304,395031,2425974,539422,255,12.321679444444445,28.53,4.64,3.5
MAGE,49,75,32,32,36,104,124,35,1300,3468,77,405566,8007360.0,75,20,283.4,16,143935,463,376,369803722,405515,2485053,556288,446,12.352143611111112,28.67,4.64,3.5
MAGE,49,76,32,32,37,105,128,35,1338,3590,79,416207,8206260.0,76,20,287.46666666666664,16,146174,469,381,384495490,416141,2543756,573243,715,12.356717222222223,28.9,4.63,3.5
MAGE,49,77,32,32,37,109,129,36,1378,3712,81,426997,8408280.0,76,20,296.2,16,148343,476,385,399596977,426933,2603556,590411,757,12.361303055555556,29.13,4.63,3.6
MAGE,49,78,33,33,37,112,130,36,1416,3837,83,437465,8604060.0,77,20,284.06666666666666,16,150402,483,391,414556556,437421,2661399,607183,761,12.379664722222222,29.31,4.63,3.6
MAGE,49,79,33,34,37,115,130,38,1459,3964,85,448326,8806380.0,77,20,289.53333333333336,16,152518,490,395,430333944,448278,2720869,624714,503,12.39847,29.45,4.63,3.8
MAGE,49,80,33,34,37,118,132,39,1499,4092,87,459338,9011220.0,78,20,330.2173913043478,17,153951,497,404,446500453,459289,2780961,642548,1160,12.403440555555555,29.68,4.63,3.9
MAGE,49,81,34,34,38,120,134,39,1538,4225,89,470488,9217260.0,80,20,308.5625,17,156118,503,409,463232551,470463,2840867,660329,66,12.408423611111111,29.87,4.62,3.9
MAGE,49,82,34,36,38,123,134,40,1581,4358,91,481786,9425340.0,80,20,310.5,17,158225,510,412,480163084,481743,2901159,678398,112,12.442770833333332,30.01,4.62,4.0
MAGE,49,83,34,37,38,124,138,40,1623,4495,93,492809,9628080.0,81,20,303.625,17,160267,517,417,497037039,492783,2959768,696227,590,12.463113055555555,30.24,4.62,4.0
MAGE,49,84,35,37,38,125,142,40,1662,4636,95,504265,9838260.0,81,20,310.5625,17,162418,523,424,514611497,504204,3020352,714637,41,12.468669444444444,30.48,4.62,4.0
MAGE,49,85,35,37,40,128,143,40,1705,4779,97,515882,1.005084E7,82,20,344.9166666666667,18,164013,530,428,532732385,515868,3081408,733500,149,12.474239166666667,30.67,4.6,4.0
MAGE,49,86,35,38,40,130,146,40,1749,4922,99,527643,1.026408E7,83,20,308.4117647058824,18,166211,537,434,551144900,527594,3141978,752166,990,12.495425555555556,30.9,4.6,4.0
MAGE,49,87,35,38,41,133,148,40,1793,5068,101,539560,1.048038E7,83,20,304.29411764705884,18,168302,544,435,570255741,539546,3203538,771179,1043,12.50120361111111,31.14,4.59,4.0
MAGE,49,88,36,38,43,133,151,40,1834,5218,103,551073,1.069074E7,85,20,321.4117647058824,18,170350,550,441,588813696,551050,3264142,790123,1066,12.506995277777778,31.29,4.57,4.0
MAGE,49,89,37,38,44,136,151,41,1878,5370,105,563039,1.091244E7,85,20,306.8235294117647,18,172640,556,447,608442088,563035,3329406,810792,1107,12.5128,31.43,4.56,4.1
MAGE,49,90,37,39,44,139,154,42,1940,5567,108,575147,1.113702E7,86,20,357.68,19,173814,563,455,628489616,575105,3395752,831727,152,12.535038333333333,31.72,4.56,4.2
MAGE,49,91,37,40,45,140,157,42,1985,5724,110,587402,1.136268E7,87,20,314.94444444444446,19,176157,570,459,648842456,587317,3461743,852708,876,12.557744166666666,31.91,4.55,4.2
MAGE,49,92,38,41,45,142,158,43,2031,5881,112,599671,1.15881E7,88,20,314.3333333333333,19,178402,576,466,669579219,599584,3527536,873773,1269,12.580920277777778,32.05,4.55,4.3
MAGE,49,93,38,44,45,144,159,43,2079,6038,114,611850,1.181202E7,89,20,320.6111111111111,19,180579,583,469,690687809,611816,3592906,894728,305,12.6392775,32.2,4.55,4.3
MAGE,49,94,39,44,45,145,162,44,2131,6193,116,624416,1.204176E7,89,20,329.05555555555554,19,182826,589,473,712574609,624365,3659505,916364,933,12.64627638888889,32.39,4.55,4.4
MAGE,49,95,39,45,46,145,165,45,2182,6352,118,637132,1.227402E7,90,20,323.8421052631579,20,183964,595,481,735128543,637092,3726723,938302,874,12.6711475,32.54,4.54,4.5
MAGE,49,96,41,46,46,147,168,45,2250,6571,121,649996,1.250688E7,92,20,325.0,20,186319,602,485,757828963,649913,3793365,960206,90,12.696498055555555,32.78,4.54,4.5
MAGE,49,97,43,46,46,150,169,45,2304,6737,123,662498,1.273332E7,93,20,340.2631578947368,20,188461,608,488,780439012,662437,3858191,981579,28,12.7039275,32.97,4.54,4.5
MAGE,49,98,44,46,46,151,172,46,2353,6907,125,675401,1.296666E7,95,20,325.10526315789474,20,190701,615,493,803933003,675364,3924854,1003542,244,12.7113725,33.17,4.54,4.6
MAGE,49,99,46,47,46,153,173,46,2405,7075,127,688452,1.32021E7,96,20,325.63157894736844,20,192664,621,496,827734785,688379,3991928,1025881,1190,12.737625555555555,33.32,4.54,4.6
MAGE,49,100,48,47,46,154,175,47,2454,7246,129,701642,1.344006E7,98,20,337.5263157894737,20,193811,628,502,852287286,701627,4059672,1048445,374,12.745296666666666,33.46,4.54,4.7
CLERIC,46,1,8,9,9,8,6,13,7,8,0,0,0.0,19,9,95.0,1,0,1,1,0,0,0,0,0,12.015381388888889,9.3,4.91,1.3
CLERIC,46,2,8,9,9,8,8,13,12,14,0,28,840.0,19,9,95.0,1,41,5,1,340,19,370,41,18,12.0157325,9.36,4.91,1.3
CLERIC,46,3,8,10,9,8,9,15,24,21,1,209,5460.0,20,9,96.0,1,252,10,10,5717,190,2168,252,16,12.01837,9.38,4.91,1.5
CLERIC,46,4,9,10,9,8,10,15,29,27,1,577,14640.0,20,9,98.0,1,640,15,17,25986,570,5642,640,14,12.01894361111111,9.41,4.91,1.5
CLERIC,46,5,9,10,9,8,10,17,33,33,1,1084,26940.0,21,10,115.0,2,1199,20,22,61304,1070,10213,1199,18,12.019557777777777,10.41,4.91,1.7
CLERIC,46,6,9,10,10,8,12,18,42,47,2,1743,42480.0,22,10,116.0,2,1899,26,29,119643,1723,15854,1899,73,12.02020361111111,10.47,4.9,1.8
CLERIC,46,7,10,10,10,8,13,18,49,52,2,2557,61620.0,23,10,104.0,2,2766,31,34,207326,2535,22792,2766,38,12.02087611111111,10.5,4.9,1.8
CLERIC,46,8,11,10,10,8,13,19,55,57,2,3519,84540.0,24,10,107.0,2,3868,35,38,329046,3501,31209,3868,68,12.021571388888889,10.5,4.9,1.9
CLERIC,46,9,11,10,10,9,13,22,65,67,3,4642,111600.0,24,10,124.0,2,5145,41,42,493574,4629,41273,5145,17,12.022286944444444,10.52,4.9,2.1899515
CLERIC,46,10,11,11,10,9,14,22,72,73,3,5913,142080.0,25,10,132.66666666666666,3,6604,46,47,705114,5901,52566,6604,113,12.02581,10.55,4.9,2.2
CLERIC,46,11,11,12,10,9,14,23,76,79,3,7340,175980.0,26,10,124.0,3,8214,50,55,965768,7326,65045,8214,81,12.029584166666666,10.55,4.9,2.3
CLERIC,46,12,11,12,10,9,16,23,82,86,3,8923,213600.0,26,11,137.0,3,9969,57,58,1289778,8912,78901,9969,133,12.030536666666666,11.61,4.9,2.3
CLERIC,46,13,11,12,11,9,16,26,94,99,4,10650,254340.0,27,11,140.5,3,11954,63,64,1668279,10628,93833,11954,147,12.031506666666667,11.61,4.89,2.4879207
CLERIC,46,14,11,12,12,9,16,27,99,107,4,12529,298500.0,27,11,133.0,3,14076,66,69,2126166,12518,109962,14076,135,12.032493055555555,11.61,4.88,2.5694942
CLERIC,46,15,11,13,12,9,17,29,112,117,5,14559,345900.0,28,11,152.1,4,16412,73,73,2625514,14543,127206,16412,207,12.036871666666666,11.64,4.88,2.6536187
CLERIC,46,16,11,13,12,9,18,30,117,125,5,16728,396120.0,29,11,153.0,4,18938,80,78,3217179,16699,145349,18938,177,12.03799,11.67,4.88,2.7401831
CLERIC,46,17,11,13,12,9,19,31,122,133,5,19059,450000.0,29,11,151.66666666666666,4,21567,86,84,3902052,19048,164777,21567,219,12.039123611111112,11.7,4.88,2.8290883
CLERIC,46,18,11,13,12,9,22,32,136,148,6,21531,507000.0,30,12,151.66666666666666,4,24354,95,88,4667798,21513,185298,24354,88,12.04027138888889,12.79,4.88,2.9202453
CLERIC,46,19,11,13,12,9,22,34,141,156,6,24168,567240.0,30,12,157.0,4,27491,100,93,5531798,24153,206804,27491,164,12.041432777777779,12.79,4.88,3.0135737
CLERIC,46,20,13,13,12,9,23,35,152,174,7,26935,630300.0,32,12,171.54545454545453,5,29891,106,99,6494566,26919,229285,30704,38,12.042607222222221,12.82,4.88,3.1090002
CLERIC,46,21,13,13,12,10,24,35,160,182,7,29872,696780.0,33,12,166.0,5,32339,111,108,7573638,29863,252843,34167,184,12.043793888888889,12.88,4.88,3.2064576
CLERIC,46,22,14,13,13,10,26,35,174,198,8,32948,765780.0,34,12,166.25,5,34443,118,112,8741215,32932,277122,37693,147,12.044992777777777,12.95,4.87,3.3058845
CLERIC,46,23,14,13,14,10,29,35,188,216,9,36176,838680.0,35,13,173.0,5,36672,126,114,10052494,36162,302973,41438,249,12.046203055555555,14.04,4.86,3.407224
CLERIC,46,24,15,13,14,10,29,36,193,226,9,39554,913980.0,35,13,170.25,5,39096,131,119,11475859,39522,329369,45564,99,12.047424166666667,14.04,4.86,3.5104234
CLERIC,46,25,16,13,14,10,31,37,207,245,10,43085,992580.0,37,13,187.91666666666666,6,40808,138,125,13022349,43057,356877,49803,76,12.04865611111111,14.11,4.86,3.6154337
CLERIC,46,26,16,13,15,10,32,37,215,253,10,46772,1074300.0,38,13,188.2,6,43088,144,130,14742021,46757,385371,54140,159,12.049898333333333,14.14,4.85,3.7
CLERIC,46,27,17,13,16,10,34,37,231,271,11,50599,1158540.0,38,13,179.0,6,45328,150,135,16609884,50595,414615,58659,328,12.051150555555555,14.2,4.84,3.7
CLERIC,46,28,17,13,16,11,37,37,245,288,12,54579,1246440.0,39,14,184.6,6,47621,158,139,18586778,54547,445267,63359,168,12.0524125,15.34,4.84,3.7
CLERIC,46,29,17,13,16,11,39,37,251,300,12,58714,1335060.0,39,14,186.8,6,49698,164,145,20734416,58681,475182,68271,16,12.053683888888889,15.4,4.84,3.7
CLERIC,46,30,17,13,17,11,40,39,264,319,13,62993,1425780.0,40,14,187.83333333333334,7,51336,171,151,23055589,62971,505425,73250,193,12.054964166666666,15.44,4.83,3.9
CLERIC,46,31,17,13,18,11,41,41,279,340,14,67421,1519200.0,41,14,191.5,7,53631,177,156,25547074,67411,536458,78413,65,12.056253611111112,15.47,4.82,4.1
CLERIC,46,32,18,13,18,12,42,42,292,361,15,72008,1615440.0,42,15,193.33333333333334,7,55876,183,163,28234668,72003,568270,83696,232,12.05755138888889,16.54,4.82,4.2
CLERIC,46,33,18,13,18,12,44,42,298,374,15,76750,1712880.0,43,15,202.0,7,58116,190,166,31095428,76749,599712,89212,82,12.058857777777778,16.61,4.82,4.2
CLERIC,46,34,18,13,20,12,45,43,313,396,16,81634,1813320.0,43,15,196.66666666666666,7,59737,196,171,34092647,81608,632233,94885,1228,12.060172222222223,16.64,4.8,4.3
CLERIC,46,35,18,13,20,12,46,46,326,416,17,86673,1916520.0,44,15,199.0,8,61390,202,176,37289559,86639,665503,100732,44,12.061494722222223,16.68,4.8,4.6
CLERIC,46,36,18,13,20,12,48,48,340,438,18,91863,2023140.0,45,16,200.42857142857142,8,63701,210,180,40672689,91831,700016,106790,132,12.062825,17.75,4.8,4.8
CLERIC,46,37,18,14,20,12,49,50,353,460,19,97194,2131200.0,45,16,201.28571428571428,8,66066,216,186,44279174,97186,734426,113077,132,12.070130277777778,17.78,4.8,5.0
CLERIC,46,38,18,14,20,12,51,50,359,474,19,102697,2242200.0,46,16,202.71428571428572,8,68293,222,190,48088035,102676,769594,119556,208,12.071600555555555,17.85,4.8,5.0
CLERIC,46,39,18,14,20,14,53,50,373,498,20,108323,2355180.0,46,16,203.85714285714286,8,69956,229,196,52056418,108288,805197,126298,140,12.073079166666666,17.99,4.8,5.0
CLERIC,46,40,19,14,20,15,53,52,385,525,21,114119,2471280.0,47,16,235.66666666666666,9,71630,234,201,56239432,114084,841673,133215,69,12.074565277777777,18.03,4.8,5.2
CLERIC,46,41,19,14,20,16,55,53,398,552,22,120070,2589420.0,48,17,211.0,9,74158,241,205,60681051,120053,878356,140415,317,12.076059166666667,19.14,4.8,5.3
CLERIC,46,42,19,14,21,17,55,55,410,579,23,126160,2710800.0,48,17,212.0,9,76690,247,211,65407528,126149,916292,148005,26,12.077560555555555,19.17,4.79,5.5
CLERIC,46,43,20,14,22,17,56,56,421,611,24,132415,2834640.0,50,17,215.625,9,78514,253,216,70320045,132384,954715,155609,554,12.079069444444444,19.21,4.78,5.6
CLERIC,46,44,20,14,22,17,58,58,432,640,25,138811,2961060.0,50,17,213.25,9,80289,260,221,75529595,138784,993914,163406,380,12.080585277777777,19.28,4.78,5.8
CLERIC,46,45,20,14,22,17,60,60,445,669,26,145342,3089760.0,51,18,247.6875,10,82051,267,226,81037032,145334,1033654,171415,346,12.082108333333334,20.36,4.78,6.0
CLERIC,46,46,20,15,23,17,62,60,458,699,27,152009,3220080.0,52,18,221.77777777777777,10,84545,273,230,86710307,151964,1073523,179670,441,12.0908575,20.43,4.77,6.0
CLERIC,46,47,21,15,23,18,64,62,481,745,29,158827,3353160.0,52,18,231.44444444444446,10,86929,280,236,92622901,158776,1114200,188152,126,12.092526944444444,20.54,4.77,6.2
CLERIC,46,48,21,15,23,18,65,65,498,775,30,165801,3488460.0,53,18,225.66666666666666,10,88678,287,240,98890353,165796,1155178,196929,618,12.09420361111111,20.58,4.77,6.4518067
CLERIC,46,49,22,15,23,19,65,69,518,822,32,172923,3626700.0,54,19,228.88888888888889,10,90376,293,246,105392224,172908,1197140,205844,262,12.0958875,21.62,4.77,6.5909583
CLERIC,46,50,24,15,23,19,66,70,533,856,33,180198,3766800.0,56,19,258.1764705882353,11,92267,299,251,112209751,180144,1239261,215103,288,12.097578333333333,21.65,4.77,6.7312744
CLERIC,46,51,25,15,24,19,68,72,552,910,35,187611,3909000.0,57,19,237.7,11,94956,306,256,119301860,187592,1281748,224333,64,12.099276111111111,21.73,4.76,6.8727407
CLERIC,46,52,25,15,25,20,69,73,565,945,36,195182,4053780.0,57,19,242.9,11,97154,312,260,126718908,195173,1324918,233876,251,12.100980555555555,21.8,4.75,7.0153434
CLERIC,46,53,25,15,27,20,70,76,586,997,38,202906,4201260.0,58,19,237.8,11,98911,318,266,134405887,202868,1368920,243592,543,12.102691944444445,21.84,4.73,7.1590689
CLERIC,46,54,25,15,27,21,71,78,601,1033,39,210773,4350360.0,58,20,250.7,11,100770,325,272,142350295,210756,1413004,253731,159,12.104409722222222,22.92,4.73,7.3039043
CLERIC,46,55,25,15,27,21,73,82,624,1086,41,218796,4502220.0,59,20,242.0,12,102677,332,276,150607030,218760,1457840,264158,877,12.106134166666667,22.99,4.73,7.4498371
CLERIC,46,56,25,15,28,22,73,84,638,1121,42,226969,4655940.0,60,20,242.45454545454547,12,105335,338,280,159305373,226961,1502833,274685,941,12.107865,23.03,4.72,7.5968548
CLERIC,46,57,25,17,28,22,75,86,659,1174,44,235282,4818000.0,60,20,256.0,12,107399,344,287,168211059,235241,1552761,286307,658,12.127364166666666,23.11,4.72,7.7449458
CLERIC,46,58,25,17,29,23,76,89,682,1230,46,243754,4983480.0,61,20,247.8181818181818,12,109426,351,292,177575586,243701,1603907,298284,94,12.12939,23.19,4.71,7.8940983
CLERIC,46,59,26,17,29,23,77,91,696,1268,47,252382,5151420.0,62,20,254.1818181818182,12,111439,357,296,187226870,252320,1655612,310473,306,12.131423055555555,23.22,4.71,8.0443013
CLERIC,46,60,28,17,29,24,80,91,719,1325,49,261149,5322060.0,64,20,292.94736842105266,13,113443,364,302,197275587,261124,1708117,322803,138,12.133463055555556,23.38,4.71,8.1955438
CLERIC,46,61,29,18,30,24,82,92,743,1383,51,270070,5494140.0,65,20,256.1666666666667,13,115803,371,306,207540285,270020,1760529,335297,545,12.145130555555555,23.46,4.7,8.3478151
CLERIC,46,62,30,18,30,26,83,94,767,1443,53,278747,5661420.0,66,20,268.5833333333333,13,117663,377,312,217831039,278690,1811498,347469,217,12.14733,23.58,4.7,8.5011051
CLERIC,46,63,30,18,30,26,85,96,782,1486,54,287834,5836620.0,67,20,254.41666666666666,13,119596,384,317,228867281,287798,1864876,360090,483,12.149536944444444,23.66,4.7,8.6554035
CLERIC,46,64,30,19,30,27,89,96,810,1547,56,297071,6013980.0,67,20,271.9166666666667,13,121605,391,322,240196171,297044,1918631,373090,317,12.161922777777777,23.85,4.7,8.8107007
CLERIC,46,65,30,19,30,28,92,98,834,1613,58,306459,6194880.0,68,20,298.6,14,123573,398,328,251962808,306424,1973732,386224,352,12.1642925,24.01,4.7,8.9669871
CLERIC,46,66,31,20,31,28,93,100,858,1682,60,315992,6376740.0,69,20,263.38461538461536,14,125711,404,333,264044024,315944,2028405,399460,970,12.177250833333334,24.05,4.69,9.1242533
CLERIC,46,67,31,21,31,28,97,101,887,1747,62,325584,6559260.0,69,20,263.7692307692308,14,127619,412,337,276339415,325535,2083145,412909,644,12.190627222222222,24.22,4.69,9.2824904
CLERIC,46,68,31,21,31,28,99,103,906,1793,63,334954,6737520.0,70,20,281.3076923076923,14,129536,418,340,288483182,334919,2136585,426054,789,12.193324166666667,24.3,4.69,9.4416894
CLERIC,46,69,32,21,31,28,101,106,935,1863,65,344691,6923100.0,71,20,275.9230769230769,14,131470,425,346,301427282,344644,2192412,439544,310,12.196029444444445,24.38,4.69,9.6018417
CLERIC,46,70,33,21,32,29,103,107,965,1933,67,354588,7110660.0,72,20,273.0,15,133479,432,351,314824737,354584,2248350,453399,1192,12.198742222222222,24.5,4.68,9.7629389
CLERIC,46,71,34,21,33,29,105,109,992,2009,69,364617,7299720.0,74,20,273.5,15,135613,438,356,328508630,364566,2304479,467351,586,12.201463333333333,24.58,4.67,9.9249728
CLERIC,46,72,34,21,34,29,110,109,1023,2083,71,374795,7491240.0,74,20,282.35714285714283,15,137503,446,361,342701908,374778,2361245,481457,1111,12.204191944444444,24.79,4.66,10.0879352
CLERIC,46,73,34,21,36,29,111,112,1050,2161,73,384711,7679040.0,75,20,281.57142857142856,15,139409,452,365,356645526,384694,2417555,495388,191,12.206928333333334,24.83,4.64,10.2518183
CLERIC,46,74,34,21,37,29,113,115,1082,2238,75,395064,7879500.0,75,20,276.64285714285717,15,141491,459,371,371520002,395044,2479586,511018,635,12.209672222222222,24.91,4.63,10.4166145
CLERIC,46,75,34,21,38,29,116,117,1112,2313,77,405553,8082060.0,76,20,325.59090909090907,16,143557,466,377,386865262,405544,2542157,526920,1132,12.212423611111111,25.04,4.62,10.5823161
CLERIC,46,76,34,21,38,30,116,122,1140,2390,79,416195,8287560.0,77,20,295.26666666666665,16,145711,472,381,402498023,416184,2605671,542837,743,12.215182777777779,25.08,4.62,10.7489159
CLERIC,46,77,34,23,38,30,119,123,1166,2468,81,426986,8494620.0,77,20,286.6,16,147737,479,386,418692969,426964,2669155,558977,709,12.243088888888888,25.2,4.62,10.9164066
CLERIC,46,78,34,23,39,32,119,126,1194,2548,83,437454,8695440.0,78,20,284.0,16,149701,485,391,434669126,437436,2730703,574645,135,12.2461825,25.29,4.61,11.0847812
CLERIC,46,79,35,23,39,33,121,128,1223,2630,85,448322,8903400.0,78,20,288.0,16,151794,492,396,451494782,448278,2794336,590936,628,12.24928388888889,25.41,4.61,11.2540328
CLERIC,46,80,35,23,39,35,125,128,1254,2713,87,459333,9113940.0,79,20,336.95652173913044,17,153676,498,400,468650620,459276,2858677,607608,1430,12.252393611111112,25.67,4.61,11.4241545
CLERIC,46,81,35,23,40,35,129,129,1283,2803,89,470480,9325800.0,80,20,293.4375,17,155688,506,404,486415700,470415,2922922,624284,113,12.255510833333334,25.84,4.6,11.5951398
CLERIC,46,82,35,23,41,35,132,131,1312,2892,91,481779,9540120.0,80,20,309.0625,17,157628,512,411,504726162,481775,2987778,641274,49,12.25863611111111,25.97,4.59,11.7669823
CLERIC,46,83,35,24,42,35,135,132,1340,2986,93,492801,9748440.0,81,20,312.125,17,159579,519,422,522661721,492735,3050686,657743,371,12.275485277777777,26.1,4.58,11.9396754
CLERIC,46,84,37,24,42,36,136,134,1372,3077,95,504263,9965100.0,82,20,306.5,17,161560,525,426,541769908,504249,3116124,674919,1085,12.278790555555556,26.18,4.58,12.113213
CLERIC,46,85,37,24,43,38,138,135,1403,3169,97,515876,1.01838E7,83,20,303.47058823529414,18,163542,532,429,561244303,515811,3181946,692385,441,12.282103611111111,26.36,4.57,12.287589
CLERIC,46,86,37,24,44,39,139,138,1434,3263,99,527636,1.040388E7,84,20,305.88235294117646,18,165560,538,433,581438857,527597,3247624,709817,725,12.285424722222222,26.44,4.56,12.4627973
CLERIC,46,87,38,24,44,40,142,139,1467,3357,101,539551,1.062624E7,85,20,307.5882352941176,18,167517,545,437,601879560,539525,3313831,727606,725,12.288753611111112,26.62,4.56,12.6388321
CLERIC,46,88,38,24,45,40,146,140,1500,3455,103,551064,1.08426E7,86,20,304.05882352941177,18,169467,552,441,622132951,551000,3379006,745298,723,12.292090277777778,26.79,4.55,12.8156876
CLERIC,46,89,39,25,45,40,148,142,1530,3557,105,563031,1.107228E7,86,20,308.88235294117646,18,171661,558,446,643361848,562954,3450164,764469,1200,12.310267222222222,26.88,4.55,12.9933581
CLERIC,46,90,41,26,46,40,151,143,1577,3690,108,575137,1.130466E7,88,20,357.6,19,173470,565,451,665180849,575081,3522191,783940,164,12.32890861111111,27.01,4.54,13.1718381
CLERIC,46,91,41,26,47,40,153,146,1610,3792,110,587394,1.15383E7,89,20,323.6111111111111,19,175624,572,456,687396365,587313,3594059,803381,1631,12.332606944444445,27.1,4.53,13.351122
CLERIC,46,92,41,28,47,40,156,147,1643,3894,112,599661,1.177236E7,89,20,321.94444444444446,19,177674,578,461,709939982,599595,3666209,822786,1305,12.367591388888888,27.23,4.53,13.5312046
CLERIC,46,93,41,29,47,41,158,149,1675,3996,114,611841,1.20036E7,90,20,332.6111111111111,19,179765,585,467,732556242,611788,3737020,842321,416,12.387635833333333,27.36,4.53,13.7120804
CLERIC,46,94,41,29,47,41,161,152,1709,4101,116,624406,1.224282E7,90,20,326.5,19,181867,592,471,756321790,624388,3810546,862382,104,12.391879444444445,27.5,4.53,13.8937444
CLERIC,46,95,41,29,48,42,163,154,1747,4207,118,637123,1.248354E7,91,20,367.15384615384613,20,183507,598,477,780497664,637078,3884050,882781,480,12.3961325,27.63,4.52,14.0761915
CLERIC,46,96,43,29,49,42,166,156,1793,4355,121,649989,1.272534E7,93,20,333.2105263157895,20,185672,605,481,805187312,649948,3957218,903180,1051,12.400394444444444,27.77,4.51,14.2594166
CLERIC,46,97,43,29,50,42,166,161,1827,4463,123,662492,1.296024E7,93,20,337.94736842105266,20,187720,612,486,829612969,662410,4028410,923043,534,12.404665555555555,27.77,4.5,14.4434148
CLERIC,46,98,43,30,51,43,168,162,1867,4571,125,675392,1.32021E7,94,20,332.2105263157895,20,189789,618,492,855439771,675337,4101558,943544,925,12.425925,27.9,4.49,14.6281812
CLERIC,46,99,43,30,51,45,169,165,1905,4683,127,688438,1.344642E7,94,20,336.94736842105266,20,191822,624,497,881711670,688403,4175431,964365,320,12.430391944444445,28.04,4.49,14.8137112
CLERIC,46,100,43,30,51,46,173,166,1942,4797,129,701634,1.369248E7,95,20,326.89473684210526,20,193352,631,502,908481508,701563,4249435,985313,154,12.434867777777777,28.26,4.49,15.0
CLERIC,47,1,9,11,8,8,11,7,8,9,0,0,0.0,19,9,95.0,1,0,1,1,0,0,0,0,0,12.019569166666667,9.44,4.92,0.7
CLERIC,47,2,9,12,8,8,12,7,15,15,0,31,780.0,19,9,95.0,1,34,6,5,350,19,304,34,82,12.022219166666666,9.47,4.92,0.7
CLERIC,47,3,9,13,9,8,14,7,31,26,1,217,5220.0,20,9,96.0,1,220,11,11,6460,209,1913,220,12,12.0251675,9.52,4.91,0.7
CLERIC,47,4,9,14,9,8,14,8,38,30,1,589,13800.0,20,10,97.0,1,581,16,19,26250,576,4952,581,42,12.0283675,10.52,4.91,0.8
CLERIC,47,5,9,14,10,8,15,8,46,35,1,1102,25980.0,21,10,115.0,2,1135,21,22,62929,1089,9375,1135,94,12.029286944444445,10.55,4.9,0.8
CLERIC,47,6,10,15,10,8,16,9,62,47,2,1764,41880.0,23,10,102.0,2,1882,26,26,121990,1761,15234,1882,105,12.032865555555556,10.58,4.9,0.9
CLERIC,47,7,10,15,10,9,16,10,70,52,2,2587,61560.0,23,10,119.0,2,2775,30,33,210903,2566,22507,2775,114,12.033959166666667,10.61,4.9,1.0
CLERIC,47,8,10,15,10,9,17,11,78,58,2,3543,84780.0,24,10,121.0,2,3837,36,38,332213,3532,31190,3837,44,12.035090277777778,10.64,4.9,1.1
CLERIC,47,9,10,16,10,9,19,12,93,73,3,4662,111660.0,24,10,125.0,2,5161,43,41,496115,4660,41157,5161,77,12.039173611111112,10.7,4.9,1.2
CLERIC,47,10,10,16,10,9,19,14,99,80,3,5927,142080.0,25,10,134.22222222222223,3,6573,48,47,696971,5908,52477,6573,81,12.040463055555556,10.7,4.9,1.4
CLERIC,47,11,10,17,10,9,19,15,105,87,3,7353,175980.0,26,10,134.0,3,8238,53,53,954207,7333,64955,8238,101,12.044934722222223,10.7,4.9,1.5
CLERIC,47,12,11,17,10,9,20,15,112,95,3,8932,213420.0,26,11,137.0,3,10004,58,58,1276263,8919,78722,10004,125,12.04638138888889,11.73,4.9,1.5
CLERIC,47,13,11,17,11,9,20,18,124,110,4,10647,253860.0,27,11,130.0,3,12007,64,63,1652556,10635,93520,12007,107,12.047854722222223,11.73,4.89,1.8
CLERIC,47,14,11,17,11,10,20,19,130,117,4,12522,297840.0,27,11,144.0,3,14220,68,69,2093372,12498,109576,14220,127,12.049352777777777,11.76,4.89,1.9
CLERIC,47,15,11,17,11,11,21,21,144,132,5,14552,345360.0,28,11,142.0,4,16576,75,74,2624096,14550,126858,16576,67,12.050874166666667,11.82,4.89,2.1
CLERIC,47,16,11,17,12,11,21,22,150,141,5,16733,395940.0,29,11,145.0,4,19065,79,79,3223568,16706,145162,19065,49,12.0524175,11.82,4.88,2.2
CLERIC,47,17,11,17,13,11,21,23,158,148,5,19062,449760.0,29,11,149.66666666666666,4,21752,83,83,3919136,19055,164553,21752,35,12.053981666666667,11.82,4.87,2.3
CLERIC,47,18,11,17,13,12,22,25,171,162,6,21533,506700.0,30,11,153.33333333333334,4,24530,90,87,4681905,21520,185068,24530,204,12.055565277777777,11.88,4.87,2.5
CLERIC,47,19,12,17,13,12,22,26,179,169,6,24167,567240.0,31,11,156.0,4,27504,94,91,5544638,24160,206826,27524,108,12.057167777777778,11.88,4.87,2.6
CLERIC,47,20,12,17,13,14,23,27,192,184,7,26939,630720.0,32,12,171.45454545454547,5,29856,100,99,6497239,26919,229603,30627,54,12.058788055555556,12.98,4.87,2.7
CLERIC,47,21,12,17,13,14,24,28,198,194,7,29873,696900.0,33,12,172.5,5,32266,106,104,7593601,29863,252993,34115,212,12.060425555555556,13.01,4.87,2.8
CLERIC,47,22,12,19,13,14,24,30,213,210,8,32943,766200.0,33,12,170.5,5,34419,111,109,8774016,32932,277532,37698,47,12.07094388888889,13.01,4.87,3.0
CLERIC,47,23,12,20,14,14,24,32,229,227,9,36170,839160.0,34,12,173.5,5,36614,116,113,10088980,36166,303403,41380,193,12.077477222222223,13.01,4.86,3.2
CLERIC,47,24,12,20,14,14,25,33,239,236,9,39545,915000.0,34,12,170.0,5,38946,122,119,11501608,39532,330194,45295,319,12.079525,13.04,4.86,3.3
CLERIC,47,25,13,20,14,15,26,34,254,253,10,43074,994140.0,35,12,187.08333333333334,6,40609,128,123,13058715,43068,358073,49406,172,12.081590833333333,13.11,4.86,3.4
CLERIC,47,26,13,20,14,16,26,35,263,260,10,46754,1076220.0,36,12,180.0,6,42793,132,129,14785812,46743,386865,53623,347,12.083673888888889,13.14,4.86,3.5
CLERIC,47,27,14,20,14,16,27,37,279,280,11,50577,1161480.0,37,13,189.8,6,44962,139,135,16612219,50545,416815,57966,60,12.08577388888889,14.17,4.86,3.7
CLERIC,47,28,14,21,14,16,29,38,298,299,12,54563,1249560.0,38,13,188.2,6,47321,148,141,18620941,54541,447436,62664,304,12.093189444444445,14.24,4.86,3.8
CLERIC,47,29,14,21,14,16,31,38,307,310,12,58702,1340940.0,38,13,194.6,6,49472,155,145,20745988,58683,479213,67498,376,12.095449722222222,14.3,4.86,3.8
CLERIC,47,30,14,21,15,16,31,41,323,331,13,62971,1434900.0,39,13,202.69230769230768,7,51166,161,151,23046080,62939,511787,72551,17,12.097726388888889,14.3,4.85,4.1
CLERIC,47,31,15,21,16,16,31,43,341,351,14,67405,1531680.0,40,13,189.0,7,53491,166,155,25536259,67385,545072,77873,113,12.10001861111111,14.3,4.84,4.281158
CLERIC,47,32,16,21,16,16,31,46,361,368,15,71989,1631820.0,41,13,190.83333333333334,7,55818,172,160,28148531,71972,579619,83333,40,12.102326111111111,14.3,4.84,4.3977122
CLERIC,47,33,16,21,16,16,32,47,372,378,15,76728,1735200.0,42,14,192.16666666666666,7,58200,178,166,30977450,76687,615266,88901,2,12.104648888888889,15.34,4.84,4.5157803
CLERIC,47,34,17,22,16,16,32,49,390,399,16,81614,1840920.0,42,14,192.5,7,59932,183,170,34016519,81601,651370,94882,262,12.113128055555556,15.34,4.84,4.6353337
CLERIC,47,35,17,22,18,16,33,50,409,421,17,86655,1950000.0,43,14,217.07142857142858,8,61651,189,175,37253613,86641,688674,100967,132,12.115614444444445,15.37,4.82,4.7563452
CLERIC,47,36,17,22,19,16,35,51,430,441,18,91845,2061420.0,44,14,200.28571428571428,8,64090,197,183,40655381,91829,726531,107237,252,12.118115555555555,15.44,4.81,4.878789
CLERIC,47,37,18,22,19,17,36,52,447,462,19,97174,2175600.0,45,14,201.42857142857142,8,66510,203,189,44239293,97169,765277,113647,188,12.120630833333333,15.51,4.81,5.0026403
CLERIC,47,38,18,22,19,17,38,52,456,474,19,102678,2293080.0,46,15,208.42857142857142,8,68534,210,190,48019101,102659,805025,120236,292,12.123160277777778,16.57,4.81,5.1278755
CLERIC,47,39,19,22,19,17,40,53,474,497,20,108314,2412480.0,46,15,209.85714285714286,8,70333,217,195,52040238,108271,845116,127226,376,12.125703333333334,16.64,4.81,5.2544721
CLERIC,47,40,19,23,19,17,43,53,496,520,21,114110,2535360.0,47,15,210.25,9,72129,225,199,56236062,114067,886379,134403,237,12.135287222222223,16.75,4.81,5.3
CLERIC,47,41,20,24,19,17,43,55,517,543,22,120058,2660580.0,49,15,211.375,9,74612,231,204,60711639,120036,928101,141746,385,12.145228611111111,16.75,4.81,5.5
CLERIC,47,42,20,24,19,18,43,58,537,567,23,126149,2788740.0,49,15,212.25,9,76991,236,211,65357222,126112,970843,149285,542,12.148095277777777,16.78,4.81,5.6422185
CLERIC,47,43,20,25,19,18,44,60,555,594,24,132397,2919660.0,50,16,215.75,9,78718,243,216,70374969,132384,1014268,157146,14,12.15855611111111,17.82,4.81,5.7740531
CLERIC,47,44,20,25,20,19,46,60,579,619,25,138794,3052800.0,50,16,213.5,9,80497,250,220,75574322,138784,1058129,165395,212,12.161595833333333,17.92,4.8,5.9071494
CLERIC,47,45,20,25,20,20,48,61,600,645,26,145323,3188580.0,51,16,245.25,10,82353,257,225,81006769,145284,1102890,173827,26,12.16465,18.03,4.8,6.0414896
CLERIC,47,46,21,25,21,20,50,61,622,673,27,151992,3326400.0,52,16,228.0,10,85026,264,232,86761846,151965,1148003,182262,169,12.167717777777778,18.1,4.79,6.1
CLERIC,47,47,21,25,22,22,50,64,653,712,29,158813,3467220.0,52,17,238.22222222222223,10,87027,269,236,92728325,158777,1194097,191020,326,12.170799444444445,19.17,4.78,6.3138344
CLERIC,47,48,21,26,22,22,53,64,675,739,30,165784,3609600.0,53,17,225.77777777777777,10,88842,277,242,98918230,165745,1240148,200118,450,12.182274444444445,19.28,4.78,6.4
CLERIC,47,49,21,26,23,22,57,65,707,782,32,172912,3753480.0,53,17,231.22222222222223,10,90694,286,246,105388436,172900,1286052,209272,826,12.1855325,19.43,4.77,6.5
CLERIC,47,50,21,26,23,23,60,65,729,815,33,180183,3896820.0,54,18,259.47058823529414,11,92593,293,252,112105796,180161,1330473,218320,352,12.188804166666667,20.58,4.77,6.5
CLERIC,47,51,21,27,24,24,60,68,760,862,35,187601,4041720.0,55,18,232.2,11,95228,299,256,119069071,187559,1374860,227635,424,12.20098861111111,20.62,4.76,6.8
CLERIC,47,52,22,27,24,24,61,70,783,897,36,195173,4191240.0,56,18,233.0,11,97326,305,260,126443492,195149,1421364,237576,3,12.204439722222222,20.65,4.76,7.0
CLERIC,47,53,22,27,25,24,64,72,818,943,38,202891,4341540.0,57,19,248.0,11,99166,313,265,134033913,202877,1467319,247334,403,12.207904166666667,21.77,4.75,7.1590689
CLERIC,47,54,22,27,26,24,65,74,841,974,39,210757,4493160.0,57,19,246.9,11,101012,320,270,142057318,210743,1513113,257455,19,12.211381944444444,21.8,4.74,7.3039043
CLERIC,47,55,22,28,27,24,67,76,876,1025,41,218779,4646580.0,58,19,242.0909090909091,12,102933,327,277,150264026,218723,1559033,267507,609,12.224458055555555,21.88,4.73,7.4498371
CLERIC,47,56,23,28,27,24,70,76,902,1059,42,226950,4801800.0,59,19,249.72727272727272,12,105580,334,284,158916609,226901,1605078,277643,441,12.228118333333333,21.99,4.73,7.5968548
CLERIC,47,57,23,29,27,25,71,79,937,1107,44,235265,4964400.0,59,20,254.27272727272728,12,107520,340,288,167869750,235220,1655271,289173,414,12.241761111111112,23.07,4.73,7.7449458
CLERIC,47,58,23,30,27,25,72,83,974,1158,46,243742,5130060.0,60,20,244.1818181818182,12,109468,347,293,177108974,243716,1706365,301028,890,12.255804166666667,23.11,4.73,7.8940983
CLERIC,47,59,23,30,27,26,75,83,1000,1197,47,252368,5298600.0,60,20,256.0,12,111428,354,297,186720921,252356,1758340,313108,686,12.259823333333333,23.26,4.73,8.0443013
CLERIC,47,60,24,30,28,26,78,84,1039,1255,49,261135,5469060.0,62,20,288.7368421052632,13,113493,361,302,196627531,261115,1810669,325484,278,12.26385638888889,23.38,4.72,8.1955438
CLERIC,47,61,24,30,28,26,81,87,1078,1314,51,270057,5641500.0,63,20,252.83333333333334,13,115852,369,305,206957955,270043,1863188,337890,845,12.267903055555555,23.5,4.72,8.3478151
CLERIC,47,62,24,30,30,26,82,90,1113,1375,53,278737,5809320.0,63,20,253.58333333333334,13,117697,376,312,217066883,278674,1914441,349942,914,12.271963055555556,23.54,4.7,8.5011051
CLERIC,47,63,25,30,30,26,84,91,1137,1416,54,287821,5984940.0,64,20,271.0833333333333,13,119620,382,316,228060037,287809,1968063,362631,628,12.276036666666666,23.62,4.7,8.6554035
CLERIC,47,64,25,30,30,28,85,94,1175,1477,56,297058,6162480.0,64,20,261.9166666666667,13,121592,389,319,239339486,297025,2021920,375558,726,12.280123333333334,23.73,4.7,8.8107007
CLERIC,47,65,25,31,31,28,88,95,1212,1542,58,306437,6342420.0,65,20,300.65,14,123579,396,325,251027302,306433,2076391,388716,25,12.295629444444444,23.85,4.69,8.9669871
CLERIC,47,66,26,31,31,28,88,100,1247,1607,60,315966,6523800.0,67,20,267.53846153846155,14,125632,402,331,263123246,315900,2130821,401953,95,12.299906944444444,23.85,4.69,9.1242533
CLERIC,47,67,26,32,31,28,91,102,1285,1669,62,325559,6706980.0,67,20,275.9230769230769,14,127505,409,335,275530346,325548,2185950,415208,13,12.316010833333333,23.97,4.69,9.2824904
CLERIC,47,68,26,32,32,29,92,103,1308,1712,63,334926,6885000.0,68,20,276.6923076923077,14,129368,415,341,287765344,334861,2239302,428312,796,12.320481666666666,24.05,4.68,9.4416894
CLERIC,47,69,28,33,32,29,94,104,1345,1783,65,344660,7070580.0,69,20,269.7692307692308,14,131283,422,346,300821952,344648,2295131,441812,428,12.33719,24.13,4.68,9.6018417
CLERIC,47,70,28,34,33,29,96,106,1386,1850,67,354550,7258680.0,70,20,316.0,15,133237,429,352,314217092,354515,2351632,455652,158,12.354325,24.22,4.67,9.7629389
CLERIC,47,71,28,34,33,29,101,107,1427,1919,69,364581,7448100.0,71,20,284.5,15,135494,436,359,328049186,364525,2408018,469532,744,12.359176111111111,24.42,4.67,9.9249728
CLERIC,47,72,29,35,33,29,103,109,1468,1991,71,374766,7640340.0,71,20,283.7142857142857,15,137378,443,364,342310825,374749,2465172,483620,418,12.376926666666666,24.5,4.67,10.0879352
CLERIC,47,73,29,37,33,29,104,112,1513,2062,73,384675,7828440.0,72,20,273.85714285714283,15,139259,450,368,356218842,384618,2521620,497564,893,12.408318055555556,24.54,4.67,10.2518183
CLERIC,47,74,30,38,34,29,105,114,1559,2135,75,395024,8031000.0,73,20,282.2857142857143,15,141281,456,372,371173909,395011,2584866,512963,489,12.427186944444445,24.58,4.66,10.4166145
CLERIC,47,75,30,39,34,29,106,118,1603,2207,77,405510,8234700.0,74,20,320.09090909090907,16,143368,462,376,386375454,405450,2648017,528731,185,12.446495833333334,24.62,4.66,10.5823161
CLERIC,47,76,31,39,34,29,110,119,1651,2281,79,416151,8440380.0,75,20,297.93333333333334,16,145726,470,381,401999752,416106,2711327,544452,329,12.452294722222222,24.79,4.66,10.7489159
CLERIC,47,77,31,39,36,29,112,121,1701,2357,81,426945,8648040.0,75,20,289.26666666666665,16,147730,476,385,418281667,426906,2774927,560499,313,12.458109444444444,24.87,4.64,10.9164066
CLERIC,47,78,31,39,37,29,116,122,1747,2436,83,437416,8849940.0,76,20,295.26666666666665,16,149586,483,391,434312931,437406,2837074,576037,234,12.463939166666666,25.04,4.63,11.0847812
CLERIC,47,79,31,39,37,29,119,125,1793,2518,85,448277,9058500.0,76,20,295.93333333333334,16,151606,491,399,451059002,448274,2900981,592223,362,12.469784444444445,25.16,4.63,11.2540328
CLERIC,47,80,32,39,38,29,120,128,1840,2597,87,459285,9269820.0,78,20,337.82608695652175,17,153659,497,404,468272811,459228,2965770,608718,75,12.475644444444445,25.2,4.62,11.4241545
CLERIC,47,81,33,39,38,30,123,129,1889,2677,89,470440,9482340.0,79,20,302.1875,17,155706,504,407,486132185,470382,3030318,625167,146,12.481519166666667,25.37,4.62,11.5951398
CLERIC,47,82,35,39,39,30,124,131,1938,2758,91,481741,9697140.0,80,20,305.3125,17,157657,510,413,504313514,481692,3095365,641952,1083,12.487408888888888,25.41,4.61,11.7669823
CLERIC,47,83,35,41,40,30,125,133,1983,2839,93,492762,9907080.0,81,20,299.625,17,159523,516,420,522299547,492732,3159216,658258,1065,12.523824444444445,25.46,4.6,11.9396754
CLERIC,47,84,35,41,40,32,127,135,2033,2923,95,504216,1.012476E7,81,20,302.75,17,161470,523,425,541223236,504153,3225342,675115,137,12.530108888888888,25.63,4.6,12.113213
CLERIC,47,85,35,42,40,32,128,139,2081,3008,97,515830,1.034592E7,82,20,341.4583333333333,18,163453,529,429,560759482,515817,3292632,692297,130,12.552146666666667,25.67,4.6,12.287589
CLERIC,47,86,36,42,41,33,130,140,2130,3095,99,527589,1.056756E7,84,20,307.0,18,165523,536,432,580711769,527583,3359183,709456,210,12.558646666666666,25.8,4.59,12.4627973
CLERIC,47,87,38,42,41,33,132,142,2177,3185,101,539506,1.079118E7,85,20,306.4117647058824,18,167482,542,437,601147196,539427,3426088,727035,649,12.565162222222222,25.88,4.59,12.6388321
CLERIC,47,88,38,42,42,33,135,144,2228,3271,103,551017,1.101024E7,86,20,316.4117647058824,18,169395,549,440,621280592,550987,3492849,744463,117,12.571692777777777,26.01,4.58,12.8156876
CLERIC,47,89,39,42,42,33,139,145,2277,3365,105,562981,1.124172E7,86,20,313.52941176470586,18,171557,556,446,642305565,562941,3565060,763465,402,12.578238333333333,26.18,4.58,12.9933581
CLERIC,47,90,40,42,43,33,144,146,2343,3490,108,575093,1.147542E7,88,20,313.6666666666667,19,173542,564,452,664118154,575025,3637767,782713,1300,12.584798888888889,26.4,4.57,13.1718381
CLERIC,47,91,42,42,43,33,148,146,2395,3586,110,587342,1.17102E7,90,20,325.8888888888889,19,175705,571,457,686471096,587257,3710239,801916,1541,12.591374166666666,26.57,4.57,13.351122
CLERIC,47,92,43,42,43,34,152,146,2447,3685,112,599613,1.19454E7,90,20,319.77777777777777,19,177725,577,461,709378786,599587,3782794,821252,458,12.59796388888889,26.79,4.57,13.5312046
CLERIC,47,93,44,43,43,34,155,147,2501,3786,114,611793,1.217826E7,92,20,325.8888888888889,19,179791,584,466,732119064,611764,3854440,840633,394,12.6218825,26.92,4.57,13.7120804
CLERIC,47,94,46,44,43,34,155,150,2550,3886,116,624362,1.241838E7,93,20,328.72222222222223,19,181900,590,471,755970586,624315,3928286,860619,855,12.64627638888889,26.92,4.57,13.8937444
CLERIC,47,95,46,46,43,34,158,151,2601,3987,118,637073,1.266018E7,94,20,323.7368421052632,20,183469,597,476,780337749,637056,4002192,880918,747,12.689084166666667,27.05,4.57,14.0761915
CLERIC,47,96,46,47,45,35,160,153,2671,4127,121,649936,1.290426E7,95,20,338.4736842105263,20,185670,603,482,805281498,649934,4076583,901175,98,12.714706944444444,27.19,4.55,14.2594166
CLERIC,47,97,47,47,45,36,163,154,2721,4233,123,662443,1.314084E7,95,20,340.05263157894734,20,187668,610,486,829850503,662379,4148618,920814,577,12.722330555555555,27.36,4.55,14.4434148
CLERIC,47,98,48,49,45,36,164,156,2773,4338,125,675345,1.338402E7,97,20,334.2631578947368,20,189668,616,490,855429969,675289,4222253,941132,289,12.767402222222222,27.41,4.55,14.6281812
CLERIC,47,99,49,50,46,36,165,158,2829,4444,127,688393,1.363014E7,97,20,334.7894736842105,20,191698,623,496,881852337,688384,4296871,961684,670,12.794479166666667,27.45,4.54,14.8137112
CLERIC,47,100,50,50,46,36,169,159,2886,4551,129,701586,1.387842E7,99,20,324.7894736842105,20,193328,630,502,908339785,701495,4372090,982465,186,12.802741666666666,27.63,4.54,15.0
CLERIC,48,1,4,8,17,7,8,10,7,8,0,0,0.0,17,9,95.0,1,0,1,1,0,0,0,0,0,12.013353888888888,9.33,4.83,1.0
CLERIC,48,2,4,8,17,7,9,11,10,14,0,28,720.0,17,9,95.0,1,32,5,7,310,17,286,32,66,12.013658888888889,9.36,4.83,1.1
CLERIC,48,3,4,9,17,7,12,11,21,25,1,210,4860.0,18,9,96.0,1,202,11,13,6530,204,1721,202,0,12.016188055555556,9.44,4.83,1.1
CLERIC,48,4,4,9,17,7,14,11,28,30,1,582,13680.0,18,10,97.0,1,581,17,19,26204,564,4935,581,66,12.01669388888889,10.5,4.83,1.1
CLERIC,48,5,4,9,17,7,14,13,32,36,1,1088,25560.0,19,10,115.0,2,1122,22,22,62169,1086,9196,1122,10,12.017235,10.5,4.83,1.3
CLERIC,48,6,4,9,17,7,17,14,43,48,2,1750,41160.0,20,10,102.0,2,1841,29,26,122960,1732,14878,1841,49,12.017804166666666,10.58,4.83,1.4
CLERIC,48,7,4,10,17,7,18,14,48,53,2,2574,60480.0,20,10,119.0,2,2728,34,31,213380,2572,21855,2728,42,12.02087611111111,10.61,4.83,1.4
CLERIC,48,8,4,10,17,7,19,15,52,61,2,3543,83340.0,21,10,121.0,2,3826,40,37,330869,3532,30189,3826,132,12.021571388888889,10.64,4.83,1.5
CLERIC,48,9,4,11,17,7,20,17,62,74,3,4657,109380.0,21,11,124.0,2,5082,46,43,490187,4645,39613,5082,141,12.024987222222222,11.67,4.83,1.7
CLERIC,48,10,5,11,17,7,21,17,69,80,3,5930,139440.0,22,11,134.22222222222223,3,6564,52,48,697734,5926,50601,6564,73,12.02581,11.7,4.83,1.7
CLERIC,48,11,5,11,17,8,21,18,73,87,3,7359,171780.0,23,11,126.5,3,8086,57,53,954059,7356,61956,8086,25,12.02665111111111,11.73,4.83,1.8
CLERIC,48,12,5,12,17,8,21,19,77,94,3,8941,208380.0,23,11,137.0,3,9919,62,57,1262095,8920,75135,9919,149,12.030536666666666,11.73,4.83,1.9
CLERIC,48,13,5,12,18,8,22,21,88,109,4,10662,247740.0,24,11,129.5,3,11824,68,65,1637590,10645,89138,11824,151,12.031506666666667,11.76,4.82,2.1
CLERIC,48,14,5,12,19,8,23,21,94,118,4,12544,290940.0,24,11,133.0,3,13879,74,69,2090268,12541,104583,13879,87,12.032493055555555,11.79,4.81,2.1
CLERIC,48,15,5,12,20,8,25,22,105,136,5,14571,338040.0,25,12,141.33333333333334,4,16207,80,74,2597630,14557,121675,16207,147,12.033494722222223,12.85,4.8,2.2
CLERIC,48,16,5,13,20,8,26,22,113,144,5,16746,387840.0,26,12,153.0,4,18816,86,78,3201410,16732,139509,18816,173,12.03799,12.88,4.8,2.2
CLERIC,48,17,5,14,20,8,27,22,121,152,5,19075,439980.0,26,12,151.33333333333334,4,21458,91,84,3891611,19072,157781,21458,75,12.042762222222223,12.91,4.8,2.2
CLERIC,48,18,7,14,20,8,29,22,137,167,6,21546,494520.0,28,12,155.0,4,24199,98,90,4666971,21536,176651,24199,92,12.044016666666666,12.98,4.8,2.2
CLERIC,48,19,7,14,21,8,29,23,144,175,6,24174,552720.0,28,12,163.33333333333334,4,27074,103,94,5530062,24168,196881,27074,156,12.04528611111111,12.98,4.79,2.3
CLERIC,48,20,7,14,21,9,29,26,154,193,7,26944,614700.0,29,12,161.5,5,29617,109,100,6494723,26940,218677,30201,178,12.046569722222221,13.01,4.79,2.6
CLERIC,48,21,7,14,21,9,30,27,162,202,7,29875,679980.0,30,12,172.75,5,32255,115,105,7560946,29869,241552,33605,80,12.047866944444445,13.04,4.79,2.7
CLERIC,48,22,8,14,21,9,31,29,175,219,8,32950,748860.0,31,13,170.25,5,34335,121,109,8735664,32924,265903,37154,203,12.049177222222223,14.07,4.79,2.9
CLERIC,48,23,8,14,22,9,33,30,188,238,9,36177,820320.0,32,13,173.25,5,36695,128,113,10023745,36148,290853,41087,117,12.0505,14.14,4.78,3.0
CLERIC,48,24,8,14,22,9,34,31,196,248,9,39554,895500.0,32,13,181.25,5,39193,134,116,11462630,39540,317270,45216,263,12.051834722222223,14.17,4.78,3.1
CLERIC,48,25,10,14,22,9,34,33,208,268,10,43084,973740.0,34,13,176.0,6,41030,140,124,13026810,43060,344676,49449,280,12.05318138888889,14.17,4.78,3.3
CLERIC,48,26,10,14,22,9,34,35,213,278,10,46768,1053660.0,35,13,180.4,6,43177,145,129,14747708,46766,372047,53655,187,12.054539166666666,14.17,4.78,3.5
CLERIC,48,27,10,15,23,9,35,36,228,297,11,50590,1138020.0,35,13,179.0,6,45478,151,133,16569988,50581,401559,58222,184,12.060733611111111,14.2,4.77,3.6
CLERIC,48,28,10,15,23,9,36,39,245,315,12,54570,1224000.0,36,14,181.2,6,47779,158,140,18563232,54536,430979,62759,4,12.062231944444445,15.24,4.77,3.9
CLERIC,48,29,10,15,24,9,36,40,251,326,12,58712,1311360.0,36,14,190.8,6,49673,163,147,20713808,58697,460066,67450,76,12.06374138888889,15.24,4.76,4.0
CLERIC,48,30,10,16,24,9,37,42,264,344,13,62997,1404600.0,37,14,202.6153846153846,7,51431,169,150,23034886,62982,492249,72705,249,12.070516666666666,15.27,4.76,4.1661477
CLERIC,48,31,10,16,24,10,39,43,279,365,14,67433,1498500.0,38,14,189.5,7,53725,176,156,25513379,67400,523726,77863,245,12.072170833333333,15.37,4.76,4.281158
CLERIC,48,32,10,16,24,10,40,46,294,387,15,72014,1595760.0,38,14,190.5,7,56105,183,161,28198223,71998,556433,83364,696,12.073835833333334,15.4,4.76,4.3977122
CLERIC,48,33,10,17,24,10,40,47,300,398,15,76749,1697580.0,39,15,198.83333333333334,7,58274,188,164,31045286,76748,591168,89130,130,12.08121,16.4,4.76,4.5157803
CLERIC,48,34,12,17,24,10,41,48,313,422,16,81634,1798800.0,40,15,203.5,7,59907,194,174,34086290,81623,624322,94905,1400,12.083023611111111,16.44,4.76,4.6353337
CLERIC,48,35,12,18,24,11,42,49,326,442,17,86672,1902000.0,41,15,222.14285714285714,8,61586,200,177,37280823,86663,657670,100673,92,12.0908725,16.51,4.76,4.7563452
CLERIC,48,36,12,18,24,12,44,50,341,466,18,91864,2009520.0,42,15,213.71428571428572,8,63948,207,182,40671361,91829,692924,106787,144,12.092838333333333,16.61,4.76,4.878789
CLERIC,48,37,12,18,25,13,44,52,357,489,19,97195,2119920.0,42,15,215.42857142857142,8,66356,212,186,44226935,97163,729125,113160,464,12.094815277777778,16.64,4.75,5.0026403
CLERIC,48,38,12,18,25,13,44,54,366,499,19,102698,2236440.0,43,15,202.42857142857142,8,68327,218,189,48076269,102665,768347,120063,380,12.096803333333334,16.64,4.75,5.1278755
CLERIC,48,39,12,19,26,13,46,54,382,522,20,108330,2355120.0,43,16,209.57142857142858,8,70047,224,195,52063227,108298,808149,126973,468,12.105425,17.71,4.74,5.2544721
CLERIC,48,40,12,19,26,14,47,56,397,545,21,114127,2474220.0,44,16,233.06666666666666,9,71852,231,202,56320347,114103,846933,134172,485,12.107569166666666,17.78,4.74,5.3824085
CLERIC,48,41,12,19,26,14,49,58,416,568,22,120072,2594760.0,45,16,211.125,9,74319,238,206,60816761,120043,885592,141401,269,12.109724444444444,17.85,4.74,5.5116639
CLERIC,48,42,12,20,27,14,50,59,433,595,23,126162,2718360.0,45,16,217.0,9,76807,244,210,65531870,126118,925313,148862,338,12.118993611111112,17.89,4.73,5.6422185
CLERIC,48,43,13,20,27,14,51,61,452,618,24,132415,2846100.0,46,17,212.75,9,78679,251,216,70512672,132373,966722,156552,398,12.121308333333333,18.92,4.73,5.7740531
CLERIC,48,44,13,20,27,14,53,63,471,644,25,138804,2973420.0,46,17,226.875,9,80441,258,220,75727912,138767,1006764,164316,108,12.123634166666667,18.99,4.73,5.9071494
CLERIC,48,45,13,21,27,14,53,66,488,670,26,145334,3102900.0,47,17,220.88888888888889,10,82167,264,226,81187134,145299,1047237,172224,634,12.13356638888889,18.99,4.73,6.0414896
CLERIC,48,46,14,22,27,14,54,67,507,697,27,152001,3235560.0,49,17,227.77777777777777,10,84715,270,230,86889943,151975,1088907,180322,489,12.14386611111111,19.03,4.73,6.1770568
CLERIC,48,47,15,22,28,14,54,71,531,741,29,158819,3369600.0,49,17,231.44444444444446,10,86913,276,237,92838074,158786,1130461,188541,126,12.146509444444444,19.03,4.72,6.3138344
CLERIC,48,48,15,22,28,14,54,75,549,767,30,165794,3506220.0,50,18,223.44444444444446,10,88614,282,240,99051900,165756,1172608,196860,510,12.149164444444445,20.03,4.72,6.4518067
CLERIC,48,49,17,23,28,14,55,77,574,811,32,172918,3645840.0,51,18,228.77777777777777,10,90344,288,245,105593522,172902,1215723,205754,606,12.160149444444444,20.07,4.72,6.5909583
CLERIC,48,50,17,24,29,14,56,78,592,838,33,180184,3787260.0,52,18,261.70588235294116,11,92100,294,250,112378050,180144,1259042,214728,196,12.171513055555556,20.1,4.71,6.7312744
CLERIC,48,51,18,24,30,14,58,80,625,877,35,187606,3930960.0,54,18,233.6,11,94697,302,256,119501411,187580,1302832,223806,852,12.174497222222222,20.17,4.7,6.8727407
CLERIC,48,52,18,24,30,16,59,81,644,905,36,195178,4076640.0,54,18,242.8,11,96983,308,260,126882435,195140,1346926,232975,447,12.177493333333333,20.28,4.7,7.0153434
CLERIC,48,53,18,24,32,17,61,82,677,948,38,202898,4224420.0,55,19,247.8,11,98778,314,265,134475411,202862,1391372,242584,895,12.180501111111111,21.39,4.68,7.1590689
CLERIC,48,54,18,24,32,18,63,83,698,977,39,210767,4375260.0,55,19,246.6,11,100552,321,273,142355161,210727,1436915,252444,875,12.183520833333333,21.5,4.68,7.3039043
CLERIC,48,55,18,24,33,19,66,84,729,1025,41,218791,4527720.0,56,19,276.44444444444446,12,102424,328,278,150604919,218757,1482392,262626,61,12.186551666666666,21.65,4.67,7.4498371
CLERIC,48,56,18,26,33,19,66,86,747,1059,42,226968,4682940.0,57,20,243.9090909090909,12,105021,334,284,159251203,226933,1528712,272839,257,12.208707777777779,22.65,4.67,7.5968548
CLERIC,48,57,18,27,34,19,70,86,780,1108,44,235282,4845060.0,57,20,248.63636363636363,12,107152,342,289,168272175,235255,1578946,284335,194,12.22189388888889,22.8,4.66,7.7449458
CLERIC,48,58,19,27,34,20,74,86,817,1161,46,243758,5010120.0,58,20,247.72727272727272,12,109083,349,292,177608105,243748,1630001,296212,210,12.225423333333334,22.99,4.66,7.8940983
CLERIC,48,59,19,27,34,21,76,87,840,1195,47,252384,5177520.0,58,20,248.63636363636363,12,111121,356,300,187221848,252332,1681610,308314,290,12.228965,23.11,4.66,8.0443013
CLERIC,48,60,21,27,34,22,77,89,873,1250,49,261151,5347920.0,60,20,282.6842105263158,13,113166,362,303,197229883,261121,1734210,320637,190,12.232518888888888,23.19,4.66,8.1955438
CLERIC,48,61,21,29,35,22,78,91,906,1308,51,270074,5519760.0,61,20,264.5,13,115874,368,307,207563387,270061,1786652,333069,273,12.257222777777777,23.22,4.65,8.3478151
CLERIC,48,62,22,29,36,23,80,92,940,1365,53,278750,5687040.0,62,20,257.0,13,117716,375,312,217823610,278733,1837866,345097,161,12.26112111111111,23.34,4.64,8.5011051
CLERIC,48,63,22,29,38,23,81,93,963,1405,54,287837,5861460.0,63,20,264.3333333333333,13,119667,381,318,228726269,287785,1891090,357765,531,12.265032222222223,23.38,4.62,8.6554035
CLERIC,48,64,24,30,38,23,82,95,1000,1461,56,297068,6038400.0,64,20,265.1666666666667,13,121594,387,324,240101270,297046,1945043,370686,513,12.280123333333334,23.42,4.62,8.8107007
CLERIC,48,65,25,30,38,25,84,96,1041,1520,58,306458,6218040.0,65,20,297.6,14,123530,394,330,251831005,306454,1999697,383731,840,12.284223055555556,23.58,4.62,8.9669871
CLERIC,48,66,25,30,39,26,85,99,1075,1582,60,315987,6399180.0,66,20,276.84615384615387,14,125705,400,333,263882532,315944,2054451,397008,374,12.288335555555555,23.66,4.61,9.1242533
CLERIC,48,67,25,30,39,27,88,101,1115,1642,62,325575,6581340.0,66,20,268.3076923076923,14,127578,408,338,276118917,325514,2109489,410283,201,12.292460555555556,23.81,4.61,9.2824904
CLERIC,48,68,25,31,39,27,89,103,1139,1685,63,334945,6759840.0,67,20,275.15384615384613,14,129474,414,342,288482504,334886,2163600,423196,966,12.308501388888889,23.85,4.61,9.4416894
CLERIC,48,69,26,31,39,28,91,105,1176,1750,65,344682,6945420.0,68,20,264.15384615384613,14,131477,421,346,301516192,344668,2219873,436626,544,12.312818055555555,23.97,4.61,9.6018417
CLERIC,48,70,26,31,41,29,93,106,1213,1818,67,354573,7132440.0,69,20,316.04761904761904,15,133439,427,353,314814211,354528,2276081,450445,265,12.3171475,24.09,4.59,9.7629389
CLERIC,48,71,26,32,41,30,93,110,1252,1881,69,364602,7321440.0,70,20,276.0,15,135604,434,357,328538684,364533,2332744,464242,714,12.333973888888888,24.13,4.59,9.9249728
CLERIC,48,72,27,32,41,31,94,113,1290,1949,71,374786,7512840.0,70,20,273.7142857142857,15,137453,440,362,342911857,374753,2389875,478254,79,12.338497222222221,24.22,4.59,10.0879352
CLERIC,48,73,27,32,43,31,95,116,1328,2019,73,384694,7700460.0,71,20,280.14285714285717,15,139277,446,369,356814080,384633,2446574,492145,447,12.34303361111111,24.26,4.57,10.2518183
CLERIC,48,74,28,33,43,32,96,118,1363,2090,75,395045,7901160.0,72,20,278.0,15,141322,453,373,371645744,394989,2509242,507663,1033,12.360656944444445,24.34,4.57,10.4166145
CLERIC,48,75,29,34,44,32,97,120,1404,2160,77,405531,8104500.0,73,20,330.09090909090907,16,143419,459,377,386895451,405501,2572745,523424,537,12.378716666666667,24.38,4.56,10.5823161
CLERIC,48,76,30,34,46,32,99,121,1444,2233,79,416171,8308860.0,75,20,283.26666666666665,16,145677,466,382,402651289,416107,2635957,539038,7,12.383635555555555,24.46,4.54,10.7489159
CLERIC,48,77,31,34,47,32,102,122,1484,2308,81,426962,8516400.0,75,20,283.93333333333334,16,147659,473,386,418868073,426907,2700410,554960,118,12.3885675,24.58,4.53,10.9164066
CLERIC,48,78,31,35,47,33,105,123,1526,2380,83,437433,8717340.0,76,20,292.6,16,149567,479,391,434902419,437407,2762649,570451,863,12.40744138888889,24.75,4.53,11.0847812
CLERIC,48,79,31,36,47,33,108,125,1568,2453,85,448299,8925780.0,76,20,291.93333333333334,16,151597,487,396,451806747,448275,2827202,586496,664,12.426760277777777,24.87,4.53,11.2540328
CLERIC,48,80,31,36,47,34,112,126,1616,2531,87,459305,9136080.0,77,20,330.8695652173913,17,153597,494,402,469120311,459295,2892008,602955,370,12.43208361111111,25.08,4.53,11.4241545
CLERIC,48,81,32,36,48,34,114,128,1658,2613,89,470459,9347880.0,79,20,300.875,17,155602,500,405,486704532,470383,2956807,619444,552,12.437420555555555,25.16,4.52,11.5951398
CLERIC,48,82,32,36,49,34,116,131,1700,2697,91,481755,9562500.0,79,20,305.25,17,157527,507,410,505164064,481680,3022568,636118,793,12.442770833333332,25.25,4.51,11.7669823
CLERIC,48,83,32,38,49,35,118,132,1747,2779,93,492775,9771960.0,80,20,305.875,17,159433,514,417,523240267,492740,3086828,652332,725,12.478173333333332,25.37,4.51,11.9396754
CLERIC,48,84,32,38,49,36,120,135,1792,2859,95,504234,9988980.0,80,20,298.9375,17,161391,521,422,542114926,504180,3153149,669319,545,12.483910277777778,25.5,4.51,12.113213
CLERIC,48,85,32,40,49,37,122,136,1838,2946,97,515850,1.020852E7,81,20,343.875,18,163363,527,427,561774842,515780,3220061,686556,336,12.5207475,25.63,4.51,12.287589
CLERIC,48,86,34,40,49,38,124,137,1886,3033,99,527611,1.042938E7,83,20,316.47058823529414,18,165564,533,432,581890034,527565,3286762,703703,986,12.526878055555555,25.75,4.51,12.4627973
CLERIC,48,87,34,41,49,38,126,140,1931,3120,101,539528,1.065216E7,83,20,308.8235294117647,18,167506,540,439,602631148,539517,3353660,721194,795,12.549053333333333,25.84,4.51,12.6388321
CLERIC,48,88,34,41,50,39,129,141,1981,3208,103,551038,1.086972E7,84,20,307.0,18,169413,547,442,622798641,550971,3420111,738595,609,12.555397777777777,26.01,4.5,12.8156876
CLERIC,48,89,35,41,51,39,130,144,2026,3301,105,563002,1.11003E7,84,20,305.29411764705884,18,171517,553,446,644123837,562983,3492297,757597,94,12.561756666666666,26.05,4.49,12.9933581
CLERIC,48,90,37,41,51,40,133,146,2089,3421,108,575112,1.133382E7,86,20,353.64,19,173499,560,452,665769962,575045,3565632,776777,268,12.568130277777778,26.23,4.49,13.1718381
CLERIC,48,91,38,41,53,40,133,149,2131,3517,110,587367,1.156836E7,88,20,320.3333333333333,19,175691,567,457,688292842,587356,3638547,795939,1160,12.574518055555556,26.23,4.47,13.351122
CLERIC,48,92,38,42,53,40,135,152,2176,3609,112,599633,1.18023E7,88,20,328.6666666666667,19,177717,573,461,710959703,599588,3711172,815248,190,12.59796388888889,26.31,4.47,13.5312046
CLERIC,48,93,39,42,55,40,136,154,2226,3704,114,611816,1.203462E7,89,20,330.3333333333333,19,179716,580,466,733572307,611732,3783302,834503,1010,12.604568333333333,26.36,4.45,13.7120804
CLERIC,48,94,40,42,56,40,138,156,2277,3796,116,624379,1.227372E7,90,20,330.94444444444446,19,181746,586,472,757117255,624295,3857529,854400,379,12.611187222222222,26.44,4.44,13.8937444
CLERIC,48,95,43,42,56,40,140,157,2326,3893,118,637094,1.251534E7,92,20,364.84615384615387,20,183490,593,475,781411668,637038,3932428,874381,420,12.61782,26.53,4.44,14.0761915
CLERIC,48,96,44,43,56,42,141,160,2391,4024,121,649960,1.275852E7,94,20,333.2105263157895,20,185552,599,482,806352529,649892,4007335,894424,1620,12.642351388888889,26.66,4.44,14.2594166
CLERIC,48,97,45,44,56,43,144,160,2441,4118,123,662462,1.299456E7,94,20,330.57894736842104,20,187525,606,486,830747000,662394,4079952,913983,540,12.6673625,26.83,4.44,14.4434148
CLERIC,48,98,46,44,56,44,148,160,2489,4220,125,675365,1.323786E7,96,20,324.5263157894737,20,189543,613,492,856458511,675358,4154639,934133,304,12.674420833333333,27.05,4.44,14.6281812
CLERIC,48,99,46,45,56,45,149,163,2537,4324,127,688413,1.348272E7,96,20,324.4736842105263,20,191606,619,496,882448384,688318,4229452,954654,233,12.700121666666666,27.14,4.44,14.8137112
CLERIC,48,100,46,46,56,45,151,166,2586,4428,129,701612,1.373076E7,97,20,330.0,20,193246,626,502,909408862,701566,4305270,975431,920,12.726308611111111,27.23,4.44,15.0
CLERIC,49,1,12,11,9,10,10,9,8,10,0,0,0.0,21,9,95.0,1,0,1,1,0,0,0,0,0,12.019569166666667,9.47,4.91,0.9
CLERIC,49,2,12,12,9,10,11,9,15,16,0,29,780.0,21,9,95.0,1,33,6,3,340,21,323,33,94,12.022219166666666,9.5,4.91,0.9
CLERIC,49,3,12,12,10,10,13,10,30,26,1,213,5100.0,22,10,96.0,1,211,11,13,6940,210,1870,211,12,12.0228625,10.55,4.9,1.0
CLERIC,49,4,12,12,10,10,13,12,37,30,1,575,13620.0,22,10,98.0,1,620,16,17,26493,562,4959,620,94,12.023576666666667,10.55,4.9,1.2
CLERIC,49,5,12,12,10,11,13,13,44,34,1,1076,25680.0,23,10,115.0,2,1186,21,22,61744,1068,9416,1186,22,12.024340833333333,10.58,4.9,1.3
CLERIC,49,6,12,13,10,11,13,16,54,48,2,1736,41220.0,24,10,102.0,2,1901,26,29,121063,1735,15057,1901,13,12.027679722222222,10.58,4.9,1.6
CLERIC,49,7,13,13,10,11,14,16,60,56,2,2557,60420.0,24,10,118.0,2,2780,31,33,207854,2551,22000,2780,34,12.028601111111112,10.61,4.9,1.6
CLERIC,49,8,13,13,10,11,15,17,67,62,2,3526,83820.0,25,10,121.0,2,3898,37,37,330710,3511,30731,3898,20,12.029553611111112,10.64,4.9,1.7
CLERIC,49,9,14,13,10,12,17,17,79,75,3,4658,110640.0,26,10,124.0,2,5138,43,42,492284,4636,40579,5138,181,12.03053388888889,10.73,4.9,1.7
CLERIC,49,10,14,13,10,12,19,17,85,83,3,5932,141120.0,27,11,134.22222222222223,3,6624,50,47,695153,5910,51884,6624,41,12.031538888888889,11.79,4.9,1.7
CLERIC,49,11,14,13,10,13,19,18,90,91,3,7368,175020.0,28,11,134.5,3,8344,55,52,952678,7341,64314,8344,29,12.032566666666666,11.82,4.9,1.8
CLERIC,49,12,14,14,10,13,20,18,96,97,3,8960,212580.0,28,11,127.0,3,10207,60,58,1273396,8937,78092,10207,65,12.036741666666666,11.85,4.9,1.8
CLERIC,49,13,15,14,11,13,21,19,107,115,4,10688,252960.0,29,11,130.0,3,12200,66,64,1657644,10673,92767,12200,163,12.03790888888889,11.88,4.89,1.9
CLERIC,49,14,15,14,11,13,21,21,114,121,4,12571,297240.0,29,11,137.0,3,14350,71,69,2103141,12558,108987,14350,147,12.039095555555555,11.88,4.89,2.1
CLERIC,49,15,15,14,11,14,24,21,128,139,5,14596,344520.0,30,11,152.2,4,16684,79,72,2627602,14588,126192,16684,67,12.040300833333333,12.01,4.89,2.1
CLERIC,49,16,15,14,12,14,25,21,136,147,5,16771,394560.0,31,11,148.66666666666666,4,19179,84,79,3212156,16748,144183,19179,173,12.041523333333334,12.04,4.88,2.1
CLERIC,49,17,15,14,12,15,25,22,143,154,5,19095,448200.0,31,12,156.66666666666666,4,21801,89,81,3898528,19073,163546,21801,135,12.042762222222223,13.07,4.88,2.2
CLERIC,49,18,15,14,13,15,28,22,155,175,6,21565,504120.0,32,12,153.33333333333334,4,24717,97,89,4668659,21553,183339,24717,192,12.044016666666666,13.17,4.87,2.2
CLERIC,49,19,15,14,13,15,29,23,162,184,6,24198,562560.0,32,12,159.66666666666666,4,27710,103,95,5518481,24177,203662,27742,216,12.04528611111111,13.2,4.87,2.3
CLERIC,49,20,15,14,14,15,31,24,178,203,7,26972,624660.0,33,12,170.63636363636363,5,30109,110,100,6482218,26961,225451,30930,202,12.046569722222221,13.27,4.86,2.4
CLERIC,49,21,16,14,14,15,31,25,183,214,7,29908,690720.0,35,12,168.0,5,32454,115,105,7544637,29898,248789,34404,268,12.047866944444445,13.27,4.86,2.5
CLERIC,49,22,16,15,14,15,31,28,194,234,8,32983,759240.0,35,13,170.5,5,34585,121,110,8723899,32978,272779,37959,263,12.053421944444445,14.27,4.86,2.8
CLERIC,49,23,16,15,15,16,31,30,208,253,9,36208,830400.0,36,13,173.5,5,36840,126,115,10024782,36198,297458,41803,117,12.054858888888889,14.3,4.85,3.0
CLERIC,49,24,16,15,15,16,32,31,214,264,9,39586,904980.0,36,13,171.75,5,39247,132,121,11466031,39582,323371,45897,159,12.05630888888889,14.34,4.85,3.1
CLERIC,49,25,17,15,15,16,32,34,228,285,10,43123,982140.0,37,13,187.41666666666666,6,40899,138,127,13001569,43110,349862,50105,104,12.057771666666667,14.34,4.85,3.4
CLERIC,49,26,18,15,15,16,33,34,237,295,10,46806,1063680.0,39,13,184.4,6,43195,143,130,14686255,46773,378318,54552,11,12.059246666666667,14.37,4.85,3.4
CLERIC,49,27,18,15,15,17,33,37,249,317,11,50632,1148220.0,39,13,182.4,6,45419,149,135,16530105,50595,407787,59117,92,12.060733611111111,14.4,4.85,3.7
CLERIC,49,28,18,15,15,18,34,39,261,340,12,54610,1235880.0,40,13,184.8,6,47824,156,140,18523107,54573,438252,63873,360,12.062231944444445,14.47,4.85,3.9
CLERIC,49,29,18,15,15,18,35,40,269,350,12,58746,1326720.0,40,14,183.2,6,49890,162,146,20692589,58733,469707,68812,168,12.06374138888889,15.51,4.85,4.0
CLERIC,49,30,18,15,16,18,35,43,283,371,13,63025,1419840.0,41,14,202.6153846153846,7,51669,167,150,22970289,63013,501695,74102,237,12.065261666666666,15.51,4.84,4.1661477
CLERIC,49,31,18,15,17,19,37,43,301,393,14,67456,1515900.0,42,14,192.0,7,54103,174,155,25429392,67441,534577,79590,77,12.0667925,15.61,4.83,4.281158
CLERIC,49,32,18,15,17,19,38,46,318,415,15,72035,1614900.0,42,14,191.0,7,56567,181,159,28064387,72019,568416,85305,132,12.068333333333333,15.64,4.83,4.3977122
CLERIC,49,33,18,15,17,19,39,47,325,425,15,76779,1717380.0,43,14,199.0,7,58554,187,165,30896332,76765,603407,91169,398,12.069884444444444,15.68,4.83,4.5157803
CLERIC,49,34,18,16,17,19,41,48,340,449,16,81651,1818240.0,43,15,207.0,7,60241,194,170,33864772,81624,636252,97048,328,12.077198333333333,16.75,4.83,4.6353337
CLERIC,49,35,18,17,18,19,42,49,355,472,17,86700,1924320.0,44,15,223.71428571428572,8,61937,200,175,37042915,86698,671361,103156,196,12.084848333333333,16.78,4.82,4.7563452
CLERIC,49,36,18,17,19,20,43,50,370,497,18,91877,2034480.0,45,15,205.57142857142858,8,64426,206,179,40378086,91846,708455,109698,45,12.086683888888889,16.85,4.81,4.878789
CLERIC,49,37,20,17,19,20,45,50,386,523,19,97223,2145540.0,46,15,201.85714285714286,8,66926,213,185,44005441,97201,744866,116265,4,12.08853,16.92,4.81,5.0
CLERIC,49,38,20,17,19,20,45,52,392,536,19,102725,2259480.0,47,15,211.57142857142858,8,68643,218,191,47845886,102721,782093,122878,8,12.090386111111112,16.92,4.81,5.1278755
CLERIC,49,39,20,17,19,20,47,54,407,564,20,108359,2373720.0,47,16,215.57142857142858,8,70417,225,196,51855308,108314,818535,129782,268,12.0922525,17.99,4.81,5.2544721
CLERIC,49,40,20,17,19,21,48,56,422,588,21,114153,2490960.0,48,16,235.86666666666667,9,72192,232,200,56107246,114142,855781,136838,117,12.09412888888889,18.07,4.81,5.3824085
CLERIC,49,41,20,17,19,21,49,59,437,612,22,120103,2611260.0,49,16,225.625,9,74638,238,205,60610790,120094,894006,144071,217,12.096014722222222,18.1,4.81,5.5116639
CLERIC,49,42,20,17,19,21,52,60,454,638,23,126192,2734620.0,49,17,227.25,9,77055,246,211,65362790,126170,933342,151513,70,12.09791,19.21,4.81,5.6422185
CLERIC,49,43,20,17,20,21,54,61,469,668,24,132448,2858400.0,50,17,223.25,9,78735,253,217,70363029,132442,971610,159165,466,12.099814444444444,19.28,4.8,5.7740531
CLERIC,49,44,20,17,20,22,54,64,483,696,25,138836,2984700.0,50,17,214.375,9,80413,259,220,75536264,138792,1010725,166981,120,12.101728055555556,19.32,4.8,5.9071494
CLERIC,49,45,21,17,20,22,55,66,498,727,26,145364,3113880.0,51,17,252.6875,10,82221,265,224,81082581,145342,1050733,174985,310,12.103650833333333,19.36,4.8,6.0414896
CLERIC,49,46,21,17,20,23,56,68,512,757,27,152027,3244620.0,52,17,223.33333333333334,10,84795,271,232,86746041,152023,1090793,183121,9,12.105581944444445,19.43,4.8,6.1770568
CLERIC,49,47,21,17,21,23,57,72,534,803,29,158849,3377520.0,52,18,222.44444444444446,10,86837,278,236,92626185,158835,1131180,191639,582,12.107521944444445,20.47,4.79,6.3138344
CLERIC,49,48,22,17,21,23,60,72,550,835,30,165817,3513360.0,54,18,225.66666666666666,10,88621,285,243,98838807,165816,1172529,200207,74,12.109470277777778,20.58,4.79,6.4518067
CLERIC,49,49,22,18,21,23,64,73,574,884,32,172944,3652080.0,54,19,226.66666666666666,10,90342,293,246,105303918,172899,1214744,208999,414,12.119338055555556,21.73,4.79,6.5909583
CLERIC,49,50,23,19,21,23,65,74,589,917,33,180218,3792660.0,55,19,257.47058823529414,11,92151,299,251,112095320,180180,1257065,218291,472,12.129583055555555,21.77,4.79,6.7312744
CLERIC,49,51,23,19,21,25,66,77,612,968,35,187637,3934740.0,56,19,239.6,11,94805,306,257,119147692,187605,1299321,227650,540,12.1318375,21.88,4.79,6.8727407
CLERIC,49,52,23,19,22,25,68,78,631,1002,36,195215,4079580.0,56,19,232.9,11,97082,312,261,126531202,195165,1342339,237201,263,12.134101388888888,21.96,4.78,7.0153434
CLERIC,49,53,24,19,23,26,70,79,658,1056,38,202930,4227180.0,58,20,235.8,11,98844,319,268,134170289,202893,1386247,246966,31,12.136373888888889,23.07,4.77,7.1590689
CLERIC,49,54,24,19,23,27,72,80,675,1095,39,210799,4376340.0,58,20,234.7,11,100700,326,272,142213626,210781,1430121,257223,67,12.138655277777778,23.19,4.77,7.3039043
CLERIC,49,55,26,20,23,27,72,83,698,1152,41,218826,4528200.0,60,20,270.8888888888889,12,102566,332,276,150483597,218809,1474687,267774,661,12.149893055555555,23.19,4.77,7.4498371
CLERIC,49,56,26,21,24,27,73,84,716,1191,42,226995,4681800.0,61,20,244.0909090909091,12,105266,338,280,159087110,226969,1519405,278448,305,12.161522777777778,23.22,4.76,7.5968548
CLERIC,49,57,26,22,25,28,75,85,744,1250,44,235312,4843800.0,61,20,246.9090909090909,12,107400,344,286,168009288,235265,1569033,290166,726,12.173546666666667,23.34,4.75,7.7449458
CLERIC,49,58,27,22,26,28,77,87,774,1306,46,243787,5009100.0,62,20,258.72727272727275,12,109356,351,291,177329410,243744,1619846,302179,654,12.176306944444445,23.42,4.74,7.8940983
CLERIC,49,59,27,23,26,28,78,89,793,1346,47,252413,5177340.0,62,20,246.9090909090909,12,111449,357,296,187024703,252362,1671598,314375,26,12.18888861111111,23.46,4.74,8.0443013
CLERIC,49,60,28,23,26,29,80,91,822,1406,49,261184,5347620.0,64,20,285.57894736842104,13,113535,364,303,197057602,261166,1723631,326901,618,12.191820555555555,23.58,4.74,8.1955438
CLERIC,49,61,28,24,27,29,82,93,852,1466,51,270103,5519160.0,65,20,269.5,13,115889,371,308,207453596,270062,1775482,339558,5,12.204967777777778,23.66,4.73,8.3478151
CLERIC,49,62,28,25,27,30,83,96,884,1527,53,278776,5686380.0,65,20,266.9166666666667,13,117777,377,312,217826212,278772,1826203,351758,21,12.218520555555555,23.73,4.73,8.5011051
CLERIC,49,63,28,25,28,30,85,97,903,1572,54,287863,5861040.0,66,20,257.75,13,119707,384,317,228605828,287807,1879048,364513,831,12.221793611111112,23.81,4.72,8.6554035
CLERIC,49,64,28,25,28,31,87,100,933,1635,56,297102,6038340.0,66,20,271.9166666666667,13,121649,391,321,239918641,297047,1932602,377510,557,12.225077222222222,23.93,4.72,8.8107007
CLERIC,49,65,28,27,29,31,88,102,965,1698,58,306490,6218160.0,67,20,296.65,14,123713,397,326,251626237,306485,1986760,390691,1064,12.250466944444444,23.97,4.71,8.9669871
CLERIC,49,66,28,27,30,32,89,105,1000,1764,60,316015,6399780.0,68,20,276.84615384615387,14,125682,404,332,263603935,315999,2041233,403989,298,12.254090833333333,24.05,4.7,9.1242533
CLERIC,49,67,28,27,31,33,91,107,1037,1831,62,325601,6582540.0,68,20,279.0769230769231,14,127554,410,338,275909803,325587,2096152,417391,284,12.257726111111111,24.17,4.69,9.2824904
CLERIC,49,68,28,27,31,34,93,108,1058,1876,63,334972,6760500.0,69,20,265.9230769230769,14,129436,417,343,288203490,334971,2149366,430549,223,12.2613725,24.3,4.69,9.4416894
CLERIC,49,69,28,28,31,34,96,110,1091,1950,65,344716,6945480.0,69,20,272.84615384615387,14,131365,424,347,301036702,344700,2204677,444247,918,12.276851944444445,24.42,4.69,9.6018417
CLERIC,49,70,28,29,33,34,98,111,1125,2023,67,354609,7132740.0,70,20,307.4761904761905,15,133307,430,351,314391742,354567,2260549,458190,241,12.292755277777777,24.5,4.67,9.7629389
CLERIC,49,71,30,29,33,35,99,113,1158,2098,69,364641,7321920.0,72,20,275.92857142857144,15,135484,437,356,328077641,364577,2316755,472008,362,12.296763333333333,24.58,4.67,9.9249728
CLERIC,49,72,30,30,34,36,100,115,1191,2172,71,374818,7512960.0,72,20,280.92857142857144,15,137427,443,361,342418950,374801,2373146,486127,1072,12.31327138888889,24.66,4.66,10.0879352
CLERIC,49,73,30,30,35,36,103,117,1226,2249,73,384732,7701000.0,73,20,290.14285714285717,15,139276,450,367,356472811,384665,2429648,500132,196,12.317469444444445,24.79,4.65,10.2518183
CLERIC,49,74,31,30,36,37,105,118,1263,2329,75,395081,7902060.0,73,20,278.0,15,141319,456,372,371419525,395031,2492009,515749,575,12.321679444444445,24.91,4.64,10.4166145
CLERIC,49,75,32,32,36,37,107,119,1302,2403,77,405565,8105220.0,75,20,321.0,16,143328,463,375,386844909,405491,2554926,531542,106,12.352143611111112,25.0,4.64,10.5823161
CLERIC,49,76,32,32,37,37,110,121,1340,2483,79,416205,8310180.0,76,20,285.93333333333334,16,145569,470,381,402574235,416141,2617945,547216,35,12.356717222222223,25.12,4.63,10.7489159
CLERIC,49,77,32,32,37,38,114,122,1380,2562,81,426996,8518080.0,76,20,286.6,16,147596,477,385,418730198,426933,2681936,563317,421,12.361303055555556,25.33,4.63,10.9164066
CLERIC,49,78,33,33,37,39,116,123,1418,2643,83,437463,8718720.0,77,20,289.93333333333334,16,149542,484,390,434754988,437421,2743255,579091,63,12.379664722222222,25.46,4.63,11.0847812
CLERIC,49,79,33,34,37,39,119,125,1461,2727,85,448327,8926560.0,77,20,290.6,16,151594,491,395,451661526,448278,2806648,595517,854,12.39847,25.58,4.63,11.2540328
CLERIC,49,80,33,34,37,40,122,127,1501,2811,87,459336,9137700.0,78,20,334.30434782608694,17,153594,497,404,468970021,459289,2871252,612076,449,12.403440555555555,25.75,4.63,11.4241545
CLERIC,49,81,34,34,38,41,123,129,1540,2901,89,470489,9349620.0,80,20,303.4375,17,155634,504,409,486914415,470463,2935343,628723,438,12.408423611111111,25.84,4.62,11.5951398
CLERIC,49,82,34,36,38,41,126,130,1583,2989,91,481788,9564300.0,80,20,306.5,17,157609,510,412,505089389,481743,3000341,645675,840,12.442770833333332,25.97,4.62,11.7669823
CLERIC,49,83,34,37,38,41,129,132,1625,3080,93,492809,9773220.0,81,20,294.3125,17,159559,517,417,523228310,492783,3063376,662217,590,12.463113055555555,26.1,4.62,11.9396754
CLERIC,49,84,35,37,38,42,130,135,1664,3175,95,504266,9990120.0,81,20,306.5,17,161507,524,424,542144982,504204,3128761,679488,417,12.468669444444444,26.18,4.62,12.113213
CLERIC,49,85,35,37,40,43,132,136,1707,3270,97,515882,1.021008E7,82,20,353.0833333333333,18,163497,530,428,561675612,515868,3195088,696951,149,12.474239166666667,26.31,4.6,12.287589
CLERIC,49,86,35,38,40,44,134,138,1751,3365,99,527643,1.043088E7,83,20,310.5882352941176,18,165653,537,434,581545701,527594,3261059,714408,990,12.495425555555556,26.44,4.6,12.4627973
CLERIC,49,87,35,38,41,46,135,140,1795,3460,101,539560,1.06536E7,83,20,310.0,18,167627,543,436,602214344,539546,3327202,732203,1043,12.50120361111111,26.57,4.59,12.6388321
CLERIC,49,88,36,38,43,46,135,143,1836,3560,103,551072,1.087134E7,85,20,307.05882352941177,18,169574,549,441,622313177,551050,3393080,749760,662,12.506995277777778,26.57,4.57,12.8156876
CLERIC,49,89,37,38,44,46,138,144,1880,3661,105,563038,1.110198E7,85,20,304.70588235294116,18,171647,556,447,643577633,563035,3464730,768920,703,12.5128,26.7,4.56,12.9933581
CLERIC,49,90,37,39,44,46,143,146,1942,3789,108,575150,1.133436E7,86,20,364.0,19,173457,563,456,665319701,575105,3536623,788370,1397,12.535038333333333,26.92,4.56,13.1718381
CLERIC,49,91,37,40,45,46,145,148,1987,3893,110,587400,1.156824E7,87,20,313.8888888888889,19,175634,570,460,687424576,587317,3608521,807816,47,12.557744166666666,27.01,4.55,13.351122
CLERIC,49,92,38,41,45,46,147,150,2033,3998,112,599671,1.180188E7,88,20,323.1111111111111,19,177658,576,466,709975444,599584,3680168,827370,1269,12.580920277777778,27.1,4.55,13.5312046
CLERIC,49,93,38,44,45,46,149,151,2081,4101,114,611850,1.203336E7,89,20,330.3333333333333,19,179722,583,469,732952858,611816,3750938,846855,305,12.6392775,27.19,4.55,13.7120804
CLERIC,49,94,39,44,45,46,151,154,2133,4202,116,624417,1.227222E7,89,20,315.3888888888889,19,181879,590,473,756801127,624365,3824044,866837,1370,12.64627638888889,27.28,4.55,13.8937444
CLERIC,49,95,39,45,46,46,151,158,2184,4304,118,637130,1.251444E7,90,20,365.61538461538464,20,183557,596,481,781399082,637092,3898395,887205,8,12.6711475,27.28,4.54,14.0761915
CLERIC,49,96,41,46,46,46,154,160,2252,4448,121,649998,1.27575E7,92,20,324.7894736842105,20,185723,603,485,806176828,649913,3972290,907455,968,12.696498055555555,27.41,4.54,14.2594166
CLERIC,49,97,43,46,46,47,156,161,2306,4556,123,662501,1.299336E7,93,20,330.57894736842104,20,187742,609,488,830895520,662437,4043839,927140,1398,12.7039275,27.54,4.54,14.4434148
CLERIC,49,98,44,46,46,47,158,164,2355,4668,125,675401,1.323606E7,95,20,331.1578947368421,20,189817,616,493,856628341,675364,4117204,947598,244,12.7113725,27.63,4.54,14.6281812
CLERIC,49,99,46,47,46,47,160,165,2407,4777,127,688451,1.348074E7,96,20,331.7368421052632,20,191944,622,496,882708546,688379,4190891,968308,724,12.737625555555555,27.72,4.54,14.8137112
CLERIC,49,100,48,47,46,47,161,168,2456,4888,129,701645,1.372836E7,98,20,324.7894736842105,20,193417,629,502,909650023,701627,4265500,989155,1748,12.745296666666666,27.77,4.54,15.0
PALADIN,46,1,8,9,9,8,6,13,9,6,0,0,0.0,19,9,95.0,1,0,1,1,0,0,0,0,0,12.015381388888889,9.3,4.91,1.3
PALADIN,46,2,9,9,9,8,7,13,14,12,0,28,840.0,19,9,95.0,1,41,6,1,340,19,372,41,18,12.0157325,9.33,4.91,1.3
PALADIN,46,3,9,10,9,8,8,15,26,19,1,210,5400.0,20,9,96.0,1,245,10,10,6428,210,2099,245,40,12.01837,9.36,4.91,1.5
PALADIN,46,4,11,10,9,8,8,15,31,25,1,577,14520.0,21,10,98.0,1,631,16,17,25986,570,5557,631,14,12.01894361111111,10.36,4.91,1.5
PALADIN,46,5,12,10,9,8,9,15,38,29,1,1082,26940.0,23,10,101.0,2,1241,21,19,61324,1074,10232,1241,86,12.019557777777777,10.38,4.91,1.5
PALADIN,46,6,14,11,10,8,9,15,50,36,2,1739,42540.0,25,10,102.0,2,1949,27,26,119300,1718,15959,1949,5,12.022651666666667,10.38,4.9,1.5
PALADIN,46,7,15,12,10,8,9,15,55,39,2,2559,62100.0,25,10,119.0,2,2856,32,33,207460,2543,23169,2856,90,12.025981666666667,10.38,4.9,1.5
PALADIN,46,8,15,12,10,8,10,16,62,43,2,3523,84600.0,26,10,107.0,2,3907,36,38,330207,3518,31293,3907,0,12.026846944444445,10.41,4.9,1.6
PALADIN,46,9,15,12,11,8,10,19,72,56,3,4652,111780.0,26,10,111.0,2,5187,42,42,492025,4636,41439,5187,57,12.0277375,10.41,4.89,1.9
PALADIN,46,10,16,12,11,8,11,19,78,63,3,5913,142020.0,28,10,132.66666666666666,3,6622,47,45,702386,5910,52670,6622,105,12.028650555555556,10.44,4.89,1.9
PALADIN,46,11,17,12,12,8,11,19,84,70,3,7337,175800.0,29,10,124.0,3,8230,52,54,956477,7310,65158,8230,205,12.029584166666666,10.44,4.88,1.9
PALADIN,46,12,18,13,12,8,11,19,90,74,3,8918,213300.0,30,11,130.0,3,9977,57,58,1270039,8905,79007,9977,113,12.033615277777777,11.44,4.88,1.9
PALADIN,46,13,20,13,12,8,11,21,104,84,4,10637,253740.0,32,11,130.0,3,11931,66,63,1650046,10615,93866,11931,27,12.034683055555556,11.44,4.88,2.1
PALADIN,46,14,21,14,12,8,11,21,112,90,4,12515,297780.0,32,11,143.5,3,14036,71,69,2093022,12503,110012,14036,187,12.039095555555555,11.44,4.88,2.1
PALADIN,46,15,22,14,12,8,12,23,124,102,5,14531,344880.0,34,11,152.1,4,16336,78,73,2600605,14519,127226,16336,47,12.040300833333333,11.47,4.88,2.3
PALADIN,46,16,24,14,12,8,12,23,130,109,5,16702,395100.0,36,11,153.0,4,18844,84,77,3194807,16695,145437,18844,81,12.041523333333334,11.47,4.88,2.3
PALADIN,46,17,24,14,12,8,13,24,135,116,5,19025,448560.0,36,12,148.0,4,21443,89,85,3858802,18999,164773,21443,155,12.042762222222223,12.5,4.88,2.4
PALADIN,46,18,26,15,12,8,13,25,150,126,6,21501,505260.0,38,12,151.66666666666666,4,24347,96,89,4645040,21483,185161,24347,152,12.04781611111111,12.5,4.88,2.5
PALADIN,46,19,27,15,12,8,13,26,159,132,6,24126,565140.0,38,12,164.0,4,27419,102,91,5510634,24105,206642,27419,144,12.049195,12.5,4.88,2.6
PALADIN,46,20,29,15,12,8,14,27,172,146,7,26903,628440.0,40,12,171.45454545454547,5,29805,109,98,6481553,26893,229338,30616,174,12.050589444444444,12.52,4.88,2.7
PALADIN,46,21,29,15,12,9,14,28,180,150,7,29834,694740.0,41,12,164.5,5,32268,114,104,7555822,29813,252960,34035,296,12.051998611111111,12.55,4.88,2.8
PALADIN,46,22,31,15,12,9,15,29,193,165,8,32906,764040.0,42,13,167.75,5,34370,121,109,8725601,32868,277620,37550,107,12.053421944444445,13.58,4.88,2.9
PALADIN,46,23,31,16,12,9,15,32,207,177,9,36143,836400.0,43,13,168.75,5,36643,127,114,10023471,36102,303114,41349,257,12.05927638888889,13.58,4.88,3.2
PALADIN,46,24,31,16,12,10,15,33,213,184,9,39519,910800.0,43,13,170.0,5,38950,132,121,11439517,39499,328938,45278,107,12.060843055555555,13.61,4.88,3.3
PALADIN,46,25,33,16,13,11,15,33,227,197,10,43051,989520.0,45,13,187.83333333333334,6,40730,138,124,12988111,43019,356637,49450,36,12.062423611111111,13.64,4.87,3.3
PALADIN,46,26,33,16,13,11,16,34,233,205,10,46732,1071000.0,46,13,178.2,6,42977,143,131,14695938,46709,385114,53693,59,12.0640175,13.67,4.87,3.4
PALADIN,46,27,33,16,14,11,16,37,245,220,11,50560,1155180.0,46,13,186.2,6,45168,149,136,16540589,50527,414370,58084,88,12.065624166666666,13.67,4.86,3.7
PALADIN,46,28,35,17,14,11,16,38,260,233,12,54540,1243200.0,48,13,188.6,6,47424,156,140,18542918,54529,445139,62700,148,12.072317222222223,13.67,4.86,3.8
PALADIN,46,29,36,17,14,12,16,38,269,240,12,58680,1333620.0,49,14,190.8,6,49500,162,146,20683136,58657,476390,67407,264,12.074071388888889,14.7,4.86,3.8
PALADIN,46,30,39,17,15,12,16,38,285,254,13,62958,1427280.0,51,14,207.84615384615384,7,51203,169,149,22996799,62920,508895,72561,337,12.075838055555556,14.7,4.85,3.8
PALADIN,46,31,41,17,15,12,17,39,300,268,14,67388,1522200.0,53,14,189.5,7,53478,176,156,25438944,67357,541088,77709,181,12.077616944444445,14.73,4.85,3.9
PALADIN,46,32,43,18,15,12,17,40,318,282,15,71972,1619280.0,54,15,190.66666666666666,7,55659,183,161,28063112,71935,573616,82884,268,12.085045277777779,15.73,4.85,4.0
PALADIN,46,33,43,18,15,12,18,41,327,288,15,76718,1719720.0,55,15,195.33333333333334,7,58045,188,165,30859184,76687,607249,88513,218,12.086975833333334,15.76,4.85,4.1
PALADIN,46,34,45,19,15,12,18,42,347,304,16,81603,1822560.0,56,15,192.66666666666666,7,59659,195,171,33864852,81552,641527,94237,58,12.094878611111112,15.76,4.85,4.2
PALADIN,46,35,46,20,15,12,18,44,364,316,17,86637,1927620.0,58,15,199.0,8,61315,202,176,37030616,86593,676169,100064,284,12.103119722222223,15.76,4.85,4.4
PALADIN,46,36,47,20,15,13,18,46,379,330,18,91832,2035980.0,59,15,200.42857142857142,8,63593,208,179,40456456,91813,711883,106047,180,12.105350277777777,15.79,4.85,4.6
PALADIN,46,37,48,20,15,14,19,47,396,345,19,97169,2145900.0,60,15,206.42857142857142,8,65810,214,185,44031512,97138,747618,112019,400,12.10759388888889,15.85,4.85,4.7
PALADIN,46,38,48,20,15,14,20,48,405,352,19,102670,2259660.0,61,16,202.28571428571428,8,68101,219,190,47872972,102658,784764,118272,416,12.10985,16.88,4.85,4.8
PALADIN,46,39,49,20,16,14,20,50,422,365,20,108303,2374620.0,61,16,217.85714285714286,8,69739,226,194,51858932,108270,821756,124918,396,12.112118055555555,16.88,4.84,5.0
PALADIN,46,40,51,20,16,15,21,50,438,380,21,114099,2495940.0,63,16,238.33333333333334,9,71502,232,199,56131998,114077,862007,132189,641,12.114398333333334,16.95,4.84,5.0
PALADIN,46,41,53,20,16,16,21,51,458,398,22,120049,2618220.0,65,16,217.75,9,74019,239,205,60555422,119993,901763,139395,269,12.116690277777778,16.98,4.84,5.1
PALADIN,46,42,56,20,16,16,22,51,478,414,23,126139,2741280.0,67,17,221.75,9,76348,246,211,65227027,126081,940960,146399,234,12.118993611111112,18.01,4.84,5.1
PALADIN,46,43,56,20,16,17,23,53,494,431,24,132389,2866080.0,68,17,225.5,9,78301,252,216,70158203,132379,980088,153778,394,12.121308333333333,18.07,4.84,5.3
PALADIN,46,44,57,20,17,18,23,54,513,448,25,138783,2993520.0,68,17,229.0,9,79946,258,222,75324863,138771,1019997,161299,440,12.123634166666667,18.11,4.83,5.4
PALADIN,46,45,59,21,18,18,23,54,532,467,26,145312,3123420.0,70,17,251.3125,10,81609,264,226,80750113,145273,1060671,169012,46,12.13356638888889,18.11,4.82,5.4
PALADIN,46,46,61,21,18,19,23,55,550,481,27,151985,3256080.0,72,17,231.88888888888889,10,84021,271,231,86398903,151917,1102229,176818,109,12.136055,18.14,4.82,5.5
PALADIN,46,47,62,21,18,20,23,59,576,510,29,158803,3390840.0,73,18,231.0,10,86415,278,237,92335710,158757,1144111,184825,562,12.138555,19.17,4.82,5.9
PALADIN,46,48,64,21,18,21,24,59,598,529,30,165775,3527580.0,75,18,223.0,10,88156,284,240,98544963,165765,1186165,193203,222,12.141065555555556,19.24,4.82,5.9
PALADIN,46,49,65,22,19,21,24,62,627,556,32,172895,3667260.0,75,18,237.44444444444446,10,89808,291,245,105063225,172890,1229229,201684,78,12.151830555555556,19.24,4.81,6.2
PALADIN,46,50,68,22,19,21,25,62,647,576,33,180168,3809820.0,78,19,257.3529411764706,11,91542,298,252,111736173,180126,1273175,210335,328,12.154508055555555,20.27,4.81,6.2
PALADIN,46,51,71,22,19,22,26,63,679,604,35,187587,3953160.0,80,19,237.2,11,94049,305,255,118831348,187538,1316517,219336,604,12.157196388888888,20.34,4.81,6.3
PALADIN,46,52,72,22,19,24,26,64,700,624,36,195160,4099260.0,81,19,248.5,11,96531,311,261,126217326,195092,1360639,228530,95,12.159895277777778,20.4,4.81,6.4
PALADIN,46,53,75,22,19,24,27,66,731,654,38,202879,4247940.0,83,20,241.6,11,98337,319,265,133896895,202868,1405383,238001,335,12.162605,21.44,4.81,6.6
PALADIN,46,54,75,22,20,24,28,68,747,678,39,210747,4398600.0,83,20,250.4,11,100097,324,271,141740617,210670,1450475,247805,351,12.165325,21.47,4.8,6.8
PALADIN,46,55,77,23,21,24,28,70,777,712,41,218768,4551900.0,85,20,270.72222222222223,12,101974,331,276,150022832,218714,1496241,257923,413,12.177263333333334,21.47,4.79,7.0
PALADIN,46,56,77,23,23,24,28,72,797,732,42,226937,4707360.0,86,20,245.54545454545453,12,104591,337,281,158550774,226874,1542484,267999,5,12.180154166666666,21.47,4.77,7.2
PALADIN,46,57,78,23,23,25,30,74,824,766,44,235254,4871460.0,87,20,255.8181818181818,12,107086,343,286,167580940,235249,1593774,279297,1486,12.183055277777777,21.57,4.77,7.4
PALADIN,46,58,80,24,24,25,30,76,852,802,46,243722,5038380.0,89,20,247.63636363636363,12,109035,350,290,176791776,243688,1646000,290767,54,12.19571111111111,21.57,4.76,7.6
PALADIN,46,59,82,24,24,25,30,78,873,827,47,252355,5208960.0,90,20,246.63636363636363,12,110901,357,295,186377732,252321,1699545,302441,698,12.198786111111112,21.57,4.76,7.8
PALADIN,46,60,83,25,25,25,30,81,903,864,49,261118,5381280.0,91,20,284.36842105263156,13,112862,363,301,196382974,261051,1753400,314322,42,12.212006944444445,21.57,4.75,8.1
PALADIN,46,61,86,25,25,25,32,82,936,899,51,270037,5555760.0,94,20,269.3333333333333,13,115540,371,306,206643288,269983,1807542,326271,309,12.215258333333333,21.64,4.75,8.2
PALADIN,46,62,89,27,25,25,32,83,967,932,53,278716,5725500.0,95,20,258.4166666666667,13,117347,378,311,216945305,278637,1860241,337829,776,12.239663055555555,21.64,4.75,8.3
PALADIN,46,63,90,27,25,27,32,84,988,954,54,287802,5902920.0,97,20,267.5833333333333,13,119238,384,317,227778265,287709,1915215,350012,218,12.243252777777778,21.71,4.75,8.4
PALADIN,46,64,91,27,26,27,33,87,1021,991,56,297036,6083340.0,97,20,260.0,13,121099,390,321,239097680,297021,1971159,362395,620,12.246854166666667,21.75,4.74,8.7
PALADIN,46,65,93,28,26,28,33,89,1056,1027,58,306424,6266820.0,99,20,300.45,14,122935,397,325,250747010,306413,2028145,374935,779,12.261639444444445,21.78,4.74,8.9
PALADIN,46,66,96,28,27,29,33,90,1088,1066,60,315950,6451560.0,102,20,264.38461538461536,14,125374,404,332,262767264,315888,2085010,387547,529,12.265425277777778,21.82,4.73,9.0
PALADIN,46,67,97,30,27,30,33,92,1122,1101,62,325546,6636960.0,102,20,277.38461538461536,14,127252,410,336,275054931,325476,2141835,400290,406,12.292460555555556,21.85,4.73,9.2
PALADIN,46,68,98,30,27,31,33,94,1147,1127,63,334916,6819000.0,104,20,273.46153846153845,14,129012,416,340,287492209,334909,2197986,412568,876,12.296598333333334,21.89,4.73,9.4
PALADIN,46,69,101,31,27,31,33,96,1186,1165,65,344654,7007280.0,105,20,264.0769230769231,14,130887,423,350,300393608,344581,2255816,425473,710,12.312818055555555,21.89,4.73,9.6
PALADIN,46,70,104,31,27,33,33,97,1228,1204,67,354551,7198680.0,108,20,316.85714285714283,15,132725,430,354,313901626,354537,2314519,438680,575,12.3171475,21.96,4.73,9.7
PALADIN,46,71,106,31,28,33,34,99,1267,1246,69,364581,7391700.0,110,20,275.85714285714283,15,135255,437,359,327614389,364503,2373456,451718,1123,12.321489444444444,21.99,4.72,9.9
PALADIN,46,72,108,31,28,34,34,102,1301,1289,71,374760,7587480.0,111,20,282.2142857142857,15,137060,444,362,341928471,374733,2433179,464962,120,12.325843611111111,22.03,4.72,10.0879352
PALADIN,46,73,109,32,29,35,34,104,1337,1330,73,384669,7778700.0,112,20,282.7857142857143,15,138802,450,367,355952867,384612,2491896,478214,1180,12.34303361111111,22.07,4.71,10.2518183
PALADIN,46,74,111,32,29,37,34,106,1371,1373,75,395019,7983720.0,113,20,276.35714285714283,15,140736,457,372,370849269,394916,2557036,493016,269,12.347582222222222,22.14,4.71,10.4166145
PALADIN,46,75,113,32,30,37,35,108,1405,1418,77,405507,8192460.0,115,20,328.1363636363636,16,142737,463,377,386188783,405486,2623675,507922,403,12.352143611111112,22.17,4.7,10.5823161
PALADIN,46,76,115,33,31,37,36,109,1448,1459,79,416149,8401920.0,117,20,287.2,16,145343,470,382,401938151,416079,2689786,522912,435,12.370135555555555,22.21,4.69,10.7489159
PALADIN,46,77,117,34,31,37,36,112,1487,1501,81,426940,8614320.0,118,20,295.8666666666667,16,147276,477,387,418236327,426856,2756894,538095,208,12.3885675,22.21,4.69,10.9164066
PALADIN,46,78,121,34,32,37,36,113,1527,1547,83,437411,8820300.0,121,20,288.4,16,149098,484,392,434282049,437296,2821960,552752,1124,12.393512222222222,22.21,4.68,11.0847812
PALADIN,46,79,122,35,32,37,37,116,1567,1590,85,448274,9033840.0,121,20,299.73333333333335,16,151007,490,396,451156194,448186,2889385,568174,400,12.412574722222223,22.25,4.68,11.2540328
PALADIN,46,80,124,36,32,37,38,118,1607,1635,87,459284,9249900.0,123,20,329.95652173913044,17,153003,497,400,468581728,459197,2957479,583641,1268,12.43208361111111,22.28,4.68,11.4241545
PALADIN,46,81,124,36,33,37,39,122,1650,1678,89,470434,9467880.0,125,20,294.5625,17,155338,503,407,486432610,470390,3025822,599143,728,12.437420555555555,22.32,4.67,11.5951398
PALADIN,46,82,126,36,34,39,39,123,1695,1724,91,481727,9688140.0,125,20,298.9375,17,157253,510,411,504498782,481640,3094844,614828,121,12.442770833333332,22.39,4.66,11.7669823
PALADIN,46,83,129,36,36,39,40,123,1739,1773,93,492750,9903360.0,127,20,294.4375,17,159056,516,415,522559980,492640,3162497,630152,411,12.448134166666666,22.43,4.64,11.9396754
PALADIN,46,84,131,36,37,40,40,125,1784,1820,95,504209,1.012668E7,127,20,306.3125,17,160867,523,422,541903076,504197,3232566,646022,578,12.453510833333333,22.47,4.63,12.113213
PALADIN,46,85,132,37,38,41,40,127,1828,1863,97,515828,1.035186E7,129,20,303.2352941176471,18,162705,529,427,561218129,515754,3302915,662252,883,12.474239166666667,22.5,4.62,12.287589
PALADIN,46,86,134,38,39,41,40,129,1870,1909,99,527582,1.057866E7,131,20,317.52941176470586,18,165181,536,432,581286379,527493,3373438,678485,36,12.495425555555556,22.5,4.61,12.4627973
PALADIN,46,87,135,38,39,41,41,133,1914,1952,101,539500,1.080864E7,131,20,315.70588235294116,18,167028,542,436,601930912,539414,3445016,694779,1037,12.50120361111111,22.54,4.61,12.6388321
PALADIN,46,88,137,40,39,41,42,134,1959,1997,103,551013,1.103346E7,133,20,316.29411764705884,18,168882,549,440,622122469,550942,3516043,710993,367,12.539182222222221,22.58,4.61,12.8156876
PALADIN,46,89,137,41,40,41,43,137,2005,2044,105,562982,1.12716E7,133,20,306.29411764705884,18,170886,555,446,643314533,562912,3593063,728751,821,12.561756666666666,22.62,4.6,12.9933581
PALADIN,46,90,139,41,40,41,46,140,2064,2114,108,575091,1.151256E7,135,20,356.68,19,172901,561,452,665058117,575015,3671095,746667,474,12.568130277777778,22.73,4.6,13.1718381
PALADIN,46,91,142,42,41,41,46,141,2114,2161,110,587344,1.175478E7,137,20,330.22222222222223,19,175200,568,457,687528974,587300,3748903,764720,501,12.591374166666666,22.73,4.59,13.351122
PALADIN,46,92,144,43,41,42,46,143,2165,2208,112,599619,1.199736E7,137,20,315.1666666666667,19,177084,575,463,709993016,599493,3826967,782798,1050,12.615089166666667,22.77,4.59,13.5312046
PALADIN,46,93,148,43,41,43,47,143,2215,2257,114,611797,1.223814E7,139,20,319.0,19,178949,582,467,732773080,611686,3904431,800604,729,12.6218825,22.84,4.59,13.7120804
PALADIN,46,94,149,43,41,43,49,146,2265,2309,116,624367,1.2486E7,139,20,327.3333333333333,19,180901,588,474,756770923,624335,3983867,819277,1386,12.628690833333334,22.92,4.59,13.8937444
PALADIN,46,95,151,43,42,43,51,147,2316,2362,118,637079,1.273668E7,141,20,370.84615384615387,20,182911,595,480,781063278,636984,4064325,838020,515,12.63551388888889,22.99,4.58,14.0761915
PALADIN,46,96,153,43,43,45,51,150,2380,2433,121,649943,1.298826E7,143,20,334.1578947368421,20,185084,601,483,805758480,649815,4144409,856898,596,12.642351388888889,23.07,4.57,14.2594166
PALADIN,46,97,156,43,45,45,51,151,2427,2493,123,662444,1.323336E7,143,20,332.4736842105263,20,186846,608,490,830455199,662399,4222665,875232,158,12.649203333333332,23.07,4.55,14.4434148
PALADIN,46,98,156,43,46,46,51,155,2474,2549,125,675347,1.348524E7,145,20,331.94736842105266,20,188717,614,494,856056241,675269,4302925,894093,799,12.656069444444444,23.11,4.54,14.6281812
PALADIN,46,99,158,45,46,46,51,157,2525,2602,127,688394,1.374012E7,145,20,341.89473684210526,20,190645,621,498,882100593,688319,4384233,913220,281,12.700121666666666,23.11,4.54,14.8137112
PALADIN,46,100,159,45,47,46,52,160,2578,2657,129,701590,1.399764E7,147,20,326.57894736842104,20,192575,627,502,908833255,701514,4466276,932458,163,12.707402777777778,23.15,4.53,15.0
PALADIN,47,1,9,11,8,8,11,7,10,7,0,0,0.0,19,9,95.0,1,0,1,1,0,0,0,0,0,12.019569166666667,9.44,4.92,0.7
PALADIN,47,2,10,12,8,8,11,7,17,13,0,31,780.0,20,9,95.0,1,34,5,5,350,19,304,34,82,12.022219166666666,9.44,4.92,0.7
PALADIN,47,3,11,13,9,8,11,8,32,24,1,223,5580.0,21,9,96.0,1,240,10,11,6930,219,2125,240,48,12.0251675,9.44,4.91,0.8
PALADIN,47,4,12,13,9,8,11,9,40,30,1,583,14460.0,22,9,98.0,1,643,15,15,25510,576,5468,643,34,12.025953611111111,9.44,4.91,0.9
PALADIN,47,5,13,13,9,9,11,9,48,36,1,1087,26460.0,23,9,115.0,2,1140,19,24,62156,1082,9860,1140,26,12.026795,9.47,4.91,0.9
PALADIN,47,6,15,13,10,9,11,10,62,45,2,1746,42180.0,25,10,102.0,2,1857,25,27,120438,1745,15638,1857,5,12.027679722222222,10.47,4.9,1.0
PALADIN,47,7,15,13,11,9,11,11,67,52,2,2568,62040.0,25,10,119.0,2,2768,30,32,207096,2545,23079,2768,2,12.028601111111112,10.47,4.89,1.1
PALADIN,47,8,16,13,12,9,11,11,73,59,2,3534,85320.0,27,10,121.0,2,3834,35,39,329024,3520,31746,3834,16,12.029553611111112,10.47,4.88,1.1
PALADIN,47,9,16,13,12,9,12,14,83,72,3,4657,112260.0,27,10,125.0,2,5144,40,43,494935,4654,41781,5144,69,12.03053388888889,10.5,4.88,1.4
PALADIN,47,10,16,14,12,9,12,15,88,78,3,5929,142800.0,28,10,121.0,3,6541,44,48,706114,5923,53169,6541,109,12.034472222222222,10.5,4.88,1.5
PALADIN,47,11,16,14,13,9,12,16,93,85,3,7359,176700.0,29,10,123.5,3,8190,48,54,963555,7351,65688,8190,101,12.035595555555556,10.5,4.87,1.6
PALADIN,47,12,16,14,14,9,12,17,98,92,3,8934,214020.0,29,10,137.0,3,9928,52,58,1275100,8917,79486,9928,49,12.036741666666666,10.5,4.86,1.7
PALADIN,47,13,17,16,14,9,12,18,112,100,4,10657,254700.0,30,10,140.5,3,11820,58,65,1648894,10628,94501,11820,155,12.044496944444445,10.5,4.86,1.8
PALADIN,47,14,18,17,14,9,12,18,121,106,4,12536,298920.0,31,11,133.0,3,13911,63,70,2092761,12518,110760,13911,47,12.049352777777777,11.5,4.86,1.8
PALADIN,47,15,19,17,14,10,13,19,134,117,5,14563,346260.0,32,11,141.66666666666666,4,16252,68,75,2608734,14533,128087,16252,123,12.050874166666667,11.55,4.86,1.9
PALADIN,47,16,19,18,14,10,13,20,142,121,5,16743,396780.0,33,11,153.0,4,18709,72,80,3204005,16741,146422,18709,57,12.056138888888889,11.55,4.86,2.0
PALADIN,47,17,19,18,14,10,14,21,151,126,5,19070,450420.0,33,11,151.33333333333334,4,21369,76,84,3876290,19051,165839,21369,11,12.057814166666667,11.58,4.86,2.1
PALADIN,47,18,21,18,15,10,14,22,170,138,6,21540,507360.0,35,11,151.66666666666666,4,24120,84,88,4630113,21526,186455,24120,156,12.059510277777777,11.58,4.85,2.2
PALADIN,47,19,22,18,15,11,14,22,178,143,6,24169,567660.0,36,11,163.33333333333334,4,27086,89,92,5493489,24151,208217,27086,76,12.061226388888889,11.61,4.85,2.2
PALADIN,47,20,23,19,15,11,14,24,193,155,7,26947,631260.0,37,11,161.75,5,29517,97,99,6455128,26923,231152,30149,286,12.067182222222222,11.61,4.85,2.4
PALADIN,47,21,24,19,15,11,15,24,201,163,7,29879,697860.0,39,12,164.75,5,31964,102,104,7521234,29846,255002,33432,256,12.06905361111111,12.64,4.85,2.4
PALADIN,47,22,27,19,15,11,15,25,216,179,8,32953,767220.0,40,12,166.75,5,34083,113,110,8703920,32915,279718,36958,91,12.07094388888889,12.64,4.85,2.5
PALADIN,47,23,28,19,15,11,17,26,235,191,9,36184,840300.0,42,12,172.5,5,36245,119,117,10017791,36155,305806,40596,41,12.072851944444444,12.7,4.85,2.6
PALADIN,47,24,29,19,15,11,17,27,244,197,9,39565,916320.0,42,12,180.5,5,38540,125,119,11424737,39557,332809,44444,71,12.074777777777777,12.7,4.85,2.7
PALADIN,47,25,30,19,15,12,17,29,263,209,10,43095,995400.0,44,12,187.33333333333334,6,40424,132,124,12987494,43083,360822,48511,60,12.076720277777778,12.73,4.85,2.9
PALADIN,47,26,31,19,15,12,17,30,272,215,10,46780,1077600.0,45,13,179.4,6,42582,138,129,14670076,46758,389842,52689,187,12.07867888888889,13.73,4.85,3.0
PALADIN,47,27,33,19,15,13,17,31,289,231,11,50608,1162440.0,46,13,189.8,6,44827,146,134,16538324,50591,419601,57165,152,12.080653611111112,13.76,4.85,3.1
PALADIN,47,28,33,19,16,13,18,33,305,247,12,54589,1250340.0,47,13,181.0,6,47135,151,137,18503058,54547,450359,61769,272,12.082643333333333,13.79,4.84,3.3
PALADIN,47,29,34,20,16,13,18,33,315,255,12,58724,1341780.0,48,13,182.6,6,49360,156,146,20634775,58683,482422,66494,140,12.090021666666667,13.79,4.84,3.3
PALADIN,47,30,35,21,16,13,18,35,333,267,13,63004,1435980.0,49,13,202.46153846153845,7,51017,163,150,22955934,63003,515264,71484,93,12.097726388888889,13.79,4.84,3.5
PALADIN,47,31,38,22,16,13,18,35,353,284,14,67437,1532340.0,52,14,198.0,7,53345,171,154,25404564,67417,548491,76837,357,12.105760833333333,14.79,4.84,3.5
PALADIN,47,32,38,22,16,15,18,37,373,296,15,72021,1631880.0,52,14,190.83333333333334,7,55726,176,161,28018150,71993,582799,82377,336,12.108200833333333,14.85,4.84,3.7
PALADIN,47,33,38,22,16,16,18,38,381,304,15,76767,1734720.0,53,14,191.66666666666666,7,58176,181,164,30797813,76725,618163,88077,354,12.110656944444445,14.88,4.84,3.8
PALADIN,47,34,39,22,17,16,18,40,400,319,16,81642,1840320.0,53,14,200.16666666666666,7,59921,188,169,33792230,81601,654472,93939,172,12.113128055555556,14.88,4.83,4.0
PALADIN,47,35,41,23,17,16,18,41,421,332,17,86689,1949640.0,55,14,199.14285714285714,8,61603,195,176,37010957,86644,692098,99905,380,12.121949166666667,14.88,4.83,4.1
PALADIN,47,36,42,23,18,16,18,43,440,347,18,91873,2061120.0,57,15,208.0,8,64011,202,183,40398605,91869,730163,106059,416,12.124587222222223,15.88,4.82,4.3
PALADIN,47,37,45,23,18,16,18,44,460,360,19,97201,2174640.0,58,15,206.85714285714286,8,66456,210,187,43946061,97170,768639,112596,224,12.127240277777778,15.88,4.82,4.4
PALADIN,47,38,46,23,18,16,18,45,469,366,19,102707,2291760.0,60,15,214.14285714285714,8,68530,216,190,47765679,102680,808253,119269,136,12.129908333333333,15.88,4.82,4.5
PALADIN,47,39,48,23,18,16,18,47,486,383,20,108342,2411640.0,61,15,204.14285714285714,8,70304,224,195,51722638,108320,848830,126117,472,12.132590833333333,15.88,4.82,4.7
PALADIN,47,40,50,23,19,17,18,47,506,396,21,114139,2534340.0,63,16,231.06666666666666,9,72072,230,200,55976021,114115,890144,133261,497,12.135287222222223,16.91,4.81,4.7
PALADIN,47,41,51,24,19,17,19,48,523,414,22,120084,2658060.0,64,16,211.25,9,74537,236,205,60359944,120037,931089,140558,37,12.145228611111111,16.95,4.81,4.8
PALADIN,47,42,53,25,19,18,19,48,545,430,23,126179,2783280.0,65,16,214.625,9,76873,243,211,65019202,126162,971879,147841,462,12.155530555555556,16.98,4.81,4.8
PALADIN,47,43,54,25,21,18,19,49,564,450,24,132426,2912220.0,67,16,218.125,9,78535,249,214,69894577,132369,1014190,155484,46,12.15855611111111,16.98,4.79,4.9
PALADIN,47,44,55,25,22,18,20,50,583,470,25,138817,3044700.0,67,16,213.25,9,80238,255,220,75041906,138801,1057918,163361,268,12.161595833333333,17.01,4.78,5.0
PALADIN,47,45,56,26,22,18,20,52,602,486,26,145344,3179340.0,69,17,247.625,10,82040,261,226,80418746,145300,1102199,171489,422,12.172584444444444,18.01,4.78,5.2
PALADIN,47,46,58,26,22,19,21,52,624,501,27,152010,3314280.0,71,17,223.33333333333334,10,84609,268,231,86080061,151993,1145568,179610,137,12.175800277777778,18.07,4.78,5.2
PALADIN,47,47,60,28,22,19,21,54,659,524,29,158834,3452280.0,72,17,237.88888888888889,10,86730,275,235,91971070,158809,1189918,188017,578,12.195680833333334,18.07,4.78,5.4
PALADIN,47,48,61,28,22,19,22,56,679,544,30,165805,3593520.0,73,17,236.66666666666666,10,88443,281,241,98128651,165793,1235404,196553,78,12.199226666666666,18.11,4.78,5.6
PALADIN,47,49,63,28,22,19,23,59,717,570,32,172930,3735180.0,74,18,223.55555555555554,10,90187,289,246,104624508,172876,1280038,205289,282,12.202787777777777,19.14,4.78,5.9
PALADIN,47,50,63,29,22,20,23,61,739,588,33,180203,3878400.0,75,18,231.3,11,92006,294,252,111330260,180128,1324588,214099,480,12.215239166666667,19.17,4.78,6.1
PALADIN,47,51,66,31,22,20,24,61,777,619,35,187617,4023060.0,78,18,247.5,11,94465,301,256,118390971,187546,1369048,222859,84,12.237229722222223,19.2,4.78,6.1
PALADIN,47,52,67,31,22,20,24,64,804,637,36,195191,4171140.0,78,19,232.9,11,96818,308,260,125774111,195190,1414640,231959,163,12.241303055555555,20.2,4.78,6.4
PALADIN,47,53,69,31,22,20,25,67,838,669,38,202914,4320000.0,80,19,237.7,11,98591,315,266,133369908,202912,1459675,241316,291,12.245392222222222,20.24,4.78,6.7
PALADIN,47,54,71,31,22,21,25,68,864,687,39,210785,4471320.0,81,19,236.5,11,100374,322,274,141217138,210713,1505364,250856,547,12.249497222222223,20.27,4.78,6.8
PALADIN,47,55,73,31,22,22,25,71,902,716,41,218805,4626180.0,83,20,241.8181818181818,12,102216,329,279,149553349,218749,1552345,260489,837,12.253617777777778,21.3,4.78,7.1
PALADIN,47,56,75,31,22,22,27,71,928,737,42,226972,4781700.0,85,20,251.0909090909091,12,104878,336,283,158095738,226938,1598631,270466,685,12.257753611111111,21.37,4.78,7.1
PALADIN,47,57,79,31,22,22,28,72,967,769,44,235285,4946280.0,87,20,246.8181818181818,12,107193,343,287,167133549,235275,1650259,281538,502,12.261904444444445,21.4,4.78,7.2
PALADIN,47,58,81,32,22,22,29,74,1005,800,46,243763,5114100.0,89,20,251.27272727272728,12,109069,350,291,176387107,243699,1702969,292908,422,12.2764025,21.44,4.78,7.4
PALADIN,47,59,82,32,24,22,29,75,1032,820,47,252392,5284560.0,90,20,255.72727272727272,12,110986,356,295,186050274,252332,1756366,304576,486,12.280745277777777,21.44,4.76,7.5
PALADIN,47,60,84,32,24,24,29,77,1069,851,49,261158,5457420.0,92,20,282.5263157894737,13,112947,363,301,196094038,261152,1810462,316399,490,12.285103055555556,21.51,4.76,7.7
PALADIN,47,61,85,34,24,25,29,79,1107,880,51,270076,5632020.0,93,20,259.3333333333333,13,115597,369,305,206271880,269984,1864705,328275,537,12.311319722222223,21.54,4.76,7.9
PALADIN,47,62,87,34,24,25,31,81,1149,916,53,278750,5802360.0,94,20,263.5,13,117366,376,311,216440981,278733,1917722,339801,87,12.316038055555556,21.61,4.76,8.1
PALADIN,47,63,87,34,24,26,32,83,1175,939,54,287838,5980380.0,95,20,262.5,13,119204,382,316,227402066,287757,1973072,351945,45,12.320771666666667,21.68,4.76,8.3
PALADIN,47,64,89,34,24,26,33,86,1213,972,56,297073,6160680.0,96,20,258.3333333333333,13,121081,389,320,238644799,297063,2028795,364263,651,12.325520555555556,21.71,4.76,8.6
PALADIN,47,65,89,34,25,27,34,89,1249,1011,58,306456,6343620.0,97,20,294.6,14,122963,395,325,250239467,306375,2085400,376843,114,12.330284722222222,21.78,4.75,8.9
PALADIN,47,66,91,34,27,27,35,90,1289,1051,60,315992,6528180.0,99,20,267.46153846153845,14,125299,402,331,262210237,315900,2141950,389492,536,12.335063611111112,21.82,4.73,9.0
PALADIN,47,67,93,34,27,28,36,92,1327,1087,62,325580,6714000.0,100,20,268.0769230769231,14,127093,408,335,274620112,325567,2199052,402121,219,12.3398575,21.89,4.73,9.2
PALADIN,47,68,94,35,28,28,36,93,1352,1112,63,334950,6894780.0,102,20,267.2307692307692,14,128893,414,342,286835971,334867,2254428,414627,409,12.356865833333334,21.89,4.72,9.3
PALADIN,47,69,96,35,28,28,37,96,1392,1148,65,344687,7083600.0,103,20,275.61538461538464,14,130670,421,346,299856337,344599,2312649,427445,622,12.361859166666667,21.92,4.72,9.6
PALADIN,47,70,97,36,28,28,38,99,1433,1184,67,354581,7274880.0,104,20,310.14285714285717,15,132550,428,352,313135039,354487,2371402,440614,428,12.379481111111112,21.96,4.72,9.7629389
PALADIN,47,71,99,37,28,28,39,101,1475,1226,69,364612,7467300.0,106,20,275.7857142857143,15,135188,434,357,327055210,364553,2429874,453867,1052,12.397534444444444,21.99,4.72,9.9249728
PALADIN,47,72,100,38,29,28,39,104,1521,1265,71,374791,7662840.0,107,20,283.57142857142856,15,136926,441,364,341261541,374729,2489504,467190,98,12.41602138888889,21.99,4.71,10.0879352
PALADIN,47,73,104,38,29,28,40,105,1567,1307,73,384699,7854720.0,110,20,275.64285714285717,15,138668,448,367,355154420,384592,2548699,480308,38,12.421596388888888,22.03,4.71,10.2518183
PALADIN,47,74,107,38,29,29,40,107,1612,1348,75,395053,8061420.0,111,20,282.0,15,140591,455,372,370076136,394948,2614965,494916,40,12.427186944444445,22.07,4.71,10.4166145
PALADIN,47,75,109,38,29,30,41,109,1655,1389,77,405544,8269560.0,113,20,282.8666666666667,16,142528,462,376,385470158,405444,2681184,509863,904,12.432793055555555,22.14,4.71,10.5823161
PALADIN,47,76,110,39,29,31,42,111,1700,1432,79,416189,8479140.0,115,20,283.53333333333336,16,145255,468,381,401182164,416080,2747247,524817,1160,12.452294722222222,22.21,4.71,10.7489159
PALADIN,47,77,113,40,29,31,43,112,1751,1476,81,426978,8691540.0,116,20,301.06666666666666,16,147119,475,385,417629567,426904,2814165,539990,227,12.472241111111112,22.25,4.71,10.9164066
PALADIN,47,78,115,40,29,32,43,115,1797,1519,83,437450,8897820.0,118,20,297.73333333333335,16,148883,482,392,433654037,437402,2879220,554708,162,12.478250555555556,22.28,4.71,11.0847812
PALADIN,47,79,117,41,30,32,44,116,1843,1562,85,448317,9111540.0,119,20,297.0,16,150795,488,396,450887862,448313,2946474,570018,274,12.498840277777777,22.32,4.7,11.2540328
PALADIN,47,80,119,41,30,32,45,119,1886,1609,87,459327,9328620.0,121,20,293.125,17,152738,495,401,468181544,459317,3015133,585506,1060,12.505062777777777,22.36,4.7,11.4241545
PALADIN,47,81,120,41,31,32,45,123,1930,1654,89,470473,9546180.0,123,20,293.625,17,155285,502,409,485855683,470385,3083153,601052,368,12.511301111111111,22.36,4.69,11.5951398
PALADIN,47,82,122,41,31,33,46,125,1980,1700,91,481772,9766560.0,124,20,305.125,17,157103,508,413,504111506,481716,3151964,616762,499,12.517555,22.43,4.69,11.7669823
PALADIN,47,83,123,41,32,33,46,129,2028,1744,93,492791,9981480.0,125,20,294.4375,17,158920,515,418,522265024,492752,3219157,632086,444,12.523824444444445,22.43,4.68,11.9396754
PALADIN,47,84,125,41,32,35,46,131,2073,1791,95,504251,1.02057E7,126,20,310.0625,17,160761,522,422,541129162,504127,3289643,647980,1449,12.530108888888888,22.5,4.68,12.113213
PALADIN,47,85,128,41,32,35,47,133,2119,1841,97,515865,1.043262E7,129,20,343.7083333333333,18,162601,529,426,560727330,515783,3360759,664165,30,12.53640888888889,22.54,4.68,12.287589
PALADIN,47,86,130,41,34,35,47,135,2166,1888,99,527626,1.066008E7,131,20,317.52941176470586,18,165109,535,431,580760997,527522,3431202,680412,426,12.54272361111111,22.54,4.66,12.4627973
PALADIN,47,87,133,43,34,35,48,135,2217,1933,101,539542,1.089042E7,131,20,318.0,18,166940,542,435,601573675,539443,3502618,696917,727,12.581347777777777,22.58,4.66,12.6388321
PALADIN,47,88,135,43,34,35,49,138,2268,1976,103,551051,1.111572E7,133,20,304.2352941176471,18,168780,549,441,621887431,550971,3573613,713163,371,12.588065277777778,22.62,4.66,12.8156876
PALADIN,47,89,138,43,35,35,49,140,2315,2029,105,563018,1.135452E7,133,20,321.52941176470586,18,170783,555,448,643015815,562941,3650763,730989,99,12.594798611111111,22.62,4.65,12.9933581
PALADIN,47,90,141,43,37,35,50,142,2383,2095,108,575128,1.159638E7,135,20,313.3888888888889,19,172774,562,451,664594403,575044,3729085,749008,1555,12.601546944444445,22.65,4.63,13.1718381
PALADIN,47,91,143,43,38,36,51,143,2432,2144,110,587375,1.183938E7,137,20,324.6111111111111,19,175089,569,456,687106938,587329,3807221,766913,164,12.608310555555555,22.73,4.62,13.351122
PALADIN,47,92,144,43,39,38,51,145,2478,2194,112,599645,1.208214E7,137,20,328.44444444444446,19,177004,575,464,709772247,599522,3885198,784971,233,12.615089166666667,22.8,4.61,13.5312046
PALADIN,47,93,145,43,40,39,51,148,2526,2246,114,611827,1.23231E7,139,20,314.55555555555554,19,178936,581,468,732673494,611715,3962594,802931,1131,12.6218825,22.84,4.6,13.7120804
PALADIN,47,94,148,43,42,39,51,149,2574,2300,116,624392,1.257126E7,139,20,324.0,19,180859,588,472,756429316,624364,4042259,821440,1600,12.628690833333334,22.84,4.58,13.8937444
PALADIN,47,95,149,43,44,39,51,152,2622,2356,118,637103,1.282164E7,141,20,364.0,20,182867,595,478,780608405,637013,4122670,840072,106,12.63551388888889,22.84,4.56,14.0761915
PALADIN,47,96,152,43,46,39,51,155,2691,2424,121,649970,1.307364E7,143,20,323.6842105263158,20,185048,602,483,805581908,649844,4203267,858766,404,12.642351388888889,22.84,4.54,14.2594166
PALADIN,47,97,154,43,47,41,51,156,2744,2475,123,662472,1.331808E7,143,20,332.4736842105263,20,186828,608,488,830211759,662428,4281262,876908,556,12.649203333333332,22.92,4.53,14.4434148
PALADIN,47,98,157,43,47,42,52,157,2793,2527,125,675378,1.357056E7,145,20,327.7368421052632,20,188717,615,492,855890493,675298,4362052,895699,1041,12.656069444444444,22.99,4.53,14.6281812
PALADIN,47,99,158,45,47,42,53,159,2841,2580,127,688430,1.382562E7,145,20,330.3157894736842,20,190565,621,496,882057380,688348,4443534,914782,1193,12.700121666666666,23.03,4.53,14.8137112
PALADIN,47,100,160,46,47,42,53,162,2892,2631,129,701624,1.40829E7,147,20,331.8421052631579,20,192505,628,500,908871685,701543,4525510,933981,952,12.726308611111111,23.03,4.53,15.0
PALADIN,48,1,4,8,17,7,8,10,9,6,0,0,0.0,17,8,95.0,1,0,1,1,0,0,0,0,0,12.013353888888888,8.33,4.83,1.0
PALADIN,48,2,4,8,17,7,9,11,12,12,0,28,720.0,17,9,95.0,1,24,5,7,310,17,286,24,66,12.013658888888889,9.36,4.83,1.1
PALADIN,48,3,6,9,17,7,10,11,23,23,1,212,4980.0,19,9,96.0,1,201,9,13,6530,204,1788,201,56,12.016188055555556,9.38,4.83,1.1
PALADIN,48,4,7,9,17,7,10,12,28,26,1,576,13920.0,19,9,98.0,1,602,13,18,25454,565,5154,602,90,12.01669388888889,9.38,4.83,1.2
PALADIN,48,5,8,10,17,7,10,12,33,29,1,1080,26400.0,21,9,115.0,2,1162,18,23,63697,1078,9884,1162,22,12.019557777777777,9.38,4.83,1.2
PALADIN,48,6,10,11,18,7,10,12,45,40,2,1745,42660.0,23,9,102.0,2,1887,22,27,121484,1729,16030,1887,9,12.022651666666667,9.38,4.82,1.2
PALADIN,48,7,10,11,19,7,10,13,51,44,2,2564,62580.0,23,9,119.0,2,2776,26,32,209741,2557,23530,2776,58,12.023405555555556,9.38,4.81,1.3
PALADIN,48,8,11,11,19,7,10,14,56,47,2,3534,86040.0,24,9,107.0,2,3851,31,38,333555,3523,32345,3851,116,12.024185277777777,9.38,4.81,1.4
PALADIN,48,9,12,12,19,7,11,15,70,54,3,4651,112860.0,25,10,124.0,2,5084,36,44,493553,4627,42380,5084,21,12.0277375,10.41,4.81,1.5
PALADIN,48,10,14,12,19,7,11,15,76,61,3,5920,143340.0,27,10,121.0,3,6497,42,47,698930,5902,53787,6497,65,12.028650555555556,10.41,4.81,1.5
PALADIN,48,11,15,12,19,7,12,15,82,68,3,7350,177240.0,28,10,126.5,3,8071,46,55,960248,7333,66349,8071,105,12.029584166666666,10.44,4.81,1.5
PALADIN,48,12,16,13,19,7,12,15,88,72,3,8936,214740.0,29,10,126.0,3,9837,51,59,1273470,8929,80229,9837,157,12.033615277777777,10.44,4.81,1.5
PALADIN,48,13,18,13,19,8,12,16,103,81,4,10658,255420.0,31,10,133.0,3,11719,58,64,1648435,10640,95325,11719,111,12.034683055555556,10.47,4.81,1.6
PALADIN,48,14,18,13,20,8,12,17,110,86,4,12534,299460.0,31,10,133.0,3,13815,62,69,2083980,12518,111569,13815,91,12.035768888888889,10.47,4.8,1.7
PALADIN,48,15,19,13,20,8,14,18,121,100,5,14555,346620.0,32,11,152.0,4,16030,68,73,2591096,14533,128894,16030,155,12.036871666666666,11.52,4.8,1.8
PALADIN,48,16,20,13,20,8,14,19,127,104,5,16735,396960.0,34,11,153.0,4,18502,73,78,3190792,16709,147218,18502,17,12.03799,11.52,4.8,1.9
PALADIN,48,17,20,13,20,9,14,20,132,110,5,19059,450540.0,34,11,151.0,4,21092,77,84,3872958,19055,166699,21092,215,12.039123611111112,11.55,4.8,2.0
PALADIN,48,18,23,13,20,9,15,20,146,122,6,21531,507360.0,36,11,151.0,4,23850,87,88,4631771,21525,187337,23850,264,12.04027138888889,11.58,4.8,2.0
PALADIN,48,19,23,13,20,9,16,21,153,128,6,24160,567660.0,36,11,156.0,4,26794,91,93,5491221,24153,209208,26794,156,12.041432777777779,11.61,4.8,2.1
PALADIN,48,20,24,15,20,9,16,22,166,138,7,26936,631080.0,38,11,161.5,5,29352,97,100,6458367,26925,232128,29839,162,12.050589444444444,11.61,4.8,2.2
PALADIN,48,21,24,15,20,9,16,24,172,145,7,29873,697920.0,39,12,172.25,5,31924,102,103,7512978,29851,256233,33048,156,12.051998611111111,12.61,4.8,2.4
PALADIN,48,22,26,16,20,10,16,24,188,157,8,32952,767160.0,40,12,165.75,5,34052,110,112,8696499,32932,280912,36633,95,12.057723611111111,12.64,4.8,2.4
PALADIN,48,23,28,16,20,10,17,25,203,171,9,36185,839940.0,42,12,168.25,5,36245,118,114,10006973,36172,306887,40322,237,12.05927638888889,12.67,4.8,2.5
PALADIN,48,24,29,16,20,10,17,26,212,178,9,39558,915360.0,42,12,175.5,5,38629,124,119,11418589,39532,333673,44218,163,12.060843055555555,12.67,4.8,2.6
PALADIN,48,25,33,16,20,10,17,26,228,192,10,43085,994320.0,45,13,175.8,6,40609,135,123,12970904,43057,361748,48215,132,12.062423611111111,13.67,4.8,2.6
PALADIN,48,26,33,17,20,10,17,27,236,197,10,46769,1075980.0,46,13,188.0,6,42808,139,129,14652926,46747,390523,52501,263,12.068848333333333,13.67,4.8,2.7
PALADIN,48,27,34,19,20,10,17,28,252,211,11,50592,1160280.0,47,13,179.6,6,45089,145,135,16462773,50547,420112,56970,60,12.080653611111112,13.67,4.8,2.8
PALADIN,48,28,36,19,21,10,17,29,270,222,12,54575,1248060.0,49,13,181.2,6,47429,153,143,18440564,54542,450880,61625,336,12.082643333333333,13.67,4.79,2.9
PALADIN,48,29,36,19,22,10,17,30,279,228,12,58711,1339080.0,49,13,182.6,6,49544,157,147,20587618,58707,482781,66409,52,12.084647777777779,13.67,4.78,3.0
PALADIN,48,30,37,20,22,11,17,31,294,240,13,62987,1433100.0,50,13,206.3846153846154,7,51221,163,152,22834357,62970,515769,71353,277,12.092168888888889,13.7,4.78,3.1
PALADIN,48,31,38,21,23,11,17,32,311,253,14,67423,1529880.0,52,14,191.33333333333334,7,53536,169,155,25243535,67377,549501,76501,161,12.10001861111111,14.7,4.77,3.2
PALADIN,48,32,39,21,24,11,18,33,330,267,15,72002,1629120.0,52,14,196.66666666666666,7,55888,175,160,27889117,71999,583817,81970,68,12.102326111111111,14.73,4.76,3.3
PALADIN,48,33,40,21,24,11,18,34,341,274,15,76746,1731660.0,54,14,192.16666666666666,7,58274,181,165,30695792,76731,619262,87697,34,12.104648888888889,14.73,4.76,3.4
PALADIN,48,34,41,21,24,12,18,36,359,287,16,81634,1837260.0,54,14,193.5,7,59963,188,171,33698168,81591,655780,93505,1792,12.106985833333333,14.76,4.76,3.6
PALADIN,48,35,41,21,25,13,18,38,375,304,17,86669,1946040.0,55,14,219.28571428571428,8,61653,193,177,36888623,86667,693370,99487,196,12.109337222222223,14.79,4.75,3.8
PALADIN,48,36,43,21,25,13,18,40,392,319,18,91857,2057280.0,57,15,200.28571428571428,8,64035,201,181,40233151,91819,731581,105619,444,12.1117025,15.79,4.75,4.0
PALADIN,48,37,44,21,25,13,19,42,410,335,19,97189,2170680.0,58,15,207.0,8,66460,208,185,43793675,97177,770166,112156,168,12.11408138888889,15.82,4.75,4.2
PALADIN,48,38,45,21,25,13,19,43,418,344,19,102692,2287620.0,59,15,202.42857142857142,8,68391,214,189,47559545,102687,809944,118805,368,12.116473333333333,15.82,4.75,4.3
PALADIN,48,39,47,22,25,13,19,44,437,359,20,108325,2407020.0,60,15,203.0,8,70138,221,195,51520083,108292,850497,125650,296,12.125703333333334,15.82,4.75,4.4
PALADIN,48,40,47,22,25,15,19,46,457,371,21,114118,2529540.0,61,15,234.46666666666667,9,71911,226,200,55770853,114112,891968,132702,201,12.12826,15.88,4.75,4.6
PALADIN,48,41,47,22,25,16,19,49,475,385,22,120062,2654640.0,62,15,218.0,9,74398,232,205,60161253,120029,934135,139930,57,12.130829444444444,15.91,4.75,4.9
PALADIN,48,42,48,22,25,17,20,50,492,401,23,126153,2782620.0,63,16,212.0,9,76867,238,210,64861813,126151,977165,147348,78,12.133412222222223,16.98,4.75,5.0
PALADIN,48,43,50,22,26,18,20,50,512,420,24,132411,2913240.0,65,16,220.75,9,78696,245,215,69786825,132388,1020820,155077,386,12.136007222222222,17.01,4.74,5.0
PALADIN,48,44,52,22,26,19,21,50,534,437,25,138799,3046680.0,66,16,213.5,9,80475,252,222,74882200,138758,1065513,162998,228,12.138614722222222,17.07,4.74,5.0
PALADIN,48,45,53,22,28,19,21,51,553,455,26,145325,3182640.0,67,16,245.25,10,82320,258,226,80237723,145292,1110915,171144,110,12.141234444444445,17.07,4.72,5.1
PALADIN,48,46,54,23,29,19,21,52,574,470,27,151996,3320880.0,69,16,232.33333333333334,10,84866,264,231,85911444,151992,1156866,179374,349,12.151748611111111,17.07,4.71,5.2
PALADIN,48,47,55,26,29,19,21,54,605,495,29,158818,3461400.0,69,17,235.88888888888889,10,86998,270,236,91797080,158754,1203393,187892,214,12.179030277777779,18.07,4.71,5.4
PALADIN,48,48,56,26,29,20,21,56,624,511,30,165791,3604560.0,71,17,230.22222222222223,10,88702,277,239,98029906,165772,1250543,196747,222,12.182274444444445,18.11,4.71,5.6
PALADIN,48,49,57,27,29,20,22,59,651,542,32,172913,3747240.0,71,17,223.66666666666666,10,90466,283,248,104439157,172872,1296234,205432,402,12.194128333333333,18.14,4.71,5.9
PALADIN,48,50,58,27,29,21,22,61,676,560,33,180182,3893340.0,73,17,257.4117647058824,11,92235,290,254,111275793,180153,1343184,214395,392,12.197551388888888,18.17,4.71,6.1
PALADIN,48,51,61,27,29,22,22,63,711,588,35,187597,4039800.0,75,18,245.6,11,94751,298,257,118315809,187528,1389296,223159,20,12.20098861111111,19.2,4.71,6.3
PALADIN,48,52,61,28,29,22,23,65,735,605,36,195170,4190400.0,75,18,232.8,11,96904,304,261,125676795,195103,1437109,232594,31,12.213559166666666,19.24,4.71,6.5
PALADIN,48,53,63,28,29,22,24,68,772,631,38,202890,4341600.0,77,18,249.7,11,98648,311,267,133327465,202825,1484196,242056,195,12.217178333333333,19.27,4.71,6.8
PALADIN,48,54,65,29,29,22,24,69,795,652,39,210761,4496400.0,78,19,236.5,11,100347,318,274,141286372,210722,1532664,251679,615,12.230308055555556,20.27,4.71,6.9
PALADIN,48,55,67,29,30,23,24,71,827,679,41,218781,4650480.0,80,19,270.1111111111111,12,102125,325,278,149549405,218759,1579457,261377,317,12.234111666666667,20.3,4.7,7.1
PALADIN,48,56,68,29,30,24,24,73,847,700,42,226958,4806720.0,82,19,258.3636363636364,12,104664,332,282,158110973,226895,1626684,271208,941,12.237929444444445,20.34,4.7,7.3
PALADIN,48,57,71,30,30,24,25,74,884,734,44,235269,4971360.0,83,19,248.54545454545453,12,106919,339,285,167001572,235211,1678833,282119,614,12.251799166666666,20.37,4.7,7.4
PALADIN,48,58,73,30,30,27,25,75,923,763,46,243743,5139000.0,85,20,260.27272727272725,12,108803,346,292,176224969,243669,1731858,293460,598,12.255804166666667,21.47,4.7,7.5
PALADIN,48,59,74,31,30,27,26,76,948,784,47,252371,5308620.0,86,20,250.1818181818182,12,110737,352,296,185823314,252311,1785088,305163,610,12.270250555555556,21.51,4.7,7.6
PALADIN,48,60,75,32,31,27,27,78,986,816,49,261137,5480880.0,87,20,289.57894736842104,13,112704,358,301,195792641,261083,1839188,317105,290,12.285103055555556,21.54,4.69,7.8
PALADIN,48,61,76,34,32,27,27,80,1025,851,51,270057,5654520.0,89,20,264.3333333333333,13,115593,364,306,205915937,269984,1893145,329027,413,12.311319722222223,21.54,4.68,8.0
PALADIN,48,62,80,35,32,27,27,81,1065,887,53,278737,5823840.0,91,20,261.75,13,117311,372,313,216214365,278713,1945883,340569,939,12.327224722222223,21.54,4.68,8.1
PALADIN,48,63,80,35,32,29,27,83,1091,909,54,287819,6000180.0,92,20,259.1666666666667,13,119103,378,316,227148719,287813,2000508,352747,501,12.33212611111111,21.61,4.68,8.3
PALADIN,48,64,82,35,32,29,29,85,1134,942,56,297054,6179160.0,93,20,254.91666666666666,13,121019,385,320,238395939,297052,2055842,365173,303,12.337043055555556,21.68,4.68,8.5
PALADIN,48,65,84,36,32,29,30,87,1177,978,58,306444,6361380.0,95,20,295.45,14,122903,392,325,250016911,306381,2112330,377718,342,12.35373388888889,21.71,4.68,8.7
PALADIN,48,66,86,36,33,30,31,88,1222,1012,60,315975,6545400.0,97,20,267.46153846153845,14,125405,398,332,262016152,315881,2169004,390316,412,12.358852222222222,21.78,4.67,8.8
PALADIN,48,67,86,37,34,31,31,91,1261,1052,62,325569,6731220.0,97,20,263.61538461538464,14,127271,404,336,274299252,325484,2226552,402904,294,12.3761525,21.82,4.66,9.1
PALADIN,48,68,86,39,34,31,31,93,1289,1076,63,334938,6911640.0,98,20,263.9230769230769,14,129058,410,341,286658217,334893,2282013,415296,714,12.406350555555555,21.82,4.66,9.3
PALADIN,48,69,87,41,34,32,31,95,1336,1109,65,344674,7099320.0,98,20,268.0769230769231,14,130878,416,346,299597952,344595,2339839,428261,424,12.437520555555556,21.85,4.66,9.5
PALADIN,48,70,91,41,34,34,31,95,1383,1147,67,354567,7289520.0,101,20,272.7142857142857,15,132704,424,352,312990496,354524,2398191,441358,433,12.443575833333334,21.92,4.66,9.5
PALADIN,48,71,92,42,34,34,32,98,1431,1185,69,364594,7481820.0,103,20,282.92857142857144,15,135231,430,356,326601940,364506,2457078,454455,78,12.462840833333333,21.96,4.66,9.8
PALADIN,48,72,95,43,34,34,33,99,1481,1226,71,374778,7676400.0,104,20,276.5,15,137004,438,361,340852251,374732,2516305,467834,718,12.482544722222222,21.99,4.66,9.9
PALADIN,48,73,97,45,34,34,33,101,1530,1266,73,384686,7867200.0,106,20,289.92857142857144,15,138786,444,366,354784240,384585,2575079,481149,683,12.516430277777777,21.99,4.66,10.1
PALADIN,48,74,97,45,34,35,34,105,1580,1307,75,395037,8072700.0,106,20,283.5,15,140735,451,372,369831246,394968,2640828,495769,610,12.523278333333334,22.07,4.66,10.4166145
PALADIN,48,75,98,46,36,35,34,107,1631,1347,77,405525,8280060.0,108,20,326.3181818181818,16,142802,457,376,385028610,405462,2706917,510671,19,12.54431361111111,22.07,4.64,10.5823161
PALADIN,48,76,99,46,39,35,34,109,1682,1390,79,416167,8489700.0,109,20,284.53333333333336,16,145302,463,382,400796988,416154,2773557,525589,860,12.551383055555556,22.07,4.61,10.7489159
PALADIN,48,77,101,46,39,35,35,112,1734,1429,81,426959,8701320.0,110,20,283.8,16,147209,470,385,416943129,426900,2840693,540696,783,12.558471666666666,22.1,4.61,10.9164066
PALADIN,48,78,104,46,40,37,35,112,1787,1470,83,437425,8906460.0,113,20,297.73333333333335,16,149096,477,390,432994409,437411,2905690,555495,517,12.56557861111111,22.17,4.6,11.0847812
PALADIN,48,79,105,46,40,39,36,114,1838,1516,85,448290,9118920.0,113,20,284.26666666666665,16,151054,483,396,449692738,448259,2972931,570785,649,12.572704166666666,22.28,4.6,11.2540328
PALADIN,48,80,107,46,41,39,37,116,1889,1562,87,459297,9334260.0,115,20,330.0869565217391,17,152982,490,402,466915556,459279,3041161,586295,1002,12.579848055555555,22.32,4.59,11.4241545
PALADIN,48,81,110,46,41,39,38,118,1945,1605,89,470451,9551760.0,118,20,293.4375,17,155313,497,407,484692045,470447,3109822,601716,1026,12.58701,22.36,4.59,11.5951398
PALADIN,48,82,111,46,42,39,39,121,1998,1648,91,481745,9771480.0,118,20,293.6875,17,157125,504,411,502759744,481657,3179099,617464,248,12.59419,22.39,4.58,11.7669823
PALADIN,48,83,113,47,42,39,40,123,2050,1697,93,492768,9985800.0,120,20,309.4375,17,158899,510,415,520903497,492693,3246611,632855,48,12.617109722222223,22.43,4.58,11.9396754
PALADIN,48,84,117,47,43,39,41,123,2107,1742,95,504228,1.020888E7,122,20,294.5,17,160727,517,421,539939689,504173,3316999,648845,640,12.62451361111111,22.47,4.57,12.113213
PALADIN,48,85,119,48,43,39,43,124,2160,1788,97,515850,1.043424E7,124,20,349.5416666666667,18,162622,524,426,559725786,515830,3387836,665043,1470,12.648104166666666,22.54,4.57,12.287589
PALADIN,48,86,121,48,43,39,44,127,2216,1836,99,527607,1.06608E7,126,20,303.4117647058824,18,165051,531,432,579579473,527512,3458583,681269,834,12.65573388888889,22.58,4.57,12.4627973
PALADIN,48,87,124,48,43,39,44,130,2272,1884,101,539526,1.089036E7,128,20,307.4117647058824,18,166885,538,435,600070184,539432,3530162,697740,611,12.663381388888888,22.58,4.57,12.6388321
PALADIN,48,88,126,48,44,39,45,132,2331,1930,103,551040,1.1115E7,130,20,313.88235294117646,18,168736,545,442,620358201,550984,3601385,713996,1301,12.671046944444445,22.62,4.56,12.8156876
PALADIN,48,89,128,49,45,39,45,134,2388,1976,105,563008,1.135308E7,131,20,308.5882352941176,18,170730,551,445,641730240,562944,3678788,731780,1225,12.69573361111111,22.62,4.55,12.9933581
PALADIN,48,90,131,49,45,40,47,136,2464,2041,108,575113,1.159326E7,133,20,355.04,19,172770,558,451,663492067,575040,3756716,749779,25,12.703627222222222,22.73,4.55,13.1718381
PALADIN,48,91,134,51,45,40,47,137,2523,2089,110,587365,1.183476E7,136,20,331.3333333333333,19,175231,565,457,685858782,587334,3834432,767732,854,12.74653,22.73,4.55,13.351122
PALADIN,48,92,136,51,45,42,47,139,2581,2134,112,599639,1.207668E7,137,20,322.94444444444446,19,177093,572,463,708417962,599574,3912353,785950,645,12.754848888888889,22.8,4.55,13.5312046
PALADIN,48,93,139,51,45,43,48,140,2642,2183,114,611821,1.23168E7,139,20,327.8888888888889,19,178955,579,466,731304810,611767,3989663,803792,1268,12.76318611111111,22.88,4.55,13.7120804
PALADIN,48,94,140,52,45,43,49,143,2701,2232,116,624385,1.256448E7,139,20,320.6666666666667,19,180883,585,472,754987637,624277,4069474,822394,508,12.789730833333333,22.92,4.55,13.8937444
PALADIN,48,95,142,52,46,43,51,144,2757,2289,118,637099,1.281468E7,141,20,367.0,20,182826,591,476,779610475,637065,4149910,841207,165,12.79830138888889,22.99,4.54,14.0761915
PALADIN,48,96,144,52,46,43,53,148,2839,2360,121,649964,1.306638E7,143,20,338.36842105263156,20,185093,598,482,804588642,649896,4230357,859870,991,12.806890277777779,23.07,4.54,14.2594166
PALADIN,48,97,146,53,46,45,53,149,2897,2415,123,662467,1.331064E7,143,20,335.63157894736844,20,186901,605,488,828899859,662337,4308312,878120,368,12.8343525,23.15,4.54,14.4434148
PALADIN,48,98,150,53,46,46,53,150,2955,2470,125,675366,1.35627E7,145,20,324.57894736842104,20,188786,612,494,854694605,675350,4388659,896991,713,12.843176944444444,23.19,4.54,14.6281812
PALADIN,48,99,152,53,46,46,54,153,3014,2525,127,688413,1.381722E7,145,20,327.2105263157895,20,190699,619,498,880798832,688400,4469705,916091,668,12.852019722222222,23.22,4.54,14.8137112
PALADIN,48,100,155,53,46,46,54,156,3071,2584,129,701609,1.407426E7,147,20,324.6842105263158,20,192624,626,505,907462296,701595,4551406,935394,225,12.860880277777778,23.22,4.54,15.0
PALADIN,49,1,12,11,9,10,10,9,10,8,0,0,0.0,21,9,95.0,1,0,1,1,0,0,0,0,0,12.019569166666667,9.47,4.91,0.9
PALADIN,49,2,13,12,9,10,10,9,17,14,0,28,780.0,21,9,95.0,1,33,6,3,340,21,324,33,70,12.022219166666666,9.47,4.91,0.9
PALADIN,49,3,15,13,10,10,10,9,33,25,1,206,4980.0,23,10,96.0,1,218,12,12,6640,196,1847,218,4,12.0251675,10.47,4.9,0.9
PALADIN,49,4,15,13,11,10,10,10,38,32,1,571,13440.0,23,10,98.0,1,618,17,17,25686,564,4865,618,62,12.025953611111111,10.47,4.89,1.0
PALADIN,49,5,16,13,11,10,11,10,46,37,1,1071,25260.0,25,10,115.0,2,1161,22,22,61828,1070,9173,1161,6,12.026795,10.5,4.89,1.0
PALADIN,49,6,18,13,12,10,11,11,59,49,2,1728,40680.0,27,10,116.0,2,1867,29,27,121450,1720,14779,1867,5,12.027679722222222,10.5,4.88,1.1
PALADIN,49,7,18,14,12,10,11,12,64,55,2,2555,59880.0,27,10,104.0,2,2740,34,32,208674,2530,21733,2740,78,12.03126111111111,10.5,4.88,1.2
PALADIN,49,8,19,14,12,10,12,12,70,62,2,3526,83280.0,28,10,107.0,2,3856,39,33,334361,3502,30479,3856,132,12.032302222222222,10.52,4.88,1.2
PALADIN,49,9,19,14,13,10,13,14,82,74,3,4641,109800.0,28,10,124.0,2,5073,44,42,496959,4622,40289,5073,73,12.033373611111111,10.55,4.87,1.4
PALADIN,49,10,20,15,13,10,13,14,90,80,3,5912,139500.0,30,11,132.66666666666666,3,6490,50,50,703106,5884,51119,6490,133,12.037447777777778,11.55,4.87,1.4
PALADIN,49,11,21,15,13,10,14,14,97,87,3,7341,172860.0,31,11,133.5,3,8136,55,53,965550,7322,63279,8136,149,12.038668055555556,11.58,4.87,1.4
PALADIN,49,12,21,15,13,10,15,15,103,95,3,8921,210000.0,31,11,137.0,3,9982,60,58,1284921,8903,76928,9982,37,12.039913055555555,11.61,4.87,1.5
PALADIN,49,13,23,16,13,11,15,15,117,105,4,10643,250200.0,33,11,133.5,3,11944,66,64,1647632,10619,91627,11944,7,12.044496944444445,11.64,4.87,1.5
PALADIN,49,14,23,16,13,11,16,16,125,111,4,12526,294360.0,33,11,136.5,3,14064,71,69,2097747,12500,107858,14064,123,12.04589,11.67,4.87,1.6
PALADIN,49,15,25,16,13,11,16,18,139,121,5,14557,341520.0,35,11,152.1,4,16396,79,74,2620897,14551,125011,16396,23,12.047304444444444,11.67,4.87,1.8
PALADIN,49,16,26,17,13,11,16,18,148,128,5,16731,391740.0,37,11,148.33333333333334,4,18870,84,78,3203661,16721,143224,18870,25,12.0524175,11.67,4.87,1.8
PALADIN,49,17,26,17,13,12,16,19,156,133,5,19061,445560.0,37,11,151.33333333333334,4,21438,89,84,3883223,19052,162777,21438,159,12.053981666666667,11.7,4.87,1.9
PALADIN,49,18,28,17,13,13,16,20,171,146,6,21526,501780.0,39,12,151.66666666666666,4,24322,96,89,4645128,21508,182958,24322,40,12.055565277777777,12.73,4.87,2.0
PALADIN,49,19,28,17,13,13,17,21,179,152,6,24163,560940.0,39,12,164.0,4,27359,101,95,5507337,24160,203850,27359,96,12.057167777777778,12.76,4.87,2.1
PALADIN,49,20,31,17,13,13,17,22,194,168,7,26934,623940.0,41,12,173.0,5,29879,109,99,6463179,26929,226409,30590,30,12.058788055555556,12.76,4.87,2.2
PALADIN,49,21,31,17,13,14,17,23,200,176,7,29871,689460.0,42,12,172.75,5,32288,114,106,7531341,29840,249475,33904,240,12.060425555555556,12.79,4.87,2.3
PALADIN,49,22,31,17,13,16,17,25,212,192,8,32941,758700.0,42,12,167.0,5,34425,119,110,8702297,32906,274117,37481,119,12.062079722222222,12.85,4.87,2.5
PALADIN,49,23,32,17,13,16,19,26,227,208,9,36171,831480.0,44,13,168.0,5,36607,125,115,10004730,36149,299982,41201,197,12.063749444444445,13.91,4.87,2.6
PALADIN,49,24,33,17,14,16,19,26,236,215,9,39547,906600.0,44,13,171.0,5,39055,131,119,11437627,39537,326365,45329,187,12.065434444444444,13.91,4.86,2.6
PALADIN,49,25,33,17,14,16,20,29,250,230,10,43088,985380.0,45,13,187.16666666666666,6,40805,136,124,13018195,43057,354085,49574,280,12.067134166666667,13.95,4.86,2.9
PALADIN,49,26,33,17,14,16,20,31,256,239,10,46765,1066980.0,46,13,177.4,6,43006,142,129,14720210,46747,382706,53906,59,12.068848333333333,13.95,4.86,3.1
PALADIN,49,27,35,17,14,16,20,33,271,256,11,50592,1151100.0,47,13,182.2,6,45216,149,136,16523129,50547,411984,58399,324,12.07057611111111,13.95,4.86,3.3
PALADIN,49,28,37,17,15,16,20,34,286,274,12,54577,1237560.0,49,14,181.2,6,47501,157,140,18502590,54530,441633,62884,320,12.072317222222223,14.95,4.85,3.4
PALADIN,49,29,37,17,15,17,20,35,292,283,12,58715,1328100.0,49,14,191.0,6,49737,161,144,20670760,58695,472996,67928,372,12.074071388888889,14.98,4.85,3.5
PALADIN,49,30,38,17,15,19,20,36,307,297,13,62992,1421460.0,51,14,204.84615384615384,7,51471,167,149,22978213,62958,505291,73107,177,12.075838055555556,15.04,4.85,3.6
PALADIN,49,31,40,18,15,19,21,36,323,316,14,67423,1517400.0,53,14,189.33333333333334,7,53870,174,155,25428801,67395,538205,78531,81,12.0831275,15.07,4.85,3.6
PALADIN,49,32,42,18,15,20,21,37,342,333,15,72008,1615800.0,54,14,190.83333333333334,7,56223,181,162,28078726,72006,571635,83985,64,12.085045277777779,15.11,4.85,3.7
PALADIN,49,33,43,18,15,20,21,38,349,343,15,76749,1718340.0,55,14,198.83333333333334,7,58358,187,165,30866417,76704,606846,89758,14,12.086975833333334,15.11,4.85,3.8
PALADIN,49,34,44,18,15,20,22,40,363,363,16,81634,1820280.0,56,15,206.83333333333334,7,59989,194,170,33902140,81625,640428,95534,860,12.088918055555556,16.14,4.85,4.0
PALADIN,49,35,45,18,15,20,22,43,381,380,17,86679,1928760.0,57,15,217.85714285714286,8,61764,200,174,37035857,86665,677433,101798,104,12.0908725,16.14,4.85,4.3
PALADIN,49,36,46,19,15,21,22,44,398,400,18,91872,2037240.0,59,15,200.42857142857142,8,64130,206,180,40346661,91831,713286,107994,328,12.099061388888888,16.17,4.85,4.4
PALADIN,49,37,47,19,16,21,22,46,412,422,19,97206,2149860.0,59,15,201.57142857142858,8,66591,213,185,43945348,97200,750938,114499,604,12.101170833333333,16.17,4.84,4.6
PALADIN,49,38,48,19,16,22,22,46,420,430,19,102708,2266380.0,61,15,205.57142857142858,8,68488,218,189,47770318,102687,790099,121201,308,12.103292222222223,16.2,4.84,4.6
PALADIN,49,39,49,19,16,22,24,47,437,450,20,108340,2381940.0,61,16,203.0,8,70147,224,197,51772761,108299,827568,127694,480,12.105425,17.27,4.84,4.7
PALADIN,49,40,51,19,16,22,24,49,453,470,21,114130,2499840.0,63,16,235.73333333333332,9,71873,232,200,56045579,114106,865416,134558,413,12.107569166666666,17.27,4.84,4.9
PALADIN,49,41,52,20,16,23,24,50,470,490,22,120079,2621880.0,65,16,222.875,9,74331,238,205,60505850,120022,905013,141781,109,12.116690277777778,17.3,4.84,5.0
PALADIN,49,42,53,20,16,24,24,52,484,511,23,126165,2745360.0,65,16,216.875,9,76683,244,211,65214349,126132,944510,148981,234,12.118993611111112,17.34,4.84,5.2
PALADIN,49,43,54,20,18,24,24,53,499,535,24,132419,2872740.0,67,16,228.125,9,78549,250,216,70164939,132404,985474,156500,426,12.121308333333333,17.34,4.82,5.3
PALADIN,49,44,55,21,18,25,24,54,519,555,25,138810,3001980.0,67,17,224.25,9,80263,256,222,75305669,138769,1026797,164044,48,12.13108888888889,18.37,4.82,5.4
PALADIN,49,45,56,21,19,25,24,56,538,576,26,145337,3132720.0,69,17,250.125,10,82045,263,226,80795254,145335,1068057,171959,98,12.13356638888889,18.37,4.81,5.6
PALADIN,49,46,57,21,19,25,25,58,555,597,27,152008,3265860.0,70,17,225.44444444444446,10,84567,269,230,86413711,151959,1110024,180109,449,12.136055,18.4,4.81,5.8
PALADIN,49,47,58,22,19,27,25,60,582,630,29,158835,3402180.0,71,17,238.0,10,86757,275,237,92302104,158769,1153007,188327,382,12.146509444444444,18.47,4.81,6.0
PALADIN,49,48,60,22,19,28,25,61,600,648,30,165808,3540480.0,73,18,232.22222222222223,10,88433,282,243,98553938,165798,1196189,196479,190,12.149164444444445,19.51,4.81,6.1
PALADIN,49,49,63,22,19,30,26,61,631,684,32,172932,3679920.0,74,18,223.44444444444446,10,90067,289,248,105039261,172886,1239078,205054,50,12.151830555555556,19.61,4.81,6.1
PALADIN,49,50,65,22,20,30,27,61,649,710,33,180207,3821820.0,76,18,258.05882352941177,11,91807,296,253,111890970,180176,1282507,213859,388,12.154508055555555,19.64,4.8,6.1
PALADIN,49,51,66,23,20,30,28,64,674,745,35,187624,3965700.0,78,18,247.4,11,94314,302,255,118879431,187551,1326314,222700,632,12.165809166666667,19.68,4.8,6.4
PALADIN,49,52,66,23,21,30,28,67,692,768,36,195201,4113240.0,78,19,238.7,11,96737,308,261,126294431,195195,1371396,231932,283,12.168656111111112,20.68,4.79,6.7
PALADIN,49,53,68,23,21,30,29,70,721,802,38,202919,4261860.0,80,19,239.5,11,98459,316,267,133883828,202839,1416303,241414,495,12.171514166666666,20.71,4.79,7.0
PALADIN,49,54,69,23,22,30,30,71,740,826,39,210790,4413240.0,80,19,244.5,11,100177,322,271,141976048,210759,1461897,251041,479,12.174383333333333,20.75,4.78,7.1
PALADIN,49,55,71,23,23,30,31,73,767,866,41,218815,4567020.0,82,19,275.1666666666667,12,102005,329,275,150246801,218758,1508100,261030,273,12.177263333333334,20.78,4.77,7.3
PALADIN,49,56,71,24,23,30,31,76,785,890,42,226991,4722300.0,83,20,242.1818181818182,12,104587,334,281,158881554,226958,1554202,271120,837,12.189593888888888,21.78,4.77,7.5968548
PALADIN,49,57,72,25,24,30,32,78,817,927,44,235305,4885740.0,84,20,259.45454545454544,12,107007,341,284,167827126,235269,1605120,282454,638,12.202319166666667,21.82,4.76,7.7449458
PALADIN,49,58,74,25,24,32,32,80,852,964,46,243783,5052480.0,86,20,243.54545454545453,12,108928,348,292,177176336,243753,1657102,294018,622,12.205537222222222,21.89,4.76,7.8940983
PALADIN,49,59,77,25,24,32,33,80,874,990,47,252410,5221920.0,87,20,244.9090909090909,12,110908,355,296,186884661,252353,1709879,305807,526,12.20876638888889,21.92,4.76,8.0
PALADIN,49,60,78,25,25,33,33,83,905,1027,49,261177,5393820.0,89,20,284.42105263157896,13,112992,361,303,197014857,261152,1763297,317929,394,12.212006944444445,21.96,4.75,8.1955438
PALADIN,49,61,79,25,26,34,33,86,935,1068,51,270097,5567460.0,90,20,252.91666666666666,13,115767,368,308,207428201,270052,1816831,330046,237,12.215258333333333,21.99,4.74,8.3478151
PALADIN,49,62,81,27,27,34,33,87,966,1111,53,278778,5736720.0,91,20,258.5,13,117530,374,311,217729577,278758,1869217,341733,867,12.239663055555555,21.99,4.73,8.5011051
PALADIN,49,63,83,27,28,34,34,87,988,1141,54,287863,5913060.0,93,20,256.0,13,119395,381,317,228596303,287817,1923569,353974,849,12.243252777777778,22.03,4.72,8.6554035
PALADIN,49,64,84,28,29,35,34,89,1021,1180,56,297099,6092040.0,94,20,254.08333333333334,13,121290,387,322,239869688,297024,1978727,366442,671,12.257865555555556,22.07,4.71,8.8107007
PALADIN,49,65,89,28,29,35,34,90,1055,1223,58,306486,6273960.0,97,20,297.55,14,123242,395,326,251615706,306453,2034743,379170,434,12.261639444444445,22.07,4.71,8.9669871
PALADIN,49,66,90,28,29,37,34,93,1086,1263,60,316014,6457920.0,99,20,276.7692307692308,14,125515,402,332,263558891,315934,2091216,391872,484,12.265425277777778,22.14,4.71,9.1242533
PALADIN,49,67,93,29,29,38,34,94,1123,1303,62,325602,6642840.0,100,20,266.6923076923077,14,127357,409,335,275978698,325549,2147850,404719,122,12.280801666666667,22.17,4.71,9.2824904
PALADIN,49,68,94,29,29,38,34,97,1145,1332,63,334974,6823560.0,102,20,275.0,14,129128,415,342,288185951,334899,2203234,417257,726,12.284774444444444,22.17,4.71,9.4416894
PALADIN,49,69,97,30,29,39,34,98,1184,1375,65,344716,7011060.0,103,20,271.15384615384613,14,130935,422,346,301134612,344631,2260554,430302,279,12.300748333333333,22.21,4.71,9.6018417
PALADIN,49,70,98,31,29,40,34,101,1224,1416,67,354615,7201680.0,105,20,315.9047619047619,15,132851,429,352,314523610,354556,2318839,443433,696,12.3171475,22.25,4.71,9.7629389
PALADIN,49,71,99,31,31,40,34,104,1259,1462,69,364642,7393560.0,106,20,273.2142857142857,15,135283,435,359,328406152,364636,2377101,456669,739,12.321489444444444,22.25,4.69,9.9249728
PALADIN,49,72,100,32,32,40,35,106,1297,1505,71,374817,7588500.0,107,20,275.07142857142856,15,137058,441,364,342589334,374784,2436579,470054,403,12.338497222222221,22.28,4.68,10.0879352
PALADIN,49,73,101,32,32,42,35,109,1333,1546,73,384732,7779540.0,108,20,274.2142857142857,15,138845,448,368,356574699,384628,2495362,483390,661,12.34303361111111,22.36,4.68,10.2518183
PALADIN,49,74,103,32,32,42,37,111,1369,1594,75,395078,7984020.0,109,20,274.35714285714283,15,140778,454,373,371440234,395013,2560272,498209,333,12.347582222222222,22.43,4.68,10.4166145
PALADIN,49,75,105,33,34,42,37,112,1410,1642,77,405569,8192220.0,111,20,282.93333333333334,16,142715,461,376,386972248,405541,2626737,513080,1034,12.36539,22.43,4.66,10.5823161
PALADIN,49,76,107,34,35,43,37,113,1450,1689,79,416208,8401560.0,113,20,285.8666666666667,16,145306,467,381,402804517,416148,2693064,528068,391,12.383635555555555,22.47,4.65,10.7489159
PALADIN,49,77,110,35,35,43,37,115,1493,1733,81,427003,8613060.0,115,20,286.53333333333336,16,147217,475,387,419063404,426897,2759808,543394,660,12.402321666666667,22.47,4.65,10.9164066
PALADIN,49,78,111,35,36,44,37,118,1534,1780,83,437473,8818080.0,116,20,299.06666666666666,16,149063,481,390,435178540,437362,2824445,558238,571,12.40744138888889,22.5,4.64,11.0847812
PALADIN,49,79,112,35,37,45,37,121,1573,1829,85,448340,9031200.0,117,20,291.73333333333335,16,150930,487,396,452057699,448276,2891800,573573,577,12.412574722222223,22.54,4.63,11.2540328
PALADIN,49,80,115,36,38,45,37,122,1617,1877,87,459348,9246180.0,119,20,293.1875,17,152940,494,402,469251839,459285,2959517,589182,658,12.43208361111111,22.54,4.62,11.4241545
PALADIN,49,81,117,36,39,46,37,124,1658,1922,89,470501,9462540.0,121,20,308.3125,17,155336,501,405,487036334,470410,3027195,604753,578,12.437420555555555,22.58,4.61,11.5951398
PALADIN,49,82,120,36,39,47,37,126,1702,1966,91,481796,9682080.0,123,20,305.1875,17,157210,508,411,505219700,481723,3096101,620495,440,12.442770833333332,22.62,4.61,11.7669823
PALADIN,49,83,123,36,39,47,40,126,1748,2016,93,492815,9896340.0,125,20,302.0,17,158965,515,417,523395818,492807,3163353,636079,692,12.448134166666666,22.73,4.61,11.9396754
PALADIN,49,84,128,36,40,47,40,126,1794,2066,95,504272,1.01187E7,127,20,298.75,17,160845,522,422,542334116,504260,3233102,652160,577,12.453510833333333,22.73,4.6,12.113213
PALADIN,49,85,130,36,41,47,42,127,1839,2116,97,515892,1.034376E7,129,20,347.0833333333333,18,162744,528,426,561715269,515817,3303650,668466,510,12.458900277777778,22.8,4.59,12.287589
PALADIN,49,86,130,38,41,47,43,130,1882,2164,99,527649,1.05696E7,131,20,309.29411764705884,18,165259,535,432,581524002,527556,3373693,684707,243,12.495425555555556,22.84,4.59,12.4627973
PALADIN,49,87,132,39,42,47,43,132,1931,2215,101,539564,1.07985E7,131,20,307.47058823529414,18,167076,541,437,602048480,539477,3444690,701177,564,12.5170725,22.84,4.58,12.6388321
PALADIN,49,88,134,39,42,47,45,134,1979,2267,103,551077,1.102284E7,133,20,304.29411764705884,18,168826,548,442,622187161,551005,3515624,717562,445,12.5230475,22.92,4.58,12.8156876
PALADIN,49,89,135,39,42,48,46,137,2026,2318,105,563041,1.125996E7,133,20,322.70588235294116,18,170792,554,447,643427729,562975,3592199,735504,529,12.529036111111111,22.99,4.58,12.9933581
PALADIN,49,90,136,41,42,48,47,141,2091,2383,108,575150,1.150008E7,135,20,313.3333333333333,19,172788,561,452,665179426,575078,3669810,753626,627,12.568130277777778,23.03,4.58,13.1718381
PALADIN,49,91,138,41,42,49,47,144,2136,2434,110,587404,1.17411E7,137,20,313.5,19,175089,567,459,687671767,587363,3746918,771828,149,12.574518055555556,23.07,4.58,13.351122
PALADIN,49,92,141,41,42,49,48,146,2186,2489,112,599673,1.19823E7,137,20,325.1666666666667,19,177052,574,463,709996628,599556,3824137,789949,149,12.580920277777778,23.11,4.58,13.5312046
PALADIN,49,93,144,41,42,49,49,148,2234,2546,114,611855,1.222242E7,139,20,314.3333333333333,19,178929,581,468,732582717,611749,3901181,808024,306,12.58733638888889,23.15,4.58,13.7120804
PALADIN,49,94,146,42,43,49,49,150,2281,2602,116,624421,1.246932E7,139,20,315.1111111111111,19,180868,588,471,756509935,624398,3980049,826750,515,12.611187222222222,23.15,4.57,13.8937444
PALADIN,49,95,148,42,44,49,49,153,2331,2659,118,637140,1.272E7,141,20,375.4230769230769,20,182820,594,475,780738337,637047,4060640,845550,947,12.61782,23.15,4.56,14.0761915
PALADIN,49,96,153,44,44,49,49,154,2400,2731,121,650004,1.29711E7,143,20,323.6842105263158,20,185148,602,486,805606896,649878,4140485,864334,989,12.660318888888888,23.15,4.56,14.2594166
PALADIN,49,97,157,44,45,50,49,154,2450,2790,123,662507,1.32153E7,143,20,331.5263157894737,20,187028,609,490,830255394,662462,4218118,882652,996,12.6673625,23.19,4.55,14.4434148
PALADIN,49,98,158,44,47,50,49,157,2500,2845,125,675404,1.346658E7,145,20,340.36842105263156,20,188895,615,493,855900965,675332,4297941,901595,24,12.674420833333333,23.19,4.53,14.6281812
PALADIN,49,99,160,45,47,50,50,159,2550,2900,127,688455,1.372158E7,145,20,336.6842105263158,20,190782,622,498,882039971,688382,4379390,920587,1388,12.700121666666666,23.22,4.53,14.8137112
PALADIN,49,100,164,45,48,50,50,160,2605,2957,129,701644,1.397772E7,147,20,334.05263157894734,20,192677,628,502,908815792,701577,4460628,939870,482,12.707402777777778,23.22,4.52,15.0
