# Generated by tools/localization/build_catalog.py; Base64 TSV.
E	67Kg66W47J2AIOyerOydmCDsmZXsnYQg6rmo7Jqw6riwIOyghOyXkCDrtoHrsKnsl5Ag64+E7JuA7J2EIOyyre2WiOqzoCDssqsg64u17J6l7Jy866GcIOycoOumrCDsno7snYQg67Cb7JWY64ukLiDqt7jrn6zrgpgg6rWs7LK07KCB7J24IOq1rOybkCDqs4Ttmo3snbQg64u06ri0IOuRkCDrsojsp7gg64u17J6l7J2AIOyVhOyFgOyXkOqyjCDqsIDroZzrp4ntmJTri6QuIOq3uCDsgqzsi6TsnYAg67Kg66W47J2YIOyEoO2DneydhCDsmqnshJztlZjsp4Ag7JWK7JWY7KeA66eMLCDqt7jsnZgg7KCI66ed7J20IOyWtOuUlOyEnCDsi5zsnpHrkJDripTsp4DripQg7ISk66qF7ZaI64ukLg==	QmVmb3JlIGF3YWtlbmluZyB0aGUgQXNoIEtpbmcsIEJlcm4gc291Z2h0IGFpZCBmcm9tIHRoZSBOb3J0aCBhbmQgcmVjZWl2ZWQgYSBnbGFzcyBsZWFmIGluIHRoZSBmaXJzdCByZXBseS4gQnV0IEFzZWwgaW50ZXJjZXB0ZWQgdGhlIHNlY29uZCByZXBseSwgd2hpY2ggY29udGFpbmVkIGEgY29uY3JldGUgcmVzY3VlIHBsYW4uIFRoYXQgZGlkIG5vdCBhYnNvbHZlIEJlcm4gb2YgaGlzIGNob2ljZSwgYnV0IGl0IGV4cGxhaW5lZCB3aGVyZSBoaXMgZGVzcGFpciBiZWdhbi4=
P	e3sxfX0g67mIIOqyqOyauOydhCDqur7qs6Ag7LKrIOyUqOyVl+ydhCDtnZDrpbTripQg67SE66y87JeQIOyLrOyXiOuLpC4g7Jyg66asIOyIsuydgCDsmJsg66qo7Iq17Jy866GcIOyZhOyghO2eiCDrj4zslYTqsIDsp4Ag7JWK7JWY7KeA66eMLCDtiKzrqoXtlZwg7J6OIOuBneyXkOyEnCDsspjsnYzsnLzroZwg7ZG466W4IOyLueydtCDrj4vslZjri6QuIOyCrOuejOuTpOydgCDquLDslrXsnYQg67O07KG07ZWY64qUIOuMgOyLoCDquLDroZ3tlZjqs6Ag7KCE7ZWY66mwIOuLpOyLnCDrs4DtlbQg6rCA6riw66GcIO2WiOuLpC4=	e3sxfX0gZGVmZWF0ZWQgSG9sbG93IFdpbnRlciBhbmQgcGxhbnRlZCB0aGUgZmlyc3Qgc2VlZCBpbiB0aGUgZmxvd2luZyBzcHJpbmcgd2F0ZXIuIFRoZSBHbGFzcyBGb3Jlc3QgZGlkIG5vdCBmdWxseSByZXR1cm4gdG8gaXRzIGZvcm1lciBzaGFwZSwgYnV0IGZvciB0aGUgZmlyc3QgdGltZSBhIGdyZWVuIHNob290IGVtZXJnZWQgZnJvbSB0aGUgdGlwIG9mIGEgdHJhbnNwYXJlbnQgbGVhZi4gUmF0aGVyIHRoYW4gcHJlc2VydmUgdGhlaXIgbWVtb3JpZXMgdW5jaGFuZ2VkLCB0aGUgcGVvcGxlIGNob3NlIHRvIHJlY29yZCB0aGVtLCBwYXNzIHRoZW0gb24sIGFuZCBrZWVwIGNoYW5naW5nLg==
E	7JWE7IWA7J2AIOyerOyZgCDsoITsn4HsnLzroZzrtoDthLAg7IKs656M65Ok7J2EIOyngO2CpOq4sCDsnITtlbQg6rCA7J6lIO2Wieuzte2WiOuNmCDtlZjro6jrpbwg7Jyg66asIOyGjeyXkCDrs7TsobTtlojri6Tqs6Ag66eQ7ZaI64ukLiDqt7jrn6zrgpgg7KCV7JuQ7J2YIOyCrOuejOuTpOydgCDsgrTslYQg7J6I64qUIOqyg+ydtCDslYTri4jrnbwsIOyDiOuhnOyatCDshKDtg53snYQg7J6D7J2AIOyxhCDqsJnsnYAg7KCV7Jik66W8IOuwmOuzte2VmOqzoCDsnojsl4jri6Qu	QXNlbCBzYWlkIHRoZSBoYXBwaWVzdCBkYXkgaGFkIGJlZW4gcHJlc2VydmVkIGluIGdsYXNzIHRvIHByb3RlY3QgdGhlIHBlb3BsZSBmcm9tIGFzaCBhbmQgd2FyLiBCdXQgdGhlIHBlb3BsZSBpbiB0aGUgZ2FyZGVuIHdlcmUgbm90IHRydWx5IGFsaXZlOyBzdHJpcHBlZCBvZiBuZXcgY2hvaWNlcywgdGhleSByZXBlYXRlZCB0aGUgc2FtZSBub29uIGZvcmV2ZXIu
E	67mIIOqyqOyauOydgCDsmKTrnpjsoIQg7Jyg66asIOyIsuydmCDrqqjrk6Ag67OA7ZmU7JmAIOydtOumhOydhCDsgrztgqTrjZgg7J6s7JWZ7J207JeI64ukLiDslYTshYDsnZgg67Cx7JW864qUIOyymOydjOyXkOuKlCDqt7jqsoPsnYQg66eJ7JWY7KeA66eMLCDrgZ3rgrTquLDrpbwg65GQ66Ck7JuM7ZWcIOuztO2YuOuKlCDsgqzrnozrk6TsnZgg6riw7Ja17J2EIOyXsOujjOuhnCDrqLnripQg65iQIOuLpOuluCDsnqzslZnsnbQg65CQ64ukLg==	TG9uZyBhZ28sIEhvbGxvdyBXaW50ZXIgd2FzIGEgY2FsYW1pdHkgdGhhdCBkZXZvdXJlZCBldmVyeSBjaGFuZ2UgYW5kIGV2ZXJ5IG5hbWUgaW4gdGhlIEdsYXNzIEZvcmVzdC4gQXNlbOKAmXMgV2hpdGUgTmlnaHQgc3RvcHBlZCBpdCBhdCBmaXJzdCwgYnV0IHByb3RlY3Rpb24gc3VzdGFpbmVkIGJ5IHRoZSBmZWFyIG9mIGVuZGluZyBpdCBiZWNhbWUgYW5vdGhlciBjYWxhbWl0eeKAlG9uZSB0aGF0IGZlZCBvbiBwZW9wbGXigJlzIG1lbW9yaWVzLg==
E	64uI7JWE6rCAIOyIqOydgCDsiJjrrLjsnYQg7Je07J6QIOyImOuFhCDrj5nslYgg67aZ7J6h7ZiAIOyeiOuNmCDrtITrrLzsnbQg7IiyIOyVhOuemOuhnCDri6Tsi5wg7Z2Y66CA64ukLiDssqsg67KI7Ke4IO2VtOygnCDsl7Tsh6Dsnbgg4oCY7Z2Q66W064qUIOusvOKAmeydhCDslrvsl4jsp4Drp4wsIOycoOumrCDtg5HsnYAg66y87J2EIOuQmOywvuycvOugpOqzoCDrsLHslbzsnZgg66y47J2EIOuLq+yVmOuLpC4=	V2hlbiBOaWEgb3BlbmVkIHRoZSBoaWRkZW4gc2x1aWNlIGdhdGUsIHNwcmluZyB3YXRlciB0cmFwcGVkIGZvciB5ZWFycyBmbG93ZWQgYmVuZWF0aCB0aGUgZm9yZXN0IG9uY2UgbW9yZS4gVGhleSBnYWluZWQgdGhlIGZpcnN0IGtleSBvZiByZWxlYXNlLCDigJxGbG93aW5nIFdhdGVyLOKAnSBidXQgdGhlIEdsYXNzIFRvd2VyIGNsb3NlZCB0aGUgZ2F0ZSBvZiB0aGUgV2hpdGUgTmlnaHQgdG8gcmVjbGFpbSB0aGUgd2F0ZXIu
E	66Gc7Jus6rO8IOuLiOyVhOyZgCDsmKTrpbTrsJgsIOuniOyXmOqzvCDrpqzruIzqsIAg65CY7LC+7J2AIOyCrOuejOqzvCDquLjqs7wg7IaM66as66GcIOyVhOyFgOydmCDsnKDrpqwg6rWw64yA66W8IOupiOy3hOuLpC4g7Yyo67Cw7ZWcIOyVhOyFgOydgCDssqsg7JSo7JWX7J2EIOuEmOqyvOyngOunjCwg672R7Z6MIOyLrOyepeydmCDqt6Dsl7Tsl5DshJwg67mIIOqyqOyauOydtCDquajslrTrgqzri6Qu	Um93ZW4sIE5pYSwgT3JiYW4sIE1hZWwsIGFuZCBMaXYgc3RvcHBlZCBBc2Vs4oCZcyBHbGFzcyBBcm15IHdpdGggdGhlIHBlb3BsZSwgcGF0aHMsIGFuZCBzb3VuZHMgdGhleSBoYWQgcmVjbGFpbWVkLiBEZWZlYXRlZCwgQXNlbCBzdXJyZW5kZXJlZCB0aGUgZmlyc3Qgc2VlZOKAlGJ1dCBIb2xsb3cgV2ludGVyIGF3b2tlIGZyb20gYSBjcmFjayBpbiB0aGUgaGVhcnQgdGhhdCBoYWQgYmVlbiB0b3JuIGZyZWUu
E	7Iiy7J2AIOyCrOuejOydhCDquLgg7J6D6rKMIO2VmOuKlCDqsoPsnbQg7JWE64uI6528LCDrk6TslrTsmKgg7J207J2YIOyngOuCmOqwhCDshKDtg53snYQg64Gd7JeG7J20IOuQmO2SgOydtO2VmOqzoCDsnojsl4jri6QuIOuniOyXmOydgCDrj4zslYTsmKTsp4Ag66q77ZWcIOyCrOuejOuTpOydmCDrsJzsnpDqta3snbQg66qo7J2064qUIOuniOydhCDrnbzsm4DsnYQg6rCA66as7Lyw64ukLg==	VGhlIGZvcmVzdCBkaWQgbm90IGxlYWQgcGVvcGxlIGFzdHJheSwgYnV0IGVuZGxlc3NseSByZXBlYXRlZCB0aGUgcGFzdCBjaG9pY2VzIG9mIHRob3NlIHdobyBoYWQgZW50ZXJlZC4gTWFlbCBwb2ludGVkIHRvIFJhdW0sIHRoZSB0b3duIHdoZXJlIHRoZSBmb290cHJpbnRzIG9mIHRob3NlIHdobyBuZXZlciByZXR1cm5lZCBnYXRoZXJlZC4=
P	7Jyg66asIOyIsuydgCDsgqzrnozsnZgg6riw7Ja17J2EIOyZhOuyve2eiCDrs7XsoJztlojsp4Drp4wg7KeA6riIIOuCtOumtCDshKDtg53quYzsp4Ag67O17KCc7ZWY7KeA64qUIOuqu+2WiOuLpC4ge3sxfX0g7J6Q7Iug7J2EIOuLruydgCDqt7jrprzsnpDrpbwg7J206riw6rOgIOuRkCDrsojsp7gg7Je07IegIOKAmOu2iOumsCDsnbTrpoTigJnsnYQg65CY7LC+7JWY64ukLg==	VGhlIEdsYXNzIEZvcmVzdCBjb3VsZCBwZXJmZWN0bHkgY29weSBodW1hbiBtZW1vcmllcywgYnV0IG5vdCB0aGUgY2hvaWNlIGJlaW5nIG1hZGUgaW4gdGhlIHByZXNlbnQuIHt7MX19IGRlZmVhdGVkIGEgc2hhZG93IGluIHRoZWlyIG93biBpbWFnZSBhbmQgcmVjbGFpbWVkIHRoZSBzZWNvbmQga2V5LCDigJxUaGUgU3Bva2VuIE5hbWUu4oCd
E	67Kg66W47J2AIOyZleuPhOqwgCDrsoTrprAg6rWt6rK97J2EIOyngO2CpOugpOqzoCDsnqDrk6Ag7YyM7IiY7J6Q66W8IOq5qOyasOugpCDtlojri6QuIOyYpOultOuwmOydmCDqsr3qs6Dsl5Drj4Qg66eI7KeA66eJIOyDiOuyveyiheydhCDsmrjrpqzrqbAsIOuyhOugpOynhCDqta3qsr3sl5DripQg6rS066y87J20652864+EIOyZleydtCDtlYTsmpTtlZjri6Tqs6Ag66eQ7ZaI64ukLg==	QmVybiB0cmllZCB0byBhd2FrZW4gdGhlIHNsZWVwaW5nIHNlbnRpbmVsIHRvIGRlZmVuZCB0aGUgYm9yZGVyIGFiYW5kb25lZCBieSB0aGUgY2FwaXRhbC4gRGVzcGl0ZSBPcmJhbuKAmXMgd2FybmluZywgaGUgcmFuZyB0aGUgZmluYWwgRGF3biBCZWxsIGFuZCBkZWNsYXJlZCB0aGF0IGEgZm9yc2FrZW4gYm9yZGVyIG5lZWRlZCBhIGtpbmfigJRldmVuIGEgbW9uc3Rlci4=
E	7IS4IOyiheydtCDtlajqu5gg7Jq466as7J6QIOq1reqyveydmCDslYTsuajsnYAg66y8IOq4t+uKlCDshozrpqzsmYAg66y4IOyXrOuKlCDshozrpqzroZwg64+M7JWE7JmU64ukLiDrsqDrpbjsnbQg64Ko6ri0IOycoOumrCDsno7qs7wg67aB7Kq9IOyIsuydmCDsp4Drj4TripQg64Gd64KcIOydtOyVvOq4sCDrhIjrqLjsnZgg6ri47J2EIOqwgOumrOy8sOuLpC4=	V2hlbiB0aGUgdGhyZWUgYmVsbHMgcmFuZyB0b2dldGhlciwgbW9ybmluZyByZXR1cm5lZCB0byB0aGUgYm9yZGVyIHdpdGggdGhlIHNvdW5kcyBvZiBkcmF3aW5nIHdhdGVyIGFuZCBvcGVuaW5nIGRvb3JzLiBUaGUgZ2xhc3MgbGVhZiBCZXJuIGxlZnQgYmVoaW5kIGFuZCB0aGUgbWFwIG9mIHRoZSBub3J0aGVybiBmb3Jlc3QgcG9pbnRlZCB0byBhIHJvYWQgYmV5b25kIHRoZSBzdG9yeeKAmXMgZW5kLg==
P	e3sxfX0g7IOI67K9IOyLnOyepeydmCDsp4DrtpXsl5DshJwg64iI7J2EIOucqOyekCDshpDrsJTri6Xsl5Ag64Kv7ISgIOydgOu5myDrj5nsoITsnbQg64aT7JesIOyeiOyXiOuLpC4g64+Z7KCE7J20IOq1tOufrOqwhCDqs7Psl5DripQg7J6Y66awIOu0ieyduOuBiOqzvCDquIntnogg7KeA7Jq0IOuwnOyekOq1reydtCDrgqjslYQg7J6I7JeI64ukLg==	e3sxfX0gV2hlbiB0aGV5IG9wZW5lZCB0aGVpciBleWVzIG9uIHRoZSByb29mIG9mIHRoZSBEYXduIE1hcmtldCwgYSBzdHJhbmdlIHNpbHZlciBjb2luIGxheSBpbiB0aGVpciBwYWxtLiBXaGVyZSB0aGUgY29pbiByb2xsZWQsIGEgc2V2ZXJlZCBzZWFsIHN0cmluZyBhbmQgaGFzdGlseSBlcmFzZWQgZm9vdHByaW50cyByZW1haW5lZC4=
P	e3sxfX0g67Cx7JW8IOqwkOyLnOyekOulvCDsk7Drn6zrnKjrpqzqs6Ag66as67iM66W8IOq1rO2WiOuLpC4g7Jik66W067CY7J2AIOyGjOumrOqwgCDsgqzrnbzsoLjslbwg64uk7J2MIOydjOydtCDsi5zsnpHrkKAg7IiYIOyeiOydjOydhCDspp3rqoXtlbQg66eI7KeA66eJIOyXtOyHoCDigJjrgZ3rgpjripQg7J2M4oCZ7J2EIOyZhOyEse2WiOuLpC4=	e3sxfX0gZGVmZWF0ZWQgdGhlIFdoaXRlIE5pZ2h0IFdhcmRlbiBhbmQgcmVzY3VlZCBMaXYuIE9yYmFuIHByb3ZlZCB0aGF0IG9uZSBzb3VuZCBtdXN0IGVuZCBiZWZvcmUgdGhlIG5leHQgY2FuIGJlZ2luLCBjb21wbGV0aW5nIHRoZSBmaW5hbCBrZXksIHRoZSAnRW5kaW5nIE5vdGUuJw==
P	e3sxfX0g7Jqw66y8IOyVhOuemCDsiJjroZzsmYAg67KE66Ck7KeEIOyjvOyhsOyepeydhCDsp4Drgpgg7LKrIOuyiOynuCDsg4jrsr3sooXsnYQg7LC+7JWY64ukLiDsooUg7ZGc66m07JeQ64qUIOyInOywsOuMgCDsp4Drj4TsmYAg6rCZ7J2AIOqygOydgCDsm5Dqs7wg7Jik66W067CY7J2YIOydtOumhOydtCDsg4jqsqjsoLgg7J6I7JeI64ukLg==	e3sxfX0gcGFzc2VkIHRocm91Z2ggdGhlIGFxdWVkdWN0cyBiZW5lYXRoIHRoZSB3ZWxsIGFuZCB0aGUgYWJhbmRvbmVkIGZvdW5kcnkgdG8gZmluZCB0aGUgZmlyc3QgRGF3biBCZWxsLiBUaGUgYmVsbCdzIHN1cmZhY2UgYm9yZSBhIGJsYWNrIGNpcmNsZSBsaWtlIGEgcGF0cm9sIG1hcCwgZXRjaGVkIHdpdGggT3JiYW4ncyBuYW1lLg==
P	6rSA7Lih7IaM7J2YIOyImOygleq1rOqwgCB7ezF9fSDslZ7sl5DshJwg6riI7J20IOqwhCDssYQg7ZG466W4IOu5m+ydhCDrv5zsl4jri6QuIOyiheyGjOumrOuKlCDshozrpqzqsIAg7JWE64uI6528IOuniOugpeydtCDrp4zrk6Ag7YyM66y47J207JeI6rOgLCDqt7gg7YyM66y47J20IOuniOydhOydmCDqsr3qs4Trpbwg7Z2U65Ok7JeI64ukLg==	VGhlIG9ic2VydmF0b3J54oCZcyBjcnlzdGFsIHNwaGVyZSBjcmFja2VkIGJlZm9yZSB7ezF9fSBhbmQgc2hvbmUgYmx1ZS4gVGhlIGJlbGwgd2FzIG5vdCBtYWtpbmcgYSBzb3VuZCwgYnV0IGEgcmlwcGxlIG9mIG1hZ2lj4oCUYW5kIHRoYXQgcmlwcGxlIHNob29rIHRoZSBib3VuZGFyeSBhcm91bmQgdGhlIHZpbGxhZ2Uu
P	e3sxfX0g6rGw7Jq4IOyasOusvOydhCDquajsmrDqs6Ag65287JuAIOyjvOuvvOuTpOydmCDrqqnshozrpqzrpbwg65CY7LC+7JWY64ukLiDssL3rrLgg7IaN7JeQIOqwh+2ejCDrpqzruIzsnZgg66qp7IaM66as64qUIOygleybkOyngOq4sCDslYTshYDsnbQg67SE7J2EIOycoOumrCDtg5Hsl5Ag6rCA65KA64uk6rOgIOqyveqzoO2WiOuLpC4=	e3sxfX0gYXdha2VuZWQgdGhlIG1pcnJvciB3ZWxsIGFuZCByZWNsYWltZWQgdGhlIHZvaWNlcyBvZiBSYXVtJ3MgcGVvcGxlLiBUaGUgdm9pY2UgdHJhcHBlZCB3aXRoaW4gdGhlIHdpbmRvdywgTGl2J3MsIHdhcm5lZCB0aGF0IEFzZWwsIHRoZSBnYXJkZW5lciwgaGFkIHRyYXBwZWQgc3ByaW5nIHdpdGhpbiB0aGUgR2xhc3MgVG93ZXIu
P	6rWt6rK97JeQ7IScIOydtOyWtCDsmKgg66qo65OgIOq4uOydtCDsgqzrnozrk6TsnZgg7Ye066Gc6rCAIOuQmOyXiOuLpC4ge3sxfX0g7J6s7J2YIOyZleydhCDquajrnKjrpqzsnpAg67Kg66W47J2AIOyymOydjOycvOuhnCDriITqtazsnZgg7J2066aE64+EIOyngOyasOyngCDslYrsnYAg7LKg7IiYIOuqheugueydhCDrgrTroLjri6Qu	RXZlcnkgcm91dGUgb3BlbmVkIGFsb25nIHRoZSBqb3VybmV5IGJlY2FtZSBhbiBldmFjdWF0aW9uIHBhdGguIFdoZW4ge3sxfX0gc2hhdHRlcmVkIHRoZSBBc2ggS2luZywgQmVybiBpc3N1ZWQgaGlzIGZpcnN0IHJldHJlYXQgb3JkZXIgd2l0aG91dCBlcmFzaW5nIGEgc2luZ2xlIG5hbWUu
P	e3sxfX0g67mE7Ja0IOyeiOuKlCDsmIjrsLDri7nsl5Ag65Ok7Ja07ISc7J6QIOyekeydgCDrk7Hrtogg7ZWY64KY66eM7J20IOq6vOyngOyngCDslYrqs6Ag7Z2U65Ok66C464ukLiDrj4zqs4Tri6gg7JWE656Y7JeQ7ISc64qUIOyDgeyymCDsnoXsnYAg7KCE66C57J20IOu0ie2IrOulvCDtkojqs6Ag64+E7JuA7J2EIOyyre2WiOuLpC4=	V2hlbiB7ezF9fSBlbnRlcmVkIHRoZSBlbXB0eSBjaGFwZWwsIGEgc2luZ2xlIHNtYWxsIGxhbXAgZmxpY2tlcmVkIHdpdGhvdXQgZ29pbmcgb3V0LiBCZW5lYXRoIHRoZSBzdG9uZSBzdGVwcywgYSB3b3VuZGVkIG1lc3NlbmdlciBjbHV0Y2hlZCBhbiBlbnZlbG9wZSBhbmQgY2FsbGVkIGZvciBoZWxwLg==
P	e3sxfX0g7KeA7JuM7KeEIOydtOumhCDrjIDsi6Ag64Ko7J2AIOyihSDqsITqsqnqs7wg66ek65OtIOyImOulvCDtlbTrj4Xtlojri6QuIOuLpOyEryDrp4nsnYQg7ZWcIOq1rOyXreycvOuhnCDquLDroZ3tlZjqs6Ag6rWs7Jet66eI64ukIOq3gO2ZmCDsi6DtmLjrpbwg64Ko6riw652864qUIOq3nOy5meydtCDrk5zrn6zrgqzri6Qu	e3sxfX0gZGVjaXBoZXJlZCB0aGUgaW50ZXJ2YWxzIGJldHdlZW4gdGhlIGJlbGxzIGFuZCB0aGUgbnVtYmVyIG9mIGtub3RzIGxlZnQgaW4gcGxhY2Ugb2YgdGhlIGVyYXNlZCBuYW1lcy4gVGhlIG1lc3NhZ2UgcmV2ZWFsZWQgYSBydWxlOiByZWNvcmQgZXZlcnkgZml2ZSBhY3RzIGFzIG9uZSBzZWN0b3IsIGFuZCBsZWF2ZSBhIHJldHVybiBzaWduYWwgaW4gZWFjaCBzZWN0b3Iu
P	64uI7JWE6rCAIOyXtOyWtCDspIAg67CA7IiY66Gc66W8IO2Gte2VtCB7ezF9fSDrkZAg67KI7Ke4IOyDiOuyveyiheydhCDrkJjssL7slZjri6QuIO2VmOyngOunjCDrp4jsp4Drp4kg7IiY66CI64qUIOyEseyxhOuhnCDrk6TslrTqsJTqs6AsIO2VnCDrsogg7Jq466awIOyiheydtCDtlZjripjsnZgg67mb7J2EIOq7kOuLpC4=	VGhyb3VnaCB0aGUgc211Z2dsaW5nIHJvdXRlIE5pYSBvcGVuZWQsIHt7MX19IHJlY292ZXJlZCB0aGUgc2Vjb25kIERhd24gQmVsbC4gQnV0IHRoZSBsYXN0IGNhcnQgZW50ZXJlZCB0aGUgY2l0YWRlbCwgYW5kIGEgYmVsbCBydW5nIG9uY2UgZXh0aW5ndWlzaGVkIHRoZSBsaWdodCBpbiB0aGUgc2t5Lg==
P	e3sxfX0g7Iug7Zi47YORIOyngO2VmOydmCDqsbDsmrjquLjsnYQg67CU66Gc7J6h7JWEIOuEpCDrsojsp7gg67aI67mb7J20IOuvuOq2gSDsnoXqtazsnZgg6rWs7KGwIOyLoO2YuOyehOydhCDtmZXsnbjtlojri6QuIOq3uCDrtojruZvsnYAg7LWc7LSIIOyImO2YuOuMgOqwgCDrgqjquLQg6reA7ZmYIOyalOyyreydtOyXiOuLpC4=	e3sxfX0gY29ycmVjdGVkIHRoZSBtaXJyb3JlZCBwYXRoIGJlbmVhdGggdGhlIHNpZ25hbCB0b3dlciBhbmQgY29uZmlybWVkIHRoYXQgdGhlIGZvdXJ0aCBsaWdodCB3YXMgYSBkaXN0cmVzcyBzaWduYWwgZnJvbSB0aGUgTGFieXJpbnRoIGVudHJhbmNlLiBJdCB3YXMgYSBwbGVhIGZvciByZXR1cm4gbGVmdCBieSB0aGUgZmlyc3QgZ3VhcmRpYW5zLg==
E	6rKA7J2AIOyerOqwgCDshJ7snbgg66qF66C56rO8IOyIqOyWtCDsnojrjZgg7ISc6riw6rSA7J2YIOymneyWuOydgCDqta3qsr3sgqzroLnqtIAg67Kg66W47J2EIOqwgOumrOy8sOuLpC4g67Kg66W47J2AIOq1reqyveydhCDsp4DtgqTroKQg7ZaI64uk6rOgIOyNvOyngOunjCDsi6TtjKjsnZgg64yA6rCA64qUIOuCqOq4sOyngCDslYrslZjri6Qu	VGhlIG9yZGVycyBzdGFpbmVkIHdpdGggYmxhY2sgYXNoIGFuZCB0aGUgaGlkZGVuIHNjcmliZeKAmXMgdGVzdGltb255IHBvaW50ZWQgdG8gQm9yZGVyIENvbW1hbmRlciBCZXJuLiBCZXJuIHdyb3RlIHRoYXQgaGUgaGFkIHRyaWVkIHRvIGRlZmVuZCB0aGUgYm9yZGVyLCBidXQgcmVjb3JkZWQgbm90aGluZyBvZiB0aGUgcHJpY2Ugb2YgZmFpbHVyZS4=
P	7Jik656Y65CcIO2biOugqOyepSDrsJTri6Xsl5DshJwge3sxfX3snZgg7IaQ6ri47JeQIOu5m+uwlOuenCDshJzslb3snZgg7J247J6l7J20IOq5qOyWtOuCrOuLpC4g7LaV67O1IOqwmeydgCDsooXshozrpqwg7JWE656Y7JeQ64qUIOuIhOq1sOqwgCDsnbjsnqXsnYQg6rmo65yo66awIO2dlOyggeydtCDrgqjslYQg7J6I7JeI64ukLg==	QmVuZWF0aCB0aGUgYWdlZCB0cmFpbmluZyBncm91bmQgZmxvb3IsIHRoZSBmYWRlZCBzZWFsIG9mIGEgdm93IGF3b2tlIHVuZGVyIHt7MX194oCZcyB0b3VjaC4gQmVuZWF0aCBhIGJsZXNzaW5nLWxpa2UgY2hpbWUsIHRoZSB0cmFjZSBvZiBzb21lb25lIHNoYXR0ZXJpbmcgdGhlIHNlYWwgcmVtYWluZWQu
P	e3sxfX0g7LWc7LSIIOyImO2YuOuMgOydmCDqt4DtmZgg7Iug7Zi466W8IOuUsOudvCDrr7jqtoHsnZgg7LKrIOq1rOyXrSDrrLjsnYQg7Je07JeI64ukLiDqta3qsr0g7IiY7Zi466Gd7J2AIOuBneuCrOyngOunjCDslYTrnpjroZwg7Zal7ZWcIOq4uOyXkOuKlCDslYTsp4Eg66eI7KeA66eJIOyepeydtCDsl4bsl4jri6Qu	e3sxfX0gZm9sbG93ZWQgdGhlIHJldHVybiBzaWduYWwgbGVmdCBieSB0aGUgZmlyc3QgZ3VhcmRpYW5zIGFuZCBvcGVuZWQgdGhlIGdhdGUgdG8gdGhlIExhYnlyaW50aOKAmXMgZmlyc3Qgc2VjdG9yLiBUaGUgY2hyb25pY2xlIG9mIHRoZSBib3JkZXIgZ3VhcmRpYW5zIGhhZCBlbmRlZCwgYnV0IHRoZSByb2FkIGJlbG93IHN0aWxsIGxhY2tlZCBpdHMgZmluYWwgY2hhcHRlci4=
E	66Gc7Jus6rO8IOyDneyhtOyekOuTpOydtCDshJzrrLjsnYQg7KeA7YKk64qUIOyCrOydtCDsmKTrpbTrsJjsnYAg6riIIOqwhCDsooXsnZgg66eI7KeA66eJIOyauOumvOydhCDqurzrg4jri6QuIOyEseuyveydgCDsgrTslYTrgqjslZjsp4Drp4wg64uk66W4IOuRkCDsooXsnYAg7ISx7LGE66GcIOyYruqyqOyngOqzoCDsnojsl4jri6Qu	V2hpbGUgUm93ZW4gYW5kIHRoZSBzdXJ2aXZvcnMgaGVsZCB0aGUgd2VzdGVybiBnYXRlLCBPcmJhbiByZXRyaWV2ZWQgdGhlIGZpbmFsIGNoaW1lIG9mIHRoZSBicm9rZW4gYmVsbC4gVGhlIGNpdHkgd2FsbHMgcmVtYWluZWQgaW50YWN0LCBidXQgdGhlIG90aGVyIHR3byBiZWxscyBoYWQgYmVlbiBtb3ZlZCB0byB0aGUgY2l0YWRlbC4=
P	e3sxfX0g64+MIOyVhOuemOydmCDqtbDtjKjsmYAg67SJ7J24IOyXtOyHoOulvCDrkJjssL7qs6Ag7LWc7LSIIOyImO2YuOuMgOydmCDrjIDsnqUg7IS465287J2YIOydtOumhOydhCDrqoXrtoDsl5Ag64+M66Ck64aT7JWY64ukLiDsl7Tsh6DripQg67aB7Kq9IOyLoO2YuO2DkSDslYTrnpjrpbwg6rCA66as7Lyw64ukLg==	e3sxfX0gcmVjb3ZlcmVkIHRoZSBtaWxpdGFyeSB0YWcgYW5kIHNlYWxpbmcga2V5IGJlbmVhdGggdGhlIHN0b25lLCByZXN0b3JpbmcgQ2FwdGFpbiBTZXJh4oCZcyBuYW1lIHRvIHRoZSByb3N0ZXIgb2YgdGhlIGZpcnN0IGd1YXJkaWFucy4gVGhlIGtleSBwb2ludGVkIGJlbmVhdGggdGhlIG5vcnRoZXJuIHNpZ25hbCB0b3dlci4=
E	6rOE7KCIIOyngO2VmOyLpOydhCDsp4DtgqTrjZgg6rKo7Jq467+M66as66W8IOqxt+yWtCDrgrTsnpAg67mIIOyUqOyVl+2VqOqzvCDtnbAg7KCV7JuQ7Jy866GcIOydtOyWtOyngOuKlCDquLjsnbQg64KY7YOA64Ks64ukLiDrtITsnZgg66y86rO8IOyyqyDslKjslZfsnYAg66qo65GQIOyVhOyFgOydtCDqsIDsoLjqsJTri6Qu	Q2xlYXJpbmcgYXdheSB0aGUgd2ludGVyIHJvb3RzIHRoYXQgZ3VhcmRlZCB0aGUgc2Vhc29uYWwgY2VsbGFyIHJldmVhbGVkIGFuIGVtcHR5IHNlZWQgY2hlc3QgYW5kIGEgcGF0aCB0byB0aGUgV2hpdGUgR2FyZGVuLiBBc2VsIGhhZCB0YWtlbiBib3RoIHRoZSBzcHJpbmcgd2F0ZXIgYW5kIHRoZSBmaXJzdCBzZWVkLg==
P	e3sxfX0g64uI7JWE64qUIOqwgOynnCDqt4DtmZgg7Z2U7KCB7J2EIOq1rOu2hO2VmOqzoCDrr7jqtoHsnbQg7IKs656M7J2YIOqxuOydjOydhCDrs7XsoJztlZzri6TripQg7IKs7Iuk7J2EIOyVjOyVhOuDiOuLpC4g7KeE7KecIOq4uOyXkOuKlCDshLjrnbzsnZgg6rWw7YyoIOyekOq1reunjCDrgqjslZjri6Qu	e3sxfX0gYW5kIE5pYSBkaXN0aW5ndWlzaGVkIHRoZSBmYWxzZSBzaWducyBvZiByZXR1cm4gYW5kIGRpc2NvdmVyZWQgdGhhdCB0aGUgTGFieXJpbnRoIHdhcyBjb3B5aW5nIGh1bWFuIGZvb3RzdGVwcy4gT25seSB0aGUgaW1wcmludCBvZiBTZXJh4oCZcyBtaWxpdGFyeSB0YWcgcmVtYWluZWQgb24gdGhlIHRydWUgcGF0aC4=
P	e3sxfX0g66Gc7Jus6rO8IOyInOywsOuMgOydmCDsg53sobTsnpDrpbwg6rWs7ZaI64ukLiDsiJzssLDrjIDrpbwg6rS066y87JeQ6rKMIOuqsOyVhOuEo+ydgCDsnpDripQg6rWt6rK9IOyViOyXkCDsnojsl4jqs6AsIOuhnOybrOydmCDsp4Drj4TripQg7Y+Q7IeE65CcIOyasOusvOydhCDqsIDrpqzsvLDri6Qu	e3sxfX0gcmVzY3VlZCBSb3dlbiBhbmQgdGhlIHBhdHJvbOKAmXMgc3Vydml2b3JzLiBXaG9ldmVyIGhhZCBkcml2ZW4gdGhlIHBhdHJvbCBpbnRvIHRoZSBtb25zdGVycyB3YXMgaW5zaWRlIHRoZSBib3JkZXIsIGFuZCBSb3dlbuKAmXMgbWFwIHBvaW50ZWQgdG8gYSBzZWFsZWQgd2VsbC4=
P	e3sxfX0g7IS4IOuyiOydmCDrtojruZvsnYQg67O064K4IOu2geuwqSDquLjsnqHsnbQg66eI7JeY7J2EIOq1rO2WiOuLpC4g66eI7JeY7J2AIOycoOumrCDsno7snbQg7LSI64yA7J6l7J20IOyVhOuLiOudvCDsiLLsnbQg67O064K4IOuniOyngOuniSDqtazsobAg7Iug7Zi465286rOgIOuwne2YlOuLpC4=	e3sxfX0gcmVzY3VlZCBNYWVsLCB0aGUgbm9ydGhlcm4gZ3VpZGUgd2hvIGhhZCBzZW50IHRoZSB0aHJlZSBmbGFzaGVzLiBNYWVsIHJldmVhbGVkIHRoYXQgdGhlIGdsYXNzIGxlYWYgd2FzIG5vdCBhbiBpbnZpdGF0aW9uLCBidXQgdGhlIGZvcmVzdOKAmXMgZmluYWwgZGlzdHJlc3Mgc2lnbmFsLg==
P	e3sxfX0g7Jik66W067CY7J2AIOyauOumvOydmCDqt7zsm5DsnbQg7KKF7J20IOyVhOuLiOudvCDrlYXsho0g67mIIOqzteqwhCDsoITssrTrnbzripQg7IKs7Iuk7J2EIOuwne2YgOuDiOuLpC4g7IaM66as64qUIOu0ieyduOuQnCDqs4Tri6gg7JWE656Y7JeQ7IScIOuQmOuPjOyVhOyYpOqzoCDsnojsl4jri6Qu	e3sxfX0gYW5kIE9yYmFuIGRpc2NvdmVyZWQgdGhhdCB0aGUgc291cmNlIG9mIHRoZSByZXNvbmFuY2Ugd2FzIG5vdCBhIGJlbGwsIGJ1dCB0aGUgZW50aXJlIGhvbGxvdyBjaGFtYmVyIHVuZGVyZ3JvdW5kLiBUaGUgc291bmQgd2FzIGVjaG9pbmcgYmFjayBmcm9tIGJlbmVhdGggdGhlIHNlYWxlZCBzdGFpcnMu
P	e3sxfX0g6ri47J6h7J20IOuLiOyVhOuKlCDsgqzrnbzsp4Qg67CA7IiY6r686rO8IOq1reqyveq1sCDrs7TquIntlajsnYQg7ZWo6ruYIOywvuyVhOuDiOuLpC4g67CA7IiY66Gc6528IOu2iOumsCDquLjsnYAg7IS4IOyihe2DkeqzvCDshLHssYTrpbwg7J6H64qUIOq1sOyaqSDsp4DtlZjroZzsmIDri6Qu	e3sxfX0gYW5kIHRoZSBndWlkZSBOaWEgZm91bmQgYm90aCB0aGUgbWlzc2luZyBzbXVnZ2xlciBhbmQgYSBib3JkZXItYXJteSBzdXBwbHkgY2hlc3QuIFRoZSBzby1jYWxsZWQgc211Z2dsaW5nIHJvdXRlIHdhcyBhIG1pbGl0YXJ5IHR1bm5lbCBjb25uZWN0aW5nIHRoZSB0aHJlZSBiZWxsIHRvd2VycyB0byB0aGUgY2l0YWRlbC4=
P	4oCYe3sxfX3igJnsnZgg66CI67KoLCDsnqXruYQsIOqwgOuwqSwg7Iqk7YKsLCDtgJjsiqTtirjrpbwg7Y+s7ZWo7ZWcIOuqqOuToCDrqqjtl5gg6riw66Gd7J20IOyYgeq1rCDsgq3soJzrkKnri4jri6QuCgrsgq3soJztlZwg6riw66Gd7J2AIOuzteq1rO2VoCDsiJgg7JeG7Iq164uI64ukLg==	QWxsIGFkdmVudHVyZSBkYXRhIGZvciDigJh7ezF9feKAmeKAlGluY2x1ZGluZyBsZXZlbCwgZ2VhciwgYmFnLCBza2lsbHMsIGFuZCBxdWVzdHPigJR3aWxsIGJlIHBlcm1hbmVudGx5IGRlbGV0ZWQuCgpEZWxldGVkIGRhdGEgY2Fubm90IGJlIHJlY292ZXJlZC4=
E	7Jik7ZSE65287J24IOuqqO2XmCDsi5zqsITsnYAg7JWx7J2EIOy8nCDrkZQg64+Z7JWIIOyekOuPmeycvOuhnCDstqnsoITrkKnri4jri6QuIOq0keqzoCDsi5zssq3snYAg7ISg7YOdIOyCrO2VreyeheuLiOuLpC4g6rSR6rOg66W8IOuBneq5jOyngCDrs7TrqbQg7KaJ7IucIOqwgOuTnSDstqnsoITrkKnri4jri6Qu	T2ZmbGluZSBhZHZlbnR1cmUgdGltZSByZWNoYXJnZXMgYXV0b21hdGljYWxseSB3aGlsZSB0aGUgYXBwIGlzIG9wZW4uIFdhdGNoaW5nIGFuIGFkIGlzIG9wdGlvbmFsLiBXYXRjaGluZyBhbiBhZCB0byB0aGUgZW5kIGluc3RhbnRseSByZWZpbGxzIGl0Lg==
P	e3sxfX0ge3syfX0g66qw7JWE64K06rOgIOq1reqyvSDsoITsn4Eg65WMIOu2geuwqeyXkCDri7/sp4Ag66q77ZWcIOq1rOyhsCDtkZzsi53snYQg66eI7JeY6rO8IOuhnOybrOyXkOqyjCDsoITtlojri6QuIOyYpOuemOuQnCDsmpTssq3snbQg66eI7Lmo64K0IOq4sOuhneuQkOuLpC4=	e3sxfX0gZHJvdmUgb2ZmIHt7Mn19IGFuZCBkZWxpdmVyZWQgdG8gTWFlbCBhbmQgUm93ZW4gdGhlIHJlc2N1ZSBtYXJrZXIgdGhhdCBoYWQgZmFpbGVkIHRvIHJlYWNoIHRoZSBOb3J0aCBkdXJpbmcgdGhlIGJvcmRlciB3YXIuIEF0IGxhc3QsIHRoZSBvbGQgcGxlYSB3YXMgcmVjb3JkZWQu
P	e3sxfX0g65GQIOyelOyerOulvCDslrXsp4DroZwg65a87KeAIOyViuqzoCDsg4jrsr3sooXsnZgg67CV7J6Q66GcIO2dkOumhOydhCDrp57st4Tri6QuIOuCmOyEoCDspJHsi6zsl5Ag7LKrIOuvuOq2gSDqtazsl63snLzroZwg64K066Ck6rCA64qUIOqzoOyglSDthrXroZzqsIAg7IOd6rK864ukLg==	e3sxfX0gV2l0aG91dCBmb3JjaWJseSByZW1vdmluZyB0aGUgdHdvIHJlbW5hbnRzLCB0aGUgZmxvdyB3YXMgc3luY2hyb25pemVkIHdpdGggdGhlIHJoeXRobSBvZiB0aGUgRGF3biBCZWxsLiBBIGZpeGVkIHBhc3NhZ2UgZGVzY2VuZGVkIHRvIHRoZSBmaXJzdCBMYWJ5cmludGggc2VjdG9yIGF0IHRoZSBzcGlyYWwgY2VudGVyLg==
P	e3sxfX0g66y064SI7KeEIOu2geusuCDslZ7sl5DshJwg7IaQ7J6h7J206rCAIOuLs+ydgCDqsoDsnYQg67Cc6rKs7ZaI64ukLiDsooXshozrpqzripQg7ISx66y4IOuwluyXkOyEnCDrk6TrpqzripTrjbAsIOyYpOuKmOydgCDslYTrrLTrj4Qg6re4IOusuOydhCDsp4DtgqTsp4Ag7JWK7JWY64ukLg==	e3sxfX0gZm91bmQgYSBzd29yZCB3aXRoIGEgd29ybiBncmlwIGJlZm9yZSB0aGUgY29sbGFwc2VkIG5vcnRoIGdhdGUuIEEgYmVsbCByYW5nIGJleW9uZCB0aGUgY2l0eSBnYXRlLCBidXQgdG9kYXkgbm8gb25lIHN0b29kIGd1YXJkIHRoZXJlLg==
P	e3sxfX0sIHt7Mn19LCDroIjrsqgge3szfX0sIOyghO2IrOugpSB7ezR9fSwg7ZiE7J6sIOuqqO2XmCB7ezV9fSwg7Jik7ZSE65287J24IOuqqO2XmCDsnpTsl6wge3s2fX3tjbzshLztirgsIOydtOyWtO2VmOq4sA==	e3sxfX0sIHt7Mn19LCBsZXZlbCB7ezN9fSwgcG93ZXIge3s0fX0sIGN1cnJlbnQgcXVlc3Qge3s1fX0sIG9mZmxpbmUgYWR2ZW50dXJlIHt7Nn19IHBlcmNlbnQgcmVtYWluaW5nLCBjb250aW51ZQ==
E	7Jik66W067CY7J2AIOyEuCDsg4jrsr3sooXsnbQg66y06riw6rCAIOyVhOuLiOudvCDsnqzsnZgg66y47J2EIOyeoOq3uOuKlCDsl7Tsh6Drnbzqs6Ag67Cd7ZiU64ukLiDshLgg7KKF7J2EIOuUsOuhnCDsmrjrpqzrqbQg66y47J20IOyXtOumrOqzoCDtlajqu5gg7Jq466as66m0IOyDiOuyveydtCDsmKjri6Qu	T3JiYW4gcmV2ZWFsZWQgdGhhdCB0aGUgdGhyZWUgRGF3biBCZWxscyB3ZXJlIG5vdCB3ZWFwb25zLCBidXQga2V5cyB0byBzZWFsaW5nIHRoZSBBc2hlbiBHYXRlLiBSaW5naW5nIGVhY2ggYmVsbCBzZXBhcmF0ZWx5IG9wZW5zIHRoZSBnYXRlLCB3aGlsZSByaW5naW5nIHRoZW0gYWxsIHRvZ2V0aGVyIGJyaW5ncyBkYXduLg==
P	e3sxfX0ge3syfX3snZgg65Gl7KeA66W8IOy5mOyasOqzoCDqta3qsr3qs7wg65287JuA7J2YIOuBiuq4tCDquLjsnYQg64uk7IucIOydtOyXiOuLpC4g65GQIOyngOyXreydmCDssqsg6rO164+ZIOuztOq4ieuMgOqwgCDqsJnsnYAg7ZGc7KeA7ISd7J2EIOyngOuCmOqwlOuLpC4=	e3sxfX0gY2xlYXJlZCBvdXQge3syfX3igJlzIG5lc3QgYW5kIHJlY29ubmVjdGVkIHRoZSBicm9rZW4gcm9hZCBiZXR3ZWVuIHRoZSBib3JkZXIgYW5kIFJhdW0uIFRoZSB0d28gcmVnaW9uc+KAmSBmaXJzdCBqb2ludCBzdXBwbHkgY29udm95IHBhc3NlZCB0aGUgc2FtZSB3YXlzdG9uZS4=
P	e3sxfX0g66Gc7Jus6rO8IOuniOyXmOydmCDrqoXrtoDrpbwg66ee7LawIOydtOumhCDsl4bripQg66yY7ZGc7JeQIOyjvOyduOydhCDrj4zroKTso7zsl4jri6QuIOuRkCDsp4Dsl63snYAg64+M7JWE7Jik7KeAIOuqu+2VnCDsgqzrnozsnYQg7ZWY64KY7J2YIOq4sOuhneyXkCDrgqjqsrzri6Qu	e3sxfX0gY3Jvc3MtcmVmZXJlbmNlZCBSb3dlbuKAmXMgYW5kIE1hZWzigJlzIHJvc3RlcnMgYW5kIHJlc3RvcmVkIGlkZW50aXRpZXMgdG8gdGhlIG5hbWVsZXNzIGdyYXZlIG1hcmtlcnMuIFRoZSB0d28gcmVnaW9ucyByZWNvcmRlZCB0aG9zZSB3aG8gbmV2ZXIgcmV0dXJuZWQgaW4gYSBzaW5nbGUgbGVkZ2VyLg==
E	7JaR7Kq9IOq1sOuMgOuKlCDqsJnsnYAg7J6s7J2YIOustOumrOyXkOqyjCDsq5PquLDqs6Ag7J6I7JeI64ukLiDtmozsiJjtlZwg7ZmU7IK07LSJ7J2YIOq1reqyveyCrOugueu2gCDtkZzsi53snYAg7KCE7J+B7J20IOuwluydtCDslYTri4jrnbwg7JWI7JeQ7IScIOyLnOyekeuQkOydjOydhCDrk5zrn6zrg4jri6Qu	Qm90aCBhcm1pZXMgd2VyZSBiZWluZyBwdXJzdWVkIGJ5IHRoZSBzYW1lIGJhbmQgb2YgYXNoLiBUaGUgcmVjb3ZlcmVkIGFycm93aGVhZCBiZWFyaW5nIHRoZSBCb3JkZXIgQ29tbWFuZCBpbnNpZ25pYSByZXZlYWxlZCB0aGF0IHRoZSB3YXIgaGFkIGJlZ3VuIG5vdCBvdXRzaWRlLCBidXQgd2l0aGluLg==
P	e3sxfX0g6ri4IOyVhOuemCDrrLvtnowg7Jq067CY66Gc7JmAIOu5iCDsiJjroIjrpbwg7LC+7JWE64OI64ukLiDsiJjroIgg67CU64ul7JeQ64qUIOyerOyZgCDsnKDrpqwg6rCA66Oo6rCAIOyVhOuemOyqveydhCDqsIDrpqztgqTripQg7KeA64+E7LKY65+8IOu2meyWtCDsnojsl4jri6Qu	e3sxfX0gZGlzY292ZXJlZCBhIGJ1cmllZCB0cmFuc3BvcnQgcm91dGUgYmVuZWF0aCB0aGUgcm9hZCBhbmQgYW4gZW1wdHkgY2FydC4gQXNoIGFuZCBnbGFzcyBkdXN0IGNsdW5nIHRvIHRoZSBjYXJ0IGJlZCBsaWtlIGEgbWFwIHBvaW50aW5nIGRvd253YXJkLg==
P	e3sxfX0g7ISx66y47J2EIOychO2Yke2VmOuNmCDrrLTrpqzrpbwg66qw7JWE64K06rOgIOu2geusuOyXkCDqsoDsp5HsnZgg64GI7J2EIOustuyXiOuLpC4g64+M7JWE7JisIOydtOuTpOydtCDsnojsnYQg65WM6rmM7KeAIOq4uOydhCDsp4DtgqTqsqDri6TripQg7LKrIOunueyEuOyYgOuLpC4=	e3sxfX0gZHJvdmUgb2ZmIHRoZSBob3JkZSB0aHJlYXRlbmluZyB0aGUgY2l0eSBnYXRlIGFuZCB0aWVkIGEgc2NhYmJhcmQgY29yZCB0byB0aGUgbm9ydGggZ2F0ZS4gSXQgd2FzIGEgZmlyc3Qgdm93IHRvIGd1YXJkIHRoZSByb2FkIHVudGlsIHRob3NlIHdobyBoYWQgeWV0IHRvIHJldHVybiBjYW1lIGhvbWUu
P	e3sxfX0g7IS4IOyDiOuyveyiheydmCDsmrjrprzqs7wg6rKA7J2AIOycoOumrCDsl7Tsh6Drpbwg7ZWo6ruYIOyCrOyaqe2VtCDsp4DtlZjrrLjsnZgg7Jyk6rO97J2EIOuTnOufrOuDiOuLpC4g66y4IOuEiOuouOyXkOyEnOuKlCDrj4zslYTsmKTripQg67Cc7J6Q6rWt7J20IOuTpOuguOuLpC4=	e3sxfX0gVGhlIHJlc29uYW5jZSBvZiB0aHJlZSBEYXduIEJlbGxzIGFuZCBhIGJsYWNrIGdsYXNzIGtleSByZXZlYWxlZCB0aGUgb3V0bGluZSBvZiB0aGUgc3VidGVycmFuZWFuIGdhdGUuIEZvb3RzdGVwcyBhcHByb2FjaGluZyBmcm9tIGJleW9uZCB0aGUgZG9vciBjb3VsZCBiZSBoZWFyZC4=
P	e3sxfX0g7IiyIOqwgOyepeyekOumrOyXkCDri7/snpAg7J217IiZ7ZWcIOyDiOydmCDsmrjsnYzsnbQg6rCR7J6Q6riwIOuBiuqyvOuLpC4g7Jet7ZKN7J24642w64+EIOyiheyGjOumrOyZgCDsp5DsirnsnZgg7ZS8IOuDhOyDiOqwgCDqsJnsnYAg67Cp7Zal7JeQ7IScIO2dmOufrOyZlOuLpC4=	e3sxfX0gQXMgd2UgcmVhY2hlZCB0aGUgZWRnZSBvZiB0aGUgZm9yZXN0LCBhIGZhbWlsaWFyIGJpcmQncyBjcnkgc3VkZGVubHkgY2Vhc2VkLiBUaG91Z2ggaXQgd2FzIGEgaGVhZHdpbmQsIHRoZSBiZWxsJ3MgY2hpbWUgYW5kIHRoZSBzY2VudCBvZiBibG9vZCBmcm9tIGJlYXN0cyBjYW1lIGZyb20gdGhlIHNhbWUgZGlyZWN0aW9uLg==
P	e3sxfX0g67O06riJ7ISgwrfqtazsobAg7Iug7Zi4wrfqt4DtmZgg7J6l7LmY66W8IOygkOqygO2VmOqzoCDsm5DsoJUg7Iuk7Yyo6rCAIOqzpyDrqqjrk6Ag6rKD7J2YIOyDgeyLpOydtCDrkJjsp4Ag7JWK64+E66GdIOuniOyngOuniSDsp4Dsg4Eg6rGw7KCQ7J2EIOyZhOyEse2WiOuLpC4=	e3sxfX0gSW5zcGVjdGluZyB0aGUgc3VwcGx5IGxpbmUsIHJlc2N1ZSBzaWduYWwsIGFuZCByZXR1cm4gZGV2aWNlLCB3ZSBmaW5hbGl6ZWQgdGhlIGxhc3QgZ3JvdW5kIGJhc2UgdG8gZW5zdXJlIHRoYXQgYSBmYWlsZWQgZXhwZWRpdGlvbiB3b3VsZCBub3QgbWVhbiB0b3RhbCBsb3NzLg==
P	e3sxfX0g67SJ7J247J2EIO2blOy5nCDqt7jrprzsnpDsnZgg7Ye066Gc66W8IOuBiuqzoCDqtIDsuKHshozsnZgg67mE67CAIOusuOyEnOulvCDrkJjssL7slZjri6QuIOydtOumhOydhCDrgqjquLDsp4Ag7JWK7J2AIOyyqyDsnZjrorDqsIAg6rWt6rK97Jy866GcIOydtOyWtOyhjOuLpC4=	e3sxfX0gY3V0IG9mZiB0aGUgcmV0cmVhdCBvZiB0aGUgc2hhZG93IHRoYXQgc3RvbGUgdGhlIHNlYWwgYW5kIHJlY292ZXJlZCB0aGUgb2JzZXJ2YXRvcnnigJlzIHNlY3JldCBkb2N1bWVudHMuIFRoZSBmaXJzdCBhbm9ueW1vdXMgcmVxdWVzdCBsZWQgdG8gdGhlIGJvcmRlci4=
P	e3sxfX0ge3syfX3snZgg7Z2U7KCB7J2EIOqxt+yWtCDrgrTqs6Ag6riw7Ja164KY66y06rCAIOyDiOuhnCDrp4zrk6Ag6ri47J2EIOq4sOuhne2WiOuLpC4g6rWt6rK96rO8IOudvOybgOydmCDsp4Drj4Tsl5Ag7JWI7KCE66GcIO2VmOuCmOqwgCDrjZTtlbTsoYzri6Qu	e3sxfX0gY2xlYXJlZCBhd2F5IHRoZSB0cmFjZXMgb2Yge3syfX0gYW5kIHJlY29yZGVkIHRoZSBuZXcgcGF0aCBjcmVhdGVkIGJ5IHRoZSBNZW1vcnkgVHJlZS4gT25lIG1vcmUgc2FmZSByb3V0ZSB3YXMgYWRkZWQgdG8gdGhlIG1hcHMgb2YgdGhlIGJvcmRlciBhbmQgUmF1bS4=
P	e3sxfX0g67+M66as66W8IO2VtOy5mOyngCDslYrqs6Ag6rOE64uo7J2YIOyyqyDri6jsnYQg67O17JuQ7ZaI64ukLiDrgpjsnbTthYwg7IaN7JeQ64qUIOqzvOqxsCDrr7jqtoHsnLzroZwg64K066Ck6rCEIOyImO2YuOyekOuTpOydmCDsnbTrpoTsnbQg64Ko7JWEIOyeiOyXiOuLpC4=	e3sxfX0gcmVzdG9yZWQgdGhlIGZpcnN0IHN0ZXAgb2YgdGhlIHN0YWlyY2FzZSB3aXRob3V0IGhhcm1pbmcgdGhlIHJvb3RzLiBXaXRoaW4gdGhlIGdyb3d0aCByaW5ncyBsYXkgdGhlIG5hbWVzIG9mIHBhc3QgZ3VhcmRpYW5zIHdobyBoYWQgZGVzY2VuZGVkIGludG8gdGhlIExhYnlyaW50aC4=
P	e3sxfX0g6reA7ZmY7KKF7J2YIOustOqyjOuhnCDquYrsnbTrpbwg7J6s6rOgIOygnHt7Mn196rWs7Jet7J2YIOuBneusuOydhCDthrXqs7ztlojri6QuIOqzhOuLqCDrhIjrqLjsl5DshJwg64uk7IucIOu/jOumrOusuOydtCDsnpDrnbzquLAg7Iuc7J6R7ZaI64ukLg==	e3sxfX0gbWVhc3VyZWQgdGhlIGRlcHRoIHdpdGggdGhlIFJldHVybiBCZWxs4oCZcyB3ZWlnaHQgYW5kIHBhc3NlZCB0aHJvdWdoIHRoZSBmaW5hbCBnYXRlIG9mIFNlY3RvciB7ezJ9fS4gQmV5b25kIHRoZSBzdGFpcnMsIGEgcm9vdCBnYXRlIGJlZ2FuIHRvIGdyb3cgb25jZSBtb3JlLg==
P	e3sxfX0g67O07Zi466eJ7J2YIO2LiOydhCDrtInsnbjtlZjqs6Ag66eI7J2E66GcIO2Wpe2VmOuNmCDqt7jrprzsnpDrpbwg7KCA7KeA7ZaI64ukLiDrrLzroKTrsJvsnYAg66eQ7J20IOyVhOuLjCDsiqTsiqTroZwg7ISg7YOd7ZWcIOyImO2YuOydmCDshJzslb3snbTsl4jri6Qu	e3sxfX0gc2VhbGVkIHRoZSBicmVhY2ggaW4gdGhlIGJhcnJpZXIgYW5kIHN0b3BwZWQgdGhlIHNoYWRvdyBoZWFkaW5nIGZvciB0aGUgdmlsbGFnZS4gVGhpcyB3YXMgbm8gdm93IGluaGVyaXRlZCB0aHJvdWdoIHNvbWVvbmUgZWxzZeKAmXMgd29yZHMsIGJ1dCBhIHBsZWRnZSBvZiBwcm90ZWN0aW9uIGNob3NlbiBmcmVlbHku
P	e3sxfX0ge3syfX0g7Ja07KeA65+97Z6MIOyLoO2YuOulvCDrsJTroZzsnqHqs6Ag6rO164+ZIOyInOywsOuMgOyZgCDslYjsoIQg6riw66Gd7J2EIOq1kO2ZmO2WiOuLpC4g7Je066awIOq4uOydgCDsoJXquLAg7KCQ6rKA66Gc66GcIOuTseuhneuQkOuLpC4=	e3sxfX0gZHJvdmUgb2ZmIHt7Mn19LCByZXN0b3JlZCB0aGUgZGlzcnVwdGVkIHNpZ25hbCwgYW5kIGV4Y2hhbmdlZCBzYWZldHkgcmVjb3JkcyB3aXRoIHRoZSBqb2ludCBwYXRyb2wuIFRoZSByZW9wZW5lZCByb3V0ZSB3YXMgcmVnaXN0ZXJlZCBhcyBhIHJlZ3VsYXIgaW5zcGVjdGlvbiBwYXRoLg==
P	e3sxfX0g642r7JeQIOustuyduCDsp5DsirnsnYQg6rWs7ZWY6rOgIOyCrOudvOynhCDrtoHsqr0g7Jik7IaU6ri47J2EIOuQmOywvuyVmOuLpC4g7Iiy7J2AIOyLpOyiheuQnCDsiJzssLDrjIDqsIAg7KeA64KY6rCEIOq1reqyvSDrsKntlqXsnYQg6rCA66as7Lyw64ukLg==	e3sxfX0gZnJlZWQgdGhlIGJlYXN0IGNhdWdodCBpbiBhIHRyYXAgYW5kIHJlY292ZXJlZCB0aGUgdmFuaXNoZWQgbm9ydGhlcm4gdHJhaWwuIFRoZSBmb3Jlc3QgcG9pbnRlZCB0b3dhcmQgdGhlIGJvcmRlciwgd2hlcmUgdGhlIG1pc3NpbmcgcGF0cm9sIGhhZCBnb25lLg==
P	e3sxfX0g66y867CR7J2YIOyerOyZgCDsnKDrpqwg67+M66as66W8IOqxt+yWtCDrgrTqs6Ag65GQIOyngOyXreydmCDqs7Xrj5kg7IiY66Gc66W8IOuLpOyLnCDsl7DqsrDtlojri6QuIO2dkOultOuKlCDrrLzsnbQg6rCZ7J2AIOyVhOy5qOydhCDslYzroLjri6Qu	e3sxfX0gY2xlYXJlZCB0aGUgYXNoIGFuZCBnbGFzcyByb290cyBmcm9tIGJlbmVhdGggdGhlIHdhdGVyIGFuZCByZWNvbm5lY3RlZCB0aGUgd2F0ZXJ3YXkgc2hhcmVkIGJ5IHRoZSB0d28gcmVnaW9ucy4gVGhlIGZsb3dpbmcgd2F0ZXIgaGVyYWxkZWQgYSBtb3JuaW5nIHRoZXkgY291bGQgc2hhcmUu
E	6rSR6rOg66W8IOu2iOufrOyYpOyngCDrqrvtlojsirXri4jri6QuIOyYpO2UhOudvOyduCDrqqjtl5jsnYAg7JWx7J2EIOy8nCDrkZQg64+Z7JWIIOqzhOyGjSDstqnsoITrkJjrqbAsIOybkO2VmOuptCDqtJHqs6Drpbwg64uk7IucIOyLnOuPhO2VoCDsiJgg7J6I7Iq164uI64ukLg==	Q291bGRuJ3QgbG9hZCBhbiBhZC4gT2ZmbGluZSBhZHZlbnR1cmUgdGltZSB3aWxsIGtlZXAgcmVjaGFyZ2luZyB3aGlsZSB0aGUgYXBwIGlzIG9wZW4uIFlvdSBjYW4gdHJ5IHRoZSBhZCBhZ2FpbiBpZiB5b3Ugd2FudC4=
E	64KY7J207YWM7J2YIO2drOuvuO2VnCDsnbTrpoTsnYQg6rWt6rK9IOuqheu2gOyZgCDrjIDsobDtlbQg7LWc7LSIIOyngO2VmCDsiJjtmLjrjIDsnZgg7Z2U7KCB7J6E7J2EIOuwne2YgOuDiOuLpC4g64uk66eMIO2VnCDsnbTrpoTsnYAg64Gd64K0IOydve2eiOyngCDslYrslZjri6Qu	Q3Jvc3MtcmVmZXJlbmNpbmcgdGhlIGZhaW50IG5hbWVzIGluIHRoZSB0cmVlIHJpbmdzIHdpdGggdGhlIGJvcmRlciByb3N0ZXIgcmV2ZWFsZWQgdHJhY2VzIG9mIHRoZSBmaXJzdCB1bmRlcmdyb3VuZCBndWFyZGlhbnMuIE9uZSBuYW1lLCBob3dldmVyLCByZW1haW5lZCB1bnJlYWRhYmxlLg==
P	e3sxfX0g67mIIOyjvOyhsOyepeydtCDrp4zrk6TslrQg64K4IOuvuOyZhOyEsSDrrLjsp4DquLDrpbwg66mI7LaU6rOgIOygnHt7Mn196rWs7Jet7J2YIO2ZlOuhnOulvCDqt4DtmZjsooXsl5DshJwg7Jiu6ri0IOu2iOq9g+ycvOuhnCDrtInsnbjtlojri6Qu	e3sxfX0gc3RvcHBlZCB0aGUgdW5maW5pc2hlZCBnYXRla2VlcGVyIGNyZWF0ZWQgYnkgdGhlIEVtcHR5IEZvdW5kcnkgYW5kIHNlYWxlZCB0aGUgZnVybmFjZSBpbiBTZWN0b3Ige3syfX0gd2l0aCBhIGZsYW1lIGNhcnJpZWQgZnJvbSB0aGUgUmV0dXJuIEJlbGwu
P	e3sxfX0g7YyM66y4IOyGjSDrp53roLnsnYQg7ZW07IKw7ZWY6rOgIOyngOybjOynhCDrs4TsnpDrpqzsnZgg66eI7KeA66eJIOyijO2RnOulvCDrs7Xsm5Dtlojri6QuIOyijO2RnOuKlCDqta3qsr3snZgg7Y+Q7IeE65CcIOq0gOy4oeyGjOulvCDqsIDrpqzsvLDri6Qu	e3sxfX0gZGlzcGVyc2VkIHRoZSB3cmFpdGhzIHdpdGhpbiB0aGUgcmlwcGxlIGFuZCByZXN0b3JlZCB0aGUgZXJhc2VkIGNvbnN0ZWxsYXRpb24ncyBmaW5hbCBjb29yZGluYXRlcy4gVGhleSBwb2ludGVkIHRvIHRoZSBzZWFsZWQgYm9yZGVyIG9ic2VydmF0b3J5Lg==
P	e3sxfX0g64uI7JWE64qUIOyXreulmOulvCDrqYjstpTqs6Ag7IiY66GcIOuyveyXkCDsg4jqsqjsp4Qg6rmK7J20IO2RnOyLneydhCDrs7Xsm5Dtlojri6QuIOuqqOuToCDtkZzsi53snYAg7Je07IS4IOuyiOynuCDrrJjtkZzrpbwg6rCA66as7Lyw64ukLg==	e3sxfX0gYW5kIE5pYSBzdG9wcGVkIHRoZSBiYWNrZmxvdyBhbmQgcmVzdG9yZWQgdGhlIGRlcHRoIG1hcmtpbmdzIGNhcnZlZCBpbnRvIHRoZSB3YXRlcndheSB3YWxsLiBFdmVyeSBtYXJrIHBvaW50ZWQgdG8gdGhlIHRoaXJ0ZWVudGggZ3JhdmUgbWFya2VyLg==
E	66qo65OgIOq4uOqzvCDrqoXroLnsnbQg67Kg66W47JeQ6rKMIOuLv+yVmOuLpC4g6re465+s64KYIOuniOyngOuniSDrrLjshJzsl5DripQg4oCY66y47J2EIOyXtOyngCDslYrsnLzrqbQg6rWt6rK97J2AIOuyhOugpOynhOuLpOKAmeqzoCDsoIHtmIAg7J6I7JeI64ukLg==	QWxsIHBhdGhzIGFuZCBvcmRlcnMgcmVhY2hlZCBCZXJuLiBZZXQgdGhlIGxhc3QgZG9jdW1lbnQgcmVhZCwgJ0lmIHRoZSBnYXRlIGlzIG5vdCBvcGVuZWQsIHRoZSBib3JkZXIgd2lsbCBiZSBhYmFuZG9uZWQuJw==
P	66+46raBIOygnHt7MX196rWs7Jet7J2YIOusuOydgCDqsbDrjIDtlZwg67+M66asIOyCrOydtOyXkOyEnCDsl7TroLjri6QuIOyhsOq4iCDsoITquYzsp4Ag7J6I642YIOq4uOydtCDrgpjsnbTthYwg7JWI7Jy866GcIOygke2YgCDrk6TslrTqsJTri6Qu	VGhlIGdhdGUgdG8gU2VjdG9yIHt7MX19IG9mIHRoZSBMYWJ5cmludGggb3BlbmVkIGJldHdlZW4gbWFzc2l2ZSByb290cy4gVGhlIHBhdGggdGhhdCBoYWQgZXhpc3RlZCBtb21lbnRzIGJlZm9yZSBmb2xkZWQgaW50byB0aGUgdHJlZSByaW5ncy4=
E	7KO97J2AIOyInOywsOuMgOybkOyXkOqyjCDri6Tsi5wg7Lac7KCV7ZWY652864qUIOuqheugueydhCDsp4Dtgqgg7Y647KeA64qUIOyiheyngOq4sCDsmKTrpbTrsJjsnZgg7J2066aE7J2EIOyghO2WiOuLpC4g7IOI67K97J2AIOyVhOyngSDso73sp4Ag7JWK7JWY64ukLg==	VGhlIGxldHRlciBiZWFyaW5nIGFuIG9yZGVyIGZvciB0aGUgZGVhZCBwYXRyb2wgdG8gbWFyY2ggYWdhaW4gY2FycmllZCB0aGUgbmFtZSBvZiBCZWxsIEtlZXBlciBPcmJhbi4gRGF3biB3YXMgbm90IGRlYWQgeWV0Lg==
P	e3sxfX0g7ZS864Kc66+87J2EIOuFuOumsCDslrTrkaDsnYQg66y866as7LmY6rOgIOyghOugueydmCDrtIntiKzrpbwg7Je07JeI64ukLiDqta3qsr0g66eI7J2E7J2YIOq1rOyhsCDsmpTssq3snbQg7LKrIOyCrOuqheydtCDrkJjsl4jri6Qu	e3sxfX0gZGVmZWF0ZWQgdGhlIGRhcmtuZXNzIHN0YWxraW5nIHRoZSByZWZ1Z2VlcyBhbmQgb3BlbmVkIHRoZSBtZXNzZW5nZXLigJlzIGVudmVsb3BlLiBUaGUgYm9yZGVyIHZpbGxhZ2XigJlzIHBsZWEgZm9yIHJlc2N1ZSBiZWNhbWUgdGhlIGZpcnN0IG1pc3Npb24u
E	7KeE7Z2ZIOyGjeyXkOyEnCDssL7snYAg7IOI67K97KKFIO2RnOuptOyXkOuKlCDsiJzssLDrjIAg7KeA64+E7JmAIOqwmeydgCDqsoDsnYAg7JuQLCDqt7jrpqzqs6Ag7Jik66W067CY7J20652864qUIOydtOumhOydtCDsg4jqsqjsoLgg7J6I7JeI64ukLg==	VGhlIHN1cmZhY2Ugb2YgdGhlIERhd24gQmVsbCBmb3VuZCBpbiB0aGUgbXVkIGJvcmUgYSBibGFjayBjaXJjbGUgbGlrZSBhIHBhdHJvbCBtYXAsIGFuZCB0aGUgbmFtZSBPcmJhbiB3YXMgZXRjaGVkIHVwb24gaXQu
P	e3sxfX0g65ag64uk64uI64qUIOq4sOuhneydhCDrqqjslYQg7IiY66y47J2YIOyInOyEnOulvCDrs7Xsm5DtlZjqs6Ag7KCce3syfX3qtazsl63snZgg7IiY7JyE66W8IOyViOyghO2VnCDrhpLsnbTquYzsp4Ag64Ku7LeE64ukLg==	e3sxfX0gZ2F0aGVyZWQgdGhlIGZsb2F0aW5nIHJlY29yZHMsIHJlc3RvcmVkIHRoZSBzbHVpY2VzJyBzZXF1ZW5jZSwgYW5kIGxvd2VyZWQgdGhlIHdhdGVyIGxldmVsIGluIFNlY3RvciB7ezJ9fSB0byBhIHNhZmUgaGVpZ2h0Lg==
E	6rKo7Jq467+M66asIOyVhOuemOyXkOyEnCDrsJzqsqzrkJwg67aB67CpIOyasO2OuOuCreyXkOuKlCDrsqDrpbgg7JWe7Jy866GcIOyYqCDrkZAg67KI7Ke4IOuLteyepeydtCDqsJzrtInrkJjsp4Ag7JWK7J2AIOyxhCDrgqjslYQg7J6I7JeI64ukLg==	VGhlIG5vcnRoZXJuIG1haWxiYWcgZm91bmQgYmVuZWF0aCB0aGUgd2ludGVyIHJvb3RzIHN0aWxsIGhlbGQgYSBzZWNvbmQgcmVwbHkgYWRkcmVzc2VkIHRvIEJlcm4sIHVub3BlbmVkLg==
E	67Kg66W47J20IOuCqOq4tCDsg4HsnpDsl5DripQg7Jyg66as66GcIOuQnCDsno4g7ZWY64KY7JmAIOu2geyqvSDsiLLsnZgg7KeA64+E6rCAIOyeiOyXiOuLpC4g64Gd64KcIOydtOyVvOq4sOuKlCDri6TsnYwg6ri47J2EIOqwgOumrOy8sOuLpC4=	SW5zaWRlIHRoZSBib3ggQmVybiBsZWZ0IHdhcyBhIHNpbmdsZSBsZWFmIG9mIGdsYXNzIGFuZCBhIG1hcCBvZiB0aGUgbm9ydGhlcm4gZm9yZXN0LiBUaGUgZmluaXNoZWQgc3RvcnkgcG9pbnRlZCB0aGUgd2F5IGZvcndhcmQu
E	66eI7KeA66eJIOuyveyXkOuKlCDqsr3qs6DqsIAg7IOI6rKo7KC4IOyeiOyXiOuLpC4g4oCY7IS4IOyiheydhCDrlLDroZwg7Jq466as66m0IOusuOydtCDsl7Trpqzqs6AsIO2VqOq7mCDsmrjrpqzrqbQg7IOI67K97J20IOyYqOuLpC7igJk=	QSB3YXJuaW5nIHdhcyBjYXJ2ZWQgaW50byB0aGUgZmluYWwgd2FsbDogJ1JpbmcgdGhlIHRocmVlIGJlbGxzIGFwYXJ0IGFuZCB0aGUgZ2F0ZSB3aWxsIG9wZW4uIFJpbmcgdGhlbSB0b2dldGhlciBhbmQgZGF3biB3aWxsIGNvbWUuJw==
P	e3sxfX3snZgg7J286rKp7JeQIOyZleydmCDqsJHsmLfsnbQg6rCI65287KeA7J6QIOq3uCDslYjsl5DripQg66q47J20IOyVhOuLiOudvCDqta3qsr3sl5DshJwg7J6K7Z6MIOydtOumhOuTpOydtCDshozsmqnrj4zsnbTss6Tri6Qu	V2l0aCBhIHNpbmdsZSBzdHJpa2UgZnJvbSB7ezF9fSwgdGhlIGtpbmcncyBhcm1vciBzcGxpdCBvcGVuLCByZXZlYWxpbmcgbm90IGEgYm9keSBidXQgbmFtZXMgbG9uZyBmb3Jnb3R0ZW4gYXQgdGhlIGJvcmRlci4=
E	6riw66GdIOu0ieyduOydhCDrrLTrhIjrnKjrpqzqs6Ag7JWE7IWA7J20IOyerOydmCDquLDsmrTsnbQg7Iiy7Jy866GcIOuTpOyWtOyYpOuKlCDqsoPsnYQg66eJ7Jy866Ck6rOgIOuLteyepeydhCDslrXrpZjtlojsnYzsnYQg67Cd7ZiA64OI64ukLg==	QnJlYWtpbmcgdGhlIHJlY29yZCBzZWFsIHJldmVhbGVkIHRoYXQgQXNlbCBoYWQgd2l0aGhlbGQgdGhlIHJlcGx5IHRvIGtlZXAgdGhlIHRhaW50IG9mIGFzaCBmcm9tIGVudGVyaW5nIHRoZSBmb3Jlc3Qu
P	e3sxfX0g67mb7J20IOyVhOuLiOudvCDrsJTri6XsnZgg7KeE64+Z7J2EIOuUsOudvCDsp4Tsp5wg7Jyg66as66el7J2EIOywvuyVhCDsoJx7ezJ9feq1rOyXreydmCDqs7XrqoXtlbXsnYQg7J6g7J6s7Jug64ukLg==	R3VpZGVkIGJ5IHZpYnJhdGlvbnMgaW4gdGhlIGZsb29yIHJhdGhlciB0aGFuIGxpZ2h0LCB7ezF9fSBmb3VuZCB0aGUgdHJ1ZSBnbGFzcyB2ZWluIGFuZCBzdGlsbGVkIHRoZSByZXNvbmFuY2UgY29yZSBpbiBTZWN0b3Ige3syfX0u
E	65287JuAIO2ajOq0gOydmCDsp4Drj4Tsl5DripQg7Jes66aE6rO8IOqwgOydhOqzvCDqsqjsmrjrp4wg64Ko7JWEIOyeiOyXiOqzoCwg67SE7J20IOyeiOuNmCDsnpDrpqzripQg7Lm866GcIOyemOugpCDrgpjqsIAg7J6I7JeI64ukLg==	VGhlIG1hcCBvZiBSYXVtJ3MgSGFsbCBoYWQgb25seSBzdW1tZXIsIGF1dHVtbiwgYW5kIHdpbnRlciByZW1haW5pbmcsIHdpdGggdGhlIHBsYWNlIHdoZXJlIHNwcmluZyBvbmNlIHdhcyBjdXQgYXdheSBieSBhIGJsYWRlLg==
P	66+46raBIOygnHt7MX196rWs7Jet7JeQ64qUIOyynOyepeq5jOyngCDrrLzsnbQg7LCsIOq4sOuhneyLpOqzvCDsiKjsnYQg7Im0IOyImCDsnojripQg7KKB7J2AIOq4uCDtlZjrgpjrp4wg64Ko7JWEIOyeiOyXiOuLpC4=	SW4gU2VjdG9yIHt7MX19IG9mIHRoZSBMYWJ5cmludGgsIG9ubHkgYSByZWNvcmQgcm9vbSBmbG9vZGVkIHRvIHRoZSBjZWlsaW5nIGFuZCBvbmUgbmFycm93IHBhc3NhZ2Ugd2l0aCBicmVhdGhhYmxlIGFpciByZW1haW5lZC4=
E	66+46raBIO2VtOq4iDog7ZGc7Li1IOygnDHqtazsl63rtoDthLAg7J6Q64+ZIOybkOygleydtCDqs4Tsho3rkJzri6QuIEx2MTAw67aA7YSwIOybkOyglSDquLDroZ3snbQg7Ius7Li17Jy866GcIOu2hOulmOuQnOuLpC4=	TGFieXJpbnRoIFVubG9ja2VkOiBBdXRvLWV4cGVkaXRpb25zIGNvbnRpbnVlIGZyb20gU2VjdG9yIDEgb2YgdGhlIFN1cmZhY2UuIEV4cGVkaXRpb25zIHJlY29yZGVkIGF0IEx2MTAwIG9yIGhpZ2hlciBhcmUgY2xhc3NpZmllZCBhcyBEZWVwLg==
E	66Gc7Jus7J2AIOyyoOyImCDrqoXroLnsnYQsIOyYpOultOuwmOydgCDsooXsnYQg7Jiu6riw652864qUIOuqheugueydhCDrsJvslZjqs6Ag65GQIOusuOyEnOyXkOuKlCDqsJnsnYAg7J247J6l7J20IOywje2YgCDsnojsl4jri6Qu	Um93ZW4gcmVjZWl2ZWQgb3JkZXJzIHRvIHJldHJlYXQsIGFuZCBPcmJhbiByZWNlaXZlZCBvcmRlcnMgdG8gbW92ZSB0aGUgYmVsbCwgYW5kIGJvdGggZG9jdW1lbnRzIGJvcmUgdGhlIHNhbWUgc2VhbC4=
P	66+46raBIOygnHt7MX196rWs7Jet7J2YIOuyveydgCDsho3quYzsp4Ag7Yis66qF7ZaI6rOgIOybkOygleuMgOydmCDrqqjsirXsnbQg7IiY67CxIOqwiOuemCDquLjsnYQg64+Z7Iuc7JeQIOqxt+qzoCDsnojsl4jri6Qu	VGhlIHdhbGxzIG9mIFNlY3RvciB7ezF9fSBvZiB0aGUgTGFieXJpbnRoIHdlcmUgdHJhbnNwYXJlbnQgdG8gdGhlIGNvcmUsIGFuZCB0aGUgZXhwZWRpdGlvbidzIGZvcm1zIHdlcmUgd2Fsa2luZyBodW5kcmVkcyBvZiBwYXRocyBhdCBvbmNlLg==
E	67Kg66W47J2AIOustOuEiOyngOuKlCDrrLjsnYQg67aZ65Ok66mwIOyymOydjOycvOuhnCDssqDsiJgg66qF66C57J2EIOuCtOuguOuLpC4g7J2067KI7JeQ64qUIOuIhOq1rOydmCDsnbTrpoTrj4Qg7KeA7Jqw7KeAIOyViuyVmOuLpC4=	QmVybiBnYXZlIHRoZSBmaXJzdCBvcmRlciB0byByZXRyZWF0IHdoaWxlIGhvbGRpbmcgdGhlIGNvbGxhcHNpbmcgZ2F0ZS4gVGhpcyB0aW1lLCBubyBvbmUncyBuYW1lIHdhcyBlcmFzZWQu
E	67mIIOqyqOyauOydtCDsp4DrgpjqsIQg7J6Q66as7JeQ7ISc64qUIOuIiOydtCDrgrTrpqzsp4Ag7JWK7JWY64ukLiDrjIDsi6Ag7J2066aE6rO8IOyDieqzvCDrsJzsnpDqta3snbQg7IaM66asIOyXhuydtCDsgqzrnbzsoYzri6Qu	V2hlcmUgdGhlIEhvbGxvdyBXaW50ZXIgaGFkIHBhc3NlZCwgc25vdyBkaWQgbm90IGZhbGwuIEluc3RlYWQsIG5hbWVzLCBjb2xvcnMsIGFuZCBmb290cHJpbnRzIHZhbmlzaGVkIHNvdW5kbGVzc2x5Lg==
E	7JWE7IWA7J2EIOyTsOufrOucqOumrOqzoCDssqsg7JSo7JWX7J2EIOuQmOywvuyVmOyngOunjCwg6rCI65287KeEIOyLrOyepeyXkOyEnCDruYgg6rKo7Jq47J20IOu5oOyguOuCmOyYpOuKlCDqsoPsnYQg66eJ7KeAIOuqu+2WiOuLpC4=	VGhvdWdoIHRoZXkgaGFkIG92ZXJ0aHJvd24gQXNlbCBhbmQgcmVjbGFpbWVkIHRoZSBmaXJzdCBzZWVkLCB0aGV5IGNvdWxkIG5vdCBwcmV2ZW50IHRoZSBIb2xsb3cgV2ludGVyIGZyb20gZXNjYXBpbmcgdGhyb3VnaCB0aGUgZnJhY3R1cmVkIGhlYXJ0Lg==
E	7Jyg66asIOyYgeybheydgCDsp4DquIjquYzsp4Ag7IKs7Jqp7ZWcIOuqqOuToCDquLDsiKDqs7wg7J6l67mE66W8IO2dieuCtCDrgrTrqbAg7J6Q7Iug7J20IOuNlCDsmYTsoITtlZwg7JuQ67O47J2065286rOgIOyEoOyWuO2WiOuLpC4=	VGhlIGdsYXNzIGhlcm8gZGVjbGFyZWQgdGhlbXNlbHZlcyBhIG1vcmUgcGVyZmVjdCBvcmlnaW5hbCwgaW1pdGF0aW5nIGV2ZXJ5IHRlY2huaXF1ZSBhbmQgZ2VhciB0aGV5IGhhZCBldmVyIHVzZWQu
E	7KCV7JuQ7J2YIO2VmOujqOulvCDquajrnKjrpqzroKQg7ZWY7J6QIOyVhOyFgOydtCDrs7TsobTtlZwg66eI7KeA66eJIOq4sOyCrOqwgCDrp6Trsogg7IOB7LKYIOyeheq4sCDsoIQg66qo7Iq17Jy866GcIOuQmOuPjOyVhOyZlOuLpC4=	V2hlbiB0aGV5IHRyaWVkIHRvIGJyZWFrIHRoZSBnYXJkZW7igJlzIHJlcGVhdGluZyBkYXksIHRoZSBsYXN0IGtuaWdodCBwcmVzZXJ2ZWQgYnkgQXNlbCByZXZlcnRlZCBlYWNoIHRpbWUgdG8gdGhlIGZvcm0gaGUgaGFkIGJlZm9yZSBiZWluZyB3b3VuZGVkLg==
P	e3sxfX0g65CY7IK07JWE64KY64qUIO2dlOyggeydmCDrv4zrpqzrpbwg64GK6rOgIOygnHt7Mn196rWs7Jet7JeQIOyngOyDgSDtnZnsnLzroZwg66eM65OgIOyViOyghCDsm5DsnYQg64Ko6rK864ukLg==	e3sxfX0gc2V2ZXJlZCB0aGUgcm9vdHMgb2YgdGhlIHJldHVybmluZyB0cmFjZXMgYW5kIGxlZnQgYSBjaXJjbGUgb2Ygc2FmZXR5IG1hZGUgZnJvbSBlYXJ0aGx5IHNvaWwgaW4gU2VjdG9yIHt7Mn19Lg==
P	e3sxfX0g67mIIOqyqOyauOydhCDsk7Drn6zrnKjrpqzqs6Ag7Z2Q66W064qUIOu0hOusvOyXkCDssqsg7JSo7JWX7J2EIOyLrOyWtCDsnKDrpqwg7Iiy7J2YIOyLnOqwhOydhCDri6Tsi5wg7JuA7KeB7JiA64ukLg==	e3sxfX0gZGVmZWF0ZWQgSG9sbG93IFdpbnRlciwgcGxhbnRlZCB0aGUgZmlyc3Qgc2VlZCBpbiBmbG93aW5nIHNwcmluZyB3YXRlciwgYW5kIHNldCB0aW1lIGluIHRoZSBHbGFzcyBGb3Jlc3QgbW92aW5nIGFnYWluLg==
E	7IS4IOyiheydtCDtlajqu5gg7Jq466as7J6QIOyerOuKlCDsspjsnYzsnLzroZwg65WF7J2EIO2Wpe2VtCDrgrTroLjqs6AsIOuLq+2ejCDrrLjsl5DripQg7IOIIOq4iOydtCDslYTri4wg67mb7J20IOuyiOyhjOuLpC4=	V2hlbiB0aGUgdGhyZWUgYmVsbHMgcmFuZyB0b2dldGhlciwgYXNoIGZlbGwgdG93YXJkIHRoZSBlYXJ0aCBmb3IgdGhlIGZpcnN0IHRpbWUsIGFuZCBsaWdodOKAlG5vdCBhIG5ldyBjcmFja+KAlHNwcmVhZCBhY3Jvc3MgdGhlIGNsb3NlZCBnYXRlLg==
E	7KeA7ZWY66y4IOyVniDrqLzsp4Dsl5DripQg7JWI7Jy866GcIO2Wpe2VnCDsl7Tsl6zrjZ8g7Lyk66CI7JmAIOuwluycvOuhnCDrgpjsmKgg7Iqk66y87ZWcIOy8pOugiOydmCDrsJzsnpDqta3snbQg6rK57LOQIOyeiOyXiOuLpC4=	RHVzdCBiZWZvcmUgdGhlIHVuZGVyZ3JvdW5kIGdhdGUgYm9yZSBlaWdodGVlbiBwYWlycyBvZiBmb290cHJpbnRzIGhlYWRpbmcgaW53YXJkIGFuZCB0d2VudHktb25lIHBhaXJzIGhlYWRpbmcgb3V0d2FyZCwgb3ZlcmxhcHBpbmcgb25lIGFub3RoZXIu
E	6rCA7KecIOuLiOyVhOydmCDsp4Drj4TripQg66qo65OgIOq4uOydhCDsoJXtmZXtnogg7ZGc7Iuc7ZaI7KeA66eMIOustOuEiOyniCDri6TrpqzsmYAg7IOI66GcIOyDneq4tCDsg5vquLjsnYAg7JWM7KeAIOuqu+2WiOuLpC4=	VGhlIGZhbHNlIE5pYeKAmXMgbWFwIG1hcmtlZCBldmVyeSByb2FkIGFjY3VyYXRlbHksIGJ1dCBpdCBjb3VsZCBub3Qga25vdyB3aGljaCBicmlkZ2VzIHdvdWxkIGNvbGxhcHNlIG9yIHdoZXJlIG5ldyBzaWRlIHBhdGhzIGhhZCBmb3JtZWQu
P	66+46raBIOygnHt7MX196rWs7Jet7J2YIOqxsOuMgO2VnCDrqqjro6gg7JyE7JeQ7ISc64qUIOunney5mOuPhCDsnqXsnbjrj4Qg7JeG7J20IOu2ieydgCDrtojqvYPqs7wg7Iez7IaM66as66eMIO2KgOyXiOuLpC4=	QWJvdmUgdGhlIG1hc3NpdmUgYW52aWwgaW4gU2VjdG9yIHt7MX19IG9mIHRoZSBMYWJ5cmludGgsIHRoZXJlIHdhcyBubyBoYW1tZXIgb3IgY3JhZnRzbWFu4oCUb25seSByZWQgZmxhbWVzIGFuZCB0aGUgY2xhbmcgb2YgbWV0YWwu
E	67mIIOqyqOyauOydtCDsp4DrgpjqsIQg6ri47J2AIOyngOuPhOyZgCDquLDslrXsl5DshJwg64+Z7Iuc7JeQIOyCrOudvOyguCDrkqTrlLDrpbTripQg7IKs656M7J2YIOuwnOyekOq1reuniOyggCDrgqjsp4Ag7JWK7JWY64ukLg==	V2hlcmUgSG9sbG93IFdpbnRlciBwYXNzZWQsIHRoZSByb2FkIHZhbmlzaGVkIGZyb20gYm90aCBtYXBzIGFuZCBtZW1vcnksIGxlYXZpbmcgbm90IGV2ZW4gdGhlIGZvb3RwcmludHMgb2YgdGhvc2Ugd2hvIGZvbGxvd2VkLg==
E	7ISx67K97J2AIOyCtOyVhOuCqOyVmOyngOunjCDtlZjripjsl5DripQg7IaQ67CU64ul66eMIO2VnCDruZvrp4wg64Ko7JWY64ukLiDri6Trpbgg65GQIOyiheydtCDshLHssYTroZwg7Jiu6rKo7KeA6rOgIOyeiOyXiOuLpC4=	VGhlIGNpdHkgd2FsbHMgcmVtYWluZWQsIGJ1dCBvbmx5IGEgcGFsbS1zaXplZCBsaWdodCByZW1haW5lZCBpbiB0aGUgc2t5LiBUaGUgb3RoZXIgdHdvIGJlbGxzIHdlcmUgbW92aW5nIHRvd2FyZCB0aGUgY2l0YWRlbC4=
E	7JWE7IWA7J2AIOustOuEiOynhCDsi6zsnqXsnYQg67aZ65Ok66mwIOyIsuydhCDsp4DtgqTripQg66eI7KeA66eJIOydvOydtCDsnpDsi6DsnZgg67O07Zi466W8IOuBneuCtOuKlCDqsoPsnoTsnYQg67Cb7JWE65Ok7JiA64ukLg==	SG9sZGluZyB0aGUgY29sbGFwc2luZyBoZWFydCwgQXNlbCBhY2NlcHRlZCB0aGF0IHRoZSBmaW5hbCBhY3Qgb2YgcHJvdGVjdGluZyB0aGUgZm9yZXN0IHdhcyB0byBicmluZyB0aGF0IHByb3RlY3Rpb24gdG8gYW4gZW5kLg==
E	7Jik66W067CY7J2AIOyGjOumrCDsl4bripQg7LCs6rCA66W8IOyGkOuBneycvOuhnCDsp5rsnLzrqbAg64iE6rWw6rCAIOuCqOydgCDrkZAg7IOI67K97KKF7J2EIOuqqOuRkCDtm5Tss6Tri6Tqs6Ag7YS47Ja064aT7JWY64ukLg==	VHJhY2luZyB0aGUgc2lsZW50IGh5bW4gd2l0aCBoaXMgZmluZ2VydGlwcywgT3JiYW4gY29uZmVzc2VkIHRoYXQgc29tZW9uZSBoYWQgc3RvbGVuIGJvdGggcmVtYWluaW5nIERhd24gQmVsbHMu
E	7YOR7J2YIOyZhOuyve2VnCDsnYzsnbQg7Jyg66asIOq1sOuMgOulvCDrkJjsgrTrprQg65WM66eI64ukIOyYpOultOuwmOydmCDquIgg6rCEIOyiheydgCDsobDquIjslKkg7Ja06riL64KcIOuMgOuLteydhCDrg4jri6Qu	RWFjaCB0aW1lIHRoZSBwZXJmZWN0IHRvbmUgb2YgdGhlIHRvd2VyIHJldml2ZWQgdGhlIEdsYXNzIEFybXksIE9yYmFuJ3MgY3JhY2tlZCBiZWxsIGdhdmUgYSBzbGlnaHRseSBvZmYgcmVwbHku
P	e3sxfX3snZgg6re466a87J6Q64qUIOuqqOuToCDsirnrpqzrpbwg66eQ7ZaI7KeA66eMIOq1rO2VmOyngCDrqrvtlZwg7IKs656M6rO8IOyLpO2MqO2VnCDquLjsnYAg6riw7Ja17ZWY7KeAIOyViuyVmOuLpC4=	VGhlIHNoYWRvdyBvZiB7ezF9fSBzcG9rZSBvZiBhbGwgdmljdG9yaWVzLCBidXQgaXQgZGlkIG5vdCByZW1lbWJlciB0aG9zZSBpdCBmYWlsZWQgdG8gc2F2ZSBvciB0aGUgcGF0aHMgaXQgZmFpbGVkIHRvIHRha2Uu
E	65287JuA7J2YIOusuOydgCDsl7TroKQg7J6I7JeI7KeA66eMIOqxsOumrOyXkOuKlCDsgqzrnozsnbQg7JeG7JeI6rOgLCDssL3rrLjrp4jri6Qg7JWI7Kq97JeQ7IScIOuRkOuTnOumrOuKlCDshozrpqzqsIAg64Ks64ukLg==	UmF1bSdzIGdhdGUgd2FzIG9wZW4sIGJ1dCB0aGUgc3RyZWV0cyB3ZXJlIGVtcHR5LCBhbmQgZnJvbSBldmVyeSB3aW5kb3cgY2FtZSB0aGUgc291bmQgb2Ygc29tZXRoaW5nIHRhcHBpbmcgZnJvbSB3aXRoaW4u
P	66+46raBIOygnHt7MX196rWs7Jet7JeQ64qUIO2dmSDrjIDsi6Ag6rOg7Jq0IOyerOqwgCDquZTroLjqs6Ag7KeA64KY7JioIOq0tOusvOuTpOydmCDtnZTsoIHsnbQg6r2D7LKY65+8IO2UvOyWtOuCrOuLpC4=	SW5zdGVhZCBvZiBkaXJ0LCBmaW5lIGFzaCBjb3ZlcmVkIFNlY3RvciB7ezF9fSBvZiB0aGUgTGFieXJpbnRoLCBhbmQgdGhlIHRyYWNlcyBvZiB0aGUgbW9uc3RlcnMgdGhhdCBoYWQgcGFzc2VkIGJsb29tZWQgbGlrZSBmbG93ZXJzLg==
E	67Kg66W47J2AIOqyveqzoOulvCDrk6Pqs6Drj4Qg66eI7KeA66eJIOyDiOuyveyiheydhCDsmrjroLjri6QuIOKAmOuyhOugpOynhCDqta3qsr3sl5DripQg6rS066y87J20652864+EIOyZleydtCDtlYTsmpTtlZjri6Qu4oCZ	QmVybiByYW5nIHRoZSBmaW5hbCBEYXduIEJlbGwgZGVzcGl0ZSB0aGUgd2FybmluZy4gJ0V2ZW4gYSBmb3JzYWtlbiBib3JkZXIgbmVlZHMgYSBraW5nLCBldmVuIGlmIGl0J3MgYSBtb25zdGVyLic=
E	67mIIOyynOunieuniOuLpCDsiJzssLDrjIDsl5DshJwg67O4IOqygOydgCDsnqzqsIAg7IyT7JesIOyeiOyWtCDslpHsqr0g6rWw64yA6rCAIOqwmeydgCDsoIHsl5Dqsowg7KuT6rK87J2M7J2EIOuTnOufrOuDiOuLpC4=	RXZlcnkgZW1wdHkgdGVudCBoZWxkIHRoZSBzYW1lIGJsYWNrIGFzaCBzZWVuIHdpdGggdGhlIHBhdHJvbCwgcmV2ZWFsaW5nIHRoYXQgYm90aCBhcm1pZXMgd2VyZSBmbGVlaW5nIHRoZSBzYW1lIGVuZW15Lg==
E	67+M66as6rOE64uoIOyVhOuemOydmCDrrLzsnYAg64Ku7J2AIOqzs+yXkOyEnCDrhpLsnYAg6rOz7Jy866GcIO2dkOultOupsCDsp4Dsg4HsnZgg7J6R7J2AIOq4sOyWteuTpOydhCDtlajqu5gg64GM6rOgIOqwlOuLpC4=	VGhlIHdhdGVyIGJlbmVhdGggdGhlIHJvb3Qtc3RhaXIgZmxvd2VkIGZyb20gbG93ZXIgdG8gaGlnaGVyIGdyb3VuZCwgY2Fycnlpbmcgd2l0aCBpdCB0aGUgc21hbGwgbWVtb3JpZXMgb2YgdGhlIGxhbmQu
E	7IKs656M65Ok7J2AIO2dqeyWtOynhCDshLgg7IOI67K97KKF7J2EIOuqqOyVmOqzoCwg7Jik66W067CY7J2AIOyEnOuhnCDri6Trpbgg7IOB7LKY66W8IOqwgOynhCDshLgg7KKF7J2YIOydjOydhCDrp57st4Tri6Qu	UGVvcGxlIGdhdGhlcmVkIHRoZSB0aHJlZSBzY2F0dGVyZWQgRGF3biBCZWxscywgYW5kIE9yYmFuIG1hdGNoZWQgdGhlIHRvbmVzIG9mIHRoZSB0aHJlZSBiZWxscywgZWFjaCBiZWFyaW5nIGRpZmZlcmVudCB3b3VuZHMu
E	7Ius7J6lIOyViOyqveyXkOuKlCDriIjrj4Qg7Ja87J2M64+EIOyVhOuLjCwg64u/7J2AIOqyg+ydmCDqs4TsoIjqs7wg7J2066aE66eMIOyCrOudvOyngOqyjCDtlZjripQg7Z2wIOq3oOyXtOydtCDsnojsl4jri6Qu	SW5zaWRlIHRoZSBoZWFydCB3YXMgYSB3aGl0ZSBmaXNzdXJl4oCUbm90IHNub3cgb3IgaWNl4oCUdGhhdCBlcmFzZWQgb25seSB0aGUgc2Vhc29uIGFuZCBuYW1lIG9mIHdoYXRldmVyIGl0IHRvdWNoZWQu
E	7JiB7JuQ7Z6IIOuCqOuKlCDshozrpqzripQg67mIIOqyqOyauOydmCDrqLnsnbTqsIAg65CQ6rOgLCDrgZ3rgpgg67KE66awIOynp+ydgCDsooXshozrpqzrp4wg6re4IOuquOyXkCDqt6Dsl7TsnYQg64OI64ukLg==	U291bmRzIHRoYXQgbGluZ2VyZWQgZm9yZXZlciBiZWNhbWUgZm9vZCBmb3IgSG9sbG93IFdpbnRlci4gT25seSBhIGJyaWVmIGJlbGwgdG9uZSB0aGF0IGNhbWUgdG8gYW4gZW5kIGNvdWxkIGNyYWNrIGl0cyBib2R5Lg==
E	7J2066aE64+EIOqzhOygiOuPhCDsl4bripQg6rGw64yA7ZWcIO2dsCDtmJXsg4HsnbQg7Iiy7J2YIOuniOyngOuniSDsg4nsnYQg7IK87YKk6riwIOychO2VtCDssqsg7JSo7JWXIOychOuhnCDrgrTroKTsmZTri6Qu	QSBjb2xvc3NhbCB3aGl0ZSBmaWd1cmUsIG5hbWVsZXNzIGFuZCBzZWFzb25sZXNzLCBkZXNjZW5kZWQgdXBvbiB0aGUgZmlyc3Qgc2VlZCB0byBkZXZvdXIgdGhlIGxhc3QgY29sb3Igb2YgdGhlIGZvcmVzdC4=
E	7KCV7JuQIOyCrOuejOuTpOydgCDrqqjrkZAg67Cx7JW87JeQIOuPmeydmO2WiOuLpOqzoCDrp5Dtlojsp4Drp4wg7KeI66y47J2YIOyInOyEnOqwgCDri6zrnbzsoLjrj4Qg65iR6rCZ7J2AIOusuOyepeunjCDri7Xtlojri6Qu	RXZlcnlvbmUgaW4gdGhlIGdhcmRlbiBjbGFpbWVkIHRvIGhhdmUgY29uc2VudGVkIHRvIHRoZSBXaGl0ZSBOaWdodCwgeWV0IG5vIG1hdHRlciBob3cgdGhlIHF1ZXN0aW9ucyB3ZXJlIHJlb3JkZXJlZCwgdGhleSBnYXZlIHRoZSBzYW1lIGFuc3dlciB3b3JkIGZvciB3b3JkLg==
E	7KeA64+EIOyGjSDsmIjrsLDri7nsl5DripQg7LC964+EIOusuOuPhCDsl4bsl4jqs6AsIOuyve2ZlOyXkOuKlCDssqsg7IOI67K97KKF7J2EIOyauOumrOudvOuKlCDrrLjqtazqsIAg7IOI6rKo7KC4IOyeiOyXiOuLpC4=	VGhlIGNoYXBlbCBtYXJrZWQgb24gdGhlIG1hcCBoYWQgbmVpdGhlciB3aW5kb3dzIG5vciBkb29ycywgYW5kIGl0cyBtdXJhbCB3YXMgaW5zY3JpYmVkOiAnUmluZyB0aGUgZmlyc3QgRGF3biBCZWxsLic=
E	7LKY7J2M7J2YIOyEoO2DneydgCDsgqzrnozsnYQg7IK066C47KeA66eMIOyVhOyFgOydtCDrp6Tsnbwg7ZW07KCc66W8IOuvuOujqOupsCDrsLHslbzqsIAg6rCQ7Jil7Jy866GcIOuzgO2WiOydjOydhCDtmZXsnbjtlojri6Qu	VGhlIGZpcnN0IGNob2ljZSBzYXZlZCBsaXZlcywgYnV0IGFzIEFzZWwgcG9zdHBvbmVkIHRoZSByZWxlYXNlIGRheSBhZnRlciBkYXksIHRoZSBXaGl0ZSBOaWdodCBiZWNhbWUgYSBwcmlzb24u
E	7ZW064+Z7J2YIOyyqyDrrLzrsKnsmrjsnbQg65ao7Ja07KeA7J6QIOyVhOyFgOydgCDsnKDrpqwg7Ius7J6l7J2EIOu9keyVhCDrk6Tqs6Ag7IiyIOyghOyytOulvCDtlZjrgpjsnZgg6rWw64yA66GcIOq5qOyboOuLpC4=	QXMgdGhlIGZpcnN0IGRyb3Agb2YgdGhhd2luZyB3YXRlciBmZWxsLCBBc2VsIGRyZXcgdGhlIEdsYXNzIEhlYXJ0IGFuZCByb3VzZWQgdGhlIGVudGlyZSBmb3Jlc3QgYXMgYSBzaW5nbGUgYXJteS4=
E	7Z2wIOygleybkOydmCDqvYPsnYAg7ZS87KeA64+EIOyngOyngOuPhCDslYrslZjqs6AsIOyCrOuejOuTpOydgCDqsJnsnYAg7J247IKs7JmAIOqwmeydgCDsm4PsnYzsnYQg64Gd7JeG7J20IOuQmO2SgOydtO2WiOuLpC4=	VGhlIGZsb3dlcnMgb2YgdGhlIHdoaXRlIGdhcmRlbiBuZWl0aGVyIGJsb29tZWQgbm9yIHdpdGhlcmVkLCBhbmQgcGVvcGxlIGVuZGxlc3NseSByZXBlYXRlZCB0aGUgc2FtZSBncmVldGluZ3MgYW5kIHRoZSBzYW1lIGxhdWdodGVyLg==
P	e3sxfX0g7KCE67O165CcIOyImOugiOyXkOyEnCDrkZAg67KI7Ke4IOyDiOuyveyiheydhCDrkJjssL7slZjsp4Drp4wg66eI7KeA66eJIOyImOugiOuKlCDshLHssYQg66y47J2EIO2GteqzvO2WiOuLpC4=	e3sxfX0gUmVjb3ZlcmVkIHRoZSBzZWNvbmQgRGF3biBCZWxsIGZyb20gdGhlIG92ZXJ0dXJuZWQgY2FydCwgYnV0IHRoZSBmaW5hbCBjYXJ0IGhhZCBwYXNzZWQgdGhyb3VnaCB0aGUgY2l0YWRlbCBnYXRlcy4=
E	6rO86rGw7JeQIOyXhuuNmCDshKDtg53snLzroZwg7Jyg66asIOyYgeybheydhCDsk7Drn6zrnKjrpqzqs6Ag7KeE7KecIOydtOumhOydtCDsg4jqsqjsp4Qg65GQIOuyiOynuCDsl7Tsh6Drpbwg7ZqM7IiY7ZaI64ukLg==	QnkgbWFraW5nIGEgY2hvaWNlIHRoYXQgaGFkIG5ldmVyIGV4aXN0ZWQgYmVmb3JlLCB5b3UgZmVsbGVkIHRoZSBnbGFzcyBoZXJvIGFuZCByZWNvdmVyZWQgdGhlIHNlY29uZCBrZXksIGVuZ3JhdmVkIHdpdGggaXRzIHRydWUgbmFtZS4=
E	66mA66as7IScIOuCruydgCDsmrjrprzsnbQg7ZWcIOuyiCDrsojsoYzri6QuIO2VmOuKmOydmCDsnpHsnYAg67mb7J20IOq6vOyngOqzoCDsnqzqsIAg7JyE66GcIOuWqOyWtOyngOq4sCDsi5zsnpHtlojri6Qu	QSBsb3cgcmVzb25hbmNlIHNwcmVhZCBvbmNlIGluIHRoZSBkaXN0YW5jZS4gQSBzbWFsbCBsaWdodCBpbiB0aGUgc2t5IHdlbnQgb3V0LCBhbmQgYXNoIGJlZ2FuIHRvIGZhbGwgdXB3YXJkLg==
P	66+46raBIOygnHt7MX196rWs7Jet7J2YIOuCmOyEoOqzhOuLqOyXkOuKlCDsnITsmYAg7JWE656Y6rCAIOuUsOuhnCDsl4bsl4jqs6Ag7ZG466W4IOuzhOu5m+uniOyggCDrsKntlqXsnYQg7J6D7JeI64ukLg==	VGhlIHNwaXJhbCBzdGFpcmNhc2Ugb2YgTGFieXJpbnRoIFNlY3RvciB7ezF9fSBoYWQgbm8gZGlzdGluY3QgdXAgb3IgZG93biwgYW5kIGV2ZW4gdGhlIGJsdWUgc3RhcmxpZ2h0IGxvc3QgaXRzIGRpcmVjdGlvbi4=
P	7Jik66W067CY7J2AIO2dqeyWtOynhCDrkZAg7KKF7IaM66as66W8IO2VnCDrsJXsnpDroZwg66y27JeI6rOgIHt7MX19IOuniOyngOuniSDsooXquYzsp4Ag64u/7J2EIO2LiOydhCDslrvsl4jri6Qu	T3JiYW4gYm91bmQgdGhlIHR3byBzY2F0dGVyZWQgYmVsbCB0b25lcyBpbnRvIGEgc2luZ2xlIGJlYXQsIGdpdmluZyB7ezF9fSBhbiBvcGVuaW5nIHRvIHJlYWNoIHRoZSBmaW5hbCBiZWxsLg==
E	7Jyg66asIO2DkeydmCDqs4Tri6jsnYAg7JyE66GcIOqwiOyImOuhnSDrsJ3slYTsoYzqs6AsIOywveuwluydmCDtlbTripQg7JWE66y066asIOqxuOyWtOuPhCDqsJnsnYAg64aS7J207JeQIOuouOusvOuggOuLpC4=	VGhlIHN0YWlycyBvZiB0aGUgZ2xhc3MgdG93ZXIgZ3JldyBicmlnaHRlciBhcyB5b3UgYXNjZW5kZWQsIHdoaWxlIHRoZSBzdW4gb3V0c2lkZSB0aGUgd2luZG93IHJlbWFpbmVkIGF0IHRoZSBzYW1lIGhlaWdodCBubyBtYXR0ZXIgaG93IGZhciB5b3Ugd2Fsa2VkLg==
E	7ZqM7IiY7ZWcIO2ZlOyCtOy0ieyXkOuKlCDqta3qsr3sgqzroLnrtoDsnZgg7ZGc7Iud7J20IOyeiOyXiOuLpC4g7KCE7J+B7J2AIOuwluydtCDslYTri4jrnbwg7JWI7JeQ7IScIOyLnOyekeuQmOqzoCDsnojsl4jri6Qu	VGhlIHJlY292ZXJlZCBhcnJvd2hlYWQgYm9yZSB0aGUgaW5zaWduaWEgb2YgdGhlIEJvcmRlciBDb21tYW5kLiBXYXIgd2FzIGJlZ2lubmluZyBub3Qgb3V0c2lkZSwgYnV0IHdpdGhpbi4=
E	66eI7JeY6rO8IOuLiOyVhOqwgCDrrLzsnZgg7Z2Q66aE6rO8IOycoOumrCDsno7snZgg67mb7J2EIOqyueyzkCDsp4Dsm4zsp4Dsp4Ag7JWK64qUIOuniOyngOuniSDsoJHqt7zroZzrpbwg66eM65Ok7JeI64ukLg==	TWFlbCBhbmQgTmlhIG92ZXJsYWlkIHRoZSBmbG93IG9mIHdhdGVyIHdpdGggdGhlIGxpZ2h0IG9mIHRoZSBnbGFzcyBsZWF2ZXMsIGNyZWF0aW5nIGFuIHVuZXJhc2FibGUgZmluYWwgYXBwcm9hY2ggcGF0aC4=
E	67Kg66W47J2AIOq1reqyveydhCDsp4DtgqTquLAg7JyE7ZW0IOyiheydmCDtnpjsnbQg7ZWE7JqU7ZWY64uk6rOgIOyggeyXiOuLpC4g7Iuk7Yyo7J2YIOuMgOqwgOuKlCDtlZwg7KSE64+EIOyXhuyXiOuLpC4=	QmVybiB3cm90ZSB0aGF0IHRoZSBiZWxscycgcG93ZXIgd2FzIG5lZWRlZCB0byBkZWZlbmQgdGhlIGJvcmRlci4gTm90IG9uZSBsaW5lIHJlY29yZGVkIHRoZSBjb3N0IG9mIGZhaWx1cmUu
E	67Kg66W47J2YIO2OuOyngOuKlCDrs5HroKUg64yA7IugIOusvOqzvCDslb3qs7wg7ZS864Kc7LKY66W8IOyalOyyre2VmOupsCDqta3qsr0g7IKs656M65Ok7J2YIOydtOumhOydhCDsoIHqs6Ag7J6I7JeI64ukLg==	QmVybidzIGxldHRlciBhc2tlZCBub3QgZm9yIHNvbGRpZXJzIGJ1dCBmb3Igd2F0ZXIsIG1lZGljaW5lLCBhbmQgc2hlbHRlciwgbGlzdGluZyB0aGUgbmFtZXMgb2YgdGhlIHBlb3BsZSBhdCB0aGUgYm9yZGVyLg==
E	67SJ7J24IOyVhOuemOyXkOuKlCDtlZwg66y47J6l66eMIOuCqOyVmOuLpC4g4oCY7KKF7KeA6riwIOyYpOultOuwmOydhCDssL7slYTrnbwuIOyDiOuyveydgCDslYTsp4Eg7KO97KeAIOyViuyVmOuLpC7igJk=	T25seSBvbmUgc2VudGVuY2UgcmVtYWluZWQgYmVuZWF0aCB0aGUgc2VhbDogJ1NlZWsgdGhlIEJlbGxrZWVwZXIgT3JiYW4uIERhd24gaXMgbm90IHlldCBkZWFkLic=
E	7IOI66GcIOyXsCDrs7TquInroZzsl5DshJwg7IiY66CIIO2VnCDrjIDqsIAg7Z2U7KCB64+EIOyXhuydtCDsgqzrnbzsp4Dqs6Ag67CU7YC07J6Q6rWt7J2AIOq4uCDtlZzqsIDsmrTrjbDshJwg64GK6rK864ukLg==	QSBjYXJ0IHZhbmlzaGVkIHdpdGhvdXQgYSB0cmFjZSBmcm9tIHRoZSBuZXdseSBvcGVuZWQgc3VwcGx5IHJvdXRlLCBhbmQgaXRzIHdoZWVsIHRyYWNrcyBlbmRlZCBhYnJ1cHRseSBpbiB0aGUgbWlkZGxlIG9mIHRoZSByb2FkLg==
P	7JWE7IWA6rO8IOumrOu4jOqwgCDruYgg6rKo7Jq47J2YIOq3oOyXtOydhCDsnqDsi5wg67aZ65Ok7Ja0IHt7MX19IOyyqyDslKjslZfsnYQg7Ius7J2EIOyLnOqwhOydhCDrp4zrk6Tsl4jri6Qu	QXNlbCBhbmQgTGl2IGhlbGQgdGhlIGZpc3N1cmUgaW4gSG9sbG93IFdpbnRlciBsb25nIGVub3VnaCBmb3Ige3sxfX0gdG8gcGxhbnQgdGhlIGZpcnN0IHNlZWQu
E	7JWE7IWA7J2AIOyIsuydtCDri6Tsi5wg7IOB7LKYIOyeheuKlCDqsoPsnYQg67O8IOyImCDsl4bri6TrqbAg7Jyg66asIOyLrOyepeqzvCDtlZwg66q47J20IOuQmOyWtCDquLjsnYQg66eJ7JWY64ukLg==	VW5hYmxlIHRvIGJlYXIgc2VlaW5nIHRoZSBmb3Jlc3Qgd291bmRlZCBhZ2FpbiwgQXNlbCBiZWNhbWUgb25lIHdpdGggdGhlIEdsYXNzIEhlYXJ0IGFuZCBiYXJyZWQgdGhlIHdheS4=
E	7Jik66W067CY7J2AIOyihSDslYTrnpgg7J6g65OgIOyhtOyerOqwgCDsiJjtmLjsnpDqsIAg7JWE64uI6528IOyYpOuemOyghCDqta3qsr3snYQg7J6s66GcIOunjOuToCDsmZXsnbTrnbzqs6Ag67Cd7ZiU64ukLg==	T3JiYW4gcmV2ZWFsZWQgdGhhdCB0aGUgYmVpbmcgYXNsZWVwIGJlbmVhdGggdGhlIGJlbGwgd2FzIG5vIGd1YXJkaWFuLCBidXQgdGhlIGtpbmcgd2hvIGhhZCByZWR1Y2VkIHRoZSBib3JkZXIgdG8gYXNoIGxvbmcgYWdvLg==
E	7Jqw66y87J2YIOyImOuhnCwg64uI7JWE7J2YIOyngO2VmOuhnCwg66Gc7Jus7J20IOyngO2CqCDshLHrsr3snbQg7ZWY64KY7J2YIOq4uOydtCDrkJjslrQg7IKs656M65Ok7J2EIO2UvOyLoOyLnOy8sOuLpC4=	VGhlIHdhdGVyIGNoYW5uZWwgb2YgdGhlIHdlbGwsIE5pYSdzIHVuZGVyZ3JvdW5kIHBhc3NhZ2UsIGFuZCBSb3dlbidzIGd1YXJkZWQgY2l0eSB3YWxscyBiZWNhbWUgb25lIHBhdGggdG8gbGVhZCBwZW9wbGUgdG8gc2FmZXR5Lg==
E	7J6Y66awIOu/jOumrCDri6jrqbTrp4jri6Qg7Je07Jes642fIOydtOumhOydtCDsm5DsnYQg7J2066Oo6rOgIOyeiOyXiOyngOunjCDtlZjrgpjripQg7J297Z6MIO2dlOyggeunjCDrgqjslYQg7J6I7JeI64ukLg==	RWlnaHRlZW4gbmFtZXMgZm9ybWVkIGEgY2lyY2xlIG9uIGVhY2ggY3V0IHJvb3QsIGJ1dCBvbmUgcmVtYWluZWQgb25seSBhcyBhIHRyYWNlIHRoYXQgaGFkIGJlZW4gcmVhZC4=
E	7KeA7ZWYIOuyve2ZlOuKlCDshLgg7KKF7J20IOq1reqyveydhCDsp4DtgqTripQg66y06riw6rCAIOyVhOuLiOudvCDsnqzsnZgg66y47J2EIOyeoOq3uOuKlCDsl7Tsh6DsnoTsnYQg67O07Jes7KO87JeI64ukLg==	VGhlIHVuZGVyZ3JvdW5kIG11cmFsIHNob3dlZCB0aGF0IHRoZSB0aHJlZSBiZWxscyB3ZXJlIG5vdCB3ZWFwb25zIGd1YXJkaW5nIHRoZSBib3JkZXIsIGJ1dCBrZXlzIHRoYXQgbG9ja2VkIHRoZSBBc2hlbiBHYXRlLg==
E	7Lac7KCVIOyghOuCoCDrsKQsIO2VmOuKmOydtCDslYTri4wg7KeA7ZWY66y4IOyVhOuemOyXkOyEnCDsnpHsnYAg7ZG466W4IOuzhCDtlZjrgpjqsIAg65ag7Jis6528IOqzhOuLqOydhCDruYTst4Tri6Qu	T24gdGhlIG5pZ2h0IGJlZm9yZSB0aGUgZXhwZWRpdGlvbiwgYSBzbWFsbCBibHVlIHN0YXIgYXBwZWFyZWQgYmVuZWF0aCB0aGUgdW5kZXJncm91bmQgZG9vciwgaWxsdW1pbmF0aW5nIHRoZSBzdGFpcnMu
E	7YORIOyVhOuemOydmCDsnKDrpqwg7Ius7J6l7J2AIOubuCDrlYzrp4jri6Qg64KY66y0IO2VnCDqt7jro6jsnZgg7IOJ6rO8IOyCrOuejCDtlZwg66qF7J2YIOq4sOyWteydhCDruajslYTrk6TsmIDri6Qu	VGhlIGdsYXNzIGhlYXJ0IGJlbmVhdGggdGhlIHRvd2VyIGFic29yYmVkIHRoZSBjb2xvciBvZiBhIHRyZWUgYW5kIHRoZSBtZW1vcnkgb2YgYSBwZXJzb24gd2l0aCBldmVyeSBiZWF0Lg==
E	7ZW064qUIOuouOumrCDsnITsl5DshJwg7JuA7KeB7J207KeAIOyViuyVmOqzoCDsoJXsm5Ag7IKs656M65Ok7J2AIOunpOuyiCDsspjsnYwg67O064qUIOyWvOq1tOyymOufvCDsnbztlonsnYQg66ee7JWY64ukLg==	VGhlIHN1biBkaWQgbm90IG1vdmUgYWNyb3NzIHRoZSBza3ksIGFuZCB0aGUgZ2FyZGVuIHBlb3BsZSB3ZWxjb21lZCB0aGUgdHJhdmVsZXJzIGFzIGlmIHRoZXkgd2VyZSBzZWVpbmcgdGhlbSBmb3IgdGhlIGZpcnN0IHRpbWUgZWFjaCB0aW1lLg==
E	6rCA7KecIOyYpOultOuwmOydtCDsmrjrprAg7KKF7J2AIO2doCDsl4bsnbQg7JWE66aE64uk7Jug7KeA66eMIOyGjOumrOqwgCDsgqzrnbzsp4Dsp4Ag7JWK7JWEIOuLpOydjCDsnYzsnYQg66eJ7JWY64ukLg==	VGhlIGZhbHNlIE9yYmFuJ3MgYmVsbCB3YXMgZmxhd2xlc3MgYW5kIGJlYXV0aWZ1bCwgYnV0IGl0cyBzb3VuZCBuZXZlciBmYWRlZCwgc21vdGhlcmluZyB0aGUgbmV4dCBub3RlLg==
E	6rKA7J2AIOyynOydhCDrkZDrpbgg7IiY66CI65Ok7J20IOq0gOyymOufvCDrs7TsmIDsp4Drp4wsIOuwlO2AtCDsnpDqta3snYAg7ISx7LGEIOyqveycvOuhnCDquYrqsowg7YyM7JesIOyeiOyXiOuLpC4=	VGhlIGNhcnRzIGRyYXBlZCBpbiBibGFjayBjbG90aCBsb29rZWQgbGlrZSBjb2ZmaW5zLCBidXQgdGhlaXIgcnV0cyByYW4gZGVlcCB0b3dhcmQgdGhlIGNpdGFkZWwu
E	6rO164+ZIOyInOywsOuhnOydmCDtj5Dtl4gg7LSI7IaM7JeQ7IScIOyVhOustOuPhCDri7nquLDsp4Ag7JWK7J2AIOyekeydgCDsooXsnbQg67aB7Kq97J2EIO2Wpe2VtCDtlZwg67KIIOyauOuguOuLpC4=	QSBzbWFsbCBiZWxsIGluIHRoZSBydWluZWQgb3V0cG9zdCBvZiB0aGUgam9pbnQgcGF0cm9sIHJhbmcgb25jZSB0b3dhcmQgdGhlIG5vcnRoIHdpdGhvdXQgYW55b25lIHB1bGxpbmcgaXQu
E	65GQIOuyiOynuCDri7XsnqXsl5DripQg6rWt6rK97J2YIOyiheycvOuhnCDsnqzrpbwg7J6g7J6s7Jq4IOq1rOyytOyggeyduCDrsKnrspXqs7wg7ZWp66WYIOyLnOqwgeydtCDsoIHtmIAg7J6I7JeI64ukLg==	VGhlIHNlY29uZCByZXBseSBkZXRhaWxlZCBob3cgdG8gbHVsbCB0aGUgYXNoIHdpdGggdGhlIGJvcmRlciBiZWxscyBhbmQgZ2F2ZSBhIHJlbmRlenZvdXMgdGltZS4=
E	66Gc7Jus6rO8IOudvOybgCDso7zrr7zrk6TsnbQg66qF67aA66W8IOydtOyWtCDsnb3slrQg7IKs65287KeA642YIOydtOumhOqzvCDquLDslrXsnYQg7ISc66Gc7JeQ6rKMIOu2meuTpOyWtCDso7zsl4jri6Qu	Um93ZW4gYW5kIHRoZSBwZW9wbGUgb2YgUmF1bSB0b29rIHR1cm5zIHJlYWRpbmcgdGhlIHJvc3RlciBhbG91ZCwgYW5jaG9yaW5nIG9uZSBhbm90aGVyJ3MgZmFkaW5nIG5hbWVzIGFuZCBtZW1vcmllcy4=
E	66eI7JeY7J2AIOyVhOyFgOydmCDrqoXroLnsnYQg7Ja06riw6rOgIOq1reqyveyXkCDshLgg67KI7J2YIOu2iOu5m+ydhCDrs7Trgrgg7IKs656M7J20IOyekOyLoOydtOudvOqzoCDthLjslrTrhpPslZjri6Qu	TWFlbCBjb25mZXNzZWQgdGhhdCBoZSBoYWQgZGVmaWVkIEFzZWwncyBvcmRlcnMgYW5kIHNlbnQgdGhlIHRocmVlIGZsYXNoZXMgdG8gdGhlIGJvcmRlci4=
E	66qF66C57J2EIOuyoOuCgCDshJzquLDqtIDsnYAg6riw66Gd7IukIOuyvSDslYjsl5Ag7Iio7Ja0IOyeiOyXiOqzoCwg7IKs66C56rSAIOuyoOuluOydmCDsp4Dsi5zsmIDri6Tqs6Ag7Kad7Ja47ZaI64ukLg==	VGhlIHNjcmliZSB3aG8gY29waWVkIHRoZSBvcmRlcnMgd2FzIGhpZGluZyBpbnNpZGUgdGhlIHJlY29yZHMtcm9vbSB3YWxsLiBIZSB0ZXN0aWZpZWQgdGhhdCBDb21tYW5kZXIgQmVybiBoYWQgb3JkZXJlZCB0aGUgZm9yZ2VyeS4=
E	67CY67O17J2YIOq4sOykgOydtCDrkJjripQg7ZW07Iuc6rOE66W8IOq5qOqzoCDsoJXsmKTsnZgg6riw7IKs66W8IOyTsOufrOucqOugpCDsoJXsm5Dsl5Ag7LKrIOq3uOumvOyekOulvCDrp4zrk6Tsl4jri6Qu	U2hhdHRlcmVkIHRoZSBzdW5kaWFsIGFuY2hvcmluZyB0aGUgbG9vcCwgZGVmZWF0ZWQgdGhlIEtuaWdodCBvZiBOb29uLCBhbmQgY2FzdCB0aGUgZ2FyZGVuJ3MgZmlyc3Qgc2hhZG93Lg==
E	7IS4IOuyiOynuCDsooXsnbQg7Jq466as7J6QIO2VtOqwgCDsgqzrnbzsp4Dqs6Ag7J6s7J2YIOyZleydtCDsiJjsspwg6rCc7J2YIOuwnOyekOq1rSDshozrpqzsmYAg7ZWo6ruYIOydvOyWtOuCrOuLpC4=	QXMgdGhlIHRoaXJkIGJlbGwgcmFuZywgdGhlIHN1biB2YW5pc2hlZCwgYW5kIHRoZSBBc2ggS2luZyByb3NlIHdpdGggdGhlIHNvdW5kIG9mIHRob3VzYW5kcyBvZiBmb290c3RlcHMu
E	7Ius7J6l7J20IO2VnCDrsogg7Jq466a0IOuVjOuniOuLpCDsiLLsnZgg7J6OIO2VmOuCmOqwgCDtiKzrqoXtlbTsp4Dqs6Ag7KO866+8IO2VnCDrqoXsnbQg7Ja07KCcIOydvOydhCDsnorsl4jri6Qu	V2l0aCBldmVyeSBiZWF0IG9mIHRoZSBoZWFydCwgb25lIGxlYWYgaW4gdGhlIGZvcmVzdCB0dXJuZWQgY2xlYXIgYW5kIG9uZSB2aWxsYWdlciBmb3Jnb3QgdGhlIGRheSBiZWZvcmUu
E	7JWE7IWA7J2YIOyngO2MoeydtOyXkCDrtITsnZgg7JSo7JWX7J20IOuwle2YgCDsnojqs6Ag7KCV7JuQIOyVhOuemOyXkOyEnCDrrLzshozrpqzqsIAg64Kc64uk64qUIOyCrOyLpOydhCDssL7slYTrg4jri6Qu	RGlzY292ZXJlZCBhIHNlZWQgb2Ygc3ByaW5nIGVtYmVkZGVkIGluIEFzZWwncyBzdGFmZiBhbmQgaGVhcmQgd2F0ZXIgcnVubmluZyBiZW5lYXRoIHRoZSBnYXJkZW4u
E	7Jik66W067CY7J2AIOq4iCDqsIQg7KKF64+EIO2VnCDrsojsnYAg7Jq466a0IOyImCDsnojsp4Drp4wsIOq3uCDtlZwg67KI7J20IOyiheydmCDrp4jsp4Drp4nsnbTrnbzqs6Ag66eQ7ZaI64ukLg==	T3JiYW4gc2FpZCB0aGUgY3JhY2tlZCBiZWxsIGNvdWxkIHN0aWxsIHJpbmcgb25jZSwgYnV0IHRoYXQgb25lIHJpbmcgd291bGQgYmUgaXRzIGxhc3Qu
E	7Jyg66asIOynkOyKueyXkOqyjCDtj6zsnITrkJwg7Iug7Zi47YORIOyVhOuemOyXkOyEnCDtlZwg7IKs656M7J20IOyEuCDrsojsp7gg67aI67mb7J2EIOuBneq5jOyngCDsp4DtgqTqs6Ag7J6I7JeI64ukLg==	QSBwZXJzb24gd2FzIGd1YXJkaW5nIHRoZSBzaWduYWwgdG93ZXIgc3Vycm91bmRlZCBieSBnbGFzcyBjcmVhdHVyZXMsIGtlZXBpbmcgdGhlIHRoaXJkIGxpZ2h0IGJ1cm5pbmcgYWxsIHRoZSB3YXku
E	7KCV7JuQIOyVhOuemOydmCDqsJXsnYAg7IKw7JeQ7IScIOuwlOuLpOuhnCDtnZDrpbTsp4Ag7JWK6rOgLCDsnKDrpqwg7YOR7J2EIO2Wpe2VtCDqsbDqvrjroZwg7Jis65286rCA6rOgIOyeiOyXiOuLpC4=	VGhlIHJpdmVyIGJlbmVhdGggdGhlIGdhcmRlbiB3YXMgZmxvd2luZyBub3QgZnJvbSB0aGUgbW91bnRhaW4gdG8gdGhlIHNlYSwgYnV0IHVwd2FyZCB0b3dhcmQgdGhlIGdsYXNzIHRvd2VyLg==
E	6rSR6rOgIOyEpOygleydhCDrtojrn6zsmKTsp4Ag66q77ZaI7Iq164uI64ukLiDsmKTtlITrnbzsnbgg66qo7ZeY7J2AIOyVseydhCDsvJwg65GUIOuPmeyViCDqs4Tsho0g7Lap7KCE65Cp64uI64ukLg==	Q291bGRuJ3QgbG9hZCBhZCBzZXR0aW5ncy4gT2ZmbGluZSBhZHZlbnR1cmUgdGltZSB3aWxsIGtlZXAgcmVjaGFyZ2luZyB3aGlsZSB0aGUgYXBwIGlzIG9wZW4u
E	6rWt6rK96rO8IOudvOybgOydmCDrrLzquLjsnbQg66eM64KY64qUIOyImOusuOyXkCDqsoDsnYAg7J6s7JmAIO2dsCDsnKDrpqzqsIAg7ZWo6ruYIOq1s+yWtCDsl63rpZjrpbwg66eM65Ok7JeI64ukLg==	QXQgdGhlIHNsdWljZSB3aGVyZSB0aGUgd2F0ZXJ3YXlzIG9mIHRoZSBib3JkZXIgYW5kIFJhdW0gbWV0LCBibGFjayBhc2ggYW5kIHdoaXRlIGdsYXNzIGhhZCBmdXNlZCwgZm9yY2luZyB0aGUgY3VycmVudCBiYWNrd2FyZC4=
E	6rWt6rK97JeQIO2VtOqwgCDrj4zslYTsmKgg64uk7J2MIOuCoCwg67Kg66W47J2YIOycoOumrCDsno7snbQg67CU656M64+EIOyXhuuKlOuNsCDrtoHsqr3snLzroZwg66q47J2EIOuPjOuguOuLpC4=	VGhlIGRheSBhZnRlciB0aGUgc3VuIHJldHVybmVkIHRvIHRoZSBib3JkZXIsIEJlcm4ncyBnbGFzcyBsZWFmIHR1cm5lZCBpdHMgYm9keSBub3J0aHdhcmQgd2l0aG91dCBhbnkgd2luZC4=
E	64u17J6l7J20IOyYiOygleydvCDsoITsl5Ag6rWt6rK97JeQIOuPhOywqe2WiOuLpOuptCDrsqDrpbjsnZgg7YyM6rWt7J2EIO2UvO2VoCDqsIDriqXshLHsnbQg7J6I7JeI7J2M7J2EIOyVjOyVhOuDiOuLpC4=	TGVhcm5lZCB0aGF0IEJlcm4ncyBydWluIG1pZ2h0IGhhdmUgYmVlbiBhdmVydGVkIGhhZCB0aGUgcmVwbHkgcmVhY2hlZCB0aGUgYm9yZGVyIGJlZm9yZSB0aGUgYXBwb2ludGVkIGRheS4=
E	66y86ri47J20IOyXtOumsCDri6TsnYwg7JWE7LmoLCDslbzsmIHsp4Dsl5DripQg66Gc7Jus6rO8IOuLiOyVhOyZgCDsmKTrpbTrsJjsnbQg6rCB6rCBIOuRkCDrqoXslKkg7IScIOyeiOyXiOuLpC4=	VGhlIG1vcm5pbmcgYWZ0ZXIgdGhlIHdhdGVyd2F5cyBvcGVuZWQsIHR3byBSb3dlbnMsIHR3byBOaWFzLCBhbmQgdHdvIE9yYmFucyBzdG9vZCBpbiB0aGUgY2FtcC4=
E	7IiY66CI66eI64ukIOyihSDtlZjrgpjqsIAg7Ieg7IKs7Iqs7JeQIOustuyXrCDsnojsl4jqs6AsIOyauOumrOyngCDrqrvtlZjrj4TroZ0g64K067aA66W8IOyerOuhnCDssYTsm4wg65GQ7JeI64ukLg==	RWFjaCBjYXJ0IGhhZCBhIGJlbGwgYm91bmQgd2l0aCBjaGFpbnMgYW5kIGZpbGxlZCB3aXRoIGFzaCB0byBwcmV2ZW50IGl0IGZyb20gcmluZ2luZy4=
E	7JWE7IWA7J2AIOyerOydmCDquLDsmrTqs7wg67mIIOqyqOyauOydtCDtlajqu5gg67KI7KeA7J6QIOuLqCDtlZjro6jrp4wg7Iiy7J2EIOupiOy2lOugpCDrsLHslbzrpbwg7J6R64+Z7Iuc7Lyw64ukLg==	QXNlbCBhY3RpdmF0ZWQgdGhlIFdoaXRlIE5pZ2h0IHRvIGhhbHQgdGhlIGZvcmVzdCBmb3IganVzdCBvbmUgZGF5IHdoZW4gdGhlIHBvd2VyIG9mIGFzaCBhbmQgdGhlIEhvbGxvdyBXaW50ZXIgY29udmVyZ2VkLg==
E	7Jyg66asIOyLrOyepeydmCDrrLjsp4DquLDrpbwg66y866as7LmY6rOgIOyEuCDsl7Tsh6DroZwg7Ya17KCc65CcIO2VtOuPmeydhCDsi5zsnpHtlaAg7IiYIOyeiOuKlCDquLjsnYQg7Je07JeI64ukLg==	VGhleSBkZWZlYXRlZCB0aGUgR2xhc3MgSGVhcnQncyBnYXRla2VlcGVyIGFuZCBvcGVuZWQgdGhlIHdheSB0byBiZWdpbiB0aGUgdGhhdyBjb250cm9sbGVkIGJ5IHRoZSB0aHJlZSBrZXlzLg==
E	7KeA7ZWY66y4IOyViOyqveyXkOuKlCDqta3qsr3snZgg6rKA7J2AIOyerOyZgCDrnbzsm4DsnZgg7Z2wIOycoOumrOqwgCDrgpjshKDsspjrn7wg66ee66y866CkIOuBneyXhuydtCDtmozsoITtlojri6Qu	SW5zaWRlIHRoZSB1bmRlcmdyb3VuZCBkb29yLCB0aGUgYm9yZGVyJ3MgYmxhY2sgYXNoIGFuZCBSYXVtJ3Mgd2hpdGUgZ2xhc3MgaW50ZXJsb2NrZWQgaW4gYSBzcGlyYWwsIHNwaW5uaW5nIGVuZGxlc3NseS4=
E	7YOR7J20IOunjOuToCDqsJDsi5zsnpDripQg7J287ZaJ7J20IOuCuCDrqqjrk6Ag7IaM66as66W8IOqwkeyYt+qzvCDsubzrgqDroZwg67CU6r6466mwIOuniOyngOuniSDrrLjsnYQg7KeA7Lyw64ukLg==	VGhlIHNlbnRyeSBtYWRlIGJ5IHRoZSB0b3dlciBjb252ZXJ0ZWQgYWxsIHRoZSBzb3VuZHMgdGhlIHBhcnR5IG1hZGUgaW50byBhcm1vciBhbmQgYmxhZGVzLCBndWFyZGluZyB0aGUgZmluYWwgZG9vci4=
P	e3sxfX0g7KCB7J2YIOq5g+uwnOydhCDrk6TslrQg7J6s7J2YIOustOumrOulvCDsnKDsnbjtlZjqs6Ag6rCH7Z6MIOyDneyhtOyekOuTpOydhCDruaDsoLjrgpjsmKTqsowg7ZaI64ukLg==	e3sxfX0gcmFpc2VkIHRoZSBlbmVteSBiYW5uZXIgdG8gbHVyZSBhd2F5IHRoZSBhc2ggaG9yZGUgYW5kIGZyZWUgdGhlIHRyYXBwZWQgc3Vydml2b3JzLg==
E	6rOE64uo7J2YIOywveydgCDrqqjrkZAg6rCZ7J2AIOygleyYpOulvCDruYTstpTqs6Ag7ZWcIOy4teydhCDsmKTrpbwg65WM66eI64ukIOyVhOuemOy4tSDtlZjrgpjqsIAg7IKs65287KGM64ukLg==	VGhlIHdpbmRvd3Mgb2YgdGhlIHN0YWlycyBhbGwgc2hvbmUgYXQgdGhlIHNhbWUgbm9vbiwgYW5kIGVhY2ggdGltZSB0aGV5IGFzY2VuZGVkIGEgZmxvb3IsIG9uZSBmbG9vciBiZWxvdyB2YW5pc2hlZC4=
E	6rO164+Z66yY7KeA7J2YIOyXtOuRkCDrrJjtkZwg65Kk7JeQ7IScIOu5hOqwgCDsmKTsp4Ag7JWK7JWE64+EIOygluyWtCDsnojripQg7Je07IS4IOuyiOynuCDrj4zsnbQg67Cc6rKs65CQ64ukLg==	QmVoaW5kIHRoZSBjZW1ldGVyeSdzIHR3ZWx2ZSBtYXJrZXJzIHN0b29kIGEgdGhpcnRlZW50aCBzdG9uZSwgd2V0IGV2ZW4gd2hlbiBubyByYWluIGhhZCBmYWxsZW4u
E	6ri47J6h7J20IOuLiOyVhOuKlCDrj4gg64yA7IugIOyCrOudvOynhCDrj5nro4wg7ZWcIOuqheydhCDssL7slYQg64us652866mwIOyngOuPhOulvCDrj4zroKTso7zqsqDri6Tqs6Ag7ZaI64ukLg==	VGhlIGd1aWRlIE5pYSBvZmZlcmVkIHRvIHJldHVybiB0aGUgbWFwIGlmIHRoZXkgZm91bmQgaGVyIG1pc3NpbmcgY29tcGFuaW9uIGluc3RlYWQgb2YgcGF5aW5nIGhlciBpbiBjb2luLg==
E	65287JuA7J2YIOygleq4sCDslYjsoIQg7Iug7Zi4IOyEuCDrsojsnbQg64Gd64KcIOuSpCDrlYUg7JWE656Y7JeQ7IScIOuEpCDrsojsp7gg7ZG466W4IOu2iOu5m+ydtCDshp/slZjri6Qu	QWZ0ZXIgdGhyZWUgb2YgUmF1bSdzIHNhZmV0eSBzaWduYWxzLCBhIGZvdXJ0aCBibHVlIGxpZ2h0IHJvc2UgZnJvbSBiZW5lYXRoIHRoZSBlYXJ0aC4=
P	66Gc7Jus7J2AIOyEseuyvSwg64uI7JWE64qUIOyngO2VmOuhnCwge3sxfX0g7ISx7LGE7J2YIOyihe2DkeyXkCDsmKzrnbwg6rCZ7J2AIOyLnOqwgeydhCDquLDri6TroLjri6Qu	Um93ZW4gc3Rvb2Qgb24gdGhlIGNpdHkgd2FsbHMsIE5pYSBpbiB0aGUgdW5kZXJncm91bmQsIGFuZCB7ezF9fSBvbiB0aGUgYmVsbCB0b3dlciBvZiB0aGUgY2l0YWRlbCwgd2FpdGluZyBmb3IgdGhlIHNhbWUgbW9tZW50Lg==
E	66eI7JeY7J2YIOyLoO2YuCDquLDroZ3snYQg7Ya17ZW0IOumrOu4jOqwgCDrsLHslbwg7J6l7LmY66W8IOupiOy2lOuLpCDtg5Eg6ryt64yA6riw7JeQIOqwh+2YlOydjOydhCDtmZXsnbjtlojri6Qu	TWFlbCdzIHNpZ25hbCBsb2dzIGNvbmZpcm1lZCB0aGF0IExpdiBoYWQgYmVlbiB0cmFwcGVkIGF0b3AgdGhlIHRvd2VyIHdoaWxlIHRyeWluZyB0byBzdG9wIHRoZSBXaGl0ZSBOaWdodCBkZXZpY2Uu
E	67Kg66W47J2AIOyZleuPhOyXkOyEnCDsp4Dsm5DsnYQg6rGw7KCI64u57ZWY7J6QIOyeoOuToCDtjIzsiJjsnpDrpbwg6rmo7JuMIOq1reqyveydhCDsp4DtgqTroKQg7ZaI64uk6rOgIOunkO2WiOuLpC4=	QmVybiBzYWlkIGhlIHRyaWVkIHRvIHdha2UgdGhlIHNsZWVwaW5nIHNlbnRyeSB0byBndWFyZCB0aGUgYm9yZGVyIGFmdGVyIGJlaW5nIGRlbmllZCBzdXBwb3J0IGZyb20gdGhlIGNhcGl0YWwu
E	67K97J2YIOyerOyniOydtCDshLHssYTsnZgg7ISd7J6s6rCAIOyVhOuLiOudvCDsnKDrpqwg7IiyIOyVhOuemOy4teydmCDsnKDrpqzsmYAg6rCZ64uk64qUIOyCrOyLpOydhCDtmZXsnbjtlojri6Qu	SXQgd2FzIGNvbmZpcm1lZCB0aGF0IHRoZSBtYXRlcmlhbCBvZiB0aGUgd2FsbCB3YXMgdGhlIHNhbWUgYXMgdGhlIGdsYXNzIG9mIHRoZSBsb3dlciBmbG9vciBvZiB0aGUgR2xhc3MgRm9yZXN0Lg==
E	67aB7Kq97Jy866GcIOqxuOyWtOuPhCDqsJnsnYAg7J207KCV7ZGc6rCAIOyVnuyXkOyEnCDrgpjtg4Drgpjqs6AsIOuyoOyWtCDrgrgg7ZGc7Iud7J2AIOuLpOyLnCDrtpnslrQg7J6I7JeI64ukLg==	SG93ZXZlciBmYXIgdGhleSB3YWxrZWQgbm9ydGgsIHRoZSBzYW1lIHNpZ25wb3N0IHJlYXBwZWFyZWQgYWhlYWQsIGFuZCBldmVyeSBtYXJrIHRoZXkgY3V0IGF3YXkgcmVzdG9yZWQgaXRzZWxmLg==
E	7Jqw7Y6464Kt7J2YIOuniOyngOuniSDrtInsnbjsnbQg7IK07JWEIOybgOyngeydtOupsCDslYTshYDsnZgg7J2066aE6rO8IO2dsCDsoJXsm5DsnZgg66y47JaR7J2EIOqwkOy2lOugpCDtlojri6Qu	VGhlIGxhc3Qgc2VhbCBvbiB0aGUgbGV0dGVyIHBvdWNoIHdhcyBhbGl2ZSwgdHJ5aW5nIHRvIGhpZGUgQXNlbCdzIG5hbWUgYW5kIHRoZSBwYXR0ZXJuIG9mIHRoZSB3aGl0ZSBnYXJkZW4u
E	7Jyg66asIOyLrOyepSDslYjsl5DripQg65287JuAIOyjvOuvvOqzvCDquLgg7J6D7J2AIOyXrO2WieyekOuTpOydmCDquLDslrUg7J6O7J20IOyepeyekeyymOufvCDsjJPsl6wg7J6I7JeI64ukLg==	SW5zaWRlIHRoZSBHbGFzcyBIZWFydCwgbWVtb3J5IGxlYXZlcyBmcm9tIFJhdW0ncyB2aWxsYWdlcnMgYW5kIGxvc3QgdHJhdmVsZXJzIHdlcmUgc3RhY2tlZCBsaWtlIGZpcmV3b29kLg==
P	e3sxfX0g7JuA7KeB7J2064qUIOu/jOumrOyXkCDqt4DtmZgg66ek65Ot7J2EIOuCqOq4sOqzoCDsoJx7ezJ9feq1rOyXreydmCDspJHsi6zrrLjsnYQg7Je07JeI64ukLg==	e3sxfX0gbGVmdCBhIHJldHVybiBrbm90IG9uIHRoZSBtb3Zpbmcgcm9vdCBhbmQgb3BlbmVkIHRoZSBjZW50cmFsIGdhdGUgb2YgU2VjdG9yIHt7Mn19Lg==
P	e3sxfX3snZgg7J2066aEIOyVhOuemCDqtazsobDrjIDsmYAg67O06riJ64yA7J2YIOyXre2VoOydhCDsoIHslrQg7LKrIOuvuOq2gSDsm5DsoJXrjIDrpbwg7JmE7ISx7ZaI64ukLg==	VW5kZXIgdGhlIG5hbWUgb2Yge3sxfX0sIHRoZSByb2xlcyBvZiB0aGUgcmVzY3VlIGFuZCBzdXBwbHkgdGVhbXMgd2VyZSB3cml0dGVuLCBjb21wbGV0aW5nIHRoZSBmaXJzdCBMYWJ5cmludGggZXhwZWRpdGlvbi4=
P	6rWs7ZW0IOuRlCDroZzsm6zqs7wg7IOd7KG07J6Q65Ok7J20IOyEnOusuOydhCDrsoTti7DripQg64+Z7JWIIHt7MX19IOustOuEiOynhCDsooXtg5HsnLzroZwg7Zal7ZaI64ukLg==	V2hpbGUgUm93ZW4gYW5kIHRoZSBzdXJ2aXZvcnMgaGVsZCB0aGUgV2VzdCBHYXRlLCB7ezF9fSBoZWFkZWQgZm9yIHRoZSBmYWxsZW4gYmVsbCB0b3dlci4=
E	64Ko7J2AIOykgOu5hDog7KeA7IOB6rO8IOyXsOqysOuQmOuKlCDrp4jsp4Drp4kg7JW87JiB7KeA7JeQIOq3gO2ZmCDsnqXsuZjsmYAg67O06riJ7ISg7J2EIOyEpOy5mO2VtOyVvCDtlZzri6Qu	UmVtYWluaW5nIHByZXBhcmF0aW9uczogSW5zdGFsbCB0aGUgcmV0dXJuIGRldmljZSBhbmQgc3VwcGx5IGxpbmUgYXQgdGhlIGxhc3QgY2FtcHNpdGUgY29ubmVjdGluZyB0byB0aGUgc3VyZmFjZS4=
E	65GQIOuhnOybrOydgCDqsJnsnYAg7IOB7LKY7JmAIOq4sOyWteydhCDrp5Dtlojsp4Drp4wg7ZWcIOuqheydgCDsnbTrpoQg64yA7IugIOuzkeyCrOydmCDsiJjrp4wg6riw7Ja17ZaI64ukLg==	Qm90aCBSb3dlbnMgcmVjb3VudGVkIHRoZSBzYW1lIHdvdW5kcyBhbmQgbWVtb3JpZXMsIGJ1dCBvbmUgcmVtZW1iZXJlZCBvbmx5IHRoZSBzb2xkaWVycycgbnVtYmVycywgbm90IHRoZWlyIG5hbWVzLg==
E	67Kg66W47J20IOyymOydjOu2gO2EsCDsnqzsnZgg7JmV7J2EIO2Dne2VnCDqsoPsnbQg7JWE64uI6528IOu2geuwqSDsm5DsobDrpbwg66i87KCAIOq1rO2WiOydjOydhCDtmZXsnbjtlojri6Qu	Q29uZmlybWVkIHRoYXQgQmVybiBoYWQgc291Z2h0IGFpZCBmcm9tIHRoZSBOb3J0aCBiZWZvcmUgdHVybmluZyB0byB0aGUgQXNoIEtpbmcu
E	67OR7IKs65Ok7J2AIOuPhOunney5nCDqsoPsnbQg7JWE64uI6528IOyiheyGjOumrOulvCDrlLDrnbwg6rCA7J6lIOq5iuydgCDtmYDroZwg6rG47Ja06rCEIO2dlOyggeunjCDrgqjqsrzri6Qu	VGhlIHNvbGRpZXJzIGxlZnQgb25seSB0aGUgdHJhY2Ugb2YgZm9sbG93aW5nIHRoZSBiZWxsJ3Mgc291bmQgaW50byB0aGUgZGVlcGVzdCBoYWxsLCBub3QgZmxlZWluZy4=
E	7IK07JWE64Ko7J2AIOyggSDqsr3qs4Trs5HsnYAg4oCY6rS066y87J2AIOyEseyxhOyXkOyEnCDsmZTri6TigJnripQg66eQ6rO8IO2VqOq7mCDrtoDrn6zsp4Qg6rWw7Yyo66W8IOqxtOuEuOuLpC4=	VGhlIHN1cnZpdmluZyBlbmVteSBib3JkZXIgZ3VhcmQgaGFuZGVkIG92ZXIgYSBicm9rZW4gbWlsaXRhcnkgcGFzcywgc2F5aW5nLCAnTW9uc3RlcnMgY29tZSBmcm9tIHRoZSBjaXRhZGVsLic=
E	7IS4IOyXtOyHoOulvCDqvYLsnpAg7JWE7IWA7J20IOuCqOq4tCDstZztm4TsnZgg66y47KeA6riw6rCAIOq4sOyWtSDsno7snYQg6rCR7Ji37LKY65+8IOuRkOultOqzoCDquajslrTrgqzri6Qu	V2hlbiB0aGUgdGhyZWUga2V5cyB3ZXJlIGluc2VydGVkLCBBc2VsJ3MgZmluYWwgZ2F0ZWtlZXBlciBhd29rZSBjbGFkIGluIG1lbW9yeSBsZWF2ZXMgbGlrZSBhcm1vci4=
E	7IS465287J2YIOusmO2RnCDrsJEg65GQIOuyiOynuCDsg4HsnpDsl5DshJwg7IKs656MIOydtOumhOydtCDrqqjrkZAg7KeA7JuM7KeEIOybkOyglSDsnqXrtoDqsIAg67Cc6rKs65CQ64ukLg==	QSBjYW1wYWlnbiBqb3VybmFsIHdpdGggYWxsIG5hbWVzIGVyYXNlZCB3YXMgZGlzY292ZXJlZCBpbiB0aGUgc2Vjb25kIGJveCBiZW5lYXRoIFNlcmEncyB0b21ic3RvbmUu
E	7IS465287J2YIOydtOumhOydhCDsl7TshLgg67KI7Ke4IOusmO2RnOyXkCDsg4jquLDqs6Ag7LWc7LSIIOyImO2YuOuMgOydmCDsi6TtjKjrpbwg6rO17IudIOq4sOuhneyXkCDrgqjqsrzri6Qu	U2VyYSdzIG5hbWUgd2FzIGNhcnZlZCBvbiB0aGUgdGhpcnRlZW50aCB0b21ic3RvbmUsIGFuZCB0aGUgZmlyc3QgZmFpbHVyZSBvZiB0aGUgZ3VhcmRpYW5zIHdhcyBvZmZpY2lhbGx5IHJlY29yZGVkLg==
P	7Iiy7JeQIOyyq+uwnOydhCDrk6TsnbTquLDrj4Qg7KCE7JeQIHt7MX197J2YIOuwnOyekOq1reydtCDsnKDrpqwg64KY66y0IOyCrOydtOuhnCDsnbTslrTsoLgg7J6I7JeI64ukLg==	QmVmb3JlIHRha2luZyB0aGUgZmlyc3Qgc3RlcCBpbnRvIHRoZSBmb3Jlc3QsIHt7MX19J3MgZm9vdHByaW50cyB3ZXJlIGFscmVhZHkgbGVhZGluZyB0aHJvdWdoIHRoZSBnbGFzcyB0cmVlcy4=
E	7Iud7YOB6rO8IOu5qOueq+ykhOydgCDsgqzrnozsnbQg67Cp6riIIOuWoOuCnCDrqqjsirXsnbTsl4jsp4Drp4wg66qo65OgIOyLnOqzhOuKlCDqsJnsnYAg7KCV7Jik66W8IOqwgOumrOy8sOuLpC4=	VGhlIHRhYmxlIGFuZCBjbG90aGVzbGluZXMgbG9va2VkIGFzIHRob3VnaCB0aGVpciBvd25lcnMgaGFkIGp1c3QgbGVmdCwgeWV0IGV2ZXJ5IGNsb2NrIHNob3dlZCB0aGUgc2FtZSBub29uLg==
P	7Jik66W067CY7J20IOuRkCDsooXshozrpqzrpbwg7ZWcIOuwleyekOuhnCDrrLbslrQge3sxfX0g66eI7KeA66eJIOyiheyXkCDri7/snYQg7YuI7J2EIOunjOuTpOyXiOuLpC4=	T3JiYW4gYm91bmQgdGhlIHR3byBiZWxsIHRvbmVzIGludG8gYSBzaW5nbGUgYmVhdCwgZ2l2aW5nIHt7MX19IGFuIG9wZW5pbmcgdG8gcmVhY2ggdGhlIGZpbmFsIGJlbGwu
E	7J6g65OgIOyhtOyerOqwgCDsiJjtmLjsnpDqsIAg7JWE64uI6528IOq1reqyveydhCDsnqzroZwg66eM65OgIOyZleydtOudvOuKlCDsmKTrpbTrsJjsnZgg6rK96rOg66W8IO2ZleyduO2WiOuLpC4=	VGhleSBjb25maXJtZWQgT3JiYW4ncyB3YXJuaW5nIHRoYXQgdGhlIHNsZWVwaW5nIGVudGl0eSB3YXMgbm90IGEgZ3VhcmRpYW4gYnV0IHRoZSBraW5nIHdobyBtYWRlIHRoZSBib3JkZXIgZnJvbSBhc2gu
E	7KeA7ZWYIOyatOuwmOuhnCDrgZ3sl5DshJwg65Ok66awIOyiheyGjOumrOuKlCDqta3qsr3snZgg7IS4IOyDiOuyveyiheuztOuLpCDrgq7qs6Ag7Zuo7JSsIOyYpOuemCDsnbTslrTsoYzri6Qu	VGhlIGJlbGwncyBzb3VuZCBoZWFyZCBhdCB0aGUgZW5kIG9mIHRoZSB1bmRlcmdyb3VuZCB0cmFuc3BvcnQgdHVubmVsIHdhcyBsb3dlciBhbmQgbGFzdGVkIG11Y2ggbG9uZ2VyIHRoYW4gdGhlIHRocmVlIGRhd24gYmVsbHMgYXQgdGhlIGJvcmRlci4=
E	7LC966y47JeQIOu5hOy5nCDso7zrr7zrk6TsnYAg7J6F7J2EIOybgOyngeyYgOyngOunjCDsnKDrpqwg67CU6rml7Jy866Gc64qUIOyVhOustCDshozrpqzrj4Qg64KY7Jik7KeAIOyViuyVmOuLpC4=	VGhlIHZpbGxhZ2VycyByZWZsZWN0ZWQgaW4gdGhlIHdpbmRvd3MgbW92ZWQgdGhlaXIgbGlwcywgYnV0IG5vIHNvdW5kIHBhc3NlZCB0aHJvdWdoIHRoZSBnbGFzcy4=
E	6rO164+ZIOyInOywsOuMgOydmCDrqqjri6XrtojsnYAg6rq87KC4IOyeiOyXiOyngOunjCDquIntnogg67aB7Kq97Jy866GcIOydtOuPme2VnCDquLDroZ3snbQg64Ko7JWEIOyeiOyXiOuLpC4=	VGhlIGNhbXBmaXJlIG9mIHRoZSBqb2ludCBwYXRyb2wgd2FzIGV4dGluZ3Vpc2hlZCwgYnV0IGEgcmVjb3JkIG9mIGEgaGFzdHkgbW92ZW1lbnQgdG8gdGhlIG5vcnRoIHJlbWFpbmVkLg==
E	64uI7JWE6rCAIOusvCDtnZDrpbTripQg67Cp7Zal66eM7J2AIOuQmO2SgOydtOuQmOyngCDslYrripTri6TripQg7KCQ7J2EIOydtOyaqe2VtCDsiJztmZjroZzrpbwg67mg7KC464KY7JmU64ukLg==	TmlhIGVzY2FwZWQgdGhlIGxvb3AgYnkgdXNpbmcgdGhlIGZhY3QgdGhhdCB0aGUgZGlyZWN0aW9uIG9mIHRoZSB3YXRlciBmbG93IG5ldmVyIHJlcGVhdHMu
E	642n7LmgIOyVhOuemOyXkOyEnCDrr7jqtoHsnZgg6rmK7J2AIOq1rOyXreuniOuLpCDqsJXtlZwg66y47KeA6riw6rCAIOq4uOydhCDrp4nripTri6TripQg6rK96rOg66W8IOydveyXiOuLpC4=	VW5kZXIgdGhlIHBhaW50LCBhIHdhcm5pbmcgd2FzIHJlYWQgdGhhdCBzdHJvbmcgZ2F0ZWtlZXBlcnMgYmxvY2tlZCBlYWNoIGRlZXAgc2VjdG9yIG9mIHRoZSBsYWJ5cmludGgu
E	66eI7J2E7J20IOuyhOugpOynhCDqsoPsnbQg7JWE64uI6528IOyjvOuvvOuTpOydmCDrqqnshozrpqzsmYAg6re466a87J6Q6rCAIOuUsOuhnCDrtpnsnqHtmJTsnYzsnYQg7ZmV7J247ZaI64ukLg==	SXQgd2FzIGNvbmZpcm1lZCB0aGF0IHRoZSB2aWxsYWdlIHdhcyBub3QgYWJhbmRvbmVkLCBidXQgdGhhdCB0aGUgdm9pY2VzIGFuZCBzaGFkb3dzIG9mIHRoZSByZXNpZGVudHMgd2VyZSBjYXB0dXJlZCBzZXBhcmF0ZWx5Lg==
E	66+46raBIOyeheq1rOyZgCDqsIDsnqUg6rCA6rmM7Jq0IOyngOyDgSDqs7XthLDsl5Ag6rWt6rK96rO8IOudvOybgOydmCDqs7Xrj5kg7LKc66eJ7J20IOyymOydjCDshLjsm4zsoYzri6Qu	VGhlIGZpcnN0IGJvcmRlciBhbmQgUmF1bSdzIHNoYXJlZCB0ZW50IHdlcmUgc2V0IHVwIG9uIHRoZSBncm91bmQgY2xvc2VzdCB0byB0aGUgbGFieXJpbnRoIGVudHJhbmNlLg==
E	67Ck7J20IOyYpOyekCDsnqzsl5DshJwg7YOc7Ja064KcIOqyg+uTpOydtCDshLHrsr0g7JWE656Y66GcIOuwgOugpOyZgCDtmoPrtojsnZgg67mb7J2EIO2VmOuCmOyUqSDsgrzsvLDri6Qu	V2hlbiBuaWdodCBmZWxsLCB0aGluZ3MgYm9ybiBvZiBhc2ggc3VyZ2VkIGJlbmVhdGggdGhlIHdhbGxzIGFuZCBzd2FsbG93ZWQgdGhlIHRvcmNobGlnaHQgb25lIGZsYW1lIGF0IGEgdGltZS4=
E	67CpIOyViOyXkOyEnCDrgrgg7IaM66as64qUIOyCrOudvOyngOyngCDslYrqs6Ag67K9IOyGjeyXkCDsjJPsl6wg7IiY7LKcIOqwnOydmCDsmJvrp5DroZwg65CY64+M7JWE7JmU64ukLg==	U291bmRzIG1hZGUgaW4gdGhlIGNoYW1iZXIgbmV2ZXIgZmFkZWQ7IHRoZXkgcGlsZWQgd2l0aGluIHRoZSB3YWxscyBhbmQgcmV0dXJuZWQgYXMgdGhvdXNhbmRzIG9mIGFuY2llbnQgd29yZHMu
E	67Cx7JW86rCAIOupiOy2mCDsi5zqsITsnYQg7Jyg7KeA7ZWY6riwIOychO2VtCDtmITsnqzsnZgg6riw7Ja17J2EIOqzhOyGjSDshozruYTtlZjqs6Ag7J6I7J2M7J2EIO2ZleyduO2WiOuLpC4=	SXQgd2FzIGNvbmZpcm1lZCB0aGF0IHRoZSBjdXJyZW50IG1lbW9yaWVzIHdlcmUgYmVpbmcgY29udGludW91c2x5IGNvbnN1bWVkIHRvIG1haW50YWluIHRoZSBzdG9wcGVkIHRpbWUgb2YgdGhlIFdoaXRlIE5pZ2h0Lg==
E	67Kg66W47J2YIOyDgeyekOyXkOyEnCDsnKDrpqwg7J6O6rO8IOu2geyqvSDsiLIg7KeA64+E66W8IOuwnOqyrO2VtCDri6TsnYwg66qo7ZeY7J2YIOuLqOyEnOuhnCDrs7TsobTtlojri6Qu	QmVybidzIGJveCBjb250YWluZWQgYSBnbGFzcyBsZWFmIGFuZCBhIG1hcCBvZiB0aGUgbm9ydGhlcm4gZm9yZXN0LCB3aGljaCB3YXMgcHJlc2VydmVkIGFzIGEgY2x1ZSBmb3IgdGhlIG5leHQgYWR2ZW50dXJlLg==
E	67SJ7J247J2AIOyYpOuemOuQkOyngOunjCDsiJjsi6Dsnbgg4oCY6rWt6rK97IKs66C56rSAIOuyoOuluOKAmeydtOudvOuKlCDquIDsnpDripQg7ISg66qF7ZWY6rKMIOuCqOyVhCDsnojsl4jri6Qu	VGhlIHNlYWwgd2FzIG9sZCwgYnV0IHRoZSBpbnNjcmlwdGlvbiAnQm9yZGVyIENvbW1hbmRlciBCZXJuJyB3YXMgc3RpbGwgY2xlYXJseSB2aXNpYmxlLg==
E	7Iug7Zi47YORIOyVhOuemOydmCDrsr3sl5DripQg66y47YuI64+EIOyGkOyeoeydtOuPhCDsl4bsl4jsp4Drp4wg7IS465287J2YIOyXtOyHoOunjCDtnazrr7jtlZjqsowg7KeE64+Z7ZaI64ukLg==	VGhvdWdoIHRoZXJlIHdhcyBubyBkb29yIG9yIGhhbmRsZSBvbiB0aGUgd2FsbCBiZW5lYXRoIHRoZSBzaWduYWwgdG93ZXIsIFNlcmEncyBrZXkgZmFpbnRseSB2aWJyYXRlZC4=
E	7Jik66W067CY7J20IOq4iCDqsIQg7KKF7J2YIOynp+ydgCDsmrjrprzsnLzroZwg7JiB7JuQ7ZWcIOydjOydhCDrgYrqs6Ag7J6Q7Iug7J2YIOq3uOumvOyekOulvCDqtazrtoTtlojri6Qu	V2l0aCB0aGUgY3JhY2tlZCBiZWxsJ3Mgc2hvcnQgY2hpbWUsIE9yYmFuIGN1dCBvZmYgdGhlIGVuZGxlc3Mgbm90ZSBhbmQgaWRlbnRpZmllZCBoaXMgb3duIHNoYWRvdy4=
E	7Jyg66asIOyIsuyXkCDrtITsnbQg64+M7JWE7JioIOuSpOyXkOuPhCDqta3qsr3qs7wg65287JuA7J2EIOyeh+uKlCDrs7TquIkg7IiY66CI6rCAIOuwpOuniOuLpCDsgqzrnbzsoYzri6Qu	RXZlbiBhZnRlciBzcHJpbmcgcmV0dXJuZWQgdG8gdGhlIGdsYXNzIGZvcmVzdCwgdGhlIHN1cHBseSB3YWdvbnMgY29ubmVjdGluZyB0aGUgYm9yZGVyIGFuZCBSYXVtIHZhbmlzaGVkIGVhY2ggbmlnaHQu
E	7Jyg66as66eJ7J20IOqwiOudvOyngOyekCDso7zrr7zrk6TsnZgg66qp7IaM66as66W8IOuoueqzoCDsnpDrnoAg6rKA7J2AIOq3uOumvOyekOqwgCDsmrDrrLwg7JyE66GcIOyGn+yVmOuLpC4=	QXMgdGhlIGdsYXNzIG1lbWJyYW5lIHNwbGl0LCBhIGJsYWNrIHNoYWRvdyB0aGF0IGhhZCBncm93biBieSBmZWVkaW5nIG9uIHRoZSB2b2ljZXMgb2YgdGhlIHRvd25zcGVvcGxlIHJvc2UgdXAgb3ZlciB0aGUgd2VsbC4=
E	7LKrIOuyiOynuCDsg4jrsr3sooXsnYQg7Jq466CkIOu5hOuwgCDqs4Tri6jsnYQg7Je06rOgIOyYpOultOuwmOydtCDsiKjsnYAg7KeA7ZWYIOyYiOuwsOyLpOyXkCDrj4TssKntlojri6Qu	UmFuZyB0aGUgZmlyc3QgRGF3biBCZWxsLCBvcGVuZWQgdGhlIHNlY3JldCBzdGFpciwgYW5kIHJlYWNoZWQgdGhlIHVuZGVyZ3JvdW5kIGNoYXBlbCB3aGVyZSBPcmJhbiB3YXMgaGlkaW5nLg==
P	e3sxfX0g7J6s7J2YIOyZlSDqsJHsmLfsnYQg6rCI6528IOq3uCDslYjsnZgg7J6K7Z6MIOq1reqyvSDsgqzrnozrk6TsnZgg7J2066aE7J2EIO2VtOuwqe2WiOuLpC4=	e3sxfX0gc2hhdHRlcmVkIHRoZSBBc2ggS2luZydzIGFybW9yIGFuZCBmcmVlZCB0aGUgbmFtZXMgb2YgdGhlIGZvcmdvdHRlbiBib3JkZXIgcGVvcGxlLg==
E	6rSR6rOg66W8IOykgOu5hO2VmOqzoCDsnojsirXri4jri6QuIOyYpO2UhOudvOyduCDrqqjtl5jsnYAg7JWx7J2EIOy8nCDrkZQg64+Z7JWIIOqzhOyGjSDstqnsoITrkKnri4jri6Qu	UHJlcGFyaW5nIGFuIGFkLiBPZmZsaW5lIGFkdmVudHVyZSB0aW1lIHdpbGwga2VlcCByZWNoYXJnaW5nIHdoaWxlIHRoZSBhcHAgaXMgb3Blbi4=
E	6rWt6rK97J2YIOyVhOy5qOydgCDsirnrpqzsnZgg7ZWo7ISx67O064ukIOusvCDquLfripQg7IaM66as7JmAIOusuCDsl6zripQg7IaM66as66GcIOuovOyggCDrj4zslYTsmZTri6Qu	TW9ybmluZyByZXR1cm5lZCB0byB0aGUgYm9yZGVyIG5vdCB3aXRoIGNyaWVzIG9mIHZpY3RvcnksIGJ1dCB3aXRoIHRoZSBzb3VuZHMgb2YgZHJhd2luZyB3YXRlciBhbmQgb3BlbmluZyBkb29ycy4=
E	6riw7Ja164KY66y07J2YIOqwgOyepSDqtbXsnYAg67+M66as6rCAIOuEpCDrsojsp7gg7Jq466a87JeQIOunnuy2sCDqsIjrnbzsp4DrqbAg64+M6rOE64uo7J2EIOuTnOufrOuDiOuLpC4=	VGhlIHRoaWNrZXN0IHJvb3Qgb2YgdGhlIE1lbW9yeSBUcmVlIHNwbGl0IHdpdGggdGhlIGZvdXJ0aCBlY2hvLCByZXZlYWxpbmcgdGhlIHN0b25lIHN0ZXBzLg==
E	64Gd64KYIOyCrOudvOyngOuKlCDsooXshozrpqzroZwg6rCQ7Iuc7J6Q7J2YIOqwkeyYt+ydhCDruYTsmrDqs6Ag66as67iM7JmAIOyEuCDrsojsp7gg7Je07Ieg66W8IOq1rO2WiOuLpC4=	RW1wdGllZCB0aGUgV2FyZGVuJ3MgYXJtb3Igd2l0aCBhIGJlbGwgdG9uZSB0aGF0IGVuZGVkIGFuZCBmYWRlZCwgcmVzY3VpbmcgTGl2IGFuZCB0aGUgdGhpcmQga2V5Lg==
E	64Ko7J2AIOyEoO2DnTog7LKrIOyUqOyVl+ydhCDqsIDsp4Qg7JWE7IWA67O064ukIOuovOyggCDsnKDrpqwg7Ius7J6l7J2YIO2VtOuPmeydhCDsi5zsnpHtlbTslbwg7ZWc64ukLg==	VGhlIGNob2ljZSB0aGF0IHJlbWFpbnM6IFdlIG11c3QgYmVnaW4gdGhhd2luZyB0aGUgR2xhc3MgSGVhcnQgYmVmb3JlIEFzZWwsIGJlYXJlciBvZiB0aGUgZmlyc3Qgc2VlZCwgZG9lcy4=
E	64uI7JWE7J2YIOyngOuPhOuKlCDrsIDsiJjroZzqsIAg7JWE64uI6528IOyEuCDsooXtg5Hqs7wg7ISx7LGE66W8IOyeh+uKlCDqtbDsmqkg7KeA7ZWY66Gc66W8IOqwgOumrOy8sOuLpC4=	TmlhJ3MgbWFwIHBvaW50ZWQgdG8gYSBtaWxpdGFyeSB0dW5uZWwgY29ubmVjdGluZyB0aGUgdGhyZWUgYmVsbCB0b3dlcnMgdG8gdGhlIGNpdGFkZWwu
E	64uI7JWE7J2YIOyngOuPhOyXkOuPhCDsl4bripQg7Jik7IaU6ri47JeQ64qUIOq1reqyvSDrp5DsnbQg7JWE64uMIOyEuCDqsJzsnZgg7ISg7J20IOyDiOqyqOyguCDsnojsl4jri6Qu	QSB0cmFpbCBhYnNlbnQgZnJvbSBldmVuIE5pYSdzIG1hcCBib3JlIHRocmVlIGNhcnZlZCBsaW5lcyBpbnN0ZWFkIG9mIHdvcmRzIGluIHRoZSBib3JkZXIgdG9uZ3VlLg==
E	64+M7JWE7JioIOynhOuPmeydhCDquLDroZ3tlbQg6rOE64uoIOuEiOuouOyXkCDrgZ3snYQg7JWMIOyImCDsl4bripQg6rWs7KGw66y87J20IOyeiOydjOydhCDtmZXsnbjtlojri6Qu	UmVjb3JkZWQgdGhlIHJldHVybmluZyB2aWJyYXRpb24gYW5kIGNvbmZpcm1lZCB0aGF0IGEgc3RydWN0dXJlIG9mIHVua25vd24gZGVwdGggbGF5IGJleW9uZCB0aGUgc3RhaXJzLg==
E	65287JuA7JeQ7IScIOuztOuCtOuKlCDshLgg67KI7J2YIOyViOyghCDrtojruZvsnbQg7JW97IaN7ZWcIOyLnOqwgeuztOuLpCDtlZwg67CV7J6QIOuKpuqyjCDrgpjtg4Drgqzri6Qu	VGhlIHRocmVlIHNhZmV0eSBsaWdodHMgZnJvbSBSYXVtIGFwcGVhcmVkIG9uZSBiZWF0IGxhdGVyIHRoYW4gcHJvbWlzZWQu
E	66Gc7Jus7J20IOydtOumhOydhCDsnb3slrQg7KO87J6QIOqwh+2YgCDsnojrjZgg67Cc7J6Q6rWt65Ok7J20IO2VnCDrsKntlqXsnLzroZwg7JuA7KeB7J206riwIOyLnOyeke2WiOuLpC4=	V2hlbiBSb3dlbiByZWFkIHRoZSBuYW1lcyBhbG91ZCwgdGhlIHRyYXBwZWQgZm9vdHByaW50cyBiZWdhbiBtb3ZpbmcgaW4gb25lIGRpcmVjdGlvbi4=
E	66eI7J2EIOyasOusvOyXkOyEnCDrrLwg64yA7IugIOuvuOyngOq3vO2VnCDsnqzqsIAg7Iaf7J6QIOuLq+2ejCDssL3rrLjrp4jri6Qg67mIIOusvO2GteydtCDripjslrTshLDri6Qu	V2hlbiBsdWtld2FybSBhc2ggc3VyZ2VkIGZyb20gdGhlIHZpbGxhZ2Ugd2VsbCBpbnN0ZWFkIG9mIHdhdGVyLCBlbXB0eSBidWNrZXRzIGxpbmVkIGV2ZXJ5IHNodXR0ZXJlZCB3aW5kb3cu
E	67Kg66W47J2YIOyDgeyekOyXkOyEnCDqurzrgrgg7Jyg66asIOyejuydgCDtlbTqsIAg65ywIOuVjOuniOuLpCDsobDquIjslKkg64uk66W4IOu2geyqveydhCDqsIDrpqzsvLDri6Qu	VGhlIGdsYXNzIGxlYWYgcHVsbGVkIGZyb20gQmVybidzIGJveCBwb2ludGVkIHRvIGEgc2xpZ2h0bHkgZGlmZmVyZW50IG5vcnRoIGVhY2ggbW9ybmluZy4=
E	67m17J2AIOyYgeybkO2eiCDrlLDrnLvtlojsp4Drp4wg64iE6rWs64+EIO2VnCDsobDqsIHsnYQg64Gd6rmM7KeAIOuoueqxsOuCmCDsnpDrpqzrpbwg65ag64KY7KeAIOuqu+2WiOuLpC4=	VGhlIGJyZWFkIHJlbWFpbmVkIGZvcmV2ZXIgd2FybSwgeWV0IG5vIG9uZSBjb3VsZCBmaW5pc2ggYSBwaWVjZSBvciBsZWF2ZSB0aGVpciBzZWF0Lg==
E	7ISx7LGE7J2YIOusuOydgCDqtbPqsowg64ur7ZiAIOyeiOyXiOyngOunjCDsp4DtlZjroZzsnZgg66y47J2AIOyViOyqveyXkOyEnCDquIntnogg7Je07Ja0IOuRlCDssYTsmIDri6Qu	VGhlIGNpdGFkZWwgZ2F0ZSB3YXMgdGlnaHRseSBzaHV0LCBidXQgdGhlIHdheSB1bmRlcmdyb3VuZCBoYWQgYmVlbiBsZWZ0IG9wZW4gaW4gaGFzdGUgZnJvbSB0aGUgaW5zaWRlLg==
E	7IS4IOyiheydhCDrlLDroZwg7Jq466as66m0IOusuOydtCDsl7Trpqzqs6Ag7ZWo6ruYIOyauOumrOuptCDsg4jrsr3snbQg7Jio64uk64qUIOybkOumrOulvCDtlbTrj4Xtlojri6Qu	RGVjaXBoZXJlZCB0aGUgcnVsZTogcmluZyB0aGUgdGhyZWUgYmVsbHMgYXBhcnQgYW5kIHRoZSBnYXRlIG9wZW5zOyByaW5nIHRoZW0gdG9nZXRoZXIgYW5kIGRhd24gY29tZXMu
E	7IiY66GcIOuBnSDso7zsobDsnqXsl5DripQg7KKF7J2EIOunjOuTpOuNmCDti4Dqs7wg7Ja17KeA66GcIOucr+yWtOuCuCDssq3rj5kg7KGw6rCB7J20IOuCqOyVhCDsnojsl4jri6Qu	QXQgdGhlIGZvdW5kcnkgYmV5b25kIHRoZSB3YXRlcndheSBzdG9vZCBhIGJlbGwgbW9sZCBhbmQgZnJhZ21lbnRzIG9mIGJyb256ZSB0b3JuIGF3YXkgYnkgZm9yY2Uu
E	7JWE7IWA7J2AIOyekOyLoOydtCDsgqzrnozsnYQg6rCA65GUIOqyg+ydtCDslYTri4jrnbwg7KO97J2M7J20IOuLv+yngCDrqrvtlZjqsowg7KeA7Lyw64uk6rOgIOyjvOyepe2WiOuLpC4=	QXNlbCBjbGFpbWVkIGhlIHdhcyBub3QgaG9sZGluZyBwZW9wbGUgcHJpc29uZXIsIGJ1dCByYXRoZXIga2VlcGluZyBkZWF0aCBhdCBiYXku
E	7JWE7IWA7J2AIOyggOyepeuQnCDsgqzrnozrk6TsnZgg6riw7Ja17J2EIOuzkeyCrOuhnCDruZrslrQg6rCA7KGx6rO8IOuPmeujjOydmCDslrzqtbTroZwg6ri47J2EIOunieyVmOuLpC4=	QXNlbCB3b3ZlIHRoZSBzdG9yZWQgbWVtb3JpZXMgb2YgdGhlIHBlb3BsZSBpbnRvIHNvbGRpZXJzLCBibG9ja2luZyB0aGUgcGF0aCB3aXRoIHRoZSBmYWNlcyBvZiBmYW1pbHkgYW5kIGNvbXJhZGVzLg==
E	7KKF7IaM66as6rCAIO2NvOyngOyekCDsnqzsnZgg66y066as64qUIOupiOy3hOqzoCwg7IKs656M65Ok7J2AIOyEnOuhnOydmCDslrzqtbTsnYQg64uk7IucIOyVjOyVhOuztOyVmOuLpC4=	QXMgdGhlIGJlbGwncyB0b2xsIHNwcmVhZCwgdGhlIGFzaCBob3JkZSBzdG9wcGVkLCBhbmQgdGhlIHBlb3BsZSByZWNvZ25pemVkIG9uZSBhbm90aGVyIGFnYWluLg==
E	7KeB7JeF7J2YIOyjvMK367O07KGwIOuKpeugpey5mOuKlCDqs7XqsqnroKXCt+yghO2IrOugpeqzvCDquLDrs7gg7Iqk7YKsIOuwnOuPmeuloOyXkOuPhCDsmIHtlqXsnYQg7KSN64uI64ukLg==	WW91ciBjbGFzcydzIHByaW1hcnkgYW5kIHNlY29uZGFyeSBzdGF0cyBhbHNvIGFmZmVjdCBkYW1hZ2UsIGNvbWJhdCBwb3dlciwgYW5kIGJhc2Ugc2tpbGwgdHJpZ2dlciBjaGFuY2Uu
E	7LKrIOyDmOydgCDslrzsnYwg7JWI7JeQ7ISc64+EIOqzhOyGjSDshp/slYTsmKzrnpDsp4Drp4wg7ZWcIOuwqeyauOuPhCDqsJXsnLzroZwg67mg7KC464KY6rCA7KeAIOuqu+2WiOuLpC4=	VGhlIGZpcnN0IHNwcmluZyBrZXB0IHdlbGxpbmcgZXZlbiB3aXRoaW4gdGhlIGljZSwgeWV0IG5vdCBhIHNpbmdsZSBkcm9wIGNvdWxkIGVzY2FwZSBpbnRvIHRoZSByaXZlci4=
E	7ZKA66Ck64KcIOuqqeyGjOumrOuTpOydgCDsnpDsi6DsnZgg7J2066aE7J2EIOq4sOyWte2VmOyngCDrqrvtlZwg7LGEIOqwmeydgCDqtazsobAg7JqU7LKt66eMIOuwmOuzte2WiOuLpC4=	VGhlIGZyZWVkIHZvaWNlcywgdW5hYmxlIHRvIHJlbWVtYmVyIHRoZWlyIG93biBuYW1lcywgcmVwZWF0ZWQgdGhlIHNhbWUgcmVxdWVzdCBmb3IgaGVscCBlbmRsZXNzbHku
E	7ZqM6rSAIOyngO2VmOyXkOuKlCDrhKQg6rCc7J2YIOusuOydtCDsnojsl4jsp4Drp4wg67SE7J2YIOusuOunjCDrsr3sspjrn7wg66ek64GI7ZWY6rKMIOq1s+yWtCDsnojsl4jri6Qu	Rm91ciBkb29ycyBzdG9vZCBiZW5lYXRoIHRoZSBndWlsZGhhbGwsIGJ1dCBvbmx5IHNwcmluZydzIGhhZCBoYXJkZW5lZCBpbnRvIGEgc2VhbWxlc3Mgd2FsbC4=
P	e3sxfX0g7Jik656Y65CcIOyImOuhnOulvCDrp4nsnYAge3syfX0g66qw7JWE64K06rOgIOuyvSDrhIjrqLjsnZgg67CU656M7J2EIOuTpOyXiOuLpC4=	e3sxfX0gZHJvdmUge3syfX0gZnJvbSB0aGUgb2xkIHdhdGVyd2F5IGFuZCBoZWFyZCB0aGUgd2luZCBiZXlvbmQgdGhlIHdhbGwu
E	6rCA7KecIOuwnOyekOq1reydtCDqs7zqsbDsnZgg6rG47J2M66eMIO2dieuCtCDrgrjri6TripQg6rec7LmZ7J2EIOywvuyVhCDtmITsnqzsnZgg6ri47J2EIOq1rOu2hO2WiOuLpC4=	VGhleSBpZGVudGlmaWVkIHRoZSBydWxlIHRoYXQgZmFrZSBmb290cHJpbnRzIG9ubHkgaW1pdGF0ZSBwYXN0IHN0ZXBzLCB0aHVzIGRpc3Rpbmd1aXNoaW5nIHRoZSBjdXJyZW50IHBhdGgu
E	6rGw64yA7ZWcIOycoOumrOu/lCDsp5DsirnsnbQg7KeA64KY6rCEIOq4uOydhCDsgrztgqwg65WM66eI64ukIOyngOuPhOyXkOyEnCDshKAg7ZWY64KY6rCAIOyCrOudvOyhjOuLpC4=	RWFjaCB0aW1lIHRoZSBncmVhdCBnbGFzcy1hbnRsZXJlZCBiZWFzdCBkZXZvdXJlZCBhIHJvYWQgaXQgaGFkIGNyb3NzZWQsIGFub3RoZXIgbGluZSB2YW5pc2hlZCBmcm9tIHRoZSBtYXAu
E	6rGw7Jq4IOyasOusvOydmCDqt7jrprzsnpDrpbwg66y866as7LmY6rOgIOycoOumrCDtg5Hsl5Ag6rCH7Z6MIOumrOu4jOydmCDqsr3qs6Drpbwg7Jio7KCE7Z6IIOuTpOyXiOuLpC4=	RGVmZWF0ZWQgdGhlIHNoYWRvdyBiZW5lYXRoIHRoZSBNaXJyb3IgV2VsbCBhbmQgaGVhcmQgTGl2J3Mgd2FybmluZyBmcm9tIHRoZSBHbGFzcyBUb3dlciBpbiBmdWxsLg==
E	6reA7ZmYIOyLoO2YuOulvCDshLgg67KIIO2ZleyduO2VnCDrkqQg64Gd7JeG64qUIOuvuOq2geydhCDtlqXtlZwg7LKrIOyekOuPmSDsm5DsoJXsnYQg7Iuc7J6R7ZaI64ukLg==	QWZ0ZXIgY29uZmlybWluZyB0aGUgcmV0dXJuIHNpZ25hbCB0aHJlZSB0aW1lcywgdGhlIGZpcnN0IGF1dG9tYXRpYyBleHBlZGl0aW9uIHRvd2FyZCB0aGUgZW5kbGVzcyBsYWJ5cmludGggYmVnYW4u
E	6ri0IOu5hOqwgCDsp4DrgpjqsIQg6rO164+Z66yY7KeA7JeQ7IScIOq1reqyveq1sOqzvCDrtoHrsKkg7Iuk7KKF7J6Q7J2YIOusmO2RnOqwgCDrkqTshJ7sl6wg65Oc65+s64Ks64ukLg==	QWZ0ZXIgdGhlIGxvbmcgcmFpbnMsIGdyYXZlIG1hcmtlcnMgYmVsb25naW5nIHRvIGJvcmRlciBzb2xkaWVycyBhbmQgbm9ydGhlcm5lcnMgd2hvIGhhZCBnb25lIG1pc3NpbmcgZW1lcmdlZCBqdW1ibGVkIHRvZ2V0aGVyIGluIHRoZSBjZW1ldGVyeS4=
E	64Ko7J2AIOyGjOyLnTog7IOI66GcIOyXsCDquLgg7JWE656Y7JeQ7IScIOuztOq4iSDsiJjroIgg7ZWcIOuMgOqwgCDtnZTsoIHrj4Qg7JeG7J20IOyCrOudvOyhjOuLpC4=	TGF0ZXN0IHJlcG9ydDogYSBzdXBwbHkgY2FydCB2YW5pc2hlZCB3aXRob3V0IGEgdHJhY2UgYmVuZWF0aCB0aGUgbmV3bHkgb3BlbmVkIHJvYWQu
E	64uI7JWE6rCAIOyasOusvCDslYTrnpgg7Iio7J2AIOusvOq4uOydhCDsl7TslrQg66qp7IaM66as66W8IOqwgOuRlCDsnKDrpqzrp4nsnYQg7JW97ZWY6rKMIOunjOuTpOyXiOuLpC4=	TmlhIG9wZW5lZCB0aGUgaGlkZGVuIHdhdGVyd2F5IGJlbmVhdGggdGhlIHdlbGwsIHdlYWtlbmluZyB0aGUgZ2xhc3MgbWVtYnJhbmUgdGhhdCBpbXByaXNvbmVkIHRoZSB2b2ljZXMu
E	66Gc7Jus7J2YIOyerCDsp4Drj4Tsl5DshJwg7Y+Q7IeE65CcIOyasOusvOqzvCDshLgg6rCc7J2YIOqygOydgCDsm5DsnYQg64uk7J2MIOuLqOyEnOuhnCDtmZXrs7Ttlojri6Qu	T24gUm93ZW4ncyBBc2ggTWFwLCB3ZSBzZWN1cmVkIHRoZSBuZXh0IGNsdWU6IHRoZSBjbG9zZWQgd2VsbCBhbmQgdGhyZWUgYmxhY2sgY2lyY2xlcy4=
E	66Gc7Jus7J20IOuCqOq4tCDrsKfspITqs7wg64uI7JWE6rCAIOywvuydgCDsmJsg6rWQ6rCB7Jy866GcIOy2lOqyqeyekOuztOuLpCDrqLzsoIAg6rOE6rOh7J2EIOqxtOuEnOuLpC4=	VXNpbmcgUm93ZW4ncyByb3BlIGFuZCB0aGUgb2xkIGJyaWRnZSBzdXBwb3J0cyBOaWEgZm91bmQsIGNyb3NzZWQgdGhlIHJhdmluZSBhaGVhZCBvZiB0aGUgcHVyc3VlcnMu
E	67SJ7J24IOyVhOuemOydmCDrrLjsnqXsl5DshJwg7Jik66W067CY6rO8ICfsg4jrsr3snYAg7JWE7KeBIOyjveyngCDslYrslZjri6Qn64qUIOyVlO2YuOulvCDslrvsl4jri6Qu	RnJvbSB0aGUgaW5zY3JpcHRpb24gYmVuZWF0aCB0aGUgc2VhbCwgdGhleSByZWNvdmVyZWQgT3JiYW4ncyBuYW1lIGFuZCB0aGUgY2lwaGVyLCAnRGF3biBpcyBub3QgZGVhZCB5ZXQuJw==
E	67mZ6rKwIOyImOusuOyepeydhCDsk7Drn6zrnKjrpqzqs6Ag67SE66y87J2EIOyIsuycvOuhnCDtnZjroKQg7LKrIOuyiOynuCDtlbTsoJwg7Je07Ieg66W8IOyZhOyEse2WiOuLpC4=	RGVmZWF0ZWQgdGhlIEZyb3plbiBTbHVpY2VrZWVwZXIgYW5kIHJlbGVhc2VkIHRoZSBzcHJpbmcgd2F0ZXIgaW50byB0aGUgZm9yZXN0LCBjb21wbGV0aW5nIHRoZSBmaXJzdCBrZXkgdG8gYnJlYWtpbmcgdGhlIHNwZWxsLg==
E	7IS4IOyImOusuOydtCDsl7TrpqzsnpAg66y86ri47J2EIOunieuNmCDslrzsnYzsnbQg6rCR7Ji37J2EIOuRkOuluCDsiJjrrLjsnqXsnLzroZwg662J7LOQIOydvOyWtOuCrOuLpC4=	V2hlbiB0aGUgdGhyZWUgc2x1aWNlcyBvcGVuZWQsIHRoZSBpY2UgYmxvY2tpbmcgdGhlIGNoYW5uZWxzIGZ1c2VkIGludG8gYSBzaW5nbGUgYXJtb3JlZCBnYXRla2VlcGVyLg==
E	7JWE7KeBIOyZhOqysOuQnCDrqqjtl5jri7TsnbQg7JeG7Iq164uI64ukLgrsnbQg7J207JW86riw7J2YIDXrp4nsnYQg64Gd64K066m0IOyXrOq4sOyXkCDrgqjsirXri4jri6Qu	VGhlcmUgaXMgbm8gY29tcGxldGVkIGFkdmVudHVyZSBzdG9yeSB5ZXQuClRoaXMgdGFsZSB3aWxsIHJlbWFpbiBoZXJlIG9uY2UgeW91IGZpbmlzaCBBY3QgNS4=
E	7KeA64KcIOyngOuPhOyZgCDri6zrnbzsp4Qg7J207KCV7ZGc7JeQ64qUIOq1reqyveqzvCDrnbzsm4DsnZgg7IOIIO2RnOyLneydtCDtlajqu5gg7IOI6rKo7KC4IOyeiOyXiOuLpC4=	VGhlIHdheXN0b25lLCBkaWZmZXJlbnQgZnJvbSB0aGUgb25lIHNob3duIG9uIHRoZSBvbGQgbWFwLCBib3JlIHRoZSBuZXcgbWFya3Mgb2YgYm90aCB0aGUgYm9yZGVyIGFuZCBSYXVtLg==
E	7LKrIOuLteyepeydgCDsnKDrpqwg7J6O7J2EIOq4uOyeoeydtOuhnCDsgrzslYQg7IS4IOyiheqzvCDtlajqu5gg67aB7Kq97Jy866GcIOyYpOudvOqzoCDslYjrgrTtlojri6Qu	VGhlIGZpcnN0IHJlcGx5IGluc3RydWN0ZWQgQmVybiB0byB1c2UgdGhlIGdsYXNzIGxlYWYgYXMgYSBndWlkZSBhbmQgY29tZSBub3J0aCB3aXRoIHRoZSB0aHJlZSBiZWxscy4=
E	7LKrIOuyiOynuCDsg4jrsr3sooXsnYQg7Jq466as7J6QIOuyveydtCDqsIjrnbzsp4DrqbAg7Jik656YIOyIqOqyqOynhCDqs4Tri6jsnbQg66qo7Iq17J2EIOuTnOufrOuDiOuLpC4=	QXMgdGhlIGZpcnN0IERhd24gQmVsbCByYW5nLCB0aGUgd2FsbCBzcGxpdCBvcGVuLCByZXZlYWxpbmcgYSBsb25nLWhpZGRlbiBzdGFpcmNhc2Uu
E	7Yis66qF7ZWcIOuCmOustOq7jeyniCDslYjsl5DripQg7Iiy7JeQIOuTpOyWtOyYqCDsgqzrnozrk6TsnZgg7J2066aE7J20IOuCmOydtO2FjOyymOufvCDqsrnss5Ag7J6I7JeI64ukLg==	SW5zaWRlIHRoZSB0cmFuc3BhcmVudCBiYXJrLCBuYW1lcyBvZiB0aG9zZSB3aG8gaGFkIGVudGVyZWQgdGhlIGZvcmVzdCB3ZXJlIGxheWVyZWQgbGlrZSB0cmVlIHJpbmdzLg==
P	e3sxfX0g7IS46rSAIOuwlOuLpeydmCDrsIDrj4Trpbwg65GQ65Oc66CkIOq1sOyImO2SiOydtCDsmKTqsIQg67mE67CAIO2GteuhnOulvCDssL7slYTrg4jri6Qu	QnkgdGFwcGluZyBhY3Jvc3MgdGhlIGN1c3RvbXMtaG91c2UgZmxvb3IsIHt7MX19IGZvdW5kIGEgc2VjcmV0IHBhc3NhZ2Ugb25jZSB1c2VkIHRvIG1vdmUgbWlsaXRhcnkgc3VwcGxpZXMu
E	6rGw64yA7ZWcIOusvOugiOuKlCDrtITrrLzsnYQg6rCI7JWEIO2IrOuqhe2VnCDsno7qs7wg67OR7IKs7JmAIOuyveydhCDrgYrsnoTsl4bsnbQg66eM65Ok7Ja0IOuDiOuLpC4=	VGhlIGdyZWF0IHdhdGVyd2hlZWwgZ3JvdW5kIHNwcmluZyB3YXRlciBpbnRvIGFuIGVuZGxlc3Mgc3VwcGx5IG9mIHRyYW5zcGFyZW50IGxlYXZlcywgc29sZGllcnMsIGFuZCB3YWxscy4=
E	6rO166y47J2AIOyLpOyiheuQnCDsiJzssLDrjIDsm5Dsl5Dqsowg7Lac7KCVIOuLpOydjCDrgqAg64uk7IucIOy2nOygle2VmOudvOqzoCDrqoXroLntlZjqs6Ag7J6I7JeI64ukLg==	VGhlIGRpc3BhdGNoIG9yZGVyZWQgYSBtaXNzaW5nIHBhdHJvbG1hbiB0byBtYXJjaCBvdXQgYWdhaW4gdGhlIGRheSBhZnRlciBoaXMgZGVwbG95bWVudC4=
E	64uk7J2MIOq1rOyXrTog66+46raB7J2AIOyDiOuhnOyatCDrv4zrpqzrrLjsnZgg7ZqM656R7Jy866GcIOydtOyWtOyngOupsCDsm5DsoJXsnYQg6rOE7IaNIOu2gOuluOuLpC4=	TmV4dCBzZWN0b3I6IFRoZSBMYWJ5cmludGggbGVhZHMgYmFjayBpbnRvIGEgbmV3IFJvb3QtR2F0ZSBDb3JyaWRvciwgY2FsbGluZyB0aGUgZXhwZWRpdGlvbiBldmVyIG9ud2FyZC4=
E	66Gc7Jus6rO8IOyDneyhtOyekOuTpOydtCDshJzrrLjsnYQg67KE7Yuw64qUIOyCrOydtCDrrLTrhIjsp4Qg7KKF7YOR7Jy866GcIO2Gte2VmOuKlCDquLjsnYQg7Je07JeI64ukLg==	V2hpbGUgUm93ZW4gYW5kIHRoZSBzdXJ2aXZvcnMgaGVsZCB0aGUgV2VzdCBHYXRlLCB0aGV5IG9wZW5lZCBhIHBhdGggdG8gdGhlIGZhbGxlbiBiZWxsIHRvd2VyLg==
E	66Gc7Jus7J20IOyghOyCrOyekOydmCDsnbTrpoTsnYQg7KeB7KCRIOu2gOultOyekCDsgqzrnozsnYQg7Iir7J6Q66Gc66eMIOyVhOuKlCDrs7XsoJzqsIAg6rCI65287KGM64ukLg==	V2hlbiBSb3dlbiBzcG9rZSB0aGUgZmFsbGVuIHNvbGRpZXJzJyBuYW1lcywgdGhlIGNvcHkgdGhhdCBrbmV3IHBlb3BsZSBvbmx5IGFzIG51bWJlcnMgc3BsaXQgYXBhcnQu
E	66Gc7Jus7J20IOyllCDsp4Drj4Tsl5DripQg7Y+Q7IeE65CcIOyasOusvOqzvCDshLgg6rCc7J2YIOqygOydgCDsm5DsnbQg7J6s66GcIO2RnOyLnOuPvCDsnojsl4jri6Qu	T24gdGhlIG1hcCBoZWxkIGJ5IFJvd2VuLCB0aGUgc2VhbGVkIHdlbGwgYW5kIHRocmVlIGJsYWNrIGNpcmNsZXMgd2VyZSBtYXJrZWQgaW4gYXNoLg==
E	66as67iM7J2YIOq4sOuhneycvOuhnCDtnbAg6reg7Je07J20IOuwseyVvCDsnbTsoITrtoDthLAg67SJ7J2465CcIOKAmOu5iCDqsqjsmrjigJnsnoTsnYQg67Cd7ZiA64OI64ukLg==	TGl2J3MgcmVjb3JkcyByZXZlYWxlZCB0aGUgJ0hvbGxvdyBXaW50ZXInIGhhZCBiZWVuIHNlYWxlZCBzaW5jZSBiZWZvcmUgdGhlIFdoaXRlIE5pZ2h0Lg==
E	66y87J2AIOuCruydgCDqs7PsnbQg7JWE64uI6528IOycoOumrCDtg5HsnZgg67mb7J2EIO2Wpe2VtCDrsr3qs7wg67+M66as66W8IOqxsOyKrOufrCDsmKzrnbzqsJTri6Qu	V2F0ZXIgcm9zZSBhZ2FpbnN0IHRoZSB3YWxscyBhbmQgcm9vdHMgdG93YXJkIHRoZSBsaWdodCBvZiB0aGUgZ2xhc3MgdG93ZXIu
E	67KE66Ck7KeEIOuwqe2MqOulvCDsp4DtgqTripQg7Y+s7Iud7J6Q65OkIOyCrOydtOyXkOyEnCDsgqzrnbzsp4Qg66y47KeA6riw65Ok7J2YIOydtOumhOydhCDtmZXsnbjtlZzri6Qu	U2VhcmNoIGFtb25nIHRoZSBwcmVkYXRvcnMgZ3VhcmRpbmcgdGhlIGFiYW5kb25lZCBzaGllbGRzIGZvciB0aGUgbWlzc2luZyBnYXRla2VlcGVycycgbmFtZXMu
E	67SEIOyngOuPhOuKlCDrtojtg4Qg6rKD7J20IOyVhOuLiOudvCDriITqtbDqsIAg6rCA7J6l7J6Q66as6rmM7KeAIOygleq1kO2VmOqyjCDrj4TroKTrgrQg6rCA7KC46rCU64ukLg==	VGhlIG1hcCBvZiBzcHJpbmcgaGFkIG5vdCBidXJuZWQ7IHNvbWVvbmUgaGFkIGNhcmVmdWxseSBjdXQgaXQgb3V0LCByaWdodCB0byB0aGUgZWRnZXMsIGFuZCB0YWtlbiBpdC4=
E	67SE7J2EIOuQmOywvuydgCDquLDslrXrgpjrrLTsnZgg7Jyg66asIOyejuydtCDquLDsobQg7KeA64+E7JeQIOyXhuuKlCDqs7Xrj5kg7Iic7LCw66Gc66W8IOu5hOy3hOuLpC4=	V2l0aCBzcHJpbmcgcmVzdG9yZWQsIGEgZ2xhc3MgbGVhZiBmcm9tIHRoZSBNZW1vcnkgVHJlZSBpbGx1bWluYXRlZCBhIGpvaW50IHBhdHJvbCByb3V0ZSBhYnNlbnQgZnJvbSBldmVyeSBleGlzdGluZyBtYXAu
E	7JiI67Cw64u5IOuyve2ZlOyXkOyEnCDssqsg7IOI67K97KKF7J2EIOyauOumrOuptCDsiKjqsqjsp4Qg6ri47J20IOyXtOumsOuLpOuKlCDrrLjqtazrpbwg7ZmV7J247ZaI64ukLg==	VGhlIGNoYXBlbCBtdXJhbCBib3JlIGFuIGluc2NyaXB0aW9uIHNheWluZyB0aGUgZmlyc3QgRGF3biBCZWxsIHdvdWxkIG9wZW4gYSBoaWRkZW4gcm9hZC4=
E	7Jik66W067CY7J2YIOy5qOustSDssKzqsIDsl5DshJwg64Ko7J2AIOuRkCDsg4jrsr3sooXsnbQg66qo65GQIOuPhOuCnOuLue2WiOuLpOuKlCDsgqzsi6TsnYQg65Ok7JeI64ukLg==	RnJvbSBPcmJhbidzIFNpbGVudCBIeW1uLCB0aGV5IGxlYXJuZWQgdGhhdCBib3RoIHJlbWFpbmluZyBEYXduIEJlbGxzIGhhZCBiZWVuIHN0b2xlbi4=
E	7Jik66W067CY7J20IOqwgOyepSDsp6fsnYAg7J2MIOyCrOydtOydmCDsuajrrLXsnYQg7LC+7JWEIOqwh+2ejCDshozrpqzsl5DshJwg7Ya166Gc66W8IOu2hOumrO2WiOuLpC4=	T3JiYW4gZm91bmQgdGhlIHNpbGVuY2UgYmV0d2VlbiB0aGUgc2hvcnRlc3Qgbm90ZXMgYW5kIHNlcGFyYXRlZCB0aGUgdHJhcHBlZCBzb3VuZCBmcm9tIHRoZSBwYXNzYWdlLg==
E	7Jyg66asIOq1sOuMgOqwgCDth7TroZzrpbwg64ur7J6QIOuLiOyVhOuKlCDrkJjssL7snYAg67SE66y87J2EIOqxsOumrOyZgCDqs4Tqs6HsnLzroZwg7Z2Y66Ck67O064OI64ukLg==	V2hlbiB0aGUgR2xhc3MgQXJteSBzZWFsZWQgdGhlIHJldHJlYXQsIE5pYSByZWxlYXNlZCB0aGUgcmVjbGFpbWVkIHNwcmluZyB3YXRlciB0aHJvdWdoIHRoZSBzdHJlZXRzIGFuZCByYXZpbmVzLg==
E	7J6R7J2AIOykkeqzhOyiheydhCDri6TshK8g6rOz7JeQIOyEpOy5mO2VtCDslrTripAg66eJ7JeQ7ISc64+EIOq3gO2ZmCDsi6DtmLjqsIAg7J207Ja07KeA6rKMIO2WiOuLpC4=	SGUgaW5zdGFsbGVkIGZpdmUgc21hbGwgcmVsYXkgYmVsbHMgc28gdGhhdCB0aGUgcmV0dXJuIHNpZ25hbCBjb250aW51ZWQgdGhyb3VnaCBldmVyeSBhY3Qu
E	7KeE7KecIOuLiOyVhOqwgCDsponshJ3sl5DshJwg66eM65OgIOyasO2ajOuhnOuhnCDsnbztlonsnYQg7J2064GM7Ja0IOuzteygnCDsp4Drj4Trpbwg66y064SI65yo66C464ukLg==	VGhlIHJlYWwgTmlhIGxlZCB0aGUgcGFydHkgYWxvbmcgYSBkZXRvdXIgc2hlIGRldmlzZWQgb24gdGhlIHNwb3QsIGNhdXNpbmcgdGhlIGR1cGxpY2F0ZSBtYXAgdG8gY29sbGFwc2Uu
E	7Y647KeA7J2YIOyImOyLoOyduOydgCDsubzroZwg6riB7ZiAIOyeiOyXiOyngOunjCDrkrfsnqXsl5DripQg66Gc7Jus7J2YIOqzhOq4ieyepeydtCDriIzroKQg7J6I7JeI64ukLg==	VGhlIHJlY2lwaWVudCdzIG5hbWUgaGFkIGJlZW4gc2NyYXRjaGVkIG91dCB3aXRoIGEgYmxhZGUsIGJ1dCBSb3dlbidzIHJhbmsgaW5zaWduaWEgd2FzIGltcHJlc3NlZCBvbiB0aGUgYmFjayBvZiB0aGUgbGV0dGVyLg==
P	IOq3gO2ZmCDsnqXrtoDqsIAg67aJ6rKMIOu5m+uCmOupsCDsoJx7ezF9feq0gOusuOydmCDrrLjsp4DquLDqsIAg6rWs7JetIOuBneydhCDrp4nslZjri6Qu	VGhlIHJldHVybiBsb2cgZ2xvd2VkIHJlZCBhcyB0aGUgZ2F0ZWtlZXBlciBvZiB0aGUge3sxfX0gZ2F0ZSBibG9ja2VkIHRoZSBlbmQgb2YgdGhlIHNlY3Rvci4=
P	e3sxfX0g64GM7Ja0IOuqqOydgCDquIjsho0g7KGw6rCBIOyCrOydtOyXkCDqtbDtjKjsmYAg7Y647KeAIOqzoOumrOqwgCDshJ7sl6wg7J6I7JeI64ukLg==	QW1vbmcgdGhlIG1ldGFsIHNjcmFwcyB7ezF9fSBoYWQgZ2F0aGVyZWQgbGF5IGEgbWlsaXRhcnkgdGFnIGFuZCBhIGxldHRlciByaW5nLg==
E	6rWt6rK9IOuwliDsoIHsp4Tsl5DripQg6rmD67Cc66eMIO2OhOufreyYgOqzoCwg7Iud7YOB6rO8IO2ZlOyCtO2GteydgCDqt7jrjIDroZwg64Ko7JWEIOyeiOyXiOuLpC4=	QmV5b25kIHRoZSBib3JkZXIsIG9ubHkgdGhlIGVuZW15IGNhbXAncyBiYW5uZXJzIHN0aWxsIGZsZXc7IGl0cyB0YWJsZXMgYW5kIHF1aXZlcnMgaGFkIGJlZW4gbGVmdCB1bnRvdWNoZWQu
E	6rWt6rK96rO8IOudvOybgOydmCDsiJzssLDrjIDripQg64qm7Ja07KeEIOyLoO2YuOyZgCDsg4gg7Iuk7KKF7J6QIOq4sOuhneydhCDtlZwg7KSE7JSpIOunnuy3hOuLpC4=	VGhlIHBhdHJvbHMgZnJvbSB0aGUgYm9yZGVyIGFuZCBSYXVtIGNvbXBhcmVkIHRoZSBkZWxheWVkIHNpZ25hbCByZWNvcmRzIGFuZCBuZXcgbWlzc2luZy1wZXJzb24gcmVwb3J0cyBsaW5lIGJ5IGxpbmUu
E	6riw7Ja164KY66y07J2YIOycoOumrCDsno7snYAg67SE67mb7J2YIOqwgeuPhOyXkCDrlLDrnbwg7KeA64+E7JeQIOyXhuuKlCDsiJzssLDroZzrpbwg6rCA66as7Lyw64ukLg==	VGhlIGdsYXNzIGxlYXZlcyBvZiB0aGUgTWVtb3J5IFRyZWUgcG9pbnRlZCB0byBhIHBhdHJvbCBwYXRoIG5vdCBvbiB0aGUgbWFwLCBkZXBlbmRpbmcgb24gdGhlIGFuZ2xlIG9mIHRoZSBzcHJpbmcgbGlnaHQu
E	64Ko7J2AIOykgOu5hDog67mIIOybkOygleuMgCDsnqXrtoDsl5DshJwg67O17KCc65CY7KeAIOyViuydgCDqt4DtmZgg6rec7LmZ7J2EIOywvuyVhOyVvCDtlZzri6Qu	UmVtYWluaW5nIHByZXBhcmF0aW9uOiBGaW5kIHRoZSByZXR1cm4gcnVsZSB0aGF0IGhhc24ndCBiZWVuIGNvcGllZCBmcm9tIHRoZSBlbXB0eSBleHBlZGl0aW9uIGxvZy4=
E	64Ko7J2AIOynleyhsDog6riw7Ja164KY66y07J2YIOqwgOyepSDqtbXsnYAg67+M66as6rCAIOyauOumvOyXkCDrp57strAg7JuA7KeB7J206riwIOyLnOyeke2WiOuLpC4=	UmVtYWluaW5nIG9tZW46IFRoZSB0aGlja2VzdCByb290IG9mIHRoZSBNZW1vcnkgVHJlZSBiZWdhbiB0byBtb3ZlIGluIHRpbWUgd2l0aCB0aGUgc291bmQu
E	64Ko7J2AIOynleyhsDog65287JuA7J2YIOyEuCDrtojruZsg65Kk7JeQIOyVveyGjeuQmOyngCDslYrsnYAg64SkIOuyiOynuCDrtojruZvsnbQg7Lyc7KGM64ukLg==	UmVtYWluaW5nIG9tZW46IEEgZm91cnRoIGxpZ2h0LCBub3QgcHJvbWlzZWQsIGxpdCBiZWhpbmQgUmF1bSdzIHRocmVlIGxpZ2h0cy4=
E	64uI7JWE64qUIOq3uOugpOynhCDqsJXsnYQg66qo65GQIOyngOyatCDrkqQg66y87IaM66as66eMIOuUsOudvCDsg4jroZzsmrQg7KeA64+E66W8IOunjOuTpOyXiOuLpC4=	TmlhIGVyYXNlZCBhbGwgdGhlIGRyYXduIHJpdmVycyBhbmQgbWFkZSBhIG5ldyBtYXAgYnkgZm9sbG93aW5nIHRoZSBzb3VuZCBvZiB0aGUgd2F0ZXIu
E	64+Z7J20IO2FhOuKlOuNsCDsiJzssLDrjIDsnZgg7Lmo7IOB7J2AIOywqOqwkeqzoCwg7Iud7KeAIOyViuydgCDrk7Hrtojrp4wg7KO87J247J2EIOq4sOuLpOuguOuLpC4=	RGF3biBoYWQgYnJva2VuLCB5ZXQgdGhlIHBhdHJvbCdzIGJlZHMgd2VyZSBjb2xkLiBPbmx5IGEgbGFtcCBzdGlsbCB3YXJtIGF3YWl0ZWQgaXRzIG1hc3Rlci4=
E	66eI7KeA66eJIOyepeyXkOuKlCDigJjsnbTrpoTsnYQg66+/7KeAIOunkOqzoCDsooXqs7wg66ek65Ot7J2EIOuvv+yWtOudvOKAmeudvOqzoCDsoIHtmIAg7J6I7JeI64ukLg==	VGhlIGxhc3QgcGFnZSByZWFkOiAnVHJ1c3Qgbm90IG5hbWVzLCBidXQgYmVsbHMgYW5kIGtub3RzLic=
E	66ek65OtIO2VmOuCmOqwgCDrr7jqtoEg7ZWcIOuniSwg64uk7ISvIOqwnOqwgCDslYjsoITtlZwg7ZWcIOq1rOyXreydhCDrnLvtlajsnYQg7ZW064+F7ZaI64ukLg==	VGhleSBkZWNvZGVkIHRoYXQgb25lIGtub3QgbWFya2VkIG9uZSBhY3Qgb2YgdGhlIExhYnlyaW50aCwgYW5kIGZpdmUgbWFya2VkIG9uZSBzYWZlIHNlY3Rvci4=
E	66qo65OgIOyhsOyekSDrqoXroLnsnbQg67Kg66W47JeQ6rKMIOuLv+ycvOupsCDqt7jqsIAg7ISx7LGE7JeQ7IScIOusuOydhCDsl7TroKQg7ZWo7J2EIOyVjOyVmOuLpC4=	RXZlcnkgZm9yZ2VkIG9yZGVyIGxlZCBiYWNrIHRvIEJlcm4sIHJldmVhbGluZyBoaXMgcGxhbiB0byBvcGVuIHRoZSBnYXRlIGZyb20gd2l0aGluIHRoZSBjaXRhZGVsLg==
E	66y8IOq4i+uKlCDshozrpqzsmYAg66y4IOyXrOuKlCDshozrpqzqsIAg64+M7JWE7Jik66mwIOq1reqyveydmCDsmKjsoITtlZwg7JWE7Lmo7J20IOyLnOyekeuQkOuLpC4=	VGhlIHNvdW5kcyBvZiBkcmF3aW5nIHdhdGVyIGFuZCBvcGVuaW5nIGRvb3JzIHJldHVybmVkLCBhbmQgYW4gdW5icm9rZW4gbW9ybmluZyBiZWdhbiBhdCB0aGUgYm9yZGVyLg==
E	67Kg66W47J20IOusuOydhCDrtpnrk6Tqs6Ag66qo65OgIOydtOumhOydhCDrgqjquLQg7LKrIOyyoOyImCDrqoXroLnsnLzroZwg7IKs656M65Ok7J2EIOyCtOuguOuLpC4=	SG9sZGluZyB0aGUgZ2F0ZSwgQmVybiBzYXZlZCB0aGUgcGVvcGxlIHdpdGggdGhlIGZpcnN0IHJldHJlYXQgb3JkZXIgdGhhdCBwcmVzZXJ2ZWQgZXZlcnkgbmFtZS4=
E	67Kg66W47J20IOyZleuPhOydmCDsp4Dsm5Ag6rGw7KCIIO2bhCDsnqDrk6Ag7YyM7IiY7J6Q66W8IOq5qOyasOugpCDtlojri6TripQg6rOg67Cx7J2EIOuTpOyXiOuLpC4=	SGVhcmQgQmVybiBjb25mZXNzIHRoYXQgYWZ0ZXIgdGhlIGNhcGl0YWwgcmVmdXNlZCBhaWQsIGhlIGhhZCB0cmllZCB0byBhd2FrZW4gdGhlIHNsZWVwaW5nIHNlbnRpbmVsLg==
E	67OR7IKs65Ok7J20IOuPhOunney5nCDqsoPsnbQg7JWE64uI6528IOyiheyGjOumrOyXkCDsnbTrgYzroKQg6rmK7J2AIO2ZgOuhnCDqsJTsnYzsnYQg7JWM7JWE64OI64ukLg==	UmVhbGl6ZWQgdGhlIHNvbGRpZXJzIGhhZCBub3QgZmxlZCBidXQgaGFkIGJlZW4gbGVkIGludG8gdGhlIGRlcHRocyBieSB0aGUgYmVsbCdzIHNvdW5kLg==
E	67SEIOuwqSDspJHslZnsnZgg7JSo7JWX7ZWo7JeQ64qUIO2RuOuluCDtnZkg7ZWcIOykjOqzvCDsnKDrpqwg7J6OIOyekOq1reunjCDrgqjslYQg7J6I7JeI64ukLg==	SW4gdGhlIGNlbnRlciBvZiB0aGUgc3ByaW5nIGNoYW1iZXIsIG9ubHkgYSBoYW5kZnVsIG9mIGJsdWUgc29pbCBhbmQgYSBnbGFzcyBsZWFmIG1hcmsgcmVtYWluZWQu
P	67mE7JeQIOygluyngCDslYrripQg7KKF7J20IOyDiOqwgCDrgqDslYTsmYAge3sxfX3snZgg67Cc7LmY7JeQ7IScIOyKpOyKpOuhnCDtjrzss5DsoYzri6Qu	QSBwYXBlciBiaXJkIHVudG91Y2hlZCBieSB0aGUgcmFpbiBmbGV3IGluIGFuZCB1bmZvbGRlZCBpdHNlbGYgYXQge3sxfX0ncyBmZWV0Lg==
E	7IS4IOyEoOydtCDrrLzquLjqs7wg7JWI7KCE7ZWcIOuwnO2MkOydhCDtkZzsi5ztlZzri6TripQg7IKs7Iuk7J2EIOyVjOyVhOuCtCDrtoHrsKnquLjsnYQg7Je07JeI64ukLg==	RGlzY292ZXJlZCB0aGF0IHRoZSB0aHJlZSBsaW5lcyBtYXJrZWQgd2F0ZXJ3YXlzIGFuZCBzYWZlIGZvb3RpbmcsIG9wZW5pbmcgdGhlIHJvYWQgbm9ydGgu
E	7IS4IOykhOydtCDsgqzrnozsnZgg67Cc7J6Q6rWt7J20IOyVhOuLiOudvCDrr7jqtoHsnbQg7Z2J64K0IOuCuCDrsJjrs7Ug7J6Q6rWt7J6E7J2EIOuwne2YgOuDiOuLpC4=	VGhleSByZXZlYWxlZCB0aGF0IHRoZSB0aHJlZSBtYXJrcyB3ZXJlIG5vdCBmb290cHJpbnRzIGJ1dCBlY2hvZXMgb2YgdGhlIGxhYnlyaW50aC4=
E	7Iug7Zi466W8IO2VtOuPhe2VtCDigJjsnoXqtazripQg64ur7ZiU7Jy864KYIOq4uOydgCDrgZ3rgpjsp4Ag7JWK7JWY64uk4oCZ64qUIOq1rOyhsOusuOydhCDsnb3sl4jri6Qu	RGVjb2RlZCB0aGUgc2lnbmFsIHRvIHJlYWQsICdUaGUgZW50cmFuY2UgaXMgY2xvc2VkLCBidXQgdGhlIHBhdGggaXMgbm90IHlldCBlbmRlZC4n
P	7JWE7KeBIOqxt+yngCDslYrsnYAg6ri4IOychOyXkCB7ezF9fSDrj5nro4zrk6TsnZgg67Cc7J6Q6rWt7J20IOuovOyggCDssI3tmIAg7J6I7JeI64ukLg==	QmVmb3JlIGFueW9uZSBoYWQgd2Fsa2VkIGl0LCB7ezF9fSBmZWxsb3cgYWR2ZW50dXJlcnMnIGZvb3RwcmludHMgd2VyZSBhbHJlYWR5IHRoZXJlLg==
E	7Ja87Ja067aZ7J2AIOqzhOqzoSDsnIQg64uk66as64qUIOuwn+ydgCDsgqzrnozsnZgg7Ja86rW07J2EIOu5hOy2lOupsCDtlZwg7KGw6rCB7JSpIOustOuEiOyhjOuLpC4=	VGhlIGZyb3plbiB2YWxsZXkgYnJpZGdlIGNydW1ibGVkIHBpZWNlIGJ5IHBpZWNlLCByZWZsZWN0aW5nIHRoZSBmYWNlIG9mIHRoZSBwZXJzb24gd2hvIHN0ZXBwZWQgb24gaXQu
E	7Jik66W067CY7J20IOyEuCDsooXsnZgg66eI7KeA66eJIOyXrOyatOydhCDsiqTsiqTroZwg64Gd64K0IOu5iCDqsqjsmrjsnZgg7KSR7Ius7J2EIOuTnOufrOuDiOuLpC4=	T3JiYW4gcmV2ZWFsZWQgdGhlIGNlbnRlciBvZiB0aGUgSG9sbG93IFdpbnRlciBieSBlbmRpbmcgdGhlIGxhc3QgZWNobyBvZiB0aGUgdGhyZWUgYmVsbHMu
E	7JmE67K97ZWY6rKMIOuztOyhtOuQnCDsnbzsg4HsnbQg7IKs656M7J2YIOuwsOqzoO2UlOqzvCDsnZjsp4DquYzsp4Ag7KeA7JuMIOuyhOuguOydjOydhCDtmZXsnbjtlojri6Qu	Q29uZmlybWVkIHRoYXQgdGhlIHBlcmZlY3RseSBwcmVzZXJ2ZWQgZGFpbHkgbGlmZSBoYWQgZXJhc2VkIGV2ZW4gaHVuZ2VyIGFuZCB3aWxsLg==
E	7JmE67K97ZWcIOyghOyggeydtCDslYTri4wg7J207ZuE7JeQIOuwlOq+vCDshKDtg53snYQg66eQ7ZW0IOq3uOumvOyekOydmCDquLDslrXsl5Ag6riI7J2EIOuDiOuLpC4=	U3Bva2Ugbm90IG9mIGEgcGVyZmVjdCByZWNvcmQgYnV0IG9mIHRoZSBjaG9pY2VzIGNoYW5nZWQgYWZ0ZXJ3YXJkLCBjcmFja2luZyB0aGUgc2hhZG93J3MgbWVtb3J5Lg==
E	7Jqw66y87J2YIOyerOqwgCDsnpDsl7Ag7ZiE7IOB7J20IOyVhOuLiOupsCDrp4jsnYQg7JWE656Y7JeQ7IScIOyYrOudvOyYpOqzoCDsnojsnYzsnYQg7ZmV7J247ZaI64ukLg==	Q29uZmlybWVkIHRoYXQgdGhlIGFzaCBpbiB0aGUgd2VsbCB3YXMgbm8gbmF0dXJhbCBwaGVub21lbm9uLCBidXQgd2FzIHJpc2luZyBmcm9tIGJlbmVhdGggdGhlIHZpbGxhZ2Uu
E	7Jyg66asIOuCmOuth+yejuydtCDruYTsspjrn7wg65ao7Ja07KC4IOyIsuydmCDrqqjrk6Ag6ri47J2EIOuCoOy5tOuhnOyatCDrsr3snLzroZwg6rCI652864aT7JWY64ukLg==	R2xhc3MgbGVhdmVzIGZlbGwgbGlrZSByYWluLCBkaXZpZGluZyBhbGwgdGhlIHBhdGhzIG9mIHRoZSBmb3Jlc3QgaW50byBzaGFycCB3YWxscy4=
E	7Jyg66asIOusvOugiOydmCDstpXsnYQg66mI7LawIOyIsuydmCDquLDslrXsnbQg642UIOydtOyDgSDrs5HsgqzroZwg6rCA6rO165CY7KeAIOyViuqyjCDtlojri6Qu	U3RvcHBlZCB0aGUgZ2xhc3Mgd2F0ZXJ3aGVlbCdzIGF4bGUgc28gdGhlIGZvcmVzdCdzIG1lbW9yaWVzIGNvdWxkIG5vIGxvbmdlciBiZSBmb3JnZWQgaW50byBzb2xkaWVycy4=
E	7Jyg66asIOyejuydmCDruZvsnYQg6riw66Gd7ZW0IO2VmOujqOyXkCDtlZwg67KIIOyXtOumrOuKlCDrtoHrsKkg6ri47J2YIOuwqe2WpeydhCDqs4TsgrDtlojri6Qu	VGhlIGxpZ2h0IG9mIHRoZSBnbGFzcyBsZWFmIHdhcyByZWNvcmRlZCB0byBjYWxjdWxhdGUgdGhlIGRpcmVjdGlvbiBvZiB0aGUgbm9ydGhlcm4gcGF0aCwgd2hpY2ggb3BlbnMgb25jZSBhIGRheS4=
E	7Jyg7KGx6rO8IOyInOywsOuMgOqwgCDtlajqu5gg66qF67aA66W8IOydveyWtCDsnbTrpoQg7JeG64qUIOustOuNpOydhCDrgqjquLDsp4Ag7JWK6riw66GcIO2WiOuLpC4=	VGhlIGJlcmVhdmVkIGZhbWlsaWVzIGFuZCB0aGUgcGF0cm9sIHJlYWQgdGhlIHJvc3RlciB0b2dldGhlciwgdm93aW5nIHRvIGxlYXZlIG5vIGdyYXZlIHdpdGhvdXQgYSBuYW1lLg==
E	7J6Y66awIOuptOyXkCDrgqjsnYAg7KCV7JuQ7IKs7J2YIOy5vOyekOq1reycvOuhnCDslYTshYDsnbQg67SE7J2EIOyngeygkSDsmK7qsrzsnYzsnYQg67Cd7ZiA64OI64ukLg==	VGhlIGdhcmRlbmVyJ3MgYmxhZGUgbWFya3MgYWxvbmcgdGhlIGN1dCByZXZlYWxlZCB0aGF0IEFzZWwgaGFkIG1vdmVkIHNwcmluZyBoaW1zZWxmLg==
E	7J6s642U66+4IOyVhOuemOyEnCDqtaztlZwg66Gc7Jus7J2AIOuIhOq1sOqwgCDsiJzssLDrjIDrpbwg6rS066y87JeQ6rKMIOuqsOyVhOuEo+yXiOuLpOqzoCDrp5Dtlojri6Qu	UmVzY3VlZCBmcm9tIGJlbmVhdGggdGhlIGFzaCBoZWFwLCBSb3dlbiBzYWlkIHNvbWVvbmUgaGFkIGRyaXZlbiB0aGUgcGF0cm9sIHN0cmFpZ2h0IGludG8gdGhlIG1vbnN0ZXJzLg==
E	7KCE66C57J2YIOu2gO2DgTog64+M7JWE7Jik7KeAIOyViuydgCDsiJzssLDrjIDrpbwg7LC+7JWEIOq1reqyvSDrp4jsnYTsnZgg7ZS864Kc66Gc66W8IOyXtOyWtOudvC4=	QSBNZXNzZW5nZXIncyBSZXF1ZXN0OiBGaW5kIHRoZSBtaXNzaW5nIHBhdHJvbCBhbmQgY2xlYXIgdGhlIGJvcmRlciB2aWxsYWdlJ3MgZXNjYXBlIHJvdXRlLg==
E	7KKF7IaM66as64qUIOyEseusuCDrsJbsl5DshJwg65Ok66Ck7JmU7KeA66eMLCDsmKTripjsnYAg7JWE66y064+EIOq3uCDrrLjsnYQg7KeA7YKk7KeAIOyViuyVmOuLpC4=	VGhlIGJlbGwncyBzb3VuZCBjYW1lIGZyb20gb3V0c2lkZSB0aGUgY2l0eSBnYXRlcywgYnV0IG5vIG9uZSB3YXMgZ3VhcmRpbmcgdGhlIGdhdGUgdG9kYXku
E	7LaU6rKp64yA6rCAIOuLpOumrOulvCDrgYrsnpAg64uI7JWE64qUIOuwgOyImOuhnOydmCDstpzqtazrpbwg7Je07Ja0IO2WieugrCDslZ7snYQg6rCA66Gc7KeI66CA64ukLg==	V2hlbiB0aGUgcHVyc3VlcnMgY3V0IHRoZSBicmlkZ2UsIE5pYSBvcGVuZWQgYW4gZXhpdCBmcm9tIHRoZSBzbXVnZ2xpbmcgdHVubmVsIGFuZCBpbnRlcmNlcHRlZCB0aGUgcHJvY2Vzc2lvbi4=
E	7Yis66qF7ZWcIOu/jOumrOqwgCDqs4TsoIgg7J6l7LmY7JeQIO2MjOqzoOuTpOyWtCDrqqjrk6Ag7Yax64uI66W8IOqyqOyauCDsqr3snLzroZwg7J6h7JWE64u56rK864ukLg==	VHJhbnNwYXJlbnQgcm9vdHMgZHVnIGludG8gdGhlIHNlYXNvbmFsIG1lY2hhbmlzbSBhbmQgcHVsbGVkIGFsbCB0aGUgZ2VhcnMgdG93YXJkIHdpbnRlci4=
E	7ZuE7J2864u0OiDqta3qsr3qs7wg67aB67CpIOyIsiDsgqzsnbTsl5Ag7Je066awIOq4uOydhCDsp4DtgqTripQg67CY67O1IOybkOygleydtCDsnbTslrTsp4Tri6Qu	RXBpbG9ndWU6IEV4cGVkaXRpb25zIGNvbnRpbnVlIHRvIGd1YXJkIHRoZSByb2FkIG9wZW5lZCBiZXR3ZWVuIHRoZSBib3JkZXIgYW5kIHRoZSBub3J0aGVybiBmb3Jlc3Qu
P	e3sxfX0g65ag64K066Ck6rCA7KeAIOyViuuKlCDsnpTtlbTrpbwg66qo7JWEIOyImOusuCDtlZzqsIDsmrTrjbAg65Gl7KeA66W8IOunjOuTpOyXiOuLpC4=	e3sxfX0gZ2F0aGVyZWQgZGVicmlzIHRoYXQgd291bGQgbm90IGRyaWZ0IGF3YXkgYW5kIGJ1aWx0IGEgbmVzdCBpbiB0aGUgbWlkZGxlIG9mIHRoZSBzbHVpY2Uu
P	e3sxfX0g7Y647KeA66W8IOuQmOywvuycvOugpOuKlCDsnpDrk6TsnYQg65Sw64+M66as6rOgIOuniOyngOuniSDrtInsnbjquYzsp4Ag7KeA7Lyc64OI64ukLg==	e3sxfX0gZXZhZGVkIHRob3NlIHRyeWluZyB0byBzZWl6ZSB0aGUgbGV0dGVyIGFuZCBrZXB0IGV2ZW4gdGhlIGZpbmFsIHNlYWwgaW50YWN0Lg==
E	6rCA7J6lIOuCruydgCDrp4jsnYTrtoDthLAg7LCo66GA66GcIOyImOusuOydhCDsl7TslrQg7IS4IOqzs+yXkCDqsJnsnYAg7JWE7Lmo66y87J2EIOuztOuDiOuLpC4=	U3RhcnRpbmcgZnJvbSB0aGUgbG93ZXN0IHZpbGxhZ2UsIHRoZSBzbHVpY2UgZ2F0ZXMgd2VyZSBvcGVuZWQgb25lIGFmdGVyIGFub3RoZXIsIHNlbmRpbmcgdGhlIHNhbWUgbW9ybmluZyB3YXRlciB0byB0aHJlZSBwbGFjZXMu
E	6rCV7J20IOyekOyXsOydmCDtnZDrpoTsnbQg7JWE64uI6528IO2DkeydmCDsnKDrpqwg7Y6M7ZSE7JeQIOuBjOugpOqwgOqzoCDsnojsnYzsnYQg7ZmV7J247ZaI64ukLg==	Q29uZmlybWVkIHRoYXQgdGhlIHJpdmVyIHdhcyBiZWluZyBkcmF3biBhZ2FpbnN0IGl0cyBuYXR1cmFsIGNvdXJzZSBieSB0aGUgdG93ZXIncyBnbGFzcyBwdW1wcy4=
E	6rWt6rK9IOuniOydhOydmCDqtazsobAg7JqU7LKt7J2EIOuwm+yVhCDri6gg7ZWcIOyCrOuejOuPhCDrgqjquLDsp4Ag7JWK6rKg64uk6rOgIOunueyEuO2WiOuLpC4=	VXBvbiByZWNlaXZpbmcgYSByZXNjdWUgcmVxdWVzdCBmcm9tIHRoZSBib3JkZXIgdmlsbGFnZSwgaGUgdm93ZWQgbm90IHRvIGxlYXZlIGEgc2luZ2xlIHBlcnNvbiBiZWhpbmQu
E	6riw66Gd7IukIOuyveyXkOyEnCDshJzquLDqtIDsnYQg6rWs7ZWY6rOgIOuyoOuluOydtCDrqoXroLnsnYQg64K066C464uk64qUIOymneyWuOydhCDtmZXrs7Ttlojri6Qu	UmVzY3VlZCB0aGUgc2NyaWJlIGhpZGRlbiBpbnNpZGUgdGhlIHJlY29yZHMtcm9vbSB3YWxsIGFuZCBzZWN1cmVkIGhpcyB0ZXN0aW1vbnkgdGhhdCBCZXJuIGhhZCBnaXZlbiB0aGUgb3JkZXIu
E	6ri466i564qUIOyCrOyKtOydhCDsk7Drn6zrnKjrpqzqs6Ag6re4IOu/lOyXkCDqsIftnowg65287JuAIOuniOydhOydmCDqt4DtmZjroZzrpbwg65CY7LC+7JWY64ukLg==	RGVmZWF0ZWQgdGhlIFBhdGgtRWF0aW5nIERlZXIgYW5kIHJlY2xhaW1lZCBSYXVtJ3Mgcm9hZCBob21lIGZyb20gd2l0aGluIGl0cyBhbnRsZXJzLg==
E	64Ko7J2AIOykgOu5hDog7JWI7Jy866GcIO2Wpe2VnCDrsJzsnpDqta3rs7Tri6Qg67CW7Jy866GcIOuPjOyVhOyYpOuKlCDrsJzsnpDqta3snbQg642UIOunjuuLpC4=	UmVtYWluaW5nIHNpZ25zOiBNb3JlIGZvb3RzdGVwcyBsZWFkaW5nIG91dHdhcmQgdGhhbiB0aG9zZSBsZWFkaW5nIGlud2FyZCB0b3dhcmQgdGhlIGNlbnRlci4=
E	64Ko7J2AIOynleyhsDog6rO164+Z66yY7KeAIOuqheu2gOyXkCDsl4bripQg7Je07IS4IOuyiOynuCDrrJjtkZzqsIAg67Ck66eI64ukIOygluyWtCDsnojri6Qu	UmVtYWluaW5nIHNpZ25zOiBUaGUgdGhpcnRlZW50aCB0b21iIG9uIHRoZSBncmF2ZXlhcmQgcmVnaXN0ZXIgd2FzIGZvdW5kIHRvIGJlIHdldCBldmVyeSBuaWdodC4=
E	64Ko7J2AIOynleyhsDog7Je07Ieg7JmAIOunnuusvOumrOuKlCDsp4DtlZjrrLjsnYAg7IaQ7J6h7J2064+EIOydtOydjOyDiOuPhCDrs7TsnbTsp4Ag7JWK64qU64ukLg==	UmVtYWluaW5nIG9tZW46IFRoZSB1bmRlcmdyb3VuZCBkb29yIHRoYXQgZml0cyB0aGUga2V5IGhhcyBuZWl0aGVyIGEgaGFuZGxlIG5vciBhIHZpc2libGUgc2VhbS4=
P	64K0IOyInOychCB7ezF9feychCwge3syfX0sIO2YuOy5rSB7ezN9fSwg7KCE7Yis66ClIHt7NH19	TXkgcmFuazoge3sxfX0sIHt7Mn19LCB0aXRsZToge3szfX0sIHBvd2VyOiB7ezR9fQ==
E	65CY7IK07JWE64KcIOyduOyepSDslZ7sl5DshJwg7Iqk7Iqk66GcIOyEoO2Dne2VnCDsiJjtmLjrpbwg66e57IS47ZWY6rOgIOyyqyDsnZjrorDrpbwg67Cb7JWY64ukLg==	QmVmb3JlIHRoZSBhd2FrZW5lZCBzaWdpbCwgdm93ZWQgdG8gdXBob2xkIHRoZSBwcm90ZWN0aW9uIGZyZWVseSBjaG9zZW4gYW5kIGFjY2VwdGVkIHRoZSBmaXJzdCBjb21taXNzaW9uLg==
E	65CY7IK07JWE64KcIOyduOyepeydmCDsp4Dsi5w6IOq1reqyveydmCDrjZQg7YGwIOq3oOyXtOqzvCDsi6TsooXrkJwg7Iic7LCw64yA66W8IOyhsOyCrO2VmOudvC4=	VGhlIGF3YWtlbmVkIHNpZ2lsJ3MgY29tbWFuZDogSW52ZXN0aWdhdGUgdGhlIGdyZWF0ZXIgYnJlYWNoIGF0IHRoZSBib3JkZXIgYW5kIHRoZSBtaXNzaW5nIHBhdHJvbC4=
E	65GQIOuwqeyLneydhCDtlajqu5gg66y27Ja0IOuvuOq2gSDsp4Trj5nsl5Drj4Qg66y064SI7KeA7KeAIOyViuuKlCDqs7Xrj5kg7LKc66eJ7J2EIOyEuOyboOuLpC4=	VGhleSBib3VuZCB0aGUgdHdvIG1ldGhvZHMgdG9nZXRoZXIgdG8gY3JlYXRlIGEgc2hhcmVkIHRlbnQgdGhhdCB3b3VsZCBub3QgY29sbGFwc2UgZXZlbiB1bmRlciB0aGUgTGFieXJpbnRoJ3MgdHJlbW9ycy4=
P	66Gc7Juswrfri4jslYTCt3t7MX19IOyEseuyvcK37KeA7ZWY66GcwrfshLHssYQg7KKF7YOR7JeQ7IScIOuPmeyLnCDsmrjrprzsnYQg7KSA67mE7ZaI64ukLg==	Um93ZW4sIE5pYSwgYW5kIHt7MX19IHByZXBhcmVkIGZvciBzaW11bHRhbmVvdXMgcmluZ2luZyBhdCB0aGUgZm9ydHJlc3MsIHR1bm5lbCwgYW5kIGNpdGFkZWwgdG93ZXJzLg==
E	66as67iM7J2YIOuquOydgCDsnKDrpqzrsr0g7JWI7JeQLCDrqqnshozrpqzripQg65287JuA7J2YIOuqqOuToCDssL3rrLjsl5Ag7Z2p7Ja07KC4IOyeiOyXiOuLpC4=	TGl2J3MgYm9keSB3YXMgc2VhbGVkIHdpdGhpbiBhIGdsYXNzIHdhbGwsIHdoaWxlIGhlciB2b2ljZSB3YXMgc2NhdHRlcmVkIGFjcm9zcyBldmVyeSB3aW5kb3cgaW4gUmF1bS4=
E	66qo64ul67aI7J2AIOuUsOucu+2WiOyngOunjCDsnYzsi53qs7wg67Cc7J6Q6rWt7J2AIOyImOuFhCDsoIQg66qo7Iq1IOq3uOuMgOuhnCDqtbPslrQg7J6I7JeI64ukLg==	VGhlIGZpcmUgd2FzIHdhcm0sIGJ1dCB0aGUgZm9vZCBhbmQgZm9vdHByaW50cyBoYWQgcmVtYWluZWQgZnJvemVuIGluIHRoZWlyIHN0YXRlIGZyb20geWVhcnMgYWdvLg==
E	66y47YSx7J2YIOychO2YkeydhCDsk7Drn6zrnKjrpqzqs6Ag7KeA7IOBIOqxsOygkOyXkOyEnCDssqsg6rWs7Jet6rmM7KeAIOyViOyghOyEoOydhCDsl7DqsrDtlojri6Qu	VGhleSBzaGF0dGVyZWQgdGhlIHRocmVhdCBhdCB0aGUgdGhyZXNob2xkIGFuZCBjb25uZWN0ZWQgYSBzYWZlIGxpbmUgZnJvbSB0aGUgc3VyZmFjZSBiYXNlIHRvIHRoZSBmaXJzdCBzZWN0b3Iu
E	67CA7IiY66Gc66GcIOyVjOugpOynhCDquLjsnbQg7IS4IOyihe2DkeqzvCDshLHssYTrpbwg7J6H64qUIOq1sOyaqSDsp4DtlZjroZzsnoTsnYQg67Cd7ZiA64OI64ukLg==	UmV2ZWFsZWQgdGhhdCB0aGUgc28tY2FsbGVkIHNtdWdnbGluZyByb3V0ZSB3YXMgYSBtaWxpdGFyeSB0dW5uZWwgbGlua2luZyB0aGUgdGhyZWUgYmVsbCB0b3dlcnMgYW5kIHRoZSBjaXRhZGVsLg==
E	67CU6rmlIOu0ieyduOydhCDtkoDqs6Ag7JWI7JeQ7ISc66eMIOuLq+ydhCDsiJgg7J6I64qUIOq3gO2ZmCDsnqXsuZjqsIAg7J6I7J2M7J2EIO2ZleyduO2WiOuLpC4=	VGhleSBjb25maXJtZWQgdGhlIGV4aXN0ZW5jZSBvZiBhIHJldHVybiBkZXZpY2UgdGhhdCBjb3VsZCBvbmx5IGJlIHVubG9ja2VkIGZyb20gdGhlIGluc2lkZSBhZnRlciBicmVha2luZyB0aGUgb3V0ZXIgc2VhbC4=
E	67Cn7KSE7J2EIOuCtOumtCDrlYzrp4jri6Qg66y8IOuwkeyXkOyEnCDtlZwg67KI64+EIOyauOumsCDsoIEg7JeG64qUIOyiheyGjOumrOqwgCDri7Xtlojri6Qu	RWFjaCB0aW1lIHRoZXkgbG93ZXJlZCB0aGUgcm9wZSwgdGhlIHNvdW5kIG9mIGEgYmVsbCB0aGF0IGhhZCBuZXZlciBydW5nIGJlZm9yZSBlY2hvZWQgZnJvbSBiZW5lYXRoIHRoZSB3YXRlci4=
E	7IOI66GcIOuTnOufrOuCnCDquLg6IOu2geyqvSDsmKTshpTquLjsnYQg65Sw6528IOyLpOyiheuQnCDsiJzssLDrjIDsnZgg7ZaJ67Cp7J2EIO2ZleyduO2VmOudvC4=	TmV3IHBhdGggcmV2ZWFsZWQ6IEZvbGxvdyB0aGUgbm9ydGhlcm4gcGF0aCB0byBjb25maXJtIHRoZSB3aGVyZWFib3V0cyBvZiB0aGUgbWlzc2luZyBwYXRyb2wu
E	7ISc66GcIOuLpOuluCDsg4Hsspjrpbwg6rCA7KeEIOyiheyGjOumrOulvCDqsrnss5Ag7Jyg66asIOq1sOuMgOydmCDrtoDtmZwg7KO86riw66W8IOuBiuyXiOuLpC4=	TGF5ZXJlZCB0aGUgdG9uZXMgb2YgYmVsbHMgYmVhcmluZyBkaWZmZXJlbnQgY3JhY2tzIGFuZCBicm9rZSB0aGUgR2xhc3MgQXJteSdzIGN5Y2xlIG9mIHJlc3VycmVjdGlvbi4=
E	7IS4IOyiheydtCDsnqzsnZgg66y47J2EIOyXrOuKlCDrrLTquLDqsIAg7JWE64uI6528IOusuOydhCDsnqDqt7jripQg7Je07Ieg7J6E7J2EIOyVjOyVhOuDiOuLpC4=	VGhleSByZWFsaXplZCB0aGUgdGhyZWUgYmVsbHMgd2VyZSBub3Qgd2VhcG9ucyB0byBvcGVuIHRoZSBBc2hlbiBHYXRlLCBidXQga2V5cyB0byBsb2NrIGl0Lg==
E	7JiI67Cw64u57J2EIOuCmOyYqCDrsKQsIOyngOuPhOuKlCDsgqzrnbzsoYzqs6Ag7LC96rCA7JeQ64qUIOydgOu5myDri6jstpQg7ZWY64KY66eMIOuCqOyVmOuLpC4=	VGhhdCBuaWdodCBhZnRlciBsZWF2aW5nIHRoZSBjaGFwZWwsIHRoZSBtYXAgd2FzIGdvbmUgYW5kIG9ubHkgb25lIHNpbHZlciBidXR0b24gcmVtYWluZWQgYXQgdGhlIHdpbmRvdy4=
E	7Jyg66asIOyejuydhCDssL3sl5Ag64yA7Ja0IOqwgOyepSDqsIDquYzsmrQg7KO866+87J2YIOuqqeyGjOumrOulvCDsnqDsi5wg65CY64+M66CkIOuGk+yVmOuLpC4=	UHJlc3NlZCB0aGUgZ2xhc3MgbGVhZiB0byB0aGUgd2luZG93IGFuZCBicmllZmx5IHJlc3RvcmVkIHRoZSBuZWFyZXN0IHZpbGxhZ2VyJ3Mgdm9pY2Uu
E	7Jyg66asIOyejuydmCDqt7jrprzsnpDrpbwg7J207Jqp7ZW0IOu5m+ydtCDsobDsnpHtlZjsp4Ag66q77ZWY64qUIOyLpOygnCDsuLXsiJjrpbwg7LC+7JWE64OI64ukLg==	VXNlZCB0aGUgZ2xhc3MgbGVhZidzIHNoYWRvdyB0byBkZXRlcm1pbmUgdGhlIHRvd2VyJ3MgdHJ1ZSBmbG9vciBjb3VudCwgYmV5b25kIHRoZSBsaWdodCdzIGlsbHVzaW9ucy4=
E	7J6l7LmY6rCAIOybgOyngeydtOyekCDsiJjrsLEg6rCI656YIOqyqOyauOu/jOumrOqwgCDtlZjrgpjsnZgg6rGw64yA7ZWcIO2MjOyImOyekOuhnCDsnbzslrTshLDri6Qu	QXMgdGhlIGRldmljZSBtb3ZlZCwgaHVuZHJlZHMgb2Ygd2ludGVyIHJvb3RzIHJvc2UgdG8gZm9ybSBhIHNpbmdsZSBtYXNzaXZlIGd1YXJkaWFuLg==
E	7KCV7JuQ7J2YIO2VmOujqOqwgCDsl7TrkZAg67KI7J2YIOuMgO2ZlCDrkqQg7LKY7J2M7Jy866GcIOuQmOqwkOq4tOuLpOuKlCDso7zquLDrpbwg7JWM7JWE64OI64ukLg==	RGlzY292ZXJlZCB0aGF0IHRoZSBnYXJkZW4ncyBkYXkgcmVzZXRzIGFmdGVyIGV2ZXJ5IHR3ZWx2ZSBjb252ZXJzYXRpb25zLg==
E	7KO866+865Ok7J20IOuQmOywvuydgCDrqqnshozrpqzrpbwg7ZWc642wIOuqqOyVhCDrpqzruIzsnZgg6rCQ7Jil7JeQIOyyqyDqt6Dsl7TsnYQg66eM65Ok7JeI64ukLg==	VGhlIHZvaWNlcyB0aGUgcmVzaWRlbnRzIGhhZCByZWdhaW5lZCB3ZXJlIHVuaXRlZCB0byBjcmVhdGUgdGhlIGZpcnN0IGNyYWNrIGluIExpdidzIHByaXNvbi4=
E	7LKrIOuFueydjOydhCDrtojrn6zsmKTripQg7JSo7JWX7J20IO2dsCDsoJXsm5DsnLzroZwg7Jiu6rKo7KGM64uk64qUIOyatOuwmCDquLDroZ3snYQg7LC+7JWY64ukLg==	Rm91bmQgYSBzaGlwcGluZyByZWNvcmQgc2hvd2luZyB0aGF0IHRoZSBzZWVkIHdoaWNoIHN1bW1vbnMgdGhlIGZpcnN0IGdyZWVuIGdyb3d0aCBoYWQgYmVlbiB0YWtlbiB0byB0aGUgV2hpdGUgR2FyZGVuLg==
E	7Z2p7Ja07KeEIOyEuCDsg4jrsr3sooXsnYQg66qo7Jy86rOgIOyYpOultOuwmOydtCDsg4Hsspgg64KcIOyEuCDsooXsnZgg7J2M7J2EIOunnuy2sCDrg4jri6Qu	R2F0aGVyaW5nIHRoZSB0aHJlZSBkYXduIGJlbGxzLCBPcmJhbiB0dW5lZCB0aGUgd291bmRlZCB0b25lcyBvZiB0aGUgdGhyZWUgYmVsbHMu
P	e3sxfX0g6rWt6rK9IOuwluydtCDslYTri4jrnbwg7ISx67K9IOyViOyqveyXkOyEnCDsi5zsnpHrkJwg67Cc7J6Q6rWt7J2EIOywvuyVhOuDiOuLpC4=	e3sxfX0gZm91bmQgZm9vdHByaW50cyB0aGF0IGJlZ2FuIGluc2lkZSB0aGUgd2FsbHMsIG5vdCBiZXlvbmQgdGhlIGJvcmRlci4=
P	e3sxfX0g66qo7J2AIOq4iOyGjSDsobDqsIEg7IKs7J207JeQ7IScIOuCr+yEoCDquYrsnbQg7ZGc7Iud7J2YIOq1sO2MqOqwgCDrgpjsmZTri6Qu	QW1vbmcgdGhlIG1ldGFsIHNjcmFwcyB7ezF9fSBoYWQgZ2F0aGVyZWQgbGF5IGEgbWlsaXRhcnkgdGFnIGJlYXJpbmcgYW4gdW5mYW1pbGlhciBkZXB0aCBtYXJrLg==
E	6rCA66Oo7J2YIOyEoOydhCDsmK7qsqgg6re466CkIOyngOyDgSDsp4Drj4Qg7JWE656Y7JeQIOyIqOydgCDssqsg7ZWY6rCV66Gc66W8IOq4sOuhne2WiOuLpC4=	SGUgdHJhY2VkIHRoZSBkdXN0IGxpbmUgdG8gcmVjb3JkIHRoZSBmaXJzdCBkZXNjZW50IHBhdGggaGlkZGVuIGJlbmVhdGggdGhlIG1hcC4=
E	6rO164+ZIOuqheu2gOyXkOuKlCDsl7TrkZAg7J2066aEIOuLpOydjOyXkCDsubzroZwg6riB7Ja0IOuCuCDtlZwg7KSE7J20IOuCqOyVhCDsnojsl4jri6Qu	VGhlIHNoYXJlZCByb3N0ZXIgaGFkIG9uZSBsaW5lIGNhcnZlZCB3aXRoIGEga25pZmUsIGFmdGVyIHR3ZWx2ZSBuYW1lcy4=
E	6reA7ZmY7KKF7J2EIOqxsOq+uOuhnCDqsbjslrQg7Jq466a87J2EIOuQmOuPjOumrOqzoCDtmZTroZzrpbwg64uk7J2MIOybkOygleq5jOyngCDrtInsnbjtlojri6Qu	SHVuZyB0aGUgUmV0dXJuIEJlbGwgdXBzaWRlIGRvd24gdG8gcmV2ZXJzZSBpdHMgcmVzb25hbmNlIGFuZCBzZWFsZWQgdGhlIGZ1cm5hY2UgdW50aWwgdGhlIG5leHQgZXhwZWRpdGlvbi4=
E	64Gd66y4IOuEiOuouOyXkOuKlCDsspjsnYwg67O4IOqyg+qzvCDri67slZjsp4Drp4wg642UIOq1teydgCDrv4zrpqzqsIAg7J6Q65286rOgIOyeiOyXiOuLpC4=	QmV5b25kIHRoZSBmaW5hbCBnYXRlIGdyZXcgcm9vdHMgbGlrZSB0aG9zZSBmaXJzdCBlbmNvdW50ZXJlZCwgYnV0IGZhciB0aGlja2VyLg==
E	64Ko7J2AIOykgOu5hDog7J6s7JmAIOycoOumrOqwgCDrkqTsl4ntgqgg64KY7ISgIO2GteuhnOydmCDspJHsi6zsnYQg7JWI7KCV7Iuc7Lyc7JW8IO2VnOuLpC4=	UmVtYWluaW5nIHByZXBhcmF0aW9uczogc3RhYmlsaXplIHRoZSBjZW50ZXIgb2YgdGhlIHNwaXJhbCBwYXNzYWdlIHdoZXJlIGFzaCBhbmQgZ2xhc3MgYXJlIGVudHdpbmVkLg==
P	64K0IOyInOychCB7ezF9fSwge3syfX0sIO2YuOy5rSB7ezN9fSwg7KCE7Yis66ClIHt7NH19	TXkgcmFuazoge3sxfX0sIHt7Mn19LCB0aXRsZToge3szfX0sIHBvd2VyOiB7ezR9fQ==
E	65287JuA7J2YIOyyqyDrtojruZvsnYAg6rO164+ZIOyInOywsOuMgOqwgCDstpzrsJztlaAg7Iuc6rCB7J2EIOyVjOumrOuKlCDsoJXquLAg7Iug7Zi47JiA64ukLg==	UmF1bSdzIGZpcnN0IGxpZ2h0IHdhcyB0aGUgcmVndWxhciBzaWduYWwgbWFya2luZyB0aGUgam9pbnQgcGF0cm9sJ3MgZGVwYXJ0dXJlIHRpbWUu
E	66Gc7Jus7J20IOu2geuwqSDrqoXrtoDsmYAg7LC966y47J2YIOyWvOq1tOydhCDrp57strAg7KO866+865Ok7JeQ6rKMIOydtOumhOydhCDrj4zroKTso7zsl4jri6Qu	Um93ZW4gYWxpZ25lZCB0aGUgbm9ydGhlcm4gbGVkZ2VyIGFuZCB3aW5kb3cgZmFjZXMgdG8gZ2l2ZSBuYW1lcyBiYWNrIHRvIHRoZSByZXNpZGVudHMu
E	66Gc7Jus7J20IOybkOuemCDsnbTrpoTqs7wg7IK27J2EIOydveyWtCDso7zsnpAg6riw7Ja1IOuzkeyCrOuTpOydtCDrrLTquLDrpbwg64K066Ck64aT7JWY64ukLg==	V2hlbiBSb3dlbiByZWFkIHRoZSBvcmlnaW5hbCBuYW1lcyBhbmQgbGl2ZXMsIHRoZSBtZW1vcnkgc29sZGllcnMgbG93ZXJlZCB0aGVpciB3ZWFwb25zLg==
E	66eI7J2EIOykkeyVmSDsmrDrrLzsl5DripQg66y8IOuMgOyLoCDrqqjrk6Ag7LC966y47J2YIOuqqOyKteydtCDqsrnss5Ag67mE7LmY6rOgIOyeiOyXiOuLpC4=	SW4gdGhlIHZpbGxhZ2UgY2VudGVyIHdlbGwsIGluc3RlYWQgb2Ygd2F0ZXIsIGFsbCB0aGUgd2luZG93IGltYWdlcyBvdmVybGFwcGVkIGFuZCByZWZsZWN0ZWQu
E	66eI7J2E66GcIOuLrOugpOuTnOuKlCDqt7jrprzsnpDsmYAg6re4IOy2lOyiheyekOuTpOydhCDtlZwg6rG47J2M64+EIO2GteqzvOyLnO2CpOyngCDslYrripTri6Qu	TGV0IG5laXRoZXIgdGhlIHNoYWRvdyBjaGFyZ2luZyB0aGUgdmlsbGFnZSBub3IgYSBzaW5nbGUgb25lIG9mIGl0cyBmb2xsb3dlcnMgcGFzcy4=
E	66yY7ZGcIOuwkSDsnpHsnYAg7IOB7J6Q7JeQ64qUIOusuOuztOuLpCDsmKTrnpjrkJwg6rKA7J2AIOycoOumrCDsl7Tsh6DqsIAg65Ok7Ja0IOyeiOyXiOuLpC4=	SW5zaWRlIGEgc21hbGwgYm94IGJlbmVhdGggdGhlIHRvbWJzdG9uZSwgdGhlcmUgd2FzIGEgYmxhY2sgZ2xhc3Mga2V5IG9sZGVyIHRoYW4gdGhlIGRvb3Iu
E	67aB66y47J2EIOqwgOuhnOunieuNmCDsp5DsirnsnYQg66qw7JWE64K06rOgIOyEseusuCDrsJbsnLzroZwg7J207Ja07KeEIOuwnOyekOq1reydhCDssL7slZjri6Qu	RHJvdmUgb2ZmIHRoZSBiZWFzdHMgYmxvY2tpbmcgdGhlIG5vcnRoIGdhdGUgYW5kIGZvdW5kIHRyYWNrcyBsZWFkaW5nIGJleW9uZCB0aGUgd2FsbHMu
E	67aI7JWI7KCV7ZWcIO2MjO2OuOydhCDrtInsnbjtlZjqs6Ag7YyM66y47J20IOu2geyqveyXkOyEnCDsl63rpZjtlZzri6TripQg7IKs7Iuk7J2EIOyVjOyVhOuDiOuLpC4=	U2VhbGVkIHRoZSB1bnN0YWJsZSBzaGFyZHMgYW5kIGRpc2NvdmVyZWQgdGhhdCB0aGUgbWFnaWNhbCByaXBwbGUgd2FzIGZsb3dpbmcgYmFja3dhcmQgZnJvbSB0aGUgbm9ydGgu
E	7ISx7LGE7JeQ7IScIO2VnCDrsogg7Jq466awIOyiheydtCDtlZjripjsnZgg64Ko7J2AIOu5m+ydhCDqu5Dri6TripQg6rKw6rO866W8IOuqqeqyqe2WiOuLpC4=	V2l0bmVzc2VkIGEgc2luZ2xlIHRvbGwgZnJvbSB0aGUgY2l0YWRlbCBleHRpbmd1aXNoIHRoZSBsYXN0IGxpZ2h0IGluIHRoZSBza3ku
E	7IiY66CIIOyViOydmCDsooXrk6TsnbQg7J6s7JmAIOyHoOyCrOyKrOuhnCDrtInsnbjrkJwg7LGEIOyatOuwmOuQmOqzoCDsnojsnYzsnYQg67Cd7ZiA64OI64ukLg==	UmV2ZWFsZWQgdGhhdCB0aGUgYmVsbHMgaW5zaWRlIHRoZSBjYXJ0cyB3ZXJlIGJlaW5nIHRyYW5zcG9ydGVkIHNlYWxlZCBpbiBhc2ggYW5kIGJvdW5kIHdpdGggaXJvbiBjaGFpbnMu
E	7JW87JiB7KeA7J2YIOq4sOuhneyXkOyEnCDsiLLsnZgg7Iuc6rCE7J20IOuwseyVvOqwgCDsi5zsnpHrkJwg64Kg7JeQIOupiOy3hOydjOydhCDtmZXsnbjtlojri6Qu	VGhlIGNhbXAgcmVjb3JkcyBjb25maXJtZWQgdGhhdCB0aW1lIGluIHRoZSBmb3Jlc3QgaGFkIHN0b3BwZWQgb24gdGhlIGRheSB0aGUgV2hpdGUgTmlnaHQgYmVnYW4u
E	7Jik64qYIOyDneq4tCDtnZTsoIHsnYQg65Sw6528IOychO2YkeydmCDrsJzsg53sp4DsmYAg7IKs65287KeEIOyCrOuejOydmCDtlonshKDsnYQg7LC+7JWY64ukLg==	Rm9sbG93ZWQgdGhlIGZyZXNoIHRyYWNlcyB0byB0aGUgc291cmNlIG9mIHRoZSB0aHJlYXQgYW5kIHRoZSBtaXNzaW5nIHBlcnNvbidzIGRlc3RpbmF0aW9uLg==
E	7Jq466a8IOqwhOqyqeydhCDqt4DtmZgg6rec7LmZ7Jy866GcIOygle2VtCDtm4Tsho0g7JuQ7KCV64yA6rCAIOq4uOydhCDsnoPsp4Ag7JWK6rKMIO2WiOuLpC4=	SSBzZXQgdGhlIHJpbmdpbmcgaW50ZXJ2YWxzIGFjY29yZGluZyB0byB0aGUgcmV0dXJuIHJ1bGUgdG8gcHJldmVudCB0aGUgbmV4dCBleHBlZGl0aW9uIGZyb20gZ2V0dGluZyBsb3N0Lg==
E	7J247J6l7J2EIOuNlOufve2ejCDrrLTrpqzrpbwg66qw7JWE64K06rOgIOuztO2YuOunieydtCDrtoHsqr3rtoDthLAg7JW97ZW07KGM7J2M7J2EIO2ZleyduO2WiOuLpC4=	RHJvdmUgb2ZmIHRoZSBjcmVhdHVyZXMgZGVmaWxpbmcgdGhlIHNpZ2lsIGFuZCBjb25maXJtZWQgdGhhdCB0aGUgYmFycmllciBoYWQgYmVndW4gd2Vha2VuaW5nIGluIHRoZSBub3J0aC4=
E	7J6l67aA7J2YIOuCoOynnOyZgCDrrLzsnpAg7IiY65+J7J2AIOuCqOyVmOyngOunjCDsgqzrnowg7J2066aE66eMIOq5qOuBl+ydtCDruYTslrQg7J6I7JeI64ukLg==	VGhlIGxlZGdlcidzIGRhdGUgYW5kIHN1cHBsaWVzIHJlbWFpbmVkLCBidXQgdGhlIG5hbWVzIG9mIHRoZSBwZW9wbGUgd2VyZSBjb21wbGV0ZWx5IGJsYW5rLg==
E	7KO97J2AIOyInOywsOuMgOybkOyXkOqyjCDri6TsnYwg64KgIOy2nOygleydhCDrqoXroLntlZwg6rO166y47J20IOyhsOyekeuQkOydjOydhCDrsJ3tmIDrg4jri6Qu	UmV2ZWFsZWQgdGhhdCB0aGUgZGlzcGF0Y2ggb3JkZXJpbmcgYSBkZWFkIHBhdHJvbG1hbiB0byBtYXJjaCBvdXQgdGhlIGZvbGxvd2luZyBkYXkgaGFkIGJlZW4gZm9yZ2VkLg==
E	7KeA7IOBIO2dmeycvOuhnCDslYjsoIQg7JuQ7J2EIOunjOuTpOqzoCDqt7gg7JWI7JeQ7IScIOusuOydhCDsl7TslrQg7KCV7JuQ7J2EIO2GteqzvO2WiOuLpC4=	Rm9ybWVkIGEgc2FmZXR5IGNpcmNsZSB3aXRoIHNvaWwgZnJvbSB0aGUgc3VyZmFjZSwgb3BlbmVkIHRoZSBnYXRlIGZyb20gd2l0aGluIGl0LCBhbmQgY3Jvc3NlZCB0aGUgZ2FyZGVuLg==
E	7LC964Kg7J2YIOq1reqyveq1sCDsubzsnpDqta3snbQg7Iic7LCw64yA7J2YIOunpOuzteyXkCDrgrTrtoDsnpDqsIAg6rCA64u07ZaI7J2M7J2EIOymneuqhe2WiOuLpC4=	QmxhZGUgbWFya3MgZnJvbSB0aGUgYm9yZGVyIGdhcnJpc29uIG9uIHRoZSBzcGVhcmhlYWQgcHJvdmVkIHRoYXQgYW4gaW5zaWRlciBoYWQgdGFrZW4gcGFydCBpbiB0aGUgYW1idXNoIGFnYWluc3QgdGhlIHBhdHJvbC4=
E	7LWc7ZuE7J2YIOqzvOyXhTog67mIIOqyqOyauOydhCDrgZ3rgrTqs6Ag7Jyg66asIOyIsuyXkCDssqsg67KI7Ke4IOu0hOydhCDrj4zroKTrhpPripTri6Qu	RmluYWwgVGFzazogRW5kIHRoZSBIb2xsb3cgV2ludGVyIGFuZCBicmluZyB0aGUgZmlyc3Qgc3ByaW5nIHRvIHRoZSBHbGFzcyBGb3Jlc3Qu
E	7LaV67O1IOqwmeydgCDsooXshozrpqwg7JWE656Y7JeQ64qUIOuIhOq1sOqwgCDshJzslb3snYQg6rmo65yo66awIO2dlOyggeydtCDrgqjslYQg7J6I7JeI64ukLg==	QmVuZWF0aCB0aGUgYmVsbCdzIHRvbGwsIHRoZXJlIHdhcyBhIHRyYWNlIG9mIHNvbWVvbmUgd2hvIGhhZCBicm9rZW4gdGhlaXIgdm93Lg==
E	7ZiE7J6sIOq5iuydtOulvCDsnqXrtoDsmYAg6reA7ZmY7KKF7JeQIOyDiOq4sOqzoCDri6TsnYwg7ZqM656R7Jy866GcIOyViOyghO2VmOqyjCDrhJjslrTqsJTri6Qu	SW5zY3JpYmVkIHRoZSBjdXJyZW50IGRlcHRoIGluIGJvdGggdGhlIGxlZGdlciBhbmQgdGhlIFJldHVybiBCZWxsLCB0aGVuIGNyb3NzZWQgc2FmZWx5IGludG8gdGhlIG5leHQgY29ycmlkb3Iu
E	7ZmU7IK07LSJ7J2YIOq1reqyveyCrOugueu2gCDtkZzsi53snLzroZwg7KCE7J+B7J2YIOuwnO2ZlOygkOydtCDqta3qsr0g7JWI7Kq97J6E7J2EIO2ZleyduO2WiOuLpC4=	VGhlIEJvcmRlciBDb21tYW5kIGVtYmxlbSBvbiB0aGUgYXJyb3doZWFkIHByb3ZlZCB0aGF0IHRoZSBzcGFyayBvZiB3YXIgbGF5IHdpdGhpbiB0aGUgYm9yZGVyLg==
E	7ZmV7J247ZW07JW8IO2VoCDsnbTrpoQ6IOu2geuwqeydmCDri7XsnqXsnYQg64GK6rOgIOuwseyVvOulvCDsi5zsnpHtlZwg7KCV7JuQ7KeA6riwIOyVhOyFgC4=	TmFtZSB0byBjb25maXJtOiBBc2VsLCB0aGUgZ2FyZGVuIGtlZXBlciB3aG8gY3V0IG9mZiB0aGUgbm9ydGhlcm4gcmVwbGllcyBhbmQgYmVnYW4gdGhlIFdoaXRlIE5pZ2h0Lg==
P	e3sxfX0g66qw7JWE64K0IOyngOuCmOuKlCDsgqzrnozrk6TsnbQg64uk7IucIOq4uOydhCDsnbTsmqntlaAg7IiYIOyeiOqyjCDtlojri6Qu	RHJvdmUgb2ZmIHt7MX19LCBhbGxvd2luZyB0cmF2ZWxlcnMgdG8gdXNlIHRoZSByb2FkIG9uY2UgbW9yZS4=
P	e3sxfX0g67mE7Ja0IOyeiOuKlCDsmIjrsLDri7nsl5Ag65Ok7Ja07ISc7J6QIOyekeydgCDrk7Hrtogg7ZWY64KY6rCAIO2dlOuTpOuguOuLpC4=	QXMge3sxfX0gZW50ZXJlZCB0aGUgZW1wdHkgY2hhcGVsLCBhIHNpbmdsZSBsYW1wIGZsaWNrZXJlZC4=
P	e3sxfX0g7ZWcIOusuOyEnOydmCDsnontgazsl5Drp4wg7Jqw66y87J2YIOqygOydgCDsnqzqsIAg7ISe7JiA7J2M7J2EIOyVjOyVhOuDiOuLpC4=	e3sxfX0gaWRlbnRpZmllZCB0aGUgYmxhY2sgYXNoIG1peGVkIGludG8gdGhlIGluayBvZiBhIHNpbmdsZSBkb2N1bWVudC4=
E	6rCA7KecIOyIq+yekOulvCDqsbfslrQg64K06rOgIOyDiOuyveyihSDqsITqsqnsnLzroZwg7JuQ67O4IOq3nOy5meydhCDri6Tsi5wg6rOg7KCV7ZaI64ukLg==	UmVtb3ZlZCB0aGUgZmFrZSBudW1iZXJzIGFuZCByZXNldCB0aGUgb3JpZ2luYWwgcnVsZXMgYXQgdGhlIGludGVydmFsIG9mIHRoZSBEYXduIEJlbGwu
E	6rCQ7Iuc7JmAIOq1rOyhsOyXkCDsk7DripQg6rO164+ZIOq4uOuhnCDtmZXsnbjtlZjqs6Ag7JaR7Kq9IO2RnOyngOyEneydhCDri6Tsi5wg7IS47Jug64ukLg==	Q29uZmlybWVkIHRoZSBjb21tb24gcGF0aCB1c2VkIGZvciBzdXJ2ZWlsbGFuY2UgYW5kIHJlc2N1ZSwgYW5kIHJlc2V0IGJvdGggc2lnbnBvc3RzLg==
E	6rKA7J2AIOusuOydtCDsl7TrpqzsnpAg64uk7ISvIOqwiOuemCDquLjqs7wg7ZWY64KY7J2YIOq3gO2ZmOyiheydtCDrqqjsirXsnYQg65Oc65+s64OI64ukLg==	QXMgdGhlIGJsYWNrIGRvb3Igb3BlbmVkLCBmaXZlIHBhdGhzIGFuZCBvbmUgUmV0dXJuIEJlbGwgcmV2ZWFsZWQgdGhlbXNlbHZlcy4=
E	6rKo7Jq467+M66asIO2MjOyImOyekOulvCDsk7Drn6zrnKjrpqzqs6Ag7Z2wIOygleybkOycvOuhnCDsnbTslrTsp4DripQg67SJ7J2466Gc66W8IOyXtOyXiOuLpC4=	V2Ugb3BlbmVkIHRoZSBzZWFsZWQgcGF0aCBsZWFkaW5nIHRvIHRoZSBXaGl0ZSBHYXJkZW4sIGhhdmluZyBkZWZlYXRlZCB0aGUgV2ludGVyJ3MgUm9vdCBzZW50aW5lbHMu
P	6rSA7Lih7IaM7J2YIOyImOygleq1rOqwgCB7ezF9fSDslZ7sl5DshJwg6riI7J20IOqwhCDssYQg7ZG466W4IOu5m+ydhCDrv5zsl4jri6Qu	VGhlIG9ic2VydmF0b3J5J3MgY3JhY2tlZCBjcnlzdGFsIG9yYiBzaG9uZSBibHVlIGJlZm9yZSB7ezF9fS4=
E	6rWt6rK97IudIOyHoOunkOuaneqzvCDrnbzsm4Dsi50g7Jyg66as64GI7J20IOyEnOuhnCDri6Trpbgg67Cp7Zal7Jy866GcIOyynOunieydhCDri7nqsrzri6Qu	VGhlIGJvcmRlciBpcm9uIHN0YWtlcyBhbmQgUmF1bSdzIGdsYXNzIHJvcGVzIHB1bGxlZCB0aGUgdGVudCBpbiBvcHBvc2l0ZSBkaXJlY3Rpb25zLg==
E	6reA7ZmY7KKF7J2EIOynp+qyjCDsmrjroKQg6r2D6rCA66Oo66W8IOqwgOudvOyVie2eiOqzoCDri6TshK8g66ek65Ot7J2EIOuLpOyLnCDtmZXsnbjtlojri6Qu	UmFuZyB0aGUgUmV0dXJuIEJlbGwgb25jZSB0byBzZXR0bGUgdGhlIHBvbGxlbiwgdGhlbiBjaGVja2VkIHRoZSBmaXZlIGtub3RzIGFnYWluLg==
P	64KY66y06ruN7KeI7J20IO2IrOuqhe2VmOqyjCDqtbPsnYAg6rOz7JeQ7IScIHt7MX197J2YIOustOumrOqwgCDquLjsnYQg7JeQ7JuM7IyM64ukLg==	QXQgdGhlIHBsYWNlIHdoZXJlIHRoZSBiYXJrIGhhcmRlbmVkIHRyYW5zcGFyZW50bHksIHt7MX19IHN1cnJvdW5kZWQgdGhlIHBhdGgu
E	64Ko7J2AIOusuOyepeqzvCDsnbTsoIQg6rWs7JetIOq4sOuhneydhCDrjIDsobDtlbQg7IKs65287KeEIOyImOusuCDrsojtmLjrpbwg65CY7LC+7JWY64ukLg==	QnkgY29tcGFyaW5nIHRoZSByZW1haW5pbmcgdGV4dCB3aXRoIHRoZSBwcmV2aW91cyBzZWN0b3IgcmVjb3Jkcywgd2UgcmVjb3ZlcmVkIHRoZSBsb3N0IHNsdWljZSBnYXRlIG51bWJlci4=
E	64Ko7J2AIOyGjOyLnTog6rWt6rK96rO8IOudvOybgCDsgqzsnbTsnZgg7KCV6riwIOyViOyghCDsi6DtmLjqsIAg7ZWcIOuwleyekCDriqbsl4jri6Qu	UmVtYWluaW5nIG5ld3M6IFRoZSByZWd1bGFyIHNhZmV0eSBzaWduYWwgYmV0d2VlbiB0aGUgYm9yZGVyIGFuZCBSYXVtIHdhcyBvbmUgYmVhdCBsYXRlLg==
E	64Ko7J2AIOyGjOyLnTog6riw7Ja164KY66y07J2YIOyInOywsOuhnOqwgCDquLDsobQg7KeA64+E7JmAIOuLpOuluCDrsKntlqXsnLzroZwg7Je066C464ukLg==	TGF0ZXN0IHJlcG9ydDogdGhlIE1lbW9yeSBUcmVlJ3MgcGF0cm9sIHJvdXRlIG5vdyBmb2xsb3dzIGEgY291cnNlIGFic2VudCBmcm9tIGV4aXN0aW5nIG1hcHMu
E	64Ko7J2AIOyelO2VtOyZgCDsnITtl5jsnYQg7KCV66as7ZW0IOq3uCDsnbzsnbQg64uk7IucIOyCrOuejOydhCDtlbTsuZjsp4Ag7JWK6rKMIO2WiOuLpC4=	Q2xlYXJlZCBhd2F5IHRoZSByZW1haW5pbmcgZGVicmlzIGFuZCBkYW5nZXIgc28gdGhlIGluY2lkZW50IGNvdWxkIGhhcm0gbm8gb25lIGFnYWluLg==
E	64Ko7J2AIOykgOu5hDog7JWE656Y7JeQ7IScIOuWoOyYpOultOuKlCDrs4TruZvsnbQg7LKrIOuvuOq2gSDqtazsl63snZgg66y47J2EIOu5hOy2mOuLpC4=	UmVtYWluaW5nIHByZXBhcmF0aW9uczogVGhlIHN0YXJsaWdodCByaXNpbmcgZnJvbSBiZWxvdyBzaGluZXMgb24gdGhlIGVudHJhbmNlIG9mIHRoZSBmaXJzdCBMYWJ5cmludGggc2VjdG9yLg==
E	64uk7J2MIOq1rOyXrTog6rO166qF7ZW1IOyVhOuemOyXkOyEnCDsooUg7JeG64qUIOyjvOyhsOyepeydmCDrp53suZgg7IaM66as6rCAIOuTpOumsOuLpC4=	TmV4dCBzZWN0b3I6IEhhbW1lcnMgcmluZyBmcm9tIGEgYmVsbC1sZXNzIGZvdW5kcnkgYmVuZWF0aCB0aGUgcmVzb25hbmNlIGNvcmUu
E	64uk7J2MIOq1rOyXrTog66y8IOyVhOuemCDrk5zrn6zrgpwg7Jyg66as66elIOuPmeq1tOyXkOyEnCDtkbjrpbgg67CV64+Z7J20IOydtOyWtOynhOuLpC4=	TmV4dCBzZWN0b3I6IEEgYmx1ZSBwdWxzZSBiZWF0cyBvbiB3aXRoaW4gdGhlIGdsYXNzLXZlaW4gY2F2ZXJuIHJldmVhbGVkIGJlbmVhdGggdGhlIHdhdGVyLg==
E	65Ox67aI7J2EIOuFuOumrOuNmCDslrTrkaDsnYQg6rG37Ja0IOuCtOqzoCDqs4Tri6gg7JWE656Y7J2YIOq1rOyhsCDsi6DtmLjrpbwg67Cc6rKs7ZaI64ukLg==	VGhleSBjbGVhcmVkIGF3YXkgdGhlIGRhcmtuZXNzIHN0YWxraW5nIHRoZSBsYW50ZXJuIGFuZCBmb3VuZCBhIHJlc2N1ZSBzaWduYWwgYmVuZWF0aCB0aGUgc3RhaXJzLg==
E	66Gc7Jus6rO8IOuniOyXmOydtCDsiJjrrLjsnYQg7KeA7YKk64qUIOuPmeyViCDri4jslYTqsIAg7IOY7J2YIOybkOuemCDstpzqtazrpbwg7Je07JeI64ukLg==	V2hpbGUgUm93ZW4gYW5kIE1hZWwgZ3VhcmRlZCB0aGUgc2x1aWNlIGdhdGUsIE5pYSBvcGVuZWQgdGhlIG9yaWdpbmFsIGV4aXQgb2YgdGhlIHNwcmluZy4=
E	66y47KeA6riw66W8IOuqsOyVhOuCtOqzoCDrv4zrpqzqsIAg64uk7IucIOuLq+2eiOyngCDslYrrj4TroZ0g7IOI67K97KKFIOyQkOq4sOulvCDshLjsm6Dri6Qu	VGhleSBkcm92ZSB0aGUgZ2F0ZWtlZXBlciBhd2F5IGFuZCBzZXQgdGhlIGRhd24gYmVsbCB3ZWRnZSB0byBwcmV2ZW50IHRoZSByb290cyBmcm9tIGNsb3NpbmcgYWdhaW4u
E	66y86ri47J2EIOyehOyLnCDtg4jstpzroZzroZwg67CU6r+UIOyjvOuvvOuTpOydhCDsi6zsnqUg6reg7Je07JeQ7IScIOyViOyghO2VmOqyjCDrubzrg4jri6Qu	VHVybmVkIHRoZSB3YXRlcndheXMgaW50byB0ZW1wb3JhcnkgZXNjYXBlIHJvdXRlcyBhbmQgbGVkIHRoZSB2aWxsYWdlcnMgc2FmZWx5IGF3YXkgZnJvbSB0aGUgZmlzc3VyZSBpbiB0aGUgSGVhcnQu
E	66y87J2YIOuwqe2WpeydhCDtkZzsi5ztlbQg66+46raB7J20IOyngOyDgeydmCDsiJjroZzrpbwg64GM7Ja064u56riw64qUIOyngOygkOydhCDssL7slZjri6Qu	TWFya2VkIHRoZSB3YXRlcidzIGNvdXJzZSBhbmQgZm91bmQgd2hlcmUgdGhlIExhYnlyaW50aCB3YXMgcHVsbGluZyBvbiB0aGUgc3VyZmFjZSBjaGFubmVscy4=
E	66y87J20IOuCruyVhOyngOyekCDrsJTri6Ug7KCE7LK066W8IOuNruydgCDrr7jqtoEg6rmK7J20IOyngOuPhOqwgCDrqqjsirXsnYQg65Oc65+s64OI64ukLg==	QXMgdGhlIHdhdGVyIGxldmVsIGRyb3BwZWQsIHRoZSBlbnRpcmUgbGFieXJpbnRoIGRlcHRoIG1hcCBlbWVyZ2VkIGZyb20gdGhlIGZsb29yLg==
E	67Cx7JW866W8IO2RuOuKlCDssqsg7Je07IegOiDsoJXsm5Ag7JWE656Y66GcIOu5vOyVl+qyqCDtnZDrpbTsp4Ag66q77ZWY64qUIOu0hOydmCDrrLwu	VGhlIGZpcnN0IGtleSB0byBlbmRpbmcgdGhlIFdoaXRlIE5pZ2h0OiB0aGUgc3ByaW5nIHdhdGVyIHN0b2xlbiBhd2F5IGJlbmVhdGggdGhlIGdhcmRlbiBhbmQgaGVsZCBtb3Rpb25sZXNzLg==
E	67Kg66W47J2YIOq4sOuhneyXkOyEnCDqta3qsr3snYQg7KeA7YKo64uk64qUIOuqheu2hOqzvCDsgq3soJzrkJwg7ZS87ZW0IOqzhOyCsOydhCDssL7slZjri6Qu	QmVybidzIHJlY29yZHMgY29udGFpbmVkIGhpcyBwcmV0ZXh0IG9mIGRlZmVuZGluZyB0aGUgYm9yZGVy4oCUYW5kIGNhc3VhbHR5IGVzdGltYXRlcyBoZSBoYWQgdHJpZWQgdG8gZXJhc2Uu
E	67K97J2YIOuCmOydtO2FjOyXkOuKlCDslYTsp4Eg7J287Ja064KY7KeAIOyViuydgCDsm5DsoJXsnZgg7Z2g7KeR6rmM7KeAIOyDiOqyqOyguCDsnojsl4jri6Qu	VGhlIHRyZWUgcmluZ3MgaGFkIGV2ZW4gYmVlbiBjYXJ2ZWQgd2l0aCB0aGUgZGFtYWdlIGZyb20gYW4gZXhwZWRpdGlvbiB0aGF0IGhhZCBub3QgeWV0IG9jY3VycmVkLg==
E	7IKs65287KeEIOyYpOyGlOq4uOydmCDrp4jsp4Drp4kg67Cp7ZW066y87J2EIOqxt+yWtCDrgrTqs6Ag6rWt6rK9IO2RnOyngOyEneyXkCDrj4Tri6ztlZzri6Qu	VGhleSBjbGVhcmVkIHRoZSBsYXN0IG9ic3RhY2xlIG9mIHRoZSB2YW5pc2hlZCBwYXRoIGFuZCByZWFjaGVkIHRoZSBib3JkZXIgc2lnbnBvc3Qu
E	7IS4IOyXtOyHoOqwgCDqsIDrpqztgqTripQg6rOzOiDsiLLsnZgg66qo65OgIOq4sOyWteydhCDrqLnsnLzrqbAg65uw64qUIOycoOumrCDsi6zsnqUu	V2hlcmUgdGhlIHRocmVlIGtleXMgcG9pbnQ6IHRoZSBiZWF0aW5nIEdsYXNzIEhlYXJ0IHRoYXQgZGV2b3VycyBldmVyeSBtZW1vcnkgaW4gdGhlIGZvcmVzdC4=
E	7IiY66CI7J2YIOygnOuPmSDsnqXsuZjrpbwg7ZKA6rOgIOyLpOyiheuQnCDrp4jrtoDqsIAg67mg7KC464KY6rCEIOyYhiDthrXroZzrpbwg7Je07JeI64ukLg==	UmVsZWFzZWQgdGhlIGNhcnQncyBicmFrZSBhbmQgb3BlbmVkIHRoZSBzaWRlIHBhc3NhZ2UgdXNlZCBieSB0aGUgbWlzc2luZyBjYXJ0ZXIu
E	7Iu47JuA7J20IOuBneuCnCDrkqTsl5Drj4Qg67aA7ISc7KeEIOuLpOumrOuKlCDsgqzrnozrk6TsnYQg6rWt6rK9IOuwluyXkCDshLjsm4wg65GQ7JeI64ukLg==	RXZlbiBhZnRlciB0aGUgYmF0dGxlIGVuZGVkLCB0aGUgYnJva2VuIGJyaWRnZSBsZWZ0IHBlb3BsZSBzdGFuZGluZyBiZXlvbmQgdGhlIGJvcmRlci4=
E	7JWI6rCcIOyGjSDrjavsnYQg7KeA7YKk64qUIOustOumrOulvCDsm5DqsbDrpqzsl5DshJwg7KCc6rGw7ZW0IOyViOyghO2VnCDquLjsnYQg66eM65Og64ukLg==	RWxpbWluYXRlIHRoZSBncm91cCBndWFyZGluZyB0aGUgZm9nLXNocm91ZGVkIHRyYXAgZnJvbSBhIGRpc3RhbmNlIHRvIGNsZWFyIGEgc2FmZSBwYXRoLg==
E	7Jes7KCVIOuPmeyViCDsl7TslrQg65GUIOyImOuhnMK37KeA7ZWY66GcwrfshLHrsr3quLjsnYQg7ZWY64KY7J2YIO2UvOuCnOuhnOuhnCDsl7DqsrDtlojri6Qu	TGlua2VkIHRoZSB3YXRlcndheSwgdW5kZXJncm91bmQgcGFzc2FnZSwgYW5kIHJhbXBhcnQgcm9hZCBvcGVuZWQgZHVyaW5nIHRoZSBqb3VybmV5IGludG8gYSBzaW5nbGUgZXZhY3VhdGlvbiByb3V0ZS4=
E	7Je07Ieg66W8IOuyveyXkCDrjIDsp4Ag7JWK6rOgIOyEuCDsg4jrsr3sooXsnZgg7J2MIOyCrOydtOyXkCDrhpPslYQg66y47JaR7J2EIOq5qOyboOuLpC4=	SGVsZCB0aGUga2V5IGJldHdlZW4gdGhlIHRocmVlIERhd24gQmVsbHMnIG5vdGVzIGluc3RlYWQgb2YgYWdhaW5zdCB0aGUgd2FsbCwgYXdha2VuaW5nIHRoZSBzaWdpbC4=
P	7Jik656Y65CcIO2biOugqOyepSDrsJTri6Xsl5DshJwge3sxfX3snZgg7IaQ6ri47JeQIOu5m+uwlOuenCDsnbjsnqXsnbQg6rmo7Ja064Ks64ukLg==	QXQge3sxfX0ncyB0b3VjaCwgdGhlIGZhZGVkIHNpZ2lsIG9uIHRoZSBvbGQgdHJhaW5pbmctZ3JvdW5kIGZsb29yIGF3YWtlbmVkLg==
E	7Jq466a87J2EIOuvuOuBvOuhnCDsgrzslYQg7KeA7ZWYIO2GteuhnOydmCDsnITtmJHsnYQg66qw7JWE64K06rOgIOyhsOyCrOuhnOulvCDtmZXrs7Ttlojri6Qu	VXNpbmcgdGhlIGVjaG8gYXMgYmFpdCwgdGhlIHRocmVhdCBpbiB0aGUgdW5kZXJncm91bmQgcGFzc2FnZSB3YXMgZHJpdmVuIGF3YXksIGFuZCB0aGUgcGF0aCB3YXMgc2VjdXJlZC4=
E	7JyE7ZiR7J2EIOuqsOyVhOuCtOqzoCDrp6Trk63rp4jri6Qg7J6R7J2AIOustOqyjOy2lOulvCDri6zslYQg67Cp7ZalIOuzgO2ZlOulvCDtkZzsi5ztlojri6Qu	RHJpdmluZyBhd2F5IHRoZSB0aHJlYXQsIHNtYWxsIHdlaWdodHMgd2VyZSBhdHRhY2hlZCB0byBlYWNoIGtub3QgdG8gaW5kaWNhdGUgZGlyZWN0aW9uIGNoYW5nZXMu
E	7KCE67O165CcIOyImOugiOyXkOyEnCDrkZAg67KI7Ke4IOyDiOuyveyiheydhCDrkJjssL7slZjsp4Drp4wg66eI7KeA66eJIOyImOugiOulvCDrhpPss6Tri6Qu	UmVjb3ZlcmVkIHRoZSBzZWNvbmQgRGF3biBCZWxsIGZyb20gdGhlIG92ZXJ0dXJuZWQgY2FydCwgYnV0IHRoZSBsYXN0IGNhcnQgZXNjYXBlZC4=
E	7LKrIOygleyLnSDsnoTrrLQ6IOyDiOuyveydtCDrkJjslrTrj4Qg64+M7JWE7Jik7KeAIOyViuydgCDqta3qsr0g7Iic7LCw64yA66W8IOywvuyVhOudvC4=	Rmlyc3Qgb2ZmaWNpYWwgbWlzc2lvbjogRmluZCB0aGUgYm9yZGVyIHBhdHJvbCB0aGF0IGZhaWxlZCB0byByZXR1cm4gYnkgZGF3bi4=
E	7LaU6rKp7J6Q65Ok7J2EIOusvOumrOy5mOqzoCDsoITroLnsnbQg64uk7IucIOunkO2VoCDsiJgg7J6I7J2EIOunjO2BvCDsg4Hsspjrpbwg64+M67Sk64ukLg==	RGVmZWF0ZWQgdGhlIHB1cnN1ZXJzIGFuZCB0ZW5kZWQgdGhlIHdvdW5kcyBlbm91Z2ggdG8gbGV0IHRoZSBtZXNzZW5nZXIgc3BlYWsgYWdhaW4u
E	7ZKA7J6O6rO8IOu2gOufrOynhCDqsIDsp4DroZwg64iE6rWw6rCAIOu2geyqvSDtnZTsoIHsnYQg6rOg7J2Y66GcIOyngOyboOydjOydhCDrsJ3tmIDrg4jri6Qu	VGhlIGJlbnQgZ3Jhc3MgYW5kIGJyb2tlbiBicmFuY2hlcyByZXZlYWxlZCB0aGF0IHNvbWVvbmUgaGFkIGRlbGliZXJhdGVseSBlcmFzZWQgdGhlIHRyYWlsIG5vcnRoLg==
P	e3sxfX0g66eI7KeA66eJIOu0ieyduOqzvCDssqsg6rWs7JetIOyCrOydtOyXkOyEnCDtkbjrpbgg67mb7J2EIOqwgOuhnOunieyVmOuLpC4=	e3sxfX0gYmxvY2tlZCB0aGUgYmx1ZSBsaWdodCBiZXR3ZWVuIHRoZSBsYXN0IHNlYWwgYW5kIHRoZSBmaXJzdCBzZWN0b3Iu
P	e3sxfX0g66qw7JWE64K06rOgIOuyhOugpOynhCDso7zsobDsnqXsnLzroZwg7Ya17ZWY64qUIOyImOuhnOulvCDri6Tsi5wg7Je07JeI64ukLg==	RHJvdmUgb2ZmIHt7MX19IGFuZCByZW9wZW5lZCB0aGUgd2F0ZXJ3YXkgbGVhZGluZyB0byB0aGUgYWJhbmRvbmVkIGZvdW5kcnku
P	e3sxfX0g7KeA64+E7JeQ7IScIOyngOybjOynhCDstIjshozsmYAg7ISx66y4IOyCrOydtOydmCDquLjsnYQg64uk7IucIOqxuOyXiOuLpC4=	e3sxfX0gcmV0cmFjZWQgdGhlIHJvYWQgYmV0d2VlbiB0aGUgb3V0cG9zdCBlcmFzZWQgZnJvbSB0aGUgbWFwIGFuZCB0aGUgY2l0eSBnYXRlLg==
P	e3sxfX3snZgg67Cc7J6Q6rWt6rO8IOuCr+yEoCDsnqXtmZQg7J6Q6rWt7J20IOqwmeydgCDqs6jsp5zquLDsl5DshJwg7JeH6rCI66C464ukLg==	e3sxfX3igJlzIGZvb3RwcmludHMgYW5kIHRoZSB1bmZhbWlsaWFyIGJvb3QgbWFya3MgY3Jvc3NlZCBpbiB0aGUgc2FtZSByYXZpbmUu
E	6rOg7ISc7J2YIOu5iOyekOumrOyXkOyEnCDqta3qsr0g6rSA7Lih7IaM66GcIOydtOyWtOynhCDrs4TsnpDrpqwg7ZWcIOykhOydhCDrkJjsgrTroLjri6Qu	UmVzdG9yZWQgYSBtaXNzaW5nIGxpbmUgb2YgdGhlIGNvbnN0ZWxsYXRpb24gaW4gdGhlIGFuY2llbnQgdG9tZSwgcmV2ZWFsaW5nIGEgcGF0aCB0byB0aGUgYm9yZGVyIG9ic2VydmF0b3J5Lg==
E	6rWw7YyoIOyekOq1reunjCDrlLDrnbzqsIAg7J6F6rWs7JeQ7IScIOyyqyDslYjsoIQg6rWs7Jet6rmM7KeA7J2YIOqyveuhnOulvCDtmZXrs7Ttlojri6Qu	U2VjdXJlZCB0aGUgcGF0aCBmcm9tIHRoZSBlbnRyYW5jZSB0byB0aGUgZmlyc3Qgc2FmZSBzZWN0b3IgYnkgZm9sbG93aW5nIHRoZSBtYXJrcyBvZiB0aGUgYXJteSdzIGluc2lnbmlhLg==
E	6rWw7Yyo7J2YIOu2gOuMgCDtkZzsi53snLzroZwg64+M7JWE7Jik7KeAIOuqu+2VnCDrs5HsgqzsnZgg66eI7KeA66eJIOyehOustOulvCDssL7slZjri6Qu	VGhlIHVuaXQgZW1ibGVtIG9uIHRoZSBtaWxpdGFyeSB0YWcgcmV2ZWFsZWQgdGhlIGZpbmFsIG1pc3Npb24gb2YgYSBzb2xkaWVyIHdobyBuZXZlciByZXR1cm5lZC4=
E	6riB7Z6MIOuwqe2MqOyXkOyEnCDrrLjsp4DquLDrk6TsnZgg7J2066aE6rO8IOu2geyqveycvOuhnCDrgYzroKTqsIQg7Z2U7KCB7J2EIO2ZleyduO2WiOuLpC4=	Rm91bmQgdGhlIGdhdGVrZWVwZXJzJyBuYW1lcyBzY3JhdGNoZWQgaW50byB0aGUgc2hpZWxkcywgYWxvbmcgd2l0aCBzaWducyB0aGF0IHRoZXkgaGFkIGJlZW4gZHJhZ2dlZCBub3J0aC4=
E	6riB7Z6MIOydtOumhCDrkqTsl5Ag64Ko7J2AIOuhnOybrOydmCDqs4TquInsnqXsnLzroZwg7Y647KeA7J2YIOyImOyLoOyduOydhCDtirnsoJXtlojri6Qu	VGhlIGltcHJpbnQgb2YgUm93ZW4ncyByYW5rIGluc2lnbmlhIGJlbmVhdGggdGhlIHNjcmF0Y2hlZC1vdXQgbmFtZSBpZGVudGlmaWVkIHRoZSBsZXR0ZXIncyByZWNpcGllbnQu
E	6riIIOqwhCDsooXsl5Ag7ZWcIOuyiOydmCDsmrjrprzrp4wg64Ko7JWY7J2M7J2EIOyVjOqzoCDrp4jsp4Drp4kg7Iuc6rCB7J2EIOygle2WiOuLpC4=	VGhleSBsZWFybmVkIHRoYXQgdGhlIGNyYWNrZWQgYmVsbCBoYWQgb25seSBvbmUgcmluZyBsZWZ0IGFuZCBzZXQgdGhlIGZpbmFsIGhvdXIu
E	64Ko7J2AIOyGjOyLnTog6rO164+ZIOyInOywsOuhnOydmCDsmKTrnpjrkJwg7KKF7J20IOu2geuwqSDqtazsobAg7Iug7Zi466W8IOyauOuguOuLpC4=	TGF0ZXN0IHJlcG9ydDogdGhlIG9sZCBiZWxsIGFsb25nIHRoZSBqb2ludCBwYXRyb2wgcm91dGUgc291bmRlZCBhIGRpc3RyZXNzIHNpZ25hbCB0b3dhcmQgdGhlIE5vcnRoLg==
E	64SkIOuyiOynuCDrtojruZvsnbQg67K9IOqwgOyepeyekOumrOulvCDtm5HsnLzrqbAg6rGw64yA7ZWcIOyVhOy5mCDrqqjslpHsnYQg6re466C464ukLg==	VGhlIGZvdXJ0aCBsaWdodCB0cmFjZWQgYSBtYXNzaXZlIGFyY2ggc2hhcGUgYWxvbmcgdGhlIGVkZ2Ugb2YgdGhlIHdhbGwu
E	64SkIOuyiOynuCDsmrjrprzsnYQg6riw7KSA7Jy866GcIOygleq4sCDrs7TquIntkZzsmYAg67mE7IOBIOyasO2ajCDsi5zqsITsnYQg7KCV7ZaI64ukLg==	U2V0IHRoZSByZWd1bGFyIHN1cHBseSBzY2hlZHVsZSBhbmQgZW1lcmdlbmN5IGRldG91ciB0aW1lIGJhc2VkIG9uIHRoZSBmb3VydGggZWNoby4=
E	64SkIOuyiOynuCDsnYzsnZgg6rCE6rKp7J2EIOyerOyWtCDrtInsnbgg7JWE656YIOu5iCDqs7XqsITsnZgg7YGs6riw66W8IOqzhOyCsO2WiOuLpC4=	TWVhc3VyZWQgdGhlIGZvdXJ0aCBub3RlJ3MgcmV0dXJuIGludGVydmFsIHRvIGNhbGN1bGF0ZSB0aGUgc2l6ZSBvZiB0aGUgaG9sbG93IGJlbmVhdGggdGhlIHNlYWwu
E	64uk7ISvIOq3gO2ZmOyiheydhCDssKjroYDroZwg7Jq466CkIOykkeyLrOusuOydhCDsl7Tqs6Ag64uk7J2MIOq1rOyXreycvOuhnCDrgrTroKTqsJTri6Qu	UmFuZyB0aGUgZml2ZSByZXR1cm4gYmVsbHMgaW4gc3VjY2Vzc2lvbiB0byBvcGVuIHRoZSBjZW50cmFsIGdhdGUgYW5kIGRlc2NlbmRlZCB0byB0aGUgbmV4dCBzZWN0b3Iu
E	64+Z7KCE7J20IOq1tOufrOqwhCDqs7Psl5DripQg7J6Y66awIOu0ieyduOuBiOqzvCDsp4Dsm4zsp4Qg67Cc7J6Q6rWt7J20IOuCqOyVhCDsnojsl4jri6Qu	QSBicm9rZW4gc2VhbCBhbmQgZXJhc2VkIGZvb3RwcmludHMgcmVtYWluZWQgd2hlcmUgdGhlIGNvaW4gaGFkIHJvbGxlZC4=
E	65a87Ja0IOuCuCDssq3rj5kg7J6Q6rWt7J2EIOu5hOq1kO2VtCDriITqtbDqsIAg7IOI67K97KKF7J2EIO2VtOyytO2WiOydjOydhCDrsJ3tmIDrg4jri6Qu	QnkgY29tcGFyaW5nIHRoZSBzY2FycyBsZWZ0IHdoZXJlIGJyb256ZSBoYWQgYmVlbiBwcmllZCBhd2F5LCB0aGV5IHByb3ZlZCB0aGF0IHNvbWVvbmUgaGFkIGRpc21hbnRsZWQgdGhlIERhd24gQmVsbC4=
P	66Gc7Jus6rO8IOuniOyXmOydtCDsp4Dsg4Eg6reA7ZmY7KKF7J2EIOyeoeqzoCB7ezF9fSDssqsg6rOE64uoIOyVnuyXkCDshLDri6Qu	Um93ZW4gYW5kIE1hZWwgZ3JpcHBlZCB0aGUgc3VyZmFjZSBSZXR1cm4gQmVsbCBhcyB7ezF9fSBzdG9vZCBiZWZvcmUgdGhlIGZpcnN0IHN0YWlyLg==
E	66Gc7Jus7J20IOq4sOyWtSDsno7snZgg7J2066aE7J2EIOq4sOuhne2VtCDtlbTrj5kg65KkIOuPjOugpOykhCDsiJzshJzrpbwg66eI66Co7ZaI64ukLg==	Um93ZW4gcmVjb3JkZWQgdGhlIG5hbWVzIG9uIHRoZSBtZW1vcnkgbGVhdmVzIGFuZCBlc3RhYmxpc2hlZCB0aGUgb3JkZXIgaW4gd2hpY2ggdGhleSB3b3VsZCBiZSByZXR1cm5lZCBhZnRlciB0aGUgdGhhdy4=
E	66eI7JeY7J20IOq4sOyWte2VnCDsmJsg7Iiy6ri47J2EIOuUsOudvCDtnanslrTsp4Qg7KO866+86rO8IOydvO2WieydhCDri6Tsi5wg66qo7JWY64ukLg==	TWFlbCBmb2xsb3dlZCB0aGUgb2xkIGZvcmVzdCBwYXRoIGhlIHJlbWVtYmVyZWQgdG8gcmV1bml0ZSB0aGUgc2NhdHRlcmVkIHJlc2lkZW50cyBhbmQgcGFydHku
E	66y47JaR6rO8IOyEuOudvOydmCDsl7Tsh6Drpbwg66ee7LawIOyGkOyeoeydtCDsl4bripQg7KeA7ZWY66y47J2YIOychOy5mOulvCDtmZXsoJXtlojri6Qu	QnkgbWF0Y2hpbmcgdGhlIHBhdHRlcm5zIHdpdGggU2VyYSdzIGtleSwgdGhleSBjb25maXJtZWQgdGhlIGxvY2F0aW9uIG9mIHRoZSB1bmRlcmdyb3VuZCBkb29yIHdpdGhvdXQgYSBoYW5kbGUu
E	67Kg66W47J2YIOyDgeyekOyXkCDsnojrjZgg7Jyg66asIOyejuydtCDrtoHrsKkg64+Z66e57J2YIO2RnOyLneydtOyXiOydjOydhCDrsJ3tmIDrg4jri6Qu	VGhlIGdsYXNzIGxlYWYgaW4gQmVybidzIGJveCB3YXMgaWRlbnRpZmllZCBhcyBhIHN5bWJvbCBvZiB0aGUgTm9ydGhlcm4gQWxsaWFuY2Uu
E	67aB7Kq9IOyYpOyGlOq4uOqzvCDsiJzssLDrjIDsnZgg64Kh7J2AIO2RnOyLneydhCDssL7slYQg7LKrIOy2lOyggSDsnZjrorDrpbwg67Cb7JWY64ukLg==	VGhleSBmb3VuZCB0aGUgb2xkIG1hcmtlcnMgb2YgdGhlIG5vcnRoZXJuIHBhdGggYW5kIHRoZSBwYXRyb2wncyBmYWRlZCBzaWduLCByZWNlaXZpbmcgdGhlaXIgZmlyc3QgdHJhY2tpbmcgcmVxdWVzdC4=
E	67mE67CAIOusuOyEnOulvCDsp4DsvJwg64K06rOgIOuIhOq1rOuztOuLpCDrqLzsoIAg6rWt6rK97J2YIOyLpOyihSDsgqzqsbTsnYQg66eh7JWY64ukLg==	UHJvdGVjdGVkIHRoZSBzZWNyZXQgZG9jdW1lbnRzIGFuZCBiZWNhbWUgdGhlIGZpcnN0IHRvIHRha2Ugb24gdGhlIGJvcmRlciBkaXNhcHBlYXJhbmNlcy4=
E	67mb7J2AIOyynOyepeyXkCDrsJXtnowg67O07ISd7J20IOyVhOuLiOudvCDrjZQg6rmK7J2AIOqzs+yXkOyEnCDsspzsspztnogg7Jis65287JmU64ukLg==	VGhlIGxpZ2h0IHdhcyBub3QgY29taW5nIGZyb20gdGhlIGdlbXMgb24gdGhlIGNlaWxpbmcsIGJ1dCBzbG93bHkgcmlzaW5nIGZyb20gZGVlcGVyIHdpdGhpbi4=
E	67m87JWX6ri0IOuztOq4ie2SiOydhCDrkJjssL7qs6Ag7JW87JiB7KeAIOyjvOuzgOyXkCDruZsg7ZGc7Iud6rO8IOqyveqzhOyEoOydhCDshLjsm6Dri6Qu	VGhleSByZWNvdmVyZWQgdGhlIHN0b2xlbiBzdXBwbGllcyBhbmQgc2V0IHVwIGxpZ2h0IG1hcmtlcnMgYW5kIGJvdW5kYXJpZXMgYXJvdW5kIHRoZSBjYW1wc2l0ZS4=
E	7IKt7KCc7ZWY7KeAIOuqu+2WiOyKteuLiOuLpC4g7KCA7J6lIOyDge2DnOulvCDtmZXsnbjtlZwg65KkIOuLpOyLnCDsi5zrj4TtlbQg7KO87IS47JqULg==	Q291bGQgbm90IGJlIGRlbGV0ZWQuIFBsZWFzZSBjaGVjayB0aGUgc2F2ZSBzdGF0dXMgYW5kIHRyeSBhZ2Fpbi4=
E	7IOI67K97KKF7J2YIOuwleyekOyXkCDrp57strAg66mI7LaU64qUIOusuO2EseydhCDssL7slYQg7LKrIOyViOyghCDtkZzsi53snYQg64Ko6rK864ukLg==	Rm9sbG93aW5nIHRoZSByaHl0aG0gb2YgdGhlIERhd24gQmVsbCwgdGhleSBmb3VuZCB0aGUgdGhyZXNob2xkIHRoYXQgc3RvcHMgYW5kIGxlZnQgdGhlIGZpcnN0IHNhZmUgbWFya2VyLg==
E	7ISx7LGE7JeQ7IScIO2dmOufrOuToCDrp4jsp4Drp4kg7J6s6rCAIOyngO2VmCDsm4XrjansnbTsl5DshJwg64uo64uo7Z6IIOq1s+yWtCDsnojsl4jri6Qu	VGhlIGxhc3QgYXNoIHRvIGZsb3cgZnJvbSB0aGUgY2l0YWRlbCBoYWQgaGFyZGVuZWQgaW4gYW4gdW5kZXJncm91bmQgcG9vbC4=
E	7IS4IOqwiOuemCDrrLzquLjsnbQg64uk7IucIOybgOyngeyYgOyngOunjCDslrTripAg66eI7J2E67aA7YSwIOyXtOyngCDsoJXtlbTslbwg7ZaI64ukLg==	VGhlIHRocmVlIHdhdGVyd2F5cyB3ZXJlIGZsb3dpbmcgYWdhaW4sIGJ1dCB0aGV5IHN0aWxsIGhhZCB0byBkZWNpZGUgd2hpY2ggdmlsbGFnZSdzIHNsdWljZSB0byBvcGVuIGZpcnN0Lg==
E	7IS4IOyDiOuyveyiheydmCDsnYzsnYQg7LCo66GA66GcIOuCtOyekCDslrjsoJzrgpgg64Kv7ISgIOuEpCDrsojsp7gg7J2M7J20IOuLte2WiOuLpC4=	V2hlbmV2ZXIgdGhlIHRocmVlIERhd24gQmVsbHMgc291bmRlZCBpbiBzZXF1ZW5jZSwgYW4gdW5mYW1pbGlhciBmb3VydGggbm90ZSBhbnN3ZXJlZC4=
E	7Ieg7IKs7Iqs7J2EIOuBiuqzoCDrj4Trp53suZwg7IKs656M65Ok7J20IOuPjOyVhOyYrCDsiJgg7J6I64qUIOq4uOydhCDri6Tsi5wg7Je07JeI64ukLg==	QnJva2UgdGhlIGNoYWlucyBhbmQgcmVvcGVuZWQgdGhlIHJvYWQgc28gdGhvc2Ugd2hvIGhhZCBmbGVkIGNvdWxkIHJldHVybi4=
E	7IiY66CIIOuwlOuLpeydmCDsnqzsmYAg7Jyg66asIOqwgOujqOqwgCDtnZTrk6TrprQg65WM66eI64ukIOqwmeydgCDshKDsnYQg66eM65Ok7JeI64ukLg==	RWFjaCB0aW1lIHRoZSBkdXN0IGFuZCBnbGFzcyBwb3dkZXIgb24gdGhlIGNhcnQgZmxvb3Igc2hvb2ssIGl0IGZvcm1lZCB0aGUgc2FtZSBsaW5lLg==
E	7IiY66y4IOqxsOyauOydhCDri6vslYQg66y86ri47J20IOyCrOuejOydmCDquLDslrXquYzsp4Ag6rCA7KC46rCA7KeAIOuqu+2VmOqyjCDrp4nslZjri6Qu	VGhleSBjbG9zZWQgdGhlIHNsdWljZSBnYXRlIG1pcnJvciB0byBwcmV2ZW50IHRoZSB3YXRlcidzIGZsb3cgZnJvbSBjYXJyeWluZyBodW1hbiBtZW1vcmllcy4=
E	7IiY66y47J2EIOuLq+yekCDrrLzsnYAg66mI7LeE7KeA66eMIOuniOyngOuniSDtlZwg7KSE6riw66eMIOusmOyngCDsqr3snLzroZwg7Z2Y66CA64ukLg==	Q2xvc2luZyB0aGUgc2x1aWNlIHN0b3BwZWQgdGhlIHdhdGVyLCBleGNlcHQgZm9yIG9uZSBsYXN0IHN0cmVhbSBmbG93aW5nIHRvd2FyZCB0aGUgY2VtZXRlcnku
E	7IiY7KCV6rWs7J2YIO2MjO2OuOyXkOyEnCDtg5zslrTrgpwg66eI66ClIOyDneusvOydhCDsoJXrpqztlbQg7YyM66y47J2YIOqysOydhCDsnb3ripTri6Qu	RGVmZWF0IHRoZSBtYWdpY2FsIGNyZWF0dXJlcyBib3JuIGZyb20gdGhlIGNyeXN0YWwtb3JiIHNoYXJkcyBhbmQgcmVhZCB0aGUgcGF0dGVybiBvZiB0aGUgcmlwcGxlcy4=
E	7Ja86rW07JeQIOydkeuLte2VmOyngCDslYrqs6Ag67+M66as7J2YIOuwleuPmeunjCDrlLDrnbwg7KSR7IusIOyUqOyVl+usuOyXkCDrj4TssKntlojri6Qu	QXJyaXZpbmcgYXQgdGhlIGNlbnRyYWwgc2VlZCBnYXRlIHdpdGhvdXQgcmVzcG9uZGluZyB0byB0aGUgZmFjZSwgZm9sbG93aW5nIG9ubHkgdGhlIHJvb3QncyBwdWxzZS4=
E	7JeO7KeA66W4IOusvOydtCDqs4Tri6gg7JWE656Y6rCAIOyVhOuLiOudvCDslrTrkZDsmrQg67K9IOyqveycvOuhnCDquLDslrQg7Jis65286rCU64ukLg==	U3BpbGxlZCB3YXRlciBjcmF3bGVkIHVwIHRoZSBkYXJrIHdhbGwgaW5zdGVhZCBvZiBydW5uaW5nIGRvd24gdGhlIHN0YWlycy4=
E	7Jet7ZKNIOyGjeyXkOyEnOuPhCDsooXshozrpqzsmYAg7KeQ7Iq57J2YIO2UvCDrg4Tsg4jqsIAg6rCZ7J2AIOuwqe2WpeyXkOyEnCDtnZjrn6zsmZTri6Qu	RXZlbiBhZ2FpbnN0IHRoZSB3aW5kLCB0aGUgYmVsbCBhbmQgdGhlIHNjZW50IG9mIGJlYXN0IGJsb29kIGNhbWUgZnJvbSB0aGUgc2FtZSBkaXJlY3Rpb24u
E	7Je07Ieg7J2YIO2ZiOydhCDrtoHsqr0g7Iug7Zi47YORIOyngOuPhOyZgCDrp57strAg7Iio7J2AIOyeheq1rOydmCDsnITsuZjrpbwg7LC+7JWY64ukLg==	TWF0Y2hpbmcgdGhlIGtleSdzIGdyb292ZSB3aXRoIHRoZSBub3J0aGVybiBzaWduYWwgdG93ZXIgbWFwIHRvIGZpbmQgdGhlIGhpZGRlbiBlbnRyYW5jZSdzIGxvY2F0aW9uLg==
E	7Jik66W067CY7J2YIOyihe2DkSDqsbDsmrjroZwg6rCZ7J2AIOyLoO2YuOulvCDrj4zroKTrs7TrgrQg6rWs7KGwIOyalOyyreyXkCDsnZHri7Xtlojri6Qu	VGhleSByZXR1cm5lZCB0aGUgc2FtZSBzaWduYWwgdGhyb3VnaCBPcmJhbidzIGJlbGwtdG93ZXIgbWlycm9yLCBhbnN3ZXJpbmcgdGhlIHJlc2N1ZSByZXF1ZXN0Lg==
E	7Jik7Je87J20IOyVhOuLiOudvCDrp4ntnowg7IiY66Gc7J2YIOyXreulmOqwgCDqsoDsnYAg652g66W8IOunjOuTpOyXiOydjOydhCDtmZXsnbjtlojri6Qu	Q29uZmlybWVkIHRoYXQgdGhlIGJsYWNrIHJpYmJvbiB3YXMgY2F1c2VkIGJ5IGEgYmxvY2tlZCBzbHVpY2UgZ2F0ZSdzIGJhY2tmbG93LCBub3QgY29udGFtaW5hdGlvbi4=
E	7JuQ7KCV7J2EIOydtOuBjOuNmCDtkbjrpbgg67mb7J20IO2VnOyInOqwhCDsgqzrnbzsoLgg66qo65OgIOqzhOuLqOydtCDqsJnslYQg67O07JiA64ukLg==	VGhlIGd1aWRpbmcgYmx1ZSBsaWdodCB2YW5pc2hlZCBmb3IgYSBtb21lbnQsIG1ha2luZyBhbGwgdGhlIHN0YWlycyBzZWVtIHRoZSBzYW1lLg==
E	7J6Y66awIOu0ieyduOuBiOqzvCDqsoDsnYAg7J6s6rCAIOqwmeydgCDrj4TrkZHsl5DqsozshJwg64KY7JioIO2dlOyggeyehOydhCDtmZXsnbjtlojri6Qu	Q29uZmlybWVkIHRoYXQgdGhlIHRvcm4gc2VhbCB0aHJlYWQgYW5kIGJsYWNrIGFzaCB3ZXJlIHRyYWNlcyBmcm9tIHRoZSBzYW1lIHRoaWVmLg==
E	7J6l67aAIOqzs+qzs+yXkOuKlCDqsoDsnYAg66i57Jy866GcIOuNp+y5oO2VnCDqsbDrjIDtlZwg66y47KeA6riwIO2YleyDgeydtCDrsJjrs7XrkJDri6Qu	VGhyb3VnaG91dCB0aGUgbGVkZ2VyLCBtYXNzaXZlIGdhdGVrZWVwZXIgZmlndXJlcyBwYWludGVkIGluIGJsYWNrIGluayB3ZXJlIHJlcGVhdGVkLg==
E	7J6s7JmAIOycoOumrOydmCDsm4Dsp4HsnoTsnbQg64SkIOuyiOynuCDsmrjrprzsnYQg6riw7KSA7Jy866GcIOuwmOuzteuQqOydhCDtmZXsnbjtlojri6Qu	Q29uZmlybWVkIHRoYXQgdGhlIG1vdmVtZW50IG9mIGFzaCBhbmQgZ2xhc3MgcmVwZWF0ZWQgaXRzZWxmIG9uIHRoZSBmb3VydGggZWNoby4=
E	7KCBIOqyveqzhOuzkeydhCDqtaztlZjqs6Ag6rS066y87J20IOyEseyxhOyXkOyEnCDsmZTri6TripQg7Kad7Ja46rO8IOq1sO2MqOulvCDslrvsl4jri6Qu	UmVzY3VlZCBhbiBlbmVteSBzZW50cnkgYW5kIG9idGFpbmVkIGhpcyB0ZXN0aW1vbnkgdGhhdCB0aGUgbW9uc3RlcnMgaGFkIGNvbWUgZnJvbSB0aGUgY2l0YWRlbCwgYWxvbmcgd2l0aCBoaXMgbWlsaXRhcnkgdGFnLg==
E	7KCB7J2YIOq5g+uwnOuhnCDsnqzsnZgg66y066as66W8IOycoOyduO2VtCDqsIftnowg7JaR6rWw7J2YIOyDneyhtOyekOuTpOydhCDqtazstpztlojri6Qu	VXNlZCB0aGUgZW5lbXkgYmFubmVyIHRvIGx1cmUgYXdheSB0aGUgYXNoIGhvcmRlIGFuZCByZXNjdWUgc3Vydml2b3JzIHRyYXBwZWQgZnJvbSBib3RoIGFybWllcy4=
E	7KKF7J20IOuSt+uptOydmCDriIzrprAg7J6Q6rWt7JeQ7IScIOKAmOyImO2YuOuMgOyepSDshLjrnbzigJnrnbzripQg7J2066aE7J2EIOuzteybkO2WiOuLpC4=	UmVzdG9yZWQgdGhlIG5hbWUgJ0d1YXJkIENhcHRhaW4gU2VyYScgZnJvbSB0aGUgcHJlc3NlZCBpbXByaW50IG9uIHRoZSBwYXBlcidzIGJhY2sgc2lkZS4=
E	7KKF7YORIOqxsOyauOydhCDri6bqs6Ag7JW97IaN65CcIOuRkCDrsojsp7gg7JWI7KCEIOuLteyLoOydhCDsoJXtmZXtnogg64+M66Ck67O064OI64ukLg==	UG9saXNoZWQgdGhlIGJlbGwtdG93ZXIgbWlycm9yIGFuZCByZXR1cm5lZCB0aGUgcHJvbWlzZWQgc2Vjb25kIHNhZmV0eSBzaWduYWwgd2l0aG91dCBlcnJvci4=
E	7KeE7KecIOq3gO2ZmOuhnOyXkOuKlCDqsbjsnYwg7IKs7J2066eI64ukIOyEuOudvOydmCDqtbDtjKgg66qo7ISc66as6rCAIOywje2YgCDsnojsl4jri6Qu	QWxvbmcgdGhlIHJlYWwgcmV0dXJuIHBhdGgsIHRoZSBjb3JuZXJzIG9mIFNlcmEncyBtaWxpdGFyeSBwYXNzIHdlcmUgc3RhbXBlZCBhdCBldmVyeSBzdGVwLg==
E	7LC96rCA7J2YIOydgOu5myDri6jstpTroZwg7KeA64+E66W8IOqwgOyguOqwhCDsnbTqsIAg6ri47J6h7J20IOuLiOyVhOyehOydhCDslYzslYTrg4jri6Qu	VGhlIHNpbHZlciBidXR0b24gbGVmdCBieSB0aGUgd2luZG93IHJldmVhbGVkIHRoYXQgdGhlIG1hcCBoYWQgYmVlbiB0YWtlbiBieSB0aGUgZ3VpZGUgTmlhLg==
E	7Yis66qF7ZWcIOyImOyVoSDsho3sl5DshJwg7Jik656Y7KCEIOyImO2YuOuMgOydmCDqt7jrprzsnpDqsIAg6rCZ7J2AIOq4uOydhCDrsJjrs7Xtlojri6Qu	V2l0aGluIHRoZSBjbGVhciBzYXAsIHNoYWRvd3Mgb2YgdGhlIG9sZCBndWFyZGlhbiBzcXVhZCByZXRyYWNlZCB0aGUgc2FtZSBwYXRoIGVuZGxlc3NseS4=
P	e3sxfX0g7IKs7J2066GcIOyYmyDsooXsnZgg6riI7IaNIOqwgOujqOqwgCDqsJXrsJTri6Xsspjrn7wg7IyT7JesIOyeiOyXiOuLpC4=	QW1pZCB0aGUge3sxfX0sIG1ldGFsIGR1c3QgZnJvbSBhbmNpZW50IGJlbGxzIGxheSB0aGljayBhcyBhIHJpdmVyYmVkLg==
P	e3sxfX0g7JyE7JWE656Y6rCAIOuwlOuAjOuKlCDsiJzqsITrp4jri6Qg7JWI7KCE7KSE7J2EIOuBiuycvOugpCDri6zroKTrk6Tsl4jri6Qu	e3sxfX0gbHVuZ2VkIGZvciB0aGUgc2FmZXR5IGxpbmUgd2hlbmV2ZXIgdXAgYW5kIGRvd24gZXhjaGFuZ2VkIHBsYWNlcy4=
P	e3sxfX0g7J6l67aA7J2YIOyDiCDquLDroZ3snYQg6rCJ7JWE66i56rOgIO2LgOumsCDqt4DtmZgg7Iir7J6Q66W8IOuCqOqyvOuLpC4=	e3sxfX0gZ25hd2VkIHRocm91Z2ggdGhlIGxlZGdlcidzIG5ldyBlbnRyeSwgbGVhdmluZyBhIGNvcnJ1cHRlZCByZXR1cm4gbnVtYmVyLg==
P	e3sxfX3snZgg65Gl7KeAIOyVhOuemOyXkOyEnCDsmKTrnpjrkJwg7IiY66CIIOywqOy2leydtCDrqqjsirXsnYQg65Oc65+s64OI64ukLg==	QW4gb2xkIGNhcnQgYXhsZSB3YXMgcmV2ZWFsZWQgYmVuZWF0aCB7ezF9fSdzIG5lc3Qu
E	6rCZ7J2AIOqzhOuLqOuPhCDrk6Tqs6Ag7J6I64qUIOusvOqxtOyXkCDrlLDrnbwg7ISc66GcIOuLpOuluCDqs7PsnLzroZwg7J207Ja07KGM64ukLg==	VGhlIHNhbWUgc3RhaXJzIGxlZCB0byBkaWZmZXJlbnQgcGxhY2VzIGRlcGVuZGluZyBvbiB3aGF0IHdhcyBjYXJyaWVkLg==
E	6rOE64uoIOyVhOuemOyXkOyEnOuKlCDrsJTrnowg64yA7IugIOusvCDtnZDrpbTripQg7IaM66as6rCAIOychOyqveycvOuhnCDsmKzrnbzsmZTri6Qu	RnJvbSBiZWxvdyB0aGUgc3RhaXJzLCB0aGUgc291bmQgb2YgZmxvd2luZyB3YXRlciByb3NlIHVwd2FyZCBpbnN0ZWFkIG9mIHdpbmQu
E	6re466a87J6Q66W8IOuUsOudvOqwgOyngCDslYrqs6Ag7IiY7JWhIO2dkOumhCDrsJjrjIDtjrjsnZgg7Iuk7KCcIO2GteuhnOulvCDssL7slZjri6Qu	Rm91bmQgdGhlIGFjdHVhbCBwYXNzYWdlIG9uIHRoZSBvcHBvc2l0ZSBzaWRlIG9mIHRoZSBsaXF1aWQgZmxvdywgd2l0aG91dCBmb2xsb3dpbmcgdGhlIHNoYWRvdy4=
E	64KY7ISg7J2YIOychO2YkeydhCDrqrDslYTrgrTqs6Ag66y064SI7KeEIOq3oO2Yley2lOulvCDsm5Drnpgg7J6Q66as7JeQIOuPjOugpOuGk+yVmOuLpC4=	RHJvdmUgb2ZmIHRoZSB0aHJlYXQgd2l0aGluIHRoZSBzcGlyYWwgYW5kIHJlc3RvcmVkIHRoZSBmYWxsZW4gY291bnRlcndlaWdodCB0byBpdHMgcGxhY2Uu
E	64Ko7J2AIOynleyhsDog65WF7IaNIOyatOuwmOuhnCDrgZ3sl5DshJwg7IOI67K97KKF6rO864qUIOuLpOuluCDsmrjrprzsnbQg65Ok66aw64ukLg==	UmVtYWluaW5nIHNpZ25zOiBBIHNvdW5kIGRpZmZlcmVudCBmcm9tIHRoZSBkYXduIGJlbGwgd2FzIGhlYXJkIGF0IHRoZSBlbmQgb2YgdGhlIHVuZGVyZ3JvdW5kIHRyYW5zcG9ydCB0dW5uZWwu
E	64uk7ISvIOunicK37ZWcIOq1rOyXreydmCDsm5DsoJUg6rec7LmZ7J2EIO2YhOyerCDsiJjtmLjrjIDsnZgg7ZGc7KSA7Jy866GcIOygle2WiOuLpC4=	U2V0IHRoZSBydWxlIG9mIGZpdmUgYWN0cyBhbmQgb25lIHNlY3RvciBhcyB0aGUgY3VycmVudCBzdGFuZGFyZCBvZiB0aGUgZ3VhcmRpYW4gc3F1YWQu
E	64uk7ISvIOunieydhCDtlZwg6rWs7Jet7Jy866GcIOyCvOuKlCDsm5DsoJUg6rec7LmZ7J2EIOyLpOygnCDthrXroZzsl5Ag7ZGc7Iuc7ZaI64ukLg==	TWFya2VkIHRoZSBydWxlIGZvciBhbiBleHBlZGl0aW9uIGNvdmVyaW5nIGZpdmUgYWN0cyBvbiB0aGUgYWN0dWFsIHBhc3NhZ2Uu
E	64uk7J2MIOq1rOyXrTog7KCV7JuQIOykkeyLrOydmCDslKjslZfrrLjsnbQg67OEIOyXhuuKlCDrgpjshKDqs4Tri6jsnLzroZwg7Je066aw64ukLg==	TmV4dCBzZWN0b3I6IFRoZSBzZWVkIGdhdGUgb3BlbnMgdG8gYSBzcGlyYWwgc3RhaXJjYXNlIHdpdGhvdXQgc3RhcnMu
E	642r7J2YIOyasOuRkOuouOumrOulvCDsk7Drn6zrnKjrpqzqs6Ag67aB7Kq9IOq4uOydhCDslYTripQg7KeQ7Iq57J2EIO2SgOyWtCDso7zsl4jri6Qu	UmVsZWFzZWQgdGhlIGJlYXN0IHRoYXQga25vd3MgdGhlIG5vcnRoZXJuIHBhdGggYWZ0ZXIgZGVmZWF0aW5nIHRoZSB0cmFwJ3MgbGVhZGVyLg==
E	64+MIOyVhOuemOqwgCDsl63rpZgg7IiY66Gc7JmAIOydtOyWtOyguCDsnojsnYzsnYQg7ZmV7J247ZWY6rOgIOuwsOyImOuhnOulvCDsl7Tsl4jri6Qu	Q29uZmlybWVkIHRoZSBhcmVhIGJlbG93IHRoZSByb2NrIGNvbm5lY3RzIHRvIHRoZSByZXZlcnNlIGNhbmFsIGFuZCBvcGVuZWQgdGhlIHNsdWljZS4=
E	64+Z7J2Y7J2YIOuqqeyGjOumrCDsl63si5wg67Cx7JW8IOyyq+uCoOydmCDquLDslrXsnYQg67O17KCc7ZWcIOqyg+yehOydhCDrsJ3tmIDrg4jri6Qu	UmV2ZWFsZWQgdGhhdCB0aGUgdm9pY2VzIGV4cHJlc3NpbmcgY29uc2VudCB3ZXJlIGFsc28gY29waWVzIG9mIG1lbW9yaWVzIGZyb20gdGhlIFdoaXRlIE5pZ2h0J3MgZmlyc3QgZGF5Lg==
E	66Gc7Jus7J2EIOq1rO2VmOqzoCDriITqtbDqsIAg7Iic7LCw64yA66W8IOq0tOusvOyXkOqyjCDrqrDslZjri6TripQg7Kad7Ja47J2EIOyWu+yXiOuLpC4=	UmVzY3VlZCBSb3dlbiBhbmQgb2J0YWluZWQgdGVzdGltb255IHRoYXQgc29tZW9uZSBoYWQgbHVyZWQgdGhlIHBhdHJvbCB0byB0aGUgbW9uc3Rlci4=
E	66eI7KeA66eJIOqxsOyauOydhCDrj4zrpqzsnpAg7Iug7Zi47YORIOq3uOumvOyekCDrsJHsl5Ag7ZG466W4IOusuOyWkeydtCDrlqDsmKzrnpDri6Qu	V2hlbiB0aGUgbGFzdCBtaXJyb3Igd2FzIHR1cm5lZCwgYSBibHVlIGVtYmxlbSByb3NlIGJlbmVhdGggdGhlIHNpZ25hbCB0b3dlcidzIHNoYWRvdy4=
E	66eI7KeA66eJIOusvOq4uOydhCDrtInsnbjtlZjqs6Ag7KCW7J2AIOyXtOyEuCDrsojsp7gg66yY7ZGc7J2YIOychOy5mOulvCDtmZXsnbjtlojri6Qu	U2VhbGVkIHRoZSBsYXN0IHdhdGVyd2F5IGFuZCBjb25maXJtZWQgdGhlIGxvY2F0aW9uIG9mIHRoZSB0aGlydGVlbnRoIHdldCB0b21iLg==
E	66eI7KeA66eJIOyXtOyHoOuKlCDrqqjrk6Ag7IaM66as66W8IOu2meyeoeyVhCDrkZDripQg67Cx7JW87J2YIOycoOumrCDtg5Hsl5Ag7J6I64ukLg==	VGhlIGxhc3Qga2V5IGxpZXMgaW4gdGhlIEdsYXNzIFRvd2VyIG9mIFdoaXRlIE5pZ2h0IHRoYXQgaG9sZHMgYWxsIHNvdW5kcyBjYXB0aXZlLg==
E	66ekIOyepSDrgZ3sl5DripQg6rCZ7J2AIOyDiSDsi6TroZwg66y27J2AIOunpOuTrSDri6TshK8g6rCc6rCAIOuLrOugpCDsnojsl4jri6Qu	QXQgdGhlIGVuZCBvZiBlYWNoIHJlZWwsIGZpdmUga25vdHMgd2VyZSB0aWVkIHRvZ2V0aGVyIHdpdGggdGhyZWFkcyBvZiB0aGUgc2FtZSBjb2xvci4=
E	66mI7LaYIOyatOuwmCDsiJjroIjsl5DripQg7KeQ64+EIOyCrOuejOuPhCDsl4bsnbQg7KCW7J2AIOuwp+ykhOunjCDrgqjslYQg7J6I7JeI64ukLg==	VGhlIHN0b3BwZWQgdHJhbnNwb3J0IGNhcnQgaGFkIG9ubHkgYSB3ZXQgcm9wZSBsZWZ0LCB3aXRoIG5laXRoZXIgY2FyZ28gbm9yIHBlb3BsZS4=
E	66y064SI7KeEIOuLpOumrOydmCDrp4jrrLzrk6TsnYQg7KCV7ZmU7ZW0IO2UvOuCnOuvvOydtCDqsbTrhJAg67mb7J2YIOq4uOydhCDrp4zrk6Dri6Qu	Q2xlYW5zZWQgdGhlIGNvcnJ1cHRlZCBjcmVhdHVyZXMgb24gdGhlIGJyb2tlbiBicmlkZ2UgdG8gY3JlYXRlIGEgcGF0aCBvZiBsaWdodCBmb3IgdGhlIHJlZnVnZWVzLg==
E	67mb7J2YIOqwhOqyqeydhCDtmZXsnbjtlbQg64uk7J2MIOyLoO2YuOqwgCDrgpjtg4DrgqAg7J6l7IaM7JmAIOyLnOqwgeydhCDsoJDqsoDtlojri6Qu	Q2hlY2tlZCB0aGUgaW50ZXJ2YWwgb2YgbGlnaHQgdG8gZGV0ZXJtaW5lIHdoZXJlIGFuZCB3aGVuIHRoZSBuZXh0IHNpZ25hbCB3b3VsZCBhcHBlYXIu
E	67mb7J2YIOydtOuPmeydhCDrlLDrnbwg7LKrIOq1rOyXrSDrrLjsnbQg7Je066as64qUIOyLnOqwgeqzvCDsnITsuZjrpbwg7ZmV7J247ZaI64ukLg==	Rm9sbG93ZWQgdGhlIG1vdmVtZW50IG9mIGxpZ2h0IHRvIGlkZW50aWZ5IHdoZW4gYW5kIHdoZXJlIHRoZSBmaXJzdCBzZWN0b3IgZ2F0ZSB3b3VsZCBvcGVuLg==
E	7ISx67K97J2EIOyngOy8sOyngOunjCDrgpjrqLjsp4Ag65GQIOyiheydtCDshLHssYTroZwg7Jiu6rKo7KeA6rOgIOyeiOydjOydhCDrs7TslZjri6Qu	VGhvdWdoIHRoZSB3YWxscyB3ZXJlIGhlbGQsIHRoZSBvdGhlciB0d28gYmVsbHMgd2VyZSBtb3ZpbmcgdG93YXJkIHRoZSBjaXRhZGVsLg==
E	7IS465287J2YIOq1sO2MqOulvCDrkZDrk5zrprQg65WM66eI64ukIOyEnOuhnCDri6Trpbgg7Je07Jes642fIOyauOumvOydtCDrj4zslYTsmZTri6Qu	RWFjaCBzdHJpa2UgYWdhaW5zdCBTZXJhJ3MgbWlsaXRhcnkgdGFnIGRyZXcgZWlnaHRlZW4gZGlzdGluY3QgZWNob2VzIGluIHJlcGx5Lg==
E	7IiY66GcIOuyveydmCDsiKvsnpDripQg7JWE656Y66GcIOqwiOyImOuhnSDsu6Tsp4Dri6TqsIAg7Je07IS4IOuyiOynuOyXkOyEnCDrgYrqsrzri6Qu	VGhlIG51bWJlcnMgb24gdGhlIHNsdWljZSB3YWxsIGluY3JlYXNlZCBhcyB0aGV5IHdlbnQgZG93biwgYnV0IHN0b3BwZWQgYXQgdGhlIHRoaXJ0ZWVudGgu
E	7IiY67mE64yA7J2YIO2RnOyLneydhCDrkJjssL7slYQg67aB66y47JeQIOqxuOqzoCDssqsg6rWt6rK9IOydmOuisOulvCDrsJvslYTrk6TsmIDri6Qu	UmVjbGFpbWVkIHRoZSBib3JkZXIgZ3VhcmQncyBpbnNpZ25pYSwgaHVuZyBpdCBvbiB0aGUgbm9ydGggZ2F0ZSwgYW5kIGFjY2VwdGVkIHRoZSBmaXJzdCBib3JkZXIgY29tbWlzc2lvbi4=
E	7Iug7Zi47YORIOuwlOuLpSDslYTrnpjsl5DshJwg7JyE6rCAIOyVhOuLiOudvCDslYTrnpjrpbwg7Zal7ZWcIOqxsOyauOydtCDrsJzqsqzrkJDri6Qu	QSBtaXJyb3Igd2FzIGRpc2NvdmVyZWQgcG9pbnRpbmcgZG93bndhcmQsIG5vdCB1cHdhcmQsIGJlbmVhdGggdGhlIHNpZ25hbCB0b3dlci4=
E	7Iug7Zi47YOR7J2YIOyasOuRkOuouOumrCDsp5DsirnsnYQg7JOw65+s65yo66as6rOgIOu2geuwqSDquLjsnqHsnbQg66eI7JeY7J2EIOq1rO2WiOuLpC4=	RGVmZWF0ZWQgdGhlIGFscGhhIGJlYXN0IGF0IHRoZSBzaWduYWwgdG93ZXIgYW5kIHJlc2N1ZWQgTWFlbCwgdGhlIG5vcnRoZXJuIGd1aWRlLg==
E	7JWI7KCE7KSE7J2EIOyEpOy5mO2VmOqzoCDssqsg7Im87YSw6rmM7KeAIOuCtOugpOqwgCDsl63rpZjtlZjripQg7IiY66Gc66W8IO2ZleyduO2WiOuLpC4=	U2V0IGEgc2FmZXR5IGxpbmUsIGRlc2NlbmRlZCB0byB0aGUgZmlyc3Qgc2hlbHRlciwgYW5kIGNvbmZpcm1lZCB0aGF0IHRoZSBjaGFubmVsIHdhcyBmbG93aW5nIGJhY2t3YXJkLg==
E	7JW87JiBIOq4sOuhneyXkOyEnCDquLDslrXrgpjrrLQg7Iic7LCw66Gc66W8IOqwgOuhnOunieydgCDsnITtl5jsnZgg7JyE7LmY66W8IOywvuyVmOuLpC4=	Rm91bmQgdGhlIGxvY2F0aW9uIG9mIHRoZSBkYW5nZXIgdGhhdCBibG9ja2VkIHRoZSBtZW1vcnkgdHJlZSBwYXRyb2wgaW4gdGhlIGNhbXAgcmVjb3Jkcy4=
E	7JaR7Kq9IOq1sOuMgOqwgCDqsJnsnYAg7J6s7J2YIOustOumrOyXkOqyjCDsq5Pqsqjrgqzri6TripQg6rO17Ya1IO2dlOyggeydhCDssL7slZjri6Qu	Rm91bmQgbWF0Y2hpbmcgdHJhY2VzIHNob3dpbmcgdGhhdCBib3RoIGFybWllcyBoYWQgYmVlbiBkcml2ZW4gb2ZmIGJ5IHRoZSBzYW1lIGFzaCBob3JkZS4=
E	7Jik7ZSE65287J24IOuqqO2XmOyLnOqwhOydtCDripjslrTrgpjqs6AsIOy1nOuMgCBIUCDshLHsnqXsl5Ag64+E7JuA7J20IOuQqeuLiOuLpC4=	QWR2ZW50dXJlIG9mZmxpbmUgZm9yIGxvbmdlciBhbmQgZ2FpbiBtb3JlIG1heGltdW0gSFAgYXMgeW91IGdyb3cu
E	7JyE7ZiR7J2EIOunieqzoCDshLgg7J2M7J2EIO2VnCDrsJXsnpDroZwg66ee7LawIOyeoOq4iOydmCDssqsg6rOg66as66W8IO2SgOyXiOuLpC4=	RGVmZW5kZWQgYWdhaW5zdCB0aGUgdGhyZWF0IGFuZCB1bmxvY2tlZCB0aGUgZmlyc3QgbG9jayBieSBtYXRjaGluZyB0aHJlZSBiZWF0cyBpbiByaHl0aG0u
E	7J247J6l7J2EIO2MjOq0tO2VmOugpOuKlCDrp4jsp4Drp4kg7KG07J6s66W8IOusvOumrOy5mOqzoCDqta3qsr3snZgg6reg7Je07J2EIOu5hOy2mOuLpC4=	RGVmZWF0IHRoZSBmaW5hbCBlbnRpdHkgc2Vla2luZyB0byBzaGF0dGVyIHRoZSBzZWFsIGFuZCBpbGx1bWluYXRlIHRoZSBib3JkZXIncyBydXB0dXJlLg==
E	7KeA64+E7JeQIO2RnOyLnOuQnCDsnpDrpqzsl5DripQg7J207J2M7IOIIO2VmOuCmCDsl4bripQg6rKA7J2AIOuyveunjCDshJwg7J6I7JeI64ukLg==	QSBzZWFtbGVzcyBibGFjayB3YWxsIHN0b29kIHdoZXJlIHRoZSBtYXAgaW5kaWNhdGVkLg==
E	7KeA7ZWYIOyatOuwmOuhnOydmCDsiJjroIjripQg64KY7ISg7J20IOybgOyngeydvCDrlYzrp4jri6Qg7Lac67CcIOyLnOqwgeydhCDrhpPss6Tri6Qu	VGhlIG1pbmVjYXJ0IG9uIHRoZSB1bmRlcmdyb3VuZCB0cmFjayBtaXNzZWQgaXRzIGRlcGFydHVyZSB0aW1lIGVhY2ggdGltZSB0aGUgc3BpcmFsIG1vdmVkLg==
E	7KeE64+ZIOqwhOqyqeydhCDsnqzslrQg7JuQ7KCV64yA6rCAIOupiOy2lOyngCDslYrqs6Ag7J2064+Z7ZWgIOyLnOqwhOydhCDtmZXrs7Ttlojri6Qu	QnkgbWVhc3VyaW5nIHRoZSB2aWJyYXRpb24gaW50ZXJ2YWxzLCB0aGUgZXhwZWRpdGlvbiBzZWN1cmVkIHVuaW50ZXJydXB0ZWQgbW92ZW1lbnQu
E	7LKrIOyImOusuOydhCDsl7TsnpAg66y87J20IOu5oOyngOyngCDslYrqs6Ag642UIOq5iuydgCDquLDroZ3si6Tsl5DshJwg67CA66Ck7JmU64ukLg==	QXMgdGhlIGZpcnN0IHNsdWljZSBnYXRlIG9wZW5lZCwgd2F0ZXIgcG91cmVkIGluIGZyb20gZGVlcGVyIGFyY2hpdmVzIHdpdGhvdXQgc3RvcHBpbmcu
E	7LKt64+ZIOqwgOujqOulvCDrlLDrnbzqsIAg7Jq466a8IOyepey5mOyZgCDrtInsnbgg6rOE64uo7J2EIOyeh+uKlCDti4jsnYQg7LC+7JWY64ukLg==	Rm9sbG93aW5nIHRoZSBicm9uemUgZHVzdCwgdGhleSBmb3VuZCB0aGUgZ2FwIGNvbm5lY3RpbmcgdGhlIHJlc29uYW5jZSBkZXZpY2UgYW5kIHRoZSBzZWFsZWQgc3RhaXJjYXNlLg==
E	7LWc7LSIIOyImO2YuOuMgOydmCDsi6DtmLjqsIAg7ZWcIOq1rOyXreyUqSDslYTrnpjroZwg7J207Ja07KC4IOyeiOydjOydhCDtmZXsnbjtlojri6Qu	Q29uZmlybWVkIHRoYXQgdGhlIGZpcnN0IHNlbnRyeSdzIHNpZ25hbCBjb25uZWN0ZWQgZWFjaCBzZWN0b3IgZG93bndhcmQu
E	7LaU6rKp7J6Q65Ok7J2EIOuUsOuPjOumrOqzoCDrj5nsoIQg65K366m07JeQIOyDiOqyqOynhCDqtIDsuKHshowg7ZGc7Iud7J2EIOywvuyVhOuDiOuLpC4=	RHJvcHBlZCB0aGUgcHVyc3VlcnMgYW5kIGZvdW5kIHRoZSBvYnNlcnZhdG9yeSBtYXJrIGVuZ3JhdmVkIG9uIHRoZSBjb2luJ3MgYmFjay4=
E	7Ya166GcIOuBneyXkOuKlCDri4jslYTsnZgg64+Z66OM7JmAIOq1reqyveq1sCDrs7TquIntlajsnbQg64KY656A7Z6IIOusu+2YgCDsnojsl4jri6Qu	QXQgdGhlIHBhc3NhZ2UncyBlbmQsIE5pYSdzIGNvbXBhbmlvbiBhbmQgYSBib3JkZXItZ2Fycmlzb24gc3VwcGx5IGNoZXN0IGxheSBidXJpZWQgc2lkZSBieSBzaWRlLg==
E	7ZGc7Iud7J2YIOqwhOqyqeydhCDsnqzslrQg6rO164+Z66yY7KeAIOyVhOuemOuhnCDsnbTslrTsp4DripQg7Jqw7ZqM66Gc66W8IOqzhOyCsO2WiOuLpC4=	TWVhc3VyZWQgdGhlIHNwYWNpbmcgb2YgdGhlIG1hcmtlcnMgdG8gcGxvdCBhIGRldG91ciBiZW5lYXRoIHRoZSBjZW1ldGVyeS4=
E	7ZWcIOqxuOydjOydhCDrl4Qg65WM66eI64ukIOuwlOuhnCDrkqTsl5DshJwg6rKA7J2AIOq9g+ydtCDtlLzslrQg6ri47J2EIOuNruyXiOuLpC4=	V2l0aCBlYWNoIHN0ZXAsIGJsYWNrIGZsb3dlcnMgYmxvb21lZCBiZWhpbmQgdG8gYmxvY2sgdGhlIHBhdGgu
E	7ZiE7J6sIOychOy5mOyZgCDri6TsnYwg7Jyg66as66el7J2EIOyngOuPhOyXkCDtkZzsi5ztlZjqs6Ag6riw66Gd7IiY66Gc66W8IO2GteqzvO2WiOuLpC4=	TWFya2VkIHRoZSBjdXJyZW50IHBvc2l0aW9uIGFuZCB0aGUgbmV4dCBnbGFzcyB2ZWluIG9uIHRoZSBtYXAsIHRoZW4gY2xlYXJlZCB0aGUgYXJjaGl2ZSBjaGFubmVsLg==
E	7ZmU7IK066GcIOuNq+ykhOydhCDrgYrqs6Ag6rOg66a965CcIOydtOuTpOydtCDqsbTrhJAg7IiYIOyeiOuKlCDquLjsnYQg7ZGc7Iuc7ZaI64ukLg==	Q3V0IHRoZSB0cmlwd2lyZXMgd2l0aCBhcnJvd3MgYW5kIG1hcmtlZCBhIHNhZmUgcm91dGUgZm9yIHRob3NlIHdobyBoYWQgYmVlbiBjdXQgb2ZmLg==
P	e3sxfX0g6rKA7J2EIOuTpOyWtCDsmKzrpqzqs6Ag67aB66y4IOuwluyXkCDrgqjsnYAg7Z2U7KCB7J2EIOuUsOudvOqwlOuLpC4=	e3sxfX0gcmFpc2VkIGEgc3dvcmQgYW5kIGZvbGxvd2VkIHRoZSByZW1haW5pbmcgdHJhY2VzIG91dHNpZGUgdGhlIG5vcnRoZXJuIGdhdGUu
P	e3sxfX0g6rWz7J2AIOynhO2dmSDslYTrnpgg6rK57LOQ7KeEIOyYpOuemOuQnCDrsJTtgLTsnpDqta3snYQg65Sw65286rCU64ukLg==	e3sxfX0gZm9sbG93ZWQgdGhlIG9sZCB3aGVlbCB0cmFja3Mgb3ZlcmxhaWQgYmVuZWF0aCB0aGUgaGFyZGVuZWQgbXVkLg==
P	e3sxfX0g66y064SI7KeEIO2RnOyngOyEnSDslYTrnpgg65Gl7KeA66W8IO2LgOyWtCDquLjsnYQg66eJ6rOgIOyeiOyXiOuLpC4=	e3sxfX0gd2FzIGJsb2NraW5nIHRoZSBwYXRoIGJ5IG5lc3RpbmcgaW4gdGhlIGJyb2tlbiBtb251bWVudCdzIGJhc2Uu
P	e3sxfX0g7IyT7JWEIOuRlCDrsKfspITqs7wg7Iud65+J7J2EIOuBjOqzoCDrgpjshKAg7YuI7Jy866GcIOuPhOunneyzpOuLpC4=	e3sxfX0gc2VpemVkIHRoZSBzdG9ja3BpbGVkIHJvcGVzIGFuZCByYXRpb25zIGFuZCBmbGVkIHRocm91Z2ggYSBnYXAgaW4gdGhlIHNwaXJhbC4=
P	e3sxfX0g7J6s7JmAIOycoOumrCDsgqzsnbTrpbwg6rCJ7JWEIO2dkOumhOydhCDrjZQg67mg66W06rKMIOunjOuTpOyXiOuLpC4=	e3sxfX0gY2hld2VkIHRocm91Z2ggdGhlIGdhcCBiZXR3ZWVuIGFzaCBhbmQgZ2xhc3MgdG8gc3BlZWQgdXAgdGhlIGZsb3cu
P	e3sxfX0g7KeA64KY6rCEIOyekOumrOuniOuLpCDsobDsgqzrjIDsnZgg67Cc7J6Q6rWt7J20IOuYkeqwmeydtCDsg53qsqjrgqzri6Qu	e3sxfX0gVGhlIGZvb3RwcmludHMgb2YgdGhlIHN1cnZleW9ycyB3ZXJlIGlkZW50aWNhbCBhdCBldmVyeSBzaXRlIHBhc3NlZC4=
P	e3sxfX0g7ZG466W4IOu2iOyUqOulvCDrrLzslrQg64KY66W066mwIOq6vOynhCDtmZTroZzrpbwg64uk7IucIOq5qOyboOuLpC4=	e3sxfX0gY2FycmllZCBibHVlIGVtYmVycyBpbiBpdHMgamF3cywgcmVraW5kbGluZyB0aGUgY29sZCBmdXJuYWNlcy4=
E	6rCA7KecIOyepeu5hOydmCDsnbTsnYzsg4jrpbwg64GK6rOgIO2ajOyImCDqsIDriqXtlZwg7JWI7KCEIOq4iOyGjeunjCDrtoTrpqztlojri6Qu	SXQgc2V2ZXJlZCB0aGUgc2VhbXMgb2YgdGhlIGZha2UgZ2VhciBhbmQgc2VwYXJhdGVkIHRoZSByZWNvdmVyYWJsZSBzYWZlIG1ldGFsLg==
E	6rO164+ZIOuqheu2gOyZgCDslYjsoIQg7Iug7Zi466W8IOq1kO2ZmO2VtCDslrTquIvrgpwg7Iic7LCwIOq1rOqwhOydhCDssL7slYTrg4jri6Qu	QnkgZXhjaGFuZ2luZyB0aGUgc2hhcmVkIHJvc3RlciBhbmQgc2FmZSBzaWduYWxzLCB0aGV5IGZvdW5kIHRoZSBtaXNhbGlnbmVkIHBhdHJvbCBzZWN0b3JzLg==
E	6rO166qF7ZW17J20IOq5qOyWtOuCoCDrlYzrp4jri6Qg64+Z6rW07J2YIOq4uOqzvCDrsr3snbQg7ISc66GcIOyekOumrOulvCDrsJTqv6jri6Qu	RWFjaCB0aW1lIHRoZSByZXNvbmFuY2UgY29yZSBhd2FrZW5lZCwgdGhlIGNhdmVybidzIHBhdGhzIGFuZCB3YWxscyB0cmFkZWQgcGxhY2VzLg==
E	6rS066y87J2YIO2dlOyggeydhCDqsbfslrQg64K0IOyCrOygiOydtCDrgqjquLQg7JWI7KCE7ZWcIOygkeq3vOuhnOulvCDqtazrtoTtlojri6Qu	Q2xlYXJlZCBhd2F5IHRoZSBtb25zdGVycycgdHJhY2tzIGFuZCBpZGVudGlmaWVkIHRoZSBzYWZlIGFwcHJvYWNoIGxlZnQgYnkgdGhlIGVudm95Lg==
E	6riIIOqwhCDsooXsnYQg7Jq466CkIOyerOydmCDrrLTrpqzrpbwg66mI7LaU6rOgIOyEseuyveydmCDsgqzrnozrk6TsnYQg6rWs7ZaI64ukLg==	UmFuZyB0aGUgY3JhY2tlZCBiZWxsLCBoYWx0ZWQgdGhlIGFzaCBob3JkZSwgYW5kIHNhdmVkIHRoZSBwZW9wbGUgb24gdGhlIHdhbGxzLg==
E	6riw7Ja164KY66y06rCAIOuwlOq+vCDsg4gg6ri47J2EIOygleyLnSDqs7Xrj5kg7Iic7LCw66Gc66GcIOuCqOq4uOyngCDsoJDqsoDtlojri6Qu	Q2hlY2tlZCB3aGV0aGVyIHRoZSBwYXRoIG5ld2x5IGFsdGVyZWQgYnkgdGhlIE1lbW9yeSBUcmVlIHNob3VsZCBiZSBmb3JtYWxseSByZWdpc3RlcmVkIGFzIGEgam9pbnQgcGF0cm9sIHJvdXRlLg==
E	64Ko7J2AIOyEuCDqs4TsoIjsnZgg7JyE7LmY66W8IOunnuy2sCDsgqzrnbzsp4Qg67SEIOuwqeydmCDsnKTqs73snYQg65Oc65+s64OI64ukLg==	SXQgYWxpZ25lZCB0aGUgcmVtYWluaW5nIHRocmVlIHNlYXNvbnMnIHBvc2l0aW9ucyB0byByZXZlYWwgdGhlIG91dGxpbmUgb2YgdGhlIHZhbmlzaGVkIFNwcmluZyBIYWxsLg==
E	64Ko7J2AIOyGjOyLnTog6rO164+ZIOyImOuhnOyXkOyEnCDsnqzsmYAg67Cx7JW87J2YIOyelOyerOqwgCDtlajqu5gg67Cc6rKs65CQ64ukLg==	UmVtYWluaW5nIG5ld3M6IEFzaCBhbmQgV2hpdGUgTmlnaHQgcmVtbmFudHMgd2VyZSBmb3VuZCB0b2dldGhlciBpbiB0aGUgY29tbW9uIGNhbmFsLg==
E	64Ko7J2AIOyGjOyLnTog6rO164+Z66yY7KeAIOyVhOuemOyXkOyEnCDrtoHrsKkg7Iuk7KKF7J6Q7J2YIOq1sO2MqOqwgCDrsJzqsqzrkJDri6Qu	TGF0ZXN0IHJlcG9ydDogYSBtaWxpdGFyeSB0YWcgYmVsb25naW5nIHRvIHNvbWVvbmUgbWlzc2luZyBpbiB0aGUgTm9ydGggd2FzIGZvdW5kIGJlbmVhdGggdGhlIGNlbWV0ZXJ5Lg==
E	64W57IqoIOyImOusuCDrkqTsl5DshJwg66y867O064ukIOustOqxsOyatCDrrLTslrjqsIDqsIAg66y47J2EIOuIhOultOqzoCDsnojsl4jri6Qu	U29tZXRoaW5nIGhlYXZpZXIgdGhhbiB3YXRlciBwcmVzc2VkIGFnYWluc3QgdGhlIHdhdGVyIGdhdGUgZnJvbSBiZWhpbmQu
E	64uI7JWE7JmAIOyCrOudvOynhCDrj5nro4zrpbwg7LC+64qUIOuMgOyLoCDsp4Drj4Trpbwg65CY64+M66Ck67Cb6riw66GcIOyVveyGje2WiOuLpC4=	VGhleSBwcm9taXNlZCBOaWEgdGhleSB3b3VsZCBmaW5kIGhlciBtaXNzaW5nIGNvbXBhbmlvbiBpbiBleGNoYW5nZSBmb3IgdGhlIG1hcCdzIHJldHVybi4=
E	64uk7ISvIOqwiOuemCDrv4zrpqzqsIAg7ZWcIOusuOydhCDqsJDsi7jrqbAg7ISc66GcIOuLpOuluCDrsKntlqXsnLzroZwg64u56rK864ukLg==	Rml2ZSByb290cyBlbmNpcmNsZWQgdGhlIGRvb3IgYW5kIHB1bGxlZCBpdCBpbiBkaWZmZXJlbnQgZGlyZWN0aW9ucy4=
E	64+M6rOE64uoIOyVhOuemOyXkOuKlCDsg4Hsspgg7J6F7J2AIOyghOugueydtCDrtIntiKzrpbwg7ZKI6rOgIOyTsOufrOyguCDsnojsl4jri6Qu	QSB3b3VuZGVkIG1lc3NlbmdlciBsYXkgYmVuZWF0aCB0aGUgc3RvbmUgc3RlcHMsIGNsdXRjaGluZyBhbiBlbnZlbG9wZSB0byB0aGVpciBjaGVzdC4=
E	64+Z7KCE7J2EIOuFuOumrOuKlCDqs6jrqqkg66y066as66W8IO2UvO2VtCDsp4DrtpXquLjsnZgg7LKrIO2dlOyggeydhCDtmZXrs7TtlZzri6Qu	RXZhZGUgdGhlIGFsbGV5IGdhbmcgYWZ0ZXIgdGhlIGNvaW4gYW5kIHNlY3VyZSB0aGUgZmlyc3QgY2x1ZSBhbG9uZyB0aGUgcm9vZnRvcHMu
E	65Ox67aI7J2EIOuCruy2lOqzoCDrsJTri6Ug6reg7Je07J2YIOuwlOuejOycvOuhnCDthrXqs7wg6rCA64ql7ZWcIOq4uOydhCDssL7slZjri6Qu	TG93ZXJpbmcgdGhlIG9pbCBsYW1wLCB0aGV5IGZvdW5kIGEgcGF0aCB0aHJvdWdoIHRoZSBjcmFja3MgaW4gdGhlIGZsb29yLg==
E	65287JuA7JeQ7IScIOyEuCDrsojsnZgg67aI67mb7J20IOuPjOyVhOyZgCDsg4gg7Iic7LCw66Gc7J2YIOyViOyghOydhCDtmZXsnbjtlojri6Qu	VGhyZWUgYW5zd2VyaW5nIGxpZ2h0cyByZXR1cm5lZCBmcm9tIFJhdW0sIGNvbmZpcm1pbmcgdGhhdCB0aGUgbmV3IHBhdHJvbCByb3V0ZSB3YXMgc2FmZS4=
E	66eI7KeA66eJIOyijO2RnOulvCDsgrztgqTroKTripQg7KG07J6s66W8IOusvOumrOy5mOqzoCDqtIDsuKEg6riw66Gd7J2EIOyZhOyEse2VnOuLpC4=	RGVmZWF0aW5nIHRoZSBlbnRpdHkgdGhhdCBzb3VnaHQgdG8gc3dhbGxvdyB0aGUgbGFzdCBjb29yZGluYXRlLCB0aGV5IGNvbXBsZXRlZCB0aGUgb2JzZXJ2YXRpb24gbG9nLg==
E	66y064SI7KeEIOyImOugiOyZgCDsh6DsgqzsiqzsnYQg7KCQ6rGw7ZWcIOustOumrOulvCDsk7Drn6zrnKjroKQg6reA7ZmY66Gc66W8IOyXsOuLpC4=	RGVmZWF0IHRoZSBob3JkZSBvY2N1cHlpbmcgdGhlIHdyZWNrZWQgY2FydHMgYW5kIGNoYWlucyB0byByZW9wZW4gdGhlIHJvYWQgaG9tZS4=
E	67CR7KSE7JeQIOuLte2VmOuKlCDsooXshozrpqzrpbwg65Sw6528IOyeoOq4tCDsp4DtlZgg7IiY66Gc7J2YIOyeheq1rOulvCDssL7slZjri6Qu	Rm9sbG93aW5nIHRoZSBiZWxsIHRoYXQgYW5zd2VyZWQgdGhlIGxvd2VyZWQgcm9wZSwgdGhleSBmb3VuZCB0aGUgZW50cmFuY2UgdG8gdGhlIHNlYWxlZCB1bmRlcmdyb3VuZCB3YXRlcndheS4=
E	67CV7J6Q6rCAIOyWtOq4i+uCnCDqtIDsoIjsnYQg64GK7Ja0IOusuOyngOq4sOulvCDrqYjstpTqs6Ag67SJ7J2466y47J2EIO2ZleuztO2WiOuLpC4=	QnJlYWtpbmcgdGhlIG1pc2FsaWduZWQgam9pbnQsIHRoZXkgc3RvcHBlZCB0aGUgZ2F0ZWtlZXBlciBhbmQgc2VjdXJlZCB0aGUgc2VhbGVkIGRvb3Iu
E	67Cn7KSE7J2AIOyihSDrjIDsi6Ag7KeA7ZWYIOuyvSDsoITssrTrpbwg7Jq466as64qUIOyepey5mOyXkCDsl7DqsrDrj7wg7J6I7JeI64ukLg==	VGhlIHJvcGUgd2FzIGNvbm5lY3RlZCB0byB0aGUgZGV2aWNlIHRoYXQgbWFkZSB0aGUgZW50aXJlIHVuZGVyZ3JvdW5kIHdhbGwgcmluZy4=
E	67K97J20IOyynOyynO2eiCDrj4zslYQg6rCZ7J2AIOusuOydtCDrsJTri6Xqs7wg7LKc7J6l7JeQ7IScIOuyiOqwiOyVhCDrgpjtg4Drgqzri6Qu	VGhlIHdhbGxzIHNsb3dseSByb3RhdGVkLCByZXZlYWxpbmcgdGhlIHNhbWUgZG9vciBhbHRlcm5hdGluZyBiZXR3ZWVuIHRoZSBmbG9vciBhbmQgY2VpbGluZy4=
E	67O17JuQ65CcIOyijO2RnDog6rWt6rK9IOq0gOy4oeyGjOyZgCDsgqzrnbzsp4Qg7Iic7LCw64yA7J2YIOq4sOuhneydhCDsobDsgqztlZjrnbwu	UmVzdG9yZWQgY29vcmRpbmF0ZXM6IEludmVzdGlnYXRlIHRoZSByZWNvcmRzIG9mIHRoZSBib3JkZXIgb2JzZXJ2YXRvcnkgYW5kIHRoZSB2YW5pc2hlZCBwYXRyb2wu
E	67SJ7J2465CcIOyngOuguTog7Iuk7KKF65CcIOyInOywsOuMgOqwgCDrgqjquLQg64K067aA7J6Q7J2YIO2dlOyggeydhCDstpTsoIHtlZjrnbwu	U2VhbGVkIG9yZGVyczogRm9sbG93IHRoZSB0cmFpbCBvZiB0aGUgaW5zaWRlciB0aWVkIHRvIHRoZSBtaXNzaW5nIHBhdHJvbC4=
E	67SJ7J247J2YIOyjvOyduOydhCDrhbjrpqzripQg66eI7KeA66eJIOy2lOyggeyekOuTpOydhCDsspjrpqztlZjqs6Ag66y47ISc66W8IOyXsOuLpC4=	RGVmZWF0IHRoZSBsYXN0IHB1cnN1ZXJzIGh1bnRpbmcgdGhlIHNlYWwncyBvd25lciBhbmQgb3BlbiB0aGUgZG9jdW1lbnQu
E	67SJ7Yis66W8IOu5vOyVl+ycvOugpOuKlCDrp4jsp4Drp4kg66y066as66W8IOusvOumrOy5mOqzoCDqtazsobAg7JqU7LKt7J2EIOyngO2CqOuLpC4=	RGVmZWF0IHRoZSBsYXN0IGdyb3VwIHRyeWluZyB0byBzZWl6ZSB0aGUgZW52ZWxvcGUgYW5kIHNhZmVndWFyZCB0aGUgcGxlYSBmb3IgcmVzY3VlLg==
E	67aB66y47J2EIOuFuOumrOuNmCDsmrDrkZDrqLjrpqzrpbwg6rq+6rOgIOyEseuyvSDslYjsnZgg7IKs656M65Ok7J2EIOyngOy8nCDrg4jri6Qu	RGVmZWF0ZWQgdGhlIGxlYWRlciB0YXJnZXRpbmcgdGhlIG5vcnRoIGdhdGUgYW5kIHByb3RlY3RlZCB0aGUgcGVvcGxlIHdpdGhpbiB0aGUgd2FsbHMu
E	67aI67mb6rO8IOydvOyDgeydtCDrj4zslYTsmKgg6ri47J2EIO2ZleyduO2VmOqzoCDtm4Tsnbzri7Qg7ZWY64KY66W8IOuniOustOumrO2WiOuLpC4=	Q29uZmlybWVkIHRoZSBwYXRoIHdoZXJlIGxpZ2h0IGFuZCByb3V0aW5lIHJldHVybmVkLCBhbmQgY29uY2x1ZGVkIGEgc3Rvcnku
E	67mbIOuMgOyLoCDqt4DtmZjspITsnbQg64u56riw64qUIOuwqe2WpeydhCDsp4Dsg4HsnLzroZwg7KCV7ZW0IOq4sOykgOydhCDshLjsm6Dri6Qu	U2V0IHRoZSBncm91bmQgYXMgdGhlIHJlZmVyZW5jZSBwb2ludCBieSBkZXRlcm1pbmluZyB0aGUgZGlyZWN0aW9uIG9mIHRoZSByZXR1cm4gbGluZSBpbnN0ZWFkIG9mIGxpZ2h0Lg==
E	67mb7J2YIOuwqe2MqOuhnCDtlLzrgpwg7Iuc6rCE7J2EIOuyjOqzoCDqsIDsnqUg7YGwIO2LiCDslZ7sl5Ag7ZmA66GcIOuCqOyVmOuLpC4=	Qm91Z2h0IHRpbWUgZm9yIHRoZSBldmFjdWF0aW9uIHdpdGggYSBzaGllbGQgb2YgbGlnaHQgYW5kIHN0b29kIGFsb25lIGJlZm9yZSB0aGUgbGFyZ2VzdCBicmVhY2gu
E	67mb7J20IOyCrOudvOyngOq4sCDsoITsl5Ag7JWE7LmY7J2YIOu0ieyduOusuOqzvCDslYjsoIQg7ZGc7Iud7J2EIOuqqOuRkCDrsqDqvIjri6Qu	Q29waWVkIGV2ZXJ5IHNlYWwgaW5zY3JpcHRpb24gYW5kIHNhZmV0eSBtYXJrIG9uIHRoZSBhcmNoIGJlZm9yZSB0aGUgbGlnaHQgZmFkZWQu
E	67+M66asIOyCrOydtOydmCDslrzslrTrtpnsnYAg6riw7Ja066W8IO2SgOyWtCDqs4TsoIgg7J6l7LmY66W8IOuLpOyLnCDsm4Dsp4HsmIDri6Qu	VW5sb2NrZWQgdGhlIGZyb3plbiBnZWFycyBiZXR3ZWVuIHRoZSByb290cyBhbmQgcmVhY3RpdmF0ZWQgdGhlIHNlYXNvbmFsIG1lY2hhbmlzbS4=
E	7IOIIOydtOumhCDslZ7sl5Ag64aT7J24IOuTseu2iOydgCDrsJTrnozsnbQg67aI7Ja064+EIOyYpOuemCDqurzsp4Dsp4Ag7JWK7JWY64ukLg==	VGhlIGxhbnRlcm4gc2V0IGJlZm9yZSBlYWNoIHJlc3RvcmVkIG5hbWUgYnVybmVkIG9uLCBldmVuIGluIHRoZSB3aW5kLg==
E	7IOI67K97KKF7J2YIOuwleyekOyXkCDrp57strAg66mI7LaU64qUIOyInOqwhOydhCDssL7slYQg7JWI7KCEIO2RnOyLneydhCDrgqjqsrzri6Qu	Rm91bmQgdGhlIG1vbWVudCB0aGUgY29ycmlkb3Igc3RvcHBlZCBpbiB0aW1lIHdpdGggdGhlIERhd24gQmVsbHMgYW5kIGxlZnQgYSBzYWZldHkgbWFyay4=
E	7ISx7LGEIOygleusuCDrjIDsi6Ag7JWI7Kq97JeQ7IScIOyXtOumsCDsp4DtlZjroZzrpbwg7Ya17ZW0IOyEseyxhOyXkCDsp4TsnoXtlojri6Qu	RW50ZXJlZCB0aGUgY2l0YWRlbCB0aHJvdWdoIGFuIHVuZGVyZ3JvdW5kIHBhc3NhZ2Ugb3BlbmVkIGZyb20gd2l0aGluLCBieXBhc3NpbmcgdGhlIG1haW4gZ2F0ZS4=
E	7IS4IOyDiOuyveyiheydmCDsnpTtlqXsnLzroZwg67OE67mbIOyXhuydtOuPhCDrgZ3rrLjsnbQg7J6I64qUIOuLqOydhCDssL7slYTrg4jri6Qu	VXNlZCB0aGUgbGluZ2VyaW5nIHRvbmVzIG9mIHRoZSB0aHJlZSBEYXduIEJlbGxzIHRvIGZpbmQgdGhlIGxhbmRpbmcgd2l0aCB0aGUgZmluYWwgZ2F0ZSwgZXZlbiB3aXRob3V0IHN0YXJsaWdodC4=
E	7IS4IOyiheydhCDtlajqu5gg7Jq466CkIOyerOulvCDrlYXsnLzroZwg64+M66Ck67O064K06rOgIOyerOydmCDrrLjsnYQg64ur7JWY64ukLg==	UmFuZyB0aGUgdGhyZWUgYmVsbHMgdG9nZXRoZXIsIHNlbnQgdGhlIGFzaCBiYWNrIHRvIHRoZSBlYXJ0aCwgYW5kIHNlYWxlZCB0aGUgQXNoZW4gR2F0ZS4=
E	7Iug67CcIO2BrOq4sOyZgCDrs7Ttj63snYQg7J6s7Ja0IOyXtOyXrOuNnyDsgqzrnozsnZgg7Lac67CcIOyInOyEnOulvCDrs7Xsm5Dtlojri6Qu	TWVhc3VyZWQgdGhlIHNob2Ugc2l6ZSBhbmQgc3RlcCBsZW5ndGggdG8gcmVzdG9yZSB0aGUgZGVwYXJ0dXJlIG9yZGVyIG9mIGVpZ2h0ZWVuIHBlb3BsZS4=
E	7Ja065Gg7J2YIOyasOuRkOuouOumrOulvCDsoJXtmZTtlZjqs6Ag66qo65OgIO2UvOuCnOuvvOydhCDsmIjrsLDri7nsnLzroZwg7J2064GM7JeI64ukLg==	UHVyaWZpZWQgdGhlIGhlYWQgb2YgZGFya25lc3MgYW5kIGxlZCBhbGwgdGhlIHJlZnVnZWVzIHRvIHRoZSBjaGFwZWwu
E	7Jew7LacIOyEoO2DnSDqsrDqs7zripQg7Iuk7KCcIOynhO2WieqzvCDsoIDsnqUg642w7J207YSw7JeQIOuwmOyYgeuQmOyngCDslYrsirXri4jri6Q=	VGhlIG91dGNvbWUgb2YgdGhlIHBlcmZvcm1hbmNlIHNlbGVjdGlvbiBkb2VzIG5vdCByZWZsZWN0IHRoZSBhY3R1YWwgcHJvZ3Jlc3Mgb3Igc2F2ZWQgZGF0YS4=
E	7Jik66W067CY7J20IOyDiOuyveyiheydhCDtlZwg67KIIOyauOumrOyekCDrlYXsho3sl5DshJwg6ri0IOynhOuPmeydtCDrj4zslYTsmZTri6Qu	QXMgT3JiYW4gcmFuZyB0aGUgRGF3biBCZWxsIG9uY2UsIGEgbG9uZyB2aWJyYXRpb24gY2FtZSB1cCBmcm9tIGJlbmVhdGggdGhlIGVhcnRoLg==
E	7Jqw7Y6464Kt7J2YIOyWvOydjOydhCDrhbnsl6wg67Kg66W47JeQ6rKMIOuztOuCtOynhCDrtoHrsKkg66y47ISc65Ok7J2EIOuztOyhtO2WiOuLpC4=	TWVsdGVkIHRoZSBpY2UgaW4gdGhlIGxldHRlciBwb3VjaCBhbmQgcHJlc2VydmVkIHRoZSBub3J0aGVybiBkb2N1bWVudHMgc2VudCB0byBCZXJuLg==
E	7Jyg66asIOq7jeyniOunjCDqsbfslrQg64K0IOq4sOyWteuCmOustOulvCDri6TsuZjsp4Ag7JWK6rOgIOyyqyDri6jsnYQg7Je07JeI64ukLg==	UmVtb3ZlZCBvbmx5IHRoZSBnbGFzcyBzaGVsbCwgdW5jb3ZlcmluZyB0aGUgZmlyc3Qgc3RlcCB3aXRob3V0IGhhcm1pbmcgdGhlIE1lbW9yeSBUcmVlLg==
E	7J6R7J2AIOyiheydgCDtlbQg7KeIIOuFmOuniOuLpCDqsJnsnYAg67Cp7Zal7J2EIO2Wpe2VtCDtlZwg67KI7JSpIO2dlOuTpOuguOuLpC4=	QXQgZXZlcnkgc3Vuc2V0LCB0aGUgc21hbGwgYmVsbCBzd3VuZyBvbmNlIHRvd2FyZCB0aGUgc2FtZSBkaXJlY3Rpb24u
E	7J6s6rCA66Oo66W8IOu/jOugpCDsg4jroZwg66eM65Ok7Ja07KeA64qUIOqwgOynnCDsnpDqta3snYQg64iI7JWe7JeQ7IScIO2ZleyduO2WiOuLpC4=	U2NhdHRlcmVkIHRoZSBhc2ggdG8gY29uZmlybSB0aGUgbmV3bHkgY3JlYXRlZCBmYWtlIGZvb3RwcmludHMgcmlnaHQgYmVmb3JlIHRoZW0u
E	7KSR7IusIO2ZlOuhnOuKlCDsooXshozrpqzrpbwg67aI6r2D7Jy866GcIOuwlOq+uOupsCDqs4Tsho0g7Iez66y87J2EIO2GoO2VtCDrg4jri6Qu	VGhlIGNlbnRyYWwgZm9yZ2Ugc3Bld2VkIG1vbHRlbiBtZXRhbCB3aGlsZSB0dXJuaW5nIGJlbGwgc291bmRzIGludG8gZmxhbWVzLg==
E	7LKg7IiYIOuqheugueyEnOydmCDsnontgazsl5Drp4wg7Jqw66y87J2YIOqygOydgCDsnqzqsIAg7ISe7JesIOyeiOydjOydhCDssL7slZjri6Qu	Rm91bmQgdGhhdCBvbmx5IHRoZSByZXRyZWF0IG9yZGVyJ3MgaW5rIGNvbnRhaW5lZCBibGFjayBhc2ggZnJvbSB0aGUgd2VsbC4=
E	7LKrIOqzhOuLqOydgCDtnZnsnbQg7JWE64uI6528IOq1s+ydgCDsnKDrpqwg67+M66asIOyVhOuemOyXkCDrtInsnbjrj7wg7J6I7JeI64ukLg==	VGhlIGZpcnN0IHN0ZXAgd2FzIHNlYWxlZCBiZW5lYXRoIGEgc29saWQgZ2xhc3Mgcm9vdC4=
E	7LKrIOuyiOynuCDsg4jrsr3sooXqs7wg6re4IO2RnOuptOyXkCDsg4jqsqjsp4Qg7Jik66W067CY7J2YIOydtOumhOydhCDtmZXrs7Ttlojri6Qu	U2VjdXJlZCB0aGUgZmlyc3QgRGF3biBCZWxsIGFuZCB0aGUgbmFtZSBvZiBPcmJhbiBlbmdyYXZlZCBvbiBpdHMgc3VyZmFjZS4=
E	7Y647KeA66W8IO2DiOy3qO2VmOugpOuKlCDstpTqsqnsnpDrk6TsnYQg65ao7LOQIOuCtOqzoCDrp4jsp4Drp4kg67SJ7J247J2EIOyngOy8sOuLpC4=	UmVwZWxsZWQgdGhlIHB1cnN1ZXJzIHRyeWluZyB0byBzdGVhbCB0aGUgbGV0dGVyIGFuZCBndWFyZGVkIHRoZSBmaW5hbCBzZWFsLg==
E	7ZGc7KeA7ISdIOyVhOuemOydmCDruYgg6rO16rCE6rO8IOuCtOugpOqwgOuKlCDrgqHsnYAg7Iq56rCVIOyepey5mOulvCDssL7slYTrg4jri6Qu	Rm91bmQgYSBob2xsb3cgYmVuZWF0aCB0aGUgbWFya2VyIHN0b25lIGFuZCBhbiBhbmNpZW50IGxpZnQgZGVzY2VuZGluZyBpbnRvIGl0Lg==
E	7ZS864KcIO2WieugrOydhCDrja7suZjripQg7Ja065GgIOyVnuyXkCDshJzshJwg64Gd6rmM7KeAIOyCrOuejOuTpOydhCDrs7TtmLjtlZzri6Qu	U3RhbmQgYmVmb3JlIHRoZSBkYXJrbmVzcyBkZXNjZW5kaW5nIG9uIHRoZSByZWZ1Z2VlIGNvbHVtbiBhbmQgcHJvdGVjdCB0aGUgcGVvcGxlIHRvIHRoZSBlbmQu
E	7Z2Z7J20IOyUu+qyqCDrgrTroKTqsIDsnpAg7ISc66GcIOuLpOuluCDrtoDrjIDsnZgg66yY7ZGc6rCAIOuSpOyEnuyXrCDrgpjtg4Drgqzri6Qu	QXMgdGhlIGRpcnQgd2FzaGVkIGF3YXksIHRoZSB0b21iIG1hcmtlcnMgb2YgZGlmZmVyZW50IHVuaXRzIG1peGVkIHRvZ2V0aGVyLg==
E	7Z2p7Ja07KeEIOu5m+ydhCDrqqjslYQg6rOg66a965CcIOyCrOuejOuTpOydtCDqsbTrhJAg7IiYIOyeiOuKlCDquLjsnYQg7Je07JeI64ukLg==	R2F0aGVyZWQgdGhlIHNjYXR0ZXJlZCBsaWdodCB0byBvcGVuIGEgcGF0aCBmb3IgdGhlIGlzb2xhdGVkIG9uZXMu
P	e3sxfX0g6rq+7J24IO2SgOyejuydhCDsgrTtlLzrqbAg7Lmo66y17J20IOyLnOyekeuQnCDqs7PsnLzroZwg7Zal7ZaI64ukLg==	e3sxfX0gRXhhbWluaW5nIHRoZSBiZW50IGxlYXZlcywgaGUgaGVhZGVkIHRvd2FyZCB3aGVyZSB0aGUgc2lsZW5jZSBoYWQgYmVndW4u
P	e3sxfX0g66y064SI7KeEIOu2geusuCDslZ7sl5DshJwg7IaQ7J6h7J206rCAIOuLs+ydgCDqsoDsnYQg67Cc6rKs7ZaI64ukLg==	e3sxfX0gZm91bmQgYSBzd29yZCB3aXRoIGEgd29ybiBoaWx0IGJlZm9yZSB0aGUgcnVpbmVkIG5vcnRoIGdhdGUu
P	e3sxfX0g7KeA7YKk642YIO2LiOyXkOyEnCDsnbTrpoTsnbQg64uz7JWEIOyXhuyWtOynhCDqtbDtjKjqsIAg64KY7JmU64ukLg==	QSBtaWxpdGFyeSB0YWcgd2l0aCBpdHMgbmFtZSB3b3JuIGF3YXkgd2FzIGZvdW5kIGluIGEgY3JldmljZSBndWFyZGVkIGJ5IHt7MX19Lg==
P	e3sxfX0g7YyM7Zek7LmcIOuyvSDti4jsl5DshJwg7Jik656Y65CcIOyyreuPmSDqsIDro6jqsIAg7Z2Y65+s64KY7JmU64ukLg==	T2xkIGJyb256ZSBkdXN0IHNwaWxsZWQgZnJvbSBhIGNyYWNrIHt7MX19IGhhZCB0b3JuIG9wZW4gaW4gdGhlIHdhbGwu
E	6rGw7Jq46ri47J2YIOychO2YkeydhCDrqrDslYTrgrTqs6Ag64GK7Ja07KeEIO2RuOuluCDsi6DtmLjrpbwg7ZWY64KY66GcIOydtOyXiOuLpC4=	RGVmbGVjdGVkIHRoZSB0aHJlYXQgb2YgdGhlIE1pcnJvciBQYXRoIGFuZCBjb25uZWN0ZWQgdGhlIGJyb2tlbiBibHVlIHNpZ25hbCBpbnRvIG9uZS4=
E	6rSA7LKY65+8IOq+uOuvvCDsiJjroIjrk6TsnbQg7J6l66GA7KeA6rCAIOyVhOuLjCDshLHssYTroZwg7Zal7ZWo7J2EIO2ZleyduO2WiOuLpC4=	Q29uZmlybWVkIHRoYXQgdGhlIGNhcnRzIGRpc2d1aXNlZCBhcyBjb2ZmaW5zIHdlcmUgaGVhZGVkIGZvciB0aGUgY2l0YWRlbCwgbm90IGEgYnVyaWFsIGdyb3VuZC4=
E	6reA7ZmY7KKFIO2VmOuCmOunjCDrk6Tqs6Ag7J2064+Z7ZW0IOuzgO2VmOyngCDslYrripQg7JuQ7KCVIOqyveuhnOulvCDssL7slZjri6Qu	TW92ZWQgd2l0aCBvbmx5IG9uZSBSZXR1cm4gQmVsbCwgZmluZGluZyB0aGUgdW5jaGFuZ2luZyBleHBlZGl0aW9uIHJvdXRlLg==
E	6riw66Gd7IukIOuqheu2gOyXkOuKlCDqsJnsnYAg64KgIOu5hOyWtCDrsoTrprAg7KSE7J20IOyXrOufrCDsnqUg7J207Ja07KGM64ukLg==	VGhlIHJlY29yZHMgc2hvd2VkIG11bHRpcGxlIHBhZ2VzIG9mIG5hbWVzIHRoYXQgaGFkIHZhbmlzaGVkIG9uIHRoZSBzYW1lIGRheS4=
E	6riw7JmAIOyCrOydtOydmCDtnZTsoIHsnYQg7KeA7Jqw64qUIOyekOuTpOydhCDsq5PslYQg64+E64KcIOqyveuhnOulvCDrsJ3tnozri6Qu	UHVyc3VlIHRob3NlIGVyYXNpbmcgdGhlIHRyYWlsIGJldHdlZW4gdGhlIHJvb2YgdGlsZXMgYW5kIHVuY292ZXIgdGhlIHRoaWVmJ3Mgcm91dGUu
E	6rq87KeA7KeAIOyViuydgCDrtojruZsg7JWE656Y7JeQ7IScIOuIhOq1sOqwgOydmCDtnazrr7jtlZwg7Iug7J2M7J20IOuTpOugpOyZlOuLpC4=	QSBmYWludCBtb2FuIGNhbWUgZnJvbSBiZW5lYXRoIHRoZSBsYW1wIHRoYXQgc3RpbGwgYnVybmVkLg==
E	6r2D6rCA66Oo66W8IOuniOyLoCDsiJzssLDrjIDsm5Drk6TsnbQg67Cp6riIIOyngOuCmOyYqCDrp4nsnZgg7Iic7ISc66W8IOyeiuyXiOuLpC4=	VGhlIHBhdHJvbCBtZW1iZXJzIHdobyBpbmhhbGVkIHRoZSBwb2xsZW4gZm9yZ290IHRoZSBvcmRlciBvZiB0aGUgYWN0cyB0aGV5IGhhZCBqdXN0IGNyb3NzZWQu
E	64KY7ISgIO2VnOqwgOyatOuNsOyEnCDquLDslrXrgpjrrLQg7Ius7J6l6rO8IOuLruydgCDripDrprAg7KeE64+Z7J20IOuKkOq7tOyhjOuLpC4=	QSBzbG93IHZpYnJhdGlvbiByZXNlbWJsaW5nIHRoZSBoZWFydCBvZiB0aGUgbWVtb3J5IHRyZWUgd2FzIGZlbHQgYXQgdGhlIGNlbnRlciBvZiB0aGUgc3BpcmFsLg==
E	64Ko7J2AIOynleyhsDog6rOE64uoIOyVhOuemCDsiJjroZzqsIAg7KeA7IOB6rO8IOuwmOuMgCDrsKntlqXsnLzroZwg7Z2Q66W464ukLg==	UmVtYWluaW5nIG9tZW46IFRoZSBjaGFubmVsIGJlbmVhdGggdGhlIHN0YWlycyBmbG93cyBpbiB0aGUgb3Bwb3NpdGUgZGlyZWN0aW9uIGZyb20gdGhlIHdhdGVyd2F5cyBvbiB0aGUgc3VyZmFjZS4=
E	64uI7JWE6rCAIOyXsCDrsIDsiJjroZzroZwg64GK7Ja07KeEIOuLpOumrOulvCDsmrDtmoztlbQg7ZaJ66CsIOyVnuydhCDrp4nslZjri6Qu	VXNpbmcgdGhlIHNtdWdnbGluZyB0dW5uZWwgTmlhIG9wZW5lZCwgdGhleSBieXBhc3NlZCB0aGUgc2V2ZXJlZCBicmlkZ2UgYW5kIGN1dCBvZmYgdGhlIHByb2Nlc3Npb24u
E	64uI7JWE7J2YIOuPmeujjOyZgCDqta3qsr3qtbAg67O06riJ7ZWo7J20IO2VqOq7mCDrrLvtnowg7J6Q66as66W8IOywvuyVhCDrg4jri6Qu	Rm91bmQgdGhlIHBsYWNlIHdoZXJlIE5pYSdzIGNvbXBhbmlvbiBhbmQgYSBib3JkZXItZ2Fycmlzb24gc3VwcGx5IGNoZXN0IGhhZCBiZWVuIGJ1cmllZCB0b2dldGhlci4=
E	64+M6rO165Ok7J2AIO2VtOqwgCDsp4DquLAg7KCEIOuqqOuToCDsnbTrpoTsnYQg7IOI6ri4IOyImCDsl4bri6Tqs6Ag66eQ7ZaI64ukLg==	VGhlIHN0b25lbWFzb25zIHNhaWQgdGhleSBjb3VsZCBub3QgY2FydmUgZXZlcnkgbmFtZSBiZWZvcmUgc3Vuc2V0Lg==
E	65Gl7KeA66W8IOqxt+yWtCDrgrTqs6Ag7LCo7LaV7JeQIOyDiOqyqOynhCDrr7jqtoEg6rK96rOEIO2RnOyLneydhCDtmZXsnbjtlojri6Qu	Q2xlYXJlZCBhd2F5IHRoZSBuZXN0IGFuZCBmb3VuZCBhIExhYnlyaW50aCBib3VuZGFyeSBtYXJrIGNhcnZlZCBpbnRvIHRoZSBheGxlLg==
E	65Gl7KeA66W8IOy5mOyasOqzoCDrgYrquLQg66ek65Ot7J2EIOuLpOyLnCDsnbTslrQg7KeA7IOBIOyLoO2YuOulvCDtmozrs7Xtlojri6Qu	VGhleSBjbGVhcmVkIHRoZSBuZXN0IGFuZCByZXN0b3JlZCB0aGUgZ3JvdW5kIHNpZ25hbCBieSByZWNvbm5lY3RpbmcgdGhlIGJyb2tlbiBrbm90Lg==
E	65Gl7KeA66W8IOy5mOyasOqzoCDrp4ntmIAg7J6I642YIOq5iuydtCDtkZzsi50g7IS4IOqwnOulvCDri6Tsi5wg65Oc65+s64OI64ukLg==	VGhleSBjbGVhcmVkIHRoZSBuZXN0IGFuZCByZXZlYWxlZCB0aGUgdGhyZWUgZGVwdGggbWFya2luZ3MgdGhhdCBoYWQgYmVlbiBibG9ja2VkLg==
P	656t7YK5IOywuOqwgOq5jOyngCDroIjrsqggMjAsIO2YhOyerCDroIjrsqgge3sxfX0sIHt7Mn19	TGV2ZWwgMjAgcmVxdWlyZWQgZm9yIHJhbmtpbmc7IGN1cnJlbnQgbGV2ZWwge3sxfX0sIHt7Mn19
E	66Gc7Jus6rO8IOuniOyXmOydgCDshJzroZwg64uk66W4IOuqheu2gOyXkOyEnCDqsJnsnYAg67mI7J6Q66as66W8IOuwlOudvOuztOyVmOuLpC4=	Um93ZW4gYW5kIE1hZWwgbG9va2VkIGF0IHRoZSBzYW1lIGVtcHR5IHNwYWNlIGZyb20gZGlmZmVyZW50IGxlZGdlcnMu
E	66i466as64+EIOydtOumhOuPhCDsl4bripQg6riI7IaNIO2YleyDgeydtCDtlZjqsJXrrLgg7JWe7JeQ7IScIOuquOydhCDshLjsm6Dri6Qu	QSBuYW1lbGVzcywgZmFjZWxlc3MgbWV0YWwgZmlndXJlIHN0b29kIGF0IHRoZSBlbnRyYW5jZSBvZiB0aGUgZ2F0ZS4=
E	66qo7Iq1IOuMgOyLoCDqt4DtmZjspITsnZgg66y06rKM66W8IOuUsOudvCDsi6TsoJwg7Ya166GcIO2VmOuCmOulvCDqtazrtoTtlojri6Qu	SWdub3JlZCB0aGUgcmVmbGVjdGlvbnMgYW5kIGZvbGxvd2VkIHRoZSB3ZWlnaHQgb2YgdGhlIHJldHVybiBsaW5lIHRvIGlkZW50aWZ5IHRoZSBvbmUgdHJ1ZSBwYXNzYWdlLg==
E	67Cx7JW8IOydtOyghOydmCDsmJsg66y86ri46rO8IOygleybkCDslYTrnpgg7Iio7J2AIOyEuCDsiJjrrLjsnYQg7LC+7JWE64OI64ukLg==	VGhleSBmb3VuZCB0aGUgb2xkIHdhdGVyd2F5cyBmcm9tIGJlZm9yZSB0aGUgV2hpdGUgTmlnaHQgYW5kIHRocmVlIHNsdWljZSBnYXRlcyBoaWRkZW4gYmVuZWF0aCB0aGUgZ2FyZGVuLg==
E	67KE66Ck7KeEIOyhsOqwgeuTpOydtCDshJzroZwg67aZ7Ja0IOybkOygleuMgOydmCDsnqXruYQg66qo7JaR7J2EIO2dieuCtCDrg4jri6Qu	RGlzY2FyZGVkIGZyYWdtZW50cyBzdHVjayB0b2dldGhlciB0byBtaW1pYyB0aGUgc2hhcGUgb2YgYW4gZXhwZWRpdGlvbidzIGdlYXIu
E	67O07J207KeAIOyViuuKlCDrp53suZjqsIAg66qo66Oo66W8IOuCtOumrOy5oCDrlYzrp4jri6Qg7Iez7KGw6rCB7J20IOyDneqyqOuCrOuLpC4=	RWFjaCB0aW1lIGFuIGludmlzaWJsZSBoYW1tZXIgc3RydWNrIHRoZSBhbnZpbCwgYSBwaWVjZSBvZiBtZXRhbCB3YXMgYm9ybi4=
E	67O07Zi466eJ7J2YIO2LiOycvOuhnCDrk6TslrTsmKTripQg7KCB7J2EIOunieycvOupsCDqt6Dsl7TsnZgg7JyE7LmY66W8IOywvuuKlOuLpC4=	SG9sZCBiYWNrIHRoZSBlbmVtaWVzIGVudGVyaW5nIHRocm91Z2ggdGhlIGJhcnJpZXIgYW5kIGxvY2F0ZSB0aGUgYnJlYWNoZXMu
E	67SJ7J247J2EIOuToCDrj4TrkZHsnZgg7JWe6ri47J2EIOuBiuycvOupsCDstpTqsqnsnpAg66y066as66W8IOqwgeqwnOqyqe2MjO2VnOuLpC4=	Q3V0IG9mZiB0aGUgc2VhbCB0aGllZidzIHBhdGggYW5kIGRlZmVhdCB0aGUgcHVyc3VlcnMgb25lIGdyb3VwIGF0IGEgdGltZS4=
E	67mE7JeQ64+EIOyngOybjOyngOyngCDslYrripQg7KKF7J20IOyDiOyXkOyEnCDrtInsnbjrkJwg6rWwIOqzteusuOydhCDslrvsl4jri6Qu	VGhlIHJhaW5wcm9vZiBwYXBlciBiaXJkIGNhcnJpZWQgYSBzZWFsZWQgbWlsaXRhcnkgZGlzcGF0Y2gu
E	67mI7Lm4IOyImOulvCDshLjslrQg7LWc7LSIIOybkOygleuMgCDsl7Tsl6zrjZ8g66qF7J2YIOq4sOuhneyehOydhCDtmZXsnbjtlojri6Qu	Q291bnRpbmcgdGhlIGVtcHR5IHNsb3RzIGNvbmZpcm1lZCBpdCB3YXMgdGhlIHJlY29yZCBvZiB0aGUgZmlyc3QgZWlnaHRlZW4gYWR2ZW50dXJlcnMu
E	7IOI67K97KKF7J2EIOyauOumrOuKlCDrj5nslYjsl5DripQg66+46raB7J20IOuwnOyekOq1reydhCDtnYnrgrQg64K07KeAIOuqu+2WiOuLpC4=	RHVyaW5nIHRoZSByaW5naW5nIG9mIHRoZSBkYXduIGJlbGwsIHRoZSBsYWJ5cmludGggY291bGQgbm90IG1pbWljIGZvb3RzdGVwcy4=
E	7ISc66GcIOuqqOyInOuQnCDrkZAg66qF66C57ISc6rCAIOqwmeydgCDsnbjsnqXsnLzroZwg67Cc7ZaJ65CQ7J2M7J2EIO2ZleyduO2WiOuLpC4=	VGhleSBjb25maXJtZWQgdHdvIGNvbmZsaWN0aW5nIG9yZGVycyB3ZXJlIGlzc3VlZCB3aXRoIHRoZSBzYW1lIHNlYWwu
E	7IS4IOuyiOynuCDsooXshozrpqzsmYAg7ZWo6ruYIOyDiOuyveydtCDsgqzrnbzsp4Dqs6Ag7J6s7J2YIOyZleydtCDquajslrTrgqzri6Qu	V2l0aCB0aGUgdGhpcmQgYmVsbCdzIHRvbGwsIGRhd24gZmFkZWQgYW5kIHRoZSBBc2ggS2luZyBhd29rZS4=
P	7IS4IOydjOydtCDslrTquIvrgqAg65WM66eI64ukIHt7MX19IOuyvSDqt7jrprzsnpDsl5DshJwg7YqA7Ja064KY7JmU64ukLg==	RXZlcnkgdGltZSB0aGUgdGhyZWUgc291bmRzIGNsYXNoZWQsIHt7MX19IGVtZXJnZWQgZnJvbSB0aGUgd2FsbCBzaGFkb3cu
E	7IS4IOyiheydmCDtlansnYzsnYQg66ee7LawIO2VteydhCDsnqDsnqzsmrDqs6Ag6rOg7KCV65CcIO2VmOqwleuhnOulvCDsl7Tsl4jri6Qu	QWxpZ25lZCB0aGUgdGhyZWUgYmVsbHMnIHJlc29uYW5jZSB0byBzZWFsIHRoZSBjb3JlIGFuZCBvcGVuIHRoZSBmaXhlZCBkZXNjZW50IHBhdGgu
E	7IS46rSAIOuwlOuLpeyXkOyEnCDqtbDsiJjtkojsnYQg7Jiu6rKoIOuCmOuluCDqtbDsmqkg67mE67CAIO2GteuhnOulvCDssL7slZjri6Qu	Rm91bmQgdGhlIHNlY3JldCBtaWxpdGFyeSBwYXNzYWdlIGJlbmVhdGggdGhlIGN1c3RvbXMtaG91c2UgZmxvb3IgdGhhdCBoYWQgYmVlbiB1c2VkIHRvIG1vdmUgc3VwcGxpZXMu
E	7IiY66m0IOychCDsooHsnYAg6rO16riw7Li17J20IOyImOusuCDsp4Trj5nsl5Ag65Sw6528IOyCrOudvOyhjOuLpCDrgpjtg4Drgqzri6Qu	VGhlIHRoaW4gYWlyIGxheWVyIGFib3ZlIHRoZSB3YXRlciBzdXJmYWNlIHZhbmlzaGVkIGFuZCByZWFwcGVhcmVkIHdpdGggdGhlIHNsdWljZSBnYXRlJ3MgdmlicmF0aW9ucy4=
E	7Iio7J2AIO2GteuhnOulvCDsoJDqsbDtlZwg6rCQ7Iuc7J6Q65Ok7J2EIOygnOqxsO2VmOqzoCDsnqDquIjsnqXsuZjrpbwg7ZW07KCc7ZWc64ukLg==	UmVtb3ZlZCB0aGUgc2VudHJpZXMgb2NjdXB5aW5nIHRoZSBoaWRkZW4gdHVubmVsIGFuZCBkaXNlbmdhZ2VkIHRoZSBsb2NrLg==
E	7Iiy7J2YIOy5qOusteydhCDrp4zrk6Ag66y066as66W8IOuqsOyVhOuCtOqzoCDtlLwg66y77J2AIOq5g+2EuOydhCDrsJzqsqztlojri6Qu	RHJvdmUgb2ZmIHRoZSBjcmVhdHVyZXMgdGhhdCBoYWQgc2lsZW5jZWQgdGhlIGZvcmVzdCBhbmQgZm91bmQgYSBibG9vZHN0YWluZWQgZmVhdGhlci4=
E	7Iqk7YKs7J20IOuNlCDsnpDso7wg67Cc64+Z7ZWY66mwLCDstZzrjIAgTVAg7ISx7J6l7JeQIOuPhOybgOydtCDrkKnri4jri6Qu	VHJpZ2dlciBza2lsbHMgbW9yZSBvZnRlbiBhbmQgZ2FpbiBtb3JlIG1heGltdW0gTVAgYXMgeW91IGdyb3cu
E	7JW97YOI7J6Q66W8IOuqsOyVhOuCtOqzoCDrtojslKjrpbwg6reA7ZmY65Ox7JeQIOyYruqyqCDtmZTroZzsnZgg7Je07J2EIOuCruy3hOuLpC4=	RHJvdmUgb2ZmIHRoZSByYWlkZXIgYW5kIHRyYW5zZmVycmVkIHRoZSBlbWJlcnMgdG8gYSByZXR1cm4gbGFtcCwgY29vbGluZyB0aGUgZnVybmFjZS4=
E	7Jqw66y87J2YIOqygOydgCDrnaDripQg67KI7KeA64qUIOuMgOyLoCDsnbzsoJXtlZwg64aS7J207JeQ7IScIOupiOy2sCDsnojsl4jri6Qu	VGhlIGJsYWNrIHJpYmJvbiBvZiB0aGUgd2VsbCBzdG9wcGVkIHJpc2luZyBhdCBhIGNlcnRhaW4gaGVpZ2h0IGluc3RlYWQgb2Ygc3ByZWFkaW5nLg==
E	7J6l67aA7J2YIOu5iCDsi5zqsIHsnYQg66ee7LawIOyImOugiOqwgCDsgqzrnbzsp4Qg67Ck6rO8IOq4uOuqqeydhCDtirnsoJXtlojri6Qu	TWF0Y2hlZCB0aGUgYmxhbmsgdGltZXMgaW4gdGhlIGxlZGdlciB0byBpZGVudGlmeSB0aGUgbmlnaHQgYW5kIGNyb3Nzcm9hZHMgd2hlcmUgdGhlIGNhcnQgdmFuaXNoZWQu
E	7J6s7J2YIOustOumrOqwgCDruZvsnYQg66i57Jy866mwIOyEnOusuOycvOuhnCDsp5HqsrDtlZjripQg6rec7LmZ7J2EIO2MjOyVhe2WiOuLpC4=	RGlzY292ZXJlZCB0aGUgcGF0dGVybjogdGhlIGFzaCBob3JkZSBkZXZvdXJlZCBsaWdodCBhcyBpdCBnYXRoZXJlZCBhdCB0aGUgV2VzdCBHYXRlLg==
E	7KCV7JuQ7J2YIOychO2YkeydhCDrqrDslYTrgrTqs6Ag7Z2U7KCB7J20IOuqqOydtOuKlCDqsoDsnYAg67+M66as66W8IOuTnOufrOuDiOuLpC4=	RHJvdmUgb2ZmIHRoZSBnYXJkZW4ncyB0aHJlYXQgYW5kIGV4cG9zZWQgdGhlIGJsYWNrIHJvb3QgZ2F0aGVyaW5nIHRoZSBmYWxsZW4gdHJhY2VzLg==
E	7KKM7ZGc7Iuk7JeQ7IScIO2DnOyWtOuCnCDrp53roLnrk6Tqs7wg7Iu47Jqw66mwIO2MjOusuOydmCDspJHsi6zsnYQg7JWI7KCV7Iuc7YKo64ukLg==	RmlnaHQgdGhlIHdyYWl0aHMgYm9ybiBpbiB0aGUgY29vcmRpbmF0ZSBjaGFtYmVyIGFuZCBzdGFiaWxpemUgdGhlIHJpcHBsZSdzIGNvcmUu
E	7KeA7JuM7KeEIOuwnOyekOq1rSDso7zrs4DsnZgg7KeQ7Iq565Ok7J2EIOusvOumrOy5mOupsCDtkoDsno7snZgg6rKw7J2EIOydveuKlOuLpC4=	RHJpdmUgb2ZmIHRoZSBiZWFzdHMgYXJvdW5kIHRoZSBlcmFzZWQgdHJhY2tzIGFuZCByZWFkIHRoZSBncmFpbiBvZiB0aGUgZ3Jhc3Mu
E	7LKc7J6l7JeQ7IScIOuCtOugpOyYqCDrsKfspIQg64Gd7JeQ64qUIOunpOuLrOugpCDsnojslrTslbwg7ZWgIOyiheydtCDsl4bsl4jri6Qu	Tm8gYmVsbCBodW5nIGZyb20gdGhlIGVuZCBvZiB0aGUgcm9wZSBkZXNjZW5kaW5nIGZyb20gdGhlIGNlaWxpbmcu
E	7LKrIOq1rOyXreycvOuhnCDsnbTslrTsp4DripQg7ZWY6rCV66Gc66W8IOyHoOyCrOyKrOqzvCDtkZzsp4DshJ3snLzroZwg6rOg7KCV7ZaI64ukLg==	VGhlIGRlc2NlbnQgcGF0aCBsZWFkaW5nIHRvIHRoZSBmaXJzdCBzZWN0b3Igd2FzIHNlY3VyZWQgd2l0aCBjaGFpbnMgYW5kIHNpZ25wb3N0cy4=
E	7ZiE7J6sIOybkOygleydmCDtkZzsi53rp4wg7ZG466W4IOyLpOuhnCDqtazrtoTtlbQg6rGw7KeTIOq4uOydhCDqsbfslrQg64OI64ukLg==	TWFya2VkIG9ubHkgdGhlIGN1cnJlbnQgZXhwZWRpdGlvbidzIHRyYWlsIHdpdGggYmx1ZSB0aHJlYWQgYW5kIHN0cmlwcGVkIGF3YXkgdGhlIGZhbHNlIHBhdGhzLg==
E	7ZqM7KCE7J20IOupjuyekCDsp4DquIjquYzsp4Ag7JeG642YIOyVhOuemOyqvSDrrLjsnbQg7ZWcIOyekOumrOyXkCDrqLjrrLzroIDri6Qu	T25jZSB0aGUgcm90YXRpb24gc3RvcHBlZCwgdGhlIGxvd2VyIGRvb3IgdGhhdCBoYWQgbmV2ZXIgZXhpc3RlZCBiZWZvcmUgcmVtYWluZWQgaW4gb25lIHBsYWNlLg==
E	7ZuE7J2864u0OiDqta3qsr3snZgg7IOIIOyCtuqzvCDrtoHsqr3sl5DshJwg7JioIOuCr+yEoCDsp5XsobDqsIAg7J207Ja07KeE64ukLg==	RXBpbG9ndWU6IG5ldyBsaWZlIHN0aXJzIGF0IHRoZSBib3JkZXIsIGFuZCBzdHJhbmdlIG9tZW5zIGFycml2ZSBmcm9tIHRoZSBOb3J0aC4=
P	e3sxfX0g6reA7ZmYIOunpOuTreydhCDrqqjslYQg7ZqM656RIOyViOyqveyXkCDrkaXsp4Drpbwg66eM65Ok7JeI64ukLg==	e3sxfX0gZ2F0aGVyZWQgdGhlIHJldHVybiBrbm90cyBhbmQgYnVpbHQgYSBuZXN0IGRlZXAgaW4gdGhlIGNvcnJpZG9yLg==
P	e3sxfX0g7IiyIOqwgOyepeyekOumrOyXkCDri7/snpAg7J217IiZ7ZWcIOyDiOydmCDsmrjsnYzsnbQg64GK6rK864ukLg==	QXMge3sxfX0gcmVhY2hlZCB0aGUgZm9yZXN0J3MgZWRnZSwgYSBmYW1pbGlhciBiaXJkc29uZyBmZWxsIHNpbGVudC4=
P	e3sxfX0g7Yis66qF7ZWcIOuyvSDslYjtjI7snYQg7Jik6rCA66mwIOqzteuqheydjOydhCDtnZDtirjrn6zrnKjroLjri6Qu	e3sxfX0gcGFzc2VkIGluIGFuZCBvdXQgb2YgdGhlIHRyYW5zcGFyZW50IHdhbGxzLCBkaXNydXB0aW5nIHRoZSByZXNvbmFuY2Uu
E	6rCc67CpIOyInOyEnOulvCDrkqTsp5HslrQg7Jet66WY66W8IOupiOy2lOqzoCDslYTrnpjsuLXsnZgg7JWV66Cl7J2EIO2SgOyXiOuLpC4=	UmV2ZXJzZWQgdGhlIG9wZW5pbmcgc2VxdWVuY2UsIHN0b3BwZWQgdGhlIGJhY2tmbG93LCBhbmQgcmVsZWFzZWQgdGhlIHByZXNzdXJlIGJlbG93Lg==
E	6rGw7Jq47J2YIOqwgeuPhOulvCDrs7Xsm5DtlbQg7KeA7ZWYIOu2iOu5m+ydtCDsnoXqtazquYzsp4Ag64+E64us7ZWY6rKMIO2WiOuLpC4=	QnkgcmVzdG9yaW5nIHRoZSBhbmdsZSBvZiB0aGUgbWlycm9yLCB0aGUgdW5kZXJncm91bmQgbGlnaHQgcmVhY2hlZCB0aGUgZW50cmFuY2Uu
E	6rWt6rK9IOyCrOuejOuTpOydmCDshozsi53sl5DshJwg64uk7IucIOyCtO2OtOyVvCDtlaAg7J286rO8IOq4uOydhCDsoJXtlojri6Qu	UmVwb3J0cyBmcm9tIHRoZSBib3JkZXJmb2xrIHJldmVhbGVkIHdoaWNoIG1hdHRlcnMgYW5kIHJvYWRzIHN0aWxsIGRlbWFuZGVkIGF0dGVudGlvbi4=
E	6reA7ZmYIO2RnOyLneydhCDsnKDsobHsl5Dqsowg7KCE7ZWY6rOgIOuBneuCmOyngCDslYrslZjrjZgg7J6E66y066W8IOuniOyzpOuLpC4=	RGVsaXZlcmVkIHRoZSByZXR1cm4gbWFya2VyIHRvIHRoZSBmYWxsZW4gc29sZGllcidzIGZhbWlseSBhbmQgYnJvdWdodCB0aGUgdW5maW5pc2hlZCBtaXNzaW9uIHRvIGFuIGVuZC4=
E	6re4IOydjOydhCDsg4jrsr3sooXsnLzroZwg65CY7Jq466CkIOqzteuqhe2VteydtCDsiKjsnYAg7KSR7Ius7J2EIOuTnOufrOuDiOuLpC4=	VGhhdCBzb3VuZCB3YXMgZWNob2VkIGFzIHRoZSBEYXduIEJlbGwsIHJldmVhbGluZyB0aGUgaGlkZGVuIGNvcmUu
E	6riw66Gd7Iuk7J2EIOyeoOyLne2VnCDrp4jrrLzrk6TsnYQg66qw7JWE64K066mwIOyngOybjOynhCDrrLjsnqXsnYQg67O17JuQ7ZWc64ukLg==	WW91IHJlc3RvcmUgdGhlIGVyYXNlZCB0ZXh0IGJ5IGRyaXZpbmcgb3V0IHRoZSBtb25zdGVycyB0aGF0IGhhZCBjb25zdW1lZCB0aGUgYXJjaGl2ZSByb29tLg==
E	6rmo7KeEIOyduOyepSDso7zrs4DsnZgg66eI66y865Ok7J2EIOusvOumrOyzkCDtm7zshpDrkJwg7Z2U7KCB7J2EIOyhsOyCrO2VnOuLpC4=	RGVmZWF0IHRoZSBtb25zdGVycyBhcm91bmQgdGhlIHNoYXR0ZXJlZCBzaWdpbCBhbmQgZXhhbWluZSB0aGUgc2lnbnMgb2YgaXRzIGRlc2VjcmF0aW9uLg==
E	64Ko7J2AIOyeie2BrCDsnpDqta3snYQg64yA7KGw7ZW0IOyngOybjOynhCDsnbTrpoTrk6TsnZgg7Iic7ISc66W8IOuzteybkO2WiOuLpC4=	UmVzdG9yZWQgdGhlIG9yZGVyIG9mIHRoZSBlcmFzZWQgbmFtZXMgYnkgY29tcGFyaW5nIHRoZSByZW1haW5pbmcgaW5rIHRyYWNlcy4=
E	64uk66W4IOusmO2RnOqwgCDrp4jrpbgg65Kk7JeQ64+EIOyXtOyEuCDrsojsp7gg64+M7JeQ7ISc66eMIOusvOydtCDtnZjroIDri6Qu	RXZlbiBhZnRlciB0aGUgb3RoZXIgdG9tYiBtYXJrZXJzIGRyaWVkLCB3YXRlciBvbmx5IGZsb3dlZCBmcm9tIHRoZSB0aGlydGVlbnRoIHN0b25lLg==
E	64uk7J2MIOuqqeyggeyngDog7KeA64KY6rCEIOyCrOuejOydmCDrsJzsnpDqta3snYQg7J6K7KeAIOyViuuKlCDsnKDrpqwg7IiyLg==	TmV4dCBkZXN0aW5hdGlvbjogVGhlIEdsYXNzIEZvcmVzdCwgd2hpY2ggcmVtZW1iZXJzIHRoZSBmb290c3RlcHMgb2YgdGhvc2Ugd2hvIHBhc3NlZC4=
E	64+E7LCp7ZW07JW8IO2VoCDrs7TquIkg7IiY66CIIOyEuCDrjIDqsIAg7J6l67aA7JeQ7ISc66eMIOq1reqyveydhCDqsbTrhJzri6Qu	VGhyZWUgc3VwcGx5IHdhZ29ucyB3ZXJlIG9ubHkgcmVjb3JkZWQgYXMgaGF2aW5nIGNyb3NzZWQgdGhlIGJvcmRlciBpbiB0aGUgbGVkZ2VyLg==
E	65GQIOuyiOynuCDsl7Tsh6A6IOyZhOuyve2VnCDrs7XsoJzsmYAg7KeE7KecIOyCrOuejOydhCDqtazrtoTtlZjripQg7J2066aELg==	U2Vjb25kIGtleTogVGhlIG5hbWUgdGhhdCBkaXN0aW5ndWlzaGVzIGEgcGVyZmVjdCBjb3B5IGZyb20gYSByZWFsIHBlcnNvbi4=
E	66Gc7Jus7J2AIOydtOumhCDsl4bripQg6rWw7YyoIOyVnuyXkOyEnCDsmKTrnpjrkJwg7Iic7LCwIOuqheu2gOulvCDtjrzss6Tri6Qu	QmVmb3JlIHRoZSBuYW1lbGVzcyBtaWxpdGFyeSB0YWcsIFJvd2VuIG9wZW5lZCBhbiBvbGQgcGF0cm9sIHJvc3Rlci4=
E	66yY7ZGc7J2YIOyerOyniOqzvCDsg4jquYDrspXsnYQg64KY64igIOunpOyepSDsi5zquLDsmYAg67aA64yA66W8IOq1rOu2hO2WiOuLpC4=	U29ydGVkIHRoZSBncmF2ZSBtYXJrZXJzIGJ5IG1hdGVyaWFsIGFuZCBjYXJ2aW5nIHN0eWxlIHRvIGRldGVybWluZSBlYWNoIGJ1cmlhbCBkYXRlIGFuZCB1bml0Lg==
E	67Cp7Yyo7JeQIOyduOyepeydmCDruZvsnYQg7Jiu6rKoIOyPn+yVhOyngOuKlCDslrTrkaDsnZgg66y066as66W8IOuwm+yVhOuCuOuLpC4=	VHJhbnNmZXJzIHRoZSBsaWdodCBvZiB0aGUgc2VhbCBvbnRvIHRoZSBzaGllbGQgdG8gcmVwZWwgdGhlIGluY29taW5nIHRpZGUgb2YgZGFya25lc3Mu
E	67mIIOqyqOyauOydgCDsgqzrnozsnZgg7Ja86rW067O064ukIOyEnOuhnOulvCDrtoDrpbTripQg7J2066aE67aA7YSwIOyCvOy8sOuLpC4=	SG9sbG93IFdpbnRlciBkZXZvdXJlZCB0aGUgbmFtZXMgcGVvcGxlIHVzZWQgZm9yIG9uZSBhbm90aGVyIGJlZm9yZSBpdCB0b29rIHRoZWlyIGZhY2VzLg==
E	67mb7J2YIOqwhOqyqeydtCDsmKTrnpjrkJwg7IiY7Zi464yAIOq1rOyhsCDqt5zslb3qs7wg7J287LmY7ZWo7J2EIO2ZleyduO2WiOuLpC4=	Q29uZmlybWVkIHRoYXQgdGhlIGludGVydmFscyBvZiBsaWdodCBtYXRjaGVkIGFuIG9sZCBndWFyZGlhbiBkaXN0cmVzcyBjb2RlLg==
E	7IOIIO2RnOyLneydtCDrrLzquLjqs7wg7JWI7KCE7ZWcIOuwnO2MkOydhCDtkZzsi5ztlZzri6TripQg6rKD7J2EIO2ZleyduO2WiOuLpC4=	Q29uZmlybWVkIHRoYXQgdGhlIG5ldyBtYXJraW5nIGluZGljYXRlcyB0aGUgd2F0ZXIgcGF0aCBhbmQgc2FmZSBmb290aG9sZC4=
E	7Ja07KCc6rmM7KeAIOuVheydhCDrja7rjZgg67+M66as6rCAIOyDiOuyveuniOuLpCDsobDquIjslKkg7J6Q66as66W8IOyYruqyvOuLpC4=	VGhlIHJvb3RzIHRoYXQgb25jZSBjb3ZlcmVkIHRoZSBsYW5kIGhhdmUgYmVlbiBzaGlmdGluZyBzbGlnaHRseSBlYWNoIGRhd24u
E	7JiI67Cw64u57J2EIOuNruy5nCDslrTrkaDsnYQg67CA7Ja064K0IOuTseu2iOqzvCDsgqzrnozrk6TsnZgg6ri47J2EIOyngO2CqOuLpC4=	RHJpdmUgYmFjayB0aGUgZGFya25lc3MgZW5ndWxmaW5nIHRoZSBjaGFwZWwgYW5kIHByb3RlY3QgdGhlIGxhbXAgYW5kIHRoZSBwZW9wbGUncyBlc2NhcGUgcm91dGUu
E	7Jq466CkIO2NvOynhCDsooXshozrpqzripQg7IaM66as6rCAIOyVhOuLiOudvCDrp4jroKXsnbQg66eM65OgIO2MjOusuOydtOyXiOuLpC4=	VGhlIHJpbmdpbmcgb2YgdGhlIGJlbGwgc3ByZWFkIG5vdCBhcyBzb3VuZCwgYnV0IGFzIGEgd2F2ZSBvZiBtYWdpYy4=
P	7Jyg66as67K966eI64ukIOyhsOq4iCDri6Trpbgge3sxfX0g7ISc66GcIOuLpOuluCDquLjsnYQg6rCA66as7Lyw64ukLg==	RWFjaCBnbGFzcyB3YWxsIGhlbGQgYSBzbGlnaHRseSBkaWZmZXJlbnQge3sxfX0sIGVhY2ggcG9pbnRpbmcgZG93biBhIGRpZmZlcmVudCBwYXRoLg==
E	7J6F6rWs66W8IO2Wpe2VnCDrsJzsnpDqta3snYAg7LWc7LSIIOyImO2YuOuMgOydmCDsnbjsm5Dqs7wg7KCV7ZmV7Z6IIOqwmeyVmOuLpC4=	VGhlIGZvb3RwcmludHMgbGVhZGluZyB0b3dhcmQgdGhlIGVudHJhbmNlIG1hdGNoZWQgZXhhY3RseSB0aGUgbnVtYmVyIG9mIHRoZSBmaXJzdCBzZW50cnkgc3F1YWQu
E	7KKF7J207J2YIOuyiO2YuOulvCDrp57strAg7J20IOq1rOyXreydmCDsiJjrrLgg6rCc67CpIOyInOyEnOulvCDrs7Xsm5Dtlojri6Qu	VGhlIG51bWJlcnMgb24gdGhlIHBhcGVyIHdlcmUgbWF0Y2hlZCB0byByZXN0b3JlIHRoZSBvcmRlciBvZiB0aGUgc2VjdG9yJ3Mgc2x1aWNlIGdhdGUgb3BlbmluZy4=
E	7KeA7IOBIO2dmeydhCDslofqsowg67+M66CkIOuPjOyVhOqwiCDrsJzsnpDqta3snbQg7IKs65287KeA7KeAIOyViuqyjCDtlojri6Qu	QSB0aGluIGxheWVyIG9mIHNvaWwgd2FzIHNwcmVhZCBvdmVyIHRoZSBncm91bmQgdG8gZW5zdXJlIHRoZSBmb290cHJpbnRzIHdvdWxkIG5vdCBkaXNhcHBlYXIu
E	7LKrIOuztOq4iSDsiJjroIjqsIAg7ISx66y47J2EIO2GteqzvO2VmOqzoCDrsKTsnZgg65Ox67aI7J20IOuLpOyLnCDsvJzsoYzri6Qu	VGhlIGZpcnN0IHN1cHBseSBjYXJ0IHBhc3NlZCB0aHJvdWdoIHRoZSBjaXR5IGdhdGUsIGFuZCB0aGUgbGFtcHMgb2YgdGhlIG5pZ2h0IHdlcmUgbGl0IG9uY2UgbW9yZS4=
E	7LKrIOyjvOusuOycvOuhnCDslrTrkaDsnYQg67CA7Ja064K06rOgIOu0ieyduOuQnCDsooztkZzsi6TsnZgg66y47J2EIOyXtOyXiOuLpC4=	RHJvdmUgYmFjayB0aGUgZGFya25lc3Mgd2l0aCB0aGUgZmlyc3Qgc3BlbGwgYW5kIG9wZW5lZCB0aGUgc2VhbGVkIGNvb3JkaW5hdGUgY2hhbWJlci4=
E	7Y+Q7ZeI7J2YIOuovOyngOuKlCDrkZDqurzsm6Dsp4Drp4wg7KKFIOyVhOuemOydmCDrsJzsnpDqta3rp4zsnYAg7IOI6rKD7J207JeI64ukLg==	VGhlIGR1c3Qgb2YgcnVpbiB3YXMgdGhpY2ssIGJ1dCB0aGUgZm9vdHByaW50cyB1bmRlciB0aGUgYmVsbCB3ZXJlIG5ldy4=
P	e3sxfX0g6rGw7Jq46ri466eI64ukIOuLrOudvOu2meyWtCDrhKQg67KI7Ke4IOyLoO2YuOulvCDsobDqsIHrg4jri6Qu	e3sxfX0gQXR0YWNoZWQgaXRzZWxmIHRvIGVhY2ggbWlycm9yIHBhdGgsIGNhcnZpbmcgb3V0IHRoZSBmb3VydGggc2lnbmFsLg==
P	e3sxfX0g6rOE64uoIOyeheq1rOydmCDruZvqs7wg7Jio6riw66W8IOuoueycvOupsCDquLjsnYQg66eJ7JWY64ukLg==	e3sxfX0gRGV2b3VyZWQgdGhlIGxpZ2h0IGFuZCB3YXJtdGggYXQgdGhlIHN0YWlyIGVudHJhbmNlLCBibG9ja2luZyB0aGUgd2F5Lg==
P	e3sxfX0g7Iqk7YKsIHt7Mn196rCcIMK3IOyKpO2CrOydhCDriITrpbTrqbQg7KaJ7IucIOyerOyDnQ==	e3sxfX0gc2tpbGxzOiB7ezJ9fSDCtyBUYXAgYSBza2lsbCB0byBwbGF5IGl0
P	e3sxfX0g7JOw65+s7KeEIO2dlOyggeydhCDrqqjslYQg642UIO2BsCDqvYPrtInsmKTrpqzrpbwg7YKk7Jug64ukLg==	e3sxfX0gZ2F0aGVyZWQgdGhlIHJlbW5hbnRzIG9mIGZhbGxlbiBlbmVtaWVzIGFuZCBmZWQgdGhlbSBpbnRvIGEgbGFyZ2VyIGJ1ZC4=
P	e3sxfX0g7KKF7YORIOqxsOyauOuhnCDrnbzsm4Dsl5Ag7JW97IaN7ZWcIOynp+ydgCDruZvsnYQg67O064OI64ukLg==	VXNpbmcgdGhlIGJlbGwtdG93ZXIgbWlycm9yLCB7ezF9fSBzZW50IHRoZSBicmllZiBmbGFzaCBwcm9taXNlZCB0byBSYXVtLg==
E	6rWt6rK9IOq0gOy4oeyGjOulvCDqsIDrpqztgqTripQg7KKM7ZGc7JmAIOyyqyDsobDsgqwg7J2Y66Kw66W8IO2ZleuztO2WiOuLpC4=	V2Ugc2VjdXJlZCB0aGUgY29vcmRpbmF0ZXMgcG9pbnRpbmcgdG8gdGhlIGJvcmRlciBvYnNlcnZhdG9yeSBhbmQgdGhlIGZpcnN0IGludmVzdGlnYXRpb24gcmVxdWVzdC4=
E	6rWt6rK97J2YIOqxsOyauOydtCDtnZDroKTsoLgg67O064K4IOygleq4sCDri7Xsi6DsnbQg7Iiy7JeQ7IScIO2dqeyWtOyhjOuLpC4=	VGhlIGJvcmRlcidzIG1pcnJvciBoYWQgYmx1cnJlZCwgYW5kIHRoZSByZWd1bGFyIHJlcGx5IHNlbnQgd2FzIHNjYXR0ZXJlZCBpbiB0aGUgZm9yZXN0Lg==
E	6rWw7Yyo7J2YIOuyiO2YuOqwgCDrr7jqtoEg7LKrIOybkOygleuMgOydmCDsp4DtnJgg7ZGc7Iud7J6E7J2EIOuwne2YgOuDiOuLpC4=	VGhleSBkaXNjb3ZlcmVkIHRoYXQgdGhlIG51bWJlciBvbiB0aGUgbWlsaXRhcnkgdGFnIHdhcyB0aGUgY29tbWFuZCBtYXJrIG9mIHRoZSBMYWJ5cmludGgncyBmaXJzdCBleHBlZGl0aW9uLg==
E	6re466a87J6Q7J2YIOyasOuRkOuouOumrOulvCDsoIDsp4DtlbQg66eI7J2E7J2YIOuztO2YuOunieydhCDri6Tsi5wg7IS47Jug64ukLg==	RGVmZWF0ZWQgdGhlIGxlYWRlciBvZiB0aGUgc2hhZG93cyBhbmQgcmVidWlsdCB0aGUgdmlsbGFnZSdzIHByb3RlY3RpdmUgYmFycmllci4=
E	6riw66Gd7JeQ7IScIOyngOybjOynhCDrs4TsnpDrpqwg7ZWcIOykhOydtCDtjIzrrLjsnZgg67Cp7Zal7J2EIOqwgOumrOy8sOuLpC4=	QSBsaW5lIG9mIHRoZSBjb25zdGVsbGF0aW9uIGVyYXNlZCBmcm9tIHRoZSByZWNvcmRzIHBvaW50ZWQgaW4gdGhlIGRpcmVjdGlvbiBvZiB0aGUgcmlwcGxlLg==
E	64uk7J2MIOq1rOyXrTog66y87JeQIOyeoOq4tCDquLDroZ3siJjroZzqsIAg642UIOq5iuydgCDquLjsnYQg67mE7LaY64ukLg==	TmV4dCBzZWN0b3I6IFRoZSBmbG9vZGVkIGFyY2hpdmUgY2hhbm5lbCBpbGx1bWluYXRlcyB0aGUgd2F5IGRlZXBlci4=
E	64uk7J2MIOq1rOyXrTog7Iud7J2AIOyHs+usvOydtCDsnqzqsIAg7ZS864qUIOygleybkCDsqr3snLzroZwg7Z2Q66W464ukLg==	TmV4dCBzZWN0b3I6IENvb2xlZCBtb2x0ZW4gaXJvbiBmbG93cyB0b3dhcmQgdGhlIGdhcmRlbiB3aGVyZSBhc2ggYmxvb21zLg==
E	642n7JSM7Jq0IOyekOq1reydhCDqsbfslrQg64K06rOgIOyImOugiOqwgCDrgYzroKTqsIQg7IOb6ri47J2EIOywvuyVhOuDiOuLpC4=	Q2xlYXJlZCBhd2F5IHRoZSBmYWxzZSB0cmFja3MgYW5kIGZvdW5kIHRoZSBzaWRlIHJvYWQgYWxvbmcgd2hpY2ggdGhlIGNhcnQgaGFkIGJlZW4gZHJhZ2dlZC4=
E	65GQIOusvOyniOydgCDri7/snYQg65WM66eI64ukIOyEnOuhnOulvCDrsIDslrTrgrTrqbAg7Ya166Gc66W8IOuSpO2LgOyXiOuLpC4=	VGhlIHR3byBtYXRlcmlhbHMgcHVzaGVkIGVhY2ggb3RoZXIgZXZlcnkgdGltZSB0aGV5IG1ldCwgdHdpc3RpbmcgdGhlIHBhc3NhZ2Uu
E	66eI66Cl7J2EIOuoueuKlCDslrTrkaDsnYQg7KO866y47Jy866GcIOqxt+yWtCDrgrTqs6Ag7KKM7ZGc7Iuk66GcIO2Wpe2VnOuLpC4=	RGlzcGVsIHRoZSBtYWdpYy1kZXZvdXJpbmcgZGFya25lc3MgYW5kIHByZXNzIG9uIHRvIHRoZSBjb29yZGluYXRlIGNoYW1iZXIu
E	66ed7LmY66GcIOuRkOuTnOumsCDquLjrsJTri6Xsl5DshJwg6rWs6rCE66eI64ukIOuLpOuluCDsmrjrprzsnbQg64+M7JWE7JmU64ukLg==	RWFjaCBzdHJldGNoIG9mIHJvYWQgcmV0dXJuZWQgYSBkaWZmZXJlbnQgZWNobyB3aGVuIHN0cnVjayB3aXRoIGEgaGFtbWVyLg==
E	66y066as66W8IOuqsOyVhOuCtOqzoCDsnKDrpqwg7Iiy7J2EIO2bvOyGkO2VmOyngCDslYrripQg7Ya166Gc66W8IOyXtOyXiOuLpC4=	RHJvdmUgb2ZmIHRoZSBob3JkZSBhbmQgb3BlbmVkIGEgcGFzc2FnZSB0aGF0IHdvdWxkIG5vdCBzY2FyIHRoZSBHbGFzcyBGb3Jlc3Qu
E	67OR7IKs7JmAIOyDgeyduOydtCDtlajqu5gg6rG064SQIOyImCDsnojrj4TroZ0g7J6E7IucIOuLpOumrOulvCDrhpPslZjri6Qu	TGFpZCBhIHRlbXBvcmFyeSBicmlkZ2UgdG8gYWxsb3cgc29sZGllcnMgYW5kIG1lcmNoYW50cyB0byBjcm9zcyB0b2dldGhlci4=
E	67mIIOy0iOyGjOulvCDsgrTtjrQg7KKF7J2EIOyauOumsCDsnbTqsIAg7IKs656M7J20IOyVhOuLmOydhCDtmZXsnbjtlojri6Qu	RXhhbWluZWQgdGhlIGVtcHR5IG91dHBvc3QgYW5kIGNvbmZpcm1lZCB0aGF0IG5vIGh1bWFuIGhhbmQgaGFkIHJ1bmcgdGhlIGJlbGwu
E	67mb7J2AIOynp+qzoCDquLQg6rCE6rKp7J2EIOuQmO2SgOydtO2VmOupsCDsmKTrnpjrkJwg66y47J6l7J2EIOunjOuTpOyXiOuLpC4=	TGlnaHQgZm9ybWVkIGFuIG9sZCBzZW50ZW5jZSBieSBhbHRlcm5hdGluZyBiZXR3ZWVuIHNob3J0IGFuZCBsb25nIGludGVydmFscy4=
E	7IS465287J2YIOyXtOyHoOuKlCDqvYLsnYQg6rOz7J20IOyXhuuKlOuNsOuPhCDrsr0g7JWe7JeQ7IScIOucqOqxsOybjOyhjOuLpC4=	U2VyYSdzIGtleSBncmV3IGhvdCBiZWZvcmUgaXQgaGFkIGEgcGxhY2UgdG8gYmUgaW5zZXJ0ZWQu
E	7IiY66m07J2EIOuTpOyXrOuLpOuzuCDsiJzssLDrjIDsm5Drk6TsnZgg7Ja86rW07J20IO2VnCDsgqzrnozslKkg7Z2Q66Ck7KGM64ukLg==	VGhlIGZhY2VzIG9mIHRoZSBwYXRyb2wgbWVtYmVycyBsb29raW5nIGludG8gdGhlIHdhdGVyIGJsdXJyZWQgYXdheSBvbmUgYnkgb25lLg==
E	7IiyIOuEiOuouOyXkOyEnCDsp6fsnYAg67aI67mbIOyEuCDqsJzqsIAg6rCZ7J2AIOqwhOqyqeycvOuhnCDrsJjrs7XrkJDri6Qu	QmV5b25kIHRoZSBmb3Jlc3QsIHRocmVlIGJyaWVmIGZsYXNoZXMgcmVwZWF0ZWQgYXQgcmVndWxhciBpbnRlcnZhbHMu
E	7JW97IaN65CcIOyEuCDrtojruZvsnbQg7IKs65287KeEIOuSpCDrlYXsnbQg7ZG466W06rKMIO2VnCDrsogg67mb64Ks64ukLg==	QWZ0ZXIgdGhlIHRocmVlIHByb21pc2VkIGxpZ2h0cyB2YW5pc2hlZCwgdGhlIGVhcnRoIGdsb3dlZCBvbmNlIGluIGEgZmxhc2gu
E	7Je07Ieg6rCAIOuRmOuhnCDqsIjrnbzsp4DrqbAg66y4IOyViOyqveqzvCDrsJTquaXsqr3sl5Ag7ZWY64KY7JSpIOuCqOyVmOuLpC4=	VGhlIGtleSBzcGxpdCBpbnRvIHR3bywgbGVhdmluZyBvbmUgaW5zaWRlIGFuZCBvbmUgb3V0c2lkZSB0aGUgZG9vci4=
E	7KCB7KeE7J20IOyghO2IrOqwgCDslYTri4jrnbwg6rCR7J6R7Iqk65+wIOuMgO2UvOuhnCDruYTsl4jsnYzsnYQg7ZmV7J247ZaI64ukLg==	VGhleSBjb25maXJtZWQgdGhlIGVuZW15IGNhbXAgaGFkIGJlZW4gZW1wdGllZCBkdWUgdG8gYSBzdWRkZW4gZXZhY3VhdGlvbiwgbm90IGJhdHRsZS4=
E	7KCW7KeAIOyViuuKlCDsooXsnbTrk6TsnbQg66y86rKw7J2EIOqxsOyKrOufrCDqsJnsnYAg7LGF7J6l7Jy866GcIOuqqOyYgOuLpC4=	U2hlZXRzIG9mIHBhcGVyIHRoYXQgbmV2ZXIgZ3JldyB3ZXQgZHJpZnRlZCBhZ2FpbnN0IHRoZSBjdXJyZW50IGFuZCBnYXRoZXJlZCBvbiBhIHNpbmdsZSBzaGVsZi4=
E	7KKF6rCA66Oo66W8IOqxsOuRrCDrrLzquLjsnYQg66eJ7J2AIOyerCDrjanslrTrpqzsnZgg7JyE7LmY66W8IOuTnOufrOuDiOuLpC4=	VGhlIGxvY2F0aW9uIG9mIHRoZSBwaWxlIG9mIGFzaCB0aGF0IGhhZCBibG9ja2VkIHRoZSB3YXRlciBmbG93IHdhcyByZXZlYWxlZC4=
E	7YOA6rKpIOqwhOqyqSDsgqzsnbTroZwg7KeA64KY6rCAIOuqqOujqCDslYTrnpjsnZgg64+Z66Cl6rSA7J2EIOywvuyVhOuDiOuLpC4=	U2xpcHBlZCBiZXR3ZWVuIHRoZSBoYW1tZXIgYmxvd3MgYW5kIGZvdW5kIHRoZSBwb3dlciBjb25kdWl0IGJlbmVhdGggdGhlIGFudmlsLg==
P	IOygnHt7MX196rSA66y4IOuPjO2MjCDquLDroZ3snbQg6reA7ZmYIOyepeu2gOyXkCDsg4jqsqjsoYzqs6AsIA==	VGhlIHJlY29yZCBvZiBicmVha2luZyB0aHJvdWdoIHt7MX19IEdhdGUgd2FzIGV0Y2hlZCBpbnRvIHRoZSBSZXR1cm4gTGVkZ2VyLCBhbmQ=
P	e3sxfX0g7J2066aE6rO8IOyIq+yekOqwgCDsoIHtnowg67aA67aE66eMIOqzqOudvCDqsInslYTrqLnsl4jri6Qu	e3sxfX0gZ25hd2VkIGF3YXkgb25seSB0aGUgc2VjdGlvbnMgYmVhcmluZyBuYW1lcyBhbmQgbnVtYmVycy4=
P	e3sxfX3snZgg7Jik7ZSE65287J24IOuqqO2XmCDsi5zqsITsnbQg66qo65GQIOyGjOynhOuQmOyXiOyKteuLiOuLpC4=	e3sxfX0ncyBvZmZsaW5lIGFkdmVudHVyZSB0aW1lIGhhcyBydW4gb3V0Lg==
E	6rWz7J2AIOyerOulvCDrtoDsiJjqs6Ag6rCH7ZiAIOyeiOuNmCDrrLzsnYQg7JWI7KCE7ZWY6rKMIO2dmOugpOuztOuDiOuLpC4=	SGUgc2FmZWx5IHJlbGVhc2VkIHRoZSB0cmFwcGVkIHdhdGVyIGJ5IGJyZWFraW5nIHRoZSBoYXJkZW5lZCBhc2gu
E	64Kh7J2AIOyeoOq4iOyepey5mOulvCDtkoDslrQg7Iuc7J6lIOyVhOuemOydmCDruYTrsIAg7Ya166Gc66W8IOyXtOyXiOuLpC4=	SGUgdW5sb2NrZWQgdGhlIG9sZCBsb2NrIGFuZCBvcGVuZWQgdGhlIHNlY3JldCBwYXNzYWdlIGJlbmVhdGggdGhlIG1hcmtldC4=
E	64Ko7J2AIOqyveqzoDog7J6s7J2YIOustOumrOqwgCDsnqDrk6Tsp4Ag7JWK64qUIOyEseuyveycvOuhnCDtlqXtlZzri6Qu	V2FybmluZzogdGhlIGFzaCBob3JkZSBpcyBtYXJjaGluZyB0b3dhcmQgdGhlIFVuc2xlZXBpbmcgUmFtcGFydHMu
E	66eI7J2E66GcIOydtOyWtOynhCDshLgg6reg7Je07J2EIOywvuyVhCDsiJjtmLgg7ZGc7Iud7Jy866GcIOu0ieyHhO2WiOuLpC4=	Rm91bmQgdGhlIHRocmVlIGNyYWNrcyBsZWFkaW5nIHRvIHRoZSB2aWxsYWdlIGFuZCBzZWFsZWQgdGhlbSB3aXRoIHRoZSBndWFyZGlhbiBzaWdpbC4=
E	66qo7ZeYIOq4sOuhneydhCDsoIDsnqXtlZjsp4Ag66q77ZaI7Iq164uI64ukLiDri6Tsi5wg7Iuc64+E7ZW0IOyjvOyEuOyalC4=	RmFpbGVkIHRvIHNhdmUgdGhlIGFkdmVudHVyZSBsb2cuIFBsZWFzZSB0cnkgYWdhaW4u
E	66y467CW7J2YIOuwnOyekOq1reydhCDrlLDrnbwg67aB66y47J2EIOyXkOybjOyLvCDsp5Dsirnrk6TsnYQg67CA7Ja064K464ukLg==	Rm9sbG93IHRoZSB0cmFja3MgYmV5b25kIHRoZSBnYXRlIGFuZCBkcml2ZSBiYWNrIHRoZSBiZWFzdHMgc3Vycm91bmRpbmcgdGhlIG5vcnRoIGdhdGUu
E	66y77Z6MIO2RnOyngOyEneydhCDshLjsmrDqs6Ag64GK6rK8642YIOq3gO2ZmOuhnOulvCDquLDroZ3sl5Ag65CY64+M66C464ukLg==	UmFpc2VkIHRoZSBidXJpZWQgd2F5c3RvbmUgYW5kIHJlc3RvcmVkIHRoZSBzZXZlcmVkIHJldHVybiByb3V0ZSB0byB0aGUgcmVjb3Jkcy4=
E	67CW7Jy866GcIO2Wpe2VnCDsnpDqta0g7IS4IOykhOydgCDslrTripAg66qF67aA7JeQ64+EIOunnuyngCDslYrslZjri6Qu	VGhlIHRocmVlIGZvb3RwcmludHMgaGVhZGluZyBvdXR3YXJkIGRpZCBub3QgbWF0Y2ggYW55IHJlZ2lzdGVyLg==
E	67mIIOuqheu2gCDssqsg7KSE7J2EIOuIhOqwgCDssYTsmrjsp4Ag66qo65GQ6rCAIOunkOyXhuydtCDquLDri6TroLjri6Qu	RXZlcnlvbmUgc2lsZW50bHkgd2FpdGVkIGZvciB3aG8gd291bGQgZmlsbCB0aGUgZmlyc3QgbGluZSBvZiB0aGUgZW1wdHkgcmVnaXN0ZXIu
E	67+M66as7J2YIOybgOyngeyehOydhCDrlLDrnbwg64+M6rOE64uo7J2YIOyYqOyghO2VnCDsnKTqs73snYQg7LC+7JWE64OI64ukLg==	VHJhY2VkIHRoZSBtb3ZlbWVudCBvZiB0aGUgcm9vdHMgdG8gdW5jb3ZlciB0aGUgY29tcGxldGUgb3V0bGluZSBvZiB0aGUgc3RvbmUgc3RlcHMu
E	7IOI66GcIOuGk+yduCDquLgg7JWe7JeQ7IScIOyyqyDsiJjroIjsnZgg66eI67aA6rCAIOyYpOuemCDrp53shKTsmIDri6Qu	VGhlIGRyaXZlciBvZiB0aGUgZmlyc3QgY2FydCBoZXNpdGF0ZWQgZm9yIGEgbG9uZyBtb21lbnQgYmVmb3JlIHRoZSBuZXdseSBsYWlkIHJvYWQu
E	7IS4IOyDiOuyveyiheydhCDsp4Trj5nsl5Ag66ee7LawIOyauOugpCDtmozsoIQg7IaN64+E66W8IOyViOygleyLnOy8sOuLpC4=	VGhlIHRocmVlIGRhd24gYmVsbHMgd2VyZSBzdHJ1Y2sgaW4gcmh5dGhtIHRvIHN0YWJpbGl6ZSB0aGUgcm90YXRpb24gc3BlZWQu
E	7JSo7JWX66y47J2AIOyerCDsnITsl5Ag7ISgIOuIhOq1rOuPhCDri6TsnYwg6ri466GcIOuztOuCtOyngCDslYrslZjri6Qu	VGhlIFNlZWQgR2F0ZSBkaWQgbm90IHNlbmQgYW55b25lIHdobyBzdG9vZCBvbiB0aGUgQXNoZXMgZm9yd2FyZC4=
E	7Jik66W87IiY66GdIOuNlCDquYrslrTsp4Dqs6Ag64K066Ck6rCI7IiY66GdIOyeheq1rOqwgCDqsIDquYzsm4zsp4DripQg6rOE64uo	QSBTdGFpcndheSBUaGF0IERlc2NlbmRzIGFzIFlvdSBDbGltYiBhbmQgUmV0dXJucyB0byB0aGUgRW50cmFuY2UgYXMgWW91IEdvIERvd24=
E	7J6F6rWsIOyViOyqveydmCDshozrpqzripQg7KeA7IOBIOyDiOuyveyiheq5jOyngCDqs6fqsowg64u/7KeAIOyViuyVmOuLpC4=	VGhlIHNvdW5kcyBmcm9tIGluc2lkZSB0aGUgZW50cmFuY2UgZGlkIG5vdCByZWFjaCB0aGUgZGF3biBiZWxsIGFib3ZlLg==
E	7YyM66y47J2YIO2VteydhCDqv7DrmqvslrQg6riw66Gd7JeQIOyXhuuNmCDrp53roLnsnZgg67Cc7IOd7J2EIOupiOy3hOuLpC4=	UGllcmNlZCB0aGUgcmlwcGxlJ3MgY29yZSBhbmQgc3RvcHBlZCB0aGUgdW5yZWNvcmRlZCB3cmFpdGhzIGZyb20gZW1lcmdpbmcu
E	7ZG466W4IOuzhOu5m+ydtCDrsJ3snYTsiJjroZ0g66eJ7Z6MIOuyveydtCDsl7TrprAg7Ya166Gc7LKY65+8IOuztOyYgOuLpC4=	VGhlIGJyaWdodGVyIHRoZSBibHVlIHN0YXJsaWdodCwgdGhlIG1vcmUgdGhlIGNsb3NlZCB3YWxsIHNlZW1lZCB0byBiZWNvbWUgYW4gb3BlbiBwYXNzYWdlLg==
P	U3VwYWJhc2Ug7JqU7LKtIOyLpO2MqCAoe3sxfX0pOiB7ezJ9fQ==	U3VwYWJhc2UgcmVxdWVzdCBmYWlsZWQgKHt7MX19KToge3syfX0=
E	64Ko7J2AIOuLqOyEnDog7LC966y466eI64ukIOuqqeyGjOumrOqwgCDqsIftnowg67aB67CpIOuniOydhCDrnbzsm4Au	UmVtYWluaW5nIGxlYWQ6IFJhdW0sIGEgbm9ydGhlcm4gdmlsbGFnZSB3aGVyZSBhIHZvaWNlIGlzIHRyYXBwZWQgaW4gZXZlcnkgd2luZG93Lg==
E	64uk7J2MIOuqqeyggeyngDog7KKF7KeA6riwIOyYpOultOuwmOydtCDsiKjsnYAg66y4IOyXhuuKlCDsmIjrsLDri7ku	TmV4dCBkZXN0aW5hdGlvbjogdGhlIGRvb3JsZXNzIGNoYXBlbCB3aGVyZSBCZWxsa2VlcGVyIE9yYmFuIGlzIGhpZGluZy4=
E	66eI7KeA66eJIOqzvOyXhTog7IS4IOyiheydhCDtlajqu5gg7Jq466CkIOyerOydmCDrrLjsnYQg64ur64qU64ukLg==	RmluYWwgbWlzc2lvbjogUmluZyB0aHJlZSBiZWxscyB0b2dldGhlciB0byBjbG9zZSB0aGUgQXNoZW4gR2F0ZS4=
E	66qo65OgIOyImOugqOydhCDtlZwg67KI7J2YIOqzteqyqeyXkCDri7TslYQg7KCB7JeQ6rKMIO2PreuwnOyLnO2CqOuLpC4=	Q29uY2VudHJhdGVzIGFsbCB0cmFpbmluZyBpbnRvIGEgc2luZ2xlIGF0dGFjaywgZGV0b25hdGluZyBpdCBhZ2FpbnN0IGVuZW1pZXMu
E	66y066as66W8IOuqsOyVhOuCtOqzoCDquajsp4Qg6rO166qFIOq4sOuRpeydhCDsoJwg67CV7J6Q7JeQIOunnuy3hOuLpC4=	UHVzaGVkIHRoZSBncm91cCBhc2lkZSBhbmQgcmVhbGlnbmVkIHRoZSBzaGF0dGVyZWQgcmVzb25hbmNlIHBpbGxhciB0byBpdHMgcHJvcGVyIHJoeXRobS4=
E	66+464G866W8IOuFuOumrOuKlCDtj6zsi53snpDrk6TsnYQg66eJ7JWEIOu2meyeoe2ejCDsp5DsirnsnYQg6rWs7ZWc64ukLg==	RmVuZCBvZmYgdGhlIHByZWRhdG9ycyBkcmF3biB0byB0aGUgYmFpdCBhbmQgZnJlZSB0aGUgdHJhcHBlZCBiZWFzdC4=
E	67mb7J2YIOqwgeuPhOulvCDquLDroZ3tlbQg7IOI66GcIOyXtOumsCDslYjsoITtlZwg6ri47J2EIOqzhOyCsO2WiOuLpC4=	Q2FsY3VsYXRlZCBhIG5ldyBzYWZlIHBhdGggYnkgcmVjb3JkaW5nIHRoZSBhbmdsZSBvZiBsaWdodC4=
E	7ISx67K97J2EIOq4geuKlCDsmrDrkZDrqLjrpqzsmYAg6re4IOustOumrOulvCDsoJXrqbTsl5DshJwg66eJ7JWE7ISg64ukLg==	U3RhbmQgYWdhaW5zdCB0aGUgbGVhZGVyIGNsYXdpbmcgYXQgdGhlIHdhbGxzIGFuZCBpdHMgaG9yZGUgaGVhZC1vbi4=
E	7ISx67K97J2YIOuTseu2iOydhCDsmK7qsqgg67Ck7IOIIOusmO2RnOyXkCDruaDsp4Qg7J2066aE7J2EIOyDiOqyvOuLpC4=	TW92ZWQgdGhlIGxhbXBzIGZyb20gdGhlIHdhbGxzIGFuZCBzcGVudCB0aGUgbmlnaHQgY2FydmluZyB0aGUgbWlzc2luZyBuYW1lcyBpbnRvIHRoZSBncmF2ZSBtYXJrZXJzLg==
E	7IaN7J20IOu5iCDqtazqsITsnYQg7ZGc7Iuc7ZW0IOyngO2VmCDsmrTrsJjroZzsnZgg67Cp7Zal7J2EIOydtOyXiOuLpC4=	TWFya2VkIHRoZSBob2xsb3cgc3RyZXRjaGVzIGFuZCB0cmFjZWQgdGhlIHVuZGVyZ3JvdW5kIHRyYW5zcG9ydCByb3V0ZS4=
E	7IaQ67CU64ul7JeQ64qUIOyymOydjCDrs7TripQg7J2A67mbIOuPmeyghCDtlZjrgpjqsIAg64aT7JesIOyeiOyXiOuLpC4=	QSBzaW5nbGUgc2lsdmVyIGNvaW4gbGF5IG9uIHlvdXIgcGFsbS4=
E	7Iiy7J2YIOyGjOumrOulvCDsgrztgqTripQg66y066as66W8IOy2lOygge2VtCDssqsg7Z2U7KCB7J2EIOywvuuKlOuLpC4=	VHJhY2sgdGhlIGdyb3VwIHN3YWxsb3dpbmcgdGhlIGZvcmVzdCdzIHNvdW5kcyB0byBmaW5kIHRoZWlyIGZpcnN0IHRyYWNlLg==
E	7Jyg7ZKI7J2EIOuQmOywvuyVhCDrrJjtkZzsmYAg66qF67aA7J2YIOydtOumhOydhCDtlZjrgpjslKkg7Jew6rKw7ZaI64ukLg==	UmVjb3ZlcmVkIGJlbG9uZ2luZ3MgYW5kIGxpbmtlZCBlYWNoIG5hbWUgZnJvbSB0aGUgdG9tYiByZWNvcmQgYW5kIHJlZ2lzdHJ5Lg==
E	7J247J6l7J2YIOq3oOyXtCDrhIjrqLjroZwg66eI7J2E7J2YIOuztO2YuOunieydtCDrrLTrhIjsp4Dqs6Ag7J6I7JeI64ukLg==	QmV5b25kIHRoZSBjcmFjayBpbiB0aGUgc2lnaWwsIHRoZSB2aWxsYWdlJ3MgYmFycmllciB3YXMgY29sbGFwc2luZy4=
E	7KCA7J6l65CcIOydteuqhSDsgqzsmqnsnpDsmYAg7ISc67KEIOyCrOyaqeyekOqwgCDsnbzsuZjtlZjsp4Ag7JWK7Iq164uI64uk	VGhlIHN0b3JlZCBhbm9ueW1vdXMgdXNlciBkb2Vzbid0IG1hdGNoIHRoZSBzZXJ2ZXIgdXNlcg==
E	7KCE66C57J2EIOuFuOumrOuKlCDstpTqsqnsnpDrk6TsnYQg66eJ7Jy866mwIOy5mOujjO2VoCDsi5zqsITsnYQg67KI64ukLg==	SG9sZCBvZmYgdGhlIG1lc3NlbmdlcidzIHB1cnN1ZXJzIGFuZCBidXkgdGltZSB0byB0ZW5kIHRoZSB3b3VuZHMu
E	7KKFIOyViOyqveyXkOyEnCDsmKTrnpjrkJwg7Iic7LCw64yA7J2YIOq3gO2ZmCDslZTtmLjrpbwg7J297Ja0IOuDiOuLpC4=	UmVhZCBhbiBvbGQgcGF0cm9sIHJldHVybiBjaXBoZXIgZW5ncmF2ZWQgaW5zaWRlIHRoZSBiZWxsLg==
E	7YGwIOq9g+uniOuLpCDsp4DrgpjsmKgg66y47KeA6riw7J2YIOyWvOq1tOydtCDsnqDquZDslKkg65CY7IK07JWE64Ks64ukLg==	V2l0aGluIGVhY2ggZ3JlYXQgZmxvd2VyLCB0aGUgZmFjZSBvZiBhIGdhdGVrZWVwZXIgZnJvbSBhbiBlYXJsaWVyIHNlY3RvciBmbGlja2VyZWQgYmFjayB0byBsaWZlLg==
P	e3sxfX0gwrcgTHYue3syfX0gwrcg7KCE7Yis66ClIHt7M319	e3sxfX0gwrcgTHYue3syfX0gwrcgUG93ZXIge3szfX0=
P	e3sxfX0g6riw7Iig66GcIOyggeydhCB7ezJ9fe2ajCDsl7Dsho0g6rO16rKp7ZWc64ukLg==	e3sxfX0gc2tpbGwgYXR0YWNrcyB0aGUgZW5lbXkge3syfX0gdGltZXMgaW4gYSByb3cu
P	e3sxfX0uIHt7Mn19LiDrqqjtl5jqsIAg7ISg7YOdIO2ZlOuptOycvOuhnCDsnbTrj5k=	e3sxfX0uIHt7Mn19LiBHbyB0byBhZHZlbnR1cmVyIHNlbGVjdGlvbi4=
P	e3sxfX3snZgg67Cc6rG47J2M7J20IOyDiOuhnOyatCDrqqjtl5jsnZgg7LKrIOyepeydhCDsl73ri4jri6Q=	VGhlIGZpcnN0IHN0ZXAgb2YgYSBuZXcgYWR2ZW50dXJlIGJlZ2lucyB3aXRoIHt7MX19J3MgZm9vdHN0ZXBz
E	64uk7J2MIOuLqOyEnDog7KeA64+E7JeQ7IScIO2GteynuOuhnCDsnpjroKQg64KY6rCEIOu0hOydmCDqtazsl60u	TmV4dCBjbHVlOiB0aGUgU3ByaW5nIFNlY3RvciBjb21wbGV0ZWx5IHNldmVyZWQgZnJvbSB0aGUgbWFwLg==
E	64uk7J2MIOuqqeyggeyngDog7Iuc6rCE7J20IO2dkOultOyngCDslYrripQg7JWE7IWA7J2YIO2dsCDsoJXsm5Au	TmV4dCBkZXN0aW5hdGlvbjogdGhlIHdoaXRlIGdhcmRlbiBvZiBBc2VsLCB3aGVyZSB0aW1lIGRvZXMgbm90IHBhc3Mu
E	64+E65GR7J2YIO2HtOuhnOulvCDrp4nqs6Ag67m87JWX6ri0IOq0gOy4oeyGjCDrtInsnbjsnYQg65CY7LC+7JWY64ukLg==	QmxvY2tlZCB0aGUgdGhpZWYncyBlc2NhcGUgYW5kIHJlY292ZXJlZCB0aGUgc3RvbGVuIG9ic2VydmF0b3J5IHNlYWwu
E	66eI7KeA66eJIOyKteqyqeydhCDrp4nqs6Ag6rWt6rK9IOyImOu5hOuMgOydmCDtkZzsi53snYQg65CY7LC+64qU64ukLg==	UmVwZWwgdGhlIGZpbmFsIGFzc2F1bHQgYW5kIHJlY2xhaW0gdGhlIGJvcmRlciBndWFyZCdzIGluc2lnbmlhLg==
E	7IS4IOuyiOynuCDsooXsnbQg7Jq466as6riwIOyghOyXkCDsnqzsnZgg7JmV7J2EIOunieyVhOyVvCDtlZzri6Qu	QmVmb3JlIHRoZSB0aGlyZCBiZWxsIHJpbmdzLCB5b3UgbXVzdCBzdG9wIHRoZSBBc2ggS2luZy4=
E	7IiY67CxIOuwmO2WpSDqsIDsmrTrjbAg7ZWcIOydjOunjCDrsJzrsJHsl5DshJwg6rOn6rKMIOyYrOudvOyZlOuLpC4=	QW1vbmcgaHVuZHJlZHMgb2YgZWNob2VzLCBhIHNpbmdsZSB0b25lIHJvc2Ugc3RyYWlnaHQgZnJvbSBiZW5lYXRoIG15IGZlZXQu
E	7Jq466a87J20IOy7pOyniCDrlYzrp4jri6Qg7Ja065GgIOyGjeydmCDrsJzshozrpqzrj4Qg6rCA6rmM7JuM7KGM64ukLg==	QXMgdGhlIHJlc29uYW5jZSBncmV3LCB0aGUgc291bmQgb2YgZm9vdHN0ZXBzIGluIHRoZSBkYXJrIGdyZXcgY2xvc2VyLg==
E	7LKrIOuqqO2XmOqwgOulvCDrp4zrk6TslrQg66mI7LawIOyeiOuNmCDshLjqs4Trpbwg6rmo7JuMIOuztOyEuOyalC4=	Q3JlYXRlIHlvdXIgZmlyc3QgYWR2ZW50dXJlciBhbmQgYXdha2VuIHRoZSBmcm96ZW4gd29ybGQu
E	SU5U7JmAIFdJU+yXkCDrlLDrnbwg7ISx7J6l7ZWY64qUIOy1nOuMgCDrp4jrgpjsnoXri4jri6Qu	WW91ciBtYXhpbXVtIG1hbmEsIHdoaWNoIGdyb3dzIGJhc2VkIG9uIElOVCBhbmQgV0lTLg==
E	64Ko7J2AIOusuOygnDog64+E65GR66ee7J2AIOuRkCDsg4jrsr3sooXsnYQg65CY7LC+7JWE7JW8IO2VnOuLpC4=	UmVtYWluaW5nIHRhc2s6IHJlY2xhaW0gdGhlIHR3byBzdG9sZW4gRGF3biBCZWxscy4=
E	64Ko7J2AIOyLnOqwhDog7ISx7LGE66GcIOqwgOuKlCDrkZAg7KKF7J2EIOy2lOqyqe2VtOyVvCDtlZzri6Qu	UmVtYWluaW5nIHRpbWU6IHB1cnN1ZSB0aGUgdHdvIGJlbGxzIGxlYWRpbmcgdG8gdGhlIGNpdGFkZWwu
P	64uk7J2MIOuqqO2XmOqwgCDsiqzroa8gwrcgTHYue3sxfX3sl5Ag7JiB6rWsIO2VtOq4iA==	TmV4dCBhZHZlbnR1cmVyIHNsb3QgwrcgUGVybWFuZW50bHkgdW5sb2NrcyBhdCBMdi57ezF9fQ==
E	642UIOyViOygleyggeyduCDrqqjtl5jsnYQg7JyE7ZW0IOyVseydhCDsl4XrjbDsnbTtirjtlbQg7KO87IS47JqULg==	Rm9yIGEgbW9yZSBzdGFibGUgYWR2ZW50dXJlLCBwbGVhc2UgdXBkYXRlIHRoZSBhcHAu
E	67CU7YC07J6Q6rWt7J2AIOy7pOuLpOuegCDtkZzsp4DshJ0g7JWe7JeQ7IScIOqwkeyekOq4sCDsgqzrnbzsoYzri6Qu	VGhlIHdoZWVsIHRyYWNrcyB2YW5pc2hlZCBhYnJ1cHRseSBiZWZvcmUgYSBncmVhdCBtYXJrZXIgc3RvbmUu
E	7Iuc7Iqk7YWcIOyEpOygleyXkOyEnCDquLDquLAg7JWM66a8IOq2jO2VnOydtCDqurzsoLgg7J6I7Iq164uI64ukLg==	Tm90aWZpY2F0aW9uIHBlcm1pc3Npb24gaXMgYmxvY2tlZCBpbiBzeXN0ZW0gc2V0dGluZ3Mu
E	7KCB7J2YIOyVveygkOydhCDsoJXtmZXtnogg64W466CkIOy5mOuqheyggeyduCDsnbzqsqnsnYQg6rCA7ZWc64ukLg==	U3RyaWtlIHRoZSBlbmVteSdzIHdlYWtuZXNzIHdpdGggYSBwcmVjaXNlLCBmYXRhbCBibG93Lg==
P	7KCce3sxfX3qtazsl60gwrcg7KCce3syfX3qtIDrrLggwrcge3szfX0=	U2VjdG9yIHt7MX19IMK3IEdhdGUge3syfX0gwrcge3szfX0=
E	7KeA6riIIOyCtCDsiJgg7J6I64qUIOuNlCDsoovsnYAg7J6l67mE66W8IOywvuyngCDrqrvtlojsirXri4jri6Q=	Q291bGQgbm90IGZpbmQgYmV0dGVyIGVxdWlwbWVudCBhdmFpbGFibGUgbm93Lg==
E	U3VwYWJhc2Ug7Jew6rKwIOygleuztOqwgCDshKTsoJXrkJjsp4Ag7JWK7JWY7Iq164uI64uk	U3VwYWJhc2UgY29ubmVjdGlvbiBpbmZvcm1hdGlvbiBpcyBub3Qgc2V0Lg==
E	64Sk7Yq47JuM7YGsIOyXsOqysOydhCDtmZXsnbjtlZwg65KkIOuLpOyLnCDsi5zrj4TtlbQg7KO87IS47JqULg==	UGxlYXNlIGNoZWNrIHlvdXIgbmV0d29yayBjb25uZWN0aW9uIGFuZCB0cnkgYWdhaW4u
E	65Gl7KeA66W8IOy5mOyasOqzoCDrubzslZfquLQg67O06riJ7ZKI7J2EIOyYqOyghO2eiCDrkJjssL7slZjri6Qu	Q2xlYXJlZCB0aGUgbmVzdCBhbmQgcmVjb3ZlcmVkIHRoZSBzdG9sZW4gc3VwcGxpZXMgaW50YWN0Lg==
E	67Cc7J2EIOuUlOuUnCDrlYzrp4jri6Qg67+M66as66y47J20IOuLpOuluCDrsKntlqXsnYQg7Zal7ZaI64ukLg==	V2l0aCBldmVyeSBzdGVwLCB0aGUgcm9vdCBnYXRlIHR1cm5lZCB0byBmYWNlIGEgZGlmZmVyZW50IGRpcmVjdGlvbi4=
E	67Kg66W47J20IOuniOyngOuniSDsg4jrsr3sooXsnYQg7Jq466CkIOyerOydmCDsmZXsnYQg6rmo7Jug64ukLg==	QmVybiByYW5nIHRoZSBmaW5hbCBEYXduIEJlbGwsIGF3YWtlbmluZyB0aGUgQXNoIEtpbmcu
E	67aI66as7ZWcIOyatOuqheuniOyggCDquajrnKjrpqzripQg7J286rKp7J2EIOyggeyXkOqyjCDqsIDtlZzri6Qu	RGVsaXZlcnMgYSBzaW5nbGUgc3RyaWtlIHRoYXQgc2hhdHRlcnMgZXZlbiB0aGUgbW9zdCB1bmZhdm9yYWJsZSBmYXRlLg==
E	7IK0IOyImCDsnojripQg642UIOyii+ydgCDsnqXruYTqsIAg7JeG7Ja0IOy2nOyglSDspIDruYQg7KSR	Tm8gYmV0dGVyIGVxdWlwbWVudCBhdmFpbGFibGU7IHByZXBhcmluZyBmb3IgZGVwYXJ0dXJlLg==
E	7IOIIOyInOychOulvCDrtojrn6zsmKTsp4Ag66q77ZW0IOydtOyghCDquLDroZ3snYQg7ZGc7Iuc7ZWp64uI64uk	VW5hYmxlIHRvIGxvYWQgbmV3IHJhbmtpbmc7IGRpc3BsYXlpbmcgcHJldmlvdXMgcmVjb3JkIGluc3RlYWQu
E	7JOw65+s7KeEIOyggeydmCDtnZTsoIHsnbQg6rKA7J2AIOq9g+ycvOuhnCDrkJjsgrTslYTrgpjripQg7KCV7JuQ	QSBnYXJkZW4gd2hlcmUgZmFsbGVuIGVuZW1pZXMnIHRyYWNlcyByZXZpdmVkIGFzIGJsYWNrIGZsb3dlcnMu
E	7Jq466a866eMIOuCqOyVhCDsiqTsiqTroZwg66y06riw66W8IOywjeyWtCDrgrTripQg7KeA7ZWYIOqzteuwqQ==	QW4gdW5kZXJncm91bmQgd29ya3Nob3Agd2hlcmUgbGluZ2VyaW5nIGVjaG9lcyBmb3JnZSB3ZWFwb25zIG9uIHRoZWlyIG93bi4=
P	e3sxfX0gwrcg7J6l67mE66ClIHt7Mn19IMK3IHt7M319	e3sxfX0gwrcgZ2VhciBwb3dlciB7ezJ9fSDCtyB7ezN9fQ==
E	64Ko7J2AIOuLqOyEnDog7LKrIOuyiOynuCDsg4jrsr3sooXqs7wg7KKF7KeA6riwIOyYpOultOuwmC4=	UmVtYWluaW5nIGNsdWU6IHRoZSBmaXJzdCBEYXduIEJlbGwgYW5kIEJlbGxrZWVwZXIgT3JiYW4u
E	64Ko7J2AIOuLqOyEnDog7Y+Q7IeE65CcIOyasOusvOqzvCDshLgg6rCc7J2YIOqygOydgCDsm5Au	UmVtYWluaW5nIGNsdWU6IHRoZSBzZWFsZWQgd2VsbCBhbmQgdGhyZWUgYmxhY2sgY2lyY2xlcy4=
P	64K0IOyInOychCDsl4bsnYwsIHt7MX19LCDsoITtiKzroKUge3syfX0=	Tm8gcmFuaywge3sxfX0sIFBvd2VyIHt7Mn19
E	67mb6rO8IOuwnOyGjOumrOulvCDsiJjrsLEg6rCI656Y66GcIOuzteygnO2VmOuKlCDtiKzrqoUg64+Z6rW0	QSB0cmFuc3BhcmVudCBjYXZlIHRoYXQgY29waWVzIGxpZ2h0IGFuZCBmb290c3RlcHMgaW50byBodW5kcmVkcyBvZiBicmFuY2hlcy4=
E	7ISk7KCVIO2ZlOuptOyXkOyEnOuPhCDsnpDrj5kg66qo7ZeY7J2AIOqzhOyGjSDsp4TtlonrkKnri4jri6Qu	QXV0by1hZHZlbnR1cmUgY29udGludWVzIHdoaWxlIFNldHRpbmdzIGlzIG9wZW4u
E	7IS4IOyDiOuyveyihSDslrTrlJTsl5Drj4Qg7IaN7ZWY7KeAIOyViuuKlCDrhKQg67KI7Ke4IOyauOumvA==	VGhlIGZvdXJ0aCBlY2hvLCBub3QgYmVsb25naW5nIHRvIGFueSBvZiB0aGUgdGhyZWUgRGF3biBCZWxscy4=
E	7IiY66y4IOyepey5mOulvCDrkJjsgrTrpqzqs6Ag7JWE656Y7Kq9IOygkOqygOuhnOulvCDsl7Tsl4jri6Qu	UmVzdG9yZWQgdGhlIHNsdWljZSBtZWNoYW5pc20gYW5kIG9wZW5lZCB0aGUgbG93ZXIgaW5zcGVjdGlvbiBwYXNzYWdlLg==
E	7Je066awIOq4uDog7KCB7KeEIOyVhOuemOuhnCDsnbTslrTsp4DripQg6rWw7JqpIOyngO2VmOuhnC4=	T3BlbiBwYXRoOiBhIG1pbGl0YXJ5IHVuZGVyZ3JvdW5kIGxlYWRpbmcgYmVuZWF0aCB0aGUgZW5lbXkgbGluZXMu
E	7J2066aE7J2AIDLsnpAg7J207IOBIDjsnpAg7J207ZWY66GcIOyeheugpe2VtCDso7zshLjsmpQu	UGxlYXNlIGVudGVyIGEgbmFtZSB3aXRoIDIgdG8gOCBjaGFyYWN0ZXJzLg==
P	7KCce3sxfX3qtIDrrLgg67O07IqkIOyekOuPmSDstpztmIQgwrcge3syfX0=	Qm9zcyBhdXRvbWF0aWNhbGx5IGFwcGVhcnMgYXQgR2F0ZSB7ezF9fSDCtyB7ezJ9fQ==
E	7LC964Kg7JeQIOq0tOusvOydtCDslYTri4wg6rWt6rK96rWw7J2YIOy5vOyekOq1reydtCDrgqjslZjri6Qu	VGhlIHNwZWFyaGVhZCBib3JlIGJsYWRlIG1hcmtzIGZyb20gdGhlIGJvcmRlciBnYXJyaXNvbiwgbm90IG1hcmtzIGxlZnQgYnkgYSBtb25zdGVyLg==
E	7ZWcIOuLqOydhCDrgrTroKTqsIDsnpAg7J6F6rWs6rCAIOyVhOuemOyqveyXkOyEnCDrgpjtg4Drgqzri6Qu	QXMgSSBkZXNjZW5kZWQgb25lIGxldmVsLCB0aGUgZW50cmFuY2UgYXBwZWFyZWQgZnJvbSBiZWxvdy4=
E	IMK3IFtewrddKyg/PSDsspjsuZggwrcg6rK97ZeY7LmYIFwrKQ==	wrcgW17Ct10rKD89IERpc3BhdGNoIMK3IFhQICsp
P	e3sxfX0g7IOI67K9IOyLnOyepeydmCDsp4DrtpXsl5DshJwg64iI7J2EIOuWtOuLpC4=	e3sxfX0gYXdva2Ugb24gdGhlIHJvb2Z0b3BzIG9mIHRoZSBkYXduIG1hcmtldC4=
P	e3sxfX0g7LKY7LmYIMK3IOqyve2XmOy5mCAre3syfX0gwrcg	e3sxfX0gZGVmZWF0ZWQgwrcgWFAgK3t7Mn19IMK3
P	e3sxfX0sIHt7Mn19LCDroIjrsqgge3szfX0sIA==	e3sxfX0sIHt7Mn19LCBsZXZlbCB7ezN9fSwg
E	6rCA67Cp7JeQIOuNlCDrp47snYAg7KCE66as7ZKI7J2EIOuLtOydhCDsiJgg7J6I7Iq164uI64ukLg==	Q2FycnkgbW9yZSBsb290IGluIHlvdXIgYmFnLg==
E	6rCA67Cp7J20IOqwgOuTnSDssKgg7KCE66as7ZKI7J2EIOuNlCDri7Tsp4Ag66q77ZaI7Iq164uI64uk	QmFnIGlzIGZ1bGw7IGNvdWxkIG5vdCBzdG9yZSBtb3JlIGxvb3Qu
E	6rO164+ZIOuztOq4ieuhnCDrsJHsl5DshJwg67Cc6rKs65CcIOyYpOuemOuQnCDsmrTrsJgg7IiY66CI	QW4gb2xkIHRyYW5zcG9ydCBjYXJ0IGRpc2NvdmVyZWQgYmVuZWF0aCB0aGUgc2hhcmVkIHN1cHBseSByb3V0ZS4=
E	64Gd7JeG64qUIO2VmOqwlSDslZ7sl5Ag7IS47Jq0IOq3gO2ZmOqzvCDrs7TquInsnZgg6riw7KSA7KCQ	QSBQb2ludCBvZiBSZXR1cm4gYW5kIFJlc3VwcGx5IGF0IHRoZSBCcmluayBvZiBhbiBFbmRsZXNzIERlc2NlbnQ=
E	66+46raBIOyqveycvOuhnCDrrLzqs7wg6riw7Ja17J2EIOuBjOyWtOqwgOuKlCDsp4DtlZgg66y86ri4	QSBzdWJ0ZXJyYW5lYW4gcGFzc2FnZSBkcmF3aW5nIHdhdGVyIGFuZCBtZW1vcmllcyB0b3dhcmQgdGhlIGxhYnlyaW50aA==
P	7Jik7ZSE65287J24IOuqqO2XmCwge3sxfX3tjbzshLztirgsIHt7Mn19	T2ZmbGluZSBhZHZlbnR1cmUsIHt7MX19JSBjb21wbGV0ZSwge3syfX0=
E	7J2066aEIOuMgOyLoCDqt4DtmZgg6rec7LmZ66eMIOuCqOydgCDstZzstIgg7ZWY6rCVIOq4sOuhnQ==	VGhlIGZpcnN0IGRlc2NlbnQgcmVjb3JkLCBvbmx5IHRoZSByZXR1cm4gcnVsZSByZW1haW5zLCBubyBuYW1l
E	7J6s66GcIOyxhOybjOynhCDsooXqs7wg7ISx7LGE66GcIOyCrOudvOynhCDrp4jsp4Drp4kg7IiY66CI	VGhlIEFzaC1GaWxsZWQgQmVsbCBhbmQgdGhlIExhc3QgQ2FydCBMb3N0IHRvIHRoZSBDaXRhZGVs
E	7LWc7LSIIOyImO2YuOuMgOqwgCDri6vqs6Ag64+M7JWE7Jik7KeAIOuqu+2VnCDrr7jqtoEg7J6F6rWs	VGhlIGVudHJhbmNlIHRvIHRoZSBsYWJ5cmludGgsIHNlYWxlZCBieSB0aGUgZmlyc3QgZ3VhcmRpYW4gc3F1YWQgd2hvIG5ldmVyIHJldHVybmVk
E	XijtkZzsuLV87Ius7Li1KSAo7JuQ7KCVfOq0gOusuClccyrCt1xzKg==	KFN1cmZhY2UvRGVlcCkgRXhwZWRpdGlvbiBvciBHYXRlIMK3
P	e3sxfX0g7J6Q64+ZIOq1rOunpCDsmIjsoJUgwrcge3syfX1H	e3sxfX0gYXV0by1wdXJjaGFzZSBzY2hlZHVsZWQgwrcge3syfX1H
E	6rCV7ZWcIOy2qeqyqeydhCDthLDrnKjroKQg7KCB7J2YIOuwqeyWtOulvCDquajrnKjrprDri6Qu	SW5mbGljdHMgYSBwb3dlcmZ1bCBzaG9jayB0byBzaGF0dGVyIHRoZSBlbmVteSdzIGRlZmVuc2VzLg==
E	6rGw64yA7ZWcIOyDneuqheydmCDssL3snYQg66eM65Ok7Ja0IOyggeydhCDqv7DrmqvripTri6Qu	Q3JlYXRlcyBhIG1hc3NpdmUgbGlmZSdzIGJsYWRlIHRvIHBpZXJjZSB0aHJvdWdoIGVuZW1pZXMu
E	6rGw7IS8IOu2iOq9g+ydhCDsnbzsnLzsvJwg7KCB7J2EIO2cmOqwkOyVhCDqs7XqsqntlZzri6Qu	U3BhcmtzIGZpZXJjZSBmbGFtZXMgdG8gZW5ndWxmIGVuZW1pZXMgYW5kIGF0dGFjayB0aGVtLg==
E	64Gd7J20IOyXhuuKlCDrr7jqtoHsnZgg7LKrIOq1rOyXreydhCDrsJ3tnowg7ZG466W4IOu5mw==	VGhlIEJsdWUgTGlnaHQgVGhhdCBSZXZlYWxlZCB0aGUgRmlyc3QgU2VjdG9yIG9mIHRoZSBFbmRsZXNzIExhYnlyaW50aA==
E	65Ok7Ja06rCEIOyCrOuejOuztOuLpCDrp47snbQg65CY64+M7JWE7JioIOuvuOq2geydmCDtnZTsoIE=	VHJhY2VzIG9mIHRoZSBsYWJ5cmludGggd2hlcmUgbW9yZSBwZW9wbGUgcmV0dXJuZWQgdGhhbiBlbnRlcmVk
E	67mIIOunieyCrOyXkOyEnCDrgYzroKTqsIQg65WM7JmAIOyduOybkOydhCDtmZXsnbjtlojri6Qu	VGhlIGV2aWRlbmNlIHJldmVhbGVkIHdoZW4gdGhlIHNvbGRpZXJzIHdlcmUgdGFrZW4gZnJvbSB0aGUgZW1wdHkgYmFycmFja3MgYW5kIGhvdyBtYW55IHdlcmUgbWlzc2luZy4=
E	67mb7J2YIOyCrOyKrOuhnCDsoIHsnYQg7KGw7JesIOqwle2VnCDtlLztlbTrpbwg7KSA64ukLg==	VXNlcyBhIGNoYWluIG9mIGxpZ2h0IHRvIHNxdWVlemUgZW5lbWllcyBhbmQgZGVhbCBoZWF2eSBkYW1hZ2Uu
E	7Iuc7Iqk7YWcIOyEpOygleyXkOyEnCDslbEg7JWM66a87J20IOq6vOyguCDsnojsirXri4jri6Qu	QXBwIG5vdGlmaWNhdGlvbnMgYXJlIG9mZiBpbiBzeXN0ZW0gc2V0dGluZ3Mu
E	7JWI7Kq9IOuwnOyekOq1reyXkOyEnCDrgrTrtoDsnpDsnZgg6rCc7J6F7J2EIO2ZleyduO2WiOuLpC4=	Rm9vdHByaW50cyBsZWFkaW5nIG91dCBmcm9tIHdpdGhpbiB0aGUgZm9ydHJlc3MgY29uZmlybWVkIHRoYXQgc29tZW9uZSBvbiB0aGUgaW5zaWRlIHdhcyBpbnZvbHZlZC4=
E	7KCV66C57J2YIO2emOydhCDtlZzqurzrsojsl5Ag7I+f7JWEIOyggeydhCDtg4DqsqntlZzri6Qu	U2VuZHMgb3V0IGEgc3VyZ2Ugb2Ygc3Bpcml0IHBvd2VyIHRvIHN0cmlrZSBlbmVtaWVzIGF0IG9uY2Uu
E	7KeA7JuM7KeEIOybkOyglSDquLDroZ3snbQg66y8IOychOuhnCDrlqDsmKTrpbTripQg7IiY66Gc	V2F0ZXJ3YXkgV2hlcmUgYW4gRXJhc2VkIEV4cGVkaXRpb24gUmVjb3JkIFJvc2UgdG8gdGhlIFN1cmZhY2U=
E	7Z6Y7J2EIOyLpOydgCDsnbzqsqnsnLzroZwg7KCB7J2EIOqwle2VmOqyjCDtg4DqsqntlZzri6Qu	V2l0aCBhIHBvd2VyZnVsIHNpbmdsZSBzdHJpa2UsIHN0cm9uZ2x5IGF0dGFja3MgZW5lbWllcy4=
E	Q09O7JeQIOuUsOudvCDshLHsnqXtlZjripQg7LWc64yAIOyytOugpeyeheuLiOuLpC4=	WW91ciBtYXhpbXVtIGhlYWx0aCwgd2hpY2ggZ3Jvd3MgYmFzZWQgb24gQ09OLg==
P	e3sxfX0g6riw7Iig66GcIOyggeydhCDqsJXtlZjqsowg6rO16rKp7ZWc64ukLg==	VXNlIHt7MX19IHRlY2huaXF1ZSB0byBhdHRhY2sgZW5lbWllcyBzdHJvbmdseS4=
E	64yA7KeA66W8IOuSpO2dlOuTnOuKlCDstqnqsqnsnLzroZwg7KCB7J2EIOqwle2DgO2VnOuLpC4=	V2l0aCBhIHNob2NrIHRoYXQgc2hha2VzIHRoZSBlYXJ0aCwgc3Ryb25nbHkgc3RyaWtlcyBlbmVtaWVzLg==
E	65GQIOyerOyVmeydmCDsnpTsnqzqsIAg66ee66y866awIOuvuOq2geydmCDssqsg7ZqM656R	VGhlIGZpcnN0IGNvcnJpZG9yIG9mIHRoZSBsYWJ5cmludGggd2hlcmUgdHdvIGRpc2FzdGVycycgcmVtbmFudHMgY29udmVyZ2U=
E	66qF67aA7JeQ7IScIOyngOybjOynhCDstZzstIgg66+46raBIOyImO2YuOyekOydmCDsnbTrpoQ=	VGhlIG5hbWUgb2YgdGhlIGZpcnN0IGxhYnlyaW50aCBndWFyZGlhbiBlcmFzZWQgZnJvbSB0aGUgcmVnaXN0cnk=
E	7IaM7KeA6riI7Jy866GcIOyCtCDsiJgg7J6I64qUIOyepeu5hOulvCDsgrTtjrTrtIXri4jri6Q=	QnJvd3NlIGdlYXIgeW91IGNhbiBhZmZvcmQ=
E	7JWE66y064+EIOyCtOyngCDslYrsp4Drp4wg66qo65GQ6rCAIOuMgOuLte2VmOuKlCDrp4jsnYQ=	QSB2aWxsYWdlIHdoZXJlIG5vIG9uZSBzdGF5cywgeWV0IGV2ZXJ5b25lIGFuc3dlcnM=
P	7J6l67mE66ClIHt7MX19IMK3IOyepeywqSDspJEge3syfX0=	R2VhciBQb3dlciB7ezF9fSDCtyBDdXJyZW50bHkgZXF1aXBwZWQge3syfX0=
E	7KCA7J6l65CcIOuqqO2XmCDquLDroZ3snYQg67aI65+s7Jik7KeAIOuqu+2WiOyKteuLiOuLpC4=	Q291bGQgbm90IHJldHJpZXZlIHNhdmVkIGFkdmVudHVyZXIgcmVjb3Jkcy4=
E	7KeA7IOB7J20IOyVhOuLjCDslYTrnpjsqr3sl5DshJwg64+M7JWE7JioIOq1rOyhsCDsi6DtmLg=	QSBSZXNjdWUgU2lnbmFsIFJldHVybmVkIGZyb20gQmVsb3csIE5vdCB0aGUgU3VyZmFjZQ==
E	7LKrIOuyiOynuCDsg4jrsr3sooXsnYQg7Jq466CkIOu5hOuwgCDqs4Tri6jsnYQg7Je06rOg	QnkgcmluZ2luZyB0aGUgZmlyc3QgZGF3biBiZWxsLCB1bmxvY2tpbmcgdGhlIHNlY3JldCBzdGFpcmNhc2U=
E	7Y+t7ZKN7LKY65+8IOuPjOynhO2VtCDsoIHsnZgg67Cp7Ja07ISg7J2EIOuPjO2MjO2VnOuLpC4=	UnVzaGVzIGZvcndhcmQgbGlrZSBhIHN0b3JtLCBicmVha2luZyB0aHJvdWdoIHRoZSBlbmVteSdzIGRlZmVuc2UgbGluZS4=
P	e3sxfX0gwrcge3syfX3rp4kgIHt7M319	e3sxfX0gwrcgQWN0IHt7Mn19ICB7ezN9fQ==
P	e3sxfX0g4oaSIHt7Mn19IMK3IOuTseq4iSDsg4Hsirk=	e3sxfX0g4oaSIHt7Mn19IMK3IFJhbmsgdXA=
P	e3sxfX0g7LKY7LmYIMK3IOqyve2XmOy5mCAre3syfX0=	e3sxfX0gZGVmZWF0ZWQgwrcgWFAgK3t7Mn19
E	6rSR6rOgIOqwnOyduOygleuztCDshKTsoJXsnYQg7Je07KeAIOuqu+2WiOyKteuLiOuLpC4=	Q291bGRuJ3Qgb3BlbiBhZCBwcml2YWN5IHNldHRpbmdzLg==
E	6rWt6rK97J2EIOyngO2CpOugpCDqtLTrrLzsnYQg7JmV7Jy866GcIOyCvOydgCDrsqDrpbg=	QmVybiwgV2hvIENyb3duZWQgYSBNb25zdGVyIHRvIERlZmVuZCB0aGUgQm9yZGVy
E	64iE6rWw6rCAIOuCqOydgCDrkZAg7IOI67K97KKF7J2EIOuqqOuRkCDtm5Tss6Tri6Tqs6A=	U29tZW9uZSBzdG9sZSBib3RoIHJlbWFpbmluZyBkYXduIGJlbGxz
E	66eI7KeA66eJIOyDiOuyveyiheydgCDsnqzsnZgg7ISx7LGEIOyViOyXkCDsnojri6Qu	VGhlIGxhc3QgRGF3biBCZWxsIGxpZXMgd2l0aGluIHRoZSBBc2hlbiBDaXRhZGVsLg==
E	66qo65OgIOq4uOydgCDrsqDrpbjqs7wg7J6s7J2YIOyEseyxhOuhnCDtlqXtlZzri6Qu	QWxsIHBhdGhzIGxlYWQgdG93YXJkIEJlcm4gYW5kIHRoZSBhc2ggY2l0YWRlbC4=
E	66qo7ZeYIOq4sOuhneydhCDslYjsoITtlZjqsowg7KSA67mE7ZWY6rOgIOyeiOyKteuLiOuLpA==	UHJlcGFyaW5nIHlvdXIgYWR2ZW50dXJlIHJlY29yZHMgc2FmZWx5
E	67mI7YuI7J2EIO2MjOqzoOuTpOyWtCDsoIHsnYQg67mg66W06rKMIOyXsO2DgO2VnOuLpC4=	UGllcmNlcyB0aHJvdWdoIHdlYWtuZXNzZXMgYW5kIHJhcGlkbHkgYXR0YWNrcyBlbmVtaWVzLg==
E	7IS4IOqwnOydmCDsg4Hsspgg64KcIOyiheydtCDtlajqu5gg7Jq466awIOyVhOy5qA==	VGhlIE1vcm5pbmcgVGhyZWUgV291bmRlZCBCZWxscyBSYW5nIGFzIE9uZQ==
E	7Ius7Jew7J2YIO2emOydhCDtj63rsJzsi5zsvJwg7KCB7J2EIOynkeyWtOyCvO2CqOuLpC4=	VW5sZWFzaGVzIHRoZSBwb3dlciBvZiB0aGUgQWJ5c3MgaW4gYW4gZXhwbG9zaW9uIHRoYXQgZGV2b3VycyBlbmVtaWVzLg==
E	7J2166qFIOyCrOyaqeyekCBJROulvCDtmZXsnbjtlaAg7IiYIOyXhuyKteuLiOuLpA==	Q291bGRuJ3QgdmVyaWZ5IHRoZSBhbm9ueW1vdXMgdXNlciBJRA==
P	7J6Q64+ZIOynhO2WiSDspJEgwrcge3sxfX0ve3syfX0=	QXV0byBwcm9ncmVzc2luZyDCtyB7ezF9fS97ezJ9fQ==
P	7KCce3sxfX3qtazsl60g6rSA66y47KeA6riwIMK3IHt7Mn19	U2VjdG9yIHt7MX19IEdhdGVrZWVwZXIgwrcge3syfX0=
E	7LCw64KY66W8IOqwgOultOuKlCDqs7XqsqnsnLzroZwg7KCB7J2EIOuyoOyWtOuCuOuLpC4=	QSBzd2lmdCBhdHRhY2sgdGhhdCBzZXZlcnMgdGhlIG1vbWVudCwgcHVzaGluZyBlbmVtaWVzIGF3YXku
E	6rSR6rOg66W8IOuztOqzoCDsmKTtlITrnbzsnbgg66qo7ZeYIOuqqOuRkCDstqnsoIQ=	V2F0Y2ggYW4gYWQgdG8gZnVsbHkgcmVjaGFyZ2Ugb2ZmbGluZSBhZHZlbnR1cmUgdGltZQ==
E	6rS066y87J2EIOyZleycvOuhnCDsgrzquLAg7KCE7JeQIOyyre2WiOuNmCDrj4Tsm4A=	VGhlIEFpZCBIZSBTb3VnaHQgQmVmb3JlIE1ha2luZyBhIE1vbnN0ZXIgS2luZw==
E	6re466a87J6QIOyGjeyXkOyEnCDrgpjtg4Drgpgg7KCB7J2EIOq4sOyKte2VnOuLpC4=	U3ByaW5ncyBmcm9tIHRoZSBzaGFkb3dzIHRvIGFtYnVzaCBlbmVtaWVzLg==
E	6riw7Ja164KY66y06rCAIOqwkOy2lOqzoCDsnojrjZgg7Jik656Y65CcIO2VmOqwleuhnA==	VGhlIEFuY2llbnQgRGVzY2VudCBIaWRkZW4gYnkgdGhlIE1lbW9yeSBUcmVl
E	656t7YK5IOyEnOuyhCDsnZHri7Ug7Iuc6rCE7J20IOy0iOqzvOuQmOyXiOyKteuLiOuLpA==	UmFua2luZyBzZXJ2ZXIgcmVzcG9uc2UgdGltZSBleGNlZWRlZA==
P	66qo7ZeY6rCAIOuere2CuSwge3sxfX0sIOuztOq4sCDrsoTtirw=	QWR2ZW50dXJlciByYW5raW5nLCB7ezF9fSwgdmlldyBidXR0b24=
E	7Iuc7Iqk7YWcIOyVjOumvCDshKTsoJXsnYQg7Je07KeAIOuqu+2WiOyKteuLiOuLpC4=	Q291bGRuJ3Qgb3BlbiBzeXN0ZW0gbm90aWZpY2F0aW9uIHNldHRpbmdzLg==
E	7JWE656Y7JeQIOuNlCDrp47snYAg66qo7ZeYIOq4sOuhneydtCDsnojsirXri4jri6Q=	TW9yZSBhZHZlbnR1cmUgcmVjb3JkcyBiZWxvdw==
E	7JWV64+E7KCB7J24IO2emOydhCDsp5HspJHtlbQg7KCB7J2EIOuCtOugpOy5nOuLpC4=	Q29uY2VudHJhdGVzIG92ZXJ3aGVsbWluZyBwb3dlciB0byBzdHJpa2UgZW5lbWllcy4=
E	7Jik7ZSE65287J24IOuqqO2XmCDsi5zqsITsnYQg7Lap7KCEIOykkeyeheuLiOuLpC4=	T2ZmbGluZSBhZHZlbnR1cmUgdGltZSBpcyByZWNoYXJnaW5nLg==
E	7J2R7KeR65CcIOu5m+ydhCDrgrTrpqzqvYLslYQg7KCB7J2EIOqzteqyqe2VnOuLpC4=	U3BlYXIgdGhlIGVuZW15IHdpdGggYSBmb2N1c2VkIGJlYW0gb2YgbGlnaHQu
E	7J2R7LaV7ZWcIOuniOugpeydhCDtj63rsJzsi5zsvJwg7KCB7J2EIO2cqeyTtOuLpC4=	Q29uY2VudHJhdGUgYW5kIGV4cGxvZGUgdGhlIHBvd2VyIHRvIHN3ZWVwIGF3YXkgZW5lbWllcy4=
E	7KCE66as7ZKI7J2EIOuNlCDrhpLsnYAg6rCA6rKp7JeQIO2MkOunpO2VqeuLiOuLpC4=	U2VsbCBsb290IGZvciBtb3JlIGdvbGQu
E	7ZSM66CI7J207ZWY7KeAIOyViuyVhOuPhCwg66qo7ZeY7J2AIOynhO2WiSDspJEu	Tm90IHBsYXlpbmcuIFN0aWxsIHByb2dyZXNzaW5nLg==
P	e3sxfX0sIOyKpO2CrCDqsr3tl5jsuZgge3syfX0=	e3sxfX0sIHNraWxsIFhQIHt7Mn19
E	6rCc7J247KCV67O07LKY66as67Cp7Lmo7J2EIOyXtOyngCDrqrvtlojsirXri4jri6Qu	Q291bGRuJ3Qgb3BlbiB0aGUgcHJpdmFjeSBwb2xpY3ku
E	64+M7JWE7JisIOydtOuTpOydhCDsnITtlbQg64uk7IucIOyEuOyatCDrtoHrrLg=	Rm9yIHRob3NlIHJldHVybmluZywgdGhlIE5vcnRoZXJuIEdhdGUgaGFzIGJlZW4gcmVidWlsdC4=
E	65yo6rGw7Jq0IO2MjOuPmeydhCDrv5zslrQg7KCB7J2EIOu2iO2DnOyatOuLpC4=	U3BldyBhIGhvdCB3YXZlIHRvIGluY2luZXJhdGUgZW5lbWllcy4=
E	67OE67mb7J2EIOuRkOuluCDqtqTsoIHsnLzroZwg7KCB7J2EIOqwgOuluOuLpC4=	U3dlZXAgZW5lbWllcyB3aXRoIGEgdHJhaWwgb2Ygc3RhcmxpZ2h0Lg==
E	7Jik7ZSE65287J24IOuqqO2XmCDsi5zqsITsnbQg6rCA65OdIOywvOyKteuLiOuLpA==	T2ZmbGluZSBhZHZlbnR1cmUgdGltZSBpcyBmdWxsLg==
E	7J6K7Z6MIOydtOumhOuTpOuhnCDruYTslrQg7J6I642YIOyZleydmCDqsJHsmLc=	VGhlIEtpbmcncyBBcm1vciwgRW1wdHkgU2F2ZSBmb3IgRm9yZ290dGVuIE5hbWVz
E	7J6s7JmAIOuwseyVvOydmCDsnpTsnqzqsIAg66eM64KcIOqzteuPmSDsiJjroZw=	U2hhcmVkIFdhdGVyd2F5IFdoZXJlIHRoZSBSZW1uYW50cyBvZiBBc2ggYW5kIHRoZSBXaGl0ZSBOaWdodCBNZXQ=
E	7KO97J2AIOyekOyXkOqyjCDrj4TssKntlZwg64uk7J2MIOuCoOydmCDrqoXroLk=	VGhlIE5leHQgRGF5J3MgT3JkZXIgU2VudCB0byB0aGUgRGVhZA==
P	7Zi47LmtIHt7MX19LCDsoITtiKzroKUge3syfX0=	VGl0bGUge3sxfX0sIHBvd2VyIHt7Mn19
P	e3sxfX0g6rWs66ekIMK3IC17ezJ9fUc=	e3sxfX0gUHVyY2hhc2UgwrcgLXt7Mn19Rw==
P	e3sxfX0g7YyQ66ekIMK3ICt7ezJ9fUc=	e3sxfX0gU2VsbCDCtyAre3syfX1H
P	e3sxfX3tmowg7KSRIHt7Mn197ZqMIOyZhOujjA==	e3syfX0gb2Yge3sxfX0gY29tcGxldGVk
E	6rOE7IaN7ZWY66Ck66m0IOyXheuNsOydtO2KuOqwgCDtlYTsmpTtlanri4jri6Qu	VXBkYXRlIHJlcXVpcmVkIHRvIGNvbnRpbnVlLg==
E	6riIIOqwhCDsooXsnbQg7KeA7Lyc64K4IOyDiOuyvSDtlZwg7KGw6rCB	QSBGcmFnbWVudCBvZiBEYXduIFByZXNlcnZlZCBieSB0aGUgQ3JhY2tlZCBCZWxs
E	6riw7Ja164KY66y0IOu/jOumrOqwgCDquLjsnYQg67CU6r6464qUIO2ajOuekQ==	TWVtb3J5IFRyZWUgcm9vdHMgYWx0ZXJpbmcgdGhlIHBhdGggb2YgdGhlIGNvcnJpZG9y
E	64Ko7J2AIOuRkCDsg4jrsr3sooXsnbQg66qo65GQIOuPhOuCnOuLue2WiOuLpA==	Qm90aCByZW1haW5pbmcgRGF3biBCZWxscyBoYXZlIGJlZW4gc3RvbGVu
E	66qo65OgIOyngeyXheyXkCDsoIHsmqnrkJjripQg7Zqo6rO87J6F64uI64ukLg==	VGhlc2UgYmVuZWZpdHMgYXBwbHkgdG8gZXZlcnkgY2xhc3Mu
E	66qo7ZeYIOq4sOuhneydhCDrtojrn6zsmKTsp4Ag66q77ZaI7Iq164uI64ukLg==	Q291bGQgbm90IGxvYWQgYWR2ZW50dXJlIGxvZy4=
E	66y8IOyVhOuemOyXkOyEnCDsmrjrprAg7LKrIOuyiOynuCDsooXshozrpqw=	VGhlIEZpcnN0IEJlbGwgVG9sbCBCZW5lYXRoIHRoZSBXYXRlcg==
E	7IOB7LKYIOyeheydgCDsoITroLnsnbQg7KCE7ZWcIOq1rOyhsCDsmpTssq0=	V291bmRlZCBtZXNzZW5nZXIgcmVwb3J0cyBlbWVyZ2VuY3kgcmVxdWVzdA==
E	7Iiy7J2EIOyCtOumsCDqsqjsmrjqs7wg7Iiy7J2EIOuoueydgCDrs7TtmLg=	VGhlIFdpbnRlciBUaGF0IFNhdmVkIHRoZSBGb3Jlc3QsIGFuZCB0aGUgUHJvdGVjdGlvbiBUaGF0IERldm91cmVkIEl0
E	7JeF642w7J207Yq4IO2OmOydtOyngOulvCDsl7Tsp4Ag66q77ZaI7Iq164uI64uk	Q291bGRuJ3Qgb3BlbiB0aGUgdXBkYXRlIHBhZ2U=
P	7JyE7ZiRIHt7MX1964uo6rOEIMK3IHt7Mn19	VGhyZWF0IGxldmVsIHt7MX19IMK3IHt7Mn19
E	7J6U7JesIOyLnOqwhOydtCAw7J20IOuQmOuptCDquLDquLAg7JWM66a8	Tm90aWZ5IG1lIHdoZW4gdGltZSBydW5zIG91dA==
E	7KeA7YKk66Ck64qUIOyGkOydtCDrp4jsp4Drp4nsnLzroZwg67aA7IicIOqygw==	V2hhdCB0aGUgSGFuZCBvZiBQcm90ZWN0aW9uIEZpbmFsbHkgQnJva2U=
E	7YyQ66ek7ZWgIOyghOumrO2SiOydhCDtmZXsnbjtlZjqs6Ag7J6I7Iq164uI64uk	Q2hlY2tpbmcgYXZhaWxhYmxlIGxvb3QgZm9yIHNhbGU=
P	7ZiE7J6sIOyepeuptCB7ezF9fSwge3syfX0=	Q3VycmVudCBzY2VuZSB7ezF9fSwge3syfX0=
E	7ZiE7J6sIOyepeu5hOuztOuLpCDrgpjsnYAg7KCE66as7ZKI7J20IOyXhuydjA==	Tm8gYmV0dGVyIGxvb3QgYXZhaWxhYmxlIHRoYW4gY3VycmVudCBlcXVpcG1lbnQ=
E	XuygnFswLTldK+q1rOyXrVxzKsK3XHMq	U2VjdG9yICM=
P	4oCYe3sxfX3igJkg7Lmt7Zi46rCAIO2VtOq4iOuQkOuLpC4=	J3t7MX19JyB0aXRsZSBoYXMgYmVlbiB1bmxvY2tlZC4=
E	6rCA67Cp7J20IOqwgOuTnSDssKgg66eI7J2E66GcIOq3gO2ZmCDspJE=	QmFnIGlzIGZ1bGwsIHJldHVybmluZyB0byB2aWxsYWdlLg==
E	6rCZ7J2AIOyduOyepeydtCDssI3tnowg7IOB67CY65CcIOuqheugueyEnA==	Q29uZmxpY3RpbmcgT3JkZXJzIEJlYXJpbmcgdGhlIFNhbWUgU2VhbA==
E	6rWt6rK96rO8IOudvOybgOydhCDsnofripQg6rO164+ZIOuztOq4ieuhnA==	U2hhcmVkIFN1cHBseSBSb3V0ZSBMaW5raW5nIHRoZSBCb3JkZXIgYW5kIFJhdW0=
E	6riw7Ja17J2AIOqwmeyngOunjCDshKDtg53snYAg64uk66W4IOyWvOq1tA==	U2FtZSBNZW1vcmllcywgRGlmZmVyZW50IENob2ljZXM=
E	64uk7J2MIOyggeydmCDtnZTsoIHsnYQg7LC+6rOgIOyeiOyKteuLiOuLpA==	VHJhY2tpbmcgdGhlIG5leHQgZW5lbXk=
E	66eI7J2E66GcIOuPjOyVhOqwgCDqsIDrsKnsnYQg7KCV66as7ZWp64uI64uk	R28gYmFjayB0byB0aGUgdmlsbGFnZSBhbmQgb3JnYW5pemUgeW91ciBiYWcu
E	66eI7KeA66eJIOu0ieyduOqzvCDssqsg6rWs7Jet7J2YIOusuOyngOq4sA==	R2F0ZWtlZXBlciBvZiB0aGUgRmluYWwgU2VhbCBhbmQgRmlyc3QgU2VjdG9y
E	67CU656MIOyXhuydtCDsm4Dsp4Hsnbgg65GQIOuyiOynuCDsp4Drj4Q=	VGhlIHNlY29uZCBtYXAgbW92ZWQgd2l0aG91dCB3aW5k
E	67aB67Cp7JeQIOuLv+yngCDrqrvtlZwg7JibIOq1rOyhsCDsi6DtmLg=	T2xkIERpc3RyZXNzIFNpZ25hbCBUaGF0IE5ldmVyIFJlYWNoZWQgdGhlIE5vcnRo
E	7IOB64uoIOuwsOuEiCDqtJHqs6AgMzIweDUwZHA=	VG9wIGJhbm5lciBhZCwgMzIwIGJ5IDUwIGRw
E	7IOI66GcIOyXtOumsCDquLDslrXrgpjrrLQg6rO164+ZIOyInOywsOuhnA==	VGhlIE5ld2x5IE9wZW5lZCBKb2ludCBQYXRyb2wgUm91dGUgb2YgdGhlIE1lbW9yeSBUcmVl
E	7JWe7J2YIOyepeuptOydtCDslYTsp4Eg64Gd64KY7KeAIOyViuydjC4=	VGhlIHByZXZpb3VzIHNjZW5lIGlzIG5vdCB5ZXQgY29tcGxldGUu
E	7JW97IaNIOyXhuuKlCDrhKQg67KI7Ke4IOu5m+yXkCDquajslrTrgpw=	QXdha2VuZWQgYnkgdGhlIFVucHJvbWlzZWQgRm91cnRoIExpZ2h0
E	7KeA64KcIOyLnOqwhOydmCDrqqjtl5jsnYQg6rOE7IKw7ZWY64qUIOykkQ==	Q2FsY3VsYXRpbmcgdGltZSBhd2F5
E	7KeA67aV6ri4IOuBneyXkOyEnCDrkJjssL7snYAg67mE67CAIOu0ieyduA==	VGhlIFNlY3JldCBTZWFsIFJlY292ZXJlZCBhdCB0aGUgRW5kIG9mIHRoZSBSb29mdG9wIFBhdGg=
E	7KeA7ZWY7JeQ7IScIOuWoOyYpOuluCDtkbjrpbgg67mb7J2EIOuRkOuluA==	V3JlYXRoZWQgaW4gQmx1ZSBMaWdodCBmcm9tIEJlbG93
E	7LKrIOuqqO2XmOuLtOydmCDqsrDrp5DsnYQg6riw64uk66as64qUIOykkQ==	V2FpdGluZyBmb3IgdGhlIGVuZGluZyBvZiB0aGUgZmlyc3QgYWR2ZW50dXJl
E	7LKrIOyghOumrO2SiOydhCDquLDri6TrpqzripQg7KSR7J6F64uI64ukLg==	V2FpdGluZyBmb3IgeW91ciBmaXJzdCBsb290Lg==
P	e3sxfX0gwrcge3syfX0g7ZS87ZW0	e3sxfX0gwrcge3syfX0gZGFtYWdl
P	e3sxfX0gwrcge3syfX0g7ZW06riI	e3sxfX0gwrcge3syfX0gdW5sb2NrZWQ=
P	e3sxfX0gwrcg7IOIIOyepeu5hOuhnCDsnqXssKk=	e3sxfX0gwrcgRXF1aXBwZWQgd2l0aCBuZXcgZ2Vhcg==
P	e3sxfX0sIOyKpO2CrCDqsr3tl5jsuZgg7LWc64yA	e3sxfX0sIG1heGltdW0gc2tpbGwgZXhwZXJpZW5jZQ==
E	6rWt6rK96rO8IOudvOybgOydmCDsoJXquLAg7JWI7KCEIOyLoO2YuA==	UmVndWxhciBzYWZldHkgc2lnbmFscyBiZXR3ZWVuIGJvcmRlciBhbmQgUmF1bQ==
E	6riw6riwIOyVjOumvCDqtoztlZzsnbQg7ZWE7JqU7ZWp64uI64ukLg==	Tm90aWZpY2F0aW9uIHBlcm1pc3Npb24gaXMgcmVxdWlyZWQu
E	6riw66Gd7JeQ7IScIOyCrOudvOynhCDrs4TsnpDrpqzsnZgg7KKM7ZGc	Q29vcmRpbmF0ZXMgb2YgdGhlIG1pc3NpbmcgY29uc3RlbGxhdGlvbnMgZnJvbSByZWNvcmRz
P	6riw67O4IOqzteqyqSDCtyB7ezF9fSDtlLztlbQ=	QmFzaWMgQXR0YWNrIMK3IHt7MX19IGRhbWFnZQ==
E	6riw7Ja17ZWY66m07ISc64+EIOuzgO2VtCDqsIDripQg7IKs656M65Ok	UGVvcGxlIFdobyBSZW1lbWJlciBhbmQgU3RpbGwgQ2hhbmdl
E	6riw7KG0IOyepeu5hOuKlCDqsIDrsKnsl5Ag67O06rSA65Cp64uI64uk	RXhpc3RpbmcgZ2VhciBpcyBzdG9yZWQgaW4gdGhlIGJhZw==
E	64Sk7Yq47JuM7YGsIOyXsOqysOydhCDtmZXsnbjtlbQg7KO87IS47JqU	UGxlYXNlIHZlcmlmeSBuZXR3b3JrIGNvbm5lY3Rpb24=
E	64iE6rWw6rCAIOyDiOuyveyiheydhCDrqqjrkZAg7ZuU7LOk64uk6rOg	U29tZW9uZSBzdG9sZSBhbGwgdGhlIGRhd24gYmVsbHM=
E	64uI7JWE6rCAIO2blOy5nCDquLjqs7wg64+M66Ck7KSAIOynhOyLpA==	VGhlIFJvYWQgTmlhIFN0b2xlLCB0aGUgVHJ1dGggU2hlIFJldHVybmVk
P	64uk7J2MIOq0gOusuCDCtyDsoJx7ezF9feq1rOyXrQ==	TmV4dCBHYXRlIMK3IFNlY3RvciB7ezF9fQ==
P	65Oc66GtIOyepeu5hCB7ezF9feu2gOychCDqtZDssrQ=	RHJvcCBnZWFyIHt7MX19IHBhcnQgcmVwbGFjZW1lbnQ=
E	65Oc66GtIOyepeu5hOulvCDrtoDsnITrs4TroZwg67mE6rWQIOykkQ==	Q29tcGFyaW5nIGRyb3BwZWQgZ2VhciBieSBib2R5IHBhcnQ=
E	66i87KCAIOuPhOywqe2VtCDsnojrjZgg7J6Q7Iug7J2YIO2dlOyggQ==	VHJhY2VzIG9mIFlvdXJzZWxmIFRoYXQgQXJyaXZlZCBGaXJzdA==
E	67Kg66W47J2YIOuniOyngOuniSDrqoXroLnsnYQg66eJ64qUIOyekA==	QmxvY2tlciBvZiBCZXJuJ3MgRmluYWwgQ29tbWFuZA==
E	7IS4IOyDiOuyveyiheyXkCDqsJDstrDsp4Qg7KeE7KecIOyXre2VoA==	VGhlIHRydWUgcm9sZSBoaWRkZW4gYmVoaW5kIHRocmVlIGRhd24gYmVsbHM=
E	7Ius7J6l6rO8IOqysO2Vqe2VnCDrp4jsp4Drp4kg7KCV7JuQ7KeA6riw	TGFzdCBHYXJkZW4gS2VlcGVyIEZ1c2VkIHdpdGggdGhlIEhlYXJ0
E	7Jyg66asIOyejuydhCDsp4DtgqTripQg67aB67Cp7J2YIOyCrOyekA==	Tm9ydGhlcm4gTGlvbiBHdWFyZGluZyB0aGUgR2xhc3MgTGVhdmVz
E	7KCR7Z6YLiDrkZAg67KIIO2Dre2VmOyXrCDtjrzsuZjquLAu	Q29sbGFwc2VkLiBEb3VibGUtdGFwIHRvIGV4cGFuZC4=
P	7KCce3sxfX3qtazsl60gwrcge3syfX0=	U2VjdG9yIHt7MX19IMK3IHt7Mn19
E	7Y687LOQ7KeQLiDrkZAg67KIIO2Dre2VmOyXrCDsoJHquLAu	RXhwYW5kZWQuIERvdWJsZS10YXAgdG8gY29sbGFwc2Uu
P	e3sxfX3tg4Agwrcge3syfX1+	e3sxfX10aCDCtyB7ezJ9fX4=
E	6rCZ7J2AIOuCoOydmCDrqoXroLnshJzrpbwg7LCi64qUIOyekA==	VGVhcmVyIG9mIHRoZSBTYW1lLURheSBPcmRlcnM=
E	6rKA7J2AIOyerOyZgCDtnbAg7Jyg66as7J2YIOy2qeuPjOyImA==	Q2xhc2gtQmVhc3Qgb2YgQmxhY2sgQXNoIGFuZCBXaGl0ZSBHbGFzcw==
E	6rOE7KCI6rO8IOydtOumhOydhCDrqLnripQg67mIIOqyqOyauA==	SG9sbG93IFdpbnRlciBUaGF0IERldm91cnMgU2Vhc29ucyBhbmQgTmFtZXM=
E	64GK6riw7KeAIOyViuuKlCDrs7TquInshKDsnZgg7Y+s7Iud7J6Q	RGV2b3VyZXIgb2YgdGhlIFVuYnJva2VuIFN1cHBseSBMaW5l
E	64SkIOqzhOygiCDspJEg64+E66Ck64K07KeEIO2VnCDsnqU=	T25lIFBhZ2UgQ3V0IGZyb20gdGhlIEZvdXIgU2Vhc29ucw==
E	64+E7LCp7ZWY7KeAIOyViuydgCDqtazsm5DsnZgg7LCo64uo7J6Q	QmxvY2tlciBvZiB0aGUgU2FsdmF0aW9uIFRoYXQgTmV2ZXIgQXJyaXZlZA==
E	66ed7LmY7KeIIOuwleyekOyXkCDrp57strAg7JuA7KeB7J2064qU	TW92aW5nIHRvIHRoZSBIYW1tZXIncyBSaHl0aG0=
E	66qs7Iqk7YSw66W8IOuNlCDruajrpqwg7LC+7Iq164uI64ukLg==	RmluZCBtb25zdGVycyBmYXN0ZXIu
E	66y4IOyXhuuKlCDsmIjrsLDri7nsnYQg7KeA7YKk64qUIOyekA==	R3VhcmRpYW4gb2YgdGhlIERvb3JsZXNzIENoYXBlbA==
E	67CU656M6rO8IOuwnOyekOq1reydtCDqsIDrpqztgqgg67aB7Kq9	VGhlIG5vcnRoLCBhcyBwb2ludGVkIGJ5IHdpbmQgYW5kIGZvb3RwcmludHM=
E	7IKs65287KeA64qUIOuniOyngOuniSDsnYzsnZgg7LaU6rKp7J6Q	UHVyc3VlciBvZiB0aGUgRmFkaW5nIEZpbmFsIE5vdGU=
E	7IKs65287KeA7KeAIOuqu+2VnCDrp4jsp4Drp4kg7KKF7IaM66as	VGhlIGxhc3QgYmVsbCB0aGF0IHdpbGwgbm90IHZhbmlzaA==
E	7IOIIOyepeu5hOuhnCDrsJTroZwg7J6l7LCp7ZaI7Iq164uI64uk	SW1tZWRpYXRlbHkgZXF1aXBwZWQgd2l0aCB0aGUgbmV3IGdlYXI=
E	7ISx67K9IOyViOyqveyXkOyEnCDsi5zsnpHrkJwg67Cc7J6Q6rWt	Rm9vdHByaW50cyBiZWdpbm5pbmcgaW5zaWRlIHRoZSBjaXR5IHdhbGxz
E	7IS4IOyDiOuyveyiheydtCDrqqjrkZAg64+E64Kc64u57ZaI64uk	QWxsIHRocmVlIGRhd24gYmVsbHMgd2VyZSBzdG9sZW4=
E	7IS465287J2YIOq1sO2MqOyekOq1reydhCDsp4DsmrDripQg7J6Q	RXJhc2VyIG9mIFNlcmEncyBNaWxpdGFyeS1UYWcgVHJhY2U=
E	7Iqk7Iqk66GcIOyEoO2Dne2VnCDssqsg67KI7Ke4IOyImO2YuA==	VGhlIEZpcnN0IFByb3RlY3Rpb24gRnJlZWx5IENob3Nlbg==
E	7JWE7KeBIOynkeqzhOuQnCDsiJzsnITqsIAg7JeG7Iq164uI64uk	Tm8gcmFua2luZ3MgaGF2ZSBiZWVuIHJlY29yZGVkIHlldC4=
E	7Je066as7KeAIOyViuuKlCDrv4zrpqzrrLjsnZgg7YyM7IiY7J6Q	V2FyZGVuIG9mIHRoZSBSb290IEdhdGUgVGhhdCBXaWxsIE5vdCBPcGVu
E	7Je07Ja0IOuRlCDquLjsnZgg66eI7KeA66eJIO2MjOyImOq+vA==	TGFzdCBXYXJkZW4gb2YgdGhlIFJvYWQgTGVmdCBPcGVu
E	7JmE67K97ZWcIOygleyYpOyXkCDrtpnsnqHtnowg7IKs656M65Ok	UGVvcGxlIGNhdWdodCBhdCB0aGUgcGVyZmVjdCBub29u
E	7J2066aEIOyXhuuKlCDqtbDtjKjrpbwg7KeA7YKk64qUIOyekA==	R3VhcmRpYW4gb2YgdGhlIE5hbWVsZXNzIE1pbGl0YXJ5IFRhZw==
E	7J2166qFIOyCrOyaqeyekCBJROqwgCDsl4bsirXri4jri6Q=	Tm8gYW5vbnltb3VzIHVzZXIgSUQgYXZhaWxhYmxl
E	7J6g7IucIO2bhCDsgqzrg6XthLDroZwg7Lac7KCV7ZWp64uI64uk	U2xpZ2h0bHkgbGF0ZXIsIGhlYWRpbmcgdG8gdGhlIGh1bnRpbmcgZ3JvdW5kcw==
E	7KCV7JuQ7KeA6riw7J2YIOuRkCDshpDsnYQg66y264qUIOyekA==	QmluZGVyIG9mIHRoZSBHYXJkZW4gS2VlcGVyJ3MgSGFuZHM=
P	7KCce3sxfX3qtowgwrcge3syfX0=	Qm9vayB7ezF9fSDCtyB7ezJ9fQ==
P	7KCce3sxfX3qtowg7KCce3syfX3snqU=	Vm9sdW1lIHt7MX19LCBDaGFwdGVyIHt7Mn19
E	7LKrIOyihe2YgOuhnCDruYTrsIAg6rOE64uo7J2EIOyXtOyWtA==	T3BlbiB0aGUgU2VjcmV0IFN0YWlyd2F5IHdpdGggdGhlIEZpcnN0IENsYXBwZXI=
E	7YuA66awIOydjOyXkCDrkJjsgrTslYTrgpjripQg7ZWp7KO87J6Q	TXVzaWNpYW4gUmV2aXZlZCBieSBhIEZhbHNlIE5vdGU=
P	7ZSE66Gk66Gc6re4IHt7MX1967KI7Ke4IOyepeuptA==	UHJvbG9ndWUgU2NlbmUge3sxfX0=
E	7ZW0IOyngOyngCDslYrripQg6rOE64uo7J2YIOyCreygnOyekA==	RXJhc2VyIG9mIHRoZSBTdGFpciBXaGVyZSB0aGUgU3VuIE5ldmVyIFNldHM=
E	SFAgTUFYIMK3IOy1nOuMgCBIUA==	SFAgTUFYIMK3IE1heGltdW0gSFA=
E	TVAgTUFYIMK3IOy1nOuMgCBNUA==	TVAgTUFYIMK3IE1heGltdW0gTVA=
P	e3sxfX0gwrcg6rCA67Cp7JeQIOuztOq0gA==	e3sxfX0gwrcgU3RvcmVkIGluIGJhZw==
P	e3sxfX0ve3syfX0g7JmE66OM	e3sxfX0ve3syfX0gY29tcGxldGVk
P	e3sxfX3snZgg65Gl7KeAIOu2gOyKpOufrOq4sA==	e3sxfX0gTmVzdCBEZWJyaXM=
E	6rCA65OdIOywqOyEnCDrp4jsnYTroZwg6reA7ZmYIOykkQ==	RnVsbCB0byB0aGUgYnJpbSwgcmV0dXJuaW5nIHRvIHRoZSB2aWxsYWdl
P	6rCA67CpIHt7MX19L3t7Mn19	QmFnIHt7MX19L3t7Mn19
E	6rGw6r6466GcIO2dkOultOuKlCDqsJXsnZgg7Z2h7IiY7J6Q	QWJzb3JiZXIgb2YgdGhlIFJldmVyc2UtRmxvd2luZyBSaXZlcg==
E	6rKA7J2AIOyerOyZgCDtnbAg7Jyg66asIOyCrOydtOydmA==	QmV0d2VlbiBCbGFjayBBc2ggYW5kIFdoaXRlIEdsYXNz
E	6rOE7KCIIOyngO2VmOyLpOydmCDrv4zrpqwg7YyM7IiY7J6Q	Um9vdCBXYXJkZW4gb2YgdGhlIFNlYXNvbmFsIENlbGxhcg==
E	64Gd64KY7KeAIOyViuuKlCDsooXshozrpqzsnZgg7ZiV7IOB	RW1ib2RpbWVudCBvZiB0aGUgTmV2ZXItRW5kaW5nIENoaW1l
E	64Ko6rKo7KeEIOq3gO2ZmCDqt5zsuZnsnZgg7YyM7IiY7J6Q	R3VhcmRpYW4gb2YgdGhlIFJlbWFpbmluZyBSZXR1cm4gUnVsZXM=
E	65GQIOq1sOuMgOulvCDsq5PsnYAg7ZWY64KY7J2YIOyggQ==	QSBzaW5nbGUgZW5lbXkgY2hhc2luZyB0d28gYXJtaWVz
E	65GQIOuyiOynuCDri7Xsi6DsnYQg7Z2Q66as64qUIOyekA==	T2JzY3VyZXIgb2YgdGhlIFNlY29uZCBSZXBseQ==
E	65GQIOuyiOynuCDsg4jrsr3sooXsnYQg7ZuU7LmcIOyekA==	VGhpZWYgb2YgdGhlIFNlY29uZCBEYXduIEJlbGw=
E	656t7YK5IOyerOyLnOuPhCDrjIDquLAg7KSR7J6F64uI64uk	UmFua2luZyByZXRyeSBpbiBwcm9ncmVzcw==
E	656t7YK57J2EIOu2iOufrOyYpOyngCDrqrvtlojsirXri4jri6Q=	RmFpbGVkIHRvIGxvYWQgcmFua2luZw==
E	66eI7KeA66eJIOyDiOuyveyiheydhCDsp4DtgqTripQg7J6Q	R3VhcmRpYW4gb2YgdGhlIEZpbmFsIERhd24gQmVsbA==
E	66eR7JWE7KeEIOyImOuhnOydmCDrp4jsp4Drp4kg7Jik66y8	TGFzdCBGaWx0aCBvZiB0aGUgQ2xlYXJlZCBXYXRlcndheQ==
E	66qo7ZeY6rCAIOyEoO2DnSDtmZTrqbTsnLzroZwg7J2064+Z	R28gdG8gYWR2ZW50dXJlciBzZWxlY3Rpb24=
E	66qp7IaM66as66eMIOuCqOydgCDrpqzruIzsnZgg6rCE7IiY	SmFpbGVyIG9mIExpdidzIExpbmdlcmluZyBWb2ljZQ==
E	66y47KeA6riw7J2YIOydtOumhOydhCDsp4DsmrDripQg7J6Q	RXJhc2VyIG9mIHRoZSBHYXRla2VlcGVyJ3MgTmFtZQ==
E	67Cp7Yyo7J2YIOunueyEuOulvCDsi5ztl5jtlZjripQg7J6Q	VGVzdGVyIG9mIHRoZSBTaGllbGQncyBPYXRo
E	67OEIOyXhuuKlCDrgZ3sl5DshJwg7Jis65287JioIOyekA==	T25lIFJpc2VuIGZyb20gdGhlIFN0YXJsZXNzIEVuZA==
E	67O17KCc65CY7KeAIOyViuuKlCDquLjsnZgg7LaU7KCB7J6Q	VHJhY2tlciBvZiB0aGUgVW5jb3B5YWJsZSBQYXRo
E	67aB7Kq97J2YIOyyqyDrtojruZvsnYQg7IK87YKoIOyekA==	RGV2b3VyZXIgb2YgdGhlIE5vcnRoJ3MgRmlyc3QgTGlnaHQ=
E	67mE7JeQIOuTnOufrOuCnCDrrJjtkZzsnZgg7YyM6rS07J6Q	RGVzdHJveWVyIG9mIHRoZSBSYWluLVJldmVhbGVkIEdyYXZlIE1hcmtlcg==
E	67mb7J2YIOuLpOumrOulvCDrrLTrhIjrnKjrpqzripQg7J6Q	RGVzdHJveWVyIG9mIHRoZSBCcmlkZ2Ugb2YgTGlnaHQ=
E	7IKs65287KeA7KeAIOyViuuKlCDshozrpqzrpbwg65GQ66W4	V3JlYXRoZWQgaW4gVW5keWluZyBTb3VuZA==
E	7IKs65287KeEIOyEnOq4sOq0gOydhCDsp4DtgqTripQg7J6Q	R3VhcmRpYW4gb2YgdGhlIFZhbmlzaGVkIFNjcmliZQ==
E	7IS4IOuyiOydmCDri7Xsi6DsnYQg7Z2Q66as64qUIOyekA==	T2JzY3VyZXIgb2YgdGhlIFRocmVlIFJlcGxpZXM=
E	7IS4IOyDiOuyveyiheydhCDtnanslrQg64aT64qUIOyekA==	U2NhdHRlcmVyIG9mIHRoZSBUaHJlZSBEYXduIEJlbGxz
E	7IS4IO2DkeydmCDsmrjrprzsnYQg7Z2Q66as64qUIOyekA==	RGlzdG9ydGVyIG9mIHRoZSBUaHJlZSBUb3dlcnMnIENoaW1l
E	7JWE656Y66GcIO2Wpe2VnCDsp4Drj4TsnZgg7Y+s7Iud7J6Q	RGV2b3VyZXIgb2YgdGhlIERvd253YXJkLVBvaW50aW5nIE1hcA==
E	7JWI7Kq97J2EIO2Wpe2VnCDtmZTsgrTsnZgg7KeA7ZyY7J6Q	Q29tbWFuZGVyIG9mIHRoZSBJbndhcmQtQWltZWQgQXJyb3dz
E	7Ja86rW07J2EIOq5qOusvOyWtCDrs7XsoJztlZjripQg7J6Q	RmFjZS1CaXRpbmcgUmVwbGljYXRvcg==
E	7Je065GQIOuyiOynuCDrjIDtmZTrpbwg6riw64uk66as64qU	QXdhaXRpbmcgdGhlIFR3ZWxmdGggQ29udmVyc2F0aW9u
E	7Jik66W067CY7J2YIOydtOumhOydhCDsp4DtgqTripQg7J6Q	R3VhcmRpYW4gb2YgT3JiYW4ncyBOYW1l
E	7Jq466as66m0IOyViCDrkJjripQg7KKF7J2YIOyjvOyduA==	TWFzdGVyIG9mIHRoZSBCZWxsIFRoYXQgTXVzdCBOZXZlciBSaW5n
E	7Jyg66asIOyejuydmCDslb3sho3snYQg7ZuU7LmcIOyekA==	VGhpZWYgb2YgdGhlIEdsYXNzIExlYWYncyBQcm9taXNl
E	7J2066aEIOyXhuuKlCDquLjsnYQg7KeA7Jqw64qUIOyekA==	RXJhc2VyIG9mIHRoZSBOYW1lbGVzcyBQYXRo
E	7J2066aE7Jy866GcIOu5muydgCDqtbDrjIDsnZgg64yA7J6l	R2VuZXJhbCBvZiB0aGUgQXJteSBGb3JnZWQgZnJvbSBOYW1lcw==
E	7J2066aE7J2EIOyDiOq4sOuKlCDrsKTsnZgg6rCQ7Iuc7J6Q	TmlnaHQgV2F0Y2hlciBXaG8gQ2FydmVzIE5hbWVz
P	7KCE7LK0IOuere2CuSDCtyB7ezF9feuqhQ==	T3ZlcmFsbCBSYW5raW5nIMK3IHt7MX19IHBsYXllcnM=
P	7KCce3sxfX3snqUgIHt7Mn19	Q2hhcHRlciB7ezF9fSAge3syfX0=
E	7KKF7IaM66as66GcIOyXtOumsCDquLjsnZgg7YyM7IiY6r68	V2FyZGVuIG9mIHRoZSBCZWxsLU9wZW5lZCBQYXRo
E	7KSR7IusIOuwleuPmeyXkCDrp57strAg7JuA7KeB7J2064qU	TW92aW5nIHdpdGggdGhlIENvcmUncyBQdWxzZQ==
E	7LKrIOuyiOynuCDsg4jrsr3sooXsnYQg7IK87YKoIOyekA==	RGV2b3VyZXIgb2YgdGhlIEZpcnN0IERhd24gQmVsbA==
E	7LKrIOuyiOynuCDsooXtmIDrpbwg7ZmI7JeQIOuMgOyekA==	V2hlbiB0aGUgRmlyc3QgQ2xhcHBlciBXYXMgUGxhY2VkIGluIHRoZSBHcm9vdmU=
E	7YuA66as7KeAIOyViuuKlCDri4jslYTsnZgg6ri47KeA6riw	S2VlcGVyIG9mIE5pYSdzIFVuZXJyaW5nIFBhdGg=
E	7Z2Q66W07KeAIOyViuq4sOyXkCDtiKzrqoXtlbTsp4Qg6rCV	VGhlIFJpdmVyIE1hZGUgQ2xlYXIgYnkgU3RhZ25hdGlvbg==
P	e3sxfX3rtoDsnIQg7J6Q64+ZIOq1kOyytA==	QXV0by1wYXJ0IHJlcGxhY2VtZW50OiB7ezF9fQ==
P	e3sxfX3snZgg67Cc7J6Q6rWtIOyEneqzoA==	e3sxfX0gRm9vdHByaW50IENhc3Q=
P	e3sxfX3snZgg7J2M7JiBIOyKpOy8gOy5mA==	U2lsaG91ZXR0ZSBTa2V0Y2ggb2Yge3sxfX0=
P	e3sxfX3snZgg7J2064+Z66GcIO2RnOyLnQ==	Um91dGUgTWFya2VyIGZvciB7ezF9fQ==
E	6rKA7J2AIOycoOumrCDsl7Tsh6Drpbwg64W466as64qU	Q292ZXRpbmcgdGhlIEJsYWNrIEdsYXNzIEtleQ==
E	6rWs66mNIOyXhuuKlCDsl7Tsh6DsnZgg7Y+s7Iud7J6Q	RGV2b3VyZXIgb2YgdGhlIEtleSBXaXRob3V0IGEgSG9sZQ==
E	6rWs7JetLCDstZzqs6Ag7JmE7KO8IOq5iuydtCA=	U2VjdG9yLCBoaWdoZXN0IGNvbXBsZXRpb24gZGVwdGg=
E	6rWt6rK9IOuEiOuouCDrsJzsnpDqta3snZgg7KO87J24	TWFzdGVyIG9mIHRoZSBGb290cHJpbnRzIEJleW9uZCB0aGUgQm9yZGVy
E	6rWt6rK96rO8IOu2geuwqeydmCDqs7Xrj5kg66qF67aA	Qm9yZGVyIGFuZCBOb3J0aGVybiBDb21tb24gUmVnaXN0ZXI=
E	6rW07KCI65CcIOyekOq4sCDsnpDsi6DsnZgg7ZiV7IOB	UmVmcmFjdGVkIEZvcm0gb2YgT25lc2VsZg==
E	6riw7Ja164KY66y07J2YIOyWtOuRkOyatCDrrLjsp4DquLA=	RGFyayBHYXRla2VlcGVyIG9mIHRoZSBNZW1vcnkgVHJlZQ==
E	6rmo7KeEIOyDiOuyveyiheydhCDrhbnsnbTripQg7J6Q	TWVsdGVyIG9mIHRoZSBCcm9rZW4gRGF3biBCZWxs
E	64KY7J207YWMIOq5iuydgCDqs7Psl5DshJwg64KY7Jio	RW1lcmdlZCBmcm9tIERlZXAgV2l0aGluIHRoZSBUcmVlIFJpbmdz
E	64SI66y0IOyhsOyaqe2VnCDsoIHsp4TsnZgg7KO87J24	TWFzdGVyIG9mIHRoZSBFZXJpbHkgU2lsZW50IEVuZW15IENhbXA=
E	64SkIOuyiOynuCDrqZTslYTrpqzsnZgg7KeR7ZaJ7J6Q	RW5mb3JjZXIgb2YgdGhlIEZvdXJ0aCBFY2hv
E	64SkIOuyiOynuCDruZvsnYQg7IK87YKk64qUIOyekA==	RGV2b3VyZXIgb2YgdGhlIEZvdXJ0aCBMaWdodA==
E	64SkIOuyiOynuCDsnYzsnYQg7Jis66as64qUIOyekA==	UmFpc2VyIG9mIHRoZSBGb3VydGggTm90ZQ==
E	64uI7JWE7J2YIOusvOyngOuPhOulvCDsq5PripQg7J6Q	UHVyc3VlciBvZiBOaWEncyBXYXRlcndheSBNYXA=
E	64uk66asIOq3uOuKmOyXkCDrgqnsnpEg7JeO65Oc66aw	Q3JvdWNoZWQgTG93IGluIHRoZSBCcmlkZ2UncyBTaGFkb3c=
E	64uk7IucIOqygOyWtOynhCDsmrDrrLzsnZgg7KO87J24	TWFzdGVyIG9mIHRoZSBXZWxsIEdvbmUgQmxhY2sgQWdhaW4=
E	64ur7Z6I7KeAIOyViuuKlCDrp4jsp4Drp4kg66y86ri4	RmluYWwgV2F0ZXJ3YXkgVGhhdCBXaWxsIE5vdCBDbG9zZQ==
E	64ur7Z6I7KeAIOyViuuKlCDrrLjsnZgg66y47KeA6riw	R3VhcmRpYW4gb2YgdGhlIEdhdGUgVGhhdCBXaWxsIE5vdCBDbG9zZQ==
E	64yA64u1IOyXhuuKlCDqsbDrpqzsnZgg7Iic7LCw7J6Q	UGF0cm9sbGVyIG9mIHRoZSBVbmFuc3dlcmluZyBTdHJlZXRz
E	64+M7JWE7JioIOyDiOuyveydmCDrp4jsp4Drp4kg7J6s	TGFzdCBBc2ggb2YgdGhlIFJldHVybmVkIERhd24=
E	65CY7ZKA7J2065CY64qUIOuPmeydmOydmCDtlanssL3snpA=	Q2hvcmlzdGVyIG9mIFJlcGVhdGVkIEFzc2VudA==
E	66eI66W07KeAIOyViuuKlCDrrJjtkZzsnZgg7KO87J24	TWFzdGVyIG9mIHRoZSBHcmF2ZSBNYXJrZXIgVGhhdCBOZXZlciBEcmllcw==
E	66eI7J2E7JeQ7IScIOyghOumrO2SiCDtjJDrp6Qg7KSR	U2VsbGluZyBMb290IGluIHRoZSBWaWxsYWdl
E	66eI7KeA66eJIOyngOyDgeqxsOygkOydmCDslb3tg4jsnpA=	UmFpZGVyIG9mIHRoZSBGaW5hbCBTdXJmYWNlIE91dHBvc3Q=
E	66ek64us66awIOq1rOyhsOyLoO2YuOydmCDstpTsoIHsnpA=	SGFuZ2luZyBSZXNjdWUtU2lnbmFsIFRyYWNrZXI=
E	66mU7JWE66as66W8IOyrk+uKlCDsp4DtlZgg7KeQ7Iq5	VW5kZXJncm91bmQgQmVhc3QgVGhhdCBDaGFzZXMgRWNob2Vz
E	66qF67aA7J2YIOu5iCDspITsnYQg66i564qUIOyekA==	RGV2b3VyZXIgb2YgdGhlIFJvc3RlcidzIEJsYW5rIExpbmU=
E	66qo7ZeYIOq4sOuhneydhCDrtojrn6zsmKTripQg7KSR	TG9hZGluZyBhZHZlbnR1cmUgcmVjb3Jkcw==
E	66qo7ZeYIOq4sOuhneydhCDsoJXrpqztlZjripQg7KSR	U2F2aW5nIGFkdmVudHVyZSByZWNvcmRz
E	66qo7ZeYIOq4sOuhneydhCDtmZXsnbjtlZjripQg7KSR	Q2hlY2tpbmcgYWR2ZW50dXJlIHJlY29yZHM=
E	66qo7ZeY6rCAIOyEoO2DneycvOuhnCDrj4zslYTqsIDquLA=	QmFjayB0byBhZHZlbnR1cmVyIHNlbGVjdGlvbg==
E	66qo7ZeY6rCAIOydtOumhCAoMn447J6QKQ==	QWR2ZW50dXJlciBuYW1lICgy4oCTOCBjaGFycyk=
E	66qo7ZeY6rCAIO2ZlOuptOycvOuhnCDrj4zslYTqsIDquLA=	QmFjayB0byBhZHZlbnR1cmVyIHNjcmVlbg==
E	66qo7ZeY7J2YIOyyqyDsnqXsnYQg7Jes64qUIOykkQ==	T3BlbmluZyB0aGUgZmlyc3QgYWN0IG9mIHRoZSBqb3VybmV5Li4u
E	67Kg66W47JeQ6rKMIOuLv+yngCDrqrvtlZwg64u17J6l	VGhlIFJlcGx5IFRoYXQgTmV2ZXIgUmVhY2hlZCBCZXJu
E	67Kg66W47J2YIOqzoOuwseydhCDsp4DtgqTripQg7J6Q	R3VhcmRpYW4gb2YgQmVybidzIENvbmZlc3Npb24=
E	67OEIOyXhuuKlCDtlZjqsJXroZzsnZgg7LaU7KCB7J6Q	VHJhY2tlciBvZiB0aGUgU3Rhcmxlc3MgRGVzY2VudA==
P	67O07JygIOqzqOuTnCB7ezF9fSwg	R29sZCBoZWxkOiB7ezF9fSw=
E	67O07Jyg7ZWcIOyKpO2CrOydtCDsl4bsirXri4jri6Qu	Tm8gc2tpbGxzIGxlYXJuZWQgeWV0Lg==
E	67aB7Kq9IOydtOygle2RnOulvCDsp4DtgqTripQg7J6Q	R3VhcmRpYW4gb2YgdGhlIE5vcnRoZXJuIFdheXN0b25l
E	67aIIOq5iuydgCDtmZTroZzsnZgg7KO87KGw6rCQ64+F	Rm91bmRyeSBTdXBlcnZpc29yIG9mIHRoZSBEZWVwZmlyZSBGdXJuYWNl
E	67mb7J2EIOuouOq4iOydgCDsno7snZgg7Y+s7Iud7J6Q	RGV2b3VyZXIgb2YgTGlnaHQtQmVhcmluZyBMZWF2ZXM=
E	7IK07JWEIOybgOyngeydtOuKlCDrrLjsl5Ag7Iio7J2A	SGlkZGVuIGluIHRoZSBMaXZpbmcgRG9vcg==
E	7IOB7LKYIOyeheydgCDsoITroLnsnZgg7LaU6rKp7J6Q	UHVyc3VlciBvZiB0aGUgV291bmRlZCBNZXNzZW5nZXI=
E	7IOIIOuyhOyghOydtCDspIDruYTrkJjsl4jsirXri4jri6Q=	QSBuZXcgdmVyc2lvbiBpcyByZWFkeQ==
E	7IOI67K9IO2VnCDsobDqsIHsnYQg66i564qUIOyekA==	RGV2b3VyZXIgb2YgYSBGcmFnbWVudCBvZiBEYXdu
E	7ISc66GcIOuLpOuluCDrkZAg6rCc7J2YIOuqheuguQ==	VHdvIENvbmZsaWN0aW5nIE9yZGVycw==
E	7ISc66y47J2YIOydtOumhOydhCDsp4DsmrDripQg7J6Q	RXJhc2VyIG9mIHRoZSBXZXN0IEdhdGUncyBOYW1l
E	7ISx7LGE66GcIO2Wpe2VnCDsnbTrpoTsnZgg7KO87J24	TWFzdGVyIG9mIHRoZSBOYW1lIEJvdW5kIGZvciB0aGUgQ2l0YWRlbA==
E	7IS4IOydjOydhCDti4Drpqzqsowg7ZWY64qUIOyekA==	T25lIFdobyBUaHJvd3MgVGhyZWUgTm90ZXMgT2ZmLUtleQ==
E	7IS4IOyiheydmCDrjIDri7XsnYQg66i564qUIOyekA==	RGV2b3VyZXIgb2YgdGhlIFRocmVlIEJlbGxzJyBBbnN3ZXJz
E	7IS4IOyihe2YgOulvCDtnZjslrQg64aT64qUIOyekA==	VGhlIE9uZSBXaG8gU2NhdHRlcnMgVGhyZWUgQ2xhcHBlcnM=
E	7IS4IO2DkeydmCDrtojruZvsnYQg64GE64qUIOyekA==	RXh0aW5ndWlzaGVyIG9mIHRoZSBUaHJlZSBUb3dlcnMnIExpZ2h0cw==
E	7IaM66as66W8IOuwmOyCrO2VmOuKlCDsiJjsoJXqsbDsnbg=	U291bmQtUmVmbGVjdGluZyBDcnlzdGFsIEdpYW50
E	7IaM66as66W8IOyCvO2CqCDrsKnsnZgg66mU7JWE66as	RWNobyBvZiB0aGUgU291bmQtRGV2b3VyaW5nIFJvb20=
E	7IaQ7J6h7J20IOyXhuuKlCDrsr3sl5DshJwg64KY7Jio	RW1lcmdlZCBmcm9tIHRoZSBIYW5kbGVsZXNzIFdhbGw=
E	7IiY7Zi47J6Q7J2YIO2VmOqwleydhCDrp4nripQg7J6Q	QmxvY2tlciBvZiB0aGUgR3VhcmRpYW4ncyBEZXNjZW50
E	7Iuc6rCE7J2EIOuLqOyhsO2VmOuKlCDqsbDrjIDrp53suZg=	Q29sb3NzYWwgSGFtbWVyIFRoYXQgRm9yZ2VzIFRpbWU=
E	7JWE656Y66W8IO2Wpe2VnCDqsbDsmrjsl5Ag67mE7Lmc	UmVmbGVjdGVkIGluIGEgRG93bndhcmQtRmFjaW5nIE1pcnJvcg==
E	7JWE656Y7JeQ7IScIOuLte2VmOuKlCDruYgg6rO16rCE	RW1wdHkgU3BhY2UgQW5zd2VyaW5nIGZyb20gQmVsb3c=
E	7JW87JiB7KeAIOuztOq4ie2SiOydmCDslb3tg4jrjIDsnqU=	UmFpZGVyIENhcHRhaW4gb2YgdGhlIENhbXAgU3VwcGxpZXM=
E	7Ja87Ja067aZ7J2AIOyasO2OuOuCreydmCDslb3tg4jsnpA=	UmFpZGVyIG9mIHRoZSBGcm96ZW4gTWFpbGJhZw==
E	7Jik7ZSE65287J24IOuqqO2XmCDshozsp4Qg7JWM66a8	T2ZmbGluZSBhZHZlbnR1cmUgYWxlcnRz
E	7Jik7ZSE65287J24IOuqqO2XmCDstqnsoIQg7IaM7KeE	T2ZmbGluZSBhZHZlbnR1cmUgdGltZSBkZXBsZXRlZA==
E	7Jik7ZSE65287J24IOuqqO2XmCDstqnsoIQg7JmE66OM	T2ZmbGluZSBhZHZlbnR1cmUgY2hhcmdlIGNvbXBsZXRlZA==
E	7Jqw66y8IOyVhOuemCDrqqnshozrpqwg6re466a87J6Q	Vm9pY2UtU2hhZG93IEJlbmVhdGggdGhlIFdlbGw=
E	7Jyg66asIOyLrOyepeydmCDquLDslrUg66y47KeA6riw	R2F0ZWtlZXBlciBvZiB0aGUgR2xhc3MgSGVhcnQncyBNZW1vcmllcw==
E	7Jyg66asIO2MjO2OuCDtj63tko3snZgg7KeR7ZaJ7J6Q	RW5mb3JjZXIgb2YgdGhlIEdsYXNzLVNoYXJkIFN0b3Jt
E	7Jyg66asIO2MjO2OuOydhCDquZTqs6Ag64uk64uI64qU	VHJhaWxpbmcgR2xhc3MgU2hhcmRz
E	7Jyg66as66W8IOunjOuTnOuKlCDqsbDrjIAg66y866CI	Q29sb3NzYWwgV2hlZWwgVGhhdCBNYWtlcyBHbGFzcw==
E	7Jyg66as7IiyIOqwgOyepeyekOumrOydmCDsgqzrg6Xqvrw=	SHVudGVyIGF0IHRoZSBHbGFzcyBGb3Jlc3QncyBFZGdl
E	7J2066aEIOyXhuuKlCDqtbDtjKjsnZgg7Y+s7Iud7J6Q	RGV2b3VyZXIgb2YgdGhlIE5hbWVsZXNzIE1pbGl0YXJ5IFRhZw==
E	7J2066aEIOyeg+ydgCDrjIDri7XsnZgg7Y+s7Iud7J6Q	RGV2b3VyZXIgb2YgdGhlIE5hbWVsZXNzIEFuc3dlcg==
E	7J207J2M7IOIIOyXhuuKlCDrsr3snZgg7YyM7IiY7J6Q	V2FyZGVuIG9mIHRoZSBTZWFtbGVzcyBXYWxs
E	7J6Q6rWtIOuoueuKlCDtkZzsp4DshJ3snZgg7KeQ7Iq5	QmVhc3Qgb2YgdGhlIFRyYWNrLUVhdGluZyBXYXlzdG9uZQ==
E	7J6l67aA66W8IO2LgOumrOqyjCDrsqDrgbzripQg7J6Q	VGhlIExlZGdlcidzIEVycmFudCBDb3B5aXN0
E	7J6s7JeQ7IScIOuQmOyCtOyVhOuCmOuKlCDsoJXsm5DsiJg=	R2FyZGVuIFRyZWUgUmVib3JuIGZyb20gQXNo
E	7J6s7JmAIOycoOumrCDsp4Drj4Tsl5Ag7J2064GM66aw	R3VpZGVkIGJ5IHRoZSBBc2gtYW5kLUdsYXNzIE1hcA==
E	7J6s7J2YIO2MjOuPhOulvCDrqrDqs6Ag7JioIOyekA==	QnJpbmdlciBvZiB0aGUgQXNoIFRpZGU=
E	7KCE66as7ZKI7J2EIOuLtOyngCDrqrvtlojsirXri4jri6Q=	Q291bGQgbm90IGNhcnJ5IHRoZSBsb290
E	7KCE7ZW07KeEIO2RnOyLneydhCDrkJjssL7ripQg7J6Q	UmVjbGFpbWVyIG9mIHRoZSBIYW5kZWQtRG93biBNYXJr
E	7KCV7Jik66W8IOyngO2CpOuKlCDrtojsgqwg6riw7IKs	VW5keWluZyBLbmlnaHQgV2hvIEd1YXJkcyBOb29u
E	7KKFIOyHoOyCrOyKrOydhCDrgYzqs6Ag64uk64uI64qU	RHJhZ2dpbmcgQmVsbCBDaGFpbnM=
E	7KeA64KcIOuqqO2XmOydhCDsoJXrpqztlZjripQg7KSR	T3JnYW5pemluZyBwYXN0IGFkdmVudHVyZXM=
E	7KeA64+EIOuwliDrtoHrsKnquLjsnZgg66ek67O17J6Q	QW1idXNoZXIgb24gdGhlIE5vcnRoZXJuIFJvYWQgQmV5b25kIHRoZSBNYXA=
E	7KeA7JuM7KeEIOyXtOyEuCDrsojsp7gg7IiY7Zi47J6Q	RXJhc2VkIFRoaXJ0ZWVudGggR3VhcmRpYW4=
E	7KeA7JuM7KeEIOydtOumhCDsgqzsnbTsl5Ag7Iio7J2A	SGlkZGVuIEFtb25nIEVyYXNlZCBOYW1lcw==
P	7KeB7JeFIOydtOyVvOq4sCAge3sxfX0=	Sm9iIHN0b3J5IHt7MX19
E	7LKrIOq1rOyhsCDsmpTssq3snYQg7KeA7Jq0IOyekA==	RXJhc2VyIG9mIHRoZSBGaXJzdCBSZXNjdWUgUGxlYQ==
E	7LKrIOuyiOynuCDsg4jrsr3sooXsnYQg7Jq466as7J6Q	VGhlIGZpcnN0IERhd24gQmVsbCByaW5ncw==
E	7LKrIOuyiOynuCDsmrjrprzsnYQg7IK87YKoIOyekA==	RGV2b3VyZXIgb2YgdGhlIEZpcnN0IEVjaG8=
E	7Lac7KCVIOuqheu2gCDso7zsnITrpbwg66e064+E64qU	Q2lyY2xpbmcgdGhlIEV4cGVkaXRpb24gUmVnaXN0ZXI=
E	7ZWcIOuyiCDsmrjrprAg7Z2U7KCB7J2YIOyjvOyduA==	TWFzdGVyIG9mIHRoZSBPbmNlLVJ1bmcgVHJhY2U=
P	e3sxfX3snLzroZwg7J207Ja07ZWY6riw	Q29udGludWluZyB3aXRoIHt7MX19
P	e3sxfX3snZgg6rSA7LCwIOydvOyngA==	T2JzZXJ2YXRpb24gTG9nIG9mIHt7MX19
P	e3sxfX3snZgg66i57J20IO2dlOyggQ==	RmVlZGluZyBUcmFjZXMgb2Yge3sxfX0=
P	e3sxfX3snZgg7IOd7YOcIOq4sOuhnQ==	RmllbGQgTm90ZXMgb24ge3sxfX0=
P	e3sxfX3snZgg7ISg7ZiIIO2RnOuzuA==	RnJlc2ggQmxvb2QgU2FtcGxlIG9mIHt7MX19
P	e3sxfX3snZgg7Jm47ZS8IOyhsOqwgQ==	U2hlbGwgRnJhZ21lbnQgb2Yge3sxfX0=
P	e3sxfX3snZgg7KGw7KeBIO2RnOuzuA==	VGlzc3VlIFNhbXBsZSBvZiB7ezF9fQ==
P	e3sxfX3snZgg7YOI7ZS8IOyhsOqwgQ==	U2hlZCBTa2luIG9mIHt7MX19
P	e3sxfX3snZgg7Zmc64+ZIOq4sOuhnQ==	RmllbGQgTm90ZXMgb24ge3sxfX0=
E	6rCZ7J2AIOyduOyCrOulvCDrkJjtkoDsnbTtlZjripQ=	UmVwZWF0aW5nIHRoZSBTYW1lIEdyZWV0aW5n
E	6rKM7J6EIO2ZlOuptOycvOuhnCDrj4zslYTqsIDquLA=	QmFjayB0byBnYW1l
E	6rK57LOQ7KeEIOuwlO2AtOyekOq1reydmCDso7zsnbg=	TWFzdGVyIG9mIHRoZSBPdmVybGFwcGluZyBXaGVlbCBUcmFja3M=
E	6rOg7KCV65CcIO2VmOqwleuhnOydmCDrrLjsp4DquLA=	R2F0ZWtlZXBlciBvZiB0aGUgRml4ZWQgRGVzY2VudCBSb3V0ZQ==
E	6rOg7KCV65CcIO2VmOqwleusuOydhCDrhbjrpqzripQ=	U3RhbGtpbmcgdGhlIEZpeGVkIERlc2NlbnQgR2F0ZQ==
E	6rO164+ZIOyInOywsOuhnOulvCDrsLDtmoztlZjripQ=	Um9hbWluZyB0aGUgU2hhcmVkIFBhdHJvbCBSb3V0ZQ==
E	6rO86rGw7J2YIOqxuOydjOydhCDtnYnrgrQg64K4	TWltaWNraW5nIEZvb3RzdGVwcyBmcm9tIHRoZSBQYXN0
E	6reA7ZmYIOyIq+yekOulvCDrsJTqvrjripQg7J6Q	Q2hhbmdlciBvZiB0aGUgUmV0dXJuIENvdW50
E	6reA7ZmYIOyLoO2YuOulvCDsmrjrpqzripQg7J6Q	UmluZ2VyIG9mIHRoZSBSZXR1cm4gU2lnbmFs
E	6reA7ZmY7J6Q7J2YIOuztO2PreydhCDrs7XsoJztlZw=	TWF0Y2hpbmcgYSBSZXR1cm5lcidzIFN0cmlkZQ==
E	6riw7Ja164KY66y0IOyVhOuemOyXkOyEnCDrgpjsmKg=	RW1lcmdlZCBmcm9tIEJlbmVhdGggdGhlIE1lbW9yeSBUcmVl
E	6riw7Ja17J2YIOuTseu2iOydhCDrgYTripQg7J6Q	RXh0aW5ndWlzaGVyIG9mIE1lbW9yeSdzIExhbXA=
E	6ri47J2EIOuoueuKlCDsnKDrpqzrv5Qg7IKs7Iq0	R2xhc3MtSG9ybmVkIERlZXI=
E	6rq87KeA7KeAIOyViuydgCDsnpHsnYAg65Ox67aI	YSBzbWFsbCwgdW5leHRpbmd1aXNoZWQgZmxhbWU=
E	64GK6ri0IOuwlO2AtOyekOq1reydhCDrlLDrnbzsmKg=	Rm9sbG93aW5nIHRoZSBCcm9rZW4gV2hlZWwgVHJhY2tz
E	64GK7Ja07KeEIOy2lOqyqeuhnOydmCDtjIzqtLTsnpA=	RGVzdHJveWVyIG9mIHRoZSBCcm9rZW4gUHVyc3VpdCBUcmFpbA==
E	64SkIOuyiOynuCDrtojruZvsnZgg6rWQ656A7J6Q	RGlzcnVwdG9yIG9mIHRoZSBGb3VydGggTGlnaHQ=
E	64uI7JWE7J2YIOqwkuydhCDsp4DtgqTripQg7J6Q	S2VlcGVyIG9mIE5pYSdzIFByaWNl
E	64u17J6l7J2EIOyCvO2CqCDquLDroZ0g67SJ7J24	UmVjb3JkIFNlYWwgVGhhdCBTd2FsbG93ZWQgdGhlIFJlcGx5
E	64+M7JWE7Jik64qUIOyYpOyGlOq4uOydmCDrp6Trk60=	S25vdCBpbiB0aGUgUmV0dXJuaW5nIFRyYWls
E	64+M7JWE7JioIOyXtOyEuCDrsojsp7gg7J2066aE	dGhlIHRoaXJ0ZWVudGggbmFtZSB0aGF0IHJldHVybmVk
E	65GQIOuhnOybrCDsgqzsnbTsnZgg66y066qF67OR	TmFtZWxlc3MgU29sZGllciBCZXR3ZWVuIFR3byBSb3dlbnM=
E	65GQIOuyiOynuCDsooXtmIDsnZgg7JW97YOI7J6Q	UGx1bmRlcmVyIG9mIHRoZSBTZWNvbmQgQ2xhcHBlcg==
E	65GQIOyngOyXrSDsspzrp4nsnZgg7YyM6rS07J6Q	RGVzdHJveWVyIG9mIHRoZSBUZW50cyBpbiBCb3RoIFJlZ2lvbnM=
E	66eI7KeA66eJIOqyveqzhOuzkeydmCDsgqzrg6Xqvrw=	SHVudGVyIG9mIHRoZSBMYXN0IFNlbnRyeQ==
E	66eI7KeA66eJIOq3gO2ZmOuhnOydmCDtjIzsiJjqvrw=	V2FyZGVuIG9mIHRoZSBGaW5hbCBSZXR1cm4gUm91dGU=
E	66eI7KeA66eJIOyDiOuyveyiheydhCDsmrjroLjri6Q=	U291bmRlZCB0aGUgTGFzdCBEYXduIEJlbGw=
E	66eI7KeA66eJIOyDiOuyveyiheydhCDsmrjrpqzrqbA=	U291bmRpbmcgdGhlIExhc3QgRGF3biBCZWxs
E	66eJ7Z6MIOyImOusuOydhCDsp4DtgqTripQg7J6Q	R3VhcmRpYW4gb2YgdGhlIEJsb2NrZWQgU2x1aWNl
E	66mU7JWE66asIOyjvOusvO2LgOyXkOyEnCDrgpjsmKg=	Q2FzdCBmcm9tIHRoZSBFY2hvIE1vbGQ=
E	66mU7JWE66asIOyjvOusvO2LgOydmCDsiJjtmLjsnpA=	R3VhcmRpYW4gb2YgdGhlIEVjaG8gTW9sZA==
E	67KE66Ck7KeEIOyjvOyhsOyepeydmCDqsJDsi5zsnpA=	V2F0Y2hlciBvZiB0aGUgQWJhbmRvbmVkIEZvdW5kcnk=
E	67O07Zi4652864qUIOuzgOuqheydmCDsp5HtlonsnpA=	RW5mb3JjZXIgb2YgdGhlIEV4Y3VzZSBDYWxsZWQgUHJvdGVjdGlvbg==
E	67SJ7J24IOyXtOyHoOulvCDsp4DtgqTripQg7J6Q	R3VhcmRpYW4gb2YgdGhlIFNlYWxpbmcgS2V5
E	67aA7ISc7KeEIOuLpOumrOydmCDsnKDrpqzqsbDsnbg=	R2xhc3MgR2lhbnQgb2YgdGhlIEJyb2tlbiBCcmlkZ2U=
E	67aB7Kq9IOyLoO2YuO2DkeydhCDrsJTrnbzrs7TripQ=	V2F0Y2hpbmcgdGhlIE5vcnRoZXJuIFNpZ25hbCBUb3dlcg==
E	67aB7Kq9IOyYpOyGlOq4uOydhCDrp4nripQg7J6Q	QmxvY2tlciBvZiB0aGUgTm9ydGhlcm4gVHJhaWw=
E	67mE7LmcIOyWvOq1tOydhCDtm5TsuZjripQg7J6Q	U3RlYWxlciBvZiBSZWZsZWN0ZWQgRmFjZXM=
E	67mIIOqyqOyauCDtnZTsoIHsnZgg7Y+s7Iud7J6Q	RGV2b3VyZXIgb2YgdGhlIEhvbGxvdyBXaW50ZXIncyBUcmFjZXM=
E	67mIIOy0iOyGjOydmCDrsJzsnpDqta0g7KO87J24	TWFzdGVyIG9mIHRoZSBFbXB0eSBPdXRwb3N0J3MgRm9vdHByaW50cw==
E	67mM66awIOq5g+uwnCDslYTrnpjsnZgg7Yis7J6l	UGl0IEZpZ2h0ZXIgQmVuZWF0aCB0aGUgQm9ycm93ZWQgRmxhZw==
E	67mbIOq1tOygiCDrj5nqtbTsnZgg7IKs64Ol6r68	SHVudGVyIG9mIHRoZSBMaWdodC1SZWZyYWN0aW5nIENhdmU=
E	7IKs64Ol7YSw66GcIOuLpOyLnCDstpzsoJUg7KSR	UmUtZW50ZXJpbmcgdGhlIEh1bnRpbmcgR3JvdW5kcw==
E	7IOIIOyEoO2DneydhCDslYzsp4Ag66q77ZWY64qU	VW5hd2FyZSBvZiB0aGUgTmV3IENob2ljZQ==
E	7IOIIOyImO2YuOulvCDqsbDrtoDtlZjripQg7J6Q	UmVqZWN0ZXIgb2YgdGhlIE5ldyBHdWFyZA==
E	7IOI67K9IO2VnCDsobDqsIHsnZgg7Y+s7Iud7J6Q	RGV2b3VyZXIgb2YgdGhlIERhd24gRnJhZ21lbnQ=
E	7ISc7JW97J2EIOyLnO2XmO2VmOuKlCDqt7jrprzsnpA=	VGhlIHNoYWRvdyB0ZXN0aW5nIHRoZSBPYXRo
E	7ISg7YOd7ZWcIOyKpO2CrCDri6Tsi5wg7J6s7IOd	UmVwbGF5IHNlbGVjdGVkIHNraWxs
E	7IS4IOuyiCDrkqTsnZgg7ZG466W4IO2YleyDgQ==	Qmx1ZSBGb3JtIFRocmVlIFN0ZXBzIExhdGVy
E	7IS4IOuyiOynuCDrtojruZvsl5Ag7J2064GM66aw	RHJhd24gYnkgdGhlIFRoaXJkIExpZ2h0
E	7IS4IOuyiOynuCDsi6DtmLjrpbwg64W466as64qU	U3RhbGtpbmcgdGhlIFRoaXJkIFNpZ25hbA==
E	7IS4IOu2iOu5myDqs6DrsLHsnZgg7LaU6rKp7J6Q	UHVyc3VlciBvZiB0aGUgVGhyZWUtTGlnaHQgQ29uZmVzc2lvbg==
E	7IS4IOyImOusuOydmCDruZnqsrAg7IiY66y47J6l	RnJvemVuIEdhdGVrZWVwZXIgb2YgdGhlIFRocmVlIFNsdWljZXM=
E	7IS4IOyihe2DkSDsgqzsnbTrpbwg7Jik6rCA64qU	TW92aW5nIEJldHdlZW4gdGhlIFRocmVlIEJlbGwgVG93ZXJz
E	7IS46rSAIOyVhOuemCDquLjsnZgg66y47KeA6riw	R2F0ZWtlZXBlciBvZiB0aGUgUGFzc2FnZSBCZW5lYXRoIHRoZSBDdXN0b21zIEhvdXNl
E	7IiY66y4IOyVhOuemCDriIzrn6zslYnsnYAg7J6Q	THVya2VyIEJlbmVhdGggdGhlIFNsdWljZQ==
E	7IiY7Zi47J6QIOyLoO2YuOusuOydmCDsp5HtlonsnpA=	RW5mb3JjZXIgb2YgdGhlIEd1YXJkaWFuIFNpZ25hbCBHYXRl
E	7IiY7Zi47J6Q7J2YIOydtOumhOydhCDsmbjsmrDripQ=	UmVjaXRpbmcgdGhlIEd1YXJkaWFuJ3MgTmFtZQ==
E	7Iiy7J2YIOuniOyngOuniSDsg4nsnYQg66i564qU	RGV2b3VyaW5nIHRoZSBGb3Jlc3QncyBMYXN0IENvbG9y
E	7Iqk66y87ZWY64KY7J2YIOuwnOyekOq1rSDso7zsnbg=	TWFzdGVyIG9mIFR3ZW50eS1PbmUgRm9vdHByaW50cw==
E	7Iqk7YKsIOyXsOy2nCDthYzsiqTtirgg7Je06riw	U2tpbGwgUGVyZm9ybWFuY2UgVGVzdCBCZWdpbnM=
E	7Iqk7YKsIOyXsOy2nCDthYzsiqTtirgg7KKF66OM	U2tpbGwgUGVyZm9ybWFuY2UgVGVzdCBFbmRz
E	7Iuc7Iqk7YWcIOyVjOumvCDshKTsoJUg7Je06riw	T3BlbiBzeXN0ZW0gbm90aWZpY2F0aW9uIHNldHRpbmdz
E	7Iud7KeAIOyViuuKlCDsi53tg4HsnZgg7KO87J24	TWFzdGVyIG9mIHRoZSBUYWJsZSBUaGF0IE5ldmVyIENvb2xz
E	7Iug7Zi47YOR7J2YIOyasOuRkOuouOumrCDsp5Dsirk=	QWxwaGEgQmVhc3Qgb2YgdGhlIFNpZ25hbCBUb3dlcg==
E	7JWE656Y7JeQ7IScIOuWoOyYpOuluCDrs4Tsp5Dsirk=	U3RhciBCZWFzdCBSaXNlbiBmcm9tIEJlbG93
E	7JWE66y064+EIOuKmeyngCDslYrripQg7KCV7JuQ	VGhlIEdhcmRlbiBXaGVyZSBObyBPbmUgQWdlcw==
E	7JWE7KeBIOuqqO2XmOqwgOqwgCDsl4bsirXri4jri6Q=	Tm8gYWR2ZW50dXJlciB5ZXQ=
E	7JWe7IScIOqwhCDrsJzsnpDqta3snZgg7KO87J24	TWFzdGVyIG9mIHRoZSBGb290cHJpbnRzIFRoYXQgV2VudCBCZWZvcmU=
E	7Ja07KCc7J24IOyxhCDrgqjsnYAg7JW87JiB7KeA	Q2FtcHNpdGUgVHJhcHBlZCBpbiBZZXN0ZXJkYXk=
E	7Je0IOuyiOynuCDsnqXsl5DshJwg6rmo7Ja064Kc	QXdha2VuZWQgaW4gQ2hhcHRlciBUZW4=
E	7Je066awIOyyqyDqtazsl63snZgg7KeA67Cw7J6Q	UnVsZXIgb2YgdGhlIE9wZW4gRmlyc3QgU2VjdG9y
E	7Je07Jes642fIOydtOumhOydhCDrqLnripQg7J6Q	RGV2b3VyZXIgb2YgRWlnaHRlZW4gTmFtZXM=
E	7Je07Jes642fIOy2nOygle2dlOydmCDtj6zsi53snpA=	RGV2b3VyZXIgb2YgRWlnaHRlZW4gU29ydGllIFRyYWNlcw==
E	7Jik656Y65CcIOyiheyGjOumrOulvCDrlLDrpbTripQ=	Rm9sbG93aW5nIHRoZSBBbmNpZW50IEJlbGw=
E	7JmE67K97ZWcIOyLne2DgSDslYTrnpgg7Iio7J2A	SGlkZGVuIEJlbmVhdGggdGhlIFBlcmZlY3QgVGFibGU=
E	7JuA7KeB7J2064qUIOu/jOumrOydmCDrsKntlbTsnpA=	RGlzcnVwdG9yIG9mIHRoZSBNb3ZpbmcgUm9vdHM=
E	7JyE66GcIO2dkOultOuKlCDrrLzsnZgg7KO87J24	TWFzdGVyIG9mIHRoZSBVcHdhcmQtRmxvd2luZyBXYXRlcg==
E	7Jyg66asIOyGjeyXkCDrs7XsoJzrkJwg7JiB7JuF	SGVybyBSZXBsaWNhdGVkIGluIEdsYXNz
E	7Jyg66asIOyIsuydmCDssqsg67KI7Ke4IOu0hA==	VGhlIEdsYXNzIEZvcmVzdCdzIEZpcnN0IFNwcmluZw==
E	7Jyg66asIOyejuydtCDqsIDrpqztgqgg67aB7Kq9	VGhlIE5vcnRoIFBvaW50ZWQgdG8gYnkgdGhlIEdsYXNzIExlYWY=
E	7Jyg66asIO2DkeydmCDrsLHslbwg6rCQ7Iuc7J6Q	V2hpdGUtTmlnaHQgV2F0Y2hlciBvZiB0aGUgR2xhc3MgVG93ZXI=
E	7J20IOuKpeugpey5mOuhnCDrqqjtl5gg7Iuc7J6R	U3RhcnQgYWR2ZW50dXJlIHdpdGggdGhlc2Ugc3RhdHM=
E	7J2066aEIOuLs+ydgCDqtbDtjKjrpbwg66y87J2A	Qml0aW5nIGEgTmFtZS1Xb3JuIE1pbGl0YXJ5IFRhZw==
E	7J2066aEIOyXhuuKlCDrjIDri7XsnYQg7KKH64qU	UHVyc3VpbmcgdGhlIE5hbWVsZXNzIEFuc3dlcg==
E	7J2066aEIOyXhuuKlCDrrLTrjaTsnZgg7KO87J24	TWFzdGVyIG9mIHRoZSBOYW1lbGVzcyBHcmF2ZQ==
E	7J2066aE7J2EIOyCvO2CpOuKlCDqsqjsmrjsp5Dsirk=	TmFtZS1EZXZvdXJpbmcgV2ludGVyIEJlYXN0
E	7J2066aE7J2EIOyXsOujjOuhnCDsgrzripQg7J6Q	T25lIFdobyBVc2VzIE5hbWVzIGFzIEZ1ZWw=
E	7J6K7Z6MIOydtOumhOydhCDsm4XslrzqsbDrpqzripQ=	TXV0dGVyaW5nIEZvcmdvdHRlbiBOYW1lcw==
E	7J6Y66CkIOuCmOqwhCDrtITsnZgg7IiY7ZmV7J6Q	SGFydmVzdGVyIG9mIFNldmVyZWQgU3ByaW5n
E	7J6Y66q765CcIOyImO2YuOyekOydmCDqt7jrprzsnpA=	U2hhZG93IG9mIHRoZSBNaXNndWlkZWQgR3VhcmRpYW4=
E	7J6l66GAIO2WieugrOydhCDsnbTrgYTripQg7J6Q	TGVhZGVyIG9mIHRoZSBGdW5lcmFsIFByb2Nlc3Npb24=
E	7J6sIOyGjSDsooXsnbQg7IOI7J2YIOyjvOyduA==	TWFzdGVyIG9mIHRoZSBQYXBlciBCaXJkIGluIHRoZSBBc2g=
E	7J6s7J2YIOybheuNqeydtOyXkCDqtbPsnYAg7J6Q	T25lIEhhcmRlbmVkIGluIHRoZSBBc2ggUG9vbA==
E	7J6s7J2YIO2MjOuPhOyXkOyEnCDtioDslrTrgpjsmKg=	TGVhcGluZyBmcm9tIHRoZSBBc2ggV2F2ZQ==
E	7KCV7JuQ7KeA6riwIOyVhOyFgOydmCDqsIDsi5zshpA=	QXNlbCB0aGUgR2FyZGVuZXIncyBUaG9ybmhhbmQ=
E	7KCV7JuQ7KeA6riwIOyyq+uCoOydmCDsp5HtlonsnpA=	RW5mb3JjZXIgb2YgdGhlIEdhcmRlbmVyJ3MgRmlyc3QgRGF5
P	7KCce3sxfX3qtIDrrLgg7KCV67O17J6Q	Q29ucXVlcm9yIG9mIHRoZSB7ezF9fXRoIGdhdGU=
E	7KKFIOyXhuuKlCDsmrjrprzsl5Ag6rmo7Ja064Kc	QXdha2VuZWQgYnkgYSBCZWxsLUxlc3MgRWNobw==
E	7KKF7J20IOyDiOqwgCDrrLzslrTsmKgg7J2066aE	VGhlIE5hbWUgQnJvdWdodCBieSB0aGUgUGFwZXIgQmlyZA==
E	7KeA7JuM7KeEIOuqheuLqOydhCDrqLnripQg7J6Q	RGV2b3VyZXIgb2YgdGhlIEVyYXNlZCBSb3N0ZXI=
E	7KeA7JuM7KeEIOyImOyLoOyduOydmCDrqoXroLnsnpA=	Q29tbWFuZGVyIG9mIHRoZSBFcmFzZWQgUmVjaXBpZW50
E	7KeA7JuM7KeEIOy4teqzhOulvCDrsLDtmoztlZjripQ=	Um9hbWluZyB0aGUgRXJhc2VkIFN0YWlycw==
E	7KeA7ZWYIOuzhOu5m+ydhCDsgrztgqTripQg7J6Q	RGV2b3VyZXIgb2YgdGhlIFVuZGVyZ3JvdW5kIFN0YXJsaWdodA==
E	7KeA7ZWYIOynhOuPmeydhCDtgqTsmrDripQg7J6Q	QW1wbGlmaWVyIG9mIHRoZSBVbmRlcmdyb3VuZCBUcmVtb3Jz
E	7LC966y4IOyGjeyXkCDqsIftnowg66qp7IaM66as	VGhlIFZvaWNlIFRyYXBwZWQgaW4gdGhlIFdpbmRvdw==
E	7LC966y47J2EIOyViOyXkOyEnCDrkZDrk5zrpqzripQ=	S25vY2tpbmcgb24gdGhlIFdpbmRvdyBmcm9tIFdpdGhpbg==
E	7LKrIOq1rOyXrSDrrLjthLHsl5Ag7JuF7YGs66aw	Q3JvdWNoZWQgYXQgdGhlIEZpcnN0IFNlY3RvcidzIFRocmVzaG9sZA==
E	7LKrIOq1rOyXrSDrrLjthLHsnZgg7YyM7IiY7J6Q	V2FyZGVuIG9mIHRoZSBGaXJzdCBTZWN0b3IncyBUaHJlc2hvbGQ=
E	7LKrIOuyiOynuCDsooXtmIDsnZgg7Y+s7Iud7J6Q	RGV2b3VyZXIgb2YgdGhlIEZpcnN0IENsYXBwZXI=
E	7LKrIOyUqOyVl+ydmCDstZztm4Qg7LaU7KCB7J6Q	RmluYWwgVHJhY2tlciBvZiB0aGUgRmlyc3QgU2VlZA==
E	7Lmo66y17J2YIOywrOqwgOulvCDsp5PripQg7J6Q	Q29tcG9zZXIgb2YgdGhlIFNpbGVudCBIeW1u
E	7YORIOyVhOuemCDrtojruZvsnZgg66y47KeA6riw	R2F0ZWtlZXBlciBvZiB0aGUgTGlnaHQgQmVuZWF0aCB0aGUgVG93ZXI=
E	7YuA66awIOq3gO2ZmCDsiKvsnpDrpbwg64Ko6ri0	TGVhdmluZyB0aGUgV3JvbmcgUmV0dXJuIE51bWJlcg==
E	7ZG466W4IOyVhOy5mOulvCDsp4DsmrDripQg7J6Q	RXJhc2VyIG9mIHRoZSBCbHVlIEFyY2g=
E	7ZKA66awIOyyqyDrtInsnbjsnZgg6rCQ7Iuc7J6Q	V2F0Y2hlciBvZiB0aGUgRmlyc3QgQnJva2VuIFNlYWw=
P	7ZSE66Gk66Gc6re4IMK3IHt7MX19	UHJvbG9ndWUgwrcge3sxfX0=
E	7ZS864KcIO2WieugrOydhCDrhbjrprAg7Ja065Gg	RGFya25lc3MgU3RhbGtpbmcgdGhlIFJlZnVnZWUgQ29sdW1u
E	7ZiE7J6sIOyepeu5hOulvCDsnKDsp4Dtlanri4jri6Q=	S2VlcCBjdXJyZW50IGdlYXIu
E	7ZuU7LOQIOqwhCDsp4Drj4TsnZgg7IKs64Ol6r68	SHVudGVyIG9mIHRoZSBTdG9sZW4gTWFw
E	TeyblCBk7J28IEhIOm1t	TSBtb250aCBkdGgsIEhIOm1t
P	e3sxfX0g7Jew7LacIOyerOyDnQ==	UmVwbGF5IG9mIHRoZSB7ezF9fXRoIGFjdA==
E	6rCA65OdIOywqOuptCDsnpDrj5kg6reA7ZmY	UmV0dXJucyB3aGVuIGZ1bGw=
E	6rCA67Cp7J20IOqwgOuTnSDssLzsirXri4jri6Q=	QmFnIGlzIGZ1bGw=
E	6rCZ7J2AIOyerOulvCDtgqTsmrDripQg7J6Q	VGVuZGVyIG9mIHRoZSBTYW1lIEFzaA==
E	6rKA7J2AIOyepeuvuOuNpOu2iOydmCDso7zsnbg=	TWFzdGVyIG9mIHRoZSBCbGFjay1Sb3NlIFRoaWNrZXQ=
E	6rKo7Jq467+M66asIOq1sOudveydmCDsi6zsnqU=	SGVhcnQgb2YgdGhlIFdpbnRlcnJvb3QgQ29sb255
E	6rOE64uoIOyImOulvCDtm5TsuZjripQg7J6Q	VGhpZWYgb2YgdGhlIFN0YWlyIENvdW50
E	6rOE7KCIIOyngO2VmOyLpOydmCDtjIzsiJjsnpA=	U2Vhc29uYWwgQ2VsbGFyIFNlbnRpbmVs
E	6rO164+ZIO2RnOyngOyEnSDrlLHsoJXrsozroIg=	U2hhcmVkLVdheXN0b25lIEJlZXRsZQ==
E	6rO86rGwIOq4sOyIoOydhCDtnYnrgrQg64K4	TWltaWNraW5nIFRlY2huaXF1ZXMgZnJvbSB0aGUgUGFzdA==
E	6rSR6rOgIOuztOqzoCDrqqjrkZAg7Lap7KCE	V2F0Y2ggYWQgYW5kIGZ1bGx5IHJlY2hhcmdl
E	6rSR6rOgIOyEpOyglSDri6Tsi5wg7Jew6rKw	UmV0cnkgYWQgc2V0dXA=
E	6rWs7KGwIOq3nOyVveydhCDtnYnrgrQg64K4	TWltaWNraW5nIHRoZSBSZXNjdWUgUHJvdG9jb2w=
E	6riIIOqwhCDsiJjsoJXqtazsnZgg7J6U7JiB	QWZ0ZXJpbWFnZSBvZiB0aGUgQ3JhY2tlZCBDcnlzdGFsIEJhbGw=
E	6riIIOqwhCDsiJjsoJXqtazsnZgg7YyM66y4	UmlwcGxlIG9mIHRoZSBDcmFja2VkIENyeXN0YWwgT3Ji
E	6riIIOqwhCDsooXshozrpqzsl5Ag66mI7LaY	RnJvemVuIGF0IHRoZSBDcmFja2VkIEJlbGwncyBDaGltZQ==
E	6riw7Ja1IOyejuydhCDqsJHsmLcg7IK87J2A	QXJtb3JlZCBpbiBNZW1vcnkgTGVhdmVz
E	6riw7Ja164KY66y0IOu/jOumrOyXkCDqsJDquLQ=	RW50YW5nbGVkIGluIHRoZSBNZW1vcnkgVHJlZSdzIFJvb3Rz
E	6riw7Ja17J2EIO2dkOumrOuKlCDqvYPqsIDro6g=	TWVtb3J5LUNsb3VkaW5nIFBvbGxlbg==
E	6ri4IOyVhOuemCDsgqzrnbzsp4Qg7IiY66CI	Q2FydCB2YW5pc2hlZCBiZW5lYXRoIHRoZSBwYXRo
E	6rmK7J20IO2RnOyLneyXkCDri6zrnbzrtpnsnYA=	Q2xpbmdpbmcgdG8gdGhlIERlcHRoIE1hcmtlcg==
E	6rmo7KeEIO2VmOuKmOyXkOyEnCDrlqjslrTsp4Q=	RmFsbGVuIGZyb20gdGhlIFNoYXR0ZXJlZCBTa3k=
E	6rmo7KeEIO2VmOuKmOydmCDsnKDrpqztj63tko0=	R2xhc3NzdG9ybSBvZiB0aGUgU2hhdHRlcmVkIFNreQ==
E	64GK6ri0IOqzhOuLqOydhCDsnofripQg7J6Q	QnJpZGdlciBvZiB0aGUgQnJva2VuIFN0YWly
E	64GK6ri0IOuztOq4ie2RnOydmCDsobDsnpHsnpA=	RmFsc2lmaWVyIG9mIHRoZSBTZXZlcmVkIFN1cHBseSBNYW5pZmVzdA==
E	64GK7Ja07KeEIOy2lOqyqeuhnOyXkCDsiKjsnYA=	SGlkZGVuIEFsb25nIHRoZSBCcm9rZW4gUHVyc3VpdCBUcmFpbA==
E	64Gd66y4IOyVnuydmCDrrLTrqoXsiJjtmLjsnpA=	TmFtZWxlc3MgR3VhcmRpYW4gQmVmb3JlIHRoZSBGaW5hbCBHYXRl
E	64KY66y06ruN7KeIIOydtOumhCDsiJjsp5HsnpA=	QmFyay1OYW1lIENvbGxlY3Rvcg==
E	64KY7ISgIO2dkOumhOydhCDqsInripQg7J6Q	R25hd2VyIG9mIHRoZSBTcGlyYWwgRmxvdw==
E	64KY7J207YWMIO2ajOuekeydmCDtj6zsi53snpA=	RGV2b3VyZXIgb2YgdGhlIFRyZWUtUmluZyBDb3JyaWRvcg==
E	64Kv7ISgIOyVvOyYgeyngOydmCDqsJDsi5zsnpA=	V2F0Y2hlciBvZiB0aGUgVW5mYW1pbGlhciBDYW1w
E	64Kv7ISgIOyepe2ZlOyekOq1reydhCDrlLDrpbg=	Rm9sbG93aW5nIFVuZmFtaWxpYXIgQm9vdHByaW50cw==
E	64SkIOqzhOygiCDrsKnsnZgg7KGw7Jyo7J6Q	VHVuZXIgb2YgdGhlIEZvdXItU2Vhc29uIENoYW1iZXI=
E	64qm7J2AIOyiheyGjOumrOydmCDsnZHri7XsnpA=	UmVzcG9uZGVyIHRvIHRoZSBMYXRlIEJlbGw=
E	64uI7JWE7J2YIOq4uOydhCDsoofripQg7J6Q	Rm9sbG93ZXIgb2YgTmlhJ3MgUGF0aA==
E	64uk7ISvIOqwnCDrp6Trk63snYQg66y87J2A	Q2x1dGNoaW5nIEZpdmUgS25vdHM=
E	64uk7ISvIOykkeqzhOyiheydmCDqtZDrnoDsnpA=	RGlzcnVwdG9yIG9mIHRoZSBGaXZlIFJlbGF5IEJlbGxz
E	64+M7JWE7Jik7KeAIOuqu+2VnCDrsIDsiJjqvrw=	U211Z2dsZXIgV2hvIE5ldmVyIFJldHVybmVk
E	64+M7JWE7Jik7KeAIOyViuydgCDsiJzssLDrjIA=	VGhlIFBhdHJvbCBUaGF0IE5ldmVyIFJldHVybmVk
E	64+M7JWE7JioIOyDiOuyveydmCDtj6zsi53snpA=	RGV2b3VyZXIgb2YgdGhlIFJldHVybmVkIERhd24=
E	64+M7JWE7JioIOydtOumhOydmCDtj6zsi53snpA=	RGV2b3VyZXIgb2YgdGhlIFJldHVybmVkIE5hbWU=
E	64+M7JWE7JisIOq4uOydhCDrp4nripQg7J6Q	QmxvY2tlciBvZiB0aGUgV2F5IEhvbWU=
E	65CY64+M7JWE7JioIOq4uOydmCDtjIzqtLTsnpA=	RGVzdHJveWVyIG9mIHRoZSBSZXN0b3JlZCBSb2Fk
E	65287JuA7J2YIOuqqeyGjOumrOulvCDrqLnsnYA=	SGF2aW5nIERldm91cmVkIFJhdW0ncyBWb2ljZQ==
E	66as67iM7J2YIOuqqeyGjOumrOulvCDsoofripQ=	Rm9sbG93aW5nIExpdidzIFZvaWNl
E	66eI7J2E66GcIO2Wpe2VmOuKlCDqt7jrprzsnpA=	U2hhZG93IEJvdW5kIGZvciB0aGUgVmlsbGFnZQ==
E	66eI7KeA66eJIOyDiOuyveyiheydhCDsmrjroKQ=	VG8gZWNobyB0aGUgZmluYWwgZGF3biBiZWxs
E	66eI7KeA66eJIOyerOyXkOyEnCDtlLzslrTrgpw=	Qmxvb21lZCBmcm9tIHRoZSBMYXN0IEFzaGVz
E	66eI7KeA66eJIOyihe2YgOulvCDrgbzsmrDrqbA=	V2hpbGUgRml0dGluZyB0aGUgRmluYWwgQ2xhcHBlcg==
E	66eI7KeA66eJIOyihe2YgOulvCDrgbzsm6Dri6Q=	VGhleSBGaXR0ZWQgdGhlIEZpbmFsIENsYXBwZXI=
E	66eI7KeA66eJIOyihe2YgOydmCDtj6zsi53snpA=	RGV2b3VyZXIgb2YgdGhlIEZpbmFsIENsYXBwZXI=
E	66eI7KeA66eJIOyijO2RnOydmCDtjIzqtLTsnpA=	RGVzdHJveWVyIG9mIHRoZSBGaW5hbCBDb29yZGluYXRl
E	66i87KeAIOychOyXkCDsg4jroZwg7IOd6ri0	TmV3bHkgRm9ybWVkIGluIHRoZSBEdXN0
E	66mI7LaYIOyatOuwmOuhnOydmCDstpTsoIHsnpA=	VHJhY2tlciBvZiB0aGUgU3RpbGxlZCBUcmFuc3BvcnQgUm91dGU=
E	66mI7LaYIOygleyYpOydmCDsi5zqs4Tsp4DquLA=	VGltZWtlZXBlciBvZiB0aGUgU3RpbGxlZCBOb29u
E	66qo7ZeYIOq4sOuhnSDtmZXsnbgg7ZWE7JqU	QWR2ZW50dXJlIHJlY29yZCBuZWVkcyBhdHRlbnRpb24=
E	66qo7ZeYIOq4sOuhneydhCDsl6zripQg7KSR	T3BlbmluZyB0aGUgYWR2ZW50dXJlcidzIGxvZy4=
E	66qo7ZeY6rCAIOyEoO2DnSDtmZTrqbTsnLzroZw=	R28gdG8gYWR2ZW50dXJlciBzZWxlY3Rpb24=
E	66qo7ZeY6rCA66W8IOyCreygnO2VoOq5jOyalD8=	RGVsZXRlIHRoaXMgYWR2ZW50dXJlcj8=
E	66y064SI7KeEIOuLpOumrOydmCDsp4DrsLDsnpA=	UnVsZXIgb2YgdGhlIENvbGxhcHNlZCBCcmlkZ2U=
E	66y064SI7KeEIOuLpOumrOydmCDtjIzqtLTsnpA=	RGVzdHJveWVyIG9mIHRoZSBDb2xsYXBzZWQgQnJpZGdl
E	66y77Z6MIOyyqyDri6jsnZgg7YyM7IiY7J6Q	V2FyZGVuIG9mIHRoZSBCdXJpZWQgRmlyc3QgU3RlcA==
E	66y867CRIOyiheqwgOujqOydmCDtj6zsi53snpA=	RGV2b3VyZXIgb2YgdGhlIEJlbGwgRHVzdCBCZWxvdw==
E	66y867CRIOyiheyGjOumrOydmCDsnZHri7XsnpA=	UmVzcG9uZGVyIHRvIHRoZSBCZWxsIEJlbmVhdGggdGhlIFdhdGVy
E	67CA7IiY6r687J2YIOygleynge2VnCDsp4Drj4Q=	VGhlIFNtdWdnbGVyJ3MgSG9uZXN0IE1hcA==
E	67CA7IiY66Gc7JeQIOuCqeyekSDsl47rk5zrprA=	Q3JvdWNoZWQgTG93IGluIHRoZSBTbXVnZ2xpbmcgVHVubmVs
E	67CU656M7J2EIOyLnO2XmO2VmOuKlCDtmZTsgrQ=	QW4gYXJyb3cgdGVzdGluZyB0aGUgd2luZC4=
E	67Cc7J6Q6rWt7J2EIOq4sOyWte2VmOuKlCDsiLI=	VGhlIEZvcmVzdCBUaGF0IFJlbWVtYmVycyBGb290c3RlcHM=
E	67Ck7J2YIO2ajOuLtOydhCDquajripQg7J6Q	RGlzcnVwdG9yIG9mIHRoZSBOaWdodCBDb25mZXJlbmNl
E	67Cp7YyoIOydtOumhOydhCDrqLnripQg7J6Q	RGV2b3VyZXIgb2YgU2hpZWxkIE5hbWVz
E	67KE66Ck7KeEIOyggeq4sOulvCDtnJjqsJDsnYA=	RW50d2luZWQgd2l0aCBhbiBBYmFuZG9uZWQgRW5lbXkgRmxhZw==
P	67O07JygIOqzqOuTnCB7ezF9fQ==	R29sZCBoZWxkOiB7ezF9fQ==
E	67O07Y+t7J2EIO2dieuCtCDrgrTripQg7J6Q	U3RyaWRlIE1pbWlj
E	67O07Zi466eJIO2LiOydhCDtjIzqs6Drk5zripQ=	U2xpcHBpbmcgVGhyb3VnaCBhIEdhcCBpbiB0aGUgQmFycmllcg==
E	67SE66y8IOuBneyXkOyEnCDtnZDroKTsp4DripQ=	RmFkaW5nIGF0IHRoZSBTcHJpbmd3YXRlcidzIEVuZA==
E	67SE66y8IO2HtOuhnOulvCDrp4nripQg7J6Q	QmxvY2tlciBvZiB0aGUgU3ByaW5nd2F0ZXIgRXNjYXBlIFJvdXRl
E	67SJ7J2465CcIOqzhOuLqOydhCDsp4DtgqTripQ=	R3VhcmRpbmcgdGhlIFNlYWxlZCBTdGFpcg==
E	67aA65+s7KeEIOyEseusuOydmCDslb3tg4jsnpA=	UmFpZGVyIG9mIHRoZSBCcm9rZW4gR2F0ZQ==
E	67aA65+s7KeEIOyEseusuOydmCDtjIzsiJjqvrw=	U2VudGluZWwgb2YgdGhlIEJyb2tlbiBHYXRl
E	67aB66y47J2EIOq4geuKlCDsmrDrkZDrqLjrpqw=	Q2hpZWZ0YWluIENsYXdpbmcgYXQgdGhlIE5vcnRoIEdhdGU=
E	67aB67CpIOuLteyepeydhCDrrLzslrTrnK/snYA=	VGVhcmluZyBhdCB0aGUgTm9ydGhlcm4gUmVwbHk=
E	67aB67CpIO2RnOyngOyEneyXkCDsm4XtgazrprA=	Q3JvdWNoZWQgYnkgdGhlIE5vcnRoZXJuIFdheXN0b25l
E	67aB7Kq9IOuwlOuejOydhCDqsbDsiqTrpbTripQ=	RGVmeWluZyB0aGUgTm9ydGhlcm4gV2luZA==
E	67aB7Kq97JeQ7IScIOyYqCDshLgg67aI67mb	VGhyZWUgTGlnaHRzIGZyb20gdGhlIE5vcnRo
E	67aZ7J6h7Z6MIOyDmOydmCDslrzsnYzslrTrr7g=	SWNlIE1vdGhlciBvZiB0aGUgQ2FwdGl2ZSBTcHJpbmc=
E	67mIIOunieyCrOulvCDsp4DtgqTripQg7J6Q	R3VhcmRpYW4gb2YgdGhlIEVtcHR5IEJhcnJhY2tz
E	67mb67CU656cIOyduOyepeydmCDtm7zshpDsnpA=	RGVmaWxlciBvZiB0aGUgRmFkZWQgU2lnaWw=
E	67+M66asIOyVhOuemCDsl7TrprAg6rOE64uo	U3RhaXJjYXNlIE9wZW5lZCBCZW5lYXRoIHRoZSBSb290cw==
E	67+M66as66y4IOuwmO2ZmOydmCDsp4DrsLDsnpA=	UnVsZXIgb2YgdGhlIFJldHVybmluZyBSb290IEdhdGU=
E	7IKs65287KeEIOy4teqzhOydmCDsp5HtlonsnpA=	RW5mb3JjZXIgb2YgdGhlIFZhbmlzaGVkIFN0YWly
E	7IOIIOyepeu5hOulvCDqs6DrpbTripQg7KSR	U2VsZWN0aW5nIE5ldyBFcXVpcG1lbnQ=
E	7IOI66GcIOuCnCDquLjsnYQg65Sw66W064qU	Rm9sbG93aW5nIHRoZSBOZXdseSBPcGVuZWQgUGF0aA==
E	7ISc66Gc66W8IOuLruydgCDrkZAg7IKs656M	VHdvIEFsaWtl
E	7ISg7YOd7J2EIO2blOy5mOuKlCDrs7XsoJzsnpA=	Q2hvaWNlLVN0ZWFsaW5nIFJlcGxpY2F0b3I=
E	7ISx67K9IOuwluyXkOyEnCDtj6ztmqjtlZjripQ=	Um9hcmluZyBCZXlvbmQgdGhlIFdhbGxz
E	7ISx7LGEIOyViOyXkOyEnCDquLDslrTrgpjsmKg=	Q3Jhd2xlZCBPdXQgb2YgdGhlIENpdGFkZWw=
E	7IiY66CI66W8IOyCvO2CpOuKlCDqtbTssKnsiJg=	Q2FydC1Td2FsbG93aW5nIEJ1cnJvd2JlYXN0
E	7IiY66qw65CcIOyepeu2gOydmCDsp4DtnJjsnpA=	Q29tbWFuZGVyIG9mIHRoZSBTdWJtZXJnZWQgTGVkZ2Vy
E	7Iic7LCw64yAIOycoO2SiOydmCDslb3tg4jsnpA=	UmFpZGVyIG9mIHRoZSBQYXRyb2wncyBLZWVwc2FrZXM=
E	7Iic7ZmYIOydtOygle2RnOulvCDsp4DtgqTripQ=	R3VhcmRpbmcgdGhlIExvb3BpbmcgV2F5c3RvbmU=
E	7IiyIOqwgOyepeyekOumrCDtlZjsnbTsl5Drgpg=	Rm9yZXN0LUVkZ2UgSHllbmE=
E	7Iq566as66eMIOq4sOyWte2VmOuKlCDsmIHsm4U=	SGVybyBXaG8gUmVtZW1iZXJzIE9ubHkgVmljdG9yeQ==
E	7Iug7Zi466W8IOyWtOyngOufve2eiOuKlCDsnpA=	U2lnbmFsIERpc3J1cHRvcg==
E	7JWE7IWA7J2YIOuqheugueydhCDrlLDrpbTripQ=	Rm9sbG93aW5nIEFzZWwncyBDb21tYW5k
E	7JWE7KeBIOyLnOyekeuQmOyngCDslYrsnYwu	Tm90IHN0YXJ0ZWQgeWV0Lg==
E	7Ja07KCcIOyVvOyYgeyngOydmCDrtojsuajrsog=	TmlnaHQgV2F0Y2ggb2YgWWVzdGVyZGF5J3MgQ2FtcA==
E	7Ja87Ja067aZ7J2AIOq1kOqwgeyXkCDsiKjsnYA=	SGlkZGVuIGJ5IHRoZSBGcm96ZW4gQnJpZGdlIFBpZXI=
E	7Ja87Ja067aZ7J2AIOyImOusuOyXkCDrtpnsnYA=	Q2xpbmdpbmcgdG8gdGhlIEZyb3plbiBTbHVpY2U=
E	7Jew7LacIO2ZleyduOyaqSDtl4jsiJjslYTruYQ=	QSBkdW1teSBmb3IgcGVyZm9ybWFuY2UgY2hlY2s=
E	7Je07IS4IOuyiOynuCDrj4wg7JWE656Y7J2Y	QmVuZWF0aCB0aGUgVGhpcnRlZW50aCBTdG9uZQ==
E	7Je07Jes642fIOuMgOuLteydmCDtmLztlansiJg=	Q2hpbWVyYSBvZiBFaWdodGVlbiBBbnN3ZXJz
E	7Je07Jes642fIOu5iOy5uOydmCDsiJjsp5HsnpA=	Q29sbGVjdG9yIG9mIEVpZ2h0ZWVuIEJsYW5rIFNwYWNlcw==
E	7JmE67K97ZWcIOq4sOyWteyXkOyEnCDrgpjsmKg=	RW1lcmdlZCBmcm9tIGEgUGVyZmVjdCBNZW1vcnk=
E	7Jyg66asIOuCmOy5qOuwmOydmCDsiJjtmLjsnpA=	R3VhcmRpYW4gb2YgdGhlIEdsYXNzIENvbXBhc3M=
E	7Jyg66asIOyejuydtCDqsIDrpqztgqgg6rOz	V2hlcmUgdGhlIGdsYXNzIGxlYWYgcG9pbnRlZA==
E	7J2066aE7J2EIOusu+uKlCDrv4zrpqzsp5Dsirk=	Um9vdCBCZWFzdCBUaGF0IEFza3MgZm9yIGEgTmFtZQ==
E	7J217IKs7ZWcIOq4sOuhneydmCDsi6zsl7DsiJg=	QWJ5c3NhbCBCZWFzdCBvZiB0aGUgRHJvd25lZCBSZWNvcmQ=
E	7J247KadIO2GoO2BsOydtCDsl4bsirXri4jri6Q=	Tm8gYXV0aGVudGljYXRpb24gdG9rZW4gYXZhaWxhYmxl
E	7J6g6ri0IOydtOumhOydhCDsnb3ripQg7J6Q	UmVhZGVyIG9mIHRoZSBMb2NrZWQgTmFtZQ==
P	7KCE7LK0IOyInOychCB7ezF9fQ==	RnVsbCByYW5raW5nIHt7MX19
E	7KCV7KeB7ZWcIOqxsOynk+unkOydmCDso7zsnbg=	TWFzdGVyIG9mIHRoZSBIb25lc3QgTGll
E	7KKFIOyXhuuKlCDrsKfspITsnZgg7KO87J24	TWFzdGVyIG9mIHRoZSBCZWxsLUxlc3MgUm9wZQ==
E	7KKF7IaM66asIOu2iOq9g+ydhCDtnJjqsJDsnYA=	V3JlYXRoZWQgaW4gQmVsbGZpcmU=
E	7KKF7IaM66asIOu2iOq9g+ydmCDslbzquIjsiJg=	TWV0YWxsdXJnaWMgQmVhc3Qgb2YgQmVsbGZpcmU=
E	7KKF7IaM66as6rCAIOuCmOuptCDrqYjstpTripQ=	RnJlZXppbmcgV2hlbiB0aGUgQmVsbCBSaW5ncw==
E	7KKF7IaM66as66W8IOuLqOyhsO2VmOuKlCDsnpA=	Rm9yZ2VyIG9mIEJlbGwgVG9uZXM=
E	7KeA67aVIOychOydmCDsnYDruZsg64+Z7KCE	VGhlIFNpbHZlciBDb2luIG9uIHRoZSBSb29mdG9w
E	7KeA7JuM7KeEIOuqheuLqOydmCDsiJjtmLjsnpA=	R3VhcmRpYW4gb2YgdGhlIEVyYXNlZCBSb3N0ZXI=
E	7KeA7JuM7KeEIOuzhOyekOumrOydmCDso7zsnbg=	TWFzdGVyIG9mIHRoZSBFcmFzZWQgQ29uc3RlbGxhdGlvbg==
E	7Ken7J2AIOyiheyGjOumrOyXkCDqsIjrnbzsp4Q=	U3BsaXQgYnkgYSBCcmllZiBCZWxsIFRvbGw=
E	7KuT6riw64qUIO2OuOyngOydmCDtg4jst6jsnpA=	VGhpZWYgb2YgdGhlIEh1bnRlZCBMZXR0ZXI=
E	7LC966y4IOyViCDslrzqtbTsnZgg6rCE7IiY	SmFpbGVyIG9mIHRoZSBGYWNlIGluIHRoZSBXaW5kb3c=
E	7LKcIOqwnCDqsbDsmrjrqbTsnZgg7KO87J24	TWFzdGVyIG9mIGEgVGhvdXNhbmQgTWlycm9yIEZhY2Vz
E	7LKcIOqwnOydmCDslrzqtbTsnYQg67mE7LaY	UmVmbGVjdGluZyBhIFRob3VzYW5kIEZhY2Vz
E	7LKcIOyVhOuemCDsooXsnZgg6rCQ7Iuc7J6Q	V2F0Y2hlciBvZiB0aGUgQmVsbCBCZW5lYXRoIHRoZSBTa3k=
E	7LKrIOyUqOyVlyDsnITroZwg64K066Ck7Jio	RGVzY2VuZGVkIHVwb24gdGhlIEZpcnN0IFNlZWQ=
E	7LKrIOyjvOusuOydhCDsgrztgqTripQg7J6Q	RGV2b3VyZXIgb2YgdGhlIEZpcnN0IFNwZWxs
E	7LKrIOy2nOygleuqheu2gOydmCDsp4DsmrDqsJw=	RXJhc2VyIG9mIHRoZSBGaXJzdCBTb3J0aWUgUm9zdGVy
E	7LKrIO2VmOqwleuhnOydmCDrv4zrpqzqsbDsnbg=	Um9vdCBHaWFudCBvZiB0aGUgRmlyc3QgRGVzY2VudA==
E	7LKt64+ZIOqwgOujqOulvCDrkqTsp5HslrTsk7Q=	RHVzdGVkIHdpdGggQnJvbnplIFBvd2Rlcg==
E	7LKt64+ZIOuovOyngOulvCDrkqTsp5HslrTsk7Q=	Q292ZXJlZCBpbiBCcm9uemUgRHVzdA==
E	7LKt64+Z6rCA66OoIO2LiOydmCDtjIzqtLTsnpA=	QnJlYWtlciBpbiB0aGUgQnJvbnplLUR1c3QgQ3JldmljZQ==
E	7YOE7ZmU65CcIOqzhOygiOydmCDsm5DsmIjsgqw=	R2FyZGVuZXIgb2YgdGhlIENoYXJyZWQgU2Vhc29u
E	7YOE7ZmU65CcIOygleybkOydhCDqsbDri4jripQ=	Um9hbWluZyB0aGUgQ2hhcnJlZCBHYXJkZW4=
E	7YWM7Iqk7Yq4IOyghOyaqSDrr7jrpqzrs7TquLA=	VGVzdC1vbmx5IHByZXZpZXc=
E	7Ye066Gc66W8IO2blOy5mOuKlCDqt7jrprzsnpA=	U2hhZG93IFRoYXQgU3RlYWxzIHRoZSBFc2NhcGUgUm91dGU=
E	7Yis66qF7ZWY6rKMIOq1s+ydgCDqu43sp4jsnZg=	V2l0aCBhIEhhcmRlbmVkIFRyYW5zcGFyZW50IFNoZWxs
E	7Yis66qF7ZWcIOyYpSDquYrsnYAg6rOz7J2Y	RGVlcCBXaXRoaW4gdGhlIENsZWFyIEphZGU=
E	7YyM66y47JeQ7IScIO2DnOyWtOuCnCDrp53roLk=	V3JhaXRoIEJvcm4gb2YgUmlwcGxlcw==
P	7ZGc7IucIO2UvO2VtCB7ezF9fQ==	RGFtYWdlIGluZmxpY3RlZCB7ezF9fQ==
E	7ZKA7J6O7J2YIOqysOydhCDqur7ripQg7J6Q	QnJlYWtlciBvZiBMZWFmIFZlaW5z
E	7ZWcIOuyiCDriqbqsowg7Jq466awIOyihQ==	VGhlIEJlbGwgVGhhdCBSYW5nIE9uZSBCZWF0IExhdGU=
E	7ZWo6ruYIOyauOumsCDsooXsnZgg67CY7Zal	RWNobyBvZiBCZWxscyBSdW5nIFRvZ2V0aGVy
E	7ZaJ67O17ZWcIO2VmOujqOydmCDrs7XsoJzsnpA=	UmVwbGljYXRvciBvZiBhIEhhcHB5IERheQ==
E	7Z2wIOygleybkCDrrLjslpHsnYQg65GQ66W4	Q2xhZCBpbiB0aGUgV2hpdGUgR2FyZGVuJ3MgU2lnaWw=
E	THYuMjDrtoDthLAg7LC46rCA	UGFydGljaXBhdGVzIGZyb20gTHYuMjA=
P	e3sxfX3snZgg7J6s6rCA66Oo	QXNoIFJlc2lkdWUgZnJvbSB7ezF9fQ==
E	6rCA67Cp7JeQIOuztOq0gO2WiOyKteuLiOuLpA==	U3RvcmVkIGluIHRoZSBiYWc=
E	6rCH7Z6MIOyGjOumrOydmCDsp4HsobDsnpA=	V2VhdmVyIG9mIFRyYXBwZWQgU291bmQ=
E	6rGw6r6466GcIOqxt+uKlCDsgqzrg6Xqvrw=	QmFja3dhcmQtV2Fsa2luZyBIdW50ZXI=
E	6rGw6r6466GcIO2dkOultOuKlCDsiJjroZw=	Uml2ZXIgZmxvd2luZyBiYWNrd2FyZA==
E	6rGw6r6466Gc7IiY66GcIOydtOuBvOqzqOugmA==	UmV2ZXJzZS1DaGFubmVsIE1vc3MgR29sZW0=
E	6rGw7Jq4IOyasOusvOydmCDsiJjtmLjsnpA=	R3VhcmRpYW4gb2YgdGhlIE1pcnJvciBXZWxs
E	6rG47Ja0IOuLpOuLiOuKlCDsh7PsobDqsIE=	V2Fsa2luZyBTY3JhcCBNZXRhbA==
E	6rG47J2M7J2EIOuzteygnO2VmOuKlCDsnpA=	Rm9vdHN0ZXAgUmVwbGljYXRvcg==
E	6rKA7J2AIOusvOudoOulvCDtnJjqsJDsnYA=	V3JhcHBlZCBpbiBCbGFjayBXYXRlciBSaWJib25z
E	6rKA7J2AIOycoOumrCDsl7Tsh6Dsp4DquLA=	S2VlcGVyIG9mIHRoZSBCbGFjayBHbGFzcyBLZXk=
E	6rKA7J2AIOyeie2BrOulvCDtnZjrpqzripQ=	RHJpcHBpbmcgQmxhY2sgSW5r
E	6rKA7J2AIOyepeuvuOulvCDtnJjqsJDsnYA=	RW50d2luZWQgd2l0aCBCbGFjayBSb3Nlcw==
E	6rKA7J2AIOyerOyZgCDtnbAg7Jyg66as	QmxhY2sgYXNoIGFuZCB3aGl0ZSBnbGFzcw==
E	6rKA7J2AIOyynOydhCDrkqTsp5HslrTsk7Q=	RHJhcGVkIGluIEJsYWNrIENsb3Ro
E	6rO164+ZIOyynOunieydhCDrhbjrpqzripQ=	U3RhbGtpbmcgdGhlIFNoYXJlZCBDYW1w
P	6rSA66y4IMK3IHt7MX19	R2F0ZSDCtyB7ezF9fQ==
E	6rSR6rOgIOqwnOyduOygleuztCDshKDtg50=	QWQgcHJpdmFjeSBjaG9pY2Vz
E	6rWs7KGwIOyalOyyreydmCDtg4jst6jsnpA=	VGhpZWYgb2YgdGhlIFJlc2N1ZSBQbGVh
E	6rWt6rK97JeQIOuLpOyLnCDrnKwg7ZW0	VGhlIFN1biBSaXNlcyBBZ2FpbiBvdmVyIHRoZSBCb3JkZXI=
E	6rWw7JqpIO2GteuhnOulvCDrlLDrpbTripQ=	Rm9sbG93aW5nIHRoZSBNaWxpdGFyeSBQYXNzYWdl
E	6rWw7YyoIOuqqOyEnOumrOulvCDtlLztlZw=	U2tpcnRpbmcgdGhlIE1pbGl0YXJ5IFRhZydzIEVkZ2U=
E	6reA7ZmY7KKFIOyLoO2YuOulvCDsq5PripQ=	Rm9sbG93aW5nIHRoZSBSZXR1cm4gQmVsbCBTaWduYWw=
E	6riIIOqwhCDsooUg65Sx7KCV67KM66CI	Q3JhY2tlZC1CZWxsIEJlZXRsZQ==
E	6riIIOqwhCDsooXsnZgg6rCQ7Iuc7J6Q	V2F0Y2hlciBvZiB0aGUgQ3JhY2tlZCBCZWxs
E	6riw7Ja17J2YIOuDhOyDiOulvCDrp6HripQ=	U25pZmZpbmcgdGhlIHNjZW50IG9mIG1lbW9yeQ==
E	6riw7Ja17J6OIOustOumrOydmCDslrTrr7g=	TW90aGVyIG9mIHRoZSBNZW1vcnktTGVhZiBTd2FybQ==
E	6rmK7J2AIOqzs+yXkOyEnCDsmKzrnbzsmKg=	UmlzaW5nIGZyb20gZGVlcCB3aXRoaW4=
E	6rmo7KeEIOyduOyepeyXkOyEnCDrgpjsmKg=	RW1lcmdlZCBmcm9tIGEgQnJva2VuIFNpZ2ls
E	6rq87KeEIO2VmOuKmOydmCDtlZjsiJjsnbg=	TWluaW9uIG9mIHRoZSBEYXJrZW5lZCBTa3k=
E	64GK6riw7KeAIOyViuuKlCDrs7TquInshKA=	QW4gdW5icm9rZW4gc3VwcGx5IGxpbmU=
E	64GK7Ja07KeEIOuLpOumrCDsgrTsvqHsnbQ=	QnJva2VuLUxlZyBXaWxkY2F0
E	64Gd64KY7KeAIOyViuuKlCDsooXshozrpqw=	QW4gZW5kbGVzcyBiZWxsIHRvbGw=
E	64Gd64K07JW8IO2VoCDsnpHsnYAg7J28	QSBTbWFsbCBNYXR0ZXIgTGVmdCB0byBTZXR0bGU=
E	64Gd66y4IOyVhOuemOyXkOyEnCDrgpjsmKg=	RW1lcmdlZCBmcm9tIEJlbmVhdGggdGhlIEZpbmFsIEdhdGU=
E	64KY66y0IOyLrOyepeydmCDrjIDrpqzsnpA=	RW1pc3Nhcnkgb2YgdGhlIFRyZWUncyBIZWFydA==
E	64KY7J207YWMIOydtOumhCDsiJjsp5HsnpA=	Q29sbGVjdG9yIG9mIE5hbWVzIGluIHRoZSBUcmVlIFJpbmdz
E	64Ku7J2AIOqzs+yXkOyEnCDsmKzrnbzsmKg=	UmlzZW4gZnJvbSBCZWxvdw==
E	64Kv7ISgIOu2iOyUqOulvCDrlLDrnbzsmKg=	Rm9sbG93aW5nIGEgU3RyYW5nZSBFbWJlcg==
E	64SkIOuyiOynuCDsnYzsl5Ag66mI7LaY	U3RpbGxlZCBhdCB0aGUgRm91cnRoIE5vdGU=
E	64W57IqoIOyImOugiOy2leydhCDrrLzsnYA=	Qml0aW5nIGEgUnVzdGVkIENhcnQgQXhsZQ==
E	64aS7J2AIOqzs+ycvOuhnCDtnZDrpbTripQ=	Rmxvd2luZyBVcGhpbGw=
E	64uk7ISvIOunpOuTreydmCDtjIzqtLTsnpA=	RGVzdHJveWVyIG9mIHRoZSBGaXZlIEtub3Rz
E	64ur7Z6MIOywveydmCDri6Trpbgg6ri4	QW5vdGhlciBQYXRoIGZyb20gdGhlIENsb3NlZCBXaW5kb3c=
E	64+E65GR66ee7J2AIOuRkCDsg4jrsr3sooU=	U3RvbGVuIFR3byBEYXduIEJlbGxz
E	64+E65GR66ee7J2AIOyEuCDsg4jrsr3sooU=	U3RvbGVuIFRocmVlIERhd24gQmVsbHM=
E	64+E7LCp7ZWY7KeAIOyViuydgCDqtazsm5A=	UmVzY3VlIFRoYXQgTmV2ZXIgQXJyaXZlZA==
E	64+M7JWE7JioIOyEuOudvOydmCDsnbTrpoQ=	TmFtZSBvZiBTZXJhIFJldHVybmVk
E	65GQIOuyiOynuCDslYjsoIQg64u17Iug	U2Vjb25kIFNhZmV0eSBSZXBseQ==
E	65Oc66GtIOyepeu5hCDshKDrs4Qg7KSR	U2VsZWN0aW5nIERyb3AgRXF1aXBtZW50
E	65uw64qUIOycoOumrOydmCDrsJXrj5nsnpA=	UHVsc2VrZWVwZXIgb2YgQmVhdGluZyBHbGFzcw==
E	656t7YK57J2EIOu2iOufrOyYpOuKlCDspJE=	TG9hZGluZyByYW5raW5ncw==
E	66eI7J2EIOqyveqzhOulvCDrhJjrs7TripQ=	THVya2luZyBhdCB0aGUgVmlsbGFnZSBCb3VuZGFyeQ==
E	66eI7KeA66eJIOu0ieyduCDrhIjrqLjsnZg=	QmV5b25kIHRoZSBGaW5hbCBTZWFs
E	66eI7KeA66eJIOyKpO2CrOuhnCDsnbTrj5k=	TW92ZSB3aXRoIEZpbmFsIFNraWxs
E	66eI7KeA66eJIOyerCDsiqTtgazrpqzsu6Q=	TGFzdC1Bc2ggU2hyaWVrZXI=
E	66eI7KeA66eJIOyihe2YgOulvCDrgbzsm4w=	Rml0IHRoZSBGaW5hbCBDbGFwcGVy
E	66eI7KeA66eJIOyngOyDgSDslbzsmIHsp4A=	VGhlIExhc3QgU3VyZmFjZSBDYW1w
E	66mI7LaYIOygleyYpOydmCDsp5HtlonsnpA=	RW5mb3JjZXIgb2YgdGhlIFN0aWxsZWQgTm9vbg==
E	66mU7JWE66as7LCM6rq86riwIOyCtOy+oeydtA==	RWNoby1SdWJiaXNoIFdpbGRjYXQ=
E	66qo7ZeY64u0IO2ajOqzoCDtjrzsuZjquLA=	QWR2ZW50dXJlIE1lbW9pciBVbmZvbGRpbmc=
E	66qo7ZeY7J2EIOyLnOyeke2VmOuKlCDspJE=	U3RhcnRpbmcgdGhlIGFkdmVudHVyZQ==
E	66qo7ZeY7J2EIOykgOu5hO2VmOuKlCDspJE=	UHJlcGFyaW5nIGZvciB0aGUgQWR2ZW50dXJl
E	66qp7IaM66as66eMIOuCqOydgCDrpqzruIw=	TGl2LCBSZWR1Y2VkIHRvIGEgVm9pY2U=
E	66y27J24IOynkOyKueydmCDtj6zsi53snpA=	RGV2b3VyZXIgb2YgdGhlIEJvdW5kIEJlYXN0
E	66y47J207JeI642YIOuyveydmCDso7zsnbg=	TWFzdGVyIG9mIHRoZSBXYWxsIFRoYXQgV2FzIGEgRG9vcg==
E	66y77Z6MIOq1sO2MqOydmCDslb3tg4jsnpA=	UmFpZGVyIG9mIHRoZSBCdXJpZWQgTWlsaXRhcnkgVGFn
E	66y77Z6MIOywqOy2leydmCDsiJjtmLjsnpA=	R3VhcmRpYW4gb2YgdGhlIEJ1cmllZCBBeGxl
E	66y86ri4IOyVhOuemCDrgqjsnYAg7J6s	QXNoIFJlbWFpbmluZyBCZW5lYXRoIHRoZSBXYXRlcg==
E	66y87IaNIOyEnOqzoOydmCDquLDroZ3qtIA=	QXJjaGl2aXN0IG9mIHRoZSBTdWJtZXJnZWQgU3RhY2tz
E	66+464+E7LCpIO2OuOyngCDsgqzrg6Xqvrw=	SHVudGVyIG9mIFVuZGVsaXZlcmVkIExldHRlcnM=
E	67Cp7Zal7J2EIOyeg+ydgCDssqsg64uo	VGhlIEZpcnN0IFN0ZXAgR29uZSBBc3RyYXk=
E	67Kg66W47J2YIOuniOyngOuniSDrqoXroLk=	QmVybidzIEZpbmFsIE9yZGVy
E	67Kg66W47J2YIOydtOumhOydhCDquIHripQ=	U2NyYXRjaGluZyBBd2F5IEJlcm4ncyBOYW1l
E	67Kg66W47J2YIOyejuyXkCDsnbTrgYzrprA=	RHJhd24gYnkgQmVybidzIExlYWY=
E	67O06riJ7ZKIIOuDhOyDiOulvCDrp6HsnYA=	RHJhd24gYnkgdGhlIFNjZW50IG9mIFN1cHBsaWVz
P	67O07IOBICt7ezF9fSU=	UmV3YXJkICt7ezF9fSU=
E	67SE66y8IOychOuhnCDrqrDroKTrk5zripQ=	U3VyZ2luZyBBY3Jvc3MgdGhlIFNwcmluZ3dhdGVy
E	67SE66y87J2EIOqwiOyVhCDrp4jsi5zripQ=	R3JpbmRpbmcgYW5kIERyaW5raW5nIHRoZSBTcHJpbmd3YXRlcg==
E	67aA65+s7KeEIOywveuCoOydmCDso7zsnbg=	TWFzdGVyIG9mIHRoZSBCcm9rZW4gU3BlYXJoZWFk
E	67aI7JSoIOyUqOyVl+ydmCDsiJjtmZXsnpA=	SGFydmVzdGVyIG9mIEVtYmVyIFNlZWRz
E	67aI7JSoIOygleybkOydmCDsnqzrsLDsnpA=	Q3VsdGl2YXRvciBvZiB0aGUgRW1iZXIgR2FyZGVu
E	67mE67CAIOqzhOuLqOydhCDsp4DtgqTripQ=	R3VhcmRpbmcgdGhlIFNlY3JldCBTdGFpcg==
E	67mE67CAIOusuOyEnOydmCDtg4jst6jsnpA=	U2VjcmV0LURvY3VtZW50IFRoaWVm
E	67mIIOuzkeyYgeydhCDrsLDtmoztlZjripQ=	Um9hbWluZyB0aGUgRW1wdHkgQmFycmFja3M=
E	67mIIOyImOugiCDrsJHsl5Ag7Iio7J2A	SGlkZGVuIEJlbmVhdGggdGhlIEVtcHR5IENhcnQ=
E	67mIIOyImOugiOydmCDslb3tg4jrjIDsnqU=	UmFpZGVyIENhcHRhaW4gb2YgdGhlIEVtcHR5IENhcnQ=
E	67mIIOyUqOyVl+2VqOydmCDrj4TqtbTsnpA=	UGx1bmRlcmVyIG9mIHRoZSBFbXB0eSBTZWVkIENoZXN0
E	67mIIOy0iOyGjOulvCDrsLDtmoztlZjripQ=	Um9hbWluZyB0aGUgRW1wdHkgT3V0cG9zdA==
E	67mM66awIOq5g+uwnOydmCDtj6zsi53snpA=	RGV2b3VyZXIgb2YgdGhlIEJvcnJvd2VkIEZsYWc=
E	67mb67CU656cIOyEnOyVveydmCDsnbjsnqU=	RmFkZWQgT2F0aCBTaWdpbA==
E	67+M66asIOqzhOuLqOydmCDrrLjsp4DquLA=	Um9vdC1TdGFpciBHYXRla2VlcGVy
E	7IKs65287KeA64qUIOuniOyngOuniSDsnYw=	RGlzYXBwZWFyaW5nIExhc3QgTm90ZQ==
E	7IKs656M7J2YIOyWtOygnOulvCDrqLnripQ=	RGV2b3VyaW5nIGEgUGVyc29uJ3MgWWVzdGVyZGF5
P	7IOIIOuyhOyghCB7ezF9fQ==	TmV3IHZlcnNpb24ge3sxfX0=
E	7IOIIOyauOydjOydhCDsgrztgqgg7J6Q	RGV2b3VyZXIgb2YgQmlyZHNvbmc=
E	7IOIIOyepeu5hCDsnqXssKkg7JmE66OM	TmV3IGdlYXIgZXF1aXBwZWQgc3VjY2Vzc2Z1bGx5
E	7IOI66Gc7Jq0IOuqqO2XmOydmCDsi5zsnpE=	VGhlIGJlZ2lubmluZyBvZiBhIG5ldyBhZHZlbnR1cmU=
E	7IOI66Gc7Jq0IOyImO2YuOydmCDsi5zsnpE=	VGhlIGJlZ2lubmluZyBvZiBhIG5ldyBndWFyZGlhbnNoaXA=
E	7ISc6rCAIOyVhOuemOyXkCDsm4XtgazrprA=	Q3JvdWNoZWQgQmVuZWF0aCB0aGUgQm9va3NoZWxm
E	7ISc66y47J2EIOyngO2CqCDsnbTrpoTrk6Q=	TmFtZXMgVGhhdCBIZWxkIHRoZSBXZXN0IEdhdGU=
E	7ISc7JW97J2YIOu5m+ydhCDrhbjrpqzripQ=	U3RhbGtpbmcgdGhlIExpZ2h0IG9mIHRoZSBPYXRo
E	7IS4IOuyiCDrkqTsnZgg7ZWcIOuyiA==	T25lIHN0cmlrZSBhZnRlciB0aHJlZQ==
E	7IS4IOuyiOydmCDslYjsoIQg64u17Iug	VGhyZWUgc2FmZSByZXBsaWVz
E	7IS4IOyDiOuyveyiheydmCDqt7jrprzsnpA=	U2hhZG93IG9mIHRoZSBUaHJlZSBEYXduIEJlbGxz
E	7IaM66asIOyXhuydtCDssKzqsIDtlZjripQ=	Q2hhbnRpbmcgYSBTb3VuZGxlc3MgSHltbg==
E	7IaNIOu5iCDquLjsnZgg6rW07LCp7JmV	QnVycm93IEtpbmcgb2YgdGhlIEhvbGxvdyBSb2Fk
E	7IaQ7J6h7J20IOyXhuuKlCDsp4DtlZjrrLg=	QSBzdWJ0ZXJyYW5lYW4gZ2F0ZSB3aXRoIG5vIGhhbmRsZQ==
E	7IiY7KCVIO2MjO2OuOyXkOyEnCDrgpjsmKg=	RW1lcmdlZCBmcm9tIENyeXN0YWwgRnJhZ21lbnRz
E	7IiY7Zi464yAIOq1sO2MqOulvCDrrLzsnYA=	Qml0aW5nIGEgR3VhcmRpYW4gQ29ycHMgVGFn
E	7Iio7J2AIO2GteuhnOydmCDqsJDsi5zsnpA=	SGlkZGVuLVBhc3NhZ2UgV2F0Y2hlcg==
E	7Iqk66y87ZWcIOuyiOynuCDqt4DtmZjsnpA=	VHdlbnR5LUZpcnN0IFJldHVybmVy
E	7Iug7Zi47YORIOq3uOuKmOyXkCDsiKjsnYA=	SGlkZGVuIGluIHRoZSBTaWduYWwgVG93ZXIncyBTaGFkb3c=
E	7Ius7J6lIOuwleuPmeyXkCDquajslrTrgpw=	QXdha2VuZWQgYnkgdGhlIEhlYXJ0YmVhdA==
E	7JSo7JWXIOyatOuwmOuhnCDqsJDsi5zsnpA=	V2F0Y2hlciBvZiB0aGUgU2VlZCBUcmFuc3BvcnQgUm91dGU=
E	7JWE7IWA7J2YIOq4sOuhnSDrtInsnbjsiJg=	QXNlbCdzIFJlY29yZC1TZWFsaW5nIEJlYXN0
E	7JWI7Kq97J2EIO2Wpe2VnCDtmZTsgrTqvrw=	SW53YXJkLUFpbWluZyBBcmNoZXI=
E	7Jet66WYIOyImOusuOydmCDqsJDsi5zsnpA=	V2F0Y2hlciBvZiB0aGUgUmV2ZXJzZS1GbG93IFNsdWljZQ==
E	7Je0IOuyiOynuCDsnqUg6rmM66eI6reA	VGVudGgtQ2hhcHRlciBDcm93
E	7Je07IS4IO2RnOyLneydmCDsiJjroZzsiJg=	VGhpcnRlZW4tTWFyayBXYXRlcndheSBCZWFzdA==
E	7Je07Jes642fIOyauOumvOyXkCDri7XtlZw=	QW5zd2VyaW5nIHRoZSBFaWdodGVlbnRoIEVjaG8=
E	7Jik656Y65CcIOydtOumhOydhCDquIHripQ=	U2NyYXRjaGluZyBhdCBhbiBPbGQgTmFtZQ==
E	7Jik656Y65CcIO2RnOyLneydhCDtkojsnYA=	SG9sZGluZyBhbiBvbGQgc2lnbg==
E	7Jik7ZSE65287J24IOuqqO2XmCDstqnsoIQ=	T2ZmbGluZSBhZHZlbnR1cmUgdGltZQ==
E	7JmE67K97ZWcIOqzvOqxsOydmCDtiKzsgqw=	Q2hhbXBpb24gb2YgdGhlIFBlcmZlY3QgUGFzdA==
E	7Jqw66y8IOyVhOuemOydmCDqt7jrprzsnpA=	VGhlIHNoYWRvdyBiZW5lYXRoIHRoZSB3ZWxs
E	7Jqw66y8IOyVhOuemOydmCDsooXshozrpqw=	VGhlIGJlbGwncyBlY2hvIGJlbmVhdGggdGhlIHdlbGw=
E	7Jq466as66m0IOyViCDrkJjripQg7KKF	QSBiZWxsIHRoYXQgc2hvdWxkIG5vdCByaW5n
E	7Jyg66as66W8IOunjOuTnOuKlCDrrLzroIg=	R2xhc3NtYWtpbmcgV2F0ZXJ3aGVlbA==
E	7J2A67mbIOuPmeyghOydmCDsgqzrg6Xqvrw=	SHVudGVyIG9mIFNpbHZlciBDb2lucw==
E	7J2066aEIOyUqOyVl+ydhCDrhbjrpqzripQ=	U3RhbGtpbmcgdGhlIE5hbWUgU2VlZA==
E	7J2066aEIOyXhuuKlCDsnqXrtoDsp4DquLA=	TmFtZWxlc3MgTGVkZ2VyLUtlZXBlcg==
E	7J2066aE7Jy866GcIOunjOuToCDqtbDrjIA=	QW4gYXJteSBmb3JnZWQgZnJvbSBuYW1lcw==
E	7J2066aE7J2EIOuQmOywvuydgCDrrJjtkZw=	R3JhdmUgTWFya2VycyBHaXZlbiBCYWNrIFRoZWlyIE5hbWVz
E	7J6J7YGsIOuwlOuLpOydmCDrs7TqtIDsnpA=	S2VlcGVyIG9mIHRoZSBJbmsgU2Vh
E	7J6R7J2AIOuTseu2iOydmCDtj6zsi53snpA=	RGV2b3VyZXIgb2YgdGhlIExpdHRsZSBMYW1w
E	7J6g6ri0IOuqqeuhneydmCDsiJjsp5HsnpA=	Q29sbGVjdG9yIG9mIHRoZSBMb2NrZWQgTGlzdA==
E	7J6g6ri0IOyImOuhnOydmCDrrLjsp4DquLA=	R2F0ZWtlZXBlciBvZiB0aGUgU2VhbGVkIFdhdGVyd2F5
P	7J6l67mEIMK3IHt7MX19	R2VhciDCtyB7ezF9fQ==
E	7J6sIOqwkeyYtyDti4jsl5Ag7Iio7J2A	SGlkZGVuIGluIHRoZSBBc2ggQXJtb3IncyBHYXBz
E	7J6sIOyVhOuemOyXkCDrv4zrpqzrgrTrprA=	Um9vdGVkIEJlbmVhdGggdGhlIEFzaA==
E	7J6s7JmAIOycoOumrOydmCDqt6DtmJXsiJg=	QmFsYW5jZXIgb2YgQXNoIGFuZCBHbGFzcw==
E	7KCE7LK0IOyInOychCDsp5Hqs4Qg7KSR	UmFua2luZyB0b3RhbHMgYmVpbmcgY2FsY3VsYXRlZA==
E	7KCV6riwIOuztOq4ieuhnOyXkCDsiKjsnYA=	SGlkZGVuIEFsb25nIHRoZSBTdXBwbHkgUm91dGU=
E	7KCV7Jik66W8IOyngO2CpOuKlCDquLDsgqw=	VGhlIGtuaWdodCB3aG8gZ3VhcmRzIG5vb24=
P	7KCce3sxfX0g7IiY66y47J6l	R2F0ZWtlZXBlciB7ezF9fQ==
E	7KKF6rCA66Oo66W8IO2EuOyWtCDrgrTripQ=	U2hha2luZyBPZmYgQmVsbCBEdXN0
E	7KO97J2AIOuqheugueydhCDrlLDrpbTripQ=	Rm9sbG93aW5nIGEgRGVhZCBPcmRlcg==
E	7KeA64KcIOuqqO2XmOuLtCDtjrzsuZjquLA=	VW5mb2xkIHRoZSBwYXN0IGFkdmVudHVyZXM=
E	7KeA7JuM7KeEIOuqheu2gOyXkCDquYPrk6A=	SGF1bnRpbmcgdGhlIEVyYXNlZCBSZWdpc3Rlcg==
E	7KeA7JuM7KeEIOydtOumhOydhCDrqLnsnYA=	RmVlZGluZyBvbiBFcmFzZWQgTmFtZXM=
E	7KeA7JuM7KeEIOykhOyXkOyEnCDrgpjsmKg=	RW1lcmdlZCBmcm9tIGFuIEVyYXNlZCBMaW5l
E	7KeA7ZWYIOywrOqwgOydmCDqsJDsi5zsnpA=	V2F0Y2hlciBvZiB0aGUgVW5kZXJncm91bmQgSHltbg==
E	7LKrIOuyiOynuCDqtazsobAg7JqU7LKt	Rmlyc3QgUGxlYSBmb3IgUmVzY3Vl
E	7LKrIOyImOugiOulvCDrp4nripQg7J6Q	QmxvY2tlciBvZiB0aGUgRmlyc3QgQ2FydA==
E	7LKt64+ZIOqwgOujqCDrlLHsoJXrsozroIg=	QnJvbnplLVBvd2RlciBCZWV0bGU=
E	7LKt64+ZIOu5l+usvOydhCDtnZjrpqzripQ=	RHJpcHBpbmcgQnJvbnplIFJhaW53YXRlcg==
P	7LSI7JuUIHt7MX1964uo7Iud	VHJhbnNjZW5kZW5jZSDCtyB7ezF9fWZhc3Rpbmc=
P	7Lmt7Zi4IMK3IHt7MX19	VGl0bGUgwrcge3sxfX0=
E	7YOR7J2YIOy4teyImOulvCDsp4DsmrDripQ=	RXJhc2luZyB0aGUgVG93ZXIncyBGbG9vcnM=
E	7Yis66qFIOq7jeyniCDrlLHsoJXrsozroIg=	VHJhbnNwYXJlbnQtU2hlbGxlZCBCZWV0bGU=
E	7Y647KeAIOqzoOumrCDrlLHsoJXrsozroIg=	TGV0dGVyLVJpbmcgQmVldGxl
E	7ZG466W4IOyLoO2YuOulvCDrhbjrpqzripQ=	VGFyZ2V0aW5nIHRoZSBibHVlIHNpZ25hbA==
E	7ZG466W4IOyVhOy5mOulvCDtnJjqsJDsnYA=	RW50d2luZWQgQXJvdW5kIHRoZSBCbHVlIEFyY2g=
E	7ZG466W4IO2dmeydhCDrkqTsp5HslrTsk7Q=	Q292ZXJlZCBpbiBCbHVlIFNvaWw=
E	7ZW0IOyngOyngCDslYrripQg6rOE64uo	U3RhaXJ3YXkgb2YgRXRlcm5hbCBEYXk=
E	7ZmU66m07J2EIO2EsOy5mO2VtCDsi5zsnpE=	VGFwIHRvIHN0YXJ0
E	7ZqM7KCEIO2ajOuekeydmCDsp4DtnJjsnpA=	Q29uZHVjdG9yIG9mIHRoZSBSb3RhdGluZyBDb3JyaWRvcg==
E	7Z2wIOygleybkOycvOuhnCDtlqXtlZjripQ=	SGVhZGluZyBmb3IgdGhlIFdoaXRlIEdhcmRlbg==
E	LCDtmITsnqwg6rmK7J20IOygnA==	LCBjdXJyZW50IGRlcHRoIHNldA==
P	e3sxfX3snZgg7J6U7ZW0	UmVtYWlucyBvZiB7ezF9fQ==
P	e3sxfX3snZgg7Z2U7KCB	VHJhY2VzIG9mIHt7MX19
P	e3sxfX3tg4Agwrcg	e3sxfX10YSDCtw==
P	6rCA6rKpIHt7MX19Rw==	UHJpY2Uge3sxfX1H
E	6rCZ7J2AIOuCoOydmCDrqoXroLnshJw=	T3JkZXJzIElzc3VlZCB0aGUgU2FtZSBEYXk=
E	6rGw6r6466GcIOuCnCDrsJzsnpDqta0=	Rm9vdHByaW50cyBMZWFkaW5nIE91dA==
E	6rGw6r6466GcIOyXtOumsCDsiJjrrLg=	UmV2ZXJzZS1vcGVuaW5nIHNsdWljZSBnYXRl
E	6rGw6r6466GcIO2dkOultOuKlCDqsJU=	UmV2ZXJzZS1GbG93aW5nIFJpdmVy
E	6rKA7Ja07KeEIOusvOydmCDso7zsnbg=	TWFzdGVyIG9mIHRoZSBCbGFja2VuZWQgV2F0ZXI=
E	6rKA7J2AIOybkOydmCDstpTsoIHsnpA=	VHJhY2tlciBvZiB0aGUgQmxhY2sgQ2lyY2xl
E	6rKA7J2AIOycoOumrOulvCDrkZDrpbg=	Q29hdGVkIGluIGJsYWNrIGdsYXNz
E	6rKA7J2AIOyerCDrlLHsoJXrsozroIg=	QmxhY2sgQXNoIEJlZXRsZQ==
E	6rKo7Jq4IO2GseuLiOyXkCDrgbzsnbg=	Q2F1Z2h0IGluIFdpbnRlciBHZWFycw==
E	6rO164+Z66yY7KeA66W8IO2Wpe2VmOuKlA==	SGVhZGluZyBmb3IgdGhlIENvbW11bmFsIENlbWV0ZXJ5
E	6rWt6rK9IOuEiOuouCDrsJzsnpDqta0=	Rm9vdHByaW50cyBiZXlvbmQgdGhlIGJvcmRlcg==
E	6rWw7Yyo6rCAIOuIjOumsCDsnpDrpqw=	V2hlcmUgdGhlIGJhbm5lciB3YXMgY3J1c2hlZA==
E	6rWw7Yyo7J6Q6rWtIOuUseygleuyjOugiA==	TWlsaXRhcnktVGFnIFRyYWNlIEJlZXRsZQ==
E	6rWz7J2AIOyerOydmCDtjIzsiJjqvrw=	V2FyZGVuIG9mIHRoZSBIYXJkZW5lZCBBc2g=
E	6re466a87J6QIOyEuOqzhCDsoIjri6g=	Q3V0b2ZmIG9mIHRoZSBzaGFkb3cgd29ybGQ=
E	6re466a87J6QIOyXhuuKlCDsl6zsmrA=	U2hhZG93bGVzcyBGb3g=
E	6re466a87J6Q67O064ukIOu5oOultOqyjA==	RmFzdGVyIFRoYW4gU2hhZG93
E	6riw64+E6rCAIOunjOuToCDri6Trpqw=	QnJpZGdlIGZvcmdlZCBieSBwcmF5ZXI=
E	6riw64+E7J2YIOu5m+ydhCDrqLnripQ=	RGV2b3VyaW5nIHRoZSBMaWdodCBvZiBQcmF5ZXI=
E	6riw7IKs7J2YIOunney5mCDqsJXtg4A=	S25pZ2h0J3MgbWFsbGV0IHNtYXNo
E	6riw7Ja1IOyXsOujjCDsiJjtmZXsnpA=	TWVtb3J5LUZ1ZWwgSGFydmVzdGVy
E	6riw7Ja164KY66y07J2YIO2VmOqwleyImA==	TWVtb3J5LVRyZWUgRGVzY2VudCBCZWFzdA==
E	6riw7Ja166y86ri47J2YIOynleyImOyekA==	VG9sbGtlZXBlciBvZiB0aGUgTWVtb3J5IFdhdGVyd2F5
E	6riw7Ja17J2EIO2SiOydgCDsiJjslaE=	TWVtb3J5LUxhZGVuIFNhcA==
E	6riw7Ja17J2YIOu5m+ydhCDrqLnripQ=	RGV2b3VyaW5nIHRoZSBMaWdodCBvZiBNZW1vcnk=
E	6ri466qpIOuRpeyngOydmCDslrTrr7g=	TW90aGVyIG9mIHRoZSBSb2Fkc2lkZSBOZXN0
E	6rmK7J2066W8IOyEuOuKlCDtkZzsi50=	TWFya2VycyBUaGF0IENvdW50IHRoZSBEZXB0aA==
E	6rmo7KeEIOyEnOyVveydmCDsnbjsnqU=	VGhlIHNoYXR0ZXJlZCBzZWFsIG9mIGEgYnJva2VuIHZvdw==
E	6rq87KeA7KeAIOyViuydgCDrk7Hrtog=	QSBmbGFtZSB0aGF0IHdpbGwgbm90IGRpZQ==
E	6rq87KeEIO2VmOuKmCDslYTrnpjsnZg=	QmVuZWF0aCB0aGUgRGFya2VuZWQgU2t5
E	64KY66y06ruN7KeIIOyGjSDsnbTrpoQ=	TmFtZXMgV2l0aGluIHRoZSBCYXJr
E	64Ko6rKo7KeEIOq3gO2ZmCDqt5zsuZk=	VGhlIFN1cnZpdmluZyBSdWxlIG9mIFJldHVybg==
E	64SI66y0IOyhsOyaqe2VnCDsoIHsp4Q=	QW4gdW5uZXJ2aW5nbHkgcXVpZXQgZnJvbnQgbGluZQ==
E	64SkIOuyiOynuCDruZsg65Ok7KWQ	Rm91cnRoLUxpZ2h0IE1vdXNl
E	64SkIOuyiOynuCDsnYwg64KY67Cp	Rm91cnRoLVNvdW5kIE1vdGg=
E	64uk66W4IOyeie2BrOydmCDtiKzsnqU=	UGl0IEZpZ2h0ZXIgb2YgdGhlIE90aGVyIEluaw==
E	64uk7IucIOqygOyWtOynhCDsmrDrrLw=	VGhlIFdlbGwgUnVucyBCbGFjayBBZ2Fpbg==
E	64uk7IucIOyXtOumsCDqta3qsr3quLg=	VGhlIGJvcmRlciBwYXRoIG9uY2UgYWdhaW4gb3BlbmVk
E	64u17J6l7J2EIOyCvO2CqCDrtInsnbg=	U2VhbCBUaGF0IFN3YWxsb3dlZCB0aGUgUmVwbHk=
E	642rIOyjvOuzgOydhCDrp7Trj4TripQ=	UHJvd2xpbmcgQXJvdW5kIHRoZSBTbmFyZQ==
E	64+E65GR66ee7J2AIOu0hOydmCDrrLw=	U3RvbGVuIFNwcmluZ3dhdGVy
E	64+M7JWE7JisIOq4uOydmCDrp7nshLg=	T2F0aCBvZiB0aGUgUm9hZCBIb21l
E	64+Z66OM7J2YIOyWvOq1tOydhCDtlZw=	V2VhcmluZyBhIENvbXJhZGUncyBGYWNl
E	65CY7LC+7J2AIOyEuCDsg4jrsr3sooU=	VGhlIFRocmVlIERhd24gQmVsbHMgUmVjbGFpbWVk
E	65Ox67aIIOq3uOuKmOyXkCDsiKjsnYA=	SGlkZGVuIGluIHRoZSBMYW1wbGlnaHQncyBTaGFkb3c=
E	65Ox67aI7J2EIOuFuOumsCDslrTrkaA=	VGhlIGRhcmtuZXNzIHRoYXQgY292ZXRlZCB0aGUgZmxhbWU=
E	65Sw65y77ZWcIOyerOyXkCDsiKjsnYA=	SGlkZGVuIGluIFdhcm0gQXNo
E	65WF7IaN7JeQ7IScIOyauOumsCDsooU=	VGhlIGJlbGwgdGhhdCByYW5nIGZyb20gdGhlIGVhcnRo
E	65ao7Ja07KeEIOyerCDrj4TrobHrh70=	RmFsbGVuLUFzaCBTYWxhbWFuZGVy
E	65287JuA7J2YIOq4uOydhCDsgrztgqg=	RGV2b3VyaW5nIFJhdW0ncyBSb2Fk
E	66eI66Cl7J2EIOuoueuKlCDslrTrkaA=	TWFnaWMtRGV2b3VyaW5nIERhcmtuZXNz
E	66mU7JWE66as66W8IOyrk+uKlCDqsoM=	Q2hhc2luZyBlY2hvZXM=
E	66qF67aA66i564qUIOuUseygleuyjOugiA==	Um9zdGVyLUVhdGluZyBCZWV0bGU=
E	66qo7ZeY64u0IO2ajOqzoCDsoJHquLA=	Q2xvc2UgYWR2ZW50dXJlIHRhbGVz
E	66qs7Iqk7YSwIOyghO2IrCDsp4Ttlok=	TW9uc3RlciBiYXR0bGUgaW4gcHJvZ3Jlc3M=
E	66yY7ZGcIOq3uOuKmOydhCDrj4TripQ=	Q2lyY2xpbmcgdGhlIEdyYXZlIE1hcmtlcidzIFNoYWRvdw==
E	66y87IaM66as66eMIOuUsOudvOyYpOuKlA==	Rm9sbG93aW5nIE9ubHkgdGhlIFNvdW5kIG9mIFdhdGVy
E	66y87IaNIOyWvOq1tOydhCDtm5TsuZw=	V2VhcmluZyBhIEZhY2UgU3RvbGVuIGZyb20gdGhlIFdhdGVy
E	67Cc7J6Q6rWt7JeQ7IScIO2VgCDqvYM=	Rmxvd2VyIHRoYXQgYmxvb21zIGZyb20gYSBmb290cHJpbnQ=
E	67Cc7J6Q6rWt7J20IOyVhOuLjCDquLg=	QSBwYXRoIG5vdCBtYXJrZWQgYnkgZm9vdHByaW50cw==
E	67Cp7YyoIOyekOq1reydhCDquIHripQ=	U2NyYXRjaGluZyBhdCBTaGllbGQgTWFya3M=
E	67Cp7Yyo7JeQIOuCqOydgCDsnbTrpoQ=	TmFtZXMgb24gdGhlIFNoaWVsZHM=
E	67Cx7JW86rCAIOyLnOyekeuQnCDtg5E=	VGhlIFRvd2VyIFdoZXJlIHRoZSBXaGl0ZSBOaWdodCBCZWdhbg==
E	67K97ZmUIOyVhOuemCDsm4XtgazrprA=	Q3JvdWNoZWQgQmVuZWF0aCB0aGUgTXVyYWw=
E	67OEIOyXhuuKlCDrgpjshKDqs4Tri6g=	U3BpcmFsIHN0YWlyY2FzZSB3aXRob3V0IHN0YXJz
E	67OE7J2EIOqwgOultOuKlCDshLHqsoA=	U3dvcmQgdGhhdCBwb2ludHMgdGhlIHN0YXJz
E	67O06riJ7ISg7J2EIOuBiuuKlCDsnpA=	U3VwcGx5LUxpbmUgQnJlYWtlcg==
E	67O07Zi466eJIO2LiOydmCDso7zsnbg=	TWFzdGVyIG9mIHRoZSBCYXJyaWVyJ3MgQnJlYWNo
E	67O17KCc65CY7KeAIOyViuuKlCDquLg=	QSBwYXRoIHRoYXQgY2Fubm90IGJlIGNvcGllZA==
E	67SE7J2YIOyekOumrOulvCDquIHripQ=	U2NyYXRjaGluZyBhdCBTcHJpbmcncyBQbGFjZQ==
E	67SJ7J24IOuDhOyDiOulvCDrp6HsnYA=	U25pZmZpbmcgT3V0IHRoZSBTZWFs
E	67SJ7J24IO2LiOyXkOyEnCDrgpjsmKg=	RW1lcmdpbmcgZnJvbSB0aGUgZ2FwIGluIHRoZSBzZWFs
E	67aA65+s7KeEIOywvSDrj4Trp4jrsYA=	QnJva2VuLVNwZWFyIExpemFyZA==
E	67aA7ISc7KeEIOycoOumrCDri6Trpqw=	U2hhdHRlcmVkIGdsYXNzIGJyaWRnZQ==
E	67aB67CpIOyCrOygiCDsgqzrg6Xqvrw=	Tm9ydGhlcm4tRW52b3kgSHVudGVy
E	67aB67CpIOyasO2OuOuCrSDsmZXspZA=	Tm9ydGhlcm4tTWFpbGJhZyBHaWFudCBSYXQ=
E	67aB67CpIOyngOuPhCDquYzrp4jqt4A=	Tm9ydGhlcm4tTWFwIENyb3c=
E	67aB7Kq9IOu5m+yXkCDsnbTrgYzrprA=	RHJhd24gYnkgdGhlIE5vcnRoZXJuIExpZ2h0
E	67aI7JSoIOyUqOyVl+ydhCDtkojsnYA=	Q2FycnlpbmcgYW4gRW1iZXIgU2VlZA==
E	67mE7JeQIOuTnOufrOuCnCDrrJjtkZw=	R3JhdmUgTWFya2VycyBCYXJlZCBieSBSYWlu
E	67mIIOqyqOyauOydmCDqt6Dsl7TsiJg=	UmlmdGJlYXN0IG9mIHRoZSBIb2xsb3cgV2ludGVy
E	67mIIOuzkeyYgeydmCDrqqjsp5HqtIA=	UmVjcnVpdGVyIG9mIHRoZSBFbXB0eSBCYXJyYWNrcw==
E	67mIIOybkOygleuMgOydmCDsnqXrtoA=	U2Nyb2xsIG9mIHRoZSBFbXB0eSBFeHBlZGl0aW9uYXJ5IEZvcmNl
E	67mb7J20IOunjOuToCDqsbDsp5PquLg=	RmFsc2UgcGF0aCBmb3JnZWQgYnkgbGlnaHQ=
E	7IKs64Ol7YSw66GcIOy2nOyglSDspJE=	U2FpbGluZyB0byB0aGUgaHVudGluZyBncm91bmRz
E	7IKs65287KeEIOusvOyGjSDslrzqtbQ=	RmFjZSB2YW5pc2hlZCBmcm9tIHRoZSB3YXRlcg==
E	7IKs65287KeEIOu0hOydmCDsp4Drj4Q=	TWFwIG9mIHRoZSBWYW5pc2hlZCBTcHJpbmc=
E	7IK07JWE7J6I64qU66y4IOyCtOy+oeydtA==	TGl2aW5nLURvb3IgV2lsZGNhdA==
E	7IOIIOuqqO2XmOqwgCDrp4zrk6TquLA=	Q3JlYXRlIGEgbmV3IGFkdmVudHVyZXI=
E	7IOI67K967mb7JeQIO2dkOugpOyngOuKlA==	RmFkaW5nIGluIHRoZSBEYXduIExpZ2h0
E	7IOI67K97J2EIOyCvO2CqCDtiKzsnqU=	UGl0IEZpZ2h0ZXIgV2hvIERldm91cmVkIHRoZSBEYXdu
E	7IOI67K97KKFIOyDgeyekCDsmZXspZA=	RGF3bi1CZWxsIENyYXRlIEdpYW50IFJhdA==
E	7IOI67K97KKF7JCQ6riwIOq5jOuniOq3gA==	RGF3bi1CZWxsLVdlZGdlIENyb3c=
E	7IOI67K97KKF7J2EIOyCvO2CqCDsnpA=	RGV2b3VyZXIgb2YgdGhlIERhd24gQmVsbA==
E	7ISc6rCAIOyCsO2YuOydmCDso7zsnbg=	TWFzdGVyIG9mIHRoZSBDb3JhbCBpbiB0aGUgU3RhY2tz
E	7ISc66as6riw7Ja0IOuUseygleuyjOugiA==	RnJvc3QtR2VhciBCZWV0bGU=
E	7ISx67K97J2YIOu5m+ydhCDrqLnripQ=	RGV2b3VyaW5nIHRoZSBXYWxsJ3MgTGlnaHQ=
E	7ISx7LGE66GcIO2Wpe2VnCDsnbTrpoQ=	QSBOYW1lIEJvdW5kIGZvciB0aGUgQ2l0YWRlbA==
E	7IS4IOqwiOuemCDsnbTrgbzqs6jroJg=	VGhyZWUtQnJhbmNoZWQgTW9zcyBHb2xlbQ==
E	7IS4IOusvOq4uOydhCDsmKTqsIDripQ=	Q3Jvc3NpbmcgdGhlIFRocmVlIFdhdGVyd2F5cw==
E	7IS4IOu2iOu5myDtlZjsnbTsl5Drgpg=	VGhyZWUtTGlnaHRzIEh5ZW5h
E	7IS4IOu2iOu5m+ydmCDqtZDrnoDsnpA=	RGlzcnVwdG9yIG9mIHRoZSBUaHJlZSBMaWdodHM=
E	7IS4IOyDiOuyveyiheyXkCDrqYjstpg=	U3RpbGxlZCBieSB0aGUgVGhyZWUgRGF3biBCZWxscw==
E	7IaM66as6rmM7KeAIOuwmOyCrO2VmOuKlA==	UmVmbGVjdGluZyBFdmVuIFNvdW5k
E	7Ieg7IKs7IqsIOq4uOydmCDtiKzsnqU=	UGl0IEZpZ2h0ZXIgb2YgdGhlIENoYWluIFJvYWQ=
E	7IiY66y4IOuwlOuLpeyXkCDrtpnsnYA=	Q2xpbmdpbmcgdG8gdGhlIFNsdWljZSBGbG9vcg==
E	7IiY7KCV7JCQ6riwIOuUseygleuyjOugiA==	Q3J5c3RhbC1TcGlrZSBCZWV0bGU=
E	7Iiy7J20IOqwgOumrO2CqCDqta3qsr0=	VGhlIGZvcmVzdCByZXZlYWxlZCB0aGUgYm9yZGVy
E	7Iqk7YKsIOyXsOy2nCDthYzsiqTtirg=	U2tpbGwgcGVyZm9ybWFuY2UgdGVzdA==
E	7Iug7Zi466W8IOyCvO2CpOuKlCDsnpA=	U2lnbmFsIERldm91cmVy
E	7JWE656Y66GcIO2Wpe2VnCDsp4Drj4Q=	TWFwIHBvaW50aW5nIGRvd253YXJk
E	7JWE656Y7JeQ7IScIOyYqCDrjIDri7U=	QW5zd2VyIGZyb20gYmVsb3c=
E	7JWI6rCcIOuNq+ydmCDtjIzsiJjqvrw=	V2FyZGVuIG9mIHRoZSBNaXN0IFRyYXA=
E	7JWI7Kq97J2EIO2Wpe2VnCDtmZTsgrQ=	QXJyb3cgYWltZWQgdG93YXJkIHRoZSBpbnNpZGU=
E	7JaR6rWw7J2YIOyerOulvCDrqLnsnYA=	RmVlZGluZyBvbiBCb3RoIEFybWllcycgQXNoZXM=
E	7Jet66WYIOuRpeyngOydmCDslrTrr7g=	TW90aGVyIG9mIHRoZSBCYWNrZmxvdyBOZXN0
E	7Je07Jes642fIOuyiOydmCDrjIDri7U=	QW5zd2VyZWQgZWlnaHRlZW4gdGltZXM=
E	7Jik656Y65CcIOyehOustCDrgpjrsKk=	T2xkLVRhc2sgTW90aA==
E	7JmE66OMIOyalOyVvSDtjrzsuZjquLA=	RXhwYW5kIGNvbXBsZXRpb24gc3VtbWFyeQ==
E	7Jq466a866ed7LmYIOuUseygleuyjOugiA==	UmVzb25hbmNlLUhhbW1lciBCZWV0bGU=
E	7Jyg66asIOuCmOustCDsgqzsnbTsnZg=	QW1vbmcgdGhlIEdsYXNzIFRyZWVz
E	7Jyg66asIOu/jOumrOulvCDqsJDsnYA=	RW50d2luZWQgd2l0aCBHbGFzcyBSb290cw==
E	7Jyg66asIOyIsiDqsIDsnqXsnpDrpqw=	R2xhc3MgRm9yZXN0IGVkZ2U=
E	7Jyg66asIOyLrOyepeydmCDsp4Tsi6Q=	VGhlIFRydXRoIG9mIHRoZSBHbGFzcyBIZWFydA==
E	7Jyg66asIOyejiDrlLHsoJXrsozroIg=	R2xhc3MtTGVhZiBCZWV0bGU=
E	7Jyg66as6rWwIOu2gO2ZnOyngO2cmOyekA==	Q29tbWFuZGVyIG9mIHRoZSBSZXN1cnJlY3RpbmcgR2xhc3MgQXJteQ==
E	7Jyg66as67+M66asIOuUseygleuyjOugiA==	R2xhc3MtUm9vdCBCZWV0bGU=
E	7Jyg7ZKIIOyCrOydtOyXkCDsiKjsnYA=	SGlkZGVuIEFtb25nIHRoZSBLZWVwc2FrZXM=
E	7J2A67mbIOuLqOy2lCDquYzrp4jqt4A=	U2lsdmVyLUJ1dHRvbiBDcm93
E	7J2A67mbIOuLqOy2lOulvCDrrLzsnYA=	Qml0aW5nIGEgU2lsdmVyIEJ1dHRvbg==
E	7J2A67mbIOuPmeyghOydmCDtnZTsoIE=	VHJhY2VzIG9mIHRoZSBTaWx2ZXIgQ29pbg==
E	7J2066aEIOyXhuuKlCDrqqjtl5jqsIA=	TmFtZWxlc3MgQWR2ZW50dXJlcg==
E	7J2066aE7J2EIOyDiOq4sOuKlCDrsKQ=	VGhlIE5pZ2h0IG9mIENhcnZpbmcgTmFtZXM=
E	7J2066aE7J2EIOyeg+ydgCDrjIDri7U=	VGhlIEFuc3dlciBUaGF0IExvc3QgSXRzIE5hbWU=
E	7J6J6rG4IOyCrOyekCDquYzrp4jqt4A=	RW1iZXItTGlvbiBDcm93
E	7J6K7Z6MIOydtOumhCDsgrTsvqHsnbQ=	Rm9yZ290dGVuLU5hbWUgV2lsZGNhdA==
E	7J6K7Z6MIOydtOumhOydhCDsnb3ripQ=	UmVhZGluZyBhIEZvcmdvdHRlbiBOYW1l
P	7J6U7JWhIHt7MX19Rw==	QmFsYW5jZSB7ezF9fUc=
E	7J6Y66awIOu0ieyduOydmCDso7zsnbg=	TWFzdGVyIG9mIHRoZSBTZXZlcmVkIFNlYWw=
E	7J6g6ri0IOusuOyepeydhCDtkojsnYA=	QmVhcmluZyBhIExvY2tlZCBTZW50ZW5jZQ==
E	7J6g6ri07J247J6lIOuUseygleuyjOugiA==	TG9ja2VkLVNlYWwgQmVldGxl
E	7J6g6ri07ZGc7IudIOuUseygleuyjOugiA==	TG9ja2VkLU1hcmsgQmVldGxl
E	7J6g65Ok7KeAIOyViuuKlCDshLHrsr0=	VGhlIFVuc2xlZXBpbmcgUmFtcGFydA==
E	7J6l67aA66W8IOuyoOuBvOuKlCDqsoM=	VGhlIFRoaW5nIFRoYXQgQ29waWVzIHRoZSBMZWRnZXI=
P	7J6l67mE66ClIHt7MX19	R2VhciBQb3dlciB7ezF9fQ==
E	7J6sIOqwkeyYtyDrlLHsoJXrsozroIg=	QXNoLUFybW9yIEJlZXRsZQ==
E	7J6sIOyGjeydmCDsooXsnbQg7IOI	QXNoLUJ1cmllZCBQYXBlciBCaXJk
E	7J6sIOybheuNqeydtCDrkZDqurzruYQ=	QXNoLVB1ZGRsZSBUb2Fk
E	7J6sIO2dlOyggSDtlZjsnbTsl5Drgpg=	QXNoLVRyYWNlIEh5ZW5h
E	7J6s6rCAIOuCtOumrOuKlCDsmrDrrLw=	VGhlIEFzaGZhbGwgV2VsbA==
E	7J6s6r2D67Ct7J2YIOqwgOyLnOyngOq4sA==	VGhvcm5rZWVwZXIgb2YgdGhlIEFzaC1CbG9zc29tIEZpZWxk
E	7J6s6r2D7JSo7JWXIOuUseygleuyjOugiA==	QXNoLUJsb3Nzb20tU2VlZCBCZWV0bGU=
E	7J6s6r2D7J2EIOyngO2CpOuKlCDqsoM=	R3VhcmRpYW4gb2YgdGhlIEFzaCBCbG9zc29t
E	7J6s7JmAIOycoOumrOydmCDrgpjshKA=	QXNoIGFuZCBnbGFzcyBzcGlyYWw=
E	7J6s7Jqw66y87J2YIOu/jOumrOyWtOuvuA==	Um9vdG1vdGhlciBvZiB0aGUgQXNoIFdlbGw=
E	7KCE66C57J2YIO2UvOulvCDsq5PripQ=	VHJhY2tpbmcgdGhlIE1lc3NlbmdlcidzIEJsb29k
E	7KCE7LK0IOyInOychCDrr7jsp5Hqs4Q=	Tm8gb3ZlcmFsbCByYW5raW5nIGNvbXBpbGVk
P	7KCE7Yis66ClIHt7MX19	UG93ZXIge3sxfX0=
E	7KCV7JikIOywveyXkCDrp6Tri6zrprA=	SGFuZ2luZyBmcm9tIHRoZSBOb29uIFdpbmRvdw==
E	7KCV7JuQ7IiY66GcIOydtOuBvOqzqOugmA==	R2FyZGVuLVdhdGVyd2F5IE1vc3MgR29sZW0=
E	7KCV7JuQ7KeA6riw7J2YIOuRkCDshpA=	VGhlIEdhcmRlbmVyJ3MgVHdvIEhhbmRz
E	7KKF7IaM66as6rCAIOyXrOuKlCDquLg=	UGF0aCBvcGVuZWQgYnkgdGhlIGJlbGwncyByaW5n
E	7KKF7IaM66as6ri4IO2VmOydtOyXkOuCmA==	QmVsbC1Tb3VuZCBQYXRoIEh5ZW5h
E	7KSR7IusIOuwleuPmeydmCDqsbDsnbg=	R2lhbnQgb2YgdGhlIENvcmUgUHVsc2U=
E	7KeA64KcIOuqqO2XmOuLtCDsoJHquLA=	U2tpcCBwYXN0IHByZXZpb3VzIGFkdmVudHVyZSB0YWxlcw==
E	7KeA64+EIOuwluydmCDrtoHrsKnquLg=	Tm9ydGhlcm4gUm9hZCBCZXlvbmQgdGhlIE1hcA==
E	7KeA7JuM7KeEIOydtOumhCDsl6zsmrA=	RXJhc2VkLU5hbWUgRm94
E	7KeA7ZWY6rGw7Jq47J2YIO2MjOq0tOyekA==	RGVzdHJveWVyIG9mIHRoZSBVbmRlcmdyb3VuZCBNaXJyb3I=
E	7KeA7ZyY6rSAIOyGkOuqqeuztO2YuOuMgA==	Q29tbWFuZGVyJ3MgV3Jpc3RndWFyZHM=
E	7LC966y4IOyWvOq1tCDsgqzrg6Xqvrw=	V2luZG93LUZhY2UgSHVudGVy
E	7LKg7IiYIOuqheuguSDquYzrp4jqt4A=	V2l0aGRyYXdhbC1PcmRlciBDcm93
E	7LKrIOqzhOuLqOyXkCDsm4XtgazrprA=	Q3JvdWNoZWQgb24gdGhlIEZpcnN0IFN0ZXA=
E	7LKrIOuqqO2XmOqwgCDrp4zrk6TquLA=	Q3JlYXRlIHlvdXIgZmlyc3QgYWR2ZW50dXJlcg==
E	7LKt64+Z7Y+t7ZKN7J2YIO2DgOqyqeyekA==	U3RyaWtlciBvZiB0aGUgQnJvbnplIFN0b3Jt
E	7YOA7J207YuA66GcIOuPjOyVhOqwgOq4sA==	QmFjayB0byB0aXRsZQ==
E	7Yis66qFIOyYpeydmCDqsJDsi5zsnpA=	V2F0Y2hlciBvZiB0aGUgVHJhbnNwYXJlbnQgT3Ji
E	7YuA66as7KeAIOyViuuKlCDri4jslYQ=	TmV2ZXIgV3JvbmcgTmlh
E	7ZG466W4IOuPjCDrlLHsoJXrsozroIg=	Qmx1ZS1TdG9uZSBCZWV0bGU=
E	7ZG466W4IO2MjOusuOyXkCDquYPrk6A=	RHdlbGxpbmcgaW4gQmx1ZSBSaXBwbGVz
E	7ZS864Kc66Gc66W8IOqwgOuhnOunieuKlA==	QmxvY2tpbmcgdGhlIEV2YWN1YXRpb24gUm91dGU=
E	7ZWcIOuyiCDsmrjrprAg7Z2U7KCB	VHJhY2Ugb2YgYSBTaW5nbGUgVG9sbA==
E	7ZWp66WYIOyLnOqwgeydhCDqsJDstpg=	Q29uY2VhbGluZyB0aGUgUmVuZGV6dm91cyBUaW1l
E	7ZqM7KCE7ZWY64qUIOuyveydhCDtg4Q=	UmlkaW5nIHRoZSBSb3RhdGluZyBXYWxs
E	Q0hBIMK3IOunpOugpQ==	Q0hBIMK3IENoYXJpc21h
E	Q09OIMK3IOyytOugpQ==	Q09OIMK3IENvbnN0aXR1dGlvbg==
E	REVYIMK3IOuvvOyyqQ==	REVYIMK3IERleHRlcml0eQ==
E	SU5UIMK3IOyngOuKpQ==	SU5UIMK3IEludGVsbGlnZW5jZQ==
E	V0lTIMK3IOyngO2YnA==	V0lTIMK3IFdpc2RvbQ==
P	e3sxfX0g6riw7KSA	QmFzZWQgb24ge3sxfX0=
P	e3sxfX0g66+46raB	e3sxfX0gTGFieXJpbnRo
P	e3sxfX0g67Cc6rKs	e3sxfX0gU3BvdHRlZA==
P	e3sxfX0g7ZGc67O4	e3sxfX0gU3BlY2ltZW4=
P	e3sxfX0g7ZW06riI	e3sxfX0gVW5sb2Nr
P	e3sxfX3snIQg67CW	e3sxfX0gQmV5b25k
P	e3sxfX3snIQsIA==	UmFuayB7ezF9fSwg
P	e3sxfX3tjbzshLztirg=	e3sxfX0gcGVyY2VudA==
E	6rCA7Kec6rG47J2MIOq5jOuniOq3gA==	RmFsc2UtRm9vdHN0ZXAgQ3Jvdw==
E	6rCA7Kec7IOB7LKYIOuPhOuniOuxgA==	RmFrZS1TY2FyIExpemFyZA==
E	6rCQ7Jil67mbIOuUseygleuyjOugiA==	UHJpc29uLUxpZ2h0IEJlZXRsZQ==
E	6rCZ7J2AIOyerOydmCDtnZTsoIE=	U2FtZSBBc2hlbiBUcmFjZQ==
E	6rCc7J247KCV67O07LKY66as67Cp7Lmo	UHJpdmFjeSBQb2xpY3k=
E	6rGw7Jq47Jqw66y8IOuPhOuhseuHvQ==	TWlycm9yLVdlbGwgU2FsYW1hbmRlcg==
E	6rGw7KCQ7J2EIOuFuOumsCDqsoM=	VGFyZ2V0aW5nIHRoZSBTdHJvbmdob2xk
E	6rKA7J2AIOudoCDrj4TrobHrh70=	QmxhY2sgQmVsdCBTYWxhbWFuZGVy
E	6rKA7J2AIOyihSDtmLjshqHsnpA=	RXNjb3J0IG9mIHRoZSBCbGFjayBCZWxs
E	6rKA7J2AIOyiheydmCDtlonroKw=	UHJvY2Vzc2lvbiBvZiBCbGFjayBCZWxscw==
E	6rKA7J2A7J6l66+4IOyCtOy+oeydtA==	QmxhY2sgUm9zZSBXaWxkY2F0
E	6rKo7Jq467+M66asIOuPhOuniOuxgA==	V2ludGVycm9vdCBMaXphcmQ=
E	6rOE64uoIOyCrOydtOydmCDqsoM=	U29tZXRoaW5nIEJldHdlZW4gU3RhaXJz
E	6rOE7KCI66i57J20IOyCtOy+oeydtA==	U2Vhc29uYWwgUHJleSBXaWxkY2F0
E	6rO164+Z7KCV7LCwIOq5jOuniOq3gA==	Sm9pbnQtU2NvdXQgQ3Jvdw==
E	6rO86rGw6rG47J2MIOuqqOyCrOyekA==	UGFzdC1Gb290c3RlcCBNaW1pYw==
E	6rWs66mNIOyXhuuKlCDsl7Tsh6A=	S2V5IHdpdGggbm8gaG9sZQ==
E	6rWt6rK9IOuEiOuouCDsl6zsmrA=	QmV5b25kLXRoZS1Cb3JkZXIgRm94
E	6reA7ZmY66Gc7JeQIOybhe2BrOumsA==	Q3JvdWNoZWQgb24gdGhlIFJldHVybiBSb3V0ZQ==
E	6reA7ZmY7J6l7LmYIOuPhOuhseuHvQ==	UmV0dXJuIERldmljZSBTYWxhbWFuZGVy
E	6reA7ZmY7KKFIOuUseygleuyjOugiA==	UmV0dXJuIEJlbGwgQmVldGxl
E	6reA7ZmY7KKF7J2EIOuUsOudvOyYqA==	Q29tcGFuaW9uIGZvbGxvd2luZyB0aGUgUmV0dXJuIEJlbGw=
E	6reg7ZiV7LaUIOuUseygleuyjOugiA==	Q291bnRlcndlaWdodCBCZWV0bGU=
E	6re466a87J6QIO2VmOydtOyXkOuCmA==	U2hhZG93IEh5ZW5h
E	6re466a87J6Q67O064ukIOuKpuydgA==	TGFnZ2luZyBCZWhpbmQgdGhlIFNoYWRvdw==
E	6riw66Gd64GIIOuUseygleuyjOugiA==	UmVjb3JkLVR3aW5lIEJlZXRsZQ==
E	6riw66Gd7J2EIOuoueuKlCDqsoM=	VGhpbmcgdGhhdCBlYXRzIHJlY29yZHM=
E	6riw7Ja1IOuTseu2iCDrgpjrsKk=	TWVtb3J5IExhbnRlcm4gTW90aA==
E	6riw7Ja1IOyWvOq1tOydhCDsk7Q=	V2VhcmluZyBhIEZhY2UgZnJvbSBNZW1vcnk=
E	6riw7Ja164+E65GRIOq5jOuniOq3gA==	TWVtb3J5IFRoaWVmIENyb3c=
E	6riw7JmAIOyVhOuemCDsiKjsnYA=	SGlkZGVuIEJlbmVhdGggdGhlIFJvb2YgVGlsZXM=
E	6ri47J2EIOuoueuKlCDsgqzsirQ=	UGF0aC1FYXRpbmcgRGVlcg==
E	6rmK7J207ZGc7IudIOuPhOuniOuxgA==	RGVwdGggTWFya2VyIExpemFyZA==
E	6rmo7KeA64qUIOyIsuydmCDrsKQ=	VGhlIE5pZ2h0IHRoZSBGb3Jlc3QgU2hhdHRlcmVk
E	6rq87KeEIO2VmOuKmCDrsJXspZA=	RXh0aW5ndWlzaGVkIFNreSBCYXQ=
E	64GK6ri0IOqzhOuLqCDrgZ3snZg=	QXQgdGhlIEVuZCBvZiB0aGUgQnJva2VuIFN0YWly
E	64GK6ri0IOyDiOydmCDsmrjsnYw=	VGhlIFNpbGVuY2VkIEJpcmRzb25n
E	64Gd7JeG64qU64Kc6rCEIOyXrOyasA==	RW5kbGVzcyBSYWlsaW5nIEZveA==
E	64KY66y07Ius7J6lIOuRkOuNlOyngA==	V29vZCBIZWFydCBNb2xl
E	64KY7ISg7J2EIOuoueuKlCDqsoM=	VGhpbmcgdGhhdCBlYXRzIGEgc3BpcmFs
E	64KY7ISg7J2EIOuoueuKlCDsnpA=	U3BpcmFsIERldm91cmVy
E	64KY7J207YWMIOyGjSDsnbTrpoQ=	TmFtZXMgV2l0aGluIHRoZSBUcmVlIFJpbmdz
E	64Kv7ISgIOyVvOyYgSDsl6zsmrA=	VW5mYW1pbGlhci1DYW1wIEZveA==
E	64Kv7ISgIOyepe2ZlCDqsbDrr7g=	U3RyYW5nZXIgQm9vdCBTcGlkZXI=
E	64SkIOuyiOynuCDrqZTslYTrpqw=	Rm91cnRoIEVjaG8=
E	64W57IqoIOyImOusuCDqsbDrtoE=	UnVzdGVkIFNsdWljZSBUdXJ0bGU=
E	64uI7JWE7J2YIOu5iCDsp4Drj4Q=	TmlhJ3MgYmxhbmsgbWFw
E	64uk7ISvIOqwnOydmCDrp6Trk60=	Rml2ZSBrbm90cw==
E	64uk7IucIOy8nOynhCDrtojruZs=	VGhlIGxpZ2h0IHRoYXQgcmVpZ25pdGVz
E	64ur7Z6I7KeAIOyViuuKlCDrrLg=	QSBkb29yIHRoYXQgd29uJ3QgY2xvc2U=
E	64yA64u1IOyXhuuKlCDqsbDrpqw=	VGhlIFVuYW5zd2VyaW5nIFN0cmVldHM=
E	642r7JeQIOustuyduCDsp5Dsirk=	QmVhc3QgYm91bmQgaW4gYSB0cmFw
E	64+F7JWI6rCcIOunjO2LsOy9lOyWtA==	VmVub20tTWlzdCBNYW50aWNvcmU=
E	64+M6rOE64uoIOuUseygleuyjOugiA==	U3RvbmUgU3RhaXJjYXNlIEJlZXRsZQ==
E	64+M7JWE7Jik64qUIOuwnOyekOq1rQ==	UmV0dXJuaW5nIGZvb3RzdGVwcw==
E	64+M7JWE7Jik64qUIOyYpOyGlOq4uA==	VGhlIFRyYWlsIFRoYXQgTG9vcHMgQmFjaw==
E	65CY7ZKA7J2065CY64qUIOuPmeydmA==	UmVwZWF0ZWQgQ29uc2VudA==
E	65GQIOuyiOynuCDsg4jrsr3sooU=	U2Vjb25kIERhd24gQmVsbA==
E	65GQIOyngOyXreydmCDsspzrp4k=	VGVudHMgYmV0d2VlbiB0d28gcmVnaW9ucw==
E	65Ox67aI7J2EIOuBhOuKlCDsnpA=	TGlnaHQgRXh0aW5ndWlzaGVy
P	66CI67KoIHt7MX19	TGV2ZWwge3sxfX0=
E	66as67iM7J2YIOqwkOyYpeyngOq4sA==	TGl2J3MgSmFpbGVy
E	66eI66W07KeAIOyViuuKlCDrj4w=	VGhlIFN0b25lIFRoYXQgTmV2ZXIgRHJpZXM=
E	66eI7J2E66GcIOq3gO2ZmCDspJE=	UmV0dXJuaW5nIHRvIHRoZSB2aWxsYWdl
E	66eI7KeA66eJIOygleybkOyngOq4sA==	TGFzdCBnYXJkZW4gZ3VhcmRpYW4=
E	66i87KeA66W8IOuSpOynkeyWtOyTtA==	VHVybmVkIHRoZSBkdXN0IHVwc2lkZSBkb3du
E	66mU7JWE66as7JeQIOq5qOyWtOuCnA==	V29rZSB1cCB0byBhbiBlY2hv
E	66qo65GQ7J2YIOydtOumhOycvOuhnA==	SW4gRXZlcnlvbmUncyBOYW1l
E	66y066qF7IiY7Zi464yAIOuwleylkA==	TmFtZWxlc3MgR3VhcmQgQmF0
E	66y4IOyXhuuKlCDsgrTsvqHsnbQ=	RG9vcmxlc3MgV2lsZGNhdA==
E	66y4IOyXhuuKlCDsmIjrsLDri7k=	Q2hhcGVsIFdpdGhvdXQgYSBEb29y
E	66y47YuIIOyXhuuKlCDqsbDrr7g=	R2FwbGVzcyBTcGlkZXI=
E	66y87IaN7Y647KeAIOuPhOuhseuHvQ==	VW5kZXJ3YXRlciBMZXR0ZXIgU2FsYW1hbmRlcg==
E	67CU7YC07J6Q6rWt7JeQIOyIqOydgA==	SGlkZGVuIGluIHRoZSBXaGVlbCBUcmFja3M=
E	67CY7IKs66qp7IaM66asIOuwleylkA==	RWNobyBWb2ljZSBCYXQ=
E	67CY7IKs7Lm8IOuUseygleuyjOugiA==	UmVmbGVjdGluZyBCbGFkZSBCZWV0bGU=
E	67Cc7J6Q6rWt66qo7IKsIOuTpOylkA==	Rm9vdHByaW50LU1pbWljIE1vdXNl
E	67Cc7J6Q6rWt7J2EIOyngOyasOuKlA==	RXJhc2luZyBGb290cHJpbnRz
E	67Ck7J2YIOygkOqygCDtmozri7Q=	TmlnaHQgd2F0Y2ggbWVldGluZw==
P	67KE7KCEIHt7MX19	VmVyc2lvbiB7ezF9fQ==
E	67OE7J20IOuCqOq4tCDsp4jrrLg=	QSBxdWVzdGlvbiBsZWZ0IGJ5IHRoZSBzdGFycw==
E	67OE7LKgIOyEsey2lCDqsJXtg4A=	U3RhciBzZWFzb24sIGNhcGl0YWwgc3RyaWtl
E	67O06riJ7IiY66CIIOyVve2DiOyekA==	U3VwcGx5LUNhcnQgUmFpZGVy
E	67O06riJ7ZKIIOuUseygleuyjOugiA==	U3VwcGx5IEJlZXRsZQ==
E	67SEIOyngOuPhCDsoIjri6jsnpA=	U3ByaW5nLU1hcCBDdXR0ZXI=
E	67SJ7J246rOE64uoIOuRkOq6vOu5hA==	U2VhbGVkLVN0YWlyIFRvYWQ=
E	67SJ7J2466y4IOuUseygleuyjOugiA==	U2VhbGVkLUdhdGUgQmVldGxl
E	67SJ7J247Je07IegIOuPhOuniOuxgA==	U2VhbC1LZXkgTGl6YXJk
E	67SJ7J247J2EIOuCnOuPhOyniO2VnA==	UmVuZGluZyB0aGUgU2VhbA==
E	67SJ7J247J2EIOuoueuKlCDsnpA=	U2VhbCBEZXZvdXJlcg==
E	67aB7Kq9IOu5m+ydhCDsoofripQ=	Rm9sbG93aW5nIHRoZSBOb3J0aGVybiBMaWdodA==
E	67aI67mb7J2EIOuoueuKlCDqsoM=	RGV2b3VyaW5nIGxpZ2h0
E	67mIIOqyqOyauOydmCDtnZTsoIE=	VHJhY2VzIG9mIEhvbGxvdyBXaW50ZXI=
E	67mIIOynhOyngOyXkCDrgqjsnYA=	TGVmdCBpbiB0aGUgQWJhbmRvbmVkIENhbXA=
E	67mIIO2VmOuKmOydhCDrk7Hsp4Q=	V2l0aCBJdHMgQmFjayB0byB0aGUgRW1wdHkgU2t5
E	67mIIO2VmOuKmOydmCDsi5zshKA=	R2F6ZSBvZiB0aGUgRW1wdHkgU2t5
E	67mI7ZWY64qYIOuUseygleuyjOugiA==	RW1wdHktU2t5IEJlZXRsZQ==
E	67mb7J2EIOuouOq4iOydgCDsno4=	QSBsZWFmIGhvbGRpbmcgbGlnaHQ=
E	67mb7ZGc7IudIOuUseygleuyjOugiA==	TGlnaHQtTWFyayBCZWV0bGU=
E	67+M66asIO2LiOydmCDrkaXsp4A=	TmVzdCBpbiB0aGUgZ2FwIGJldHdlZW4gcm9vdHM=
E	67+M66as7KeA6riwIOyCtOy+oeydtA==	Um9vdC1XYXJkZW4gV2lsZGNhdA==
E	7IK07JWE64Ko7J2AIOuqqeyGjOumrA==	QSB2b2ljZSB0aGF0IHN1cnZpdmVk
E	7IOB7LKYIOyeheydgCDsoITroLk=	QSBtZXNzZW5nZXIgd2l0aCB3b3VuZHM=
E	7IOIIOyauOydjOydhCDrgYrsnYA=	U2lsZW5jaW5nIHRoZSBCaXJkc29uZw==
E	7IOI67K97J2EIOyCvO2CqCDsmZU=	VGhlIEtpbmcgV2hvIERldm91cmVkIERhd24=
E	7IOI67K97KKF7J2EIO2UvO2VmOuKlA==	RmxlZWluZyB0aGUgZGF3biBiZWxs
E	7ISc66y47J2EIOuTpOydtOuwm+uKlA==	Q2hhcmdpbmcgdGhlIFdlc3QgR2F0ZQ==
E	7ISc7JW9IOyGkOuqqeuztO2YuOuMgA==	T2F0aCBXcmlzdGd1YXJkcw==
E	7ISx66y4IOuwluydmCDtj6ztmqg=	VGhlIGhvd2wgb3V0c2lkZSB0aGUgY2l0eSBnYXRl
E	7ISx67K9IOyViOyXkCDsiKjsnYA=	SGlkZGVuIFdpdGhpbiB0aGUgV2FsbHM=
E	7ISx7LGE7JeQ7IScIOuCtOugpOyYqA==	RGVzY2VuZGVkIGZyb20gdGhlIENpdGFkZWw=
E	7IS4IOqwnOydmCDsg4jrsr3sooU=	VGhyZWUgZGF3biBiZWxscw==
E	7IS4IOu2iOu5m+ydmCDso7zsnbg=	TWFzdGVyIG9mIHRoZSBUaHJlZSBMaWdodHM=
E	7IS4IOyiheydmCDsnqDquIjsiJg=	TG9ja2tlZXBlciBvZiB0aGUgVGhyZWUgQmVsbHM=
E	7IS46rSAIOyVhOuemOydmCDquLg=	UGF0aCBCZW5lYXRoIHRoZSBDdXN0b21zIEhvdXNl
E	7IS465287J2Y7Z2U7KCBIOuCmOuwqQ==	U2VyYSdzIFRyYWNlIE1vdGg=
E	7IaM66as66W8IOyCvO2CqCDrsKk=	Um9vbSB0aGF0IFN3YWxsb3dzIFNvdW5k
E	7IaM7KeEIOyVjOumvCDqurzsp5A=	RGVwbGV0aW9uIGFsZXJ0cyBhcmUgb2Zm
E	7IiY7Zi47J6Q7J2YIOyLoO2YuOusuA==	R3VhcmRpYW4ncyBTaWduYWwgR2F0ZQ==
E	7Iud7KeAIOyViuuKlCDsi53tg4E=	VGFibGUgVGhhdCBOZXZlciBHb2VzIENvbGQ=
E	7Iug7Zi467aIIOuUseygleuyjOugiA==	U2lnbmFsLUZsYW1lIEJlZXRsZQ==
E	7Ius7J6l7YyM7Y64IOyCtOy+oeydtA==	SGVhcnQgRnJhZ21lbnQgV2lsZGNhdA==
E	7JSo7JWX7KeA7Yyh7J20IOuCmOuwqQ==	U2VlZC1TdGFmZiBNb3Ro
E	7JWE656Y7JeQ7IScIOucrCDrs4Q=	VGhlIFN0YXIgVGhhdCBSb3NlIGZyb20gQmVsb3c=
E	7JWE7IWA7J2YIOq4sOyWteyepeq1sA==	QXNlbCdzIE1lbW9yeSBHZW5lcmFs
E	7JWe7IScIOqwhCDrsJzsnpDqta0=	Rm9vdHByaW50cyBBaGVhZA==
E	7Ja87Ja067aZ7J2AIOyasO2OuOuCrQ==	RnJvemVuIE1haWxiYWc=
E	7Ja87J2M7J6J7YGsIOuPhOuniOuxgA==	SWNlLWluayBMaXphcmQ=
E	7Jes7KCV7J2EIOqxt+uKlCDsnpA=	V2F5ZmFyZXI=
E	7Jew66OM6rCAIOuQnCDsnbTrpoQ=	TmFtZSBUdXJuZWQgaW50byBGdWVs
E	7Je0IOuyiOynuCDrrLjsp4DquLA=	VGVudGggR2F0ZWtlZXBlcg==
E	7Je07IS4IOuyiOynuCDrrJjtkZw=	VGhlIFRoaXJ0ZWVudGggR3JhdmUgTWFya2Vy
E	7Je07Jes642f7Jq466a8IOuwleylkA==	RWlnaHRlZW50aC1FY2hvIEJhdA==
E	7JmE66OMIOyalOyVvSDsoJHquLA=	U3VtbWFyeSBDb21wbGV0ZTogQ29sbGFwc2U=
E	7JmV7KKM7JeQIOuLv+ydgCDsnpA=	T25lIFdobyBSZWFjaGVkIHRoZSBUaHJvbmU=
E	7Jqw66y8IOyerOulvCDrqLnsnYA=	RmVlZGluZyBvbiBXZWxsIEFzaA==
E	7Jq466a87YuIIOuUseygleuyjOugiA==	RWNoby1nYXAgQmVldGxl
E	7JuQ7KCV6riw66GdIOyCtOy+oeydtA==	Sm91cm5leSBSZWNvcmQgV2lsZGNhdA==
E	7JyE66GcIO2dkOultOuKlCDrrLw=	V2F0ZXIgRmxvd2luZyBVcHdhcmQ=
E	7Jyg66asIOyGjeydmCDsmIHsm4U=	SGVybyBvZiB0aGUgR2xhc3M=
E	7Jyg66asIOyIsuydmCDrsLHslbw=	V2hpdGUgTmlnaHQgb2YgdGhlIEdsYXNzIEZvcmVzdA==
E	7Jyg66asIOyejuydhCDrrLzsnYA=	Qml0aW5nIGEgR2xhc3MgTGVhZg==
E	7Jyg66asIOyejuydmCDslb3sho0=	UHJvbWlzZSBvZiB0aGUgR2xhc3MgTGVhZg==
E	7Jyg66as6rOE6rOhIOuPhOuniOuxgA==	R2xhc3MtVmFsbGV5IExpemFyZA==
E	7Jyg66as66y866CIIOqwkOuPheyekA==	R2xhc3MtV2hlZWwgT3ZlcnNlZXI=
E	7Jyg66as67+M66asIOuPhOuniOuxgA==	R2xhc3MtUm9vdCBMaXphcmQ=
E	7Jyg66as67+M66asIOyCtOy+oeydtA==	R2xhc3MgUm9vdCBXaWxkY2F0
E	7Jyg66as7Je07IegIOq5jOuniOq3gA==	R2xhc3MtS2V5IENyb3c=
E	7J2066aEIOyXhuuKlCDqtbDtjKg=	TmFtZWxlc3MgTWlsaXRhcnkgVGFn
E	7J2066aEIOyXhuuKlCDsnZjrorA=	TmFtZWxlc3MgTWlzc2lvbg==
E	7J2066aEIOyXhuuKlCDsnqXrtoA=	TmFtZWxlc3MgTGVkZ2Vy
E	7J2066aE7JSo7JWXIOq5jOuniOq3gA==	TmFtZS1TZWVkIENyb3c=
E	7J247J6l7J2EIOusvOyWtOucr+ydgA==	R25hd2luZyBhdCB0aGUgU2VhbA==
E	7J6J7YGsIOusvOqysOydhCDtg4Q=	UmlkaW5nIHRoZSBJbmsgQ3VycmVudA==
E	7J6K7Z6MIOydtOumhOydmCDsmZU=	S2luZyBvZiBGb3Jnb3R0ZW4gTmFtZXM=
E	7J6Q6rWt7J2EIOyCvO2CqCDrj4w=	VGhlIFN0b25lIFRoYXQgU3dhbGxvd2VkIHRoZSBUcmFja3M=
E	7J6Q64+ZIOq1rOunpCDsmIjsoJU=	QXV0by1QdXJjaGFzZSBTY2hlZHVsZWQ=
E	7J6Q64+ZIOyepeywqSDsmYTro4w=	QXV0by1FcXVpcCBDb21wbGV0ZQ==
E	7J6Q66y87IegIOuUseygleuyjOugiA==	UGFkbG9jayBCZWV0bGU=
E	7J6Y66CkIOuCmOqwhCDqs4TsoIg=	U2Vhc29ucyBDdXQgQXBhcnQ=
E	7J6l66GAIOyImOugiCDrk6TspZA=	RnVuZXJhbCBDYXJ0IE1vdXNl
E	7J6sIOqwkeyYt+ydhCDrkZDrpbg=	Q2xhZCBpbiBBc2ggQXJtb3I=
E	7J6sIOyZleydmCDsgqzrg6XqsJw=	QXNoIEtpbmcncyBIb3VuZA==
E	7J6sIOyngOuPhOyXkCDrgqjsnYA=	TWFya2VkIG9uIHRoZSBBc2ggTWFw
E	7J6sIO2MjOuPhCDrj4TrobHrh70=	QXNoIFdhdmUgU2FsYW1hbmRlcg==
E	7J6s6rCAIO2UvOuKlCDsoJXsm5A=	R2FyZGVuIHdoZXJlIGFzaCBibG9vbXM=
E	7J6s6rCA66Oo66W8IO2dmOumrOuKlA==	U3Bld2luZyBhc2ggZHVzdA==
E	7J6s6rGw7ZKIIOq4sOyDneuyjOugiA==	QXNoIEJ1YmJsZSBQYXJhc2l0ZQ==
E	7J6s66GcIOq3uOumsCDsp4Drj4Q=	TWFwIGRyYXduIGluIGFzaA==
E	7J6s7J2YIOyZlSDsuZzsnITrjIA=	QXNoIEtpbmcncyBSb3lhbCBHdWFyZA==
E	7J6s7Y+t7ZKNIOyKpO2BrOumrOy7pA==	QXNoIFN0b3JtIFNocmlla2Vy
E	7KCB7J2YIOq5g+uwnCDslYTrnpg=	QmVuZWF0aCB0aGUgRW5lbXkncyBCYW5uZXI=
E	7KCE66as7ZKIIO2MkOunpCDspJE=	TG9vdCBmb3Igc2FsZQ==
P	7KCE7LK0IHt7MX19	QWxsIHt7MX19
E	7KCV7Iuc7J2YIOyyqyDrtojruZs=	VGhlIEZpcnN0IExpZ2h0IG9uIFRpbWU=
E	7KCV7JuQ7KeA6riw7J2YIOyyq+uCoA==	VGhlIGZpcnN0IGRheSBvZiB0aGUgZ2FyZGVuIGtlZXBlcg==
P	7KCce3sxfX3qtazsl60=	U2VjdG9yIHt7MX19
E	7KGw7J6RIOusuOyEnCDrgpjrsKk=	Rm9yZ2VkLURvY3VtZW50IE1vdGg=
E	7KKFIOyImOugiCDquYzrp4jqt4A=	QmVsbCBDYXJ0IENyb3c=
E	7KKFIOyXhuuKlCDso7zsobDsnqU=	VGhlIEJlbGwtTGVzcyBGb3VuZHJ5
E	7KKF7IaM66as7JeQIOydtOuBjOumsA==	RHJhd24gYnkgdGhlIGJlbGwncyBzb3VuZA==
E	7KKF7JeG64qU67Cn7KSEIOyXrOyasA==	QmVsbGxlc3MgUm9wZSBGb3g=
E	7KKF7J20IOyDiOulvCDsoofripQ=	Q2hhc2luZyB0aGUgUGFwZXIgQmlyZA==
E	7KKF7ZiAIOyCvO2CpOuKlCDsnpA=	Q2xhcHBlciBEZXZvdXJlcg==
E	7KKF7ZiA6rCAIOyXrOuKlCDquLg=	UGF0aCBPcGVuZWQgYnkgdGhlIENsYXBwZXI=
E	7KKM7ZGc7Iuk7J2EIOuWoOuPhOuKlA==	V2FuZGVyaW5nIHRoZSBDb29yZGluYXRlIENoYW1iZXI=
E	7KO867OA7J2EIO2DkOyDiSDspJE=	RXhwbG9yaW5nIHRoZSBzdXJyb3VuZGluZ3M=
E	7KO97J2AIOyekOydmCDrqoXroLk=	T3JkZXIgb2YgdGhlIERlYWQ=
E	7KO97J2AIOyekOydmCDsoITroLk=	TWVzc2VuZ2VyIG9mIHRoZSBEZWFk
E	7KSR7Ius67CV64+ZIOuRkOuNlOyngA==	Q2VudHJhbCBQdWxzZSBNb2xl
E	7KeA64+E66i87KeAIOq5jOuniOq3gA==	TWFwLWR1c3QgQ3Jvdw==
E	7KeA64+E7JeQ7IScIOyngOybjOynhA==	RXJhc2VkIGZyb20gdGhlIE1hcA==
E	7KeA7JuM7KeE7Li1IOuPhOuniOuxgA==	RXJhc2VkLUxheWVyIExpemFyZA==
E	7KeA7Lyc7JW8IO2VoCDqsr3qs4Q=	Qm91bmRhcnkgVGhhdCBNdXN0IEJlIFdhdGNoZWQ=
E	7KeA7ZWY7Jq067CY66GcIOuwleylkA==	VW5kZXJncm91bmQgQ29udmV5YW5jZSBCYXQ=
E	7KeQ7IiY66CI66W8IO2cmOqwkOydgA==	Q29pbGVkIEFyb3VuZCBhIENhcmdvIENhcnQ=
E	7LC966y4IOyViOydmCDslrzqtbQ=	RmFjZSBJbnNpZGUgdGhlIFdpbmRvdw==
E	7LKc7J6l7IiY7KCVIOyCtOy+oeydtA==	Q2VpbGluZyBDcnlzdGFsIFdpbGRjYXQ=
E	7LKrIOuyiOynuCDsg4jrsr3sooU=	Rmlyc3QgRGF3biBCZWxs
E	7LKrIOyjvOusuOydmCDrtojqvYM=	Rmlyc3QgU3BlbGwncyBGbGFtZQ==
E	7LKt64+Z66i87KeAIOyCtOy+oeydtA==	QnJvbnplIER1c3QgV2lsZGNhdA==
E	7LWc6rOgIOyZhOyjvCDquYrsnbQ=	RGVlcGVzdCBjbGVhcg==
E	7Lac7KCV66qF67aAIOyCtOy+oeydtA==	U29ydGllLVJvc3RlciBXaWxkY2F0
E	7Lap64+M7ZWY64qUIOyiheyGjOumrA==	Q2xhc2hpbmcgQ2hpbWVz
E	7Lmo66y17ZWcIOyIsuydmCDquLg=	UGF0aCBUaHJvdWdoIHRoZSBTaWxlbnQgRm9yZXN0
E	7YORIOyVhOuemOydmCDrtojruZs=	TGlnaHQgQmVsb3cgdGhlIFRvd2Vy
E	7Yis66qF7ZiI6rSAIOuPhOuhseuHvQ==	VHJhbnNwYXJlbnQgVmVzc2VsIFNhbGFtYW5kZXI=
E	7YuA66awIOydjOydmCDtlanso7w=	RW5zZW1ibGUgb2YgV3JvbmcgTm90ZXM=
E	7YyM64+E7ISc6riwIOq5jOuniOq3gA==	V2F2ZSBSZWNvcmRlciBDcm93
E	7YyM66y4IOyGjeydmCDrp53roLk=	V3JhaXRoIGluIHRoZSBSaXBwbGU=
E	7YyM7IiY6r68IO2VmOydtOyXkOuCmA==	U2VudGluZWwgSHllbmE=
E	7YyM7Y6464Kg6rCcIOq5jOuniOq3gA==	U2hhcmR3aW5nIENyb3c=
E	7Y647KeAIO2FjOuRkOumrOuyjOugiA==	TGV0dGVyLUVkZ2UgQnVn
E	7ZG466W4IOusuOydmCDsnKTqs70=	T3V0bGluZSBvZiB0aGUgQmx1ZSBHYXRl
E	7ZG466W47Iu5IOuUseygleuyjOugiA==	Qmx1ZS1TcHJvdXQgQmVldGxl
E	7ZWY6rCV6rOE64uoIOyCtOy+oeydtA==	RGVzY2VudCBTdGFpcmNhc2UgV2lsZGNhdA==
E	7ZWY6rCV66Gc66W8IOyngO2CpOuKlA==	R3VhcmRpbmcgdGhlIGRlc2NlbmRpbmcgc3RhaXJjYXNl
P	7ZWp6rOEIHt7MX19	VG90YWwge3sxfX0=
E	7ZW064+Z7IiYIOuUseygleuyjOugiA==	VGhhd3dhdGVyIEJlZXRsZQ==
E	7ZmU7IK07LSJIOuUseygleuyjOugiA==	QXJyb3doZWFkIEJlZXRsZQ==
E	7Z2wIOq3oOyXtOydhCDtkojsnYA=	QmVhcmluZyBhIFdoaXRlIFJpZnQ=
E	U1RSIMK3IO2emA==	U1RSIMK3IFN0cmVuZ3Ro
E	6rCA67CpIOqwgOuTnSDssLg=	RnVsbCBiYWcgb2Ygc2VlZHM=
E	6rGw7Jq466y87JeQIOu5hOy5nA==	UmVmbGVjdGVkIGluIHRoZSBNaXJyb3IgV2F0ZXI=
E	6rGw7Jq47Ja86rW0IOqxsOuvuA==	TWlycm9yLUZhY2UgU3BpZGVy
E	6rKA64yV7KSE6riwIOuTpOylkA==	U29vdC1TdGVtIE1vdXNl
E	6rKA7J2AIOyLpCDqsJDsmKU=	QmxhY2sgdGhyZWFkLCBwcmlzb24=
E	6rKA7J2AIOyynCDqsbDrr7g=	QmxhY2stQ2xvdGggU3BpZGVy
E	6rKA7J2A66i5IOuPhOuniOuxgA==	QmxhY2stSW5rIExpemFyZA==
E	6rKA7J2A67K9IOuPhOuniOuxgA==	QmxhY2t3YWxsIExpemFyZA==
E	6rKA7J20IOyXrOuKlCDquLg=	UGF0aCBvcGVuZWQgYnkgdGhlIGJsYWRl
E	6rK96rOE7ISgIOyCtOy+oeydtA==	Qm91bmRhcnkgTGluZSBXaWxkY2F0
E	6rOE7KCI7Yax64uIIOuyjOugiA==	U2Vhc29uYWwgU2F3dG9vdGggQnVn
E	6rOg7IScIOuUseygleuyjOugiA==	QW5jaWVudC1Ub21lIEJlZXRsZQ==
E	6rOg7KCV65CcIO2VmOqwleuhnA==	Rml4ZWQgZGVzY2VuZGluZyBzdGFpcmNhc2U=
E	6rOo7Kec6riwIOuPhOuhseuHvQ==	R3VsbHkgU2FsYW1hbmRlcg==
E	6rO164+Z66yY7KeAIOqxsOuvuA==	Q2VtZXRlcnkgU3BpZGVy
E	6rO17ZeIIOuTnOugiOydtO2BrA==	Vm9pZCBEcmFrZQ==
E	6rWs7KGw67mbIOq5jOuniOq3gA==	UmVzY3VlIExpZ2h0IENyb3c=
E	6rWs7KGw7Iug7Zi4IOuCmOuwqQ==	UmVzY3VlLVNpZ25hbCBNb3Ro
E	6rWw7IiY7ZKIIO2DiOy3qOyekA==	TWlsaXRhcnktU3VwcGx5IFJhaWRlcg==
E	6reA7ZmY66GcIO2MjOq0tOyekA==	UmV0dXJuLVJvdXRlIERlc3Ryb3llcg==
E	6reA7ZmY66GcIO2PrOyLneyekA==	UmV0dXJuLVJvdXRlIERldm91cmVy
E	6reg7Je07JeQ7IScIOuCmOyYqA==	RW1lcmdpbmcgZnJvbSBDcmFja3M=
E	6reg7Je07J2YIOynke2WieyekA==	UmlmdCBFbmZvcmNlcg==
E	6re464qY7Li1IOq5jOuniOq3gA==	U2hhZG93bGF5ZXIgQ3Jvdw==
E	6re466a87J6QIOq5jOuniOq3gA==	U2hhZG93IENyb3c=
E	6re466a87J6Q66W8IOyeg+ydgA==	V2l0aG91dCBhIFNoYWRvdw==
E	6riIIOqwhCDsiJjsoJXqtaw=	Q3JhY2tlZCBDcnlzdGFsIE9yYg==
E	6riI6rCE7IaM66asIOyXrOyasA==	Q3JhY2stU291bmQgRm94
E	6riw66Gd7Iuk7JeQIOq5g+uToA==	SGF1bnRpbmcgdGhlIEFyY2hpdmU=
E	6riw66Gd7J2EIOyngOyasOuKlA==	RXJhc2luZyBSZWNvcmRz
E	6riw7Ja16ruN7KeIIOyXrOyasA==	TWVtb3J5IFNoZWxsIEZveA==
E	6riw7Ja164KY66y0IOuCmOuwqQ==	TWVtb3J5IFRyZWUgTW90aA==
E	6riw7Ja167OR7IKsIOuTpOylkA==	TWVtb3J5IFNvbGRpZXIgTW91c2U=
E	6riw7Ja17J2064G8IOqxsOuvuA==	TWVtb3J5IE1vc3MgU3BpZGVy
E	6ri4IOychOydmCDsobDsmrA=	RW5jb3VudGVyIG9uIHRoZSBSb2Fk
E	6ri466qp7J2EIOyngO2CpOuKlA==	R3VhcmRpbmcgdGhlIFBhdGg=
E	6ri47J2EIO2dieuCtCDrgrg=	RmVpZ25pbmcgYSBQYXRo
E	6ri47J20IOuQnCDrtITrrLw=	U3ByaW5nd2F0ZXIgVGhhdCBCZWNhbWUgYSBSb2Fk
E	6ri47J6h7J20IOu2gOyXieydtA==	R3VpZGUgT3ds
E	6ri47KeA64+EIOq5jOuniOq3gA==	Um91dGUtTWFwIENyb3c=
E	6rmo7KeE7J6OIOuPhOuniOuxgA==	VG9ybi1MZWFmIExpemFyZA==
E	6rq87KeEIO2RuOuluCDrs4Q=	RXh0aW5ndWlzaGVkIEJsdWUgU3Rhcg==
E	6r2DIOyGjeydmCDslrzqtbQ=	RmFjZSBXaXRoaW4gdGhlIEZsb3dlcg==
E	64GK7Ja07KeEIOy2lOqyqeuhnA==	U2V2ZXJlZCBQdXJzdWl0IFJvdXRl
E	64Gd7JeG64qUIOyiheuyjOugiA==	RW5kbGVzcyBCZWxsIEJ1Zw==
E	64KY7JioIOyKpOusvO2VmOuCmA==	VHdlbnR5LU9uZSBFbWVyZ2Vk
E	64KY7J207YWMIOuPhOuniOuxgA==	VHJlZS1SaW5nIExpemFyZA==
E	64KY7J207YWM7JeQIOqwh+2ejA==	VHJhcHBlZCBpbiBOaWEncw==
E	64KY7Lmo67CYIOu4jOuhnOy5mA==	Q29tcGFzcyBCcm9vY2g=
E	64SkIOqwiOuemCDruYTsiJg=	Rm91ci1Qcm9uZ2VkIEZhbg==
E	64SkIOqzhOygiOydmCDrsKk=	VGhlIEZvdXIgU2Vhc29ucyBSb29t
E	64SkIOuyiOynuCDrtojruZs=	VGhlIEZvdXJ0aCBMaWdodA==
E	64qm7J2AIOyihSDrsJXspZA=	TGF0ZSBCZWxsIEJhdA==
E	64uk66asIOuwkSDsl6zsmrA=	VW5kZXItdGhlLUJyaWRnZSBGb3g=
E	64uk7ISv6rCI656YIOyXrOyasA==	Rml2ZS1Gb3JrIEZveA==
E	64uk7ISv66ek65OtIOuTpOylkA==	Rml2ZS1Lbm90IE1vdXNl
E	64uk7IucIOu2iOufrOyYpOq4sA==	VHJ5IGFnYWlu
E	64yA7J6l6rCEIOuPhOuniOuxgA==	Rm9yZ2UgTGl6YXJk
E	64+F7JmV7J2YIOyGoeqzs+uLiA==	VGhlIEFzaCBLaW5nJ3MgVG9vdGg=
E	64+M7JWE7JioIOydtOumhOuTpA==	TmFtZXMgUmVjbGFpbWVk
E	64+M7JWE7Jio67CcIOuwleylkA==	UmV0dXJuaW5nLUZvb3RzdGVwIEJhdA==
E	65CY64+M7JWE7JioIOq4uOuTpA==	UGF0aHMgUmVvcGVuZWQ=
E	65GQIOuqheydmCDroZzsm6w=	VHdvIFJvd2Vucw==
E	65Ok7Ja06rCEIOyXtOyXrOuNnw==	RW50ZXJlZCBFaWdodGVlbg==
E	65287JuAIOqzqOuqqeyXrOyasA==	UmF1bSdzIEFsbGV5IEZveA==
E	66CI7J247KCAIOyCrOuDpeuztQ==	UmFuZ2VyIEh1bnRpbmcgR2FyYg==
E	66CI7J247KC4IOyCrOuDpeuztQ==	UmFuZ2VyIEh1bnRpbmcgR2FyYg==
E	66eI7KeA66eJIOqyveqzhOuzkQ==	VGhlIExhc3QgU2VudHJ5
E	66eI7KeA66eJIOq3gO2ZmOuhnA==	VGhlIExhc3QgUmV0dXJuIFJvdXRl
E	66eI7KeA66eJIOyDiOuyveyihQ==	VGhlIExhc3QgRGF3biBCZWxs
E	66eI7KeA66eJ7J6OIOqxsOuvuA==	TGFzdCBMZWFmIFNwaWRlcg==
E	66ed66C5IO2VmOydtOyXkOuCmA==	V3JhaXRoIEh5ZW5h
E	66i87KeA67CcIOuPhOuniOuxgA==	RHVzdC1MZWcgTGl6YXJk
E	66qF67aA7J2YIOu5iCDspIQ=	VGhlIEJsYW5rIExpbmUgaW4gdGhlIFJvc3Rlcg==
E	66qo656YIOumrOyekOuTnOunqA==	U2FuZCBMaXphcmRtYW4=
E	66qp7IaM66asIOyImOynkeyekA==	Vm9pY2UgQ29sbGVjdG9y
E	66yY7KeA7KeA64+EIOyXrOyasA==	Q2VtZXRlcnktTWFwIEZveA==
E	66yY7ZGcIOuUseygleuyjOugiA==	R3JhdmVtYXJrZXIgQmVldGxl
E	66y066as66W8IOydtO2DiO2VnA==	U3RyYXllZCBmcm9tIHRoZSBQYWNr
E	66y066qF6riw66GdIOyXrOyasA==	TmFtZWxlc3MtUmVjb3JkIEZveA==
E	66y067OE6rOE64uoIOuTpOylkA==	U3Rhcmxlc3MtU3RhaXIgTW91c2U=
E	66y47IScIOuUseygleuyjOugiA==	RG9jdW1lbnQgQmVldGxl
E	66y47YSx7J2YIOusuOyngOq4sA==	R2F0ZWtlZXBlciBhdCB0aGUgVGhyZXNob2xk
E	66y866i57J2A7LGFIOqxsOuvuA==	V2F0ZXJsb2dnZWQtQm9vayBTcGlkZXI=
E	66y867CR7J2YIOyiheqwgOujqA==	VW5kZXJ3YXRlciBCZWxsIER1c3Q=
E	66+464G8IO2VmOydtOyXkOuCmA==	QmFpdCBIeWVuYQ==
E	66+47JmE7ISxIOusuOyngOq4sA==	SW5jb21wbGV0ZSBHYXRla2VlcGVy
E	67CU7YC07J6Q6rWtIOqxsOuvuA==	V2hlZWwtVHJhY2sgU3BpZGVy
E	67CY67O166eQIOyVteustOyDiA==	V29yZC1SZXBlYXRpbmcgUGFycm90
E	67CY7ZalIOuUseygleuyjOugiA==	RWNobyBCZWV0bGU=
E	67Cc7J6Q6rWtIOyCrOuDpeqwnA==	VHJhY2sgSG91bmQ=
E	67Cc7J6Q6rWtIOyngOyasOqwnA==	VHJhY2sgRXJhc2Vy
E	67CxIOqwiOuemCDrqqjsirU=	SHVuZHJlZGZvbGQgRm9ybXM=
E	67Cx7JW8IOqzhOuLqOuyjOugiA==	V2hpdGUtTmlnaHQgQnVn
E	67Cx7JW8IO2YiOq0gOqxsOuvuA==	V2hpdGUtTmlnaHQgU3BpZGVy
E	67Cx7JW866W8IOuWoOuPhOuKlA==	V2FuZGVyaW5nIHRocm91Z2ggV2hpdGUgTmlnaHQ=
E	67KE66Ck7KeEIOyjvOyhsOyepQ==	QWJhbmRvbmVkIEZvdW5kcnk=
E	67Kg66W47J2YIOyduOyepeyImA==	QmVybidzIFNlYWxrZWVwZXI=
E	67Kg66W47J2YIOy5nOychOyImA==	QmVybidzIFJveWFsIEd1YXJk
E	67K967+Q7J24IOyYiOuwsOuLuQ==	Q2hhcGVsIG9mIFdhbGxz
E	67OE67mb7J2YIOqzhOyKueyekA==	SGVpciB0byB0aGUgU3RhcmxpZ2h0
E	67OE67mb7J2YIOuPhOyghOyekA==	U3RhcmxpdCBDaGFsbGVuZ2Vy
E	67OE7J2EIOuyoOuKlCDsnpA=	U3RhcmNsZWF2ZXI=
E	67OE7J6Q66asIO2PrOyLneyekA==	Q29uc3RlbGxhdGlvbiBEZXZvdXJlcg==
E	67O07Zi4652864qUIOuzgOuqhQ==	UHJvdGVjdGlvbiBhcyBhbiBFeGN1c2U=
E	67O07Zi466eJIOu/lO2GoOuBvA==	QmFycmllciBIb3JuZWQgUmFiYml0
E	67O17KCc67CcIOyCtOy+oeydtA==	Q2xvbmVkLUZvb3RwcmludCBXaWxkY2F0
E	67SE66y87J2EIOuFuOumrOuKlA==	RmVlZGluZyBvbiBTcHJpbmcgV2F0ZXI=
E	67SE7JSo7JWXIOuPhOuniOuxgA==	U3ByaW5nLVNlZWQgTGl6YXJk
E	67SJ7J2464GIIOygiOuLqOyekA==	U2VhbC1Db3JkIEN1dHRlcg==
E	67aB66y47J2EIOuFuOumrOuKlA==	U3RhbGtpbmcgdGhlIE5vcnRoIEdhdGU=
E	67aB67CpIOuwlOuejOyXrOyasA==	Tm9ydGh3aW5kIEZveA==
E	67aB67Cp6ri4IOy2lOyggeyekA==	Tm9ydGhlcm4tUGF0aCBUcmFja2Vy
E	67aI6rW07J2YIOygleuzteyekA==	VW55aWVsZGluZyBDb25xdWVyb3I=
E	67aI6r2DIOyGjOyaqeuPjOydtA==	RmxhbWUgV2hpcmx3aW5k
E	67aI6r2D7KKFIOq5jOuniOq3gA==	RmxhbWUtQmVsbCBDcm93
E	67aI7JSo67+M66asIOqxsOuvuA==	RW1iZXItUm9vdCBTcGlkZXI=
E	67mE7Lmc7Ja86rW0IOuCmOuwqQ==	UmVmbGVjdGVkLUZhY2UgTW90aA==
E	67mIIOqyqOyauOydmCDrgZ0=	RW5kIG9mIEhvbGxvdyBXaW50ZXI=
E	67mIIOuzkeyYgSDqsbDrr7g=	RW1wdHktQmFycmFja3MgU3BpZGVy
E	67mIIOynhOyngCDsl6zsmrA=	RW1wdHktRW5jYW1wbWVudCBGb3g=
E	67mI7IiY66CIIOuPhOuniOuxgA==	RW1wdHktQ2FydCBMaXphcmQ=
E	67mbIOyLoO2YuCDrsJXspZA=	TGlnaHQgU2lnbmFsIEJhdA==
E	67mb6rCBIOuUseygleuyjOugiA==	TGlnaHQtQW5nbGVkIEJlZXRsZQ==
E	67+M66as6rCA7IucIOyXrOyasA==	Um9vdC1UaG9ybiBGb3g=
E	67+M66as66y47J2YIO2ajOuekQ==	VGhlIFJvb3QtR2F0ZSBDb3JyaWRvcg==
E	67+M66as7J2YIOusuOyngOq4sA==	R2F0ZWtlZXBlciBvZiB0aGUgUm9vdHM=
E	67+U64qR64yAIOyGoeqzs+uLiA==	SG9ybmVkIFdvbGYgRmFuZw==
E	7IKs65287KeEIOuzhOyekOumrA==	VmFuaXNoZWQgQ29uc3RlbGxhdGlvbg==
E	7IKs65287KeEIOyEnOq4sOq0gA==	VmFuaXNoZWQgU2NyaWJl
E	7IKs65287KeE6ri4IOyXrOyasA==	TG9zdC1QYXRoIEZveA==
E	7IKs7KCI6ri4IOyCtOy+oeydtA==	RW52b3ktUm9hZCBXaWxkY2F0
E	7IOI67K9IO2VnCDsobDqsIE=	RGF3biBGcmFnbWVudA==
E	7IOI67K97J2EIO2UvO2VmOuKlA==	RGF3biBFdmFzaW9u
E	7IOI67K97J2YIOuqqO2XmOqwgA==	RGF3biBBZHZlbnR1cmVy
E	7IOI67K97J2YIOy2lOyggeyekA==	RGF3biBUcmFja2Vy
E	7IOI67K97KKFIO2DiOy3qOyekA==	RGF3bi1CZWxsIFRoaWVm
E	7IOb6ri4IO2VmOydtOyXkOuCmA==	U2lkZS1QYXRoIEh5ZW5h
E	7ISc6rCA7IiY66m0IOuCmOuwqQ==	Qm9va3NoZWxmLVN1cmZhY2UgTW90aA==
E	7ISc6riw6rSAIOyCrOuDpeq+vA==	U2NyaWJlIEh1bnRlcg==
E	7ISc6riw6rSAIOyCtOy+oeydtA==	U2NyaWJlIFdpbGRjYXQ=
E	7ISc66y4IO2VmOydtOyXkOuCmA==	V2VzdCBHYXRlIEh5ZW5h
E	7ISc7JW9IOyCrOyKrOqwkeyYtw==	T2F0aCBDaGFpbm1haWw=
E	7ISx6riw7IKsIOqxtO2LgOumvw==	UGFsYWRpbiBHYXVudGxldHM=
E	7ISx6riw7IKsIO2XiOumrOudoA==	UGFsYWRpbiBCZWx0
E	7ISx7JetIOuwqe2MqOuPjOynhA==	U3Ryb25naG9sZCBTaGllbGQgQ2hhcmdl
E	7ISx7LGE66y4IOuPhOuniOuxgA==	Q2l0YWRlbC1HYXRlIExpemFyZA==
E	7IS4IOqwnOydmCDsooXtmIA=	VGhyZWUgQ2xhcHBlcnM=
E	7IS4IOuyiOydmCDrtojruZs=	VGhyZWUgRmxhc2hlcw==
E	7IS4IOyiheydmCDsnqDquIg=	VGhyZWUgTG9ja3M=
E	7IS4IO2DkSDquYzrp4jqt4A=	VGhyZWUtVG93ZXIgQ3Jvdw==
E	7IS4IO2DkeydmCDrtojruZs=	VGhyZWUgVG93ZXJzJyBMaWdodHM=
E	7IS46rOEIOygle2ZlO2PreynhA==	V29ybGQgUHVyaWZpY2F0aW9uIEJ1cnN0
E	7IS46rOE7IiYIOyEseq0ke2PrA==	V29ybGQgV2F0ZXIgQ3J5c3RhbCBCbG9vbQ==
E	7IaM66as7Lm8IOyCtOy+oeydtA==	U291bmRibGFkZSBXaWxkY2F0
E	7IaM7Jqp64+M7J20IOyXrOyasA==	V2hpcmx3aW5kIEZveA==
E	7Ieg7IKs7IqsIOuPhOuniOuxgA==	Q2hhaW4gTGl6YXJk
E	7IiY66CI67CU7YC0IOqxsOuvuA==	V2Fnb24tV2hlZWwgU3BpZGVy
E	7IiY66y4IOydtOuBvOqzqOugmA==	U2x1aWNlIE1vc3MgR29sZW0=
E	7IiY66y4IO2LiOyXkCDrgpw=	R3Jvd24gaW4gYSBTbHVpY2UgR2Fw
E	7IiY66y46rGw7Jq4IOyXrOyasA==	U2x1aWNlLU1pcnJvciBGb3g=
E	7IiY7Zi47J6Q7J2YIO2VmOqwlQ==	R3VhcmRpYW4ncyBEZXNjZW50
E	7IiY7Zi47LKc7IKsIOqwle2VmA==	R3VhcmRpYW4gQW5nZWwncyBGYWxs
E	7Iic7JyEIOynkeqzhCDspJE=	UmFua2luZyBwZW5kaW5n
E	7Iic7LCwIOuqheu2gCDsooA=	UGF0cm9sLVJvc3RlciBTaWx2ZXJmaXNo
E	7Iic7LCw64yAIO2PrOyLneyekA==	UGF0cm9sLVNxdWFkIERldm91cmVy
E	7Iic7LCw64yA66W8IOuUsOuluA==	Rm9sbG93aW5nIHRoZSBQYXRyb2w=
E	7Iic7LCw64yA7J2YIOycoO2SiA==	UGF0cm9sIHNxdWFkJ3MgcmVsaWNz
E	7Iic7LCw7J6QIOyCrOuDpeuztQ==	UmFuZ2VyIEh1bnRpbmcgR2FyYg==
E	7Iio7J2AIO2VmOydtOyXkOuCmA==	THVya2luZyBIeWVuYQ==
E	7Iq56rCV66GcIOuRkOuNlOyngA==	SG9pc3R3YXkgTW9sZQ==
E	7Iq566as6riw66GdIOuCmOuwqQ==	VmljdG9yeS1SZWNvcmQgTW90aA==
E	7Iug7Zi466y4IOuPhOuniOuxgA==	U2lnbmFsLURvb3IgTGl6YXJk
E	7Iug7Zi47YORIOyCtOy+oeydtA==	U2lnbmFsIFRvd2VyIFdpbGRjYXQ=
E	7Ius7J6l67+M66asIOyXrOyasA==	SGVhcnQtUm9vdCBGb3g=
E	7Ius7J6l7J2YIOusuOyngOq4sA==	SGVhcnQncyBnYXRla2VlcGVy
E	7Ius7YyQ7JmV7J2YIOunney5mA==	SnVkZ21lbnQgS2luZydzIG1hbGxldA==
E	7JWE656Y66GcIOyKpO2BrOuhpA==	U2Nyb2xsIGRvd24=
E	7JWI7KCE7ISgIOuPhOuniOuxgA==	U2FmZXR5LUxpbmUgTGl6YXJk
E	7JW97ZWc67OEIOuPhOuhseuHvQ==	RmFpbnQtU3RhciBTYWxhbWFuZGVy
E	7Ja065GgIO2VmOydtOyXkOuCmA==	RGFyayBIeWVuYQ==
E	7Jet66WYIOyGjSDrkaXsp4A=	UmV2ZXJzZSBmbG93IGRlbg==
E	7Je066awIOyyqyDqtazsl60=	VGhlIEZpcnN0IFNlY3RvciBPcGVuZWQ=
E	7JiB7Zi87JmV7J2YIOydvOqyqQ==	U291bCBLaW5nJ3Mgb25lIGhpdA==
E	7Jik7ZSE65287J24IOyelOyXrA==	T2ZmbGluZSBsZWZ0
E	7JmE6rKw65CcIOydtOyVvOq4sA==	Q29tcGxldGVkIHN0b3JpZXM=
E	7JmE66OMLCDtjrzss5Dsp5A=	Q29tcGxldGVkLCB1bmZvbGRlZA==
E	7Jqw66y867CRIOyeoOuzteyekA==	THVya2VyIEJlbmVhdGggdGhlIFdlbGw=
E	7Jq067CY7IiY66CIIOyZleylkA==	Q2FyZ28tQ2FydCBHaWFudCBSYXQ=
E	7JuA7KeB7J2064qUIOusuO2EsQ==	TW92aW5nIHRocmVzaG9sZA==
E	7JuD7J2M7IOIIOq5jOuniOq3gA==	TGF1Z2hpbmcgQ3Jvdw==
E	7Jyg66asIOyejiDrk6TspZA=	R2xhc3MtTGVhZiBNb3VzZQ==
E	7Jyg66as6rCR6rCBIOuTpOylkA==	R2xhc3MtU2hlbGwgTW91c2U=
E	7Jyg66as6ruN7KeIIOqxsOuvuA==	R2xhc3MtU2hlbGwgU3BpZGVy
E	7Jyg66as64KY7ISgIOqxsOuvuA==	R2xhc3MtU3BpcmFsIFNwaWRlcg==
E	7Jyg66as64u17J6lIOqxsOuvuA==	R2xhc3MtUmVwbHkgU3BpZGVy
E	7Jyg66as66GcIOuQnCDsno4=	TGVhZiBNYWRlIG9mIEdsYXNz
E	7Jyg66as66el7J2YIOustOumrA==	U3dhcm0gb2YgR2xhc3MgVmVpbnM=
E	7Jyg66as67mb7JeQIOygluydgA==	RGFtcCB3aXRoIEdsYXNzIExpZ2h0
E	7Jyg66as7IiyIOqyveqzhOyekA==	R3VhcmRpYW4gb2YgdGhlIEdsYXNzIEZvcmVzdA==
E	7Jyg66as7Ius7J6lIOuyjOugiA==	R2xhc3MtSGVhcnQgQnVn
E	7Jyg66as7J2YIOuCmOy5qOuwmA==	R2xhc3MgQ29tcGFzcw==
E	7Jyg66as7KCE7IKsIOuTpOylkA==	R2xhc3MtV2FycmlvciBNb3VzZQ==
E	7Jyg66as7YORIOq5jOuniOq3gA==	R2xhc3MtVG93ZXIgQ3Jvdw==
E	7Jyg66as7Y6M7ZSEIOuyjOugiA==	R2xhc3MgUHVtcCBCdWc=
E	7J2066aEIOyXhuuKlCDquLg=	TmFtZWxlc3MgUGF0aA==
E	7J2066aE6rCR7Ji3IOyXrOyasA==	TmFtZS1Bcm1vciBGb3g=
E	7J2066aE6rGw7Jq4IOuwleylkA==	TmFtZS1NaXJyb3IgQmF0
E	7J2066aE66i564qUIOyXrOyasA==	TmFtZS1lYXRpbmcgRm94
E	7J2066aE7J6l7J6RIOyZleylkA==	TmFtZS1LaW5kbGluZyBHaWFudCBSYXQ=
E	7J207KCV7ZGcIOq5jOuniOq3gA==	U2lnbnBvc3QgQ3Jvdw==
E	7J6J6rG47J6OIOuPhOuniOuxgA==	RW1iZXItTGVhZiBMaXphcmQ=
E	7J6Q64+ZIOq1rOunpCDspJE=	QXV0by1wdXJjaGFzZSBpbiBwcm9ncmVzcw==
E	7J6Q64+ZIOynhO2WiSDspJE=	QXV0by1wcm9ncmVzc2luZw==
E	7J6Y66q765CcIOyImO2YuOyekA==	TWlzZ3VpZGVkIEd1YXJkaWFu
E	7J6g6ri0IOq4sOuhneyImOuhnA==	VGhlIEZsb29kZWQgQXJjaGl2ZSBDaGFubmVs
E	7J6g65OgIOyekCDrgpjrsKk=	U2xlZXBlciBNb3Ro
E	7J6l67aA7J2YIOusuOyngOq4sA==	U2Nyb2xsc2tlZXBlciBvZiB0aGUgR2F0ZQ==
E	7J6sIOqwkeyYtyDsmZXspZA=	QXNoLUFybW9yIEdpYW50IFJhdA==
E	7J6sIOu0ieyduCDrgpjrsKk=	QXNoLVNlYWxlZCBNb3Ro
E	7J6sIOyGjSDsp4DroIHsnbQ=	RWFydGh3b3JtIGluIHRoZSBBc2g=
E	7J6s642U66+4IOyeoOuzteyekA==	QXNoLVBpbGUgTHVya2Vy
E	7J6s66i57J20IO2PrOyLneyDiA==	QXNoLUZlZWRpbmcgUmFwdG9y
E	7J6s66y066asIOuPhOuhseuHvQ==	QXNoLVN3YXJtIFNhbGFtYW5kZXI=
E	7J6s67CtIOuUseygleuyjOugiA==	QXNoZmllbGQgQmVldGxl
E	7J6s7Jqw66y8IOuPhOuhseuHvQ==	QXNoLVdlbGwgU2FsYW1hbmRlcg==
E	7J6/67mbIOqwiOq5jOuniOq3gA==	QXNoLWdyYXkgQ3Jvdw==
E	7J6/67mbIOyKpO2BrOumrOy7pA==	QXNoIFNocmlla2Vy
E	7KCA7J6l7ZWY64qUIOykkeKApg==	U2F2aW5nLi4u
E	7KCI64yA67mZ7JilIO2MjOyHhA==	QWJzb2x1dGUgQ3J5c3RhbCBTaGF0dGVy
E	7KCI64yA7JiB64+EIO2MjOyXtA==	QWJzb2x1dGUgTGlnaHQgU2hhdHRlcg==
E	7KCV7JuQ6rWwIOq5jOuniOq3gA==	R2FyZGVuIEFybXkgQ3Jvdw==
E	7KCV7JuQ7KeA6riwIOyVhOyFgA==	QXNlbCB0aGUgR2FyZGVuZXI=
E	7KCV7KeB7ZWcIOqxsOynk+unkA==	SG9uZXN0IExpZQ==
E	7KCV7ZmU7J2YIOu2iOq4sOuRpQ==	UHVyaWZpY2F0aW9uIEZsYW1lIENvbHVtbg==
E	7KCW7J2A67Cn7KSEIOuCmOuwqQ==	V2V0LXN0cmluZyBNb3Ro
E	7KKFIOyXhuuKlCDrsKfspIQ=	Q29yZCBXaXRob3V0IEJlbGw=
E	7KKFIOyauOumvCDrgpjrsKk=	QmVsbC1DaGltZSBNb3Ro
E	7KKF66eQ7J2YIOuLqOqygOustA==	RW5kIFRpbWVzIFNhYmVybGVzcw==
E	7KKF67K9IOydtOuBvOqzqOugmA==	QmVsbC1XYWxsIE1vc3MgR29sZW0=
E	7KKF7IaM66asIO2UvOudvOuvuA==	QmVsbC1Tb3VuZCBNaW5ub3c=
E	7KKF7IaM66as66GcIOyXtOumsA==	RGF3biBCZWxsIFVubG9ja2Vk
E	7KKF7IaM66as7JeQIOuBjOumsA==	RHJhd24gYnkgdGhlIEJlbGw=
E	7KKF7IaM66as7JeQIO2ZgOumsA==	QmV3aXRjaGVkIGJ5IHRoZSBCZWxs
E	7KKF7KeA6riwIOyYpOultOuwmA==	QmVsbGtlZXBlciBPcmJhbg==
E	7KKF7ZmAIOydtOuBvOqzqOugmA==	QmVsbC1IYWxsIE1vc3MgR29sZW0=
E	7KO866y87J6sIOuPhOuhseuHvQ==	QXNoLWR1c3QgU2FsYW1hbmRlcg==
E	7KO97J2M7J2YIO2VnCDsoJA=	QSBTaW5nbGUgUG9pbnQgb2YgRGVhdGg=
E	7KeA64+E7Lm8IOq5jOuniOq3gA==	TWFwLUJsYWRlIENyb3c=
E	7KeA67aV6ri4IOy2lOyggeyekA==	Um9vZnRvcCBUcmFja2Vy
E	7KeA7IOBIO2dmeydmCDsm5A=	Q2lyY2xlIG9mIFN1cmZhY2UgU29pbA==
E	7KeA7JuM7KeEIOyImOyLoOyduA==	RXJhc2VkIFJlY2lwaWVudA==
E	7KeA7ZWY6rGw7Jq4IOuwleylkA==	VW5kZXJncm91bmQtTWlycm9yIEJhdA==
E	7KeA7ZWY66GcIOuPhOuhseuHvQ==	VW5kZXJncm91bmQtUGFzc2FnZSBTYWxhbWFuZGVy
E	7KeA7ZWY66GcIOuPhOuniOuxgA==	VW5kZXJncm91bmQtUGFzc2FnZSBMaXphcmQ=
E	7KeA7ZWY66y4IOyCtOy+oeydtA==	VW5kZXJncm91bmQtR2F0ZSBXaWxkY2F0
E	7KeA7ZWY66y86ri4IOuwleylkA==	VW5kZXJncm91bmQtV2F0ZXJ3YXkgQmF0
E	7KeA7ZWY7J2MIOq5jOuniOq3gA==	VW5kZXJncm91bmQtU291bmQgQ3Jvdw==
E	7KeA7ZyY6rSAIO2MkOq4iO2ZlA==	Q29tbWFuZGVyJ3MgUGxhdGUgQm9vdHM=
E	7KeB7JeFIO2UhOuhpOuhnOq3uA==	UHJvZmVzc2lvbiBQcm9sb2d1ZQ==
E	7KeE64+Z67K9IOuPhOuniOuxgA==	VmlicmF0aW9uIFdhbGwgTGl6YXJk
E	7KeE7KeAIOyKpO2BrOumrOy7pA==	QmFycmFja3MgU2hyaWVrZXI=
E	7KeE7Z2ZIO2VmOydtOyXkOuCmA==	TXVkIEh5ZW5h
E	7KeQ7IiY66CIIOq5jOuniOq3gA==	Q2FyZ28tQ2FydCBDcm93
E	7KeQ7IiY66CIIOuPheqxsOuvuA==	Q2FyZ28tQ2FydCBWZW5vbSBTcGlkZXI=
E	7LCo6rCR6rKMIOu5m+uCmOuKlA==	Q29sZGx5IGdsb3dpbmc=
E	7LCo7LaVIOuUseygleuyjOugiA==	QXhsZSBCZWV0bGU=
E	7LKcIOyVhOuemOydmCDsooU=	QmVsbHMgQmVuZWF0aCB0aGUgQ2xvdGg=
E	7LKc66eJ64GIIOuPhOuniOuxgA==	VGVudC1Sb3BlIExpemFyZA==
E	7LKc7IOB7J2YIOyImO2YuOyekA==	Q2VsZXN0aWFsIEd1YXJkaWFu
E	7LKc7J6l66y4IOq5jOuniOq3gA==	Q2VpbGluZy1HYXRlIENyb3c=
E	7LKrIOuyiOynuCDsmrjrprw=	VGhlIEZpcnN0IFRvbGw=
E	7LKrIOuyiOynuCDtlZjqsJU=	Rmlyc3QgZGVzY2VudA==
E	7LKrIOy2nOyglSDrqoXrtoA=	Rmlyc3QgZXhwZWRpdGlvbiByZWdpc3RyeQ==
E	7LKr6rWs7JetIOq5jOuniOq3gA==	Rmlyc3QgWm9uZSBDcm93
E	7LKt64+ZIOuUseygleuyjOugiA==	QnJvbnplIEJlZXRsZQ==
E	7LKt64+Z6rCA66OoIOuTpOylkA==	QnJvbnplLUR1c3QgRmllbGQgTW91c2U=
E	7LKt64+Z6rCR6rCBIOqxsOuvuA==	QnJvbnplIFNoZWxsIFNwaWRlcg==
E	7LaU6rKpIO2VmOydtOyXkOuCmA==	UHVyc3VpbmcgSHllbmE=
E	7YG0656Y66atIO2XiOumrOudoA==	Q2xlcmljIEJlbHQ=
E	7YOE64KY66y0IOq5jOuniOq3gA==	Q2hhcnJlZC1UcmVlIENyb3c=
E	7YOR6re464qYIOuPhOuhseuHvQ==	VG93ZXIgU2hhZG93IFNhbGFtYW5kZXI=
E	7Ya166GcIOydtOuBvOqzqOugmA==	UGFzc2FnZSBNb3NzIEdvbGVt
E	7Yis66qF6rCVIOusvOqzoOq4sA==	VHJhbnNwYXJlbnQtUml2ZXIgRmlzaA==
E	7Yis66qF67+UIOuPhOuniOuxgA==	VHJhbnNwYXJlbnQgSG9ybiBMaXphcmQ=
E	7Yis66qF7ZWcIOq7jeyniOydmA==	VHJhbnNwYXJlbnQgc2hlbGwncw==
E	7YyM7J207YSwIOqxtO2LgOumvw==	RmlnaHRlciBHYXVudGxldHM=
E	7YyM7J207YSwIO2XiOumrOudoA==	RmlnaHRlciBCZWx0
E	7YyU652865SYIOqxtO2LgOumvw==	UGFsYWRpbiBHYXVudGxldHM=
E	7YyU652865SYIO2XiOumrOudoA==	UGFsYWRpbiBCZWx0
E	7ZGc7KeA7ISdIOq5jOuniOq3gA==	TWFya2VyIFN0b25lIENyb3c=
E	7ZGc7KeA7ISdIOuPhOuniOuxgA==	TWFya2VyIFN0b25lIExpemFyZA==
E	7ZG466W46rOE64uoIOuTpOylkA==	Qmx1ZS1TdGFpciBGaWVsZCBNb3VzZQ==
E	7ZG466W466y4IOuPhOuhseuHvQ==	Qmx1ZS1Eb29yIFNhbGFtYW5kZXI=
E	7ZG466W47Iug7Zi4IOuCmOuwqQ==	Qmx1ZSBTaWduYWwgTW90aA==
E	7ZG466W47JWE7LmYIOuTpOylkA==	Qmx1ZS1BcmNoIE1vdXNl
E	7ZG466W47Z2ZIOuRkOuNlOyngA==	Qmx1ZSBTb2lsIE1vbGU=
E	7ZKA66awIOyyqyDrtInsnbg=	VGhlIEZpcnN0IFNlYWwgQnJva2Vu
E	7ZS864Kc66GcIOuPhOuniOuxgA==	RXZhY3VhdGlvbi1Sb3V0ZSBMaXphcmQ=
E	7ZWY6rCV66GcIOuRkOuNlOyngA==	RGVzY2VudC1Sb3V0ZSBNb2xl
E	7ZWY6rCV66y4IOyCtOy+oeydtA==	RGVzY2VudC1HYXRlIFdpbGRjYXQ=
E	7ZWo6ruYIOyauOumsCDsooU=	QmVsbHMgUnVuZyBUb2dldGhlcg==
E	7ZW07Iuc6rOEIOuPhOuniOuxgA==	U3VuIERpYWwgTGl6YXJk
E	7ZmU66Gc7J2YIOyVve2DiOyekA==	RnVybmFjZSBSYWlkZXI=
E	7ZmU7IK07Ya1IO2XiOumrOudoA==	UXVpdmVyIEJlbHQ=
E	7Zmc7Iuc7JyEIOyGkOuqqeudoA==	Qm93c3RyaW5nIFdyaXN0Z3VhcmQ=
E	7Zmp6riI7J2YIOqwnOyymeyekA==	R29sZGVuIFBpb25lZXI=
E	7Zmp6riI7J2YIOyEoOq1rOyekA==	R29sZGVuIFRyYWlsYmxhemVy
E	7ZqM7KCE67K9IOuPhOuniOuxgA==	Um90YXRpbmcgV2FsbCBMaXphcmQ=
E	7ZqM7KCE7ZWY64qUIO2ajOuekQ==	VGhlIFJvdGF0aW5nIENvcnJpZG9y
E	7ZuU7LOQIOqwhCDsp4Drj4Q=	U3RvbGVuIE1hcA==
E	7Z2w6reg7Je0IOuPhOuniOuxgA==	V2hpdGUgQ3JhY2sgTGl6YXJk
E	7Z2w7KCV7JuQIOq5jOuniOq3gA==	V2hpdGUgR2FyZGVuIENyb3c=
E	7Z2w7ZiV7IOBIOyCtOy+oeydtA==	V2hpdGUtU2lsaG91ZXR0ZSBXaWxkY2F0
E	MC8wIOyZhOujjA==	MC8wIENvbXBsZXRl
P	e3sxfX3rp4k=	QWN0IHt7MX19
P	e3sxfX3snIQ=	e3sxfX10aA==
E	6rCR7KO8IOupp+uPvOyngA==	QXJtb3JlZCBCb2Fy
E	6rCc65+JIOyghO2IrOyLnQ==	SW1wcm92ZWQgQ29tYmF0
E	6rGw7Jq46ri4IOqxsOuvuA==	TWlycm9yLVBhdGggU3BpZGVy
E	6rGw7Jq47ISdIOuCmOuwqQ==	TWlycm9yLVN0b25lIE1vdGg=
E	6rGw7Jq47YORIOuwleylkA==	TWlycm9yIFRvd2VyIEJhdA==
E	6rKA64yVIOu/lO2GoOuBvA==	U29vdHkgSG9ybmVkIFJhYmJpdA==
E	6rKA7J2A7J6sIOuCmOuwqQ==	QmxhY2stQXNoIE1vdGg=
E	6rK96rOEIOyCtOy+oeydtA==	R3VhcmQgV2lsZGNhdA==
E	6rOE64uoIOuPhOuhseuHvQ==	U3RhaXJjYXNlIFNhbGFtYW5kZXI=
E	6rOE64uo67CRIOuTpOylkA==	VW5kZXItU3RhaXIgTW91c2U=
E	6rOE7KCI67CpIOuCmOuwqQ==	U2Vhc29uLVJvb20gTW90aA==
E	6rOE7KCI7J2EIOyeg+ydgA==	TG9zdCB0byB0aGUgU2Vhc29ucw==
E	6rOw67Cc7YaxIOqwle2DgA==	QmVhciBDbGF3cyBTdHJvbmd0aA==
E	6rO16rCEIOyZnOqzoe2MjA==	U3BhdGlhbCBEaXN0b3J0aW9uIFdhdmU=
E	6rO164+ZIOyVvOyYgeyngA==	U2hhcmVkIENhbXBzaXRl
E	6rO166y4IOyCrOuDpeq+vA==	T2ZmaWNpYWwtRG9jdW1lbnQgSHVudGVy
E	6rSR7IKwIOy9lOuzvO2KuA==	TWluZSBLb2JvbGQ=
E	6rWt6rK9IOu/lO2GoOuBvA==	Qm9yZGVyIEhvcm5lZCBSYWJiaXQ=
E	6rWt6rK9IOyImO2YuOuhnQ==	Q2hyb25pY2xlIG9mIHRoZSBCb3JkZXIgR3VhcmRpYW5z
E	6rWw7YyoIOuPhOuniOuxgA==	TWlsaXRhcnkgVGFnIExpemFyZA==
E	6reA7ZmY66GcIOyXrOyasA==	UmV0dXJuIFJvYWQgRm94
E	6reA7ZmY7IiYIOuCmOuwqQ==	UmV0dXJuLUNvdW50IE1vdGg=
E	6reA7ZmY7KKFIOuwleylkA==	UmV0dXJuLUJlbGwgQmF0
E	6re466as7ZWAIOq4ieyKtQ==	R3JpZmZpbiBSYWlk
E	6re466as7ZWAIOuwnO2GsQ==	R3JpZmZpbiBUYWxvbg==
E	6re466a87J6QIOuqqOyekA==	U2hhZG93IEhhdA==
E	6re466a87J6QIOuwleylkA==	U2hhZG93IEJhdA==
E	6re466a87J6QIOyGkOqwkQ==	U2hhZG93IEdhdW50bGV0cw==
E	6re466a87J6QIOyKteqyqQ==	U2hhZG93IFJhaWQ=
E	6re466a87J6QIOyLoOuwnA==	U2hhZG93IEJvb3Rz
E	6re466a87J6QIOyZuO2IrA==	U2hhZG93IENsb2Fr
E	6riw64+EIOuouOumrOudoA==	UHJheWVyIENpcmNsZXQ=
E	6riw64+EIOyngO2MoeydtA==	UHJheWVyIFN0YWZm
E	6riw66Gd7IukIOqxsOuvuA==	UmVjb3JkIFJvb20gU3BpZGVy
E	6riw66Gd7IukIOuwleylkA==	QXJjaGl2ZSBCYXQ=
E	6riw66Gd7ZWoIOuTpOylkA==	UmVjb3JkIEJveCBNb3VzZQ==
E	6riw7Ja17J2EIO2VpeuKlA==	U2Nvb3BpbmcgTWVtb3JpZXM=
E	6riw7Ja17J2YIOuTseu2iA==	TGFudGVybnMgb2YgTWVtb3J5
E	6riw7Ja17J6OIOuCmOuwqQ==	TWVtb3J5IExlYWYgTW90aA==
E	6riw7Ja17ZGc67O4IOqyjA==	TWVtb3J5LVNwZWNpbWVuIENyYWI=
E	6riw7Ja17ZKAIOyCrOyKtA==	TWVtb3J5IFNhcGxpbmcgRGVlcg==
E	6ri466qp7J2YIOuRpeyngA==	TmVzdCBhdCB0aGUgQ3Jvc3Nyb2Fkcw==
E	6rmD67CcIOq5jOuniOq3gA==	RmxhZyBDcm93
E	6rmK7J207J2YIOustOqyjA==	V2VpZ2h0IG9mIHRoZSBEZXB0aHM=
E	64GK6ri0IOuztOq4ie2RnA==	SW50ZXJydXB0ZWQgU3VwcGx5IExlZGdlcg==
E	64GK6ri064uoIOqxsOuvuA==	U2V2ZXJlZC1TdGVwIFNwaWRlcg==
E	64Gd66y4IOyCtOy+oeydtA==	RW5kZ2F0ZSBXaWxkY2F0
E	64KY7ISg7J2YIOuBneusuA==	U3BpcmFsJ3MgRmluYWwgR2F0ZQ==
E	64KY7J207YWMIO2ajOuekQ==	VHJlZS1SaW5nIEdhbGxlcnk=
E	64Ko6rKo7KeEIO2dlOyggQ==	TGluZ2VyaW5nIFRyYWNlcw==
E	64Ku6rKMIOybhe2BrOumsA==	Q3JvdWNoaW5nIExvdw==
E	64SQIO2UjOugiOydtOyeiQ==	TnVsbCBQbGF5aW5n
E	64W467aI7JSoIOuCmOuwqQ==	RW1iZXIgTW90aA==
E	64eM7Iug7J2YIOyCrOyKrA==	Q2VyZWJyYWwgQ2hhaW5z
E	64iI6ri4IOyCtOy+oeydtA==	U25vd3BhdGggV2lsZGNhdA==
E	64ql66Cl7LmYIOq1tOumvA==	U3RhdCBSb2xs
E	64ql66Cl7LmYIOyViOuCtA==	U3RhdCBHdWlkZQ==
E	64qm7J2AIOyiheyGjOumrA==	QSBCZWxsIE9uZSBCZWF0IExhdGU=
E	64uk66asIOyCtOy+oeydtA==	TGVnIFdpbGRjYXQ=
E	64uk7IucIOq1tOumrOq4sA==	UmVyb2xs
E	64us67mb7JeQIOusvOuToA==	RGV3LVNvYWtlZCBieSBNb29ubGlnaHQ=
E	64yA6riw7J2YIOy5vOuCoA==	U3dvcmQgb2YgdGhlIFdhaXRpbmcgQWly
E	64yA7KeAIOqwgOultOq4sA==	R3VpZGUgdGhlIEVhcnRo
E	64yA7LKc7IKsIOqygOustA==	R3JlYXQgQXJjaGFuZ2VsJ3MgQmxhZGU=
E	64yA7LKc7IKsIOuPjOynhA==	R3JlYXQgQXJjaGFuZ2VsJ3MgQ2hhcmdl
E	642r7KSEIOyCrOuDpeq+vA==	U25hcmUtTGluZSBIdW50ZXI=
E	64+E6rWsIO2XiOumrOudoA==	VG9vbCBCZWx0
E	64+E7KCBIOqwgOyjveyYtw==	VGhpZWYncyBMZWF0aGVyIEFybW9y
E	64+E7LCp7ZWcIOyGjOyLnQ==	TmV3cyBBcnJpdmVz
E	64+F64uIIOuqqeqxuOydtA==	VmVub20tRmFuZyBOZWNrbGFjZQ==
E	64+M6rCA7KO9IO2KuOuhpA==	U3RvbmVoaWRlIFRyb2xs
E	64+M6rKpIOyghO2IrO2ZlA==	QXNzYXVsdCBCb290cw==
E	64+M7JWE7JioIOyDiOuyvQ==	RGF3biBSZXN0b3JlZA==
E	65CY6rCQ6riwIOqxsOuvuA==	UmV3aW5kIFNwaWRlcg==
E	65Oc65+s64KcIOyEnOqzoA==	RXhwb3NlZCBTdGFja3M=
E	65Ox67aIIO2PrOyLneyekA==	TGFtcCBEZXZvdXJlcg==
E	65ag7Jik66W4IOq4sOuhnQ==	UmlzaW5nIFJlY29yZHM=
E	66CI7J247KCAIOuRkOqxtA==	UmFuZ2VyIEhvb2Q=
E	66CI7J247KC4IOuRkOqxtA==	UmFuZ2VyIEhvb2Q=
E	66eI64+E7IKsIOuhnOu4jA==	TWFnZSBSb2Jl
E	66eI64+E7IKsIOyLoOuwnA==	TWFnZSBTaG9lcw==
E	66eI66ClIOu/lO2GoOuBvA==	QXJjYW5lIEhvcm5lZCBSYWJiaXQ=
E	66eJ7IKsIOuSt+qxsOuvuA==	QmVoaW5kLXRoZS1CYXJyYWNrcyBTcGlkZXI=
E	66eM7JWFIOyiheqysOq0kQ==	RXZpbCdzIEZpbmFsIEZsYXNo
E	66eR7JWE7KeEIOyImOuhnA==	Q2xlYXIgV2F0ZXIgQ2hhbm5lbA==
E	66ek64iIIOuqqeqxuOydtA==	SGF3ay1FeWUgTmVja2xhY2U=
E	66ek7IKs64OlIOuqqOyekA==	RmFsY29uZXIncyBIYXQ=
E	66ek7IKs64OlIOyepeqwkQ==	RmFsY29uZXIncyBHbG92ZXM=
E	66ek7IKs64OlIOy9lO2KuA==	RmFsY29uZXIncyBDb2F0
E	66ek7J2YIOq4ieqwle2VmA==	SGF3ayBEaXZl
E	66mU7JWE66asIOqxsOuvuA==	RWNobyBTcGlkZXI=
E	66mU7J207KeAIOuhnOu4jA==	TWFnZSBSb2Jl
E	66mU7J207KeAIOyLoOuwnA==	TWFnZSBTaG9lcw==
E	66qF67aA67CWIOuTpOylkA==	T3V0c2lkZS10aGUtUm9zdGVyIE1vdXNl
E	66qo7ZeY6rCAIOq0gOumrA==	QWR2ZW50dXJlciBtYW5hZ2VtZW50
E	66qo7ZeY6rCAIOuere2CuQ==	QWR2ZW50dXJlciByYW5raW5ncw==
E	66qo7ZeY6rCAIOyCreygnA==	RGVsZXRlIGFkdmVudHVyZXI=
E	66qo7ZeY6rCAIOyDneyEsQ==	Q3JlYXRlIGFkdmVudHVyZXI=
E	66qo7ZeY6rCAIOyEoO2DnQ==	QWR2ZW50dXJlciBTZWxlY3Rpb24=
E	66qo7ZeY7J2YIOyEnOuniQ==	QWR2ZW50dXJlIHByb2xvZ3Vl
E	66qp7IaM66asIOqxsOuvuA==	Vm9pY2UgU3BpZGVy
E	66qp7IaM66asIOuwleylkA==	Vm9pY2UgQmF0
E	66qs7Iqk7YSwIOuwnOqyrA==	TW9uc3RlciBTcG90dGVk
E	66yY7KeAIOyCtOy+oeydtA==	R3JhdmUgV2lsZGNhdA==
E	66y064SI7KeEIOuLpOumrA==	Q29sbGFwc2VkIEJyaWRnZQ==
E	66y066qFIOyCtOy+oeydtA==	TmFtZWxlc3MgV2lsZGNhdA==
E	66y07ZWcIO2ZlOyCtOynhA==	SW5maW5pdGUgQXJyb3cgU3RyZWFt
E	66y47J207JeI642YIOuyvQ==	V2FsbCBUaGF0IFdhcyBhIEdhdGU=
E	66y77Z6MIOyyqyDri6g=	VGhlIEJ1cmllZCBGaXJzdCBTdGVw
E	66y86ri4IOyCtOy+oeydtA==	V2F0ZXJ3YXkgV2lsZGNhdA==
E	66y867CRIOyEpOy5mOulmA==	VW5kZXJ3YXRlciBSb2RlbnQ=
E	66y87IaM66asIOuwleylkA==	V2F0ZXItU291bmQgQmF0
E	66+46raBIO2DkOyCrOyekA==	TGFieXJpbnRoIGV4cGxvcmVy
E	66+47Iqk66a0IOyhsOqwgQ==	TWl0aHJpbCBGcmFnbWVudA==
E	67CA7IiY66GcIOuTpOylkA==	U211Z2dsaW5nLVJvdXRlIEZpZWxkIE1vdXNl
E	67CA7IiY66GcIOuwleylkA==	U211Z2dsaW5nLVJvdXRlIEJhdA==
E	67Cc6rKs7ZaI7Iq164uI64uk	U3BvdHRlZA==
E	67Cc7J6Q6rWtIOyXhuuKlA==	Tm8gdHJhY2UgbGVmdA==
E	67Ck7J2EIOuFuOumrOuKlA==	UHJvd2xpbmcgYXQgTmlnaHQ=
E	67Cp7YyoIOq5jOuniOq3gA==	U2hpZWxkIENyb3c=
E	67Cp7YyoIOuPhOuniOuxgA==	U2hpZWxkIExpemFyZA==
E	67Cp7Yyo7JmAIOunueyEuA==	U2hpZWxkIGFuZCBvYXRo
E	67Cw64us6ri4IOyXrOyasA==	RGVsaXZlcnktUm91dGUgRm94
E	67Cx7JW8IOqwkOyLnOyekA==	V2hpdGUgTmlnaHQgd2F0Y2hlcg==
E	67C07Iuc7J2YIOuIiOusvA==	QmFuc2hlZSBUZWFy
E	67Kg66W47J2YIOqzoOuwsQ==	QmVybidzIGNvbmZlc3Npb24=
E	67K9IO2LiCDqsbDrr7g=	V2FsbC1DcmV2aWNlIFNwaWRlcg==
E	67K96re464qYIOyXrOyasA==	V2FsbC1TaGFkb3cgRm94
E	67K97ZmUIOuPhOuniOuxgA==	V2FsbCBMaXphcmQ=
E	67O06riJ66GcIOuTpOylkA==	U3VwcGx5LVJvdXRlIEZpZWxkIE1vdXNl
E	67O06riJ7KSEIOqxsOuvuA==	U3VwcGx5LUxpbmUgU3BpZGVy
E	67O06riJ7ZWoIOqxsOuvuA==	U3VwcGx5LUJveCBTcGlkZXI=
E	67O066aE64usIOydvOqyqQ==	RnVsbCBtb29uIHN0cmlrZQ==
E	67O07KGwIOuKpeugpey5mA==	U2Vjb25kYXJ5
E	67O17KCcIOyCrOuDpeqwnA==	Q2xvbmUgSG91bmQ=
E	67O17KCc65CcIOqxuOydjA==	RHVwbGljYXRlZCBTdGVw
E	67SE66y8IOyCrOuDpeqwnA==	U3ByaW5nd2F0ZXIgSG91bmQ=
E	67SE66y8IOyKrOudvOyehA==	U3ByaW5nd2F0ZXIgU2xpbWU=
E	67SE66y8IOynleyImOyekA==	U3ByaW5nd2F0ZXIgQ29sbGVjdG9y
E	67SJ7J2465CcIO2ZlOuhnA==	U2VhbGVkIEZ1cm5hY2U=
E	67SJ7J247J2YIOyXtOyHoA==	VGhlIFNlYWxpbmcgS2V5
E	67SJ7YisIOu/lO2GoOuBvA==	RW52ZWxvcGUgSG9ybmVkIFJhYmJpdA==
E	67aA65+s7KeEIOyEseusuA==	VGhlIEJyb2tlbiBHYXRl
E	67aA7Zmc7KKFIOuyjOugiA==	UmVzdXJyZWN0aW9uLUJlbGwgQnVn
E	67aB66y4IOyCtOy+oeydtA==	Tm9ydGhnYXRlIFdpbGRjYXQ=
E	67aB67CpIO2OuOyngOyDiA==	Tm9ydGhlcm4gTWVzc2VuZ2VyIEJpcmQ=
E	67aB7Kq9IOuPhOuhseuHvQ==	Tm9ydGhlcm4gU2FsYW1hbmRlcg==
E	67aB7Kq9IOydtOygle2RnA==	Tm9ydGhlcm4gV2F5c3RvbmU=
E	67aB7ZKNIOyCtOy+oeydtA==	Tm9ydGh3aW5kIFdpbGRjYXQ=
E	67aB7ZKNIOyGoeqzs+uLiA==	Tm9ydGh3aW5kIEZhbmc=
E	67aI65+s7Jik64qUIOykkQ==	U3VtbW9uaW5nLi4u
E	67aI66m4IOyEnOyVveywuA==	SW1tb3J0YWwgT2F0aCBTbGFzaA==
E	67aI7IKs7KGwIOqyqeuPjA==	UGhvZW5peCBDb2xsaXNpb24=
E	67mE7KCEIO2KueydtOygkA==	QXJjYW5lIFNpbmd1bGFyaXR5
E	67mI64iIIOq5jOuniOq3gA==	QmxpbmQgQ3Jvdw==
E	67mI7J2066aEIOyXrOyasA==	QmxhbmstTmFtZSBGb3g=
E	67mX66y8IOuPhOuhseuHvQ==	UmFpbiBTYWxhbWFuZGVy
E	67mZ6rKwIOyImOusuOyepQ==	RnJvemVuIFNsdWljZSBHYXRla2VlcGVy
E	67mbIOuUseygleuyjOugiA==	TGlnaHQgQmVldGxl
E	67mb6rW07KCIIOqxsOuvuA==	TGlnaHQtUmVmcmFjdGlvbiBTcGlkZXI=
E	67mb66i57J2AIOuCmOuwqQ==	TGlnaHQtRWF0aW5nIE1vdGg=
E	67mg66W4IOywjOultOq4sA==	UmFwaWQgU3Rpbmc=
E	67+M66asIOykkeyLrOusuA==	Um9vdCBDZW50ZXIgR2F0ZQ==
E	67+M66as66y4IOuTpOylkA==	Um9vdC1HYXRlIEZpZWxkIE1vdXNl
E	67+M66as7YuIIOqxsOuvuA==	Um9vdC1DcmV2aWNlIFNwaWRlcg==
E	7IK87KSR7KKFIOuwleylkA==	VHJpcGxlLUJlbGwgQmF0
E	7IOI66Gc7Jq0IOuqqO2XmA==	TmV3IGFkdmVudHVyZQ==
E	7IOI67K9IO2PrOyLneyekA==	RGF3biBEZXZvdXJlcg==
E	7IOI67K97J2EIO2UvO2VnA==	U2h1bm5pbmcgdGhlIERhd24=
E	7IOI67K97J2YIOy5vOuCoA==	RGF3bidzIEJsYWRl
E	7IOI67K97KKFIOyDgeyekA==	RGF3biBCZWxsIEJveA==
E	7IOJ66i564qUIOuTpOylkA==	Q29sb3ItRWF0aW5nIE1vdXNl
E	7IOb6ri4IOuRkOq6vOu5hA==	UGF0aCBUb2Fk
E	7ISc66asIOyZgOydtOuyiA==	RnJvc3QgV3l2ZXJu
E	7ISc66as7JeQIOq1s+ydgA==	RnJvc3QtU2V0
E	7ISc66y4IO2MjOq0tOyekA==	V2VzdC1HYXRlIERlc3Ryb3llcg==
E	7ISc7JW9IO2MjOq0tOyekA==	T2F0aGJyZWFrZXI=
E	7ISc7JW9IO2MkOq4iO2ZlA==	T2F0aCBQbGF0ZSBCb290cw==
E	7ISx6rCAIOu4jOuhnOy5mA==	SHltbiBCcm9vY2g=
E	7ISx6rCA64yAIOuqqOyekA==	Q2hvaXIgQ2Fw
E	7ISx6riw7IKsIOqwkeyYtw==	UGFsYWRpbiBBcm1vcg==
E	7ISx6riw7IKsIOyepe2ZlA==	S25pZ2h0IEJvb3Rz
E	7ISx6riw7IKsIO2IrOq1rA==	UGFsYWRpbiBIZWxt
E	7ISx66y4IOyCtOy+oeydtA==	R2F0ZSBXaWxkY2F0
E	7ISx67K9IOyCtOy+oeydtA==	V2FsbCBXaWxkY2F0
E	7ISx7IOBIOuqqeqxuOydtA==	SG9seS1JY29uIE5lY2tsYWNl
E	7ISx7Jq0IOqwgOultOq4sA==	Q2VsZXN0aWFsIENsb3VkIENvbW1hbmQ=
E	7ISx7JygIOyGkOuqqeudoA==	SG9seS1PaWwgV3Jpc3RiYW5k
E	7ISx7KCEIOu4jOuhnOy5mA==	Q3J1c2FkZSBCcm9vY2g=
E	7ISx7KeBIO2XiOumrOudoA==	UHJpZXN0J3MgQmVsdA==
E	7ISx7KeB7J6QIOuhnOu4jA==	UHJpZXN0J3MgUm9iZQ==
E	7ISx7ZyYIOuqqeqxuOydtA==	U2FjcmVkLUxpZ2h0IE5lY2tsYWNl
E	7IS4IOyiheydmCDri7U=	QW5zd2VyIG9mIFRocmVlIEJlbGxz
E	7IS46rOE7IiY7J2YIOywvQ==	V29ybGQncyBIZWFydCdzIEZvcmdl
E	7IS467mbIOq5jOuniOq3gA==	VGhyZWUtTGlnaHQgQ3Jvdw==
E	7IaM66as66W8IOyCvO2CqA==	U2lsZW5jZWQgVm9pY2U=
E	7IaQ6rCA6529IOyepeqwkQ==	RmluZ2VybGVzcyBHbG92ZXM=
E	7IiY66CI6ri4IOyXrOyasA==	Q2FydC1QYXRoIEZveA==
E	7IiY66GcIOyCtOy+oeydtA==	RGl0Y2ggV2lsZGNhdA==
E	7IiY66GcIOyKrOudvOyehA==	V2F0ZXJ3YXkgU2xpbWU=
E	7IiY66Gc67K9IOuTpOylkA==	V2F0ZXJ3YXktV2FsbCBNb3VzZQ==
E	7IiY66y4IOyKrOudvOyehA==	U2x1aWNlIFNsaW1l
E	7IiY7KCVIOq7jeyniOydmA==	U2hlbGwgb2YgdGhlIENyYWNrZWQgU3RvbmU=
E	7IiY7KCVIOuqqeqxuOydtA==	Q3J5c3RhbCBOZWNrbGFjZQ==
E	7IiY7Zi4IOyyoOygnOyLoA==	R3VhcmRpYW4gSXJvbiBCb290cw==
E	7IiY7Zi467K9IOuPjO2MjA==	QnJlYWsgVGhyb3VnaCB0aGUgR3VhcmRpYW4gV2FsbA==
E	7IiZ66CoIOyghO2IrOyLnQ==	VmV0ZXJhbiBDb21iYXQ=
E	7Iic67Cx7J2YIO2MjOuPmQ==	V2F2ZSBvZiBQdXJlIFdoaXRl
E	7Iic7JyEIOuvuOynkeqzhA==	VW5yYW5rZWQ=
E	7Iic7LCwIOyghO2IrO2ZlA==	UGF0cm9sIEJvb3Rz
E	7Iic7LCw7J6QIOuRkOqxtA==	UmFuZ2VyIEhvb2Q=
E	7Iic7ZmY66GcIOyXrOyasA==	TG9vcC1QYXRoIEZveA==
E	7IioIOyJrOuKlCDquLg=	QnJlYXRoaW5nIFBhdGg=
E	7Iiy7J2YIOyLoO2YuOyekA==	Rm9yZXN0IFNpZ25hbCBCZWFyZXI=
E	7Iuc7J6lIOyCtOy+oeydtA==	TWFya2V0IFdpbGRjYXQ=
E	7Iuc7ZSEIOqwgOyjveyYtw==	VGhpZWYgTGVhdGhlcnM=
E	7Iud65+J7ZWoIOyZleylkA==	UmF0aW9uLUNyYXRlIEdpYW50IFJhdA==
E	7Iug6rSAIOu5hOuLqOyLoA==	UHJpZXN0J3MgU2lsayBTaG9lcw==
E	7Iug7KKM7J2YIOunney5mA==	RGl2aW5lIExlZnQncyBIYW1tZXI=
E	7Iug7Zi46riwIOyXrOyasA==	U2lnbmFsLUJlYWNvbiBGb3g=
E	7Iug7Zi467mbIOuCmOuwqQ==	U2lnbmFsLUxpZ2h0IE1vdGg=
E	7Iug7Zi47YORIOuwleylkA==	U2lnbmFsIFRvd2VyIEJhdA==
E	7Ius7JewIOyCrOuDpeqwnA==	QWJ5c3MgSG91bmQ=
E	7Ius7YyQIOyjvOuoueqwkQ==	SnVkZ21lbnQgRmlzdGd1YXJk
E	7Ius7YyQ7J2YIOunney5mA==	SnVkZ21lbnQgSGFtbWVy
E	7Ius7YyQ7J2YIOyEsey2lA==	SnVkZ21lbnQncyBDaXRhZGVs
E	7JSo7JWX7ZWoIOyZleylkA==	U2VlZGJveCBHaWFudCBSYXQ=
E	7JWE7J207YWcIO2ajeuTnQ==	TG9vdGluZw==
E	7JWF66eIIO2MjOyHhOynhA==	RGVtb24gU2hhdHRlcmluZyBXYXZl
E	7JWI6rCcIOqwiO2AtOyDiA==	TWlzdCBSYWtlYmlyZA==
E	7JWU7IK0IOyGkOuqqeudoA==	QXNzYXNzaW4ncyBXcmlzdGd1YXJk
E	7JWU7JW867mbIOuCmOuwqQ==	RGFya25pZ2h0LUxpZ2h0IE1vdGg=
E	7JW87JiB7KeAIOuTpOylkA==	Q2FtcGdyb3VuZCBNb3VzZQ==
E	7JW87JiB7KeAIOyZleylkA==	Q2FtcGdyb3VuZCBHaWFudCBSYXQ=
E	7JW87ZaJIOuouOumrOudoA==	TmlnaHRzdGFsa2VyIEhlYWRiYW5k
E	7JW87ZaJIOyghO2IrO2ZlA==	TmlnaHRzdGFsa2VyIEJvb3Rz
E	7Ja07KCc67aIIOuCmOuwqQ==	WWVzdGVyZGF5J3MtRmlyZSBNb3Ro
E	7Ja87J2M6rCR7Ji3IOqyjA==	SWNlLUFybW9yIENyYWI=
E	7JeF642w7J207Yq47ZWY6riw	VXBkYXRl
E	7Jet66WY65Gl7KeAIOqyjA==	QmFja2Zsb3ctTmVzdCBDcmFi
E	7Jet7J24IOuPheqxsOuvuA==	UmV2ZXJzZS1TZWFsIFZlbm9tIFNwaWRlcg==
E	7Jet7ZWY6rCVIOuwleylkA==	UmV2ZXJzZS1EZXNjZW50IEJhdA==
E	7Je07Ieg7Je0IOuCmOuwqQ==	S2V5LVJvdyBNb3Ro
E	7JiI67Cw64u5IOuTpOylkA==	Q2hhcGVsIE1vdXNl
E	7JiI67Cw64u5IOuwleylkA==	Q2hhcGVsIEJhdA==
E	7Jik7IaU6ri4IOyXrOyasA==	VHJhaWwgRm94
E	7Jis6rCA66+4IO2ZlOyCtA==	Q3VubmluZyBBcnJvdw==
E	7JmA7J2067KIIOqwgOyjvQ==	V3l2ZXJuIEhpZGU=
E	7JmE66OMLCDsoJHtnpg=	Q29tcGxldGVkLCBGb2xkZWQ=
E	7JmV6rCA7J2YIOyduOyepQ==	Um95YWwgU2lnaWw=
E	7JmV6rWtIOyYgeqygeywuA==	S2luZ2RvbSBFdGVybml0eSBUb2tlbg==
E	7JmV7IukIOyghO2IrO2ZlA==	Um95YWwgQ29tYmF0IEJvb3Rz
E	7JmV7J2YIOyCrOuDpeqwnA==	S2luZydzIEhvdW5k
E	7Jqp66e5IOu4jOuhnOy5mA==	VmFsb3IgQnJvb2No
E	7Jqw7Y6464KtIOyZleylkA==	TWFpbGJhZyBHaWFudCBSYXQ=
E	7JuA7KeB7J24IOu/jOumrA==	U3RpcnJlZCBSb290
E	7JuQ7IaMIOyngO2MoeydtA==	RWxlbWVudGFsIFN0YWZm
E	7Jyg66as6r2DIOyCrOyKtA==	R2xhc3MtRmxvd2VyIERlZXI=
E	7Jyg66as65OxIOuCmOuwqQ==	R2xhc3MtTGFudGVybiBNb3Ro
E	7Jyg66as66eJIOqxsOuvuA==	R2xhc3MtRmlsbSBTcGlkZXI=
E	7Jyg66as66elIOuPmeq1tA==	VGhlIEdsYXNzLVZlaW4gQ2F2ZXJu
E	7Jyg66as67mEIOuCmOuwqQ==	R2xhc3MtUmFpbiBNb3Ro
E	7Jyg66as67+UIOyCsOyWkQ==	R2xhc3MgTW91bnRhaW4gR29hdA==
E	7Jyg66as7IiyIOuTpOylkA==	R2xhc3MtRm9yZXN0IEZpZWxkIE1vdXNl
E	7Jyg66as7JilIOyXrOyasA==	R2xhc3MtT3JiIEZveA==
E	7Jyg66as7J6OIOuCmOuwqQ==	R2xhc3MtTGVhZiBNb3Ro
E	7Jyg66as7ZKAIOqxsOuvuA==	R2xhc3MtR3Jhc3MgU3BpZGVy
E	7Jyg7ISxIO2ZlOyCtOu5hA==	TWV0ZW9yIGFycm93aGVhZA==
E	7Jyg7J287ZWcIOyZleyijA==	U29sZSBTb3ZlcmVpZ24=
E	7Jyg7ZKIIOq5jOuniOq3gA==	UmVsaWMgQ3Jvdw==
E	7J2A67mbIOq5jOuniOq3gA==	U2lsdmVyIENyb3c=
E	7J2A67mbIOy2lOyggeyekA==	U2lsdmVyIFRyYWNrZXI=
E	7J2A67mb7J2YIOyYgeybhQ==	U2lsdmVyIEhlcm8=
E	7J2A7IugIOu4jOuhnOy5mA==	Q29uY2VhbG1lbnQgQnJvb2No
E	7J2A7ZWY7IiYIOq0gO2GtQ==	R2FsYXh5IHN0cmVhbSBwZW5ldHJhdGlvbg==
E	7J2066aE7J2EIO2blOy5nA==	U3RvbGUgYSBuYW1l
E	7J207Ja07ZWY6riwIOKAug==	Q29udGludWUg4oC6
E	7J6J7YGsIOuPhOuhseuHvQ==	SW5rIFNhbGFtYW5kZXI=
E	7J6Y66awIOu0ieyduOuBiA==	Q3V0IHNlYWwgY29yZA==
E	7J6g6ri07J6l67aAIOyigA==	TG9ja2VkLUxlZGdlciBTaWx2ZXJmaXNo
E	7J6g65OgIOqzteuqhe2VtQ==	RG9ybWFudCBSZXNvbmFuY2UgQ29yZQ==
E	7J6sIOyZlSDrk6TspZA=	QXNoLUtpbmcgRmllbGQgTW91c2U=
E	7J6s6rCA66OoIOuCmOuwqQ==	QXNoLUR1c3QgTW90aA==
E	7J6s64KY7ISgIOuTpOylkA==	QXNoLVNwaXJhbCBGaWVsZCBNb3VzZQ==
E	7J6s66GcIOu0ieyduOuQnA==	U2VhbGVkIGluIEFzaA==
E	7J6s66i87KeAIOuTpOylkA==	QXNoLUR1c3QgRmllbGQgTW91c2U=
E	7J6s66i87KeAIOuwleylkA==	QXNoLUR1c3QgQmF0
E	7J6s7J2YIOybheuNqeydtA==	QXNoIHBvb2w=
E	7J6/66y8IOuPhOuhseuHvQ==	QXNoIFNhbGFtYW5kZXI=
E	7J6/66y87JeQIOu2iOydgA==	U3dvbGxlbiB3aXRoIEFzaHdhdGVy
E	7J6/67mbIOyKrOudvOyehA==	QXNoIFNsaW1l
E	7KCE66C5IOy2lOqyqeyekA==	TWVzc2VuZ2VyIEh1bnRlcg==
E	7KCE66as7ZKIIO2MkOunpA==	U2VsbGluZyBsb290
E	7KCE66as7ZKIIO2ZleyduA==	TG9vdCBDaGVjaw==
E	7KCE7IKsIOqxtO2LgOumvw==	V2FycmlvciBHYXVudGxldHM=
E	7KCE7IKsIO2XiOumrOudoA==	V2FycmlvciBCZWx0
E	7KCE7ISk7J2YIOyEoOu0iQ==	TGVnZW5kYXJ5IFZhbmd1YXJk
E	7KCE7J6l7J2YIOuPjOqyqQ==	QmF0dGxlZnJvbnQgQXNzYXVsdA==
E	7KCE7YisIOuqqeqxuOydtA==	Q29tYmF0IE5lY2tsYWNl
E	7KCE7ZW07KeEIO2RnOyLnQ==	VGhlIERlbGl2ZXJlZCBNYXJrZXI=
E	7KCQ6rKA66GcIOyZleylkA==	SW5zcGVjdGlvbi1QYXNzYWdlIEdpYW50IFJhdA==
E	7KCV7JiIIOq4sOyCrOyLnQ==	RWxpdGUgS25pZ2h0IFN0eWxl
E	7KCV7Jik7LC9IOuCmOuwqQ==	Tm9vbi1XaW5kb3cgTW90aA==
E	7KCV7JuQ6ri4IOyXrOyasA==	R2FyZGVuLVBhdGggRm94
E	7KCV7KGw7KSAIOyCrOqyqQ==	UHJlY2lzaW9uIFNob3Q=
E	7KCW7J2A66yY7ZGcIOyigA==	V2V0LUdyYXZlbWFya2VyIFNpbHZlcmZpc2g=
E	7KCc7JmV7J2YIOydvOqyqQ==	RW1wZXJvcidzIE9uZSBTdHJpa2U=
E	7KKF6rCA66OoIOqxsOuvuA==	QmVsbC1EdXN0IFNwaWRlcg==
E	7KKF6rCE6rKpIOuwleylkA==	QmVsbC1JbnRlcnZhbCBCYXQ=
E	7KKF66eQ7J2YIOydvOqyqQ==	RmluYWwgU3RyaWtlIG9mIHRoZSBFbmQ=
E	7KKF67aI6r2DIOuTpOylkA==	QmVsbC1GbGFtZSBGaWVsZCBNb3VzZQ==
E	7KKF7IaM66asIOuwleylkA==	QmVsbC1Tb3VuZCBCYXQ=
E	7KKF7Jes7Jq0IOuwleylkA==	QmVsbC1DbG91ZCBCYXQ=
E	7KKF7J20IOq5g+2EuOyDiA==	UGFwZXIgRmVhdGhlcmJpcmQ=
E	7KKF7KSEIOyCtOy+oeydtA==	QmVsbCBXaWxkY2F0
E	7KKF7YORIOuPhOuniOuxgA==	QmVsbC1Ub3dlciBMaXphcmQ=
E	7KKF7ZiAIO2DiOy3qOyekA==	Q2xhcHBlciBUaGllZg==
E	7KKF7ZiAIO2UvOudvOuvuA==	QmVsbC1DbGFwcGVyIE1pbm5vdw==
E	7KKF7ZiA66GcIOyXtOumsA==	T3BlbmVkIGJ5IHRoZSBDbGFwcGVy
E	7KKM7ZGcIOyCtOy+oeydtA==	Q29vcmRpbmF0ZSBXaWxkY2F0
E	7KO866y4IOyGkOuqqeudoA==	U3BlbGwgV3Jpc3RndWFyZA==
E	7KO866y4IO2XiOumrOudoA==	U3BlbGwgQmVsdA==
E	7KO87KGw7J6lIOuCmOuwqQ==	Rm91bmRyeSBNb3Ro
E	7KSR7Ius7J2YIOuwleuPmQ==	UHVsc2Ugb2YgdGhlIENlbnRlcg==
E	7KeA64KcIOuqqO2XmOuLtA==	UGFzdCB0YWxlcw==
E	7KeA64+EIO2dieuCtOyDiA==	TWFwLU1pbWljIEJpcmQ=
E	7KeA7Jil66y4IOu2leq0tA==	SGVsbCBHYXRlIENvbGxhcHNl
E	7KeA7Jil67aIIOq1rOyytA==	SGVsbCBGaXJlIENvbmNyZXRl
E	7KeA7JuM7KeEIOuqheuLqA==	RXJhc2VkIExpc3Q=
E	7KeA7LycIOuCuCDquLg=	UGF0aCBLZXB0IFNhZmU=
E	7KeA7ZWY67OEIOuCmOuwqQ==	VW5kZXJncm91bmQtU3RhciBNb3Ro
E	7KeA7ZWY7J2YIOuzhOu5mw==	TGlnaHQgb2YgdGhlIFVuZGVyZ3JvdW5k
E	7KeA7ZyY6rSAIOqwkeyjvA==	Q29tbWFuZGVyJ3MgQXJtb3I=
E	7KeA7ZyY6rSAIO2IrOq1rA==	Q29tbWFuZGVyJ3MgSGVsbQ==
E	7KeE7Z2ZIOuRkOq6vOu5hA==	TXVkIFRvYWQ=
E	7KeE7Z2ZIOyghOugueyDiA==	TXVkIE1lc3NlbmdlciBCaXJk
E	7KuT6riw64qUIOyghOuguQ==	RmxlZWluZyBNZXNzZW5nZXI=
E	7LKc6rO1IOuwqe2MqOqyqQ==	U2t5IFNoaWVsZCBTbGFt
E	7LKc6rO1IO2ZlOyCtOu5hA==	U2t5IEFycm93IEJhcnJhZ2U=
E	7LKc6rWt66y4IO2PreqyqQ==	SGVhdmVuJ3MgR2F0ZSBCb21iYXJkbWVudA==
E	7LKc65GlIOq3uOumrO2VgA==	VGh1bmRlciBHcmlmZmlu
E	7LKc7IOBIOyLreyekOywuA==	SGVhdmVubHkgQ3J1Y2lmaXhpb24=
E	7LKc7IOB7J2YIOyCrOyKrA==	SGVhdmVuJ3MgQ2hhaW4=
E	7LKc7KeAIOqwgOultOq4sA==	RGl2aWRlIEhlYXZlbiBhbmQgRWFydGg=
E	7LKg67K9IOuwgOy5mOq4sA==	SXJvbiBXYWxsIFB1c2g=
E	7LKt64+ZIOq4uOyeoeydtA==	QnJvbnplIEd1aWRl
E	7LSI7Iq564usIOuLqOqygA==	Rmlyc3QgTW9vbiBEYWdnZXI=
E	7LWc7ZuE7J2YIOydvOqyqQ==	RmluYWwgT25lIFN0cmlrZQ==
E	7LaU6rKp66GcIOyXrOyasA==	Q2hhc2UtUGF0aCBGb3g=
E	7LaU7KCB7J6QIOqyveqwkQ==	VHJhY2tlcidzIEFybW9y
E	7Lap7ISxIOyCrOuDpeqwnA==	TG95YWwgSG91bmQ=
E	7Lap7ISx7J2YIOydvOqyqQ==	U3RyaWtlIG9mIExveWFsdHk=
E	7Lmo66y1IOuPhOuniOuxgA==	U2lsZW50IExpemFyZA==
E	7Lmo66y1IOu/lO2GoOuBvA==	U2lsZW50IEhvcm5lZCBSYWJiaXQ=
E	7Lmo66y1IO2PrOyLneyDiA==	U2lsZW50IFJhcHRvcg==
E	7Lmo66y17J2YIOywrOqwgA==	U2lsZW50IEh5bW4=
E	7Lmo66y17J2YIOyymO2YlQ==	U2lsZW50IEV4ZWN1dGlvbg==
E	7YG0656Y66atIOuhnOu4jA==	Q2xlcmljIFJvYmU=
E	7YG0656Y66atIOyZhOqwkQ==	Q2xlcmljIFZhbWJyYWNlcw==
E	7YG0656Y66atIOyepe2ZlA==	Q2xlcmljIEJvb3Rz
E	7Ya166GcIOuPhOuniOuxgA==	UGFzc2FnZSBMaXphcmQ=
E	7Yis66qF67+UIO2GoOuBvA==	VHJhbnNwYXJlbnQtSG9ybiBSYWJiaXQ=
E	7Yis66qF7J6OIOyCrOyKtA==	VHJhbnNwYXJlbnQtTGVhZiBEZWVy
E	7Yq466GkIOyWtOq4iOuLiA==	VHJvbGwgVHVzaw==
E	7YyM656A67aIIOyXrOyasA==	Qmx1ZS1MaWdodCBGb3g=
E	7YyM66eI7J2YIOyduOyepQ==	UGFtYSdzIFNlYWw=
E	7YyM66y4IOuPhOuniOuxgA==	UmlwcGxlIExpemFyZA==
E	7YyM7IiY6r68IOuwleylkA==	U2VudHJ5IEJhdA==
E	7YyM7IiY7J6QIOyXrOyasA==	U2VudHJ5IEZveA==
E	7YyM7J207YSwIOqwkeyYtw==	RmlnaHRlciBBcm1vcg==
E	7YyM7J207YSwIOyepe2ZlA==	RmlnaHRlciBCb290cw==
E	7YyM7J207YSwIO2IrOq1rA==	RmlnaHRlciBIZWxt
E	7YyU652865SYIOqwkeyYtw==	UGFsYWRpbiBBcm1vcg==
E	7YyU652865SYIOyepe2ZlA==	UGFsYWRpbiBCb290cw==
E	7YyU652865SYIO2IrOq1rA==	UGFsYWRpbiBIZWxt
E	7Y+Q7ZeIIOuPhOuniOuxgA==	UnVpbnMgTGl6YXJk
E	7Y+t7ZKN7J2EIOuRkOuluA==	Qmxvd24gYnkgU3Rvcm0=
E	7ZGc7IudIOuPhOuniOuxgA==	TWFya2VkIExpemFyZA==
E	7ZGc7KeA7ISdIOyXrOyasA==	V2F5c3RvbmUgRm94
E	7ZS864Kc66GcIOqxsOuvuA==	RXZhY3VhdGlvbi1Sb3V0ZSBTcGlkZXI=
E	7ZiI7JuUIOyYpOyasOqxsA==	Qmxvb2Rtb29uIE9ncmU=
E	7Zmp6riIIOyEnOyVveywuA==	R29sZGVuIE9hdGggU2hhcmQ=
E	7ZqM7Jik66asIOywuOqyqQ==	V2hpcmx3aW5kIFNsYW0=
E	7ZqM7Jik66asIO2ZlOyCtA==	V2hpcmx3aW5kIEFycm93
E	7ZuI66Co7J6lIOqxsOuvuA==	VHJhaW5pbmctR3JvdW5kIFNwaWRlcg==
E	7Z2U7KCB7J2EIOqwkOy2mA==	VHJhY2tsZXNz
E	7Z2w6rCA7IucIOyCrOyKtA==	V2hpdGUtVGhvcm4gRGVlcg==
E	7Z2w7Jyg66asIOuwleylkA==	V2hpdGUtR2xhc3MgQmF0
E	W+qwgC3tnqNd	W0tvcmVhbiBzeWxsYWJsZV0=
E	6rCA7KO9IOqwkeyYtw==	TGVhdGhlciBBcm1vcg==
E	6rCV7LKgIOuyoOq4sA==	U3RlZWwgU2xhc2g=
E	6rCV7ZmUIOyyoOygnA==	UmVpbmZvcmNlZCBJcm9u
E	6rGw66+4IOuPheuCrQ==	U3BpZGVyIFZlbm9tIFNhYw==
E	6rGw7Jq4IOyasOusvA==	TWlycm9yIFdlbGw=
E	6rGw7LmcIO2EuOydmA==	Um91Z2gtQ29hdGVk
E	6rKA64yVIOuTpOqwnA==	U29vdCBIb3VuZA==
E	6rKA7Ja07KeEIOusvA==	RGFya2VuZWQgV2F0ZXI=
E	6rKA7J2AIOq5g+2EuA==	QmxhY2sgRmVhdGhlcg==
E	6rKM7J6EIOygleuztA==	R2FtZSBpbmZv
E	6rK965+JIOqwgeuwmA==	TGlnaHQgR3JlYXZlcw==
E	6rK965+JIOqwkeyYtw==	TGlnaHQgQXJtb3I=
E	6rOE64uoIOqxsOuvuA==	U3RhaXJjYXNlIFNwaWRlcg==
E	6rOg64yAIOqzqOugmA==	QW5jaWVudCBHb2xlbQ==
E	6rOg64yAIO2GseuLiA==	QW5jaWVudCBHZWFy
E	6rOo66CYIOyLrOyepQ==	R29sZW0gSGVhcnQ=
E	6rOo66qpIOqxsOuvuA==	QWxsZXkgU3BpZGVy
E	6rO16rCEIOygiOuLqA==	U3BhdGlhbCBTZXZlcg==
E	6rO17ZeIIOy5vOuCoA==	Vm9pZCBCbGFkZQ==
E	6rSA66y4IOq4sOuhnQ==	R2F0ZSBSZWNvcmQ=
E	6rSA66y4IOuPjO2MjA==	R2F0ZSBCcmVhaw==
E	6rSA66y4IOuztOyKpA==	R2F0ZSBCb3Nz
E	6rWQ6rCBIOqxsOuvuA==	QnJpZGdlLVBpZXIgU3BpZGVy
E	6rWs66ekIOqysOqzvA==	UHVyY2hhc2UgcmVzdWx0
E	6rWs66ekIOyZhOujjA==	UHVyY2hhc2UgQ29tcGxldGU=
E	6rWs7JetIMK3IA==	U2VjdG9yIMK3
E	6rWt6rK9IOyXrOyasA==	Qm9yZGVyIEZveA==
E	6rWw7YyoIOqxsOuvuA==	TWlsaXRhcnktVGFnIFNwaWRlcg==
E	6rWw7YyoIOyXrOyasA==	TWlsaXRhcnkgVGFnIEZveA==
E	6raB7IigIOyepeqwkQ==	QXJjaGVyJ3MgR2xvdmVz
E	6reg7Je0IOqxsOuvuA==	Q3JhY2tlZCBTcGlkZXI=
E	6reg7Je0IOyXrOyasA==	Q3JhY2tlZCBGb3g=
E	6riIIOqwhCDsooU=	Q3JhY2tlZCBCZWxs
E	6riJ7IaMIOqzteqyqQ==	Vml0YWwgUG9pbnQgQXR0YWNr
E	6riw64+EIOqwgeuwmA==	UHJheWVyIEdyZWF2ZXM=
E	6riw64+EIOuwleylkA==	UHJheWluZyBCYXQ=
E	6riw64+EIOuwmOyngA==	UHJheWVyIFJpbmc=
E	6riw64+EIOyYiOuztQ==	UHJheWVyIFJvYmU=
E	6riw64+EIOyepeqwkQ==	UHJheWVyIEdsb3Zlcw==
E	6riw66GdIOyXhuydjA==	Tm8gUmVjb3Jk
E	6riw66+8IOuwmOyngA==	UmluZyBvZiBBZ2lsaXR5
E	6riw67O4IOqzteqyqQ==	QmFzaWMgQXR0YWNr
E	6riw67O4IOuztOyDgQ==	QmFzaWMgUmV3YXJk
E	6riw7JmAIOuTpOylkA==	VGlsZS1Sb29mIEZpZWxkIE1vdXNl
E	6ri466qpIOuCmOuwqQ==	Q3Jvc3Nyb2FkIE1vdGg=
E	6ri467CRIOuTpOylkA==	VW5kZXJwYXRoIEZpZWxkIE1vdXNl
E	6ri47J2EIOyeiuydgA==	TG9zdCBXYXk=
E	6rmD7YS4IOuCmOuwqQ==	RmVhdGhlcmVkIE1vdGg=
E	6rmD7YS4IOuqqOyekA==	RmVhdGhlciBDYXA=
E	6rmo7KeEIO2VmOuKmA==	U2hhdHRlcmVkIFNreQ==
E	6rq87KeEIO2VmOuKmA==	RXh0aW5ndWlzaGVkIFNreQ==
E	64KY7J207YWMIOyigA==	VHJlZS1SaW5nIFNpbHZlcmZpc2g=
E	64W57IqoIOusvOuxgA==	UnVzdGVkIFdhdGVyIFNuYWtl
E	64W57IqoIOyZleylkA==	UnVzdGVkIEdpYW50IFJhdA==
E	64qqIO2eiOuTnOudvA==	TWFyc2ggSHlkcmE=
E	64uI7JWE7J2YIOqwkg==	TmlhJ3MgUHJpY2U=
E	64uk66W4IOyeie2BrA==	RGlmZmVyZW50IEluaw==
E	64uk7IucIOyLnOuPhA==	UmV0cnk=
E	64uk7J2MIOuqqO2XmA==	TmV4dCBBZHZlbnR1cmU=
E	64ur7Z6MIOyXreulmA==	Q2xvc2VkIEJhY2tmbG93
E	64us67mbIOuyhOyErw==	TW9vbmxpdCBNdXNocm9vbQ==
E	64yA7KeAIOu2hOyHhA==	RWFydGggU2hhdHRlcg==
E	642rIOuPhOuniOuxgA==	VHJhcCBMaXphcmQ=
E	64+E7KCBIOyduOyepQ==	VGhpZWYncyBTZWFs
E	64+E7KCBIOyepeqwkQ==	VGhpZWYncyBHYXVudGxldA==
E	64+E7KCBIOyepe2ZlA==	VGhpZWYncyBCb290cw==
E	64+E7KCBIO2bhOuTnA==	VGhpZWYncyBIb29k
E	64+M6rKpIOuRkOqxtA==	QXNzYXVsdCBIb29k
E	64+M6rKpIOyZuO2IrA==	QXNzYXVsdCBDb2F0
E	64+Z6rW0IOqxsOuvuA==	Q2F2ZSBTcGlkZXI=
E	65Ox67aIIOuCmOuwqQ==	TGFudGVybiBNb3Ro
E	65WF7IaNIOyImOugiA==	VGhlIFVuZGVyZ3JvdW5kIENhcnQ=
E	65uw64qUIOycoOumrA==	QmVhdGluZyBHbGFzcw==
E	66CI7J247KCAIOywvQ==	UmFuZ2VyIFNwZWFy
E	66CI7J247KC4IOywvQ==	UmFuZ2VyIFNwZWFy
E	66Gc65OcIOyLpO2MqA==	TG9hZCBGYWlsZWQ=
E	66OsIOuouOumrOudoA==	UnVuZSBIZWFkYmFuZA==
E	66OsIOu4jOuhnOy5mA==	UnVuZSBCcm9vY2g=
E	66eI64+E7IKsIOq0gA==	TWFnZSBDaXJjbGV0
E	66eI66ClIOuLqOqygA==	TWFuYSBEYWdnZXI=
E	66eI66ClIOuwmOyngA==	TWFuYSBSaW5n
E	66eI66ClIOyepeqwkQ==	TWFuYSBHbG92ZXM=
E	66eI66ClIO2PreuwnA==	TWFuYSBFeHBsb3Npb24=
E	66eI67KVIOuqqOyekA==	TWFnaWMgSGF0
E	66eI7J2EIOyDgeygkA==	VmlsbGFnZSBTaG9w
E	66eJ7Z6MIOyImOusuA==	QmxvY2tlZCBTbHVpY2UgR2F0ZQ==
E	66e564+FIOyMjey5qA==	VmVub21vdXMgVHdpbiBOZWVkbGVz
E	66mI7LaYIOygleyYpA==	RnJvemVuIE5vb24=
E	66mU7J207KeAIOq0gA==	TWFnZSBDaXJjbGV0
E	66m47LKcIOydvOyErA==	SGVhdmVuLVJlbmRpbmcgRmxhc2g=
E	66qF66C57IScIOyigA==	T3JkZXItU2hlZXQgU2lsdmVyZmlzaA==
E	66qF7KSRIOuwmOyngA==	UmluZyBvZiBBY2N1cmFjeQ==
E	66qo7ZeYIO2YhO2ZqQ==	QWR2ZW50dXJlIExvZw==
E	66yY7ZGcIOuTpOylkA==	R3JhdmUtTWFya2VyIE1vdXNl
E	66y066qFIOuCmOuwqQ==	VW5uYW1lZCBNb3Ro
E	66y07JiBIOyXsOywuA==	U2hhZG93bGVzcyBGbHVycnk=
E	66y47YSxIOuwleylkA==	VGhyZXNob2xkIEJhdA==
E	66y77Z6MIOqxsOyauA==	QnVyaWVkIE1pcnJvcg==
E	66y77Z6MIOq1sO2MqA==	VGhlIEJ1cmllZCBNaWxpdGFyeSBUYWc=
E	66y77Z6MIOywqOy2lQ==	QnVyaWVkIEF4bGU=
E	66y866CIIOuCmOuwqQ==	V2F0ZXJ3aGVlbCBNb3Ro
E	67CA656NIOyXrOyasA==	V2F4IEZveA==
E	67CU656MIOyLoOuwnA==	V2luZCBTaG9lcw==
E	67CU66GcIOy2qeyghA==	Q2hhcmdlIE5vdw==
E	67CY7ZalIOuwleylkA==	RWNobyBCYXQ=
E	67K97ZmUIOyVhOuemA==	VW5kZXIgdGhlIEZyZXNjbw==
E	67OE67mbIOuCmOuwqQ==	U3RhcmxpZ2h0IE1vdGg=
E	67OE67mbIOuNp+yLoA==	U3RhcmxpdCBTbGlwcGVycw==
E	67OE67mbIOuyleuztQ==	U3RhcmxpZ2h0IFZlc3RtZW50cw==
E	67OE67mbIOuyoOq4sA==	U3RhcmxpZ2h0IFNsYXNo
E	67OE7J2EIOyCvO2CqA==	U3Rhci1FYXRlbg==
E	67O07JygIOqzqOuTnA==	T3duZWQgR29sZA==
E	67O07JygIOyKpO2CrA==	T3duZWQgU2tpbGw=
E	67SE66y4IOqxsOuvuA==	U3ByaW5nIEdhdGUgU3BpZGVy
E	67SJ7J24IOuCmOuwqQ==	U2VhbGVkIE1vdGg=
E	67aA65+s7KeEIOywvQ==	QnJva2VuIFNwZWFy
E	67aB67CpIOuTpOylkA==	Tm9ydGhlcm4gRmllbGQgTW91c2U=
E	67aI6r2DIOygleuguQ==	RmxhbWUgU3Bpcml0
E	67aI7JSoIO2ZlOyCtA==	RW1iZXIgQXJyb3c=
E	67aJ7J2AIOuqqOuemA==	Q3JpbXNvbiBTYW5k
E	67aZ7J6h7Z6MIOyDmA==	Q2FwdGl2ZSBTcHJpbmc=
E	67mE7KCEIOqwle2ZlA==	QXJjYW5lLUVtcG93ZXJlZA==
E	67mE7KCEIOyGjOunpA==	QXJjYW5lIFNsZWV2ZXM=
E	67mE7KCEIOyZuO2IrA==	QXJjYW5lIENsb2Fr
E	67mE7KCEIOyduOyepQ==	QXJjYW5lIFNpZ2ls
E	67mE7KCEIOy2qeqyqQ==	QXJjYW5lIFNob2Nr
E	67mIIOyUqOyVl+2VqA==	RW1wdHkgU2VlZCBCb3g=
E	67mM66awIOq5g+uwnA==	Qm9ycm93ZWQgV2FyIEJhbm5lcg==
E	67mb6riIIOqxsOuvuA==	TGlnaHQtRmlzc3VyZSBTcGlkZXI=
E	67mb7J2EIOuTseynhA==	TGlnaHQtQmFja2Vk
E	67mb7J2YIOuyoOq4sA==	TGlnaHQgU2xhc2g=
E	67mb7J2YIOyLrO2MkA==	TGlnaHQncyBKdWRnbWVudA==
E	67mb7J2YIO2ZlOyCtA==	TGlnaHQgQXJyb3c=
E	7IKs6rCBIOydvOqyqQ==	RGVhZC1BbmdsZSBTdHJpa2U=
E	7IKs64OlIOyepeqwkQ==	SHVudGluZyBHbG92ZXM=
E	7IKs64OlIOyepe2ZlA==	SHVudGluZyBCb290cw==
E	7IKs67CpIOuCmeuisA==	U3Vycm91bmRpbmcgVGh1bmRlcg==
E	7IKs7KCcIOuRkOqxtA==	UHJpZXN0IEhvb2Q=
E	7IKs7KCcIOyLoOuwnA==	UHJpZXN0J3MgU2hvZXM=
E	7IKs7KCcIOyyoO2HtA==	UHJpZXN0J3MgTWFjZQ==
E	7IKt7KCcIOykkeKApg==	RGVsZXRpbmcuLi4=
E	7IK87KSRIOuCmeuisA==	VHJpcGxlIFRodW5kZXI=
E	7IOB7LKYIOyeheydgA==	V291bmRlZA==
E	7IOI67K9IOuCmOuwqQ==	RGF3biBNb3Ro
E	7IOI67K97KKF7Jy866Gc	V2l0aCBEYXduIEJlbGw=
E	7IOYIOuPhOuhseuHvQ==	U3ByaW5nIFNhbGFtYW5kZXI=
E	7ISc66asIO2Pre2SjQ==	RnJvc3QgU3Rvcm0=
E	7ISc66y4IOuwleylkA==	V2VzdC1HYXRlIEJhdA==
E	7ISc7JW9IOuCmOuwqQ==	T2F0aCBNb3Ro
E	7ISc7JW9IOuRkOqxtA==	T2F0aCBIb29k
E	7ISc7JW9IOuwmOyngA==	T2F0aCBSaW5n
E	7ISs6rSRIOydvOyErA==	Rmxhc2hpbmcgU2xhc2g=
E	7ISx6rCAIOyGjOunpA==	SHltbiBTbGVldmVz
E	7ISx6rCAIOyZuO2IrA==	SHltbiBDbG9haw==
E	7ISx6rSRIOqygOustA==	UmFkaWFudCBTd29yZCBEYW5jZQ==
E	7ISx66y4IOuTpOylkA==	R2F0ZWhvdXNlIEZpZWxkIE1vdXNl
E	7ISx67K9IOuTpOylkA==	UmFtcGFydCBGaWVsZCBNb3VzZQ==
E	7ISx67K9IOyXrOyasA==	UmFtcGFydCBGb3g=
E	7ISx7JygIOqwgOuptA==	Q29uc2VjcmF0ZWQgTWFzaw==
E	7ISx7JygIOqwgeyduA==	SG9seS1PaWwtSW5zY3JpYmVk
E	7ISx7JygIOunne2GoA==	Q29uc2VjcmF0ZWQgQ2xvYWs=
E	7ISx7JygIOyepe2ZlA==	Q29uc2VjcmF0ZWQgQm9vdHM=
E	7ISx7KCEIOqwgeuwmA==	Q3J1c2FkZXIgR3JlYXZlcw==
E	7ISx7KCEIOuptOqwkQ==	Q3J1c2FkZXIgVmlzb3I=
E	7ISx7KCEIOyZhOqwkQ==	Q3J1c2FkZXIgVmFtYnJhY2Vz
E	7ISx7KCEIOyyoO2HtA==	Q3J1c2FkZXIgTWFjZQ==
E	7ISx7KCEIO2dieqwkQ==	Q3J1c2FkZXIgQ3VpcmFzcw==
E	7ISx7KeBIOyZhOqwkQ==	Q2xlcmljIFZhbWJyYWNlcw==
E	7ISx7KeBIOyepe2ZlA==	Q2xlcmljIEJvb3Rz
E	7ISx7LGEIOyZleylkA==	Q2l0YWRlbCBHaWFudCBSYXQ=
E	7ISx7ZmUIO2PreuwnA==	U2FjcmVkIEV4cGxvc2lvbg==
E	7ISx7ZmUIO2VtOydvA==	U2FjcmVkIFRpZGU=
E	7IS46rSAIOyXrOyasA==	Q3VzdG9tcyBGb3g=
E	7IaM66asIOyXhuuKlA==	U2lsZW50
E	7IaNIOu5iCDquLg=	VGhlIEhvbGxvdyBSb2Fk
E	7IiY66CIIOqxsOuvuA==	V2Fnb24gU3BpZGVy
E	7IiY66y4IOqxsOuvuA==	U2x1aWNlIFNwaWRlcg==
E	7IiY66y4IOqxsOu2gQ==	U2x1aWNlIFR1cnRsZQ==
E	7IiY7KCVIOuTpOylkA==	Q3J5c3RhbCBGaWVsZCBNb3VzZQ==
E	7IiY7KCVIO2MjO2OuA==	Q3J5c3RhbCBTaGFyZA==
E	7IiY7Zi4IOuMgOqygA==	R3VhcmRpYW4gR3JlYXRzd29yZA==
E	7IiY7Zi4IOuwleylkA==	R3VhcmQgQmF0
E	7IiY7Zi4IOu2gOyggQ==	R3VhcmRpYW4gQ2hhcm0=
E	7IiY7Zi4IOyGkOqwkQ==	R3VhcmRpYW4gR2F1bnRsZXRz
E	7IiY7Zi4IO2MkOq4iA==	R3VhcmRpYW4gUGxhdGU=
E	7Iic7JyEIOyXhuydjA==	VW5yYW5rZWQ=
E	7Iic7LCwIOyduOyepQ==	UGF0cm9sIFNpZ2ls
E	7Iic7LCw7J6QIOywvQ==	UmFuZ2VyIFNwZWFy
E	7Iio7J2EIOyjveyduA==	THVya2luZyBRdWlldGx5
E	7IiyIOqzoOu4lOumsA==	Rm9yZXN0IEdvYmxpbg==
E	7IiyIOuouOumrOudoA==	Rm9yZXN0IEhlYWRiYW5k
E	7Iq57KCEIOyduOyepQ==	VmljdG9yeSBTaWdpbA==
E	7Iuc6rCEIOygiOuLqA==	VGltZSBTbGljZQ==
E	7Iuc7ZSEIOyduOyepQ==	VGhpZWYgU2lnaWw=
E	7Iuc7ZSEIOyepeqwkQ==	VGhpZWYgR2xvdmVz
E	7Iuc7ZSEIOyepe2ZlA==	VGhpZWYgQm9vdHM=
E	7Iuc7ZSEIO2bhOuTnA==	VGhpZWYgSG9vZA==
E	7Iud7YOBIOuTpOylkA==	RGluaW5nIE1vdXNl
E	7Iug6rSAIOuyleuztQ==	UHJpZXN0J3MgVmVzdG1lbnRz
E	7Iug6rSAIOyGkOqwkQ==	UHJpZXN0J3MgR2F1bnRsZXRz
E	7Iug7JWZIOyduOyepQ==	RmFpdGggU2lnaWw=
E	7Iug7ZmU7J2YIOuNqw==	TXl0aCdzIFNuYXJl
E	7Ius7JewIO2PreuwnA==	QWJ5c3NhbCBFeHBsb3Npb24=
E	7Ius7Jew7J2YIOuIiA==	QWJ5c3NhbCBFeWU=
E	7Ius7Li1IOuvuOq2gQ==	RGVlcCBMYWJ5cmludGg=
E	7Ius7YyQIOqwgOuptA==	SnVkZ21lbnQgTWFzaw==
E	7Ius7YyQIOunney5mA==	SnVkZ21lbnQgSGFtbWVy
E	7Ius7YyQIOyZuO2IrA==	SnVkZ21lbnQgQ2xvYWs=
E	7Ius7YyQIOyduOyepQ==	SnVkZ21lbnQgU2VhbA==
E	7Ius7YyQIOyepe2ZlA==	SnVkZ21lbnQgQm9vdHM=
E	7Iut7J6QIOuyoOq4sA==	Q3Jvc3MgU2xhc2g=
E	7Iut7J6QIOywuOqyqQ==	Q3Jvc3MgU2xhc2g=
E	7JWE7KeBIOyXhuydjA==	Tm90IFlldA==
E	7JWI6rCcIOuwleylkA==	Rm9nIEJhdA==
E	7JWU7IK0IOqwgOuptA==	QXNzYXNzaW4ncyBNYXNr
E	7JWU7IK0IOyepe2ZlA==	QXNzYXNzaW4ncyBCb290cw==
E	7JWU7IK0IOyhsOuBvA==	QXNzYXNzaW4ncyBWZXN0
E	7JW87ZaJIOy9lO2KuA==	TmlnaHRzdGFsa2VyIENvYXQ=
E	7Jet66WYIOusvOuxgA==	UmVmbHV4IFdhdGVyIFNuYWtl
E	7Jew7IaNIOyCrOqyqQ==	Q29udGludW91cyBGaXJl
E	7Jew7IaNIO2DgOqyqQ==	Q29udGludW91cyBTdHJpa2U=
E	7JiB6rWsIOyCreygnA==	UGVybWFuZW50IERlbGV0ZQ==
E	7JmV6raMIOydvOqyqQ==	Um95YWwgU3RyaWtl
E	7JmV7IukIOqwkeyjvA==	Um95YWwgUGxhdGU=
E	7JmV7IukIOyepeqwkQ==	Um95YWwgR2F1bnRsZXRz
E	7JmV7IukIOyepeqygA==	Um95YWwgTG9uZ3N3b3Jk
E	7JmV7IukIO2IrOq1rA==	Um95YWwgSGVsbQ==
E	7JmV7J2YIOyIqO2GtQ==	S2luZydzIEJyZWF0aA==
E	7Jqp6rOoIOqwle2ZlA==	RHJhZ29uYm9uZS1SZWluZm9yY2Vk
E	7Jqp7JWUIOu2hOy2nA==	TWFnbWEgRXJ1cHRpb24=
E	7Jqp7J2YIOyIqOqysA==	RHJhZ29uJ3MgQnJlYXRo
E	7Jqw66y8IOqxsOu2gQ==	V2VsbCBUdXJ0bGU=
E	7Jqw7KO8IOyiheunkA==	Q29zbWljIEVuZA==
E	7Jq066qFIO2MjOyHhA==	RmF0ZSBTaGF0dGVy
E	7JuQ7IaMIOqwgeuwmA==	RWxlbWVudGFsIEdyZWF2ZXM=
E	7JuQ7IaMIOunne2GoA==	RWxlbWVudGFsIENsb2Fr
E	7JuQ7IaMIOu2gOyggQ==	RWxlbWVudGFsIFRhbGlzbWFu
E	7JuQ7IaMIOyepeqwkQ==	RWxlbWVudGFsIEdsb3Zlcw==
E	7JuU6rSRIOyyoOyCrA==	TW9vbmxpZ2h0IFRocmVhZA==
E	7JuU7IudIOyCrOqyqQ==	TW9vbnNob3Q=
E	7JuU7ZWYIOyVlOyKtQ==	TW9vbmxpdCBBbWJ1c2g=
E	7J2A67mbIOu5hOuKmA==	U2lsdmVyIFNjYWxl
E	7J2A67mbIO2Vqeq4iA==	U2lsdmVyIEFsbG95
E	7J2A7IKsIOuCnOustA==	U2lsdmVyIFN0b3Jt
E	7J2A7ZWYIOyiheuLqA==	R2FsYWN0aWMgU2V2ZXJhbmNl
E	7J247J6lIOqxsOuvuA==	U2lnaWwgU3BpZGVy
E	7J247J6lIOuTpOylkA==	U2lnaWwgTW91c2U=
E	7J6Q64+ZIOuqqO2XmA==	QXV0byBBZHZlbnR1cmU=
E	7J6U67aIIOuwleylkA==	RW1iZXIgQmF0
E	7J6U7IOBIOuPhOyVvQ==	QWZ0ZXJpbWFnZSBMZWFw
E	7J6g6ri0IOyImOuhnA==	TG9ja2VkIENhbmFs
E	7J6g7ZaJIOuRkOqxtA==	U3RlYWx0aCBIb29k
E	7J6g7ZaJIOyZhOqwkQ==	U3RlYWx0aCBWYW1icmFjZXM=
E	7J6l66GAIO2WieugrA==	RnVuZXJhbCBQcm9jZXNzaW9u
E	7J6l67mEIOqygO2GoA==	UmV2aWV3aW5nIGdlYXI=
E	7J6l67mEIOyDgeygkA==	RXF1aXBtZW50IFNob3A=
E	7J6l67mEIOyEoOuzhA==	U2VsZWN0aW5nIGdlYXI=
E	7J6l67mEIOygleu5hA==	R2VhciBtYWludGVuYW5jZQ==
E	7J6l7LCpIOyepeu5hA==	RXF1aXBwZWQgR2Vhcg==
E	7J6s6r2DIOuCmOuwqQ==	QXNoIEJsb3Nzb20gTW90aA==
E	7J6s67CtIOyXrOyasA==	QXNoLUZpZWxkIEZveA==
E	7J6s7J2YIOyEseyxhA==	QXNoZW4gQ2l0YWRlbA==
E	7J6s7J2YIO2MjOuPhA==	QXNoIFRpZGU=
E	7J6/67mbIOq1reqyvQ==	QXNoZW4gRnJvbnRpZXI=
E	7J6/67mbIOuwleylkA==	QXNoZW4gQmF0
E	7KCB7KeEIOuTpOqwnA==	RW5lbXktQ2FtcCBIb3VuZA==
E	7KCE66C5IOyXrOyasA==	TWVzc2VuZ2VyIEZveA==
E	7KCE7IKsIOqwkeyYtw==	V2FycmlvciBBcm1vcg==
E	7KCE7IKsIOyepe2ZlA==	V2FycmlvciBCb290cw==
E	7KCE7IKsIO2IrOq1rA==	V2FycmlvciBIZWxtZXQ=
E	7KCE7YisIOqwnOyLnA==	QmF0dGxlIEJlZ2lucw==
E	7KCE7YisIOyepeqwkQ==	Q29tYmF0IEdhdW50bGV0cw==
E	7KCV66CoIOqwleyyoA==	VGVtcGVyZWQgU3RlZWw=
E	7KCV66CoIOyyoOygnA==	VGVtcGVyZWQgSXJvbg==
E	7KCV66C5IOyelOu2iA==	U3Bpcml0IEVtYmVy
E	7KCV66C5IO2PrO2ZlA==	U3Bpcml0IEJhcnJhZ2U=
E	7KCV7JikIOuCmOu5hA==	Tm9vbiBCdXR0ZXJmbHk=
E	7KCV7JikIOuTpOylkA==	Tm9vbiBGaWVsZCBNb3VzZQ==
E	7KCV7LCwIOyZhOqwkQ==	U2NvdXQgVmFtYnJhY2Vz
E	7KCV7LCwIOyhsOuBvA==	U2NvdXQgVmVzdA==
E	7KCV7LCwIO2bhOuTnA==	U2NvdXQgSG9vZA==
E	7KCc66mL64yA66Gc7J24	VW5ydWx5
E	7KKF6rCA66OoIO2LiA==	QmVsbC1EdXN0IENyYWNr
E	7KKF7KSEIOuwleylkA==	QmVsbC1Sb3BlIEJhdA==
E	7KKF7YORIOqxsOuvuA==	QmVsbC1Ub3dlciBTcGlkZXI=
E	7KKF7YuAIOuwleylkA==	QmVsbC1GcmFtZSBCYXQ=
E	7KKF7ZiAIOq1rOupjQ==	Q2xhcHBlciBIb2xl
E	7KKF7ZiAIOyDgeyekA==	Q2xhcHBlciBCb3g=
E	7KKF7ZiAIO2ZiOyXkA==	SW4gdGhlIENsYXBwZXIgR3Jvb3Zl
E	7KO8IOuKpeugpey5mA==	UHJpbWFyeQ==
E	7KO866y4IOuRkOqxtA==	U3BlbGwgSG9vZA==
E	7KO866y4IOuwleylkA==	U3BlbGwgQmF0
E	7KeA67aVIOyXrOyasA==	Um9vZiBGb3g=
E	7KeA7ZWYIOyZleylkA==	QmFzZW1lbnQgR2lhbnQgUmF0
E	7KeB7JeFIOyEoO2DnQ==	Q2hvb3NlIGEgY2xhc3M=
E	7KeE7KecIOqzteuqhQ==	VHJ1ZSBSZXNvbmFuY2U=
E	7LCs6rCAIOuCmOuwqQ==	Q2hhbnQgTW90aA==
E	7LC96rO1IOu2leq0tA==	U2t5IENvbGxhcHNl
E	7LC966y4IOuCmOuwqQ==	V2luZG93IE1vdGg=
E	7LKc6rWwIO2PrO2ZlA==	SGVhdmVubHkgSG9zdCBCYXJyYWdl
E	7LKc65GlIOqysOyglQ==	VGh1bmRlciBDcnlzdGFs
E	7LKc65GlIOyiheunkA==	VGh1bmRlcidzIEVuZA==
E	7LKc66eJIOqxsOuvuA==	VGVudCBTcGlkZXI=
E	7LKc67KMIOu2hOyHhA==	RGl2aW5lIFB1bmlzaG1lbnQgU2hhdHRlcg==
E	7LKc7ZWY64yA7JaR64uo	V29ybGQtU3BsaXR0aW5nIEdyZWF0IFNsYXNo
E	7LKg6rCRIOq0gO2GtQ==	SXJvbiBBcm1vciBQaWVyY2U=
E	7LKg6rCRIOuPjOynhA==	SXJvbiBBcm1vciBDaGFyZ2U=
E	7LKrIOuwnOqxuOydjA==	Rmlyc3QgU3RlcA==
E	7LSI7IaMIOuTpOylkA==	T3V0cG9zdCBNb3VzZQ==
E	7LSI7IaMIOyZleylkA==	V2F0Y2h0b3dlciBHaWFudCBSYXQ=
E	7LaU7KCBIOqwgOuptA==	VHJhY2tpbmcgTWFzaw==
E	7LaU7KCBIOyepe2ZlA==	VHJhY2tpbmcgQm9vdHM=
E	7Lap7KCEIOyZhOujjA==	Q2hhcmdlZA==
E	7Li16rOEIOyZleylkA==	U3RhaXIgR2lhbnQgUmF0
E	7LmY7JygIOu2gOyggQ==	SGVhbGluZyBDaGFybQ==
E	7LmY7JygIOyepeqwkQ==	SGVhbGVyJ3MgR2xvdmVz
E	7Lm864KgIOqwkOyYpQ==	QmxhZGUgUHJpc29u
E	7Lm864KgIOuyoOq4sA==	QmxhZGUgU2xhc2g=
E	7YG0656Y66atIOq0gA==	Q2xlcmljIENpcmNsZXQ=
E	7YOc7JaRIOyiheunkA==	U3VuJ3MgRW5k
E	7Ye066eIIOyCrOyKrA==	RXhvcmNpc20gQ2hhaW4=
E	7Ye066eIIOyXsO2DgA==	RXhvcmNpc20gQ29tYm8=
E	7Yis7KeAIOu2gOyggQ==	RmlnaHRpbmctU3Bpcml0IENoYXJt
E	7Yis7LKZIOyepeqwkQ==	VGhyb3dpbmcgR2xvdmVz
E	7YyM66m47J2YIOqygA==	U3dvcmQgb2YgUnVpbg==
E	7YyM7IeEIOy2qeqyqQ==	U2hhdHRlcmluZyBJbXBhY3Q=
E	7YyQ6riIIO2dieqwkQ==	UGxhdGUgQ3VpcmFzcw==
E	7YyQ66ekIOyZhOujjA==	U29sZA==
E	7Y+t7ZKNIOuPjOynhA==	U3Rvcm0gQ2hhcmdl
E	7Y+t7ZKNIOuyoOq4sA==	U3Rvcm0gU2xhc2g=
E	7ZGc7Li1IOuvuOq2gQ==	U2hhbGxvdyBMYWJ5cmludGg=
E	7ZG466W4IOyImOyVoQ==	QXp1cmUgU2Fw
E	7ZG466W4IOyXrOyasA==	Qmx1ZSBGb3g=
E	7ZKA7J6OIOqxsOuvuA==	TGVhZiBTcGlkZXI=
E	7ZWc7Kq9IOuIiOydmA==	T25lLUV5ZWQ=
E	7ZW06rOoIOq4sOyCrA==	U2tlbGV0b24gS25pZ2h0
E	7ZaJ7ISxIOuCme2VmA==	UGxhbmV0IERyb3A=
E	7ZaJ7Jq0IOu2gOyggQ==	THVja3kgQ2hhcm0=
E	7ZiE7J6QIOyGkOqwkQ==	U2FnZSdzIEdhdW50bGV0cw==
E	7ZiE7J6QIOydmOuztQ==	U2FnZSdzIFJvYmVz
E	7ZiE7J6QIOyepe2ZlA==	U2FnZSdzIEJvb3Rz
E	7ZiE7J6QIO2bhOuTnA==	U2FnZSdzIEhvb2Q=
E	7ZiE7J6sIOq5iuydtA==	Q3VycmVudCBkZXB0aA==
E	7ZiE7J6sIOuqqO2XmA==	Q3VycmVudCBxdWVzdA==
E	7ZiE7J6sIOyepeuptA==	Q3VycmVudCBTY2VuZQ==
E	7Zmp7Zi8IOuwtOyLnA==	VHdpbGlnaHQgQmFuc2hlZQ==
E	7Zmp7Zi8IOynhOyjvA==	VHdpbGlnaHQgUGVhcmw=
E	7ZqD67aIIOuCmOuwqQ==	Q2FuZGxlIE1vdGg=
E	7ZqN65OdIOyZhOujjA==	Q29sbGVjdGVk
E	7Z2w7KCV7JuQIOuyjA==	V2hpdGUtR2FyZGVuIEJlZQ==
E	7Z6Y7J2YIOuwmOyngA==	UmluZyBvZiBTdHJlbmd0aA==
E	IMK3IOygnA==	wrcgVGhl
E	6rCV7LKg67Cc7Yax	U3RlZWwgQ2xhd3M=
E	6rKA7J2A6rCI6riw	QmxhY2sgTWFuZQ==
E	6rKo7Jq467+M66as	V2ludGVyIFJvb3Q=
E	6rK967mE64yA7J2Y	R3VhcmRpYW4ncw==
E	6riw7IKs64uo7Iud	T3JkZXItSXNzdWU=
E	6ri4IOyeg+ydgA==	TG9zdA==
E	64Kg7Lm066Gc7Jq0	U2hhcnA=
E	64K0IOyInOychA==	TXkgcmFuaw==
E	64K066Ck7LmY6riw	U3RyaWtlIERvd24=
E	64iIIOuwneydgA==	S2Vlbi1FeWVk
E	66OsIOyYiOuztQ==	UnVuZSBSb2Jl
E	66OsIOyZhOqwkQ==	UnVuZSBWYW1icmFjZXM=
E	66OsIOyepe2ZlA==	UnVuZSBCb290cw==
E	66qF67aAIOyigA==	Um9zdGVyIFNpbHZlcmZpc2g=
E	66qp66Gd6rGw66+4	TGlzdCBTcGlkZXI=
E	66y06re57J287ISs	SW5maW5pdGUgRmxhc2g=
E	66y47YSx6rGw66+4	VGhyZXNob2xkIFNwaWRlcg==
E	67CU7YC07J6Q6rWt	V2hlZWwgTWFya3M=
E	67OEIOqwgOuptA==	U3RhciBNYXNr
E	67O07Y+t6rGw66+4	U3RyaWRlIFNwaWRlcg==
E	67SJ7J24IOyigA==	U2VhbGVkIFNpbHZlcmZpc2g=
E	67mIIOunieyCrA==	RW1wdHkgQmFycmFja3M=
E	67mIIOuqqOujqA==	RW1wdHkgQW52aWw=
E	67mIIOuzkeyYgQ==	RW1wdHkgQmFycmFja3M=
E	67mIIOy0iOyGjA==	RW1wdHkgT3V0cG9zdA==
E	7IKs7Iqs6rCR7Ji3	Q2hhaW4gTWFpbA==
E	7IKs7Iqs66qo7J6Q	Q2hhaW4gSGVsbQ==
E	7IOI67K97KKF6rCA	RGF3biBCZWxsJ3MgSG91c2U=
E	7IOI67K97KKF6rO8	RGF3biBCZWxsIGFuZA==
E	7IOI67K97KKF64qU	RGF3biBCZWxsIGlz
E	7IOI67K97KKF66Gc	RGF3biBCZWxsIFJvYWQ=
E	7IOI67K97KKF66W8	RGF3biBCZWxsJ3M=
E	7IOI67K97KKF7JmA	RGF3biBCZWxsIGFuZA==
E	7IOI67K97KKF7J2A	RGF3biBCZWxsIGlz
E	7IOI67K97KKF7J2E	RGF3biBCZWxsJ3M=
E	7IOI67K97KKF7J20	RGF3biBCZWxs
E	7ISx7KeBIOq0gA==	Q2xlcmljIENyb3du
E	7IS46rOE7IiY7J2Y	V29ybGQgVHJlZSdz
E	7IaM7Jqp64+M7J20	V2hpcmxwb29s
E	7IiY7Iq17IOd7J2Y	QXBwcmVudGljZSdz
E	7IiY7Zi4IOq0gA==	R3VhcmRpYW4gQ2lyY2xldA==
E	7IiY7Zi47J6Q7J2Y	R3VhcmRpYW4ncw==
E	7IiyIOqwgeuwmA==	Rm9yZXN0IEdyZWF2ZXM=
E	7IiyIOuTpOylkA==	Rm9yZXN0IEZpZWxkIE1vdXNl
E	7IiyIOu2gOyggQ==	Rm9yZXN0IENoYXJt
E	7IiyIOyGkOqwkQ==	Rm9yZXN0IEdhdW50bGV0cw==
E	7IiyIOyZuO2IrA==	Rm9yZXN0IENsb2Fr
E	7Iug6rSAIOq0gA==	UHJpZXN0J3MgQ2lyY2xldA==
E	7JWI6rCcIOyGjQ==	Rm9nYm91bmQ=
E	7Ja87J2MIOywvQ==	SWNlIFNwZWFy
E	7Jes7ZaJ7J6Q7J2Y	VHJhdmVsZXIncw==
E	7JiB7Zi86rKw7KCV	U291bCBDcnlzdGFs
E	7Jqp7JWUIO2VtQ==	TWFnbWEgQ29yZQ==
E	7Jqw66y866y867GA	V2F0ZXIgU25ha2U=
E	7Jyg66C5IOyynA==	U3BlY3RyYWwgQ2xvdGg=
E	7J6J7YGs66y867GA	SW5rIFdhdGVyIFNuYWtl
E	7J6YIOuyvOumsA==	V2VsbC1DYXJ2ZWQ=
E	7J6l67aAIOyigA==	TGVkZ2VyIFNpbHZlcmZpc2g=
E	7J6s7IOdIOykkQ==	UmV2aXZpbmc=
E	7J6s7J2YIOyZlQ==	QXNoIEtpbmc=
E	7KCA7KO867Cb7J2A	Q3Vyc2Vk
E	7KCE7YisIOykkQ==	SW4gQ29tYmF0
E	7KCE7Yis64+E64G8	Q29tYmF0IEF4ZQ==
E	7KCV6rec6rWw7Iud	U3RhbmRhcmQtSXNzdWU=
E	7KSA67mEIOykkQ==	UHJlcGFyaW5n
E	7KeE7ZaJIOykkQ==	T25nb2luZw==
E	7LKc65287KeA66ed	Q2VsZXN0aWFsIFRyYXA=
E	7LKrIOyImOugiA==	VGhlIEZpcnN0IENhcnQ=
E	7Lm864KgIOuNqw==	QmxhZGUgU25hcmU=
E	7YOE7ZmU7IKs7Iq0	Q2hhcnJlZCBEZWVy
E	7YOQ7IOJIOykkQ==	RXhwbG9yaW5n
E	7YOc7JaR6rCB7J24	U29sYXIgTWFyaw==
E	6rCA66Oo67OR	UG93ZGVyIFZpYWw=
E	6rCA66W06riw	U2xhc2g=
E	6rKs7Iq17Iud	QXBwcmVudGljZQ==
E	6rK97ZeY7LmY	RXhwZXJpZW5jZQ==
E	6rOg64yA7J2Y	QW5jaWVudA==
E	6rSR7Y+s7ZWc	RnJlbnppZWQ=
E	6rW27KO866aw	U3RhcnZpbmc=
E	6reA7ZmY7KKF	UmV0dXJuIEJlbGw=
E	6re466a87J6Q	U2hhZG93
E	6riw64WQ66y8	TWVtZW50bw==
E	6riw64+E7LC9	UHJheWVyIFNwZWFy
E	6rmo7Ja064Kc	QXdha2VuZWQ=
E	6r6465+s66+4	QnVuZGxl
E	64KYLCA=	SSw=
E	64KY7KSR7JeQ	TGF0ZXI=
E	64W466Co7ZWc	U2Vhc29uZWQ=
E	64ql66Cl7LmY	U3RhdHM=
E	64uo64uo7ZWc	U3R1cmR5
E	64us6rCB7J24	TW9vbi1JbnNjcmliZWQ=
E	64yA6rCA7Iud	R3JhbmRtYXN0ZXI=
E	64+F6rCA7Iuc	UG9pc29uIFRob3Ju
E	65Og65Og7ZWc	U3RhbHdhcnQ=
E	66CI7J247KCA	UmFuZ2Vy
E	66Os6rCB7J24	UnVuZWQ=
E	66eI64+E67SJ	QXJjYW5lIFJvZA==
E	66eI67KV7ISc	U3BlbGxib29r
E	66eI7KCV7ISd	TWFuYSBDcnlzdGFs
E	66eI7Lmo7ZGc	UGVyaW9k
E	66mU7J207KeA	TWFnZQ==
E	66qF7J6l7KCc	TWFzdGVyd29yaw==
E	66qo7ZeY6rCA	QWR2ZW50dXJlcg==
E	66qo7ZeY64u0	QWR2ZW50dXJl
E	66qo7ZeY7Iud	QWR2ZW50dXJpbmc=
E	66+47Iqk66a0	TWl0aHJpbA==
E	67CA67SJ7ZWo	U2VhbGVkIEJveA==
E	67Cw6rOg7ZSI	SHVuZ3J5
E	67K9IO2LiA==	V2FsbCBDcmFjaw==
E	67OE6rCA66Oo	U3RhcmR1c3Q=
E	67O17ZWp6raB	Q29tcG9zaXRlIEJvdw==
E	67SJ7J247ISd	U2VhbGluZyBTdG9uZQ==
E	67aI6ri47ZWc	RmF0ZWZ1bA==
E	67mE64uo7Iug	U2lsayBTaG9lcw==
E	67mb67CU656c	RmFkZWQ=
E	67+U64qR64yA	SG9ybmVkIFdvbGY=
E	67+U7Yis6rWs	SG9ybmVkIEhlbG0=
E	7IKs64Ol7Zmc	SHVudGluZyBCb3c=
E	7IKs7KCc67O1	UHJpZXN0J3MgUm9iZXM=
E	7IOI67K97J2Y	RGF3bidz
E	7IOI67K97KKF	RGF3biBCZWxs
E	7ISx66y867SJ	UmVsaXF1YXJ5IFN0YWZm
E	7ISx7Jet7Iud	U2FuY3R1YXJ5LUZvcmdlZA==
E	7ISx7KKM7J2Y	U2VhdCBvZg==
E	7IaM67CV7ZWc	U2ltcGxl
E	7IaQ7Ieg64eM	SGFuZCBDcm9zc2Jvdw==
E	7IaQ7KeI7ZWc	V2VsbC1LZXB0
E	7IiY7KCV6rWs	Q3J5c3RhbCBPcmI=
E	7Iic66GA7ZmU	UGlsZ3JpbSBTaG9lcw==
E	7Iug7ISx7ZWc	U2FjcmVk
E	7Ius7Jew7J2Y	QWJ5c3NhbA==
E	7Ius7Li17KCc	RGVwdGgtRm9yZ2Vk
E	7IyN64Kg6rKA	VHdpbmJsYWRl
E	7IyN64uo6rKA	VHdpbiBEYWdnZXJz
E	7JWU7IK06rKA	QXNzYXNzaW4ncyBCbGFkZQ==
E	7JiI66as7ZWc	S2Vlbg==
E	7JmV6rCA7J2Y	Um95YWwgSG91c2Uncw==
E	7JmV7Iuk7KCc	Um95YWw=
E	7Jqp66e57ZWc	QnJhdmU=
E	7Jqp67OR7J2Y	TWVyY2VuYXJ5J3M=
E	7Jqp67mE64qY	RHJhZ29uIFNjYWxl
E	7Jqp7IK06rKA	RHJhZ29uc2xheWVyIEJsYWRl
E	7Jq066qF7Iud	RmF0ZWJvdW5k
E	7Jq066qF7J2Y	RmF0ZSdz
E	7Jyg7IKw6riJ	TGVnYWN5IFJhbms=
E	7Jyg7ISx7Jqw	TWV0ZW9yIFNob3dlcg==
E	7J6g7ZaJ67O1	U3RlYWx0aCBHYXJi
E	7J6g7ZaJ7ZmU	U3RlYWx0aCBCb290cw==
E	7J6l7Iud7ZKI	RGVjb3JhdGl2ZSBJdGVt
E	7J6l7Iug6rWs	QWNjZXNzb3J5
E	7KCE66as7ZKI	TG9vdA==
E	7KCE7Iq57Iud	SGVpcmxvb20=
E	7KCE7Yis66Cl	UG93ZXI=
E	7KCV6rWQ7ZWc	U29waGlzdGljYXRlZA==
E	7KCV66C57J2Y	U3Bpcml0J3M=
E	7KCV7LCw7ZmU	U2NvdXQgQm9vdHM=
E	7KO866i56rCR	RmlzdGd1YXJkcw==
E	7KO866y47ISc	U3BlbGwgU2Nyb2xs
E	7KSR7J6l7ZmU	SGVhdnkgQm9vdHM=
E	7LCM66W06riw	U3RhYg==
E	7LKc6rO17Iud	U2t5Zm9yZ2Vk
E	7LKc7IOB7J2Y	Q2VsZXN0aWFs
E	7LKg7KCc7Iug	SXJvbiBCb290cw==
E	7LSI7Iug7ISx	U3VwZXJub3Zh
E	7LSI7JuU7Iud	VHJhbnNjZW5kZW50
E	7LWc7IOB64uo	QXBleA==
E	7LmY7Jyg67SJ	SGVhbGluZyBSb2Q=
E	7Lmo66y17J2Y	U2lsZW50
E	7YCY7Iqk7Yq4	UXVlc3Rz
E	7YG0656Y66at	Q2xlcmlj
E	7YOc6rOg7Iud	UHJpbW9yZGlhbA==
E	7YOc6rOg7J2Y	T2YgdGhlIFByaW1vcmRpYWw=
E	7Yis7LKZ6rKA	VGhyb3dpbmcgS25pZmU=
E	7Yq87Yq87ZWc	U3R1cmR5
E	7YyM7IeE6rKp	Q3J1c2ggU3RyaWtl
E	7YyM7J207YSw	RmlnaHRlcg==
E	7YyM7Y647ZWo	RnJhZ21lbnQgQm94
E	7YyU652865SY	UGFsYWRpbg==
E	7Y687LOQ7KeQ	VW5mb2xkaW5n
E	7Y+t7ZKN6rKA	U3Rvcm0gQmxhZGU=
E	7Y+t7ZKN7J2Y	T2YgdGhlIFN0b3Jt
E	7ZWcIOuwnA==	T25lIFNob3Q=
E	7ZWc6rWt7Ja0	S29yZWFu
E	7ZmU7IK067mE	UmFpbiBvZiBBcnJvd3M=
E	7Zmp7Zi87J2Y	VHdpbGlnaHQncw==
E	7ZqM7Jik66as	VG9ybmFkbw==
E	7ZuI66Co7Iud	VHJhaW5pbmc=
E	6rCA67Cp	QmFn
E	6rCB67CY	R3JlYXZlcw==
E	6rCV7LKg	U3RlZWw=
E	6rCV7YOA	SGVhdnkgU3RyaWtl
E	6rCV7ZWY	RHJvcA==
E	6rGw7Iug	Q29sb3NzdXM=
E	6rGw7Lmc	Um91Z2g=
E	6rKw7KCV	Q3J5c3RhbA==
E	6rOg6riJ	VW5jb21tb24=
E	6rOg7ISc	QW5jaWVudCBUb21l
E	6rOh64+E	Q3VydmVkIFN3b3Jk
E	6rSA7Ya1	UGllcmNl
E	6rSR656A	UmFnZQ==
E	6rSR7ISg	QmVhbQ==
E	6rSR7KO8	UmFkaWFudA==
E	6rWQ7LCo	Q3Jvc3Nyb2Fkcw==
E	6rWs7Jet	U2VjdG9y
E	6reA7ZmY	UmV0dXJuaW5n
E	64KZ66Kw	TGlnaHRuaW5n
E	64KZ7ZWY	RHJvcA==
E	64Kc66y0	Rmx1cnJ5
E	64Kc7IKs	QmFycmFnZQ==
E	64Kh7J2A	V29ybg==
E	64OJ6riw	SWNl
E	64eM6rKp	VGh1bmRlcnN0cmlrZQ==
E	64uk7J2M	TmV4dA==
E	64uo6rKA	RGFnZ2Vy
E	64uo6raB	U2hvcnRib3c=
E	64uo65GQ	SGVhZA==
E	64ur6riw	Q2xvc2U=
E	64us67mb	TW9vbmxpZ2h0
E	64yA6rKA	R3JlYXRzd29yZA==
E	64yA7KeA	RWFydGg=
E	64+F64uI	VmVub20gRmFuZw==
E	64+M7KeE	Q2hhcmdl
E	64+M7YyM	QnJlYWt0aHJvdWdo
E	64+M7ZKN	R3VzdA==
E	66eI66Cl	TWFuYQ==
E	66eI67KV	TWFnaWM=
E	66e564+F	UG9pc29u
E	66i466as	SGVhZA==
E	66mU7J24	SG9tZQ==
E	66y06riw	V2VhcG9u
E	66y47J6l	Q3Jlc3Q=
E	66y866as	UGh5c2ljYWw=
E	67CU656M	V2luZA==
E	67CU7JyE	Um9jaw==
E	67Ck7J2Y	TmlnaHQncw==
E	67Cx66Co	V2hpdGUgTG90dXM=
E	67KI6rCc	TGlnaHRuaW5n
E	67Kg6riw	U2xhc2g=
E	67K86529	U3Rvcm0=
E	67OE67mE	U3RhcmxpZ2h0
E	67OE67mb	U3RhcmxpZ2h0
E	67OE7LKg	U3Rhcm1ldGFs
E	67O06riw	Vmlldw==
E	67O07Iqk	Qm9zcw==
E	67O166m0	TWFzaw==
E	67aA7KCB	QW11bGV0
E	67aI6ri4	RmxhbWU=
E	67aI6r2D	RmxhbWU=
E	67mE6rKA	U2VjcmV0IFN3b3Jk
E	67mE7KCE	QXJjYW5l
E	67mg66W4	U3dpZnQ=
E	7IKs6rKp	U2hvb3Rpbmc=
E	7IKs7Iqs	Q2hhaW4=
E	7IKw66el	TW91bnRhaW4gUmFuZ2U=
E	7ISc66as	RnJvc3Q=
E	7ISc66eJ	T3BlbmluZw==
E	7ISc7JW9	Vm93
E	7ISd6raB	Q3Jvc3Nib3c=
E	7ISk7JuQ	U25vdyBGaWVsZA==
E	7ISk7KCV	U2V0dGluZ3M=
E	7ISs6rSR	Rmxhc2g=
E	7ISx6rKA	SG9seSBTd29yZA==
E	7ISx6rSR	SG9seSBMaWdodA==
E	7ISx7ISc	SG9seSBTY3JpcHR1cmU=
E	7ISx7Jet	SG9seSBSZWFsbQ==
E	7ISx7Jq0	TmVidWxh
E	7ISx7ZyY	SG9seSBHbG93
E	7IaN7IKs	UmFwaWQgRmlyZQ==
E	7IaQ6rCR	R2F1bnRsZXRz
E	7IeE64+E	U3VyZ2U=
E	7Iqk7YKs	U2tpbGxz
E	7Iuc7ZSE	VGhpZWY=
E	7Iug7ISx	SG9seQ==
E	7Iug7ZmU	TXl0aGlj
E	7Ius7Jew	QWJ5c3M=
E	7Ius7Li1	RGVwdGg=
E	7Ius7YyQ	SnVkZ21lbnQ=
E	7IyN6rKA	RHVhbCBCbGFkZXM=
E	7JWU7ISd	Um9jaw==
E	7JWU7Iq1	QW1idXNo
E	7JWU7Z2R	RGFyaw==
E	7Ja47Ja0	TGFuZ3VhZ2U=
E	7Ja87J2M	SWNl
E	7JeF7ZmU	SW5mZXJubw==
E	7Jes66qF	RGF3bg==
E	7Jew6rKp	Q29tYm8gU3RyaWtlcw==
E	7Jew7IKs	UmFwaWQgRmlyZQ==
E	7Jew7IeE	Q2hhaW4=
E	7Jew7LC4	Rmx1cnJ5IG9mIFNsYXNoZXM=
E	7Jew7YOE	Q2hhcmNvYWw=
E	7Je07ZKN	U2VhcmluZyBXaW5k
E	7JiB7JuF	RXBpYw==
E	7JiI7KCV	U2NoZWR1bGVk
E	7JmE6rCR	VmFtYnJhY2Vz
E	7JmE6rKw	Q29tcGxldGVk
E	7JmE66OM	Q29tcGxldGVk
E	7Jqp7JWU	TWFnbWE=
E	7Jqw7KO8	Q29zbWlj
E	7JuQ7KCV	RXhwZWRpdGlvbg==
E	7JuU6rSR	TW9vbmxpZ2h0
E	7JuU7Iud	TW9vbiBFY2xpcHNl
E	7Jyg66y8	QXJ0aWZhY3Q=
E	7Jyg7ISx	TWV0ZW9y
E	7Jyk66y0	V2hpcmxpbmcgRGFuY2U=
E	7J2A7ZWY	R2FsYXh5
E	7J207KCE	UHJldmlvdXM=
E	7J2867CY	Tm9ybWFs
E	7J287KCQ	U2luZ2xlIFBvaW50
E	7J6K7Z6M	Rm9yZ290dGVu
E	7J6R7Je0	Um9hcmluZw==
E	7J6g6rmA	TG9ja2Vk
E	7J6l6rKA	TG9uZ3N3b3Jk
E	7J6l6raB	TG9uZ2Jvdw==
E	7J6l67mE	R2Vhcg==
E	7J6l7LC9	U3BlYXI=
E	7J6s7IOd	UmVnZW5lcmF0ZQ==
E	7J6/67mb	QXNoZW4=
E	7KCA6rKp	U25pcGU=
E	7KCE6rKp	TGlnaHRuaW5nIFN0cmlrZQ==
E	7KCE6rSR	Rmxhc2g=
E	7KCE7ISk	TGVnZW5kYXJ5
E	7KCE7Yis	QmF0dGxl
E	7KCR7Z6Y	Rm9sZGluZw==
E	7KCV7IiY	RXNzZW5jZQ==
E	7KCV7JiI	RWxpdGU=
E	7KGw6rCB	RnJhZ21lbnQ=
E	7KGw7Jqw	RW5jb3VudGVy
E	7KGw7KSA	QWlt
E	7KKF6rKw	RW5k
E	7KKF7ZiA	Q2xhcHBlcg==
E	7KSR6rCR	SGVhdnkgQXJtb3I=
E	7KSR66Cl	R3Jhdml0eQ==
E	7KeA7KeE	RWFydGhxdWFrZQ==
E	7KeE64+Z	VmlicmF0aW9u
E	7KeI7KO8	RGFzaA==
E	7KeI7ZKN	R2FsZQ==
E	7LCs656A	UmFkaWFudA==
E	7LC46rKp	U2xhc2g=
E	7LC466y0	U2xhc2hpbmcgRGFuY2U=
E	7LC96rKp	U3BlYXIgU3RyaWtl
E	7LKY7ZiV	RXhlY3V0aW9u
E	7LKc65Gl	VGh1bmRlcg==
E	7LKc67KM	RGl2aW5lIFB1bmlzaG1lbnQ=
E	7LKc7IOB	Q2VsZXN0aWFs
E	7LKc7LK0	Q2VsZXN0aWFsIEJvZHk=
E	7LKg66m0	SXJvbiBNYXNr
E	7LKg67mb	SXJvbmxpZ2h0
E	7LKg7KCc	SXJvbg==
E	7LKg7Ye0	TWFjZQ==
E	7LaV67O1	Qmxlc3Npbmc=
E	7Lac7KCV	RGVwYXJ0aW5n
E	7Leo7IaM	Q2FuY2Vs
E	7Lmg7Z2R	UGl0Y2ggQmxhY2s=
E	7YOE7ZmY	QnVsbGV0
E	7YOQ7IOJ	U2VhcmNo
E	7YyM64+Z	V2F2ZQ==
E	7Y+s7ZmU	QmFycmFnZQ==
E	7Y+s7ZqN	Q2FwdHVyZQ==
E	7Y+t67Cc	RXhwbG9zaW9u
E	7Y+t7Je8	U2NvcmNoaW5nIEhlYXQ=
E	7Y+t7ZKN	U3Rvcm0=
E	7ZGc67O4	U3BlY2ltZW4=
E	7ZGc7Li1	U3VyZmFjZSBMYXllcg==
E	7ZWE7KSR	U3VyZSBIaXQ=
E	7ZWP67mb	Qmxvb2RzdGFpbmVk
E	7ZWo7KCV	VHJhcA==
E	7Zal66Gc	Q2Vuc2Vy
E	7ZiI7JuU	Qmxvb2QgTW9vbg==
E	7Zic7ISx	Q29tZXQ=
E	7ZmN66Co	Q3JpbXNvbiBMb3R1cw==
E	7ZmU7IKw	Vm9sY2Fubw==
E	7ZmU7IK0	QXJyb3c=
E	7ZmU7Je8	RmlyZQ==
E	7ZmV7J24	Q29uZmlybQ==
E	7ZqM7KCE	Um90YXRl
E	7Z2Y7Ja0	Rmxvdw==
E	7Z2p7Ja0	U2NhdHRlcg==
E	7Z2s6reA	UmFyZQ==
E	6rCA	R28=
E	6rKA	U3dvcmQ=
E	6rO8	QW5k
E	64qU	SXM=
E	642r	VHJhcA==
E	64+F	UG9pc29u
E	66Os	UnVuZQ==
E	66W8	SXQ=
E	66q4	Qm9keQ==
E	67Cc	RmVldA==
E	67OE	U3Rhcg==
E	67mU	QmVhbQ==
E	67mZ	SWNl
E	7IaQ	SGFuZHM=
E	7JmA	V2F2ZQ==
E	7J2A	VGhl
E	7J2E	VGhl
E	7J20	VGhl
E	7KCc	SGlz
E	7LC4	UGFydA==
E	7ZW1	Q29yZQ==
