cohort,variant,level,gap_h,session_min,progress_gap_pct,sale_gap_pct
calibration,previous_12h,20,4.0,1.0,1.8222290163434351,2.9914293249721613
calibration,previous_12h,21,4.0,1.0,1.769240964409935,2.9679097590021852
calibration,previous_12h,22,4.0,1.0,1.7517015586045348,3.043044647340243
calibration,previous_12h,23,4.0,1.0,1.7494670805086043,3.188059971592505
calibration,previous_12h,24,4.0,1.0,1.63394292598118,3.0349242493665995
calibration,previous_12h,25,4.0,1.0,1.5459907187134414,3.002761936626386
calibration,previous_12h,26,4.0,1.0,1.4914928077469192,2.9996542514511004
calibration,previous_12h,27,4.0,1.0,1.4452295471000909,3.0890057717244845
calibration,previous_12h,28,4.0,1.0,1.3688101444472078,3.1541201529343033
calibration,previous_12h,29,4.0,1.0,1.3147524786438325,3.2120948022177576
calibration,previous_12h,30,4.0,1.0,1.2255111043840028,3.1269660151918677
calibration,previous_12h,31,4.0,1.0,1.140605329799449,3.093984310681064
calibration,previous_12h,32,4.0,1.0,1.1343243311010331,3.262899899916394
calibration,previous_12h,33,4.0,1.0,1.2059282199122556,3.2691664743593973
calibration,previous_12h,34,4.0,1.0,1.254207243586447,3.318562570528072
calibration,previous_12h,35,4.0,1.0,1.34466480687494,3.458203300031304
calibration,previous_12h,36,4.0,1.0,1.40285667511304,3.502636030992834
calibration,previous_12h,37,4.0,1.0,1.3891670159698055,3.486640160404475
calibration,previous_12h,38,4.0,1.0,1.4242545845484456,3.587062460563395
calibration,previous_12h,39,4.0,1.0,1.4795564619993984,3.635846906700002
calibration,previous_12h,40,4.0,1.0,1.5504840776187745,3.7264356911642427
calibration,previous_12h,41,4.0,1.0,1.656972707033555,3.873396172963206
calibration,previous_12h,42,4.0,1.0,1.7425618778619256,3.943743914340425
calibration,previous_12h,43,4.0,1.0,1.843353943078463,4.056429795605676
calibration,previous_12h,44,4.0,1.0,1.9714348725792252,4.188661860291387
calibration,previous_12h,45,4.0,1.0,2.0719618349652746,4.218277928142866
calibration,previous_12h,46,4.0,1.0,2.186145918750504,4.42947488023282
calibration,previous_12h,47,4.0,1.0,2.262774280299684,4.546128470122857
calibration,previous_12h,48,4.0,1.0,2.334050414188882,4.582866742855596
calibration,previous_12h,49,4.0,1.0,2.428572171790444,4.722648316681521
calibration,previous_12h,50,4.0,1.0,2.509452068946838,4.774834516493454
calibration,previous_12h,51,4.0,1.0,2.5866418065603414,4.865291651571391
calibration,previous_12h,52,4.0,1.0,2.661337599264413,4.962420637982934
calibration,previous_12h,53,4.0,1.0,2.73887248535587,4.994914950873719
calibration,previous_12h,54,4.0,1.0,2.809887568799385,5.070136010637216
calibration,previous_12h,55,4.0,1.0,2.8879808125344075,5.2195209310978985
calibration,previous_12h,56,4.0,1.0,2.9679140992702857,5.291907842842591
calibration,previous_12h,57,4.0,1.0,3.0488789745094724,5.378545535267554
calibration,previous_12h,58,4.0,1.0,3.135966611714558,5.445636420025246
calibration,previous_12h,59,4.0,1.0,3.2197307969489053,5.496019883349468
calibration,previous_12h,60,4.0,1.0,3.3129539238567984,5.562863303890708
calibration,previous_12h,61,4.0,1.0,3.408226937802872,5.628385648499767
calibration,previous_12h,62,4.0,1.0,3.497888236017155,5.688880210510683
calibration,previous_12h,63,4.0,1.0,3.5935014807709997,5.747167028899591
calibration,previous_12h,64,4.0,1.0,3.6941594090868612,5.796960265722695
calibration,previous_12h,65,4.0,1.0,3.806436245538336,5.884283284562186
calibration,previous_12h,66,4.0,1.0,3.9137279854913,5.928435577965141
calibration,previous_12h,67,4.0,1.0,4.027839653947107,5.968404535699379
calibration,previous_12h,68,4.0,1.0,4.137290777409763,6.059226180592447
calibration,previous_12h,69,4.0,1.0,4.255502751840479,6.112456769792174
calibration,previous_12h,70,4.0,1.0,4.376699012641305,6.205560689172729
calibration,previous_12h,71,4.0,1.0,4.500596168287396,6.271730212865001
calibration,previous_12h,72,4.0,1.0,4.6250349391505186,6.307409167066558
calibration,previous_12h,73,4.0,1.0,4.750170507804752,6.347195716728726
calibration,previous_12h,74,4.0,1.0,4.882565769270597,6.407634823572939
calibration,previous_12h,75,4.0,1.0,5.016116429097117,6.4325009384337495
calibration,previous_12h,76,4.0,1.0,5.20530122840781,6.482788482007362
calibration,previous_12h,77,4.0,1.0,5.402784584198406,6.525729273339742
calibration,previous_12h,78,4.0,1.0,5.595065981018865,6.602628405222988
calibration,previous_12h,79,4.0,1.0,5.795808549974413,6.626977267812939
calibration,previous_12h,80,4.0,1.0,6.002287467209255,6.664130033544846
calibration,previous_12h,81,4.0,1.0,6.208694724884567,6.710215950767462
calibration,previous_12h,82,4.0,1.0,6.418678847253845,6.770781645381874
calibration,previous_12h,83,4.0,1.0,6.625669441797988,6.8093475824879235
calibration,previous_12h,84,4.0,1.0,6.839844280997109,6.8586304701669265
calibration,previous_12h,85,4.0,1.0,7.059432184073167,6.923540409763529
calibration,previous_12h,86,4.0,1.0,7.279265642319688,6.9838762665833
calibration,previous_12h,87,4.0,1.0,7.502589568484885,7.041435452003131
calibration,previous_12h,88,4.0,1.0,7.722547098682164,7.0953312730804186
calibration,previous_12h,89,4.0,1.0,7.956351007636342,7.134742941775429
calibration,previous_12h,90,4.0,1.0,8.193976948998326,7.185266896565712
calibration,previous_12h,91,4.0,1.0,8.434120048864902,7.219445480141418
calibration,previous_12h,92,4.0,1.0,8.67011709211345,7.345402091042019
calibration,previous_12h,93,4.0,1.0,8.900987357207168,7.516256007124866
calibration,previous_12h,94,4.0,1.0,9.133723207330169,7.666132245420387
calibration,previous_12h,95,4.0,1.0,9.362655360669404,7.827265146865026
calibration,previous_12h,96,4.0,1.0,9.583277618733653,7.968349311025169
calibration,previous_12h,97,4.0,1.0,9.791553442539168,8.11071723294614
calibration,previous_12h,98,4.0,1.0,9.993174728835562,8.260869093648004
calibration,previous_12h,99,4.0,1.0,10.185701457518181,8.389631244216567
calibration,previous_12h,100,4.0,1.0,10.368291407257013,8.506840665998826
calibration,previous_12h,20,4.0,5.0,1.8222290163434574,2.9914293249721835
calibration,previous_12h,21,4.0,5.0,1.769240964409935,2.9679097590021852
calibration,previous_12h,22,4.0,5.0,1.7517015586045348,3.043044647340243
calibration,previous_12h,23,4.0,5.0,1.7494670805086265,3.1880599715925273
calibration,previous_12h,24,4.0,5.0,1.6339429259812022,3.0349242493666218
calibration,previous_12h,25,4.0,5.0,1.5459907187134192,3.0027619366263636
calibration,previous_12h,26,4.0,5.0,1.4914928077469192,2.9996542514511004
calibration,previous_12h,27,4.0,5.0,1.4452295471000909,3.0890057717244845
calibration,previous_12h,28,4.0,5.0,1.3688101444472078,3.154120152934281
calibration,previous_12h,29,4.0,5.0,1.3147524786438103,3.212094802217713
calibration,previous_12h,30,4.0,5.0,1.2255111043839806,3.1269660151918455
calibration,previous_12h,31,4.0,5.0,1.140605329799449,3.0939843106810416
calibration,previous_12h,32,4.0,5.0,1.1343243311010331,3.2628998999163494
calibration,previous_12h,33,4.0,5.0,1.2059282199122778,3.269166474359375
calibration,previous_12h,34,4.0,5.0,1.2542072435864249,3.3185625705280497
calibration,previous_12h,35,4.0,5.0,1.34466480687494,3.458203300031304
calibration,previous_12h,36,4.0,5.0,1.4028566751130622,3.5026360309928117
calibration,previous_12h,37,4.0,5.0,1.389167015969761,3.486640160404475
calibration,previous_12h,38,4.0,5.0,1.4242545845484234,3.5870624605633727
calibration,previous_12h,39,4.0,5.0,1.4795564619993984,3.6358469067000243
calibration,previous_12h,40,4.0,5.0,1.5504840776187745,3.7264356911642427
calibration,previous_12h,41,4.0,5.0,1.656972707033555,3.873396172963184
calibration,previous_12h,42,4.0,5.0,1.7425618778619256,3.943743914340425
calibration,previous_12h,43,4.0,5.0,1.843353943078485,4.056429795605698
calibration,previous_12h,44,4.0,5.0,1.9714348725792252,4.188661860291409
calibration,previous_12h,45,4.0,5.0,2.071961834965297,4.218277928142888
calibration,previous_12h,46,4.0,5.0,2.186145918750504,4.42947488023282
calibration,previous_12h,47,4.0,5.0,2.2627742802997064,4.546128470122857
calibration,previous_12h,48,4.0,5.0,2.3340504141888596,4.582866742855596
calibration,previous_12h,49,4.0,5.0,2.428572171790444,4.722648316681521
calibration,previous_12h,50,4.0,5.0,2.509452068946838,4.774834516493454
calibration,previous_12h,51,4.0,5.0,2.5866418065603414,4.8652916515713684
calibration,previous_12h,52,4.0,5.0,2.661337599264435,4.962420637982934
calibration,previous_12h,53,4.0,5.0,2.738872485355892,4.994914950873697
calibration,previous_12h,54,4.0,5.0,2.809887568799385,5.070136010637194
calibration,previous_12h,55,4.0,5.0,2.8879808125344075,5.219520931097876
calibration,previous_12h,56,4.0,5.0,2.9679140992702857,5.291907842842569
calibration,previous_12h,57,4.0,5.0,3.048878974509517,5.378545535267576
calibration,previous_12h,58,4.0,5.0,3.135966611714558,5.445636420025246
calibration,previous_12h,59,4.0,5.0,3.2197307969489275,5.496019883349446
calibration,previous_12h,60,4.0,5.0,3.3129539238568206,5.562863303890708
calibration,previous_12h,61,4.0,5.0,3.408226937802872,5.628385648499767
calibration,previous_12h,62,4.0,5.0,3.497888236017177,5.688880210510683
calibration,previous_12h,63,4.0,5.0,3.5935014807709997,5.747167028899591
calibration,previous_12h,64,4.0,5.0,3.6932108935002983,5.796960265722673
calibration,previous_12h,65,4.0,5.0,3.8006400762444104,5.884283284562164
calibration,previous_12h,66,4.0,5.0,3.8939941147780877,5.928435577965163
calibration,previous_12h,67,4.0,5.0,3.981835038722159,5.9684045356993565
calibration,previous_12h,68,4.0,5.0,4.0559663782293365,6.059226180592447
calibration,previous_12h,69,4.0,5.0,4.127069255580573,6.112456769792174
calibration,previous_12h,70,4.0,5.0,4.186431877763908,6.205560689172707
calibration,previous_12h,71,4.0,5.0,4.233754978153104,6.271730212865001
calibration,previous_12h,72,4.0,5.0,4.266921889174924,6.3074091670665355
calibration,previous_12h,73,4.0,5.0,4.290382628213862,6.3471957167287485
calibration,previous_12h,74,4.0,5.0,4.301178024933527,6.407634823572916
calibration,previous_12h,75,4.0,5.0,4.300149578940915,6.432500938433772
calibration,previous_12h,76,4.0,5.0,4.341949196452655,6.482788482007362
calibration,previous_12h,77,4.0,5.0,4.379766784034578,6.525729273339742
calibration,previous_12h,78,4.0,5.0,4.407881330641095,6.602628405223032
calibration,previous_12h,79,4.0,5.0,4.428825827669236,6.626977267812917
calibration,previous_12h,80,4.0,5.0,4.444668612710578,6.664130033544846
calibration,previous_12h,81,4.0,5.0,4.450925201499478,6.710215950767484
calibration,previous_12h,82,4.0,5.0,4.449967996782056,6.770781645381874
calibration,previous_12h,83,4.0,5.0,4.443654478363723,6.809347582487901
calibration,previous_12h,84,4.0,5.0,4.4289450363032,6.858630470166904
calibration,previous_12h,85,4.0,5.0,4.410010231066663,6.923540409763507
calibration,previous_12h,86,4.0,5.0,4.38388537830674,6.9838762665833
calibration,previous_12h,87,4.0,5.0,4.352471819358739,7.041435452003109
calibration,previous_12h,88,4.0,5.0,4.317994802847824,7.094994407709465
calibration,previous_12h,89,4.0,5.0,4.277428728545196,7.1330211904422125
calibration,previous_12h,90,4.0,5.0,4.232596812598466,7.181400032913232
calibration,previous_12h,91,4.0,5.0,4.184224322806318,7.213299335161127
calibration,previous_12h,92,4.0,5.0,4.131820994709412,7.278655100642384
calibration,previous_12h,93,4.0,5.0,4.0775947027669845,7.344581831581132
calibration,previous_12h,94,4.0,5.0,4.020165916642426,7.390825651272803
calibration,previous_12h,95,4.0,5.0,3.9597971283242606,7.447977648991011
calibration,previous_12h,96,4.0,5.0,3.8951765745762534,7.491867036525113
calibration,previous_12h,97,4.0,5.0,3.8339745884015564,7.539433676792551
calibration,previous_12h,98,4.0,5.0,3.768363356966775,7.59748287483355
calibration,previous_12h,99,4.0,5.0,3.7045880983589186,7.637773005531323
calibration,previous_12h,100,4.0,5.0,3.6414852838258183,7.668021379589973
calibration,previous_12h,20,4.0,12.0,1.771040302205229,2.9396528230694496
calibration,previous_12h,21,4.0,12.0,1.7186321905353186,2.9167048997347678
calibration,previous_12h,22,4.0,12.0,1.701784454078048,2.9924940388334376
calibration,previous_12h,23,4.0,12.0,1.6995341471947478,3.137421057550105
calibration,previous_12h,24,4.0,12.0,1.5826148576827626,2.9828886451507497
calibration,previous_12h,25,4.0,12.0,1.4932555143349235,2.9492701969344948
calibration,previous_12h,26,4.0,12.0,1.4374982085017196,2.9448572935993456
calibration,previous_12h,27,4.0,12.0,1.3903459265653062,3.0332328398740227
calibration,previous_12h,28,4.0,12.0,1.3128022900009917,3.0971258867608764
calibration,previous_12h,29,4.0,12.0,1.2577604046907442,3.154035425908641
calibration,previous_12h,30,4.0,12.0,1.1670979310048457,3.0674555886186727
calibration,previous_12h,31,4.0,12.0,1.0807061283577113,3.032928246071598
calibration,previous_12h,32,4.0,12.0,1.054221131612465,3.200064401717384
calibration,previous_12h,33,4.0,12.0,1.115403401269921,3.204499092868218
calibration,previous_12h,34,4.0,12.0,1.117828314968028,3.2509060891481534
calibration,previous_12h,35,4.0,12.0,1.1596816808264965,3.387138915495047
calibration,previous_12h,36,4.0,12.0,1.2169185376009084,3.4276563922998493
calibration,previous_12h,37,4.0,12.0,1.2506569322330074,3.407305006374872
calibration,previous_12h,38,4.0,12.0,1.27640637326627,3.5040658057965413
calibration,previous_12h,39,4.0,12.0,1.317131039789654,3.5492203402505362
calibration,previous_12h,40,4.0,12.0,1.3552120723756333,3.6364518830222847
calibration,previous_12h,41,4.0,12.0,1.3939654971713233,3.78049290243343
calibration,previous_12h,42,4.0,12.0,1.4004466319286202,3.8478160824822805
calibration,previous_12h,43,4.0,12.0,1.4216097421142493,3.957593352346156
calibration,previous_12h,44,4.0,12.0,1.4406061006138948,4.087413468020729
calibration,previous_12h,45,4.0,12.0,1.4678417182210524,4.114267680933481
calibration,previous_12h,46,4.0,12.0,1.4883395522388154,4.32283321812299
calibration,previous_12h,47,4.0,12.0,1.4760924068767833,4.435948617150509
calibration,previous_12h,48,4.0,12.0,1.4722775557266754,4.469092331356661
calibration,previous_12h,49,4.0,12.0,1.464242123337267,4.605291869090888
calibration,previous_12h,50,4.0,12.0,1.4652000063721582,4.65366488777561
calibration,previous_12h,51,4.0,12.0,1.4644704726524571,4.74013123808108
calibration,previous_12h,52,4.0,12.0,1.4600566257702674,4.83247915247893
calibration,previous_12h,53,4.0,12.0,1.451863492687111,4.860990415896249
calibration,previous_12h,54,4.0,12.0,1.4410225810790767,4.932518034499056
calibration,previous_12h,55,4.0,12.0,1.438932849800345,5.078247874224773
calibration,previous_12h,56,4.0,12.0,1.441042966936612,5.146978972735616
calibration,previous_12h,57,4.0,12.0,1.436486124354186,5.229587413414083
calibration,previous_12h,58,4.0,12.0,1.4300823517713335,5.29251430563713
calibration,previous_12h,59,4.0,12.0,1.4195293891271499,5.338393049797063
calibration,previous_12h,60,4.0,12.0,1.4112413843713423,5.4011144775388376
calibration,previous_12h,61,4.0,12.0,1.407175886047729,5.462679542382554
calibration,previous_12h,62,4.0,12.0,1.4003089385148604,5.519666878268015
calibration,previous_12h,63,4.0,12.0,1.3946326214252291,5.5748073282432475
calibration,previous_12h,64,4.0,12.0,1.3873996815804146,5.62180976040394
calibration,previous_12h,65,4.0,12.0,1.3816820941961128,5.706663174523552
calibration,previous_12h,66,4.0,12.0,1.3764626536935998,5.747964101545766
calibration,previous_12h,67,4.0,12.0,1.3741063608307291,5.785471862554603
calibration,previous_12h,68,4.0,12.0,1.3801417648043657,5.873831821526521
calibration,previous_12h,69,4.0,12.0,1.4140641468349369,5.952668441081421
calibration,previous_12h,70,4.0,12.0,1.4561637776879577,6.068652745725789
calibration,previous_12h,71,4.0,12.0,1.4989659815134448,6.182119518856899
calibration,previous_12h,72,4.0,12.0,1.545136307186512,6.2985692769065516
calibration,previous_12h,73,4.0,12.0,1.5839526265220893,6.406264715741217
calibration,previous_12h,74,4.0,12.0,1.630070198708422,6.5231470804011815
calibration,previous_12h,75,4.0,12.0,1.6760713513674474,6.637791036311991
calibration,previous_12h,76,4.0,12.0,1.7275103708793704,6.756028965754379
calibration,previous_12h,77,4.0,12.0,1.7779220502777804,6.871238665306989
calibration,previous_12h,78,4.0,12.0,1.8278912000887493,6.985459831099994
calibration,previous_12h,79,4.0,12.0,1.8824031369999439,7.106560723690558
calibration,previous_12h,80,4.0,12.0,1.930403566672445,7.227052937341827
calibration,previous_12h,81,4.0,12.0,1.9779597842872754,7.349845525753218
calibration,previous_12h,82,4.0,12.0,2.0303814119388086,7.473816658852472
calibration,previous_12h,83,4.0,12.0,2.082643400320028,7.592379609186595
calibration,previous_12h,84,4.0,12.0,2.1368349646283535,7.718349797215618
calibration,previous_12h,85,4.0,12.0,2.1901369002279347,7.843527329767719
calibration,previous_12h,86,4.0,12.0,2.2449918241266076,7.968145702488161
calibration,previous_12h,87,4.0,12.0,2.299229469693853,8.094660303987645
calibration,previous_12h,88,4.0,12.0,2.3531083006396614,8.21698812061542
calibration,previous_12h,89,4.0,12.0,2.412238522974519,8.341766217289791
calibration,previous_12h,90,4.0,12.0,2.472300214756018,8.469901251678124
calibration,previous_12h,91,4.0,12.0,2.5368611025981647,8.596773215635656
calibration,previous_12h,92,4.0,12.0,2.598356445814054,8.723392121599982
calibration,previous_12h,93,4.0,12.0,2.661527512737649,8.848226949697224
calibration,previous_12h,94,4.0,12.0,2.722602866652002,8.973772928977652
calibration,previous_12h,95,4.0,12.0,2.788765918665126,9.093237684846223
calibration,previous_12h,96,4.0,12.0,2.853887794807397,9.211305238028867
calibration,previous_12h,97,4.0,12.0,2.914958477872398,9.314925513172945
calibration,previous_12h,98,4.0,12.0,2.9775496745706453,9.416944948077234
calibration,previous_12h,99,4.0,12.0,3.041867496004058,9.51211112803394
calibration,previous_12h,100,4.0,12.0,3.1027401655650433,9.598720951148088
calibration,previous_12h,20,8.0,1.0,1.8222290163434351,2.9914293249721835
calibration,previous_12h,21,8.0,1.0,1.7692409644099572,2.9679097590022074
calibration,previous_12h,22,8.0,1.0,1.751701558604557,3.043044647340243
calibration,previous_12h,23,8.0,1.0,1.7494670805086265,3.1880599715925273
calibration,previous_12h,24,8.0,1.0,1.63394292598118,3.0349242493665995
calibration,previous_12h,25,8.0,1.0,1.5459907187134636,3.002761936626408
calibration,previous_12h,26,8.0,1.0,1.4914928077469636,2.999654251451145
calibration,previous_12h,27,8.0,1.0,1.4452295471000909,3.0890057717244845
calibration,previous_12h,28,8.0,1.0,1.36881014444723,3.154120152934281
calibration,previous_12h,29,8.0,1.0,1.314752478643877,3.2120948022177798
calibration,previous_12h,30,8.0,1.0,1.2255111043840028,3.1269660151918677
calibration,previous_12h,31,8.0,1.0,1.140605329799449,3.093984310681064
calibration,previous_12h,32,8.0,1.0,1.1343243311010331,3.262899899916394
calibration,previous_12h,33,8.0,1.0,1.2059282199122778,3.2691664743594195
calibration,previous_12h,34,8.0,1.0,1.254207243586447,3.3185625705280497
calibration,previous_12h,35,8.0,1.0,1.34466480687494,3.458203300031304
calibration,previous_12h,36,8.0,1.0,1.4028566751130844,3.502636030992834
calibration,previous_12h,37,8.0,1.0,1.3891670159697833,3.486640160404497
calibration,previous_12h,38,8.0,1.0,1.4242545845484456,3.5870624605633727
calibration,previous_12h,39,8.0,1.0,1.4795564619994206,3.6358469067000243
calibration,previous_12h,40,8.0,1.0,1.5504840776187745,3.726435691164265
calibration,previous_12h,41,8.0,1.0,1.6569727070335771,3.8733961729632505
calibration,previous_12h,42,8.0,1.0,1.7425618778619478,3.9437439143404474
calibration,previous_12h,43,8.0,1.0,1.8433539430785295,4.056429795605698
calibration,previous_12h,44,8.0,1.0,1.9714348725792474,4.188661860291387
calibration,previous_12h,45,8.0,1.0,2.071961834965297,4.218277928142911
calibration,previous_12h,46,8.0,1.0,2.186145918750504,4.429474880232842
calibration,previous_12h,47,8.0,1.0,2.262774280299684,4.546128470122834
calibration,previous_12h,48,8.0,1.0,2.334050414188882,4.582866742855596
calibration,previous_12h,49,8.0,1.0,2.428572171790444,4.722648316681521
calibration,previous_12h,50,8.0,1.0,2.5094520689468602,4.774834516493476
calibration,previous_12h,51,8.0,1.0,2.5866418065603414,4.8652916515713684
calibration,previous_12h,52,8.0,1.0,2.6613375992644572,4.962420637982956
calibration,previous_12h,53,8.0,1.0,2.7388724853559143,4.994914950873741
calibration,previous_12h,54,8.0,1.0,2.8098875687994074,5.070136010637261
calibration,previous_12h,55,8.0,1.0,2.8879808125344075,5.2195209310978985
calibration,previous_12h,56,8.0,1.0,2.967914099270308,5.291907842842569
calibration,previous_12h,57,8.0,1.0,3.048878974509517,5.378545535267598
calibration,previous_12h,58,8.0,1.0,3.13596661171458,5.445636420025268
calibration,previous_12h,59,8.0,1.0,3.2197307969489275,5.49601988334949
calibration,previous_12h,60,8.0,1.0,3.3129539238568206,5.5628633038907305
calibration,previous_12h,61,8.0,1.0,3.408226937802872,5.62838564849979
calibration,previous_12h,62,8.0,1.0,3.497888236017155,5.688880210510683
calibration,previous_12h,63,8.0,1.0,3.593501480771022,5.747167028899636
calibration,previous_12h,64,8.0,1.0,3.6941594090869057,5.796960265722673
calibration,previous_12h,65,8.0,1.0,3.806436245538314,5.884283284562164
calibration,previous_12h,66,8.0,1.0,3.9137279854913,5.928435577965185
calibration,previous_12h,67,8.0,1.0,4.027839653947107,5.968404535699379
calibration,previous_12h,68,8.0,1.0,4.137290777409786,6.05922618059247
calibration,previous_12h,69,8.0,1.0,4.255502751840501,6.112456769792196
calibration,previous_12h,70,8.0,1.0,4.376699012641305,6.205560689172751
calibration,previous_12h,71,8.0,1.0,4.500596168287441,6.271730212865068
calibration,previous_12h,72,8.0,1.0,4.625034939150541,6.307409167066558
calibration,previous_12h,73,8.0,1.0,4.750170507804774,6.347195716728771
calibration,previous_12h,74,8.0,1.0,4.882565769270597,6.407634823572916
calibration,previous_12h,75,8.0,1.0,5.016116429097139,6.432500938433772
calibration,previous_12h,76,8.0,1.0,5.205301228407788,6.482788482007407
calibration,previous_12h,77,8.0,1.0,5.402784584198406,6.525729273339764
calibration,previous_12h,78,8.0,1.0,5.595065981018843,6.60262840522301
calibration,previous_12h,79,8.0,1.0,5.795808549974368,6.626977267812961
calibration,previous_12h,80,8.0,1.0,6.002287467209277,6.664130033544846
calibration,previous_12h,81,8.0,1.0,6.208694724884545,6.710215950767506
calibration,previous_12h,82,8.0,1.0,6.4186788472538,6.770781645381896
calibration,previous_12h,83,8.0,1.0,6.625669441797988,6.809347582487946
calibration,previous_12h,84,8.0,1.0,6.839844280997087,6.8586304701669265
calibration,previous_12h,85,8.0,1.0,7.059432184073167,6.923540409763551
calibration,previous_12h,86,8.0,1.0,7.2792656423196656,6.983876266583344
calibration,previous_12h,87,8.0,1.0,7.502589568484885,7.041435452003131
calibration,previous_12h,88,8.0,1.0,7.722547098682164,7.095331273080441
calibration,previous_12h,89,8.0,1.0,7.956351007636342,7.1347429417754515
calibration,previous_12h,90,8.0,1.0,8.193976948998305,7.185266896565712
calibration,previous_12h,91,8.0,1.0,8.434120048864902,7.21944548014144
calibration,previous_12h,92,8.0,1.0,8.67011709211345,7.3454020910420414
calibration,previous_12h,93,8.0,1.0,8.900987357207146,7.5162560071248885
calibration,previous_12h,94,8.0,1.0,9.133723207330192,7.6661322454204095
calibration,previous_12h,95,8.0,1.0,9.362655360669446,7.827265146865092
calibration,previous_12h,96,8.0,1.0,9.583277618733677,7.9683493110252135
calibration,previous_12h,97,8.0,1.0,9.791553442539147,8.110717232946186
calibration,previous_12h,98,8.0,1.0,9.993174728835562,8.260869093648049
calibration,previous_12h,99,8.0,1.0,10.185701457518137,8.389631244216611
calibration,previous_12h,100,8.0,1.0,10.368291407257013,8.506840665998872
calibration,previous_12h,20,8.0,5.0,1.8222290163434351,2.9914293249721835
calibration,previous_12h,21,8.0,5.0,1.769240964409935,2.9679097590021852
calibration,previous_12h,22,8.0,5.0,1.751701558604557,3.043044647340243
calibration,previous_12h,23,8.0,5.0,1.7494670805085821,3.188059971592483
calibration,previous_12h,24,8.0,5.0,1.6339429259812022,3.0349242493666218
calibration,previous_12h,25,8.0,5.0,1.5459907187134192,3.0027619366263636
calibration,previous_12h,26,8.0,5.0,1.4914928077469414,2.9996542514511004
calibration,previous_12h,27,8.0,5.0,1.4452295471000909,3.0890057717244845
calibration,previous_12h,28,8.0,5.0,1.3688101444472078,3.154120152934281
calibration,previous_12h,29,8.0,5.0,1.3147524786438547,3.2120948022177576
calibration,previous_12h,30,8.0,5.0,1.2255111043839806,3.1269660151918233
calibration,previous_12h,31,8.0,5.0,1.1406053297994712,3.093984310681086
calibration,previous_12h,32,8.0,5.0,1.1343243311010553,3.262899899916394
calibration,previous_12h,33,8.0,5.0,1.2059282199122778,3.269166474359375
calibration,previous_12h,34,8.0,5.0,1.2542072435864249,3.3185625705280275
calibration,previous_12h,35,8.0,5.0,1.34466480687494,3.4582033000312817
calibration,previous_12h,36,8.0,5.0,1.40285667511304,3.5026360309927895
calibration,previous_12h,37,8.0,5.0,1.3891670159697833,3.486640160404475
calibration,previous_12h,38,8.0,5.0,1.4242545845484234,3.5870624605633505
calibration,previous_12h,39,8.0,5.0,1.4795564619993762,3.635846906700002
calibration,previous_12h,40,8.0,5.0,1.5504840776187745,3.726435691164265
calibration,previous_12h,41,8.0,5.0,1.656972707033555,3.8733961729632282
calibration,previous_12h,42,8.0,5.0,1.7425618778619034,3.943743914340403
calibration,previous_12h,43,8.0,5.0,1.843353943078463,4.056429795605676
calibration,previous_12h,44,8.0,5.0,1.9714348725792252,4.188661860291365
calibration,previous_12h,45,8.0,5.0,2.071961834965297,4.218277928142911
calibration,previous_12h,46,8.0,5.0,2.1861459187504817,4.429474880232798
calibration,previous_12h,47,8.0,5.0,2.26277428029964,4.546128470122812
calibration,previous_12h,48,8.0,5.0,2.3340504141888596,4.582866742855596
calibration,previous_12h,49,8.0,5.0,2.428572171790444,4.722648316681499
calibration,previous_12h,50,8.0,5.0,2.5094520689468602,4.774834516493454
calibration,previous_12h,51,8.0,5.0,2.586641806560319,4.865291651571324
calibration,previous_12h,52,8.0,5.0,2.6613375992643906,4.9624206379828895
calibration,previous_12h,53,8.0,5.0,2.73887248535587,4.9949149508736745
calibration,previous_12h,54,8.0,5.0,2.8098875687993408,5.070136010637172
calibration,previous_12h,55,8.0,5.0,2.887980812534363,5.219520931097854
calibration,previous_12h,56,8.0,5.0,2.9679140992702635,5.291907842842569
calibration,previous_12h,57,8.0,5.0,3.0488789745094724,5.378545535267554
calibration,previous_12h,58,8.0,5.0,3.135966611714558,5.445636420025202
calibration,previous_12h,59,8.0,5.0,3.2197307969489053,5.496019883349423
calibration,previous_12h,60,8.0,5.0,3.3129539238567984,5.562863303890686
calibration,previous_12h,61,8.0,5.0,3.4082269378028496,5.62838564849979
calibration,previous_12h,62,8.0,5.0,3.4978882360171326,5.688880210510683
calibration,previous_12h,63,8.0,5.0,3.5935014807709997,5.747167028899569
calibration,previous_12h,64,8.0,5.0,3.6941594090868612,5.796960265722673
calibration,previous_12h,65,8.0,5.0,3.806436245538336,5.884283284562164
calibration,previous_12h,66,8.0,5.0,3.9137279854912776,5.928435577965163
calibration,previous_12h,67,8.0,5.0,4.027839653947085,5.968404535699379
calibration,previous_12h,68,8.0,5.0,4.137290777409786,6.05922618059247
calibration,previous_12h,69,8.0,5.0,4.2555027518404565,6.112456769792152
calibration,previous_12h,70,8.0,5.0,4.376699012641283,6.205560689172729
calibration,previous_12h,71,8.0,5.0,4.5005961682874185,6.271730212865023
calibration,previous_12h,72,8.0,5.0,4.625034939150496,6.3074091670665355
calibration,previous_12h,73,8.0,5.0,4.750170507804752,6.3471957167287485
calibration,previous_12h,74,8.0,5.0,4.882565769270553,6.407634823572916
calibration,previous_12h,75,8.0,5.0,5.016116429097139,6.432500938433772
calibration,previous_12h,76,8.0,5.0,5.205301228407766,6.4827884820073844
calibration,previous_12h,77,8.0,5.0,5.4027845841983835,6.5257292733397865
calibration,previous_12h,78,8.0,5.0,5.595065981018821,6.602628405223032
calibration,previous_12h,79,8.0,5.0,5.7958085499743905,6.626977267812939
calibration,previous_12h,80,8.0,5.0,6.002287467209233,6.664130033544846
calibration,previous_12h,81,8.0,5.0,6.208694724884545,6.710215950767484
calibration,previous_12h,82,8.0,5.0,6.4186788472538,6.770781645381896
calibration,previous_12h,83,8.0,5.0,6.625669441797988,6.809347582487901
calibration,previous_12h,84,8.0,5.0,6.839844280997109,6.858630470166904
calibration,previous_12h,85,8.0,5.0,7.059432184073144,6.923540409763551
calibration,previous_12h,86,8.0,5.0,7.279265642319643,6.983876266583322
calibration,previous_12h,87,8.0,5.0,7.502589568484885,7.041435452003109
calibration,previous_12h,88,8.0,5.0,7.722547098682142,7.095331273080463
calibration,previous_12h,89,8.0,5.0,7.956351007636342,7.1347429417754515
calibration,previous_12h,90,8.0,5.0,8.193976948998284,7.18526689656569
calibration,previous_12h,91,8.0,5.0,8.434120048864902,7.21944548014144
calibration,previous_12h,92,8.0,5.0,8.67011709211345,7.345402091041997
calibration,previous_12h,93,8.0,5.0,8.900987357207146,7.516256007124866
calibration,previous_12h,94,8.0,5.0,9.133723207330146,7.666132245420343
calibration,previous_12h,95,8.0,5.0,9.362655360669404,7.82726514686507
calibration,previous_12h,96,8.0,5.0,9.583277618733632,7.968349311025169
calibration,previous_12h,97,8.0,5.0,9.791553442539147,8.110717232946163
calibration,previous_12h,98,8.0,5.0,9.993174728835541,8.26086909364796
calibration,previous_12h,99,8.0,5.0,10.18570145751816,8.389631244216588
calibration,previous_12h,100,8.0,5.0,10.36829140725699,8.506840665998805
calibration,previous_12h,20,8.0,12.0,1.771040302205229,2.9396528230694496
calibration,previous_12h,21,8.0,12.0,1.7186321905353186,2.9167048997347678
calibration,previous_12h,22,8.0,12.0,1.701784454078048,2.9924940388334376
calibration,previous_12h,23,8.0,12.0,1.6995341471947478,3.137421057550105
calibration,previous_12h,24,8.0,12.0,1.5826148576827626,2.9828886451507497
calibration,previous_12h,25,8.0,12.0,1.4932555143349235,2.9492701969344948
calibration,previous_12h,26,8.0,12.0,1.4374982085017196,2.9448572935993456
calibration,previous_12h,27,8.0,12.0,1.3903459265653062,3.0332328398740227
calibration,previous_12h,28,8.0,12.0,1.3128022900009917,3.0971258867608764
calibration,previous_12h,29,8.0,12.0,1.2577604046907442,3.154035425908641
calibration,previous_12h,30,8.0,12.0,1.1670979310048457,3.0674555886186727
calibration,previous_12h,31,8.0,12.0,1.0807061283577113,3.032928246071598
calibration,previous_12h,32,8.0,12.0,1.054221131612465,3.200064401717384
calibration,previous_12h,33,8.0,12.0,1.115403401269921,3.204499092868218
calibration,previous_12h,34,8.0,12.0,1.117828314968028,3.2509060891481534
calibration,previous_12h,35,8.0,12.0,1.1596816808264965,3.387138915495047
calibration,previous_12h,36,8.0,12.0,1.2169185376009084,3.4276563922998493
calibration,previous_12h,37,8.0,12.0,1.2506569322330074,3.407305006374872
calibration,previous_12h,38,8.0,12.0,1.27640637326627,3.5040658057965413
calibration,previous_12h,39,8.0,12.0,1.317131039789654,3.5492203402505362
calibration,previous_12h,40,8.0,12.0,1.3552120723756333,3.6364518830222847
calibration,previous_12h,41,8.0,12.0,1.3939654971713233,3.78049290243343
calibration,previous_12h,42,8.0,12.0,1.4004466319286202,3.8478160824822805
calibration,previous_12h,43,8.0,12.0,1.4216097421142493,3.957593352346156
calibration,previous_12h,44,8.0,12.0,1.4406061006138948,4.087413468020729
calibration,previous_12h,45,8.0,12.0,1.4678417182210524,4.114267680933481
calibration,previous_12h,46,8.0,12.0,1.4883395522388154,4.32283321812299
calibration,previous_12h,47,8.0,12.0,1.4760924068767833,4.435948617150509
calibration,previous_12h,48,8.0,12.0,1.4722775557266754,4.469092331356661
calibration,previous_12h,49,8.0,12.0,1.464242123337267,4.605291869090888
calibration,previous_12h,50,8.0,12.0,1.4652000063721582,4.65366488777561
calibration,previous_12h,51,8.0,12.0,1.4644704726524571,4.74013123808108
calibration,previous_12h,52,8.0,12.0,1.4600566257702674,4.83247915247893
calibration,previous_12h,53,8.0,12.0,1.451863492687111,4.860990415896249
calibration,previous_12h,54,8.0,12.0,1.4410225810790767,4.932518034499056
calibration,previous_12h,55,8.0,12.0,1.438932849800345,5.078247874224773
calibration,previous_12h,56,8.0,12.0,1.441042966936612,5.146978972735616
calibration,previous_12h,57,8.0,12.0,1.436486124354186,5.229587413414083
calibration,previous_12h,58,8.0,12.0,1.4300823517713335,5.29251430563713
calibration,previous_12h,59,8.0,12.0,1.4195293891271499,5.338393049797063
calibration,previous_12h,60,8.0,12.0,1.4112413843713423,5.4011144775388376
calibration,previous_12h,61,8.0,12.0,1.407175886047729,5.462679542382554
calibration,previous_12h,62,8.0,12.0,1.4003089385148604,5.519666878268015
calibration,previous_12h,63,8.0,12.0,1.3946326214252291,5.5748073282432475
calibration,previous_12h,64,8.0,12.0,1.3873996815804146,5.62180976040394
calibration,previous_12h,65,8.0,12.0,1.3816820941961128,5.706663174523552
calibration,previous_12h,66,8.0,12.0,1.3764626536935998,5.747964101545766
calibration,previous_12h,67,8.0,12.0,1.3741063608307291,5.785471862554603
calibration,previous_12h,68,8.0,12.0,1.3801417648043657,5.873831821526521
calibration,previous_12h,69,8.0,12.0,1.4140641468349369,5.952668441081421
calibration,previous_12h,70,8.0,12.0,1.4561637776879577,6.068652745725789
calibration,previous_12h,71,8.0,12.0,1.4989659815134448,6.182119518856899
calibration,previous_12h,72,8.0,12.0,1.545136307186512,6.2985692769065516
calibration,previous_12h,73,8.0,12.0,1.5839526265220893,6.406264715741217
calibration,previous_12h,74,8.0,12.0,1.630070198708422,6.5231470804011815
calibration,previous_12h,75,8.0,12.0,1.6760713513674474,6.637791036311991
calibration,previous_12h,76,8.0,12.0,1.7275103708793704,6.756028965754379
calibration,previous_12h,77,8.0,12.0,1.7779220502777804,6.871238665306989
calibration,previous_12h,78,8.0,12.0,1.8278912000887493,6.985459831099994
calibration,previous_12h,79,8.0,12.0,1.8824031369999439,7.106560723690558
calibration,previous_12h,80,8.0,12.0,1.930403566672445,7.227052937341827
calibration,previous_12h,81,8.0,12.0,1.9779597842872754,7.349845525753218
calibration,previous_12h,82,8.0,12.0,2.0303814119388086,7.473816658852472
calibration,previous_12h,83,8.0,12.0,2.082643400320028,7.592379609186595
calibration,previous_12h,84,8.0,12.0,2.1368349646283535,7.718349797215618
calibration,previous_12h,85,8.0,12.0,2.1901369002279347,7.843527329767719
calibration,previous_12h,86,8.0,12.0,2.2449918241266076,7.968145702488161
calibration,previous_12h,87,8.0,12.0,2.299229469693853,8.094660303987645
calibration,previous_12h,88,8.0,12.0,2.3531083006396614,8.21698812061542
calibration,previous_12h,89,8.0,12.0,2.412238522974519,8.341766217289791
calibration,previous_12h,90,8.0,12.0,2.472300214756018,8.469901251678124
calibration,previous_12h,91,8.0,12.0,2.5368611025981647,8.596773215635656
calibration,previous_12h,92,8.0,12.0,2.598356445814054,8.723392121599982
calibration,previous_12h,93,8.0,12.0,2.661527512737649,8.848226949697224
calibration,previous_12h,94,8.0,12.0,2.722602866652002,8.973772928977652
calibration,previous_12h,95,8.0,12.0,2.788765918665126,9.093237684846223
calibration,previous_12h,96,8.0,12.0,2.853887794807397,9.211305238028867
calibration,previous_12h,97,8.0,12.0,2.914958477872398,9.314925513172945
calibration,previous_12h,98,8.0,12.0,2.9775496745706453,9.416944948077234
calibration,previous_12h,99,8.0,12.0,3.041867496004058,9.51211112803394
calibration,previous_12h,100,8.0,12.0,3.1027401655650433,9.598720951148088
calibration,previous_12h,20,10.0,1.0,1.8222290163434351,2.9914293249721613
calibration,previous_12h,21,10.0,1.0,1.769240964409935,2.9679097590022074
calibration,previous_12h,22,10.0,1.0,1.7517015586045348,3.043044647340243
calibration,previous_12h,23,10.0,1.0,1.7494670805085821,3.188059971592483
calibration,previous_12h,24,10.0,1.0,1.6339429259811578,3.0349242493665773
calibration,previous_12h,25,10.0,1.0,1.5459907187134192,3.0027619366263636
calibration,previous_12h,26,10.0,1.0,1.4914928077469636,2.999654251451145
calibration,previous_12h,27,10.0,1.0,1.4452295471000909,3.0890057717244845
calibration,previous_12h,28,10.0,1.0,1.3688101444472078,3.154120152934281
calibration,previous_12h,29,10.0,1.0,1.3147524786438325,3.2120948022177354
calibration,previous_12h,30,10.0,1.0,1.2255111043840028,3.1269660151918677
calibration,previous_12h,31,10.0,1.0,1.140605329799449,3.093984310681064
calibration,previous_12h,32,10.0,1.0,1.134324331101011,3.2628998999163716
calibration,previous_12h,33,10.0,1.0,1.2059282199122556,3.269166474359375
calibration,previous_12h,34,10.0,1.0,1.254207243586447,3.3185625705280497
calibration,previous_12h,35,10.0,1.0,1.34466480687494,3.458203300031326
calibration,previous_12h,36,10.0,1.0,1.40285667511304,3.5026360309927895
calibration,previous_12h,37,10.0,1.0,1.389167015969761,3.486640160404475
calibration,previous_12h,38,10.0,1.0,1.4242545845484234,3.5870624605633727
calibration,previous_12h,39,10.0,1.0,1.4795564619993762,3.6358469067000243
calibration,previous_12h,40,10.0,1.0,1.5504840776187745,3.7264356911642427
calibration,previous_12h,41,10.0,1.0,1.656972707033555,3.8733961729632282
calibration,previous_12h,42,10.0,1.0,1.7425618778619256,3.943743914340425
calibration,previous_12h,43,10.0,1.0,1.843353943078485,4.056429795605676
calibration,previous_12h,44,10.0,1.0,1.971434872579203,4.188661860291365
calibration,previous_12h,45,10.0,1.0,2.0719618349652746,4.218277928142866
calibration,previous_12h,46,10.0,1.0,2.1861459187504817,4.42947488023282
calibration,previous_12h,47,10.0,1.0,2.262774280299684,4.546128470122857
calibration,previous_12h,48,10.0,1.0,2.334050414188882,4.582866742855618
calibration,previous_12h,49,10.0,1.0,2.428572171790444,4.722648316681521
calibration,previous_12h,50,10.0,1.0,2.5094520689468602,4.774834516493431
calibration,previous_12h,51,10.0,1.0,2.5866418065603414,4.8652916515713684
calibration,previous_12h,52,10.0,1.0,2.661337599264435,4.962420637982912
calibration,previous_12h,53,10.0,1.0,2.738872485355892,4.994914950873697
calibration,previous_12h,54,10.0,1.0,2.809887568799385,5.070136010637194
calibration,previous_12h,55,10.0,1.0,2.8879808125344075,5.219520931097854
calibration,previous_12h,56,10.0,1.0,2.96791409927033,5.291907842842569
calibration,previous_12h,57,10.0,1.0,3.048878974509517,5.378545535267554
calibration,previous_12h,58,10.0,1.0,3.13596661171458,5.445636420025224
calibration,previous_12h,59,10.0,1.0,3.2197307969489497,5.496019883349446
calibration,previous_12h,60,10.0,1.0,3.3129539238568206,5.562863303890686
calibration,previous_12h,61,10.0,1.0,3.408226937802872,5.628385648499745
calibration,previous_12h,62,10.0,1.0,3.497888236017177,5.688880210510661
calibration,previous_12h,63,10.0,1.0,3.593501480771022,5.747167028899591
calibration,previous_12h,64,10.0,1.0,3.6941594090869057,5.796960265722673
calibration,previous_12h,65,10.0,1.0,3.806436245538336,5.884283284562164
calibration,previous_12h,66,10.0,1.0,3.913727985491322,5.928435577965163
calibration,previous_12h,67,10.0,1.0,4.0278396539471295,5.9684045356993565
calibration,previous_12h,68,10.0,1.0,4.137290777409786,6.059226180592447
calibration,previous_12h,69,10.0,1.0,4.255502751840501,6.112456769792174
calibration,previous_12h,70,10.0,1.0,4.376699012641327,6.205560689172751
calibration,previous_12h,71,10.0,1.0,4.5005961682874185,6.271730212865023
calibration,previous_12h,72,10.0,1.0,4.625034939150541,6.307409167066558
calibration,previous_12h,73,10.0,1.0,4.750170507804774,6.3471957167287485
calibration,previous_12h,74,10.0,1.0,4.882565769270575,6.407634823572916
calibration,previous_12h,75,10.0,1.0,5.016116429097139,6.4325009384337495
calibration,previous_12h,76,10.0,1.0,5.20530122840781,6.4827884820073844
calibration,previous_12h,77,10.0,1.0,5.402784584198428,6.525729273339742
calibration,previous_12h,78,10.0,1.0,5.595065981018865,6.602628405223032
calibration,previous_12h,79,10.0,1.0,5.795808549974413,6.626977267812917
calibration,previous_12h,80,10.0,1.0,6.002287467209255,6.664130033544824
calibration,previous_12h,81,10.0,1.0,6.208694724884567,6.710215950767506
calibration,previous_12h,82,10.0,1.0,6.4186788472538225,6.770781645381874
calibration,previous_12h,83,10.0,1.0,6.62566944179801,6.809347582487901
calibration,previous_12h,84,10.0,1.0,6.839844280997132,6.858630470166904
calibration,previous_12h,85,10.0,1.0,7.059432184073167,6.923540409763529
calibration,previous_12h,86,10.0,1.0,7.27926564231971,6.983876266583322
calibration,previous_12h,87,10.0,1.0,7.50258956848493,7.041435452003109
calibration,previous_12h,88,10.0,1.0,7.7225470986821865,7.095331273080441
calibration,previous_12h,89,10.0,1.0,7.956351007636364,7.1347429417754515
calibration,previous_12h,90,10.0,1.0,8.19397694899835,7.185266896565712
calibration,previous_12h,91,10.0,1.0,8.434120048864923,7.219445480141418
calibration,previous_12h,92,10.0,1.0,8.670117092113472,7.3454020910420414
calibration,previous_12h,93,10.0,1.0,8.900987357207168,7.516256007124911
calibration,previous_12h,94,10.0,1.0,9.133723207330192,7.6661322454204095
calibration,previous_12h,95,10.0,1.0,9.362655360669446,7.82726514686507
calibration,previous_12h,96,10.0,1.0,9.583277618733653,7.968349311025191
calibration,previous_12h,97,10.0,1.0,9.791553442539147,8.110717232946186
calibration,previous_12h,98,10.0,1.0,9.993174728835562,8.260869093648026
calibration,previous_12h,99,10.0,1.0,10.185701457518137,8.389631244216545
calibration,previous_12h,100,10.0,1.0,10.368291407257013,8.506840665998826
calibration,previous_12h,20,10.0,5.0,1.8222290163434351,2.9914293249721835
calibration,previous_12h,21,10.0,5.0,1.7692409644099127,2.967909759002163
calibration,previous_12h,22,10.0,5.0,1.7517015586045348,3.0430446473402206
calibration,previous_12h,23,10.0,5.0,1.7494670805086043,3.188059971592505
calibration,previous_12h,24,10.0,5.0,1.6339429259812022,3.0349242493666218
calibration,previous_12h,25,10.0,5.0,1.5459907187134414,3.002761936626386
calibration,previous_12h,26,10.0,5.0,1.491492807746897,2.9996542514510782
calibration,previous_12h,27,10.0,5.0,1.445229547100113,3.0890057717245067
calibration,previous_12h,28,10.0,5.0,1.3688101444472078,3.154120152934281
calibration,previous_12h,29,10.0,5.0,1.3147524786438325,3.2120948022177576
calibration,previous_12h,30,10.0,5.0,1.2255111043839806,3.1269660151918677
calibration,previous_12h,31,10.0,5.0,1.140605329799449,3.093984310681086
calibration,previous_12h,32,10.0,5.0,1.1343243311010553,3.262899899916394
calibration,previous_12h,33,10.0,5.0,1.2059282199122556,3.2691664743593973
calibration,previous_12h,34,10.0,5.0,1.254207243586447,3.3185625705280275
calibration,previous_12h,35,10.0,5.0,1.34466480687494,3.458203300031304
calibration,previous_12h,36,10.0,5.0,1.4028566751130178,3.5026360309927895
calibration,previous_12h,37,10.0,5.0,1.3891670159697833,3.486640160404497
calibration,previous_12h,38,10.0,5.0,1.4242545845484234,3.5870624605633727
calibration,previous_12h,39,10.0,5.0,1.4795564619994206,3.6358469067000465
calibration,previous_12h,40,10.0,5.0,1.5504840776187745,3.7264356911642427
calibration,previous_12h,41,10.0,5.0,1.656972707033555,3.873396172963206
calibration,previous_12h,42,10.0,5.0,1.7425618778619256,3.943743914340425
calibration,previous_12h,43,10.0,5.0,1.8433539430785073,4.056429795605676
calibration,previous_12h,44,10.0,5.0,1.9714348725792252,4.188661860291387
calibration,previous_12h,45,10.0,5.0,2.0719618349652746,4.218277928142888
calibration,previous_12h,46,10.0,5.0,2.1861459187504817,4.429474880232798
calibration,previous_12h,47,10.0,5.0,2.262774280299662,4.546128470122834
calibration,previous_12h,48,10.0,5.0,2.3340504141888374,4.582866742855574
calibration,previous_12h,49,10.0,5.0,2.428572171790444,4.722648316681499
calibration,previous_12h,50,10.0,5.0,2.5094520689468602,4.774834516493454
calibration,previous_12h,51,10.0,5.0,2.586641806560319,4.865291651571346
calibration,previous_12h,52,10.0,5.0,2.661337599264413,4.9624206379828895
calibration,previous_12h,53,10.0,5.0,2.73887248535587,4.994914950873719
calibration,previous_12h,54,10.0,5.0,2.809887568799385,5.070136010637194
calibration,previous_12h,55,10.0,5.0,2.8879808125343853,5.219520931097854
calibration,previous_12h,56,10.0,5.0,2.9679140992702857,5.291907842842547
calibration,previous_12h,57,10.0,5.0,3.0488789745094946,5.3785455352675315
calibration,previous_12h,58,10.0,5.0,3.13596661171458,5.445636420025246
calibration,previous_12h,59,10.0,5.0,3.2197307969489275,5.496019883349468
calibration,previous_12h,60,10.0,5.0,3.3129539238567984,5.562863303890708
calibration,previous_12h,61,10.0,5.0,3.408226937802894,5.628385648499745
calibration,previous_12h,62,10.0,5.0,3.497888236017177,5.688880210510705
calibration,previous_12h,63,10.0,5.0,3.5935014807709997,5.747167028899547
calibration,previous_12h,64,10.0,5.0,3.6941594090868834,5.79696026572265
calibration,previous_12h,65,10.0,5.0,3.806436245538314,5.884283284562164
calibration,previous_12h,66,10.0,5.0,3.913727985491322,5.928435577965185
calibration,previous_12h,67,10.0,5.0,4.027839653947107,5.968404535699379
calibration,previous_12h,68,10.0,5.0,4.137290777409763,6.059226180592447
calibration,previous_12h,69,10.0,5.0,4.255502751840479,6.112456769792152
calibration,previous_12h,70,10.0,5.0,4.376699012641283,6.205560689172729
calibration,previous_12h,71,10.0,5.0,4.5005961682874185,6.271730212865023
calibration,previous_12h,72,10.0,5.0,4.6250349391505186,6.30740916706658
calibration,previous_12h,73,10.0,5.0,4.750170507804752,6.3471957167287485
calibration,previous_12h,74,10.0,5.0,4.88256576927053,6.407634823572916
calibration,previous_12h,75,10.0,5.0,5.016116429097139,6.4325009384337495
calibration,previous_12h,76,10.0,5.0,5.205301228407766,6.4827884820073844
calibration,previous_12h,77,10.0,5.0,5.402784584198428,6.525729273339742
calibration,previous_12h,78,10.0,5.0,5.595065981018865,6.60262840522301
calibration,previous_12h,79,10.0,5.0,5.7958085499743905,6.626977267812939
calibration,previous_12h,80,10.0,5.0,6.0022874672093,6.664130033544846
calibration,previous_12h,81,10.0,5.0,6.208694724884567,6.710215950767484
calibration,previous_12h,82,10.0,5.0,6.418678847253845,6.770781645381896
calibration,previous_12h,83,10.0,5.0,6.625669441797988,6.8093475824879235
calibration,previous_12h,84,10.0,5.0,6.839844280997109,6.858630470166904
calibration,previous_12h,85,10.0,5.0,7.059432184073167,6.923540409763529
calibration,previous_12h,86,10.0,5.0,7.2792656423196656,6.983876266583322
calibration,previous_12h,87,10.0,5.0,7.502589568484885,7.041435452003153
calibration,previous_12h,88,10.0,5.0,7.7225470986821865,7.0953312730804186
calibration,previous_12h,89,10.0,5.0,7.956351007636364,7.1347429417754515
calibration,previous_12h,90,10.0,5.0,8.193976948998305,7.18526689656569
calibration,previous_12h,91,10.0,5.0,8.434120048864923,7.21944548014144
calibration,previous_12h,92,10.0,5.0,8.670117092113472,7.345402091042019
calibration,previous_12h,93,10.0,5.0,8.900987357207168,7.516256007124866
calibration,previous_12h,94,10.0,5.0,9.133723207330192,7.666132245420387
calibration,previous_12h,95,10.0,5.0,9.362655360669446,7.82726514686507
calibration,previous_12h,96,10.0,5.0,9.583277618733677,7.968349311025191
calibration,previous_12h,97,10.0,5.0,9.791553442539147,8.110717232946163
calibration,previous_12h,98,10.0,5.0,9.993174728835562,8.260869093648026
calibration,previous_12h,99,10.0,5.0,10.18570145751816,8.389631244216588
calibration,previous_12h,100,10.0,5.0,10.368291407256969,8.506840665998805
calibration,previous_12h,20,10.0,12.0,1.8222290163434351,2.9914293249721613
calibration,previous_12h,21,10.0,12.0,1.769240964409935,2.9679097590021852
calibration,previous_12h,22,10.0,12.0,1.7517015586045348,3.0430446473402206
calibration,previous_12h,23,10.0,12.0,1.7494670805085821,3.188059971592483
calibration,previous_12h,24,10.0,12.0,1.63394292598118,3.0349242493665995
calibration,previous_12h,25,10.0,12.0,1.5459907187134414,3.0027619366263636
calibration,previous_12h,26,10.0,12.0,1.4914928077469192,2.9996542514511226
calibration,previous_12h,27,10.0,12.0,1.4452295471000909,3.0890057717245067
calibration,previous_12h,28,10.0,12.0,1.36881014444723,3.1541201529343033
calibration,previous_12h,29,10.0,12.0,1.3147524786438325,3.2120948022177576
calibration,previous_12h,30,10.0,12.0,1.2255111043840028,3.1269660151918677
calibration,previous_12h,31,10.0,12.0,1.140605329799449,3.093984310681064
calibration,previous_12h,32,10.0,12.0,1.1343243311010553,3.262899899916394
calibration,previous_12h,33,10.0,12.0,1.2059282199122556,3.2691664743593973
calibration,previous_12h,34,10.0,12.0,1.2542072435864249,3.3185625705280497
calibration,previous_12h,35,10.0,12.0,1.34466480687494,3.4582033000312817
calibration,previous_12h,36,10.0,12.0,1.40285667511304,3.5026360309927895
calibration,previous_12h,37,10.0,12.0,1.3891670159697833,3.486640160404475
calibration,previous_12h,38,10.0,12.0,1.4242545845484456,3.5870624605633505
calibration,previous_12h,39,10.0,12.0,1.4795564619993984,3.635846906700002
calibration,previous_12h,40,10.0,12.0,1.5504840776187745,3.726435691164265
calibration,previous_12h,41,10.0,12.0,1.6569727070335327,3.873396172963184
calibration,previous_12h,42,10.0,12.0,1.7425618778619256,3.943743914340425
calibration,previous_12h,43,10.0,12.0,1.843353943078485,4.056429795605654
calibration,previous_12h,44,10.0,12.0,1.9714348725792252,4.188661860291365
calibration,previous_12h,45,10.0,12.0,2.071961834965297,4.218277928142866
calibration,previous_12h,46,10.0,12.0,2.1861459187504595,4.429474880232798
calibration,previous_12h,47,10.0,12.0,2.262774280299684,4.546128470122834
calibration,previous_12h,48,10.0,12.0,2.3340504141888596,4.582866742855551
calibration,previous_12h,49,10.0,12.0,2.428572171790444,4.722648316681499
calibration,previous_12h,50,10.0,12.0,2.5094520689468602,4.774834516493431
calibration,previous_12h,51,10.0,12.0,2.5866418065603414,4.8652916515713684
calibration,previous_12h,52,10.0,12.0,2.661337599264413,4.962420637982912
calibration,previous_12h,53,10.0,12.0,2.73887248535587,4.9949149508736745
calibration,previous_12h,54,10.0,12.0,2.809887568799363,5.070136010637194
calibration,previous_12h,55,10.0,12.0,2.8879808125343853,5.219520931097854
calibration,previous_12h,56,10.0,12.0,2.9679140992702857,5.291907842842547
calibration,previous_12h,57,10.0,12.0,3.0488789745094724,5.3785455352675315
calibration,previous_12h,58,10.0,12.0,3.135966611714558,5.445636420025246
calibration,previous_12h,59,10.0,12.0,3.2197307969489053,5.496019883349446
calibration,previous_12h,60,10.0,12.0,3.3129539238567984,5.562863303890708
calibration,previous_12h,61,10.0,12.0,3.4082269378028496,5.628385648499767
calibration,previous_12h,62,10.0,12.0,3.4978882360171326,5.688880210510683
calibration,previous_12h,63,10.0,12.0,3.5935014807709997,5.747167028899591
calibration,previous_12h,64,10.0,12.0,3.6941594090868612,5.79696026572265
calibration,previous_12h,65,10.0,12.0,3.806436245538314,5.884283284562164
calibration,previous_12h,66,10.0,12.0,3.9137279854912776,5.928435577965163
calibration,previous_12h,67,10.0,12.0,4.027839653947063,5.968404535699312
calibration,previous_12h,68,10.0,12.0,4.137290777409741,6.059226180592447
calibration,previous_12h,69,10.0,12.0,4.2555027518404565,6.1124567697921295
calibration,previous_12h,70,10.0,12.0,4.3750180135438965,6.205560689172751
calibration,previous_12h,71,10.0,12.0,4.492730915298759,6.271730212864979
calibration,previous_12h,72,10.0,12.0,4.603444862070916,6.307409167066558
calibration,previous_12h,73,10.0,12.0,4.704787805550592,6.347195716728771
calibration,previous_12h,74,10.0,12.0,4.79952959375487,6.407634823572939
calibration,previous_12h,75,10.0,12.0,4.882749723671376,6.4325009384337495
calibration,previous_12h,76,10.0,12.0,5.0073715721612455,6.482788482007362
calibration,previous_12h,77,10.0,12.0,5.125383951731344,6.525729273339764
calibration,previous_12h,78,10.0,12.0,5.227837391242507,6.602628405223032
calibration,previous_12h,79,10.0,12.0,5.322707845750418,6.626977267812961
calibration,previous_12h,80,10.0,12.0,5.4101257413279535,6.6641300335448905
calibration,previous_12h,81,10.0,12.0,5.485312503053352,6.710215950767506
calibration,previous_12h,82,10.0,12.0,5.551265543551187,6.770781645381896
calibration,previous_12h,83,10.0,12.0,5.60751991146744,6.809347582487946
calibration,previous_12h,84,10.0,12.0,5.655104124115318,6.858630470166949
calibration,previous_12h,85,10.0,12.0,5.6966252107330195,6.923540409763551
calibration,previous_12h,86,10.0,12.0,5.728729667736321,6.983876266583322
calibration,previous_12h,87,10.0,12.0,5.7537980239816156,7.041435452003109
calibration,previous_12h,88,10.0,12.0,5.772004800002639,7.095331273080441
calibration,previous_12h,89,10.0,12.0,5.783814282295485,7.1347429417754515
calibration,previous_12h,90,10.0,12.0,5.78748142145904,7.185266896565712
calibration,previous_12h,91,10.0,12.0,5.783688641973339,7.219445480141418
calibration,previous_12h,92,10.0,12.0,5.772181541978072,7.287139849146107
calibration,previous_12h,93,10.0,12.0,5.755170171719315,7.35472914017945
calibration,previous_12h,94,10.0,12.0,5.732773537430491,7.40114576140809
calibration,previous_12h,95,10.0,12.0,5.704672863164095,7.456876492616282
calibration,previous_12h,96,10.0,12.0,5.668221640455506,7.497477345971415
calibration,previous_12h,97,10.0,12.0,5.629693801709279,7.540357109585405
calibration,previous_12h,98,10.0,12.0,5.58309131370347,7.592592605834336
calibration,previous_12h,99,10.0,12.0,5.534304489716546,7.625965605348672
calibration,previous_12h,100,10.0,12.0,5.482620079695399,7.6487993276174615
calibration,previous_12h,20,12.0,1.0,1.8222290163434351,2.9914293249721835
calibration,previous_12h,21,12.0,1.0,1.7692409644099572,2.9679097590022074
calibration,previous_12h,22,12.0,1.0,1.751701558604557,3.043044647340243
calibration,previous_12h,23,12.0,1.0,1.7494670805085821,3.188059971592505
calibration,previous_12h,24,12.0,1.0,1.63394292598118,3.0349242493665995
calibration,previous_12h,25,12.0,1.0,1.5459907187134192,3.002761936626386
calibration,previous_12h,26,12.0,1.0,1.4914928077469192,2.9996542514511004
calibration,previous_12h,27,12.0,1.0,1.4452295471000909,3.0890057717245067
calibration,previous_12h,28,12.0,1.0,1.3688101444472078,3.154120152934281
calibration,previous_12h,29,12.0,1.0,1.3147524786438547,3.2120948022177798
calibration,previous_12h,30,12.0,1.0,1.2255111043840028,3.1269660151918677
calibration,previous_12h,31,12.0,1.0,1.140605329799449,3.093984310681064
calibration,previous_12h,32,12.0,1.0,1.1343243311010331,3.2628998999163716
calibration,previous_12h,33,12.0,1.0,1.2059282199122556,3.269166474359375
calibration,previous_12h,34,12.0,1.0,1.254207243586447,3.3185625705280497
calibration,previous_12h,35,12.0,1.0,1.34466480687494,3.4582033000312817
calibration,previous_12h,36,12.0,1.0,1.4028566751130622,3.5026360309928117
calibration,previous_12h,37,12.0,1.0,1.3891670159697833,3.486640160404475
calibration,previous_12h,38,12.0,1.0,1.4242545845484456,3.5870624605633727
calibration,previous_12h,39,12.0,1.0,1.4795564619993984,3.6358469067000243
calibration,previous_12h,40,12.0,1.0,1.5504840776187745,3.7264356911642205
calibration,previous_12h,41,12.0,1.0,1.6569727070335771,3.873396172963206
calibration,previous_12h,42,12.0,1.0,1.7425618778619478,3.943743914340403
calibration,previous_12h,43,12.0,1.0,1.843353943078485,4.056429795605698
calibration,previous_12h,44,12.0,1.0,1.9714348725792252,4.188661860291387
calibration,previous_12h,45,12.0,1.0,2.071961834965319,4.218277928142866
calibration,previous_12h,46,12.0,1.0,2.186145918750504,4.42947488023282
calibration,previous_12h,47,12.0,1.0,2.262774280299684,4.546128470122857
calibration,previous_12h,48,12.0,1.0,2.334050414188882,4.582866742855618
calibration,previous_12h,49,12.0,1.0,2.4285721717904662,4.722648316681499
calibration,previous_12h,50,12.0,1.0,2.5094520689468602,4.774834516493454
calibration,previous_12h,51,12.0,1.0,2.5866418065603636,4.8652916515713684
calibration,previous_12h,52,12.0,1.0,2.661337599264435,4.962420637982912
calibration,previous_12h,53,12.0,1.0,2.738872485355892,4.9949149508736745
calibration,previous_12h,54,12.0,1.0,2.8098875687994074,5.070136010637216
calibration,previous_12h,55,12.0,1.0,2.8879808125344075,5.219520931097876
calibration,previous_12h,56,12.0,1.0,2.967914099270308,5.291907842842569
calibration,previous_12h,57,12.0,1.0,3.0488789745094946,5.378545535267576
calibration,previous_12h,58,12.0,1.0,3.135966611714558,5.445636420025224
calibration,previous_12h,59,12.0,1.0,3.2197307969489275,5.496019883349468
calibration,previous_12h,60,12.0,1.0,3.3129539238568206,5.562863303890708
calibration,previous_12h,61,12.0,1.0,3.408226937802894,5.62838564849979
calibration,previous_12h,62,12.0,1.0,3.497888236017155,5.688880210510705
calibration,previous_12h,63,12.0,1.0,3.5935014807709775,5.747167028899591
calibration,previous_12h,64,12.0,1.0,3.6941594090868834,5.796960265722673
calibration,previous_12h,65,12.0,1.0,3.806436245538336,5.884283284562186
calibration,previous_12h,66,12.0,1.0,3.913727985491322,5.928435577965185
calibration,previous_12h,67,12.0,1.0,4.027839653947107,5.968404535699401
calibration,previous_12h,68,12.0,1.0,4.137290777409763,6.059226180592425
calibration,previous_12h,69,12.0,1.0,4.255502751840479,6.112456769792174
calibration,previous_12h,70,12.0,1.0,4.376699012641261,6.205560689172729
calibration,previous_12h,71,12.0,1.0,4.5005961682874185,6.271730212865001
calibration,previous_12h,72,12.0,1.0,4.625034939150496,6.30740916706658
calibration,previous_12h,73,12.0,1.0,4.750170507804752,6.3471957167287485
calibration,previous_12h,74,12.0,1.0,4.882565769270553,6.407634823572961
calibration,previous_12h,75,12.0,1.0,5.016116429097139,6.432500938433794
calibration,previous_12h,76,12.0,1.0,5.205301228407766,6.482788482007407
calibration,previous_12h,77,12.0,1.0,5.402784584198406,6.52572927333972
calibration,previous_12h,78,12.0,1.0,5.595065981018843,6.602628405222988
calibration,previous_12h,79,12.0,1.0,5.795808549974368,6.626977267812961
calibration,previous_12h,80,12.0,1.0,6.002287467209277,6.664130033544846
calibration,previous_12h,81,12.0,1.0,6.208694724884589,6.710215950767484
calibration,previous_12h,82,12.0,1.0,6.4186788472538225,6.770781645381896
calibration,previous_12h,83,12.0,1.0,6.62566944179801,6.809347582487879
calibration,previous_12h,84,12.0,1.0,6.839844280997132,6.858630470166904
calibration,previous_12h,85,12.0,1.0,7.059432184073167,6.923540409763529
calibration,previous_12h,86,12.0,1.0,7.27926564231971,6.983876266583278
calibration,previous_12h,87,12.0,1.0,7.5025895684849075,7.041435452003109
calibration,previous_12h,88,12.0,1.0,7.7225470986821865,7.0953312730804186
calibration,previous_12h,89,12.0,1.0,7.956351007636364,7.134742941775429
calibration,previous_12h,90,12.0,1.0,8.193976948998284,7.185266896565734
calibration,previous_12h,91,12.0,1.0,8.434120048864902,7.219445480141418
calibration,previous_12h,92,12.0,1.0,8.670117092113472,7.345402091041997
calibration,previous_12h,93,12.0,1.0,8.900987357207168,7.516256007124844
calibration,previous_12h,94,12.0,1.0,9.133723207330192,7.666132245420365
calibration,previous_12h,95,12.0,1.0,9.362655360669425,7.827265146865048
calibration,previous_12h,96,12.0,1.0,9.583277618733653,7.968349311025169
calibration,previous_12h,97,12.0,1.0,9.791553442539168,8.11071723294614
calibration,previous_12h,98,12.0,1.0,9.993174728835562,8.260869093647983
calibration,previous_12h,99,12.0,1.0,10.185701457518181,8.389631244216545
calibration,previous_12h,100,12.0,1.0,10.36829140725699,8.506840665998805
calibration,previous_12h,20,12.0,5.0,1.8222290163434574,2.9914293249722057
calibration,previous_12h,21,12.0,5.0,1.769240964409935,2.9679097590022074
calibration,previous_12h,22,12.0,5.0,1.751701558604557,3.043044647340243
calibration,previous_12h,23,12.0,5.0,1.7494670805086043,3.188059971592483
calibration,previous_12h,24,12.0,5.0,1.63394292598118,3.0349242493666218
calibration,previous_12h,25,12.0,5.0,1.5459907187134414,3.002761936626386
calibration,previous_12h,26,12.0,5.0,1.4914928077469636,2.999654251451145
calibration,previous_12h,27,12.0,5.0,1.4452295471000909,3.0890057717244845
calibration,previous_12h,28,12.0,5.0,1.3688101444472078,3.154120152934281
calibration,previous_12h,29,12.0,5.0,1.3147524786438547,3.2120948022177576
calibration,previous_12h,30,12.0,5.0,1.2255111043839806,3.1269660151918677
calibration,previous_12h,31,12.0,5.0,1.1406053297994712,3.093984310681086
calibration,previous_12h,32,12.0,5.0,1.1343243311010331,3.262899899916394
calibration,previous_12h,33,12.0,5.0,1.2059282199122778,3.2691664743594417
calibration,previous_12h,34,12.0,5.0,1.254207243586447,3.3185625705280497
calibration,previous_12h,35,12.0,5.0,1.34466480687494,3.458203300031326
calibration,previous_12h,36,12.0,5.0,1.4028566751130622,3.5026360309927895
calibration,previous_12h,37,12.0,5.0,1.3891670159697833,3.486640160404453
calibration,previous_12h,38,12.0,5.0,1.4242545845484456,3.5870624605633727
calibration,previous_12h,39,12.0,5.0,1.4795564619993984,3.635846906700002
calibration,previous_12h,40,12.0,5.0,1.5504840776187967,3.726435691164287
calibration,previous_12h,41,12.0,5.0,1.6569727070335771,3.8733961729632282
calibration,previous_12h,42,12.0,5.0,1.7425618778619256,3.943743914340425
calibration,previous_12h,43,12.0,5.0,1.843353943078485,4.056429795605676
calibration,previous_12h,44,12.0,5.0,1.9714348725792252,4.188661860291387
calibration,previous_12h,45,12.0,5.0,2.071961834965297,4.218277928142888
calibration,previous_12h,46,12.0,5.0,2.1861459187504817,4.429474880232798
calibration,previous_12h,47,12.0,5.0,2.262774280299684,4.546128470122834
calibration,previous_12h,48,12.0,5.0,2.3340504141888596,4.582866742855574
calibration,previous_12h,49,12.0,5.0,2.4285721717904662,4.722648316681499
calibration,previous_12h,50,12.0,5.0,2.509452068946838,4.774834516493431
calibration,previous_12h,51,12.0,5.0,2.586641806560319,4.8652916515713684
calibration,previous_12h,52,12.0,5.0,2.6613375992644572,4.962420637982934
calibration,previous_12h,53,12.0,5.0,2.73887248535587,4.994914950873697
calibration,previous_12h,54,12.0,5.0,2.8098875687994074,5.070136010637238
calibration,previous_12h,55,12.0,5.0,2.8879808125343853,5.219520931097876
calibration,previous_12h,56,12.0,5.0,2.9679140992702857,5.291907842842569
calibration,previous_12h,57,12.0,5.0,3.048878974509517,5.378545535267576
calibration,previous_12h,58,12.0,5.0,3.13596661171458,5.445636420025224
calibration,previous_12h,59,12.0,5.0,3.2197307969489497,5.496019883349446
calibration,previous_12h,60,12.0,5.0,3.3129539238568206,5.5628633038907305
calibration,previous_12h,61,12.0,5.0,3.408226937802872,5.628385648499767
calibration,previous_12h,62,12.0,5.0,3.497888236017177,5.688880210510683
calibration,previous_12h,63,12.0,5.0,3.5935014807709997,5.747167028899591
calibration,previous_12h,64,12.0,5.0,3.6941594090868834,5.796960265722673
calibration,previous_12h,65,12.0,5.0,3.806436245538336,5.884283284562164
calibration,previous_12h,66,12.0,5.0,3.913727985491322,5.928435577965185
calibration,previous_12h,67,12.0,5.0,4.027839653947107,5.968404535699379
calibration,previous_12h,68,12.0,5.0,4.137290777409786,6.05922618059247
calibration,previous_12h,69,12.0,5.0,4.255502751840501,6.112456769792174
calibration,previous_12h,70,12.0,5.0,4.376699012641305,6.205560689172751
calibration,previous_12h,71,12.0,5.0,4.5005961682874185,6.271730212865001
calibration,previous_12h,72,12.0,5.0,4.625034939150563,6.307409167066558
calibration,previous_12h,73,12.0,5.0,4.750170507804774,6.347195716728793
calibration,previous_12h,74,12.0,5.0,4.882565769270575,6.407634823572961
calibration,previous_12h,75,12.0,5.0,5.016116429097139,6.432500938433772
calibration,previous_12h,76,12.0,5.0,5.205301228407788,6.4827884820073844
calibration,previous_12h,77,12.0,5.0,5.402784584198406,6.525729273339764
calibration,previous_12h,78,12.0,5.0,5.595065981018843,6.60262840522301
calibration,previous_12h,79,12.0,5.0,5.7958085499743905,6.6269772678129835
calibration,previous_12h,80,12.0,5.0,6.002287467209233,6.664130033544868
calibration,previous_12h,81,12.0,5.0,6.208694724884567,6.710215950767506
calibration,previous_12h,82,12.0,5.0,6.418678847253845,6.770781645381874
calibration,previous_12h,83,12.0,5.0,6.625669441797966,6.809347582487946
calibration,previous_12h,84,12.0,5.0,6.839844280997087,6.8586304701669265
calibration,previous_12h,85,12.0,5.0,7.059432184073144,6.923540409763551
calibration,previous_12h,86,12.0,5.0,7.279265642319688,6.983876266583322
calibration,previous_12h,87,12.0,5.0,7.502589568484885,7.041435452003153
calibration,previous_12h,88,12.0,5.0,7.722547098682164,7.095331273080441
calibration,previous_12h,89,12.0,5.0,7.95635100763632,7.134742941775474
calibration,previous_12h,90,12.0,5.0,8.19397694899826,7.185266896565712
calibration,previous_12h,91,12.0,5.0,8.43412004886488,7.219445480141462
calibration,previous_12h,92,12.0,5.0,8.670117092113427,7.345402091042019
calibration,previous_12h,93,12.0,5.0,8.900987357207146,7.516256007124866
calibration,previous_12h,94,12.0,5.0,9.133723207330169,7.666132245420387
calibration,previous_12h,95,12.0,5.0,9.362655360669404,7.827265146865026
calibration,previous_12h,96,12.0,5.0,9.583277618733632,7.968349311025191
calibration,previous_12h,97,12.0,5.0,9.791553442539126,8.11071723294614
calibration,previous_12h,98,12.0,5.0,9.993174728835541,8.260869093648004
calibration,previous_12h,99,12.0,5.0,10.185701457518137,8.389631244216588
calibration,previous_12h,100,12.0,5.0,10.36829140725699,8.506840665998826
calibration,previous_12h,20,12.0,12.0,1.8222290163434351,2.9914293249721835
calibration,previous_12h,21,12.0,12.0,1.769240964409935,2.9679097590021852
calibration,previous_12h,22,12.0,12.0,1.7517015586045126,3.0430446473402206
calibration,previous_12h,23,12.0,12.0,1.7494670805085821,3.188059971592505
calibration,previous_12h,24,12.0,12.0,1.63394292598118,3.0349242493665773
calibration,previous_12h,25,12.0,12.0,1.5459907187134192,3.0027619366263414
calibration,previous_12h,26,12.0,12.0,1.4914928077469636,2.999654251451145
calibration,previous_12h,27,12.0,12.0,1.445229547100113,3.0890057717245067
calibration,previous_12h,28,12.0,12.0,1.3688101444472078,3.154120152934281
calibration,previous_12h,29,12.0,12.0,1.3147524786438325,3.2120948022177798
calibration,previous_12h,30,12.0,12.0,1.2255111043840028,3.1269660151918677
calibration,previous_12h,31,12.0,12.0,1.1406053297994712,3.093984310681086
calibration,previous_12h,32,12.0,12.0,1.1343243311010331,3.2628998999163716
calibration,previous_12h,33,12.0,12.0,1.2059282199122334,3.2691664743593973
calibration,previous_12h,34,12.0,12.0,1.254207243586447,3.3185625705280497
calibration,previous_12h,35,12.0,12.0,1.34466480687494,3.458203300031304
calibration,previous_12h,36,12.0,12.0,1.40285667511304,3.5026360309928117
calibration,previous_12h,37,12.0,12.0,1.3891670159697833,3.486640160404497
calibration,previous_12h,38,12.0,12.0,1.4242545845484234,3.5870624605633727
calibration,previous_12h,39,12.0,12.0,1.4795564619993762,3.6358469067000243
calibration,previous_12h,40,12.0,12.0,1.5504840776187745,3.7264356911642427
calibration,previous_12h,41,12.0,12.0,1.6569727070335327,3.873396172963184
calibration,previous_12h,42,12.0,12.0,1.7425618778619034,3.943743914340425
calibration,previous_12h,43,12.0,12.0,1.843353943078463,4.056429795605676
calibration,previous_12h,44,12.0,12.0,1.971434872579203,4.188661860291365
calibration,previous_12h,45,12.0,12.0,2.071961834965297,4.218277928142888
calibration,previous_12h,46,12.0,12.0,2.1861459187504817,4.429474880232798
calibration,previous_12h,47,12.0,12.0,2.262774280299684,4.546128470122834
calibration,previous_12h,48,12.0,12.0,2.334050414188882,4.582866742855596
calibration,previous_12h,49,12.0,12.0,2.428572171790444,4.722648316681499
calibration,previous_12h,50,12.0,12.0,2.509452068946838,4.774834516493431
calibration,previous_12h,51,12.0,12.0,2.5866418065603414,4.8652916515713684
calibration,previous_12h,52,12.0,12.0,2.661337599264435,4.962420637982934
calibration,previous_12h,53,12.0,12.0,2.73887248535587,4.994914950873697
calibration,previous_12h,54,12.0,12.0,2.809887568799385,5.070136010637238
calibration,previous_12h,55,12.0,12.0,2.8879808125344075,5.2195209310978985
calibration,previous_12h,56,12.0,12.0,2.9679140992702635,5.291907842842569
calibration,previous_12h,57,12.0,12.0,3.0488789745094946,5.378545535267554
calibration,previous_12h,58,12.0,12.0,3.13596661171458,5.445636420025224
calibration,previous_12h,59,12.0,12.0,3.2197307969489053,5.496019883349446
calibration,previous_12h,60,12.0,12.0,3.3129539238568206,5.5628633038907305
calibration,previous_12h,61,12.0,12.0,3.4082269378028496,5.628385648499767
calibration,previous_12h,62,12.0,12.0,3.497888236017155,5.688880210510683
calibration,previous_12h,63,12.0,12.0,3.5935014807709775,5.747167028899547
calibration,previous_12h,64,12.0,12.0,3.6941594090868612,5.796960265722673
calibration,previous_12h,65,12.0,12.0,3.806436245538314,5.884283284562186
calibration,previous_12h,66,12.0,12.0,3.9137279854913,5.928435577965141
calibration,previous_12h,67,12.0,12.0,4.027839653947107,5.9684045356993565
calibration,previous_12h,68,12.0,12.0,4.137290777409786,6.059226180592447
calibration,previous_12h,69,12.0,12.0,4.2555027518404565,6.1124567697921295
calibration,previous_12h,70,12.0,12.0,4.376699012641283,6.205560689172707
calibration,previous_12h,71,12.0,12.0,4.5005961682874185,6.271730212865001
calibration,previous_12h,72,12.0,12.0,4.6250349391505186,6.307409167066558
calibration,previous_12h,73,12.0,12.0,4.750170507804774,6.3471957167287485
calibration,previous_12h,74,12.0,12.0,4.882565769270553,6.407634823572894
calibration,previous_12h,75,12.0,12.0,5.016116429097139,6.4325009384337495
calibration,previous_12h,76,12.0,12.0,5.205301228407788,6.482788482007362
calibration,previous_12h,77,12.0,12.0,5.402784584198428,6.52572927333972
calibration,previous_12h,78,12.0,12.0,5.595065981018843,6.60262840522301
calibration,previous_12h,79,12.0,12.0,5.7958085499743905,6.626977267812961
calibration,previous_12h,80,12.0,12.0,6.0022874672093,6.664130033544824
calibration,previous_12h,81,12.0,12.0,6.208694724884567,6.710215950767462
calibration,previous_12h,82,12.0,12.0,6.418678847253845,6.770781645381874
calibration,previous_12h,83,12.0,12.0,6.62566944179801,6.809347582487879
calibration,previous_12h,84,12.0,12.0,6.839844280997132,6.8586304701669265
calibration,previous_12h,85,12.0,12.0,7.059432184073167,6.923540409763529
calibration,previous_12h,86,12.0,12.0,7.279265642319688,6.983876266583322
calibration,previous_12h,87,12.0,12.0,7.5025895684849075,7.041435452003109
calibration,previous_12h,88,12.0,12.0,7.722547098682164,7.095331273080441
calibration,previous_12h,89,12.0,12.0,7.956351007636386,7.134742941775429
calibration,previous_12h,90,12.0,12.0,8.193976948998305,7.18526689656569
calibration,previous_12h,91,12.0,12.0,8.434120048864923,7.219445480141418
calibration,previous_12h,92,12.0,12.0,8.670117092113472,7.345402091042019
calibration,previous_12h,93,12.0,12.0,8.900987357207146,7.516256007124844
calibration,previous_12h,94,12.0,12.0,9.133723207330169,7.666132245420365
calibration,previous_12h,95,12.0,12.0,9.362655360669425,7.827265146865048
calibration,previous_12h,96,12.0,12.0,9.583277618733677,7.968349311025191
calibration,previous_12h,97,12.0,12.0,9.791553442539126,8.11071723294614
calibration,previous_12h,98,12.0,12.0,9.993174728835562,8.260869093648026
calibration,previous_12h,99,12.0,12.0,10.18570145751816,8.389631244216567
calibration,previous_12h,100,12.0,12.0,10.368291407257036,8.506840665998826
calibration,previous_12h,20,24.0,1.0,1.8222290163434574,2.9914293249721835
calibration,previous_12h,21,24.0,1.0,1.7692409644099572,2.9679097590022074
calibration,previous_12h,22,24.0,1.0,1.751701558604557,3.043044647340265
calibration,previous_12h,23,24.0,1.0,1.7494670805086043,3.188059971592505
calibration,previous_12h,24,24.0,1.0,1.63394292598118,3.0349242493666218
calibration,previous_12h,25,24.0,1.0,1.5459907187134192,3.0027619366263414
calibration,previous_12h,26,24.0,1.0,1.4914928077469414,2.999654251451145
calibration,previous_12h,27,24.0,1.0,1.445229547100113,3.0890057717245067
calibration,previous_12h,28,24.0,1.0,1.3688101444472078,3.154120152934281
calibration,previous_12h,29,24.0,1.0,1.3147524786438547,3.2120948022177576
calibration,previous_12h,30,24.0,1.0,1.2255111043840028,3.12696601519189
calibration,previous_12h,31,24.0,1.0,1.1406053297994712,3.093984310681086
calibration,previous_12h,32,24.0,1.0,1.1343243311010331,3.262899899916394
calibration,previous_12h,33,24.0,1.0,1.2059282199122334,3.2691664743593973
calibration,previous_12h,34,24.0,1.0,1.2542072435864249,3.3185625705280497
calibration,previous_12h,35,24.0,1.0,1.34466480687494,3.4582033000312817
calibration,previous_12h,36,24.0,1.0,1.4028566751130622,3.5026360309928117
calibration,previous_12h,37,24.0,1.0,1.3891670159697833,3.486640160404497
calibration,previous_12h,38,24.0,1.0,1.4242545845484456,3.5870624605633727
calibration,previous_12h,39,24.0,1.0,1.4795564619993984,3.635846906700002
calibration,previous_12h,40,24.0,1.0,1.5504840776187745,3.7264356911642427
calibration,previous_12h,41,24.0,1.0,1.656972707033555,3.873396172963206
calibration,previous_12h,42,24.0,1.0,1.7425618778619256,3.943743914340425
calibration,previous_12h,43,24.0,1.0,1.8433539430785073,4.056429795605698
calibration,previous_12h,44,24.0,1.0,1.9714348725792252,4.188661860291387
calibration,previous_12h,45,24.0,1.0,2.071961834965319,4.218277928142911
calibration,previous_12h,46,24.0,1.0,2.186145918750504,4.42947488023282
calibration,previous_12h,47,24.0,1.0,2.262774280299684,4.546128470122812
calibration,previous_12h,48,24.0,1.0,2.334050414188882,4.582866742855596
calibration,previous_12h,49,24.0,1.0,2.4285721717904662,4.722648316681521
calibration,previous_12h,50,24.0,1.0,2.509452068946838,4.774834516493431
calibration,previous_12h,51,24.0,1.0,2.5866418065603414,4.8652916515713684
calibration,previous_12h,52,24.0,1.0,2.661337599264413,4.962420637982912
calibration,previous_12h,53,24.0,1.0,2.738872485355892,4.9949149508736745
calibration,previous_12h,54,24.0,1.0,2.809887568799385,5.070136010637194
calibration,previous_12h,55,24.0,1.0,2.887980812534363,5.219520931097854
calibration,previous_12h,56,24.0,1.0,2.9679140992702857,5.291907842842547
calibration,previous_12h,57,24.0,1.0,3.0488789745094946,5.3785455352675315
calibration,previous_12h,58,24.0,1.0,3.135966611714558,5.445636420025224
calibration,previous_12h,59,24.0,1.0,3.2197307969489497,5.496019883349468
calibration,previous_12h,60,24.0,1.0,3.3129539238568206,5.562863303890686
calibration,previous_12h,61,24.0,1.0,3.4082269378028496,5.628385648499767
calibration,previous_12h,62,24.0,1.0,3.497888236017155,5.688880210510683
calibration,previous_12h,63,24.0,1.0,3.5935014807709997,5.747167028899591
calibration,previous_12h,64,24.0,1.0,3.6941594090868834,5.79696026572265
calibration,previous_12h,65,24.0,1.0,3.806436245538336,5.884283284562142
calibration,previous_12h,66,24.0,1.0,3.9137279854912776,5.928435577965163
calibration,previous_12h,67,24.0,1.0,4.027839653947107,5.968404535699379
calibration,previous_12h,68,24.0,1.0,4.137290777409763,6.059226180592447
calibration,previous_12h,69,24.0,1.0,4.255502751840479,6.112456769792152
calibration,previous_12h,70,24.0,1.0,4.376699012641283,6.205560689172729
calibration,previous_12h,71,24.0,1.0,4.5005961682874185,6.271730212865045
calibration,previous_12h,72,24.0,1.0,4.625034939150541,6.30740916706658
calibration,previous_12h,73,24.0,1.0,4.750170507804796,6.3471957167287485
calibration,previous_12h,74,24.0,1.0,4.882565769270597,6.407634823572916
calibration,previous_12h,75,24.0,1.0,5.016116429097139,6.432500938433772
calibration,previous_12h,76,24.0,1.0,5.205301228407788,6.482788482007362
calibration,previous_12h,77,24.0,1.0,5.402784584198406,6.525729273339764
calibration,previous_12h,78,24.0,1.0,5.595065981018865,6.60262840522301
calibration,previous_12h,79,24.0,1.0,5.795808549974413,6.626977267812939
calibration,previous_12h,80,24.0,1.0,6.002287467209255,6.664130033544846
calibration,previous_12h,81,24.0,1.0,6.208694724884545,6.710215950767506
calibration,previous_12h,82,24.0,1.0,6.4186788472538225,6.770781645381896
calibration,previous_12h,83,24.0,1.0,6.625669441797988,6.809347582487946
calibration,previous_12h,84,24.0,1.0,6.839844280997109,6.8586304701669265
calibration,previous_12h,85,24.0,1.0,7.059432184073144,6.923540409763551
calibration,previous_12h,86,24.0,1.0,7.2792656423196656,6.9838762665833
calibration,previous_12h,87,24.0,1.0,7.5025895684849075,7.041435452003109
calibration,previous_12h,88,24.0,1.0,7.7225470986821865,7.095331273080396
calibration,previous_12h,89,24.0,1.0,7.956351007636364,7.1347429417754515
calibration,previous_12h,90,24.0,1.0,8.193976948998305,7.185266896565712
calibration,previous_12h,91,24.0,1.0,8.434120048864923,7.219445480141418
calibration,previous_12h,92,24.0,1.0,8.67011709211345,7.345402091041997
calibration,previous_12h,93,24.0,1.0,8.900987357207168,7.516256007124866
calibration,previous_12h,94,24.0,1.0,9.133723207330192,7.666132245420387
calibration,previous_12h,95,24.0,1.0,9.362655360669425,7.82726514686507
calibration,previous_12h,96,24.0,1.0,9.583277618733653,7.968349311025191
calibration,previous_12h,97,24.0,1.0,9.791553442539126,8.110717232946163
calibration,previous_12h,98,24.0,1.0,9.993174728835541,8.260869093648004
calibration,previous_12h,99,24.0,1.0,10.185701457518114,8.389631244216567
calibration,previous_12h,100,24.0,1.0,10.368291407257013,8.50684066599885
calibration,previous_12h,20,24.0,5.0,1.8222290163434574,2.9914293249721835
calibration,previous_12h,21,24.0,5.0,1.769240964409935,2.9679097590021852
calibration,previous_12h,22,24.0,5.0,1.7517015586045126,3.0430446473402206
calibration,previous_12h,23,24.0,5.0,1.7494670805086043,3.188059971592505
calibration,previous_12h,24,24.0,5.0,1.6339429259812022,3.0349242493666218
calibration,previous_12h,25,24.0,5.0,1.5459907187134414,3.002761936626386
calibration,previous_12h,26,24.0,5.0,1.4914928077469414,2.9996542514511226
calibration,previous_12h,27,24.0,5.0,1.4452295471000687,3.0890057717244623
calibration,previous_12h,28,24.0,5.0,1.3688101444472078,3.154120152934259
calibration,previous_12h,29,24.0,5.0,1.3147524786438325,3.2120948022177354
calibration,previous_12h,30,24.0,5.0,1.2255111043839806,3.1269660151918455
calibration,previous_12h,31,24.0,5.0,1.140605329799449,3.093984310681064
calibration,previous_12h,32,24.0,5.0,1.1343243311010331,3.2628998999163494
calibration,previous_12h,33,24.0,5.0,1.2059282199122334,3.269166474359375
calibration,previous_12h,34,24.0,5.0,1.254207243586447,3.3185625705280497
calibration,previous_12h,35,24.0,5.0,1.34466480687494,3.458203300031304
calibration,previous_12h,36,24.0,5.0,1.4028566751130622,3.5026360309927895
calibration,previous_12h,37,24.0,5.0,1.3891670159697833,3.486640160404475
calibration,previous_12h,38,24.0,5.0,1.4242545845484456,3.587062460563395
calibration,previous_12h,39,24.0,5.0,1.4795564619993984,3.6358469067000465
calibration,previous_12h,40,24.0,5.0,1.5504840776187745,3.726435691164265
calibration,previous_12h,41,24.0,5.0,1.656972707033555,3.873396172963206
calibration,previous_12h,42,24.0,5.0,1.7425618778619256,3.943743914340403
calibration,previous_12h,43,24.0,5.0,1.843353943078485,4.056429795605698
calibration,previous_12h,44,24.0,5.0,1.9714348725792252,4.188661860291343
calibration,previous_12h,45,24.0,5.0,2.071961834965297,4.218277928142911
calibration,previous_12h,46,24.0,5.0,2.1861459187504595,4.4294748802327755
calibration,previous_12h,47,24.0,5.0,2.262774280299684,4.546128470122812
calibration,previous_12h,48,24.0,5.0,2.334050414188882,4.582866742855618
calibration,previous_12h,49,24.0,5.0,2.4285721717904662,4.722648316681499
calibration,previous_12h,50,24.0,5.0,2.5094520689468602,4.774834516493454
calibration,previous_12h,51,24.0,5.0,2.5866418065603636,4.865291651571391
calibration,previous_12h,52,24.0,5.0,2.6613375992644572,4.962420637982934
calibration,previous_12h,53,24.0,5.0,2.73887248535587,4.994914950873697
calibration,previous_12h,54,24.0,5.0,2.8098875687994074,5.070136010637216
calibration,previous_12h,55,24.0,5.0,2.8879808125343853,5.2195209310978985
calibration,previous_12h,56,24.0,5.0,2.9679140992702857,5.291907842842569
calibration,previous_12h,57,24.0,5.0,3.0488789745094946,5.3785455352675315
calibration,previous_12h,58,24.0,5.0,3.135966611714558,5.445636420025202
calibration,previous_12h,59,24.0,5.0,3.2197307969489275,5.496019883349468
calibration,previous_12h,60,24.0,5.0,3.312953923856843,5.562863303890708
calibration,previous_12h,61,24.0,5.0,3.408226937802872,5.62838564849979
calibration,previous_12h,62,24.0,5.0,3.497888236017177,5.688880210510683
calibration,previous_12h,63,24.0,5.0,3.593501480771022,5.747167028899591
calibration,previous_12h,64,24.0,5.0,3.6941594090868834,5.796960265722695
calibration,previous_12h,65,24.0,5.0,3.8064362455383582,5.884283284562186
calibration,previous_12h,66,24.0,5.0,3.913727985491322,5.928435577965185
calibration,previous_12h,67,24.0,5.0,4.027839653947107,5.968404535699379
calibration,previous_12h,68,24.0,5.0,4.137290777409786,6.059226180592425
calibration,previous_12h,69,24.0,5.0,4.255502751840501,6.112456769792152
calibration,previous_12h,70,24.0,5.0,4.376699012641283,6.205560689172729
calibration,previous_12h,71,24.0,5.0,4.5005961682874185,6.271730212865023
calibration,previous_12h,72,24.0,5.0,4.625034939150541,6.30740916706658
calibration,previous_12h,73,24.0,5.0,4.750170507804774,6.3471957167287485
calibration,previous_12h,74,24.0,5.0,4.882565769270575,6.407634823572916
calibration,previous_12h,75,24.0,5.0,5.016116429097162,6.432500938433794
calibration,previous_12h,76,24.0,5.0,5.20530122840781,6.482788482007407
calibration,previous_12h,77,24.0,5.0,5.402784584198428,6.525729273339764
calibration,previous_12h,78,24.0,5.0,5.595065981018843,6.602628405223032
calibration,previous_12h,79,24.0,5.0,5.795808549974368,6.6269772678129835
calibration,previous_12h,80,24.0,5.0,6.002287467209233,6.6641300335448905
calibration,previous_12h,81,24.0,5.0,6.208694724884567,6.7102159507675285
calibration,previous_12h,82,24.0,5.0,6.4186788472538225,6.770781645381896
calibration,previous_12h,83,24.0,5.0,6.625669441797988,6.8093475824879235
calibration,previous_12h,84,24.0,5.0,6.839844280997109,6.858630470166949
calibration,previous_12h,85,24.0,5.0,7.059432184073144,6.923540409763551
calibration,previous_12h,86,24.0,5.0,7.279265642319688,6.983876266583322
calibration,previous_12h,87,24.0,5.0,7.50258956848493,7.041435452003109
calibration,previous_12h,88,24.0,5.0,7.722547098682142,7.095331273080463
calibration,previous_12h,89,24.0,5.0,7.956351007636342,7.134742941775474
calibration,previous_12h,90,24.0,5.0,8.193976948998305,7.185266896565712
calibration,previous_12h,91,24.0,5.0,8.434120048864946,7.219445480141418
calibration,previous_12h,92,24.0,5.0,8.670117092113472,7.3454020910420414
calibration,previous_12h,93,24.0,5.0,8.900987357207146,7.516256007124866
calibration,previous_12h,94,24.0,5.0,9.133723207330192,7.6661322454204095
calibration,previous_12h,95,24.0,5.0,9.362655360669404,7.82726514686507
calibration,previous_12h,96,24.0,5.0,9.583277618733632,7.968349311025191
calibration,previous_12h,97,24.0,5.0,9.791553442539126,8.110717232946163
calibration,previous_12h,98,24.0,5.0,9.993174728835541,8.260869093648004
calibration,previous_12h,99,24.0,5.0,10.185701457518114,8.389631244216567
calibration,previous_12h,100,24.0,5.0,10.368291407256969,8.50684066599885
calibration,previous_12h,20,24.0,12.0,1.8222290163434574,2.9914293249722057
calibration,previous_12h,21,24.0,12.0,1.7692409644099572,2.9679097590022074
calibration,previous_12h,22,24.0,12.0,1.751701558604557,3.043044647340243
calibration,previous_12h,23,24.0,12.0,1.7494670805086043,3.188059971592505
calibration,previous_12h,24,24.0,12.0,1.63394292598118,3.0349242493666218
calibration,previous_12h,25,24.0,12.0,1.5459907187134414,3.002761936626386
calibration,previous_12h,26,24.0,12.0,1.4914928077469414,2.9996542514511226
calibration,previous_12h,27,24.0,12.0,1.4452295471000687,3.0890057717244623
calibration,previous_12h,28,24.0,12.0,1.3688101444472078,3.154120152934281
calibration,previous_12h,29,24.0,12.0,1.3147524786438325,3.2120948022177576
calibration,previous_12h,30,24.0,12.0,1.2255111043839806,3.1269660151918677
calibration,previous_12h,31,24.0,12.0,1.140605329799449,3.093984310681086
calibration,previous_12h,32,24.0,12.0,1.1343243311010553,3.262899899916394
calibration,previous_12h,33,24.0,12.0,1.2059282199122556,3.269166474359375
calibration,previous_12h,34,24.0,12.0,1.254207243586447,3.3185625705280275
calibration,previous_12h,35,24.0,12.0,1.3446648068749179,3.458203300031304
calibration,previous_12h,36,24.0,12.0,1.4028566751130178,3.5026360309927895
calibration,previous_12h,37,24.0,12.0,1.3891670159697833,3.486640160404497
calibration,previous_12h,38,24.0,12.0,1.4242545845484234,3.5870624605633727
calibration,previous_12h,39,24.0,12.0,1.4795564619994206,3.6358469067000465
calibration,previous_12h,40,24.0,12.0,1.5504840776187745,3.726435691164265
calibration,previous_12h,41,24.0,12.0,1.656972707033555,3.873396172963184
calibration,previous_12h,42,24.0,12.0,1.7425618778619478,3.943743914340425
calibration,previous_12h,43,24.0,12.0,1.8433539430785073,4.056429795605676
calibration,previous_12h,44,24.0,12.0,1.9714348725792252,4.188661860291387
calibration,previous_12h,45,24.0,12.0,2.0719618349652746,4.218277928142888
calibration,previous_12h,46,24.0,12.0,2.1861459187504817,4.42947488023282
calibration,previous_12h,47,24.0,12.0,2.262774280299662,4.546128470122834
calibration,previous_12h,48,24.0,12.0,2.3340504141888374,4.582866742855574
calibration,previous_12h,49,24.0,12.0,2.428572171790444,4.722648316681477
calibration,previous_12h,50,24.0,12.0,2.5094520689468602,4.774834516493454
calibration,previous_12h,51,24.0,12.0,2.586641806560319,4.865291651571324
calibration,previous_12h,52,24.0,12.0,2.661337599264413,4.9624206379828895
calibration,previous_12h,53,24.0,12.0,2.738872485355892,4.994914950873719
calibration,previous_12h,54,24.0,12.0,2.809887568799363,5.070136010637194
calibration,previous_12h,55,24.0,12.0,2.887980812534363,5.219520931097854
calibration,previous_12h,56,24.0,12.0,2.967914099270308,5.291907842842547
calibration,previous_12h,57,24.0,12.0,3.0488789745094724,5.378545535267509
calibration,previous_12h,58,24.0,12.0,3.13596661171458,5.445636420025224
calibration,previous_12h,59,24.0,12.0,3.2197307969489275,5.496019883349423
calibration,previous_12h,60,24.0,12.0,3.3129539238568206,5.562863303890708
calibration,previous_12h,61,24.0,12.0,3.408226937802872,5.628385648499767
calibration,previous_12h,62,24.0,12.0,3.497888236017177,5.688880210510705
calibration,previous_12h,63,24.0,12.0,3.593501480771022,5.747167028899569
calibration,previous_12h,64,24.0,12.0,3.6941594090868834,5.79696026572265
calibration,previous_12h,65,24.0,12.0,3.8064362455382916,5.884283284562164
calibration,previous_12h,66,24.0,12.0,3.9137279854913,5.928435577965163
calibration,previous_12h,67,24.0,12.0,4.027839653947107,5.9684045356993565
calibration,previous_12h,68,24.0,12.0,4.137290777409763,6.059226180592447
calibration,previous_12h,69,24.0,12.0,4.255502751840479,6.112456769792152
calibration,previous_12h,70,24.0,12.0,4.376699012641261,6.205560689172707
calibration,previous_12h,71,24.0,12.0,4.5005961682874185,6.271730212865001
calibration,previous_12h,72,24.0,12.0,4.6250349391505186,6.3074091670665355
calibration,previous_12h,73,24.0,12.0,4.750170507804752,6.3471957167287485
calibration,previous_12h,74,24.0,12.0,4.882565769270553,6.407634823572894
calibration,previous_12h,75,24.0,12.0,5.016116429097117,6.4325009384337495
calibration,previous_12h,76,24.0,12.0,5.205301228407766,6.4827884820073844
calibration,previous_12h,77,24.0,12.0,5.402784584198406,6.525729273339764
calibration,previous_12h,78,24.0,12.0,5.595065981018865,6.602628405222988
calibration,previous_12h,79,24.0,12.0,5.795808549974435,6.626977267812895
calibration,previous_12h,80,24.0,12.0,6.002287467209277,6.664130033544846
calibration,previous_12h,81,24.0,12.0,6.208694724884567,6.710215950767484
calibration,previous_12h,82,24.0,12.0,6.418678847253867,6.7707816453818515
calibration,previous_12h,83,24.0,12.0,6.625669441797988,6.8093475824879235
calibration,previous_12h,84,24.0,12.0,6.839844280997109,6.858630470166904
calibration,previous_12h,85,24.0,12.0,7.059432184073167,6.923540409763529
calibration,previous_12h,86,24.0,12.0,7.2792656423196656,6.9838762665833
calibration,previous_12h,87,24.0,12.0,7.50258956848493,7.041435452003086
calibration,previous_12h,88,24.0,12.0,7.7225470986821865,7.0953312730804186
calibration,previous_12h,89,24.0,12.0,7.956351007636364,7.134742941775429
calibration,previous_12h,90,24.0,12.0,8.193976948998326,7.18526689656569
calibration,previous_12h,91,24.0,12.0,8.434120048864902,7.219445480141418
calibration,previous_12h,92,24.0,12.0,8.67011709211345,7.345402091041997
calibration,previous_12h,93,24.0,12.0,8.900987357207168,7.516256007124866
calibration,previous_12h,94,24.0,12.0,9.133723207330213,7.666132245420387
calibration,previous_12h,95,24.0,12.0,9.362655360669425,7.827265146865048
calibration,previous_12h,96,24.0,12.0,9.583277618733653,7.968349311025169
calibration,previous_12h,97,24.0,12.0,9.791553442539147,8.110717232946163
calibration,previous_12h,98,24.0,12.0,9.993174728835585,8.260869093648026
calibration,previous_12h,99,24.0,12.0,10.18570145751816,8.389631244216567
calibration,previous_12h,100,24.0,12.0,10.36829140725699,8.506840665998805
calibration,linear_10h,20,4.0,1.0,1.7967414648070168,2.9656491059758983
calibration,linear_10h,21,4.0,1.0,1.7440427224062471,2.9424147245091126
calibration,linear_10h,22,4.0,1.0,1.726848287769367,3.0178759606541705
calibration,linear_10h,23,4.0,1.0,1.7246089703513379,3.1628504030779103
calibration,linear_10h,24,4.0,1.0,1.6083962795494289,3.0090254531166316
calibration,linear_10h,25,4.0,1.0,1.5197485356256424,2.97614328513498
calibration,linear_10h,26,4.0,1.0,1.4646277855804968,2.9723900156216176
calibration,linear_10h,27,4.0,1.0,1.4179241078263516,3.061257886491653
calibration,linear_10h,28,4.0,1.0,1.3409473763536406,3.125766665075247
calibration,linear_10h,29,4.0,1.0,1.2864020943273546,3.1832134943907686
calibration,linear_10h,30,4.0,1.0,1.196457986879862,3.0973671539088032
calibration,linear_10h,31,4.0,1.0,1.1108189177744254,3.063622618816897
calibration,linear_10h,32,4.0,1.0,1.0851627499315564,3.2316630520999867
calibration,linear_10h,33,4.0,1.0,1.1570421289411659,3.2370301932803214
calibration,linear_10h,34,4.0,1.0,1.1615244273555536,3.284959662626563
calibration,linear_10h,35,4.0,1.0,1.205222457539179,3.4229315480066136
calibration,linear_10h,36,4.0,1.0,1.2641509052444988,3.465445994248295
calibration,linear_10h,37,4.0,1.0,1.2996565818665706,3.4473165286055485
calibration,linear_10h,38,4.0,1.0,1.3270704312568826,3.5459486366126836
calibration,linear_10h,39,4.0,1.0,1.3694569156097902,3.592957837490607
calibration,linear_10h,40,4.0,1.0,1.4093174117607132,3.6819081822821564
calibration,linear_10h,41,4.0,1.0,1.449886673498857,3.827447467499878
calibration,linear_10h,42,4.0,1.0,1.4583857730144256,3.8963214619618602
calibration,linear_10h,43,4.0,1.0,1.481599106616538,4.007592042734953
calibration,linear_10h,44,4.0,1.0,1.5027159431142634,4.138654302870748
calibration,linear_10h,45,4.0,1.0,1.5320239626640086,4.166930679168646
calibration,linear_10h,46,4.0,1.0,1.5546079052730422,4.376854156410559
calibration,linear_10h,47,4.0,1.0,1.5448864917969596,4.491795870826065
calibration,linear_10h,48,4.0,1.0,1.5435617998572404,4.526797163548957
calibration,linear_10h,49,4.0,1.0,1.5760104380302842,4.664851620499588
calibration,linear_10h,50,4.0,1.0,1.6127236173156811,4.715202643177885
calibration,linear_10h,51,4.0,1.0,1.6442850408028287,4.803742641075348
calibration,linear_10h,52,4.0,1.0,1.6716268585781346,4.898573970767384
calibration,linear_10h,53,4.0,1.0,1.700414840159925,4.929158363694075
calibration,linear_10h,54,4.0,1.0,1.7212037061060448,5.00260993946704
calibration,linear_10h,55,4.0,1.0,1.7476372198540924,5.150245491511041
calibration,linear_10h,56,4.0,1.0,1.7745581479711836,5.2208843138352945
calibration,linear_10h,57,4.0,1.0,1.7990209034322913,5.305596395303991
calibration,linear_10h,58,4.0,1.0,1.8271915416151252,5.370703939749943
calibration,linear_10h,59,4.0,1.0,1.8506297555042073,5.418945129368069
calibration,linear_10h,60,4.0,1.0,1.8825119107747756,5.483833431382923
calibration,linear_10h,61,4.0,1.0,1.914773946802284,5.5474826725884
calibration,linear_10h,62,4.0,1.0,1.942204893952204,5.606319652768188
calibration,linear_10h,63,4.0,1.0,1.972675069460017,5.663120750994044
calibration,linear_10h,64,4.0,1.0,2.0071357939903445,5.7116011158424795
calibration,linear_10h,65,4.0,1.0,2.051465725363011,5.797769519753171
calibration,linear_10h,66,4.0,1.0,2.0890500393913047,5.840590394227774
calibration,linear_10h,67,4.0,1.0,2.132392612851808,5.8794131954521545
calibration,linear_10h,68,4.0,1.0,2.172800026760413,5.969082451977936
calibration,linear_10h,69,4.0,1.0,2.219436322806456,6.02143561466888
calibration,linear_10h,70,4.0,1.0,2.267456564767101,6.113801065123181
calibration,linear_10h,71,4.0,1.0,2.317132982654191,6.179357413440401
calibration,linear_10h,72,4.0,1.0,2.365811774797444,6.214680688287988
calibration,linear_10h,73,4.0,1.0,2.4164778323431335,6.254242286393685
calibration,linear_10h,74,4.0,1.0,2.4983129560539608,6.314450652328718
calibration,linear_10h,75,4.0,1.0,2.606854360017774,6.339130794027925
calibration,linear_10h,76,4.0,1.0,2.716174135473559,6.3892654667868864
calibration,linear_10h,77,4.0,1.0,2.828666529594148,6.432134266116352
calibration,linear_10h,78,4.0,1.0,2.9383568998269993,6.509261668681177
calibration,linear_10h,79,4.0,1.0,3.0530738339752617,6.533976593703872
calibration,linear_10h,80,4.0,1.0,3.172395213137058,6.57159607570541
calibration,linear_10h,81,4.0,1.0,3.290966967728237,6.618292571037898
calibration,linear_10h,82,4.0,1.0,3.4118349360192424,6.679434066769918
calibration,linear_10h,83,4.0,1.0,3.5318027215765158,6.718477140059731
calibration,linear_10h,84,4.0,1.0,3.655476329032026,6.768341879170814
calibration,linear_10h,85,4.0,1.0,3.7834219661159407,6.833863941910878
calibration,linear_10h,86,4.0,1.0,3.911155937254285,6.894922851918328
calibration,linear_10h,87,4.0,1.0,4.041380666229344,6.953294666476606
calibration,linear_10h,88,4.0,1.0,4.170382711791265,7.007863306542661
calibration,linear_10h,89,4.0,1.0,4.3077941017473975,7.047896136854992
calibration,linear_10h,90,4.0,1.0,4.447887859178534,7.099164311471773
calibration,linear_10h,91,4.0,1.0,4.590073875171852,7.133995136601978
calibration,linear_10h,92,4.0,1.0,4.729468950182358,7.20239406688028
calibration,linear_10h,93,4.0,1.0,4.866140155365906,7.270699614568654
calibration,linear_10h,94,4.0,1.0,5.004357302798512,7.318196358327311
calibration,linear_10h,95,4.0,1.0,5.140511831259009,7.374717359100225
calibration,linear_10h,96,4.0,1.0,5.271144361208324,7.416260026109489
calibration,linear_10h,97,4.0,1.0,5.395753844112239,7.460048802240538
calibration,linear_10h,98,4.0,1.0,5.515348877889781,7.513815134754864
calibration,linear_10h,99,4.0,1.0,5.630149111439953,7.550290381299729
calibration,linear_10h,100,4.0,1.0,5.739225207465881,7.577182241540603
calibration,linear_10h,20,4.0,5.0,1.7967414648069724,2.965649105975876
calibration,linear_10h,21,4.0,5.0,1.7440427224062693,2.942414724509157
calibration,linear_10h,22,4.0,5.0,1.7268482877693447,3.0178759606541705
calibration,linear_10h,23,4.0,5.0,1.7246089703513379,3.1628504030779103
calibration,linear_10h,24,4.0,5.0,1.6083962795494067,3.0090254531166094
calibration,linear_10h,25,4.0,5.0,1.5197485356256424,2.97614328513498
calibration,linear_10h,26,4.0,5.0,1.4646277855804968,2.9723900156215954
calibration,linear_10h,27,4.0,5.0,1.4179241078263294,3.061257886491653
calibration,linear_10h,28,4.0,5.0,1.3409473763536184,3.1257666650752247
calibration,linear_10h,29,4.0,5.0,1.2864020943273768,3.1832134943907686
calibration,linear_10h,30,4.0,5.0,1.196457986879862,3.0973671539088254
calibration,linear_10h,31,4.0,5.0,1.1108189177744032,3.0636226188168747
calibration,linear_10h,32,4.0,5.0,1.0851627499316008,3.231663052100031
calibration,linear_10h,33,4.0,5.0,1.1570421289411659,3.2370301932803436
calibration,linear_10h,34,4.0,5.0,1.1615244273555536,3.284959662626563
calibration,linear_10h,35,4.0,5.0,1.2052224575392012,3.422931548006636
calibration,linear_10h,36,4.0,5.0,1.2641509052444766,3.465445994248273
calibration,linear_10h,37,4.0,5.0,1.2996565818665706,3.447316528605504
calibration,linear_10h,38,4.0,5.0,1.3270704312568604,3.5459486366126614
calibration,linear_10h,39,4.0,5.0,1.3694569156097902,3.5929578374905846
calibration,linear_10h,40,4.0,5.0,1.409317411760691,3.6819081822821342
calibration,linear_10h,41,4.0,5.0,1.4498866734988347,3.827447467499856
calibration,linear_10h,42,4.0,5.0,1.4583857730144256,3.8963214619618602
calibration,linear_10h,43,4.0,5.0,1.481599106616538,4.007592042734909
calibration,linear_10h,44,4.0,5.0,1.5027159431142856,4.1386543028707035
calibration,linear_10h,45,4.0,5.0,1.5320239626640086,4.166930679168668
calibration,linear_10h,46,4.0,5.0,1.5546079052730422,4.376854156410537
calibration,linear_10h,47,4.0,5.0,1.5448864917969596,4.491795870826043
calibration,linear_10h,48,4.0,5.0,1.5435617998572404,4.526797163548935
calibration,linear_10h,49,4.0,5.0,1.576010438030262,4.664851620499566
calibration,linear_10h,50,4.0,5.0,1.612723617315659,4.715202643177885
calibration,linear_10h,51,4.0,5.0,1.6442850408028065,4.803742641075348
calibration,linear_10h,52,4.0,5.0,1.6716268585781124,4.8985739707673615
calibration,linear_10h,53,4.0,5.0,1.7004148401599029,4.929158363694053
calibration,linear_10h,54,4.0,5.0,1.7212037061060004,5.002609939467018
calibration,linear_10h,55,4.0,5.0,1.7476372198541146,5.1502454915110185
calibration,linear_10h,56,4.0,5.0,1.7745581479711836,5.2208843138352945
calibration,linear_10h,57,4.0,5.0,1.799020903432269,5.305596395303969
calibration,linear_10h,58,4.0,5.0,1.8271915416150808,5.370703939749921
calibration,linear_10h,59,4.0,5.0,1.850629755504185,5.418945129368047
calibration,linear_10h,60,4.0,5.0,1.8825119107747756,5.483833431382901
calibration,linear_10h,61,4.0,5.0,1.9147739468022618,5.547482672588333
calibration,linear_10h,62,4.0,5.0,1.9422048939521819,5.606319652768144
calibration,linear_10h,63,4.0,5.0,1.9726750694599948,5.663120750994022
calibration,linear_10h,64,4.0,5.0,2.0071357939903223,5.711601115842457
calibration,linear_10h,65,4.0,5.0,2.0514657253629665,5.797769519753149
calibration,linear_10h,66,4.0,5.0,2.089050039391327,5.8405903942277515
calibration,linear_10h,67,4.0,5.0,2.132392612851808,5.87941319545211
calibration,linear_10h,68,4.0,5.0,2.172800026760413,5.969082451977914
calibration,linear_10h,69,4.0,5.0,2.219436322806434,6.021435614668924
calibration,linear_10h,70,4.0,5.0,2.267456564767101,6.113801065123181
calibration,linear_10h,71,4.0,5.0,2.317132982654191,6.179357413440401
calibration,linear_10h,72,4.0,5.0,2.365811774797444,6.214680688287966
calibration,linear_10h,73,4.0,5.0,2.4164778323431335,6.25424228639373
calibration,linear_10h,74,4.0,5.0,2.4983129560539385,6.3144506523287625
calibration,linear_10h,75,4.0,5.0,2.6068543600177962,6.339130794027903
calibration,linear_10h,76,4.0,5.0,2.7161741354735813,6.3892654667868864
calibration,linear_10h,77,4.0,5.0,2.828666529594148,6.432134266116329
calibration,linear_10h,78,4.0,5.0,2.938356899826977,6.509261668681243
calibration,linear_10h,79,4.0,5.0,3.0530738339752617,6.533976593703916
calibration,linear_10h,80,4.0,5.0,3.172395213137036,6.571596075705388
calibration,linear_10h,81,4.0,5.0,3.2909669677282594,6.618292571037876
calibration,linear_10h,82,4.0,5.0,3.4118349360192424,6.679434066769918
calibration,linear_10h,83,4.0,5.0,3.5317854884361566,6.718477140059709
calibration,linear_10h,84,4.0,5.0,3.6541201668114365,6.768341879170814
calibration,linear_10h,85,4.0,5.0,3.778129959813792,6.833863941910878
calibration,linear_10h,86,4.0,5.0,3.8983116850165533,6.894922851918306
calibration,linear_10h,87,4.0,5.0,4.016307613399528,6.953294666476606
calibration,linear_10h,88,4.0,5.0,4.128506909792917,7.007863306542639
calibration,linear_10h,89,4.0,5.0,4.242096277599217,7.047896136854992
calibration,linear_10h,90,4.0,5.0,4.350037111662974,7.099164311471795
calibration,linear_10h,91,4.0,5.0,4.451535744183688,7.133995136601978
calibration,linear_10h,92,4.0,5.0,4.5442976611760555,7.20239406688028
calibration,linear_10h,93,4.0,5.0,4.629767490512382,7.270699614568654
calibration,linear_10h,94,4.0,5.0,4.71172663538455,7.318196358327267
calibration,linear_10h,95,4.0,5.0,4.788350505974837,7.374717359100247
calibration,linear_10h,96,4.0,5.0,4.856571595695436,7.416260026109489
calibration,linear_10h,97,4.0,5.0,4.91923691653442,7.460048802240538
calibration,linear_10h,98,4.0,5.0,4.975522085941364,7.513815134754842
calibration,linear_10h,99,4.0,5.0,5.028206529195267,7.550290381299707
calibration,linear_10h,100,4.0,5.0,5.076514539242072,7.577182241540603
calibration,linear_10h,20,4.0,12.0,1.771040302205229,2.9396528230694496
calibration,linear_10h,21,4.0,12.0,1.7186321905353186,2.9167048997347678
calibration,linear_10h,22,4.0,12.0,1.701784454078048,2.9924940388334376
calibration,linear_10h,23,4.0,12.0,1.6995341471947478,3.137421057550105
calibration,linear_10h,24,4.0,12.0,1.5826148576827626,2.9828886451507497
calibration,linear_10h,25,4.0,12.0,1.4932555143349235,2.9492701969344948
calibration,linear_10h,26,4.0,12.0,1.4374982085017196,2.9448572935993456
calibration,linear_10h,27,4.0,12.0,1.3903459265653062,3.0332328398740227
calibration,linear_10h,28,4.0,12.0,1.3128022900009917,3.0971258867608764
calibration,linear_10h,29,4.0,12.0,1.2577604046907442,3.154035425908641
calibration,linear_10h,30,4.0,12.0,1.1670979310048457,3.0674555886186727
calibration,linear_10h,31,4.0,12.0,1.0807061283577113,3.032928246071598
calibration,linear_10h,32,4.0,12.0,1.054221131612465,3.200064401717384
calibration,linear_10h,33,4.0,12.0,1.115403401269921,3.204499092868218
calibration,linear_10h,34,4.0,12.0,1.117828314968028,3.2509060891481534
calibration,linear_10h,35,4.0,12.0,1.1596816808264965,3.387138915495047
calibration,linear_10h,36,4.0,12.0,1.2169185376009084,3.4276563922998493
calibration,linear_10h,37,4.0,12.0,1.2506569322330074,3.407305006374872
calibration,linear_10h,38,4.0,12.0,1.27640637326627,3.5040658057965413
calibration,linear_10h,39,4.0,12.0,1.317131039789654,3.5492203402505362
calibration,linear_10h,40,4.0,12.0,1.3552120723756333,3.6364518830222847
calibration,linear_10h,41,4.0,12.0,1.3939654971713233,3.78049290243343
calibration,linear_10h,42,4.0,12.0,1.4004466319286202,3.8478160824822805
calibration,linear_10h,43,4.0,12.0,1.4216097421142493,3.957593352346156
calibration,linear_10h,44,4.0,12.0,1.4406061006138948,4.087413468020729
calibration,linear_10h,45,4.0,12.0,1.4678417182210524,4.114267680933481
calibration,linear_10h,46,4.0,12.0,1.4883395522388154,4.32283321812299
calibration,linear_10h,47,4.0,12.0,1.4760924068767833,4.435948617150509
calibration,linear_10h,48,4.0,12.0,1.4722775557266754,4.469092331356661
calibration,linear_10h,49,4.0,12.0,1.464242123337267,4.605291869090888
calibration,linear_10h,50,4.0,12.0,1.4652000063721582,4.65366488777561
calibration,linear_10h,51,4.0,12.0,1.4644704726524571,4.74013123808108
calibration,linear_10h,52,4.0,12.0,1.4600566257702674,4.83247915247893
calibration,linear_10h,53,4.0,12.0,1.451863492687111,4.860990415896249
calibration,linear_10h,54,4.0,12.0,1.4410225810790767,4.932518034499056
calibration,linear_10h,55,4.0,12.0,1.438932849800345,5.078247874224773
calibration,linear_10h,56,4.0,12.0,1.441042966936612,5.146978972735616
calibration,linear_10h,57,4.0,12.0,1.436486124354186,5.229587413414083
calibration,linear_10h,58,4.0,12.0,1.4300823517713335,5.29251430563713
calibration,linear_10h,59,4.0,12.0,1.4195293891271499,5.338393049797063
calibration,linear_10h,60,4.0,12.0,1.4112413843713423,5.4011144775388376
calibration,linear_10h,61,4.0,12.0,1.407175886047729,5.462679542382554
calibration,linear_10h,62,4.0,12.0,1.4003089385148604,5.519666878268015
calibration,linear_10h,63,4.0,12.0,1.3946326214252291,5.5748073282432475
calibration,linear_10h,64,4.0,12.0,1.3873996815804146,5.62180976040394
calibration,linear_10h,65,4.0,12.0,1.3816820941961128,5.706663174523552
calibration,linear_10h,66,4.0,12.0,1.3764626536935998,5.747964101545766
calibration,linear_10h,67,4.0,12.0,1.3741063608307291,5.785471862554603
calibration,linear_10h,68,4.0,12.0,1.3801417648043657,5.873831821526521
calibration,linear_10h,69,4.0,12.0,1.4140641468349369,5.952668441081421
calibration,linear_10h,70,4.0,12.0,1.4561637776879577,6.068652745725789
calibration,linear_10h,71,4.0,12.0,1.4989659815134448,6.182119518856899
calibration,linear_10h,72,4.0,12.0,1.545136307186512,6.2985692769065516
calibration,linear_10h,73,4.0,12.0,1.5839526265220893,6.406264715741217
calibration,linear_10h,74,4.0,12.0,1.630070198708422,6.5231470804011815
calibration,linear_10h,75,4.0,12.0,1.6760713513674474,6.637791036311991
calibration,linear_10h,76,4.0,12.0,1.7275103708793704,6.756028965754379
calibration,linear_10h,77,4.0,12.0,1.7779220502777804,6.871238665306989
calibration,linear_10h,78,4.0,12.0,1.8278912000887493,6.985459831099994
calibration,linear_10h,79,4.0,12.0,1.8824031369999439,7.106560723690558
calibration,linear_10h,80,4.0,12.0,1.930403566672445,7.227052937341827
calibration,linear_10h,81,4.0,12.0,1.9779597842872754,7.349845525753218
calibration,linear_10h,82,4.0,12.0,2.0303814119388086,7.473816658852472
calibration,linear_10h,83,4.0,12.0,2.082643400320028,7.592379609186595
calibration,linear_10h,84,4.0,12.0,2.1368349646283535,7.718349797215618
calibration,linear_10h,85,4.0,12.0,2.1901369002279347,7.843527329767719
calibration,linear_10h,86,4.0,12.0,2.2449918241266076,7.968145702488161
calibration,linear_10h,87,4.0,12.0,2.299229469693853,8.094660303987645
calibration,linear_10h,88,4.0,12.0,2.3531083006396614,8.21698812061542
calibration,linear_10h,89,4.0,12.0,2.412238522974519,8.341766217289791
calibration,linear_10h,90,4.0,12.0,2.472300214756018,8.469901251678124
calibration,linear_10h,91,4.0,12.0,2.5368611025981647,8.596773215635656
calibration,linear_10h,92,4.0,12.0,2.598356445814054,8.723392121599982
calibration,linear_10h,93,4.0,12.0,2.661527512737649,8.848226949697224
calibration,linear_10h,94,4.0,12.0,2.722602866652002,8.973772928977652
calibration,linear_10h,95,4.0,12.0,2.788765918665126,9.093237684846223
calibration,linear_10h,96,4.0,12.0,2.853887794807397,9.211305238028867
calibration,linear_10h,97,4.0,12.0,2.914958477872398,9.314925513172945
calibration,linear_10h,98,4.0,12.0,2.9775496745706453,9.416944948077234
calibration,linear_10h,99,4.0,12.0,3.041867496004058,9.51211112803394
calibration,linear_10h,100,4.0,12.0,3.1027401655650433,9.598720951148088
calibration,linear_10h,20,8.0,1.0,1.796741464807039,2.9656491059759205
calibration,linear_10h,21,8.0,1.0,1.7440427224062693,2.9424147245091348
calibration,linear_10h,22,8.0,1.0,1.7268482877693225,3.0178759606541483
calibration,linear_10h,23,8.0,1.0,1.7246089703513379,3.1628504030779103
calibration,linear_10h,24,8.0,1.0,1.6083962795494067,3.0090254531166094
calibration,linear_10h,25,8.0,1.0,1.5197485356256424,2.97614328513498
calibration,linear_10h,26,8.0,1.0,1.4646277855804968,2.9723900156215954
calibration,linear_10h,27,8.0,1.0,1.4179241078263516,3.061257886491653
calibration,linear_10h,28,8.0,1.0,1.3409473763536406,3.1257666650752247
calibration,linear_10h,29,8.0,1.0,1.2864020943273768,3.183213494390791
calibration,linear_10h,30,8.0,1.0,1.196457986879862,3.0973671539088032
calibration,linear_10h,31,8.0,1.0,1.1108189177744032,3.0636226188168747
calibration,linear_10h,32,8.0,1.0,1.0851627499316008,3.231663052100031
calibration,linear_10h,33,8.0,1.0,1.1570421289411437,3.2370301932803214
calibration,linear_10h,34,8.0,1.0,1.1615244273555536,3.284959662626563
calibration,linear_10h,35,8.0,1.0,1.205222457539179,3.4229315480066136
calibration,linear_10h,36,8.0,1.0,1.2641509052444544,3.4654459942482507
calibration,linear_10h,37,8.0,1.0,1.2996565818665484,3.447316528605504
calibration,linear_10h,38,8.0,1.0,1.3270704312568604,3.5459486366126614
calibration,linear_10h,39,8.0,1.0,1.369456915609768,3.5929578374905846
calibration,linear_10h,40,8.0,1.0,1.409317411760691,3.681908182282112
calibration,linear_10h,41,8.0,1.0,1.4498866734988347,3.8274474674998338
calibration,linear_10h,42,8.0,1.0,1.4583857730144034,3.8963214619617936
calibration,linear_10h,43,8.0,1.0,1.4815991066165157,4.007592042734909
calibration,linear_10h,44,8.0,1.0,1.5027159431142634,4.138654302870726
calibration,linear_10h,45,8.0,1.0,1.5320239626639864,4.166930679168623
calibration,linear_10h,46,8.0,1.0,1.5546079052730422,4.376854156410537
calibration,linear_10h,47,8.0,1.0,1.5448864917969374,4.491795870826043
calibration,linear_10h,48,8.0,1.0,1.5435617998572404,4.526797163548935
calibration,linear_10h,49,8.0,1.0,1.576010438030262,4.664851620499566
calibration,linear_10h,50,8.0,1.0,1.6127236173156811,4.715202643177907
calibration,linear_10h,51,8.0,1.0,1.6442850408028287,4.803742641075326
calibration,linear_10h,52,8.0,1.0,1.6716268585780902,4.8985739707673615
calibration,linear_10h,53,8.0,1.0,1.7004148401598806,4.929158363694031
calibration,linear_10h,54,8.0,1.0,1.7212037061060004,5.002609939467018
calibration,linear_10h,55,8.0,1.0,1.7476372198540924,5.150245491511041
calibration,linear_10h,56,8.0,1.0,1.7745581479711614,5.220884313835317
calibration,linear_10h,57,8.0,1.0,1.799020903432269,5.305596395303991
calibration,linear_10h,58,8.0,1.0,1.827191541615103,5.370703939749921
calibration,linear_10h,59,8.0,1.0,1.8506297555042073,5.418945129368047
calibration,linear_10h,60,8.0,1.0,1.8825119107747756,5.483833431382923
calibration,linear_10h,61,8.0,1.0,1.9147739468022618,5.547482672588355
calibration,linear_10h,62,8.0,1.0,1.942204893952204,5.606319652768188
calibration,linear_10h,63,8.0,1.0,1.9726750694599948,5.663120750994
calibration,linear_10h,64,8.0,1.0,2.0071357939903445,5.711601115842502
calibration,linear_10h,65,8.0,1.0,2.0514657253629887,5.797769519753149
calibration,linear_10h,66,8.0,1.0,2.0890500393913047,5.840590394227774
calibration,linear_10h,67,8.0,1.0,2.1323926128517856,5.879413195452132
calibration,linear_10h,68,8.0,1.0,2.172800026760391,5.969082451977914
calibration,linear_10h,69,8.0,1.0,2.219436322806434,6.02143561466888
calibration,linear_10h,70,8.0,1.0,2.267456564767101,6.113801065123181
calibration,linear_10h,71,8.0,1.0,2.317132982654191,6.179357413440401
calibration,linear_10h,72,8.0,1.0,2.365811774797444,6.214680688287988
calibration,linear_10h,73,8.0,1.0,2.4164778323431335,6.25424228639373
calibration,linear_10h,74,8.0,1.0,2.4983129560539608,6.314450652328718
calibration,linear_10h,75,8.0,1.0,2.606854360017774,6.339130794027947
calibration,linear_10h,76,8.0,1.0,2.7161741354735813,6.3892654667868864
calibration,linear_10h,77,8.0,1.0,2.828666529594126,6.432134266116352
calibration,linear_10h,78,8.0,1.0,2.9383568998269993,6.509261668681199
calibration,linear_10h,79,8.0,1.0,3.0530738339752617,6.533976593703894
calibration,linear_10h,80,8.0,1.0,3.1723952131370137,6.571596075705433
calibration,linear_10h,81,8.0,1.0,3.290966967728237,6.618292571037876
calibration,linear_10h,82,8.0,1.0,3.41183493601922,6.67943406676994
calibration,linear_10h,83,8.0,1.0,3.5318027215765158,6.718477140059709
calibration,linear_10h,84,8.0,1.0,3.6554763290320036,6.768341879170836
calibration,linear_10h,85,8.0,1.0,3.7834219661159407,6.8338639419109
calibration,linear_10h,86,8.0,1.0,3.911155937254285,6.894922851918328
calibration,linear_10h,87,8.0,1.0,4.041380666229322,6.953294666476606
calibration,linear_10h,88,8.0,1.0,4.170382711791243,7.007863306542661
calibration,linear_10h,89,8.0,1.0,4.3077941017473975,7.047896136855014
calibration,linear_10h,90,8.0,1.0,4.447887859178534,7.099164311471795
calibration,linear_10h,91,8.0,1.0,4.590073875171874,7.1339951366020005
calibration,linear_10h,92,8.0,1.0,4.729468950182358,7.202394066880324
calibration,linear_10h,93,8.0,1.0,4.866140155365883,7.270699614568699
calibration,linear_10h,94,8.0,1.0,5.004357302798534,7.3181963583273335
calibration,linear_10h,95,8.0,1.0,5.140511831258987,7.374717359100269
calibration,linear_10h,96,8.0,1.0,5.271144361208324,7.416260026109511
calibration,linear_10h,97,8.0,1.0,5.395753844112194,7.460048802240582
calibration,linear_10h,98,8.0,1.0,5.515348877889759,7.5138151347548865
calibration,linear_10h,99,8.0,1.0,5.630149111439908,7.550290381299751
calibration,linear_10h,100,8.0,1.0,5.739225207465859,7.577182241540648
calibration,linear_10h,20,8.0,5.0,1.7967414648070168,2.9656491059759205
calibration,linear_10h,21,8.0,5.0,1.7440427224062693,2.9424147245091348
calibration,linear_10h,22,8.0,5.0,1.726848287769367,3.0178759606541705
calibration,linear_10h,23,8.0,5.0,1.7246089703513157,3.1628504030779103
calibration,linear_10h,24,8.0,5.0,1.6083962795494289,3.0090254531166316
calibration,linear_10h,25,8.0,5.0,1.5197485356256424,2.97614328513498
calibration,linear_10h,26,8.0,5.0,1.464627785580519,2.9723900156216176
calibration,linear_10h,27,8.0,5.0,1.4179241078263516,3.061257886491653
calibration,linear_10h,28,8.0,5.0,1.3409473763536628,3.125766665075247
calibration,linear_10h,29,8.0,5.0,1.2864020943273768,3.1832134943907686
calibration,linear_10h,30,8.0,5.0,1.1964579868798841,3.0973671539088476
calibration,linear_10h,31,8.0,5.0,1.1108189177744254,3.063622618816919
calibration,linear_10h,32,8.0,5.0,1.0851627499315786,3.2316630520999867
calibration,linear_10h,33,8.0,5.0,1.1570421289411215,3.2370301932803436
calibration,linear_10h,34,8.0,5.0,1.1615244273555314,3.284959662626563
calibration,linear_10h,35,8.0,5.0,1.2052224575391568,3.4229315480066136
calibration,linear_10h,36,8.0,5.0,1.2641509052444544,3.465445994248273
calibration,linear_10h,37,8.0,5.0,1.2996565818665484,3.4473165286055263
calibration,linear_10h,38,8.0,5.0,1.3270704312568382,3.5459486366126836
calibration,linear_10h,39,8.0,5.0,1.3694569156097902,3.592957837490607
calibration,linear_10h,40,8.0,5.0,1.4093174117606688,3.6819081822821342
calibration,linear_10h,41,8.0,5.0,1.449886673498857,3.827447467499878
calibration,linear_10h,42,8.0,5.0,1.4583857730144478,3.8963214619618602
calibration,linear_10h,43,8.0,5.0,1.4815991066165157,4.007592042734931
calibration,linear_10h,44,8.0,5.0,1.5027159431142634,4.138654302870726
calibration,linear_10h,45,8.0,5.0,1.5320239626640086,4.166930679168668
calibration,linear_10h,46,8.0,5.0,1.55460790527302,4.376854156410537
calibration,linear_10h,47,8.0,5.0,1.5448864917969374,4.491795870826043
calibration,linear_10h,48,8.0,5.0,1.5435617998572182,4.526797163548912
calibration,linear_10h,49,8.0,5.0,1.5760104380302398,4.664851620499566
calibration,linear_10h,50,8.0,5.0,1.6127236173156811,4.715202643177929
calibration,linear_10h,51,8.0,5.0,1.6442850408027843,4.803742641075348
calibration,linear_10h,52,8.0,5.0,1.6716268585781124,4.898573970767406
calibration,linear_10h,53,8.0,5.0,1.7004148401598806,4.929158363694075
calibration,linear_10h,54,8.0,5.0,1.7212037061060004,5.002609939467018
calibration,linear_10h,55,8.0,5.0,1.7476372198540924,5.1502454915110185
calibration,linear_10h,56,8.0,5.0,1.7745581479711614,5.220884313835317
calibration,linear_10h,57,8.0,5.0,1.799020903432269,5.305596395303969
calibration,linear_10h,58,8.0,5.0,1.8271915416150808,5.370703939749899
calibration,linear_10h,59,8.0,5.0,1.8506297555042073,5.418945129368091
calibration,linear_10h,60,8.0,5.0,1.8825119107747756,5.483833431382945
calibration,linear_10h,61,8.0,5.0,1.9147739468022618,5.547482672588355
calibration,linear_10h,62,8.0,5.0,1.942204893952204,5.606319652768166
calibration,linear_10h,63,8.0,5.0,1.9726750694599948,5.663120750994
calibration,linear_10h,64,8.0,5.0,2.0071357939903445,5.7116011158424795
calibration,linear_10h,65,8.0,5.0,2.0514657253629887,5.797769519753171
calibration,linear_10h,66,8.0,5.0,2.0890500393913047,5.8405903942277515
calibration,linear_10h,67,8.0,5.0,2.1323926128517634,5.879413195452132
calibration,linear_10h,68,8.0,5.0,2.172800026760413,5.969082451977914
calibration,linear_10h,69,8.0,5.0,2.219436322806412,6.02143561466888
calibration,linear_10h,70,8.0,5.0,2.267456564767101,6.113801065123181
calibration,linear_10h,71,8.0,5.0,2.317132982654191,6.179357413440401
calibration,linear_10h,72,8.0,5.0,2.3658117747974217,6.214680688287988
calibration,linear_10h,73,8.0,5.0,2.4164778323431335,6.2542422863937075
calibration,linear_10h,74,8.0,5.0,2.4983129560539385,6.314450652328785
calibration,linear_10h,75,8.0,5.0,2.6068543600177962,6.339130794027903
calibration,linear_10h,76,8.0,5.0,2.716174135473559,6.3892654667868864
calibration,linear_10h,77,8.0,5.0,2.828666529594126,6.432134266116329
calibration,linear_10h,78,8.0,5.0,2.938356899826977,6.509261668681243
calibration,linear_10h,79,8.0,5.0,3.0530738339752617,6.533976593703894
calibration,linear_10h,80,8.0,5.0,3.1723952131370137,6.57159607570541
calibration,linear_10h,81,8.0,5.0,3.290966967728215,6.618292571037876
calibration,linear_10h,82,8.0,5.0,3.41183493601922,6.679434066769918
calibration,linear_10h,83,8.0,5.0,3.5318027215764936,6.718477140059709
calibration,linear_10h,84,8.0,5.0,3.6554763290319814,6.768341879170858
calibration,linear_10h,85,8.0,5.0,3.783421966115963,6.833863941910878
calibration,linear_10h,86,8.0,5.0,3.9111559372542626,6.894922851918328
calibration,linear_10h,87,8.0,5.0,4.041380666229322,6.953294666476606
calibration,linear_10h,88,8.0,5.0,4.170382711791265,7.007863306542617
calibration,linear_10h,89,8.0,5.0,4.307794101747353,7.047896136855014
calibration,linear_10h,90,8.0,5.0,4.447887859178534,7.099164311471773
calibration,linear_10h,91,8.0,5.0,4.590073875171874,7.1339951366020005
calibration,linear_10h,92,8.0,5.0,4.729468950182336,7.202394066880324
calibration,linear_10h,93,8.0,5.0,4.866140155365906,7.270699614568632
calibration,linear_10h,94,8.0,5.0,5.004357302798534,7.318196358327289
calibration,linear_10h,95,8.0,5.0,5.140511831259009,7.374717359100225
calibration,linear_10h,96,8.0,5.0,5.271144361208324,7.416260026109489
calibration,linear_10h,97,8.0,5.0,5.395753844112217,7.46004880224056
calibration,linear_10h,98,8.0,5.0,5.515348877889781,7.513815134754864
calibration,linear_10h,99,8.0,5.0,5.6301491114399305,7.550290381299707
calibration,linear_10h,100,8.0,5.0,5.739225207465837,7.577182241540648
calibration,linear_10h,20,8.0,12.0,1.771040302205229,2.9396528230694496
calibration,linear_10h,21,8.0,12.0,1.7186321905353186,2.9167048997347678
calibration,linear_10h,22,8.0,12.0,1.701784454078048,2.9924940388334376
calibration,linear_10h,23,8.0,12.0,1.6995341471947478,3.137421057550105
calibration,linear_10h,24,8.0,12.0,1.5826148576827626,2.9828886451507497
calibration,linear_10h,25,8.0,12.0,1.4932555143349235,2.9492701969344948
calibration,linear_10h,26,8.0,12.0,1.4374982085017196,2.9448572935993456
calibration,linear_10h,27,8.0,12.0,1.3903459265653062,3.0332328398740227
calibration,linear_10h,28,8.0,12.0,1.3128022900009917,3.0971258867608764
calibration,linear_10h,29,8.0,12.0,1.2577604046907442,3.154035425908641
calibration,linear_10h,30,8.0,12.0,1.1670979310048457,3.0674555886186727
calibration,linear_10h,31,8.0,12.0,1.0807061283577113,3.032928246071598
calibration,linear_10h,32,8.0,12.0,1.054221131612465,3.200064401717384
calibration,linear_10h,33,8.0,12.0,1.115403401269921,3.204499092868218
calibration,linear_10h,34,8.0,12.0,1.117828314968028,3.2509060891481534
calibration,linear_10h,35,8.0,12.0,1.1596816808264965,3.387138915495047
calibration,linear_10h,36,8.0,12.0,1.2169185376009084,3.4276563922998493
calibration,linear_10h,37,8.0,12.0,1.2506569322330074,3.407305006374872
calibration,linear_10h,38,8.0,12.0,1.27640637326627,3.5040658057965413
calibration,linear_10h,39,8.0,12.0,1.317131039789654,3.5492203402505362
calibration,linear_10h,40,8.0,12.0,1.3552120723756333,3.6364518830222847
calibration,linear_10h,41,8.0,12.0,1.3939654971713233,3.78049290243343
calibration,linear_10h,42,8.0,12.0,1.4004466319286202,3.8478160824822805
calibration,linear_10h,43,8.0,12.0,1.4216097421142493,3.957593352346156
calibration,linear_10h,44,8.0,12.0,1.4406061006138948,4.087413468020729
calibration,linear_10h,45,8.0,12.0,1.4678417182210524,4.114267680933481
calibration,linear_10h,46,8.0,12.0,1.4883395522388154,4.32283321812299
calibration,linear_10h,47,8.0,12.0,1.4760924068767833,4.435948617150509
calibration,linear_10h,48,8.0,12.0,1.4722775557266754,4.469092331356661
calibration,linear_10h,49,8.0,12.0,1.464242123337267,4.605291869090888
calibration,linear_10h,50,8.0,12.0,1.4652000063721582,4.65366488777561
calibration,linear_10h,51,8.0,12.0,1.4644704726524571,4.74013123808108
calibration,linear_10h,52,8.0,12.0,1.4600566257702674,4.83247915247893
calibration,linear_10h,53,8.0,12.0,1.451863492687111,4.860990415896249
calibration,linear_10h,54,8.0,12.0,1.4410225810790767,4.932518034499056
calibration,linear_10h,55,8.0,12.0,1.438932849800345,5.078247874224773
calibration,linear_10h,56,8.0,12.0,1.441042966936612,5.146978972735616
calibration,linear_10h,57,8.0,12.0,1.436486124354186,5.229587413414083
calibration,linear_10h,58,8.0,12.0,1.4300823517713335,5.29251430563713
calibration,linear_10h,59,8.0,12.0,1.4195293891271499,5.338393049797063
calibration,linear_10h,60,8.0,12.0,1.4112413843713423,5.4011144775388376
calibration,linear_10h,61,8.0,12.0,1.407175886047729,5.462679542382554
calibration,linear_10h,62,8.0,12.0,1.4003089385148604,5.519666878268015
calibration,linear_10h,63,8.0,12.0,1.3946326214252291,5.5748073282432475
calibration,linear_10h,64,8.0,12.0,1.3873996815804146,5.62180976040394
calibration,linear_10h,65,8.0,12.0,1.3816820941961128,5.706663174523552
calibration,linear_10h,66,8.0,12.0,1.3764626536935998,5.747964101545766
calibration,linear_10h,67,8.0,12.0,1.3741063608307291,5.785471862554603
calibration,linear_10h,68,8.0,12.0,1.3801417648043657,5.873831821526521
calibration,linear_10h,69,8.0,12.0,1.4140641468349369,5.952668441081421
calibration,linear_10h,70,8.0,12.0,1.4561637776879577,6.068652745725789
calibration,linear_10h,71,8.0,12.0,1.4989659815134448,6.182119518856899
calibration,linear_10h,72,8.0,12.0,1.545136307186512,6.2985692769065516
calibration,linear_10h,73,8.0,12.0,1.5839526265220893,6.406264715741217
calibration,linear_10h,74,8.0,12.0,1.630070198708422,6.5231470804011815
calibration,linear_10h,75,8.0,12.0,1.6760713513674474,6.637791036311991
calibration,linear_10h,76,8.0,12.0,1.7275103708793704,6.756028965754379
calibration,linear_10h,77,8.0,12.0,1.7779220502777804,6.871238665306989
calibration,linear_10h,78,8.0,12.0,1.8278912000887493,6.985459831099994
calibration,linear_10h,79,8.0,12.0,1.8824031369999439,7.106560723690558
calibration,linear_10h,80,8.0,12.0,1.930403566672445,7.227052937341827
calibration,linear_10h,81,8.0,12.0,1.9779597842872754,7.349845525753218
calibration,linear_10h,82,8.0,12.0,2.0303814119388086,7.473816658852472
calibration,linear_10h,83,8.0,12.0,2.082643400320028,7.592379609186595
calibration,linear_10h,84,8.0,12.0,2.1368349646283535,7.718349797215618
calibration,linear_10h,85,8.0,12.0,2.1901369002279347,7.843527329767719
calibration,linear_10h,86,8.0,12.0,2.2449918241266076,7.968145702488161
calibration,linear_10h,87,8.0,12.0,2.299229469693853,8.094660303987645
calibration,linear_10h,88,8.0,12.0,2.3531083006396614,8.21698812061542
calibration,linear_10h,89,8.0,12.0,2.412238522974519,8.341766217289791
calibration,linear_10h,90,8.0,12.0,2.472300214756018,8.469901251678124
calibration,linear_10h,91,8.0,12.0,2.5368611025981647,8.596773215635656
calibration,linear_10h,92,8.0,12.0,2.598356445814054,8.723392121599982
calibration,linear_10h,93,8.0,12.0,2.661527512737649,8.848226949697224
calibration,linear_10h,94,8.0,12.0,2.722602866652002,8.973772928977652
calibration,linear_10h,95,8.0,12.0,2.788765918665126,9.093237684846223
calibration,linear_10h,96,8.0,12.0,2.853887794807397,9.211305238028867
calibration,linear_10h,97,8.0,12.0,2.914958477872398,9.314925513172945
calibration,linear_10h,98,8.0,12.0,2.9775496745706453,9.416944948077234
calibration,linear_10h,99,8.0,12.0,3.041867496004058,9.51211112803394
calibration,linear_10h,100,8.0,12.0,3.1027401655650433,9.598720951148088
calibration,linear_10h,20,10.0,1.0,1.7967414648070168,2.965649105975876
calibration,linear_10h,21,10.0,1.0,1.7440427224062693,2.942414724509157
calibration,linear_10h,22,10.0,1.0,1.726848287769367,3.0178759606541705
calibration,linear_10h,23,10.0,1.0,1.7246089703513379,3.1628504030779325
calibration,linear_10h,24,10.0,1.0,1.6083962795494289,3.0090254531166316
calibration,linear_10h,25,10.0,1.0,1.5197485356256202,2.976143285134958
calibration,linear_10h,26,10.0,1.0,1.4646277855804968,2.9723900156215954
calibration,linear_10h,27,10.0,1.0,1.4179241078263294,3.0612578864916307
calibration,linear_10h,28,10.0,1.0,1.3409473763536406,3.125766665075247
calibration,linear_10h,29,10.0,1.0,1.2864020943273768,3.1832134943907686
calibration,linear_10h,30,10.0,1.0,1.1964579868798397,3.0973671539088032
calibration,linear_10h,31,10.0,1.0,1.1108189177744032,3.0636226188168525
calibration,linear_10h,32,10.0,1.0,1.0851627499316008,3.231663052100009
calibration,linear_10h,33,10.0,1.0,1.1570421289411437,3.2370301932803214
calibration,linear_10h,34,10.0,1.0,1.1615244273555758,3.284959662626563
calibration,linear_10h,35,10.0,1.0,1.205222457539179,3.4229315480066136
calibration,linear_10h,36,10.0,1.0,1.2641509052444988,3.465445994248295
calibration,linear_10h,37,10.0,1.0,1.2996565818665706,3.447316528605504
calibration,linear_10h,38,10.0,1.0,1.3270704312568604,3.5459486366126836
calibration,linear_10h,39,10.0,1.0,1.3694569156097902,3.592957837490607
calibration,linear_10h,40,10.0,1.0,1.409317411760691,3.681908182282112
calibration,linear_10h,41,10.0,1.0,1.449886673498857,3.827447467499878
calibration,linear_10h,42,10.0,1.0,1.4583857730144256,3.896321461961838
calibration,linear_10h,43,10.0,1.0,1.4815991066165157,4.007592042734931
calibration,linear_10h,44,10.0,1.0,1.5027159431142634,4.138654302870726
calibration,linear_10h,45,10.0,1.0,1.5320239626639864,4.166930679168646
calibration,linear_10h,46,10.0,1.0,1.5546079052730422,4.376854156410559
calibration,linear_10h,47,10.0,1.0,1.5448864917969374,4.491795870826043
calibration,linear_10h,48,10.0,1.0,1.5435617998572626,4.526797163548957
calibration,linear_10h,49,10.0,1.0,1.576010438030262,4.664851620499566
calibration,linear_10h,50,10.0,1.0,1.6127236173156811,4.715202643177929
calibration,linear_10h,51,10.0,1.0,1.6442850408028287,4.803742641075348
calibration,linear_10h,52,10.0,1.0,1.6716268585781124,4.898573970767384
calibration,linear_10h,53,10.0,1.0,1.7004148401598806,4.929158363694053
calibration,linear_10h,54,10.0,1.0,1.7212037061060004,5.00260993946704
calibration,linear_10h,55,10.0,1.0,1.7476372198540924,5.150245491511041
calibration,linear_10h,56,10.0,1.0,1.7745581479711836,5.220884313835361
calibration,linear_10h,57,10.0,1.0,1.799020903432269,5.305596395303991
calibration,linear_10h,58,10.0,1.0,1.827191541615103,5.370703939749899
calibration,linear_10h,59,10.0,1.0,1.8506297555042073,5.418945129368069
calibration,linear_10h,60,10.0,1.0,1.8825119107747756,5.483833431382923
calibration,linear_10h,61,10.0,1.0,1.9147739468022618,5.547482672588355
calibration,linear_10h,62,10.0,1.0,1.942204893952204,5.606319652768166
calibration,linear_10h,63,10.0,1.0,1.972675069460017,5.663120750994
calibration,linear_10h,64,10.0,1.0,2.0071357939903445,5.711601115842502
calibration,linear_10h,65,10.0,1.0,2.051465725363011,5.797769519753171
calibration,linear_10h,66,10.0,1.0,2.0890500393913047,5.840590394227774
calibration,linear_10h,67,10.0,1.0,2.1323926128517856,5.87941319545211
calibration,linear_10h,68,10.0,1.0,2.172800026760413,5.969082451977936
calibration,linear_10h,69,10.0,1.0,2.219436322806456,6.021435614668924
calibration,linear_10h,70,10.0,1.0,2.2674565647670786,6.113801065123181
calibration,linear_10h,71,10.0,1.0,2.317132982654191,6.179357413440378
calibration,linear_10h,72,10.0,1.0,2.365811774797444,6.214680688287966
calibration,linear_10h,73,10.0,1.0,2.4164778323431557,6.25424228639373
calibration,linear_10h,74,10.0,1.0,2.4983129560539385,6.3144506523287625
calibration,linear_10h,75,10.0,1.0,2.606854360017774,6.339130794027947
calibration,linear_10h,76,10.0,1.0,2.716174135473559,6.389265466786931
calibration,linear_10h,77,10.0,1.0,2.8286665295941704,6.432134266116329
calibration,linear_10h,78,10.0,1.0,2.9383568998269993,6.509261668681265
calibration,linear_10h,79,10.0,1.0,3.0530738339752617,6.533976593703916
calibration,linear_10h,80,10.0,1.0,3.172395213137036,6.57159607570541
calibration,linear_10h,81,10.0,1.0,3.2909669677282594,6.618292571037854
calibration,linear_10h,82,10.0,1.0,3.4118349360192424,6.67943406676994
calibration,linear_10h,83,10.0,1.0,3.5318027215765158,6.718477140059731
calibration,linear_10h,84,10.0,1.0,3.6554763290320036,6.768341879170836
calibration,linear_10h,85,10.0,1.0,3.783421966115963,6.833863941910878
calibration,linear_10h,86,10.0,1.0,3.9111559372542626,6.894922851918328
calibration,linear_10h,87,10.0,1.0,4.041380666229322,6.953294666476606
calibration,linear_10h,88,10.0,1.0,4.170382711791243,7.007863306542639
calibration,linear_10h,89,10.0,1.0,4.307794101747375,7.047896136854992
calibration,linear_10h,90,10.0,1.0,4.447887859178534,7.099164311471773
calibration,linear_10h,91,10.0,1.0,4.590073875171874,7.133995136601978
calibration,linear_10h,92,10.0,1.0,4.729468950182336,7.202394066880302
calibration,linear_10h,93,10.0,1.0,4.866140155365906,7.270699614568654
calibration,linear_10h,94,10.0,1.0,5.004357302798534,7.318196358327311
calibration,linear_10h,95,10.0,1.0,5.140511831259009,7.374717359100247
calibration,linear_10h,96,10.0,1.0,5.271144361208302,7.416260026109511
calibration,linear_10h,97,10.0,1.0,5.395753844112217,7.46004880224056
calibration,linear_10h,98,10.0,1.0,5.515348877889714,7.513815134754842
calibration,linear_10h,99,10.0,1.0,5.6301491114399305,7.550290381299729
calibration,linear_10h,100,10.0,1.0,5.739225207465837,7.577182241540648
calibration,linear_10h,20,10.0,5.0,1.7967414648070168,2.9656491059758983
calibration,linear_10h,21,10.0,5.0,1.7440427224062471,2.9424147245091348
calibration,linear_10h,22,10.0,5.0,1.7268482877693447,3.0178759606541483
calibration,linear_10h,23,10.0,5.0,1.7246089703513157,3.1628504030779103
calibration,linear_10h,24,10.0,5.0,1.6083962795494067,3.0090254531166094
calibration,linear_10h,25,10.0,5.0,1.5197485356256646,2.9761432851350023
calibration,linear_10h,26,10.0,5.0,1.4646277855804968,2.9723900156215954
calibration,linear_10h,27,10.0,5.0,1.4179241078263294,3.061257886491653
calibration,linear_10h,28,10.0,5.0,1.3409473763536628,3.125766665075247
calibration,linear_10h,29,10.0,5.0,1.2864020943273546,3.1832134943907686
calibration,linear_10h,30,10.0,5.0,1.196457986879862,3.0973671539088254
calibration,linear_10h,31,10.0,5.0,1.1108189177744032,3.0636226188168525
calibration,linear_10h,32,10.0,5.0,1.0851627499315786,3.231663052100009
calibration,linear_10h,33,10.0,5.0,1.1570421289411659,3.2370301932803436
calibration,linear_10h,34,10.0,5.0,1.1615244273555314,3.284959662626563
calibration,linear_10h,35,10.0,5.0,1.2052224575392012,3.4229315480066136
calibration,linear_10h,36,10.0,5.0,1.2641509052444544,3.465445994248273
calibration,linear_10h,37,10.0,5.0,1.2996565818665706,3.4473165286055263
calibration,linear_10h,38,10.0,5.0,1.3270704312568382,3.5459486366126836
calibration,linear_10h,39,10.0,5.0,1.3694569156097902,3.592957837490607
calibration,linear_10h,40,10.0,5.0,1.409317411760691,3.681908182282112
calibration,linear_10h,41,10.0,5.0,1.449886673498857,3.827447467499856
calibration,linear_10h,42,10.0,5.0,1.4583857730144256,3.896321461961838
calibration,linear_10h,43,10.0,5.0,1.481599106616538,4.007592042734953
calibration,linear_10h,44,10.0,5.0,1.5027159431142634,4.1386543028707035
calibration,linear_10h,45,10.0,5.0,1.5320239626640086,4.166930679168668
calibration,linear_10h,46,10.0,5.0,1.5546079052730422,4.376854156410537
calibration,linear_10h,47,10.0,5.0,1.5448864917969374,4.491795870826065
calibration,linear_10h,48,10.0,5.0,1.5435617998572404,4.526797163548935
calibration,linear_10h,49,10.0,5.0,1.576010438030262,4.664851620499566
calibration,linear_10h,50,10.0,5.0,1.6127236173157034,4.715202643177907
calibration,linear_10h,51,10.0,5.0,1.6442850408028287,4.803742641075348
calibration,linear_10h,52,10.0,5.0,1.6716268585781124,4.8985739707673615
calibration,linear_10h,53,10.0,5.0,1.7004148401598806,4.929158363694031
calibration,linear_10h,54,10.0,5.0,1.7212037061060004,5.002609939466973
calibration,linear_10h,55,10.0,5.0,1.7476372198541146,5.1502454915110185
calibration,linear_10h,56,10.0,5.0,1.7745581479711614,5.2208843138352945
calibration,linear_10h,57,10.0,5.0,1.7990209034322913,5.305596395303969
calibration,linear_10h,58,10.0,5.0,1.827191541615103,5.370703939749899
calibration,linear_10h,59,10.0,5.0,1.850629755504185,5.418945129368069
calibration,linear_10h,60,10.0,5.0,1.8825119107747756,5.483833431382945
calibration,linear_10h,61,10.0,5.0,1.9147739468022618,5.547482672588355
calibration,linear_10h,62,10.0,5.0,1.942204893952204,5.606319652768166
calibration,linear_10h,63,10.0,5.0,1.972675069460017,5.663120750994
calibration,linear_10h,64,10.0,5.0,2.0071357939903445,5.7116011158424795
calibration,linear_10h,65,10.0,5.0,2.0514657253629887,5.797769519753171
calibration,linear_10h,66,10.0,5.0,2.0890500393913047,5.840590394227774
calibration,linear_10h,67,10.0,5.0,2.1323926128517856,5.87941319545211
calibration,linear_10h,68,10.0,5.0,2.172800026760413,5.969082451977936
calibration,linear_10h,69,10.0,5.0,2.219436322806434,6.02143561466888
calibration,linear_10h,70,10.0,5.0,2.2674565647670786,6.113801065123203
calibration,linear_10h,71,10.0,5.0,2.317132982654213,6.179357413440401
calibration,linear_10h,72,10.0,5.0,2.365811774797444,6.21468068828801
calibration,linear_10h,73,10.0,5.0,2.4164778323431113,6.2542422863937075
calibration,linear_10h,74,10.0,5.0,2.4983129560539385,6.31445065232874
calibration,linear_10h,75,10.0,5.0,2.6068543600177962,6.339130794027903
calibration,linear_10h,76,10.0,5.0,2.716174135473559,6.389265466786864
calibration,linear_10h,77,10.0,5.0,2.828666529594148,6.432134266116352
calibration,linear_10h,78,10.0,5.0,2.938356899826977,6.509261668681221
calibration,linear_10h,79,10.0,5.0,3.053073833975306,6.533976593703894
calibration,linear_10h,80,10.0,5.0,3.1723952131370137,6.571596075705433
calibration,linear_10h,81,10.0,5.0,3.2909669677282594,6.618292571037854
calibration,linear_10h,82,10.0,5.0,3.4118349360192424,6.6794340667699625
calibration,linear_10h,83,10.0,5.0,3.5318027215765158,6.718477140059731
calibration,linear_10h,84,10.0,5.0,3.655476329032026,6.768341879170836
calibration,linear_10h,85,10.0,5.0,3.783421966115963,6.8338639419109
calibration,linear_10h,86,10.0,5.0,3.9111559372542626,6.89492285191835
calibration,linear_10h,87,10.0,5.0,4.041380666229344,6.95329466647665
calibration,linear_10h,88,10.0,5.0,4.170382711791243,7.007863306542661
calibration,linear_10h,89,10.0,5.0,4.307794101747353,7.047896136854992
calibration,linear_10h,90,10.0,5.0,4.447887859178534,7.099164311471795
calibration,linear_10h,91,10.0,5.0,4.590073875171852,7.133995136602023
calibration,linear_10h,92,10.0,5.0,4.729468950182358,7.202394066880324
calibration,linear_10h,93,10.0,5.0,4.866140155365883,7.270699614568676
calibration,linear_10h,94,10.0,5.0,5.004357302798534,7.318196358327311
calibration,linear_10h,95,10.0,5.0,5.140511831259009,7.374717359100225
calibration,linear_10h,96,10.0,5.0,5.271144361208324,7.416260026109489
calibration,linear_10h,97,10.0,5.0,5.395753844112194,7.46004880224056
calibration,linear_10h,98,10.0,5.0,5.515348877889736,7.513815134754864
calibration,linear_10h,99,10.0,5.0,5.6301491114399305,7.550290381299729
calibration,linear_10h,100,10.0,5.0,5.739225207465837,7.577182241540648
calibration,linear_10h,20,10.0,12.0,1.7967414648070168,2.9656491059758983
calibration,linear_10h,21,10.0,12.0,1.7440427224062915,2.942414724509157
calibration,linear_10h,22,10.0,12.0,1.726848287769367,3.0178759606541705
calibration,linear_10h,23,10.0,12.0,1.7246089703513379,3.1628504030779103
calibration,linear_10h,24,10.0,12.0,1.6083962795494067,3.0090254531166094
calibration,linear_10h,25,10.0,12.0,1.5197485356256424,2.97614328513498
calibration,linear_10h,26,10.0,12.0,1.4646277855804968,2.9723900156215954
calibration,linear_10h,27,10.0,12.0,1.4179241078263738,3.061257886491675
calibration,linear_10h,28,10.0,12.0,1.3409473763536628,3.1257666650752247
calibration,linear_10h,29,10.0,12.0,1.286402094327399,3.183213494390791
calibration,linear_10h,30,10.0,12.0,1.1964579868798841,3.0973671539088476
calibration,linear_10h,31,10.0,12.0,1.1108189177744254,3.0636226188168747
calibration,linear_10h,32,10.0,12.0,1.0851627499316008,3.231663052100009
calibration,linear_10h,33,10.0,12.0,1.1570421289411437,3.2370301932803436
calibration,linear_10h,34,10.0,12.0,1.1615244273555536,3.284959662626563
calibration,linear_10h,35,10.0,12.0,1.2052224575391568,3.4229315480066136
calibration,linear_10h,36,10.0,12.0,1.2641509052444766,3.465445994248295
calibration,linear_10h,37,10.0,12.0,1.2996565818665484,3.4473165286055263
calibration,linear_10h,38,10.0,12.0,1.327070431256816,3.5459486366126614
calibration,linear_10h,39,10.0,12.0,1.3694569156097902,3.5929578374905846
calibration,linear_10h,40,10.0,12.0,1.409317411760691,3.681908182282112
calibration,linear_10h,41,10.0,12.0,1.4498866734988791,3.827447467499856
calibration,linear_10h,42,10.0,12.0,1.4583857730144256,3.896321461961838
calibration,linear_10h,43,10.0,12.0,1.4815991066165157,4.007592042734909
calibration,linear_10h,44,10.0,12.0,1.5027159431142634,4.138654302870748
calibration,linear_10h,45,10.0,12.0,1.5320239626640086,4.166930679168646
calibration,linear_10h,46,10.0,12.0,1.55460790527302,4.376854156410515
calibration,linear_10h,47,10.0,12.0,1.5448864917969152,4.491795870826043
calibration,linear_10h,48,10.0,12.0,1.5435617998572404,4.526797163548935
calibration,linear_10h,49,10.0,12.0,1.576010438030262,4.664851620499566
calibration,linear_10h,50,10.0,12.0,1.6127236173157034,4.715202643177929
calibration,linear_10h,51,10.0,12.0,1.6442850408028287,4.80374264107537
calibration,linear_10h,52,10.0,12.0,1.6716268585781124,4.8985739707673615
calibration,linear_10h,53,10.0,12.0,1.700414840159925,4.929158363694075
calibration,linear_10h,54,10.0,12.0,1.7212037061060226,5.002609939466995
calibration,linear_10h,55,10.0,12.0,1.7476372198540924,5.1502454915110185
calibration,linear_10h,56,10.0,12.0,1.7745581479711614,5.220884313835317
calibration,linear_10h,57,10.0,12.0,1.7990209034322913,5.305596395303991
calibration,linear_10h,58,10.0,12.0,1.827191541615103,5.370703939749921
calibration,linear_10h,59,10.0,12.0,1.8506297555041629,5.418945129368025
calibration,linear_10h,60,10.0,12.0,1.8825119107747978,5.483833431382945
calibration,linear_10h,61,10.0,12.0,1.9147739468022396,5.5474826725883775
calibration,linear_10h,62,10.0,12.0,1.9422048939521819,5.606319652768188
calibration,linear_10h,63,10.0,12.0,1.9726750694599948,5.663120750994044
calibration,linear_10h,64,10.0,12.0,2.0071357939903223,5.711601115842502
calibration,linear_10h,65,10.0,12.0,2.0514657253629887,5.797769519753171
calibration,linear_10h,66,10.0,12.0,2.0890500393912825,5.8405903942277515
calibration,linear_10h,67,10.0,12.0,2.1323926128517634,5.87941319545211
calibration,linear_10h,68,10.0,12.0,2.172800026760413,5.969082451977936
calibration,linear_10h,69,10.0,12.0,2.219436322806434,6.021435614668902
calibration,linear_10h,70,10.0,12.0,2.2674565647670564,6.113801065123181
calibration,linear_10h,71,10.0,12.0,2.3171329826541687,6.179357413440401
calibration,linear_10h,72,10.0,12.0,2.3658117747974217,6.21468068828801
calibration,linear_10h,73,10.0,12.0,2.4164778323431335,6.25424228639373
calibration,linear_10h,74,10.0,12.0,2.4983129560539163,6.3144506523287625
calibration,linear_10h,75,10.0,12.0,2.606854360017774,6.339130794027947
calibration,linear_10h,76,10.0,12.0,2.716174135473559,6.3892654667868864
calibration,linear_10h,77,10.0,12.0,2.828666529594126,6.432134266116352
calibration,linear_10h,78,10.0,12.0,2.938356899826955,6.509261668681265
calibration,linear_10h,79,10.0,12.0,3.0530738339752617,6.5339765937039385
calibration,linear_10h,80,10.0,12.0,3.1723952131370137,6.57159607570541
calibration,linear_10h,81,10.0,12.0,3.290966967728215,6.618292571037898
calibration,linear_10h,82,10.0,12.0,3.4118349360192424,6.6794340667699625
calibration,linear_10h,83,10.0,12.0,3.5318027215765158,6.718477140059731
calibration,linear_10h,84,10.0,12.0,3.6554763290319814,6.7683418791708805
calibration,linear_10h,85,10.0,12.0,3.7834219661159185,6.833863941910923
calibration,linear_10h,86,10.0,12.0,3.9111559372542626,6.89492285191835
calibration,linear_10h,87,10.0,12.0,4.041380666229322,6.953294666476628
calibration,linear_10h,88,10.0,12.0,4.170382711791221,7.007863306542683
calibration,linear_10h,89,10.0,12.0,4.307794101747353,7.047896136855059
calibration,linear_10h,90,10.0,12.0,4.447887859178512,7.099164311471817
calibration,linear_10h,91,10.0,12.0,4.5900738751718295,7.133995136602023
calibration,linear_10h,92,10.0,12.0,4.729468950182336,7.202394066880369
calibration,linear_10h,93,10.0,12.0,4.866140155365883,7.270699614568699
calibration,linear_10h,94,10.0,12.0,5.00435730279849,7.318196358327356
calibration,linear_10h,95,10.0,12.0,5.140511831259009,7.374717359100269
calibration,linear_10h,96,10.0,12.0,5.271144361208302,7.4162600261095335
calibration,linear_10h,97,10.0,12.0,5.395753844112194,7.460048802240582
calibration,linear_10h,98,10.0,12.0,5.515348877889759,7.513815134754864
calibration,linear_10h,99,10.0,12.0,5.6301491114399305,7.550290381299751
calibration,linear_10h,100,10.0,12.0,5.7392252074658145,7.577182241540692
calibration,linear_10h,20,12.0,1.0,1.7967414648070168,2.965649105975876
calibration,linear_10h,21,12.0,1.0,1.7440427224062471,2.9424147245091348
calibration,linear_10h,22,12.0,1.0,1.7268482877693447,3.0178759606541483
calibration,linear_10h,23,12.0,1.0,1.7246089703513157,3.1628504030779103
calibration,linear_10h,24,12.0,1.0,1.6083962795493845,3.009025453116587
calibration,linear_10h,25,12.0,1.0,1.5197485356256202,2.9761432851349356
calibration,linear_10h,26,12.0,1.0,1.4646277855804968,2.9723900156215954
calibration,linear_10h,27,12.0,1.0,1.4179241078263516,3.061257886491675
calibration,linear_10h,28,12.0,1.0,1.3409473763536628,3.1257666650752247
calibration,linear_10h,29,12.0,1.0,1.286402094327399,3.183213494390791
calibration,linear_10h,30,12.0,1.0,1.1964579868798841,3.0973671539088254
calibration,linear_10h,31,12.0,1.0,1.1108189177744476,3.063622618816919
calibration,linear_10h,32,12.0,1.0,1.0851627499316008,3.231663052100009
calibration,linear_10h,33,12.0,1.0,1.1570421289411437,3.2370301932803436
calibration,linear_10h,34,12.0,1.0,1.1615244273555536,3.2849596626265853
calibration,linear_10h,35,12.0,1.0,1.2052224575392012,3.422931548006636
calibration,linear_10h,36,12.0,1.0,1.2641509052444766,3.465445994248273
calibration,linear_10h,37,12.0,1.0,1.2996565818665928,3.4473165286055485
calibration,linear_10h,38,12.0,1.0,1.3270704312568604,3.5459486366126836
calibration,linear_10h,39,12.0,1.0,1.3694569156098124,3.592957837490629
calibration,linear_10h,40,12.0,1.0,1.409317411760691,3.6819081822821342
calibration,linear_10h,41,12.0,1.0,1.449886673498857,3.827447467499856
calibration,linear_10h,42,12.0,1.0,1.4583857730144478,3.896321461961838
calibration,linear_10h,43,12.0,1.0,1.4815991066165601,4.007592042734931
calibration,linear_10h,44,12.0,1.0,1.5027159431142856,4.1386543028707035
calibration,linear_10h,45,12.0,1.0,1.5320239626640086,4.166930679168668
calibration,linear_10h,46,12.0,1.0,1.5546079052730644,4.376854156410537
calibration,linear_10h,47,12.0,1.0,1.5448864917969596,4.491795870826065
calibration,linear_10h,48,12.0,1.0,1.5435617998572404,4.526797163548912
calibration,linear_10h,49,12.0,1.0,1.576010438030262,4.664851620499544
calibration,linear_10h,50,12.0,1.0,1.6127236173156811,4.715202643177907
calibration,linear_10h,51,12.0,1.0,1.6442850408028509,4.803742641075326
calibration,linear_10h,52,12.0,1.0,1.6716268585781124,4.8985739707673615
calibration,linear_10h,53,12.0,1.0,1.7004148401598806,4.929158363694053
calibration,linear_10h,54,12.0,1.0,1.7212037061060004,5.002609939467018
calibration,linear_10h,55,12.0,1.0,1.7476372198541146,5.150245491510996
calibration,linear_10h,56,12.0,1.0,1.7745581479711614,5.2208843138352945
calibration,linear_10h,57,12.0,1.0,1.7990209034322913,5.305596395303991
calibration,linear_10h,58,12.0,1.0,1.827191541615103,5.370703939749899
calibration,linear_10h,59,12.0,1.0,1.8506297555042073,5.418945129368047
calibration,linear_10h,60,12.0,1.0,1.88251191077482,5.483833431382923
calibration,linear_10h,61,12.0,1.0,1.9147739468022618,5.5474826725883775
calibration,linear_10h,62,12.0,1.0,1.942204893952204,5.606319652768166
calibration,linear_10h,63,12.0,1.0,1.9726750694599948,5.663120750994022
calibration,linear_10h,64,12.0,1.0,2.0071357939903223,5.7116011158424795
calibration,linear_10h,65,12.0,1.0,2.051465725363011,5.797769519753171
calibration,linear_10h,66,12.0,1.0,2.089050039391327,5.840590394227774
calibration,linear_10h,67,12.0,1.0,2.132392612851808,5.8794131954521545
calibration,linear_10h,68,12.0,1.0,2.1728000267604353,5.969082451977958
calibration,linear_10h,69,12.0,1.0,2.2194363228064784,6.021435614668946
calibration,linear_10h,70,12.0,1.0,2.267456564767101,6.113801065123203
calibration,linear_10h,71,12.0,1.0,2.317132982654213,6.179357413440423
calibration,linear_10h,72,12.0,1.0,2.365811774797466,6.214680688287988
calibration,linear_10h,73,12.0,1.0,2.4164778323431335,6.25424228639373
calibration,linear_10h,74,12.0,1.0,2.4983129560539608,6.3144506523287625
calibration,linear_10h,75,12.0,1.0,2.6068543600177962,6.339130794027947
calibration,linear_10h,76,12.0,1.0,2.716174135473559,6.389265466786909
calibration,linear_10h,77,12.0,1.0,2.828666529594126,6.432134266116374
calibration,linear_10h,78,12.0,1.0,2.938356899826955,6.509261668681243
calibration,linear_10h,79,12.0,1.0,3.053073833975284,6.533976593703894
calibration,linear_10h,80,12.0,1.0,3.172395213137036,6.57159607570541
calibration,linear_10h,81,12.0,1.0,3.290966967728237,6.618292571037876
calibration,linear_10h,82,12.0,1.0,3.4118349360192424,6.67943406676994
calibration,linear_10h,83,12.0,1.0,3.531802721576538,6.718477140059709
calibration,linear_10h,84,12.0,1.0,3.6554763290320036,6.768341879170858
calibration,linear_10h,85,12.0,1.0,3.783421966115963,6.833863941910878
calibration,linear_10h,86,12.0,1.0,3.911155937254285,6.89492285191835
calibration,linear_10h,87,12.0,1.0,4.041380666229322,6.953294666476628
calibration,linear_10h,88,12.0,1.0,4.170382711791265,7.007863306542661
calibration,linear_10h,89,12.0,1.0,4.307794101747375,7.047896136855036
calibration,linear_10h,90,12.0,1.0,4.447887859178534,7.099164311471795
calibration,linear_10h,91,12.0,1.0,4.590073875171852,7.133995136602023
calibration,linear_10h,92,12.0,1.0,4.729468950182358,7.202394066880347
calibration,linear_10h,93,12.0,1.0,4.866140155365906,7.270699614568676
calibration,linear_10h,94,12.0,1.0,5.004357302798557,7.3181963583273335
calibration,linear_10h,95,12.0,1.0,5.140511831259009,7.374717359100225
calibration,linear_10h,96,12.0,1.0,5.271144361208324,7.416260026109511
calibration,linear_10h,97,12.0,1.0,5.395753844112217,7.46004880224056
calibration,linear_10h,98,12.0,1.0,5.515348877889759,7.5138151347548865
calibration,linear_10h,99,12.0,1.0,5.630149111439953,7.550290381299729
calibration,linear_10h,100,12.0,1.0,5.739225207465837,7.577182241540648
calibration,linear_10h,20,12.0,5.0,1.7967414648070168,2.9656491059758983
calibration,linear_10h,21,12.0,5.0,1.7440427224062693,2.9424147245091348
calibration,linear_10h,22,12.0,5.0,1.7268482877693447,3.0178759606541705
calibration,linear_10h,23,12.0,5.0,1.72460897035136,3.1628504030779325
calibration,linear_10h,24,12.0,5.0,1.6083962795494067,3.0090254531166094
calibration,linear_10h,25,12.0,5.0,1.5197485356256424,2.97614328513498
calibration,linear_10h,26,12.0,5.0,1.4646277855804968,2.9723900156216176
calibration,linear_10h,27,12.0,5.0,1.4179241078263516,3.061257886491653
calibration,linear_10h,28,12.0,5.0,1.3409473763536406,3.125766665075247
calibration,linear_10h,29,12.0,5.0,1.2864020943273768,3.1832134943907686
calibration,linear_10h,30,12.0,5.0,1.1964579868798841,3.0973671539088254
calibration,linear_10h,31,12.0,5.0,1.1108189177744254,3.063622618816897
calibration,linear_10h,32,12.0,5.0,1.0851627499316008,3.231663052100009
calibration,linear_10h,33,12.0,5.0,1.1570421289411659,3.2370301932803214
calibration,linear_10h,34,12.0,5.0,1.1615244273555536,3.284959662626563
calibration,linear_10h,35,12.0,5.0,1.205222457539179,3.4229315480065914
calibration,linear_10h,36,12.0,5.0,1.2641509052444544,3.465445994248295
calibration,linear_10h,37,12.0,5.0,1.2996565818665484,3.4473165286055263
calibration,linear_10h,38,12.0,5.0,1.3270704312568604,3.5459486366126836
calibration,linear_10h,39,12.0,5.0,1.369456915609768,3.5929578374905624
calibration,linear_10h,40,12.0,5.0,1.409317411760691,3.6819081822821342
calibration,linear_10h,41,12.0,5.0,1.449886673498857,3.8274474674998338
calibration,linear_10h,42,12.0,5.0,1.4583857730144256,3.896321461961816
calibration,linear_10h,43,12.0,5.0,1.481599106616538,4.007592042734931
calibration,linear_10h,44,12.0,5.0,1.5027159431142634,4.138654302870726
calibration,linear_10h,45,12.0,5.0,1.5320239626639864,4.166930679168646
calibration,linear_10h,46,12.0,5.0,1.5546079052730422,4.376854156410515
calibration,linear_10h,47,12.0,5.0,1.5448864917969152,4.491795870826021
calibration,linear_10h,48,12.0,5.0,1.5435617998572182,4.526797163548912
calibration,linear_10h,49,12.0,5.0,1.576010438030262,4.664851620499544
calibration,linear_10h,50,12.0,5.0,1.6127236173157034,4.715202643177907
calibration,linear_10h,51,12.0,5.0,1.6442850408028287,4.803742641075304
calibration,linear_10h,52,12.0,5.0,1.6716268585781124,4.8985739707673615
calibration,linear_10h,53,12.0,5.0,1.7004148401599029,4.929158363694031
calibration,linear_10h,54,12.0,5.0,1.7212037061060004,5.002609939466995
calibration,linear_10h,55,12.0,5.0,1.7476372198541146,5.1502454915110185
calibration,linear_10h,56,12.0,5.0,1.7745581479711836,5.220884313835317
calibration,linear_10h,57,12.0,5.0,1.7990209034322913,5.305596395303969
calibration,linear_10h,58,12.0,5.0,1.827191541615103,5.370703939749899
calibration,linear_10h,59,12.0,5.0,1.850629755504185,5.418945129368047
calibration,linear_10h,60,12.0,5.0,1.8825119107747756,5.483833431382923
calibration,linear_10h,61,12.0,5.0,1.9147739468022618,5.547482672588355
calibration,linear_10h,62,12.0,5.0,1.9422048939521819,5.606319652768166
calibration,linear_10h,63,12.0,5.0,1.9726750694599948,5.663120750994
calibration,linear_10h,64,12.0,5.0,2.0071357939903223,5.711601115842457
calibration,linear_10h,65,12.0,5.0,2.0514657253629665,5.797769519753149
calibration,linear_10h,66,12.0,5.0,2.0890500393913047,5.840590394227774
calibration,linear_10h,67,12.0,5.0,2.1323926128517856,5.87941319545211
calibration,linear_10h,68,12.0,5.0,2.172800026760413,5.969082451977914
calibration,linear_10h,69,12.0,5.0,2.219436322806434,6.02143561466888
calibration,linear_10h,70,12.0,5.0,2.2674565647670786,6.113801065123159
calibration,linear_10h,71,12.0,5.0,2.317132982654191,6.179357413440401
calibration,linear_10h,72,12.0,5.0,2.365811774797444,6.214680688287988
calibration,linear_10h,73,12.0,5.0,2.4164778323431335,6.2542422863937075
calibration,linear_10h,74,12.0,5.0,2.4983129560539608,6.31445065232874
calibration,linear_10h,75,12.0,5.0,2.6068543600177962,6.339130794027903
calibration,linear_10h,76,12.0,5.0,2.716174135473559,6.3892654667868864
calibration,linear_10h,77,12.0,5.0,2.828666529594148,6.432134266116307
calibration,linear_10h,78,12.0,5.0,2.938356899826955,6.509261668681243
calibration,linear_10h,79,12.0,5.0,3.053073833975284,6.533976593703894
calibration,linear_10h,80,12.0,5.0,3.172395213137036,6.57159607570541
calibration,linear_10h,81,12.0,5.0,3.290966967728237,6.618292571037854
calibration,linear_10h,82,12.0,5.0,3.4118349360192646,6.679434066769896
calibration,linear_10h,83,12.0,5.0,3.5318027215765158,6.718477140059709
calibration,linear_10h,84,12.0,5.0,3.6554763290320036,6.768341879170836
calibration,linear_10h,85,12.0,5.0,3.7834219661159407,6.833863941910878
calibration,linear_10h,86,12.0,5.0,3.911155937254285,6.894922851918306
calibration,linear_10h,87,12.0,5.0,4.041380666229322,6.953294666476628
calibration,linear_10h,88,12.0,5.0,4.170382711791243,7.007863306542639
calibration,linear_10h,89,12.0,5.0,4.307794101747375,7.047896136854992
calibration,linear_10h,90,12.0,5.0,4.447887859178534,7.099164311471773
calibration,linear_10h,91,12.0,5.0,4.590073875171852,7.1339951366020005
calibration,linear_10h,92,12.0,5.0,4.729468950182358,7.202394066880302
calibration,linear_10h,93,12.0,5.0,4.866140155365906,7.270699614568654
calibration,linear_10h,94,12.0,5.0,5.004357302798557,7.318196358327289
calibration,linear_10h,95,12.0,5.0,5.140511831259031,7.374717359100225
calibration,linear_10h,96,12.0,5.0,5.271144361208324,7.416260026109489
calibration,linear_10h,97,12.0,5.0,5.395753844112217,7.460048802240538
calibration,linear_10h,98,12.0,5.0,5.515348877889803,7.513815134754842
calibration,linear_10h,99,12.0,5.0,5.630149111439953,7.550290381299729
calibration,linear_10h,100,12.0,5.0,5.739225207465881,7.577182241540603
calibration,linear_10h,20,12.0,12.0,1.7967414648069946,2.965649105975854
calibration,linear_10h,21,12.0,12.0,1.7440427224062693,2.9424147245091348
calibration,linear_10h,22,12.0,12.0,1.726848287769367,3.0178759606541927
calibration,linear_10h,23,12.0,12.0,1.72460897035136,3.1628504030779325
calibration,linear_10h,24,12.0,12.0,1.6083962795494289,3.0090254531166316
calibration,linear_10h,25,12.0,12.0,1.5197485356256202,2.97614328513498
calibration,linear_10h,26,12.0,12.0,1.4646277855804746,2.9723900156215732
calibration,linear_10h,27,12.0,12.0,1.4179241078263516,3.061257886491653
calibration,linear_10h,28,12.0,12.0,1.3409473763536406,3.1257666650752247
calibration,linear_10h,29,12.0,12.0,1.2864020943273768,3.1832134943907686
calibration,linear_10h,30,12.0,12.0,1.1964579868798841,3.0973671539088254
calibration,linear_10h,31,12.0,12.0,1.1108189177744254,3.063622618816897
calibration,linear_10h,32,12.0,12.0,1.085162749931623,3.231663052100031
calibration,linear_10h,33,12.0,12.0,1.1570421289411659,3.2370301932803436
calibration,linear_10h,34,12.0,12.0,1.1615244273555536,3.2849596626266075
calibration,linear_10h,35,12.0,12.0,1.2052224575391568,3.4229315480066136
calibration,linear_10h,36,12.0,12.0,1.2641509052444544,3.4654459942482507
calibration,linear_10h,37,12.0,12.0,1.2996565818665484,3.4473165286055485
calibration,linear_10h,38,12.0,12.0,1.3270704312568604,3.5459486366126836
calibration,linear_10h,39,12.0,12.0,1.3694569156097902,3.592957837490629
calibration,linear_10h,40,12.0,12.0,1.409317411760691,3.6819081822821564
calibration,linear_10h,41,12.0,12.0,1.4498866734988791,3.827447467499878
calibration,linear_10h,42,12.0,12.0,1.4583857730144478,3.896321461961838
calibration,linear_10h,43,12.0,12.0,1.481599106616538,4.007592042734909
calibration,linear_10h,44,12.0,12.0,1.5027159431142634,4.138654302870748
calibration,linear_10h,45,12.0,12.0,1.5320239626640086,4.166930679168646
calibration,linear_10h,46,12.0,12.0,1.5546079052730422,4.376854156410537
calibration,linear_10h,47,12.0,12.0,1.5448864917969374,4.491795870826065
calibration,linear_10h,48,12.0,12.0,1.5435617998572404,4.526797163548935
calibration,linear_10h,49,12.0,12.0,1.576010438030262,4.664851620499522
calibration,linear_10h,50,12.0,12.0,1.6127236173156811,4.715202643177885
calibration,linear_10h,51,12.0,12.0,1.6442850408028287,4.803742641075348
calibration,linear_10h,52,12.0,12.0,1.6716268585781346,4.8985739707673615
calibration,linear_10h,53,12.0,12.0,1.700414840159925,4.929158363694053
calibration,linear_10h,54,12.0,12.0,1.7212037061060226,5.002609939467018
calibration,linear_10h,55,12.0,12.0,1.7476372198541146,5.1502454915110185
calibration,linear_10h,56,12.0,12.0,1.7745581479712058,5.220884313835317
calibration,linear_10h,57,12.0,12.0,1.7990209034322913,5.305596395303969
calibration,linear_10h,58,12.0,12.0,1.827191541615103,5.370703939749899
calibration,linear_10h,59,12.0,12.0,1.8506297555042073,5.418945129368047
calibration,linear_10h,60,12.0,12.0,1.8825119107747978,5.483833431382945
calibration,linear_10h,61,12.0,12.0,1.9147739468022396,5.547482672588333
calibration,linear_10h,62,12.0,12.0,1.942204893952204,5.606319652768144
calibration,linear_10h,63,12.0,12.0,1.9726750694599948,5.663120750994044
calibration,linear_10h,64,12.0,12.0,2.0071357939903445,5.7116011158424795
calibration,linear_10h,65,12.0,12.0,2.0514657253629887,5.7977695197531265
calibration,linear_10h,66,12.0,12.0,2.089050039391327,5.840590394227774
calibration,linear_10h,67,12.0,12.0,2.1323926128517634,5.87941319545211
calibration,linear_10h,68,12.0,12.0,2.172800026760391,5.969082451977914
calibration,linear_10h,69,12.0,12.0,2.219436322806412,6.02143561466888
calibration,linear_10h,70,12.0,12.0,2.2674565647670786,6.113801065123159
calibration,linear_10h,71,12.0,12.0,2.317132982654191,6.179357413440378
calibration,linear_10h,72,12.0,12.0,2.365811774797466,6.21468068828801
calibration,linear_10h,73,12.0,12.0,2.4164778323431335,6.254242286393685
calibration,linear_10h,74,12.0,12.0,2.4983129560539385,6.31445065232874
calibration,linear_10h,75,12.0,12.0,2.6068543600177962,6.339130794027947
calibration,linear_10h,76,12.0,12.0,2.7161741354735813,6.389265466786909
calibration,linear_10h,77,12.0,12.0,2.828666529594148,6.432134266116352
calibration,linear_10h,78,12.0,12.0,2.938356899826977,6.509261668681221
calibration,linear_10h,79,12.0,12.0,3.053073833975284,6.5339765937039385
calibration,linear_10h,80,12.0,12.0,3.172395213137036,6.571596075705388
calibration,linear_10h,81,12.0,12.0,3.290966967728237,6.618292571037876
calibration,linear_10h,82,12.0,12.0,3.41183493601922,6.679434066769918
calibration,linear_10h,83,12.0,12.0,3.531802721576538,6.718477140059731
calibration,linear_10h,84,12.0,12.0,3.6554763290319814,6.768341879170836
calibration,linear_10h,85,12.0,12.0,3.7834219661159407,6.833863941910878
calibration,linear_10h,86,12.0,12.0,3.9111559372542626,6.894922851918328
calibration,linear_10h,87,12.0,12.0,4.041380666229322,6.953294666476628
calibration,linear_10h,88,12.0,12.0,4.170382711791243,7.007863306542661
calibration,linear_10h,89,12.0,12.0,4.307794101747375,7.047896136854992
calibration,linear_10h,90,12.0,12.0,4.447887859178512,7.099164311471795
calibration,linear_10h,91,12.0,12.0,4.590073875171852,7.1339951366020005
calibration,linear_10h,92,12.0,12.0,4.729468950182336,7.202394066880324
calibration,linear_10h,93,12.0,12.0,4.866140155365906,7.270699614568676
calibration,linear_10h,94,12.0,12.0,5.004357302798534,7.318196358327311
calibration,linear_10h,95,12.0,12.0,5.140511831259031,7.374717359100225
calibration,linear_10h,96,12.0,12.0,5.271144361208302,7.416260026109489
calibration,linear_10h,97,12.0,12.0,5.395753844112217,7.460048802240582
calibration,linear_10h,98,12.0,12.0,5.515348877889736,7.513815134754864
calibration,linear_10h,99,12.0,12.0,5.630149111439953,7.550290381299751
calibration,linear_10h,100,12.0,12.0,5.739225207465859,7.577182241540648
calibration,linear_10h,20,24.0,1.0,1.7967414648069946,2.965649105975876
calibration,linear_10h,21,24.0,1.0,1.7440427224062471,2.9424147245091126
calibration,linear_10h,22,24.0,1.0,1.7268482877693447,3.0178759606541705
calibration,linear_10h,23,24.0,1.0,1.7246089703513379,3.1628504030779103
calibration,linear_10h,24,24.0,1.0,1.6083962795494067,3.0090254531166094
calibration,linear_10h,25,24.0,1.0,1.5197485356256202,2.976143285134958
calibration,linear_10h,26,24.0,1.0,1.4646277855804746,2.9723900156215954
calibration,linear_10h,27,24.0,1.0,1.4179241078263516,3.061257886491653
calibration,linear_10h,28,24.0,1.0,1.3409473763536628,3.125766665075247
calibration,linear_10h,29,24.0,1.0,1.2864020943273768,3.1832134943907686
calibration,linear_10h,30,24.0,1.0,1.1964579868798841,3.0973671539088254
calibration,linear_10h,31,24.0,1.0,1.1108189177744254,3.0636226188168747
calibration,linear_10h,32,24.0,1.0,1.085162749931623,3.231663052100009
calibration,linear_10h,33,24.0,1.0,1.1570421289411437,3.2370301932803436
calibration,linear_10h,34,24.0,1.0,1.1615244273555314,3.2849596626266075
calibration,linear_10h,35,24.0,1.0,1.205222457539179,3.422931548006636
calibration,linear_10h,36,24.0,1.0,1.2641509052444766,3.465445994248273
calibration,linear_10h,37,24.0,1.0,1.2996565818665484,3.447316528605504
calibration,linear_10h,38,24.0,1.0,1.3270704312568382,3.5459486366126614
calibration,linear_10h,39,24.0,1.0,1.3694569156097902,3.5929578374905846
calibration,linear_10h,40,24.0,1.0,1.4093174117606688,3.6819081822821342
calibration,linear_10h,41,24.0,1.0,1.449886673498857,3.827447467499856
calibration,linear_10h,42,24.0,1.0,1.4583857730144034,3.896321461961816
calibration,linear_10h,43,24.0,1.0,1.4815991066165157,4.007592042734931
calibration,linear_10h,44,24.0,1.0,1.5027159431142634,4.138654302870726
calibration,linear_10h,45,24.0,1.0,1.5320239626640086,4.166930679168646
calibration,linear_10h,46,24.0,1.0,1.55460790527302,4.376854156410537
calibration,linear_10h,47,24.0,1.0,1.5448864917969374,4.491795870826021
calibration,linear_10h,48,24.0,1.0,1.5435617998572404,4.526797163548957
calibration,linear_10h,49,24.0,1.0,1.576010438030262,4.664851620499522
calibration,linear_10h,50,24.0,1.0,1.612723617315659,4.715202643177863
calibration,linear_10h,51,24.0,1.0,1.6442850408028065,4.803742641075348
calibration,linear_10h,52,24.0,1.0,1.6716268585780902,4.8985739707673615
calibration,linear_10h,53,24.0,1.0,1.7004148401599029,4.929158363694053
calibration,linear_10h,54,24.0,1.0,1.7212037061059782,5.002609939467018
calibration,linear_10h,55,24.0,1.0,1.7476372198540924,5.150245491510996
calibration,linear_10h,56,24.0,1.0,1.7745581479711614,5.220884313835317
calibration,linear_10h,57,24.0,1.0,1.7990209034322913,5.305596395303969
calibration,linear_10h,58,24.0,1.0,1.827191541615103,5.370703939749899
calibration,linear_10h,59,24.0,1.0,1.8506297555042073,5.418945129368069
calibration,linear_10h,60,24.0,1.0,1.8825119107747756,5.483833431382923
calibration,linear_10h,61,24.0,1.0,1.9147739468022618,5.547482672588355
calibration,linear_10h,62,24.0,1.0,1.942204893952204,5.606319652768166
calibration,linear_10h,63,24.0,1.0,1.972675069460017,5.663120750994066
calibration,linear_10h,64,24.0,1.0,2.0071357939903223,5.711601115842457
calibration,linear_10h,65,24.0,1.0,2.051465725363011,5.797769519753171
calibration,linear_10h,66,24.0,1.0,2.0890500393913047,5.840590394227774
calibration,linear_10h,67,24.0,1.0,2.1323926128517634,5.879413195452132
calibration,linear_10h,68,24.0,1.0,2.172800026760391,5.969082451977936
calibration,linear_10h,69,24.0,1.0,2.219436322806412,6.02143561466888
calibration,linear_10h,70,24.0,1.0,2.267456564767101,6.113801065123181
calibration,linear_10h,71,24.0,1.0,2.3171329826541687,6.179357413440378
calibration,linear_10h,72,24.0,1.0,2.365811774797444,6.214680688287966
calibration,linear_10h,73,24.0,1.0,2.4164778323431335,6.2542422863937075
calibration,linear_10h,74,24.0,1.0,2.4983129560539163,6.31445065232874
calibration,linear_10h,75,24.0,1.0,2.6068543600178185,6.339130794027925
calibration,linear_10h,76,24.0,1.0,2.716174135473559,6.3892654667868864
calibration,linear_10h,77,24.0,1.0,2.828666529594148,6.432134266116329
calibration,linear_10h,78,24.0,1.0,2.938356899826955,6.509261668681221
calibration,linear_10h,79,24.0,1.0,3.053073833975284,6.533976593703894
calibration,linear_10h,80,24.0,1.0,3.172395213137036,6.571596075705388
calibration,linear_10h,81,24.0,1.0,3.290966967728237,6.618292571037854
calibration,linear_10h,82,24.0,1.0,3.4118349360192424,6.679434066769896
calibration,linear_10h,83,24.0,1.0,3.531802721576538,6.718477140059709
calibration,linear_10h,84,24.0,1.0,3.6554763290319814,6.768341879170836
calibration,linear_10h,85,24.0,1.0,3.7834219661159407,6.833863941910878
calibration,linear_10h,86,24.0,1.0,3.911155937254285,6.894922851918328
calibration,linear_10h,87,24.0,1.0,4.041380666229322,6.953294666476606
calibration,linear_10h,88,24.0,1.0,4.170382711791243,7.007863306542661
calibration,linear_10h,89,24.0,1.0,4.307794101747353,7.047896136855014
calibration,linear_10h,90,24.0,1.0,4.447887859178512,7.099164311471773
calibration,linear_10h,91,24.0,1.0,4.590073875171874,7.133995136601978
calibration,linear_10h,92,24.0,1.0,4.729468950182336,7.202394066880302
calibration,linear_10h,93,24.0,1.0,4.866140155365883,7.270699614568632
calibration,linear_10h,94,24.0,1.0,5.004357302798512,7.318196358327311
calibration,linear_10h,95,24.0,1.0,5.140511831258987,7.374717359100247
calibration,linear_10h,96,24.0,1.0,5.271144361208302,7.416260026109489
calibration,linear_10h,97,24.0,1.0,5.395753844112217,7.46004880224056
calibration,linear_10h,98,24.0,1.0,5.515348877889759,7.513815134754842
calibration,linear_10h,99,24.0,1.0,5.6301491114399305,7.550290381299729
calibration,linear_10h,100,24.0,1.0,5.739225207465837,7.577182241540625
calibration,linear_10h,20,24.0,5.0,1.7967414648070168,2.965649105975876
calibration,linear_10h,21,24.0,5.0,1.7440427224062693,2.9424147245091348
calibration,linear_10h,22,24.0,5.0,1.7268482877693891,3.017875960654215
calibration,linear_10h,23,24.0,5.0,1.72460897035136,3.1628504030779547
calibration,linear_10h,24,24.0,5.0,1.6083962795494067,3.009025453116587
calibration,linear_10h,25,24.0,5.0,1.5197485356256424,2.97614328513498
calibration,linear_10h,26,24.0,5.0,1.4646277855804968,2.9723900156215954
calibration,linear_10h,27,24.0,5.0,1.4179241078263516,3.061257886491653
calibration,linear_10h,28,24.0,5.0,1.3409473763536628,3.1257666650752247
calibration,linear_10h,29,24.0,5.0,1.286402094327399,3.183213494390791
calibration,linear_10h,30,24.0,5.0,1.196457986879862,3.0973671539088254
calibration,linear_10h,31,24.0,5.0,1.1108189177744254,3.063622618816897
calibration,linear_10h,32,24.0,5.0,1.085162749931623,3.231663052100031
calibration,linear_10h,33,24.0,5.0,1.1570421289411437,3.2370301932803436
calibration,linear_10h,34,24.0,5.0,1.1615244273555314,3.284959662626563
calibration,linear_10h,35,24.0,5.0,1.205222457539179,3.422931548006636
calibration,linear_10h,36,24.0,5.0,1.2641509052444544,3.465445994248273
calibration,linear_10h,37,24.0,5.0,1.2996565818665706,3.4473165286055485
calibration,linear_10h,38,24.0,5.0,1.3270704312568604,3.5459486366126836
calibration,linear_10h,39,24.0,5.0,1.369456915609768,3.5929578374905846
calibration,linear_10h,40,24.0,5.0,1.4093174117606688,3.681908182282112
calibration,linear_10h,41,24.0,5.0,1.4498866734988791,3.8274474674999004
calibration,linear_10h,42,24.0,5.0,1.4583857730144256,3.8963214619618602
calibration,linear_10h,43,24.0,5.0,1.4815991066165601,4.007592042734953
calibration,linear_10h,44,24.0,5.0,1.5027159431142856,4.138654302870726
calibration,linear_10h,45,24.0,5.0,1.5320239626639864,4.166930679168668
calibration,linear_10h,46,24.0,5.0,1.55460790527302,4.376854156410515
calibration,linear_10h,47,24.0,5.0,1.5448864917969596,4.491795870826065
calibration,linear_10h,48,24.0,5.0,1.5435617998572404,4.526797163548935
calibration,linear_10h,49,24.0,5.0,1.576010438030262,4.664851620499566
calibration,linear_10h,50,24.0,5.0,1.612723617315659,4.715202643177907
calibration,linear_10h,51,24.0,5.0,1.6442850408028065,4.803742641075348
calibration,linear_10h,52,24.0,5.0,1.6716268585780902,4.8985739707673615
calibration,linear_10h,53,24.0,5.0,1.700414840159925,4.929158363694097
calibration,linear_10h,54,24.0,5.0,1.7212037061060226,5.00260993946704
calibration,linear_10h,55,24.0,5.0,1.7476372198541146,5.150245491511063
calibration,linear_10h,56,24.0,5.0,1.7745581479711614,5.220884313835317
calibration,linear_10h,57,24.0,5.0,1.7990209034322913,5.305596395303991
calibration,linear_10h,58,24.0,5.0,1.8271915416150808,5.370703939749921
calibration,linear_10h,59,24.0,5.0,1.8506297555041629,5.418945129368047
calibration,linear_10h,60,24.0,5.0,1.8825119107747978,5.483833431382967
calibration,linear_10h,61,24.0,5.0,1.9147739468022618,5.547482672588355
calibration,linear_10h,62,24.0,5.0,1.942204893952204,5.606319652768166
calibration,linear_10h,63,24.0,5.0,1.9726750694599948,5.663120750994022
calibration,linear_10h,64,24.0,5.0,2.0071357939903223,5.7116011158424795
calibration,linear_10h,65,24.0,5.0,2.0514657253629887,5.797769519753171
calibration,linear_10h,66,24.0,5.0,2.089050039391327,5.840590394227774
calibration,linear_10h,67,24.0,5.0,2.1323926128517856,5.87941319545211
calibration,linear_10h,68,24.0,5.0,2.172800026760413,5.969082451977936
calibration,linear_10h,69,24.0,5.0,2.219436322806434,6.021435614668902
calibration,linear_10h,70,24.0,5.0,2.267456564767101,6.113801065123181
calibration,linear_10h,71,24.0,5.0,2.317132982654191,6.179357413440378
calibration,linear_10h,72,24.0,5.0,2.365811774797444,6.21468068828801
calibration,linear_10h,73,24.0,5.0,2.4164778323431335,6.2542422863937075
calibration,linear_10h,74,24.0,5.0,2.4983129560539385,6.31445065232874
calibration,linear_10h,75,24.0,5.0,2.6068543600177962,6.339130794027925
calibration,linear_10h,76,24.0,5.0,2.716174135473559,6.389265466786909
calibration,linear_10h,77,24.0,5.0,2.828666529594126,6.432134266116329
calibration,linear_10h,78,24.0,5.0,2.938356899826955,6.509261668681243
calibration,linear_10h,79,24.0,5.0,3.0530738339752617,6.533976593703916
calibration,linear_10h,80,24.0,5.0,3.1723952131369915,6.571596075705433
calibration,linear_10h,81,24.0,5.0,3.290966967728237,6.618292571037854
calibration,linear_10h,82,24.0,5.0,3.41183493601922,6.67943406676994
calibration,linear_10h,83,24.0,5.0,3.5318027215765158,6.718477140059731
calibration,linear_10h,84,24.0,5.0,3.6554763290320036,6.768341879170836
calibration,linear_10h,85,24.0,5.0,3.783421966115963,6.833863941910878
calibration,linear_10h,86,24.0,5.0,3.911155937254285,6.894922851918306
calibration,linear_10h,87,24.0,5.0,4.041380666229344,6.953294666476606
calibration,linear_10h,88,24.0,5.0,4.170382711791243,7.007863306542661
calibration,linear_10h,89,24.0,5.0,4.307794101747375,7.047896136855014
calibration,linear_10h,90,24.0,5.0,4.447887859178512,7.099164311471795
calibration,linear_10h,91,24.0,5.0,4.590073875171852,7.133995136602023
calibration,linear_10h,92,24.0,5.0,4.729468950182336,7.202394066880302
calibration,linear_10h,93,24.0,5.0,4.866140155365928,7.270699614568654
calibration,linear_10h,94,24.0,5.0,5.004357302798534,7.318196358327289
calibration,linear_10h,95,24.0,5.0,5.140511831259031,7.374717359100225
calibration,linear_10h,96,24.0,5.0,5.271144361208324,7.416260026109489
calibration,linear_10h,97,24.0,5.0,5.395753844112239,7.460048802240538
calibration,linear_10h,98,24.0,5.0,5.515348877889759,7.513815134754842
calibration,linear_10h,99,24.0,5.0,5.6301491114399305,7.550290381299751
calibration,linear_10h,100,24.0,5.0,5.739225207465859,7.577182241540625
calibration,linear_10h,20,24.0,12.0,1.7967414648070168,2.9656491059758983
calibration,linear_10h,21,24.0,12.0,1.7440427224062471,2.9424147245091348
calibration,linear_10h,22,24.0,12.0,1.7268482877693447,3.0178759606541483
calibration,linear_10h,23,24.0,12.0,1.7246089703513379,3.1628504030779325
calibration,linear_10h,24,24.0,12.0,1.6083962795493845,3.0090254531166094
calibration,linear_10h,25,24.0,12.0,1.5197485356256424,2.97614328513498
calibration,linear_10h,26,24.0,12.0,1.4646277855804968,2.9723900156215954
calibration,linear_10h,27,24.0,12.0,1.4179241078263294,3.061257886491653
calibration,linear_10h,28,24.0,12.0,1.3409473763536628,3.125766665075247
calibration,linear_10h,29,24.0,12.0,1.2864020943273546,3.1832134943907686
calibration,linear_10h,30,24.0,12.0,1.1964579868798841,3.0973671539088254
calibration,linear_10h,31,24.0,12.0,1.1108189177744254,3.063622618816897
calibration,linear_10h,32,24.0,12.0,1.085162749931623,3.231663052100031
calibration,linear_10h,33,24.0,12.0,1.1570421289411659,3.237030193280366
calibration,linear_10h,34,24.0,12.0,1.1615244273555536,3.2849596626265853
calibration,linear_10h,35,24.0,12.0,1.2052224575392012,3.4229315480066136
calibration,linear_10h,36,24.0,12.0,1.2641509052444544,3.4654459942482507
calibration,linear_10h,37,24.0,12.0,1.2996565818665706,3.4473165286055485
calibration,linear_10h,38,24.0,12.0,1.3270704312568826,3.5459486366126836
calibration,linear_10h,39,24.0,12.0,1.3694569156097902,3.592957837490607
calibration,linear_10h,40,24.0,12.0,1.409317411760691,3.681908182282112
calibration,linear_10h,41,24.0,12.0,1.4498866734988791,3.8274474674998338
calibration,linear_10h,42,24.0,12.0,1.4583857730144478,3.896321461961838
calibration,linear_10h,43,24.0,12.0,1.481599106616538,4.007592042734931
calibration,linear_10h,44,24.0,12.0,1.5027159431142412,4.138654302870726
calibration,linear_10h,45,24.0,12.0,1.5320239626640086,4.166930679168623
calibration,linear_10h,46,24.0,12.0,1.55460790527302,4.376854156410515
calibration,linear_10h,47,24.0,12.0,1.5448864917969374,4.491795870826021
calibration,linear_10h,48,24.0,12.0,1.5435617998572182,4.526797163548912
calibration,linear_10h,49,24.0,12.0,1.5760104380302842,4.664851620499566
calibration,linear_10h,50,24.0,12.0,1.6127236173156811,4.715202643177907
calibration,linear_10h,51,24.0,12.0,1.6442850408028065,4.803742641075304
calibration,linear_10h,52,24.0,12.0,1.6716268585781346,4.898573970767384
calibration,linear_10h,53,24.0,12.0,1.7004148401599029,4.929158363694031
calibration,linear_10h,54,24.0,12.0,1.7212037061060004,5.002609939466995
calibration,linear_10h,55,24.0,12.0,1.7476372198541146,5.1502454915110185
calibration,linear_10h,56,24.0,12.0,1.7745581479711836,5.2208843138352945
calibration,linear_10h,57,24.0,12.0,1.7990209034323135,5.305596395303991
calibration,linear_10h,58,24.0,12.0,1.827191541615103,5.370703939749899
calibration,linear_10h,59,24.0,12.0,1.850629755504185,5.418945129368047
calibration,linear_10h,60,24.0,12.0,1.8825119107747978,5.483833431382967
calibration,linear_10h,61,24.0,12.0,1.914773946802284,5.5474826725883775
calibration,linear_10h,62,24.0,12.0,1.942204893952204,5.606319652768166
calibration,linear_10h,63,24.0,12.0,1.972675069460017,5.663120750994
calibration,linear_10h,64,24.0,12.0,2.0071357939903445,5.7116011158424795
calibration,linear_10h,65,24.0,12.0,2.0514657253629887,5.797769519753171
calibration,linear_10h,66,24.0,12.0,2.089050039391327,5.840590394227774
calibration,linear_10h,67,24.0,12.0,2.1323926128517856,5.87941319545211
calibration,linear_10h,68,24.0,12.0,2.172800026760413,5.969082451977936
calibration,linear_10h,69,24.0,12.0,2.219436322806456,6.021435614668902
calibration,linear_10h,70,24.0,12.0,2.2674565647670786,6.113801065123181
calibration,linear_10h,71,24.0,12.0,2.317132982654191,6.179357413440401
calibration,linear_10h,72,24.0,12.0,2.365811774797444,6.214680688287988
calibration,linear_10h,73,24.0,12.0,2.4164778323431113,6.2542422863937075
calibration,linear_10h,74,24.0,12.0,2.4983129560539385,6.31445065232874
calibration,linear_10h,75,24.0,12.0,2.6068543600177962,6.339130794027903
calibration,linear_10h,76,24.0,12.0,2.716174135473559,6.389265466786931
calibration,linear_10h,77,24.0,12.0,2.8286665295941704,6.432134266116329
calibration,linear_10h,78,24.0,12.0,2.938356899826977,6.509261668681221
calibration,linear_10h,79,24.0,12.0,3.053073833975306,6.533976593703894
calibration,linear_10h,80,24.0,12.0,3.172395213137036,6.57159607570541
calibration,linear_10h,81,24.0,12.0,3.2909669677282594,6.618292571037854
calibration,linear_10h,82,24.0,12.0,3.4118349360192424,6.6794340667699625
calibration,linear_10h,83,24.0,12.0,3.5318027215765158,6.718477140059731
calibration,linear_10h,84,24.0,12.0,3.655476329032026,6.768341879170836
calibration,linear_10h,85,24.0,12.0,3.783421966115963,6.833863941910878
calibration,linear_10h,86,24.0,12.0,3.9111559372542626,6.894922851918328
calibration,linear_10h,87,24.0,12.0,4.041380666229322,6.953294666476628
calibration,linear_10h,88,24.0,12.0,4.170382711791265,7.007863306542639
calibration,linear_10h,89,24.0,12.0,4.307794101747353,7.047896136854992
calibration,linear_10h,90,24.0,12.0,4.447887859178512,7.099164311471795
calibration,linear_10h,91,24.0,12.0,4.590073875171852,7.133995136602023
calibration,linear_10h,92,24.0,12.0,4.729468950182358,7.202394066880324
calibration,linear_10h,93,24.0,12.0,4.866140155365883,7.270699614568676
calibration,linear_10h,94,24.0,12.0,5.004357302798512,7.318196358327311
calibration,linear_10h,95,24.0,12.0,5.140511831259009,7.374717359100247
calibration,linear_10h,96,24.0,12.0,5.271144361208324,7.416260026109489
calibration,linear_10h,97,24.0,12.0,5.395753844112194,7.460048802240582
calibration,linear_10h,98,24.0,12.0,5.515348877889736,7.5138151347548865
calibration,linear_10h,99,24.0,12.0,5.6301491114399305,7.550290381299729
calibration,linear_10h,100,24.0,12.0,5.739225207465837,7.57718224154067
calibration,recommended_10h,20,4.0,1.0,1.8170081241358327,2.9861484825077333
calibration,recommended_10h,21,4.0,1.0,1.7637935085859313,2.9623981414015566
calibration,recommended_10h,22,4.0,1.0,1.7460561603311664,3.0373276026380402
calibration,recommended_10h,23,4.0,1.0,1.7434755406060765,3.181983719829007
calibration,recommended_10h,24,4.0,1.0,1.6273528768845136,3.0282433592040636
calibration,recommended_10h,25,4.0,1.0,1.5388179840053917,2.995486302400563
calibration,recommended_10h,26,4.0,1.0,1.483775127335507,2.9918218864714463
calibration,recommended_10h,27,4.0,1.0,1.4370636826960492,3.080707591056564
calibration,recommended_10h,28,4.0,1.0,1.3601477903524062,3.1453052372434565
calibration,recommended_10h,29,4.0,1.0,1.3056179759464825,3.202789235799197
calibration,recommended_10h,30,4.0,1.0,1.2157949132086898,3.117067311730626
calibration,recommended_10h,31,4.0,1.0,1.1302681879321597,3.083447522434546
calibration,recommended_10h,32,4.0,1.0,1.1047076026512448,3.2516229314281775
calibration,recommended_10h,33,4.0,1.0,1.1786569660717117,3.2571110561420813
calibration,recommended_10h,34,4.0,1.0,1.1836597965456885,3.305396882687206
calibration,recommended_10h,35,4.0,1.0,1.2277401116447262,3.443760380698646
calibration,recommended_10h,36,4.0,1.0,1.286953701660698,3.486770999349842
calibration,recommended_10h,37,4.0,1.0,1.3227608219042342,3.4692147936770112
calibration,recommended_10h,38,4.0,1.0,1.3504319843157697,3.568240664527611
calibration,recommended_10h,39,4.0,1.0,1.3930522004620416,3.6156406032347377
calibration,recommended_10h,40,4.0,1.0,1.4331597400720764,3.704890598395272
calibration,recommended_10h,41,4.0,1.0,1.4739649787795406,3.8506163458043474
calibration,recommended_10h,42,4.0,1.0,1.4827642351232573,3.919702073405107
calibration,recommended_10h,43,4.0,1.0,1.506247823561746,4.031142074590099
calibration,recommended_10h,44,4.0,1.0,1.529818743213296,4.162259989981321
calibration,recommended_10h,45,4.0,1.0,1.5989880823827685,4.190646557805211
calibration,recommended_10h,46,4.0,1.0,1.6807909004512789,4.400644549595256
calibration,recommended_10h,47,4.0,1.0,1.7227261328207621,4.5157823782346895
calibration,recommended_10h,48,4.0,1.0,1.7573500112819884,4.550969343935107
calibration,recommended_10h,49,4.0,1.0,1.8132084825843053,4.689180865589138
calibration,recommended_10h,50,4.0,1.0,1.8531829409479617,4.739693612264073
calibration,recommended_10h,51,4.0,1.0,1.887641022992237,4.828395140635933
calibration,recommended_10h,52,4.0,1.0,1.9175263475952553,4.923479815805809
calibration,recommended_10h,53,4.0,1.0,1.9484140187340016,4.954197841072028
calibration,recommended_10h,54,4.0,1.0,1.9708820540798477,5.027743838868859
calibration,recommended_10h,55,4.0,1.0,1.9985455379369022,5.175460124911013
calibration,recommended_10h,56,4.0,1.0,2.026264102969799,5.2461677926261
calibration,recommended_10h,57,4.0,1.0,2.051074381263196,5.3309675741038065
calibration,recommended_10h,58,4.0,1.0,2.0789828830802826,5.3961390273679966
calibration,recommended_10h,59,4.0,1.0,2.10165434724503,5.444458531110774
calibration,recommended_10h,60,4.0,1.0,2.1322303762518535,5.509368493943612
calibration,recommended_10h,61,4.0,1.0,2.162527644565615,5.573010634095055
calibration,recommended_10h,62,4.0,1.0,2.187423890363549,5.631808924586235
calibration,recommended_10h,63,4.0,1.0,2.214731814226467,5.688533432072873
calibration,recommended_10h,64,4.0,1.0,2.2454467950169033,5.736896301207861
calibration,recommended_10h,65,4.0,1.0,2.285291500140274,5.822901461478058
calibration,recommended_10h,66,4.0,1.0,2.317683952070304,5.865574464094525
calibration,recommended_10h,67,4.0,1.0,2.3551023443537655,5.9042194819064475
calibration,recommended_10h,68,4.0,1.0,2.389231207039977,5.993744827489911
calibration,recommended_10h,69,4.0,1.0,2.4288130846988665,6.045902610041476
calibration,recommended_10h,70,4.0,1.0,2.4689734917435757,6.138067791553925
calibration,recommended_10h,71,4.0,1.0,2.510036513403957,6.203413938250812
calibration,recommended_10h,72,4.0,1.0,2.549281273280357,6.238507415045613
calibration,recommended_10h,73,4.0,1.0,2.59004165267136,6.27784970478289
calibration,recommended_10h,74,4.0,1.0,2.6380183311929706,6.337834917184626
calibration,recommended_10h,75,4.0,1.0,2.7346876531269215,6.362296824771163
calibration,recommended_10h,76,4.0,1.0,2.831308981145142,6.412221353882219
calibration,recommended_10h,77,4.0,1.0,2.9302484736209777,6.454889732948876
calibration,recommended_10h,78,4.0,1.0,3.026144447474488,6.531806005352436
calibration,recommended_10h,79,4.0,1.0,3.125849150231219,6.5563098204287185
calibration,recommended_10h,80,4.0,1.0,3.2293013434431916,6.593725889639068
calibration,recommended_10h,81,4.0,1.0,3.331232278013574,6.640210528250523
calibration,recommended_10h,82,4.0,1.0,3.434544663915373,6.701159935591083
calibration,recommended_10h,83,4.0,1.0,3.5367116106645113,6.740026783950759
calibration,recommended_10h,84,4.0,1.0,3.6412131597014508,6.789701053879638
calibration,recommended_10h,85,4.0,1.0,3.7490767243993917,6.855043398997762
calibration,recommended_10h,86,4.0,1.0,3.8559847732847485,6.915926457404531
calibration,recommended_10h,87,4.0,1.0,3.9645003170796222,6.974123956366274
calibration,recommended_10h,88,4.0,1.0,4.071636613435303,7.0285543178190135
calibration,recommended_10h,89,4.0,1.0,4.185182105750096,7.068462871072945
calibration,recommended_10h,90,4.0,1.0,4.300291355689345,7.1196178784016295
calibration,recommended_10h,91,4.0,1.0,4.416569611329901,7.154354316496669
calibration,recommended_10h,92,4.0,1.0,4.529805445118185,7.222670426812083
calibration,recommended_10h,93,4.0,1.0,4.640390305179598,7.290912620323042
calibration,recommended_10h,94,4.0,1.0,4.751882319820555,7.338340074629124
calibration,recommended_10h,95,4.0,1.0,4.861256831875571,7.394818928783087
calibration,recommended_10h,96,4.0,1.0,4.965273707544404,7.436317890696897
calibration,recommended_10h,97,4.0,1.0,5.064507561855347,7.480064776658302
calibration,recommended_10h,98,4.0,1.0,5.158729540756957,7.533784409756716
calibration,recommended_10h,99,4.0,1.0,5.2489594183436905,7.5701992065017265
calibration,recommended_10h,100,4.0,1.0,5.334267516867186,7.597018672626854
calibration,recommended_10h,20,4.0,5.0,1.8170081241358549,2.9861484825077556
calibration,recommended_10h,21,4.0,5.0,1.7637935085859535,2.9623981414015788
calibration,recommended_10h,22,4.0,5.0,1.7460561603311664,3.0373276026380402
calibration,recommended_10h,23,4.0,5.0,1.7434755406061209,3.181983719829029
calibration,recommended_10h,24,4.0,5.0,1.6273528768845136,3.0282433592040414
calibration,recommended_10h,25,4.0,5.0,1.5388179840053695,2.9954863024005407
calibration,recommended_10h,26,4.0,5.0,1.483775127335485,2.991821886471424
calibration,recommended_10h,27,4.0,5.0,1.437063682696027,3.080707591056542
calibration,recommended_10h,28,4.0,5.0,1.3601477903524062,3.1453052372434565
calibration,recommended_10h,29,4.0,5.0,1.3056179759465047,3.2027892357992194
calibration,recommended_10h,30,4.0,5.0,1.2157949132086676,3.1170673117306036
calibration,recommended_10h,31,4.0,5.0,1.1302681879321819,3.083447522434568
calibration,recommended_10h,32,4.0,5.0,1.1047076026512448,3.2516229314281775
calibration,recommended_10h,33,4.0,5.0,1.1786569660716895,3.2571110561420813
calibration,recommended_10h,34,4.0,5.0,1.1836597965456663,3.3053968826871616
calibration,recommended_10h,35,4.0,5.0,1.227740111644704,3.4437603806986017
calibration,recommended_10h,36,4.0,5.0,1.286953701660698,3.486770999349864
calibration,recommended_10h,37,4.0,5.0,1.3227608219042342,3.469214793676989
calibration,recommended_10h,38,4.0,5.0,1.3504319843157475,3.568240664527589
calibration,recommended_10h,39,4.0,5.0,1.3930522004619972,3.6156406032347377
calibration,recommended_10h,40,4.0,5.0,1.4331597400720542,3.7048905983952496
calibration,recommended_10h,41,4.0,5.0,1.4739649787794962,3.850616345804392
calibration,recommended_10h,42,4.0,5.0,1.4827642351232573,3.9197020734050847
calibration,recommended_10h,43,4.0,5.0,1.5062478235617238,4.031142074590077
calibration,recommended_10h,44,4.0,5.0,1.5298187432132737,4.162259989981321
calibration,recommended_10h,45,4.0,5.0,1.5989880823827907,4.190646557805233
calibration,recommended_10h,46,4.0,5.0,1.6807909004512789,4.400644549595256
calibration,recommended_10h,47,4.0,5.0,1.7227261328207844,4.5157823782346895
calibration,recommended_10h,48,4.0,5.0,1.7573500112819884,4.5509693439351295
calibration,recommended_10h,49,4.0,5.0,1.8132084825843053,4.689180865589115
calibration,recommended_10h,50,4.0,5.0,1.8531829409479617,4.739693612264073
calibration,recommended_10h,51,4.0,5.0,1.887641022992237,4.828395140635933
calibration,recommended_10h,52,4.0,5.0,1.9175263475952553,4.923479815805765
calibration,recommended_10h,53,4.0,5.0,1.9484140187340016,4.95419784107205
calibration,recommended_10h,54,4.0,5.0,1.9708820540798033,5.027743838868837
calibration,recommended_10h,55,4.0,5.0,1.9985455379369244,5.175460124911013
calibration,recommended_10h,56,4.0,5.0,2.026264102969799,5.2461677926261
calibration,recommended_10h,57,4.0,5.0,2.051074381263196,5.3309675741038065
calibration,recommended_10h,58,4.0,5.0,2.0789828830802604,5.3961390273679966
calibration,recommended_10h,59,4.0,5.0,2.10165434724503,5.444458531110796
calibration,recommended_10h,60,4.0,5.0,2.1322303762518313,5.509368493943612
calibration,recommended_10h,61,4.0,5.0,2.1625276445655928,5.573010634095055
calibration,recommended_10h,62,4.0,5.0,2.187423890363549,5.631808924586212
calibration,recommended_10h,63,4.0,5.0,2.214731814226445,5.688533432072873
calibration,recommended_10h,64,4.0,5.0,2.245446795016881,5.736896301207839
calibration,recommended_10h,65,4.0,5.0,2.285291500140252,5.822901461478103
calibration,recommended_10h,66,4.0,5.0,2.317683952070304,5.865574464094547
calibration,recommended_10h,67,4.0,5.0,2.3551023443537655,5.904219481906425
calibration,recommended_10h,68,4.0,5.0,2.389231207039977,5.993744827489889
calibration,recommended_10h,69,4.0,5.0,2.4288130846988443,6.045902610041454
calibration,recommended_10h,70,4.0,5.0,2.4689734917435757,6.138067791553925
calibration,recommended_10h,71,4.0,5.0,2.510036513403957,6.203413938250812
calibration,recommended_10h,72,4.0,5.0,2.549281273280357,6.238507415045635
calibration,recommended_10h,73,4.0,5.0,2.5900416526713377,6.277849704782867
calibration,recommended_10h,74,4.0,5.0,2.6380183311929706,6.337834917184604
calibration,recommended_10h,75,4.0,5.0,2.7346876531269215,6.362296824771185
calibration,recommended_10h,76,4.0,5.0,2.831308981145142,6.4122213538822415
calibration,recommended_10h,77,4.0,5.0,2.9302484736209777,6.454889732948876
calibration,recommended_10h,78,4.0,5.0,3.0261444474745103,6.5318060053524585
calibration,recommended_10h,79,4.0,5.0,3.125849150231219,6.556309820428741
calibration,recommended_10h,80,4.0,5.0,3.2293013434431694,6.593725889639046
calibration,recommended_10h,81,4.0,5.0,3.3312322780135517,6.640210528250501
calibration,recommended_10h,82,4.0,5.0,3.4336415166006384,6.701159935591083
calibration,recommended_10h,83,4.0,5.0,3.5330460543071984,6.740026783950737
calibration,recommended_10h,84,4.0,5.0,3.631720073931577,6.789701053879615
calibration,recommended_10h,85,4.0,5.0,3.729806412278358,6.855043398997784
calibration,recommended_10h,86,4.0,5.0,3.8225854222711853,6.915926457404553
calibration,recommended_10h,87,4.0,5.0,3.9118400939572195,6.974123956366252
calibration,recommended_10h,88,4.0,5.0,3.9949951203092304,7.0285543178190135
calibration,recommended_10h,89,4.0,5.0,4.076951839603593,7.0684628710729225
calibration,recommended_10h,90,4.0,5.0,4.152333366840044,7.119617878401652
calibration,recommended_10h,91,4.0,5.0,4.221626712519555,7.154354316496669
calibration,recommended_10h,92,4.0,5.0,4.283512817560831,7.222670426812083
calibration,recommended_10h,93,4.0,5.0,4.339601602778376,7.290912620323042
calibration,recommended_10h,94,4.0,5.0,4.3925981276355275,7.338340074629124
calibration,recommended_10h,95,4.0,5.0,4.441132151193039,7.394818928783065
calibration,recommended_10h,96,4.0,5.0,4.482382728546863,7.436317890696897
calibration,recommended_10h,97,4.0,5.0,4.520028460863834,7.480064776658302
calibration,recommended_10h,98,4.0,5.0,4.551628711199784,7.533784409756716
calibration,recommended_10h,99,4.0,5.0,4.5805327847203925,7.57019920650166
calibration,recommended_10h,100,4.0,5.0,4.605896174944513,7.597018672626854
calibration,recommended_10h,20,4.0,12.0,1.771040302205229,2.9396528230694496
calibration,recommended_10h,21,4.0,12.0,1.7186321905353186,2.9167048997347678
calibration,recommended_10h,22,4.0,12.0,1.701784454078048,2.9924940388334376
calibration,recommended_10h,23,4.0,12.0,1.6995341471947478,3.137421057550105
calibration,recommended_10h,24,4.0,12.0,1.5826148576827626,2.9828886451507497
calibration,recommended_10h,25,4.0,12.0,1.4932555143349235,2.9492701969344948
calibration,recommended_10h,26,4.0,12.0,1.4374982085017196,2.9448572935993456
calibration,recommended_10h,27,4.0,12.0,1.3903459265653062,3.0332328398740227
calibration,recommended_10h,28,4.0,12.0,1.3128022900009917,3.0971258867608764
calibration,recommended_10h,29,4.0,12.0,1.2577604046907442,3.154035425908641
calibration,recommended_10h,30,4.0,12.0,1.1670979310048457,3.0674555886186727
calibration,recommended_10h,31,4.0,12.0,1.0807061283577113,3.032928246071598
calibration,recommended_10h,32,4.0,12.0,1.054221131612465,3.200064401717384
calibration,recommended_10h,33,4.0,12.0,1.115403401269921,3.204499092868218
calibration,recommended_10h,34,4.0,12.0,1.117828314968028,3.2509060891481534
calibration,recommended_10h,35,4.0,12.0,1.1596816808264965,3.387138915495047
calibration,recommended_10h,36,4.0,12.0,1.2169185376009084,3.4276563922998493
calibration,recommended_10h,37,4.0,12.0,1.2506569322330074,3.407305006374872
calibration,recommended_10h,38,4.0,12.0,1.27640637326627,3.5040658057965413
calibration,recommended_10h,39,4.0,12.0,1.317131039789654,3.5492203402505362
calibration,recommended_10h,40,4.0,12.0,1.3552120723756333,3.6364518830222847
calibration,recommended_10h,41,4.0,12.0,1.3939654971713233,3.78049290243343
calibration,recommended_10h,42,4.0,12.0,1.4004466319286202,3.8478160824822805
calibration,recommended_10h,43,4.0,12.0,1.4216097421142493,3.957593352346156
calibration,recommended_10h,44,4.0,12.0,1.4406061006138948,4.087413468020729
calibration,recommended_10h,45,4.0,12.0,1.4678417182210524,4.114267680933481
calibration,recommended_10h,46,4.0,12.0,1.4883395522388154,4.32283321812299
calibration,recommended_10h,47,4.0,12.0,1.4760924068767833,4.435948617150509
calibration,recommended_10h,48,4.0,12.0,1.4722775557266754,4.469092331356661
calibration,recommended_10h,49,4.0,12.0,1.464242123337267,4.605291869090888
calibration,recommended_10h,50,4.0,12.0,1.4652000063721582,4.65366488777561
calibration,recommended_10h,51,4.0,12.0,1.4644704726524571,4.74013123808108
calibration,recommended_10h,52,4.0,12.0,1.4600566257702674,4.83247915247893
calibration,recommended_10h,53,4.0,12.0,1.451863492687111,4.860990415896249
calibration,recommended_10h,54,4.0,12.0,1.4410225810790767,4.932518034499056
calibration,recommended_10h,55,4.0,12.0,1.438932849800345,5.078247874224773
calibration,recommended_10h,56,4.0,12.0,1.441042966936612,5.146978972735616
calibration,recommended_10h,57,4.0,12.0,1.436486124354186,5.229587413414083
calibration,recommended_10h,58,4.0,12.0,1.4300823517713335,5.29251430563713
calibration,recommended_10h,59,4.0,12.0,1.4195293891271499,5.338393049797063
calibration,recommended_10h,60,4.0,12.0,1.4112413843713423,5.4011144775388376
calibration,recommended_10h,61,4.0,12.0,1.407175886047729,5.462679542382554
calibration,recommended_10h,62,4.0,12.0,1.4003089385148604,5.519666878268015
calibration,recommended_10h,63,4.0,12.0,1.3946326214252291,5.5748073282432475
calibration,recommended_10h,64,4.0,12.0,1.3873996815804146,5.62180976040394
calibration,recommended_10h,65,4.0,12.0,1.3816820941961128,5.706663174523552
calibration,recommended_10h,66,4.0,12.0,1.3764626536935998,5.747964101545766
calibration,recommended_10h,67,4.0,12.0,1.3741063608307291,5.785471862554603
calibration,recommended_10h,68,4.0,12.0,1.3801417648043657,5.873831821526521
calibration,recommended_10h,69,4.0,12.0,1.4140641468349369,5.952668441081421
calibration,recommended_10h,70,4.0,12.0,1.4561637776879577,6.068652745725789
calibration,recommended_10h,71,4.0,12.0,1.4989659815134448,6.182119518856899
calibration,recommended_10h,72,4.0,12.0,1.545136307186512,6.2985692769065516
calibration,recommended_10h,73,4.0,12.0,1.5839526265220893,6.406264715741217
calibration,recommended_10h,74,4.0,12.0,1.630070198708422,6.5231470804011815
calibration,recommended_10h,75,4.0,12.0,1.6760713513674474,6.637791036311991
calibration,recommended_10h,76,4.0,12.0,1.7275103708793704,6.756028965754379
calibration,recommended_10h,77,4.0,12.0,1.7779220502777804,6.871238665306989
calibration,recommended_10h,78,4.0,12.0,1.8278912000887493,6.985459831099994
calibration,recommended_10h,79,4.0,12.0,1.8824031369999439,7.106560723690558
calibration,recommended_10h,80,4.0,12.0,1.930403566672445,7.227052937341827
calibration,recommended_10h,81,4.0,12.0,1.9779597842872754,7.349845525753218
calibration,recommended_10h,82,4.0,12.0,2.0303814119388086,7.473816658852472
calibration,recommended_10h,83,4.0,12.0,2.082643400320028,7.592379609186595
calibration,recommended_10h,84,4.0,12.0,2.1368349646283535,7.718349797215618
calibration,recommended_10h,85,4.0,12.0,2.1901369002279347,7.843527329767719
calibration,recommended_10h,86,4.0,12.0,2.2449918241266076,7.968145702488161
calibration,recommended_10h,87,4.0,12.0,2.299229469693853,8.094660303987645
calibration,recommended_10h,88,4.0,12.0,2.3531083006396614,8.21698812061542
calibration,recommended_10h,89,4.0,12.0,2.412238522974519,8.341766217289791
calibration,recommended_10h,90,4.0,12.0,2.472300214756018,8.469901251678124
calibration,recommended_10h,91,4.0,12.0,2.5368611025981647,8.596773215635656
calibration,recommended_10h,92,4.0,12.0,2.598356445814054,8.723392121599982
calibration,recommended_10h,93,4.0,12.0,2.661527512737649,8.848226949697224
calibration,recommended_10h,94,4.0,12.0,2.722602866652002,8.973772928977652
calibration,recommended_10h,95,4.0,12.0,2.788765918665126,9.093237684846223
calibration,recommended_10h,96,4.0,12.0,2.853887794807397,9.211305238028867
calibration,recommended_10h,97,4.0,12.0,2.914958477872398,9.314925513172945
calibration,recommended_10h,98,4.0,12.0,2.9775496745706453,9.416944948077234
calibration,recommended_10h,99,4.0,12.0,3.041867496004058,9.51211112803394
calibration,recommended_10h,100,4.0,12.0,3.1027401655650433,9.598720951148088
calibration,recommended_10h,20,8.0,1.0,1.8170081241358327,2.9861484825077333
calibration,recommended_10h,21,8.0,1.0,1.7637935085859757,2.962398141401601
calibration,recommended_10h,22,8.0,1.0,1.7460561603311886,3.0373276026380847
calibration,recommended_10h,23,8.0,1.0,1.7434755406060987,3.181983719829007
calibration,recommended_10h,24,8.0,1.0,1.6273528768845136,3.0282433592040636
calibration,recommended_10h,25,8.0,1.0,1.5388179840053917,2.995486302400563
calibration,recommended_10h,26,8.0,1.0,1.483775127335485,2.9918218864714463
calibration,recommended_10h,27,8.0,1.0,1.4370636826960492,3.080707591056586
calibration,recommended_10h,28,8.0,1.0,1.3601477903524062,3.1453052372434565
calibration,recommended_10h,29,8.0,1.0,1.3056179759465492,3.2027892357992416
calibration,recommended_10h,30,8.0,1.0,1.2157949132086898,3.117067311730648
calibration,recommended_10h,31,8.0,1.0,1.1302681879321597,3.083447522434568
calibration,recommended_10h,32,8.0,1.0,1.1047076026512448,3.2516229314281997
calibration,recommended_10h,33,8.0,1.0,1.1786569660716895,3.2571110561420813
calibration,recommended_10h,34,8.0,1.0,1.1836597965456663,3.305396882687184
calibration,recommended_10h,35,8.0,1.0,1.227740111644704,3.4437603806986017
calibration,recommended_10h,36,8.0,1.0,1.2869537016606758,3.4867709993498863
calibration,recommended_10h,37,8.0,1.0,1.3227608219042342,3.4692147936770334
calibration,recommended_10h,38,8.0,1.0,1.3504319843157697,3.568240664527611
calibration,recommended_10h,39,8.0,1.0,1.3930522004619972,3.6156406032347377
calibration,recommended_10h,40,8.0,1.0,1.4331597400720764,3.704890598395272
calibration,recommended_10h,41,8.0,1.0,1.4739649787795184,3.8506163458043696
calibration,recommended_10h,42,8.0,1.0,1.4827642351232573,3.919702073405129
calibration,recommended_10h,43,8.0,1.0,1.5062478235617238,4.031142074590099
calibration,recommended_10h,44,8.0,1.0,1.529818743213296,4.162259989981321
calibration,recommended_10h,45,8.0,1.0,1.5989880823827907,4.190646557805211
calibration,recommended_10h,46,8.0,1.0,1.6807909004512789,4.400644549595234
calibration,recommended_10h,47,8.0,1.0,1.72272613282074,4.515782378234623
calibration,recommended_10h,48,8.0,1.0,1.7573500112819884,4.550969343935085
calibration,recommended_10h,49,8.0,1.0,1.8132084825843275,4.689180865589138
calibration,recommended_10h,50,8.0,1.0,1.8531829409479839,4.739693612264051
calibration,recommended_10h,51,8.0,1.0,1.887641022992237,4.828395140635888
calibration,recommended_10h,52,8.0,1.0,1.9175263475952775,4.923479815805809
calibration,recommended_10h,53,8.0,1.0,1.9484140187340238,4.954197841072028
calibration,recommended_10h,54,8.0,1.0,1.9708820540798255,5.0277438388688145
calibration,recommended_10h,55,8.0,1.0,1.9985455379369466,5.175460124911013
calibration,recommended_10h,56,8.0,1.0,2.026264102969799,5.2461677926261
calibration,recommended_10h,57,8.0,1.0,2.0510743812631738,5.3309675741038065
calibration,recommended_10h,58,8.0,1.0,2.0789828830802826,5.396139027367974
calibration,recommended_10h,59,8.0,1.0,2.101654347245052,5.444458531110752
calibration,recommended_10h,60,8.0,1.0,2.1322303762518535,5.509368493943567
calibration,recommended_10h,61,8.0,1.0,2.162527644565637,5.573010634095055
calibration,recommended_10h,62,8.0,1.0,2.187423890363571,5.631808924586235
calibration,recommended_10h,63,8.0,1.0,2.2147318142264893,5.688533432072851
calibration,recommended_10h,64,8.0,1.0,2.2454467950169255,5.736896301207861
calibration,recommended_10h,65,8.0,1.0,2.285291500140274,5.822901461478058
calibration,recommended_10h,66,8.0,1.0,2.317683952070282,5.865574464094503
calibration,recommended_10h,67,8.0,1.0,2.3551023443537877,5.9042194819064475
calibration,recommended_10h,68,8.0,1.0,2.389231207039977,5.993744827489889
calibration,recommended_10h,69,8.0,1.0,2.4288130846988443,6.0459026100414315
calibration,recommended_10h,70,8.0,1.0,2.4689734917435757,6.138067791553903
calibration,recommended_10h,71,8.0,1.0,2.510036513403957,6.203413938250812
calibration,recommended_10h,72,8.0,1.0,2.549281273280357,6.238507415045613
calibration,recommended_10h,73,8.0,1.0,2.59004165267136,6.277849704782845
calibration,recommended_10h,74,8.0,1.0,2.638018331192993,6.337834917184582
calibration,recommended_10h,75,8.0,1.0,2.7346876531269437,6.362296824771163
calibration,recommended_10h,76,8.0,1.0,2.8313089811451864,6.4122213538822415
calibration,recommended_10h,77,8.0,1.0,2.930248473621,6.454889732948854
calibration,recommended_10h,78,8.0,1.0,3.0261444474745325,6.5318060053524585
calibration,recommended_10h,79,8.0,1.0,3.1258491502312635,6.556309820428696
calibration,recommended_10h,80,8.0,1.0,3.229301343443214,6.593725889639024
calibration,recommended_10h,81,8.0,1.0,3.331232278013596,6.640210528250501
calibration,recommended_10h,82,8.0,1.0,3.4345446639153954,6.701159935591061
calibration,recommended_10h,83,8.0,1.0,3.5367116106645335,6.740026783950714
calibration,recommended_10h,84,8.0,1.0,3.641213159701495,6.78970105387966
calibration,recommended_10h,85,8.0,1.0,3.749076724399436,6.85504339899774
calibration,recommended_10h,86,8.0,1.0,3.8559847732847485,6.915926457404531
calibration,recommended_10h,87,8.0,1.0,3.9645003170796445,6.974123956366252
calibration,recommended_10h,88,8.0,1.0,4.071636613435348,7.028554317818969
calibration,recommended_10h,89,8.0,1.0,4.185182105750096,7.0684628710729
calibration,recommended_10h,90,8.0,1.0,4.300291355689345,7.119617878401607
calibration,recommended_10h,91,8.0,1.0,4.416569611329946,7.154354316496647
calibration,recommended_10h,92,8.0,1.0,4.529805445118207,7.222670426812061
calibration,recommended_10h,93,8.0,1.0,4.64039030517962,7.2909126203230645
calibration,recommended_10h,94,8.0,1.0,4.751882319820577,7.338340074629124
calibration,recommended_10h,95,8.0,1.0,4.861256831875593,7.394818928783042
calibration,recommended_10h,96,8.0,1.0,4.965273707544426,7.436317890696853
calibration,recommended_10h,97,8.0,1.0,5.064507561855369,7.480064776658302
calibration,recommended_10h,98,8.0,1.0,5.158729540756979,7.533784409756716
calibration,recommended_10h,99,8.0,1.0,5.248959418343713,7.570199206501682
calibration,recommended_10h,100,8.0,1.0,5.334267516867186,7.597018672626832
calibration,recommended_10h,20,8.0,5.0,1.8170081241358327,2.9861484825077333
calibration,recommended_10h,21,8.0,5.0,1.7637935085859313,2.9623981414015566
calibration,recommended_10h,22,8.0,5.0,1.7460561603311442,3.0373276026380402
calibration,recommended_10h,23,8.0,5.0,1.7434755406060765,3.1819837198289846
calibration,recommended_10h,24,8.0,5.0,1.6273528768845136,3.0282433592040636
calibration,recommended_10h,25,8.0,5.0,1.538817984005414,2.995486302400563
calibration,recommended_10h,26,8.0,5.0,1.483775127335485,2.991821886471424
calibration,recommended_10h,27,8.0,5.0,1.437063682696027,3.080707591056542
calibration,recommended_10h,28,8.0,5.0,1.3601477903524284,3.1453052372434787
calibration,recommended_10h,29,8.0,5.0,1.3056179759465047,3.2027892357992194
calibration,recommended_10h,30,8.0,5.0,1.2157949132086898,3.117067311730626
calibration,recommended_10h,31,8.0,5.0,1.1302681879321597,3.083447522434546
calibration,recommended_10h,32,8.0,5.0,1.1047076026512004,3.2516229314281553
calibration,recommended_10h,33,8.0,5.0,1.1786569660716895,3.2571110561420813
calibration,recommended_10h,34,8.0,5.0,1.1836597965456885,3.305396882687184
calibration,recommended_10h,35,8.0,5.0,1.227740111644704,3.4437603806986017
calibration,recommended_10h,36,8.0,5.0,1.286953701660698,3.486770999349864
calibration,recommended_10h,37,8.0,5.0,1.322760821904212,3.469214793676989
calibration,recommended_10h,38,8.0,5.0,1.3504319843157697,3.568240664527611
calibration,recommended_10h,39,8.0,5.0,1.3930522004619972,3.6156406032347377
calibration,recommended_10h,40,8.0,5.0,1.4331597400720764,3.7048905983952496
calibration,recommended_10h,41,8.0,5.0,1.4739649787795184,3.8506163458043474
calibration,recommended_10h,42,8.0,5.0,1.4827642351232573,3.919702073405107
calibration,recommended_10h,43,8.0,5.0,1.506247823561746,4.031142074590077
calibration,recommended_10h,44,8.0,5.0,1.529818743213296,4.162259989981321
calibration,recommended_10h,45,8.0,5.0,1.5989880823827907,4.190646557805211
calibration,recommended_10h,46,8.0,5.0,1.6807909004512567,4.400644549595212
calibration,recommended_10h,47,8.0,5.0,1.72272613282074,4.515782378234645
calibration,recommended_10h,48,8.0,5.0,1.7573500112819662,4.550969343935085
calibration,recommended_10h,49,8.0,5.0,1.8132084825843053,4.689180865589115
calibration,recommended_10h,50,8.0,5.0,1.8531829409479617,4.739693612264051
calibration,recommended_10h,51,8.0,5.0,1.887641022992259,4.828395140635888
calibration,recommended_10h,52,8.0,5.0,1.9175263475952775,4.923479815805787
calibration,recommended_10h,53,8.0,5.0,1.9484140187340238,4.954197841072028
calibration,recommended_10h,54,8.0,5.0,1.9708820540798255,5.027743838868837
calibration,recommended_10h,55,8.0,5.0,1.9985455379369244,5.175460124910991
calibration,recommended_10h,56,8.0,5.0,2.026264102969799,5.2461677926260775
calibration,recommended_10h,57,8.0,5.0,2.051074381263196,5.3309675741038065
calibration,recommended_10h,58,8.0,5.0,2.0789828830802826,5.396139027367974
calibration,recommended_10h,59,8.0,5.0,2.1016543472450078,5.444458531110752
calibration,recommended_10h,60,8.0,5.0,2.1322303762518535,5.509368493943589
calibration,recommended_10h,61,8.0,5.0,2.162527644565615,5.573010634095055
calibration,recommended_10h,62,8.0,5.0,2.187423890363571,5.631808924586235
calibration,recommended_10h,63,8.0,5.0,2.214731814226467,5.688533432072895
calibration,recommended_10h,64,8.0,5.0,2.2454467950169033,5.736896301207839
calibration,recommended_10h,65,8.0,5.0,2.285291500140252,5.8229014614780805
calibration,recommended_10h,66,8.0,5.0,2.317683952070282,5.865574464094525
calibration,recommended_10h,67,8.0,5.0,2.3551023443537877,5.904219481906425
calibration,recommended_10h,68,8.0,5.0,2.389231207039999,5.993744827489911
calibration,recommended_10h,69,8.0,5.0,2.4288130846988665,6.045902610041454
calibration,recommended_10h,70,8.0,5.0,2.4689734917435757,6.138067791553925
calibration,recommended_10h,71,8.0,5.0,2.510036513403957,6.20341393825079
calibration,recommended_10h,72,8.0,5.0,2.549281273280357,6.238507415045613
calibration,recommended_10h,73,8.0,5.0,2.5900416526713377,6.277849704782823
calibration,recommended_10h,74,8.0,5.0,2.638018331192993,6.337834917184582
calibration,recommended_10h,75,8.0,5.0,2.7346876531269437,6.362296824771141
calibration,recommended_10h,76,8.0,5.0,2.831308981145164,6.412221353882197
calibration,recommended_10h,77,8.0,5.0,2.9302484736209777,6.454889732948854
calibration,recommended_10h,78,8.0,5.0,3.0261444474745547,6.531806005352414
calibration,recommended_10h,79,8.0,5.0,3.1258491502312635,6.556309820428674
calibration,recommended_10h,80,8.0,5.0,3.2293013434431916,6.593725889639002
calibration,recommended_10h,81,8.0,5.0,3.3312322780136183,6.640210528250479
calibration,recommended_10h,82,8.0,5.0,3.4345446639153954,6.701159935591039
calibration,recommended_10h,83,8.0,5.0,3.5367116106645335,6.740026783950692
calibration,recommended_10h,84,8.0,5.0,3.641213159701473,6.789701053879615
calibration,recommended_10h,85,8.0,5.0,3.7490767243993917,6.855043398997718
calibration,recommended_10h,86,8.0,5.0,3.8559847732847707,6.9159264574044865
calibration,recommended_10h,87,8.0,5.0,3.9645003170796445,6.974123956366229
calibration,recommended_10h,88,8.0,5.0,4.0716366134353255,7.028554317818991
calibration,recommended_10h,89,8.0,5.0,4.185182105750118,7.068462871072856
calibration,recommended_10h,90,8.0,5.0,4.30029135568939,7.119617878401607
calibration,recommended_10h,91,8.0,5.0,4.416569611329901,7.154354316496625
calibration,recommended_10h,92,8.0,5.0,4.529805445118162,7.222670426812061
calibration,recommended_10h,93,8.0,5.0,4.640390305179598,7.290912620323042
calibration,recommended_10h,94,8.0,5.0,4.751882319820577,7.338340074629102
calibration,recommended_10h,95,8.0,5.0,4.861256831875593,7.39481892878302
calibration,recommended_10h,96,8.0,5.0,4.965273707544404,7.436317890696853
calibration,recommended_10h,97,8.0,5.0,5.064507561855325,7.4800647766582795
calibration,recommended_10h,98,8.0,5.0,5.158729540756979,7.533784409756672
calibration,recommended_10h,99,8.0,5.0,5.248959418343713,7.570199206501638
calibration,recommended_10h,100,8.0,5.0,5.334267516867208,7.597018672626787
calibration,recommended_10h,20,8.0,12.0,1.771040302205229,2.9396528230694496
calibration,recommended_10h,21,8.0,12.0,1.7186321905353186,2.9167048997347678
calibration,recommended_10h,22,8.0,12.0,1.701784454078048,2.9924940388334376
calibration,recommended_10h,23,8.0,12.0,1.6995341471947478,3.137421057550105
calibration,recommended_10h,24,8.0,12.0,1.5826148576827626,2.9828886451507497
calibration,recommended_10h,25,8.0,12.0,1.4932555143349235,2.9492701969344948
calibration,recommended_10h,26,8.0,12.0,1.4374982085017196,2.9448572935993456
calibration,recommended_10h,27,8.0,12.0,1.3903459265653062,3.0332328398740227
calibration,recommended_10h,28,8.0,12.0,1.3128022900009917,3.0971258867608764
calibration,recommended_10h,29,8.0,12.0,1.2577604046907442,3.154035425908641
calibration,recommended_10h,30,8.0,12.0,1.1670979310048457,3.0674555886186727
calibration,recommended_10h,31,8.0,12.0,1.0807061283577113,3.032928246071598
calibration,recommended_10h,32,8.0,12.0,1.054221131612465,3.200064401717384
calibration,recommended_10h,33,8.0,12.0,1.115403401269921,3.204499092868218
calibration,recommended_10h,34,8.0,12.0,1.117828314968028,3.2509060891481534
calibration,recommended_10h,35,8.0,12.0,1.1596816808264965,3.387138915495047
calibration,recommended_10h,36,8.0,12.0,1.2169185376009084,3.4276563922998493
calibration,recommended_10h,37,8.0,12.0,1.2506569322330074,3.407305006374872
calibration,recommended_10h,38,8.0,12.0,1.27640637326627,3.5040658057965413
calibration,recommended_10h,39,8.0,12.0,1.317131039789654,3.5492203402505362
calibration,recommended_10h,40,8.0,12.0,1.3552120723756333,3.6364518830222847
calibration,recommended_10h,41,8.0,12.0,1.3939654971713233,3.78049290243343
calibration,recommended_10h,42,8.0,12.0,1.4004466319286202,3.8478160824822805
calibration,recommended_10h,43,8.0,12.0,1.4216097421142493,3.957593352346156
calibration,recommended_10h,44,8.0,12.0,1.4406061006138948,4.087413468020729
calibration,recommended_10h,45,8.0,12.0,1.4678417182210524,4.114267680933481
calibration,recommended_10h,46,8.0,12.0,1.4883395522388154,4.32283321812299
calibration,recommended_10h,47,8.0,12.0,1.4760924068767833,4.435948617150509
calibration,recommended_10h,48,8.0,12.0,1.4722775557266754,4.469092331356661
calibration,recommended_10h,49,8.0,12.0,1.464242123337267,4.605291869090888
calibration,recommended_10h,50,8.0,12.0,1.4652000063721582,4.65366488777561
calibration,recommended_10h,51,8.0,12.0,1.4644704726524571,4.74013123808108
calibration,recommended_10h,52,8.0,12.0,1.4600566257702674,4.83247915247893
calibration,recommended_10h,53,8.0,12.0,1.451863492687111,4.860990415896249
calibration,recommended_10h,54,8.0,12.0,1.4410225810790767,4.932518034499056
calibration,recommended_10h,55,8.0,12.0,1.438932849800345,5.078247874224773
calibration,recommended_10h,56,8.0,12.0,1.441042966936612,5.146978972735616
calibration,recommended_10h,57,8.0,12.0,1.436486124354186,5.229587413414083
calibration,recommended_10h,58,8.0,12.0,1.4300823517713335,5.29251430563713
calibration,recommended_10h,59,8.0,12.0,1.4195293891271499,5.338393049797063
calibration,recommended_10h,60,8.0,12.0,1.4112413843713423,5.4011144775388376
calibration,recommended_10h,61,8.0,12.0,1.407175886047729,5.462679542382554
calibration,recommended_10h,62,8.0,12.0,1.4003089385148604,5.519666878268015
calibration,recommended_10h,63,8.0,12.0,1.3946326214252291,5.5748073282432475
calibration,recommended_10h,64,8.0,12.0,1.3873996815804146,5.62180976040394
calibration,recommended_10h,65,8.0,12.0,1.3816820941961128,5.706663174523552
calibration,recommended_10h,66,8.0,12.0,1.3764626536935998,5.747964101545766
calibration,recommended_10h,67,8.0,12.0,1.3741063608307291,5.785471862554603
calibration,recommended_10h,68,8.0,12.0,1.3801417648043657,5.873831821526521
calibration,recommended_10h,69,8.0,12.0,1.4140641468349369,5.952668441081421
calibration,recommended_10h,70,8.0,12.0,1.4561637776879577,6.068652745725789
calibration,recommended_10h,71,8.0,12.0,1.4989659815134448,6.182119518856899
calibration,recommended_10h,72,8.0,12.0,1.545136307186512,6.2985692769065516
calibration,recommended_10h,73,8.0,12.0,1.5839526265220893,6.406264715741217
calibration,recommended_10h,74,8.0,12.0,1.630070198708422,6.5231470804011815
calibration,recommended_10h,75,8.0,12.0,1.6760713513674474,6.637791036311991
calibration,recommended_10h,76,8.0,12.0,1.7275103708793704,6.756028965754379
calibration,recommended_10h,77,8.0,12.0,1.7779220502777804,6.871238665306989
calibration,recommended_10h,78,8.0,12.0,1.8278912000887493,6.985459831099994
calibration,recommended_10h,79,8.0,12.0,1.8824031369999439,7.106560723690558
calibration,recommended_10h,80,8.0,12.0,1.930403566672445,7.227052937341827
calibration,recommended_10h,81,8.0,12.0,1.9779597842872754,7.349845525753218
calibration,recommended_10h,82,8.0,12.0,2.0303814119388086,7.473816658852472
calibration,recommended_10h,83,8.0,12.0,2.082643400320028,7.592379609186595
calibration,recommended_10h,84,8.0,12.0,2.1368349646283535,7.718349797215618
calibration,recommended_10h,85,8.0,12.0,2.1901369002279347,7.843527329767719
calibration,recommended_10h,86,8.0,12.0,2.2449918241266076,7.968145702488161
calibration,recommended_10h,87,8.0,12.0,2.299229469693853,8.094660303987645
calibration,recommended_10h,88,8.0,12.0,2.3531083006396614,8.21698812061542
calibration,recommended_10h,89,8.0,12.0,2.412238522974519,8.341766217289791
calibration,recommended_10h,90,8.0,12.0,2.472300214756018,8.469901251678124
calibration,recommended_10h,91,8.0,12.0,2.5368611025981647,8.596773215635656
calibration,recommended_10h,92,8.0,12.0,2.598356445814054,8.723392121599982
calibration,recommended_10h,93,8.0,12.0,2.661527512737649,8.848226949697224
calibration,recommended_10h,94,8.0,12.0,2.722602866652002,8.973772928977652
calibration,recommended_10h,95,8.0,12.0,2.788765918665126,9.093237684846223
calibration,recommended_10h,96,8.0,12.0,2.853887794807397,9.211305238028867
calibration,recommended_10h,97,8.0,12.0,2.914958477872398,9.314925513172945
calibration,recommended_10h,98,8.0,12.0,2.9775496745706453,9.416944948077234
calibration,recommended_10h,99,8.0,12.0,3.041867496004058,9.51211112803394
calibration,recommended_10h,100,8.0,12.0,3.1027401655650433,9.598720951148088
calibration,recommended_10h,20,10.0,1.0,1.8170081241358327,2.9861484825077556
calibration,recommended_10h,21,10.0,1.0,1.7637935085859535,2.962398141401601
calibration,recommended_10h,22,10.0,1.0,1.7460561603311886,3.0373276026380625
calibration,recommended_10h,23,10.0,1.0,1.7434755406061209,3.181983719829029
calibration,recommended_10h,24,10.0,1.0,1.6273528768845136,3.0282433592040414
calibration,recommended_10h,25,10.0,1.0,1.538817984005414,2.995486302400563
calibration,recommended_10h,26,10.0,1.0,1.483775127335507,2.9918218864714463
calibration,recommended_10h,27,10.0,1.0,1.437063682696027,3.080707591056564
calibration,recommended_10h,28,10.0,1.0,1.3601477903524062,3.1453052372434565
calibration,recommended_10h,29,10.0,1.0,1.3056179759465047,3.2027892357992194
calibration,recommended_10h,30,10.0,1.0,1.215794913208712,3.11706731173067
calibration,recommended_10h,31,10.0,1.0,1.1302681879321819,3.0834475224345903
calibration,recommended_10h,32,10.0,1.0,1.1047076026512448,3.2516229314281997
calibration,recommended_10h,33,10.0,1.0,1.1786569660716895,3.2571110561421035
calibration,recommended_10h,34,10.0,1.0,1.1836597965456885,3.305396882687206
calibration,recommended_10h,35,10.0,1.0,1.2277401116446818,3.4437603806986017
calibration,recommended_10h,36,10.0,1.0,1.2869537016606758,3.4867709993498863
calibration,recommended_10h,37,10.0,1.0,1.3227608219041898,3.4692147936770112
calibration,recommended_10h,38,10.0,1.0,1.3504319843157475,3.568240664527611
calibration,recommended_10h,39,10.0,1.0,1.3930522004619972,3.6156406032347377
calibration,recommended_10h,40,10.0,1.0,1.4331597400720764,3.7048905983952496
calibration,recommended_10h,41,10.0,1.0,1.4739649787795184,3.850616345804392
calibration,recommended_10h,42,10.0,1.0,1.4827642351232795,3.919702073405129
calibration,recommended_10h,43,10.0,1.0,1.5062478235617238,4.031142074590099
calibration,recommended_10h,44,10.0,1.0,1.529818743213296,4.162259989981321
calibration,recommended_10h,45,10.0,1.0,1.5989880823827685,4.190646557805211
calibration,recommended_10h,46,10.0,1.0,1.6807909004512567,4.400644549595234
calibration,recommended_10h,47,10.0,1.0,1.72272613282074,4.515782378234645
calibration,recommended_10h,48,10.0,1.0,1.7573500112819662,4.550969343935085
calibration,recommended_10h,49,10.0,1.0,1.8132084825843053,4.689180865589115
calibration,recommended_10h,50,10.0,1.0,1.8531829409479617,4.739693612264051
calibration,recommended_10h,51,10.0,1.0,1.8876410229922147,4.8283951406359105
calibration,recommended_10h,52,10.0,1.0,1.9175263475952553,4.923479815805809
calibration,recommended_10h,53,10.0,1.0,1.9484140187340016,4.954197841072028
calibration,recommended_10h,54,10.0,1.0,1.9708820540798033,5.027743838868837
calibration,recommended_10h,55,10.0,1.0,1.9985455379369022,5.175460124910991
calibration,recommended_10h,56,10.0,1.0,2.026264102969799,5.246167792626122
calibration,recommended_10h,57,10.0,1.0,2.0510743812631738,5.330967574103784
calibration,recommended_10h,58,10.0,1.0,2.0789828830802826,5.396139027367974
calibration,recommended_10h,59,10.0,1.0,2.1016543472450078,5.444458531110752
calibration,recommended_10h,60,10.0,1.0,2.1322303762518535,5.509368493943589
calibration,recommended_10h,61,10.0,1.0,2.1625276445655706,5.573010634095055
calibration,recommended_10h,62,10.0,1.0,2.187423890363549,5.631808924586212
calibration,recommended_10h,63,10.0,1.0,2.214731814226445,5.688533432072851
calibration,recommended_10h,64,10.0,1.0,2.245446795016881,5.736896301207861
calibration,recommended_10h,65,10.0,1.0,2.2852915001402296,5.822901461478014
calibration,recommended_10h,66,10.0,1.0,2.3176839520702597,5.865574464094503
calibration,recommended_10h,67,10.0,1.0,2.3551023443537433,5.9042194819064475
calibration,recommended_10h,68,10.0,1.0,2.3892312070399546,5.993744827489911
calibration,recommended_10h,69,10.0,1.0,2.4288130846988665,6.045902610041476
calibration,recommended_10h,70,10.0,1.0,2.4689734917435535,6.138067791553903
calibration,recommended_10h,71,10.0,1.0,2.5100365134039793,6.203413938250812
calibration,recommended_10h,72,10.0,1.0,2.549281273280357,6.238507415045613
calibration,recommended_10h,73,10.0,1.0,2.5900416526713377,6.277849704782867
calibration,recommended_10h,74,10.0,1.0,2.6380183311929706,6.337834917184604
calibration,recommended_10h,75,10.0,1.0,2.7346876531269215,6.362296824771185
calibration,recommended_10h,76,10.0,1.0,2.831308981145142,6.4122213538822415
calibration,recommended_10h,77,10.0,1.0,2.930248473621,6.454889732948854
calibration,recommended_10h,78,10.0,1.0,3.0261444474745103,6.531806005352436
calibration,recommended_10h,79,10.0,1.0,3.125849150231219,6.5563098204287185
calibration,recommended_10h,80,10.0,1.0,3.2293013434431694,6.593725889639024
calibration,recommended_10h,81,10.0,1.0,3.331232278013574,6.640210528250501
calibration,recommended_10h,82,10.0,1.0,3.434544663915373,6.701159935591039
calibration,recommended_10h,83,10.0,1.0,3.5367116106645335,6.740026783950714
calibration,recommended_10h,84,10.0,1.0,3.641213159701473,6.789701053879638
calibration,recommended_10h,85,10.0,1.0,3.7490767243993917,6.855043398997762
calibration,recommended_10h,86,10.0,1.0,3.8559847732847485,6.915926457404531
calibration,recommended_10h,87,10.0,1.0,3.9645003170796445,6.974123956366252
calibration,recommended_10h,88,10.0,1.0,4.071636613435303,7.0285543178190135
calibration,recommended_10h,89,10.0,1.0,4.185182105750074,7.0684628710729
calibration,recommended_10h,90,10.0,1.0,4.300291355689367,7.1196178784016295
calibration,recommended_10h,91,10.0,1.0,4.416569611329879,7.154354316496669
calibration,recommended_10h,92,10.0,1.0,4.529805445118207,7.222670426812083
calibration,recommended_10h,93,10.0,1.0,4.640390305179598,7.290912620323042
calibration,recommended_10h,94,10.0,1.0,4.751882319820555,7.338340074629102
calibration,recommended_10h,95,10.0,1.0,4.861256831875593,7.394818928783087
calibration,recommended_10h,96,10.0,1.0,4.965273707544404,7.436317890696853
calibration,recommended_10h,97,10.0,1.0,5.064507561855347,7.480064776658302
calibration,recommended_10h,98,10.0,1.0,5.158729540756979,7.533784409756716
calibration,recommended_10h,99,10.0,1.0,5.248959418343735,7.57019920650166
calibration,recommended_10h,100,10.0,1.0,5.334267516867186,7.597018672626832
calibration,recommended_10h,20,10.0,5.0,1.8170081241358549,2.9861484825077778
calibration,recommended_10h,21,10.0,5.0,1.7637935085859535,2.9623981414015788
calibration,recommended_10h,22,10.0,5.0,1.7460561603311886,3.0373276026380402
calibration,recommended_10h,23,10.0,5.0,1.7434755406060987,3.181983719829029
calibration,recommended_10h,24,10.0,5.0,1.6273528768845136,3.0282433592040636
calibration,recommended_10h,25,10.0,5.0,1.538817984005414,2.995486302400585
calibration,recommended_10h,26,10.0,5.0,1.4837751273355293,2.9918218864714907
calibration,recommended_10h,27,10.0,5.0,1.437063682696027,3.080707591056564
calibration,recommended_10h,28,10.0,5.0,1.3601477903524284,3.1453052372434787
calibration,recommended_10h,29,10.0,5.0,1.305617975946527,3.2027892357992194
calibration,recommended_10h,30,10.0,5.0,1.215794913208712,3.117067311730648
calibration,recommended_10h,31,10.0,5.0,1.1302681879321597,3.083447522434568
calibration,recommended_10h,32,10.0,5.0,1.1047076026512892,3.251622931428222
calibration,recommended_10h,33,10.0,5.0,1.1786569660717117,3.2571110561421257
calibration,recommended_10h,34,10.0,5.0,1.1836597965456663,3.305396882687206
calibration,recommended_10h,35,10.0,5.0,1.227740111644704,3.4437603806986017
calibration,recommended_10h,36,10.0,5.0,1.2869537016606758,3.486770999349864
calibration,recommended_10h,37,10.0,5.0,1.3227608219041898,3.4692147936770112
calibration,recommended_10h,38,10.0,5.0,1.3504319843157697,3.568240664527611
calibration,recommended_10h,39,10.0,5.0,1.3930522004619972,3.61564060323476
calibration,recommended_10h,40,10.0,5.0,1.4331597400720542,3.7048905983952496
calibration,recommended_10h,41,10.0,5.0,1.4739649787794962,3.850616345804392
calibration,recommended_10h,42,10.0,5.0,1.4827642351232573,3.919702073405129
calibration,recommended_10h,43,10.0,5.0,1.506247823561746,4.031142074590099
calibration,recommended_10h,44,10.0,5.0,1.529818743213296,4.162259989981298
calibration,recommended_10h,45,10.0,5.0,1.5989880823827907,4.190646557805233
calibration,recommended_10h,46,10.0,5.0,1.680790900451301,4.400644549595256
calibration,recommended_10h,47,10.0,5.0,1.7227261328207621,4.5157823782346895
calibration,recommended_10h,48,10.0,5.0,1.7573500112819884,4.550969343935107
calibration,recommended_10h,49,10.0,5.0,1.8132084825843275,4.689180865589138
calibration,recommended_10h,50,10.0,5.0,1.853182940948006,4.739693612264095
calibration,recommended_10h,51,10.0,5.0,1.887641022992259,4.8283951406359105
calibration,recommended_10h,52,10.0,5.0,1.9175263475952997,4.923479815805809
calibration,recommended_10h,53,10.0,5.0,1.948414018734046,4.954197841072072
calibration,recommended_10h,54,10.0,5.0,1.9708820540798033,5.027743838868837
calibration,recommended_10h,55,10.0,5.0,1.9985455379369244,5.1754601249110355
calibration,recommended_10h,56,10.0,5.0,2.0262641029698214,5.246167792626122
calibration,recommended_10h,57,10.0,5.0,2.051074381263218,5.330967574103851
calibration,recommended_10h,58,10.0,5.0,2.0789828830802826,5.3961390273679966
calibration,recommended_10h,59,10.0,5.0,2.10165434724503,5.444458531110796
calibration,recommended_10h,60,10.0,5.0,2.1322303762518535,5.509368493943612
calibration,recommended_10h,61,10.0,5.0,2.162527644565615,5.573010634095121
calibration,recommended_10h,62,10.0,5.0,2.187423890363571,5.631808924586279
calibration,recommended_10h,63,10.0,5.0,2.214731814226445,5.688533432072873
calibration,recommended_10h,64,10.0,5.0,2.2454467950169033,5.736896301207861
calibration,recommended_10h,65,10.0,5.0,2.285291500140252,5.8229014614780805
calibration,recommended_10h,66,10.0,5.0,2.317683952070282,5.865574464094503
calibration,recommended_10h,67,10.0,5.0,2.3551023443537655,5.9042194819064475
calibration,recommended_10h,68,10.0,5.0,2.389231207039977,5.993744827489911
calibration,recommended_10h,69,10.0,5.0,2.4288130846988443,6.045902610041498
calibration,recommended_10h,70,10.0,5.0,2.4689734917435757,6.138067791553947
calibration,recommended_10h,71,10.0,5.0,2.510036513403957,6.203413938250835
calibration,recommended_10h,72,10.0,5.0,2.549281273280357,6.238507415045613
calibration,recommended_10h,73,10.0,5.0,2.5900416526713377,6.277849704782845
calibration,recommended_10h,74,10.0,5.0,2.6380183311929706,6.337834917184582
calibration,recommended_10h,75,10.0,5.0,2.7346876531269437,6.362296824771141
calibration,recommended_10h,76,10.0,5.0,2.8313089811451198,6.412221353882264
calibration,recommended_10h,77,10.0,5.0,2.930248473621,6.454889732948876
calibration,recommended_10h,78,10.0,5.0,3.026144447474488,6.531806005352436
calibration,recommended_10h,79,10.0,5.0,3.125849150231219,6.5563098204287185
calibration,recommended_10h,80,10.0,5.0,3.2293013434431694,6.593725889639046
calibration,recommended_10h,81,10.0,5.0,3.3312322780135517,6.640210528250501
calibration,recommended_10h,82,10.0,5.0,3.434544663915373,6.701159935591061
calibration,recommended_10h,83,10.0,5.0,3.5367116106645113,6.740026783950714
calibration,recommended_10h,84,10.0,5.0,3.6412131597014508,6.789701053879638
calibration,recommended_10h,85,10.0,5.0,3.7490767243993917,6.85504339899774
calibration,recommended_10h,86,10.0,5.0,3.8559847732847485,6.915926457404509
calibration,recommended_10h,87,10.0,5.0,3.9645003170796222,6.974123956366252
calibration,recommended_10h,88,10.0,5.0,4.071636613435303,7.028554317818991
calibration,recommended_10h,89,10.0,5.0,4.185182105750074,7.0684628710729
calibration,recommended_10h,90,10.0,5.0,4.300291355689345,7.119617878401607
calibration,recommended_10h,91,10.0,5.0,4.416569611329857,7.154354316496692
calibration,recommended_10h,92,10.0,5.0,4.529805445118162,7.222670426812083
calibration,recommended_10h,93,10.0,5.0,4.640390305179598,7.290912620323042
calibration,recommended_10h,94,10.0,5.0,4.751882319820555,7.338340074629102
calibration,recommended_10h,95,10.0,5.0,4.861256831875571,7.394818928783042
calibration,recommended_10h,96,10.0,5.0,4.965273707544382,7.43631789069692
calibration,recommended_10h,97,10.0,5.0,5.064507561855325,7.4800647766582795
calibration,recommended_10h,98,10.0,5.0,5.158729540756957,7.533784409756716
calibration,recommended_10h,99,10.0,5.0,5.2489594183436905,7.570199206501682
calibration,recommended_10h,100,10.0,5.0,5.334267516867164,7.597018672626832
calibration,recommended_10h,20,10.0,12.0,1.8170081241358327,2.9861484825077333
calibration,recommended_10h,21,10.0,12.0,1.763793508585909,2.9623981414015343
calibration,recommended_10h,22,10.0,12.0,1.7460561603311664,3.0373276026380402
calibration,recommended_10h,23,10.0,12.0,1.7434755406060765,3.181983719829007
calibration,recommended_10h,24,10.0,12.0,1.6273528768844914,3.0282433592040414
calibration,recommended_10h,25,10.0,12.0,1.5388179840053917,2.9954863024005407
calibration,recommended_10h,26,10.0,12.0,1.483775127335485,2.9918218864714463
calibration,recommended_10h,27,10.0,12.0,1.437063682696027,3.080707591056564
calibration,recommended_10h,28,10.0,12.0,1.3601477903524062,3.1453052372434565
calibration,recommended_10h,29,10.0,12.0,1.3056179759465047,3.202789235799197
calibration,recommended_10h,30,10.0,12.0,1.2157949132086676,3.1170673117306036
calibration,recommended_10h,31,10.0,12.0,1.1302681879321597,3.083447522434568
calibration,recommended_10h,32,10.0,12.0,1.1047076026512226,3.2516229314281553
calibration,recommended_10h,33,10.0,12.0,1.1786569660716673,3.257111056142059
calibration,recommended_10h,34,10.0,12.0,1.1836597965456885,3.305396882687184
calibration,recommended_10h,35,10.0,12.0,1.227740111644704,3.4437603806986017
calibration,recommended_10h,36,10.0,12.0,1.2869537016606758,3.486770999349864
calibration,recommended_10h,37,10.0,12.0,1.3227608219042342,3.469214793676967
calibration,recommended_10h,38,10.0,12.0,1.3504319843157475,3.568240664527589
calibration,recommended_10h,39,10.0,12.0,1.3930522004619972,3.6156406032347377
calibration,recommended_10h,40,10.0,12.0,1.4331597400720542,3.7048905983952274
calibration,recommended_10h,41,10.0,12.0,1.4739649787794962,3.8506163458043474
calibration,recommended_10h,42,10.0,12.0,1.482764235123235,3.919702073405107
calibration,recommended_10h,43,10.0,12.0,1.5062478235617238,4.031142074590077
calibration,recommended_10h,44,10.0,12.0,1.5298187432132737,4.162259989981298
calibration,recommended_10h,45,10.0,12.0,1.5989880823827685,4.190646557805211
calibration,recommended_10h,46,10.0,12.0,1.6807909004512567,4.400644549595212
calibration,recommended_10h,47,10.0,12.0,1.7227261328207621,4.515782378234667
calibration,recommended_10h,48,10.0,12.0,1.7573500112819662,4.550969343935085
calibration,recommended_10h,49,10.0,12.0,1.8132084825843053,4.689180865589093
calibration,recommended_10h,50,10.0,12.0,1.8531829409479617,4.739693612264073
calibration,recommended_10h,51,10.0,12.0,1.8876410229922147,4.828395140635888
calibration,recommended_10h,52,10.0,12.0,1.9175263475952553,4.923479815805787
calibration,recommended_10h,53,10.0,12.0,1.9484140187340016,4.954197841072028
calibration,recommended_10h,54,10.0,12.0,1.9708820540797811,5.0277438388688145
calibration,recommended_10h,55,10.0,12.0,1.9985455379369022,5.175460124910969
calibration,recommended_10h,56,10.0,12.0,2.026264102969799,5.2461677926260775
calibration,recommended_10h,57,10.0,12.0,2.051074381263196,5.3309675741038065
calibration,recommended_10h,58,10.0,12.0,2.0789828830802604,5.396139027367974
calibration,recommended_10h,59,10.0,12.0,2.1016543472449856,5.44445853111073
calibration,recommended_10h,60,10.0,12.0,2.1322303762518313,5.509368493943567
calibration,recommended_10h,61,10.0,12.0,2.1625276445655928,5.573010634095077
calibration,recommended_10h,62,10.0,12.0,2.187423890363549,5.631808924586212
calibration,recommended_10h,63,10.0,12.0,2.214731814226445,5.688533432072851
calibration,recommended_10h,64,10.0,12.0,2.245446795016881,5.736896301207817
calibration,recommended_10h,65,10.0,12.0,2.285291500140274,5.822901461478058
calibration,recommended_10h,66,10.0,12.0,2.317683952070282,5.865574464094525
calibration,recommended_10h,67,10.0,12.0,2.3551023443537433,5.9042194819064475
calibration,recommended_10h,68,10.0,12.0,2.3892312070399546,5.993744827489866
calibration,recommended_10h,69,10.0,12.0,2.428813084698822,6.0459026100414315
calibration,recommended_10h,70,10.0,12.0,2.4689734917435535,6.138067791553925
calibration,recommended_10h,71,10.0,12.0,2.510036513403957,6.203413938250812
calibration,recommended_10h,72,10.0,12.0,2.5492812732803127,6.238507415045591
calibration,recommended_10h,73,10.0,12.0,2.5900416526713155,6.277849704782845
calibration,recommended_10h,74,10.0,12.0,2.6380183311929706,6.337834917184604
calibration,recommended_10h,75,10.0,12.0,2.7346876531269215,6.362296824771163
calibration,recommended_10h,76,10.0,12.0,2.831308981145164,6.412221353882197
calibration,recommended_10h,77,10.0,12.0,2.930248473621,6.454889732948854
calibration,recommended_10h,78,10.0,12.0,3.0261444474745103,6.531806005352414
calibration,recommended_10h,79,10.0,12.0,3.125849150231219,6.556309820428696
calibration,recommended_10h,80,10.0,12.0,3.2293013434431916,6.593725889639024
calibration,recommended_10h,81,10.0,12.0,3.331232278013596,6.640210528250434
calibration,recommended_10h,82,10.0,12.0,3.4345446639154176,6.701159935591039
calibration,recommended_10h,83,10.0,12.0,3.5367116106645335,6.740026783950692
calibration,recommended_10h,84,10.0,12.0,3.641213159701495,6.789701053879638
calibration,recommended_10h,85,10.0,12.0,3.749076724399414,6.85504339899774
calibration,recommended_10h,86,10.0,12.0,3.8559847732847485,6.915926457404509
calibration,recommended_10h,87,10.0,12.0,3.9645003170796445,6.974123956366229
calibration,recommended_10h,88,10.0,12.0,4.0716366134353255,7.028554317818969
calibration,recommended_10h,89,10.0,12.0,4.185182105750096,7.068462871072878
calibration,recommended_10h,90,10.0,12.0,4.300291355689367,7.119617878401585
calibration,recommended_10h,91,10.0,12.0,4.416569611329901,7.154354316496647
calibration,recommended_10h,92,10.0,12.0,4.529805445118185,7.222670426812039
calibration,recommended_10h,93,10.0,12.0,4.64039030517962,7.290912620323042
calibration,recommended_10h,94,10.0,12.0,4.751882319820577,7.338340074629057
calibration,recommended_10h,95,10.0,12.0,4.861256831875593,7.39481892878302
calibration,recommended_10h,96,10.0,12.0,4.965273707544404,7.436317890696875
calibration,recommended_10h,97,10.0,12.0,5.064507561855369,7.4800647766582795
calibration,recommended_10h,98,10.0,12.0,5.158729540756979,7.533784409756694
calibration,recommended_10h,99,10.0,12.0,5.248959418343735,7.570199206501682
calibration,recommended_10h,100,10.0,12.0,5.334267516867208,7.597018672626787
calibration,recommended_10h,20,12.0,1.0,1.8170081241358549,2.9861484825077556
calibration,recommended_10h,21,12.0,1.0,1.7637935085859535,2.9623981414015788
calibration,recommended_10h,22,12.0,1.0,1.7460561603311886,3.0373276026380402
calibration,recommended_10h,23,12.0,1.0,1.7434755406061209,3.181983719829029
calibration,recommended_10h,24,12.0,1.0,1.6273528768845136,3.0282433592040636
calibration,recommended_10h,25,12.0,1.0,1.538817984005414,2.995486302400585
calibration,recommended_10h,26,12.0,1.0,1.483775127335485,2.9918218864714463
calibration,recommended_10h,27,12.0,1.0,1.437063682696027,3.080707591056542
calibration,recommended_10h,28,12.0,1.0,1.3601477903524062,3.1453052372434565
calibration,recommended_10h,29,12.0,1.0,1.305617975946527,3.2027892357992416
calibration,recommended_10h,30,12.0,1.0,1.215794913208712,3.11706731173067
calibration,recommended_10h,31,12.0,1.0,1.1302681879321819,3.083447522434568
calibration,recommended_10h,32,12.0,1.0,1.1047076026512448,3.2516229314281775
calibration,recommended_10h,33,12.0,1.0,1.1786569660717117,3.2571110561420813
calibration,recommended_10h,34,12.0,1.0,1.1836597965456885,3.305396882687184
calibration,recommended_10h,35,12.0,1.0,1.227740111644704,3.4437603806986017
calibration,recommended_10h,36,12.0,1.0,1.2869537016606758,3.4867709993498863
calibration,recommended_10h,37,12.0,1.0,1.322760821904212,3.469214793676989
calibration,recommended_10h,38,12.0,1.0,1.350431984315792,3.568240664527611
calibration,recommended_10h,39,12.0,1.0,1.3930522004620194,3.6156406032347377
calibration,recommended_10h,40,12.0,1.0,1.4331597400720764,3.704890598395294
calibration,recommended_10h,41,12.0,1.0,1.4739649787794962,3.8506163458043696
calibration,recommended_10h,42,12.0,1.0,1.482764235123235,3.919702073405107
calibration,recommended_10h,43,12.0,1.0,1.506247823561746,4.031142074590099
calibration,recommended_10h,44,12.0,1.0,1.5298187432133181,4.162259989981343
calibration,recommended_10h,45,12.0,1.0,1.5989880823827685,4.190646557805233
calibration,recommended_10h,46,12.0,1.0,1.6807909004512567,4.400644549595256
calibration,recommended_10h,47,12.0,1.0,1.7227261328207621,4.515782378234667
calibration,recommended_10h,48,12.0,1.0,1.7573500112819884,4.5509693439351295
calibration,recommended_10h,49,12.0,1.0,1.8132084825843053,4.689180865589115
calibration,recommended_10h,50,12.0,1.0,1.8531829409479839,4.739693612264095
calibration,recommended_10h,51,12.0,1.0,1.887641022992237,4.828395140635933
calibration,recommended_10h,52,12.0,1.0,1.9175263475952775,4.923479815805809
calibration,recommended_10h,53,12.0,1.0,1.948414018734046,4.95419784107205
calibration,recommended_10h,54,12.0,1.0,1.9708820540798033,5.027743838868837
calibration,recommended_10h,55,12.0,1.0,1.9985455379369022,5.175460124911013
calibration,recommended_10h,56,12.0,1.0,2.026264102969799,5.2461677926260775
calibration,recommended_10h,57,12.0,1.0,2.051074381263196,5.3309675741038065
calibration,recommended_10h,58,12.0,1.0,2.0789828830802826,5.3961390273679966
calibration,recommended_10h,59,12.0,1.0,2.1016543472450078,5.444458531110774
calibration,recommended_10h,60,12.0,1.0,2.1322303762518313,5.509368493943589
calibration,recommended_10h,61,12.0,1.0,2.162527644565615,5.573010634095077
calibration,recommended_10h,62,12.0,1.0,2.187423890363549,5.631808924586257
calibration,recommended_10h,63,12.0,1.0,2.214731814226445,5.688533432072873
calibration,recommended_10h,64,12.0,1.0,2.2454467950169033,5.736896301207861
calibration,recommended_10h,65,12.0,1.0,2.2852915001402296,5.822901461478058
calibration,recommended_10h,66,12.0,1.0,2.3176839520702597,5.865574464094525
calibration,recommended_10h,67,12.0,1.0,2.3551023443537655,5.904219481906425
calibration,recommended_10h,68,12.0,1.0,2.3892312070399546,5.993744827489889
calibration,recommended_10h,69,12.0,1.0,2.4288130846988443,6.045902610041476
calibration,recommended_10h,70,12.0,1.0,2.4689734917435535,6.138067791553903
calibration,recommended_10h,71,12.0,1.0,2.510036513403957,6.203413938250835
calibration,recommended_10h,72,12.0,1.0,2.549281273280335,6.238507415045591
calibration,recommended_10h,73,12.0,1.0,2.5900416526713377,6.277849704782823
calibration,recommended_10h,74,12.0,1.0,2.6380183311929706,6.337834917184559
calibration,recommended_10h,75,12.0,1.0,2.7346876531269215,6.362296824771163
calibration,recommended_10h,76,12.0,1.0,2.831308981145142,6.4122213538822415
calibration,recommended_10h,77,12.0,1.0,2.9302484736209555,6.454889732948876
calibration,recommended_10h,78,12.0,1.0,3.0261444474745325,6.531806005352414
calibration,recommended_10h,79,12.0,1.0,3.125849150231197,6.556309820428696
calibration,recommended_10h,80,12.0,1.0,3.2293013434431694,6.593725889639046
calibration,recommended_10h,81,12.0,1.0,3.331232278013574,6.640210528250479
calibration,recommended_10h,82,12.0,1.0,3.434544663915351,6.701159935591039
calibration,recommended_10h,83,12.0,1.0,3.5367116106645335,6.740026783950714
calibration,recommended_10h,84,12.0,1.0,3.6412131597014508,6.78970105387966
calibration,recommended_10h,85,12.0,1.0,3.7490767243993917,6.855043398997762
calibration,recommended_10h,86,12.0,1.0,3.8559847732847485,6.9159264574044865
calibration,recommended_10h,87,12.0,1.0,3.9645003170796445,6.974123956366229
calibration,recommended_10h,88,12.0,1.0,4.0716366134353255,7.028554317818991
calibration,recommended_10h,89,12.0,1.0,4.185182105750096,7.068462871072878
calibration,recommended_10h,90,12.0,1.0,4.300291355689345,7.119617878401607
calibration,recommended_10h,91,12.0,1.0,4.416569611329879,7.154354316496669
calibration,recommended_10h,92,12.0,1.0,4.529805445118185,7.222670426812061
calibration,recommended_10h,93,12.0,1.0,4.64039030517962,7.290912620323042
calibration,recommended_10h,94,12.0,1.0,4.751882319820577,7.338340074629124
calibration,recommended_10h,95,12.0,1.0,4.861256831875571,7.394818928783065
calibration,recommended_10h,96,12.0,1.0,4.965273707544382,7.436317890696897
calibration,recommended_10h,97,12.0,1.0,5.064507561855325,7.480064776658302
calibration,recommended_10h,98,12.0,1.0,5.158729540756979,7.533784409756716
calibration,recommended_10h,99,12.0,1.0,5.248959418343713,7.570199206501704
calibration,recommended_10h,100,12.0,1.0,5.334267516867186,7.597018672626854
calibration,recommended_10h,20,12.0,5.0,1.8170081241358549,2.9861484825077778
calibration,recommended_10h,21,12.0,5.0,1.7637935085859313,2.9623981414015788
calibration,recommended_10h,22,12.0,5.0,1.7460561603311886,3.0373276026380402
calibration,recommended_10h,23,12.0,5.0,1.7434755406060765,3.181983719829007
calibration,recommended_10h,24,12.0,5.0,1.6273528768845136,3.0282433592040636
calibration,recommended_10h,25,12.0,5.0,1.5388179840053917,2.995486302400585
calibration,recommended_10h,26,12.0,5.0,1.4837751273354627,2.991821886471424
calibration,recommended_10h,27,12.0,5.0,1.437063682696027,3.080707591056542
calibration,recommended_10h,28,12.0,5.0,1.3601477903524062,3.1453052372434565
calibration,recommended_10h,29,12.0,5.0,1.305617975946527,3.2027892357992194
calibration,recommended_10h,30,12.0,5.0,1.2157949132086676,3.1170673117306036
calibration,recommended_10h,31,12.0,5.0,1.1302681879321597,3.083447522434546
calibration,recommended_10h,32,12.0,5.0,1.104707602651267,3.251622931428222
calibration,recommended_10h,33,12.0,5.0,1.1786569660716895,3.2571110561420813
calibration,recommended_10h,34,12.0,5.0,1.1836597965456885,3.305396882687206
calibration,recommended_10h,35,12.0,5.0,1.227740111644704,3.443760380698624
calibration,recommended_10h,36,12.0,5.0,1.2869537016606758,3.4867709993498863
calibration,recommended_10h,37,12.0,5.0,1.3227608219041898,3.469214793676967
calibration,recommended_10h,38,12.0,5.0,1.3504319843157475,3.568240664527633
calibration,recommended_10h,39,12.0,5.0,1.3930522004620194,3.6156406032347377
calibration,recommended_10h,40,12.0,5.0,1.4331597400720764,3.704890598395294
calibration,recommended_10h,41,12.0,5.0,1.4739649787795184,3.850616345804392
calibration,recommended_10h,42,12.0,5.0,1.4827642351232573,3.919702073405107
calibration,recommended_10h,43,12.0,5.0,1.5062478235617682,4.031142074590099
calibration,recommended_10h,44,12.0,5.0,1.529818743213296,4.162259989981321
calibration,recommended_10h,45,12.0,5.0,1.5989880823827685,4.190646557805189
calibration,recommended_10h,46,12.0,5.0,1.6807909004512789,4.400644549595256
calibration,recommended_10h,47,12.0,5.0,1.7227261328207621,4.515782378234645
calibration,recommended_10h,48,12.0,5.0,1.7573500112819884,4.550969343935085
calibration,recommended_10h,49,12.0,5.0,1.8132084825843275,4.689180865589115
calibration,recommended_10h,50,12.0,5.0,1.8531829409479839,4.739693612264051
calibration,recommended_10h,51,12.0,5.0,1.887641022992237,4.828395140635888
calibration,recommended_10h,52,12.0,5.0,1.9175263475952775,4.923479815805809
calibration,recommended_10h,53,12.0,5.0,1.9484140187340238,4.954197841072072
calibration,recommended_10h,54,12.0,5.0,1.9708820540798255,5.027743838868859
calibration,recommended_10h,55,12.0,5.0,1.9985455379369244,5.175460124911013
calibration,recommended_10h,56,12.0,5.0,2.0262641029698214,5.2461677926261
calibration,recommended_10h,57,12.0,5.0,2.051074381263196,5.3309675741038065
calibration,recommended_10h,58,12.0,5.0,2.0789828830803048,5.396139027367974
calibration,recommended_10h,59,12.0,5.0,2.1016543472450078,5.44445853111073
calibration,recommended_10h,60,12.0,5.0,2.1322303762518535,5.509368493943589
calibration,recommended_10h,61,12.0,5.0,2.1625276445655928,5.573010634095055
calibration,recommended_10h,62,12.0,5.0,2.187423890363549,5.631808924586235
calibration,recommended_10h,63,12.0,5.0,2.214731814226467,5.688533432072873
calibration,recommended_10h,64,12.0,5.0,2.2454467950169255,5.736896301207861
calibration,recommended_10h,65,12.0,5.0,2.285291500140252,5.822901461478058
calibration,recommended_10h,66,12.0,5.0,2.317683952070282,5.865574464094503
calibration,recommended_10h,67,12.0,5.0,2.3551023443537877,5.9042194819064475
calibration,recommended_10h,68,12.0,5.0,2.389231207039977,5.993744827489889
calibration,recommended_10h,69,12.0,5.0,2.4288130846988443,6.045902610041476
calibration,recommended_10h,70,12.0,5.0,2.4689734917435535,6.138067791553903
calibration,recommended_10h,71,12.0,5.0,2.5100365134039793,6.203413938250812
calibration,recommended_10h,72,12.0,5.0,2.549281273280357,6.238507415045613
calibration,recommended_10h,73,12.0,5.0,2.59004165267136,6.277849704782845
calibration,recommended_10h,74,12.0,5.0,2.638018331192993,6.337834917184604
calibration,recommended_10h,75,12.0,5.0,2.7346876531269215,6.362296824771185
calibration,recommended_10h,76,12.0,5.0,2.8313089811451864,6.412221353882219
calibration,recommended_10h,77,12.0,5.0,2.930248473621,6.454889732948876
calibration,recommended_10h,78,12.0,5.0,3.0261444474745325,6.531806005352436
calibration,recommended_10h,79,12.0,5.0,3.1258491502312413,6.5563098204287185
calibration,recommended_10h,80,12.0,5.0,3.2293013434431916,6.593725889639046
calibration,recommended_10h,81,12.0,5.0,3.331232278013596,6.640210528250501
calibration,recommended_10h,82,12.0,5.0,3.434544663915373,6.701159935591083
calibration,recommended_10h,83,12.0,5.0,3.5367116106645113,6.740026783950759
calibration,recommended_10h,84,12.0,5.0,3.641213159701473,6.789701053879638
calibration,recommended_10h,85,12.0,5.0,3.749076724399414,6.855043398997762
calibration,recommended_10h,86,12.0,5.0,3.8559847732847707,6.915926457404509
calibration,recommended_10h,87,12.0,5.0,3.9645003170796445,6.974123956366252
calibration,recommended_10h,88,12.0,5.0,4.0716366134353255,7.0285543178190135
calibration,recommended_10h,89,12.0,5.0,4.185182105750118,7.0684628710729
calibration,recommended_10h,90,12.0,5.0,4.300291355689367,7.119617878401607
calibration,recommended_10h,91,12.0,5.0,4.416569611329901,7.154354316496669
calibration,recommended_10h,92,12.0,5.0,4.529805445118185,7.222670426812061
calibration,recommended_10h,93,12.0,5.0,4.640390305179598,7.2909126203230645
calibration,recommended_10h,94,12.0,5.0,4.751882319820577,7.338340074629102
calibration,recommended_10h,95,12.0,5.0,4.861256831875571,7.394818928783065
calibration,recommended_10h,96,12.0,5.0,4.965273707544404,7.436317890696875
calibration,recommended_10h,97,12.0,5.0,5.064507561855369,7.4800647766582795
calibration,recommended_10h,98,12.0,5.0,5.158729540756979,7.533784409756694
calibration,recommended_10h,99,12.0,5.0,5.248959418343713,7.570199206501704
calibration,recommended_10h,100,12.0,5.0,5.334267516867208,7.59701867262681
calibration,recommended_10h,20,12.0,12.0,1.8170081241358549,2.9861484825077556
calibration,recommended_10h,21,12.0,12.0,1.7637935085859535,2.9623981414015788
calibration,recommended_10h,22,12.0,12.0,1.7460561603311664,3.0373276026380402
calibration,recommended_10h,23,12.0,12.0,1.7434755406061209,3.181983719829029
calibration,recommended_10h,24,12.0,12.0,1.6273528768845358,3.0282433592040636
calibration,recommended_10h,25,12.0,12.0,1.538817984005414,2.995486302400585
calibration,recommended_10h,26,12.0,12.0,1.483775127335507,2.9918218864714685
calibration,recommended_10h,27,12.0,12.0,1.4370636826960492,3.080707591056564
calibration,recommended_10h,28,12.0,12.0,1.3601477903524284,3.1453052372434787
calibration,recommended_10h,29,12.0,12.0,1.3056179759465047,3.2027892357992194
calibration,recommended_10h,30,12.0,12.0,1.2157949132086676,3.117067311730626
calibration,recommended_10h,31,12.0,12.0,1.1302681879321597,3.083447522434568
calibration,recommended_10h,32,12.0,12.0,1.104707602651267,3.2516229314281997
calibration,recommended_10h,33,12.0,12.0,1.1786569660716895,3.2571110561420813
calibration,recommended_10h,34,12.0,12.0,1.1836597965456885,3.305396882687228
calibration,recommended_10h,35,12.0,12.0,1.227740111644704,3.443760380698624
calibration,recommended_10h,36,12.0,12.0,1.286953701660698,3.486770999349864
calibration,recommended_10h,37,12.0,12.0,1.3227608219042342,3.469214793676989
calibration,recommended_10h,38,12.0,12.0,1.3504319843157697,3.568240664527611
calibration,recommended_10h,39,12.0,12.0,1.3930522004620416,3.615640603234782
calibration,recommended_10h,40,12.0,12.0,1.4331597400720542,3.704890598395272
calibration,recommended_10h,41,12.0,12.0,1.4739649787794962,3.8506163458043696
calibration,recommended_10h,42,12.0,12.0,1.4827642351232573,3.919702073405129
calibration,recommended_10h,43,12.0,12.0,1.506247823561746,4.031142074590099
calibration,recommended_10h,44,12.0,12.0,1.529818743213296,4.162259989981343
calibration,recommended_10h,45,12.0,12.0,1.5989880823827685,4.190646557805233
calibration,recommended_10h,46,12.0,12.0,1.6807909004512789,4.400644549595234
calibration,recommended_10h,47,12.0,12.0,1.7227261328207621,4.515782378234667
calibration,recommended_10h,48,12.0,12.0,1.7573500112819662,4.550969343935085
calibration,recommended_10h,49,12.0,12.0,1.8132084825843053,4.689180865589115
calibration,recommended_10h,50,12.0,12.0,1.8531829409479617,4.739693612264051
calibration,recommended_10h,51,12.0,12.0,1.8876410229922147,4.8283951406359105
calibration,recommended_10h,52,12.0,12.0,1.9175263475952775,4.923479815805809
calibration,recommended_10h,53,12.0,12.0,1.9484140187340016,4.954197841072028
calibration,recommended_10h,54,12.0,12.0,1.9708820540798255,5.027743838868859
calibration,recommended_10h,55,12.0,12.0,1.9985455379369244,5.175460124911013
calibration,recommended_10h,56,12.0,12.0,2.026264102969799,5.2461677926261
calibration,recommended_10h,57,12.0,12.0,2.051074381263196,5.3309675741038065
calibration,recommended_10h,58,12.0,12.0,2.0789828830802826,5.3961390273679966
calibration,recommended_10h,59,12.0,12.0,2.1016543472450078,5.444458531110774
calibration,recommended_10h,60,12.0,12.0,2.1322303762518535,5.509368493943612
calibration,recommended_10h,61,12.0,12.0,2.1625276445655928,5.573010634095055
calibration,recommended_10h,62,12.0,12.0,2.187423890363549,5.631808924586212
calibration,recommended_10h,63,12.0,12.0,2.214731814226467,5.688533432072873
calibration,recommended_10h,64,12.0,12.0,2.2454467950169033,5.736896301207839
calibration,recommended_10h,65,12.0,12.0,2.285291500140252,5.822901461478058
calibration,recommended_10h,66,12.0,12.0,2.317683952070282,5.865574464094525
calibration,recommended_10h,67,12.0,12.0,2.3551023443537655,5.90421948190647
calibration,recommended_10h,68,12.0,12.0,2.3892312070399546,5.993744827489911
calibration,recommended_10h,69,12.0,12.0,2.4288130846988443,6.045902610041454
calibration,recommended_10h,70,12.0,12.0,2.4689734917435757,6.138067791553925
calibration,recommended_10h,71,12.0,12.0,2.5100365134039793,6.203413938250835
calibration,recommended_10h,72,12.0,12.0,2.549281273280335,6.238507415045591
calibration,recommended_10h,73,12.0,12.0,2.59004165267136,6.27784970478289
calibration,recommended_10h,74,12.0,12.0,2.6380183311929706,6.337834917184582
calibration,recommended_10h,75,12.0,12.0,2.7346876531269215,6.362296824771185
calibration,recommended_10h,76,12.0,12.0,2.831308981145142,6.412221353882219
calibration,recommended_10h,77,12.0,12.0,2.930248473621,6.454889732948854
calibration,recommended_10h,78,12.0,12.0,3.0261444474745103,6.531806005352436
calibration,recommended_10h,79,12.0,12.0,3.1258491502312413,6.556309820428696
calibration,recommended_10h,80,12.0,12.0,3.2293013434431694,6.593725889639046
calibration,recommended_10h,81,12.0,12.0,3.331232278013574,6.640210528250501
calibration,recommended_10h,82,12.0,12.0,3.434544663915351,6.701159935591061
calibration,recommended_10h,83,12.0,12.0,3.5367116106645113,6.740026783950692
calibration,recommended_10h,84,12.0,12.0,3.6412131597014286,6.789701053879638
calibration,recommended_10h,85,12.0,12.0,3.7490767243993917,6.855043398997762
calibration,recommended_10h,86,12.0,12.0,3.8559847732847263,6.915926457404509
calibration,recommended_10h,87,12.0,12.0,3.9645003170796222,6.974123956366229
calibration,recommended_10h,88,12.0,12.0,4.071636613435303,7.0285543178190135
calibration,recommended_10h,89,12.0,12.0,4.185182105750096,7.068462871072878
calibration,recommended_10h,90,12.0,12.0,4.300291355689345,7.119617878401607
calibration,recommended_10h,91,12.0,12.0,4.416569611329857,7.154354316496692
calibration,recommended_10h,92,12.0,12.0,4.529805445118162,7.222670426812083
calibration,recommended_10h,93,12.0,12.0,4.640390305179598,7.2909126203230645
calibration,recommended_10h,94,12.0,12.0,4.751882319820555,7.338340074629102
calibration,recommended_10h,95,12.0,12.0,4.861256831875549,7.394818928783042
calibration,recommended_10h,96,12.0,12.0,4.965273707544382,7.436317890696875
calibration,recommended_10h,97,12.0,12.0,5.064507561855325,7.480064776658302
calibration,recommended_10h,98,12.0,12.0,5.158729540756957,7.533784409756716
calibration,recommended_10h,99,12.0,12.0,5.2489594183436905,7.57019920650166
calibration,recommended_10h,100,12.0,12.0,5.334267516867164,7.59701867262681
calibration,recommended_10h,20,24.0,1.0,1.8170081241358549,2.9861484825077556
calibration,recommended_10h,21,24.0,1.0,1.7637935085859313,2.9623981414015788
calibration,recommended_10h,22,24.0,1.0,1.7460561603311664,3.0373276026380625
calibration,recommended_10h,23,24.0,1.0,1.7434755406060987,3.181983719829007
calibration,recommended_10h,24,24.0,1.0,1.6273528768845358,3.028243359204086
calibration,recommended_10h,25,24.0,1.0,1.5388179840053917,2.995486302400563
calibration,recommended_10h,26,24.0,1.0,1.483775127335507,2.9918218864714685
calibration,recommended_10h,27,24.0,1.0,1.4370636826960492,3.080707591056586
calibration,recommended_10h,28,24.0,1.0,1.3601477903524506,3.145305237243501
calibration,recommended_10h,29,24.0,1.0,1.3056179759465047,3.2027892357992194
calibration,recommended_10h,30,24.0,1.0,1.2157949132086898,3.117067311730626
calibration,recommended_10h,31,24.0,1.0,1.130268187932204,3.0834475224346125
calibration,recommended_10h,32,24.0,1.0,1.104707602651267,3.2516229314281997
calibration,recommended_10h,33,24.0,1.0,1.1786569660716895,3.2571110561420813
calibration,recommended_10h,34,24.0,1.0,1.1836597965456885,3.305396882687228
calibration,recommended_10h,35,24.0,1.0,1.2277401116447262,3.443760380698624
calibration,recommended_10h,36,24.0,1.0,1.2869537016607202,3.4867709993498863
calibration,recommended_10h,37,24.0,1.0,1.322760821904212,3.4692147936770112
calibration,recommended_10h,38,24.0,1.0,1.350431984315792,3.568240664527611
calibration,recommended_10h,39,24.0,1.0,1.3930522004620194,3.615640603234782
calibration,recommended_10h,40,24.0,1.0,1.4331597400720986,3.704890598395294
calibration,recommended_10h,41,24.0,1.0,1.4739649787795184,3.850616345804414
calibration,recommended_10h,42,24.0,1.0,1.4827642351232573,3.919702073405107
calibration,recommended_10h,43,24.0,1.0,1.5062478235617682,4.031142074590122
calibration,recommended_10h,44,24.0,1.0,1.529818743213296,4.162259989981321
calibration,recommended_10h,45,24.0,1.0,1.5989880823827685,4.190646557805233
calibration,recommended_10h,46,24.0,1.0,1.6807909004512789,4.400644549595234
calibration,recommended_10h,47,24.0,1.0,1.7227261328207621,4.515782378234667
calibration,recommended_10h,48,24.0,1.0,1.7573500112819662,4.550969343935085
calibration,recommended_10h,49,24.0,1.0,1.8132084825843275,4.689180865589138
calibration,recommended_10h,50,24.0,1.0,1.8531829409479839,4.739693612264051
calibration,recommended_10h,51,24.0,1.0,1.887641022992237,4.8283951406359105
calibration,recommended_10h,52,24.0,1.0,1.9175263475952553,4.923479815805787
calibration,recommended_10h,53,24.0,1.0,1.9484140187340238,4.954197841072072
calibration,recommended_10h,54,24.0,1.0,1.9708820540798033,5.0277438388688145
calibration,recommended_10h,55,24.0,1.0,1.9985455379369244,5.1754601249110355
calibration,recommended_10h,56,24.0,1.0,2.026264102969799,5.2461677926261
calibration,recommended_10h,57,24.0,1.0,2.051074381263196,5.3309675741038065
calibration,recommended_10h,58,24.0,1.0,2.0789828830802826,5.3961390273679966
calibration,recommended_10h,59,24.0,1.0,2.1016543472450078,5.444458531110752
calibration,recommended_10h,60,24.0,1.0,2.1322303762518535,5.509368493943589
calibration,recommended_10h,61,24.0,1.0,2.1625276445655928,5.573010634095055
calibration,recommended_10h,62,24.0,1.0,2.187423890363549,5.631808924586212
calibration,recommended_10h,63,24.0,1.0,2.214731814226467,5.688533432072873
calibration,recommended_10h,64,24.0,1.0,2.245446795016881,5.736896301207839
calibration,recommended_10h,65,24.0,1.0,2.285291500140252,5.822901461478058
calibration,recommended_10h,66,24.0,1.0,2.317683952070282,5.865574464094503
calibration,recommended_10h,67,24.0,1.0,2.3551023443537655,5.9042194819064475
calibration,recommended_10h,68,24.0,1.0,2.389231207039977,5.993744827489889
calibration,recommended_10h,69,24.0,1.0,2.4288130846988665,6.045902610041454
calibration,recommended_10h,70,24.0,1.0,2.468973491743598,6.138067791553903
calibration,recommended_10h,71,24.0,1.0,2.5100365134039793,6.203413938250835
calibration,recommended_10h,72,24.0,1.0,2.549281273280357,6.238507415045635
calibration,recommended_10h,73,24.0,1.0,2.5900416526713377,6.277849704782867
calibration,recommended_10h,74,24.0,1.0,2.638018331192993,6.337834917184604
calibration,recommended_10h,75,24.0,1.0,2.7346876531269215,6.362296824771185
calibration,recommended_10h,76,24.0,1.0,2.831308981145164,6.412221353882219
calibration,recommended_10h,77,24.0,1.0,2.9302484736209777,6.454889732948854
calibration,recommended_10h,78,24.0,1.0,3.0261444474745103,6.531806005352436
calibration,recommended_10h,79,24.0,1.0,3.125849150231219,6.5563098204287185
calibration,recommended_10h,80,24.0,1.0,3.2293013434431472,6.593725889639046
calibration,recommended_10h,81,24.0,1.0,3.331232278013574,6.640210528250501
calibration,recommended_10h,82,24.0,1.0,3.434544663915373,6.701159935591039
calibration,recommended_10h,83,24.0,1.0,3.5367116106645335,6.740026783950714
calibration,recommended_10h,84,24.0,1.0,3.641213159701473,6.789701053879638
calibration,recommended_10h,85,24.0,1.0,3.7490767243993917,6.855043398997762
calibration,recommended_10h,86,24.0,1.0,3.8559847732847263,6.915926457404531
calibration,recommended_10h,87,24.0,1.0,3.9645003170796222,6.974123956366252
calibration,recommended_10h,88,24.0,1.0,4.071636613435348,7.028554317818991
calibration,recommended_10h,89,24.0,1.0,4.185182105750096,7.0684628710729
calibration,recommended_10h,90,24.0,1.0,4.300291355689345,7.1196178784016295
calibration,recommended_10h,91,24.0,1.0,4.416569611329901,7.154354316496647
calibration,recommended_10h,92,24.0,1.0,4.529805445118185,7.222670426812083
calibration,recommended_10h,93,24.0,1.0,4.64039030517962,7.290912620323042
calibration,recommended_10h,94,24.0,1.0,4.751882319820555,7.338340074629124
calibration,recommended_10h,95,24.0,1.0,4.861256831875571,7.394818928783042
calibration,recommended_10h,96,24.0,1.0,4.965273707544404,7.436317890696853
calibration,recommended_10h,97,24.0,1.0,5.064507561855347,7.480064776658302
calibration,recommended_10h,98,24.0,1.0,5.158729540756957,7.533784409756739
calibration,recommended_10h,99,24.0,1.0,5.248959418343713,7.570199206501682
calibration,recommended_10h,100,24.0,1.0,5.334267516867186,7.597018672626832
calibration,recommended_10h,20,24.0,5.0,1.8170081241358549,2.9861484825077556
calibration,recommended_10h,21,24.0,5.0,1.7637935085859535,2.9623981414015566
calibration,recommended_10h,22,24.0,5.0,1.7460561603311886,3.0373276026380625
calibration,recommended_10h,23,24.0,5.0,1.7434755406060765,3.1819837198289846
calibration,recommended_10h,24,24.0,5.0,1.6273528768845136,3.0282433592040414
calibration,recommended_10h,25,24.0,5.0,1.5388179840053917,2.9954863024005407
calibration,recommended_10h,26,24.0,5.0,1.483775127335507,2.9918218864714685
calibration,recommended_10h,27,24.0,5.0,1.437063682696027,3.080707591056542
calibration,recommended_10h,28,24.0,5.0,1.3601477903524062,3.1453052372434565
calibration,recommended_10h,29,24.0,5.0,1.3056179759465047,3.2027892357992194
calibration,recommended_10h,30,24.0,5.0,1.2157949132086676,3.117067311730626
calibration,recommended_10h,31,24.0,5.0,1.1302681879321375,3.083447522434546
calibration,recommended_10h,32,24.0,5.0,1.1047076026512448,3.2516229314281997
calibration,recommended_10h,33,24.0,5.0,1.1786569660717339,3.2571110561420813
calibration,recommended_10h,34,24.0,5.0,1.1836597965456663,3.305396882687184
calibration,recommended_10h,35,24.0,5.0,1.2277401116446818,3.4437603806986017
calibration,recommended_10h,36,24.0,5.0,1.2869537016606758,3.4867709993498863
calibration,recommended_10h,37,24.0,5.0,1.322760821904212,3.469214793676989
calibration,recommended_10h,38,24.0,5.0,1.3504319843157697,3.568240664527611
calibration,recommended_10h,39,24.0,5.0,1.3930522004619972,3.6156406032347377
calibration,recommended_10h,40,24.0,5.0,1.4331597400720764,3.7048905983952496
calibration,recommended_10h,41,24.0,5.0,1.4739649787795184,3.8506163458043696
calibration,recommended_10h,42,24.0,5.0,1.4827642351232573,3.919702073405129
calibration,recommended_10h,43,24.0,5.0,1.5062478235617238,4.031142074590077
calibration,recommended_10h,44,24.0,5.0,1.529818743213296,4.162259989981321
calibration,recommended_10h,45,24.0,5.0,1.5989880823827907,4.190646557805211
calibration,recommended_10h,46,24.0,5.0,1.6807909004512789,4.400644549595256
calibration,recommended_10h,47,24.0,5.0,1.7227261328207844,4.5157823782346895
calibration,recommended_10h,48,24.0,5.0,1.7573500112819884,4.550969343935107
calibration,recommended_10h,49,24.0,5.0,1.8132084825843275,4.689180865589115
calibration,recommended_10h,50,24.0,5.0,1.853182940948006,4.739693612264051
calibration,recommended_10h,51,24.0,5.0,1.887641022992237,4.8283951406359105
calibration,recommended_10h,52,24.0,5.0,1.9175263475952775,4.923479815805787
calibration,recommended_10h,53,24.0,5.0,1.9484140187340238,4.95419784107205
calibration,recommended_10h,54,24.0,5.0,1.9708820540798255,5.0277438388688145
calibration,recommended_10h,55,24.0,5.0,1.9985455379369244,5.175460124911013
calibration,recommended_10h,56,24.0,5.0,2.026264102969799,5.2461677926261
calibration,recommended_10h,57,24.0,5.0,2.051074381263196,5.3309675741038065
calibration,recommended_10h,58,24.0,5.0,2.0789828830802826,5.396139027367974
calibration,recommended_10h,59,24.0,5.0,2.1016543472450078,5.444458531110752
calibration,recommended_10h,60,24.0,5.0,2.1322303762518535,5.509368493943612
calibration,recommended_10h,61,24.0,5.0,2.162527644565615,5.573010634095077
calibration,recommended_10h,62,24.0,5.0,2.187423890363571,5.631808924586235
calibration,recommended_10h,63,24.0,5.0,2.214731814226467,5.688533432072895
calibration,recommended_10h,64,24.0,5.0,2.2454467950169033,5.736896301207839
calibration,recommended_10h,65,24.0,5.0,2.285291500140252,5.822901461478058
calibration,recommended_10h,66,24.0,5.0,2.317683952070304,5.865574464094547
calibration,recommended_10h,67,24.0,5.0,2.3551023443537877,5.9042194819064475
calibration,recommended_10h,68,24.0,5.0,2.3892312070399546,5.993744827489889
calibration,recommended_10h,69,24.0,5.0,2.4288130846988665,6.045902610041476
calibration,recommended_10h,70,24.0,5.0,2.4689734917435757,6.138067791553925
calibration,recommended_10h,71,24.0,5.0,2.5100365134039793,6.203413938250835
calibration,recommended_10h,72,24.0,5.0,2.549281273280357,6.238507415045635
calibration,recommended_10h,73,24.0,5.0,2.59004165267136,6.27784970478289
calibration,recommended_10h,74,24.0,5.0,2.638018331192993,6.337834917184582
calibration,recommended_10h,75,24.0,5.0,2.7346876531269215,6.362296824771141
calibration,recommended_10h,76,24.0,5.0,2.831308981145164,6.4122213538822415
calibration,recommended_10h,77,24.0,5.0,2.930248473621,6.454889732948876
calibration,recommended_10h,78,24.0,5.0,3.0261444474745325,6.531806005352414
calibration,recommended_10h,79,24.0,5.0,3.125849150231219,6.5563098204287185
calibration,recommended_10h,80,24.0,5.0,3.2293013434431916,6.593725889639024
calibration,recommended_10h,81,24.0,5.0,3.331232278013574,6.640210528250523
calibration,recommended_10h,82,24.0,5.0,3.434544663915373,6.701159935591061
calibration,recommended_10h,83,24.0,5.0,3.5367116106645113,6.740026783950714
calibration,recommended_10h,84,24.0,5.0,3.6412131597014508,6.78970105387966
calibration,recommended_10h,85,24.0,5.0,3.7490767243993917,6.855043398997762
calibration,recommended_10h,86,24.0,5.0,3.8559847732847485,6.915926457404509
calibration,recommended_10h,87,24.0,5.0,3.9645003170796,6.974123956366274
calibration,recommended_10h,88,24.0,5.0,4.0716366134353255,7.028554317818991
calibration,recommended_10h,89,24.0,5.0,4.185182105750096,7.0684628710729225
calibration,recommended_10h,90,24.0,5.0,4.300291355689345,7.119617878401607
calibration,recommended_10h,91,24.0,5.0,4.416569611329879,7.154354316496669
calibration,recommended_10h,92,24.0,5.0,4.529805445118185,7.222670426812061
calibration,recommended_10h,93,24.0,5.0,4.640390305179598,7.2909126203230645
calibration,recommended_10h,94,24.0,5.0,4.751882319820555,7.338340074629102
calibration,recommended_10h,95,24.0,5.0,4.861256831875571,7.394818928783065
calibration,recommended_10h,96,24.0,5.0,4.965273707544382,7.436317890696897
calibration,recommended_10h,97,24.0,5.0,5.064507561855347,7.480064776658324
calibration,recommended_10h,98,24.0,5.0,5.158729540756957,7.533784409756739
calibration,recommended_10h,99,24.0,5.0,5.2489594183436905,7.570199206501682
calibration,recommended_10h,100,24.0,5.0,5.334267516867164,7.597018672626854
calibration,recommended_10h,20,24.0,12.0,1.8170081241358549,2.9861484825077778
calibration,recommended_10h,21,24.0,12.0,1.7637935085859535,2.9623981414015788
calibration,recommended_10h,22,24.0,12.0,1.7460561603311886,3.0373276026380625
calibration,recommended_10h,23,24.0,12.0,1.7434755406061209,3.181983719829029
calibration,recommended_10h,24,24.0,12.0,1.6273528768845136,3.0282433592040636
calibration,recommended_10h,25,24.0,12.0,1.5388179840053917,2.995486302400563
calibration,recommended_10h,26,24.0,12.0,1.483775127335507,2.9918218864714685
calibration,recommended_10h,27,24.0,12.0,1.437063682696027,3.080707591056564
calibration,recommended_10h,28,24.0,12.0,1.3601477903524062,3.1453052372434565
calibration,recommended_10h,29,24.0,12.0,1.3056179759465047,3.2027892357992194
calibration,recommended_10h,30,24.0,12.0,1.2157949132086898,3.117067311730648
calibration,recommended_10h,31,24.0,12.0,1.1302681879321819,3.083447522434568
calibration,recommended_10h,32,24.0,12.0,1.1047076026512448,3.2516229314281997
calibration,recommended_10h,33,24.0,12.0,1.1786569660716895,3.2571110561421035
calibration,recommended_10h,34,24.0,12.0,1.1836597965456885,3.305396882687206
calibration,recommended_10h,35,24.0,12.0,1.227740111644704,3.4437603806986017
calibration,recommended_10h,36,24.0,12.0,1.2869537016606758,3.486770999349864
calibration,recommended_10h,37,24.0,12.0,1.3227608219041898,3.4692147936770112
calibration,recommended_10h,38,24.0,12.0,1.3504319843157697,3.568240664527611
calibration,recommended_10h,39,24.0,12.0,1.3930522004619972,3.61564060323476
calibration,recommended_10h,40,24.0,12.0,1.4331597400720764,3.7048905983952496
calibration,recommended_10h,41,24.0,12.0,1.4739649787794962,3.8506163458043696
calibration,recommended_10h,42,24.0,12.0,1.4827642351232573,3.9197020734050847
calibration,recommended_10h,43,24.0,12.0,1.506247823561746,4.031142074590099
calibration,recommended_10h,44,24.0,12.0,1.529818743213296,4.162259989981298
calibration,recommended_10h,45,24.0,12.0,1.5989880823827685,4.190646557805211
calibration,recommended_10h,46,24.0,12.0,1.6807909004512789,4.400644549595234
calibration,recommended_10h,47,24.0,12.0,1.7227261328207621,4.515782378234667
calibration,recommended_10h,48,24.0,12.0,1.7573500112819884,4.550969343935107
calibration,recommended_10h,49,24.0,12.0,1.8132084825843275,4.689180865589115
calibration,recommended_10h,50,24.0,12.0,1.853182940948006,4.739693612264073
calibration,recommended_10h,51,24.0,12.0,1.887641022992259,4.828395140635933
calibration,recommended_10h,52,24.0,12.0,1.9175263475952997,4.923479815805809
calibration,recommended_10h,53,24.0,12.0,1.948414018734046,4.954197841072072
calibration,recommended_10h,54,24.0,12.0,1.9708820540798255,5.027743838868837
calibration,recommended_10h,55,24.0,12.0,1.9985455379369022,5.175460124911013
calibration,recommended_10h,56,24.0,12.0,2.026264102969799,5.246167792626122
calibration,recommended_10h,57,24.0,12.0,2.051074381263196,5.330967574103851
calibration,recommended_10h,58,24.0,12.0,2.0789828830803048,5.396139027368019
calibration,recommended_10h,59,24.0,12.0,2.10165434724503,5.444458531110796
calibration,recommended_10h,60,24.0,12.0,2.1322303762518535,5.509368493943612
calibration,recommended_10h,61,24.0,12.0,2.162527644565615,5.573010634095121
calibration,recommended_10h,62,24.0,12.0,2.187423890363571,5.631808924586235
calibration,recommended_10h,63,24.0,12.0,2.214731814226467,5.688533432072829
calibration,recommended_10h,64,24.0,12.0,2.2454467950169033,5.736896301207861
calibration,recommended_10h,65,24.0,12.0,2.285291500140274,5.822901461478058
calibration,recommended_10h,66,24.0,12.0,2.317683952070282,5.865574464094525
calibration,recommended_10h,67,24.0,12.0,2.3551023443537655,5.9042194819064475
calibration,recommended_10h,68,24.0,12.0,2.389231207039999,5.993744827489933
calibration,recommended_10h,69,24.0,12.0,2.4288130846988665,6.045902610041498
calibration,recommended_10h,70,24.0,12.0,2.4689734917435535,6.138067791553925
calibration,recommended_10h,71,24.0,12.0,2.5100365134039793,6.203413938250857
calibration,recommended_10h,72,24.0,12.0,2.549281273280335,6.238507415045613
calibration,recommended_10h,73,24.0,12.0,2.5900416526713377,6.277849704782867
calibration,recommended_10h,74,24.0,12.0,2.6380183311929484,6.337834917184604
calibration,recommended_10h,75,24.0,12.0,2.7346876531269437,6.362296824771163
calibration,recommended_10h,76,24.0,12.0,2.831308981145142,6.4122213538822415
calibration,recommended_10h,77,24.0,12.0,2.930248473621022,6.454889732948854
calibration,recommended_10h,78,24.0,12.0,3.0261444474745103,6.531806005352436
calibration,recommended_10h,79,24.0,12.0,3.125849150231219,6.556309820428696
calibration,recommended_10h,80,24.0,12.0,3.2293013434431694,6.593725889639046
calibration,recommended_10h,81,24.0,12.0,3.331232278013574,6.640210528250501
calibration,recommended_10h,82,24.0,12.0,3.434544663915373,6.701159935591061
calibration,recommended_10h,83,24.0,12.0,3.5367116106645113,6.740026783950714
calibration,recommended_10h,84,24.0,12.0,3.6412131597014508,6.78970105387966
calibration,recommended_10h,85,24.0,12.0,3.7490767243993695,6.855043398997762
calibration,recommended_10h,86,24.0,12.0,3.8559847732847485,6.915926457404509
calibration,recommended_10h,87,24.0,12.0,3.9645003170796222,6.974123956366252
calibration,recommended_10h,88,24.0,12.0,4.071636613435303,7.0285543178190135
calibration,recommended_10h,89,24.0,12.0,4.185182105750074,7.0684628710729
calibration,recommended_10h,90,24.0,12.0,4.300291355689345,7.1196178784016295
calibration,recommended_10h,91,24.0,12.0,4.416569611329857,7.154354316496669
calibration,recommended_10h,92,24.0,12.0,4.529805445118162,7.222670426812106
calibration,recommended_10h,93,24.0,12.0,4.640390305179598,7.290912620323042
calibration,recommended_10h,94,24.0,12.0,4.751882319820555,7.338340074629102
calibration,recommended_10h,95,24.0,12.0,4.861256831875571,7.394818928783042
calibration,recommended_10h,96,24.0,12.0,4.965273707544404,7.436317890696897
calibration,recommended_10h,97,24.0,12.0,5.064507561855325,7.4800647766582795
calibration,recommended_10h,98,24.0,12.0,5.158729540756957,7.533784409756694
calibration,recommended_10h,99,24.0,12.0,5.2489594183436905,7.570199206501682
calibration,recommended_10h,100,24.0,12.0,5.334267516867164,7.597018672626832
independent,previous_12h,20,4.0,1.0,0.9605819034682828,1.3626625371509604
independent,previous_12h,21,4.0,1.0,1.0056499716891487,1.3109833458083475
independent,previous_12h,22,4.0,1.0,0.9967311524377465,1.4987495652019067
independent,previous_12h,23,4.0,1.0,1.0784602074626504,1.5207813878767018
independent,previous_12h,24,4.0,1.0,1.0531824318573912,1.546814484814818
independent,previous_12h,25,4.0,1.0,1.067666676052803,1.6685383252130537
independent,previous_12h,26,4.0,1.0,1.0582604040147325,1.6635428777598937
independent,previous_12h,27,4.0,1.0,1.0678976256005335,1.7076076943336016
independent,previous_12h,28,4.0,1.0,1.0408217744021009,1.923893214475747
independent,previous_12h,29,4.0,1.0,1.035361960685166,2.035283886582717
independent,previous_12h,30,4.0,1.0,1.041660027707536,2.1822502960178847
independent,previous_12h,31,4.0,1.0,1.046699242011706,2.2284844276982074
independent,previous_12h,32,4.0,1.0,1.0657257426086808,2.3840385443749224
independent,previous_12h,33,4.0,1.0,1.0897562685283857,2.37982677474331
independent,previous_12h,34,4.0,1.0,1.1197835086532049,2.4030443419752023
independent,previous_12h,35,4.0,1.0,1.1457697616607199,2.4868649889832506
independent,previous_12h,36,4.0,1.0,1.179587850385766,2.5182658861415463
independent,previous_12h,37,4.0,1.0,1.2115776878423246,2.5681910042142597
independent,previous_12h,38,4.0,1.0,1.2363570304982696,2.6443989774698196
independent,previous_12h,39,4.0,1.0,1.2394232903758962,2.7249839832163225
independent,previous_12h,40,4.0,1.0,1.2315591170663165,2.83612750987865
independent,previous_12h,41,4.0,1.0,1.2304588795093663,2.9336395089039957
independent,previous_12h,42,4.0,1.0,1.255224235380492,2.9991300557184575
independent,previous_12h,43,4.0,1.0,1.2892424657048762,3.0899726430600127
independent,previous_12h,44,4.0,1.0,1.2999197185767475,3.1456709530153004
independent,previous_12h,45,4.0,1.0,1.3259724644217652,3.2378233393203892
independent,previous_12h,46,4.0,1.0,1.4323899732898937,3.33709871136183
independent,previous_12h,47,4.0,1.0,1.5334476583949819,3.412553423951792
independent,previous_12h,48,4.0,1.0,1.630769575841562,3.540272217743645
independent,previous_12h,49,4.0,1.0,1.7354928749981013,3.6320254678422703
independent,previous_12h,50,4.0,1.0,1.8452588700462735,3.7137683763358798
independent,previous_12h,51,4.0,1.0,1.9510846738148402,3.7977315859334393
independent,previous_12h,52,4.0,1.0,2.0651852743616583,3.854567663050412
independent,previous_12h,53,4.0,1.0,2.1675784163770695,3.9448082465680434
independent,previous_12h,54,4.0,1.0,2.2795478555666104,4.0115912407350685
independent,previous_12h,55,4.0,1.0,2.390659283344676,4.028011742135584
independent,previous_12h,56,4.0,1.0,2.506851178540548,4.072635810297198
independent,previous_12h,57,4.0,1.0,2.631827217469862,4.135637267940084
independent,previous_12h,58,4.0,1.0,2.7580865195302673,4.156006605957763
independent,previous_12h,59,4.0,1.0,2.8893888155618663,4.221322290100371
independent,previous_12h,60,4.0,1.0,3.019812082696194,4.256242847549863
independent,previous_12h,61,4.0,1.0,3.156992832972949,4.313334477784214
independent,previous_12h,62,4.0,1.0,3.291943961934418,4.354612089823862
independent,previous_12h,63,4.0,1.0,3.4336272645131283,4.416282395929616
independent,previous_12h,64,4.0,1.0,3.5783776884414475,4.460034879195973
independent,previous_12h,65,4.0,1.0,3.72809086920054,4.494221572177692
independent,previous_12h,66,4.0,1.0,3.8803877713665225,4.550944689455716
independent,previous_12h,67,4.0,1.0,4.040562063563824,4.619727884634384
independent,previous_12h,68,4.0,1.0,4.193306130196595,4.694809916815523
independent,previous_12h,69,4.0,1.0,4.35463655598991,4.786923111114039
independent,previous_12h,70,4.0,1.0,4.51929011952219,4.869137907577192
independent,previous_12h,71,4.0,1.0,4.68947253703107,4.943441752601663
independent,previous_12h,72,4.0,1.0,4.860508140862274,5.034516309317283
independent,previous_12h,73,4.0,1.0,5.033050144121609,5.133237678042479
independent,previous_12h,74,4.0,1.0,5.217860091453197,5.220086004381175
independent,previous_12h,75,4.0,1.0,5.407895477661473,5.319051484814996
independent,previous_12h,76,4.0,1.0,5.599044715053059,5.396018806693048
independent,previous_12h,77,4.0,1.0,5.794350330609799,5.494215038759731
independent,previous_12h,78,4.0,1.0,5.98604935042768,5.575503075435462
independent,previous_12h,79,4.0,1.0,6.184881807552456,5.642302901331342
independent,previous_12h,80,4.0,1.0,6.386448785312382,5.719281218096395
independent,previous_12h,81,4.0,1.0,6.5904499353524715,5.7979714638409785
independent,previous_12h,82,4.0,1.0,6.799396785018508,5.875653634954148
independent,previous_12h,83,4.0,1.0,7.002598904882262,5.934136628099185
independent,previous_12h,84,4.0,1.0,7.216483074846836,6.0121441109381335
independent,previous_12h,85,4.0,1.0,7.430964127113837,6.080340191915701
independent,previous_12h,86,4.0,1.0,7.647957757820922,6.175996662004168
independent,previous_12h,87,4.0,1.0,7.86959950366124,6.254500871423829
independent,previous_12h,88,4.0,1.0,8.085490041719567,6.327581796874604
independent,previous_12h,89,4.0,1.0,8.315077283116556,6.376951823982346
independent,previous_12h,90,4.0,1.0,8.54954386775988,6.548479601227997
independent,previous_12h,91,4.0,1.0,8.784990534949944,6.7216422475549376
independent,previous_12h,92,4.0,1.0,9.0170394252447,6.893388489404906
independent,previous_12h,93,4.0,1.0,9.242242119296652,7.049289186809449
independent,previous_12h,94,4.0,1.0,9.46795285429114,7.198832560109403
independent,previous_12h,95,4.0,1.0,9.687942134292825,7.375571872265274
independent,previous_12h,96,4.0,1.0,9.89798181529773,7.523895048357154
independent,previous_12h,97,4.0,1.0,10.088802484559412,7.659853148615592
independent,previous_12h,98,4.0,1.0,10.275591342675195,7.799278122679376
independent,previous_12h,99,4.0,1.0,10.451501350375736,7.917801764082877
independent,previous_12h,100,4.0,1.0,10.618805066913195,8.048798776541478
independent,previous_12h,20,4.0,5.0,0.9605819034682606,1.3626625371509826
independent,previous_12h,21,4.0,5.0,1.0056499716891487,1.310983345808392
independent,previous_12h,22,4.0,5.0,0.996731152437702,1.4987495652019067
independent,previous_12h,23,4.0,5.0,1.0784602074626282,1.5207813878766574
independent,previous_12h,24,4.0,5.0,1.0531824318574134,1.546814484814818
independent,previous_12h,25,4.0,5.0,1.0676666760527809,1.668538325212987
independent,previous_12h,26,4.0,5.0,1.0582604040147325,1.6635428777598937
independent,previous_12h,27,4.0,5.0,1.0678976256005335,1.7076076943336016
independent,previous_12h,28,4.0,5.0,1.0408217744021009,1.923893214475747
independent,previous_12h,29,4.0,5.0,1.0353619606851439,2.0352838865827394
independent,previous_12h,30,4.0,5.0,1.0416600277075139,2.1822502960178625
independent,previous_12h,31,4.0,5.0,1.0466992420116839,2.228484427698185
independent,previous_12h,32,4.0,5.0,1.0657257426087474,2.3840385443749446
independent,previous_12h,33,4.0,5.0,1.0897562685283635,2.3798267747432877
independent,previous_12h,34,4.0,5.0,1.1197835086531827,2.4030443419752023
independent,previous_12h,35,4.0,5.0,1.1457697616607199,2.486864988983273
independent,previous_12h,36,4.0,5.0,1.1795878503857438,2.5182658861415685
independent,previous_12h,37,4.0,5.0,1.2115776878423246,2.568191004214282
independent,previous_12h,38,4.0,5.0,1.2363570304982918,2.6443989774698196
independent,previous_12h,39,4.0,5.0,1.2394232903758962,2.7249839832163003
independent,previous_12h,40,4.0,5.0,1.2315591170663387,2.83612750987865
independent,previous_12h,41,4.0,5.0,1.230458879509344,2.93363950890404
independent,previous_12h,42,4.0,5.0,1.255224235380492,2.9991300557184797
independent,previous_12h,43,4.0,5.0,1.289242465704854,3.089972643060035
independent,previous_12h,44,4.0,5.0,1.2999197185767475,3.1456709530153004
independent,previous_12h,45,4.0,5.0,1.3259724644218096,3.2378233393203892
independent,previous_12h,46,4.0,5.0,1.4323899732898937,3.33709871136183
independent,previous_12h,47,4.0,5.0,1.533447658395004,3.4125534239517696
independent,previous_12h,48,4.0,5.0,1.630769575841584,3.5402722177436674
independent,previous_12h,49,4.0,5.0,1.7354928749980791,3.6320254678423147
independent,previous_12h,50,4.0,5.0,1.8452588700462735,3.7137683763358798
independent,previous_12h,51,4.0,5.0,1.951084673814818,3.7977315859334393
independent,previous_12h,52,4.0,5.0,2.065185274361636,3.8545676630504566
independent,previous_12h,53,4.0,5.0,2.1675784163770695,3.9448082465680434
independent,previous_12h,54,4.0,5.0,2.2795478555665882,4.011591240735113
independent,previous_12h,55,4.0,5.0,2.390659283344676,4.028011742135584
independent,previous_12h,56,4.0,5.0,2.50685117854057,4.072635810297198
independent,previous_12h,57,4.0,5.0,2.6318272174699064,4.135637267940062
independent,previous_12h,58,4.0,5.0,2.7580865195302895,4.156006605957763
independent,previous_12h,59,4.0,5.0,2.8893888155619107,4.221322290100327
independent,previous_12h,60,4.0,5.0,3.0198120826961716,4.256242847549907
independent,previous_12h,61,4.0,5.0,3.156992832972949,4.313334477784259
independent,previous_12h,62,4.0,5.0,3.291943961934418,4.354612089823839
independent,previous_12h,63,4.0,5.0,3.43304577098813,4.416282395929616
independent,previous_12h,64,4.0,5.0,3.574186304387017,4.460034879195929
independent,previous_12h,65,4.0,5.0,3.712911276177455,4.494221572177715
independent,previous_12h,66,4.0,5.0,3.8427514328346124,4.5509446894556715
independent,previous_12h,67,4.0,5.0,3.9675111063532276,4.6197278846343615
independent,previous_12h,68,4.0,5.0,4.075362788190917,4.694809916815523
independent,previous_12h,69,4.0,5.0,4.17798638683069,4.786923111114061
independent,previous_12h,70,4.0,5.0,4.268143532107227,4.869137907577192
independent,previous_12h,71,4.0,5.0,4.349480495398073,4.943441752601663
independent,previous_12h,72,4.0,5.0,4.416954980984755,5.034516309317305
independent,previous_12h,73,4.0,5.0,4.475956323732055,5.1332376780425015
independent,previous_12h,74,4.0,5.0,4.526747873704662,5.220086004381197
independent,previous_12h,75,4.0,5.0,4.569831284776038,5.319051484815018
independent,previous_12h,76,4.0,5.0,4.601991873273059,5.396018806693048
independent,previous_12h,77,4.0,5.0,4.62598493438604,5.494215038759753
independent,previous_12h,78,4.0,5.0,4.642516768504112,5.575503075435484
independent,previous_12h,79,4.0,5.0,4.650446522466156,5.64230290133132
independent,previous_12h,80,4.0,5.0,4.650123963356978,5.719281218096395
independent,previous_12h,81,4.0,5.0,4.642680356113749,5.797971463841023
independent,previous_12h,82,4.0,5.0,4.629854576087733,5.8756536349541255
independent,previous_12h,83,4.0,5.0,4.609669002866412,5.934136628099229
independent,previous_12h,84,4.0,5.0,4.584586717254058,6.012144110938089
independent,previous_12h,85,4.0,5.0,4.550681763660469,6.080340191915701
independent,previous_12h,86,4.0,5.0,4.511873841634406,6.176211314702984
independent,previous_12h,87,4.0,5.0,4.468784785056301,6.255844165967517
independent,previous_12h,88,4.0,5.0,4.421252147707455,6.331367718134251
independent,previous_12h,89,4.0,5.0,4.366829042680376,6.3843380852576015
independent,previous_12h,90,4.0,5.0,4.3080334813651255,6.463700405110995
independent,previous_12h,91,4.0,5.0,4.246516477096263,6.529142330553928
independent,previous_12h,92,4.0,5.0,4.183393013523595,6.594171107297919
independent,previous_12h,93,4.0,5.0,4.119813360150948,6.647948904069678
independent,previous_12h,94,4.0,5.0,4.053319617638862,6.697220025151607
independent,previous_12h,95,4.0,5.0,3.9860126693890052,6.779660008782584
independent,previous_12h,96,4.0,5.0,3.9177065785543697,6.844729363500335
independent,previous_12h,97,4.0,5.0,3.849153208086098,6.908919922888157
independent,previous_12h,98,4.0,5.0,3.7815409434685643,6.980855315988621
independent,previous_12h,99,4.0,5.0,3.714696567133724,7.035807910179193
independent,previous_12h,100,4.0,5.0,3.651093986632703,7.090883671923942
independent,previous_12h,20,4.0,12.0,0.9402715261516814,1.3756561594368222
independent,previous_12h,21,4.0,12.0,0.9808439207425579,1.3846340682490021
independent,previous_12h,22,4.0,12.0,0.9685495695889612,1.5366689838829384
independent,previous_12h,23,4.0,12.0,1.0544447077265318,1.614391711341434
independent,previous_12h,24,4.0,12.0,1.092809364548497,1.7182953396751355
independent,previous_12h,25,4.0,12.0,1.1447795895114465,1.7993073857133446
independent,previous_12h,26,4.0,12.0,1.174211443405282,1.8804255951034632
independent,previous_12h,27,4.0,12.0,1.1926424050632933,1.9807636767346093
independent,previous_12h,28,4.0,12.0,1.1756701258420543,2.0715441556694802
independent,previous_12h,29,4.0,12.0,1.152997908834319,2.14944804545234
independent,previous_12h,30,4.0,12.0,1.1765585528810352,2.26889993025432
independent,previous_12h,31,4.0,12.0,1.17246728551057,2.3222412494829037
independent,previous_12h,32,4.0,12.0,1.216532436166129,2.421291829502481
independent,previous_12h,33,4.0,12.0,1.2502542065660371,2.5164312035949266
independent,previous_12h,34,4.0,12.0,1.2738800401839168,2.600942310892407
independent,previous_12h,35,4.0,12.0,1.3130076339483931,2.6974925491191737
independent,previous_12h,36,4.0,12.0,1.344872162636368,2.787214188326259
independent,previous_12h,37,4.0,12.0,1.3610150756962813,2.8522293140303523
independent,previous_12h,38,4.0,12.0,1.372255238133513,2.93516231030595
independent,previous_12h,39,4.0,12.0,1.343321151254262,2.9945287622724637
independent,previous_12h,40,4.0,12.0,1.336062466833443,3.0896858613308487
independent,previous_12h,41,4.0,12.0,1.327330052336051,3.176588542119063
independent,previous_12h,42,4.0,12.0,1.326897883196576,3.2439695538770907
independent,previous_12h,43,4.0,12.0,1.348719665007314,3.3258053214725303
independent,previous_12h,44,4.0,12.0,1.3647007816654844,3.427357465652414
independent,previous_12h,45,4.0,12.0,1.3798397589867228,3.513275117731185
independent,previous_12h,46,4.0,12.0,1.350297301488479,3.5746795173825507
independent,previous_12h,47,4.0,12.0,1.342025391831414,3.644328533551655
independent,previous_12h,48,4.0,12.0,1.3333219465432977,3.7193133399359812
independent,previous_12h,49,4.0,12.0,1.3468525178009338,3.796838584684026
independent,previous_12h,50,4.0,12.0,1.3724307704475747,3.8762070777687674
independent,previous_12h,51,4.0,12.0,1.4069851869215055,3.9669662051201815
independent,previous_12h,52,4.0,12.0,1.4388000014702085,4.04836313676078
independent,previous_12h,53,4.0,12.0,1.4733899321310862,4.15316029648638
independent,previous_12h,54,4.0,12.0,1.509224466296888,4.250677591897123
independent,previous_12h,55,4.0,12.0,1.5367851382278586,4.352605028420475
independent,previous_12h,56,4.0,12.0,1.5622146831842265,4.452621350650077
independent,previous_12h,57,4.0,12.0,1.57733639469948,4.552626125541592
independent,previous_12h,58,4.0,12.0,1.5879432496691104,4.656821914878506
independent,previous_12h,59,4.0,12.0,1.597463065819471,4.767445332679476
independent,previous_12h,60,4.0,12.0,1.6054106518702094,4.87979226057742
independent,previous_12h,61,4.0,12.0,1.61682212510601,4.992215333843442
independent,previous_12h,62,4.0,12.0,1.6247251565964405,5.10092135872533
independent,previous_12h,63,4.0,12.0,1.6332667895167852,5.214123208353905
independent,previous_12h,64,4.0,12.0,1.6459888106050702,5.329211458984329
independent,previous_12h,65,4.0,12.0,1.656902090065726,5.445636071260007
independent,previous_12h,66,4.0,12.0,1.6697903443781525,5.564275117612305
independent,previous_12h,67,4.0,12.0,1.6860392892513731,5.676145149925915
independent,previous_12h,68,4.0,12.0,1.6985189837738224,5.791228619664035
independent,previous_12h,69,4.0,12.0,1.7139727613681544,5.906865112920334
independent,previous_12h,70,4.0,12.0,1.7318927015422592,6.02689228950597
independent,previous_12h,71,4.0,12.0,1.7501304040835608,6.1426620870727255
independent,previous_12h,72,4.0,12.0,1.768418739825628,6.264666643869843
independent,previous_12h,73,4.0,12.0,1.7868174828840955,6.378232342781098
independent,previous_12h,74,4.0,12.0,1.8050520945612991,6.498463380160602
independent,previous_12h,75,4.0,12.0,1.8238902869671447,6.618301770844348
independent,previous_12h,76,4.0,12.0,1.841732387993833,6.738163847546885
independent,previous_12h,77,4.0,12.0,1.8624138158908954,6.8584444014743395
independent,previous_12h,78,4.0,12.0,1.8834562485311679,6.9730932993368855
independent,previous_12h,79,4.0,12.0,1.9016614524698383,7.0931312257988655
independent,previous_12h,80,4.0,12.0,1.9215857641330159,7.214512895757186
independent,previous_12h,81,4.0,12.0,1.9439884075190594,7.3374534097767175
independent,previous_12h,82,4.0,12.0,1.9678708240429499,7.459915161351804
independent,previous_12h,83,4.0,12.0,1.989517455801737,7.580447949312652
independent,previous_12h,84,4.0,12.0,2.0137027062769652,7.702240674097882
independent,previous_12h,85,4.0,12.0,2.0370423474515897,7.827015217204547
independent,previous_12h,86,4.0,12.0,2.0606083289487653,7.952233911332707
independent,previous_12h,87,4.0,12.0,2.12422021336669,8.075384049562517
independent,previous_12h,88,4.0,12.0,2.1820682410344627,8.194858598823407
independent,previous_12h,89,4.0,12.0,2.2472853426785067,8.315010580175052
independent,previous_12h,90,4.0,12.0,2.314551910074192,8.43433119695629
independent,previous_12h,91,4.0,12.0,2.3791626731101356,8.554837271206694
independent,previous_12h,92,4.0,12.0,2.445826473839996,8.67276089082929
independent,previous_12h,93,4.0,12.0,2.5080101438885727,8.787700752406934
independent,previous_12h,94,4.0,12.0,2.5745750512221166,8.903436178186276
independent,previous_12h,95,4.0,12.0,2.643011350843061,9.01644802678858
independent,previous_12h,96,4.0,12.0,2.7097528176986296,9.126833691766944
independent,previous_12h,97,4.0,12.0,2.773533100454828,9.230021616226814
independent,previous_12h,98,4.0,12.0,2.8393945041660817,9.330241052466448
independent,previous_12h,99,4.0,12.0,2.904675584378058,9.427570933606756
independent,previous_12h,100,4.0,12.0,2.9726145907753354,9.518432317060533
independent,previous_12h,20,8.0,1.0,0.9605819034682606,1.3626625371509382
independent,previous_12h,21,8.0,1.0,1.0056499716891487,1.3109833458083697
independent,previous_12h,22,8.0,1.0,0.9967311524377243,1.4987495652018845
independent,previous_12h,23,8.0,1.0,1.0784602074626282,1.5207813878766796
independent,previous_12h,24,8.0,1.0,1.0531824318573912,1.5468144848148402
independent,previous_12h,25,8.0,1.0,1.0676666760527809,1.668538325212987
independent,previous_12h,26,8.0,1.0,1.0582604040147325,1.6635428777598937
independent,previous_12h,27,8.0,1.0,1.0678976256005113,1.7076076943335794
independent,previous_12h,28,8.0,1.0,1.0408217744021009,1.923893214475747
independent,previous_12h,29,8.0,1.0,1.0353619606851439,2.0352838865827616
independent,previous_12h,30,8.0,1.0,1.0416600277075583,2.1822502960178847
independent,previous_12h,31,8.0,1.0,1.046699242011706,2.2284844276982074
independent,previous_12h,32,8.0,1.0,1.0657257426087252,2.3840385443749224
independent,previous_12h,33,8.0,1.0,1.0897562685283635,2.3798267747432877
independent,previous_12h,34,8.0,1.0,1.1197835086531605,2.4030443419752245
independent,previous_12h,35,8.0,1.0,1.1457697616607199,2.4868649889832506
independent,previous_12h,36,8.0,1.0,1.179587850385766,2.5182658861415685
independent,previous_12h,37,8.0,1.0,1.2115776878423468,2.5681910042142597
independent,previous_12h,38,8.0,1.0,1.2363570304982918,2.6443989774698196
independent,previous_12h,39,8.0,1.0,1.2394232903759184,2.724983983216278
independent,previous_12h,40,8.0,1.0,1.2315591170663387,2.83612750987865
independent,previous_12h,41,8.0,1.0,1.2304588795093219,2.93363950890404
independent,previous_12h,42,8.0,1.0,1.2552242353805143,2.9991300557184575
independent,previous_12h,43,8.0,1.0,1.2892424657048762,3.0899726430600127
independent,previous_12h,44,8.0,1.0,1.2999197185767697,3.145670953015278
independent,previous_12h,45,8.0,1.0,1.3259724644217652,3.2378233393203892
independent,previous_12h,46,8.0,1.0,1.4323899732898715,3.337098711361852
independent,previous_12h,47,8.0,1.0,1.533447658395004,3.4125534239517696
independent,previous_12h,48,8.0,1.0,1.630769575841584,3.5402722177436674
independent,previous_12h,49,8.0,1.0,1.7354928749980791,3.6320254678423147
independent,previous_12h,50,8.0,1.0,1.8452588700462735,3.7137683763358575
independent,previous_12h,51,8.0,1.0,1.951084673814818,3.7977315859334837
independent,previous_12h,52,8.0,1.0,2.0651852743616805,3.8545676630504344
independent,previous_12h,53,8.0,1.0,2.167578416377025,3.9448082465680656
independent,previous_12h,54,8.0,1.0,2.2795478555665882,4.011591240735091
independent,previous_12h,55,8.0,1.0,2.390659283344676,4.028011742135584
independent,previous_12h,56,8.0,1.0,2.50685117854057,4.07263581029722
independent,previous_12h,57,8.0,1.0,2.6318272174699064,4.13563726794004
independent,previous_12h,58,8.0,1.0,2.7580865195302673,4.156006605957785
independent,previous_12h,59,8.0,1.0,2.8893888155618885,4.221322290100371
independent,previous_12h,60,8.0,1.0,3.0198120826961494,4.256242847549907
independent,previous_12h,61,8.0,1.0,3.156992832972949,4.313334477784236
independent,previous_12h,62,8.0,1.0,3.291943961934396,4.354612089823862
independent,previous_12h,63,8.0,1.0,3.4336272645131283,4.416282395929616
independent,previous_12h,64,8.0,1.0,3.5783776884414253,4.460034879195973
independent,previous_12h,65,8.0,1.0,3.72809086920054,4.494221572177737
independent,previous_12h,66,8.0,1.0,3.8803877713665447,4.550944689455694
independent,previous_12h,67,8.0,1.0,4.040562063563846,4.619727884634339
independent,previous_12h,68,8.0,1.0,4.193306130196572,4.6948099168155455
independent,previous_12h,69,8.0,1.0,4.354636555989888,4.786923111114061
independent,previous_12h,70,8.0,1.0,4.519290119522212,4.86913790757717
independent,previous_12h,71,8.0,1.0,4.68947253703107,4.943441752601663
independent,previous_12h,72,8.0,1.0,4.860508140862274,5.034516309317327
independent,previous_12h,73,8.0,1.0,5.033050144121631,5.133237678042457
independent,previous_12h,74,8.0,1.0,5.217860091453175,5.220086004381175
independent,previous_12h,75,8.0,1.0,5.407895477661473,5.319051484814996
independent,previous_12h,76,8.0,1.0,5.599044715053059,5.396018806693026
independent,previous_12h,77,8.0,1.0,5.794350330609821,5.494215038759731
independent,previous_12h,78,8.0,1.0,5.98604935042768,5.575503075435462
independent,previous_12h,79,8.0,1.0,6.184881807552456,5.64230290133132
independent,previous_12h,80,8.0,1.0,6.386448785312382,5.719281218096395
independent,previous_12h,81,8.0,1.0,6.590449935352494,5.797971463841001
independent,previous_12h,82,8.0,1.0,6.7993967850184855,5.8756536349541255
independent,previous_12h,83,8.0,1.0,7.002598904882262,5.934136628099207
independent,previous_12h,84,8.0,1.0,7.216483074846858,6.012144110938111
independent,previous_12h,85,8.0,1.0,7.430964127113837,6.080340191915701
independent,previous_12h,86,8.0,1.0,7.647957757820922,6.175996662004191
independent,previous_12h,87,8.0,1.0,7.86959950366124,6.254500871423874
independent,previous_12h,88,8.0,1.0,8.08549004171959,6.327581796874582
independent,previous_12h,89,8.0,1.0,8.315077283116556,6.376951823982324
independent,previous_12h,90,8.0,1.0,8.54954386775988,6.548479601228041
independent,previous_12h,91,8.0,1.0,8.784990534949966,6.721642247554982
independent,previous_12h,92,8.0,1.0,9.017039425244722,6.893388489404928
independent,previous_12h,93,8.0,1.0,9.242242119296673,7.049289186809449
independent,previous_12h,94,8.0,1.0,9.467952854291163,7.198832560109425
independent,previous_12h,95,8.0,1.0,9.687942134292825,7.375571872265252
independent,previous_12h,96,8.0,1.0,9.89798181529775,7.523895048357132
independent,previous_12h,97,8.0,1.0,10.088802484559366,7.65985314861557
independent,previous_12h,98,8.0,1.0,10.275591342675217,7.799278122679376
independent,previous_12h,99,8.0,1.0,10.451501350375736,7.917801764082899
independent,previous_12h,100,8.0,1.0,10.618805066913195,8.048798776541478
independent,previous_12h,20,8.0,5.0,0.9605819034682828,1.3626625371509826
independent,previous_12h,21,8.0,5.0,1.005649971689171,1.3109833458083697
independent,previous_12h,22,8.0,5.0,0.9967311524377243,1.4987495652019067
independent,previous_12h,23,8.0,5.0,1.0784602074626504,1.5207813878766796
independent,previous_12h,24,8.0,5.0,1.0531824318574134,1.5468144848148402
independent,previous_12h,25,8.0,5.0,1.0676666760527809,1.6685383252130093
independent,previous_12h,26,8.0,5.0,1.0582604040147325,1.6635428777598937
independent,previous_12h,27,8.0,5.0,1.0678976256005113,1.7076076943336016
independent,previous_12h,28,8.0,5.0,1.0408217744021009,1.9238932144757248
independent,previous_12h,29,8.0,5.0,1.035361960685166,2.0352838865827394
independent,previous_12h,30,8.0,5.0,1.0416600277075583,2.1822502960178847
independent,previous_12h,31,8.0,5.0,1.0466992420117283,2.228484427698185
independent,previous_12h,32,8.0,5.0,1.0657257426087252,2.3840385443749224
independent,previous_12h,33,8.0,5.0,1.0897562685283857,2.3798267747432877
independent,previous_12h,34,8.0,5.0,1.1197835086531827,2.40304434197518
independent,previous_12h,35,8.0,5.0,1.145769761660742,2.4868649889832506
independent,previous_12h,36,8.0,5.0,1.179587850385766,2.5182658861415685
independent,previous_12h,37,8.0,5.0,1.2115776878423468,2.5681910042142597
independent,previous_12h,38,8.0,5.0,1.2363570304982696,2.6443989774698418
independent,previous_12h,39,8.0,5.0,1.2394232903758962,2.7249839832163225
independent,previous_12h,40,8.0,5.0,1.2315591170663165,2.83612750987865
independent,previous_12h,41,8.0,5.0,1.2304588795093663,2.933639508904018
independent,previous_12h,42,8.0,5.0,1.2552242353805365,2.999130055718413
independent,previous_12h,43,8.0,5.0,1.2892424657048762,3.0899726430600127
independent,previous_12h,44,8.0,5.0,1.2999197185767697,3.1456709530153004
independent,previous_12h,45,8.0,5.0,1.3259724644217652,3.237823339320367
independent,previous_12h,46,8.0,5.0,1.432389973289916,3.33709871136183
independent,previous_12h,47,8.0,5.0,1.533447658395004,3.4125534239517474
independent,previous_12h,48,8.0,5.0,1.6307695758416063,3.540272217743623
independent,previous_12h,49,8.0,5.0,1.7354928749980791,3.632025467842248
independent,previous_12h,50,8.0,5.0,1.8452588700462735,3.7137683763358575
independent,previous_12h,51,8.0,5.0,1.9510846738148624,3.797731585933417
independent,previous_12h,52,8.0,5.0,2.0651852743616805,3.8545676630504566
independent,previous_12h,53,8.0,5.0,2.1675784163770473,3.9448082465680434
independent,previous_12h,54,8.0,5.0,2.2795478555666104,4.011591240735091
independent,previous_12h,55,8.0,5.0,2.390659283344676,4.028011742135562
independent,previous_12h,56,8.0,5.0,2.5068511785405923,4.07263581029722
independent,previous_12h,57,8.0,5.0,2.6318272174699064,4.135637267940062
independent,previous_12h,58,8.0,5.0,2.7580865195302673,4.156006605957785
independent,previous_12h,59,8.0,5.0,2.8893888155618885,4.221322290100371
independent,previous_12h,60,8.0,5.0,3.0198120826961494,4.256242847549929
independent,previous_12h,61,8.0,5.0,3.156992832972949,4.313334477784214
independent,previous_12h,62,8.0,5.0,3.291943961934396,4.354612089823862
independent,previous_12h,63,8.0,5.0,3.4336272645131283,4.416282395929594
independent,previous_12h,64,8.0,5.0,3.578377688441492,4.460034879195929
independent,previous_12h,65,8.0,5.0,3.7280908692005843,4.494221572177692
independent,previous_12h,66,8.0,5.0,3.8803877713665447,4.5509446894556715
independent,previous_12h,67,8.0,5.0,4.040562063563824,4.619727884634384
independent,previous_12h,68,8.0,5.0,4.193306130196595,4.694809916815501
independent,previous_12h,69,8.0,5.0,4.35463655598991,4.786923111114061
independent,previous_12h,70,8.0,5.0,4.51929011952219,4.86913790757717
independent,previous_12h,71,8.0,5.0,4.68947253703107,4.943441752601663
independent,previous_12h,72,8.0,5.0,4.8605081408623185,5.034516309317283
independent,previous_12h,73,8.0,5.0,5.033050144121609,5.133237678042479
independent,previous_12h,74,8.0,5.0,5.2178600914531525,5.220086004381197
independent,previous_12h,75,8.0,5.0,5.407895477661473,5.319051484815018
independent,previous_12h,76,8.0,5.0,5.5990447150530365,5.396018806693048
independent,previous_12h,77,8.0,5.0,5.794350330609799,5.494215038759731
independent,previous_12h,78,8.0,5.0,5.98604935042768,5.575503075435462
independent,previous_12h,79,8.0,5.0,6.184881807552478,5.64230290133132
independent,previous_12h,80,8.0,5.0,6.386448785312404,5.719281218096373
independent,previous_12h,81,8.0,5.0,6.5904499353524715,5.797971463841023
independent,previous_12h,82,8.0,5.0,6.7993967850184855,5.8756536349541255
independent,previous_12h,83,8.0,5.0,7.002598904882262,5.934136628099207
independent,previous_12h,84,8.0,5.0,7.216483074846858,6.0121441109381335
independent,previous_12h,85,8.0,5.0,7.430964127113837,6.080340191915723
independent,previous_12h,86,8.0,5.0,7.6479577578209,6.175996662004213
independent,previous_12h,87,8.0,5.0,7.86959950366124,6.254500871423829
independent,previous_12h,88,8.0,5.0,8.08549004171959,6.327581796874582
independent,previous_12h,89,8.0,5.0,8.315077283116533,6.376951823982346
independent,previous_12h,90,8.0,5.0,8.549543867759857,6.548479601228041
independent,previous_12h,91,8.0,5.0,8.784990534949966,6.7216422475549376
independent,previous_12h,92,8.0,5.0,9.017039425244677,6.893388489404884
independent,previous_12h,93,8.0,5.0,9.242242119296652,7.049289186809471
independent,previous_12h,94,8.0,5.0,9.467952854291116,7.198832560109425
independent,previous_12h,95,8.0,5.0,9.687942134292848,7.375571872265274
independent,previous_12h,96,8.0,5.0,9.897981815297708,7.523895048357088
independent,previous_12h,97,8.0,5.0,10.08880248455939,7.659853148615636
independent,previous_12h,98,8.0,5.0,10.275591342675261,7.799278122679376
independent,previous_12h,99,8.0,5.0,10.451501350375715,7.917801764082855
independent,previous_12h,100,8.0,5.0,10.618805066913218,8.0487987765415
independent,previous_12h,20,8.0,12.0,0.9402715261516814,1.3756561594368222
independent,previous_12h,21,8.0,12.0,0.9808439207425579,1.3846340682490021
independent,previous_12h,22,8.0,12.0,0.9685495695889612,1.5366689838829384
independent,previous_12h,23,8.0,12.0,1.0544447077265318,1.614391711341434
independent,previous_12h,24,8.0,12.0,1.092809364548497,1.7182953396751355
independent,previous_12h,25,8.0,12.0,1.1447795895114465,1.7993073857133446
independent,previous_12h,26,8.0,12.0,1.174211443405282,1.8804255951034632
independent,previous_12h,27,8.0,12.0,1.1926424050632933,1.9807636767346093
independent,previous_12h,28,8.0,12.0,1.1756701258420543,2.0715441556694802
independent,previous_12h,29,8.0,12.0,1.152997908834319,2.14944804545234
independent,previous_12h,30,8.0,12.0,1.1765585528810352,2.26889993025432
independent,previous_12h,31,8.0,12.0,1.17246728551057,2.3222412494829037
independent,previous_12h,32,8.0,12.0,1.216532436166129,2.421291829502481
independent,previous_12h,33,8.0,12.0,1.2502542065660371,2.5164312035949266
independent,previous_12h,34,8.0,12.0,1.2738800401839168,2.600942310892407
independent,previous_12h,35,8.0,12.0,1.3130076339483931,2.6974925491191737
independent,previous_12h,36,8.0,12.0,1.344872162636368,2.787214188326259
independent,previous_12h,37,8.0,12.0,1.3610150756962813,2.8522293140303523
independent,previous_12h,38,8.0,12.0,1.372255238133513,2.93516231030595
independent,previous_12h,39,8.0,12.0,1.343321151254262,2.9945287622724637
independent,previous_12h,40,8.0,12.0,1.336062466833443,3.0896858613308487
independent,previous_12h,41,8.0,12.0,1.327330052336051,3.176588542119063
independent,previous_12h,42,8.0,12.0,1.326897883196576,3.2439695538770907
independent,previous_12h,43,8.0,12.0,1.348719665007314,3.3258053214725303
independent,previous_12h,44,8.0,12.0,1.3647007816654844,3.427357465652414
independent,previous_12h,45,8.0,12.0,1.3798397589867228,3.513275117731185
independent,previous_12h,46,8.0,12.0,1.350297301488479,3.5746795173825507
independent,previous_12h,47,8.0,12.0,1.342025391831414,3.644328533551655
independent,previous_12h,48,8.0,12.0,1.3333219465432977,3.7193133399359812
independent,previous_12h,49,8.0,12.0,1.3468525178009338,3.796838584684026
independent,previous_12h,50,8.0,12.0,1.3724307704475747,3.8762070777687674
independent,previous_12h,51,8.0,12.0,1.4069851869215055,3.9669662051201815
independent,previous_12h,52,8.0,12.0,1.4388000014702085,4.04836313676078
independent,previous_12h,53,8.0,12.0,1.4733899321310862,4.15316029648638
independent,previous_12h,54,8.0,12.0,1.509224466296888,4.250677591897123
independent,previous_12h,55,8.0,12.0,1.5367851382278586,4.352605028420475
independent,previous_12h,56,8.0,12.0,1.5622146831842265,4.452621350650077
independent,previous_12h,57,8.0,12.0,1.57733639469948,4.552626125541592
independent,previous_12h,58,8.0,12.0,1.5879432496691104,4.656821914878506
independent,previous_12h,59,8.0,12.0,1.597463065819471,4.767445332679476
independent,previous_12h,60,8.0,12.0,1.6054106518702094,4.87979226057742
independent,previous_12h,61,8.0,12.0,1.61682212510601,4.992215333843442
independent,previous_12h,62,8.0,12.0,1.6247251565964405,5.10092135872533
independent,previous_12h,63,8.0,12.0,1.6332667895167852,5.214123208353905
independent,previous_12h,64,8.0,12.0,1.6459888106050702,5.329211458984329
independent,previous_12h,65,8.0,12.0,1.656902090065726,5.445636071260007
independent,previous_12h,66,8.0,12.0,1.6697903443781525,5.564275117612305
independent,previous_12h,67,8.0,12.0,1.6860392892513731,5.676145149925915
independent,previous_12h,68,8.0,12.0,1.6985189837738224,5.791228619664035
independent,previous_12h,69,8.0,12.0,1.7139727613681544,5.906865112920334
independent,previous_12h,70,8.0,12.0,1.7318927015422592,6.02689228950597
independent,previous_12h,71,8.0,12.0,1.7501304040835608,6.1426620870727255
independent,previous_12h,72,8.0,12.0,1.768418739825628,6.264666643869843
independent,previous_12h,73,8.0,12.0,1.7868174828840955,6.378232342781098
independent,previous_12h,74,8.0,12.0,1.8050520945612991,6.498463380160602
independent,previous_12h,75,8.0,12.0,1.8238902869671447,6.618301770844348
independent,previous_12h,76,8.0,12.0,1.841732387993833,6.738163847546885
independent,previous_12h,77,8.0,12.0,1.8624138158908954,6.8584444014743395
independent,previous_12h,78,8.0,12.0,1.8834562485311679,6.9730932993368855
independent,previous_12h,79,8.0,12.0,1.9016614524698383,7.0931312257988655
independent,previous_12h,80,8.0,12.0,1.9215857641330159,7.214512895757186
independent,previous_12h,81,8.0,12.0,1.9439884075190594,7.3374534097767175
independent,previous_12h,82,8.0,12.0,1.9678708240429499,7.459915161351804
independent,previous_12h,83,8.0,12.0,1.989517455801737,7.580447949312652
independent,previous_12h,84,8.0,12.0,2.0137027062769652,7.702240674097882
independent,previous_12h,85,8.0,12.0,2.0370423474515897,7.827015217204547
independent,previous_12h,86,8.0,12.0,2.0606083289487653,7.952233911332707
independent,previous_12h,87,8.0,12.0,2.12422021336669,8.075384049562517
independent,previous_12h,88,8.0,12.0,2.1820682410344627,8.194858598823407
independent,previous_12h,89,8.0,12.0,2.2472853426785067,8.315010580175052
independent,previous_12h,90,8.0,12.0,2.314551910074192,8.43433119695629
independent,previous_12h,91,8.0,12.0,2.3791626731101356,8.554837271206694
independent,previous_12h,92,8.0,12.0,2.445826473839996,8.67276089082929
independent,previous_12h,93,8.0,12.0,2.5080101438885727,8.787700752406934
independent,previous_12h,94,8.0,12.0,2.5745750512221166,8.903436178186276
independent,previous_12h,95,8.0,12.0,2.643011350843061,9.01644802678858
independent,previous_12h,96,8.0,12.0,2.7097528176986296,9.126833691766944
independent,previous_12h,97,8.0,12.0,2.773533100454828,9.230021616226814
independent,previous_12h,98,8.0,12.0,2.8393945041660817,9.330241052466448
independent,previous_12h,99,8.0,12.0,2.904675584378058,9.427570933606756
independent,previous_12h,100,8.0,12.0,2.9726145907753354,9.518432317060533
independent,previous_12h,20,10.0,1.0,0.9605819034682828,1.3626625371509604
independent,previous_12h,21,10.0,1.0,1.005649971689171,1.310983345808392
independent,previous_12h,22,10.0,1.0,0.9967311524377243,1.4987495652019067
independent,previous_12h,23,10.0,1.0,1.0784602074626504,1.5207813878766574
independent,previous_12h,24,10.0,1.0,1.0531824318574134,1.5468144848148402
independent,previous_12h,25,10.0,1.0,1.0676666760527809,1.6685383252130093
independent,previous_12h,26,10.0,1.0,1.0582604040147103,1.663542877759916
independent,previous_12h,27,10.0,1.0,1.0678976256005557,1.7076076943336016
independent,previous_12h,28,10.0,1.0,1.0408217744020787,1.923893214475747
independent,previous_12h,29,10.0,1.0,1.0353619606851217,2.035283886582717
independent,previous_12h,30,10.0,1.0,1.041660027707536,2.1822502960178847
independent,previous_12h,31,10.0,1.0,1.0466992420117283,2.2284844276982074
independent,previous_12h,32,10.0,1.0,1.065725742608703,2.3840385443749446
independent,previous_12h,33,10.0,1.0,1.0897562685283635,2.379826774743332
independent,previous_12h,34,10.0,1.0,1.1197835086532049,2.40304434197518
independent,previous_12h,35,10.0,1.0,1.145769761660742,2.486864988983273
independent,previous_12h,36,10.0,1.0,1.1795878503857882,2.5182658861415463
independent,previous_12h,37,10.0,1.0,1.2115776878423246,2.5681910042142597
independent,previous_12h,38,10.0,1.0,1.2363570304982696,2.644398977469864
independent,previous_12h,39,10.0,1.0,1.239423290375874,2.7249839832163447
independent,previous_12h,40,10.0,1.0,1.2315591170663165,2.83612750987865
independent,previous_12h,41,10.0,1.0,1.230458879509344,2.93363950890404
independent,previous_12h,42,10.0,1.0,1.2552242353805143,2.9991300557184797
independent,previous_12h,43,10.0,1.0,1.289242465704854,3.089972643060035
independent,previous_12h,44,10.0,1.0,1.2999197185767475,3.1456709530153226
independent,previous_12h,45,10.0,1.0,1.3259724644217652,3.2378233393203892
independent,previous_12h,46,10.0,1.0,1.4323899732898937,3.337098711361852
independent,previous_12h,47,10.0,1.0,1.5334476583949819,3.412553423951792
independent,previous_12h,48,10.0,1.0,1.6307695758415397,3.5402722177436896
independent,previous_12h,49,10.0,1.0,1.735492874998057,3.6320254678422925
independent,previous_12h,50,10.0,1.0,1.8452588700462957,3.7137683763358353
independent,previous_12h,51,10.0,1.0,1.9510846738148402,3.7977315859334615
independent,previous_12h,52,10.0,1.0,2.0651852743616583,3.8545676630504566
independent,previous_12h,53,10.0,1.0,2.1675784163770917,3.9448082465680434
independent,previous_12h,54,10.0,1.0,2.2795478555666104,4.011591240735091
independent,previous_12h,55,10.0,1.0,2.390659283344654,4.0280117421356065
independent,previous_12h,56,10.0,1.0,2.50685117854057,4.072635810297243
independent,previous_12h,57,10.0,1.0,2.6318272174699064,4.135637267940062
independent,previous_12h,58,10.0,1.0,2.758086519530245,4.156006605957807
independent,previous_12h,59,10.0,1.0,2.8893888155618885,4.221322290100349
independent,previous_12h,60,10.0,1.0,3.0198120826961716,4.256242847549907
independent,previous_12h,61,10.0,1.0,3.1569928329729713,4.313334477784236
independent,previous_12h,62,10.0,1.0,3.291943961934396,4.354612089823862
independent,previous_12h,63,10.0,1.0,3.4336272645131505,4.416282395929638
independent,previous_12h,64,10.0,1.0,3.5783776884414253,4.460034879195973
independent,previous_12h,65,10.0,1.0,3.72809086920054,4.494221572177715
independent,previous_12h,66,10.0,1.0,3.8803877713665447,4.550944689455694
independent,previous_12h,67,10.0,1.0,4.040562063563824,4.619727884634384
independent,previous_12h,68,10.0,1.0,4.193306130196595,4.694809916815568
independent,previous_12h,69,10.0,1.0,4.354636555989888,4.786923111114039
independent,previous_12h,70,10.0,1.0,4.51929011952219,4.86913790757717
independent,previous_12h,71,10.0,1.0,4.689472537031092,4.943441752601663
independent,previous_12h,72,10.0,1.0,4.860508140862274,5.034516309317305
independent,previous_12h,73,10.0,1.0,5.0330501441216535,5.133237678042479
independent,previous_12h,74,10.0,1.0,5.2178600914531525,5.220086004381219
independent,previous_12h,75,10.0,1.0,5.407895477661473,5.319051484814996
independent,previous_12h,76,10.0,1.0,5.599044715053081,5.396018806693026
independent,previous_12h,77,10.0,1.0,5.794350330609799,5.494215038759753
independent,previous_12h,78,10.0,1.0,5.986049350427702,5.575503075435462
independent,previous_12h,79,10.0,1.0,6.184881807552456,5.642302901331342
independent,previous_12h,80,10.0,1.0,6.386448785312404,5.71928121809635
independent,previous_12h,81,10.0,1.0,6.590449935352449,5.797971463841001
independent,previous_12h,82,10.0,1.0,6.7993967850184855,5.875653634954148
independent,previous_12h,83,10.0,1.0,7.002598904882262,5.934136628099207
independent,previous_12h,84,10.0,1.0,7.216483074846902,6.012144110938089
independent,previous_12h,85,10.0,1.0,7.430964127113837,6.080340191915701
independent,previous_12h,86,10.0,1.0,7.647957757820922,6.175996662004191
independent,previous_12h,87,10.0,1.0,7.869599503661262,6.254500871423829
independent,previous_12h,88,10.0,1.0,8.08549004171959,6.327581796874604
independent,previous_12h,89,10.0,1.0,8.315077283116556,6.376951823982346
independent,previous_12h,90,10.0,1.0,8.549543867759901,6.548479601228041
independent,previous_12h,91,10.0,1.0,8.784990534949944,6.72164224755496
independent,previous_12h,92,10.0,1.0,9.0170394252447,6.893388489404906
independent,previous_12h,93,10.0,1.0,9.242242119296673,7.049289186809449
independent,previous_12h,94,10.0,1.0,9.467952854291163,7.198832560109447
independent,previous_12h,95,10.0,1.0,9.687942134292848,7.375571872265274
independent,previous_12h,96,10.0,1.0,9.89798181529775,7.523895048357132
independent,previous_12h,97,10.0,1.0,10.08880248455939,7.659853148615592
independent,previous_12h,98,10.0,1.0,10.275591342675261,7.799278122679376
independent,previous_12h,99,10.0,1.0,10.451501350375736,7.917801764082899
independent,previous_12h,100,10.0,1.0,10.618805066913195,8.04879877654152
independent,previous_12h,20,10.0,5.0,0.9605819034682606,1.3626625371509382
independent,previous_12h,21,10.0,5.0,1.0056499716891265,1.3109833458083475
independent,previous_12h,22,10.0,5.0,0.9967311524377465,1.4987495652018845
independent,previous_12h,23,10.0,5.0,1.0784602074626504,1.5207813878766796
independent,previous_12h,24,10.0,5.0,1.0531824318574134,1.546814484814818
independent,previous_12h,25,10.0,5.0,1.067666676052803,1.6685383252130093
independent,previous_12h,26,10.0,5.0,1.0582604040147325,1.6635428777598937
independent,previous_12h,27,10.0,5.0,1.0678976256005335,1.7076076943335794
independent,previous_12h,28,10.0,5.0,1.0408217744021009,1.9238932144757248
independent,previous_12h,29,10.0,5.0,1.0353619606851439,2.035283886582717
independent,previous_12h,30,10.0,5.0,1.041660027707536,2.1822502960178847
independent,previous_12h,31,10.0,5.0,1.046699242011706,2.228484427698185
independent,previous_12h,32,10.0,5.0,1.0657257426087252,2.3840385443749224
independent,previous_12h,33,10.0,5.0,1.0897562685283635,2.37982677474331
independent,previous_12h,34,10.0,5.0,1.1197835086531827,2.40304434197518
independent,previous_12h,35,10.0,5.0,1.1457697616607199,2.4868649889832284
independent,previous_12h,36,10.0,5.0,1.179587850385766,2.5182658861415685
independent,previous_12h,37,10.0,5.0,1.2115776878423246,2.568191004214282
independent,previous_12h,38,10.0,5.0,1.2363570304982918,2.6443989774698418
independent,previous_12h,39,10.0,5.0,1.2394232903758962,2.7249839832163003
independent,previous_12h,40,10.0,5.0,1.2315591170663387,2.8361275098786276
independent,previous_12h,41,10.0,5.0,1.2304588795093219,2.9336395089040623
independent,previous_12h,42,10.0,5.0,1.2552242353805143,2.9991300557184575
independent,previous_12h,43,10.0,5.0,1.2892424657048762,3.0899726430600127
independent,previous_12h,44,10.0,5.0,1.2999197185767475,3.1456709530153004
independent,previous_12h,45,10.0,5.0,1.3259724644217652,3.237823339320367
independent,previous_12h,46,10.0,5.0,1.4323899732898937,3.33709871136183
independent,previous_12h,47,10.0,5.0,1.5334476583949819,3.4125534239517696
independent,previous_12h,48,10.0,5.0,1.6307695758416063,3.540272217743645
independent,previous_12h,49,10.0,5.0,1.7354928749980791,3.6320254678422925
independent,previous_12h,50,10.0,5.0,1.8452588700462957,3.7137683763358798
independent,previous_12h,51,10.0,5.0,1.9510846738148402,3.797731585933417
independent,previous_12h,52,10.0,5.0,2.0651852743616583,3.8545676630504344
independent,previous_12h,53,10.0,5.0,2.1675784163770695,3.944808246568021
independent,previous_12h,54,10.0,5.0,2.2795478555666104,4.011591240735091
independent,previous_12h,55,10.0,5.0,2.3906592833446982,4.028011742135562
independent,previous_12h,56,10.0,5.0,2.50685117854057,4.072635810297243
independent,previous_12h,57,10.0,5.0,2.6318272174699286,4.13563726794004
independent,previous_12h,58,10.0,5.0,2.7580865195302895,4.156006605957763
independent,previous_12h,59,10.0,5.0,2.8893888155618885,4.221322290100349
independent,previous_12h,60,10.0,5.0,3.0198120826961716,4.256242847549885
independent,previous_12h,61,10.0,5.0,3.1569928329729713,4.313334477784214
independent,previous_12h,62,10.0,5.0,3.291943961934418,4.354612089823862
independent,previous_12h,63,10.0,5.0,3.4336272645131505,4.416282395929594
independent,previous_12h,64,10.0,5.0,3.5783776884414253,4.460034879195951
independent,previous_12h,65,10.0,5.0,3.728090869200562,4.49422157217767
independent,previous_12h,66,10.0,5.0,3.8803877713665447,4.5509446894556715
independent,previous_12h,67,10.0,5.0,4.040562063563824,4.6197278846343615
independent,previous_12h,68,10.0,5.0,4.193306130196617,4.694809916815501
independent,previous_12h,69,10.0,5.0,4.35463655598991,4.7869231111140165
independent,previous_12h,70,10.0,5.0,4.51929011952219,4.86913790757717
independent,previous_12h,71,10.0,5.0,4.689472537031114,4.943441752601618
independent,previous_12h,72,10.0,5.0,4.860508140862296,5.034516309317283
independent,previous_12h,73,10.0,5.0,5.033050144121631,5.133237678042435
independent,previous_12h,74,10.0,5.0,5.217860091453175,5.220086004381197
independent,previous_12h,75,10.0,5.0,5.407895477661495,5.319051484814974
independent,previous_12h,76,10.0,5.0,5.599044715053059,5.396018806693048
independent,previous_12h,77,10.0,5.0,5.794350330609821,5.494215038759709
independent,previous_12h,78,10.0,5.0,5.98604935042768,5.5755030754354395
independent,previous_12h,79,10.0,5.0,6.1848818075525,5.6423029013312975
independent,previous_12h,80,10.0,5.0,6.386448785312382,5.719281218096395
independent,previous_12h,81,10.0,5.0,6.590449935352449,5.797971463841023
independent,previous_12h,82,10.0,5.0,6.799396785018508,5.8756536349541255
independent,previous_12h,83,10.0,5.0,7.002598904882262,5.934136628099185
independent,previous_12h,84,10.0,5.0,7.216483074846858,6.012144110938111
independent,previous_12h,85,10.0,5.0,7.430964127113837,6.080340191915723
independent,previous_12h,86,10.0,5.0,7.647957757820922,6.175996662004168
independent,previous_12h,87,10.0,5.0,7.869599503661262,6.254500871423829
independent,previous_12h,88,10.0,5.0,8.08549004171959,6.327581796874604
independent,previous_12h,89,10.0,5.0,8.31507728311658,6.376951823982302
independent,previous_12h,90,10.0,5.0,8.549543867759901,6.548479601228019
independent,previous_12h,91,10.0,5.0,8.784990534949944,6.72164224755496
independent,previous_12h,92,10.0,5.0,9.0170394252447,6.893388489404906
independent,previous_12h,93,10.0,5.0,9.242242119296673,7.049289186809449
independent,previous_12h,94,10.0,5.0,9.467952854291116,7.198832560109425
independent,previous_12h,95,10.0,5.0,9.687942134292825,7.375571872265252
independent,previous_12h,96,10.0,5.0,9.89798181529773,7.52389504835711
independent,previous_12h,97,10.0,5.0,10.088802484559345,7.65985314861557
independent,previous_12h,98,10.0,5.0,10.275591342675217,7.799278122679376
independent,previous_12h,99,10.0,5.0,10.451501350375715,7.917801764082877
independent,previous_12h,100,10.0,5.0,10.618805066913218,8.0487987765415
independent,previous_12h,20,10.0,12.0,0.9605819034682606,1.3626625371509826
independent,previous_12h,21,10.0,12.0,1.0056499716891487,1.310983345808392
independent,previous_12h,22,10.0,12.0,0.9967311524377243,1.4987495652019067
independent,previous_12h,23,10.0,12.0,1.0784602074626726,1.5207813878766796
independent,previous_12h,24,10.0,12.0,1.0531824318573912,1.546814484814818
independent,previous_12h,25,10.0,12.0,1.0676666760527809,1.6685383252130093
independent,previous_12h,26,10.0,12.0,1.0582604040147325,1.6635428777598937
independent,previous_12h,27,10.0,12.0,1.0678976256005335,1.7076076943336016
independent,previous_12h,28,10.0,12.0,1.040821774402123,1.923893214475747
independent,previous_12h,29,10.0,12.0,1.0353619606851439,2.035283886582717
independent,previous_12h,30,10.0,12.0,1.041660027707536,2.1822502960178625
independent,previous_12h,31,10.0,12.0,1.046699242011706,2.2284844276982074
independent,previous_12h,32,10.0,12.0,1.065725742608703,2.3840385443749224
independent,previous_12h,33,10.0,12.0,1.0897562685283635,2.37982677474331
independent,previous_12h,34,10.0,12.0,1.1197835086531827,2.4030443419752023
independent,previous_12h,35,10.0,12.0,1.1457697616607199,2.4868649889832506
independent,previous_12h,36,10.0,12.0,1.1795878503857882,2.5182658861415685
independent,previous_12h,37,10.0,12.0,1.2115776878423246,2.568191004214282
independent,previous_12h,38,10.0,12.0,1.2363570304982918,2.6443989774698196
independent,previous_12h,39,10.0,12.0,1.2394232903759184,2.7249839832163003
independent,previous_12h,40,10.0,12.0,1.2315591170663387,2.8361275098786276
independent,previous_12h,41,10.0,12.0,1.230458879509344,2.933639508904018
independent,previous_12h,42,10.0,12.0,1.25522423538047,2.9991300557184797
independent,previous_12h,43,10.0,12.0,1.2892424657048318,3.089972643060035
independent,previous_12h,44,10.0,12.0,1.2999197185767697,3.1456709530153004
independent,previous_12h,45,10.0,12.0,1.325972464421743,3.2378233393204114
independent,previous_12h,46,10.0,12.0,1.4323899732898493,3.337098711361852
independent,previous_12h,47,10.0,12.0,1.533447658395004,3.4125534239517696
independent,previous_12h,48,10.0,12.0,1.630769575841584,3.5402722177436674
independent,previous_12h,49,10.0,12.0,1.7354928749980791,3.6320254678422925
independent,previous_12h,50,10.0,12.0,1.8452588700462735,3.7137683763358798
independent,previous_12h,51,10.0,12.0,1.9510846738148402,3.7977315859334615
independent,previous_12h,52,10.0,12.0,2.065185274361636,3.8545676630504566
independent,previous_12h,53,10.0,12.0,2.1675784163770473,3.9448082465680656
independent,previous_12h,54,10.0,12.0,2.279547855566566,4.011591240735135
independent,previous_12h,55,10.0,12.0,2.3906592833446316,4.0280117421356065
independent,previous_12h,56,10.0,12.0,2.50685117854057,4.072635810297243
independent,previous_12h,57,10.0,12.0,2.6318272174699064,4.135637267940062
independent,previous_12h,58,10.0,12.0,2.758086519530223,4.156006605957807
independent,previous_12h,59,10.0,12.0,2.889388815561844,4.221322290100393
independent,previous_12h,60,10.0,12.0,3.019812082696127,4.256242847549951
independent,previous_12h,61,10.0,12.0,3.156992832972949,4.313334477784259
independent,previous_12h,62,10.0,12.0,3.2919439619343738,4.354612089823862
independent,previous_12h,63,10.0,12.0,3.433627264513106,4.416282395929638
independent,previous_12h,64,10.0,12.0,3.5783776884414253,4.460034879195973
independent,previous_12h,65,10.0,12.0,3.728090869200562,4.494221572177715
independent,previous_12h,66,10.0,12.0,3.8803877713665003,4.5509446894556715
independent,previous_12h,67,10.0,12.0,4.040562063563824,4.6197278846343615
independent,previous_12h,68,10.0,12.0,4.193306130196595,4.694809916815523
independent,previous_12h,69,10.0,12.0,4.353611838655147,4.786923111114083
independent,previous_12h,70,10.0,12.0,4.51389409011127,4.869137907577192
independent,previous_12h,71,10.0,12.0,4.673112834461524,4.9434417526016405
independent,previous_12h,72,10.0,12.0,4.822627613021413,5.034516309317305
independent,previous_12h,73,10.0,12.0,4.962501115282403,5.133237678042457
independent,previous_12h,74,10.0,12.0,5.099242020318062,5.220086004381219
independent,previous_12h,75,10.0,12.0,5.2263066674110625,5.319051484815018
independent,previous_12h,76,10.0,12.0,5.339376316701272,5.39601880669307
independent,previous_12h,77,10.0,12.0,5.441726590020068,5.4942150387597755
independent,previous_12h,78,10.0,12.0,5.530878107610149,5.575503075435506
independent,previous_12h,79,10.0,12.0,5.610962838379874,5.642302901331342
independent,previous_12h,80,10.0,12.0,5.680566648608987,5.719281218096373
independent,previous_12h,81,10.0,12.0,5.740527564972431,5.797971463841045
independent,previous_12h,82,10.0,12.0,5.793044095174582,5.875653634954148
independent,previous_12h,83,10.0,12.0,5.8339002751685465,5.934136628099207
independent,previous_12h,84,10.0,12.0,5.86960873770721,6.012144110938111
independent,previous_12h,85,10.0,12.0,5.894663213180018,6.080340191915723
independent,previous_12h,86,10.0,12.0,5.912707383567217,6.175996662004213
independent,previous_12h,87,10.0,12.0,5.924825396455424,6.254500871423874
independent,previous_12h,88,10.0,12.0,5.928834072989764,6.327581796874604
independent,previous_12h,89,10.0,12.0,5.926227598551326,6.376951823982324
independent,previous_12h,90,10.0,12.0,5.916010938683081,6.4520254115052245
independent,previous_12h,91,10.0,12.0,5.898701765393621,6.512766690118599
independent,previous_12h,92,10.0,12.0,5.87509320054227,6.572663875340856
independent,previous_12h,93,10.0,12.0,5.845942273989158,6.620333659609834
independent,previous_12h,94,10.0,12.0,5.810280869078865,6.661905570594939
independent,previous_12h,95,10.0,12.0,5.769547110116124,6.734197669361119
independent,previous_12h,96,10.0,12.0,5.722733894307996,6.785977547847044
independent,previous_12h,97,10.0,12.0,5.669535286506555,6.8355720704490475
independent,previous_12h,98,10.0,12.0,5.6124073249377515,6.892334103468234
independent,previous_12h,99,10.0,12.0,5.550676890259099,6.941126445554446
independent,previous_12h,100,10.0,12.0,5.486645068514839,7.001702843743884
independent,previous_12h,20,12.0,1.0,0.9605819034682606,1.3626625371509604
independent,previous_12h,21,12.0,1.0,1.005649971689171,1.3109833458083697
independent,previous_12h,22,12.0,1.0,0.9967311524377243,1.4987495652018845
independent,previous_12h,23,12.0,1.0,1.0784602074626504,1.5207813878767018
independent,previous_12h,24,12.0,1.0,1.0531824318574134,1.5468144848148402
independent,previous_12h,25,12.0,1.0,1.0676666760527809,1.6685383252130315
independent,previous_12h,26,12.0,1.0,1.058260404014777,1.6635428777598937
independent,previous_12h,27,12.0,1.0,1.0678976256005113,1.7076076943336016
independent,previous_12h,28,12.0,1.0,1.0408217744020565,1.923893214475747
independent,previous_12h,29,12.0,1.0,1.0353619606851439,2.035283886582717
independent,previous_12h,30,12.0,1.0,1.0416600277075583,2.182250296017907
independent,previous_12h,31,12.0,1.0,1.046699242011706,2.228484427698185
independent,previous_12h,32,12.0,1.0,1.065725742608703,2.3840385443749224
independent,previous_12h,33,12.0,1.0,1.0897562685283635,2.37982677474331
independent,previous_12h,34,12.0,1.0,1.1197835086531605,2.40304434197518
independent,previous_12h,35,12.0,1.0,1.1457697616607199,2.4868649889832506
independent,previous_12h,36,12.0,1.0,1.179587850385766,2.5182658861415685
independent,previous_12h,37,12.0,1.0,1.2115776878423246,2.5681910042142597
independent,previous_12h,38,12.0,1.0,1.236357030498314,2.6443989774697974
independent,previous_12h,39,12.0,1.0,1.239423290375874,2.7249839832163225
independent,previous_12h,40,12.0,1.0,1.2315591170663165,2.8361275098786276
independent,previous_12h,41,12.0,1.0,1.2304588795093663,2.933639508904018
independent,previous_12h,42,12.0,1.0,1.2552242353805143,2.9991300557184575
independent,previous_12h,43,12.0,1.0,1.2892424657048762,3.0899726430600127
independent,previous_12h,44,12.0,1.0,1.2999197185767475,3.1456709530153226
independent,previous_12h,45,12.0,1.0,1.3259724644217874,3.237823339320345
independent,previous_12h,46,12.0,1.0,1.432389973289916,3.33709871136183
independent,previous_12h,47,12.0,1.0,1.5334476583949819,3.4125534239517696
independent,previous_12h,48,12.0,1.0,1.6307695758416063,3.5402722177436674
independent,previous_12h,49,12.0,1.0,1.7354928749981013,3.6320254678422925
independent,previous_12h,50,12.0,1.0,1.8452588700462957,3.7137683763358575
independent,previous_12h,51,12.0,1.0,1.9510846738148624,3.7977315859334393
independent,previous_12h,52,12.0,1.0,2.0651852743616583,3.8545676630504344
independent,previous_12h,53,12.0,1.0,2.1675784163770695,3.9448082465680434
independent,previous_12h,54,12.0,1.0,2.2795478555666104,4.0115912407350685
independent,previous_12h,55,12.0,1.0,2.390659283344676,4.02801174213554
independent,previous_12h,56,12.0,1.0,2.50685117854057,4.07263581029722
independent,previous_12h,57,12.0,1.0,2.6318272174699286,4.13563726794004
independent,previous_12h,58,12.0,1.0,2.758086519530245,4.156006605957785
independent,previous_12h,59,12.0,1.0,2.8893888155618885,4.221322290100371
independent,previous_12h,60,12.0,1.0,3.019812082696127,4.256242847549907
independent,previous_12h,61,12.0,1.0,3.1569928329729713,4.313334477784236
independent,previous_12h,62,12.0,1.0,3.291943961934418,4.354612089823862
independent,previous_12h,63,12.0,1.0,3.4336272645131505,4.416282395929594
independent,previous_12h,64,12.0,1.0,3.5783776884414698,4.460034879195951
independent,previous_12h,65,12.0,1.0,3.728090869200562,4.494221572177692
independent,previous_12h,66,12.0,1.0,3.8803877713665003,4.550944689455694
independent,previous_12h,67,12.0,1.0,4.040562063563846,4.619727884634317
independent,previous_12h,68,12.0,1.0,4.193306130196617,4.694809916815523
independent,previous_12h,69,12.0,1.0,4.354636555989866,4.786923111114083
independent,previous_12h,70,12.0,1.0,4.51929011952219,4.86913790757717
independent,previous_12h,71,12.0,1.0,4.689472537031092,4.943441752601618
independent,previous_12h,72,12.0,1.0,4.860508140862274,5.034516309317283
independent,previous_12h,73,12.0,1.0,5.033050144121609,5.133237678042457
independent,previous_12h,74,12.0,1.0,5.217860091453175,5.220086004381197
independent,previous_12h,75,12.0,1.0,5.407895477661473,5.319051484815018
independent,previous_12h,76,12.0,1.0,5.599044715053059,5.39601880669307
independent,previous_12h,77,12.0,1.0,5.794350330609799,5.494215038759753
independent,previous_12h,78,12.0,1.0,5.98604935042768,5.575503075435462
independent,previous_12h,79,12.0,1.0,6.184881807552478,5.64230290133132
independent,previous_12h,80,12.0,1.0,6.386448785312404,5.719281218096373
independent,previous_12h,81,12.0,1.0,6.5904499353524715,5.7979714638409785
independent,previous_12h,82,12.0,1.0,6.7993967850184855,5.875653634954148
independent,previous_12h,83,12.0,1.0,7.002598904882262,5.934136628099207
independent,previous_12h,84,12.0,1.0,7.21648307484688,6.012144110938089
independent,previous_12h,85,12.0,1.0,7.430964127113859,6.080340191915723
independent,previous_12h,86,12.0,1.0,7.647957757820945,6.175996662004168
independent,previous_12h,87,12.0,1.0,7.869599503661284,6.254500871423829
independent,previous_12h,88,12.0,1.0,8.085490041719613,6.327581796874582
independent,previous_12h,89,12.0,1.0,8.31507728311658,6.376951823982346
independent,previous_12h,90,12.0,1.0,8.549543867759922,6.548479601228041
independent,previous_12h,91,12.0,1.0,8.784990534949944,6.7216422475549376
independent,previous_12h,92,12.0,1.0,9.017039425244722,6.893388489404906
independent,previous_12h,93,12.0,1.0,9.242242119296652,7.049289186809471
independent,previous_12h,94,12.0,1.0,9.46795285429114,7.198832560109447
independent,previous_12h,95,12.0,1.0,9.687942134292872,7.375571872265296
independent,previous_12h,96,12.0,1.0,9.89798181529775,7.523895048357132
independent,previous_12h,97,12.0,1.0,10.088802484559366,7.659853148615592
independent,previous_12h,98,12.0,1.0,10.275591342675238,7.799278122679354
independent,previous_12h,99,12.0,1.0,10.451501350375757,7.917801764082877
independent,previous_12h,100,12.0,1.0,10.618805066913218,8.0487987765415
independent,previous_12h,20,12.0,5.0,0.9605819034682828,1.3626625371509382
independent,previous_12h,21,12.0,5.0,1.0056499716891487,1.310983345808392
independent,previous_12h,22,12.0,5.0,0.996731152437702,1.4987495652018845
independent,previous_12h,23,12.0,5.0,1.0784602074626726,1.5207813878766796
independent,previous_12h,24,12.0,5.0,1.0531824318573912,1.5468144848148402
independent,previous_12h,25,12.0,5.0,1.0676666760528253,1.6685383252130093
independent,previous_12h,26,12.0,5.0,1.0582604040147103,1.6635428777598937
independent,previous_12h,27,12.0,5.0,1.0678976256005557,1.7076076943335572
independent,previous_12h,28,12.0,5.0,1.0408217744021009,1.923893214475747
independent,previous_12h,29,12.0,5.0,1.035361960685166,2.035283886582717
independent,previous_12h,30,12.0,5.0,1.0416600277075583,2.182250296017907
independent,previous_12h,31,12.0,5.0,1.0466992420117283,2.228484427698185
independent,previous_12h,32,12.0,5.0,1.065725742608703,2.3840385443749224
independent,previous_12h,33,12.0,5.0,1.089756268528408,2.3798267747432877
independent,previous_12h,34,12.0,5.0,1.1197835086531827,2.4030443419752245
independent,previous_12h,35,12.0,5.0,1.1457697616607199,2.4868649889832506
independent,previous_12h,36,12.0,5.0,1.1795878503857882,2.5182658861415463
independent,previous_12h,37,12.0,5.0,1.2115776878423246,2.568191004214282
independent,previous_12h,38,12.0,5.0,1.2363570304982696,2.6443989774698196
independent,previous_12h,39,12.0,5.0,1.2394232903759184,2.7249839832163225
independent,previous_12h,40,12.0,5.0,1.2315591170663387,2.83612750987865
independent,previous_12h,41,12.0,5.0,1.2304588795093219,2.9336395089040845
independent,previous_12h,42,12.0,5.0,1.255224235380492,2.9991300557184797
independent,previous_12h,43,12.0,5.0,1.2892424657048762,3.089972643060035
independent,previous_12h,44,12.0,5.0,1.2999197185767697,3.145670953015278
independent,previous_12h,45,12.0,5.0,1.3259724644217652,3.2378233393203892
independent,previous_12h,46,12.0,5.0,1.432389973289916,3.337098711361808
independent,previous_12h,47,12.0,5.0,1.5334476583950263,3.4125534239517474
independent,previous_12h,48,12.0,5.0,1.630769575841584,3.540272217743645
independent,previous_12h,49,12.0,5.0,1.7354928749981013,3.6320254678422703
independent,previous_12h,50,12.0,5.0,1.8452588700462957,3.7137683763358575
independent,previous_12h,51,12.0,5.0,1.9510846738148846,3.7977315859334393
independent,previous_12h,52,12.0,5.0,2.0651852743616805,3.8545676630504344
independent,previous_12h,53,12.0,5.0,2.1675784163770473,3.9448082465680656
independent,previous_12h,54,12.0,5.0,2.2795478555665882,4.011591240735091
independent,previous_12h,55,12.0,5.0,2.390659283344654,4.028011742135584
independent,previous_12h,56,12.0,5.0,2.5068511785405923,4.07263581029722
independent,previous_12h,57,12.0,5.0,2.6318272174699064,4.13563726794004
independent,previous_12h,58,12.0,5.0,2.7580865195302895,4.156006605957763
independent,previous_12h,59,12.0,5.0,2.8893888155619107,4.221322290100327
independent,previous_12h,60,12.0,5.0,3.0198120826961494,4.256242847549907
independent,previous_12h,61,12.0,5.0,3.156992832972949,4.313334477784236
independent,previous_12h,62,12.0,5.0,3.291943961934418,4.354612089823862
independent,previous_12h,63,12.0,5.0,3.4336272645131505,4.416282395929594
independent,previous_12h,64,12.0,5.0,3.5783776884414253,4.460034879195973
independent,previous_12h,65,12.0,5.0,3.7280908692005843,4.49422157217767
independent,previous_12h,66,12.0,5.0,3.8803877713665447,4.5509446894556715
independent,previous_12h,67,12.0,5.0,4.040562063563824,4.619727884634384
independent,previous_12h,68,12.0,5.0,4.193306130196617,4.694809916815523
independent,previous_12h,69,12.0,5.0,4.354636555989888,4.786923111114105
independent,previous_12h,70,12.0,5.0,4.51929011952219,4.86913790757717
independent,previous_12h,71,12.0,5.0,4.689472537031092,4.9434417526016405
independent,previous_12h,72,12.0,5.0,4.860508140862296,5.034516309317283
independent,previous_12h,73,12.0,5.0,5.033050144121609,5.133237678042457
independent,previous_12h,74,12.0,5.0,5.2178600914531525,5.220086004381175
independent,previous_12h,75,12.0,5.0,5.407895477661473,5.319051484815018
independent,previous_12h,76,12.0,5.0,5.599044715053059,5.396018806693048
independent,previous_12h,77,12.0,5.0,5.794350330609821,5.494215038759753
independent,previous_12h,78,12.0,5.0,5.98604935042768,5.575503075435506
independent,previous_12h,79,12.0,5.0,6.184881807552456,5.6423029013312975
independent,previous_12h,80,12.0,5.0,6.386448785312382,5.719281218096373
independent,previous_12h,81,12.0,5.0,6.5904499353524715,5.797971463841001
independent,previous_12h,82,12.0,5.0,6.799396785018463,5.875653634954148
independent,previous_12h,83,12.0,5.0,7.002598904882262,5.934136628099207
independent,previous_12h,84,12.0,5.0,7.21648307484688,6.012144110938111
independent,previous_12h,85,12.0,5.0,7.430964127113815,6.080340191915701
independent,previous_12h,86,12.0,5.0,7.6479577578209,6.175996662004213
independent,previous_12h,87,12.0,5.0,7.869599503661262,6.254500871423829
independent,previous_12h,88,12.0,5.0,8.08549004171959,6.327581796874604
independent,previous_12h,89,12.0,5.0,8.315077283116556,6.376951823982324
independent,previous_12h,90,12.0,5.0,8.54954386775988,6.548479601228041
independent,previous_12h,91,12.0,5.0,8.784990534949944,6.7216422475549376
independent,previous_12h,92,12.0,5.0,9.017039425244722,6.893388489404906
independent,previous_12h,93,12.0,5.0,9.242242119296652,7.049289186809449
independent,previous_12h,94,12.0,5.0,9.46795285429114,7.198832560109403
independent,previous_12h,95,12.0,5.0,9.687942134292848,7.375571872265252
independent,previous_12h,96,12.0,5.0,9.897981815297708,7.52389504835711
independent,previous_12h,97,12.0,5.0,10.088802484559345,7.6598531486155474
independent,previous_12h,98,12.0,5.0,10.275591342675238,7.799278122679354
independent,previous_12h,99,12.0,5.0,10.451501350375715,7.917801764082899
independent,previous_12h,100,12.0,5.0,10.618805066913195,8.0487987765415
independent,previous_12h,20,12.0,12.0,0.9605819034682606,1.3626625371509382
independent,previous_12h,21,12.0,12.0,1.0056499716891487,1.3109833458083697
independent,previous_12h,22,12.0,12.0,0.9967311524377465,1.4987495652019067
independent,previous_12h,23,12.0,12.0,1.0784602074626504,1.5207813878766796
independent,previous_12h,24,12.0,12.0,1.0531824318573912,1.546814484814818
independent,previous_12h,25,12.0,12.0,1.0676666760527809,1.668538325212987
independent,previous_12h,26,12.0,12.0,1.0582604040147325,1.6635428777598937
independent,previous_12h,27,12.0,12.0,1.0678976256005113,1.7076076943336016
independent,previous_12h,28,12.0,12.0,1.0408217744020787,1.923893214475747
independent,previous_12h,29,12.0,12.0,1.035361960685166,2.0352838865827616
independent,previous_12h,30,12.0,12.0,1.0416600277075583,2.1822502960178847
independent,previous_12h,31,12.0,12.0,1.0466992420116839,2.2284844276982074
independent,previous_12h,32,12.0,12.0,1.065725742608703,2.3840385443749224
independent,previous_12h,33,12.0,12.0,1.0897562685283635,2.3798267747432877
independent,previous_12h,34,12.0,12.0,1.1197835086531382,2.4030443419752245
independent,previous_12h,35,12.0,12.0,1.1457697616606977,2.4868649889832506
independent,previous_12h,36,12.0,12.0,1.1795878503857438,2.5182658861415463
independent,previous_12h,37,12.0,12.0,1.2115776878422801,2.568191004214304
independent,previous_12h,38,12.0,12.0,1.2363570304982696,2.6443989774698418
independent,previous_12h,39,12.0,12.0,1.2394232903758517,2.7249839832163447
independent,previous_12h,40,12.0,12.0,1.2315591170663165,2.8361275098786054
independent,previous_12h,41,12.0,12.0,1.230458879509344,2.933639508904018
independent,previous_12h,42,12.0,12.0,1.25522423538047,2.9991300557184797
independent,previous_12h,43,12.0,12.0,1.2892424657048318,3.089972643060035
independent,previous_12h,44,12.0,12.0,1.2999197185767475,3.1456709530153004
independent,previous_12h,45,12.0,12.0,1.3259724644217652,3.2378233393203892
independent,previous_12h,46,12.0,12.0,1.4323899732898715,3.33709871136183
independent,previous_12h,47,12.0,12.0,1.5334476583950263,3.4125534239517696
independent,previous_12h,48,12.0,12.0,1.630769575841562,3.5402722177436896
independent,previous_12h,49,12.0,12.0,1.7354928749980791,3.6320254678422925
independent,previous_12h,50,12.0,12.0,1.8452588700462735,3.7137683763358575
independent,previous_12h,51,12.0,12.0,1.9510846738148402,3.7977315859334393
independent,previous_12h,52,12.0,12.0,2.0651852743616583,3.8545676630504344
independent,previous_12h,53,12.0,12.0,2.1675784163770473,3.9448082465680656
independent,previous_12h,54,12.0,12.0,2.279547855566566,4.011591240735113
independent,previous_12h,55,12.0,12.0,2.3906592833446316,4.0280117421356065
independent,previous_12h,56,12.0,12.0,2.50685117854057,4.07263581029722
independent,previous_12h,57,12.0,12.0,2.6318272174699064,4.13563726794004
independent,previous_12h,58,12.0,12.0,2.7580865195302673,4.156006605957763
independent,previous_12h,59,12.0,12.0,2.8893888155618885,4.221322290100349
independent,previous_12h,60,12.0,12.0,3.0198120826961494,4.256242847549929
independent,previous_12h,61,12.0,12.0,3.156992832972949,4.313334477784236
independent,previous_12h,62,12.0,12.0,3.2919439619344404,4.354612089823862
independent,previous_12h,63,12.0,12.0,3.4336272645131505,4.416282395929594
independent,previous_12h,64,12.0,12.0,3.5783776884414253,4.460034879195973
independent,previous_12h,65,12.0,12.0,3.72809086920054,4.494221572177715
independent,previous_12h,66,12.0,12.0,3.8803877713665225,4.5509446894556715
independent,previous_12h,67,12.0,12.0,4.040562063563824,4.6197278846343615
independent,previous_12h,68,12.0,12.0,4.193306130196595,4.694809916815523
independent,previous_12h,69,12.0,12.0,4.354636555989866,4.786923111114061
independent,previous_12h,70,12.0,12.0,4.519290119522168,4.869137907577192
independent,previous_12h,71,12.0,12.0,4.689472537031092,4.9434417526016405
independent,previous_12h,72,12.0,12.0,4.860508140862296,5.034516309317283
independent,previous_12h,73,12.0,12.0,5.033050144121631,5.133237678042479
independent,previous_12h,74,12.0,12.0,5.217860091453175,5.220086004381197
independent,previous_12h,75,12.0,12.0,5.407895477661473,5.319051484814996
independent,previous_12h,76,12.0,12.0,5.599044715053059,5.39601880669307
independent,previous_12h,77,12.0,12.0,5.794350330609821,5.4942150387597755
independent,previous_12h,78,12.0,12.0,5.98604935042768,5.575503075435484
independent,previous_12h,79,12.0,12.0,6.184881807552456,5.642302901331342
independent,previous_12h,80,12.0,12.0,6.386448785312382,5.719281218096373
independent,previous_12h,81,12.0,12.0,6.590449935352449,5.797971463841045
independent,previous_12h,82,12.0,12.0,6.799396785018463,5.8756536349541255
independent,previous_12h,83,12.0,12.0,7.002598904882262,5.934136628099207
independent,previous_12h,84,12.0,12.0,7.216483074846858,6.012144110938111
independent,previous_12h,85,12.0,12.0,7.430964127113793,6.080340191915745
independent,previous_12h,86,12.0,12.0,7.6479577578209,6.175996662004213
independent,previous_12h,87,12.0,12.0,7.869599503661262,6.254500871423829
independent,previous_12h,88,12.0,12.0,8.08549004171959,6.327581796874626
independent,previous_12h,89,12.0,12.0,8.315077283116556,6.376951823982346
independent,previous_12h,90,12.0,12.0,8.54954386775988,6.548479601228019
independent,previous_12h,91,12.0,12.0,8.784990534949944,6.72164224755496
independent,previous_12h,92,12.0,12.0,9.017039425244677,6.893388489404906
independent,previous_12h,93,12.0,12.0,9.242242119296652,7.049289186809449
independent,previous_12h,94,12.0,12.0,9.46795285429114,7.198832560109403
independent,previous_12h,95,12.0,12.0,9.687942134292848,7.375571872265296
independent,previous_12h,96,12.0,12.0,9.89798181529773,7.52389504835711
independent,previous_12h,97,12.0,12.0,10.088802484559366,7.659853148615592
independent,previous_12h,98,12.0,12.0,10.275591342675217,7.799278122679376
independent,previous_12h,99,12.0,12.0,10.451501350375736,7.917801764082899
independent,previous_12h,100,12.0,12.0,10.618805066913218,8.04879877654152
independent,previous_12h,20,24.0,1.0,0.9605819034682384,1.3626625371509604
independent,previous_12h,21,24.0,1.0,1.005649971689171,1.3109833458083697
independent,previous_12h,22,24.0,1.0,0.9967311524377465,1.4987495652019067
independent,previous_12h,23,24.0,1.0,1.0784602074626504,1.520781387876724
independent,previous_12h,24,24.0,1.0,1.0531824318574134,1.546814484814818
independent,previous_12h,25,24.0,1.0,1.0676666760527809,1.6685383252130093
independent,previous_12h,26,24.0,1.0,1.0582604040147325,1.6635428777599381
independent,previous_12h,27,24.0,1.0,1.0678976256005335,1.7076076943336016
independent,previous_12h,28,24.0,1.0,1.0408217744021009,1.9238932144757692
independent,previous_12h,29,24.0,1.0,1.0353619606851217,2.035283886582717
independent,previous_12h,30,24.0,1.0,1.041660027707536,2.182250296017929
independent,previous_12h,31,24.0,1.0,1.0466992420117283,2.2284844276982296
independent,previous_12h,32,24.0,1.0,1.0657257426086808,2.3840385443749224
independent,previous_12h,33,24.0,1.0,1.0897562685283413,2.379826774743332
independent,previous_12h,34,24.0,1.0,1.1197835086531605,2.4030443419752023
independent,previous_12h,35,24.0,1.0,1.1457697616606977,2.486864988983273
independent,previous_12h,36,24.0,1.0,1.1795878503857882,2.5182658861415685
independent,previous_12h,37,24.0,1.0,1.2115776878423468,2.568191004214282
independent,previous_12h,38,24.0,1.0,1.2363570304982474,2.6443989774698418
independent,previous_12h,39,24.0,1.0,1.2394232903758962,2.7249839832163225
independent,previous_12h,40,24.0,1.0,1.2315591170663165,2.8361275098786276
independent,previous_12h,41,24.0,1.0,1.230458879509344,2.933639508904018
independent,previous_12h,42,24.0,1.0,1.255224235380492,2.9991300557184575
independent,previous_12h,43,24.0,1.0,1.289242465704854,3.089972643060035
independent,previous_12h,44,24.0,1.0,1.2999197185767253,3.1456709530153004
independent,previous_12h,45,24.0,1.0,1.3259724644217874,3.237823339320367
independent,previous_12h,46,24.0,1.0,1.4323899732898715,3.337098711361852
independent,previous_12h,47,24.0,1.0,1.533447658395004,3.4125534239517474
independent,previous_12h,48,24.0,1.0,1.630769575841562,3.5402722177436674
independent,previous_12h,49,24.0,1.0,1.7354928749981013,3.6320254678422703
independent,previous_12h,50,24.0,1.0,1.8452588700462957,3.7137683763358575
independent,previous_12h,51,24.0,1.0,1.9510846738148624,3.7977315859334393
independent,previous_12h,52,24.0,1.0,2.0651852743616805,3.8545676630504344
independent,previous_12h,53,24.0,1.0,2.1675784163770473,3.9448082465680656
independent,previous_12h,54,24.0,1.0,2.2795478555665882,4.011591240735091
independent,previous_12h,55,24.0,1.0,2.390659283344676,4.028011742135584
independent,previous_12h,56,24.0,1.0,2.50685117854057,4.072635810297243
independent,previous_12h,57,24.0,1.0,2.6318272174699064,4.135637267940062
independent,previous_12h,58,24.0,1.0,2.7580865195302673,4.156006605957785
independent,previous_12h,59,24.0,1.0,2.8893888155618885,4.221322290100371
independent,previous_12h,60,24.0,1.0,3.0198120826961716,4.256242847549885
independent,previous_12h,61,24.0,1.0,3.156992832972949,4.313334477784236
independent,previous_12h,62,24.0,1.0,3.291943961934418,4.354612089823906
independent,previous_12h,63,24.0,1.0,3.433627264513106,4.416282395929616
independent,previous_12h,64,24.0,1.0,3.5783776884414253,4.460034879195973
independent,previous_12h,65,24.0,1.0,3.72809086920054,4.494221572177715
independent,previous_12h,66,24.0,1.0,3.8803877713665003,4.550944689455694
independent,previous_12h,67,24.0,1.0,4.040562063563802,4.6197278846343615
independent,previous_12h,68,24.0,1.0,4.193306130196617,4.694809916815523
independent,previous_12h,69,24.0,1.0,4.354636555989888,4.786923111114061
independent,previous_12h,70,24.0,1.0,4.519290119522168,4.869137907577192
independent,previous_12h,71,24.0,1.0,4.68947253703107,4.943441752601663
independent,previous_12h,72,24.0,1.0,4.860508140862274,5.034516309317283
independent,previous_12h,73,24.0,1.0,5.033050144121631,5.133237678042435
independent,previous_12h,74,24.0,1.0,5.217860091453175,5.220086004381197
independent,previous_12h,75,24.0,1.0,5.407895477661473,5.319051484814996
independent,previous_12h,76,24.0,1.0,5.5990447150530365,5.39601880669307
independent,previous_12h,77,24.0,1.0,5.794350330609821,5.494215038759731
independent,previous_12h,78,24.0,1.0,5.986049350427702,5.575503075435484
independent,previous_12h,79,24.0,1.0,6.184881807552478,5.6423029013312975
independent,previous_12h,80,24.0,1.0,6.386448785312426,5.719281218096373
independent,previous_12h,81,24.0,1.0,6.5904499353524715,5.797971463841023
independent,previous_12h,82,24.0,1.0,6.799396785018508,5.8756536349541255
independent,previous_12h,83,24.0,1.0,7.0025989048822845,5.934136628099207
independent,previous_12h,84,24.0,1.0,7.21648307484688,6.012144110938111
independent,previous_12h,85,24.0,1.0,7.430964127113859,6.080340191915701
independent,previous_12h,86,24.0,1.0,7.647957757820922,6.175996662004191
independent,previous_12h,87,24.0,1.0,7.869599503661262,6.254500871423829
independent,previous_12h,88,24.0,1.0,8.08549004171959,6.327581796874604
independent,previous_12h,89,24.0,1.0,8.31507728311658,6.376951823982324
independent,previous_12h,90,24.0,1.0,8.549543867759901,6.548479601228063
independent,previous_12h,91,24.0,1.0,8.784990534949944,6.72164224755496
independent,previous_12h,92,24.0,1.0,9.017039425244722,6.893388489404928
independent,previous_12h,93,24.0,1.0,9.242242119296629,7.049289186809449
independent,previous_12h,94,24.0,1.0,9.467952854291116,7.1988325601093806
independent,previous_12h,95,24.0,1.0,9.687942134292825,7.375571872265274
independent,previous_12h,96,24.0,1.0,9.89798181529775,7.523895048357132
independent,previous_12h,97,24.0,1.0,10.088802484559412,7.659853148615614
independent,previous_12h,98,24.0,1.0,10.275591342675261,7.799278122679398
independent,previous_12h,99,24.0,1.0,10.451501350375757,7.917801764082899
independent,previous_12h,100,24.0,1.0,10.618805066913195,8.048798776541478
independent,previous_12h,20,24.0,5.0,0.9605819034682828,1.3626625371509826
independent,previous_12h,21,24.0,5.0,1.0056499716891487,1.3109833458083697
independent,previous_12h,22,24.0,5.0,0.9967311524377243,1.4987495652018845
independent,previous_12h,23,24.0,5.0,1.0784602074626504,1.5207813878767018
independent,previous_12h,24,24.0,5.0,1.0531824318573912,1.546814484814818
independent,previous_12h,25,24.0,5.0,1.0676666760527809,1.668538325212987
independent,previous_12h,26,24.0,5.0,1.0582604040147547,1.6635428777598937
independent,previous_12h,27,24.0,5.0,1.0678976256005335,1.7076076943336016
independent,previous_12h,28,24.0,5.0,1.0408217744020787,1.923893214475747
independent,previous_12h,29,24.0,5.0,1.035361960685166,2.0352838865827616
independent,previous_12h,30,24.0,5.0,1.041660027707536,2.182250296017907
independent,previous_12h,31,24.0,5.0,1.0466992420117283,2.2284844276982296
independent,previous_12h,32,24.0,5.0,1.0657257426086808,2.3840385443749446
independent,previous_12h,33,24.0,5.0,1.0897562685283857,2.3798267747432877
independent,previous_12h,34,24.0,5.0,1.1197835086531605,2.4030443419752245
independent,previous_12h,35,24.0,5.0,1.145769761660742,2.4868649889832284
independent,previous_12h,36,24.0,5.0,1.179587850385766,2.5182658861415463
independent,previous_12h,37,24.0,5.0,1.2115776878423024,2.568191004214282
independent,previous_12h,38,24.0,5.0,1.2363570304982696,2.6443989774698196
independent,previous_12h,39,24.0,5.0,1.2394232903758962,2.7249839832163225
independent,previous_12h,40,24.0,5.0,1.2315591170663387,2.8361275098786054
independent,previous_12h,41,24.0,5.0,1.230458879509344,2.9336395089040623
independent,previous_12h,42,24.0,5.0,1.25522423538047,2.9991300557184575
independent,previous_12h,43,24.0,5.0,1.2892424657048318,3.089972643060057
independent,previous_12h,44,24.0,5.0,1.2999197185767697,3.145670953015278
independent,previous_12h,45,24.0,5.0,1.3259724644217874,3.237823339320367
independent,previous_12h,46,24.0,5.0,1.4323899732898715,3.33709871136183
independent,previous_12h,47,24.0,5.0,1.533447658395004,3.4125534239517474
independent,previous_12h,48,24.0,5.0,1.630769575841584,3.5402722177436674
independent,previous_12h,49,24.0,5.0,1.7354928749980791,3.6320254678422703
independent,previous_12h,50,24.0,5.0,1.8452588700462957,3.7137683763358798
independent,previous_12h,51,24.0,5.0,1.9510846738148846,3.7977315859334615
independent,previous_12h,52,24.0,5.0,2.0651852743616805,3.8545676630504344
independent,previous_12h,53,24.0,5.0,2.1675784163770695,3.9448082465680434
independent,previous_12h,54,24.0,5.0,2.2795478555665882,4.011591240735113
independent,previous_12h,55,24.0,5.0,2.390659283344676,4.0280117421356065
independent,previous_12h,56,24.0,5.0,2.50685117854057,4.072635810297243
independent,previous_12h,57,24.0,5.0,2.6318272174699064,4.135637267940062
independent,previous_12h,58,24.0,5.0,2.7580865195302895,4.156006605957763
independent,previous_12h,59,24.0,5.0,2.8893888155619107,4.221322290100371
independent,previous_12h,60,24.0,5.0,3.0198120826961494,4.256242847549929
independent,previous_12h,61,24.0,5.0,3.156992832972949,4.313334477784214
independent,previous_12h,62,24.0,5.0,3.291943961934418,4.354612089823862
independent,previous_12h,63,24.0,5.0,3.4336272645131283,4.416282395929594
independent,previous_12h,64,24.0,5.0,3.5783776884414475,4.460034879195995
independent,previous_12h,65,24.0,5.0,3.728090869200562,4.494221572177692
independent,previous_12h,66,24.0,5.0,3.8803877713665225,4.5509446894556715
independent,previous_12h,67,24.0,5.0,4.040562063563846,4.619727884634384
independent,previous_12h,68,24.0,5.0,4.193306130196595,4.694809916815479
independent,previous_12h,69,24.0,5.0,4.3546365559899325,4.786923111114061
independent,previous_12h,70,24.0,5.0,4.51929011952219,4.869137907577148
independent,previous_12h,71,24.0,5.0,4.68947253703107,4.9434417526016405
independent,previous_12h,72,24.0,5.0,4.8605081408623185,5.034516309317283
independent,previous_12h,73,24.0,5.0,5.033050144121631,5.133237678042435
independent,previous_12h,74,24.0,5.0,5.2178600914531525,5.220086004381219
independent,previous_12h,75,24.0,5.0,5.407895477661451,5.319051484815018
independent,previous_12h,76,24.0,5.0,5.599044715053059,5.396018806693026
independent,previous_12h,77,24.0,5.0,5.794350330609821,5.494215038759731
independent,previous_12h,78,24.0,5.0,5.986049350427702,5.575503075435462
independent,previous_12h,79,24.0,5.0,6.184881807552478,5.64230290133132
independent,previous_12h,80,24.0,5.0,6.386448785312382,5.719281218096373
independent,previous_12h,81,24.0,5.0,6.590449935352494,5.797971463841023
independent,previous_12h,82,24.0,5.0,6.799396785018508,5.875653634954103
independent,previous_12h,83,24.0,5.0,7.00259890488224,5.934136628099207
independent,previous_12h,84,24.0,5.0,7.216483074846858,6.012144110938111
independent,previous_12h,85,24.0,5.0,7.430964127113837,6.080340191915767
independent,previous_12h,86,24.0,5.0,7.647957757820922,6.175996662004191
independent,previous_12h,87,24.0,5.0,7.869599503661284,6.2545008714238515
independent,previous_12h,88,24.0,5.0,8.085490041719613,6.327581796874582
independent,previous_12h,89,24.0,5.0,8.31507728311658,6.376951823982346
independent,previous_12h,90,24.0,5.0,8.549543867759901,6.548479601228019
independent,previous_12h,91,24.0,5.0,8.784990534949944,6.72164224755496
independent,previous_12h,92,24.0,5.0,9.017039425244722,6.89338848940495
independent,previous_12h,93,24.0,5.0,9.242242119296673,7.049289186809449
independent,previous_12h,94,24.0,5.0,9.46795285429114,7.198832560109403
independent,previous_12h,95,24.0,5.0,9.687942134292848,7.375571872265252
independent,previous_12h,96,24.0,5.0,9.89798181529775,7.523895048357132
independent,previous_12h,97,24.0,5.0,10.08880248455939,7.65985314861557
independent,previous_12h,98,24.0,5.0,10.275591342675238,7.799278122679376
independent,previous_12h,99,24.0,5.0,10.451501350375757,7.917801764082921
independent,previous_12h,100,24.0,5.0,10.618805066913218,8.04879877654152
independent,previous_12h,20,24.0,12.0,0.9605819034682606,1.3626625371509382
independent,previous_12h,21,24.0,12.0,1.0056499716891487,1.3109833458083697
independent,previous_12h,22,24.0,12.0,0.9967311524377465,1.4987495652018845
independent,previous_12h,23,24.0,12.0,1.0784602074626726,1.5207813878766796
independent,previous_12h,24,24.0,12.0,1.0531824318574134,1.546814484814818
independent,previous_12h,25,24.0,12.0,1.067666676052803,1.6685383252130093
independent,previous_12h,26,24.0,12.0,1.0582604040147103,1.6635428777598937
independent,previous_12h,27,24.0,12.0,1.0678976256005335,1.7076076943335794
independent,previous_12h,28,24.0,12.0,1.0408217744021009,1.923893214475747
independent,previous_12h,29,24.0,12.0,1.0353619606851439,2.0352838865827394
independent,previous_12h,30,24.0,12.0,1.0416600277075583,2.182250296017907
independent,previous_12h,31,24.0,12.0,1.046699242011706,2.228484427698185
independent,previous_12h,32,24.0,12.0,1.0657257426087474,2.3840385443749446
independent,previous_12h,33,24.0,12.0,1.0897562685283635,2.379826774743332
independent,previous_12h,34,24.0,12.0,1.1197835086531827,2.4030443419752023
independent,previous_12h,35,24.0,12.0,1.1457697616606977,2.4868649889832506
independent,previous_12h,36,24.0,12.0,1.1795878503857882,2.5182658861415463
independent,previous_12h,37,24.0,12.0,1.2115776878423468,2.5681910042142597
independent,previous_12h,38,24.0,12.0,1.2363570304982696,2.6443989774698418
independent,previous_12h,39,24.0,12.0,1.2394232903758962,2.7249839832163003
independent,previous_12h,40,24.0,12.0,1.2315591170663387,2.8361275098786276
independent,previous_12h,41,24.0,12.0,1.230458879509344,2.9336395089040623
independent,previous_12h,42,24.0,12.0,1.2552242353805143,2.9991300557184575
independent,previous_12h,43,24.0,12.0,1.2892424657048762,3.0899726430600127
independent,previous_12h,44,24.0,12.0,1.2999197185767475,3.145670953015278
independent,previous_12h,45,24.0,12.0,1.325972464421743,3.2378233393203892
independent,previous_12h,46,24.0,12.0,1.4323899732898715,3.33709871136183
independent,previous_12h,47,24.0,12.0,1.533447658395004,3.4125534239517696
independent,previous_12h,48,24.0,12.0,1.630769575841584,3.5402722177436674
independent,previous_12h,49,24.0,12.0,1.7354928749980791,3.6320254678422703
independent,previous_12h,50,24.0,12.0,1.8452588700462957,3.7137683763358575
independent,previous_12h,51,24.0,12.0,1.9510846738148402,3.7977315859334393
independent,previous_12h,52,24.0,12.0,2.0651852743616805,3.8545676630504344
independent,previous_12h,53,24.0,12.0,2.1675784163770695,3.9448082465680434
independent,previous_12h,54,24.0,12.0,2.2795478555666104,4.011591240735091
independent,previous_12h,55,24.0,12.0,2.390659283344676,4.028011742135584
independent,previous_12h,56,24.0,12.0,2.506851178540548,4.07263581029722
independent,previous_12h,57,24.0,12.0,2.6318272174699286,4.135637267940018
independent,previous_12h,58,24.0,12.0,2.7580865195302673,4.156006605957763
independent,previous_12h,59,24.0,12.0,2.8893888155618885,4.221322290100349
independent,previous_12h,60,24.0,12.0,3.0198120826961716,4.256242847549907
independent,previous_12h,61,24.0,12.0,3.1569928329729713,4.313334477784214
independent,previous_12h,62,24.0,12.0,3.291943961934418,4.354612089823862
independent,previous_12h,63,24.0,12.0,3.4336272645131505,4.416282395929616
independent,previous_12h,64,24.0,12.0,3.5783776884414475,4.460034879195951
independent,previous_12h,65,24.0,12.0,3.728090869200562,4.494221572177692
independent,previous_12h,66,24.0,12.0,3.8803877713665447,4.5509446894556715
independent,previous_12h,67,24.0,12.0,4.040562063563824,4.619727884634384
independent,previous_12h,68,24.0,12.0,4.193306130196617,4.694809916815501
independent,previous_12h,69,24.0,12.0,4.354636555989888,4.7869231111140165
independent,previous_12h,70,24.0,12.0,4.51929011952219,4.869137907577148
independent,previous_12h,71,24.0,12.0,4.689472537031114,4.943441752601618
independent,previous_12h,72,24.0,12.0,4.860508140862274,5.034516309317283
independent,previous_12h,73,24.0,12.0,5.033050144121631,5.133237678042479
independent,previous_12h,74,24.0,12.0,5.217860091453175,5.220086004381197
independent,previous_12h,75,24.0,12.0,5.407895477661473,5.319051484814974
independent,previous_12h,76,24.0,12.0,5.599044715053081,5.396018806693004
independent,previous_12h,77,24.0,12.0,5.794350330609821,5.494215038759731
independent,previous_12h,78,24.0,12.0,5.98604935042768,5.575503075435484
independent,previous_12h,79,24.0,12.0,6.184881807552456,5.6423029013312975
independent,previous_12h,80,24.0,12.0,6.386448785312404,5.719281218096373
independent,previous_12h,81,24.0,12.0,6.5904499353524715,5.797971463841001
independent,previous_12h,82,24.0,12.0,6.799396785018508,5.8756536349541255
independent,previous_12h,83,24.0,12.0,7.002598904882262,5.934136628099185
independent,previous_12h,84,24.0,12.0,7.21648307484688,6.012144110938111
independent,previous_12h,85,24.0,12.0,7.4309641271138815,6.0803401919156785
independent,previous_12h,86,24.0,12.0,7.647957757820922,6.175996662004191
independent,previous_12h,87,24.0,12.0,7.869599503661262,6.254500871423807
independent,previous_12h,88,24.0,12.0,8.085490041719613,6.327581796874582
independent,previous_12h,89,24.0,12.0,8.31507728311658,6.376951823982302
independent,previous_12h,90,24.0,12.0,8.549543867759901,6.548479601228019
independent,previous_12h,91,24.0,12.0,8.784990534949944,6.721642247554915
independent,previous_12h,92,24.0,12.0,9.0170394252447,6.893388489404884
independent,previous_12h,93,24.0,12.0,9.242242119296629,7.0492891868094265
independent,previous_12h,94,24.0,12.0,9.467952854291116,7.198832560109425
independent,previous_12h,95,24.0,12.0,9.687942134292825,7.375571872265252
independent,previous_12h,96,24.0,12.0,9.89798181529775,7.52389504835711
independent,previous_12h,97,24.0,12.0,10.088802484559366,7.659853148615592
independent,previous_12h,98,24.0,12.0,10.275591342675217,7.799278122679376
independent,previous_12h,99,24.0,12.0,10.451501350375715,7.917801764082877
independent,previous_12h,100,24.0,12.0,10.618805066913218,8.0487987765415
independent,linear_10h,20,4.0,1.0,0.9499144575692453,1.3691176356330548
independent,linear_10h,21,4.0,1.0,0.9933625916433764,1.3021620383515398
independent,linear_10h,22,4.0,1.0,0.9827786413983741,1.5057552388842987
independent,linear_10h,23,4.0,1.0,1.0634200484104905,1.5102214066989195
independent,linear_10h,24,4.0,1.0,1.0368038876449548,1.5622649868489047
independent,linear_10h,25,4.0,1.0,1.0506027308145205,1.6748736733640968
independent,linear_10h,26,4.0,1.0,1.0526370679144526,1.6905330971601407
independent,linear_10h,27,4.0,1.0,1.0617664316184827,1.772534326366837
independent,linear_10h,28,4.0,1.0,1.0341474126374761,1.9300165853535223
independent,linear_10h,29,4.0,1.0,1.0342292157183186,2.0412142744077766
independent,linear_10h,30,4.0,1.0,1.0399966380533643,2.187973934848264
independent,linear_10h,31,4.0,1.0,1.0445859228012555,2.233921677420203
independent,linear_10h,32,4.0,1.0,1.063191965038457,2.3892864557648164
independent,linear_10h,33,4.0,1.0,1.08169499214803,2.384913241122222
independent,linear_10h,34,4.0,1.0,1.1112934270264496,2.4079759536905776
independent,linear_10h,35,4.0,1.0,1.1370027319524523,2.4917592989786908
independent,linear_10h,36,4.0,1.0,1.1707285749792185,2.522902870397492
independent,linear_10h,37,4.0,1.0,1.2025787354495332,2.5726168898502655
independent,linear_10h,38,4.0,1.0,1.2272096612285122,2.6486832307891284
independent,linear_10h,39,4.0,1.0,1.2300523589529266,2.729036296946097
independent,linear_10h,40,4.0,1.0,1.2219824841050109,2.8400565131887268
independent,linear_10h,41,4.0,1.0,1.2205705452601912,2.9376104529945435
independent,linear_10h,42,4.0,1.0,1.244941368125696,3.0033059910075544
independent,linear_10h,43,4.0,1.0,1.278505057129542,3.0944960612584005
independent,linear_10h,44,4.0,1.0,1.288344591621593,3.1507845135419377
independent,linear_10h,45,4.0,1.0,1.3081752684547698,3.243724073978149
independent,linear_10h,46,4.0,1.0,1.3095430367967342,3.3440637818350716
independent,linear_10h,47,4.0,1.0,1.3225287422955034,3.4208252163706154
independent,linear_10h,48,4.0,1.0,1.3276335283967988,3.5500395593456524
independent,linear_10h,49,4.0,1.0,1.3295297368337122,3.6434293861428824
independent,linear_10h,50,4.0,1.0,1.3568872309623004,3.7271127341091947
independent,linear_10h,51,4.0,1.0,1.3925371738022108,3.813229926616124
independent,linear_10h,52,4.0,1.0,1.4255932645887537,3.8720768060487742
independent,linear_10h,53,4.0,1.0,1.4613567508458436,3.9643242261236944
independent,linear_10h,54,4.0,1.0,1.4982795074263366,4.033196018951402
independent,linear_10h,55,4.0,1.0,1.5269964983263495,4.051371851867036
independent,linear_10h,56,4.0,1.0,1.5537080554599791,4.097953122185793
independent,linear_10h,57,4.0,1.0,1.5704069137052246,4.162908401374343
independent,linear_10h,58,4.0,1.0,1.5826807493595885,4.185251234775356
independent,linear_10h,59,4.0,1.0,1.5938700356629587,4.252598884858694
independent,linear_10h,60,4.0,1.0,1.6035176909613202,4.289517557668021
independent,linear_10h,61,4.0,1.0,1.6671146156965078,4.348584969124736
independent,linear_10h,62,4.0,1.0,1.7394452360309787,4.391940346265755
independent,linear_10h,63,4.0,1.0,1.8153595243516563,4.455875580727775
independent,linear_10h,64,4.0,1.0,1.8931516782010105,4.501923267071284
independent,linear_10h,65,4.0,1.0,1.9740423436881205,4.538508509095429
independent,linear_10h,66,4.0,1.0,2.0561052828071524,4.605402894838706
independent,linear_10h,67,4.0,1.0,2.1448825764573964,4.677517954334953
independent,linear_10h,68,4.0,1.0,2.2277928428347415,4.755858042079697
independent,linear_10h,69,4.0,1.0,2.316476077023255,4.851176960599024
independent,linear_10h,70,4.0,1.0,2.4066254579721225,4.936707282569697
independent,linear_10h,71,4.0,1.0,2.5012413105511833,5.014243062671198
independent,linear_10h,72,4.0,1.0,2.594941118498051,5.108567878656611
independent,linear_10h,73,4.0,1.0,2.6913455536100583,5.210433012881444
independent,linear_10h,74,4.0,1.0,2.7940528945375354,5.300494513326237
independent,linear_10h,75,4.0,1.0,2.900796399065131,5.402599989465773
independent,linear_10h,76,4.0,1.0,3.007744457978867,5.482660688585184
independent,linear_10h,77,4.0,1.0,3.1176255061033276,5.584001795935567
independent,linear_10h,78,4.0,1.0,3.2264141625914844,5.6684731506559505
independent,linear_10h,79,4.0,1.0,3.3389918903082627,5.738654131011911
independent,linear_10h,80,4.0,1.0,3.4531401929239314,5.81914598544262
independent,linear_10h,81,4.0,1.0,3.569103169970256,5.901375650153939
independent,linear_10h,82,4.0,1.0,3.6889853723549804,5.9826035596681315
independent,linear_10h,83,4.0,1.0,3.8053296882633036,6.044563102692591
independent,linear_10h,84,4.0,1.0,3.9290638348857154,6.126148940213416
independent,linear_10h,85,4.0,1.0,4.052308809573324,6.198022499995237
independent,linear_10h,86,4.0,1.0,4.177660054246313,6.297339345074948
independent,linear_10h,87,4.0,1.0,4.306705071334771,6.379537031433058
independent,linear_10h,88,4.0,1.0,4.432457544435442,6.456180465959704
independent,linear_10h,89,4.0,1.0,4.566713368237041,6.5089877296975684
independent,linear_10h,90,4.0,1.0,4.704527769438638,6.587493285704293
independent,linear_10h,91,4.0,1.0,4.84353659499448,6.651725998261404
independent,linear_10h,92,4.0,1.0,4.980650433398548,6.7151047816009335
independent,linear_10h,93,4.0,1.0,5.113795695595402,6.766352981050661
independent,linear_10h,94,4.0,1.0,5.247315268975261,6.811520113093739
independent,linear_10h,95,4.0,1.0,5.3777561358342885,6.887395644739769
independent,linear_10h,96,4.0,1.0,5.5024878179334324,6.94257481204299
independent,linear_10h,97,4.0,1.0,5.615023196684854,6.9948946344637
independent,linear_10h,98,4.0,1.0,5.725851299441476,7.053771588984081
independent,linear_10h,99,4.0,1.0,5.829945133659908,7.095537968469912
independent,linear_10h,100,4.0,1.0,5.929580041507299,7.137595454582368
independent,linear_10h,20,4.0,5.0,0.9499144575692675,1.3691176356330992
independent,linear_10h,21,4.0,5.0,0.9933625916433542,1.302162038351562
independent,linear_10h,22,4.0,5.0,0.9827786413983963,1.505755238884321
independent,linear_10h,23,4.0,5.0,1.0634200484104905,1.5102214066988973
independent,linear_10h,24,4.0,5.0,1.0368038876449992,1.562264986848927
independent,linear_10h,25,4.0,5.0,1.0506027308145427,1.6748736733641412
independent,linear_10h,26,4.0,5.0,1.0526370679144526,1.6905330971601629
independent,linear_10h,27,4.0,5.0,1.0617664316184827,1.7725343263668591
independent,linear_10h,28,4.0,5.0,1.0341474126374761,1.9300165853535445
independent,linear_10h,29,4.0,5.0,1.0342292157183186,2.0412142744077766
independent,linear_10h,30,4.0,5.0,1.0399966380533643,2.187973934848264
independent,linear_10h,31,4.0,5.0,1.0445859228012555,2.233921677420203
independent,linear_10h,32,4.0,5.0,1.0631919650384347,2.389286455764794
independent,linear_10h,33,4.0,5.0,1.08169499214803,2.3849132411221996
independent,linear_10h,34,4.0,5.0,1.1112934270264052,2.4079759536905776
independent,linear_10h,35,4.0,5.0,1.1370027319524523,2.4917592989786908
independent,linear_10h,36,4.0,5.0,1.1707285749792185,2.52290287039747
independent,linear_10h,37,4.0,5.0,1.2025787354495332,2.5726168898502655
independent,linear_10h,38,4.0,5.0,1.2272096612285122,2.6486832307891284
independent,linear_10h,39,4.0,5.0,1.2300523589528822,2.729036296946119
independent,linear_10h,40,4.0,5.0,1.2219824841050109,2.840056513188749
independent,linear_10h,41,4.0,5.0,1.2205705452601467,2.937610452994588
independent,linear_10h,42,4.0,5.0,1.2449413681256738,3.003305991007532
independent,linear_10h,43,4.0,5.0,1.278505057129542,3.0944960612584227
independent,linear_10h,44,4.0,5.0,1.2883445916215708,3.1507845135419155
independent,linear_10h,45,4.0,5.0,1.3081752684547476,3.243724073978149
independent,linear_10h,46,4.0,5.0,1.3095430367966898,3.3440637818350716
independent,linear_10h,47,4.0,5.0,1.3225287422954812,3.4208252163706376
independent,linear_10h,48,4.0,5.0,1.3276335283967544,3.550039559345697
independent,linear_10h,49,4.0,5.0,1.32952973683369,3.6434293861429046
independent,linear_10h,50,4.0,5.0,1.3568872309622781,3.727112734109239
independent,linear_10h,51,4.0,5.0,1.3925371738021664,3.813229926616102
independent,linear_10h,52,4.0,5.0,1.4255932645887315,3.8720768060487964
independent,linear_10h,53,4.0,5.0,1.4613567508458436,3.9643242261236944
independent,linear_10h,54,4.0,5.0,1.4982795074263588,4.033196018951424
independent,linear_10h,55,4.0,5.0,1.5269964983263495,4.051371851867014
independent,linear_10h,56,4.0,5.0,1.5537080554599791,4.097953122185771
independent,linear_10h,57,4.0,5.0,1.5704069137052246,4.162908401374343
independent,linear_10h,58,4.0,5.0,1.5826807493596107,4.185251234775289
independent,linear_10h,59,4.0,5.0,1.5938700356629143,4.252598884858716
independent,linear_10h,60,4.0,5.0,1.6035176909613202,4.289517557667999
independent,linear_10h,61,4.0,5.0,1.6671146156965078,4.348584969124714
independent,linear_10h,62,4.0,5.0,1.7394452360309565,4.391940346265755
independent,linear_10h,63,4.0,5.0,1.815359524351634,4.455875580727775
independent,linear_10h,64,4.0,5.0,1.8931516782010327,4.501923267071306
independent,linear_10h,65,4.0,5.0,1.9740423436881205,4.538508509095407
independent,linear_10h,66,4.0,5.0,2.0561052828071524,4.605402894838662
independent,linear_10h,67,4.0,5.0,2.144882576457441,4.677517954334864
independent,linear_10h,68,4.0,5.0,2.2277928428347193,4.755858042079675
independent,linear_10h,69,4.0,5.0,2.3164760770232773,4.85117696059898
independent,linear_10h,70,4.0,5.0,2.4066254579721225,4.936707282569652
independent,linear_10h,71,4.0,5.0,2.5012413105512055,5.014243062671153
independent,linear_10h,72,4.0,5.0,2.594941118498051,5.108567878656611
independent,linear_10h,73,4.0,5.0,2.6913455536101027,5.210433012881421
independent,linear_10h,74,4.0,5.0,2.794052894537513,5.300494513326259
independent,linear_10h,75,4.0,5.0,2.9007963990651753,5.402599989465773
independent,linear_10h,76,4.0,5.0,3.0077444579788892,5.482660688585117
independent,linear_10h,77,4.0,5.0,3.1176255061033276,5.584001795935589
independent,linear_10h,78,4.0,5.0,3.226414162591462,5.6684731506559505
independent,linear_10h,79,4.0,5.0,3.338991890308285,5.738654131011822
independent,linear_10h,80,4.0,5.0,3.4531401929239536,5.8191459854425975
independent,linear_10h,81,4.0,5.0,3.569103169970278,5.901375650153917
independent,linear_10h,82,4.0,5.0,3.6889853723550026,5.9826035596681315
independent,linear_10h,83,4.0,5.0,3.804547014630888,6.044563102692546
independent,linear_10h,84,4.0,5.0,3.9254673316658106,6.126148940213394
independent,linear_10h,85,4.0,5.0,4.042873016835258,6.198022499995237
independent,linear_10h,86,4.0,5.0,4.158096305795267,6.297339345074904
independent,linear_10h,87,4.0,5.0,4.271168468003506,6.3795370314330135
independent,linear_10h,88,4.0,5.0,4.375073749239511,6.456180465959638
independent,linear_10h,89,4.0,5.0,4.479150336400095,6.5089877296975684
independent,linear_10h,90,4.0,5.0,4.577067928993528,6.587493285704249
independent,linear_10h,91,4.0,5.0,4.667729219464989,6.651725998261382
independent,linear_10h,92,4.0,5.0,4.751178502668241,6.7151047816009335
independent,linear_10h,93,4.0,5.0,4.8269906995306755,6.766352981050661
independent,linear_10h,94,4.0,5.0,4.898516297790989,6.811520113093716
independent,linear_10h,95,4.0,5.0,4.965110601355671,6.887395644739724
independent,linear_10h,96,4.0,5.0,5.025594833441671,6.942574812042968
independent,linear_10h,97,4.0,5.0,5.076147667721731,6.994894634463722
independent,linear_10h,98,4.0,5.0,5.124580796895151,7.053771588984037
independent,linear_10h,99,4.0,5.0,5.167635855867703,7.095537968469867
independent,linear_10h,100,4.0,5.0,5.207641480204073,7.137595454582368
independent,linear_10h,20,4.0,12.0,0.9402715261516814,1.3756561594368222
independent,linear_10h,21,4.0,12.0,0.9808439207425579,1.3846340682490021
independent,linear_10h,22,4.0,12.0,0.9685495695889612,1.5366689838829384
independent,linear_10h,23,4.0,12.0,1.0544447077265318,1.614391711341434
independent,linear_10h,24,4.0,12.0,1.092809364548497,1.7182953396751355
independent,linear_10h,25,4.0,12.0,1.1447795895114465,1.7993073857133446
independent,linear_10h,26,4.0,12.0,1.174211443405282,1.8804255951034632
independent,linear_10h,27,4.0,12.0,1.1926424050632933,1.9807636767346093
independent,linear_10h,28,4.0,12.0,1.1756701258420543,2.0715441556694802
independent,linear_10h,29,4.0,12.0,1.152997908834319,2.14944804545234
independent,linear_10h,30,4.0,12.0,1.1765585528810352,2.26889993025432
independent,linear_10h,31,4.0,12.0,1.17246728551057,2.3222412494829037
independent,linear_10h,32,4.0,12.0,1.216532436166129,2.421291829502481
independent,linear_10h,33,4.0,12.0,1.2502542065660371,2.5164312035949266
independent,linear_10h,34,4.0,12.0,1.2738800401839168,2.600942310892407
independent,linear_10h,35,4.0,12.0,1.3130076339483931,2.6974925491191737
independent,linear_10h,36,4.0,12.0,1.344872162636368,2.787214188326259
independent,linear_10h,37,4.0,12.0,1.3610150756962813,2.8522293140303523
independent,linear_10h,38,4.0,12.0,1.372255238133513,2.93516231030595
independent,linear_10h,39,4.0,12.0,1.343321151254262,2.9945287622724637
independent,linear_10h,40,4.0,12.0,1.336062466833443,3.0896858613308487
independent,linear_10h,41,4.0,12.0,1.327330052336051,3.176588542119063
independent,linear_10h,42,4.0,12.0,1.326897883196576,3.2439695538770907
independent,linear_10h,43,4.0,12.0,1.348719665007314,3.3258053214725303
independent,linear_10h,44,4.0,12.0,1.3647007816654844,3.427357465652414
independent,linear_10h,45,4.0,12.0,1.3798397589867228,3.513275117731185
independent,linear_10h,46,4.0,12.0,1.350297301488479,3.5746795173825507
independent,linear_10h,47,4.0,12.0,1.342025391831414,3.644328533551655
independent,linear_10h,48,4.0,12.0,1.3333219465432977,3.7193133399359812
independent,linear_10h,49,4.0,12.0,1.3468525178009338,3.796838584684026
independent,linear_10h,50,4.0,12.0,1.3724307704475747,3.8762070777687674
independent,linear_10h,51,4.0,12.0,1.4069851869215055,3.9669662051201815
independent,linear_10h,52,4.0,12.0,1.4388000014702085,4.04836313676078
independent,linear_10h,53,4.0,12.0,1.4733899321310862,4.15316029648638
independent,linear_10h,54,4.0,12.0,1.509224466296888,4.250677591897123
independent,linear_10h,55,4.0,12.0,1.5367851382278586,4.352605028420475
independent,linear_10h,56,4.0,12.0,1.5622146831842265,4.452621350650077
independent,linear_10h,57,4.0,12.0,1.57733639469948,4.552626125541592
independent,linear_10h,58,4.0,12.0,1.5879432496691104,4.656821914878506
independent,linear_10h,59,4.0,12.0,1.597463065819471,4.767445332679476
independent,linear_10h,60,4.0,12.0,1.6054106518702094,4.87979226057742
independent,linear_10h,61,4.0,12.0,1.61682212510601,4.992215333843442
independent,linear_10h,62,4.0,12.0,1.6247251565964405,5.10092135872533
independent,linear_10h,63,4.0,12.0,1.6332667895167852,5.214123208353905
independent,linear_10h,64,4.0,12.0,1.6459888106050702,5.329211458984329
independent,linear_10h,65,4.0,12.0,1.656902090065726,5.445636071260007
independent,linear_10h,66,4.0,12.0,1.6697903443781525,5.564275117612305
independent,linear_10h,67,4.0,12.0,1.6860392892513731,5.676145149925915
independent,linear_10h,68,4.0,12.0,1.6985189837738224,5.791228619664035
independent,linear_10h,69,4.0,12.0,1.7139727613681544,5.906865112920334
independent,linear_10h,70,4.0,12.0,1.7318927015422592,6.02689228950597
independent,linear_10h,71,4.0,12.0,1.7501304040835608,6.1426620870727255
independent,linear_10h,72,4.0,12.0,1.768418739825628,6.264666643869843
independent,linear_10h,73,4.0,12.0,1.7868174828840955,6.378232342781098
independent,linear_10h,74,4.0,12.0,1.8050520945612991,6.498463380160602
independent,linear_10h,75,4.0,12.0,1.8238902869671447,6.618301770844348
independent,linear_10h,76,4.0,12.0,1.841732387993833,6.738163847546885
independent,linear_10h,77,4.0,12.0,1.8624138158908954,6.8584444014743395
independent,linear_10h,78,4.0,12.0,1.8834562485311679,6.9730932993368855
independent,linear_10h,79,4.0,12.0,1.9016614524698383,7.0931312257988655
independent,linear_10h,80,4.0,12.0,1.9215857641330159,7.214512895757186
independent,linear_10h,81,4.0,12.0,1.9439884075190594,7.3374534097767175
independent,linear_10h,82,4.0,12.0,1.9678708240429499,7.459915161351804
independent,linear_10h,83,4.0,12.0,1.989517455801737,7.580447949312652
independent,linear_10h,84,4.0,12.0,2.0137027062769652,7.702240674097882
independent,linear_10h,85,4.0,12.0,2.0370423474515897,7.827015217204547
independent,linear_10h,86,4.0,12.0,2.0606083289487653,7.952233911332707
independent,linear_10h,87,4.0,12.0,2.12422021336669,8.075384049562517
independent,linear_10h,88,4.0,12.0,2.1820682410344627,8.194858598823407
independent,linear_10h,89,4.0,12.0,2.2472853426785067,8.315010580175052
independent,linear_10h,90,4.0,12.0,2.314551910074192,8.43433119695629
independent,linear_10h,91,4.0,12.0,2.3791626731101356,8.554837271206694
independent,linear_10h,92,4.0,12.0,2.445826473839996,8.67276089082929
independent,linear_10h,93,4.0,12.0,2.5080101438885727,8.787700752406934
independent,linear_10h,94,4.0,12.0,2.5745750512221166,8.903436178186276
independent,linear_10h,95,4.0,12.0,2.643011350843061,9.01644802678858
independent,linear_10h,96,4.0,12.0,2.7097528176986296,9.126833691766944
independent,linear_10h,97,4.0,12.0,2.773533100454828,9.230021616226814
independent,linear_10h,98,4.0,12.0,2.8393945041660817,9.330241052466448
independent,linear_10h,99,4.0,12.0,2.904675584378058,9.427570933606756
independent,linear_10h,100,4.0,12.0,2.9726145907753354,9.518432317060533
independent,linear_10h,20,8.0,1.0,0.9499144575692675,1.369117635633077
independent,linear_10h,21,8.0,1.0,0.9933625916433986,1.302162038351562
independent,linear_10h,22,8.0,1.0,0.9827786413984185,1.505755238884321
independent,linear_10h,23,8.0,1.0,1.0634200484105127,1.5102214066989195
independent,linear_10h,24,8.0,1.0,1.0368038876449548,1.562264986848927
independent,linear_10h,25,8.0,1.0,1.0506027308145427,1.6748736733641412
independent,linear_10h,26,8.0,1.0,1.0526370679144303,1.6905330971601629
independent,linear_10h,27,8.0,1.0,1.0617664316185271,1.7725343263668591
independent,linear_10h,28,8.0,1.0,1.034147412637454,1.9300165853535445
independent,linear_10h,29,8.0,1.0,1.0342292157182742,2.0412142744077544
independent,linear_10h,30,8.0,1.0,1.039996638053342,2.187973934848264
independent,linear_10h,31,8.0,1.0,1.0445859228012777,2.233921677420203
independent,linear_10h,32,8.0,1.0,1.063191965038457,2.389286455764772
independent,linear_10h,33,8.0,1.0,1.0816949921480523,2.3849132411221774
independent,linear_10h,34,8.0,1.0,1.1112934270264496,2.4079759536905776
independent,linear_10h,35,8.0,1.0,1.1370027319524523,2.4917592989786908
independent,linear_10h,36,8.0,1.0,1.1707285749792185,2.522902870397492
independent,linear_10h,37,8.0,1.0,1.2025787354495332,2.5726168898502877
independent,linear_10h,38,8.0,1.0,1.2272096612285122,2.6486832307891284
independent,linear_10h,39,8.0,1.0,1.2300523589529044,2.7290362969461412
independent,linear_10h,40,8.0,1.0,1.221982484105033,2.8400565131887268
independent,linear_10h,41,8.0,1.0,1.2205705452601467,2.9376104529945435
independent,linear_10h,42,8.0,1.0,1.244941368125696,3.003305991007532
independent,linear_10h,43,8.0,1.0,1.278505057129542,3.0944960612584227
independent,linear_10h,44,8.0,1.0,1.2883445916215486,3.1507845135419377
independent,linear_10h,45,8.0,1.0,1.3081752684547476,3.2437240739781714
independent,linear_10h,46,8.0,1.0,1.309543036796712,3.344063781835094
independent,linear_10h,47,8.0,1.0,1.3225287422954812,3.4208252163706376
independent,linear_10h,48,8.0,1.0,1.3276335283967766,3.5500395593456746
independent,linear_10h,49,8.0,1.0,1.32952973683369,3.6434293861428824
independent,linear_10h,50,8.0,1.0,1.3568872309623004,3.727112734109217
independent,linear_10h,51,8.0,1.0,1.3925371738021886,3.8132299266161684
independent,linear_10h,52,8.0,1.0,1.4255932645887093,3.8720768060488187
independent,linear_10h,53,8.0,1.0,1.4613567508458436,3.9643242261236944
independent,linear_10h,54,8.0,1.0,1.4982795074263366,4.033196018951402
independent,linear_10h,55,8.0,1.0,1.5269964983263273,4.051371851867036
independent,linear_10h,56,8.0,1.0,1.5537080554600013,4.097953122185771
independent,linear_10h,57,8.0,1.0,1.5704069137052024,4.162908401374343
independent,linear_10h,58,8.0,1.0,1.5826807493595885,4.1852512347753335
independent,linear_10h,59,8.0,1.0,1.5938700356629365,4.252598884858694
independent,linear_10h,60,8.0,1.0,1.6035176909613424,4.289517557667977
independent,linear_10h,61,8.0,1.0,1.6671146156964856,4.348584969124714
independent,linear_10h,62,8.0,1.0,1.7394452360309787,4.3919403462657325
independent,linear_10h,63,8.0,1.0,1.815359524351634,4.455875580727731
independent,linear_10h,64,8.0,1.0,1.8931516782010105,4.501923267071306
independent,linear_10h,65,8.0,1.0,1.9740423436881205,4.5385085090954735
independent,linear_10h,66,8.0,1.0,2.0561052828071524,4.605402894838706
independent,linear_10h,67,8.0,1.0,2.1448825764574186,4.677517954334909
independent,linear_10h,68,8.0,1.0,2.2277928428347415,4.755858042079697
independent,linear_10h,69,8.0,1.0,2.3164760770232773,4.851176960599002
independent,linear_10h,70,8.0,1.0,2.4066254579721003,4.936707282569719
independent,linear_10h,71,8.0,1.0,2.5012413105512277,5.014243062671175
independent,linear_10h,72,8.0,1.0,2.594941118498051,5.108567878656611
independent,linear_10h,73,8.0,1.0,2.6913455536101027,5.210433012881444
independent,linear_10h,74,8.0,1.0,2.794052894537513,5.300494513326259
independent,linear_10h,75,8.0,1.0,2.9007963990651753,5.402599989465773
independent,linear_10h,76,8.0,1.0,3.007744457978867,5.482660688585161
independent,linear_10h,77,8.0,1.0,3.1176255061033276,5.584001795935589
independent,linear_10h,78,8.0,1.0,3.226414162591462,5.668473150655995
independent,linear_10h,79,8.0,1.0,3.338991890308307,5.738654131011822
independent,linear_10h,80,8.0,1.0,3.4531401929239536,5.819145985442642
independent,linear_10h,81,8.0,1.0,3.5691031699703,5.901375650153895
independent,linear_10h,82,8.0,1.0,3.6889853723549804,5.982603559668154
independent,linear_10h,83,8.0,1.0,3.8053296882633036,6.044563102692568
independent,linear_10h,84,8.0,1.0,3.9290638348857154,6.126148940213394
independent,linear_10h,85,8.0,1.0,4.052308809573324,6.198022499995237
independent,linear_10h,86,8.0,1.0,4.177660054246357,6.297339345074926
independent,linear_10h,87,8.0,1.0,4.306705071334771,6.379537031433058
independent,linear_10h,88,8.0,1.0,4.432457544435464,6.456180465959682
independent,linear_10h,89,8.0,1.0,4.566713368237063,6.5089877296975684
independent,linear_10h,90,8.0,1.0,4.70452776943866,6.587493285704249
independent,linear_10h,91,8.0,1.0,4.843536594994502,6.651725998261404
independent,linear_10h,92,8.0,1.0,4.980650433398592,6.715104781600956
independent,linear_10h,93,8.0,1.0,5.113795695595402,6.766352981050638
independent,linear_10h,94,8.0,1.0,5.247315268975261,6.811520113093761
independent,linear_10h,95,8.0,1.0,5.377756135834311,6.887395644739747
independent,linear_10h,96,8.0,1.0,5.502487817933477,6.942574812042968
independent,linear_10h,97,8.0,1.0,5.615023196684854,6.994894634463722
independent,linear_10h,98,8.0,1.0,5.725851299441498,7.053771588984081
independent,linear_10h,99,8.0,1.0,5.829945133659908,7.095537968469912
independent,linear_10h,100,8.0,1.0,5.929580041507321,7.1375954545823905
independent,linear_10h,20,8.0,5.0,0.9499144575692675,1.3691176356330992
independent,linear_10h,21,8.0,5.0,0.9933625916433764,1.3021620383515398
independent,linear_10h,22,8.0,5.0,0.9827786413983519,1.5057552388842987
independent,linear_10h,23,8.0,5.0,1.0634200484104905,1.5102214066988973
independent,linear_10h,24,8.0,5.0,1.0368038876449548,1.5622649868489047
independent,linear_10h,25,8.0,5.0,1.0506027308145427,1.6748736733640968
independent,linear_10h,26,8.0,5.0,1.0526370679144526,1.6905330971601185
independent,linear_10h,27,8.0,5.0,1.0617664316184827,1.7725343263668591
independent,linear_10h,28,8.0,5.0,1.0341474126374761,1.9300165853535445
independent,linear_10h,29,8.0,5.0,1.0342292157182964,2.0412142744077766
independent,linear_10h,30,8.0,5.0,1.0399966380533643,2.1879739348482863
independent,linear_10h,31,8.0,5.0,1.0445859228012555,2.2339216774202253
independent,linear_10h,32,8.0,5.0,1.063191965038457,2.3892864557648164
independent,linear_10h,33,8.0,5.0,1.0816949921479857,2.384913241122222
independent,linear_10h,34,8.0,5.0,1.1112934270264496,2.407975953690533
independent,linear_10h,35,8.0,5.0,1.1370027319524523,2.4917592989786908
independent,linear_10h,36,8.0,5.0,1.1707285749792185,2.5229028703975143
independent,linear_10h,37,8.0,5.0,1.2025787354495332,2.5726168898502655
independent,linear_10h,38,8.0,5.0,1.2272096612285122,2.6486832307891506
independent,linear_10h,39,8.0,5.0,1.2300523589529266,2.729036296946097
independent,linear_10h,40,8.0,5.0,1.2219824841050109,2.840056513188771
independent,linear_10h,41,8.0,5.0,1.2205705452601467,2.9376104529945657
independent,linear_10h,42,8.0,5.0,1.2449413681256738,3.003305991007532
independent,linear_10h,43,8.0,5.0,1.278505057129542,3.0944960612584227
independent,linear_10h,44,8.0,5.0,1.2883445916215486,3.15078451354196
independent,linear_10h,45,8.0,5.0,1.3081752684547476,3.2437240739781936
independent,linear_10h,46,8.0,5.0,1.309543036796712,3.3440637818350716
independent,linear_10h,47,8.0,5.0,1.3225287422954812,3.4208252163706154
independent,linear_10h,48,8.0,5.0,1.3276335283967766,3.5500395593456524
independent,linear_10h,49,8.0,5.0,1.32952973683369,3.6434293861428824
independent,linear_10h,50,8.0,5.0,1.3568872309622781,3.727112734109239
independent,linear_10h,51,8.0,5.0,1.3925371738021886,3.8132299266161462
independent,linear_10h,52,8.0,5.0,1.4255932645887537,3.8720768060487964
independent,linear_10h,53,8.0,5.0,1.4613567508458214,3.9643242261237166
independent,linear_10h,54,8.0,5.0,1.4982795074263588,4.033196018951402
independent,linear_10h,55,8.0,5.0,1.5269964983263495,4.051371851866992
independent,linear_10h,56,8.0,5.0,1.5537080554600236,4.097953122185749
independent,linear_10h,57,8.0,5.0,1.5704069137051802,4.162908401374343
independent,linear_10h,58,8.0,5.0,1.5826807493596107,4.185251234775356
independent,linear_10h,59,8.0,5.0,1.5938700356629365,4.252598884858694
independent,linear_10h,60,8.0,5.0,1.6035176909613202,4.289517557668021
independent,linear_10h,61,8.0,5.0,1.6671146156964856,4.348584969124691
independent,linear_10h,62,8.0,5.0,1.7394452360309565,4.3919403462657325
independent,linear_10h,63,8.0,5.0,1.8153595243516563,4.455875580727753
independent,linear_10h,64,8.0,5.0,1.8931516782010105,4.501923267071306
independent,linear_10h,65,8.0,5.0,1.9740423436880983,4.538508509095429
independent,linear_10h,66,8.0,5.0,2.0561052828071302,4.605402894838706
independent,linear_10h,67,8.0,5.0,2.1448825764574186,4.677517954334887
independent,linear_10h,68,8.0,5.0,2.2277928428347193,4.755858042079697
independent,linear_10h,69,8.0,5.0,2.3164760770232773,4.85117696059898
independent,linear_10h,70,8.0,5.0,2.4066254579721003,4.9367072825696745
independent,linear_10h,71,8.0,5.0,2.5012413105512055,5.014243062671153
independent,linear_10h,72,8.0,5.0,2.5949411184980287,5.108567878656589
independent,linear_10h,73,8.0,5.0,2.6913455536100805,5.210433012881466
independent,linear_10h,74,8.0,5.0,2.794052894537491,5.300494513326237
independent,linear_10h,75,8.0,5.0,2.900796399065153,5.402599989465773
independent,linear_10h,76,8.0,5.0,3.007744457978867,5.482660688585161
independent,linear_10h,77,8.0,5.0,3.1176255061033276,5.584001795935611
independent,linear_10h,78,8.0,5.0,3.226414162591462,5.668473150655973
independent,linear_10h,79,8.0,5.0,3.3389918903082627,5.738654131011867
independent,linear_10h,80,8.0,5.0,3.4531401929239314,5.819145985442642
independent,linear_10h,81,8.0,5.0,3.569103169970256,5.901375650153939
independent,linear_10h,82,8.0,5.0,3.6889853723550026,5.9826035596681315
independent,linear_10h,83,8.0,5.0,3.805329688263326,6.044563102692546
independent,linear_10h,84,8.0,5.0,3.9290638348857376,6.126148940213416
independent,linear_10h,85,8.0,5.0,4.052308809573324,6.198022499995215
independent,linear_10h,86,8.0,5.0,4.177660054246357,6.297339345074926
independent,linear_10h,87,8.0,5.0,4.306705071334771,6.379537031433058
independent,linear_10h,88,8.0,5.0,4.432457544435464,6.456180465959682
independent,linear_10h,89,8.0,5.0,4.566713368237063,6.5089877296975684
independent,linear_10h,90,8.0,5.0,4.70452776943866,6.587493285704271
independent,linear_10h,91,8.0,5.0,4.843536594994502,6.651725998261382
independent,linear_10h,92,8.0,5.0,4.980650433398548,6.715104781600978
independent,linear_10h,93,8.0,5.0,5.11379569559538,6.766352981050661
independent,linear_10h,94,8.0,5.0,5.247315268975239,6.811520113093761
independent,linear_10h,95,8.0,5.0,5.3777561358342885,6.887395644739724
independent,linear_10h,96,8.0,5.0,5.5024878179334324,6.94257481204299
independent,linear_10h,97,8.0,5.0,5.615023196684854,6.994894634463722
independent,linear_10h,98,8.0,5.0,5.725851299441453,7.053771588984081
independent,linear_10h,99,8.0,5.0,5.829945133659908,7.095537968469912
independent,linear_10h,100,8.0,5.0,5.929580041507276,7.1375954545823905
independent,linear_10h,20,8.0,12.0,0.9402715261516814,1.3756561594368222
independent,linear_10h,21,8.0,12.0,0.9808439207425579,1.3846340682490021
independent,linear_10h,22,8.0,12.0,0.9685495695889612,1.5366689838829384
independent,linear_10h,23,8.0,12.0,1.0544447077265318,1.614391711341434
independent,linear_10h,24,8.0,12.0,1.092809364548497,1.7182953396751355
independent,linear_10h,25,8.0,12.0,1.1447795895114465,1.7993073857133446
independent,linear_10h,26,8.0,12.0,1.174211443405282,1.8804255951034632
independent,linear_10h,27,8.0,12.0,1.1926424050632933,1.9807636767346093
independent,linear_10h,28,8.0,12.0,1.1756701258420543,2.0715441556694802
independent,linear_10h,29,8.0,12.0,1.152997908834319,2.14944804545234
independent,linear_10h,30,8.0,12.0,1.1765585528810352,2.26889993025432
independent,linear_10h,31,8.0,12.0,1.17246728551057,2.3222412494829037
independent,linear_10h,32,8.0,12.0,1.216532436166129,2.421291829502481
independent,linear_10h,33,8.0,12.0,1.2502542065660371,2.5164312035949266
independent,linear_10h,34,8.0,12.0,1.2738800401839168,2.600942310892407
independent,linear_10h,35,8.0,12.0,1.3130076339483931,2.6974925491191737
independent,linear_10h,36,8.0,12.0,1.344872162636368,2.787214188326259
independent,linear_10h,37,8.0,12.0,1.3610150756962813,2.8522293140303523
independent,linear_10h,38,8.0,12.0,1.372255238133513,2.93516231030595
independent,linear_10h,39,8.0,12.0,1.343321151254262,2.9945287622724637
independent,linear_10h,40,8.0,12.0,1.336062466833443,3.0896858613308487
independent,linear_10h,41,8.0,12.0,1.327330052336051,3.176588542119063
independent,linear_10h,42,8.0,12.0,1.326897883196576,3.2439695538770907
independent,linear_10h,43,8.0,12.0,1.348719665007314,3.3258053214725303
independent,linear_10h,44,8.0,12.0,1.3647007816654844,3.427357465652414
independent,linear_10h,45,8.0,12.0,1.3798397589867228,3.513275117731185
independent,linear_10h,46,8.0,12.0,1.350297301488479,3.5746795173825507
independent,linear_10h,47,8.0,12.0,1.342025391831414,3.644328533551655
independent,linear_10h,48,8.0,12.0,1.3333219465432977,3.7193133399359812
independent,linear_10h,49,8.0,12.0,1.3468525178009338,3.796838584684026
independent,linear_10h,50,8.0,12.0,1.3724307704475747,3.8762070777687674
independent,linear_10h,51,8.0,12.0,1.4069851869215055,3.9669662051201815
independent,linear_10h,52,8.0,12.0,1.4388000014702085,4.04836313676078
independent,linear_10h,53,8.0,12.0,1.4733899321310862,4.15316029648638
independent,linear_10h,54,8.0,12.0,1.509224466296888,4.250677591897123
independent,linear_10h,55,8.0,12.0,1.5367851382278586,4.352605028420475
independent,linear_10h,56,8.0,12.0,1.5622146831842265,4.452621350650077
independent,linear_10h,57,8.0,12.0,1.57733639469948,4.552626125541592
independent,linear_10h,58,8.0,12.0,1.5879432496691104,4.656821914878506
independent,linear_10h,59,8.0,12.0,1.597463065819471,4.767445332679476
independent,linear_10h,60,8.0,12.0,1.6054106518702094,4.87979226057742
independent,linear_10h,61,8.0,12.0,1.61682212510601,4.992215333843442
independent,linear_10h,62,8.0,12.0,1.6247251565964405,5.10092135872533
independent,linear_10h,63,8.0,12.0,1.6332667895167852,5.214123208353905
independent,linear_10h,64,8.0,12.0,1.6459888106050702,5.329211458984329
independent,linear_10h,65,8.0,12.0,1.656902090065726,5.445636071260007
independent,linear_10h,66,8.0,12.0,1.6697903443781525,5.564275117612305
independent,linear_10h,67,8.0,12.0,1.6860392892513731,5.676145149925915
independent,linear_10h,68,8.0,12.0,1.6985189837738224,5.791228619664035
independent,linear_10h,69,8.0,12.0,1.7139727613681544,5.906865112920334
independent,linear_10h,70,8.0,12.0,1.7318927015422592,6.02689228950597
independent,linear_10h,71,8.0,12.0,1.7501304040835608,6.1426620870727255
independent,linear_10h,72,8.0,12.0,1.768418739825628,6.264666643869843
independent,linear_10h,73,8.0,12.0,1.7868174828840955,6.378232342781098
independent,linear_10h,74,8.0,12.0,1.8050520945612991,6.498463380160602
independent,linear_10h,75,8.0,12.0,1.8238902869671447,6.618301770844348
independent,linear_10h,76,8.0,12.0,1.841732387993833,6.738163847546885
independent,linear_10h,77,8.0,12.0,1.8624138158908954,6.8584444014743395
independent,linear_10h,78,8.0,12.0,1.8834562485311679,6.9730932993368855
independent,linear_10h,79,8.0,12.0,1.9016614524698383,7.0931312257988655
independent,linear_10h,80,8.0,12.0,1.9215857641330159,7.214512895757186
independent,linear_10h,81,8.0,12.0,1.9439884075190594,7.3374534097767175
independent,linear_10h,82,8.0,12.0,1.9678708240429499,7.459915161351804
independent,linear_10h,83,8.0,12.0,1.989517455801737,7.580447949312652
independent,linear_10h,84,8.0,12.0,2.0137027062769652,7.702240674097882
independent,linear_10h,85,8.0,12.0,2.0370423474515897,7.827015217204547
independent,linear_10h,86,8.0,12.0,2.0606083289487653,7.952233911332707
independent,linear_10h,87,8.0,12.0,2.12422021336669,8.075384049562517
independent,linear_10h,88,8.0,12.0,2.1820682410344627,8.194858598823407
independent,linear_10h,89,8.0,12.0,2.2472853426785067,8.315010580175052
independent,linear_10h,90,8.0,12.0,2.314551910074192,8.43433119695629
independent,linear_10h,91,8.0,12.0,2.3791626731101356,8.554837271206694
independent,linear_10h,92,8.0,12.0,2.445826473839996,8.67276089082929
independent,linear_10h,93,8.0,12.0,2.5080101438885727,8.787700752406934
independent,linear_10h,94,8.0,12.0,2.5745750512221166,8.903436178186276
independent,linear_10h,95,8.0,12.0,2.643011350843061,9.01644802678858
independent,linear_10h,96,8.0,12.0,2.7097528176986296,9.126833691766944
independent,linear_10h,97,8.0,12.0,2.773533100454828,9.230021616226814
independent,linear_10h,98,8.0,12.0,2.8393945041660817,9.330241052466448
independent,linear_10h,99,8.0,12.0,2.904675584378058,9.427570933606756
independent,linear_10h,100,8.0,12.0,2.9726145907753354,9.518432317060533
independent,linear_10h,20,10.0,1.0,0.9499144575692453,1.369117635633077
independent,linear_10h,21,10.0,1.0,0.9933625916433764,1.3021620383515398
independent,linear_10h,22,10.0,1.0,0.9827786413983963,1.5057552388842765
independent,linear_10h,23,10.0,1.0,1.0634200484105127,1.5102214066989195
independent,linear_10h,24,10.0,1.0,1.0368038876449548,1.562264986848927
independent,linear_10h,25,10.0,1.0,1.0506027308145205,1.6748736733640968
independent,linear_10h,26,10.0,1.0,1.0526370679144526,1.6905330971601185
independent,linear_10h,27,10.0,1.0,1.0617664316184605,1.7725343263668814
independent,linear_10h,28,10.0,1.0,1.0341474126374761,1.9300165853535223
independent,linear_10h,29,10.0,1.0,1.0342292157182964,2.0412142744077544
independent,linear_10h,30,10.0,1.0,1.0399966380533643,2.187973934848264
independent,linear_10h,31,10.0,1.0,1.0445859228012555,2.233921677420181
independent,linear_10h,32,10.0,1.0,1.063191965038457,2.3892864557648164
independent,linear_10h,33,10.0,1.0,1.081694992148008,2.384913241122222
independent,linear_10h,34,10.0,1.0,1.1112934270264274,2.4079759536906
independent,linear_10h,35,10.0,1.0,1.13700273195243,2.4917592989786908
independent,linear_10h,36,10.0,1.0,1.1707285749792185,2.522902870397492
independent,linear_10h,37,10.0,1.0,1.202578735449511,2.5726168898502877
independent,linear_10h,38,10.0,1.0,1.2272096612285344,2.6486832307891284
independent,linear_10h,39,10.0,1.0,1.2300523589529266,2.7290362969461412
independent,linear_10h,40,10.0,1.0,1.221982484105033,2.8400565131887268
independent,linear_10h,41,10.0,1.0,1.2205705452601467,2.9376104529945657
independent,linear_10h,42,10.0,1.0,1.2449413681256738,3.00330599100751
independent,linear_10h,43,10.0,1.0,1.2785050571295198,3.0944960612584227
independent,linear_10h,44,10.0,1.0,1.2883445916215486,3.1507845135419377
independent,linear_10h,45,10.0,1.0,1.3081752684547476,3.2437240739781936
independent,linear_10h,46,10.0,1.0,1.309543036796712,3.3440637818350716
independent,linear_10h,47,10.0,1.0,1.322528742295459,3.4208252163706154
independent,linear_10h,48,10.0,1.0,1.3276335283967544,3.5500395593456524
independent,linear_10h,49,10.0,1.0,1.3295297368336678,3.6434293861429046
independent,linear_10h,50,10.0,1.0,1.3568872309622781,3.7271127341091947
independent,linear_10h,51,10.0,1.0,1.3925371738022108,3.813229926616124
independent,linear_10h,52,10.0,1.0,1.4255932645887315,3.8720768060487742
independent,linear_10h,53,10.0,1.0,1.4613567508458658,3.964324226123672
independent,linear_10h,54,10.0,1.0,1.4982795074263366,4.033196018951402
independent,linear_10h,55,10.0,1.0,1.5269964983263495,4.051371851866992
independent,linear_10h,56,10.0,1.0,1.5537080554600013,4.097953122185771
independent,linear_10h,57,10.0,1.0,1.5704069137052024,4.162908401374343
independent,linear_10h,58,10.0,1.0,1.5826807493596107,4.1852512347753335
independent,linear_10h,59,10.0,1.0,1.5938700356629365,4.252598884858716
independent,linear_10h,60,10.0,1.0,1.6035176909613202,4.289517557667999
independent,linear_10h,61,10.0,1.0,1.6671146156964856,4.348584969124714
independent,linear_10h,62,10.0,1.0,1.7394452360309565,4.391940346265755
independent,linear_10h,63,10.0,1.0,1.8153595243516563,4.455875580727753
independent,linear_10h,64,10.0,1.0,1.8931516782010105,4.501923267071306
independent,linear_10h,65,10.0,1.0,1.9740423436880983,4.538508509095451
independent,linear_10h,66,10.0,1.0,2.0561052828071524,4.605402894838662
independent,linear_10h,67,10.0,1.0,2.144882576457441,4.677517954334909
independent,linear_10h,68,10.0,1.0,2.2277928428347193,4.755858042079697
independent,linear_10h,69,10.0,1.0,2.3164760770232773,4.85117696059898
independent,linear_10h,70,10.0,1.0,2.406625457972078,4.936707282569719
independent,linear_10h,71,10.0,1.0,2.5012413105512055,5.014243062671109
independent,linear_10h,72,10.0,1.0,2.5949411184980287,5.108567878656589
independent,linear_10h,73,10.0,1.0,2.6913455536100805,5.210433012881421
independent,linear_10h,74,10.0,1.0,2.794052894537513,5.300494513326259
independent,linear_10h,75,10.0,1.0,2.900796399065153,5.402599989465773
independent,linear_10h,76,10.0,1.0,3.0077444579789114,5.482660688585161
independent,linear_10h,77,10.0,1.0,3.1176255061033498,5.584001795935589
independent,linear_10h,78,10.0,1.0,3.2264141625914844,5.6684731506559505
independent,linear_10h,79,10.0,1.0,3.3389918903082627,5.738654131011867
independent,linear_10h,80,10.0,1.0,3.4531401929239314,5.81914598544262
independent,linear_10h,81,10.0,1.0,3.569103169970256,5.901375650153939
independent,linear_10h,82,10.0,1.0,3.6889853723550026,5.9826035596681315
independent,linear_10h,83,10.0,1.0,3.805329688263326,6.044563102692524
independent,linear_10h,84,10.0,1.0,3.9290638348857376,6.126148940213394
independent,linear_10h,85,10.0,1.0,4.052308809573302,6.198022499995215
independent,linear_10h,86,10.0,1.0,4.177660054246357,6.297339345074904
independent,linear_10h,87,10.0,1.0,4.306705071334793,6.3795370314330135
independent,linear_10h,88,10.0,1.0,4.432457544435464,6.456180465959682
independent,linear_10h,89,10.0,1.0,4.566713368237063,6.5089877296975684
independent,linear_10h,90,10.0,1.0,4.70452776943866,6.587493285704271
independent,linear_10h,91,10.0,1.0,4.843536594994524,6.651725998261382
independent,linear_10h,92,10.0,1.0,4.980650433398592,6.7151047816009335
independent,linear_10h,93,10.0,1.0,5.113795695595447,6.766352981050661
independent,linear_10h,94,10.0,1.0,5.247315268975261,6.811520113093761
independent,linear_10h,95,10.0,1.0,5.377756135834311,6.887395644739724
independent,linear_10h,96,10.0,1.0,5.502487817933455,6.942574812042968
independent,linear_10h,97,10.0,1.0,5.615023196684876,6.9948946344637
independent,linear_10h,98,10.0,1.0,5.725851299441498,7.053771588984081
independent,linear_10h,99,10.0,1.0,5.829945133659908,7.095537968469889
independent,linear_10h,100,10.0,1.0,5.929580041507299,7.1375954545823905
independent,linear_10h,20,10.0,5.0,0.9499144575692675,1.3691176356330548
independent,linear_10h,21,10.0,5.0,0.9933625916433764,1.3021620383515176
independent,linear_10h,22,10.0,5.0,0.9827786413983519,1.5057552388842987
independent,linear_10h,23,10.0,5.0,1.0634200484105127,1.5102214066989195
independent,linear_10h,24,10.0,5.0,1.036803887644977,1.562264986848927
independent,linear_10h,25,10.0,5.0,1.0506027308145205,1.674873673364119
independent,linear_10h,26,10.0,5.0,1.0526370679144303,1.6905330971601185
independent,linear_10h,27,10.0,5.0,1.0617664316184605,1.7725343263668591
independent,linear_10h,28,10.0,5.0,1.0341474126374761,1.9300165853535445
independent,linear_10h,29,10.0,5.0,1.0342292157182742,2.041214274407732
independent,linear_10h,30,10.0,5.0,1.039996638053342,2.187973934848242
independent,linear_10h,31,10.0,5.0,1.0445859228012777,2.2339216774202253
independent,linear_10h,32,10.0,5.0,1.0631919650384125,2.389286455764794
independent,linear_10h,33,10.0,5.0,1.08169499214803,2.384913241122222
independent,linear_10h,34,10.0,5.0,1.1112934270264496,2.4079759536905554
independent,linear_10h,35,10.0,5.0,1.13700273195243,2.4917592989786908
independent,linear_10h,36,10.0,5.0,1.1707285749792185,2.52290287039747
independent,linear_10h,37,10.0,5.0,1.2025787354495332,2.5726168898502433
independent,linear_10h,38,10.0,5.0,1.2272096612285122,2.6486832307891506
independent,linear_10h,39,10.0,5.0,1.2300523589529044,2.7290362969461412
independent,linear_10h,40,10.0,5.0,1.221982484105033,2.8400565131887268
independent,linear_10h,41,10.0,5.0,1.220570545260169,2.9376104529945435
independent,linear_10h,42,10.0,5.0,1.2449413681256738,3.00330599100751
independent,linear_10h,43,10.0,5.0,1.2785050571295198,3.0944960612584227
independent,linear_10h,44,10.0,5.0,1.288344591621593,3.1507845135419377
independent,linear_10h,45,10.0,5.0,1.3081752684547698,3.2437240739781714
independent,linear_10h,46,10.0,5.0,1.309543036796712,3.344063781835094
independent,linear_10h,47,10.0,5.0,1.3225287422954812,3.4208252163706154
independent,linear_10h,48,10.0,5.0,1.3276335283967766,3.5500395593456746
independent,linear_10h,49,10.0,5.0,1.32952973683369,3.6434293861428824
independent,linear_10h,50,10.0,5.0,1.356887230962256,3.727112734109239
independent,linear_10h,51,10.0,5.0,1.3925371738021886,3.8132299266161462
independent,linear_10h,52,10.0,5.0,1.4255932645887537,3.8720768060487742
independent,linear_10h,53,10.0,5.0,1.4613567508458658,3.9643242261236944
independent,linear_10h,54,10.0,5.0,1.4982795074263366,4.033196018951402
independent,linear_10h,55,10.0,5.0,1.5269964983263717,4.051371851866992
independent,linear_10h,56,10.0,5.0,1.5537080554599791,4.097953122185749
independent,linear_10h,57,10.0,5.0,1.5704069137052024,4.162908401374366
independent,linear_10h,58,10.0,5.0,1.5826807493595663,4.1852512347753335
independent,linear_10h,59,10.0,5.0,1.5938700356629365,4.252598884858738
independent,linear_10h,60,10.0,5.0,1.6035176909613202,4.289517557667977
independent,linear_10h,61,10.0,5.0,1.6671146156964856,4.348584969124714
independent,linear_10h,62,10.0,5.0,1.7394452360309787,4.3919403462657325
independent,linear_10h,63,10.0,5.0,1.8153595243516119,4.455875580727775
independent,linear_10h,64,10.0,5.0,1.8931516782010105,4.501923267071284
independent,linear_10h,65,10.0,5.0,1.974042343688076,4.538508509095429
independent,linear_10h,66,10.0,5.0,2.0561052828071524,4.605402894838684
independent,linear_10h,67,10.0,5.0,2.1448825764574186,4.677517954334931
independent,linear_10h,68,10.0,5.0,2.2277928428347193,4.755858042079697
independent,linear_10h,69,10.0,5.0,2.3164760770232773,4.85117696059898
independent,linear_10h,70,10.0,5.0,2.4066254579721003,4.936707282569719
independent,linear_10h,71,10.0,5.0,2.5012413105512055,5.014243062671153
independent,linear_10h,72,10.0,5.0,2.5949411184980287,5.108567878656589
independent,linear_10h,73,10.0,5.0,2.6913455536100583,5.210433012881466
independent,linear_10h,74,10.0,5.0,2.794052894537513,5.300494513326259
independent,linear_10h,75,10.0,5.0,2.900796399065153,5.402599989465773
independent,linear_10h,76,10.0,5.0,3.007744457978867,5.482660688585139
independent,linear_10h,77,10.0,5.0,3.1176255061033276,5.584001795935589
independent,linear_10h,78,10.0,5.0,3.22641416259144,5.668473150655995
independent,linear_10h,79,10.0,5.0,3.338991890308307,5.738654131011844
independent,linear_10h,80,10.0,5.0,3.4531401929239314,5.81914598544262
independent,linear_10h,81,10.0,5.0,3.569103169970256,5.901375650153917
independent,linear_10h,82,10.0,5.0,3.6889853723550248,5.982603559668109
independent,linear_10h,83,10.0,5.0,3.8053296882632814,6.044563102692568
independent,linear_10h,84,10.0,5.0,3.9290638348857154,6.126148940213394
independent,linear_10h,85,10.0,5.0,4.052308809573346,6.198022499995215
independent,linear_10h,86,10.0,5.0,4.177660054246335,6.297339345074948
independent,linear_10h,87,10.0,5.0,4.306705071334793,6.37953703143308
independent,linear_10h,88,10.0,5.0,4.432457544435464,6.456180465959682
independent,linear_10h,89,10.0,5.0,4.566713368237063,6.508987729697591
independent,linear_10h,90,10.0,5.0,4.704527769438638,6.587493285704293
independent,linear_10h,91,10.0,5.0,4.84353659499448,6.651725998261426
independent,linear_10h,92,10.0,5.0,4.98065043339857,6.7151047816009335
independent,linear_10h,93,10.0,5.0,5.113795695595402,6.766352981050661
independent,linear_10h,94,10.0,5.0,5.247315268975239,6.811520113093739
independent,linear_10h,95,10.0,5.0,5.377756135834266,6.887395644739769
independent,linear_10h,96,10.0,5.0,5.5024878179334324,6.94257481204299
independent,linear_10h,97,10.0,5.0,5.615023196684832,6.994894634463744
independent,linear_10h,98,10.0,5.0,5.725851299441453,7.053771588984081
independent,linear_10h,99,10.0,5.0,5.829945133659886,7.095537968469912
independent,linear_10h,100,10.0,5.0,5.929580041507276,7.137595454582368
independent,linear_10h,20,10.0,12.0,0.9499144575692453,1.369117635633077
independent,linear_10h,21,10.0,12.0,0.9933625916433542,1.302162038351562
independent,linear_10h,22,10.0,12.0,0.9827786413983963,1.5057552388842987
independent,linear_10h,23,10.0,12.0,1.0634200484105127,1.5102214066989195
independent,linear_10h,24,10.0,12.0,1.0368038876449548,1.562264986848927
independent,linear_10h,25,10.0,12.0,1.0506027308145205,1.6748736733640968
independent,linear_10h,26,10.0,12.0,1.0526370679144526,1.6905330971601407
independent,linear_10h,27,10.0,12.0,1.0617664316184827,1.772534326366837
independent,linear_10h,28,10.0,12.0,1.0341474126374761,1.9300165853535223
independent,linear_10h,29,10.0,12.0,1.0342292157182742,2.0412142744077544
independent,linear_10h,30,10.0,12.0,1.039996638053342,2.187973934848242
independent,linear_10h,31,10.0,12.0,1.0445859228012777,2.2339216774202475
independent,linear_10h,32,10.0,12.0,1.063191965038457,2.389286455764794
independent,linear_10h,33,10.0,12.0,1.08169499214803,2.384913241122222
independent,linear_10h,34,10.0,12.0,1.1112934270264274,2.4079759536905776
independent,linear_10h,35,10.0,12.0,1.13700273195243,2.491759298978713
independent,linear_10h,36,10.0,12.0,1.1707285749791962,2.5229028703975143
independent,linear_10h,37,10.0,12.0,1.202578735449511,2.5726168898502655
independent,linear_10h,38,10.0,12.0,1.2272096612285344,2.6486832307891284
independent,linear_10h,39,10.0,12.0,1.2300523589529044,2.729036296946119
independent,linear_10h,40,10.0,12.0,1.2219824841050109,2.8400565131887046
independent,linear_10h,41,10.0,12.0,1.2205705452601467,2.9376104529945657
independent,linear_10h,42,10.0,12.0,1.2449413681256516,3.0033059910074877
independent,linear_10h,43,10.0,12.0,1.2785050571295198,3.094496061258445
independent,linear_10h,44,10.0,12.0,1.2883445916215708,3.1507845135419155
independent,linear_10h,45,10.0,12.0,1.3081752684547254,3.2437240739781714
independent,linear_10h,46,10.0,12.0,1.309543036796712,3.3440637818350716
independent,linear_10h,47,10.0,12.0,1.3225287422954812,3.4208252163706376
independent,linear_10h,48,10.0,12.0,1.3276335283967544,3.5500395593456746
independent,linear_10h,49,10.0,12.0,1.3295297368336678,3.6434293861428824
independent,linear_10h,50,10.0,12.0,1.3568872309622781,3.727112734109239
independent,linear_10h,51,10.0,12.0,1.3925371738021886,3.813229926616124
independent,linear_10h,52,10.0,12.0,1.4255932645887315,3.8720768060488187
independent,linear_10h,53,10.0,12.0,1.4613567508458436,3.9643242261236944
independent,linear_10h,54,10.0,12.0,1.4982795074263366,4.033196018951402
independent,linear_10h,55,10.0,12.0,1.5269964983263495,4.051371851866992
independent,linear_10h,56,10.0,12.0,1.5537080554600236,4.097953122185771
independent,linear_10h,57,10.0,12.0,1.5704069137051802,4.162908401374388
independent,linear_10h,58,10.0,12.0,1.5826807493596107,4.1852512347753335
independent,linear_10h,59,10.0,12.0,1.5938700356629143,4.252598884858716
independent,linear_10h,60,10.0,12.0,1.6035176909613202,4.289517557668043
independent,linear_10h,61,10.0,12.0,1.6671146156965078,4.348584969124691
independent,linear_10h,62,10.0,12.0,1.7394452360309787,4.3919403462657325
independent,linear_10h,63,10.0,12.0,1.8153595243516119,4.455875580727775
independent,linear_10h,64,10.0,12.0,1.8931516782010105,4.501923267071306
independent,linear_10h,65,10.0,12.0,1.9740423436881427,4.538508509095407
independent,linear_10h,66,10.0,12.0,2.0561052828071302,4.605402894838662
independent,linear_10h,67,10.0,12.0,2.1448825764574186,4.677517954334909
independent,linear_10h,68,10.0,12.0,2.2277928428347193,4.755858042079697
independent,linear_10h,69,10.0,12.0,2.3164760770232773,4.85117696059898
independent,linear_10h,70,10.0,12.0,2.4066254579721003,4.9367072825696745
independent,linear_10h,71,10.0,12.0,2.5012413105512055,5.014243062671175
independent,linear_10h,72,10.0,12.0,2.5949411184980287,5.108567878656589
independent,linear_10h,73,10.0,12.0,2.6913455536100805,5.210433012881444
independent,linear_10h,74,10.0,12.0,2.7940528945374687,5.3004945133262815
independent,linear_10h,75,10.0,12.0,2.900796399065131,5.402599989465795
independent,linear_10h,76,10.0,12.0,3.007744457978867,5.482660688585161
independent,linear_10h,77,10.0,12.0,3.1176255061033276,5.584001795935589
independent,linear_10h,78,10.0,12.0,3.226414162591462,5.668473150655973
independent,linear_10h,79,10.0,12.0,3.338991890308285,5.738654131011844
independent,linear_10h,80,10.0,12.0,3.4531401929239314,5.819145985442642
independent,linear_10h,81,10.0,12.0,3.569103169970256,5.901375650153917
independent,linear_10h,82,10.0,12.0,3.6889853723549804,5.982603559668109
independent,linear_10h,83,10.0,12.0,3.8053296882633036,6.044563102692524
independent,linear_10h,84,10.0,12.0,3.9290638348857376,6.126148940213394
independent,linear_10h,85,10.0,12.0,4.052308809573346,6.198022499995215
independent,linear_10h,86,10.0,12.0,4.177660054246335,6.297339345074904
independent,linear_10h,87,10.0,12.0,4.306705071334793,6.379537031433036
independent,linear_10h,88,10.0,12.0,4.432457544435442,6.456180465959682
independent,linear_10h,89,10.0,12.0,4.566713368237085,6.5089877296975684
independent,linear_10h,90,10.0,12.0,4.704527769438638,6.587493285704249
independent,linear_10h,91,10.0,12.0,4.843536594994524,6.651725998261382
independent,linear_10h,92,10.0,12.0,4.980650433398592,6.715104781600911
independent,linear_10h,93,10.0,12.0,5.113795695595402,6.766352981050638
independent,linear_10h,94,10.0,12.0,5.247315268975239,6.811520113093739
independent,linear_10h,95,10.0,12.0,5.3777561358342885,6.887395644739747
independent,linear_10h,96,10.0,12.0,5.5024878179334324,6.942574812042945
independent,linear_10h,97,10.0,12.0,5.615023196684854,6.994894634463744
independent,linear_10h,98,10.0,12.0,5.725851299441498,7.053771588984081
independent,linear_10h,99,10.0,12.0,5.829945133659908,7.095537968469889
independent,linear_10h,100,10.0,12.0,5.929580041507321,7.137595454582346
independent,linear_10h,20,12.0,1.0,0.9499144575692453,1.369117635633077
independent,linear_10h,21,12.0,1.0,0.9933625916433986,1.302162038351562
independent,linear_10h,22,12.0,1.0,0.9827786413983963,1.5057552388842765
independent,linear_10h,23,12.0,1.0,1.0634200484105127,1.5102214066989195
independent,linear_10h,24,12.0,1.0,1.0368038876449326,1.562264986848927
independent,linear_10h,25,12.0,1.0,1.0506027308145205,1.6748736733641412
independent,linear_10h,26,12.0,1.0,1.0526370679144303,1.6905330971601629
independent,linear_10h,27,12.0,1.0,1.0617664316184605,1.7725343263668591
independent,linear_10h,28,12.0,1.0,1.0341474126374761,1.9300165853535
independent,linear_10h,29,12.0,1.0,1.0342292157182964,2.0412142744077544
independent,linear_10h,30,12.0,1.0,1.039996638053342,2.187973934848264
independent,linear_10h,31,12.0,1.0,1.0445859228012555,2.2339216774202475
independent,linear_10h,32,12.0,1.0,1.063191965038457,2.389286455764794
independent,linear_10h,33,12.0,1.0,1.08169499214803,2.384913241122222
independent,linear_10h,34,12.0,1.0,1.1112934270264496,2.4079759536905554
independent,linear_10h,35,12.0,1.0,1.13700273195243,2.4917592989786908
independent,linear_10h,36,12.0,1.0,1.1707285749791962,2.5229028703975143
independent,linear_10h,37,12.0,1.0,1.2025787354495332,2.5726168898502655
independent,linear_10h,38,12.0,1.0,1.2272096612285344,2.6486832307891284
independent,linear_10h,39,12.0,1.0,1.2300523589529266,2.729036296946097
independent,linear_10h,40,12.0,1.0,1.2219824841050109,2.8400565131887268
independent,linear_10h,41,12.0,1.0,1.220570545260169,2.9376104529945435
independent,linear_10h,42,12.0,1.0,1.244941368125696,3.003305991007532
independent,linear_10h,43,12.0,1.0,1.2785050571295198,3.094496061258445
independent,linear_10h,44,12.0,1.0,1.288344591621593,3.1507845135419155
independent,linear_10h,45,12.0,1.0,1.3081752684547254,3.2437240739781714
independent,linear_10h,46,12.0,1.0,1.3095430367966898,3.344063781835094
independent,linear_10h,47,12.0,1.0,1.3225287422955034,3.4208252163705932
independent,linear_10h,48,12.0,1.0,1.3276335283967988,3.55003955934563
independent,linear_10h,49,12.0,1.0,1.3295297368336678,3.6434293861428824
independent,linear_10h,50,12.0,1.0,1.3568872309623004,3.727112734109217
independent,linear_10h,51,12.0,1.0,1.3925371738022108,3.8132299266161462
independent,linear_10h,52,12.0,1.0,1.4255932645887537,3.8720768060487742
independent,linear_10h,53,12.0,1.0,1.4613567508458658,3.9643242261236944
independent,linear_10h,54,12.0,1.0,1.4982795074263588,4.033196018951379
independent,linear_10h,55,12.0,1.0,1.5269964983263495,4.051371851867014
independent,linear_10h,56,12.0,1.0,1.5537080554600013,4.097953122185771
independent,linear_10h,57,12.0,1.0,1.5704069137051802,4.162908401374366
independent,linear_10h,58,12.0,1.0,1.5826807493595885,4.185251234775356
independent,linear_10h,59,12.0,1.0,1.5938700356629365,4.252598884858716
independent,linear_10h,60,12.0,1.0,1.6035176909613424,4.289517557668021
independent,linear_10h,61,12.0,1.0,1.6671146156964411,4.348584969124736
independent,linear_10h,62,12.0,1.0,1.7394452360309565,4.3919403462657325
independent,linear_10h,63,12.0,1.0,1.8153595243516119,4.455875580727775
independent,linear_10h,64,12.0,1.0,1.8931516782009883,4.501923267071306
independent,linear_10h,65,12.0,1.0,1.9740423436880983,4.538508509095429
independent,linear_10h,66,12.0,1.0,2.0561052828071524,4.605402894838662
independent,linear_10h,67,12.0,1.0,2.1448825764573964,4.677517954334931
independent,linear_10h,68,12.0,1.0,2.2277928428347193,4.755858042079719
independent,linear_10h,69,12.0,1.0,2.3164760770232773,4.851176960599002
independent,linear_10h,70,12.0,1.0,2.4066254579721003,4.936707282569697
independent,linear_10h,71,12.0,1.0,2.5012413105512055,5.014243062671153
independent,linear_10h,72,12.0,1.0,2.5949411184980065,5.108567878656611
independent,linear_10h,73,12.0,1.0,2.6913455536100583,5.210433012881421
independent,linear_10h,74,12.0,1.0,2.794052894537491,5.300494513326259
independent,linear_10h,75,12.0,1.0,2.900796399065153,5.402599989465751
independent,linear_10h,76,12.0,1.0,3.007744457978867,5.482660688585161
independent,linear_10h,77,12.0,1.0,3.1176255061033054,5.584001795935567
independent,linear_10h,78,12.0,1.0,3.226414162591462,5.668473150655973
independent,linear_10h,79,12.0,1.0,3.338991890308285,5.738654131011867
independent,linear_10h,80,12.0,1.0,3.4531401929239536,5.81914598544262
independent,linear_10h,81,12.0,1.0,3.569103169970278,5.901375650153917
independent,linear_10h,82,12.0,1.0,3.6889853723549804,5.982603559668154
independent,linear_10h,83,12.0,1.0,3.8053296882633036,6.044563102692524
independent,linear_10h,84,12.0,1.0,3.9290638348857376,6.126148940213372
independent,linear_10h,85,12.0,1.0,4.052308809573346,6.198022499995193
independent,linear_10h,86,12.0,1.0,4.177660054246357,6.297339345074904
independent,linear_10h,87,12.0,1.0,4.306705071334793,6.379537031433036
independent,linear_10h,88,12.0,1.0,4.432457544435442,6.45618046595966
independent,linear_10h,89,12.0,1.0,4.566713368237063,6.508987729697591
independent,linear_10h,90,12.0,1.0,4.70452776943866,6.587493285704249
independent,linear_10h,91,12.0,1.0,4.843536594994524,6.651725998261382
independent,linear_10h,92,12.0,1.0,4.98065043339857,6.7151047816009335
independent,linear_10h,93,12.0,1.0,5.113795695595402,6.766352981050638
independent,linear_10h,94,12.0,1.0,5.247315268975283,6.811520113093739
independent,linear_10h,95,12.0,1.0,5.377756135834311,6.887395644739702
independent,linear_10h,96,12.0,1.0,5.502487817933477,6.942574812042968
independent,linear_10h,97,12.0,1.0,5.615023196684854,6.9948946344637
independent,linear_10h,98,12.0,1.0,5.725851299441476,7.053771588984081
independent,linear_10h,99,12.0,1.0,5.829945133659886,7.095537968469912
independent,linear_10h,100,12.0,1.0,5.929580041507321,7.137595454582368
independent,linear_10h,20,12.0,5.0,0.9499144575692675,1.369117635633077
independent,linear_10h,21,12.0,5.0,0.9933625916433986,1.302162038351562
independent,linear_10h,22,12.0,5.0,0.9827786413983741,1.505755238884321
independent,linear_10h,23,12.0,5.0,1.0634200484104905,1.5102214066989195
independent,linear_10h,24,12.0,5.0,1.036803887644977,1.562264986848949
independent,linear_10h,25,12.0,5.0,1.0506027308145427,1.674873673364119
independent,linear_10h,26,12.0,5.0,1.0526370679144303,1.6905330971601185
independent,linear_10h,27,12.0,5.0,1.0617664316184827,1.7725343263668591
independent,linear_10h,28,12.0,5.0,1.0341474126374761,1.9300165853535223
independent,linear_10h,29,12.0,5.0,1.0342292157182964,2.041214274407799
independent,linear_10h,30,12.0,5.0,1.039996638053342,2.1879739348482197
independent,linear_10h,31,12.0,5.0,1.0445859228012777,2.2339216774202697
independent,linear_10h,32,12.0,5.0,1.063191965038457,2.389286455764794
independent,linear_10h,33,12.0,5.0,1.08169499214803,2.3849132411221774
independent,linear_10h,34,12.0,5.0,1.1112934270264274,2.4079759536905776
independent,linear_10h,35,12.0,5.0,1.1370027319524523,2.491759298978713
independent,linear_10h,36,12.0,5.0,1.1707285749792185,2.5229028703975143
independent,linear_10h,37,12.0,5.0,1.202578735449511,2.5726168898502655
independent,linear_10h,38,12.0,5.0,1.2272096612285566,2.6486832307891284
independent,linear_10h,39,12.0,5.0,1.2300523589529044,2.7290362969461412
independent,linear_10h,40,12.0,5.0,1.221982484105033,2.8400565131887268
independent,linear_10h,41,12.0,5.0,1.2205705452601467,2.9376104529945657
independent,linear_10h,42,12.0,5.0,1.244941368125696,3.00330599100751
independent,linear_10h,43,12.0,5.0,1.2785050571295198,3.0944960612584227
independent,linear_10h,44,12.0,5.0,1.2883445916215708,3.1507845135419377
independent,linear_10h,45,12.0,5.0,1.308175268454792,3.2437240739781714
independent,linear_10h,46,12.0,5.0,1.309543036796712,3.3440637818350716
independent,linear_10h,47,12.0,5.0,1.3225287422954812,3.4208252163706376
independent,linear_10h,48,12.0,5.0,1.3276335283967766,3.5500395593456746
independent,linear_10h,49,12.0,5.0,1.3295297368337122,3.6434293861428824
independent,linear_10h,50,12.0,5.0,1.3568872309623004,3.727112734109217
independent,linear_10h,51,12.0,5.0,1.3925371738021886,3.813229926616124
independent,linear_10h,52,12.0,5.0,1.4255932645887315,3.8720768060487964
independent,linear_10h,53,12.0,5.0,1.4613567508458658,3.9643242261236944
independent,linear_10h,54,12.0,5.0,1.4982795074263588,4.033196018951402
independent,linear_10h,55,12.0,5.0,1.5269964983263495,4.051371851867014
independent,linear_10h,56,12.0,5.0,1.5537080554600013,4.097953122185793
independent,linear_10h,57,12.0,5.0,1.5704069137052024,4.162908401374388
independent,linear_10h,58,12.0,5.0,1.5826807493596107,4.1852512347753335
independent,linear_10h,59,12.0,5.0,1.5938700356629143,4.252598884858716
independent,linear_10h,60,12.0,5.0,1.6035176909613202,4.289517557667999
independent,linear_10h,61,12.0,5.0,1.6671146156964634,4.348584969124736
independent,linear_10h,62,12.0,5.0,1.7394452360309565,4.3919403462657325
independent,linear_10h,63,12.0,5.0,1.8153595243516119,4.455875580727775
independent,linear_10h,64,12.0,5.0,1.8931516782009883,4.501923267071328
independent,linear_10h,65,12.0,5.0,1.974042343688076,4.538508509095451
independent,linear_10h,66,12.0,5.0,2.0561052828071302,4.605402894838662
independent,linear_10h,67,12.0,5.0,2.144882576457441,4.677517954334909
independent,linear_10h,68,12.0,5.0,2.227792842834675,4.755858042079697
independent,linear_10h,69,12.0,5.0,2.316476077023233,4.85117696059898
independent,linear_10h,70,12.0,5.0,2.406625457972078,4.936707282569719
independent,linear_10h,71,12.0,5.0,2.501241310551161,5.014243062671153
independent,linear_10h,72,12.0,5.0,2.5949411184980287,5.1085678786566335
independent,linear_10h,73,12.0,5.0,2.6913455536100805,5.210433012881421
independent,linear_10h,74,12.0,5.0,2.794052894537513,5.300494513326259
independent,linear_10h,75,12.0,5.0,2.900796399065153,5.402599989465773
independent,linear_10h,76,12.0,5.0,3.007744457978845,5.482660688585161
independent,linear_10h,77,12.0,5.0,3.117625506103283,5.584001795935589
independent,linear_10h,78,12.0,5.0,3.226414162591462,5.668473150655973
independent,linear_10h,79,12.0,5.0,3.3389918903082405,5.738654131011867
independent,linear_10h,80,12.0,5.0,3.4531401929239314,5.8191459854425975
independent,linear_10h,81,12.0,5.0,3.5691031699702114,5.901375650153962
independent,linear_10h,82,12.0,5.0,3.6889853723549804,5.9826035596681315
independent,linear_10h,83,12.0,5.0,3.8053296882633036,6.044563102692546
independent,linear_10h,84,12.0,5.0,3.9290638348857154,6.126148940213416
independent,linear_10h,85,12.0,5.0,4.052308809573324,6.198022499995215
independent,linear_10h,86,12.0,5.0,4.177660054246357,6.297339345074904
independent,linear_10h,87,12.0,5.0,4.306705071334771,6.379537031433058
independent,linear_10h,88,12.0,5.0,4.432457544435464,6.456180465959682
independent,linear_10h,89,12.0,5.0,4.566713368237085,6.5089877296975684
independent,linear_10h,90,12.0,5.0,4.704527769438638,6.587493285704271
independent,linear_10h,91,12.0,5.0,4.843536594994502,6.651725998261404
independent,linear_10h,92,12.0,5.0,4.98065043339857,6.715104781600956
independent,linear_10h,93,12.0,5.0,5.113795695595402,6.766352981050661
independent,linear_10h,94,12.0,5.0,5.247315268975261,6.811520113093739
independent,linear_10h,95,12.0,5.0,5.377756135834311,6.887395644739747
independent,linear_10h,96,12.0,5.0,5.502487817933455,6.942574812042945
independent,linear_10h,97,12.0,5.0,5.615023196684832,6.994894634463744
independent,linear_10h,98,12.0,5.0,5.725851299441476,7.053771588984081
independent,linear_10h,99,12.0,5.0,5.829945133659886,7.095537968469956
independent,linear_10h,100,12.0,5.0,5.929580041507276,7.137595454582413
independent,linear_10h,20,12.0,12.0,0.9499144575692675,1.3691176356330992
independent,linear_10h,21,12.0,12.0,0.9933625916433764,1.302162038351562
independent,linear_10h,22,12.0,12.0,0.9827786413983963,1.5057552388842987
independent,linear_10h,23,12.0,12.0,1.0634200484104905,1.5102214066988973
independent,linear_10h,24,12.0,12.0,1.036803887644977,1.562264986848927
independent,linear_10h,25,12.0,12.0,1.0506027308145427,1.674873673364119
independent,linear_10h,26,12.0,12.0,1.0526370679144303,1.6905330971601185
independent,linear_10h,27,12.0,12.0,1.061766431618505,1.7725343263668591
independent,linear_10h,28,12.0,12.0,1.0341474126374983,1.9300165853535223
independent,linear_10h,29,12.0,12.0,1.0342292157182964,2.041214274407732
independent,linear_10h,30,12.0,12.0,1.039996638053342,2.187973934848264
independent,linear_10h,31,12.0,12.0,1.0445859228012555,2.233921677420203
independent,linear_10h,32,12.0,12.0,1.063191965038457,2.3892864557648164
independent,linear_10h,33,12.0,12.0,1.08169499214803,2.384913241122222
independent,linear_10h,34,12.0,12.0,1.1112934270264496,2.4079759536905776
independent,linear_10h,35,12.0,12.0,1.13700273195243,2.4917592989786908
independent,linear_10h,36,12.0,12.0,1.1707285749791962,2.522902870397492
independent,linear_10h,37,12.0,12.0,1.2025787354495332,2.5726168898502877
independent,linear_10h,38,12.0,12.0,1.2272096612285344,2.6486832307891284
independent,linear_10h,39,12.0,12.0,1.2300523589529044,2.729036296946119
independent,linear_10h,40,12.0,12.0,1.221982484105033,2.8400565131887268
independent,linear_10h,41,12.0,12.0,1.220570545260169,2.9376104529945657
independent,linear_10h,42,12.0,12.0,1.2449413681257182,3.0033059910074877
independent,linear_10h,43,12.0,12.0,1.278505057129542,3.094496061258445
independent,linear_10h,44,12.0,12.0,1.2883445916215708,3.1507845135419377
independent,linear_10h,45,12.0,12.0,1.3081752684547476,3.2437240739781714
independent,linear_10h,46,12.0,12.0,1.309543036796712,3.3440637818350494
independent,linear_10h,47,12.0,12.0,1.3225287422954812,3.4208252163706154
independent,linear_10h,48,12.0,12.0,1.3276335283967766,3.5500395593456524
independent,linear_10h,49,12.0,12.0,1.3295297368336678,3.64342938614286
independent,linear_10h,50,12.0,12.0,1.3568872309622781,3.727112734109239
independent,linear_10h,51,12.0,12.0,1.3925371738021664,3.8132299266161462
independent,linear_10h,52,12.0,12.0,1.4255932645887759,3.872076806048752
independent,linear_10h,53,12.0,12.0,1.4613567508458658,3.9643242261236944
independent,linear_10h,54,12.0,12.0,1.4982795074263366,4.033196018951402
independent,linear_10h,55,12.0,12.0,1.5269964983263495,4.051371851866992
independent,linear_10h,56,12.0,12.0,1.553708055459957,4.097953122185793
independent,linear_10h,57,12.0,12.0,1.5704069137051802,4.162908401374388
independent,linear_10h,58,12.0,12.0,1.5826807493596107,4.1852512347753335
independent,linear_10h,59,12.0,12.0,1.5938700356629365,4.252598884858738
independent,linear_10h,60,12.0,12.0,1.6035176909613202,4.289517557668021
independent,linear_10h,61,12.0,12.0,1.6671146156964856,4.348584969124736
independent,linear_10h,62,12.0,12.0,1.7394452360309787,4.391940346265777
independent,linear_10h,63,12.0,12.0,1.8153595243516119,4.455875580727775
independent,linear_10h,64,12.0,12.0,1.8931516782010105,4.5019232670713505
independent,linear_10h,65,12.0,12.0,1.9740423436881205,4.538508509095429
independent,linear_10h,66,12.0,12.0,2.0561052828071524,4.605402894838706
independent,linear_10h,67,12.0,12.0,2.1448825764574186,4.677517954334931
independent,linear_10h,68,12.0,12.0,2.227792842834697,4.755858042079719
independent,linear_10h,69,12.0,12.0,2.3164760770232773,4.851176960599002
independent,linear_10h,70,12.0,12.0,2.4066254579721003,4.936707282569719
independent,linear_10h,71,12.0,12.0,2.5012413105512055,5.014243062671153
independent,linear_10h,72,12.0,12.0,2.594941118498051,5.108567878656611
independent,linear_10h,73,12.0,12.0,2.6913455536100805,5.210433012881444
independent,linear_10h,74,12.0,12.0,2.794052894537491,5.3004945133262815
independent,linear_10h,75,12.0,12.0,2.900796399065153,5.402599989465773
independent,linear_10h,76,12.0,12.0,3.007744457978867,5.482660688585161
independent,linear_10h,77,12.0,12.0,3.1176255061033498,5.584001795935589
independent,linear_10h,78,12.0,12.0,3.22641416259144,5.668473150655973
independent,linear_10h,79,12.0,12.0,3.338991890308285,5.738654131011822
independent,linear_10h,80,12.0,12.0,3.4531401929239536,5.81914598544262
independent,linear_10h,81,12.0,12.0,3.5691031699702336,5.901375650153939
independent,linear_10h,82,12.0,12.0,3.6889853723549804,5.9826035596681315
independent,linear_10h,83,12.0,12.0,3.8053296882633036,6.044563102692546
independent,linear_10h,84,12.0,12.0,3.9290638348857376,6.126148940213394
independent,linear_10h,85,12.0,12.0,4.052308809573368,6.198022499995193
independent,linear_10h,86,12.0,12.0,4.177660054246335,6.297339345074926
independent,linear_10h,87,12.0,12.0,4.306705071334771,6.379537031433058
independent,linear_10h,88,12.0,12.0,4.432457544435442,6.45618046595966
independent,linear_10h,89,12.0,12.0,4.566713368237063,6.5089877296975684
independent,linear_10h,90,12.0,12.0,4.70452776943866,6.587493285704271
independent,linear_10h,91,12.0,12.0,4.843536594994502,6.65172599826136
independent,linear_10h,92,12.0,12.0,4.98065043339857,6.715104781600956
independent,linear_10h,93,12.0,12.0,5.1137956955954245,6.766352981050661
independent,linear_10h,94,12.0,12.0,5.247315268975283,6.811520113093739
independent,linear_10h,95,12.0,12.0,5.377756135834311,6.887395644739702
independent,linear_10h,96,12.0,12.0,5.502487817933455,6.94257481204299
independent,linear_10h,97,12.0,12.0,5.615023196684854,6.994894634463722
independent,linear_10h,98,12.0,12.0,5.725851299441476,7.053771588984081
independent,linear_10h,99,12.0,12.0,5.829945133659886,7.095537968469934
independent,linear_10h,100,12.0,12.0,5.929580041507276,7.137595454582413
independent,linear_10h,20,24.0,1.0,0.9499144575692675,1.369117635633077
independent,linear_10h,21,24.0,1.0,0.9933625916433986,1.3021620383515842
independent,linear_10h,22,24.0,1.0,0.9827786413983741,1.505755238884321
independent,linear_10h,23,24.0,1.0,1.0634200484104905,1.5102214066989195
independent,linear_10h,24,24.0,1.0,1.0368038876449548,1.562264986848927
independent,linear_10h,25,24.0,1.0,1.0506027308145205,1.674873673364119
independent,linear_10h,26,24.0,1.0,1.0526370679144526,1.6905330971601407
independent,linear_10h,27,24.0,1.0,1.0617664316184605,1.7725343263668814
independent,linear_10h,28,24.0,1.0,1.0341474126374761,1.9300165853535223
independent,linear_10h,29,24.0,1.0,1.0342292157182964,2.0412142744077544
independent,linear_10h,30,24.0,1.0,1.039996638053342,2.187973934848242
independent,linear_10h,31,24.0,1.0,1.0445859228012333,2.2339216774202253
independent,linear_10h,32,24.0,1.0,1.0631919650384347,2.3892864557648386
independent,linear_10h,33,24.0,1.0,1.08169499214803,2.384913241122222
independent,linear_10h,34,24.0,1.0,1.1112934270264052,2.4079759536905554
independent,linear_10h,35,24.0,1.0,1.13700273195243,2.491759298978713
independent,linear_10h,36,24.0,1.0,1.1707285749791962,2.522902870397492
independent,linear_10h,37,24.0,1.0,1.202578735449511,2.5726168898502877
independent,linear_10h,38,24.0,1.0,1.2272096612285344,2.6486832307891284
independent,linear_10h,39,24.0,1.0,1.2300523589529044,2.7290362969461412
independent,linear_10h,40,24.0,1.0,1.2219824841050109,2.8400565131887268
independent,linear_10h,41,24.0,1.0,1.2205705452601467,2.937610452994588
independent,linear_10h,42,24.0,1.0,1.2449413681256738,3.00330599100751
independent,linear_10h,43,24.0,1.0,1.278505057129542,3.0944960612584227
independent,linear_10h,44,24.0,1.0,1.2883445916215486,3.1507845135419155
independent,linear_10h,45,24.0,1.0,1.3081752684547476,3.2437240739781714
independent,linear_10h,46,24.0,1.0,1.3095430367967342,3.344063781835094
independent,linear_10h,47,24.0,1.0,1.3225287422954812,3.42082521637066
independent,linear_10h,48,24.0,1.0,1.3276335283967988,3.5500395593456524
independent,linear_10h,49,24.0,1.0,1.32952973683369,3.6434293861428824
independent,linear_10h,50,24.0,1.0,1.3568872309623004,3.7271127341091947
independent,linear_10h,51,24.0,1.0,1.3925371738022108,3.813229926616124
independent,linear_10h,52,24.0,1.0,1.4255932645887093,3.8720768060487964
independent,linear_10h,53,24.0,1.0,1.4613567508458436,3.9643242261236944
independent,linear_10h,54,24.0,1.0,1.4982795074263366,4.033196018951424
independent,linear_10h,55,24.0,1.0,1.5269964983263495,4.051371851867014
independent,linear_10h,56,24.0,1.0,1.5537080554600013,4.097953122185771
independent,linear_10h,57,24.0,1.0,1.5704069137051802,4.162908401374366
independent,linear_10h,58,24.0,1.0,1.5826807493596107,4.185251234775311
independent,linear_10h,59,24.0,1.0,1.5938700356629143,4.252598884858716
independent,linear_10h,60,24.0,1.0,1.6035176909613647,4.289517557667999
independent,linear_10h,61,24.0,1.0,1.6671146156964856,4.348584969124736
independent,linear_10h,62,24.0,1.0,1.7394452360309565,4.391940346265755
independent,linear_10h,63,24.0,1.0,1.815359524351634,4.455875580727753
independent,linear_10h,64,24.0,1.0,1.8931516782010105,4.501923267071306
independent,linear_10h,65,24.0,1.0,1.9740423436881205,4.538508509095429
independent,linear_10h,66,24.0,1.0,2.0561052828071524,4.605402894838706
independent,linear_10h,67,24.0,1.0,2.1448825764573964,4.677517954334909
independent,linear_10h,68,24.0,1.0,2.2277928428347193,4.755858042079697
independent,linear_10h,69,24.0,1.0,2.3164760770232995,4.85117696059898
independent,linear_10h,70,24.0,1.0,2.4066254579721225,4.936707282569719
independent,linear_10h,71,24.0,1.0,2.5012413105511833,5.014243062671153
independent,linear_10h,72,24.0,1.0,2.5949411184980287,5.108567878656611
independent,linear_10h,73,24.0,1.0,2.6913455536100583,5.210433012881421
independent,linear_10h,74,24.0,1.0,2.794052894537513,5.300494513326237
independent,linear_10h,75,24.0,1.0,2.900796399065131,5.402599989465795
independent,linear_10h,76,24.0,1.0,3.007744457978867,5.482660688585139
independent,linear_10h,77,24.0,1.0,3.1176255061033276,5.584001795935567
independent,linear_10h,78,24.0,1.0,3.22641416259144,5.668473150655995
independent,linear_10h,79,24.0,1.0,3.3389918903082627,5.738654131011889
independent,linear_10h,80,24.0,1.0,3.453140192923909,5.819145985442642
independent,linear_10h,81,24.0,1.0,3.569103169970256,5.901375650153939
independent,linear_10h,82,24.0,1.0,3.6889853723549804,5.982603559668154
independent,linear_10h,83,24.0,1.0,3.8053296882633036,6.044563102692546
independent,linear_10h,84,24.0,1.0,3.9290638348857376,6.126148940213394
independent,linear_10h,85,24.0,1.0,4.052308809573368,6.198022499995237
independent,linear_10h,86,24.0,1.0,4.177660054246335,6.297339345074926
independent,linear_10h,87,24.0,1.0,4.306705071334793,6.379537031433058
independent,linear_10h,88,24.0,1.0,4.432457544435464,6.45618046595966
independent,linear_10h,89,24.0,1.0,4.566713368237085,6.5089877296975684
independent,linear_10h,90,24.0,1.0,4.704527769438682,6.587493285704271
independent,linear_10h,91,24.0,1.0,4.843536594994502,6.651725998261404
independent,linear_10h,92,24.0,1.0,4.98065043339857,6.7151047816009335
independent,linear_10h,93,24.0,1.0,5.113795695595402,6.766352981050661
independent,linear_10h,94,24.0,1.0,5.247315268975261,6.811520113093739
independent,linear_10h,95,24.0,1.0,5.377756135834333,6.887395644739724
independent,linear_10h,96,24.0,1.0,5.5024878179334324,6.94257481204299
independent,linear_10h,97,24.0,1.0,5.615023196684854,6.9948946344637
independent,linear_10h,98,24.0,1.0,5.725851299441476,7.053771588984081
independent,linear_10h,99,24.0,1.0,5.829945133659931,7.095537968469934
independent,linear_10h,100,24.0,1.0,5.929580041507299,7.137595454582413
independent,linear_10h,20,24.0,5.0,0.9499144575692453,1.369117635633077
independent,linear_10h,21,24.0,5.0,0.9933625916433986,1.302162038351562
independent,linear_10h,22,24.0,5.0,0.9827786413983741,1.5057552388842987
independent,linear_10h,23,24.0,5.0,1.0634200484104905,1.5102214066988973
independent,linear_10h,24,24.0,5.0,1.036803887644977,1.562264986848927
independent,linear_10h,25,24.0,5.0,1.0506027308145205,1.674873673364119
independent,linear_10h,26,24.0,5.0,1.0526370679144748,1.6905330971601185
independent,linear_10h,27,24.0,5.0,1.0617664316184827,1.7725343263668591
independent,linear_10h,28,24.0,5.0,1.0341474126374761,1.9300165853535445
independent,linear_10h,29,24.0,5.0,1.0342292157183186,2.0412142744077544
independent,linear_10h,30,24.0,5.0,1.039996638053342,2.1879739348482197
independent,linear_10h,31,24.0,5.0,1.0445859228012777,2.2339216774202475
independent,linear_10h,32,24.0,5.0,1.0631919650384347,2.3892864557648386
independent,linear_10h,33,24.0,5.0,1.081694992148008,2.384913241122222
independent,linear_10h,34,24.0,5.0,1.1112934270264274,2.4079759536905554
independent,linear_10h,35,24.0,5.0,1.13700273195243,2.4917592989786908
independent,linear_10h,36,24.0,5.0,1.1707285749792185,2.5229028703975143
independent,linear_10h,37,24.0,5.0,1.202578735449511,2.5726168898502877
independent,linear_10h,38,24.0,5.0,1.2272096612285344,2.6486832307891284
independent,linear_10h,39,24.0,5.0,1.2300523589529044,2.7290362969461635
independent,linear_10h,40,24.0,5.0,1.221982484105033,2.840056513188749
independent,linear_10h,41,24.0,5.0,1.220570545260169,2.9376104529945657
independent,linear_10h,42,24.0,5.0,1.244941368125696,3.00330599100751
independent,linear_10h,43,24.0,5.0,1.2785050571295198,3.0944960612584227
independent,linear_10h,44,24.0,5.0,1.2883445916215486,3.15078451354196
independent,linear_10h,45,24.0,5.0,1.3081752684547476,3.2437240739781714
independent,linear_10h,46,24.0,5.0,1.309543036796712,3.344063781835094
independent,linear_10h,47,24.0,5.0,1.3225287422955256,3.4208252163706376
independent,linear_10h,48,24.0,5.0,1.3276335283967544,3.550039559345697
independent,linear_10h,49,24.0,5.0,1.32952973683369,3.64342938614286
independent,linear_10h,50,24.0,5.0,1.3568872309622781,3.727112734109239
independent,linear_10h,51,24.0,5.0,1.3925371738021886,3.8132299266161462
independent,linear_10h,52,24.0,5.0,1.4255932645887093,3.8720768060487964
independent,linear_10h,53,24.0,5.0,1.4613567508458436,3.9643242261236944
independent,linear_10h,54,24.0,5.0,1.4982795074263144,4.033196018951402
independent,linear_10h,55,24.0,5.0,1.5269964983263273,4.051371851867014
independent,linear_10h,56,24.0,5.0,1.5537080554600013,4.097953122185771
independent,linear_10h,57,24.0,5.0,1.570406913705158,4.162908401374388
independent,linear_10h,58,24.0,5.0,1.5826807493595885,4.185251234775356
independent,linear_10h,59,24.0,5.0,1.5938700356629143,4.252598884858694
independent,linear_10h,60,24.0,5.0,1.6035176909613202,4.289517557668021
independent,linear_10h,61,24.0,5.0,1.6671146156964634,4.348584969124736
independent,linear_10h,62,24.0,5.0,1.7394452360309565,4.391940346265777
independent,linear_10h,63,24.0,5.0,1.8153595243516119,4.455875580727775
independent,linear_10h,64,24.0,5.0,1.8931516782009883,4.501923267071328
independent,linear_10h,65,24.0,5.0,1.9740423436881205,4.538508509095451
independent,linear_10h,66,24.0,5.0,2.0561052828071524,4.605402894838684
independent,linear_10h,67,24.0,5.0,2.1448825764573964,4.677517954334931
independent,linear_10h,68,24.0,5.0,2.2277928428347193,4.755858042079697
independent,linear_10h,69,24.0,5.0,2.316476077023255,4.851176960599002
independent,linear_10h,70,24.0,5.0,2.4066254579721003,4.936707282569719
independent,linear_10h,71,24.0,5.0,2.50124131055125,5.014243062671131
independent,linear_10h,72,24.0,5.0,2.5949411184980287,5.108567878656656
independent,linear_10h,73,24.0,5.0,2.6913455536100583,5.210433012881444
independent,linear_10h,74,24.0,5.0,2.794052894537513,5.300494513326237
independent,linear_10h,75,24.0,5.0,2.9007963990651753,5.402599989465773
independent,linear_10h,76,24.0,5.0,3.0077444579788892,5.482660688585139
independent,linear_10h,77,24.0,5.0,3.1176255061033054,5.584001795935589
independent,linear_10h,78,24.0,5.0,3.226414162591462,5.6684731506559505
independent,linear_10h,79,24.0,5.0,3.338991890308285,5.738654131011867
independent,linear_10h,80,24.0,5.0,3.4531401929239536,5.819145985442642
independent,linear_10h,81,24.0,5.0,3.569103169970278,5.901375650153939
independent,linear_10h,82,24.0,5.0,3.6889853723550026,5.9826035596681315
independent,linear_10h,83,24.0,5.0,3.805329688263326,6.044563102692568
independent,linear_10h,84,24.0,5.0,3.929063834885693,6.126148940213372
independent,linear_10h,85,24.0,5.0,4.052308809573324,6.198022499995215
independent,linear_10h,86,24.0,5.0,4.177660054246335,6.297339345074926
independent,linear_10h,87,24.0,5.0,4.306705071334793,6.379537031433058
independent,linear_10h,88,24.0,5.0,4.432457544435464,6.45618046595966
independent,linear_10h,89,24.0,5.0,4.566713368237041,6.508987729697546
independent,linear_10h,90,24.0,5.0,4.704527769438638,6.587493285704249
independent,linear_10h,91,24.0,5.0,4.843536594994502,6.651725998261382
independent,linear_10h,92,24.0,5.0,4.980650433398548,6.7151047816009335
independent,linear_10h,93,24.0,5.0,5.113795695595402,6.766352981050661
independent,linear_10h,94,24.0,5.0,5.247315268975261,6.811520113093716
independent,linear_10h,95,24.0,5.0,5.3777561358342885,6.887395644739769
independent,linear_10h,96,24.0,5.0,5.5024878179334324,6.94257481204299
independent,linear_10h,97,24.0,5.0,5.615023196684854,6.994894634463722
independent,linear_10h,98,24.0,5.0,5.725851299441476,7.053771588984059
independent,linear_10h,99,24.0,5.0,5.829945133659886,7.095537968469934
independent,linear_10h,100,24.0,5.0,5.929580041507276,7.1375954545823905
independent,linear_10h,20,24.0,12.0,0.9499144575692897,1.369117635633077
independent,linear_10h,21,24.0,12.0,0.9933625916433764,1.3021620383515398
independent,linear_10h,22,24.0,12.0,0.9827786413983741,1.5057552388842765
independent,linear_10h,23,24.0,12.0,1.0634200484104905,1.5102214066988973
independent,linear_10h,24,24.0,12.0,1.0368038876449548,1.5622649868489047
independent,linear_10h,25,24.0,12.0,1.0506027308145205,1.674873673364119
independent,linear_10h,26,24.0,12.0,1.0526370679144303,1.6905330971601185
independent,linear_10h,27,24.0,12.0,1.0617664316184827,1.772534326366837
independent,linear_10h,28,24.0,12.0,1.034147412637454,1.9300165853535223
independent,linear_10h,29,24.0,12.0,1.0342292157182742,2.0412142744077544
independent,linear_10h,30,24.0,12.0,1.0399966380533643,2.187973934848242
independent,linear_10h,31,24.0,12.0,1.0445859228012777,2.2339216774202253
independent,linear_10h,32,24.0,12.0,1.0631919650384347,2.389286455764794
independent,linear_10h,33,24.0,12.0,1.08169499214803,2.3849132411221996
independent,linear_10h,34,24.0,12.0,1.1112934270264496,2.407975953690533
independent,linear_10h,35,24.0,12.0,1.13700273195243,2.491759298978713
independent,linear_10h,36,24.0,12.0,1.1707285749792407,2.52290287039747
independent,linear_10h,37,24.0,12.0,1.2025787354495332,2.5726168898502655
independent,linear_10h,38,24.0,12.0,1.2272096612285122,2.6486832307891284
independent,linear_10h,39,24.0,12.0,1.2300523589529266,2.729036296946119
independent,linear_10h,40,24.0,12.0,1.221982484105033,2.8400565131887268
independent,linear_10h,41,24.0,12.0,1.220570545260169,2.9376104529945435
independent,linear_10h,42,24.0,12.0,1.2449413681256738,3.00330599100751
independent,linear_10h,43,24.0,12.0,1.2785050571295198,3.0944960612584227
independent,linear_10h,44,24.0,12.0,1.2883445916215708,3.1507845135419377
independent,linear_10h,45,24.0,12.0,1.3081752684547698,3.2437240739781714
independent,linear_10h,46,24.0,12.0,1.3095430367967342,3.344063781835094
independent,linear_10h,47,24.0,12.0,1.3225287422954812,3.4208252163706154
independent,linear_10h,48,24.0,12.0,1.3276335283967766,3.5500395593456746
independent,linear_10h,49,24.0,12.0,1.32952973683369,3.6434293861429046
independent,linear_10h,50,24.0,12.0,1.356887230962256,3.727112734109239
independent,linear_10h,51,24.0,12.0,1.3925371738022108,3.813229926616124
independent,linear_10h,52,24.0,12.0,1.4255932645887537,3.8720768060487964
independent,linear_10h,53,24.0,12.0,1.4613567508458436,3.9643242261236944
independent,linear_10h,54,24.0,12.0,1.4982795074263366,4.033196018951424
independent,linear_10h,55,24.0,12.0,1.5269964983263717,4.051371851866992
independent,linear_10h,56,24.0,12.0,1.5537080554599791,4.097953122185771
independent,linear_10h,57,24.0,12.0,1.5704069137052024,4.162908401374343
independent,linear_10h,58,24.0,12.0,1.5826807493595663,4.1852512347753335
independent,linear_10h,59,24.0,12.0,1.5938700356629365,4.252598884858716
independent,linear_10h,60,24.0,12.0,1.6035176909613202,4.289517557667977
independent,linear_10h,61,24.0,12.0,1.6671146156964856,4.348584969124736
independent,linear_10h,62,24.0,12.0,1.7394452360309565,4.391940346265755
independent,linear_10h,63,24.0,12.0,1.815359524351634,4.455875580727753
independent,linear_10h,64,24.0,12.0,1.8931516782010105,4.501923267071284
independent,linear_10h,65,24.0,12.0,1.9740423436880983,4.538508509095451
independent,linear_10h,66,24.0,12.0,2.0561052828071524,4.605402894838684
independent,linear_10h,67,24.0,12.0,2.1448825764573964,4.677517954334931
independent,linear_10h,68,24.0,12.0,2.2277928428347193,4.755858042079697
independent,linear_10h,69,24.0,12.0,2.3164760770232773,4.851176960599002
independent,linear_10h,70,24.0,12.0,2.4066254579721003,4.936707282569697
independent,linear_10h,71,24.0,12.0,2.5012413105512277,5.014243062671175
independent,linear_10h,72,24.0,12.0,2.5949411184980287,5.108567878656589
independent,linear_10h,73,24.0,12.0,2.6913455536100583,5.210433012881466
independent,linear_10h,74,24.0,12.0,2.794052894537513,5.3004945133262815
independent,linear_10h,75,24.0,12.0,2.900796399065153,5.402599989465773
independent,linear_10h,76,24.0,12.0,3.007744457978867,5.482660688585139
independent,linear_10h,77,24.0,12.0,3.1176255061033054,5.584001795935589
independent,linear_10h,78,24.0,12.0,3.22641416259144,5.668473150655995
independent,linear_10h,79,24.0,12.0,3.338991890308285,5.738654131011844
independent,linear_10h,80,24.0,12.0,3.4531401929239314,5.819145985442642
independent,linear_10h,81,24.0,12.0,3.5691031699702336,5.901375650153939
independent,linear_10h,82,24.0,12.0,3.6889853723550026,5.9826035596681315
independent,linear_10h,83,24.0,12.0,3.8053296882633036,6.044563102692546
independent,linear_10h,84,24.0,12.0,3.9290638348857154,6.126148940213416
independent,linear_10h,85,24.0,12.0,4.052308809573346,6.198022499995237
independent,linear_10h,86,24.0,12.0,4.177660054246357,6.297339345074926
independent,linear_10h,87,24.0,12.0,4.306705071334771,6.37953703143308
independent,linear_10h,88,24.0,12.0,4.432457544435464,6.456180465959704
independent,linear_10h,89,24.0,12.0,4.566713368237019,6.508987729697591
independent,linear_10h,90,24.0,12.0,4.70452776943866,6.587493285704271
independent,linear_10h,91,24.0,12.0,4.843536594994502,6.651725998261426
independent,linear_10h,92,24.0,12.0,4.98065043339857,6.7151047816009335
independent,linear_10h,93,24.0,12.0,5.113795695595402,6.766352981050661
independent,linear_10h,94,24.0,12.0,5.247315268975261,6.811520113093739
independent,linear_10h,95,24.0,12.0,5.377756135834311,6.887395644739724
independent,linear_10h,96,24.0,12.0,5.5024878179334324,6.942574812043012
independent,linear_10h,97,24.0,12.0,5.615023196684876,6.9948946344637
independent,linear_10h,98,24.0,12.0,5.725851299441453,7.053771588984081
independent,linear_10h,99,24.0,12.0,5.829945133659908,7.095537968469889
independent,linear_10h,100,24.0,12.0,5.929580041507276,7.137595454582413
independent,recommended_10h,20,4.0,1.0,0.956717809646368,1.3645395137241723
independent,recommended_10h,21,4.0,1.0,1.0009616080169481,1.3077269426355898
independent,recommended_10h,22,4.0,1.0,0.9911787222409485,1.5009195198021796
independent,recommended_10h,23,4.0,1.0,1.0722232000097032,1.5163984461056268
independent,recommended_10h,24,4.0,1.0,1.046159259349344,1.5418575397266876
independent,recommended_10h,25,4.0,1.0,1.0601321769140304,1.670585315408868
independent,recommended_10h,26,4.0,1.0,1.0558402612515394,1.6655179996251324
independent,recommended_10h,27,4.0,1.0,1.0652043503314168,1.70203990647253
independent,recommended_10h,28,4.0,1.0,1.0378233486376232,1.9259933131551499
independent,recommended_10h,29,4.0,1.0,1.034193994470578,2.03734655500718
independent,recommended_10h,30,4.0,1.0,1.0402317761235569,2.184272583534108
independent,recommended_10h,31,4.0,1.0,1.0450454612849436,2.2304437048359826
independent,recommended_10h,32,4.0,1.0,1.0638431084138755,2.3859811963590882
independent,recommended_10h,33,4.0,1.0,1.0856683714869808,2.381777269464269
independent,recommended_10h,34,4.0,1.0,1.1153495931453206,2.4050173206351833
independent,recommended_10h,35,4.0,1.0,1.1410772353794174,2.488906007135583
independent,recommended_10h,36,4.0,1.0,1.174738113086704,2.5202457178971738
independent,recommended_10h,37,4.0,1.0,1.2065397681363388,2.5701159267855322
independent,recommended_10h,38,4.0,1.0,1.2311316886376655,2.6462951763622122
independent,recommended_10h,39,4.0,1.0,1.2339792898115487,2.7267893971075097
independent,recommended_10h,40,4.0,1.0,1.2259187505911706,2.837894248204731
independent,recommended_10h,41,4.0,1.0,1.224542237090942,2.935478058050922
independent,recommended_10h,42,4.0,1.0,1.2489426184593366,3.0011667724095137
independent,recommended_10h,43,4.0,1.0,1.2825380367246009,3.092311287735461
independent,recommended_10h,44,4.0,1.0,1.2925347126500286,3.1484835711244497
independent,recommended_10h,45,4.0,1.0,1.312508764944753,3.2412627618340517
independent,recommended_10h,46,4.0,1.0,1.3141082964881257,3.341362746972565
independent,recommended_10h,47,4.0,1.0,1.3272967124543733,3.4178282469650156
independent,recommended_10h,48,4.0,1.0,1.332657134450943,3.5467074329540216
independent,recommended_10h,49,4.0,1.0,1.3348592040498541,3.6397630799913205
independent,recommended_10h,50,4.0,1.0,1.3517132530478815,3.723060072785356
independent,recommended_10h,51,4.0,1.0,1.3876593611706678,3.8087762674315018
independent,recommended_10h,52,4.0,1.0,1.421031476700918,3.867300837543697
independent,recommended_10h,53,4.0,1.0,1.4570799467006346,3.959253639066418
independent,recommended_10h,54,4.0,1.0,1.4942564716944329,4.027831755402578
independent,recommended_10h,55,4.0,1.0,1.5232372975776398,4.0458284435258784
independent,recommended_10h,56,4.0,1.0,1.5534395553168379,4.092195870443627
independent,recommended_10h,57,4.0,1.0,1.6218142802021163,4.15697213662698
independent,recommended_10h,58,4.0,1.0,1.688469687282801,4.179159831680224
independent,recommended_10h,59,4.0,1.0,1.758305480539435,4.246356894389458
independent,recommended_10h,60,4.0,1.0,1.8254472412262412,4.28315057827835
independent,recommended_10h,61,4.0,1.0,1.8968213276007617,4.3421315697607765
independent,recommended_10h,62,4.0,1.0,1.9661897694118968,4.385398121909412
independent,recommended_10h,63,4.0,1.0,2.038490312880481,4.449245855907646
independent,recommended_10h,64,4.0,1.0,2.1120790371825793,4.495234978902518
independent,recommended_10h,65,4.0,1.0,2.188003905529512,4.531773403395745
independent,recommended_10h,66,4.0,1.0,2.264366749258362,4.598407256642623
independent,recommended_10h,67,4.0,1.0,2.3467116312347436,4.670385587509096
independent,recommended_10h,68,4.0,1.0,2.422850608723892,4.748607546931938
independent,recommended_10h,69,4.0,1.0,2.5039558485615565,4.843849698053049
independent,recommended_10h,70,4.0,1.0,2.5856999549846105,4.929315964618297
independent,recommended_10h,71,4.0,1.0,2.671148985165117,5.006835760906392
independent,recommended_10h,72,4.0,1.0,2.754830246019191,5.101179216463669
independent,recommended_10h,73,4.0,1.0,2.840727237617502,5.203092117306829
independent,recommended_10h,74,4.0,1.0,2.9314371578347487,5.293238694432567
independent,recommended_10h,75,4.0,1.0,3.0253309629121317,5.395465689087442
independent,recommended_10h,76,4.0,1.0,3.1186154470892458,5.475680544693762
independent,recommended_10h,77,4.0,1.0,3.213942958177074,5.577204047690043
independent,recommended_10h,78,4.0,1.0,3.307962034973766,5.661874374122311
independent,recommended_10h,79,4.0,1.0,3.4045195171000575,5.7322938157121195
independent,recommended_10h,80,4.0,1.0,3.5017603625025595,5.813053775368404
independent,recommended_10h,81,4.0,1.0,3.6000137997631576,5.895586175650869
independent,recommended_10h,82,4.0,1.0,3.7012870059743186,5.977153469051211
independent,recommended_10h,83,4.0,1.0,3.7988322325578583,6.039467420830125
independent,recommended_10h,84,4.0,1.0,3.902367915501581,6.1214545760091
independent,recommended_10h,85,4.0,1.0,4.00451575681684,6.193756619484447
independent,recommended_10h,86,4.0,1.0,4.108012691590446,6.2935364093937185
independent,recommended_10h,87,4.0,1.0,4.2142939773625265,6.376227374467125
independent,recommended_10h,88,4.0,1.0,4.317230927868088,6.453376246135112
independent,recommended_10h,89,4.0,1.0,4.426654825328802,6.506761214428947
independent,recommended_10h,90,4.0,1.0,4.53844704105586,6.585887035318128
independent,recommended_10h,91,4.0,1.0,4.6507064826208255,6.650774590671027
independent,recommended_10h,92,4.0,1.0,4.760885370123269,6.714833666396891
independent,recommended_10h,93,4.0,1.0,4.867346663157046,6.766781790032561
independent,recommended_10h,94,4.0,1.0,4.973581078465483,6.812698213458623
independent,recommended_10h,95,4.0,1.0,5.07697542203287,6.889354550570759
independent,recommended_10h,96,4.0,1.0,5.175300708638275,6.945336878123465
independent,recommended_10h,97,4.0,1.0,5.262998212677705,6.998453847947661
independent,recommended_10h,98,4.0,1.0,5.3492010783454,7.058170579988476
independent,recommended_10h,99,4.0,1.0,5.429492314199003,7.1007982279097215
independent,recommended_10h,100,4.0,1.0,5.506151326265263,7.143744032249222
independent,recommended_10h,20,4.0,5.0,0.9567178096463236,1.3645395137241723
independent,recommended_10h,21,4.0,5.0,1.0009616080169037,1.3077269426355898
independent,recommended_10h,22,4.0,5.0,0.9911787222409263,1.5009195198021352
independent,recommended_10h,23,4.0,5.0,1.072223200009681,1.5163984461056268
independent,recommended_10h,24,4.0,5.0,1.0461592593492997,1.5418575397266654
independent,recommended_10h,25,4.0,5.0,1.0601321769140082,1.6705853154088457
independent,recommended_10h,26,4.0,5.0,1.0558402612515394,1.6655179996251102
independent,recommended_10h,27,4.0,5.0,1.065204350331439,1.7020399064725522
independent,recommended_10h,28,4.0,5.0,1.037823348637601,1.9259933131551277
independent,recommended_10h,29,4.0,5.0,1.0341939944705558,2.037346555007158
independent,recommended_10h,30,4.0,5.0,1.0402317761235569,2.1842725835340637
independent,recommended_10h,31,4.0,5.0,1.0450454612849436,2.2304437048359826
independent,recommended_10h,32,4.0,5.0,1.0638431084138533,2.385981196359066
independent,recommended_10h,33,4.0,5.0,1.085668371487003,2.381777269464247
independent,recommended_10h,34,4.0,5.0,1.1153495931452984,2.405017320635161
independent,recommended_10h,35,4.0,5.0,1.1410772353794174,2.4889060071355606
independent,recommended_10h,36,4.0,5.0,1.1747381130866597,2.520245717897196
independent,recommended_10h,37,4.0,5.0,1.2065397681363166,2.5701159267855322
independent,recommended_10h,38,4.0,5.0,1.2311316886376655,2.6462951763622344
independent,recommended_10h,39,4.0,5.0,1.233979289811571,2.7267893971075097
independent,recommended_10h,40,4.0,5.0,1.2259187505911484,2.837894248204731
independent,recommended_10h,41,4.0,5.0,1.2245422370909642,2.9354780580508777
independent,recommended_10h,42,4.0,5.0,1.2489426184593144,3.0011667724095137
independent,recommended_10h,43,4.0,5.0,1.2825380367246009,3.0923112877354386
independent,recommended_10h,44,4.0,5.0,1.2925347126500064,3.1484835711244497
independent,recommended_10h,45,4.0,5.0,1.312508764944731,3.241262761834074
independent,recommended_10h,46,4.0,5.0,1.3141082964881035,3.341362746972565
independent,recommended_10h,47,4.0,5.0,1.327296712454329,3.41782824696506
independent,recommended_10h,48,4.0,5.0,1.3326571344509208,3.5467074329540216
independent,recommended_10h,49,4.0,5.0,1.3348592040498541,3.6397630799912983
independent,recommended_10h,50,4.0,5.0,1.3517132530478815,3.7230600727854
independent,recommended_10h,51,4.0,5.0,1.3876593611706012,3.8087762674315684
independent,recommended_10h,52,4.0,5.0,1.421031476700918,3.867300837543697
independent,recommended_10h,53,4.0,5.0,1.4570799467006346,3.95925363906644
independent,recommended_10h,54,4.0,5.0,1.4942564716943885,4.027831755402622
independent,recommended_10h,55,4.0,5.0,1.5232372975776176,4.0458284435258784
independent,recommended_10h,56,4.0,5.0,1.5534395553168379,4.092195870443693
independent,recommended_10h,57,4.0,5.0,1.621814280202094,4.156972136627002
independent,recommended_10h,58,4.0,5.0,1.688469687282801,4.179159831680246
independent,recommended_10h,59,4.0,5.0,1.7583054805394127,4.24635689438948
independent,recommended_10h,60,4.0,5.0,1.8254472412262412,4.283150578278372
independent,recommended_10h,61,4.0,5.0,1.8968213276007395,4.342131569760799
independent,recommended_10h,62,4.0,5.0,1.9661897694118746,4.385398121909434
independent,recommended_10h,63,4.0,5.0,2.038490312880481,4.449245855907669
independent,recommended_10h,64,4.0,5.0,2.1120790371825793,4.49523497890254
independent,recommended_10h,65,4.0,5.0,2.1880039055294898,4.531773403395745
independent,recommended_10h,66,4.0,5.0,2.264366749258362,4.598407256642623
independent,recommended_10h,67,4.0,5.0,2.346711631234766,4.670385587509074
independent,recommended_10h,68,4.0,5.0,2.42285060872387,4.74860754693196
independent,recommended_10h,69,4.0,5.0,2.5039558485615787,4.843849698053027
independent,recommended_10h,70,4.0,5.0,2.5856999549846105,4.929315964618319
independent,recommended_10h,71,4.0,5.0,2.671148985165117,5.006835760906392
independent,recommended_10h,72,4.0,5.0,2.7548302460191687,5.1011792164636915
independent,recommended_10h,73,4.0,5.0,2.8407272376174797,5.203092117306851
independent,recommended_10h,74,4.0,5.0,2.9314371578347487,5.293238694432589
independent,recommended_10h,75,4.0,5.0,3.0253309629121317,5.3954656890873975
independent,recommended_10h,76,4.0,5.0,3.1186154470892458,5.4756805446937395
independent,recommended_10h,77,4.0,5.0,3.2139429581770296,5.577204047690065
independent,recommended_10h,78,4.0,5.0,3.307962034973766,5.661874374122333
independent,recommended_10h,79,4.0,5.0,3.4045195171000575,5.7322938157121195
independent,recommended_10h,80,4.0,5.0,3.501760362502493,5.813053775368382
independent,recommended_10h,81,4.0,5.0,3.5994918293831724,5.895586175650869
independent,recommended_10h,82,4.0,5.0,3.698668354539003,5.9771534690511885
independent,recommended_10h,83,4.0,5.0,3.791781237411107,6.039467420830147
independent,recommended_10h,84,4.0,5.0,3.887191530277856,6.121454576009122
independent,recommended_10h,85,4.0,5.0,3.9763107951942045,6.1937566194844695
independent,recommended_10h,86,4.0,5.0,4.061389633294765,6.2935364093937185
independent,recommended_10h,87,4.0,5.0,4.143332012353618,6.376227374467125
independent,recommended_10h,88,4.0,5.0,4.216348061057973,6.45337624613509
independent,recommended_10h,89,4.0,5.0,4.287377824581284,6.506761214428924
independent,recommended_10h,90,4.0,5.0,4.352665390714994,6.585887035318128
independent,recommended_10h,91,4.0,5.0,4.4119549367301225,6.650774590671049
independent,recommended_10h,92,4.0,5.0,4.465310721725446,6.714833666396891
independent,recommended_10h,93,4.0,5.0,4.512573908229833,6.766781790032583
independent,recommended_10h,94,4.0,5.0,4.555918959630945,6.812698213458623
independent,recommended_10h,95,4.0,5.0,4.595266736809811,6.8893545505707365
independent,recommended_10h,96,4.0,5.0,4.629632960610386,6.945336878123465
independent,recommended_10h,97,4.0,5.0,4.655974350473935,6.998453847947639
independent,recommended_10h,98,4.0,5.0,4.680574329459453,7.058170579988432
independent,recommended_10h,99,4.0,5.0,4.70066746510569,7.1007982279097215
independent,recommended_10h,100,4.0,5.0,4.7185656025735545,7.143744032249222
independent,recommended_10h,20,4.0,12.0,0.9402715261516814,1.3756561594368222
independent,recommended_10h,21,4.0,12.0,0.9808439207425579,1.3846340682490021
independent,recommended_10h,22,4.0,12.0,0.9685495695889612,1.5366689838829384
independent,recommended_10h,23,4.0,12.0,1.0544447077265318,1.614391711341434
independent,recommended_10h,24,4.0,12.0,1.092809364548497,1.7182953396751355
independent,recommended_10h,25,4.0,12.0,1.1447795895114465,1.7993073857133446
independent,recommended_10h,26,4.0,12.0,1.174211443405282,1.8804255951034632
independent,recommended_10h,27,4.0,12.0,1.1926424050632933,1.9807636767346093
independent,recommended_10h,28,4.0,12.0,1.1756701258420543,2.0715441556694802
independent,recommended_10h,29,4.0,12.0,1.152997908834319,2.14944804545234
independent,recommended_10h,30,4.0,12.0,1.1765585528810352,2.26889993025432
independent,recommended_10h,31,4.0,12.0,1.17246728551057,2.3222412494829037
independent,recommended_10h,32,4.0,12.0,1.216532436166129,2.421291829502481
independent,recommended_10h,33,4.0,12.0,1.2502542065660371,2.5164312035949266
independent,recommended_10h,34,4.0,12.0,1.2738800401839168,2.600942310892407
independent,recommended_10h,35,4.0,12.0,1.3130076339483931,2.6974925491191737
independent,recommended_10h,36,4.0,12.0,1.344872162636368,2.787214188326259
independent,recommended_10h,37,4.0,12.0,1.3610150756962813,2.8522293140303523
independent,recommended_10h,38,4.0,12.0,1.372255238133513,2.93516231030595
independent,recommended_10h,39,4.0,12.0,1.343321151254262,2.9945287622724637
independent,recommended_10h,40,4.0,12.0,1.336062466833443,3.0896858613308487
independent,recommended_10h,41,4.0,12.0,1.327330052336051,3.176588542119063
independent,recommended_10h,42,4.0,12.0,1.326897883196576,3.2439695538770907
independent,recommended_10h,43,4.0,12.0,1.348719665007314,3.3258053214725303
independent,recommended_10h,44,4.0,12.0,1.3647007816654844,3.427357465652414
independent,recommended_10h,45,4.0,12.0,1.3798397589867228,3.513275117731185
independent,recommended_10h,46,4.0,12.0,1.350297301488479,3.5746795173825507
independent,recommended_10h,47,4.0,12.0,1.342025391831414,3.644328533551655
independent,recommended_10h,48,4.0,12.0,1.3333219465432977,3.7193133399359812
independent,recommended_10h,49,4.0,12.0,1.3468525178009338,3.796838584684026
independent,recommended_10h,50,4.0,12.0,1.3724307704475747,3.8762070777687674
independent,recommended_10h,51,4.0,12.0,1.4069851869215055,3.9669662051201815
independent,recommended_10h,52,4.0,12.0,1.4388000014702085,4.04836313676078
independent,recommended_10h,53,4.0,12.0,1.4733899321310862,4.15316029648638
independent,recommended_10h,54,4.0,12.0,1.509224466296888,4.250677591897123
independent,recommended_10h,55,4.0,12.0,1.5367851382278586,4.352605028420475
independent,recommended_10h,56,4.0,12.0,1.5622146831842265,4.452621350650077
independent,recommended_10h,57,4.0,12.0,1.57733639469948,4.552626125541592
independent,recommended_10h,58,4.0,12.0,1.5879432496691104,4.656821914878506
independent,recommended_10h,59,4.0,12.0,1.597463065819471,4.767445332679476
independent,recommended_10h,60,4.0,12.0,1.6054106518702094,4.87979226057742
independent,recommended_10h,61,4.0,12.0,1.61682212510601,4.992215333843442
independent,recommended_10h,62,4.0,12.0,1.6247251565964405,5.10092135872533
independent,recommended_10h,63,4.0,12.0,1.6332667895167852,5.214123208353905
independent,recommended_10h,64,4.0,12.0,1.6459888106050702,5.329211458984329
independent,recommended_10h,65,4.0,12.0,1.656902090065726,5.445636071260007
independent,recommended_10h,66,4.0,12.0,1.6697903443781525,5.564275117612305
independent,recommended_10h,67,4.0,12.0,1.6860392892513731,5.676145149925915
independent,recommended_10h,68,4.0,12.0,1.6985189837738224,5.791228619664035
independent,recommended_10h,69,4.0,12.0,1.7139727613681544,5.906865112920334
independent,recommended_10h,70,4.0,12.0,1.7318927015422592,6.02689228950597
independent,recommended_10h,71,4.0,12.0,1.7501304040835608,6.1426620870727255
independent,recommended_10h,72,4.0,12.0,1.768418739825628,6.264666643869843
independent,recommended_10h,73,4.0,12.0,1.7868174828840955,6.378232342781098
independent,recommended_10h,74,4.0,12.0,1.8050520945612991,6.498463380160602
independent,recommended_10h,75,4.0,12.0,1.8238902869671447,6.618301770844348
independent,recommended_10h,76,4.0,12.0,1.841732387993833,6.738163847546885
independent,recommended_10h,77,4.0,12.0,1.8624138158908954,6.8584444014743395
independent,recommended_10h,78,4.0,12.0,1.8834562485311679,6.9730932993368855
independent,recommended_10h,79,4.0,12.0,1.9016614524698383,7.0931312257988655
independent,recommended_10h,80,4.0,12.0,1.9215857641330159,7.214512895757186
independent,recommended_10h,81,4.0,12.0,1.9439884075190594,7.3374534097767175
independent,recommended_10h,82,4.0,12.0,1.9678708240429499,7.459915161351804
independent,recommended_10h,83,4.0,12.0,1.989517455801737,7.580447949312652
independent,recommended_10h,84,4.0,12.0,2.0137027062769652,7.702240674097882
independent,recommended_10h,85,4.0,12.0,2.0370423474515897,7.827015217204547
independent,recommended_10h,86,4.0,12.0,2.0606083289487653,7.952233911332707
independent,recommended_10h,87,4.0,12.0,2.12422021336669,8.075384049562517
independent,recommended_10h,88,4.0,12.0,2.1820682410344627,8.194858598823407
independent,recommended_10h,89,4.0,12.0,2.2472853426785067,8.315010580175052
independent,recommended_10h,90,4.0,12.0,2.314551910074192,8.43433119695629
independent,recommended_10h,91,4.0,12.0,2.3791626731101356,8.554837271206694
independent,recommended_10h,92,4.0,12.0,2.445826473839996,8.67276089082929
independent,recommended_10h,93,4.0,12.0,2.5080101438885727,8.787700752406934
independent,recommended_10h,94,4.0,12.0,2.5745750512221166,8.903436178186276
independent,recommended_10h,95,4.0,12.0,2.643011350843061,9.01644802678858
independent,recommended_10h,96,4.0,12.0,2.7097528176986296,9.126833691766944
independent,recommended_10h,97,4.0,12.0,2.773533100454828,9.230021616226814
independent,recommended_10h,98,4.0,12.0,2.8393945041660817,9.330241052466448
independent,recommended_10h,99,4.0,12.0,2.904675584378058,9.427570933606756
independent,recommended_10h,100,4.0,12.0,2.9726145907753354,9.518432317060533
independent,recommended_10h,20,8.0,1.0,0.956717809646368,1.36453951372415
independent,recommended_10h,21,8.0,1.0,1.0009616080169037,1.3077269426355675
independent,recommended_10h,22,8.0,1.0,0.9911787222409485,1.5009195198021574
independent,recommended_10h,23,8.0,1.0,1.0722232000097032,1.5163984461056046
independent,recommended_10h,24,8.0,1.0,1.0461592593493663,1.5418575397267098
independent,recommended_10h,25,8.0,1.0,1.0601321769140526,1.6705853154088457
independent,recommended_10h,26,8.0,1.0,1.0558402612515394,1.6655179996251324
independent,recommended_10h,27,8.0,1.0,1.0652043503314834,1.7020399064725078
independent,recommended_10h,28,8.0,1.0,1.0378233486376454,1.9259933131551055
independent,recommended_10h,29,8.0,1.0,1.034193994470578,2.0373465550072023
independent,recommended_10h,30,8.0,1.0,1.040231776123579,2.184272583534108
independent,recommended_10h,31,8.0,1.0,1.0450454612849658,2.230443704836027
independent,recommended_10h,32,8.0,1.0,1.0638431084138755,2.3859811963590882
independent,recommended_10h,33,8.0,1.0,1.0856683714870252,2.381777269464247
independent,recommended_10h,34,8.0,1.0,1.1153495931453206,2.4050173206351833
independent,recommended_10h,35,8.0,1.0,1.1410772353794174,2.488906007135583
independent,recommended_10h,36,8.0,1.0,1.1747381130866819,2.520245717897218
independent,recommended_10h,37,8.0,1.0,1.2065397681363388,2.5701159267855544
independent,recommended_10h,38,8.0,1.0,1.2311316886376655,2.6462951763622344
independent,recommended_10h,39,8.0,1.0,1.233979289811571,2.7267893971075097
independent,recommended_10h,40,8.0,1.0,1.2259187505911484,2.837894248204731
independent,recommended_10h,41,8.0,1.0,1.2245422370909198,2.9354780580509
independent,recommended_10h,42,8.0,1.0,1.2489426184593144,3.001166772409536
independent,recommended_10h,43,8.0,1.0,1.2825380367246009,3.092311287735461
independent,recommended_10h,44,8.0,1.0,1.2925347126500286,3.148483571124472
independent,recommended_10h,45,8.0,1.0,1.312508764944731,3.241262761834096
independent,recommended_10h,46,8.0,1.0,1.3141082964881257,3.3413627469725427
independent,recommended_10h,47,8.0,1.0,1.327296712454329,3.417828246965038
independent,recommended_10h,48,8.0,1.0,1.3326571344509208,3.5467074329540216
independent,recommended_10h,49,8.0,1.0,1.334859204049832,3.6397630799913427
independent,recommended_10h,50,8.0,1.0,1.3517132530478815,3.7230600727854
independent,recommended_10h,51,8.0,1.0,1.3876593611706456,3.808776267431524
independent,recommended_10h,52,8.0,1.0,1.4210314767008958,3.867300837543719
independent,recommended_10h,53,8.0,1.0,1.4570799467006124,3.9592536390664623
independent,recommended_10h,54,8.0,1.0,1.4942564716943885,4.0278317554026
independent,recommended_10h,55,8.0,1.0,1.5232372975776176,4.045828443525901
independent,recommended_10h,56,8.0,1.0,1.55343955531686,4.092195870443649
independent,recommended_10h,57,8.0,1.0,1.621814280202094,4.156972136627024
independent,recommended_10h,58,8.0,1.0,1.6884696872827787,4.179159831680246
independent,recommended_10h,59,8.0,1.0,1.7583054805394127,4.24635689438948
independent,recommended_10h,60,8.0,1.0,1.825447241226219,4.28315057827835
independent,recommended_10h,61,8.0,1.0,1.8968213276007617,4.342131569760799
independent,recommended_10h,62,8.0,1.0,1.9661897694118746,4.385398121909456
independent,recommended_10h,63,8.0,1.0,2.038490312880459,4.449245855907669
independent,recommended_10h,64,8.0,1.0,2.112079037182535,4.49523497890254
independent,recommended_10h,65,8.0,1.0,2.188003905529534,4.531773403395722
independent,recommended_10h,66,8.0,1.0,2.264366749258384,4.598407256642645
independent,recommended_10h,67,8.0,1.0,2.3467116312347214,4.670385587509074
independent,recommended_10h,68,8.0,1.0,2.422850608723892,4.748607546931938
independent,recommended_10h,69,8.0,1.0,2.5039558485615787,4.843849698053027
independent,recommended_10h,70,8.0,1.0,2.5856999549845883,4.929315964618297
independent,recommended_10h,71,8.0,1.0,2.671148985165117,5.006835760906392
independent,recommended_10h,72,8.0,1.0,2.754830246019191,5.101179216463647
independent,recommended_10h,73,8.0,1.0,2.840727237617502,5.203092117306807
independent,recommended_10h,74,8.0,1.0,2.931437157834771,5.293238694432567
independent,recommended_10h,75,8.0,1.0,3.0253309629121317,5.395465689087375
independent,recommended_10h,76,8.0,1.0,3.118615447089268,5.475680544693762
independent,recommended_10h,77,8.0,1.0,3.213942958177096,5.577204047690021
independent,recommended_10h,78,8.0,1.0,3.3079620349737437,5.661874374122311
independent,recommended_10h,79,8.0,1.0,3.4045195171000575,5.732293815712097
independent,recommended_10h,80,8.0,1.0,3.501760362502515,5.813053775368382
independent,recommended_10h,81,8.0,1.0,3.6000137997631576,5.895586175650869
independent,recommended_10h,82,8.0,1.0,3.7012870059742964,5.977153469051144
independent,recommended_10h,83,8.0,1.0,3.798832232557836,6.039467420830125
independent,recommended_10h,84,8.0,1.0,3.902367915501581,6.1214545760091
independent,recommended_10h,85,8.0,1.0,4.004515756816818,6.193756619484447
independent,recommended_10h,86,8.0,1.0,4.108012691590446,6.293536409393696
independent,recommended_10h,87,8.0,1.0,4.2142939773625265,6.376227374467125
independent,recommended_10h,88,8.0,1.0,4.317230927868088,6.453376246135045
independent,recommended_10h,89,8.0,1.0,4.426654825328757,6.506761214428947
independent,recommended_10h,90,8.0,1.0,4.53844704105586,6.585887035318128
independent,recommended_10h,91,8.0,1.0,4.650706482620803,6.650774590671005
independent,recommended_10h,92,8.0,1.0,4.760885370123247,6.714833666396891
independent,recommended_10h,93,8.0,1.0,4.867346663157024,6.766781790032561
independent,recommended_10h,94,8.0,1.0,4.973581078465461,6.812698213458623
independent,recommended_10h,95,8.0,1.0,5.07697542203287,6.8893545505707365
independent,recommended_10h,96,8.0,1.0,5.175300708638231,6.945336878123443
independent,recommended_10h,97,8.0,1.0,5.262998212677661,6.998453847947683
independent,recommended_10h,98,8.0,1.0,5.3492010783454,7.058170579988432
independent,recommended_10h,99,8.0,1.0,5.42949231419898,7.1007982279097215
independent,recommended_10h,100,8.0,1.0,5.506151326265241,7.1437440322492
independent,recommended_10h,20,8.0,5.0,0.9567178096463458,1.3645395137241945
independent,recommended_10h,21,8.0,5.0,1.000961608016926,1.307726942635612
independent,recommended_10h,22,8.0,5.0,0.9911787222409485,1.5009195198021796
independent,recommended_10h,23,8.0,5.0,1.0722232000097032,1.5163984461056268
independent,recommended_10h,24,8.0,5.0,1.0461592593493885,1.5418575397267098
independent,recommended_10h,25,8.0,5.0,1.0601321769140304,1.6705853154088457
independent,recommended_10h,26,8.0,5.0,1.0558402612515394,1.6655179996251546
independent,recommended_10h,27,8.0,5.0,1.065204350331439,1.7020399064725522
independent,recommended_10h,28,8.0,5.0,1.0378233486376454,1.9259933131551499
independent,recommended_10h,29,8.0,5.0,1.034193994470578,2.0373465550072023
independent,recommended_10h,30,8.0,5.0,1.040231776123579,2.184272583534108
independent,recommended_10h,31,8.0,5.0,1.0450454612849658,2.2304437048359604
independent,recommended_10h,32,8.0,5.0,1.0638431084138755,2.385981196359066
independent,recommended_10h,33,8.0,5.0,1.0856683714870252,2.3817772694642247
independent,recommended_10h,34,8.0,5.0,1.1153495931453206,2.4050173206352055
independent,recommended_10h,35,8.0,5.0,1.1410772353794396,2.4889060071355606
independent,recommended_10h,36,8.0,5.0,1.1747381130866819,2.520245717897218
independent,recommended_10h,37,8.0,5.0,1.2065397681363166,2.5701159267855322
independent,recommended_10h,38,8.0,5.0,1.2311316886376877,2.6462951763622344
independent,recommended_10h,39,8.0,5.0,1.2339792898115487,2.7267893971075097
independent,recommended_10h,40,8.0,5.0,1.2259187505911484,2.8378942482047087
independent,recommended_10h,41,8.0,5.0,1.2245422370908976,2.9354780580509
independent,recommended_10h,42,8.0,5.0,1.2489426184593588,3.001166772409536
independent,recommended_10h,43,8.0,5.0,1.2825380367246009,3.0923112877354386
independent,recommended_10h,44,8.0,5.0,1.2925347126500064,3.148483571124472
independent,recommended_10h,45,8.0,5.0,1.3125087649447087,3.241262761834096
independent,recommended_10h,46,8.0,5.0,1.3141082964881257,3.3413627469725204
independent,recommended_10h,47,8.0,5.0,1.327296712454329,3.41782824696506
independent,recommended_10h,48,8.0,5.0,1.3326571344509208,3.5467074329539994
independent,recommended_10h,49,8.0,5.0,1.3348592040498541,3.6397630799913205
independent,recommended_10h,50,8.0,5.0,1.3517132530478815,3.723060072785378
independent,recommended_10h,51,8.0,5.0,1.3876593611706234,3.808776267431546
independent,recommended_10h,52,8.0,5.0,1.421031476700918,3.867300837543719
independent,recommended_10h,53,8.0,5.0,1.4570799467006124,3.959253639066418
independent,recommended_10h,54,8.0,5.0,1.4942564716944107,4.027831755402578
independent,recommended_10h,55,8.0,5.0,1.5232372975776176,4.0458284435258784
independent,recommended_10h,56,8.0,5.0,1.5534395553168379,4.092195870443627
independent,recommended_10h,57,8.0,5.0,1.621814280202094,4.156972136627002
independent,recommended_10h,58,8.0,5.0,1.688469687282801,4.179159831680246
independent,recommended_10h,59,8.0,5.0,1.758305480539435,4.246356894389458
independent,recommended_10h,60,8.0,5.0,1.8254472412262412,4.28315057827835
independent,recommended_10h,61,8.0,5.0,1.8968213276007617,4.3421315697607765
independent,recommended_10h,62,8.0,5.0,1.9661897694118968,4.385398121909412
independent,recommended_10h,63,8.0,5.0,2.038490312880503,4.449245855907669
independent,recommended_10h,64,8.0,5.0,2.1120790371825793,4.495234978902518
independent,recommended_10h,65,8.0,5.0,2.188003905529512,4.531773403395767
independent,recommended_10h,66,8.0,5.0,2.2643667492584063,4.598407256642578
independent,recommended_10h,67,8.0,5.0,2.346711631234766,4.670385587509074
independent,recommended_10h,68,8.0,5.0,2.42285060872387,4.748607546931938
independent,recommended_10h,69,8.0,5.0,2.503955848561601,4.843849698053027
independent,recommended_10h,70,8.0,5.0,2.5856999549846105,4.929315964618253
independent,recommended_10h,71,8.0,5.0,2.671148985165117,5.006835760906392
independent,recommended_10h,72,8.0,5.0,2.754830246019213,5.101179216463625
independent,recommended_10h,73,8.0,5.0,2.8407272376174797,5.203092117306851
independent,recommended_10h,74,8.0,5.0,2.931437157834771,5.293238694432545
independent,recommended_10h,75,8.0,5.0,3.0253309629121317,5.3954656890873975
independent,recommended_10h,76,8.0,5.0,3.1186154470892236,5.4756805446937395
independent,recommended_10h,77,8.0,5.0,3.213942958177096,5.577204047690043
independent,recommended_10h,78,8.0,5.0,3.307962034973766,5.661874374122311
independent,recommended_10h,79,8.0,5.0,3.404519517100102,5.732293815712097
independent,recommended_10h,80,8.0,5.0,3.501760362502515,5.813053775368382
independent,recommended_10h,81,8.0,5.0,3.600013799763202,5.895586175650869
independent,recommended_10h,82,8.0,5.0,3.7012870059742964,5.977153469051166
independent,recommended_10h,83,8.0,5.0,3.7988322325578583,6.039467420830125
independent,recommended_10h,84,8.0,5.0,3.9023679155016033,6.1214545760091
independent,recommended_10h,85,8.0,5.0,4.00451575681684,6.193756619484447
independent,recommended_10h,86,8.0,5.0,4.108012691590446,6.2935364093937185
independent,recommended_10h,87,8.0,5.0,4.214293977362549,6.376227374467147
independent,recommended_10h,88,8.0,5.0,4.317230927868088,6.45337624613509
independent,recommended_10h,89,8.0,5.0,4.426654825328757,6.506761214428947
independent,recommended_10h,90,8.0,5.0,4.538447041055882,6.585887035318128
independent,recommended_10h,91,8.0,5.0,4.6507064826208255,6.650774590671027
independent,recommended_10h,92,8.0,5.0,4.760885370123269,6.714833666396869
independent,recommended_10h,93,8.0,5.0,4.867346663157046,6.766781790032561
independent,recommended_10h,94,8.0,5.0,4.973581078465461,6.812698213458646
independent,recommended_10h,95,8.0,5.0,5.076975422032892,6.889354550570781
independent,recommended_10h,96,8.0,5.0,5.175300708638231,6.945336878123465
independent,recommended_10h,97,8.0,5.0,5.262998212677705,6.998453847947661
independent,recommended_10h,98,8.0,5.0,5.3492010783454,7.058170579988499
independent,recommended_10h,99,8.0,5.0,5.429492314199003,7.100798227909744
independent,recommended_10h,100,8.0,5.0,5.506151326265285,7.1437440322492
independent,recommended_10h,20,8.0,12.0,0.9402715261516814,1.3756561594368222
independent,recommended_10h,21,8.0,12.0,0.9808439207425579,1.3846340682490021
independent,recommended_10h,22,8.0,12.0,0.9685495695889612,1.5366689838829384
independent,recommended_10h,23,8.0,12.0,1.0544447077265318,1.614391711341434
independent,recommended_10h,24,8.0,12.0,1.092809364548497,1.7182953396751355
independent,recommended_10h,25,8.0,12.0,1.1447795895114465,1.7993073857133446
independent,recommended_10h,26,8.0,12.0,1.174211443405282,1.8804255951034632
independent,recommended_10h,27,8.0,12.0,1.1926424050632933,1.9807636767346093
independent,recommended_10h,28,8.0,12.0,1.1756701258420543,2.0715441556694802
independent,recommended_10h,29,8.0,12.0,1.152997908834319,2.14944804545234
independent,recommended_10h,30,8.0,12.0,1.1765585528810352,2.26889993025432
independent,recommended_10h,31,8.0,12.0,1.17246728551057,2.3222412494829037
independent,recommended_10h,32,8.0,12.0,1.216532436166129,2.421291829502481
independent,recommended_10h,33,8.0,12.0,1.2502542065660371,2.5164312035949266
independent,recommended_10h,34,8.0,12.0,1.2738800401839168,2.600942310892407
independent,recommended_10h,35,8.0,12.0,1.3130076339483931,2.6974925491191737
independent,recommended_10h,36,8.0,12.0,1.344872162636368,2.787214188326259
independent,recommended_10h,37,8.0,12.0,1.3610150756962813,2.8522293140303523
independent,recommended_10h,38,8.0,12.0,1.372255238133513,2.93516231030595
independent,recommended_10h,39,8.0,12.0,1.343321151254262,2.9945287622724637
independent,recommended_10h,40,8.0,12.0,1.336062466833443,3.0896858613308487
independent,recommended_10h,41,8.0,12.0,1.327330052336051,3.176588542119063
independent,recommended_10h,42,8.0,12.0,1.326897883196576,3.2439695538770907
independent,recommended_10h,43,8.0,12.0,1.348719665007314,3.3258053214725303
independent,recommended_10h,44,8.0,12.0,1.3647007816654844,3.427357465652414
independent,recommended_10h,45,8.0,12.0,1.3798397589867228,3.513275117731185
independent,recommended_10h,46,8.0,12.0,1.350297301488479,3.5746795173825507
independent,recommended_10h,47,8.0,12.0,1.342025391831414,3.644328533551655
independent,recommended_10h,48,8.0,12.0,1.3333219465432977,3.7193133399359812
independent,recommended_10h,49,8.0,12.0,1.3468525178009338,3.796838584684026
independent,recommended_10h,50,8.0,12.0,1.3724307704475747,3.8762070777687674
independent,recommended_10h,51,8.0,12.0,1.4069851869215055,3.9669662051201815
independent,recommended_10h,52,8.0,12.0,1.4388000014702085,4.04836313676078
independent,recommended_10h,53,8.0,12.0,1.4733899321310862,4.15316029648638
independent,recommended_10h,54,8.0,12.0,1.509224466296888,4.250677591897123
independent,recommended_10h,55,8.0,12.0,1.5367851382278586,4.352605028420475
independent,recommended_10h,56,8.0,12.0,1.5622146831842265,4.452621350650077
independent,recommended_10h,57,8.0,12.0,1.57733639469948,4.552626125541592
independent,recommended_10h,58,8.0,12.0,1.5879432496691104,4.656821914878506
independent,recommended_10h,59,8.0,12.0,1.597463065819471,4.767445332679476
independent,recommended_10h,60,8.0,12.0,1.6054106518702094,4.87979226057742
independent,recommended_10h,61,8.0,12.0,1.61682212510601,4.992215333843442
independent,recommended_10h,62,8.0,12.0,1.6247251565964405,5.10092135872533
independent,recommended_10h,63,8.0,12.0,1.6332667895167852,5.214123208353905
independent,recommended_10h,64,8.0,12.0,1.6459888106050702,5.329211458984329
independent,recommended_10h,65,8.0,12.0,1.656902090065726,5.445636071260007
independent,recommended_10h,66,8.0,12.0,1.6697903443781525,5.564275117612305
independent,recommended_10h,67,8.0,12.0,1.6860392892513731,5.676145149925915
independent,recommended_10h,68,8.0,12.0,1.6985189837738224,5.791228619664035
independent,recommended_10h,69,8.0,12.0,1.7139727613681544,5.906865112920334
independent,recommended_10h,70,8.0,12.0,1.7318927015422592,6.02689228950597
independent,recommended_10h,71,8.0,12.0,1.7501304040835608,6.1426620870727255
independent,recommended_10h,72,8.0,12.0,1.768418739825628,6.264666643869843
independent,recommended_10h,73,8.0,12.0,1.7868174828840955,6.378232342781098
independent,recommended_10h,74,8.0,12.0,1.8050520945612991,6.498463380160602
independent,recommended_10h,75,8.0,12.0,1.8238902869671447,6.618301770844348
independent,recommended_10h,76,8.0,12.0,1.841732387993833,6.738163847546885
independent,recommended_10h,77,8.0,12.0,1.8624138158908954,6.8584444014743395
independent,recommended_10h,78,8.0,12.0,1.8834562485311679,6.9730932993368855
independent,recommended_10h,79,8.0,12.0,1.9016614524698383,7.0931312257988655
independent,recommended_10h,80,8.0,12.0,1.9215857641330159,7.214512895757186
independent,recommended_10h,81,8.0,12.0,1.9439884075190594,7.3374534097767175
independent,recommended_10h,82,8.0,12.0,1.9678708240429499,7.459915161351804
independent,recommended_10h,83,8.0,12.0,1.989517455801737,7.580447949312652
independent,recommended_10h,84,8.0,12.0,2.0137027062769652,7.702240674097882
independent,recommended_10h,85,8.0,12.0,2.0370423474515897,7.827015217204547
independent,recommended_10h,86,8.0,12.0,2.0606083289487653,7.952233911332707
independent,recommended_10h,87,8.0,12.0,2.12422021336669,8.075384049562517
independent,recommended_10h,88,8.0,12.0,2.1820682410344627,8.194858598823407
independent,recommended_10h,89,8.0,12.0,2.2472853426785067,8.315010580175052
independent,recommended_10h,90,8.0,12.0,2.314551910074192,8.43433119695629
independent,recommended_10h,91,8.0,12.0,2.3791626731101356,8.554837271206694
independent,recommended_10h,92,8.0,12.0,2.445826473839996,8.67276089082929
independent,recommended_10h,93,8.0,12.0,2.5080101438885727,8.787700752406934
independent,recommended_10h,94,8.0,12.0,2.5745750512221166,8.903436178186276
independent,recommended_10h,95,8.0,12.0,2.643011350843061,9.01644802678858
independent,recommended_10h,96,8.0,12.0,2.7097528176986296,9.126833691766944
independent,recommended_10h,97,8.0,12.0,2.773533100454828,9.230021616226814
independent,recommended_10h,98,8.0,12.0,2.8393945041660817,9.330241052466448
independent,recommended_10h,99,8.0,12.0,2.904675584378058,9.427570933606756
independent,recommended_10h,100,8.0,12.0,2.9726145907753354,9.518432317060533
independent,recommended_10h,20,10.0,1.0,0.956717809646368,1.3645395137241945
independent,recommended_10h,21,10.0,1.0,1.000961608016926,1.307726942635612
independent,recommended_10h,22,10.0,1.0,0.9911787222409707,1.5009195198021352
independent,recommended_10h,23,10.0,1.0,1.0722232000097032,1.5163984461056268
independent,recommended_10h,24,10.0,1.0,1.046159259349344,1.5418575397266876
independent,recommended_10h,25,10.0,1.0,1.0601321769140526,1.6705853154088457
independent,recommended_10h,26,10.0,1.0,1.0558402612515394,1.6655179996251546
independent,recommended_10h,27,10.0,1.0,1.065204350331439,1.7020399064725522
independent,recommended_10h,28,10.0,1.0,1.0378233486376454,1.9259933131551055
independent,recommended_10h,29,10.0,1.0,1.034193994470578,2.037346555007158
independent,recommended_10h,30,10.0,1.0,1.0402317761236013,2.1842725835340637
independent,recommended_10h,31,10.0,1.0,1.0450454612849436,2.2304437048359826
independent,recommended_10h,32,10.0,1.0,1.0638431084138311,2.385981196359066
independent,recommended_10h,33,10.0,1.0,1.085668371487003,2.381777269464269
independent,recommended_10h,34,10.0,1.0,1.1153495931453428,2.405017320635161
independent,recommended_10h,35,10.0,1.0,1.1410772353794174,2.488906007135605
independent,recommended_10h,36,10.0,1.0,1.1747381130866819,2.520245717897196
independent,recommended_10h,37,10.0,1.0,1.2065397681363166,2.5701159267855767
independent,recommended_10h,38,10.0,1.0,1.2311316886376877,2.6462951763622122
independent,recommended_10h,39,10.0,1.0,1.2339792898115487,2.7267893971075097
independent,recommended_10h,40,10.0,1.0,1.2259187505911484,2.8378942482047087
independent,recommended_10h,41,10.0,1.0,1.224542237090942,2.9354780580508777
independent,recommended_10h,42,10.0,1.0,1.2489426184593144,3.001166772409536
independent,recommended_10h,43,10.0,1.0,1.282538036724623,3.0923112877354164
independent,recommended_10h,44,10.0,1.0,1.2925347126500508,3.1484835711244497
independent,recommended_10h,45,10.0,1.0,1.312508764944731,3.241262761834074
independent,recommended_10h,46,10.0,1.0,1.3141082964881257,3.3413627469725204
independent,recommended_10h,47,10.0,1.0,1.327296712454351,3.417828246965038
independent,recommended_10h,48,10.0,1.0,1.332657134450943,3.5467074329540216
independent,recommended_10h,49,10.0,1.0,1.3348592040498541,3.6397630799912983
independent,recommended_10h,50,10.0,1.0,1.3517132530479037,3.723060072785356
independent,recommended_10h,51,10.0,1.0,1.3876593611706234,3.8087762674315684
independent,recommended_10h,52,10.0,1.0,1.4210314767009402,3.8673008375436746
independent,recommended_10h,53,10.0,1.0,1.4570799467006346,3.95925363906644
independent,recommended_10h,54,10.0,1.0,1.4942564716944329,4.0278317554026
independent,recommended_10h,55,10.0,1.0,1.5232372975776398,4.045828443525856
independent,recommended_10h,56,10.0,1.0,1.5534395553168157,4.092195870443649
independent,recommended_10h,57,10.0,1.0,1.621814280202094,4.156972136627024
independent,recommended_10h,58,10.0,1.0,1.6884696872827787,4.179159831680224
independent,recommended_10h,59,10.0,1.0,1.7583054805394127,4.246356894389458
independent,recommended_10h,60,10.0,1.0,1.825447241226219,4.283150578278372
independent,recommended_10h,61,10.0,1.0,1.8968213276007617,4.3421315697607765
independent,recommended_10h,62,10.0,1.0,1.9661897694118968,4.385398121909434
independent,recommended_10h,63,10.0,1.0,2.038490312880503,4.449245855907624
independent,recommended_10h,64,10.0,1.0,2.112079037182557,4.49523497890254
independent,recommended_10h,65,10.0,1.0,2.188003905529512,4.531773403395745
independent,recommended_10h,66,10.0,1.0,2.264366749258362,4.598407256642667
independent,recommended_10h,67,10.0,1.0,2.3467116312347214,4.670385587509074
independent,recommended_10h,68,10.0,1.0,2.42285060872387,4.748607546931938
independent,recommended_10h,69,10.0,1.0,2.5039558485615565,4.843849698053049
independent,recommended_10h,70,10.0,1.0,2.5856999549846105,4.929315964618275
independent,recommended_10h,71,10.0,1.0,2.671148985165117,5.00683576090637
independent,recommended_10h,72,10.0,1.0,2.754830246019213,5.101179216463669
independent,recommended_10h,73,10.0,1.0,2.840727237617502,5.203092117306829
independent,recommended_10h,74,10.0,1.0,2.9314371578347265,5.293238694432567
independent,recommended_10h,75,10.0,1.0,3.0253309629121095,5.39546568908742
independent,recommended_10h,76,10.0,1.0,3.1186154470892458,5.475680544693762
independent,recommended_10h,77,10.0,1.0,3.213942958177052,5.577204047690043
independent,recommended_10h,78,10.0,1.0,3.3079620349737437,5.661874374122311
independent,recommended_10h,79,10.0,1.0,3.4045195171000575,5.732293815712142
independent,recommended_10h,80,10.0,1.0,3.501760362502515,5.813053775368404
independent,recommended_10h,81,10.0,1.0,3.60001379976318,5.895586175650869
independent,recommended_10h,82,10.0,1.0,3.7012870059742964,5.9771534690511885
independent,recommended_10h,83,10.0,1.0,3.7988322325578583,6.039467420830147
independent,recommended_10h,84,10.0,1.0,3.902367915501581,6.121454576009122
independent,recommended_10h,85,10.0,1.0,4.004515756816818,6.1937566194844695
independent,recommended_10h,86,10.0,1.0,4.108012691590446,6.293536409393741
independent,recommended_10h,87,10.0,1.0,4.214293977362504,6.376227374467147
independent,recommended_10h,88,10.0,1.0,4.317230927868065,6.453376246135112
independent,recommended_10h,89,10.0,1.0,4.42665482532878,6.506761214428969
independent,recommended_10h,90,10.0,1.0,4.5384470410558375,6.58588703531815
independent,recommended_10h,91,10.0,1.0,4.650706482620803,6.650774590671027
independent,recommended_10h,92,10.0,1.0,4.760885370123247,6.714833666396913
independent,recommended_10h,93,10.0,1.0,4.867346663157002,6.7667817900326055
independent,recommended_10h,94,10.0,1.0,4.973581078465461,6.812698213458646
independent,recommended_10h,95,10.0,1.0,5.07697542203287,6.889354550570781
independent,recommended_10h,96,10.0,1.0,5.175300708638253,6.945336878123465
independent,recommended_10h,97,10.0,1.0,5.262998212677705,6.998453847947661
independent,recommended_10h,98,10.0,1.0,5.3492010783454,7.058170579988476
independent,recommended_10h,99,10.0,1.0,5.429492314198958,7.100798227909744
independent,recommended_10h,100,10.0,1.0,5.506151326265218,7.143744032249244
independent,recommended_10h,20,10.0,5.0,0.9567178096463458,1.3645395137241723
independent,recommended_10h,21,10.0,5.0,1.000961608016926,1.307726942635612
independent,recommended_10h,22,10.0,5.0,0.9911787222409263,1.5009195198021574
independent,recommended_10h,23,10.0,5.0,1.0722232000097254,1.5163984461056046
independent,recommended_10h,24,10.0,5.0,1.046159259349344,1.5418575397266654
independent,recommended_10h,25,10.0,5.0,1.0601321769140304,1.670585315408868
independent,recommended_10h,26,10.0,5.0,1.0558402612515394,1.6655179996251546
independent,recommended_10h,27,10.0,5.0,1.065204350331439,1.7020399064725522
independent,recommended_10h,28,10.0,5.0,1.0378233486376454,1.9259933131551055
independent,recommended_10h,29,10.0,5.0,1.0341939944705558,2.0373465550072023
independent,recommended_10h,30,10.0,5.0,1.040231776123579,2.184272583534086
independent,recommended_10h,31,10.0,5.0,1.0450454612849436,2.2304437048359826
independent,recommended_10h,32,10.0,5.0,1.0638431084138533,2.3859811963591104
independent,recommended_10h,33,10.0,5.0,1.085668371487003,2.381777269464269
independent,recommended_10h,34,10.0,5.0,1.1153495931453206,2.4050173206352055
independent,recommended_10h,35,10.0,5.0,1.1410772353794396,2.488906007135605
independent,recommended_10h,36,10.0,5.0,1.1747381130866597,2.520245717897196
independent,recommended_10h,37,10.0,5.0,1.2065397681363388,2.5701159267855322
independent,recommended_10h,38,10.0,5.0,1.2311316886376433,2.6462951763622122
independent,recommended_10h,39,10.0,5.0,1.2339792898115487,2.7267893971075097
independent,recommended_10h,40,10.0,5.0,1.2259187505911706,2.8378942482047087
independent,recommended_10h,41,10.0,5.0,1.2245422370909198,2.935478058050922
independent,recommended_10h,42,10.0,5.0,1.2489426184593366,3.001166772409536
independent,recommended_10h,43,10.0,5.0,1.2825380367245787,3.092311287735461
independent,recommended_10h,44,10.0,5.0,1.2925347126500286,3.1484835711244497
independent,recommended_10h,45,10.0,5.0,1.312508764944753,3.241262761834074
independent,recommended_10h,46,10.0,5.0,1.3141082964881257,3.3413627469725204
independent,recommended_10h,47,10.0,5.0,1.327296712454329,3.417828246965038
independent,recommended_10h,48,10.0,5.0,1.3326571344509208,3.5467074329540216
independent,recommended_10h,49,10.0,5.0,1.334859204049832,3.6397630799913427
independent,recommended_10h,50,10.0,5.0,1.3517132530478815,3.7230600727853336
independent,recommended_10h,51,10.0,5.0,1.3876593611706012,3.808776267431546
independent,recommended_10h,52,10.0,5.0,1.421031476700918,3.867300837543719
independent,recommended_10h,53,10.0,5.0,1.4570799467005902,3.9592536390664623
independent,recommended_10h,54,10.0,5.0,1.4942564716944329,4.0278317554026
independent,recommended_10h,55,10.0,5.0,1.5232372975775954,4.0458284435258784
independent,recommended_10h,56,10.0,5.0,1.5534395553167935,4.092195870443671
independent,recommended_10h,57,10.0,5.0,1.621814280202094,4.156972136627024
independent,recommended_10h,58,10.0,5.0,1.6884696872827787,4.179159831680268
independent,recommended_10h,59,10.0,5.0,1.758305480539435,4.24635689438948
independent,recommended_10h,60,10.0,5.0,1.825447241226219,4.283150578278372
independent,recommended_10h,61,10.0,5.0,1.8968213276007395,4.342131569760799
independent,recommended_10h,62,10.0,5.0,1.9661897694118746,4.385398121909412
independent,recommended_10h,63,10.0,5.0,2.038490312880459,4.449245855907669
independent,recommended_10h,64,10.0,5.0,2.112079037182535,4.49523497890254
independent,recommended_10h,65,10.0,5.0,2.1880039055294898,4.531773403395767
independent,recommended_10h,66,10.0,5.0,2.264366749258384,4.598407256642645
independent,recommended_10h,67,10.0,5.0,2.3467116312347436,4.670385587509096
independent,recommended_10h,68,10.0,5.0,2.422850608723892,4.74860754693196
independent,recommended_10h,69,10.0,5.0,2.5039558485615787,4.843849698053027
independent,recommended_10h,70,10.0,5.0,2.5856999549846327,4.929315964618297
independent,recommended_10h,71,10.0,5.0,2.671148985165117,5.006835760906392
independent,recommended_10h,72,10.0,5.0,2.754830246019191,5.101179216463669
independent,recommended_10h,73,10.0,5.0,2.840727237617502,5.203092117306851
independent,recommended_10h,74,10.0,5.0,2.931437157834771,5.293238694432567
independent,recommended_10h,75,10.0,5.0,3.025330962912154,5.3954656890873975
independent,recommended_10h,76,10.0,5.0,3.118615447089268,5.475680544693762
independent,recommended_10h,77,10.0,5.0,3.213942958177074,5.577204047690043
independent,recommended_10h,78,10.0,5.0,3.3079620349737437,5.661874374122333
independent,recommended_10h,79,10.0,5.0,3.4045195171000797,5.7322938157121195
independent,recommended_10h,80,10.0,5.0,3.5017603625025373,5.813053775368404
independent,recommended_10h,81,10.0,5.0,3.6000137997631576,5.895586175650869
independent,recommended_10h,82,10.0,5.0,3.701287005974274,5.9771534690511885
independent,recommended_10h,83,10.0,5.0,3.7988322325578583,6.039467420830125
independent,recommended_10h,84,10.0,5.0,3.902367915501581,6.1214545760091
independent,recommended_10h,85,10.0,5.0,4.004515756816818,6.193756619484492
independent,recommended_10h,86,10.0,5.0,4.108012691590468,6.293536409393696
independent,recommended_10h,87,10.0,5.0,4.214293977362504,6.376227374467125
independent,recommended_10h,88,10.0,5.0,4.317230927868088,6.45337624613509
independent,recommended_10h,89,10.0,5.0,4.42665482532878,6.506761214428924
independent,recommended_10h,90,10.0,5.0,4.53844704105586,6.585887035318128
independent,recommended_10h,91,10.0,5.0,4.650706482620781,6.650774590671049
independent,recommended_10h,92,10.0,5.0,4.760885370123269,6.714833666396869
independent,recommended_10h,93,10.0,5.0,4.867346663157024,6.766781790032583
independent,recommended_10h,94,10.0,5.0,4.973581078465483,6.812698213458623
independent,recommended_10h,95,10.0,5.0,5.07697542203287,6.889354550570759
independent,recommended_10h,96,10.0,5.0,5.175300708638231,6.945336878123487
independent,recommended_10h,97,10.0,5.0,5.262998212677683,6.998453847947639
independent,recommended_10h,98,10.0,5.0,5.3492010783454,7.058170579988476
independent,recommended_10h,99,10.0,5.0,5.429492314198958,7.100798227909766
independent,recommended_10h,100,10.0,5.0,5.506151326265263,7.1437440322492
independent,recommended_10h,20,10.0,12.0,0.956717809646368,1.3645395137241945
independent,recommended_10h,21,10.0,12.0,1.000961608016926,1.307726942635612
independent,recommended_10h,22,10.0,12.0,0.9911787222409485,1.5009195198022018
independent,recommended_10h,23,10.0,12.0,1.0722232000097032,1.5163984461056046
independent,recommended_10h,24,10.0,12.0,1.046159259349344,1.5418575397266876
independent,recommended_10h,25,10.0,12.0,1.0601321769140304,1.670585315408868
independent,recommended_10h,26,10.0,12.0,1.0558402612515394,1.6655179996251324
independent,recommended_10h,27,10.0,12.0,1.065204350331439,1.7020399064725522
independent,recommended_10h,28,10.0,12.0,1.0378233486376454,1.9259933131551055
independent,recommended_10h,29,10.0,12.0,1.034193994470578,2.0373465550072023
independent,recommended_10h,30,10.0,12.0,1.040231776123579,2.1842725835341303
independent,recommended_10h,31,10.0,12.0,1.0450454612849658,2.230443704836005
independent,recommended_10h,32,10.0,12.0,1.0638431084138977,2.3859811963590882
independent,recommended_10h,33,10.0,12.0,1.0856683714869808,2.381777269464269
independent,recommended_10h,34,10.0,12.0,1.1153495931453206,2.405017320635161
independent,recommended_10h,35,10.0,12.0,1.1410772353794396,2.4889060071355384
independent,recommended_10h,36,10.0,12.0,1.1747381130866819,2.5202457178971738
independent,recommended_10h,37,10.0,12.0,1.2065397681363388,2.57011592678551
independent,recommended_10h,38,10.0,12.0,1.2311316886376877,2.6462951763622122
independent,recommended_10h,39,10.0,12.0,1.2339792898115487,2.7267893971074875
independent,recommended_10h,40,10.0,12.0,1.2259187505911706,2.8378942482047087
independent,recommended_10h,41,10.0,12.0,1.224542237090942,2.9354780580509
independent,recommended_10h,42,10.0,12.0,1.2489426184593366,3.001166772409558
independent,recommended_10h,43,10.0,12.0,1.282538036724623,3.0923112877354386
independent,recommended_10h,44,10.0,12.0,1.2925347126500064,3.1484835711244497
independent,recommended_10h,45,10.0,12.0,1.312508764944753,3.2412627618340517
independent,recommended_10h,46,10.0,12.0,1.3141082964881479,3.3413627469725427
independent,recommended_10h,47,10.0,12.0,1.327296712454329,3.417828246965038
independent,recommended_10h,48,10.0,12.0,1.3326571344508986,3.5467074329540216
independent,recommended_10h,49,10.0,12.0,1.334859204049832,3.6397630799913427
independent,recommended_10h,50,10.0,12.0,1.3517132530478593,3.723060072785378
independent,recommended_10h,51,10.0,12.0,1.3876593611706012,3.808776267431546
independent,recommended_10h,52,10.0,12.0,1.4210314767008958,3.867300837543719
independent,recommended_10h,53,10.0,12.0,1.4570799467006124,3.95925363906644
independent,recommended_10h,54,10.0,12.0,1.4942564716944107,4.027831755402622
independent,recommended_10h,55,10.0,12.0,1.5232372975775954,4.045828443525901
independent,recommended_10h,56,10.0,12.0,1.5534395553168157,4.092195870443649
independent,recommended_10h,57,10.0,12.0,1.6218142802020497,4.156972136627046
independent,recommended_10h,58,10.0,12.0,1.6884696872827787,4.179159831680246
independent,recommended_10h,59,10.0,12.0,1.7583054805394127,4.24635689438948
independent,recommended_10h,60,10.0,12.0,1.825447241226219,4.283150578278394
independent,recommended_10h,61,10.0,12.0,1.8968213276007395,4.342131569760799
independent,recommended_10h,62,10.0,12.0,1.9661897694118746,4.385398121909456
independent,recommended_10h,63,10.0,12.0,2.038490312880459,4.449245855907691
independent,recommended_10h,64,10.0,12.0,2.112079037182535,4.4952349789025625
independent,recommended_10h,65,10.0,12.0,2.188003905529512,4.531773403395767
independent,recommended_10h,66,10.0,12.0,2.264366749258362,4.598407256642623
independent,recommended_10h,67,10.0,12.0,2.3467116312347214,4.670385587509118
independent,recommended_10h,68,10.0,12.0,2.42285060872387,4.74860754693196
independent,recommended_10h,69,10.0,12.0,2.5039558485615565,4.843849698053071
independent,recommended_10h,70,10.0,12.0,2.5856999549846105,4.929315964618297
independent,recommended_10h,71,10.0,12.0,2.671148985165095,5.006835760906392
independent,recommended_10h,72,10.0,12.0,2.7548302460191687,5.1011792164636915
independent,recommended_10h,73,10.0,12.0,2.8407272376174797,5.203092117306829
independent,recommended_10h,74,10.0,12.0,2.9314371578347487,5.293238694432567
independent,recommended_10h,75,10.0,12.0,3.0253309629121095,5.39546568908742
independent,recommended_10h,76,10.0,12.0,3.1186154470892014,5.475680544693762
independent,recommended_10h,77,10.0,12.0,3.213942958177074,5.577204047690065
independent,recommended_10h,78,10.0,12.0,3.3079620349737437,5.661874374122333
independent,recommended_10h,79,10.0,12.0,3.4045195171000353,5.732293815712142
independent,recommended_10h,80,10.0,12.0,3.501760362502515,5.813053775368426
independent,recommended_10h,81,10.0,12.0,3.6000137997631576,5.895586175650891
independent,recommended_10h,82,10.0,12.0,3.701287005974252,5.977153469051211
independent,recommended_10h,83,10.0,12.0,3.798832232557836,6.039467420830147
independent,recommended_10h,84,10.0,12.0,3.902367915501581,6.121454576009122
independent,recommended_10h,85,10.0,12.0,4.004515756816818,6.193756619484492
independent,recommended_10h,86,10.0,12.0,4.108012691590446,6.2935364093937185
independent,recommended_10h,87,10.0,12.0,4.2142939773625265,6.376227374467147
independent,recommended_10h,88,10.0,12.0,4.317230927868065,6.453376246135112
independent,recommended_10h,89,10.0,12.0,4.426654825328802,6.506761214428924
independent,recommended_10h,90,10.0,12.0,4.53844704105586,6.58588703531815
independent,recommended_10h,91,10.0,12.0,4.650706482620803,6.650774590671027
independent,recommended_10h,92,10.0,12.0,4.7608853701232245,6.714833666396913
independent,recommended_10h,93,10.0,12.0,4.867346663157002,6.766781790032628
independent,recommended_10h,94,10.0,12.0,4.973581078465461,6.812698213458646
independent,recommended_10h,95,10.0,12.0,5.07697542203287,6.889354550570759
independent,recommended_10h,96,10.0,12.0,5.175300708638253,6.945336878123465
independent,recommended_10h,97,10.0,12.0,5.262998212677683,6.998453847947683
independent,recommended_10h,98,10.0,12.0,5.3492010783454,7.058170579988476
independent,recommended_10h,99,10.0,12.0,5.42949231419898,7.100798227909744
independent,recommended_10h,100,10.0,12.0,5.506151326265263,7.143744032249177
independent,recommended_10h,20,12.0,1.0,0.956717809646368,1.3645395137241945
independent,recommended_10h,21,12.0,1.0,1.0009616080169481,1.3077269426356342
independent,recommended_10h,22,12.0,1.0,0.9911787222409707,1.5009195198021796
independent,recommended_10h,23,12.0,1.0,1.0722232000097254,1.5163984461056046
independent,recommended_10h,24,12.0,1.0,1.0461592593493663,1.5418575397266654
independent,recommended_10h,25,12.0,1.0,1.0601321769140304,1.6705853154088457
independent,recommended_10h,26,12.0,1.0,1.0558402612515394,1.6655179996251324
independent,recommended_10h,27,12.0,1.0,1.065204350331439,1.70203990647253
independent,recommended_10h,28,12.0,1.0,1.0378233486376454,1.9259933131551277
independent,recommended_10h,29,12.0,1.0,1.0341939944705558,2.03734655500718
independent,recommended_10h,30,12.0,1.0,1.0402317761236013,2.184272583534108
independent,recommended_10h,31,12.0,1.0,1.0450454612849658,2.230443704836005
independent,recommended_10h,32,12.0,1.0,1.0638431084138977,2.3859811963590882
independent,recommended_10h,33,12.0,1.0,1.0856683714870252,2.381777269464269
independent,recommended_10h,34,12.0,1.0,1.1153495931453206,2.4050173206351833
independent,recommended_10h,35,12.0,1.0,1.1410772353794396,2.4889060071355606
independent,recommended_10h,36,12.0,1.0,1.1747381130866819,2.520245717897218
independent,recommended_10h,37,12.0,1.0,1.2065397681363166,2.5701159267855544
independent,recommended_10h,38,12.0,1.0,1.2311316886376877,2.6462951763622344
independent,recommended_10h,39,12.0,1.0,1.233979289811571,2.7267893971075097
independent,recommended_10h,40,12.0,1.0,1.2259187505911484,2.837894248204731
independent,recommended_10h,41,12.0,1.0,1.2245422370909198,2.935478058050922
independent,recommended_10h,42,12.0,1.0,1.2489426184593366,3.001166772409536
independent,recommended_10h,43,12.0,1.0,1.2825380367246009,3.092311287735461
independent,recommended_10h,44,12.0,1.0,1.2925347126500508,3.1484835711244274
independent,recommended_10h,45,12.0,1.0,1.312508764944753,3.241262761834074
independent,recommended_10h,46,12.0,1.0,1.3141082964881479,3.3413627469725427
independent,recommended_10h,47,12.0,1.0,1.327296712454351,3.417828246965038
independent,recommended_10h,48,12.0,1.0,1.3326571344509208,3.5467074329539994
independent,recommended_10h,49,12.0,1.0,1.334859204049832,3.6397630799913205
independent,recommended_10h,50,12.0,1.0,1.3517132530478815,3.723060072785378
independent,recommended_10h,51,12.0,1.0,1.3876593611706234,3.808776267431524
independent,recommended_10h,52,12.0,1.0,1.4210314767009402,3.867300837543719
independent,recommended_10h,53,12.0,1.0,1.4570799467006346,3.95925363906644
independent,recommended_10h,54,12.0,1.0,1.4942564716944329,4.0278317554026
independent,recommended_10h,55,12.0,1.0,1.5232372975776176,4.0458284435258784
independent,recommended_10h,56,12.0,1.0,1.5534395553168157,4.092195870443649
independent,recommended_10h,57,12.0,1.0,1.6218142802020719,4.156972136627024
independent,recommended_10h,58,12.0,1.0,1.688469687282801,4.179159831680246
independent,recommended_10h,59,12.0,1.0,1.7583054805394127,4.246356894389458
independent,recommended_10h,60,12.0,1.0,1.825447241226219,4.28315057827835
independent,recommended_10h,61,12.0,1.0,1.8968213276007395,4.342131569760821
independent,recommended_10h,62,12.0,1.0,1.9661897694118968,4.385398121909412
independent,recommended_10h,63,12.0,1.0,2.038490312880481,4.449245855907669
independent,recommended_10h,64,12.0,1.0,2.112079037182557,4.49523497890254
independent,recommended_10h,65,12.0,1.0,2.188003905529512,4.531773403395745
independent,recommended_10h,66,12.0,1.0,2.264366749258384,4.598407256642645
independent,recommended_10h,67,12.0,1.0,2.346711631234766,4.670385587509029
independent,recommended_10h,68,12.0,1.0,2.422850608723892,4.748607546931938
independent,recommended_10h,69,12.0,1.0,2.5039558485615787,4.843849698053027
independent,recommended_10h,70,12.0,1.0,2.5856999549846105,4.929315964618275
independent,recommended_10h,71,12.0,1.0,2.671148985165117,5.006835760906392
independent,recommended_10h,72,12.0,1.0,2.754830246019213,5.101179216463625
independent,recommended_10h,73,12.0,1.0,2.840727237617502,5.203092117306785
independent,recommended_10h,74,12.0,1.0,2.9314371578347487,5.293238694432523
independent,recommended_10h,75,12.0,1.0,3.025330962912154,5.395465689087375
independent,recommended_10h,76,12.0,1.0,3.1186154470892458,5.4756805446937395
independent,recommended_10h,77,12.0,1.0,3.213942958177052,5.577204047690043
independent,recommended_10h,78,12.0,1.0,3.3079620349737437,5.661874374122311
independent,recommended_10h,79,12.0,1.0,3.4045195171000797,5.7322938157121195
independent,recommended_10h,80,12.0,1.0,3.501760362502515,5.813053775368404
independent,recommended_10h,81,12.0,1.0,3.60001379976318,5.895586175650869
independent,recommended_10h,82,12.0,1.0,3.7012870059743186,5.977153469051144
independent,recommended_10h,83,12.0,1.0,3.798832232557836,6.0394674208301025
independent,recommended_10h,84,12.0,1.0,3.9023679155016033,6.121454576009122
independent,recommended_10h,85,12.0,1.0,4.00451575681684,6.193756619484447
independent,recommended_10h,86,12.0,1.0,4.108012691590468,6.293536409393696
independent,recommended_10h,87,12.0,1.0,4.2142939773625265,6.376227374467147
independent,recommended_10h,88,12.0,1.0,4.31723092786811,6.453376246135045
independent,recommended_10h,89,12.0,1.0,4.426654825328757,6.506761214428947
independent,recommended_10h,90,12.0,1.0,4.53844704105586,6.58588703531815
independent,recommended_10h,91,12.0,1.0,4.650706482620848,6.650774590671005
independent,recommended_10h,92,12.0,1.0,4.760885370123247,6.714833666396913
independent,recommended_10h,93,12.0,1.0,4.867346663157024,6.766781790032583
independent,recommended_10h,94,12.0,1.0,4.973581078465461,6.812698213458601
independent,recommended_10h,95,12.0,1.0,5.076975422032892,6.8893545505707365
independent,recommended_10h,96,12.0,1.0,5.175300708638275,6.94533687812342
independent,recommended_10h,97,12.0,1.0,5.262998212677705,6.998453847947639
independent,recommended_10h,98,12.0,1.0,5.3492010783454225,7.058170579988432
independent,recommended_10h,99,12.0,1.0,5.429492314199003,7.100798227909699
independent,recommended_10h,100,12.0,1.0,5.506151326265263,7.1437440322492
independent,recommended_10h,20,12.0,5.0,0.956717809646368,1.3645395137241945
independent,recommended_10h,21,12.0,5.0,1.0009616080169481,1.307726942635612
independent,recommended_10h,22,12.0,5.0,0.9911787222409707,1.5009195198021574
independent,recommended_10h,23,12.0,5.0,1.0722232000097032,1.5163984461056046
independent,recommended_10h,24,12.0,5.0,1.0461592593493663,1.5418575397266876
independent,recommended_10h,25,12.0,5.0,1.0601321769140304,1.6705853154088457
independent,recommended_10h,26,12.0,5.0,1.0558402612515616,1.6655179996251324
independent,recommended_10h,27,12.0,5.0,1.0652043503314612,1.70203990647253
independent,recommended_10h,28,12.0,5.0,1.0378233486376232,1.9259933131551277
independent,recommended_10h,29,12.0,5.0,1.0341939944705558,2.03734655500718
independent,recommended_10h,30,12.0,5.0,1.040231776123579,2.184272583534086
independent,recommended_10h,31,12.0,5.0,1.0450454612849436,2.2304437048359604
independent,recommended_10h,32,12.0,5.0,1.0638431084138755,2.3859811963590882
independent,recommended_10h,33,12.0,5.0,1.085668371487003,2.3817772694642247
independent,recommended_10h,34,12.0,5.0,1.1153495931453206,2.4050173206351833
independent,recommended_10h,35,12.0,5.0,1.1410772353794174,2.488906007135583
independent,recommended_10h,36,12.0,5.0,1.1747381130866819,2.520245717897196
independent,recommended_10h,37,12.0,5.0,1.2065397681362944,2.5701159267855544
independent,recommended_10h,38,12.0,5.0,1.2311316886376655,2.6462951763622122
independent,recommended_10h,39,12.0,5.0,1.2339792898115487,2.7267893971075097
independent,recommended_10h,40,12.0,5.0,1.2259187505911484,2.8378942482046865
independent,recommended_10h,41,12.0,5.0,1.2245422370909198,2.9354780580509
independent,recommended_10h,42,12.0,5.0,1.2489426184593144,3.001166772409536
independent,recommended_10h,43,12.0,5.0,1.2825380367245787,3.092311287735461
independent,recommended_10h,44,12.0,5.0,1.2925347126500286,3.1484835711244274
independent,recommended_10h,45,12.0,5.0,1.3125087649447087,3.241262761834096
independent,recommended_10h,46,12.0,5.0,1.3141082964881257,3.3413627469725204
independent,recommended_10h,47,12.0,5.0,1.327296712454351,3.417828246965038
independent,recommended_10h,48,12.0,5.0,1.3326571344509208,3.5467074329540216
independent,recommended_10h,49,12.0,5.0,1.3348592040498541,3.6397630799913205
independent,recommended_10h,50,12.0,5.0,1.3517132530478815,3.723060072785378
independent,recommended_10h,51,12.0,5.0,1.3876593611706234,3.808776267431546
independent,recommended_10h,52,12.0,5.0,1.421031476700918,3.867300837543719
independent,recommended_10h,53,12.0,5.0,1.4570799467006124,3.9592536390664623
independent,recommended_10h,54,12.0,5.0,1.4942564716943885,4.027831755402622
independent,recommended_10h,55,12.0,5.0,1.5232372975776176,4.045828443525901
independent,recommended_10h,56,12.0,5.0,1.5534395553168157,4.092195870443671
independent,recommended_10h,57,12.0,5.0,1.6218142802020719,4.156972136627024
independent,recommended_10h,58,12.0,5.0,1.6884696872827787,4.179159831680246
independent,recommended_10h,59,12.0,5.0,1.7583054805394127,4.24635689438948
independent,recommended_10h,60,12.0,5.0,1.825447241226219,4.283150578278372
independent,recommended_10h,61,12.0,5.0,1.8968213276007395,4.342131569760799
independent,recommended_10h,62,12.0,5.0,1.9661897694118968,4.385398121909434
independent,recommended_10h,63,12.0,5.0,2.038490312880481,4.449245855907646
independent,recommended_10h,64,12.0,5.0,2.1120790371825793,4.49523497890254
independent,recommended_10h,65,12.0,5.0,2.188003905529512,4.531773403395745
independent,recommended_10h,66,12.0,5.0,2.264366749258362,4.598407256642623
independent,recommended_10h,67,12.0,5.0,2.3467116312347214,4.670385587509096
independent,recommended_10h,68,12.0,5.0,2.422850608723892,4.74860754693196
independent,recommended_10h,69,12.0,5.0,2.5039558485615787,4.843849698053049
independent,recommended_10h,70,12.0,5.0,2.5856999549845883,4.929315964618297
independent,recommended_10h,71,12.0,5.0,2.671148985165095,5.006835760906414
independent,recommended_10h,72,12.0,5.0,2.7548302460191687,5.101179216463714
independent,recommended_10h,73,12.0,5.0,2.8407272376174797,5.203092117306829
independent,recommended_10h,74,12.0,5.0,2.9314371578347487,5.293238694432589
independent,recommended_10h,75,12.0,5.0,3.0253309629121095,5.39546568908742
independent,recommended_10h,76,12.0,5.0,3.1186154470892236,5.475680544693762
independent,recommended_10h,77,12.0,5.0,3.213942958177052,5.5772040476900875
independent,recommended_10h,78,12.0,5.0,3.3079620349737437,5.661874374122333
independent,recommended_10h,79,12.0,5.0,3.404519517100102,5.7322938157121195
independent,recommended_10h,80,12.0,5.0,3.501760362502515,5.813053775368404
independent,recommended_10h,81,12.0,5.0,3.6000137997631354,5.895586175650913
independent,recommended_10h,82,12.0,5.0,3.7012870059742964,5.977153469051166
independent,recommended_10h,83,12.0,5.0,3.7988322325578583,6.039467420830125
independent,recommended_10h,84,12.0,5.0,3.902367915501581,6.121454576009122
independent,recommended_10h,85,12.0,5.0,4.004515756816818,6.1937566194844695
independent,recommended_10h,86,12.0,5.0,4.108012691590446,6.293536409393741
independent,recommended_10h,87,12.0,5.0,4.214293977362504,6.376227374467169
independent,recommended_10h,88,12.0,5.0,4.317230927868065,6.453376246135112
independent,recommended_10h,89,12.0,5.0,4.42665482532878,6.506761214428947
independent,recommended_10h,90,12.0,5.0,4.53844704105586,6.58588703531815
independent,recommended_10h,91,12.0,5.0,4.650706482620803,6.650774590671049
independent,recommended_10h,92,12.0,5.0,4.760885370123247,6.714833666396913
independent,recommended_10h,93,12.0,5.0,4.867346663157024,6.766781790032583
independent,recommended_10h,94,12.0,5.0,4.973581078465461,6.812698213458646
independent,recommended_10h,95,12.0,5.0,5.07697542203287,6.889354550570781
independent,recommended_10h,96,12.0,5.0,5.175300708638253,6.945336878123465
independent,recommended_10h,97,12.0,5.0,5.262998212677683,6.998453847947639
independent,recommended_10h,98,12.0,5.0,5.3492010783454,7.058170579988476
independent,recommended_10h,99,12.0,5.0,5.42949231419898,7.100798227909766
independent,recommended_10h,100,12.0,5.0,5.506151326265241,7.143744032249244
independent,recommended_10h,20,12.0,12.0,0.9567178096463458,1.3645395137241945
independent,recommended_10h,21,12.0,12.0,1.0009616080169481,1.307726942635612
independent,recommended_10h,22,12.0,12.0,0.9911787222409707,1.5009195198021796
independent,recommended_10h,23,12.0,12.0,1.0722232000097254,1.5163984461056268
independent,recommended_10h,24,12.0,12.0,1.046159259349344,1.5418575397266876
independent,recommended_10h,25,12.0,12.0,1.0601321769140082,1.67058531540889
independent,recommended_10h,26,12.0,12.0,1.0558402612515172,1.6655179996251546
independent,recommended_10h,27,12.0,12.0,1.065204350331439,1.7020399064725522
independent,recommended_10h,28,12.0,12.0,1.0378233486376232,1.9259933131551055
independent,recommended_10h,29,12.0,12.0,1.0341939944705558,2.03734655500718
independent,recommended_10h,30,12.0,12.0,1.0402317761236013,2.184272583534108
independent,recommended_10h,31,12.0,12.0,1.0450454612849436,2.2304437048359826
independent,recommended_10h,32,12.0,12.0,1.0638431084138311,2.3859811963590882
independent,recommended_10h,33,12.0,12.0,1.085668371487003,2.3817772694642247
independent,recommended_10h,34,12.0,12.0,1.1153495931452984,2.4050173206351833
independent,recommended_10h,35,12.0,12.0,1.1410772353794174,2.4889060071355606
independent,recommended_10h,36,12.0,12.0,1.1747381130866819,2.5202457178971738
independent,recommended_10h,37,12.0,12.0,1.2065397681363166,2.5701159267855544
independent,recommended_10h,38,12.0,12.0,1.2311316886376877,2.6462951763622344
independent,recommended_10h,39,12.0,12.0,1.2339792898115487,2.726789397107532
independent,recommended_10h,40,12.0,12.0,1.2259187505911706,2.8378942482047087
independent,recommended_10h,41,12.0,12.0,1.2245422370909198,2.935478058050922
independent,recommended_10h,42,12.0,12.0,1.2489426184593144,3.001166772409536
independent,recommended_10h,43,12.0,12.0,1.2825380367245787,3.092311287735461
independent,recommended_10h,44,12.0,12.0,1.2925347126500508,3.1484835711244274
independent,recommended_10h,45,12.0,12.0,1.312508764944731,3.241262761834074
independent,recommended_10h,46,12.0,12.0,1.3141082964881257,3.3413627469725427
independent,recommended_10h,47,12.0,12.0,1.327296712454329,3.41782824696506
independent,recommended_10h,48,12.0,12.0,1.3326571344509208,3.5467074329540216
independent,recommended_10h,49,12.0,12.0,1.3348592040498541,3.6397630799913205
independent,recommended_10h,50,12.0,12.0,1.3517132530479037,3.7230600727853336
independent,recommended_10h,51,12.0,12.0,1.3876593611706234,3.8087762674315684
independent,recommended_10h,52,12.0,12.0,1.421031476700918,3.867300837543697
independent,recommended_10h,53,12.0,12.0,1.4570799467006346,3.95925363906644
independent,recommended_10h,54,12.0,12.0,1.4942564716943885,4.027831755402622
independent,recommended_10h,55,12.0,12.0,1.5232372975776176,4.045828443525901
independent,recommended_10h,56,12.0,12.0,1.5534395553168157,4.092195870443649
independent,recommended_10h,57,12.0,12.0,1.621814280202094,4.156972136627024
independent,recommended_10h,58,12.0,12.0,1.688469687282801,4.179159831680224
independent,recommended_10h,59,12.0,12.0,1.758305480539435,4.246356894389458
independent,recommended_10h,60,12.0,12.0,1.825447241226219,4.28315057827835
independent,recommended_10h,61,12.0,12.0,1.8968213276007395,4.3421315697607765
independent,recommended_10h,62,12.0,12.0,1.966189769411919,4.38539812190939
independent,recommended_10h,63,12.0,12.0,2.038490312880481,4.449245855907646
independent,recommended_10h,64,12.0,12.0,2.112079037182557,4.495234978902518
independent,recommended_10h,65,12.0,12.0,2.188003905529534,4.531773403395722
independent,recommended_10h,66,12.0,12.0,2.2643667492583397,4.598407256642645
independent,recommended_10h,67,12.0,12.0,2.346711631234766,4.670385587509052
independent,recommended_10h,68,12.0,12.0,2.42285060872387,4.74860754693196
independent,recommended_10h,69,12.0,12.0,2.503955848561601,4.843849698053027
independent,recommended_10h,70,12.0,12.0,2.5856999549846327,4.929315964618297
independent,recommended_10h,71,12.0,12.0,2.671148985165095,5.006835760906392
independent,recommended_10h,72,12.0,12.0,2.754830246019191,5.1011792164636915
independent,recommended_10h,73,12.0,12.0,2.840727237617524,5.203092117306807
independent,recommended_10h,74,12.0,12.0,2.931437157834771,5.293238694432545
independent,recommended_10h,75,12.0,12.0,3.025330962912176,5.395465689087375
independent,recommended_10h,76,12.0,12.0,3.1186154470892458,5.475680544693762
independent,recommended_10h,77,12.0,12.0,3.213942958177096,5.577204047690021
independent,recommended_10h,78,12.0,12.0,3.3079620349737437,5.661874374122311
independent,recommended_10h,79,12.0,12.0,3.4045195171000797,5.7322938157121195
independent,recommended_10h,80,12.0,12.0,3.501760362502515,5.813053775368426
independent,recommended_10h,81,12.0,12.0,3.6000137997631354,5.895586175650891
independent,recommended_10h,82,12.0,12.0,3.701287005974274,5.977153469051166
independent,recommended_10h,83,12.0,12.0,3.7988322325578583,6.039467420830125
independent,recommended_10h,84,12.0,12.0,3.902367915501581,6.121454576009078
independent,recommended_10h,85,12.0,12.0,4.004515756816818,6.1937566194844695
independent,recommended_10h,86,12.0,12.0,4.108012691590468,6.293536409393696
independent,recommended_10h,87,12.0,12.0,4.214293977362504,6.376227374467169
independent,recommended_10h,88,12.0,12.0,4.317230927868088,6.45337624613509
independent,recommended_10h,89,12.0,12.0,4.42665482532878,6.506761214428947
independent,recommended_10h,90,12.0,12.0,4.5384470410558375,6.58588703531815
independent,recommended_10h,91,12.0,12.0,4.6507064826208255,6.650774590671005
independent,recommended_10h,92,12.0,12.0,4.760885370123269,6.714833666396891
independent,recommended_10h,93,12.0,12.0,4.867346663157046,6.766781790032561
independent,recommended_10h,94,12.0,12.0,4.973581078465461,6.812698213458623
independent,recommended_10h,95,12.0,12.0,5.076975422032848,6.889354550570781
independent,recommended_10h,96,12.0,12.0,5.175300708638253,6.945336878123487
independent,recommended_10h,97,12.0,12.0,5.262998212677705,6.998453847947661
independent,recommended_10h,98,12.0,12.0,5.3492010783454,7.058170579988476
independent,recommended_10h,99,12.0,12.0,5.429492314199003,7.100798227909744
independent,recommended_10h,100,12.0,12.0,5.506151326265263,7.1437440322492
independent,recommended_10h,20,24.0,1.0,0.9567178096463458,1.3645395137241723
independent,recommended_10h,21,24.0,1.0,1.0009616080169481,1.307726942635612
independent,recommended_10h,22,24.0,1.0,0.9911787222409485,1.5009195198021574
independent,recommended_10h,23,24.0,1.0,1.0722232000097254,1.5163984461056046
independent,recommended_10h,24,24.0,1.0,1.046159259349344,1.5418575397266876
independent,recommended_10h,25,24.0,1.0,1.060132176913986,1.670585315408868
independent,recommended_10h,26,24.0,1.0,1.0558402612515394,1.6655179996251324
independent,recommended_10h,27,24.0,1.0,1.065204350331439,1.7020399064725522
independent,recommended_10h,28,24.0,1.0,1.0378233486376454,1.9259933131551277
independent,recommended_10h,29,24.0,1.0,1.0341939944705558,2.0373465550072023
independent,recommended_10h,30,24.0,1.0,1.040231776123579,2.184272583534086
independent,recommended_10h,31,24.0,1.0,1.0450454612849214,2.2304437048359826
independent,recommended_10h,32,24.0,1.0,1.0638431084138755,2.3859811963591104
independent,recommended_10h,33,24.0,1.0,1.085668371487003,2.381777269464247
independent,recommended_10h,34,24.0,1.0,1.1153495931453206,2.4050173206351833
independent,recommended_10h,35,24.0,1.0,1.1410772353794396,2.4889060071355606
independent,recommended_10h,36,24.0,1.0,1.1747381130866819,2.520245717897196
independent,recommended_10h,37,24.0,1.0,1.2065397681363166,2.5701159267855322
independent,recommended_10h,38,24.0,1.0,1.2311316886376655,2.6462951763622122
independent,recommended_10h,39,24.0,1.0,1.233979289811571,2.7267893971075097
independent,recommended_10h,40,24.0,1.0,1.2259187505911706,2.8378942482047087
independent,recommended_10h,41,24.0,1.0,1.224542237090942,2.9354780580509
independent,recommended_10h,42,24.0,1.0,1.2489426184593144,3.001166772409536
independent,recommended_10h,43,24.0,1.0,1.2825380367246009,3.0923112877354386
independent,recommended_10h,44,24.0,1.0,1.2925347126500286,3.1484835711244497
independent,recommended_10h,45,24.0,1.0,1.312508764944753,3.241262761834074
independent,recommended_10h,46,24.0,1.0,1.3141082964881257,3.3413627469725427
independent,recommended_10h,47,24.0,1.0,1.327296712454329,3.417828246965038
independent,recommended_10h,48,24.0,1.0,1.3326571344508986,3.546707432954044
independent,recommended_10h,49,24.0,1.0,1.334859204049832,3.6397630799913205
independent,recommended_10h,50,24.0,1.0,1.3517132530478815,3.723060072785356
independent,recommended_10h,51,24.0,1.0,1.3876593611706012,3.8087762674315684
independent,recommended_10h,52,24.0,1.0,1.4210314767009402,3.8673008375436746
independent,recommended_10h,53,24.0,1.0,1.4570799467006346,3.9592536390663957
independent,recommended_10h,54,24.0,1.0,1.4942564716944107,4.027831755402622
independent,recommended_10h,55,24.0,1.0,1.5232372975776176,4.0458284435258784
independent,recommended_10h,56,24.0,1.0,1.5534395553168157,4.092195870443649
independent,recommended_10h,57,24.0,1.0,1.6218142802020719,4.156972136627024
independent,recommended_10h,58,24.0,1.0,1.6884696872827787,4.179159831680224
independent,recommended_10h,59,24.0,1.0,1.758305480539435,4.24635689438948
independent,recommended_10h,60,24.0,1.0,1.8254472412262412,4.283150578278372
independent,recommended_10h,61,24.0,1.0,1.8968213276007395,4.342131569760799
independent,recommended_10h,62,24.0,1.0,1.9661897694118968,4.385398121909434
independent,recommended_10h,63,24.0,1.0,2.038490312880459,4.449245855907646
independent,recommended_10h,64,24.0,1.0,2.112079037182535,4.49523497890254
independent,recommended_10h,65,24.0,1.0,2.188003905529512,4.531773403395745
independent,recommended_10h,66,24.0,1.0,2.264366749258384,4.5984072566426
independent,recommended_10h,67,24.0,1.0,2.3467116312347436,4.670385587509096
independent,recommended_10h,68,24.0,1.0,2.422850608723892,4.748607546931938
independent,recommended_10h,69,24.0,1.0,2.5039558485615565,4.843849698053049
independent,recommended_10h,70,24.0,1.0,2.5856999549846327,4.929315964618253
independent,recommended_10h,71,24.0,1.0,2.671148985165117,5.00683576090637
independent,recommended_10h,72,24.0,1.0,2.754830246019191,5.101179216463647
independent,recommended_10h,73,24.0,1.0,2.8407272376174797,5.203092117306807
independent,recommended_10h,74,24.0,1.0,2.931437157834771,5.293238694432523
independent,recommended_10h,75,24.0,1.0,3.0253309629121095,5.395465689087375
independent,recommended_10h,76,24.0,1.0,3.1186154470892458,5.475680544693717
independent,recommended_10h,77,24.0,1.0,3.213942958177052,5.577204047690043
independent,recommended_10h,78,24.0,1.0,3.307962034973766,5.661874374122289
independent,recommended_10h,79,24.0,1.0,3.4045195171000575,5.732293815712097
independent,recommended_10h,80,24.0,1.0,3.5017603625025373,5.81305377536836
independent,recommended_10h,81,24.0,1.0,3.6000137997631576,5.895586175650891
independent,recommended_10h,82,24.0,1.0,3.7012870059742964,5.977153469051144
independent,recommended_10h,83,24.0,1.0,3.798832232557836,6.039467420830125
independent,recommended_10h,84,24.0,1.0,3.902367915501581,6.1214545760091
independent,recommended_10h,85,24.0,1.0,4.00451575681684,6.1937566194844695
independent,recommended_10h,86,24.0,1.0,4.108012691590446,6.2935364093937185
independent,recommended_10h,87,24.0,1.0,4.214293977362482,6.376227374467192
independent,recommended_10h,88,24.0,1.0,4.317230927868065,6.45337624613509
independent,recommended_10h,89,24.0,1.0,4.426654825328802,6.506761214428902
independent,recommended_10h,90,24.0,1.0,4.53844704105586,6.585887035318105
independent,recommended_10h,91,24.0,1.0,4.650706482620803,6.650774590671005
independent,recommended_10h,92,24.0,1.0,4.760885370123269,6.714833666396869
independent,recommended_10h,93,24.0,1.0,4.8673466631570905,6.766781790032561
independent,recommended_10h,94,24.0,1.0,4.973581078465461,6.812698213458601
independent,recommended_10h,95,24.0,1.0,5.07697542203287,6.889354550570781
independent,recommended_10h,96,24.0,1.0,5.175300708638253,6.945336878123443
independent,recommended_10h,97,24.0,1.0,5.262998212677705,6.998453847947639
independent,recommended_10h,98,24.0,1.0,5.3492010783454,7.058170579988476
independent,recommended_10h,99,24.0,1.0,5.429492314199003,7.1007982279097215
independent,recommended_10h,100,24.0,1.0,5.506151326265241,7.143744032249244
independent,recommended_10h,20,24.0,5.0,0.9567178096463458,1.3645395137241723
independent,recommended_10h,21,24.0,5.0,1.000961608016926,1.307726942635612
independent,recommended_10h,22,24.0,5.0,0.9911787222409485,1.5009195198021796
independent,recommended_10h,23,24.0,5.0,1.0722232000097032,1.5163984461056268
independent,recommended_10h,24,24.0,5.0,1.046159259349344,1.5418575397266876
independent,recommended_10h,25,24.0,5.0,1.0601321769140304,1.67058531540889
independent,recommended_10h,26,24.0,5.0,1.0558402612515616,1.6655179996251324
independent,recommended_10h,27,24.0,5.0,1.0652043503314168,1.7020399064725744
independent,recommended_10h,28,24.0,5.0,1.0378233486376232,1.9259933131551499
independent,recommended_10h,29,24.0,5.0,1.034193994470578,2.03734655500718
independent,recommended_10h,30,24.0,5.0,1.0402317761236013,2.184272583534108
independent,recommended_10h,31,24.0,5.0,1.0450454612849214,2.2304437048359604
independent,recommended_10h,32,24.0,5.0,1.0638431084138755,2.3859811963591104
independent,recommended_10h,33,24.0,5.0,1.0856683714869808,2.381777269464247
independent,recommended_10h,34,24.0,5.0,1.1153495931453206,2.4050173206351833
independent,recommended_10h,35,24.0,5.0,1.1410772353794396,2.4889060071355606
independent,recommended_10h,36,24.0,5.0,1.1747381130866819,2.5202457178971738
independent,recommended_10h,37,24.0,5.0,1.2065397681363388,2.5701159267855544
independent,recommended_10h,38,24.0,5.0,1.2311316886376877,2.6462951763622344
independent,recommended_10h,39,24.0,5.0,1.2339792898115487,2.7267893971074875
independent,recommended_10h,40,24.0,5.0,1.2259187505911484,2.8378942482047087
independent,recommended_10h,41,24.0,5.0,1.2245422370909198,2.9354780580509
independent,recommended_10h,42,24.0,5.0,1.2489426184593144,3.001166772409558
independent,recommended_10h,43,24.0,5.0,1.2825380367245787,3.0923112877354386
independent,recommended_10h,44,24.0,5.0,1.2925347126500508,3.1484835711244497
independent,recommended_10h,45,24.0,5.0,1.312508764944731,3.2412627618340517
independent,recommended_10h,46,24.0,5.0,1.3141082964881257,3.3413627469725204
independent,recommended_10h,47,24.0,5.0,1.327296712454329,3.41782824696506
independent,recommended_10h,48,24.0,5.0,1.3326571344509208,3.5467074329540216
independent,recommended_10h,49,24.0,5.0,1.334859204049832,3.6397630799913205
independent,recommended_10h,50,24.0,5.0,1.3517132530479037,3.723060072785356
independent,recommended_10h,51,24.0,5.0,1.3876593611706456,3.8087762674315018
independent,recommended_10h,52,24.0,5.0,1.4210314767009402,3.867300837543719
independent,recommended_10h,53,24.0,5.0,1.457079946700679,3.959253639066418
independent,recommended_10h,54,24.0,5.0,1.4942564716944329,4.027831755402578
independent,recommended_10h,55,24.0,5.0,1.5232372975776398,4.0458284435258784
independent,recommended_10h,56,24.0,5.0,1.5534395553168379,4.092195870443671
independent,recommended_10h,57,24.0,5.0,1.621814280202094,4.156972136627024
independent,recommended_10h,58,24.0,5.0,1.688469687282801,4.179159831680224
independent,recommended_10h,59,24.0,5.0,1.758305480539435,4.24635689438948
independent,recommended_10h,60,24.0,5.0,1.8254472412262412,4.283150578278372
independent,recommended_10h,61,24.0,5.0,1.8968213276007617,4.3421315697607765
independent,recommended_10h,62,24.0,5.0,1.9661897694118968,4.385398121909434
independent,recommended_10h,63,24.0,5.0,2.038490312880481,4.449245855907646
independent,recommended_10h,64,24.0,5.0,2.112079037182557,4.49523497890254
independent,recommended_10h,65,24.0,5.0,2.188003905529512,4.531773403395767
independent,recommended_10h,66,24.0,5.0,2.264366749258384,4.598407256642667
independent,recommended_10h,67,24.0,5.0,2.3467116312347436,4.670385587509096
independent,recommended_10h,68,24.0,5.0,2.4228506087238477,4.74860754693196
independent,recommended_10h,69,24.0,5.0,2.5039558485615787,4.843849698053071
independent,recommended_10h,70,24.0,5.0,2.5856999549846105,4.929315964618319
independent,recommended_10h,71,24.0,5.0,2.6711489851651393,5.006835760906392
independent,recommended_10h,72,24.0,5.0,2.754830246019191,5.101179216463669
independent,recommended_10h,73,24.0,5.0,2.840727237617502,5.203092117306807
independent,recommended_10h,74,24.0,5.0,2.931437157834793,5.293238694432523
independent,recommended_10h,75,24.0,5.0,3.0253309629121317,5.395465689087442
independent,recommended_10h,76,24.0,5.0,3.118615447089268,5.4756805446937395
independent,recommended_10h,77,24.0,5.0,3.213942958177096,5.577204047690021
independent,recommended_10h,78,24.0,5.0,3.3079620349737437,5.661874374122355
independent,recommended_10h,79,24.0,5.0,3.4045195171000575,5.7322938157121195
independent,recommended_10h,80,24.0,5.0,3.5017603625025373,5.813053775368404
independent,recommended_10h,81,24.0,5.0,3.600013799763202,5.895586175650869
independent,recommended_10h,82,24.0,5.0,3.701287005974341,5.977153469051144
independent,recommended_10h,83,24.0,5.0,3.7988322325578805,6.039467420830125
independent,recommended_10h,84,24.0,5.0,3.9023679155016033,6.121454576009122
independent,recommended_10h,85,24.0,5.0,4.004515756816818,6.193756619484447
independent,recommended_10h,86,24.0,5.0,4.10801269159049,6.2935364093937185
independent,recommended_10h,87,24.0,5.0,4.2142939773625265,6.376227374467169
independent,recommended_10h,88,24.0,5.0,4.317230927868088,6.453376246135112
independent,recommended_10h,89,24.0,5.0,4.426654825328802,6.506761214428924
independent,recommended_10h,90,24.0,5.0,4.53844704105586,6.58588703531815
independent,recommended_10h,91,24.0,5.0,4.650706482620803,6.650774590671027
independent,recommended_10h,92,24.0,5.0,4.760885370123269,6.714833666396891
independent,recommended_10h,93,24.0,5.0,4.867346663157046,6.766781790032583
independent,recommended_10h,94,24.0,5.0,4.973581078465483,6.812698213458623
independent,recommended_10h,95,24.0,5.0,5.07697542203287,6.889354550570759
independent,recommended_10h,96,24.0,5.0,5.175300708638275,6.945336878123443
independent,recommended_10h,97,24.0,5.0,5.262998212677705,6.998453847947661
independent,recommended_10h,98,24.0,5.0,5.3492010783454,7.058170579988476
independent,recommended_10h,99,24.0,5.0,5.42949231419898,7.1007982279097215
independent,recommended_10h,100,24.0,5.0,5.506151326265263,7.143744032249222
independent,recommended_10h,20,24.0,12.0,0.956717809646368,1.3645395137241945
independent,recommended_10h,21,24.0,12.0,1.000961608016926,1.3077269426355898
independent,recommended_10h,22,24.0,12.0,0.9911787222409707,1.5009195198021574
independent,recommended_10h,23,24.0,12.0,1.0722232000097476,1.5163984461056046
independent,recommended_10h,24,24.0,12.0,1.046159259349344,1.5418575397266654
independent,recommended_10h,25,24.0,12.0,1.0601321769140082,1.670585315408868
independent,recommended_10h,26,24.0,12.0,1.0558402612515394,1.6655179996251324
independent,recommended_10h,27,24.0,12.0,1.0652043503314168,1.7020399064725522
independent,recommended_10h,28,24.0,12.0,1.0378233486376232,1.9259933131551277
independent,recommended_10h,29,24.0,12.0,1.0341939944705558,2.0373465550072023
independent,recommended_10h,30,24.0,12.0,1.040231776123579,2.184272583534108
independent,recommended_10h,31,24.0,12.0,1.0450454612849436,2.2304437048359826
independent,recommended_10h,32,24.0,12.0,1.0638431084138755,2.3859811963591104
independent,recommended_10h,33,24.0,12.0,1.085668371487003,2.381777269464247
independent,recommended_10h,34,24.0,12.0,1.1153495931452984,2.4050173206352055
independent,recommended_10h,35,24.0,12.0,1.1410772353794396,2.4889060071355606
independent,recommended_10h,36,24.0,12.0,1.1747381130866597,2.520245717897196
independent,recommended_10h,37,24.0,12.0,1.2065397681363388,2.5701159267855544
independent,recommended_10h,38,24.0,12.0,1.2311316886376877,2.6462951763622122
independent,recommended_10h,39,24.0,12.0,1.2339792898115487,2.726789397107532
independent,recommended_10h,40,24.0,12.0,1.2259187505911484,2.8378942482047087
independent,recommended_10h,41,24.0,12.0,1.2245422370909198,2.935478058050922
independent,recommended_10h,42,24.0,12.0,1.2489426184593366,3.001166772409536
independent,recommended_10h,43,24.0,12.0,1.2825380367246009,3.0923112877354386
independent,recommended_10h,44,24.0,12.0,1.2925347126500064,3.1484835711244497
independent,recommended_10h,45,24.0,12.0,1.312508764944753,3.241262761834074
independent,recommended_10h,46,24.0,12.0,1.3141082964881257,3.3413627469725204
independent,recommended_10h,47,24.0,12.0,1.327296712454329,3.41782824696506
independent,recommended_10h,48,24.0,12.0,1.3326571344509208,3.5467074329540216
independent,recommended_10h,49,24.0,12.0,1.334859204049832,3.6397630799913427
independent,recommended_10h,50,24.0,12.0,1.3517132530478815,3.723060072785378
independent,recommended_10h,51,24.0,12.0,1.3876593611706012,3.8087762674315684
independent,recommended_10h,52,24.0,12.0,1.421031476700918,3.867300837543719
independent,recommended_10h,53,24.0,12.0,1.4570799467005902,3.95925363906644
independent,recommended_10h,54,24.0,12.0,1.4942564716944329,4.0278317554026
independent,recommended_10h,55,24.0,12.0,1.5232372975775954,4.0458284435258784
independent,recommended_10h,56,24.0,12.0,1.5534395553168379,4.092195870443627
independent,recommended_10h,57,24.0,12.0,1.621814280202094,4.156972136627002
independent,recommended_10h,58,24.0,12.0,1.688469687282801,4.179159831680224
independent,recommended_10h,59,24.0,12.0,1.758305480539435,4.246356894389458
independent,recommended_10h,60,24.0,12.0,1.8254472412262412,4.28315057827835
independent,recommended_10h,61,24.0,12.0,1.896821327600784,4.342131569760754
independent,recommended_10h,62,24.0,12.0,1.9661897694118746,4.385398121909412
independent,recommended_10h,63,24.0,12.0,2.038490312880481,4.449245855907646
independent,recommended_10h,64,24.0,12.0,2.1120790371825793,4.495234978902518
independent,recommended_10h,65,24.0,12.0,2.1880039055294898,4.531773403395767
independent,recommended_10h,66,24.0,12.0,2.264366749258384,4.598407256642623
independent,recommended_10h,67,24.0,12.0,2.3467116312347214,4.670385587509096
independent,recommended_10h,68,24.0,12.0,2.422850608723892,4.74860754693196
independent,recommended_10h,69,24.0,12.0,2.5039558485615787,4.843849698053027
independent,recommended_10h,70,24.0,12.0,2.5856999549846327,4.929315964618297
independent,recommended_10h,71,24.0,12.0,2.6711489851651393,5.006835760906392
independent,recommended_10h,72,24.0,12.0,2.754830246019191,5.101179216463669
independent,recommended_10h,73,24.0,12.0,2.8407272376174797,5.203092117306851
independent,recommended_10h,74,24.0,12.0,2.931437157834771,5.293238694432545
independent,recommended_10h,75,24.0,12.0,3.025330962912154,5.39546568908742
independent,recommended_10h,76,24.0,12.0,3.1186154470892458,5.475680544693762
independent,recommended_10h,77,24.0,12.0,3.213942958177074,5.577204047690065
independent,recommended_10h,78,24.0,12.0,3.307962034973766,5.661874374122311
independent,recommended_10h,79,24.0,12.0,3.4045195171000797,5.7322938157121195
independent,recommended_10h,80,24.0,12.0,3.5017603625025373,5.813053775368404
independent,recommended_10h,81,24.0,12.0,3.6000137997631576,5.895586175650869
independent,recommended_10h,82,24.0,12.0,3.701287005974274,5.9771534690511885
independent,recommended_10h,83,24.0,12.0,3.7988322325578805,6.039467420830125
independent,recommended_10h,84,24.0,12.0,3.902367915501581,6.121454576009122
independent,recommended_10h,85,24.0,12.0,4.00451575681684,6.1937566194844695
independent,recommended_10h,86,24.0,12.0,4.108012691590468,6.293536409393674
independent,recommended_10h,87,24.0,12.0,4.214293977362504,6.376227374467125
independent,recommended_10h,88,24.0,12.0,4.317230927868088,6.45337624613509
independent,recommended_10h,89,24.0,12.0,4.42665482532878,6.506761214428947
independent,recommended_10h,90,24.0,12.0,4.53844704105586,6.585887035318128
independent,recommended_10h,91,24.0,12.0,4.650706482620781,6.650774590671027
independent,recommended_10h,92,24.0,12.0,4.760885370123247,6.714833666396869
independent,recommended_10h,93,24.0,12.0,4.867346663157046,6.766781790032583
independent,recommended_10h,94,24.0,12.0,4.973581078465483,6.812698213458601
independent,recommended_10h,95,24.0,12.0,5.07697542203287,6.889354550570759
independent,recommended_10h,96,24.0,12.0,5.175300708638253,6.945336878123465
independent,recommended_10h,97,24.0,12.0,5.262998212677683,6.998453847947661
independent,recommended_10h,98,24.0,12.0,5.3492010783454,7.058170579988476
independent,recommended_10h,99,24.0,12.0,5.42949231419898,7.100798227909744
independent,recommended_10h,100,24.0,12.0,5.506151326265263,7.143744032249222
