level,class,hp,mp,dex,cha,cap_h,capacity_bonus_h,proc_bonus_pp,raw_proc_pct,search_s,search_reduction_pct,sale_bonus_pct,variant
1,CLERIC,8.5,10.25,11.0,12.25,8.047400813756562,0.04740081375656224,0.10784305695925762,9.357843056959258,4.8218871124031,3.5622577519379846,5.669642857142857,prior
1,MAGE,6.5,10.25,11.0,12.25,8.036446325739432,0.036446325739431185,0.10784305695925762,9.607843056959258,4.8218871124031,3.5622577519379846,5.669642857142857,prior
1,PALADIN,10.5,8.25,11.0,12.25,8.058233750529464,0.05823375052946389,0.08702620379490086,9.5870262037949,4.8218871124031,3.5622577519379846,5.669642857142857,prior
1,RANGER,10.5,8.25,11.0,12.25,8.058233750529464,0.05823375052946389,0.08702620379490086,9.3370262037949,4.8218871124031,3.5622577519379846,5.669642857142857,prior
1,ROGUE,8.5,6.25,11.0,12.25,8.047400813756562,0.04740081375656224,0.06609924427813975,9.316099244278139,4.8218871124031,3.5622577519379846,5.669642857142857,prior
1,WARRIOR,10.5,4.25,11.0,12.25,8.058233750529464,0.05823375052946389,0.04506130251424982,9.545061302514249,4.8218871124031,3.5622577519379846,5.669642857142857,prior
2,CLERIC,15.0,16.0,11.25,12.25,8.082141217280885,0.08214121728088575,0.167075128497806,9.417075128497805,4.8184185606060606,3.631628787878788,5.669642857142857,prior
2,MAGE,13.0,16.0,11.25,12.25,8.071573939413291,0.07157393941329149,0.167075128497806,9.667075128497807,4.8184185606060606,3.631628787878788,5.669642857142857,prior
2,PALADIN,17.0,14.0,11.25,12.5,8.092593311365253,0.0925933113652535,0.1465699492305579,9.896569949230559,4.8184185606060606,3.631628787878788,5.740665584415584,prior
2,RANGER,17.0,14.0,12.0,12.25,8.092593311365253,0.0925933113652535,0.1465699492305579,9.396569949230557,4.809143698240166,3.8171260351966874,5.669642857142857,prior
2,ROGUE,15.0,12.0,12.0,12.25,8.082141217280885,0.08214121728088575,0.12595713011762238,9.625957130117623,4.809143698240166,3.8171260351966874,5.669642857142857,prior
2,WARRIOR,17.0,10.0,11.25,12.25,8.092593311365253,0.0925933113652535,0.10523582135901974,9.60523582135902,4.8184185606060606,3.631628787878788,5.669642857142857,prior
3,CLERIC,27.5,27.75,11.75,12.75,8.145443586329648,0.1454435863296486,0.28529643534108384,9.535296435341083,4.81294981060606,3.741003787878788,5.800189393939394,prior
3,MAGE,25.5,27.75,11.75,12.75,8.135563078358317,0.13556307835831616,0.28529643534108384,10.035296435341085,4.81294981060606,3.741003787878788,5.800189393939394,prior
3,PALADIN,29.5,26.5,11.75,13.25,8.15520749844122,0.15520749844121973,0.2729911763437728,10.022991176343773,4.81294981060606,3.741003787878788,5.938057040998218,prior
3,RANGER,29.75,25.75,13.25,12.5,8.156441447674714,0.1564414476747138,0.2654060351362345,9.765406035136236,4.795252557544757,4.094948849104859,5.740665584415584,prior
3,ROGUE,25.75,24.25,12.75,12.25,8.136646121899293,0.1366461218992936,0.25040760863406614,10.250407608634067,4.800147845909872,3.9970430818025635,5.669642857142857,prior
3,WARRIOR,30.25,22.5,11.75,12.25,8.158931270739695,0.1589312707396946,0.2329804745091639,9.982980474509164,4.81294981060606,3.741003787878788,5.669642857142857,prior
4,CLERIC,33.5,35.0,12.0,13.0,8.174227447659993,0.1742274476599932,0.3565454672884532,9.856545467288452,4.810376281194296,3.792474376114082,5.86703431372549,prior
4,MAGE,31.5,35.0,12.0,13.0,8.164650811825762,0.16465081182576302,0.3565454672884532,10.106545467288454,4.810376281194296,3.792474376114082,5.86703431372549,prior
4,PALADIN,35.5,33.25,12.0,14.0,8.18369878127192,0.1836987812719193,0.33958325946837276,10.089583259468373,4.810376281194296,3.792474376114082,6.124233477174654,prior
4,RANGER,35.75,32.25,14.25,13.0,8.184888348578015,0.18488834857801528,0.3297025850890315,10.079702585089032,4.784133712814095,4.317325743718109,5.86703431372549,prior
4,ROGUE,32.25,29.75,13.5,12.25,8.168188996379964,0.16818899637996365,0.30506575662777835,10.30506575662778,4.791860361165742,4.162792776685142,5.669642857142857,prior
4,WARRIOR,36.75,29.25,12.0,12.5,8.1897441794037,0.18974417940370047,0.30026097850502537,10.300260978505026,4.810376281194296,3.792474376114082,5.740665584415584,prior
5,CLERIC,38.5,42.0,12.0,13.0,8.19753668677161,0.19753668677160974,0.42415195594245925,10.42415195594246,4.810376281194296,3.792474376114082,5.86703431372549,prior
5,MAGE,36.5,42.0,12.0,13.0,8.188202637057598,0.18820263705759865,0.42415195594245925,10.17415195594246,4.810376281194296,3.792474376114082,5.86703431372549,prior
5,PALADIN,41.25,40.0,12.25,15.0,8.210029154900525,0.21002915490052576,0.4049721342803774,10.404972134280378,4.807586102622867,3.8482779475426536,6.380770474573531,prior
5,RANGER,41.25,38.75,14.5,13.25,8.210217913089217,0.21021791308921722,0.3929511655482384,10.39295116554824,4.781224803239626,4.375503935207471,5.923340620031796,prior
5,ROGUE,39.0,35.5,14.0,12.75,8.199684064710127,0.199684064710127,0.36132721042932,10.361327210429321,4.786476904079962,4.270461918400748,5.821310745705906,prior
5,WARRIOR,43.0,36.0,12.25,12.75,8.21831211500465,0.21831211500465075,0.3663196586584955,10.366319658658496,4.807586102622867,3.8482779475426536,5.80751050420168,prior
6,CLERIC,51.0,56.5,12.0,13.25,8.253571652444187,0.2535716524441862,0.5602727057216743,10.810272705721676,4.810376281194296,3.792474376114082,5.930059523809524,prior
6,MAGE,49.0,56.5,12.0,13.25,8.244809591501443,0.24480959150144344,0.5602727057216743,10.810272705721674,4.810376281194296,3.792474376114082,5.930059523809524,prior
6,PALADIN,56.0,52.25,12.25,16.0,8.274905319434296,0.2749053194342963,0.520783043708607,11.020783043708608,4.807586102622867,3.8482779475426536,6.622812716562716,prior
6,RANGER,54.75,51.75,16.25,13.5,8.26980863491448,0.26980863491448037,0.5163274801448493,10.76632748014485,4.7637028769841265,4.7259424603174605,5.98636583011583,prior
6,ROGUE,52.25,47.5,15.5,12.75,8.25890004763393,0.25890004763393026,0.4759544903667267,10.725954490366727,4.771215503246753,4.5756899350649345,5.821310745705906,prior
6,WARRIOR,59.25,48.25,12.25,13.0,8.289058496201706,0.28905849620170576,0.48330243802379014,10.98330243802379,4.807586102622867,3.8482779475426536,5.8705357142857135,prior
7,CLERIC,56.5,63.25,12.0,13.75,8.277085812023461,0.27708581202346094,0.6219757869688151,10.871975786968815,4.810376281194296,3.792474376114082,6.070228494623656,prior
7,MAGE,54.5,63.25,12.0,13.75,8.268558094400012,0.2685580944000123,0.6219757869688151,11.121975786968815,4.810376281194296,3.792474376114082,6.070228494623656,prior
7,PALADIN,62.5,58.75,12.75,16.5,8.302063001518109,0.30206300151810916,0.5807964628816321,11.080796462881633,4.801941265256483,3.9611746948703472,6.724232456140351,prior
7,RANGER,60.5,58.25,16.5,14.0,8.293899847752716,0.2938998477527166,0.5764554306652826,10.826455430665284,4.761024305555555,4.779513888888889,6.126534800929962,prior
7,ROGUE,58.25,54.75,16.5,12.75,8.284298092450511,0.2842980924505114,0.5435011205449609,10.793501120544962,4.761042542016806,4.7791491596638656,5.821310745705906,prior
7,WARRIOR,66.75,54.75,12.75,13.0,8.319839107454932,0.31983910745493294,0.5439159285461844,11.043915928546184,4.801941265256483,3.9611746948703472,5.8705357142857135,prior
8,CLERIC,62.75,70.75,12.0,14.0,8.303024949811025,0.303024949811026,0.6893346045995997,10.939334604599601,4.810376281194296,3.792474376114082,6.1412512218963835,prior
8,MAGE,60.75,70.75,12.0,14.0,8.294751917979466,0.29475191797946687,0.6893346045995997,11.189334604599601,4.810376281194296,3.792474376114082,6.1412512218963835,prior
8,PALADIN,69.75,64.25,13.0,16.75,8.33145070784253,0.3314507078425297,0.6306888522258546,11.130688852225855,4.799560096896541,4.008798062069186,6.774839743589744,prior
8,RANGER,66.25,64.75,17.25,14.25,8.317285761909586,0.31728576190958657,0.6356200989193046,10.885620098919306,4.753451001612766,4.9309799677446735,6.197557528202689,prior
8,ROGUE,65.0,61.25,17.5,13.25,8.312061467837335,0.31206146783733546,0.6029385172951481,10.852938517295149,4.751259972612527,4.974800547749465,5.959178392764731,prior
8,WARRIOR,75.0,60.25,13.0,13.0,8.352487521818132,0.35248752181813225,0.5943027915726107,11.094302791572611,4.799560096896541,4.008798062069186,5.8705357142857135,prior
9,CLERIC,76.0,87.25,12.5,14.25,8.355155981319118,0.3551559813191174,0.8332710836713088,11.33327108367131,4.805520565323041,3.889588693539165,6.2168560606060606,prior
9,MAGE,74.0,87.25,12.5,14.25,8.347381408337874,0.347381408337875,0.8332710836713091,11.58327108367131,4.805520565323041,3.889588693539165,6.2168560606060606,prior
9,PALADIN,82.25,77.5,13.5,18.25,8.379358718668197,0.3793587186681959,0.748345761257561,11.49834576125756,4.7943079960562045,4.113840078875908,7.095051931380557,prior
9,RANGER,79.5,79.5,19.0,14.75,8.368563201611147,0.36856320161114686,0.7663883175151265,11.266388317515126,4.736872225305216,5.262555493895672,6.326505183413078,prior
9,ROGUE,77.0,73.75,18.5,14.0,8.359331498598552,0.35933149859855185,0.7153633855821718,11.215363385582172,4.742126252578839,5.157474948423224,6.161151960784314,prior
9,WARRIOR,90.5,73.5,13.5,13.5,8.41016533137793,0.41016533137793054,0.7131134035820278,11.713113403582028,4.7943079960562045,4.113840078875908,6.022203602848764,prior
10,CLERIC,81.75,96.5,12.75,14.25,8.376846111753952,0.37684611175395233,0.911474398427724,11.411474398427725,4.802206171383648,3.955876572327044,6.2168560606060606,prior
10,MAGE,79.75,96.5,12.75,14.25,8.369274648480255,0.3692746484802556,0.9114743984277238,11.661474398427725,4.802206171383648,3.955876572327044,6.2168560606060606,prior
10,PALADIN,88.75,83.5,13.5,19.25,8.403490716874082,0.40349071687408067,0.800486677384269,11.550486677384269,4.7943079960562045,4.113840078875908,7.297586384787346,prior
10,RANGER,85.75,87.0,19.75,15.0,8.391712828870675,0.3917128288706757,0.8311528046176998,11.3311528046177,4.729960588381331,5.400788232373386,6.377112470862471,prior
10,ROGUE,83.75,80.5,19.5,14.0,8.384797495763426,0.38479749576342615,0.7745767415687856,11.774576741568787,4.733044220682721,5.339115586345594,6.161151960784314,prior
10,WARRIOR,98.5,79.5,13.5,14.0,8.438590568613312,0.438590568613312,0.7657600685658742,11.765760068565875,4.7943079960562045,4.113840078875908,6.14857233215867,prior
11,CLERIC,88.0,104.75,12.75,14.5,8.399620891910997,0.39962089191099714,0.9796059018550538,11.479605901855054,4.802206171383648,3.955876572327044,6.283700980392156,prior
11,MAGE,86.0,104.75,12.75,14.5,8.392259060269264,0.3922590602692644,0.9796059018550538,11.979605901855054,4.802206171383648,3.955876572327044,6.283700980392156,prior
11,PALADIN,95.5,90.0,14.0,20.0,8.427458646554808,0.42745864655480803,0.8561287226882732,11.856128722688274,4.7887980646410995,4.224038707178008,7.468212327472112,prior
11,RANGER,92.5,93.25,19.75,15.5,8.415874300162798,0.41587430016279914,0.88408665614721,11.384086656147211,4.729960588381331,5.400788232373386,6.49203431372549,prior
11,ROGUE,91.0,86.75,20.0,14.25,8.411140884486013,0.4111408844860125,0.8284598262455571,11.828459826245556,4.7282766962322045,5.434466075355906,6.224177170868347,prior
11,WARRIOR,106.75,86.0,14.0,14.25,8.4665685762617,0.46656857626169934,0.8219377607600067,11.821937760760006,4.7887980646410995,4.224038707178008,6.224177170868347,prior
12,CLERIC,95.25,113.75,12.75,15.25,8.42560600778696,0.425606007786961,1.052777323765615,12.052777323765616,4.802206171383648,3.955876572327044,6.474055224055224,prior
12,MAGE,93.25,113.75,12.75,15.25,8.41848152643154,0.41848152643154,1.0527773237656146,12.052777323765614,4.802206171383648,3.955876572327044,6.474055224055224,prior
12,PALADIN,102.75,96.5,14.0,20.0,8.452477350118349,0.4524773501183481,0.9106855286099419,12.160685528609942,4.7887980646410995,4.224038707178008,7.468212327472112,prior
12,RANGER,100.0,101.0,20.25,16.0,8.442237799226719,0.442237799226719,0.9488262761839839,11.698826276183985,4.725611690389496,5.487766192210085,6.626082251082251,prior
12,ROGUE,97.5,93.25,20.25,14.5,8.434147271552387,0.43414727155238797,0.8836489467470329,11.883648946747034,4.7260671002726085,5.478657994547825,6.2872023809523805,prior
12,WARRIOR,116.0,92.5,14.0,14.25,8.496846323394209,0.49684632339420975,0.8770145956735353,12.127014595673536,4.7887980646410995,4.224038707178008,6.224177170868347,prior
13,CLERIC,109.75,132.25,13.25,15.25,8.475287310457716,0.4752873104577171,1.1980439229202322,12.448043922920233,4.795865591673503,4.082688166529942,6.474055224055224,prior
13,MAGE,107.75,132.25,13.25,15.25,8.468606457268299,0.46860645726829864,1.1980439229202322,12.698043922920231,4.795865591673503,4.082688166529942,6.474055224055224,prior
13,PALADIN,115.5,109.25,14.0,22.0,8.49438573267609,0.49438573267609076,1.01569543003585,12.26569543003585,4.7887980646410995,4.224038707178008,7.836802071061856,prior
13,RANGER,114.5,116.25,22.0,16.25,8.490910583709764,0.4909105837097649,1.072824320032303,12.072824320032304,4.710881047101642,5.782379057967164,6.671813958399325,prior
13,ROGUE,112.0,106.0,21.5,14.5,8.483027963662312,0.4830279636623116,0.9896495531110899,12.23964955311109,4.715777721930096,5.684445561398082,6.2872023809523805,prior
13,WARRIOR,132.5,105.25,14.0,15.0,8.54793972506246,0.5479397250624589,0.9830160473960059,12.233016047396006,4.7887980646410995,4.224038707178008,6.411030013971191,prior
14,CLERIC,117.0,142.0,13.25,15.25,8.498560609441139,0.49856060944113834,1.2722914505976057,12.772291450597606,4.795865591673503,4.082688166529942,6.474055224055224,prior
14,MAGE,115.0,142.0,13.25,15.25,8.492080779863542,0.4920807798635427,1.2722914505976062,12.772291450597606,4.795865591673503,4.082688166529942,6.474055224055224,prior
14,PALADIN,123.0,115.75,14.0,23.0,8.518285156481095,0.5182851564810953,1.0680442397119732,12.568044239711973,4.7887980646410995,4.224038707178008,8.013805300390665,prior
14,RANGER,121.25,124.25,22.75,16.25,8.512130664983406,0.5121306649834061,1.1360445480249388,12.38604454802494,4.704776706066013,5.90446587867975,6.671813958399325,prior
14,ROGUE,119.25,112.25,22.0,14.5,8.506314399595542,0.5063143995955421,1.0402188879634362,12.290218887963436,4.711986607857899,5.760267842842041,6.2872023809523805,prior
14,WARRIOR,142.5,111.75,14.0,15.5,8.577494267435503,0.5774942674355024,1.0358536117264439,12.285853611726445,4.7887980646410995,4.224038707178008,6.54090014384132,prior
15,CLERIC,130.25,161.5,13.75,15.75,8.539833325056252,0.5398333250562524,1.4160026243513757,12.916002624351375,4.791363018774704,4.172739624505929,6.594242960342031,prior
15,MAGE,128.25,161.5,13.75,15.75,8.533704869410183,0.5337048694101827,1.4160026243513757,12.916002624351375,4.791363018774704,4.172739624505929,6.594242960342031,prior
15,PALADIN,137.0,128.0,14.0,24.5,8.560728274271456,0.5607282742714563,1.1648524254861885,12.914852425486188,4.7887980646410995,4.224038707178008,8.24093300110742,prior
15,RANGER,134.5,140.0,24.0,16.5,8.552648581338566,0.5526485813385666,1.257202302846587,12.757202302846586,4.695353718424377,6.092925631512465,6.73865887818542,prior
15,ROGUE,133.0,125.75,23.5,14.75,8.548566239063746,0.5485662390637454,1.1475622527913985,12.6475622527914,4.7003599437260535,5.992801125478927,6.343508687258686,prior
15,WARRIOR,161.5,124.0,14.0,16.0,8.630331027732321,0.6303310277323204,1.133557089586651,12.63355708958665,4.7887980646410995,4.224038707178008,6.650549266648337,prior
16,CLERIC,137.25,171.75,14.25,15.75,8.560269946439957,0.560269946439957,1.48892373155783,12.988923731557831,4.785537456299482,4.289250874010356,6.594242960342031,prior
16,MAGE,135.25,171.75,14.25,15.75,8.554309881417009,0.5543098814170082,1.4889237315578299,13.23892373155783,4.785537456299482,4.289250874010356,6.594242960342031,prior
16,PALADIN,144.25,134.25,14.0,25.0,8.581775662054067,0.581775662054067,1.2133136191313234,12.963313619131323,4.7887980646410995,4.224038707178008,8.318693124368048,prior
16,RANGER,142.25,148.0,24.75,16.5,8.574928628454835,0.5749286284548356,1.317119696629757,12.817119696629756,4.689597139477009,6.208057210459833,6.73865887818542,prior
16,ROGUE,140.0,132.0,24.25,15.0,8.569292096007006,0.5692920960070054,1.1960086344848486,12.696008634484848,4.6949469433579605,6.101061132840794,6.4030324967824965,prior
16,WARRIOR,171.25,130.25,14.0,16.0,8.655930378905945,0.6559303789059441,1.1824621680359653,13.182462168035965,4.7887980646410995,4.224038707178008,6.650549266648337,prior
17,CLERIC,143.25,181.75,14.25,16.25,8.577694672511237,0.5776946725112366,1.5589269862900286,13.308926986290029,4.785537456299482,4.289250874010356,6.7011565540977305,prior
17,MAGE,141.25,181.75,14.25,16.25,8.57187790645823,0.57187790645823,1.5589269862900288,13.558926986290029,4.785537456299482,4.289250874010356,6.7011565540977305,prior
17,PALADIN,150.75,141.75,14.0,26.25,8.599956518513277,0.5999565185132782,1.2702596868005753,13.020259686800575,4.7887980646410995,4.224038707178008,8.502430953038855,prior
17,RANGER,148.5,157.0,25.25,16.75,8.592694470532265,0.5926944705322659,1.3834731861047653,13.133473186104766,4.686063218390805,6.278735632183908,6.794965184491726,prior
17,ROGUE,146.5,139.75,24.25,15.0,8.587925052818752,0.5879250528187523,1.2551242798714157,12.755124279871417,4.6949469433579605,6.101061132840794,6.4030324967824965,prior
17,WARRIOR,180.75,137.75,14.0,16.5,8.679778122556637,0.6797781225566375,1.2399243673558091,13.23992436735581,4.7887980646410995,4.224038707178008,6.7634158926728585,prior
18,CLERIC,157.75,202.25,14.5,16.5,8.617904040232219,0.6179040402322182,1.69720365135816,13.69720365135816,4.7826285467250145,4.347429065499718,6.749233477174654,prior
18,MAGE,155.75,202.25,14.5,16.5,8.612410505196678,0.6124105051966784,1.6972036513581594,13.697203651358159,4.7826285467250145,4.347429065499718,6.749233477174654,prior
18,PALADIN,164.75,155.25,14.0,28.25,8.63801772094234,0.6380177209423392,1.3707897474550998,13.620789747455099,4.7887980646410995,4.224038707178008,8.76602564102564,prior
18,RANGER,163.75,173.25,27.0,16.75,8.634121875497716,0.634121875497716,1.499638425454283,13.249638425454282,4.673938985900643,6.521220281987162,6.794965184491726,prior
18,ROGUE,162.0,156.0,26.75,15.25,8.630591117145386,0.6305911171453848,1.3760061839105393,13.376006183910539,4.676802866314775,6.463942673704512,6.459338803088802,prior
18,WARRIOR,201.25,151.25,14.0,17.0,8.728914180553678,0.7289141805536787,1.3413567215169442,13.341356721516945,4.7887980646410995,4.224038707178008,6.870329486428558,prior
19,CLERIC,165.25,213.25,15.0,16.75,8.637670139562976,0.6376701395629762,1.7688625117714425,13.768862511771442,4.777707686335404,4.4458462732919255,6.794965184491726,prior
19,MAGE,163.25,213.25,15.0,16.75,8.632331542094974,0.632331542094974,1.768862511771443,14.018862511771442,4.777707686335404,4.4458462732919255,6.794965184491726,prior
19,PALADIN,171.75,161.75,14.25,29.0,8.65633740168964,0.6563374016896404,1.4180692404121937,13.668069240412194,4.786416896281158,4.271662074376847,8.857014503914773,prior
19,RANGER,172.25,182.25,28.25,17.0,8.656066444629099,0.6560664446290994,1.5620729315770046,13.312072931577005,4.665984887408439,6.680302251831225,6.838519191460367,prior
19,ROGUE,171.0,163.25,27.75,15.25,8.654193681471618,0.6541936814716185,1.4285436504801845,13.678543650480183,4.669948795763409,6.601024084731828,6.459338803088802,prior
19,WARRIOR,212.0,157.75,14.25,17.0,8.753324256052977,0.7533242560529763,1.3890555599372898,13.38905555993729,4.786416896281158,4.271662074376847,6.870329486428558,prior
20,CLERIC,180.5,235.0,15.25,17.25,8.676550531603723,0.676550531603723,1.905893986115597,14.405893986115597,4.775651765282772,4.486964694344557,6.901544401544401,prior
20,MAGE,178.5,235.0,15.25,17.25,8.671511849493113,0.6715118494931129,1.905893986115597,14.405893986115597,4.775651765282772,4.486964694344557,6.901544401544401,prior
20,PALADIN,186.75,176.0,14.75,30.0,8.69360906673214,0.6936090667321411,1.5193310380270755,13.769331038027076,4.780193592767295,4.396128144654088,8.979475848310338,prior
20,RANGER,188.25,199.75,29.5,17.25,8.695859690073354,0.6958596900733536,1.6799772921379663,13.929977292137966,4.658577298407807,6.8284540318438625,6.901544401544401,prior
20,ROGUE,185.0,177.5,28.75,15.5,8.689215110851428,0.689215110851428,1.5291093684068453,13.779109368406845,4.663043238378163,6.739135232436747,6.518862612612612,prior
20,WARRIOR,235.0,172.0,14.75,17.0,8.802214526233687,0.8022145262336862,1.4912050120680629,13.741205012068063,4.780193592767295,4.396128144654088,6.870329486428558,prior
21,CLERIC,188.5,246.75,15.25,17.75,8.696030661970413,0.6960306619704135,1.9774208412845509,14.477420841284552,4.775651765282772,4.486964694344557,6.99641545724777,prior
21,MAGE,186.5,246.75,15.25,17.75,8.691138881064155,0.691138881064155,1.9774208412845509,14.477420841284552,4.775651765282772,4.486964694344557,6.99641545724777,prior
21,PALADIN,194.0,182.5,15.0,31.25,8.7107800814648,0.7107800814648004,1.564441821531265,14.064441821531265,4.777023302912223,4.459533941755537,9.125524615889931,prior
21,RANGER,196.5,209.0,30.0,17.5,8.715512298868184,0.7155122988681843,1.74065017921654,14.24065017921654,4.655403062313273,6.891938753734529,6.954887218045112,prior
21,ROGUE,192.75,185.25,29.25,15.75,8.70806827265136,0.7080682726513605,1.5827148440141867,13.832714844014186,4.660107018687527,6.797859626249457,6.572205429113323,prior
21,WARRIOR,246.5,178.5,15.0,17.25,8.825157324909622,0.8251573249096209,1.5367065596375054,13.786706559637505,4.777023302912223,4.459533941755537,6.92093677387795,prior
22,CLERIC,203.0,270.75,15.5,18.25,8.730044229128012,0.730044229128012,2.118995740633509,14.868995740633508,4.772616381378979,4.547672372420412,7.095579858737753,prior
22,MAGE,201.0,270.75,15.5,18.25,8.725404141997934,0.725404141997934,2.118995740633509,14.618995740633508,4.772616381378979,4.547672372420412,7.095579858737753,prior
22,PALADIN,209.0,197.0,15.5,32.25,8.74543139150861,0.7454313915086099,1.6626129997180599,14.66261299971806,4.771940147401591,4.5611970519681755,9.24627426728267,prior
22,RANGER,212.25,228.5,31.5,17.75,8.751347809136998,0.7513478091369974,1.8655355298995493,14.61553552989955,4.64590190718245,7.081961856351,7.014411027568922,prior
22,ROGUE,208.75,200.25,31.5,16.0,8.744955800199246,0.744955800199246,1.6837261100214636,14.183726110021464,4.646107379922296,7.077852401554077,6.643228156386051,prior
22,WARRIOR,270.5,193.0,15.5,17.75,8.870625901914442,0.8706259019144427,1.635717657456788,14.385717657456787,4.771940147401591,4.5611970519681755,7.043485793485794,prior
23,CLERIC,217.75,295.5,16.0,18.75,8.76302561242019,0.76302561242019,2.2577870501853976,15.007787050185398,4.76702890037594,4.659421992481203,7.2057109557109555,prior
23,MAGE,215.75,295.5,16.0,18.75,8.75862383439324,0.7586238343932399,2.2577870501853976,14.757787050185398,4.76702890037594,4.659421992481203,7.2057109557109555,prior
23,PALADIN,225.25,211.0,16.25,33.25,8.781034127020648,0.7810341270206478,1.7547665343830037,14.754766534383005,4.764402190598999,4.711956188020017,9.349985927385308,prior
23,RANGER,228.25,247.5,33.0,18.5,8.78598604051237,0.7859860405123706,1.9820877279563012,14.732087727956301,4.6371203837868435,7.25759232426314,7.166070363744783,prior
23,ROGUE,223.25,214.75,32.75,16.5,8.776551332947129,0.7765513329471285,1.7787607981096916,14.528760798109692,4.639095276080438,7.2180944783912455,6.747178260336155,prior
23,WARRIOR,296.0,207.0,16.25,18.0,8.915216669035441,0.9152166690354413,1.7286485975180947,14.728648597518095,4.764402190598999,4.711956188020017,7.091562716562716,prior
24,CLERIC,225.0,308.5,16.0,18.75,8.778329156279998,0.7783291562799981,2.3281962073820344,15.078196207382035,4.76702890037594,4.659421992481203,7.2057109557109555,prior
24,MAGE,223.0,308.5,16.0,18.75,8.77403477977794,0.7740347797779408,2.3281962073820344,15.328196207382033,4.76702890037594,4.659421992481203,7.2057109557109555,prior
24,PALADIN,232.75,219.0,16.75,33.5,8.796836186162007,0.7968361861620066,1.8061367826160857,15.056136782616086,4.759362599206349,4.812748015873016,9.374336576735956,prior
24,RANGER,236.25,257.75,33.5,18.5,8.802232037044549,0.8022320370445484,2.043187047284571,14.793187047284572,4.634052371367323,7.31895257265354,7.166070363744783,prior
24,ROGUE,230.75,223.25,33.75,16.5,8.792226796032544,0.7922267960325433,1.8328424344120213,14.832842434412022,4.633387902278155,7.332241954436905,6.747178260336155,prior
24,WARRIOR,308.75,215.0,16.75,18.0,8.936323617818722,0.9363236178187231,1.780446859199851,15.030446859199852,4.759362599206349,4.812748015873016,7.091562716562716,prior
25,CLERIC,239.75,335.0,16.5,18.75,8.8083636502251,0.8083636502251008,2.466590903707538,15.716590903707539,4.761776799535603,4.764464009287925,7.2057109557109555,prior
25,MAGE,237.75,335.0,16.5,18.75,8.804276391829424,0.8042763918294238,2.466590903707538,15.96659090370754,4.761776799535603,4.764464009287925,7.2057109557109555,prior
25,PALADIN,248.25,234.25,17.5,34.75,8.828216407070457,0.8282164070704572,1.9018625119785784,15.151862511978578,4.7518379281537175,4.963241436925648,9.500128158036013,prior
25,RANGER,252.0,278.5,35.0,18.5,8.833094823887771,0.8330948238877713,2.162965056900347,15.162965056900347,4.625898499879478,7.482030002410437,7.166070363744783,prior
25,ROGUE,245.5,240.0,34.75,16.5,8.822316667343241,0.8223166673432405,1.9371206220128978,15.187120622012898,4.627921195652174,7.4415760869565215,6.747178260336155,prior
25,WARRIOR,334.75,230.25,17.5,18.25,8.976840200501846,0.976840200501846,1.8769611612698676,15.126961161269868,4.7518379281537175,4.963241436925648,7.13729442387979,prior
26,CLERIC,246.75,348.25,16.5,19.25,8.822157199392626,0.8221571993926253,2.533138244895243,15.783138244895243,4.761776799535603,4.764464009287925,7.318323568323567,prior
26,MAGE,244.75,348.25,16.5,19.25,8.818163585294197,0.8181635852941977,2.533138244895243,16.033138244895245,4.761776799535603,4.764464009287925,7.318323568323567,prior
26,PALADIN,255.5,242.5,17.5,35.25,8.842128467525924,0.8421284675259253,1.9524532569793516,15.202453256979352,4.7518379281537175,4.963241436925648,9.550027536129413,prior
26,RANGER,259.5,287.75,35.5,19.25,8.847300110016528,0.8473001100165276,2.215000066611967,15.715000066611967,4.623357371794872,7.532852564102564,7.318323568323567,prior
26,ROGUE,253.0,248.0,35.25,16.75,8.836951502730134,0.8369515027301344,1.985499684163114,15.235499684163115,4.624934895833333,7.501302083333333,6.814023180122252,prior
26,WARRIOR,347.5,238.5,17.5,18.25,8.995477241470425,0.995477241470426,1.9279637904730231,15.177963790473024,4.7518379281537175,4.963241436925648,7.13729442387979,prior
27,CLERIC,262.0,375.0,17.0,19.75,8.850877711234247,0.850877711234248,2.662808970703739,16.16280897070374,4.757218242900608,4.85563514198783,7.392434240260327,prior
27,MAGE,260.0,375.0,17.0,19.75,8.847074700553389,0.8470747005533896,2.662808970703739,16.16280897070374,4.757218242900608,4.85563514198783,7.392434240260327,prior
27,PALADIN,270.0,256.5,17.5,37.0,8.869051316480801,0.8690513164808018,2.036056774744835,15.536056774744836,4.7518379281537175,4.963241436925648,9.714547747334633,prior
27,RANGER,275.5,307.25,36.75,19.25,8.87610853699291,0.8761085369929082,2.32125881874332,16.07125881874332,4.616892512289565,7.662149754208686,7.318323568323567,prior
27,ROGUE,268.5,264.75,36.25,16.75,8.866063816029014,0.8660638160290133,2.0846256023602674,15.58462560236027,4.619504632068844,7.609907358623112,6.814023180122252,prior
27,WARRIOR,373.25,252.5,17.5,18.75,9.031167959087668,1.0311679590876675,2.0122390058114057,15.262239005811406,4.7518379281537175,4.963241436925648,7.241677653263019,prior
28,CLERIC,277.75,402.75,17.5,19.75,8.87970913159545,0.8797091315954497,2.7912060010529807,16.54120600105298,4.752269147877984,4.954617042440319,7.392434240260327,prior
28,MAGE,275.75,402.75,17.5,19.75,8.876094926614531,0.8760949266145319,2.7912060010529807,16.29120600105298,4.752269147877984,4.954617042440319,7.392434240260327,prior
28,PALADIN,286.25,272.25,18.0,38.25,8.89820444421311,0.8982044442131105,2.1280887679973546,16.128088767997355,4.74694976076555,5.061004784688995,9.829930570616998,prior
28,RANGER,292.25,328.5,37.75,19.25,8.905380686151904,0.9053806861519051,2.433097127294405,16.183097127294406,4.611693705678529,7.766125886429425,7.318323568323567,prior
28,ROGUE,285.25,280.5,37.75,17.0,8.89597556325589,0.8959755632558903,2.1745315339127576,15.92453153391276,4.612056351183064,7.758872976338729,6.862100103199174,prior
28,WARRIOR,401.75,268.25,18.0,18.75,9.06805702146465,1.06805702146465,2.1050024058367347,15.855002405836736,4.74694976076555,5.061004784688995,7.241677653263019,prior
29,CLERIC,285.25,417.5,17.5,19.75,8.8928669802184,0.8928669802184008,2.857000166056398,16.607000166056398,4.752269147877984,4.954617042440319,7.392434240260327,prior
29,MAGE,283.25,417.5,17.5,19.75,8.889337140612124,0.8893371406121249,2.857000166056398,16.357000166056398,4.752269147877984,4.954617042440319,7.392434240260327,prior
29,PALADIN,294.25,280.5,18.75,39.0,8.911749939872397,0.911749939872398,2.174813455227593,16.174813455227593,4.739672020123839,5.20655959752322,9.891648602270466,prior
29,RANGER,300.5,339.75,38.0,19.25,8.919164168931353,0.9191641689313537,2.4904630327760024,16.240463032776002,4.610572294195276,7.788554116094496,7.318323568323567,prior
29,ROGUE,294.25,288.5,38.25,17.5,8.911210908862069,0.9112109088620683,2.2194429003060714,15.969442900306072,4.609357466353735,7.8128506729253,6.964138116822554,prior
29,WARRIOR,416.5,276.5,18.75,18.75,9.085940171304218,1.0859401713042174,2.152092641780562,16.152092641780563,4.739672020123839,5.20655959752322,7.241677653263019,prior
30,CLERIC,300.75,447.25,18.5,19.75,8.919184893455247,0.9191848934552471,2.984547285223039,17.234547285223037,4.742423655647468,5.151526887050634,7.392434240260327,prior
30,MAGE,298.75,447.25,18.5,19.75,8.915821097955973,0.9158210979559733,2.984547285223039,16.984547285223037,4.742423655647468,5.151526887050634,7.392434240260327,prior
30,PALADIN,309.75,297.0,19.25,40.5,8.937287511365703,0.9372875113657035,2.2660221625048584,16.26602216250486,4.735212445389296,5.295751092214074,10.023860837438423,prior
30,RANGER,317.25,362.0,40.25,19.5,8.94630523745969,0.9463052374596894,2.6004959037777162,16.350495903777716,4.599636668070213,8.007266638595752,7.356202356202356,prior
30,ROGUE,311.25,303.75,39.5,18.25,8.93897076667085,0.9389707666708507,2.3028565779872725,16.302856577987274,4.603369241053064,7.932615178938708,7.102563179494564,prior
30,WARRIOR,446.0,293.0,19.25,19.25,9.119890316062268,1.1198903160622686,2.2440063428601684,16.24400634286017,4.735212445389296,5.295751092214074,7.338574476732371,prior
31,CLERIC,316.25,477.25,18.5,20.25,8.944330347920134,0.9443303479201348,3.1068639657945685,17.60686396579457,4.742423655647468,5.151526887050634,7.48046715851867,prior
31,MAGE,314.25,477.25,18.5,20.25,8.941121510039835,0.9411215100398356,3.106863965794568,17.606863965794567,4.742423655647468,5.151526887050634,7.48046715851867,prior
31,PALADIN,326.0,314.5,19.75,41.0,8.962720108912624,0.9627201089126247,2.359784895123646,16.609784895123646,4.730775355976723,5.384492880465544,10.059918529746117,prior
31,RANGER,333.25,384.25,41.0,20.0,8.970887261617648,0.9708872616176469,2.7061342859808017,16.956134285980802,4.596237924716855,8.075241505662891,7.445777056761038,prior
31,ROGUE,328.0,320.5,40.5,19.25,8.965052128037906,0.9650521280379052,2.3919771818279103,16.64197718182791,4.59866161550048,8.026767689990397,7.281297134238311,prior
31,WARRIOR,476.5,310.5,19.75,19.25,9.152391225568461,1.1523912255684619,2.338482569244862,16.588482569244864,4.730775355976723,5.384492880465544,7.338574476732371,prior
32,CLERIC,332.5,507.75,19.0,20.25,8.969284706252104,0.9692847062521035,3.2254936751599033,17.725493675159903,4.737827346054081,5.243453078918381,7.48046715851867,prior
32,MAGE,330.5,507.75,19.0,20.25,8.966225494551653,0.9662254945516522,3.2254936751599037,17.725493675159903,4.737827346054081,5.243453078918381,7.48046715851867,prior
32,PALADIN,344.5,330.75,20.0,42.5,8.990298149787886,0.9902981497878871,2.44414635451342,16.94414635451342,4.728857617811907,5.4228476437618625,10.178443904877525,prior
32,RANGER,350.5,407.5,42.75,20.25,8.996177287502485,0.9961772875024852,2.8123741395665673,17.56237413956657,4.588410143097644,8.231797138047138,7.48046715851867,prior
32,ROGUE,344.25,337.75,41.5,19.5,8.989374837952326,0.9893748379523255,2.4810283187027737,16.981028318702773,4.59450107156894,8.109978568621198,7.344322344322344,prior
32,WARRIOR,509.5,326.75,20.0,19.75,9.18497651475723,1.184976514757229,2.423476006510056,16.923476006510057,4.728857617811907,5.4228476437618625,7.442524580682475,prior
33,CLERIC,340.75,524.0,19.0,20.5,8.981577865172397,0.9815778651723965,3.2862891612583836,18.036289161258384,4.737827346054081,5.243453078918381,7.531074445968063,prior
33,MAGE,338.75,524.0,19.0,20.5,8.97859129698256,0.9785912969825596,3.2862891612583844,17.786289161258384,4.737827346054081,5.243453078918381,7.531074445968063,prior
33,PALADIN,353.25,338.0,20.0,43.25,9.002859080172222,1.0028590801722213,2.4809502664903613,17.230950266490364,4.728857617811907,5.4228476437618625,10.238582384853572,prior
33,RANGER,359.5,419.25,43.5,20.75,9.008983184050942,1.0089831840509422,2.864528391066057,17.614528391066056,4.585341424327705,8.293171513445904,7.564319126819127,prior
33,ROGUE,352.75,347.0,42.0,19.5,9.00160600163635,1.0016060016363508,2.5273384672515045,17.027338467251504,4.592444191481645,8.151116170367086,7.344322344322344,prior
33,WARRIOR,525.75,334.0,20.0,19.75,9.200119025813043,1.2001190258130436,2.460552527369436,16.960552527369437,4.728857617811907,5.4228476437618625,7.442524580682475,prior
34,CLERIC,356.75,556.5,19.25,21.0,9.004684180800627,1.004684180800628,3.4035895950970696,18.15358959509707,4.735973532494759,5.280529350104821,7.61239604989605,prior
34,MAGE,354.75,556.5,19.25,21.0,9.001831947361946,1.0018319473619473,3.4035895950970687,17.90358959509707,4.735973532494759,5.280529350104821,7.61239604989605,prior
34,PALADIN,372.75,355.5,20.75,43.75,9.029694979792769,1.0296949797927684,2.567838320005192,17.567838320005194,4.723101038864538,5.537979222709231,10.276961201055506,prior
34,RANGER,376.0,444.0,45.5,21.0,9.031496495669337,1.0314964956693369,2.970787668407953,17.72078766840795,4.577119013139091,8.457619737218167,7.61239604989605,prior
34,ROGUE,369.5,364.75,43.0,19.75,9.024781380087902,1.0247813800879007,2.6141483068592652,17.114148306859263,4.587758813102568,8.244823737948627,7.380554228380316,prior
34,WARRIOR,561.0,351.5,20.75,19.75,9.231080423530443,1.2310804235304431,2.548077203598457,17.548077203598456,4.723101038864538,5.537979222709231,7.442524580682475,prior
35,CLERIC,373.25,590.5,20.0,21.5,9.02705919849688,1.0270591984968802,3.5200192906999517,18.270019290699953,4.728897430184195,5.422051396316102,7.706204680290046,prior
35,MAGE,371.25,590.5,20.0,21.5,9.024333039501967,1.024333039501966,3.520019290699952,18.520019290699953,4.728897430184195,5.422051396316102,7.706204680290046,prior
35,PALADIN,390.75,371.5,21.25,45.75,9.053193683215973,1.0531936832159738,2.6450954743988335,17.895095474398833,4.718954248366013,5.620915032679738,10.417519834015705,prior
35,RANGER,393.25,469.25,47.25,21.5,9.053668442425897,1.0536684424258964,3.0748719391975086,18.074871939197507,4.570036764705883,8.599264705882353,7.706204680290046,prior
35,ROGUE,388.0,382.0,44.75,20.0,9.049344725334821,1.0493447253348211,2.6961339897110483,17.696133989711047,4.580503741386735,8.389925172265288,7.428631151457238,prior
35,WARRIOR,595.25,367.5,21.25,20.25,9.25889942155858,1.2588994215585796,2.6258925083681417,17.875892508368143,4.718954248366013,5.620915032679738,7.532129742962056,prior
36,CLERIC,390.5,625.75,21.0,21.75,9.049726982244824,1.0497269822448239,3.634817875216233,19.134817875216232,4.720708198566901,5.585836028661994,7.751936387607119,prior
36,MAGE,388.5,625.75,21.0,21.75,9.047126605609026,1.0471266056090256,3.634817875216233,19.134817875216232,4.720708198566901,5.585836028661994,7.751936387607119,prior
36,PALADIN,408.0,387.75,21.5,47.25,9.074751344309393,1.0747513443093921,2.7212755114514144,17.971275511451413,4.717161215579128,5.656775688417444,10.524972753185782,prior
36,RANGER,411.0,494.75,49.25,21.75,9.075640289973853,1.0756402899738524,3.17593721139881,18.67593721139881,4.562661721864533,8.746765562709353,7.751936387607119,prior
36,ROGUE,404.5,400.5,45.75,20.5,9.070160822624581,1.0701608226245818,2.7811725885604615,18.28117258856046,4.576532861715215,8.469342765695714,7.511398176291793,prior
36,WARRIOR,629.75,383.75,21.5,20.5,9.284998512788786,1.2849985127887864,2.7026149420563224,17.95261494205632,4.717161215579128,5.656775688417444,7.577861450279129,prior
37,CLERIC,407.75,662.0,21.5,22.0,9.071337982046193,1.0713379820461935,3.7466718556323344,19.496671855632336,4.716592489525488,5.66815020949024,7.79549039457576,prior
37,MAGE,405.75,662.0,21.5,22.0,9.068854697058327,1.068854697058328,3.7466718556323344,19.246671855632336,4.716592489525488,5.66815020949024,7.79549039457576,prior
37,PALADIN,426.25,405.5,21.75,48.0,9.096446105466478,1.096446105466479,2.8016087366368474,18.051608736636847,4.714686668067816,5.7062666386436875,10.57194236723467,prior
37,RANGER,428.25,520.75,50.25,22.0,9.096163522898834,1.0961635228988347,3.2748018604450877,19.024801860445088,4.559007322374516,8.819853552509679,7.79549039457576,prior
37,ROGUE,423.0,419.0,48.0,21.0,9.092354796992112,1.0923547969921126,2.8633173991919176,18.363317399191917,4.567427440921417,8.651451181571662,7.616653693132676,prior
37,WARRIOR,666.0,401.5,21.75,20.5,9.310502046192227,1.3105020461922265,2.783510124782163,18.28351012478216,4.714686668067816,5.7062666386436875,7.577861450279129,prior
38,CLERIC,417.0,679.0,21.5,22.0,9.082505130423915,1.0825051304239137,3.7972137029276363,19.547213702927635,4.716592489525488,5.66815020949024,7.79549039457576,prior
38,MAGE,415.0,679.0,21.5,22.0,9.08008122534821,1.0800812253482093,3.7972137029276363,19.297213702927635,4.716592489525488,5.66815020949024,7.79549039457576,prior
38,PALADIN,436.0,414.5,22.0,48.5,9.107730520678569,1.1077305206785684,2.841792009847371,18.09179200984737,4.712305499707874,5.753890005842527,10.603308631477645,prior
38,RANGER,438.0,532.5,50.75,22.25,9.107344677029399,1.1073446770293986,3.317977204786595,19.067977204786594,4.557310928932878,8.853781421342443,7.8273781496778,prior
38,ROGUE,432.25,428.75,49.5,21.0,9.10312036444113,1.1031203644411298,2.9056729923832383,18.405672992383238,4.561890396573888,8.762192068522227,7.616653693132676,prior
38,WARRIOR,685.0,410.5,22.0,20.5,9.323156356218263,1.323156356218262,2.8239726469396107,18.32397264693961,4.712305499707874,5.753890005842527,7.577861450279129,prior
39,CLERIC,435.0,714.25,21.75,22.0,9.103336214317643,1.1033362143176437,3.8980879551701966,19.648087955170197,4.714674751360672,5.706504972786558,7.79549039457576,prior
39,MAGE,433.0,714.25,21.75,22.0,9.101020765307458,1.1010207653074584,3.8980879551701966,19.398087955170197,4.714674751360672,5.706504972786558,7.79549039457576,prior
39,PALADIN,453.75,432.0,22.5,50.25,9.127381736376257,1.1273817363762575,2.917894762007217,18.91789476200722,4.707802926809075,5.8439414638185125,10.711670310015897,prior
39,RANGER,457.5,557.0,51.5,22.25,9.128753551509792,1.128753551509793,3.4057814195271354,19.155781419527138,4.554833187645688,8.903336247086248,7.8273781496778,prior
39,ROGUE,451.25,444.75,50.75,21.75,9.12441122097991,1.1244112209799102,2.9736821114184298,18.72368211141843,4.557479449974527,8.850411000509464,7.762245713724696,prior
39,WARRIOR,721.75,428.0,22.5,21.0,9.346340216613857,1.3463402166138572,2.9005973174810533,18.900597317481054,4.707802926809075,5.8439414638185125,7.663233749562375,prior
40,CLERIC,452.75,751.75,22.0,22.5,9.123298282689566,1.1232982826895657,4.000283785901852,19.750283785901853,4.71282093780135,5.743581243972999,7.870932156646441,prior
40,MAGE,450.75,751.75,22.0,22.5,9.121085296273604,1.1210852962736038,4.000283785901852,20.00028378590185,4.71282093780135,5.743581243972999,7.870932156646441,prior
40,PALADIN,473.25,450.0,23.0,52.0,9.148047492180087,1.148047492180086,2.993729067274014,19.243729067274014,4.703879212204008,5.922415755919854,10.813186813186814,prior
40,RANGER,476.5,583.25,53.0,22.75,9.14897554372919,1.1489755437291893,3.4962204123764473,19.49622041237645,4.550108579309817,8.99782841380366,7.901544401544401,prior
40,ROGUE,468.5,463.25,51.0,22.25,9.142858964758963,1.1428589647589629,3.050004679839814,19.300004679839816,4.556441079721362,8.871178405572756,7.8473279598959955,prior
40,WARRIOR,761.25,446.0,23.0,21.75,9.36953483069247,1.3695348306924693,2.9769435543276392,19.22694355432764,4.703879212204008,5.922415755919854,7.787951708948528,prior
41,CLERIC,471.75,789.5,22.25,22.5,9.143395654440361,1.143395654440361,4.098351262015491,20.34835126201549,4.7110857447817835,5.778285104364326,7.870932156646441,prior
41,MAGE,469.75,789.5,22.25,22.5,9.141282721226263,1.141282721226263,4.098351262015489,20.59835126201549,4.7110857447817835,5.778285104364326,7.870932156646441,prior
41,PALADIN,492.0,469.0,23.75,53.25,9.16701495541885,1.1670149554188498,3.0710373970432325,19.321037397043234,4.698352905112243,6.032941897755141,10.880145074224021,prior
41,RANGER,496.5,610.25,54.0,23.0,9.168995720731253,1.1689957207312527,3.585826439810406,19.835826439810404,4.546794461569828,9.06411076860345,7.930956166250283,prior
41,ROGUE,487.5,481.75,53.0,22.5,9.162401448974599,1.1624014489745993,3.1241882791096445,19.374188279109646,4.549357821071198,9.01284357857603,7.888856199098653,prior
41,WARRIOR,800.25,465.0,23.75,21.75,9.390899772071197,1.3908997720711977,3.054764663792331,19.304764663792334,4.698352905112243,6.032941897755141,7.787951708948528,prior
42,CLERIC,491.75,827.0,22.5,23.0,9.1634972671944,1.1634972671944,4.1908629317589945,20.940862931758993,4.709029823729153,5.819403525416958,7.943072640747059,prior
42,MAGE,489.75,827.0,22.5,23.0,9.161481917148809,1.1614819171488078,4.1908629317589945,20.690862931758996,4.709029823729153,5.819403525416958,7.943072640747059,prior
42,PALADIN,512.25,487.25,24.25,54.25,9.186672537681057,1.1866725376810572,3.1435375137715154,19.393537513771516,4.69499269005848,6.1001461988304095,10.933385814964764,prior
42,RANGER,517.0,636.75,54.75,23.5,9.188501754275283,1.1885017542752832,3.6700194958584493,20.17001949585845,4.543871807795699,9.12256384408602,8.000764948439366,prior
42,ROGUE,506.0,499.75,54.0,23.0,9.180663678856682,1.1806636788566829,3.194485400556139,19.69448540055614,4.5462959812572405,9.074080374855185,7.975443696450428,prior
42,WARRIOR,841.5,483.25,24.25,22.5,9.411966199825136,1.4119661998251352,3.1277400555381742,19.377740055538176,4.69499269005848,6.1001461988304095,7.907724056877458,prior
43,CLERIC,509.75,867.75,22.75,23.5,9.180871631705326,1.1808716317053256,4.2867018386914655,21.036701838691464,4.707236790942267,5.855264181154663,8.037943696450428,prior
43,MAGE,507.75,867.75,22.75,23.5,9.178938961301252,1.1789389613012524,4.2867018386914655,21.036701838691464,4.707236790942267,5.855264181154663,8.037943696450428,prior
43,PALADIN,531.5,505.0,24.25,55.75,9.20440810075336,1.2044081007533598,3.211603753940025,20.211603753940025,4.69499269005848,6.1001461988304095,11.011969957753088,prior
43,RANGER,537.0,665.5,56.25,24.5,9.206636623329668,1.206636623329668,3.758148422402532,20.50814842240253,4.539083626801328,9.218327463973445,8.149054807561539,prior
43,ROGUE,524.0,518.75,54.25,23.0,9.197676771717294,1.197676771717295,3.2665340700100063,19.766534070010007,4.5454766928677275,9.090466142645447,7.975443696450428,prior
43,WARRIOR,882.0,501.0,24.25,22.75,9.431231990012336,1.4312319900123365,3.1962447225811825,19.946244722581184,4.69499269005848,6.1001461988304095,7.9409687377285225,prior
44,CLERIC,528.75,909.25,23.75,24.0,9.19853494229681,1.1985349422968095,4.37966656556795,21.129666565567952,4.699666835357625,6.006663292847504,8.106996053122483,prior
44,MAGE,526.75,909.25,23.75,24.0,9.196684747185234,1.1966847471852344,4.37966656556795,21.129666565567952,4.699666835357625,6.006663292847504,8.106996053122483,prior
44,PALADIN,550.75,522.5,24.5,57.75,9.221341205784222,1.221341205784222,3.2768975790057917,20.27689757900579,4.692783094098884,6.144338118022329,11.121147873865265,prior
44,RANGER,556.5,695.25,58.0,24.75,9.223652973538414,1.2236529735384138,3.8456208415432696,20.84562084154327,4.533615156189273,9.327696876214535,8.188695399527713,prior
44,ROGUE,543.0,537.75,55.5,23.25,9.214766976381402,1.2147669763814024,3.3363746840372897,20.08637468403729,4.541296419098144,9.174071618037136,8.0150842884166,prior
44,WARRIOR,923.5,518.5,24.5,23.25,9.449681804634725,1.4496818046347242,3.2619533149039315,20.511953314903934,4.692783094098884,6.144338118022329,8.032599667774086,prior
45,CLERIC,548.0,950.75,24.25,24.25,9.215795370594051,1.2157953705940518,4.467839120551215,21.46783912055122,4.696054203967727,6.078915920645446,8.144874841001272,prior
45,MAGE,546.0,950.75,24.25,24.25,9.2140243038817,1.2140243038817005,4.467839120551215,21.467839120551215,4.696054203967727,6.078915920645446,8.144874841001272,prior
45,PALADIN,570.25,540.75,24.5,59.5,9.237775166564349,1.2377751665643486,3.3434202374849495,20.59342023748495,4.692783094098884,6.144338118022329,11.213342044134727,prior
45,RANGER,577.0,724.5,59.75,25.0,9.240923928509096,1.2409239285090963,3.9279245288039584,21.177924528803956,4.528277704190738,9.434445916185247,8.2265741874065,prior
45,ROGUE,561.25,558.25,56.75,23.5,9.23046425610214,1.23046425610214,3.4091719400538714,20.409171940053874,4.537530712089428,9.249385758211442,8.065691575865994,prior
45,WARRIOR,966.25,536.75,24.5,24.0,9.46750333870362,1.467503338703621,3.3288936798406374,20.57889367984064,4.692783094098884,6.144338118022329,8.163413621262459,prior
46,CLERIC,568.25,994.25,25.0,24.25,9.233038623566234,1.2330386235662347,4.556024654279149,22.05602465427915,4.690177773404509,6.196444531909834,8.144874841001272,prior
46,MAGE,566.25,994.25,25.0,24.25,9.231344579024165,1.231344579024166,4.556024654279149,22.05602465427915,4.690177773404509,6.196444531909834,8.144874841001272,prior
46,PALADIN,591.0,557.75,24.75,60.5,9.254401757869473,1.2544017578694726,3.4033795865500385,20.653379586550038,4.691155489932218,6.176890201355661,11.260962528085816,prior
46,RANGER,597.5,755.75,61.25,25.0,9.2572673431869,1.2572673431869,4.012347524227876,21.262347524227877,4.523688839350083,9.526223212998342,8.2265741874065,prior
46,ROGUE,580.75,578.0,57.75,23.5,9.246569006969219,1.2465690069692186,3.4771804879332713,20.97718048793327,4.534224018391476,9.315519632170485,8.065691575865994,prior
46,WARRIOR,1010.5,553.75,24.75,24.5,9.484737072154575,1.4847370721545747,3.3892234644391515,20.63922346443915,4.691155489932218,6.176890201355661,8.244582452431288,prior
47,CLERIC,597.25,1060.75,25.25,24.75,9.256342613589197,1.2563426135891977,4.6823619109887575,22.432361910988757,4.687884796465305,6.242304070693901,8.235122720416838,prior
47,MAGE,595.25,1060.75,25.25,24.75,9.254749711389561,1.254749711389561,4.682361910988757,22.182361910988757,4.687884796465305,6.242304070693901,8.235122720416838,prior
47,PALADIN,621.0,585.75,25.25,62.5,9.27716225849958,1.27716225849958,3.4991592500319864,21.249159250031987,4.68754285854232,6.249142829153604,11.350740185209338,prior
47,RANGER,629.0,802.25,63.25,25.5,9.281069886444769,1.2810698864447687,4.131852875210112,22.131852875210114,4.518079208527322,9.638415829453566,8.316822066822066,prior
47,ROGUE,610.25,608.0,59.5,23.5,9.269739006206006,1.2697390062060059,3.576961507028737,21.076961507028738,4.528942465128772,9.421150697424567,8.065691575865994,prior
47,WARRIOR,1076.5,581.75,25.25,24.75,9.50844822218948,1.5084482221894806,3.485586065574231,21.485586065574232,4.68754285854232,6.249142829153604,8.282461240310077,prior
48,CLERIC,617.0,1105.0,26.0,25.0,9.271441599089734,1.2714415990897336,4.761474345912785,22.511474345912788,4.682873658459596,6.34252683080808,8.273001508295625,prior
48,MAGE,615.0,1105.0,26.0,25.0,9.269912628341702,1.269912628341702,4.761474345912785,22.261474345912784,4.682873658459596,6.34252683080808,8.273001508295625,prior
48,PALADIN,641.0,603.75,25.5,64.5,9.291648219855354,1.2916482198553547,3.558670069136431,21.55867006913643,4.685965334503859,6.280693309922835,11.437714584266306,prior
48,RANGER,650.0,833.5,64.75,25.75,9.296073908325628,1.2960739083256283,4.208000980256998,22.208000980256998,4.514129273504274,9.71741452991453,8.354700854700855,prior
48,ROGUE,630.0,628.0,60.25,24.0,9.284466943446095,1.2844669434460947,3.6408227468564474,21.140822746856447,4.526527813333772,9.469443733324564,8.145656254044958,prior
48,WARRIOR,1121.5,599.75,25.5,25.25,9.52341846868418,1.5234184686841798,3.545452875340152,21.795452875340153,4.685965334503859,6.280693309922835,8.350580879470089,prior
49,CLERIC,646.0,1174.0,26.5,25.5,9.292640863338955,1.2926408633389546,4.877573990829922,22.877573990829923,4.678533380681818,6.429332386363636,8.337513935340022,prior
49,MAGE,644.0,1174.0,26.5,25.5,9.291199660936796,1.2911996609367957,4.877573990829923,23.127573990829923,4.678533380681818,6.429332386363636,8.337513935340022,prior
49,PALADIN,671.5,633.75,25.75,66.25,9.312575227343737,1.312575227343737,3.654919676345065,21.904919676345063,4.684047596339043,6.319048073219154,11.513274605434223,prior
49,RANGER,680.25,882.0,66.0,26.0,9.316722747233372,1.316722747233373,4.3205445770237425,22.320544577023743,4.510620499330335,9.787590013393297,8.390932738758826,prior
49,ROGUE,661.25,658.25,63.0,25.0,9.306643323738676,1.306643323738677,3.7341907638350325,21.98419076383503,4.519004216269842,9.619915674603174,8.29001976284585,prior
49,WARRIOR,1191.5,629.75,25.75,25.75,9.544977832137434,1.5449778321374348,3.6422697934629302,21.89226979346293,4.684047596339043,6.319048073219154,8.424911573193894,prior
50,CLERIC,666.75,1221.0,26.75,25.5,9.30712393448704,1.30712393448704,4.952058635279428,23.70205863527943,4.676740347894933,6.46519304210134,8.337513935340022,prior
50,MAGE,664.75,1221.0,26.75,25.5,9.305741315187422,1.3057413151874226,4.952058635279428,23.45205863527943,4.676740347894933,6.46519304210134,8.337513935340022,prior
50,PALADIN,692.5,653.0,26.25,67.75,9.326311712093048,1.326311712093048,3.714352232860671,22.46435223286067,4.680339390482399,6.3932121903520205,11.571546268209564,prior
50,RANGER,702.25,915.25,67.25,26.0,9.33104921279832,1.3310492127983196,4.394138299661152,23.14413829966115,4.507524748223452,9.849505035530953,8.390932738758826,prior
50,ROGUE,683.5,677.5,64.75,25.5,9.321544778538025,1.321544778538024,3.791386872329286,22.291386872329284,4.514516645412264,9.70966709175472,8.36258865248227,prior
50,WARRIOR,1239.25,649.0,26.25,26.25,9.558612325765965,1.5586123257659659,3.7020460561188244,21.952046056118824,4.680339390482399,6.3932121903520205,8.49340260597064,prior
51,CLERIC,696.75,1296.0,28.0,25.5,9.32678627728259,1.326786277282591,5.063870392474558,23.813870392474556,4.668108098313101,6.637838033737985,8.337513935340022,prior
51,MAGE,694.75,1296.0,28.0,25.5,9.325480742403554,1.3254807424035544,5.063870392474558,23.81387039247456,4.668108098313101,6.637838033737985,8.337513935340022,prior
51,PALADIN,724.75,682.0,27.25,69.5,9.346348054523844,1.3463480545238449,3.8009343746353292,22.80093437463533,4.673633103576751,6.527337928464977,11.638345271116295,prior
51,RANGER,736.25,968.5,70.0,26.0,9.351926990440802,1.3519269904408024,4.505946504908457,23.505946504908458,4.500663476544724,9.986730469105519,8.390932738758826,prior
51,ROGUE,716.25,710.0,66.75,26.0,9.342323475971053,1.3423234759710536,3.8847586097815103,22.63475860978151,4.509369978272186,9.812600434556277,8.432065217391305,prior
51,WARRIOR,1313.25,678.0,27.25,26.75,9.578165796070436,1.5781657960704374,3.7891203771094673,23.03912037710947,4.673633103576751,6.527337928464977,8.559046254734495,prior
52,CLERIC,718.25,1345.25,28.25,25.5,9.340326234863817,1.340326234863817,5.13293417037748,23.88293417037748,4.6666676900602475,6.666646198795053,8.337513935340022,prior
52,MAGE,716.25,1345.25,28.25,25.5,9.339072707795625,1.3390727077956242,5.13293417037748,24.13293417037748,4.6666676900602475,6.666646198795053,8.337513935340022,prior
52,PALADIN,746.5,703.25,27.5,70.5,9.359271269859626,1.3592712698596263,3.8618991052857012,23.1118991052857,4.6715771825241195,6.568456349517609,11.675706184199282,prior
52,RANGER,759.5,1003.75,71.0,26.25,9.365544663350875,1.3655446633508745,4.576157665569423,23.576157665569426,4.4984622403449865,10.030755193100276,8.41618526401135,prior
52,ROGUE,739.75,730.25,67.75,26.5,9.356463659607531,1.356463659607532,3.9409041626911687,22.69090416269117,4.506943216339207,9.861135673215864,8.509684679810418,prior
52,WARRIOR,1363.25,699.25,27.5,27.0,9.59042893467344,1.5904289346734393,3.850424862813566,23.10042486281357,4.6715771825241195,6.568456349517609,8.59229093558556,prior
53,CLERIC,751.25,1421.0,28.25,26.25,9.359986275591147,1.3599862755911483,5.232899537803155,24.482899537803156,4.6666676900602475,6.666646198795053,8.45352564102564,prior
53,MAGE,749.25,1421.0,28.25,26.25,9.358806230229895,1.358806230229895,5.2328995378031555,24.482899537803156,4.6666676900602475,6.666646198795053,8.45352564102564,prior
53,PALADIN,777.75,733.75,28.0,73.0,9.376968386711326,1.3769683867113263,3.946713369808317,23.696713369808318,4.668357932516765,6.632841349664703,11.764639323471323,prior
53,RANGER,795.75,1055.25,72.75,27.25,9.385582755926663,1.3855827559266634,4.673834270680334,23.923834270680334,4.49450329566855,10.109934086629002,8.556547619047619,prior
53,ROGUE,774.5,762.5,69.0,27.25,9.37625312567791,1.3762531256779083,4.027041132951553,23.027041132951553,4.503583361592305,9.928332768153908,8.599120454120142,prior
53,WARRIOR,1439.0,729.75,28.0,27.75,9.60770733437251,1.6077073343725106,3.9357045268896553,23.435704526889655,4.668357932516765,6.632841349664703,8.692099825640197,prior
54,CLERIC,773.5,1471.5,29.0,26.75,9.372644040995862,1.372644040995863,5.295749563146506,24.795749563146508,4.661530701888077,6.769385962238466,8.531145103444754,prior
54,MAGE,771.5,1471.5,29.0,26.75,9.37151022755828,1.371510227558281,5.295749563146506,24.795749563146508,4.661530701888077,6.769385962238466,8.531145103444754,prior
54,PALADIN,798.75,754.75,28.25,74.75,9.388215685894439,1.3882156858944388,4.002772382901259,24.002772382901263,4.666917524263912,6.661649514721771,11.823461100455527,prior
54,RANGER,820.5,1090.0,75.0,28.25,9.398600354483493,1.3986003544834928,4.736530257018691,24.486530257018693,4.489314048379095,10.213719032418092,8.680349347476584,prior
54,ROGUE,797.0,783.75,70.25,27.75,9.388452651070091,1.3884526510700916,4.081847186073907,23.581847186073908,4.500441507270336,9.991169854593272,8.662091098864199,prior
54,WARRIOR,1490.0,750.75,28.25,28.0,9.618520731282182,1.6185207312821812,3.9920648372685497,23.74206483726855,4.666917524263912,6.661649514721771,8.729978613518986,prior
55,CLERIC,804.5,1552.5,30.0,27.0,9.389183242106235,1.3891832421062342,5.390757202520961,24.89075720252096,4.655157715260017,6.896845694799659,8.558358456129806,prior
55,MAGE,802.5,1552.5,30.0,27.0,9.388107962790906,1.3881079627909059,5.390757202520961,25.140757202520962,4.655157715260017,6.896845694799659,8.558358456129806,prior
55,PALADIN,831.25,786.5,29.0,76.5,9.404864532516072,1.404864532516072,4.084570642206192,24.084570642206195,4.662676114334947,6.746477713301067,11.881069934183808,prior
55,RANGER,856.5,1144.75,77.5,28.25,9.4164147147902,1.4164147147902004,4.830790498153725,24.580790498153725,4.483922931325841,10.321541373483187,8.680349347476584,prior
55,ROGUE,831.5,817.0,71.75,28.0,9.406343327810845,1.4063433278108444,4.165267380813727,23.66526738081373,4.496913624464492,10.061727510710162,8.695335779715263,prior
55,WARRIOR,1570.0,782.5,29.0,28.0,9.634346312757764,1.6343463127577635,4.074295098244944,24.074295098244946,4.662676114334947,6.746477713301067,8.729978613518986,prior
56,CLERIC,827.0,1607.75,30.0,27.5,9.40075391217618,1.4007539121761794,5.451806742219715,25.201806742219716,4.655157715260017,6.896845694799659,8.615176151761517,prior
56,MAGE,825.0,1607.75,30.0,27.5,9.399718852715024,1.3997188527150235,5.451806742219715,25.451806742219716,4.655157715260017,6.896845694799659,8.615176151761517,prior
56,PALADIN,853.0,807.25,29.75,78.0,9.415567614241732,1.415567614241732,4.13667291453599,24.136672914535993,4.6575705713319815,6.848588573360379,11.928573767056912,prior
56,RANGER,881.0,1182.75,79.0,28.5,9.428042176439886,1.4280421764398858,4.893062709215904,24.893062709215904,4.48078496093771,10.384300781245818,8.710961592374543,prior
56,ROGUE,854.75,839.25,72.25,28.0,9.417819265820668,1.4178192658206683,4.219133741770223,23.719133741770225,4.495845314969899,10.083093700602024,8.695335779715263,prior
56,WARRIOR,1623.75,803.25,29.75,28.5,9.644281091660924,1.6442810916609236,4.1266692056652285,24.12666920566523,4.6575705713319815,6.848588573360379,8.796822742474916,prior
57,CLERIC,859.75,1690.25,30.5,27.75,9.416942297738256,1.4169422977382564,5.537896558139167,25.537896558139167,4.652005986820958,6.9598802635808426,8.651408035819488,prior
57,MAGE,857.75,1690.25,30.5,27.75,9.415962392398297,1.415962392398297,5.537896558139167,25.537896558139167,4.652005986820958,6.9598802635808426,8.651408035819488,prior
57,PALADIN,887.5,840.5,30.0,79.75,9.431858502385012,1.4318585023850114,4.217437712072358,24.21743771207236,4.6559429671653145,6.881140656693712,11.984765797028354,prior
57,RANGER,916.25,1238.5,80.75,29.0,9.444014807190861,1.4440148071908618,4.980061789524861,24.98006178952486,4.477316519105312,10.453669617893755,8.769110484030412,prior
57,ROGUE,890.5,875.75,74.75,28.25,9.434524008579496,1.4345240085794964,4.303916517189907,24.303916517189908,4.490224883490498,10.19550233019003,8.727223534817304,prior
57,WARRIOR,1707.25,836.5,30.0,29.5,9.65871315420448,1.6587131542044813,4.207848379237574,24.207848379237575,4.6559429671653145,6.881140656693712,8.921382642474544,prior
58,CLERIC,893.25,1774.25,30.75,28.5,9.432796916629467,1.4327969166294667,5.619843749529964,25.619843749529966,4.650607329531955,6.987853409360893,8.749626332746537,prior
58,MAGE,891.25,1774.25,30.75,28.5,9.431869830381558,1.431869830381559,5.619843749529964,25.619843749529966,4.650607329531955,6.987853409360893,8.749626332746537,prior
58,PALADIN,922.0,873.5,30.75,81.0,9.447173290663965,1.4471732906639643,4.29377626102074,24.293776261020742,4.651608090185676,6.967838196286472,12.021459961503675,prior
58,RANGER,951.75,1294.75,82.0,30.0,9.45924152088154,1.4592415208815397,5.063122084730154,25.063122084730153,4.474894582973554,10.502108340528919,8.883754499661588,prior
58,ROGUE,927.0,911.75,76.75,28.75,9.450654195159665,1.450654195159665,4.383758442209068,24.383758442209068,4.48609910274352,10.278017945129594,8.79905808477237,prior
58,WARRIOR,1791.5,869.5,30.75,29.75,9.67212435194652,1.6721243519465196,4.284569131046906,24.284569131046908,4.651608090185676,6.967838196286472,8.947588093208298,prior
59,CLERIC,915.25,1831.75,31.25,29.25,9.442677899752184,1.4426778997521845,5.672743711007448,25.67274371100745,4.647621029713115,7.047579405737705,8.84378576428627,prior
59,MAGE,913.25,1831.75,31.25,29.25,9.441782887935107,1.4417828879351071,5.672743711007448,25.67274371100745,4.647621029713115,7.047579405737705,8.84378576428627,prior
59,PALADIN,944.75,894.5,31.0,82.25,9.456831365998733,1.4568313659987333,4.34098589886366,24.34098589886366,4.650078369905956,6.998432601880878,12.057606301278149,prior
59,RANGER,974.75,1333.5,82.75,30.5,9.468651675671179,1.468651675671178,5.117662579716982,25.117662579716985,4.473507698265292,10.529846034694161,8.953563281850672,prior
59,ROGUE,950.25,935.5,78.0,29.0,9.460497092014593,1.460497092014593,4.434666315617699,24.4346663156177,4.483783295501358,10.324334089972833,8.829670329670328,prior
59,WARRIOR,1848.0,890.5,31.0,29.75,9.680524689721928,1.6805246897219281,4.332011846515072,24.332011846515073,4.650078369905956,6.998432601880878,8.947588093208298,prior
60,CLERIC,948.75,1920.0,31.5,29.75,9.457064061640013,1.4570640616400126,5.749556298042709,25.749556298042712,4.646043505674653,7.079129886506935,8.905689218728952,prior
60,MAGE,946.75,1920.0,31.5,29.75,9.456214679737048,1.4562146797370485,5.749556298042709,25.749556298042712,4.646043505674653,7.079129886506935,8.905689218728952,prior
60,PALADIN,977.25,930.0,31.25,84.5,9.470067701147451,1.470067701147451,4.417902195182041,24.417902195182045,4.64816063174114,7.0367873651771955,12.122038528790586,prior
60,RANGER,1011.25,1393.75,84.0,31.25,9.483032753771022,1.4830327537710217,5.198628470533105,25.198628470533105,4.471294469226264,10.574110615474712,9.035297513659827,prior
60,ROGUE,988.5,969.5,80.5,29.0,9.47586123198187,1.4758612319818702,4.505572307370592,24.505572307370592,4.478639736622074,10.427205267558529,8.829670329670328,prior
60,WARRIOR,1933.0,926.0,31.25,30.5,9.69239397233596,1.6923939723359598,4.409300900359738,24.40930090035974,4.64816063174114,7.0367873651771955,9.033008916549289,prior
61,CLERIC,983.5,2008.5,31.75,30.5,9.471358735024797,1.471358735024797,5.82176403356971,25.82176403356971,4.644308312655087,7.113833746898263,9.004779942279942,prior
61,MAGE,981.5,2008.5,31.75,30.5,9.470553715053939,1.470553715053939,5.82176403356971,25.82176403356971,4.644308312655087,7.113833746898263,9.004779942279942,prior
61,PALADIN,1012.5,964.0,31.75,86.5,9.48383436512076,1.4838343651207593,4.488508415446143,24.488508415446145,4.64482276119403,7.103544776119403,12.173530362985538,prior
61,RANGER,1048.25,1454.75,85.75,32.0,9.496821775230618,1.496821775230618,5.275975538805135,25.275975538805135,4.468042584547016,10.639148309059689,9.134388237210818,prior
61,ROGUE,1023.25,1006.25,82.5,29.25,9.48906452523066,1.4890645252306598,4.578524816524393,24.578524816524393,4.474942110640248,10.501157787195048,8.856883682355381,prior
61,WARRIOR,2022.5,960.0,31.75,31.25,9.704010106633985,1.7040101066339854,4.480242063431459,24.48024206343146,4.64482276119403,7.103544776119403,9.119263020342622,prior
62,CLERIC,1018.5,2100.0,32.0,31.25,9.484896895893247,1.4848968958932471,5.891609956107437,25.891609956107438,4.642987890119876,7.140242197602488,9.086270871985157,prior
62,MAGE,1016.5,2100.0,32.0,31.25,9.48413260713446,1.4841326071344607,5.891609956107437,25.891609956107438,4.642987890119876,7.140242197602488,9.086270871985157,prior
62,PALADIN,1044.75,999.75,32.25,89.25,9.495770072125087,1.4957700721250875,4.560121762331109,24.56012176233111,4.641709305871934,7.165813882561333,12.243904743904743,prior
62,RANGER,1087.0,1515.5,87.5,32.75,9.510476482660353,1.5104764826603527,5.34893120100845,25.34893120100845,4.464978630329847,10.700427393403057,9.215879166916032,prior
62,ROGUE,1060.25,1042.25,84.0,29.5,9.502508273240833,1.5025082732408328,4.6474847274660664,24.647484727466068,4.471950045700738,10.560999085985248,8.883089133089133,prior
62,WARRIOR,2111.0,995.75,32.25,31.75,9.714639116117123,1.7146391161171226,4.552189157291338,24.55218915729134,4.641709305871934,7.165813882561333,9.178713151927438,prior
63,CLERIC,1041.75,2163.0,32.5,31.25,9.4935658336592,1.4935658336592015,5.937243443233219,25.93724344323322,4.639778062313273,7.204438753734529,9.086270871985157,prior
63,MAGE,1039.75,2163.0,32.5,31.25,9.492827160454233,1.4928271604542331,5.937243443233219,25.93724344323322,4.639778062313273,7.204438753734529,9.086270871985157,prior
63,PALADIN,1066.5,1023.5,32.5,90.25,9.503452273625935,1.5034522736259364,4.605911590923926,24.605911590923924,4.640388883336723,7.192222333265558,12.267545307799544,prior
63,RANGER,1111.75,1559.0,88.0,32.75,9.518784100774052,1.5187841007740532,5.398898740679071,25.398898740679073,4.464082113936405,10.718357721271909,9.215879166916032,prior
63,ROGUE,1085.75,1067.0,86.75,29.75,9.511353853498136,1.511353853498135,4.693320183647032,24.69332018364703,4.467003952889435,10.659920942211311,8.908341658341659,prior
63,WARRIOR,2171.25,1019.5,32.5,32.0,9.721438587868617,1.7214385878686165,4.59818830040869,24.598188300408694,4.640388883336723,7.192222333265558,9.203965677179962,prior
64,CLERIC,1078.0,2257.75,33.5,32.5,9.506518966759828,1.5065189667598284,6.00225581457649,26.002255814576493,4.634406094527363,7.311878109452737,9.237986270022883,prior
64,MAGE,1076.0,2257.75,33.5,32.5,9.505817736881747,1.5058177368817476,6.00225581457649,26.002255814576493,4.634406094527363,7.311878109452737,9.237986270022883,prior
64,PALADIN,1102.0,1058.5,33.0,92.75,9.515480893886073,1.5154808938860733,4.671303763003048,24.67130376300305,4.637664730952413,7.2467053809517346,12.326780917010831,prior
64,RANGER,1149.75,1625.0,90.5,33.75,9.53110434233766,1.5311043423376596,5.471073555133255,25.47107355513326,4.459847463602993,10.803050727940134,9.344098324352254,prior
64,ROGUE,1125.0,1104.0,89.25,30.0,9.524361826108413,1.5243618261084122,4.759319866728396,24.759319866728397,4.462400402398358,10.751991952032833,8.949869897544316,prior
64,WARRIOR,2265.5,1054.5,33.0,32.75,9.731444034961998,1.7314440349619975,4.663874794721062,24.663874794721064,4.637664730952413,7.2467053809517346,9.282424812030076,prior
65,CLERIC,1112.5,2354.5,34.0,33.25,9.518108040205629,1.518108040205628,6.064469422110719,26.06446942211072,4.631717113215149,7.3656577356970185,9.318048422597212,prior
65,MAGE,1110.5,2354.5,34.0,33.25,9.517439294863292,1.5174392948632924,6.064469422110719,26.06446942211072,4.631717113215149,7.3656577356970185,9.318048422597212,prior
65,PALADIN,1137.25,1093.75,33.5,94.75,9.526883678269536,1.5268836782695367,4.734892955853373,24.734892955853375,4.634680964873486,7.3063807025302765,12.372898502740682,prior
65,RANGER,1189.5,1690.5,92.0,34.25,9.543225040015258,1.5432250400152583,5.539022197329323,25.539022197329324,4.457274270237385,10.854514595252295,9.401474451518235,prior
65,ROGUE,1164.5,1141.25,90.75,30.5,9.53673384309995,1.5367338430999506,4.823112352278739,24.82311235227874,4.459838534546069,10.80322930907862,9.013861138861138,prior
65,WARRIOR,2360.75,1089.75,33.5,33.0,9.74084973249361,1.74084973249361,4.727745262604299,24.7277452626043,4.634680964873486,7.3063807025302765,9.314312567132117,prior
66,CLERIC,1149.5,2452.75,34.5,33.5,9.529926914354673,1.5299269143546734,6.12387897750092,26.123878977500922,4.629103628084606,7.417927438307873,9.339965430195107,prior
66,MAGE,1147.5,2452.75,34.5,33.5,9.529290489945398,1.529290489945398,6.12387897750092,26.123878977500922,4.629103628084606,7.417927438307873,9.339965430195107,prior
66,PALADIN,1175.25,1129.25,33.75,96.0,9.538551515169548,1.538551515169548,4.796291448052854,24.796291448052855,4.633466137031946,7.33067725936108,12.401160629337436,prior
66,RANGER,1230.25,1758.25,93.25,34.5,9.554987744589052,1.5549877445890523,5.605431772400821,25.60543177240082,4.455303886543371,10.893922269132585,9.42339145911613,prior
66,ROGUE,1203.75,1179.0,93.25,31.25,9.548469940385786,1.548469940385786,4.885375258218008,24.88537525821801,4.455768833825232,10.88462332349535,9.093982496853576,prior
66,WARRIOR,2461.25,1125.25,33.75,33.25,9.750071109530495,1.7500711095304946,4.7894096239582105,24.789409623958214,4.633466137031946,7.33067725936108,9.336998592540464,prior
67,CLERIC,1188.5,2553.25,35.0,34.0,9.541729458623808,1.5417294586238075,6.180849656072941,26.180849656072944,4.626424509897221,7.471509802055577,9.395127118644067,prior
67,MAGE,1186.5,2553.25,35.0,34.0,9.541124449623076,1.541124449623077,6.180849656072941,26.180849656072944,4.626424509897221,7.471509802055577,9.395127118644067,prior
67,PALADIN,1211.75,1168.0,34.0,98.0,9.549371503798117,1.5493715037981173,4.860988450719991,24.860988450719994,4.632067479742943,7.35865040514113,12.441539380731157,prior
67,RANGER,1274.0,1825.75,95.0,34.75,9.567011815755244,1.5670118157552437,5.668073263059223,25.668073263059224,4.45262019564473,10.947596087105403,9.456636139967195,prior
67,ROGUE,1243.25,1215.75,94.5,31.5,9.559672340668405,1.5596723406684045,4.943610989588306,24.943610989588308,4.453750000175137,10.924999996497261,9.116668522261923,prior
67,WARRIOR,2561.25,1164.0,34.0,33.5,9.758657866987372,1.758657866987372,4.854381942606993,24.854381942606995,4.632067479742943,7.35865040514113,9.360494833141967,prior
68,CLERIC,1213.75,2621.5,36.0,34.0,9.54902629584361,1.54902629584361,6.217658272894304,26.217658272894305,4.621214584449287,7.575708311014246,9.395127118644067,prior
68,MAGE,1211.75,2621.5,36.0,34.0,9.54844027462326,1.5484402746232608,6.217658272894304,26.217658272894305,4.621214584449287,7.575708311014246,9.395127118644067,prior
68,PALADIN,1237.0,1192.0,34.75,99.5,9.556513275747523,1.5565132757475242,4.899451131222048,24.89945113122205,4.627577335616962,7.4484532876607465,12.475266589792653,prior
68,RANGER,1302.0,1873.0,96.5,34.75,9.574356100391945,1.5743561003919444,5.7100347342955615,25.71003473429556,4.450329700941637,10.993405981167252,9.456636139967195,prior
68,ROGUE,1270.75,1240.75,96.0,31.5,9.567125953383458,1.5671259533834587,4.98202615082825,24.98202615082825,4.451245857007576,10.975082859848484,9.116668522261923,prior
68,WARRIOR,2629.75,1188.0,34.75,33.75,9.76418020931674,1.7641802093167396,4.893004957755656,24.893004957755657,4.627577335616962,7.4484532876607465,9.391107078039926,prior
69,CLERIC,1253.75,2726.75,36.25,34.5,9.560198405197468,1.5601984051974682,6.271621972089522,26.271621972089523,4.619637060410827,7.607258791783478,9.4375,prior
69,MAGE,1251.75,2726.75,36.25,34.5,9.55964095846111,1.55964095846111,6.271621972089522,26.271621972089523,4.619637060410827,7.607258791783478,9.4375,prior
69,PALADIN,1274.25,1231.75,35.25,101.25,9.566633187874858,1.5666331878748578,4.961400843893515,24.961400843893514,4.624641115926328,7.507177681473456,12.510224473802584,prior
69,RANGER,1346.75,1944.0,99.5,35.0,9.585647201950138,1.5856472019501373,5.770455133531907,25.770455133531907,4.44583085922177,11.083382815564597,9.47782258064516,prior
69,ROGUE,1312.0,1279.75,98.0,31.5,9.577883556215003,1.577883556215002,5.040009630482596,25.040009630482597,4.448399657587201,11.032006848255993,9.116668522261923,prior
69,WARRIOR,2733.25,1227.75,35.25,34.25,9.772068302795368,1.7720683027953692,4.955209370525787,24.95520937052579,4.624641115926328,7.507177681473456,9.435710111046172,prior
70,CLERIC,1294.0,2832.75,36.5,34.75,9.570903605876783,1.570903605876782,6.3228184198063335,26.322818419806335,4.618422232569286,7.631555348614281,9.457991803278688,prior
70,MAGE,1292.0,2832.75,36.5,34.75,9.570372891356403,1.5703728913564023,6.3228184198063335,26.322818419806335,4.618422232569286,7.631555348614281,9.457991803278688,prior
70,PALADIN,1311.75,1271.75,36.0,103.0,9.576378546280184,1.5763785462801834,5.021246950173445,25.021246950173445,4.62083866837388,7.583226632522407,12.546255890339683,prior
70,RANGER,1391.0,2016.25,102.0,35.0,9.596217755907936,1.596217755907937,5.828645712984744,25.828645712984745,4.442129493656015,11.1574101268797,9.47782258064516,prior
70,ROGUE,1354.0,1320.0,100.5,31.75,9.588299639487392,1.588299639487392,5.097653429006509,25.09765342900651,4.444731060856876,11.105378782862479,9.138585529859819,prior
70,WARRIOR,2838.25,1267.75,36.0,34.5,9.77956424282905,1.7795642428290503,5.015296626053398,25.0152966260534,4.62083866837388,7.583226632522407,9.457627118644067,prior
71,CLERIC,1333.5,2939.5,37.0,35.25,9.580929841541112,1.5809298415411117,6.371272608228387,26.371272608228388,4.61588991537847,7.682201692430604,9.50789537126326,prior
71,MAGE,1331.5,2939.5,37.0,35.25,9.580423580079808,1.5804235800798079,6.371272608228387,26.371272608228388,4.61588991537847,7.682201692430604,9.50789537126326,prior
71,PALADIN,1350.75,1311.75,36.5,104.25,9.586104577682642,1.5861045776826415,5.0790212225887625,25.079021222588764,4.618261954043434,7.63476091913132,12.571528149966134,prior
71,RANGER,1435.75,2087.5,103.25,35.5,9.606370823654217,1.6063708236542174,5.883114318855934,25.883114318855934,4.440378879442537,11.192422411149245,9.527726148629732,prior
71,ROGUE,1396.75,1360.5,103.75,32.25,9.598420668707085,1.5984206687070852,5.153336820492243,25.153336820492243,4.440194630219613,11.196107395607726,9.204744860725032,prior
71,WARRIOR,2946.75,1307.75,36.5,34.75,9.786811044409871,1.786811044409872,5.073299622374024,25.073299622374023,4.618261954043434,7.63476091913132,9.48703888334995,prior
72,CLERIC,1376.0,3049.5,37.5,35.75,9.591182610165784,1.5911826101657844,6.4184099419985365,26.418409941998537,4.613556167156564,7.728876656868726,9.559613903731773,prior
72,MAGE,1374.0,3049.5,37.5,35.75,9.590700738892732,1.5907007388927328,6.4184099419985365,26.418409941998537,4.613556167156564,7.728876656868726,9.559613903731773,prior
72,PALADIN,1387.75,1351.75,37.0,106.25,9.594904530578656,1.5949045305786553,5.134752886637626,25.134752886637628,4.6158765363767715,7.682469272464562,12.610312184799303,prior
72,RANGER,1482.75,2161.0,105.75,35.75,9.616483916995684,1.616483916995683,5.93648872795539,25.93648872795539,4.436978206251153,11.260435874976949,9.559613903731773,prior
72,ROGUE,1436.75,1403.0,105.25,32.5,9.607406790341784,1.607406790341785,5.209520065834927,25.20952006583493,4.438158765254354,11.23682469491293,9.230950311458786,prior
72,WARRIOR,3054.75,1347.75,37.0,35.25,9.793565817335864,1.793565817335864,5.129248018870151,25.129248018870154,4.6158765363767715,7.682469272464562,9.5376370887338,prior
73,CLERIC,1415.5,3162.75,38.5,36.25,9.600278529504298,1.6002785295042967,6.4641676036869,26.464167603686903,4.609128029504742,7.8174394099051625,9.610056925996204,prior
73,MAGE,1413.5,3162.75,38.5,36.25,9.599817795625366,1.5998177956253654,6.4641676036869,26.464167603686903,4.609128029504742,7.8174394099051625,9.610056925996204,prior
73,PALADIN,1427.5,1389.75,37.25,108.5,9.60395889062695,1.6039588906269504,5.185501392872372,25.185501392872375,4.6145927922453165,7.70814415509367,12.65210402281986,prior
73,RANGER,1526.75,2238.0,108.0,36.25,9.625512015737712,1.6255120157377125,5.989655439960007,25.98965543996001,4.434063242428705,11.318735151425917,9.610056925996204,prior
73,ROGUE,1478.5,1444.0,107.75,33.25,9.616371501714196,1.616371501714196,5.261590930843021,25.26159093084302,4.434890765120028,11.30218469759944,9.304602630074328,prior
73,WARRIOR,3166.5,1385.75,37.25,36.25,9.800119078388974,1.8001190783889731,5.180189705171634,25.180189705171635,4.6145927922453165,7.70814415509367,9.634809228361929,prior
74,CLERIC,1457.5,3276.25,38.75,37.0,9.609506817629015,1.6095068176290144,6.507456957433741,26.507456957433742,4.607913201663202,7.841735966735966,9.686950462567161,prior
74,MAGE,1455.5,3276.25,38.75,37.0,9.609067030848326,1.6090670308483257,6.507456957433741,26.507456957433742,4.607913201663202,7.841735966735966,9.686950462567161,prior
74,PALADIN,1467.0,1429.5,38.0,110.25,9.612552396865492,1.612552396865493,5.236545836895001,25.236545836895,4.610830269607844,7.783394607843137,12.684292252370057,prior
74,RANGER,1573.25,2314.25,110.0,37.0,9.634626698778591,1.6346266987785913,6.039614451529022,26.039614451529022,4.431511010309082,11.36977979381837,9.686950462567161,prior
74,ROGUE,1522.5,1484.5,109.75,33.75,9.625398513899857,1.625398513899857,5.311391758885534,25.311391758885534,4.432457249038544,11.350855019229133,9.367039964866052,prior
74,WARRIOR,3278.75,1425.5,38.0,36.25,9.806290974933903,1.8062909749339031,5.231424631255227,25.23142463125523,4.610830269607844,7.783394607843137,9.634809228361929,prior
75,CLERIC,1499.25,3391.5,39.5,37.25,9.618273126781597,1.6182731267815966,6.549017708446097,26.5490177084461,4.604744841147135,7.905103177057291,9.706151691445807,prior
75,MAGE,1497.25,3391.5,39.5,37.25,9.617852794823726,1.617852794823727,6.549017708446097,26.5490177084461,4.604744841147135,7.905103177057291,9.706151691445807,prior
75,PALADIN,1507.75,1470.25,38.5,111.25,9.62103628982267,1.6210362898226696,5.287301323582055,25.287301323582057,4.608418880837359,7.831622383252818,12.70065414524663,prior
75,RANGER,1621.0,2391.25,112.25,37.25,9.643506757286309,1.6435067572863091,6.087678559131398,26.087678559131398,4.428778368312977,11.424432633740459,9.706151691445807,prior
75,ROGUE,1565.25,1528.75,111.75,34.25,9.633772829431553,1.633772829431554,5.363511853904932,25.36351185390493,4.429766625009329,11.404667499813419,9.41188241749539,prior
75,WARRIOR,3393.75,1466.25,38.5,36.25,9.812240263472217,1.812240263472217,5.282366747800243,25.282366747800243,4.608418880837359,7.831622383252818,9.634809228361929,prior
76,CLERIC,1542.25,3508.25,39.5,38.0,9.626882692111717,1.6268826921117183,6.588805233965273,26.588805233965275,4.604744841147135,7.905103177057291,9.770567425083241,prior
76,MAGE,1540.25,3508.25,39.5,38.0,9.626481019015872,1.6264810190158712,6.588805233965273,26.588805233965275,4.604744841147135,7.905103177057291,9.770567425083241,prior
76,PALADIN,1549.0,1510.5,38.5,112.75,9.629246356044348,1.6292463560443489,5.335587869285442,25.335587869285444,4.608418880837359,7.831622383252818,12.729211621785659,prior
76,RANGER,1670.5,2469.25,114.75,37.75,9.652271124562708,1.652271124562708,6.134001225981967,26.13400122598197,4.425656702898551,11.486865942028984,9.75196623460705,prior
76,ROGUE,1610.5,1571.75,113.5,34.75,9.64225624194587,1.6422562419458697,5.4123951747812935,25.412395174781295,4.427834275036868,11.44331449926265,9.456965720114388,prior
76,WARRIOR,3510.5,1506.5,38.5,36.75,9.817916327870089,1.8179163278700887,5.330827525169888,25.33082752516989,4.608418880837359,7.831622383252818,9.682920548714828,prior
77,CLERIC,1585.75,3627.5,39.75,38.5,9.635280982210492,1.635280982210492,6.6272361004566385,26.627236100456642,4.603215120867415,7.935697582651697,9.816876814223512,prior
77,MAGE,1583.75,3627.5,39.75,38.5,9.63489719016414,1.63489719016414,6.6272361004566385,26.627236100456642,4.603215120867415,7.935697582651697,9.816876814223512,prior
77,PALADIN,1588.75,1553.25,39.0,115.0,9.636811872522031,1.6368118725220313,5.384909135680191,25.384909135680193,4.605739762649974,7.885204747000522,12.768408439578845,prior
77,RANGER,1718.75,2548.5,116.5,38.0,9.660429538846103,1.6604295388461034,6.178829726630192,26.17882972663019,4.423561011439765,11.5287797712047,9.780246777593476,prior
77,ROGUE,1654.0,1615.5,116.5,35.25,9.650018683971476,1.6500186839714766,5.460266595206531,25.46026659520653,4.424152719619496,11.516945607610081,9.524900502723083,prior
77,WARRIOR,3627.5,1549.25,39.0,37.0,9.823260443817032,1.823260443817032,5.380323265000941,25.380323265000943,4.605739762649974,7.885204747000522,9.710133901399878,prior
78,CLERIC,1629.75,3748.25,40.0,40.0,9.643339856116597,1.6433398561165968,6.664067682921678,26.66406768292168,4.601731063879627,7.965378722407463,9.949494949494948,prior
78,MAGE,1627.75,3748.25,40.0,40.0,9.642972788004682,1.6429727880046827,6.664067682921678,26.66406768292168,4.601731063879627,7.965378722407463,9.949494949494948,prior
78,PALADIN,1630.0,1594.5,39.25,117.5,9.64432679181443,1.64432679181443,5.430760367099315,25.430760367099317,4.604491189590613,7.910176208187737,12.8086112493778,prior
78,RANGER,1768.0,2627.5,118.0,39.25,9.668313351432548,1.6683133514325479,6.221422167653667,26.221422167653667,4.421786256499295,11.564274870014112,9.895382395382395,prior
78,ROGUE,1699.25,1661.0,119.25,35.5,9.657772573779535,1.6577725737795346,5.508206922010967,25.50820692201097,4.421027304233795,11.579453915324091,9.544101731601732,prior
78,WARRIOR,3747.0,1590.5,39.25,37.5,9.828410142422419,1.828410142422419,5.426333726833739,25.42633372683374,4.604491189590613,7.910176208187737,9.749826933557214,prior
79,CLERIC,1674.25,3869.75,40.25,40.25,9.651148703578095,1.6511487035780936,6.699232480316033,26.699232480316034,4.6002906556267735,7.994186887464531,9.96645560078396,prior
79,MAGE,1672.25,3869.75,40.25,40.25,9.650797500552368,1.6507975005523692,6.699232480316033,26.699232480316034,4.6002906556267735,7.994186887464531,9.96645560078396,prior
79,PALADIN,1671.0,1636.75,39.5,119.75,9.651490778238019,1.6514907782380188,5.476290354997326,25.476290354997328,4.603207445459158,7.935851090816845,12.843661971830986,prior
79,RANGER,1816.75,2709.0,118.75,39.5,9.675782767298882,1.675782767298882,6.263315183314795,26.263315183314795,4.42091651978397,11.581669604320611,9.913983585858585,prior
79,ROGUE,1744.25,1704.75,121.25,36.5,9.66511771913311,1.66511771913311,5.5526325419933755,25.552632541993376,4.4186839594554455,11.626320810891091,9.642437567132117,prior
79,WARRIOR,3868.25,1632.75,39.5,38.0,9.833330387908553,1.833330387908553,5.472019421453261,25.47201942145326,4.603207445459158,7.935851090816845,9.79586316165744,prior
80,CLERIC,1718.75,3994.75,41.25,40.5,9.658704915726805,1.6587049157268048,6.733523753683357,26.733523753683357,4.5953125,8.09375,9.991708126036485,prior
80,MAGE,1716.75,3994.75,41.25,40.5,9.658368818229153,1.6583688182291536,6.733523753683357,26.733523753683357,4.5953125,8.09375,9.991708126036485,prior
80,PALADIN,1712.5,1681.25,40.25,121.25,9.658452291450427,1.6584522914504265,5.522208150007692,25.522208150007692,4.599495471498896,8.010090570022077,12.86799690880839,prior
80,RANGER,1865.0,2792.5,120.25,39.75,9.68284909568648,1.6828490956864797,6.30425425088766,26.30425425088766,4.4192523859938895,11.614952280122202,9.93923611111111,prior
80,ROGUE,1793.5,1748.5,123.0,37.0,9.67279047212577,1.6727904721257705,5.595533684200628,25.59553368420063,4.41678630126895,11.664273974620988,9.688619833141967,prior
80,WARRIOR,3991.5,1677.25,40.25,38.25,9.838048894101236,1.8380488941012367,5.518090827388308,25.51809082738831,4.599495471498896,8.010090570022077,9.821115686909966,prior
81,CLERIC,1762.75,4121.5,41.75,41.25,9.665829923389007,1.665829923389007,6.766464994683588,26.766464994683588,4.5930397727272725,8.139204545454545,10.058271951928669,prior
81,MAGE,1760.75,4121.5,41.75,41.25,9.6655077211349,1.6655077211348988,6.766464994683588,26.766464994683588,4.5930397727272725,8.139204545454545,10.058271951928669,prior
81,PALADIN,1755.5,1725.25,40.5,123.0,9.665386161126904,1.6653861611269027,5.566102253215977,25.56610225321598,4.598280643657356,8.03438712685288,12.895159071208688,prior
81,RANGER,1914.5,2877.25,121.75,40.5,9.689801738532218,1.6898017385322186,6.343885839876822,26.343885839876823,4.41763858929806,11.647228214038792,10.005799937003296,prior
81,ROGUE,1841.75,1793.0,124.75,37.5,9.68001790318695,1.6800179031869504,5.637623421043172,25.637623421043173,4.414957820257975,11.700843594840503,9.737260924193773,prior
81,WARRIOR,4118.5,1721.25,40.5,38.5,9.842642119273238,1.842642119273238,5.5621293755340195,25.56212937553402,4.598280643657356,8.03438712685288,9.845466336260614,prior
82,CLERIC,1810.0,4250.25,42.25,42.0,9.673204152204871,1.673204152204872,6.798232902708278,26.79823290270828,4.590626692849404,8.187466143011918,10.12091602654256,prior
82,MAGE,1808.0,4250.25,42.25,42.0,9.672896082473127,1.6728960824731258,6.798232902708278,26.79823290270828,4.590626692849404,8.187466143011918,10.12091602654256,prior
82,PALADIN,1799.75,1770.5,41.25,124.5,9.672202922403148,1.6722029224031472,5.609794372491521,25.60979437249152,4.594895352669743,8.102092946605142,12.917246282151,prior
82,RANGER,1965.75,2962.25,123.5,41.75,9.696650299626988,1.6966502996269872,6.381785353555761,26.381785353555763,4.415779624070285,11.684407518594302,10.104454217938521,prior
82,ROGUE,1889.5,1837.25,126.75,37.5,9.686856838762267,1.6868568387622673,5.677933814584088,25.677933814584087,4.412989577732709,11.74020844534582,9.737260924193773,prior
82,WARRIOR,4247.5,1766.5,41.25,38.75,9.847047712037135,1.8470477120371354,5.605962946908795,25.605962946908797,4.594895352669743,8.102092946605142,9.868962576862119,prior
83,CLERIC,1853.0,4383.75,42.75,42.75,9.679633676004586,1.679633676004586,6.829507514105444,26.829507514105444,4.588330217236467,8.233395655270655,10.183168338222561,prior
83,MAGE,1851.0,4383.75,42.75,42.75,9.679337668317666,1.6793376683176664,6.829507514105444,26.829507514105444,4.588330217236467,8.233395655270655,10.183168338222561,prior
83,PALADIN,1843.5,1815.5,41.75,127.0,9.678702142189238,1.6787021421892376,5.651719033824956,25.651719033824957,4.592530487804878,8.149390243902438,12.953390480567165,prior
83,RANGER,2014.0,3051.5,124.5,42.25,9.702775010947459,1.702775010947458,6.419840905509479,26.41984090550948,4.41472503160659,11.705499367868201,10.150721874887065,prior
83,ROGUE,1939.5,1882.5,128.5,38.25,9.693692334996067,1.6936923349960669,5.717900789940251,25.717900789940252,4.411243228485395,11.775135430292092,9.799346474682535,prior
83,WARRIOR,4378.5,1811.5,41.75,39.0,9.851281938907775,1.8512819389077748,5.648020933106281,25.64802093310628,4.592530487804878,8.149390243902438,9.891648602270466,prior
84,CLERIC,1899.5,4517.0,43.0,43.0,9.68628438347524,1.6862843834752401,6.859125480112729,26.85912548011273,4.587342186522827,8.253156269543464,10.1996301468266,prior
84,MAGE,1897.5,4517.0,43.0,43.0,9.686000570486987,1.686000570486987,6.859125480112729,26.85912548011273,4.587342186522827,8.253156269543464,10.1996301468266,prior
84,PALADIN,1886.75,1862.25,42.75,128.5,9.684843694212358,1.6848436942123581,5.693445212958434,25.693445212958434,4.587955128953204,8.240897420935932,12.974711164468143,prior
84,RANGER,2065.25,3141.25,125.5,43.0,9.709052048803514,1.709052048803513,6.45631117438121,26.456311174381213,4.413730303246707,11.725393935065856,10.1996301468266,prior
84,ROGUE,1988.75,1929.0,129.75,38.75,9.70013037884927,1.7001303788492703,5.7574640503694035,25.757464050369407,4.409968760344257,11.800624793114862,9.83822413356944,prior
84,WARRIOR,4511.0,1858.25,42.75,39.25,9.855327633930186,1.855327633930186,5.6898769652457,25.689876965245702,4.587955128953204,8.240897420935932,9.913565609868362,prior
85,CLERIC,1945.0,4651.75,43.5,43.25,9.692531195724495,1.6925311957244942,6.8875698179276466,26.88756981792765,4.585129390718829,8.29741218562342,10.223126387428104,prior
85,MAGE,1943.0,4651.75,43.5,43.25,9.69225860272543,1.6922586027254294,6.8875698179276466,26.88756981792765,4.585129390718829,8.29741218562342,10.223126387428104,prior
85,PALADIN,1930.75,1909.75,43.0,129.75,9.690854526334082,1.6908545263340824,5.734398588324671,25.734398588324673,4.586990906208566,8.260181875828673,12.993031288477445,prior
85,RANGER,2116.25,3231.25,127.5,43.25,9.715028588420385,1.715028588420385,6.491177580379816,26.491177580379816,4.4116720724050325,11.766558551899355,10.223126387428104,prior
85,ROGUE,2037.75,1973.75,131.25,39.5,9.706291800345827,1.7062918003458276,5.79431214145367,25.79431214145367,4.408494698236546,11.830106035269079,9.905284147557328,prior
85,WARRIOR,4645.5,1905.75,43.0,39.5,9.859208121978558,1.8592081219785577,5.730955620069185,25.730955620069185,4.586990906208566,8.260181875828673,9.939771060602116,prior
86,CLERIC,1991.25,4789.25,44.25,43.75,9.69866073471418,1.6986607347141796,6.915183774732171,26.91518377473217,4.582256276530048,8.354874469399046,10.261340363147012,prior
86,MAGE,1989.25,4789.25,44.25,43.75,9.698398961346772,1.6983989613467725,6.915183774732171,26.91518377473217,4.582256276530048,8.354874469399046,10.261340363147012,prior
86,PALADIN,1973.5,1958.0,43.5,131.75,9.69650978477211,1.6965097847721093,5.774504671545129,25.77450467154513,4.584833253734458,8.303334925310836,13.019932370261317,prior
86,RANGER,2166.5,3324.5,129.75,43.75,9.720674165005661,1.7206741650056614,6.525718805316255,26.525718805316256,4.4094700464624825,11.81059907075036,10.261340363147012,prior
86,ROGUE,2087.0,2021.0,133.25,40.0,9.712232137743205,1.712232137743206,5.831742456131811,25.831742456131813,4.4066226556258945,11.867546887482115,9.94954934527521,prior
86,WARRIOR,4779.25,1954.0,43.5,40.0,9.862878062660867,1.8628780626608665,5.7711821735123765,25.77118217351238,4.584833253734458,8.303334925310836,9.983624776330831,prior
87,CLERIC,2037.25,4930.0,44.75,44.5,9.704437634513242,1.704437634513242,6.942074050454352,26.94207405045435,4.580053417974867,8.39893164050266,10.324935614701563,prior
87,MAGE,2035.25,4930.0,44.75,44.5,9.704185777412969,1.7041857774129685,6.942074050454352,26.94207405045435,4.580053417974867,8.39893164050266,10.324935614701563,prior
87,PALADIN,2018.25,2006.5,44.25,134.0,9.702178063379996,1.7021780633799963,5.813503485133163,25.813503485133165,4.581732206937799,8.36535586124402,13.049312432874075,prior
87,RANGER,2218.25,3419.25,131.5,44.5,9.726270435272928,1.7262704352729283,6.559263777440906,26.559263777440908,4.407787879846351,11.84424240307297,10.324935614701563,prior
87,ROGUE,2138.5,2067.5,134.75,40.5,9.718184858536311,1.7181848585363122,5.867584753203548,25.867584753203552,4.405246533949569,11.895069321008627,9.99229064827082,prior
87,WARRIOR,4916.75,2002.5,44.25,40.75,9.866458220364075,1.8664582203640752,5.81029624299431,25.810296242994312,4.581732206937799,8.36535586124402,10.045205500713974,prior
88,CLERIC,2086.75,5069.5,45.0,45.0,9.710431244177519,1.710431244177519,6.967453570628472,26.96745357062847,4.5788709855424345,8.422580289151307,10.356010812692578,prior
88,MAGE,2084.75,5069.5,45.0,45.0,9.710189494683354,1.7101894946833536,6.967453570628472,26.96745357062847,4.5788709855424345,8.422580289151307,10.356010812692578,prior
88,PALADIN,2064.0,2053.75,44.5,136.25,9.707805332572075,1.7078053325720748,5.850355347543102,25.850355347543104,4.580610795454545,8.38778409090909,13.077449932933852,prior
88,RANGER,2272.5,3513.5,134.25,44.75,9.731906328334409,1.7319063283344094,6.591184005546405,26.591184005546406,4.4052273947380005,11.895452105239995,10.34092026943302,prior
88,ROGUE,2189.5,2114.0,136.0,41.5,9.723850691385078,1.7238506913850768,5.9022102266921355,25.902210226692137,4.404141595716525,11.917168085669497,10.080025608194623,prior
88,WARRIOR,5056.5,2049.75,44.5,41.5,9.869916296610036,1.8699162966100369,5.847255387045728,25.847255387045728,4.580610795454545,8.38778409090909,10.098249859961692,prior
89,CLERIC,2135.0,5212.75,45.25,45.0,9.716118172508832,1.716118172508831,6.992266148021129,26.99226614802113,4.577973242724378,8.440535145512456,10.356010812692578,prior
89,MAGE,2133.0,5212.75,45.25,45.0,9.715885887778025,1.7158858877780259,6.992266148021129,26.99226614802113,4.577973242724378,8.440535145512456,10.356010812692578,prior
89,PALADIN,2110.0,2101.0,44.5,138.5,9.713256852880697,1.7132568528806966,5.885884678239979,25.885884678239982,4.580610795454545,8.38778409090909,13.104804342293985,prior
89,RANGER,2325.0,3609.0,137.0,44.75,9.737121427358545,1.7371214273585456,6.622076355674733,26.622076355674736,4.40271956847606,11.945608630478795,10.34092026943302,prior
89,ROGUE,2242.25,2163.25,138.5,41.75,9.729456550287045,1.7294565502870447,5.937670362694082,25.937670362694085,4.401855770159509,11.962884596809818,10.10051741147331,prior
89,WARRIOR,5198.0,2097.0,44.5,42.0,9.873236964244441,1.8732369642444402,5.8828862517535345,25.882886251753536,4.580610795454545,8.38778409090909,10.137465146793506,prior
90,CLERIC,2201.25,5405.75,46.5,45.25,9.723495659797903,1.7234956597979032,7.023890011436314,27.023890011436315,4.572917922594646,8.541641548107066,10.377197253370543,prior
90,MAGE,2199.25,5405.75,46.5,45.25,9.723275299858877,1.723275299858877,7.023890011436314,27.023890011436315,4.572917922594646,8.541641548107066,10.377197253370543,prior
90,PALADIN,2173.0,2167.25,45.0,140.5,9.720352935989508,1.7203529359895082,5.933849430416506,25.933849430416508,4.5785990204648295,8.428019590703414,13.12848031679579,prior
90,RANGER,2397.5,3738.25,141.5,45.25,9.744041057845976,1.7440410578459757,6.661776267240822,26.661776267240825,4.398808790245185,12.023824195096303,10.377197253370543,prior
90,ROGUE,2312.75,2231.5,141.75,41.75,9.736644783653182,1.736644783653182,5.984805345128224,25.984805345128226,4.3990402702959575,12.019194594080853,10.10051741147331,prior
90,WARRIOR,5389.75,2163.25,45.0,42.25,9.877472270775513,1.8774722707755123,5.930985535428506,25.930985535428505,4.5785990204648295,8.428019590703414,10.154947664276023,prior
91,CLERIC,2252.25,5554.25,47.0,45.75,9.728916773623148,1.7289167736231472,7.0468773083972005,27.0468773083972,4.570995756616801,8.580084867663981,10.417519834015705,prior
91,MAGE,2250.25,5554.25,47.0,45.75,9.728704976951413,1.7287049769514136,7.0468773083972005,27.0468773083972,4.570995756616801,8.580084867663981,10.417519834015705,prior
91,PALADIN,2221.25,2215.75,46.0,143.5,9.725557337841076,1.7255573378410762,5.9676758889784605,25.967675888978462,4.574505254919499,8.509894901610018,13.162800293740636,prior
91,RANGER,2453.25,3836.0,144.0,46.0,9.74909716708744,1.7490971670874402,6.690357850239007,26.690357850239007,4.396713098999798,12.065738020004037,10.432191195518053,prior
91,ROGUE,2366.25,2280.5,143.5,42.5,9.741837761460085,1.7418377614600842,6.017416921762221,26.017416921762223,4.39758435239928,12.048312952014419,10.168856104704151,prior
91,WARRIOR,5536.5,2211.75,46.0,43.5,9.880526945145546,1.8805269451455455,5.964905125417378,25.964905125417378,4.574505254919499,8.509894901610018,10.24467735954569,prior
92,CLERIC,2302.0,5703.75,47.75,46.75,9.733993733386733,1.733993733386733,7.068961610214909,27.06896161021491,4.568200360136394,8.635992797272127,10.486751152073733,prior
92,MAGE,2300.0,5703.75,47.75,46.75,9.733789791466771,1.7337897914667706,7.068961610214909,27.06896161021491,4.568200360136394,8.635992797272127,10.486751152073733,prior
92,PALADIN,2268.5,2266.5,46.25,146.5,9.73048722629664,1.7304872262966402,6.001979430514615,26.001979430514616,4.573628149867374,8.527437002652519,13.195889140569946,prior
92,RANGER,2508.0,3935.0,146.5,47.0,9.753883832789477,1.7538838327894775,6.718062173959121,26.718062173959122,4.394702852023294,12.10594295953412,10.501020558466426,prior
92,ROGUE,2422.25,2332.0,146.25,42.5,9.747062058667213,1.7470620586672125,6.050431981537323,26.050431981537322,4.395374509860409,12.092509802791808,10.168856104704151,prior
92,WARRIOR,5684.0,2262.5,46.25,44.25,9.88345039143442,1.8834503914344207,5.999301637500841,25.999301637500842,4.573628149867374,8.527437002652519,10.298941587504567,prior
93,CLERIC,2353.0,5855.75,48.25,47.25,9.739043796759704,1.739043796759704,7.09040848775653,27.09040848775653,4.566483328928824,8.670333421423537,10.521042924211939,prior
93,MAGE,2351.0,5855.75,48.25,47.25,9.73884755484882,1.7388475548488191,7.09040848775653,27.09040848775653,4.566483328928824,8.670333421423537,10.521042924211939,prior
93,PALADIN,2316.0,2315.25,46.5,149.0,9.73528906597246,1.7352890659724585,6.033740236959188,26.03374023695919,4.572615418385893,8.547691632282149,13.223197205524954,prior
93,RANGER,2562.0,4035.5,148.5,47.5,9.758428122121915,1.7584281221219151,6.745032083365385,26.745032083365388,4.39314186564588,12.137162687082395,10.535312330604633,prior
93,ROGUE,2476.5,2383.25,148.0,42.75,9.751933435796104,1.7519334357961034,6.0823134233165375,26.08231342331654,4.393979139401546,12.12041721196907,10.1915421301125,prior
93,WARRIOR,5834.75,2311.25,46.5,45.0,9.886296350924477,1.8862963509244772,6.031146931001248,26.03114693100125,4.572615418385893,8.547691632282149,10.357949191742433,prior
94,CLERIC,2405.0,6009.25,48.5,47.5,9.744014173494278,1.744014173494279,7.111087908836801,27.1110879088368,4.565682046877541,8.686359062449178,10.539644114688128,prior
94,MAGE,2403.0,6009.25,48.5,47.5,9.743825373683714,1.7438253736837144,7.111087908836801,27.1110879088368,4.565682046877541,8.686359062449178,10.539644114688128,prior
94,PALADIN,2364.75,2366.0,46.75,151.5,9.740035128564479,1.7400351285644797,6.065773669751915,26.065773669751916,4.571627387672252,8.567452246554959,13.24883527507358,prior
94,RANGER,2617.0,4137.5,150.75,48.0,9.762903020319822,1.762903020319821,6.771257118222049,26.77125711822205,4.391431549980574,12.17136900038852,10.567797267841282,prior
94,ROGUE,2530.5,2435.0,150.0,43.25,9.756587833307972,1.7565878333079712,6.1135861364633834,26.113586136463383,4.392461172909576,12.150776541808472,10.233289915076869,prior
94,WARRIOR,5988.5,2362.0,46.75,46.25,9.889058367653258,1.889058367653257,6.063264235232248,26.063264235232246,4.571627387672252,8.567452246554959,10.444636423792367,prior
95,CLERIC,2456.75,6164.0,49.25,48.25,9.748765471557837,1.7487654715578373,7.13100558791001,27.13100558791001,4.562588627339762,8.748227453204764,10.590945512820513,prior
95,MAGE,2454.75,6164.0,49.25,48.25,9.748583644790608,1.7485836447906085,7.13100558791001,27.13100558791001,4.562588627339762,8.748227453204764,10.590945512820513,prior
95,PALADIN,2415.5,2416.75,47.25,153.5,9.744794292759767,1.7447942927597664,6.096818324448601,26.096818324448602,4.569705221694406,8.605895566111876,13.26942262351464,prior
95,RANGER,2672.0,4239.0,152.75,48.75,9.767185434317042,1.767185434317042,6.7963215481821955,26.796321548182195,4.389918762344307,12.201624753113883,10.619098665973667,prior
95,ROGUE,2587.0,2486.5,151.5,43.75,9.76127791116535,1.7612779111653496,6.14362072607921,26.143620726079213,4.3912677891828364,12.174644216343278,10.274968159033524,prior
95,WARRIOR,6144.5,2412.75,47.25,47.0,9.89172619728198,1.8917261972819799,6.094388912973301,26.0943889129733,4.569705221694406,8.605895566111876,10.498105783253859,prior
96,CLERIC,2526.5,6375.5,50.0,48.75,9.754902272003593,1.754902272003592,7.156817250419372,27.156817250419373,4.559972763721959,8.800544725560828,10.619484325605901,prior
96,MAGE,2524.5,6375.5,50.0,48.75,9.75472925497087,1.7547292549708704,7.156817250419372,27.156817250419373,4.559972763721959,8.800544725560828,10.619484325605901,prior
96,PALADIN,2481.75,2484.25,47.5,156.75,9.750741850968373,1.7507418509683732,6.1365601856359255,26.136560185635926,4.568666851441241,8.626662971175167,13.300723396792717,prior
96,RANGER,2747.0,4376.75,156.0,49.5,9.772810449370619,1.7728104493706187,6.828736982488214,26.828736982488216,4.387568959195695,12.2486208160861,10.660039480616716,prior
96,ROGUE,2663.0,2555.75,154.0,44.5,9.767315619513075,1.7673156195130755,6.182479671670009,26.18247967167001,4.389298721819603,12.214025563607924,10.323739704295038,prior
96,WARRIOR,6354.0,2480.25,47.5,47.75,9.895112711676193,1.8951127116761932,6.134231260276044,26.134231260276046,4.568666851441241,8.626662971175167,10.542137094408458,prior
97,CLERIC,2577.0,6536.5,50.75,48.75,9.759146540173333,1.7591465401733326,7.175437730379111,27.175437730379112,4.557093065672031,8.858138686559363,10.619484325605901,prior
97,MAGE,2575.0,6536.5,50.75,48.75,9.758979477645525,1.7589794776455254,7.175437730379111,27.175437730379112,4.557093065672031,8.858138686559363,10.619484325605901,prior
97,PALADIN,2533.5,2535.0,48.0,159.25,9.755198787227023,1.755198787227024,6.165519401625405,26.165519401625406,4.566816211379576,8.663675772408473,13.324601748771133,prior
97,RANGER,2803.0,4480.75,158.5,49.5,9.77680941538685,1.7768094153868494,6.852046395615052,26.852046395615055,4.385775729158468,12.284485416830648,10.660039480616716,prior
97,ROGUE,2719.75,2607.75,156.0,44.5,9.771620131394219,1.7716201313942186,6.2106000497933955,26.210600049793396,4.387854262472129,12.242914750557414,10.323739704295038,prior
97,WARRIOR,6515.0,2531.0,48.0,48.75,9.897573372994604,1.8975733729946045,6.163262579068872,26.16326257906887,4.566816211379576,8.663675772408473,10.600190370916238,prior
98,CLERIC,2630.75,6697.75,51.5,49.75,9.763515380284087,1.7635153802840864,7.193303715655038,27.193303715655038,4.554388382788511,8.912232344229777,10.682763182763182,prior
98,MAGE,2628.75,6697.75,51.5,49.75,9.763354344337861,1.763354344337861,7.193303715655038,27.193303715655038,4.554388382788511,8.912232344229777,10.682763182763182,prior
98,PALADIN,2586.25,2586.0,48.25,160.5,9.759566833439427,1.7595668334394277,6.193634671634141,26.193634671634143,4.565828180665936,8.683436386681283,13.336167691205848,prior
98,RANGER,2860.5,4585.5,160.0,50.75,9.780795052095934,1.7807950520959337,6.874622060467592,26.874622060467594,4.384697052073456,12.306058958530876,10.734738234738234,prior
98,ROGUE,2777.25,2661.25,157.5,45.0,9.775815661965979,1.7758156619659782,6.238676786718224,26.238676786718223,4.38680719863795,12.263856027241001,10.356824679934146,prior
98,WARRIOR,6679.0,2582.0,48.25,49.0,9.899962654672105,1.8999626546721062,6.191446630231977,26.19144663023198,4.565828180665936,8.683436386681283,10.61334826565308,prior
99,CLERIC,2684.5,6861.0,51.75,50.5,9.767737027869519,1.7677370278695186,7.210621822528431,27.21062182252843,4.553653500369698,8.926929992606036,10.73416700282372,prior
99,MAGE,2682.5,6861.0,51.75,50.5,9.767581714342331,1.76758171434233,7.210621822528431,27.21062182252843,4.553653500369698,8.926929992606036,10.73416700282372,prior
99,PALADIN,2641.0,2638.5,48.5,163.25,9.763947799609578,1.7639477996095785,6.221671487868999,26.221671487869,4.564815449184454,8.703691016310913,13.360739639304173,prior
99,RANGER,2919.0,4691.75,162.25,51.5,9.78470325430155,1.7847032543015504,6.896642610116182,26.89664261011618,4.383194345159486,12.336113096810275,10.786142054798772,prior
99,ROGUE,2837.5,2716.5,159.5,45.0,9.780062810908296,1.7800628109082957,6.266836751981963,26.266836751981963,4.3854816594182875,12.29036681163424,10.356824679934146,prior
99,WARRIOR,6845.75,2634.5,48.5,50.0,9.902282374760972,1.902282374760973,6.219550947044543,26.219550947044546,4.564815449184454,8.703691016310913,10.6753663003663,prior
100,CLERIC,2738.75,7027.0,52.25,51.25,9.771835929759758,1.7718359297597583,7.227483593819708,27.22748359381971,4.551808298809663,8.963834023806745,10.780604133545308,prior
100,MAGE,2736.75,7027.0,52.25,51.25,9.771686066218642,1.7716860662186416,7.227483593819708,27.22748359381971,4.551808298809663,8.963834023806745,10.780604133545308,prior
100,PALADIN,2696.5,2691.5,49.25,165.25,9.768219057823124,1.7682190578231238,6.249180046074663,26.249180046074663,4.562090672990063,8.758186540198736,13.378752936152186,prior
100,RANGER,2977.25,4799.75,164.0,52.0,9.788450520660653,1.7884505206606534,6.918146539698311,26.918146539698313,4.38201356447284,12.359728710543214,10.819065672006847,prior
100,ROGUE,2895.75,2772.75,161.25,45.75,9.784009765463841,1.784009765463841,6.2944814430065446,26.294481443006546,4.384211279507287,12.315774409854262,10.402097278660692,prior
100,WARRIOR,7015.0,2687.5,49.25,50.75,9.904525988903186,1.904525988903186,6.247124795647122,26.247124795647125,4.562090672990063,8.758186540198736,10.72521805329724,prior
1,CLERIC,8.5,10.25,11.0,12.25,8.094801627513124,0.09480162751312493,0.13480382119907158,9.384803821199071,4.762516149870801,4.749677002583979,7.55952380952381,proposed
1,MAGE,6.5,10.25,11.0,12.25,8.072892651478861,0.07289265147886193,0.13480382119907158,9.634803821199071,4.762516149870801,4.749677002583979,7.55952380952381,proposed
1,PALADIN,10.5,8.25,11.0,12.25,8.116467501058928,0.11646750105892822,0.1087827547436259,9.608782754743626,4.762516149870801,4.749677002583979,7.55952380952381,proposed
1,RANGER,10.5,8.25,11.0,12.25,8.116467501058928,0.11646750105892822,0.1087827547436259,9.358782754743626,4.762516149870801,4.749677002583979,7.55952380952381,proposed
1,ROGUE,8.5,6.25,11.0,12.25,8.094801627513124,0.09480162751312493,0.08262405534767425,9.332624055347674,4.762516149870801,4.749677002583979,7.55952380952381,proposed
1,WARRIOR,10.5,4.25,11.0,12.25,8.116467501058928,0.11646750105892822,0.05632662814281132,9.556326628142811,4.762516149870801,4.749677002583979,7.55952380952381,proposed
2,CLERIC,15.0,16.0,11.25,12.25,8.164282434561771,0.1642824345617715,0.20884391062225768,9.458843910622257,4.7578914141414135,4.842171717171717,7.55952380952381,proposed
2,MAGE,13.0,16.0,11.25,12.25,8.143147878826584,0.14314787882658342,0.20884391062225768,9.708843910622257,4.7578914141414135,4.842171717171717,7.55952380952381,proposed
2,PALADIN,17.0,14.0,11.25,12.5,8.185186622730507,0.18518662273050657,0.18321243653819722,9.933212436538197,4.7578914141414135,4.842171717171717,7.65422077922078,proposed
2,RANGER,17.0,14.0,12.0,12.25,8.185186622730507,0.18518662273050657,0.18321243653819722,9.433212436538197,4.745524930986887,5.08950138026225,7.55952380952381,proposed
2,ROGUE,15.0,12.0,12.0,12.25,8.164282434561771,0.1642824345617715,0.15744641264702763,9.657446412647028,4.745524930986887,5.08950138026225,7.55952380952381,proposed
2,WARRIOR,17.0,10.0,11.25,12.25,8.185186622730507,0.18518662273050657,0.1315447766987745,9.631544776698775,4.7578914141414135,4.842171717171717,7.55952380952381,proposed
3,CLERIC,27.5,27.75,11.75,12.75,8.290887172659298,0.29088717265929764,0.35662054417635486,9.606620544176355,4.750599747474747,4.98800505050505,7.733585858585859,proposed
3,MAGE,25.5,27.75,11.75,12.75,8.271126156716633,0.2711261567166323,0.35662054417635486,10.106620544176355,4.750599747474747,4.98800505050505,7.733585858585859,proposed
3,PALADIN,29.5,26.5,11.75,13.25,8.31041499688244,0.310414996882439,0.34123897042971607,10.091238970429716,4.750599747474747,4.98800505050505,7.917409387997624,proposed
3,RANGER,29.75,25.75,13.25,12.5,8.312882895349427,0.31288289534942715,0.33175754392029305,9.831757543920293,4.727003410059676,5.459931798806479,7.65422077922078,proposed
3,ROGUE,25.75,24.25,12.75,12.25,8.273292243798588,0.27329224379858763,0.3130095107925824,10.313009510792583,4.733530461213163,5.329390775736751,7.55952380952381,proposed
3,WARRIOR,30.25,22.5,11.75,12.25,8.31786254147939,0.31786254147938964,0.29122559313645435,10.041225593136454,4.750599747474747,4.98800505050505,7.55952380952381,proposed
4,CLERIC,33.5,35.0,12.0,13.0,8.348454895319987,0.34845489531998686,0.44568183411056694,9.945681834110568,4.747168374925728,5.056632501485443,7.822712418300654,proposed
4,MAGE,31.5,35.0,12.0,13.0,8.329301623651528,0.32930162365152693,0.44568183411056694,10.195681834110568,4.747168374925728,5.056632501485443,7.822712418300654,proposed
4,PALADIN,35.5,33.25,12.0,14.0,8.36739756254384,0.36739756254383904,0.42447907433546606,10.174479074335466,4.747168374925728,5.056632501485443,8.165644636232871,proposed
4,RANGER,35.75,32.25,14.25,13.0,8.36977669715603,0.3697766971560297,0.4121282313612893,10.16212823136129,4.712178283752126,5.756434324957479,7.822712418300654,proposed
4,ROGUE,32.25,29.75,13.5,12.25,8.336377992759928,0.3363779927599273,0.381332195784723,10.381332195784724,4.722480481554324,5.550390368913523,7.55952380952381,proposed
4,WARRIOR,36.75,29.25,12.0,12.5,8.379488358807402,0.3794883588074014,0.375326223131282,10.375326223131282,4.747168374925728,5.056632501485443,7.65422077922078,proposed
5,CLERIC,38.5,42.0,12.0,13.0,8.39507337354322,0.39507337354322036,0.530189944928074,10.530189944928075,4.747168374925728,5.056632501485443,7.822712418300654,proposed
5,MAGE,36.5,42.0,12.0,13.0,8.376405274115198,0.37640527411519775,0.530189944928074,10.280189944928074,4.747168374925728,5.056632501485443,7.822712418300654,proposed
5,PALADIN,41.25,40.0,12.25,15.0,8.420058309801053,0.4200583098010524,0.5062151678504718,10.506215167850472,4.74344813683049,5.131037263390205,8.50769396609804,proposed
5,RANGER,41.25,38.75,14.5,13.25,8.420435826178434,0.420435826178434,0.4911889569352977,10.491188956935298,4.708299737652835,5.834005246943295,7.897787493375729,proposed
5,ROGUE,39.0,35.5,14.0,12.75,8.399368129420255,0.39936812942025446,0.4516590130366503,10.45165901303665,4.715302538773283,5.6939492245343315,7.76174766094121,proposed
5,WARRIOR,43.0,36.0,12.25,12.75,8.4366242300093,0.4366242300093015,0.45789957332311937,10.45789957332312,4.74344813683049,5.131037263390205,7.743347338935575,proposed
6,CLERIC,51.0,56.5,12.0,13.25,8.507143304888372,0.507143304888372,0.7003408821520933,10.950340882152094,4.747168374925728,5.056632501485443,7.906746031746032,proposed
6,MAGE,49.0,56.5,12.0,13.25,8.489619183002887,0.48961918300288687,0.7003408821520933,10.950340882152094,4.747168374925728,5.056632501485443,7.906746031746032,proposed
6,PALADIN,56.0,52.25,12.25,16.0,8.549810638868593,0.5498106388685926,0.6509788046357586,11.15097880463576,4.74344813683049,5.131037263390205,8.830416955416956,proposed
6,RANGER,54.75,51.75,16.25,13.5,8.539617269828959,0.5396172698289599,0.6454093501810622,10.895409350181062,4.684937169312169,6.301256613756614,7.981821106821107,proposed
6,ROGUE,52.25,47.5,15.5,12.75,8.517800095267862,0.5178000952678614,0.5949431129584085,10.844943112958408,4.694954004329004,6.100919913419913,7.76174766094121,proposed
6,WARRIOR,59.25,48.25,12.25,13.0,8.578116992403412,0.578116992403412,0.6041280475297374,11.104128047529738,4.74344813683049,5.131037263390205,7.8273809523809526,proposed
7,CLERIC,56.5,63.25,12.0,13.75,8.554171624046923,0.5541716240469223,0.7774697337110185,11.027469733711019,4.747168374925728,5.056632501485443,8.09363799283154,proposed
7,MAGE,54.5,63.25,12.0,13.75,8.537116188800024,0.5371161888000238,0.7774697337110188,11.277469733711019,4.747168374925728,5.056632501485443,8.09363799283154,proposed
7,PALADIN,62.5,58.75,12.75,16.5,8.604126003036217,0.6041260030362174,0.7259955786020397,11.22599557860204,4.735921687008644,5.281566259827129,8.965643274853802,proposed
7,RANGER,60.5,58.25,16.5,14.0,8.587799695505435,0.5877996955054345,0.7205692883316038,10.970569288331605,4.68136574074074,6.372685185185185,8.168713067906616,proposed
7,ROGUE,58.25,54.75,16.5,12.75,8.568596184901024,0.5685961849010233,0.6793764006812013,10.929376400681202,4.681390056022408,6.372198879551821,7.76174766094121,proposed
7,WARRIOR,66.75,54.75,12.75,13.0,8.639678214909866,0.6396782149098659,0.6798949106827302,11.17989491068273,4.735921687008644,5.281566259827129,7.8273809523809526,proposed
8,CLERIC,62.75,70.75,12.0,14.0,8.60604989962205,0.6060498996220507,0.8616682557494999,11.1116682557495,4.747168374925728,5.056632501485443,8.188334962528511,proposed
8,MAGE,60.75,70.75,12.0,14.0,8.589503835958933,0.5895038359589337,0.8616682557494999,11.3616682557495,4.747168374925728,5.056632501485443,8.188334962528511,proposed
8,PALADIN,69.75,64.25,13.0,16.75,8.66290141568506,0.6629014156850594,0.7883610652823176,11.288361065282318,4.732746795862054,5.345064082758915,9.03311965811966,proposed
8,RANGER,66.25,64.75,17.25,14.25,8.634571523819172,0.6345715238191723,0.7945251236491306,11.04452512364913,4.671268002150355,6.574639956992899,8.263410037603586,proposed
8,ROGUE,65.0,61.25,17.5,13.25,8.62412293567467,0.6241229356746709,0.7536731466189349,11.003673146618935,4.668346630150036,6.6330673969992855,7.945571190352974,proposed
8,WARRIOR,75.0,60.25,13.0,13.0,8.704975043636264,0.7049750436362641,0.7428784894657633,11.242878489465763,4.732746795862054,5.345064082758915,7.8273809523809526,proposed
9,CLERIC,76.0,87.25,12.5,14.25,8.710311962638235,0.7103119626382353,1.041588854589136,11.541588854589136,4.740694087097388,5.18611825805222,8.289141414141415,proposed
9,MAGE,74.0,87.25,12.5,14.25,8.69476281667575,0.6947628166757496,1.041588854589136,11.791588854589136,4.740694087097388,5.18611825805222,8.289141414141415,proposed
9,PALADIN,82.25,77.5,13.5,18.25,8.758717437336394,0.7587174373363927,0.9354322015719507,11.68543220157195,4.725743994741606,5.485120105167878,9.460069241840744,proposed
9,RANGER,79.5,79.5,19.0,14.75,8.737126403222295,0.7371264032222942,0.9579853968939078,11.457985396893907,4.649162967073622,7.016740658527562,8.43534024455077,proposed
9,ROGUE,77.0,73.75,18.5,14.0,8.718662997197104,0.7186629971971037,0.8942042319777146,11.394204231977714,4.656168336771785,6.876633264564299,8.214869281045752,proposed
9,WARRIOR,90.5,73.5,13.5,13.5,8.820330662755861,0.820330662755862,0.891391754477535,11.891391754477535,4.725743994741606,5.485120105167878,8.029604803798351,proposed
10,CLERIC,81.75,96.5,12.75,14.25,8.753692223507905,0.7536922235079047,1.139342998034655,11.639342998034655,4.736274895178196,5.274502096436059,8.289141414141415,proposed
10,MAGE,79.75,96.5,12.75,14.25,8.738549296960512,0.7385492969605121,1.1393429980346546,11.889342998034655,4.736274895178196,5.274502096436059,8.289141414141415,proposed
10,PALADIN,88.75,83.5,13.5,19.25,8.806981433748161,0.8069814337481609,1.0006083467303373,11.750608346730338,4.725743994741606,5.485120105167878,9.730115179716462,proposed
10,RANGER,85.75,87.0,19.75,15.0,8.78342565774135,0.783425657741351,1.0389410057721242,11.538941005772124,4.639947451175107,7.201050976497848,8.502816627816628,proposed
10,ROGUE,83.75,80.5,19.5,14.0,8.769594991526851,0.7695949915268514,0.9682209269609818,11.968220926960981,4.644058960910294,7.118820781794126,8.214869281045752,proposed
10,WARRIOR,98.5,79.5,13.5,14.0,8.877181137226625,0.877181137226624,0.957200085707343,11.957200085707344,4.725743994741606,5.485120105167878,8.198096442878226,proposed
11,CLERIC,88.0,104.75,12.75,14.5,8.799241783821994,0.7992417838219943,1.2245073773188175,11.724507377318819,4.736274895178196,5.274502096436059,8.37826797385621,proposed
11,MAGE,86.0,104.75,12.75,14.5,8.784518120538529,0.7845181205385288,1.2245073773188175,12.224507377318819,4.736274895178196,5.274502096436059,8.37826797385621,proposed
11,PALADIN,95.5,90.0,14.0,20.0,8.854917293109615,0.8549172931096156,1.070160903360341,12.07016090336034,4.718397419521466,5.632051609570679,9.957616436629483,proposed
11,RANGER,92.5,93.25,19.75,15.5,8.831748600325598,0.8317486003255983,1.1051083201840124,11.605108320184014,4.639947451175107,7.201050976497848,8.656045751633988,proposed
11,ROGUE,91.0,86.75,20.0,14.25,8.822281768972024,0.8222817689720237,1.0355747828069466,12.035574782806947,4.637702261642939,7.245954767141209,8.29890289449113,proposed
11,WARRIOR,106.75,86.0,14.0,14.25,8.9331371525234,0.9331371525233996,1.027422200950008,12.027422200950008,4.718397419521466,5.632051609570679,8.29890289449113,proposed
12,CLERIC,95.25,113.75,12.75,15.25,8.851212015573921,0.8512120155739216,1.3159716547070182,12.315971654707019,4.736274895178196,5.274502096436059,8.632073632073633,proposed
12,MAGE,93.25,113.75,12.75,15.25,8.83696305286308,0.8369630528630805,1.315971654707018,12.315971654707017,4.736274895178196,5.274502096436059,8.632073632073633,proposed
12,PALADIN,102.75,96.5,14.0,20.0,8.904954700236697,0.9049547002366962,1.1383569107624276,12.388356910762427,4.718397419521466,5.632051609570679,9.957616436629483,proposed
12,RANGER,100.0,101.0,20.25,16.0,8.884475598453438,0.884475598453438,1.1860328452299802,11.936032845229981,4.634148920519327,7.3170215896134465,8.834776334776334,proposed
12,ROGUE,97.5,93.25,20.25,14.5,8.868294543104776,0.8682945431047759,1.1045611834337912,12.104561183433791,4.634756133696811,7.304877326063767,8.382936507936508,proposed
12,WARRIOR,116.0,92.5,14.0,14.25,8.99369264678842,0.99369264678842,1.096268244591919,12.346268244591919,4.718397419521466,5.632051609570679,8.29890289449113,proposed
13,CLERIC,109.75,132.25,13.25,15.25,8.950574620915434,0.9505746209154338,1.4975549036502906,12.747554903650292,4.727820788898004,5.443584222039924,8.632073632073633,proposed
13,MAGE,107.75,132.25,13.25,15.25,8.937212914536598,0.9372129145365973,1.4975549036502909,12.997554903650292,4.727820788898004,5.443584222039924,8.632073632073633,proposed
13,PALADIN,115.5,109.25,14.0,22.0,8.988771465352182,0.9887714653521815,1.269619287544812,12.519619287544812,4.718397419521466,5.632051609570679,10.449069428082474,proposed
13,RANGER,114.5,116.25,22.0,16.25,8.981821167419529,0.9818211674195298,1.3410304000403785,12.341030400040378,4.614508062802189,7.70983874395622,8.895751944532433,proposed
13,ROGUE,112.0,106.0,21.5,14.5,8.966055927324623,0.9660559273246228,1.2370619413888635,12.487061941388863,4.621036962573461,7.579260748530777,8.382936507936508,proposed
13,WARRIOR,132.5,105.25,14.0,15.0,9.095879450124919,1.0958794501249178,1.2287700592450075,12.478770059245008,4.718397419521466,5.632051609570679,8.548040018628255,proposed
14,CLERIC,117.0,142.0,13.25,15.25,8.997121218882278,0.9971212188822767,1.5903643132470082,13.090364313247008,4.727820788898004,5.443584222039924,8.632073632073633,proposed
14,MAGE,115.0,142.0,13.25,15.25,8.984161559727085,0.984161559727085,1.5903643132470078,13.090364313247008,4.727820788898004,5.443584222039924,8.632073632073633,proposed
14,PALADIN,123.0,115.75,14.0,23.0,9.03657031296219,1.0365703129621906,1.3350552996399674,12.835055299639967,4.718397419521466,5.632051609570679,10.685073733854223,proposed
14,RANGER,121.25,124.25,22.75,16.25,9.024261329966812,1.0242613299668126,1.4200556850311743,12.670055685031175,4.60636894142135,7.872621171573001,8.895751944532433,proposed
14,ROGUE,119.25,112.25,22.0,14.5,9.012628799191084,1.0126287991910843,1.300273609954295,12.550273609954296,4.61598214381053,7.680357123789388,8.382936507936508,proposed
14,WARRIOR,142.5,111.75,14.0,15.5,9.154988534871004,1.1549885348710043,1.2948170146580542,12.544817014658054,4.718397419521466,5.632051609570679,8.721200191788427,proposed
15,CLERIC,130.25,161.5,13.75,15.75,9.079666650112504,1.0796666501125043,1.7700032804392198,13.27000328043922,4.7218173583662715,5.563652832674572,8.792323947122709,proposed
15,MAGE,128.25,161.5,13.75,15.75,9.067409738820366,1.0674097388203658,1.7700032804392196,13.27000328043922,4.7218173583662715,5.563652832674572,8.792323947122709,proposed
15,PALADIN,137.0,128.0,14.0,24.5,9.121456548542913,1.121456548542913,1.4560655318577354,13.206065531857735,4.718397419521466,5.632051609570679,10.987910668143227,proposed
15,RANGER,134.5,140.0,24.0,16.5,9.105297162677134,1.1052971626771346,1.5715028785582343,13.071502878558235,4.593804957899168,8.123900842016619,8.984878504247227,proposed
15,ROGUE,133.0,125.75,23.5,14.75,9.097132478127492,1.0971324781274907,1.4344528159892487,12.934452815989248,4.600479924968071,7.990401500638571,8.458011583011583,proposed
15,WARRIOR,161.5,124.0,14.0,16.0,9.26066205546464,1.2606620554646408,1.4169463619833127,12.916946361983312,4.718397419521466,5.632051609570679,8.867399022197784,proposed
16,CLERIC,137.25,171.75,14.25,15.75,9.120539892879913,1.1205398928799135,1.8611546644472874,13.361154664447287,4.714049941732643,5.719001165347141,8.792323947122709,proposed
16,MAGE,135.25,171.75,14.25,15.75,9.108619762834017,1.1086197628340178,1.8611546644472874,13.611154664447287,4.714049941732643,5.719001165347141,8.792323947122709,proposed
16,PALADIN,144.25,134.25,14.0,25.0,9.163551324108134,1.163551324108134,1.5166420239141536,13.266642023914153,4.718397419521466,5.632051609570679,11.091590832490732,proposed
16,RANGER,142.25,148.0,24.75,16.5,9.149857256909673,1.149857256909672,1.6463996207871971,13.146399620787196,4.586129519302677,8.277409613946444,8.984878504247227,proposed
16,ROGUE,140.0,132.0,24.25,15.0,9.13858419201401,1.1385841920140098,1.4950107931060597,12.99501079310606,4.593262591143946,8.13474817712106,8.537376662376662,proposed
16,WARRIOR,171.25,130.25,14.0,16.0,9.311860757811889,1.3118607578118886,1.4780777100449556,13.478077710044955,4.718397419521466,5.632051609570679,8.867399022197784,proposed
17,CLERIC,143.25,181.75,14.25,16.25,9.155389345022474,1.1553893450224733,1.9486587328625355,13.698658732862535,4.714049941732643,5.719001165347141,8.934875405463641,proposed
17,MAGE,141.25,181.75,14.25,16.25,9.14375581291646,1.1437558129164596,1.948658732862536,13.948658732862535,4.714049941732643,5.719001165347141,8.934875405463641,proposed
17,PALADIN,150.75,141.75,14.0,26.25,9.199913037026556,1.1999130370265565,1.5878246085007204,13.33782460850072,4.718397419521466,5.632051609570679,11.336574604051808,proposed
17,RANGER,148.5,157.0,25.25,16.75,9.185388941064533,1.1853889410645322,1.7293414826309566,13.479341482630955,4.581417624521072,8.371647509578544,9.059953579322302,proposed
17,ROGUE,146.5,139.75,24.25,15.0,9.175850105637505,1.1758501056375041,1.5689053498392693,13.06890534983927,4.593262591143946,8.13474817712106,8.537376662376662,proposed
17,WARRIOR,180.75,137.75,14.0,16.5,9.359556245113275,1.3595562451132759,1.5499054591947616,13.549905459194761,4.718397419521466,5.632051609570679,9.017887856897145,proposed
18,CLERIC,157.75,202.25,14.5,16.5,9.235808080464436,1.235808080464436,2.1215045641977,14.1215045641977,4.710171395633353,5.796572087332957,8.998977969566205,proposed
18,MAGE,155.75,202.25,14.5,16.5,9.224821010393356,1.2248210103933563,2.1215045641977,14.1215045641977,4.710171395633353,5.796572087332957,8.998977969566205,proposed
18,PALADIN,164.75,155.25,14.0,28.25,9.276035441884678,1.2760354418846784,1.7134871843188737,13.963487184318874,4.718397419521466,5.632051609570679,11.68803418803419,proposed
18,RANGER,163.75,173.25,27.0,16.75,9.268243750995431,1.268243750995432,1.8745480318178545,13.624548031817854,4.565251981200856,8.694960375982884,9.059953579322302,proposed
18,ROGUE,162.0,156.0,26.75,15.25,9.261182234290768,1.2611822342907688,1.7200077298881746,13.720007729888174,4.569070488419699,8.618590231606017,8.612451737451737,proposed
18,WARRIOR,201.25,151.25,14.0,17.0,9.457828361107358,1.457828361107358,1.676695901896182,13.676695901896181,4.718397419521466,5.632051609570679,9.160439315238078,proposed
19,CLERIC,165.25,213.25,15.0,16.75,9.275340279125952,1.275340279125952,2.211078139714302,14.211078139714303,4.703610248447205,5.927795031055901,9.059953579322302,proposed
19,MAGE,163.25,213.25,15.0,16.75,9.264663084189948,1.2646630841899489,2.211078139714302,14.461078139714303,4.703610248447205,5.927795031055901,9.059953579322302,proposed
19,PALADIN,171.75,161.75,14.25,29.0,9.31267480337928,1.3126748033792817,1.7725865505152434,14.022586550515243,4.715222528374877,5.695549432502464,11.809352671886366,proposed
19,RANGER,172.25,182.25,28.25,17.0,9.3121328892582,1.3121328892581996,1.9525911644712557,13.702591164471256,4.554646516544585,8.907069669108301,9.118025588613824,proposed
19,ROGUE,171.0,163.25,27.75,15.25,9.308387362943236,1.308387362943237,1.78567956310023,14.03567956310023,4.559931727684544,8.801365446309104,8.612451737451737,proposed
19,WARRIOR,212.0,157.75,14.25,17.0,9.50664851210595,1.5066485121059516,1.7363194499216128,13.736319449921613,4.715222528374877,5.695549432502464,9.160439315238078,proposed
20,CLERIC,180.5,235.0,15.25,17.25,9.353101063207447,1.353101063207446,2.382367482644496,14.882367482644495,4.70086902037703,5.982619592459409,9.202059202059202,proposed
20,MAGE,178.5,235.0,15.25,17.25,9.343023698986226,1.3430236989862259,2.382367482644496,14.882367482644497,4.70086902037703,5.982619592459409,9.202059202059202,proposed
20,PALADIN,186.75,176.0,14.75,30.0,9.387218133464282,1.3872181334642821,1.8991637975338433,14.149163797533843,4.7069247903563936,5.861504192872117,11.972634464413785,proposed
20,RANGER,188.25,199.75,29.5,17.25,9.391719380146707,1.3917193801467076,2.099971615172458,14.349971615172457,4.544769731210409,9.104605375791817,9.202059202059202,proposed
20,ROGUE,185.0,177.5,28.75,15.5,9.378430221702857,1.3784302217028563,1.911386710508558,14.161386710508557,4.55072431783755,8.985513643248998,8.691816816816818,proposed
20,WARRIOR,235.0,172.0,14.75,17.0,9.604429052467372,1.6044290524673723,1.8640062650850782,14.114006265085077,4.7069247903563936,5.861504192872117,9.160439315238078,proposed
21,CLERIC,188.5,246.75,15.25,17.75,9.392061323940826,1.3920613239408266,2.4717760516056897,14.97177605160569,4.70086902037703,5.982619592459409,9.328553942997027,proposed
21,MAGE,186.5,246.75,15.25,17.75,9.38227776212831,1.3822777621283109,2.4717760516056897,14.97177605160569,4.70086902037703,5.982619592459409,9.328553942997027,proposed
21,PALADIN,194.0,182.5,15.0,31.25,9.4215601629296,1.4215601629296004,1.9555522769140818,14.455552276914082,4.7026977372162975,5.94604525567405,12.16736615451991,proposed
21,RANGER,196.5,209.0,30.0,17.5,9.431024597736368,1.4310245977363683,2.175812724020676,14.675812724020677,4.540537416417698,9.189251671646037,9.273182957393484,proposed
21,ROGUE,192.75,185.25,29.25,15.75,9.416136545302722,1.4161365453027215,1.9783935550177336,14.228393555017734,4.5468093582500355,9.063812834999275,8.762940572151098,proposed
21,WARRIOR,246.5,178.5,15.0,17.25,9.650314649819242,1.6503146498192418,1.9208831995468814,14.170883199546882,4.7026977372162975,5.94604525567405,9.227915698503935,proposed
22,CLERIC,203.0,270.75,15.5,18.25,9.460088458256024,1.4600884582560232,2.648744675791887,15.398744675791887,4.69682184183864,6.063563163227217,9.460773144983673,proposed
22,MAGE,201.0,270.75,15.5,18.25,9.450808283995869,1.450808283995869,2.648744675791887,15.148744675791887,4.69682184183864,6.063563163227217,9.460773144983673,proposed
22,PALADIN,209.0,197.0,15.5,32.25,9.49086278301722,1.4908627830172199,2.0782662496475743,15.078266249647575,4.695920196535455,6.081596069290901,12.328365689710228,proposed
22,RANGER,212.25,228.5,31.5,17.75,9.502695618273995,1.5026956182739952,2.331919412374437,15.081919412374438,4.5278692095766,9.442615808468,9.352548036758563,proposed
22,ROGUE,208.75,200.25,31.5,16.0,9.489911600398493,1.489911600398492,2.1046576375268287,14.604657637526829,4.528143173229728,9.437136535405438,8.857637541848069,proposed
22,WARRIOR,270.5,193.0,15.5,17.75,9.741251803828884,1.7412518038288853,2.0446470718209855,14.794647071820986,4.695920196535455,6.081596069290901,9.391314391314392,proposed
23,CLERIC,217.75,295.5,16.0,18.75,9.52605122484038,1.5260512248403804,2.8222338127317474,15.572233812731747,4.689371867167919,6.212562656641604,9.60761460761461,proposed
23,MAGE,215.75,295.5,16.0,18.75,9.517247668786478,1.5172476687864789,2.8222338127317474,15.322233812731747,4.689371867167919,6.212562656641604,9.60761460761461,proposed
23,PALADIN,225.25,211.0,16.25,33.25,9.562068254041296,1.5620682540412956,2.1934581679787546,15.193458167978754,4.685869587465332,6.282608250693357,12.46664790318041,proposed
23,RANGER,228.25,247.5,33.0,18.5,9.571972081024741,1.5719720810247413,2.4776096599453763,15.227609659945376,4.516160511715791,9.676789765684187,9.554760484993043,proposed
23,ROGUE,223.25,214.75,32.75,16.5,9.553102665894258,1.553102665894258,2.223450997637115,14.973450997637116,4.5187937014405835,9.624125971188327,8.996237680448207,proposed
23,WARRIOR,296.0,207.0,16.25,18.0,9.830433338070883,1.8304333380708826,2.1608107468976194,15.160810746897619,4.685869587465332,6.282608250693357,9.455416955416956,proposed
24,CLERIC,225.0,308.5,16.0,18.75,9.556658312559996,1.5566583125599958,2.9102452592275414,15.660245259227542,4.689371867167919,6.212562656641604,9.60761460761461,proposed
24,MAGE,223.0,308.5,16.0,18.75,9.54806955955588,1.5480695595558815,2.9102452592275414,15.910245259227542,4.689371867167919,6.212562656641604,9.60761460761461,proposed
24,PALADIN,232.75,219.0,16.75,33.5,9.593672372324013,1.5936723723240136,2.2576709782701077,15.50767097827011,4.679150132275132,6.416997354497354,12.499115435647944,proposed
24,RANGER,236.25,257.75,33.5,18.5,9.604464074089098,1.6044640740890972,2.5539838091057154,15.303983809105716,4.512069828489764,9.758603430204722,9.554760484993043,proposed
24,ROGUE,230.75,223.25,33.75,16.5,9.584453592065087,1.5844535920650866,2.2910530430150278,15.291053043015028,4.511183869704206,9.776322605915874,8.996237680448207,proposed
24,WARRIOR,308.75,215.0,16.75,18.0,9.872647235637446,1.8726472356374466,2.2255585739998143,15.475558573999814,4.679150132275132,6.416997354497354,9.455416955416956,proposed
25,CLERIC,239.75,335.0,16.5,18.75,9.616727300450203,1.616727300450202,3.083238629634423,16.333238629634426,4.682369066047471,6.352618679050567,9.60761460761461,proposed
25,MAGE,237.75,335.0,16.5,18.75,9.608552783658848,1.6085527836588471,3.083238629634423,16.583238629634426,4.682369066047471,6.352618679050567,9.60761460761461,proposed
25,PALADIN,248.25,234.25,17.5,34.75,9.656432814140913,1.656432814140914,2.3773281399732227,15.627328139973223,4.6691172375382894,6.617655249234197,12.666837544048018,proposed
25,RANGER,252.0,278.5,35.0,18.5,9.666189647775543,1.6661896477755422,2.7037063211254333,15.703706321125434,4.501197999839304,9.976040003213917,9.554760484993043,proposed
25,ROGUE,245.5,240.0,34.75,16.5,9.644633334686482,1.6446333346864819,2.421400777516123,15.671400777516123,4.503894927536232,9.922101449275363,8.996237680448207,proposed
25,WARRIOR,334.75,230.25,17.5,18.25,9.953680401003691,1.9536804010036914,2.346201451587334,15.596201451587335,4.6691172375382894,6.617655249234197,9.516392565173053,proposed
26,CLERIC,246.75,348.25,16.5,19.25,9.644314398785252,1.6443143987852507,3.166422806119055,16.416422806119055,4.682369066047471,6.352618679050567,9.75776475776476,proposed
26,MAGE,244.75,348.25,16.5,19.25,9.636327170588395,1.6363271705883955,3.166422806119055,16.666422806119055,4.682369066047471,6.352618679050567,9.75776475776476,proposed
26,PALADIN,255.5,242.5,17.5,35.25,9.68425693505185,1.6842569350518506,2.4405665712241897,15.69056657122419,4.6691172375382894,6.617655249234197,12.733370048172551,proposed
26,RANGER,259.5,287.75,35.5,19.25,9.694600220033056,1.6946002200330552,2.768750083264958,16.26875008326496,4.497809829059829,10.043803418803419,9.75776475776476,proposed
26,ROGUE,253.0,248.0,35.25,16.75,9.673903005460268,1.6739030054602688,2.481874605203893,15.731874605203894,4.499913194444445,10.001736111111112,9.085364240163003,proposed
26,WARRIOR,347.5,238.5,17.5,18.25,9.990954482940854,1.990954482940853,2.409954738091278,15.65995473809128,4.6691172375382894,6.617655249234197,9.516392565173053,proposed
27,CLERIC,262.0,375.0,17.0,19.75,9.701755422468496,1.7017554224684956,3.3285112133796746,16.828511213379674,4.676290990534144,6.4741801893171065,9.85657898701377,proposed
27,MAGE,260.0,375.0,17.0,19.75,9.69414940110678,1.6941494011067793,3.3285112133796737,16.828511213379674,4.676290990534144,6.4741801893171065,9.85657898701377,proposed
27,PALADIN,270.0,256.5,17.5,37.0,9.738102632961604,1.738102632961604,2.5450709684310446,16.045070968431045,4.6691172375382894,6.617655249234197,12.952730329779511,proposed
27,RANGER,275.5,307.25,36.75,19.25,9.752217073985816,1.752217073985817,2.901573523429151,16.651573523429153,4.489190016386088,10.21619967227825,9.75776475776476,proposed
27,ROGUE,268.5,264.75,36.25,16.75,9.732127632058027,1.732127632058027,2.605782002950334,16.105782002950335,4.492672842758459,10.146543144830817,9.085364240163003,proposed
27,WARRIOR,373.25,252.5,17.5,18.75,10.062335918175334,2.0623359181753345,2.515298757264258,15.76529875726426,4.6691172375382894,6.617655249234197,9.655570204350692,proposed
28,CLERIC,277.75,402.75,17.5,19.75,9.7594182631909,1.7594182631909003,3.4890075013162263,17.239007501316227,4.6696921971706455,6.606156056587092,9.85657898701377,proposed
28,MAGE,275.75,402.75,17.5,19.75,9.752189853229066,1.7521898532290647,3.4890075013162263,16.989007501316227,4.6696921971706455,6.606156056587092,9.85657898701377,proposed
28,PALADIN,286.25,272.25,18.0,38.25,9.796408888426221,1.796408888426221,2.660110959996693,16.660110959996693,4.662599681020733,6.748006379585327,13.106574094155999,proposed
28,RANGER,292.25,328.5,37.75,19.25,9.81076137230381,1.8107613723038107,3.041371409118005,16.791371409118007,4.482258274238038,10.354834515239233,9.75776475776476,proposed
28,ROGUE,285.25,280.5,37.75,17.0,9.791951126511782,1.7919511265117811,2.7181644173909474,16.46816441739095,4.482741801577418,10.34516396845164,9.149466804265566,proposed
28,WARRIOR,401.75,268.25,18.0,18.75,10.1361140429293,2.1361140429292993,2.6312530072959195,16.38125300729592,4.662599681020733,6.748006379585327,9.655570204350692,proposed
29,CLERIC,285.25,417.5,17.5,19.75,9.785733960436803,1.785733960436802,3.5712502075704986,17.3212502075705,4.6696921971706455,6.606156056587092,9.85657898701377,proposed
29,MAGE,283.25,417.5,17.5,19.75,9.77867428122425,1.7786742812242498,3.5712502075704986,17.0712502075705,4.6696921971706455,6.606156056587092,9.85657898701377,proposed
29,PALADIN,294.25,280.5,18.75,39.0,9.823499879744796,1.823499879744796,2.7185168190344915,16.718516819034495,4.652896026831785,6.942079463364293,13.18886480302729,proposed
29,RANGER,300.5,339.75,38.0,19.25,9.838328337862707,1.8383283378627073,3.113078790970003,16.863078790970004,4.4807630589270335,10.38473882145933,9.75776475776476,proposed
29,ROGUE,294.25,288.5,38.25,17.5,9.822421817724138,1.8224218177241371,2.77430362538259,16.52430362538259,4.479143288471647,10.417134230567067,9.285517489096739,proposed
29,WARRIOR,416.5,276.5,18.75,18.75,10.171880342608434,2.1718803426084343,2.6901158022257032,16.690115802225705,4.652896026831785,6.942079463364293,9.655570204350692,proposed
30,CLERIC,300.75,447.25,18.5,19.75,9.838369786910494,1.8383697869104951,3.7306841065287983,17.9806841065288,4.656564874196624,6.868702516067513,9.85657898701377,proposed
30,MAGE,298.75,447.25,18.5,19.75,9.831642195911947,1.8316421959119467,3.7306841065287983,17.7306841065288,4.656564874196624,6.868702516067513,9.85657898701377,proposed
30,PALADIN,309.75,297.0,19.25,40.5,9.874575022731406,1.8745750227314066,2.8325277031310727,16.832527703131074,4.646949927185728,7.061001456285432,13.365147783251233,proposed
30,RANGER,317.25,362.0,40.25,19.5,9.89261047491938,1.8926104749193788,3.2506198797221457,17.000619879722148,4.466182224093616,10.67635551812767,9.80826980826981,proposed
30,ROGUE,311.25,303.75,39.5,18.25,9.877941533341701,1.8779415333417013,2.8785707224840897,16.878570722484092,4.471158988070753,10.576820238584945,9.470084239326086,proposed
30,WARRIOR,446.0,293.0,19.25,19.25,10.239780632124539,2.239780632124538,2.8050079285752103,16.80500792857521,4.646949927185728,7.061001456285432,9.784765968976496,proposed
31,CLERIC,316.25,477.25,18.5,20.25,9.88866069584027,1.8886606958402705,3.8835799572432115,18.383579957243214,4.656564874196624,6.868702516067513,9.973956211358228,proposed
31,MAGE,314.25,477.25,18.5,20.25,9.882243020079672,1.8822430200796716,3.8835799572432115,18.38357995724321,4.656564874196624,6.868702516067513,9.973956211358228,proposed
31,PALADIN,326.0,314.5,19.75,41.0,9.92544021782525,1.9254402178252499,2.949731118904558,17.19973111890456,4.641033807968963,7.179323840620726,13.413224706328155,proposed
31,RANGER,333.25,384.25,41.0,20.0,9.941774523235294,1.9417745232352934,3.382667857476003,17.632667857476005,4.461650566289141,10.766988674217188,9.927702742348052,proposed
31,ROGUE,328.0,320.5,40.5,19.25,9.930104256075811,1.9301042560758113,2.989971477284888,17.23997147728489,4.46488215400064,10.702356919987196,9.708396178984415,proposed
31,WARRIOR,476.5,310.5,19.75,19.25,10.304782451136925,2.3047824511369246,2.9231032115560773,17.17310321155608,4.641033807968963,7.179323840620726,9.784765968976496,proposed
32,CLERIC,332.5,507.75,19.0,20.25,9.938569412504208,1.9385694125042074,4.031867093949879,18.531867093949877,4.650436461405441,6.991270771891175,9.973956211358228,proposed
32,MAGE,330.5,507.75,19.0,20.25,9.932450989103305,1.9324509891033044,4.031867093949879,18.531867093949877,4.650436461405441,6.991270771891175,9.973956211358228,proposed
32,PALADIN,344.5,330.75,20.0,42.5,9.980596299575774,1.9805962995757738,3.055182943141775,17.555182943141777,4.638476823749209,7.230463525015817,13.571258539836702,proposed
32,RANGER,350.5,407.5,42.75,20.25,9.99235457500497,1.99235457500497,3.51546767445821,18.265467674458208,4.451213524130191,10.975729517396186,9.973956211358228,proposed
32,ROGUE,344.25,337.75,41.5,19.5,9.978749675904652,1.978749675904651,3.101285398378468,17.60128539837847,4.45933476209192,10.8133047581616,9.792429792429793,proposed
32,WARRIOR,509.5,326.75,20.0,19.75,10.369953029514459,2.369953029514458,3.029345008137569,17.529345008137568,4.638476823749209,7.230463525015817,9.923366107576634,proposed
33,CLERIC,340.75,524.0,19.0,20.5,9.963155730344793,1.9631557303447926,4.107861451572981,18.85786145157298,4.650436461405441,6.991270771891175,10.041432594624085,proposed
33,MAGE,338.75,524.0,19.0,20.5,9.957182593965118,1.957182593965118,4.107861451572981,18.607861451572983,4.650436461405441,6.991270771891175,10.041432594624085,proposed
33,PALADIN,353.25,338.0,20.0,43.25,10.005718160344443,2.005718160344443,3.1011878331129528,17.851187833112952,4.638476823749209,7.230463525015817,13.651443179804765,proposed
33,RANGER,359.5,419.25,43.5,20.75,10.017966368101884,2.0179663681018853,3.5806604888325717,18.33066048883257,4.447121899103607,11.057562017927872,10.085758835758837,proposed
33,ROGUE,352.75,347.0,42.0,19.5,10.003212003272703,2.0032120032727025,3.1591730840643812,17.65917308406438,4.456592255308861,10.868154893822783,9.792429792429793,proposed
33,WARRIOR,525.75,334.0,20.0,19.75,10.400238051626086,2.4002380516260873,3.075690659211795,17.575690659211794,4.638476823749209,7.230463525015817,9.923366107576634,proposed
34,CLERIC,356.75,556.5,19.25,21.0,10.009368361601256,2.009368361601256,4.254486993871337,19.00448699387134,4.647964709993012,7.040705800139762,10.1498613998614,proposed
34,MAGE,354.75,556.5,19.25,21.0,10.003663894723895,2.003663894723894,4.254486993871337,18.75448699387134,4.647964709993012,7.040705800139762,10.1498613998614,proposed
34,PALADIN,372.75,355.5,20.75,43.75,10.059389959585538,2.0593899595855367,3.2097979000064907,18.209797900006492,4.630801385152718,7.383972296945641,13.702614934740678,proposed
34,RANGER,376.0,444.0,45.5,21.0,10.062992991338675,2.0629929913386746,3.713484585509942,18.463484585509942,4.436158684185456,11.27682631629089,10.1498613998614,proposed
34,ROGUE,369.5,364.75,43.0,19.75,10.049562760175801,2.0495627601758013,3.2676853835740816,17.767685383574083,4.4503450841367584,10.993098317264835,9.840738971173755,proposed
34,WARRIOR,561.0,351.5,20.75,19.75,10.462160847060886,2.462160847060886,3.1850965044980724,18.185096504498073,4.630801385152718,7.383972296945641,9.923366107576634,proposed
35,CLERIC,373.25,590.5,20.0,21.5,10.054118396993761,2.0541183969937604,4.40002411337494,19.15002411337494,4.63852990691226,7.229401861754803,10.274939573720062,proposed
35,MAGE,371.25,590.5,20.0,21.5,10.048666079003933,2.0486660790039326,4.40002411337494,19.40002411337494,4.63852990691226,7.229401861754803,10.274939573720062,proposed
35,PALADIN,390.75,371.5,21.25,45.75,10.106387366431948,2.106387366431948,3.306369342998542,18.556369342998543,4.625272331154684,7.4945533769063175,13.890026445354275,proposed
35,RANGER,393.25,469.25,47.25,21.5,10.107336884851794,2.1073368848517933,3.843589923996886,18.843589923996888,4.42671568627451,11.465686274509803,10.274939573720062,proposed
35,ROGUE,388.0,382.0,44.75,20.0,10.098689450669642,2.0986894506696427,3.3701674871388096,18.370167487138808,4.440671655182314,11.18656689635372,9.904841535276319,proposed
35,WARRIOR,595.25,367.5,21.25,20.25,10.517798843117157,2.5177988431171574,3.2823656354601765,18.532365635460174,4.625272331154684,7.4945533769063175,10.042839657282743,proposed
36,CLERIC,390.5,625.75,21.0,21.75,10.099453964489648,2.099453964489648,4.543522344020291,20.04352234402029,4.6276109314225335,7.4477813715493255,10.33591518347616,proposed
36,MAGE,388.5,625.75,21.0,21.75,10.094253211218051,2.094253211218051,4.543522344020291,20.04352234402029,4.6276109314225335,7.4477813715493255,10.33591518347616,proposed
36,PALADIN,408.0,387.75,21.5,47.25,10.149502688618783,2.149502688618784,3.401594389314269,18.65159438931427,4.62288162077217,7.542367584556591,14.033297004247709,proposed
36,RANGER,411.0,494.75,49.25,21.75,10.151280579947704,2.1512805799477044,3.9699215142485116,19.46992151424851,4.416882295819376,11.662354083612474,10.33591518347616,proposed
36,ROGUE,404.5,400.5,45.75,20.5,10.140321645249164,2.1403216452491645,3.4764657357005775,18.97646573570058,4.435377148953619,11.29245702092762,10.015197568389059,proposed
36,WARRIOR,629.75,383.75,21.5,20.5,10.569997025577573,2.5699970255775724,3.3782686775704027,18.628268677570404,4.62288162077217,7.542367584556591,10.10381526703884,proposed
37,CLERIC,407.75,662.0,21.5,22.0,10.142675964092387,2.1426759640923874,4.683339819540417,20.433339819540418,4.622123319367317,7.557533612653654,10.393987192767682,proposed
37,MAGE,405.75,662.0,21.5,22.0,10.137709394116657,2.1377093941166563,4.683339819540417,20.183339819540418,4.622123319367317,7.557533612653654,10.393987192767682,proposed
37,PALADIN,426.25,405.5,21.75,48.0,10.192892210932957,2.192892210932958,3.5020109207960584,18.75201092079606,4.61958222409042,7.608355518191584,14.095923156312892,proposed
37,RANGER,428.25,520.75,50.25,22.0,10.192327045797668,2.1923270457976693,4.093502325556359,19.843502325556358,4.412009763166021,11.759804736679575,10.393987192767682,proposed
37,ROGUE,423.0,419.0,48.0,21.0,10.184709593984225,2.1847095939842247,3.579146748989897,19.0791467489899,4.4232365878952224,11.535268242095553,10.155538257510235,proposed
37,WARRIOR,666.0,401.5,21.75,20.5,10.621004092384453,2.6210040923844535,3.479387655977705,18.979387655977703,4.61958222409042,7.608355518191584,10.10381526703884,proposed
38,CLERIC,417.0,679.0,21.5,22.0,10.165010260847827,2.1650102608478274,4.746517128659546,20.496517128659548,4.622123319367317,7.557533612653654,10.393987192767682,proposed
38,MAGE,415.0,679.0,21.5,22.0,10.160162450696419,2.1601624506964185,4.746517128659546,20.246517128659548,4.622123319367317,7.557533612653654,10.393987192767682,proposed
38,PALADIN,436.0,414.5,22.0,48.5,10.215461041357138,2.2154610413571367,3.5522400123092126,18.802240012309213,4.616407332943831,7.671853341123369,14.137744841970195,proposed
38,RANGER,438.0,532.5,50.75,22.25,10.214689354058798,2.2146893540587977,4.147471505983243,19.897471505983244,4.409747905243837,11.80504189512326,10.436504199570402,proposed
38,ROGUE,432.25,428.75,49.5,21.0,10.20624072888226,2.2062407288822605,3.632091240479048,19.13209124047905,4.415853862098518,11.682922758029637,10.155538257510235,proposed
38,WARRIOR,685.0,410.5,22.0,20.5,10.646312712436526,2.646312712436525,3.529965808674513,19.02996580867451,4.616407332943831,7.671853341123369,10.10381526703884,proposed
39,CLERIC,435.0,714.25,21.75,22.0,10.206672428635287,2.2066724286352875,4.872609943962748,20.62260994396275,4.619566335147563,7.608673297048745,10.393987192767682,proposed
39,MAGE,433.0,714.25,21.75,22.0,10.202041530614917,2.202041530614917,4.872609943962748,20.372609943962747,4.619566335147563,7.608673297048745,10.393987192767682,proposed
39,PALADIN,453.75,432.0,22.5,50.25,10.254763472752515,2.2547634727525145,3.647368452509022,19.64736845250902,4.610403902412099,7.791921951758018,14.2822270800212,proposed
39,RANGER,457.5,557.0,51.5,22.25,10.257507103019586,2.257507103019586,4.2572267744089185,20.00722677440892,4.40644425019425,11.871114996114997,10.436504199570402,proposed
39,ROGUE,451.25,444.75,50.75,21.75,10.24882244195982,2.24882244195982,3.7171026392730377,19.467102639273037,4.409972599966036,11.800548000679285,10.349660951632929,proposed
39,WARRIOR,721.75,428.0,22.5,21.0,10.692680433227714,2.6926804332277143,3.625746646851317,19.62574664685132,4.610403902412099,7.791921951758018,10.217644999416503,proposed
40,CLERIC,452.75,751.75,22.0,22.5,10.246596565379132,2.2465965653791313,5.000354732377316,20.750354732377318,4.617094583735133,7.658108325297332,10.494576208861924,proposed
40,MAGE,450.75,751.75,22.0,22.5,10.242170592547208,2.242170592547207,5.000354732377316,21.000354732377318,4.617094583735133,7.658108325297332,10.494576208861924,proposed
40,PALADIN,473.25,450.0,23.0,52.0,10.296094984360172,2.296094984360172,3.7421613340925175,19.99216133409252,4.6051722829386765,7.896554341226473,14.417582417582418,proposed
40,RANGER,476.5,583.25,53.0,22.75,10.29795108745838,2.2979510874583795,4.370275515470561,20.37027551547056,4.400144772413089,11.997104551738214,10.535392535392536,proposed
40,ROGUE,468.5,463.25,51.0,22.25,10.285717929517926,2.285717929517926,3.812505849799768,20.06250584979977,4.4085881062951495,11.828237874097006,10.463103946527994,proposed
40,WARRIOR,761.25,446.0,23.0,21.75,10.739069661384939,2.739069661384939,3.721179442909549,19.97117944290955,4.6051722829386765,7.896554341226473,10.38393561193137,proposed
41,CLERIC,471.75,789.5,22.25,22.5,10.286791308880723,2.2867913088807224,5.122939077519361,21.372939077519362,4.614780993042379,7.704380139152435,10.494576208861924,proposed
41,MAGE,469.75,789.5,22.25,22.5,10.282565442452526,2.2825654424525257,5.122939077519361,21.622939077519362,4.614780993042379,7.704380139152435,10.494576208861924,proposed
41,PALADIN,492.0,469.0,23.75,53.25,10.3340299108377,2.3340299108376996,3.8387967463040407,20.08879674630404,4.597803873482991,8.043922530340188,14.506860098965364,proposed
41,RANGER,496.5,610.25,54.0,23.0,10.337991441462506,2.337991441462506,4.482283049763009,20.73228304976301,4.39572594875977,12.085481024804604,10.574608221667045,proposed
41,ROGUE,487.5,481.75,53.0,22.5,10.324802897949198,2.324802897949198,3.9052353488870555,20.155235348887057,4.399143761428265,12.017124771434707,10.51847493213154,proposed
41,WARRIOR,800.25,465.0,23.75,21.75,10.781799544142396,2.781799544142397,3.8184558297404143,20.068455829740415,4.597803873482991,8.043922530340188,10.38393561193137,proposed
42,CLERIC,491.75,827.0,22.5,23.0,10.326994534388799,2.3269945343888,5.238578664698743,21.988578664698743,4.612039764972202,7.7592047005559435,10.590763520996079,proposed
42,MAGE,489.75,827.0,22.5,23.0,10.322963834297616,2.322963834297616,5.238578664698743,21.738578664698743,4.612039764972202,7.7592047005559435,10.590763520996079,proposed
42,PALADIN,512.25,487.25,24.25,54.25,10.373345075362113,2.3733450753621144,3.9294218922143944,20.179421892214396,4.593323586744639,8.133528265107213,14.57784775328635,proposed
42,RANGER,517.0,636.75,54.75,23.5,10.377003508550565,2.377003508550566,4.587524369823063,21.087524369823065,4.391829077060931,12.163418458781363,10.667686597919158,proposed
42,ROGUE,506.0,499.75,54.0,23.0,10.361327357713366,2.3613273577133653,3.9931067506951754,20.493106750695176,4.395061308342988,12.098773833140248,10.633924928600573,proposed
42,WARRIOR,841.5,483.25,24.25,22.5,10.823932399650271,2.8239323996502708,3.909675069422718,20.15967506942272,4.593323586744639,8.133528265107213,10.543632075836612,proposed
43,CLERIC,509.75,867.75,22.75,23.5,10.36174326341065,2.3617432634106508,5.358377298364332,22.10837729836433,4.609649054589689,7.807018908206217,10.717258261933905,proposed
43,MAGE,507.75,867.75,22.75,23.5,10.357877922602505,2.3578779226025044,5.358377298364332,22.10837729836433,4.609649054589689,7.807018908206217,10.717258261933905,proposed
43,PALADIN,531.5,505.0,24.25,55.75,10.408816201506719,2.408816201506719,4.014504692425032,21.01450469242503,4.593323586744639,8.133528265107213,14.682626610337454,proposed
43,RANGER,537.0,665.5,56.25,24.5,10.413273246659337,2.413273246659337,4.697685528003165,21.447685528003166,4.385444835735104,12.291103285297927,10.865406410082054,proposed
43,ROGUE,524.0,518.75,54.25,23.0,10.39535354343459,2.39535354343459,4.083167587512507,20.583167587512506,4.393968923823637,12.120621523527264,10.633924928600573,proposed
43,WARRIOR,882.0,501.0,24.25,22.75,10.862463980024673,2.862463980024673,3.9953059032264786,20.74530590322648,4.593323586744639,8.133528265107213,10.587958316971363,proposed
44,CLERIC,528.75,909.25,23.75,24.0,10.39706988459362,2.397069884593619,5.474583206959936,22.224583206959938,4.599555780476833,8.008884390463338,10.80932807082998,proposed
44,MAGE,526.75,909.25,23.75,24.0,10.393369494370468,2.393369494370469,5.474583206959936,22.224583206959935,4.599555780476833,8.008884390463338,10.80932807082998,proposed
44,PALADIN,550.75,522.5,24.5,57.75,10.442682411568445,2.442682411568444,4.096121973757239,21.096121973757242,4.590377458798511,8.192450824029772,14.828197165153687,proposed
44,RANGER,556.5,695.25,58.0,24.75,10.447305947076828,2.4473059470768277,4.807026051929087,21.80702605192909,4.378153541585697,12.43692916828605,10.918260532703618,proposed
44,ROGUE,543.0,537.75,55.5,23.25,10.429533952762803,2.429533952762804,4.170468355046611,20.920468355046612,4.3883952254641905,12.23209549071618,10.686779051222137,proposed
44,WARRIOR,923.5,518.5,24.5,23.25,10.899363609269448,2.899363609269449,4.077441643629915,21.327441643629918,4.590377458798511,8.192450824029772,10.710132890365449,proposed
45,CLERIC,548.0,950.75,24.25,24.25,10.431590741188103,2.431590741188103,5.584798900689018,22.58479890068902,4.594738938623637,8.105221227527263,10.85983312133503,proposed
45,MAGE,546.0,950.75,24.25,24.25,10.428048607763401,2.428048607763402,5.584798900689018,22.58479890068902,4.594738938623637,8.105221227527263,10.85983312133503,proposed
45,PALADIN,570.25,540.75,24.5,59.5,10.475550333128696,2.4755503331286968,4.179275296856186,21.429275296856186,4.590377458798511,8.192450824029772,14.95112272551297,proposed
45,RANGER,577.0,724.5,59.75,25.0,10.481847857018192,2.481847857018192,4.909905661004948,22.15990566100495,4.371036938920984,12.57926122158033,10.968765583208668,proposed
45,ROGUE,561.25,558.25,56.75,23.5,10.46092851220428,2.460928512204279,4.26146492506734,21.26146492506734,4.383374282785904,12.332514344281925,10.754255434487995,proposed
45,WARRIOR,966.25,536.75,24.5,24.0,10.935006677407241,2.935006677407242,4.161117099800797,21.411117099800798,4.590377458798511,8.192450824029772,10.884551495016613,proposed
46,CLERIC,568.25,994.25,25.0,24.25,10.46607724713247,2.4660772471324695,5.695030817848936,23.195030817848938,4.586903697872677,8.261926042546445,10.85983312133503,proposed
46,MAGE,566.25,994.25,25.0,24.25,10.462689158048333,2.4626891580483323,5.695030817848936,23.195030817848938,4.586903697872677,8.261926042546445,10.85983312133503,proposed
46,PALADIN,591.0,557.75,24.75,60.5,10.508803515738945,2.5088035157389457,4.2542244831875475,21.50422448318755,4.588207319909623,8.23585360180755,15.014616704114422,proposed
46,RANGER,597.5,755.75,61.25,25.0,10.5145346863738,2.5145346863738,5.015434405284846,22.265434405284847,4.364918452466777,12.701630950664457,10.968765583208668,proposed
46,ROGUE,580.75,578.0,57.75,23.5,10.493138013938436,2.4931380139384363,4.346475609916589,21.846475609916588,4.378965357855301,12.420692842893981,10.754255434487995,proposed
46,WARRIOR,1010.5,553.75,24.75,24.5,10.96947414430915,2.9694741443091486,4.236529330548939,21.48652933054894,4.588207319909623,8.23585360180755,10.99277660324172,proposed
47,CLERIC,597.25,1060.75,25.25,24.75,10.512685227178396,2.512685227178396,5.852952388735948,23.60295238873595,4.583846395287073,8.323072094258535,10.980163627222451,proposed
47,MAGE,595.25,1060.75,25.25,24.75,10.509499422779122,2.5094994227791227,5.852952388735947,23.352952388735947,4.583846395287073,8.323072094258535,10.980163627222451,proposed
47,PALADIN,621.0,585.75,25.25,62.5,10.55432451699916,2.5543245169991597,4.373949062539983,22.123949062539985,4.583390478056426,8.332190438871475,15.134320246945785,proposed
47,RANGER,629.0,802.25,63.25,25.5,10.562139772889537,2.5621397728895383,5.16481609401264,23.16481609401264,4.357438944703096,12.851221105938087,11.08909608909609,proposed
47,ROGUE,610.25,608.0,59.5,23.5,10.539478012412012,2.539478012412011,4.4712018837859215,21.971201883785923,4.371923286838362,12.561534263232756,10.754255434487995,proposed
47,WARRIOR,1076.5,581.75,25.25,24.75,11.016896444378961,3.0168964443789603,4.356982581967788,22.356982581967788,4.583390478056426,8.332190438871475,11.04328165374677,proposed
48,CLERIC,617.0,1105.0,26.0,25.0,10.542883198179467,2.542883198179468,5.951842932390983,23.70184293239098,4.577164877946128,8.456702441077441,11.030668677727501,proposed
48,MAGE,615.0,1105.0,26.0,25.0,10.539825256683404,2.539825256683404,5.951842932390983,23.45184293239098,4.577164877946128,8.456702441077441,11.030668677727501,proposed
48,PALADIN,641.0,603.75,25.5,64.5,10.58329643971071,2.5832964397107094,4.448337586420539,22.44833758642054,4.581287112671811,8.374257746563782,15.250286112355077,proposed
48,RANGER,650.0,833.5,64.75,25.75,10.592147816651257,2.592147816651257,5.260001225321249,23.260001225321247,4.352172364672365,12.956552706552706,11.13960113960114,proposed
48,ROGUE,630.0,628.0,60.25,24.0,10.56893388689219,2.5689338868921894,4.551028433570558,22.051028433570558,4.3687037511116955,12.625924977766088,10.860875005393279,proposed
48,WARRIOR,1121.5,599.75,25.5,25.25,11.04683693736836,3.0468369373683597,4.43181609417519,22.68181609417519,4.581287112671811,8.374257746563782,11.134107839293453,proposed
49,CLERIC,646.0,1174.0,26.5,25.5,10.58528172667791,2.5852817266779087,6.096967488537404,24.096967488537405,4.571377840909091,8.572443181818182,11.11668524712003,proposed
49,MAGE,644.0,1174.0,26.5,25.5,10.582399321873591,2.5823993218735914,6.096967488537403,24.346967488537402,4.571377840909091,8.572443181818182,11.11668524712003,proposed
49,PALADIN,671.5,633.75,25.75,66.25,10.625150454687475,2.625150454687475,4.568649595431331,22.81864959543133,4.578730128452056,8.425397430958872,15.35103280724563,proposed
49,RANGER,680.25,882.0,66.0,26.0,10.633445494466745,2.633445494466746,5.400680721279679,23.400680721279677,4.3474939991071135,13.05012001785773,11.187910318345102,proposed
49,ROGUE,661.25,658.25,63.0,25.0,10.613286647477354,2.6132866474773544,4.667738454793792,22.917738454793792,4.358672288359789,12.826554232804234,11.053359683794467,proposed
49,WARRIOR,1191.5,629.75,25.75,25.75,11.08995566427487,3.08995566427487,4.552837241828664,22.802837241828662,4.578730128452056,8.425397430958872,11.233215430925195,proposed
50,CLERIC,666.75,1221.0,26.75,25.5,10.61424786897408,2.6142478689740796,6.190073294099287,24.94007329409929,4.568987130526577,8.620257389468456,11.11668524712003,proposed
50,MAGE,664.75,1221.0,26.75,25.5,10.611482630374844,2.6114826303748453,6.190073294099287,24.690073294099285,4.568987130526577,8.620257389468456,11.11668524712003,proposed
50,PALADIN,692.5,653.0,26.25,67.75,10.652623424186096,2.6526234241860958,4.642940291075838,23.39294029107584,4.573785853976531,8.524282920469362,15.428728357612755,proposed
50,RANGER,702.25,915.25,67.25,26.0,10.66209842559664,2.662098425596639,5.492672874576441,24.242672874576442,4.343366330964603,13.132673380707939,11.187910318345102,proposed
50,ROGUE,683.5,677.5,64.75,25.5,10.643089557076049,2.643089557076049,4.739233590411607,23.239233590411608,4.352688860549685,12.946222789006296,11.150118203309693,proposed
50,WARRIOR,1239.25,649.0,26.25,26.25,11.11722465153193,3.1172246515319317,4.6275575701485305,22.877557570148532,4.573785853976531,8.524282920469362,11.324536807960856,proposed
51,CLERIC,696.75,1296.0,28.0,25.5,10.65357255456518,2.6535725545651805,6.329837990593198,25.079837990593198,4.557477464417468,8.850450711650648,11.11668524712003,proposed
51,MAGE,694.75,1296.0,28.0,25.5,10.650961484807109,2.650961484807108,6.329837990593198,25.079837990593198,4.557477464417468,8.850450711650648,11.11668524712003,proposed
51,PALADIN,724.75,682.0,27.25,69.5,10.69269610904769,2.69269610904769,4.751167968294162,23.751167968294162,4.564844138102335,8.703117237953304,15.517793694821728,proposed
51,RANGER,736.25,968.5,70.0,26.0,10.703853980881606,2.703853980881606,5.632433131135571,24.63243313113557,4.334217968726299,13.315640625474026,11.187910318345102,proposed
51,ROGUE,716.25,710.0,66.75,26.0,10.684646951942108,2.6846469519421077,4.855948262226887,23.60594826222689,4.345826637696248,13.083467246075038,11.242753623188406,proposed
51,WARRIOR,1313.25,678.0,27.25,26.75,11.156331592140875,3.156331592140875,4.736400471386832,23.986400471386833,4.564844138102335,8.703117237953304,11.412061672979327,proposed
52,CLERIC,718.25,1345.25,28.25,25.5,10.680652469727633,2.680652469727634,6.41616771297185,25.16616771297185,4.555556920080329,8.888861598393405,11.11668524712003,proposed
52,MAGE,716.25,1345.25,28.25,25.5,10.67814541559125,2.6781454155912487,6.41616771297185,25.41616771297185,4.555556920080329,8.888861598393405,11.11668524712003,proposed
52,PALADIN,746.5,703.25,27.5,70.5,10.718542539719252,2.718542539719252,4.827373881607128,24.07737388160713,4.562102910032159,8.757941799356812,15.567608245599045,proposed
52,RANGER,759.5,1003.75,71.0,26.25,10.731089326701749,2.7310893267017495,5.720197081961779,24.72019708196178,4.331282987126649,13.374340257467036,11.221580352015135,proposed
52,ROGUE,739.75,730.25,67.75,26.5,10.712927319215064,2.7129273192150634,4.926130203363961,23.67613020336396,4.3425909551189426,13.148180897621154,11.346246239747225,proposed
52,WARRIOR,1363.25,699.25,27.5,27.0,11.180857869346879,3.1808578693468785,4.813031078516956,24.063031078516957,4.562102910032159,8.757941799356812,11.456387914114078,proposed
53,CLERIC,751.25,1421.0,28.25,26.25,10.719972551182295,2.7199725511822956,6.541124422253942,25.791124422253944,4.555556920080329,8.888861598393405,11.271367521367521,proposed
53,MAGE,749.25,1421.0,28.25,26.25,10.71761246045979,2.71761246045979,6.541124422253941,25.79112442225394,4.555556920080329,8.888861598393405,11.271367521367521,proposed
53,PALADIN,777.75,733.75,28.0,73.0,10.753936773422653,2.7539367734226534,4.933391712260397,24.6833917122604,4.55781057668902,8.843788466219605,15.686185764628434,proposed
53,RANGER,795.75,1055.25,72.75,27.25,10.771165511853326,2.7711655118533267,5.842292838350417,25.092292838350417,4.326004394224733,13.479912115505336,11.40873015873016,proposed
53,ROGUE,774.5,762.5,69.0,27.25,10.752506251355817,2.7525062513558165,5.033801416189444,24.033801416189444,4.338111148789739,13.237777024205212,11.465493938826857,proposed
53,WARRIOR,1439.0,729.75,28.0,27.75,11.215414668745021,3.215414668745021,4.919630658612068,24.419630658612068,4.55781057668902,8.843788466219605,11.589466434186932,proposed
54,CLERIC,773.5,1471.5,29.0,26.75,10.745288081991726,2.7452880819917254,6.619686953933133,26.119686953933133,4.548707602517435,9.025847949651288,11.37486013792634,proposed
54,MAGE,771.5,1471.5,29.0,26.75,10.743020455116561,2.743020455116561,6.619686953933133,26.119686953933133,4.548707602517435,9.025847949651288,11.37486013792634,proposed
54,PALADIN,798.75,754.75,28.25,74.75,10.776431371788878,2.7764313717888784,5.003465478626573,25.003465478626573,4.555890032351882,8.882199352962362,15.764614800607369,proposed
54,RANGER,820.5,1090.0,75.0,28.25,10.797200708966985,2.7972007089669852,5.920662821273362,25.670662821273364,4.319085397838794,13.618292043224125,11.57379912996878,proposed
54,ROGUE,797.0,783.75,70.25,27.75,10.776905302140182,2.7769053021401833,5.102308982592382,24.602308982592383,4.333922009693782,13.321559806124363,11.5494547984856,proposed
54,WARRIOR,1490.0,750.75,28.25,28.0,11.237041462564362,3.2370414625643615,4.990081046585687,24.740081046585686,4.555890032351882,8.882199352962362,11.639971484691982,proposed
55,CLERIC,804.5,1552.5,30.0,27.0,10.77836648421247,2.7783664842124693,6.7384465031512,26.238446503151202,4.540210287013356,9.195794259732878,11.411144608173075,proposed
55,MAGE,802.5,1552.5,30.0,27.0,10.776215925581813,2.7762159255818126,6.7384465031512,26.488446503151202,4.540210287013356,9.195794259732878,11.411144608173075,proposed
55,PALADIN,831.25,786.5,29.0,76.5,10.809729065032144,2.809729065032144,5.10571330275774,25.105713302757742,4.550234819113262,8.995303617734756,15.841426578911745,proposed
55,RANGER,856.5,1144.75,77.5,28.25,10.8328294295804,2.8328294295804004,6.038488122692155,25.788488122692158,4.311897241767787,13.762055164644252,11.57379912996878,proposed
55,ROGUE,831.5,817.0,71.75,28.0,10.812686655621688,2.8126866556216883,5.206584226017159,24.70658422601716,4.329218165952656,13.415636680946882,11.593781039620351,proposed
55,WARRIOR,1570.0,782.5,29.0,28.0,11.268692625515527,3.268692625515527,5.092868872806179,25.09286887280618,4.550234819113262,8.995303617734756,11.639971484691982,proposed
56,CLERIC,827.0,1607.75,30.0,27.5,10.801507824352358,2.8015078243523583,6.8147584277746445,26.564758427774645,4.540210287013356,9.195794259732878,11.486901535682023,proposed
56,MAGE,825.0,1607.75,30.0,27.5,10.799437705430048,2.799437705430047,6.8147584277746445,26.814758427774645,4.540210287013356,9.195794259732878,11.486901535682023,proposed
56,PALADIN,853.0,807.25,29.75,78.0,10.831135228483465,2.8311352284834648,5.170841143169989,25.17084114316999,4.543427428442641,9.131451431147172,15.90476502274255,proposed
56,RANGER,881.0,1182.75,79.0,28.5,10.85608435287977,2.8560843528797712,6.11632838651988,26.116328386519882,4.307713281250279,13.845734374994425,11.614615456499394,proposed
56,ROGUE,854.75,839.25,72.25,28.0,10.835638531641337,2.835638531641337,5.273917177212779,24.77391717721278,4.327793753293198,13.444124934136033,11.593781039620351,proposed
56,WARRIOR,1623.75,803.25,29.75,28.5,11.288562183321847,3.2885621833218477,5.158336507081534,25.158336507081536,4.543427428442641,9.131451431147172,11.729096989966555,proposed
57,CLERIC,859.75,1690.25,30.5,27.75,10.833884595476512,2.833884595476513,6.9223706976739585,26.92237069767396,4.536007982427944,9.279840351441123,11.535210714425986,proposed
57,MAGE,857.75,1690.25,30.5,27.75,10.831924784796595,2.8319247847965943,6.9223706976739585,26.92237069767396,4.536007982427944,9.279840351441123,11.535210714425986,proposed
57,PALADIN,887.5,840.5,30.0,79.75,10.863717004770024,2.8637170047700233,5.271797140090447,25.27179714009045,4.541257289553752,9.17485420892495,15.979687729371141,proposed
57,RANGER,916.25,1238.5,80.75,29.0,10.888029614381722,2.888029614381723,6.225077236906076,26.225077236906078,4.303088692140417,13.938226157191675,11.69214731204055,proposed
57,ROGUE,890.5,875.75,74.75,28.25,10.869048017158994,2.869048017158993,5.379895646487384,25.379895646487384,4.320299844653999,13.594003106920042,11.636298046423072,proposed
57,WARRIOR,1707.25,836.5,30.0,29.5,11.317426308408963,3.317426308408964,5.259810474046967,25.25981047404697,4.541257289553752,9.17485420892495,11.895176856632727,proposed
58,CLERIC,893.25,1774.25,30.75,28.5,10.865593833258933,2.865593833258933,7.024804686912454,27.024804686912454,4.534143106042607,9.317137879147857,11.66616844366205,proposed
58,MAGE,891.25,1774.25,30.75,28.5,10.863739660763118,2.8637396607631183,7.024804686912454,27.024804686912454,4.534143106042607,9.317137879147857,11.66616844366205,proposed
58,PALADIN,922.0,873.5,30.75,81.0,10.894346581327927,2.8943465813279277,5.367220326275927,25.367220326275927,4.535477453580902,9.290450928381963,16.0286132820049,proposed
58,RANGER,951.75,1294.75,82.0,30.0,10.918483041763078,2.9184830417630794,6.328902605912694,26.328902605912695,4.299859443964738,14.002811120705227,11.845005999548786,proposed
58,ROGUE,927.0,911.75,76.75,28.75,10.901308390319329,2.90130839031933,5.479698052761337,25.47969805276134,4.314798803658027,13.704023926839461,11.732077446363162,proposed
58,WARRIOR,1791.5,869.5,30.75,29.75,11.34424870389304,3.3442487038930393,5.355711413808632,25.355711413808635,4.535477453580902,9.290450928381963,11.930117457611065,proposed
59,CLERIC,915.25,1831.75,31.25,29.25,10.885355799504369,2.8853557995043695,7.090929638759311,27.090929638759313,4.53016137295082,9.396772540983607,11.791714352381694,proposed
59,MAGE,913.25,1831.75,31.25,29.25,10.883565775870213,2.883565775870214,7.090929638759311,27.090929638759313,4.53016137295082,9.396772540983607,11.791714352381694,proposed
59,PALADIN,944.75,894.5,31.0,82.25,10.913662731997466,2.9136627319974666,5.426232373579574,25.426232373579573,4.533437826541275,9.331243469174504,16.0768084017042,proposed
59,RANGER,974.75,1333.5,82.75,30.5,10.937303351342356,2.937303351342356,6.397078224646227,26.39707822464623,4.298010264353723,14.03979471292555,11.938084375800898,proposed
59,ROGUE,950.25,935.5,78.0,29.0,10.920994184029187,2.920994184029186,5.543332894522123,25.543332894522123,4.311711060668478,13.765778786630445,11.772893772893774,proposed
59,WARRIOR,1848.0,890.5,31.0,29.75,11.361049379443855,3.3610493794438563,5.415014808143842,25.415014808143845,4.533437826541275,9.331243469174504,11.930117457611065,proposed
60,CLERIC,948.75,1920.0,31.5,29.75,10.914128123280024,2.9141281232800247,7.186945372553385,27.186945372553385,4.528058007566204,9.438839848675915,11.874252291638605,proposed
60,MAGE,946.75,1920.0,31.5,29.75,10.912429359474098,2.9124293594740975,7.186945372553385,27.186945372553385,4.528058007566204,9.438839848675915,11.874252291638605,proposed
60,PALADIN,977.25,930.0,31.25,84.5,10.940135402294901,2.9401354022949016,5.522377743977552,25.522377743977554,4.53088084232152,9.382383153569595,16.16271803838745,proposed
60,RANGER,1011.25,1393.75,84.0,31.25,10.966065507542043,2.966065507542043,6.498285588166382,26.498285588166382,4.295059292301686,14.098814153966282,12.04706335154644,proposed
60,ROGUE,988.5,969.5,80.5,29.0,10.95172246396374,2.95172246396374,5.63196538421324,25.631965384213242,4.304852982162765,13.902940356744706,11.772893772893774,proposed
60,WARRIOR,1933.0,926.0,31.25,30.5,11.38478794467192,3.38478794467192,5.511626125449674,25.511626125449673,4.53088084232152,9.382383153569595,12.044011888732387,proposed
61,CLERIC,983.5,2008.5,31.75,30.5,10.942717470049594,2.942717470049594,7.277205041962137,27.277205041962137,4.525744416873449,9.485111662531018,12.006373256373259,proposed
61,MAGE,981.5,2008.5,31.75,30.5,10.941107430107879,2.9411074301078783,7.277205041962137,27.277205041962137,4.525744416873449,9.485111662531018,12.006373256373259,proposed
61,PALADIN,1012.5,964.0,31.75,86.5,10.967668730241519,2.9676687302415186,5.610635519307677,25.610635519307678,4.526430348258707,9.471393034825871,16.23137381731405,proposed
61,RANGER,1048.25,1454.75,85.75,32.0,10.993643550461236,2.993643550461236,6.5949694235064165,26.59496942350642,4.290723446062687,14.185531078746251,12.179184316281091,proposed
61,ROGUE,1023.25,1006.25,82.5,29.25,10.97812905046132,2.9781290504613196,5.723156020655493,25.723156020655495,4.2999228141869965,14.001543716260066,11.809178243140508,proposed
61,WARRIOR,2022.5,960.0,31.75,31.25,11.408020213267971,3.408020213267971,5.600302579289325,25.600302579289327,4.526430348258707,9.471393034825871,12.15901736045683,proposed
62,CLERIC,1018.5,2100.0,32.0,31.25,10.969793791786495,2.969793791786495,7.364512445134295,27.364512445134295,4.523983853493167,9.52032293013665,12.115027829313545,proposed
62,MAGE,1016.5,2100.0,32.0,31.25,10.968265214268921,2.968265214268921,7.364512445134295,27.364512445134295,4.523983853493167,9.52032293013665,12.115027829313545,proposed
62,PALADIN,1044.75,999.75,32.25,89.25,10.991540144250175,2.991540144250175,5.700152202913887,25.700152202913888,4.522279074495911,9.554418510081778,16.325206325206324,proposed
62,RANGER,1087.0,1515.5,87.5,32.75,11.020952965320705,3.020952965320705,6.686164001260564,26.686164001260565,4.286638173773129,14.26723652453741,12.28783888922138,proposed
62,ROGUE,1060.25,1042.25,84.0,29.5,11.005016546481666,3.0050165464816656,5.809355909332583,25.80935590933258,4.29593339426765,14.081332114646997,11.844118844118844,proposed
62,WARRIOR,2111.0,995.75,32.25,31.75,11.429278232234244,3.4292782322342448,5.690236446614174,25.690236446614175,4.522279074495911,9.554418510081778,12.238284202569918,proposed
63,CLERIC,1041.75,2163.0,32.5,31.25,10.987131667318403,2.987131667318403,7.421554304041525,27.42155430404153,4.519704083084365,9.605918338312705,12.115027829313545,proposed
63,MAGE,1039.75,2163.0,32.5,31.25,10.985654320908466,2.985654320908467,7.421554304041525,27.42155430404153,4.519704083084365,9.605918338312705,12.115027829313545,proposed
63,PALADIN,1066.5,1023.5,32.5,90.25,11.006904547251873,3.0069045472518727,5.757389488654907,25.75738948865491,4.520518511115629,9.589629777687412,16.35672707706606,proposed
63,RANGER,1111.75,1559.0,88.0,32.75,11.037568201548108,3.0375682015481074,6.748623425848837,26.74862342584884,4.285442818581872,14.291143628362548,12.28783888922138,proposed
63,ROGUE,1085.75,1067.0,86.75,29.75,11.02270770699627,3.0227077069962696,5.8666502295587915,25.866650229558793,4.289338603852579,14.213227922948416,11.877788877788877,proposed
63,WARRIOR,2171.25,1019.5,32.5,32.0,11.442877175737234,3.4428771757372343,5.747735375510862,25.747735375510864,4.520518511115629,9.589629777687412,12.271954236239951,proposed
64,CLERIC,1078.0,2257.75,33.5,32.5,11.013037933519657,3.0130379335196573,7.502819768220615,27.502819768220615,4.512541459369817,9.74917081260365,12.317315026697178,proposed
64,MAGE,1076.0,2257.75,33.5,32.5,11.011635473763494,3.0116354737634947,7.502819768220615,27.502819768220615,4.512541459369817,9.74917081260365,12.317315026697178,proposed
64,PALADIN,1102.0,1058.5,33.0,92.75,11.030961787772146,3.0309617877721466,5.839129703753811,25.839129703753812,4.516886307936551,9.66227384126898,16.435707889347775,proposed
64,RANGER,1149.75,1625.0,90.5,33.75,11.06220868467532,3.062208684675319,6.838841943916572,26.838841943916574,4.279796618137325,14.404067637253513,12.458797765803007,proposed
64,ROGUE,1125.0,1104.0,89.25,30.0,11.048723652216825,3.0487236522168244,5.949149833410495,25.949149833410495,4.283200536531145,14.33598926937711,11.933159863392422,proposed
64,WARRIOR,2265.5,1054.5,33.0,32.75,11.462888069923995,3.462888069923994,5.8298434934013255,25.829843493401327,4.516886307936551,9.66227384126898,12.376566416040102,proposed
65,CLERIC,1112.5,2354.5,34.0,33.25,11.036216080411254,3.036216080411255,7.580586777638397,27.5805867776384,4.508956150953532,9.82087698092936,12.42406456346295,proposed
65,MAGE,1110.5,2354.5,34.0,33.25,11.034878589726585,3.034878589726585,7.580586777638397,27.5805867776384,4.508956150953532,9.82087698092936,12.42406456346295,proposed
65,PALADIN,1137.25,1093.75,33.5,94.75,11.053767356539074,3.0537673565390744,5.9186161948167175,25.918616194816718,4.512907953164648,9.741840936707035,16.497198003654248,proposed
65,RANGER,1189.5,1690.5,92.0,34.25,11.086450080030517,3.0864500800305166,6.923777746661654,26.923777746661656,4.276365693649847,14.472686127003062,12.53529926869098,proposed
65,ROGUE,1164.5,1141.25,90.75,30.5,11.073467686199901,3.0734676861999013,6.028890440348423,26.028890440348427,4.279784712728092,14.404305745438164,12.01848151848152,proposed
65,WARRIOR,2360.75,1089.75,33.5,33.0,11.48169946498722,3.48169946498722,5.909681578255374,25.909681578255377,4.512907953164648,9.741840936707035,12.419083422842823,proposed
66,CLERIC,1149.5,2452.75,34.5,33.5,11.059853828709347,3.0598538287093464,7.654848721876151,27.654848721876153,4.505471504112808,9.890569917743832,12.453287240260146,proposed
66,MAGE,1147.5,2452.75,34.5,33.5,11.058580979890795,3.058580979890796,7.654848721876151,27.654848721876153,4.505471504112808,9.890569917743832,12.453287240260146,proposed
66,PALADIN,1175.25,1129.25,33.75,96.0,11.077103030339096,3.077103030339096,5.995364310066066,25.995364310066066,4.5112881827092615,9.774236345814773,16.534880839116582,proposed
66,RANGER,1230.25,1758.25,93.25,34.5,11.109975489178105,3.1099754891781046,7.006789715501028,27.00678971550103,4.273738515391161,14.52522969217678,12.564521945488178,proposed
66,ROGUE,1203.75,1179.0,93.25,31.25,11.096939880771572,3.096939880771571,6.10671907277251,26.10671907277251,4.27435844510031,14.512831097993798,12.12530999580477,proposed
66,WARRIOR,2461.25,1125.25,33.75,33.25,11.50014221906099,3.500142219060989,5.986762029947764,25.986762029947762,4.5112881827092615,9.774236345814773,12.449331456720621,proposed
67,CLERIC,1188.5,2553.25,35.0,34.0,11.083458917247615,3.0834589172476154,7.726062070091177,27.726062070091178,4.501899346529628,9.962013069407437,12.526836158192092,proposed
67,MAGE,1186.5,2553.25,35.0,34.0,11.082248899246153,3.0822488992461534,7.726062070091177,27.726062070091178,4.501899346529628,9.962013069407437,12.526836158192092,proposed
67,PALADIN,1211.75,1168.0,34.0,98.0,11.098743007596234,3.098743007596234,6.07623556339999,26.07623556339999,4.509423306323924,9.811533873521508,16.58871917430821,proposed
67,RANGER,1274.0,1825.75,95.0,34.75,11.134023631510487,3.1340236315104875,7.085091578824029,27.08509157882403,4.27016026085964,14.596794782807203,12.608848186622929,proposed
67,ROGUE,1243.25,1215.75,94.5,31.5,11.119344681336809,3.1193446813368086,6.179513736985384,26.179513736985385,4.271666666900183,14.56666666199635,12.155558029682567,proposed
67,WARRIOR,2561.25,1164.0,34.0,33.5,11.517315733974746,3.5173157339747454,6.067977428258743,26.067977428258743,4.509423306323924,9.811533873521508,12.480659777522625,proposed
68,CLERIC,1213.75,2621.5,36.0,34.0,11.09805259168722,3.0980525916872197,7.772072841117879,27.77207284111788,4.4949527792657165,10.100944414685664,12.526836158192092,proposed
68,MAGE,1211.75,2621.5,36.0,34.0,11.09688054924652,3.0968805492465217,7.772072841117879,27.77207284111788,4.4949527792657165,10.100944414685664,12.526836158192092,proposed
68,PALADIN,1237.0,1192.0,34.75,99.5,11.113026551495048,3.113026551495049,6.124313914027563,26.124313914027564,4.503436447489284,9.931271050214331,16.633688786390206,proposed
68,RANGER,1302.0,1873.0,96.5,34.75,11.148712200783889,3.148712200783889,7.137543417869452,27.137543417869452,4.267106267922183,14.657874641556338,12.608848186622929,proposed
68,ROGUE,1270.75,1240.75,96.0,31.5,11.134251906766917,3.134251906766917,6.227532688535314,26.227532688535316,4.268327809343434,14.633443813131315,12.155558029682567,proposed
68,WARRIOR,2629.75,1188.0,34.75,33.75,11.52836041863348,3.528360418633479,6.116256197194569,26.11625619719457,4.503436447489284,9.931271050214331,12.521476104053237,proposed
69,CLERIC,1253.75,2726.75,36.25,34.5,11.120396810394936,3.1203968103949364,7.839527465111905,27.839527465111907,4.4928494138811015,10.14301172237797,12.583333333333334,proposed
69,MAGE,1251.75,2726.75,36.25,34.5,11.11928191692222,3.1192819169222203,7.839527465111905,27.839527465111907,4.4928494138811015,10.14301172237797,12.583333333333334,proposed
69,PALADIN,1274.25,1231.75,35.25,101.25,11.133266375749717,3.133266375749716,6.201751054866894,26.201751054866897,4.499521487901769,10.009570241964608,16.680299298403447,proposed
69,RANGER,1346.75,1944.0,99.5,35.0,11.171294403900275,3.171294403900275,7.213068916914882,27.213068916914885,4.261107812295694,14.777843754086131,12.63709677419355,proposed
69,ROGUE,1312.0,1279.75,98.0,31.5,11.155767112430004,3.155767112430004,6.3000120381032465,26.300012038103247,4.264532876782934,14.709342464341326,12.155558029682567,proposed
69,WARRIOR,2733.25,1227.75,35.25,34.25,11.544136605590738,3.5441366055907384,6.1940117131572325,26.194011713157234,4.499521487901769,10.009570241964608,12.580946814728229,proposed
70,CLERIC,1294.0,2832.75,36.5,34.75,11.141807211753564,3.1418072117535636,7.903523024757918,27.903523024757916,4.491229643425714,10.17540713148571,12.610655737704919,proposed
70,MAGE,1292.0,2832.75,36.5,34.75,11.140745782712804,3.1407457827128042,7.903523024757918,27.903523024757916,4.491229643425714,10.17540713148571,12.610655737704919,proposed
70,PALADIN,1311.75,1271.75,36.0,103.0,11.152757092560366,3.152757092560366,6.276558687716806,26.276558687716808,4.494451557831839,10.11096884336321,16.728341187119582,proposed
70,RANGER,1391.0,2016.25,102.0,35.0,11.192435511815875,3.1924355118158743,7.285807141230931,27.285807141230933,4.25617265820802,14.8765468358396,12.63709677419355,proposed
70,ROGUE,1354.0,1320.0,100.5,31.75,11.176599278974784,3.1765992789747832,6.372066786258134,26.372066786258138,4.259641414475835,14.807171710483306,12.184780706479762,proposed
70,WARRIOR,2838.25,1267.75,36.0,34.5,11.5591284856581,3.5591284856581,6.2691207825667465,26.26912078256675,4.494451557831839,10.11096884336321,12.610169491525426,proposed
71,CLERIC,1333.5,2939.5,37.0,35.25,11.161859683082223,3.1618596830822234,7.964090760285481,27.964090760285483,4.487853220504626,10.242935589907471,12.677193828351013,proposed
71,MAGE,1331.5,2939.5,37.0,35.25,11.160847160159616,3.1608471601596158,7.964090760285481,27.964090760285483,4.487853220504626,10.242935589907471,12.677193828351013,proposed
71,PALADIN,1350.75,1311.75,36.5,104.25,11.172209155365284,3.1722091553652834,6.348776528235954,26.348776528235955,4.491015938724579,10.179681225508428,16.76203753328818,proposed
71,RANGER,1435.75,2087.5,103.25,35.5,11.212741647308434,3.2127416473084343,7.353892898569916,27.353892898569917,4.253838505923383,14.923229881532329,12.703634864839644,proposed
71,ROGUE,1396.75,1360.5,103.75,32.25,11.19684133741417,3.19684133741417,6.441671025615304,26.441671025615307,4.253592840292818,14.928143194143637,12.272993147633379,proposed
71,WARRIOR,2946.75,1307.75,36.5,34.75,11.573622088819743,3.573622088819744,6.341624527967528,26.34162452796753,4.491015938724579,10.179681225508428,12.649385177799935,proposed
72,CLERIC,1376.0,3049.5,37.5,35.75,11.182365220331569,3.182365220331569,8.023012427498166,28.023012427498166,4.484741556208752,10.305168875824968,12.746151871642365,proposed
72,MAGE,1374.0,3049.5,37.5,35.75,11.181401477785466,3.181401477785466,8.023012427498166,28.023012427498166,4.484741556208752,10.305168875824968,12.746151871642365,proposed
72,PALADIN,1387.75,1351.75,37.0,106.25,11.18980906115731,3.18980906115731,6.418441108297032,26.418441108297035,4.487835381835696,10.243292363286084,16.813749579732402,proposed
72,RANGER,1482.75,2161.0,105.75,35.75,11.232967833991367,3.232967833991367,7.420610909944239,27.42061090994424,4.249304275001537,15.013914499969268,12.746151871642365,proposed
72,ROGUE,1436.75,1403.0,105.25,32.5,11.21481358068357,3.2148135806835696,6.511900082293661,26.511900082293664,4.250878353672471,14.982432926550572,12.307933748611715,proposed
72,WARRIOR,3054.75,1347.75,37.0,35.25,11.587131634671728,3.5871316346717284,6.411560023587688,26.41156002358769,4.487835381835696,10.243292363286084,12.716849451645064,proposed
73,CLERIC,1415.5,3162.75,38.5,36.25,11.200557059008593,3.2005570590085934,8.080209504608629,28.08020950460863,4.478837372672989,10.423252546540219,12.813409234661608,proposed
73,MAGE,1413.5,3162.75,38.5,36.25,11.19963559125073,3.199635591250731,8.080209504608629,28.08020950460863,4.478837372672989,10.423252546540219,12.813409234661608,proposed
73,PALADIN,1427.5,1389.75,37.25,108.5,11.2079177812539,3.2079177812539004,6.481876741090465,26.481876741090467,4.486123722993756,10.277525540124895,16.86947203042648,proposed
73,RANGER,1526.75,2238.0,108.0,36.25,11.251024031475424,3.251024031475425,7.487069299950007,27.487069299950008,4.245417656571606,15.09164686856789,12.813409234661608,proposed
73,ROGUE,1478.5,1444.0,107.75,33.25,11.232743003428391,3.2327430034283906,6.5769886635537755,26.576988663553777,4.246521020160037,15.069579596799256,12.406136840099105,proposed
73,WARRIOR,3166.5,1385.75,37.25,36.25,11.600238156777946,3.6002381567779467,6.475237131464542,26.475237131464546,4.486123722993756,10.277525540124895,12.846412304482573,proposed
74,CLERIC,1457.5,3276.25,38.75,37.0,11.21901363525803,3.219013635258029,8.134321196792179,28.13432119679218,4.4772176022176025,10.455647955647956,12.91593395008955,proposed
74,MAGE,1455.5,3276.25,38.75,37.0,11.218134061696652,3.218134061696652,8.134321196792179,28.13432119679218,4.4772176022176025,10.455647955647956,12.91593395008955,proposed
74,PALADIN,1467.0,1429.5,38.0,110.25,11.225104793730987,3.2251047937309862,6.545682296118748,26.54568229611875,4.481107026143791,10.377859477124183,16.91238966982674,proposed
74,RANGER,1573.25,2314.25,110.0,37.0,11.269253397557183,3.269253397557183,7.549518064411279,27.54951806441128,4.242014680412108,15.15970639175783,12.91593395008955,proposed
74,ROGUE,1522.5,1484.5,109.75,33.75,11.250797027799713,3.250797027799714,6.639239698606919,26.63923969860692,4.243276332051391,15.134473358972182,12.489386619821403,proposed
74,WARRIOR,3278.75,1425.5,38.0,36.25,11.612581949867806,3.612581949867806,6.539280789069034,26.539280789069036,4.481107026143791,10.377859477124183,12.846412304482573,proposed
75,CLERIC,1499.25,3391.5,39.5,37.25,11.236546253563194,3.2365462535631933,8.186272135557623,28.186272135557623,4.472993121529514,10.540137569409723,12.941535588594412,proposed
75,MAGE,1497.25,3391.5,39.5,37.25,11.235705589647452,3.235705589647453,8.186272135557623,28.186272135557623,4.472993121529514,10.540137569409723,12.941535588594412,proposed
75,PALADIN,1507.75,1470.25,38.5,111.25,11.24207257964534,3.2420725796453396,6.60912665447757,26.60912665447757,4.477891841116479,10.442163177670425,16.93420552699551,proposed
75,RANGER,1621.0,2391.25,112.25,37.25,11.28701351457262,3.287013514572619,7.609598198914247,27.60959819891425,4.238371157750636,15.232576844987278,12.941535588594412,proposed
75,ROGUE,1565.25,1528.75,111.75,34.25,11.267545658863108,3.267545658863108,6.704389817381163,26.704389817381163,4.239688833345772,15.206223333084562,12.549176556660521,proposed
75,WARRIOR,3393.75,1466.25,38.5,36.25,11.624480526944435,3.624480526944436,6.602958434750304,26.602958434750306,4.477891841116479,10.442163177670425,12.846412304482573,proposed
76,CLERIC,1542.25,3508.25,39.5,38.0,11.253765384223437,3.253765384223436,8.23600654245659,28.23600654245659,4.472993121529514,10.540137569409723,13.027423233444322,proposed
76,MAGE,1540.25,3508.25,39.5,38.0,11.252962038031741,3.2529620380317414,8.23600654245659,28.23600654245659,4.472993121529514,10.540137569409723,13.027423233444322,proposed
76,PALADIN,1549.0,1510.5,38.5,112.75,11.258492712088698,3.2584927120886977,6.669484836606804,26.669484836606806,4.477891841116479,10.442163177670425,16.972282162380882,proposed
76,RANGER,1670.5,2469.25,114.75,37.75,11.304542249125415,3.304542249125415,7.667501532477458,27.66750153247746,4.234208937198067,15.31582125603865,13.002621646142735,proposed
76,ROGUE,1610.5,1571.75,113.5,34.75,11.28451248389174,3.2845124838917403,6.765493968476619,26.76549396847662,4.237112366715824,15.257752665683533,12.609287626819185,proposed
76,WARRIOR,3510.5,1506.5,38.5,36.75,11.635832655740177,3.635832655740177,6.663534406462361,26.66353440646236,4.477891841116479,10.442163177670425,12.910560731619771,proposed
77,CLERIC,1585.75,3627.5,39.75,38.5,11.270561964420985,3.270561964420984,8.284045125570799,28.2840451255708,4.470953494489887,10.580930110202262,13.089169085631351,proposed
77,MAGE,1583.75,3627.5,39.75,38.5,11.269794380328282,3.2697943803282814,8.284045125570799,28.2840451255708,4.470953494489887,10.580930110202262,13.089169085631351,proposed
77,PALADIN,1588.75,1553.25,39.0,115.0,11.273623745044063,3.2736237450440635,6.731136419600239,26.73113641960024,4.474319683533299,10.51360632933403,17.02454458610513,proposed
77,RANGER,1718.75,2548.5,116.5,38.0,11.320859077692205,3.320859077692206,7.723537158287742,27.723537158287744,4.231414681919686,15.37170636160627,13.040329036791302,proposed
77,ROGUE,1654.0,1615.5,116.5,35.25,11.300037367942952,3.3000373679429527,6.825333244008165,26.825333244008167,4.232203626159328,15.355927476813443,12.699867336964113,proposed
77,WARRIOR,3627.5,1549.25,39.0,37.0,11.646520887634063,3.6465208876340633,6.725404081251176,26.725404081251178,4.474319683533299,10.51360632933403,12.946845201866505,proposed
78,CLERIC,1629.75,3748.25,40.0,40.0,11.286679712233195,3.2866797122331937,8.3300846036521,28.3300846036521,4.468974751839502,10.620504963209951,13.265993265993266,proposed
78,MAGE,1627.75,3748.25,40.0,40.0,11.285945576009365,3.2859455760093654,8.3300846036521,28.3300846036521,4.468974751839502,10.620504963209951,13.265993265993266,proposed
78,PALADIN,1630.0,1594.5,39.25,117.5,11.28865358362886,3.28865358362886,6.7884504588741414,26.78845045887414,4.4726549194541505,10.546901610916983,17.078148332503734,proposed
78,RANGER,1768.0,2627.5,118.0,39.25,11.336626702865095,3.3366267028650953,7.776777709567083,27.776777709567085,4.229048341999059,15.419033160018817,13.193843193843195,proposed
78,ROGUE,1699.25,1661.0,119.25,35.5,11.31554514755907,3.315545147559069,6.8852586525137065,26.88525865251371,4.22803640564506,15.439271887098789,12.725468975468976,proposed
78,WARRIOR,3747.0,1590.5,39.25,37.5,11.656820284844839,3.656820284844839,6.782917158542174,26.782917158542176,4.4726549194541505,10.546901610916983,12.999769244742954,proposed
79,CLERIC,1674.25,3869.75,40.25,40.25,11.302297407156189,3.302297407156188,8.374040600395038,28.37404060039504,4.467054207502365,10.658915849952708,13.288607467711946,proposed
79,MAGE,1672.25,3869.75,40.25,40.25,11.301595001104738,3.3015950011047384,8.374040600395038,28.37404060039504,4.467054207502365,10.658915849952708,13.288607467711946,proposed
79,PALADIN,1671.0,1636.75,39.5,119.75,11.302981556476038,3.3029815564760376,6.8453629437466565,26.845362943746657,4.470943260612211,10.581134787755794,17.124882629107983,proposed
79,RANGER,1816.75,2709.0,118.75,39.5,11.351565534597764,3.351565534597764,7.829143979143492,27.829143979143495,4.227888693045292,15.442226139094148,13.218644781144782,proposed
79,ROGUE,1744.25,1704.75,121.25,36.5,11.33023543826622,3.33023543826622,6.94079067749172,26.940790677491723,4.224911945940594,15.501761081188123,12.856583422842823,proposed
79,WARRIOR,3868.25,1632.75,39.5,38.0,11.666660775817105,3.6666607758171055,6.840024276816576,26.840024276816578,4.470943260612211,10.581134787755794,13.061150882209922,proposed
80,CLERIC,1718.75,3994.75,41.25,40.5,11.31740983145361,3.3174098314536096,8.416904692104197,28.416904692104197,4.460416666666667,10.791666666666668,13.32227750138198,proposed
80,MAGE,1716.75,3994.75,41.25,40.5,11.316737636458306,3.3167376364583063,8.416904692104197,28.416904692104197,4.460416666666667,10.791666666666668,13.32227750138198,proposed
80,PALADIN,1712.5,1681.25,40.25,121.25,11.316904582900852,3.3169045829008525,6.902760187509616,26.902760187509617,4.465993961998528,10.680120760029435,17.15732921174452,proposed
80,RANGER,1865.0,2792.5,120.25,39.75,11.36569819137296,3.3656981913729602,7.880317813609573,27.880317813609576,4.2256698479918535,15.486603040162938,13.252314814814817,proposed
80,ROGUE,1793.5,1748.5,123.0,37.0,11.345580944251541,3.345580944251541,6.994417105250786,26.994417105250786,4.222381735025268,15.552365299494653,12.918159777522625,proposed
80,WARRIOR,3991.5,1677.25,40.25,38.25,11.676097788202474,3.6760977882024743,6.897613534235385,26.897613534235386,4.465993961998528,10.680120760029435,13.094820915879955,proposed
81,CLERIC,1762.75,4121.5,41.75,41.25,11.331659846778013,3.3316598467780136,8.458081243354485,28.458081243354485,4.457386363636363,10.852272727272727,13.411029269238226,proposed
81,MAGE,1760.75,4121.5,41.75,41.25,11.331015442269797,3.3310154422697966,8.458081243354485,28.458081243354485,4.457386363636363,10.852272727272727,13.411029269238226,proposed
81,PALADIN,1755.5,1725.25,40.5,123.0,11.330772322253805,3.330772322253805,6.957627816519972,26.957627816519974,4.464374191543142,10.712516169137174,17.193545428278252,proposed
81,RANGER,1914.5,2877.25,121.75,40.5,11.379603477064439,3.379603477064438,7.929857299846029,27.92985729984603,4.223518119064081,15.52963761871839,13.341066582671061,proposed
81,ROGUE,1841.75,1793.0,124.75,37.5,11.3600358063739,3.3600358063739013,7.047029276303967,27.047029276303967,4.219943760343966,15.601124793120672,12.983014565591699,proposed
81,WARRIOR,4118.5,1721.25,40.5,38.5,11.685284238546476,3.685284238546476,6.952661719417525,26.952661719417527,4.464374191543142,10.712516169137174,13.127288448347489,proposed
82,CLERIC,1810.0,4250.25,42.25,42.0,11.346408304409744,3.3464083044097435,8.49779112838535,28.49779112838535,4.454168923799205,10.916621524015891,13.494554702056746,proposed
82,MAGE,1808.0,4250.25,42.25,42.0,11.34579216494625,3.3457921649462508,8.49779112838535,28.49779112838535,4.454168923799205,10.916621524015891,13.494554702056746,proposed
82,PALADIN,1799.75,1770.5,41.25,124.5,11.344405844806294,3.344405844806294,7.012242965614401,27.0122429656144,4.459860470226324,10.802790595473523,17.222995042868003,proposed
82,RANGER,1965.75,2962.25,123.5,41.75,11.393300599253974,3.393300599253974,7.977231691944702,27.977231691944702,4.22103949876038,15.579210024792403,13.472605623918028,proposed
82,ROGUE,1889.5,1837.25,126.75,37.5,11.373713677524535,3.3737136775245347,7.09741726823011,27.09741726823011,4.217319436976945,15.653611260461094,12.983014565591699,proposed
82,WARRIOR,4247.5,1766.5,41.25,38.75,11.69409542407427,3.6940954240742707,7.007453683635993,27.007453683635994,4.459860470226324,10.802790595473523,13.158616769149493,proposed
83,CLERIC,1853.0,4383.75,42.75,42.75,11.359267352009173,3.359267352009172,8.536884392631807,28.53688439263181,4.451106956315289,10.977860873694208,13.57755778429675,proposed
83,MAGE,1851.0,4383.75,42.75,42.75,11.358675336635333,3.3586753366353324,8.536884392631807,28.53688439263181,4.451106956315289,10.977860873694208,13.57755778429675,proposed
83,PALADIN,1843.5,1815.5,41.75,127.0,11.357404284378475,3.357404284378475,7.0646487922811945,27.064648792281197,4.456707317073171,10.865853658536587,17.27118730742289,proposed
83,RANGER,2014.0,3051.5,124.5,42.25,11.405550021894914,3.405550021894915,8.024801131886848,28.024801131886846,4.219633375475453,15.607332490490936,13.534295833182757,proposed
83,ROGUE,1939.5,1882.5,128.5,38.25,11.387384669992134,3.3873846699921337,7.147375987425315,27.147375987425317,4.214990971313861,15.70018057372279,13.065795299576715,proposed
83,WARRIOR,4378.5,1811.5,41.75,39.0,11.70256387781555,3.702563877815549,7.060026166382852,27.060026166382855,4.456707317073171,10.865853658536587,13.18886480302729,proposed
84,CLERIC,1899.5,4517.0,43.0,43.0,11.37256876695048,3.3725687669504802,8.573906850140913,28.573906850140915,4.449789582030435,11.004208359391287,13.59950686243547,proposed
84,MAGE,1897.5,4517.0,43.0,43.0,11.372001140973975,3.3720011409739743,8.573906850140913,28.573906850140915,4.449789582030435,11.004208359391287,13.59950686243547,proposed
84,PALADIN,1886.75,1862.25,42.75,128.5,11.369687388424717,3.3696873884247167,7.116806516198045,27.116806516198046,4.450606838604271,10.987863227914577,17.299614885957524,proposed
84,RANGER,2065.25,3141.25,125.5,43.0,11.418104097607026,3.4181040976070265,8.07038896797651,28.070388967976513,4.21830707099561,15.63385858008781,13.59950686243547,proposed
84,ROGUE,1988.75,1929.0,129.75,38.75,11.400260757698542,3.400260757698542,7.196830062961753,27.196830062961755,4.213291680459009,15.734166390819817,13.117632178092588,proposed
84,WARRIOR,4511.0,1858.25,42.75,39.25,11.710655267860373,3.7106552678603726,7.112346206557127,27.112346206557127,4.450606838604271,10.987863227914577,13.218087479824487,proposed
85,CLERIC,1945.0,4651.75,43.5,43.25,11.385062391448988,3.385062391448988,8.609462272409559,28.60946227240956,4.446839187625105,11.063216247497895,13.630835183237474,proposed
85,MAGE,1943.0,4651.75,43.5,43.25,11.384517205450859,3.384517205450859,8.609462272409559,28.60946227240956,4.446839187625105,11.063216247497895,13.630835183237474,proposed
85,PALADIN,1930.75,1909.75,43.0,129.75,11.381709052668164,3.381709052668164,7.167998235405841,27.16799823540584,4.449321208278088,11.013575834438232,17.324041717969926,proposed
85,RANGER,2116.25,3231.25,127.5,43.25,11.430057176840771,3.4300571768407706,8.11397197547477,28.113971975474772,4.21556276320671,15.688744735865807,13.630835183237474,proposed
85,ROGUE,2037.75,1973.75,131.25,39.5,11.412583600691654,3.4125836006916543,7.242890176817089,27.24289017681709,4.211326264315395,15.773474713692107,13.207045530076439,proposed
85,WARRIOR,4645.5,1905.75,43.0,39.5,11.718416243957114,3.718416243957114,7.1636945250864805,27.16369452508648,4.449321208278088,11.013575834438232,13.253028080802823,proposed
86,CLERIC,1991.25,4789.25,44.25,43.75,11.397321469428359,3.397321469428359,8.643979718415217,28.643979718415217,4.44300836870673,11.139832625865395,13.681787150862684,proposed
86,MAGE,1989.25,4789.25,44.25,43.75,11.396797922693544,3.396797922693545,8.643979718415217,28.643979718415217,4.44300836870673,11.139832625865395,13.681787150862684,proposed
86,PALADIN,1973.5,1958.0,43.5,131.75,11.393019569544219,3.393019569544219,7.218130839431412,27.218130839431414,4.44644433831261,11.071113233747784,17.35990982701509,proposed
86,RANGER,2166.5,3324.5,129.75,43.75,11.441348330011323,3.441348330011322,8.15714850664532,28.157148506645324,4.212626728616643,15.747465427667148,13.681787150862684,proposed
86,ROGUE,2087.0,2021.0,133.25,40.0,11.424464275486411,3.424464275486412,7.289678070164763,27.289678070164765,4.208830207501192,15.823395849976155,13.266065793700282,proposed
86,WARRIOR,4779.25,1954.0,43.5,40.0,11.725756125321734,3.725756125321733,7.213977716890471,27.213977716890472,4.44644433831261,11.071113233747784,13.311499701774444,proposed
87,CLERIC,2037.25,4930.0,44.75,44.5,11.408875269026483,3.4088752690264834,8.677592563067938,28.67759256306794,4.4400712239664895,11.198575520670213,13.766580819602085,proposed
87,MAGE,2035.25,4930.0,44.75,44.5,11.408371554825937,3.4083715548259366,8.677592563067938,28.67759256306794,4.4400712239664895,11.198575520670213,13.766580819602085,proposed
87,PALADIN,2018.25,2006.5,44.25,134.0,11.404356126759993,3.404356126759992,7.266879356416455,27.266879356416457,4.442309609250398,11.153807814992026,17.399083243832102,proposed
87,RANGER,2218.25,3419.25,131.5,44.5,11.452540870545857,3.452540870545857,8.199079721801132,28.199079721801134,4.210383839795135,15.792323204097293,13.766580819602085,proposed
87,ROGUE,2138.5,2067.5,134.75,40.5,11.436369717072624,3.4363697170726244,7.334480941504438,27.334480941504438,4.206995378599425,15.860092428011503,13.323054197694429,proposed
87,WARRIOR,4916.75,2002.5,44.25,40.75,11.73291644072815,3.7329164407281503,7.26287030374289,27.26287030374289,4.442309609250398,11.153807814992026,13.393607334285301,proposed
88,CLERIC,2086.75,5069.5,45.0,45.0,11.420862488355038,3.4208624883550383,8.70931696328559,28.70931696328559,4.438494647389913,11.230107052201744,13.808014416923438,proposed
88,MAGE,2084.75,5069.5,45.0,45.0,11.420378989366707,3.4203789893667076,8.70931696328559,28.70931696328559,4.438494647389913,11.230107052201744,13.808014416923438,proposed
88,PALADIN,2064.0,2053.75,44.5,136.25,11.415610665144149,3.415610665144149,7.312944184428879,27.31294418442888,4.440814393939394,11.183712121212121,17.436599910578472,proposed
88,RANGER,2272.5,3513.5,134.25,44.75,11.46381265666882,3.463812656668819,8.238980006933005,28.238980006933005,4.206969859650667,15.860602806986662,13.787893692577361,proposed
88,ROGUE,2189.5,2114.0,136.0,41.5,11.447701382770152,3.447701382770153,7.3777627833651716,27.37776278336517,4.205522127622034,15.88955744755933,13.440034144259496,proposed
88,WARRIOR,5056.5,2049.75,44.5,41.5,11.739832593220074,3.7398325932200733,7.3090692338071594,27.30906923380716,4.440814393939394,11.183712121212121,13.464333146615592,proposed
89,CLERIC,2135.0,5212.75,45.25,45.0,11.432236345017662,3.432236345017662,8.740332685026413,28.740332685026413,4.4372976569658364,11.254046860683276,13.808014416923438,proposed
89,MAGE,2133.0,5212.75,45.25,45.0,11.43177177555605,3.431771775556051,8.740332685026413,28.740332685026413,4.4372976569658364,11.254046860683276,13.808014416923438,proposed
89,PALADIN,2110.0,2101.0,44.5,138.5,11.426513705761394,3.426513705761394,7.357355847799973,27.357355847799973,4.440814393939394,11.183712121212121,17.473072456391982,proposed
89,RANGER,2325.0,3609.0,137.0,44.75,11.47424285471709,3.474242854717091,8.277595444593418,28.27759544459342,4.203626091301414,15.927478173971727,13.787893692577361,proposed
89,ROGUE,2242.25,2163.25,138.5,41.75,11.45891310057409,3.4589131005740903,7.422087953367603,27.422087953367605,4.202474360212679,15.950512795746427,13.46735654863108,proposed
89,WARRIOR,5198.0,2097.0,44.5,42.0,11.74647392848888,3.74647392848888,7.3536078146919195,27.35360781469192,4.440814393939394,11.183712121212121,13.516620195724673,proposed
90,CLERIC,2201.25,5405.75,46.5,45.25,11.446991319595806,3.446991319595806,8.779862514295395,28.779862514295395,4.430557230126196,11.388855397476087,13.836263004494059,proposed
90,MAGE,2199.25,5405.75,46.5,45.25,11.446550599717755,3.4465505997177552,8.779862514295395,28.779862514295395,4.430557230126196,11.388855397476087,13.836263004494059,proposed
90,PALADIN,2173.0,2167.25,45.0,140.5,11.440705871979016,3.440705871979016,7.417311788020632,27.417311788020633,4.438132027286439,11.23735945427122,17.504640422394388,proposed
90,RANGER,2397.5,3738.25,141.5,45.25,11.488082115691952,3.4880821156919515,8.32722033405103,28.32722033405103,4.198411720326913,16.03176559346174,13.836263004494059,proposed
90,ROGUE,2312.75,2231.5,141.75,41.75,11.473289567306363,3.473289567306363,7.481006681410282,27.481006681410285,4.19872036039461,16.025592792107805,13.46735654863108,proposed
90,WARRIOR,5389.75,2163.25,45.0,42.25,11.754944541551025,3.754944541551024,7.413731919285633,27.413731919285635,4.438132027286439,11.23735945427122,13.539930219034698,proposed
91,CLERIC,2252.25,5554.25,47.0,45.75,11.457833547246295,3.4578335472462944,8.8085966354965,28.8085966354965,4.427994342155734,11.44011315688531,13.890026445354275,proposed
91,MAGE,2250.25,5554.25,47.0,45.75,11.457409953902827,3.457409953902827,8.8085966354965,28.8085966354965,4.427994342155734,11.44011315688531,13.890026445354275,proposed
91,PALADIN,2221.25,2215.75,46.0,143.5,11.451114675682152,3.4511146756821534,7.459594861223078,27.459594861223078,4.432673673225999,11.346526535480024,17.550400391654186,proposed
91,RANGER,2453.25,3836.0,144.0,46.0,11.498194334174881,3.498194334174881,8.362947312798756,28.362947312798756,4.195617465333064,16.08765069333872,13.90958826069074,proposed
91,ROGUE,2366.25,2280.5,143.5,42.5,11.483675522920167,3.483675522920168,7.521771152202778,27.521771152202778,4.196779136532372,16.06441726935256,13.558474806272205,proposed
91,WARRIOR,5536.5,2211.75,46.0,43.5,11.761053890291093,3.7610538902910924,7.456131406771721,27.456131406771725,4.432673673225999,11.346526535480024,13.659569812727588,proposed
92,CLERIC,2302.0,5703.75,47.75,46.75,11.467987466773467,3.4679874667734665,8.836202012768636,28.836202012768638,4.424267146848525,11.514657063029503,13.982334869431645,proposed
92,MAGE,2300.0,5703.75,47.75,46.75,11.467579582933542,3.467579582933541,8.836202012768636,28.836202012768638,4.424267146848525,11.514657063029503,13.982334869431645,proposed
92,PALADIN,2268.5,2266.5,46.25,146.5,11.46097445259328,3.46097445259328,7.5024742881432696,27.502474288143272,4.4315041998231655,11.369916003536693,17.594518854093263,proposed
92,RANGER,2508.0,3935.0,146.5,47.0,11.507767665578953,3.507767665578954,8.397577717448902,28.397577717448904,4.192937136031059,16.141257279378827,14.001360744621902,proposed
92,ROGUE,2422.25,2332.0,146.25,42.5,11.494124117334426,3.494124117334425,7.563039976921656,27.563039976921658,4.193832679813879,16.12334640372241,13.558474806272205,proposed
92,WARRIOR,5684.0,2262.5,46.25,44.25,11.766900782868841,3.7669007828688406,7.499127046876052,27.49912704687605,4.4315041998231655,11.369916003536693,13.731922116672758,proposed
93,CLERIC,2353.0,5855.75,48.25,47.25,11.478087593519408,3.4780875935194078,8.863010609695664,28.863010609695664,4.421977771905097,11.56044456189805,14.028057232282585,proposed
93,MAGE,2351.0,5855.75,48.25,47.25,11.477695109697638,3.477695109697638,8.863010609695664,28.863010609695664,4.421977771905097,11.56044456189805,14.028057232282585,proposed
93,PALADIN,2316.0,2315.25,46.5,149.0,11.470578131944917,3.470578131944917,7.542175296198987,27.542175296198987,4.43015389118119,11.396922176376199,17.630929607366607,proposed
93,RANGER,2562.0,4035.5,148.5,47.5,11.51685624424383,3.51685624424383,8.431290104206733,28.431290104206735,4.190855820861174,16.18288358277653,14.047083107472844,proposed
93,ROGUE,2476.5,2383.25,148.0,42.75,11.503866871592207,3.5038668715922063,7.602891779145674,27.602891779145672,4.191972185868728,16.16055628262543,13.588722840150002,proposed
93,WARRIOR,5834.75,2311.25,46.5,45.0,11.772592701848954,3.7725927018489545,7.538933663751559,27.53893366375156,4.43015389118119,11.396922176376199,13.810598922323248,proposed
94,CLERIC,2405.0,6009.25,48.5,47.5,11.488028346988557,3.488028346988558,8.888859886046001,28.888859886046003,4.420909395836722,11.581812083265572,14.052858819584173,proposed
94,MAGE,2403.0,6009.25,48.5,47.5,11.487650747367429,3.487650747367428,8.888859886046001,28.888859886046003,4.420909395836722,11.581812083265572,14.052858819584173,proposed
94,PALADIN,2364.75,2366.0,46.75,151.5,11.48007025712896,3.4800702571289595,7.5822170871898935,27.582217087189896,4.428836516896336,11.42326966207328,17.665113700098107,proposed
94,RANGER,2617.0,4137.5,150.75,48.0,11.525806040639642,3.5258060406396416,8.464071397777563,28.464071397777566,4.1885753999740984,16.22849200051803,14.09039635712171,proposed
94,ROGUE,2530.5,2435.0,150.0,43.25,11.513175666615943,3.5131756666159433,7.641982670579231,27.64198267057923,4.1899482305461015,16.201035389077965,13.644386553435828,proposed
94,WARRIOR,5988.5,2362.0,46.75,46.25,11.778116735306515,3.778116735306514,7.579080294040312,27.579080294040313,4.428836516896336,11.42326966207328,13.926181898389824,proposed
95,CLERIC,2456.75,6164.0,49.25,48.25,11.497530943115676,3.497530943115676,8.913756984887513,28.913756984887513,4.416784836453016,11.664303270939687,14.121260683760685,proposed
95,MAGE,2454.75,6164.0,49.25,48.25,11.497167289581217,3.4971672895812165,8.913756984887513,28.913756984887513,4.416784836453016,11.664303270939687,14.121260683760685,proposed
95,PALADIN,2415.5,2416.75,47.25,153.5,11.489588585519533,3.489588585519533,7.62102290556075,27.62102290556075,4.426273628925875,11.4745274214825,17.692563498019517,proposed
95,RANGER,2672.0,4239.0,152.75,48.75,11.534370868634085,3.534370868634084,8.495401935227747,28.495401935227747,4.186558349792408,16.268833004151844,14.158798221298223,proposed
95,ROGUE,2587.0,2486.5,151.5,43.75,11.5225558223307,3.5225558223306996,7.679525907599012,27.679525907599015,4.188357052243782,16.23285895512437,13.699957545378034,proposed
95,WARRIOR,6144.5,2412.75,47.25,47.0,11.783452394563959,3.7834523945639593,7.617986141216628,27.617986141216626,4.426273628925875,11.4745274214825,13.997474377671814,proposed
96,CLERIC,2526.5,6375.5,50.0,48.75,11.509804544007183,3.5098045440071837,8.946021563024214,28.946021563024214,4.413297018295944,11.734059634081106,14.159312434141203,proposed
96,MAGE,2524.5,6375.5,50.0,48.75,11.50945850994174,3.5094585099417417,8.946021563024214,28.946021563024214,4.413297018295944,11.734059634081106,14.159312434141203,proposed
96,PALADIN,2481.75,2484.25,47.5,156.75,11.501483701936747,3.501483701936747,7.670700232044908,27.670700232044908,4.424889135254989,11.502217294900223,17.73429786239029,proposed
96,RANGER,2747.0,4376.75,156.0,49.5,11.545620898741237,3.5456208987412374,8.535921228110267,28.53592122811027,4.183425278927593,16.331494421448138,14.213385974155623,proposed
96,ROGUE,2663.0,2555.75,154.0,44.5,11.534631239026151,3.534631239026151,7.728099589587513,27.728099589587515,4.185731629092805,16.285367418143903,13.764986272393386,proposed
96,WARRIOR,6354.0,2480.25,47.5,47.75,11.790225423352387,3.790225423352387,7.667789075345057,27.66778907534506,4.424889135254989,11.502217294900223,14.056182792544615,proposed
97,CLERIC,2577.0,6536.5,50.75,48.75,11.518293080346666,3.5182930803466657,8.96929716297389,28.96929716297389,4.409457420896042,11.810851582079152,14.159312434141203,proposed
97,MAGE,2575.0,6536.5,50.75,48.75,11.51795895529105,3.5179589552910504,8.96929716297389,28.96929716297389,4.409457420896042,11.810851582079152,14.159312434141203,proposed
97,PALADIN,2533.5,2535.0,48.0,159.25,11.510397574454048,3.5103975744540485,7.706899252031755,27.706899252031757,4.422421615172769,11.551567696544632,17.76613566502818,proposed
97,RANGER,2803.0,4480.75,158.5,49.5,11.553618830773699,3.553618830773699,8.565057994518819,28.565057994518817,4.181034305544623,16.379313889107532,14.213385974155623,proposed
97,ROGUE,2719.75,2607.75,156.0,44.5,11.543240262788437,3.5432402627884367,7.763250062241744,27.763250062241745,4.183805683296172,16.32388633407655,13.764986272393386,proposed
97,WARRIOR,6515.0,2531.0,48.0,48.75,11.795146745989209,3.7951467459892094,7.704078223836087,27.70407822383609,4.422421615172769,11.551567696544632,14.13358716122165,proposed
98,CLERIC,2630.75,6697.75,51.5,49.75,11.527030760568172,3.5270307605681723,8.991629644568798,28.9916296445688,4.405851177051348,11.882976458973035,14.243684243684244,proposed
98,MAGE,2628.75,6697.75,51.5,49.75,11.526708688675722,3.526708688675722,8.991629644568798,28.9916296445688,4.405851177051348,11.882976458973035,14.243684243684244,proposed
98,PALADIN,2586.25,2586.0,48.25,160.5,11.519133666878854,3.519133666878855,7.742043339542678,27.74204333954268,4.421104240887915,11.57791518224171,17.781556921607798,proposed
98,RANGER,2860.5,4585.5,160.0,50.75,11.561590104191867,3.561590104191867,8.593277575584489,28.59327757558449,4.179596069431275,16.408078611374503,14.312984312984314,proposed
98,ROGUE,2777.25,2661.25,157.5,45.0,11.551631323931955,3.551631323931956,7.7983459833977795,27.79834598339778,4.182409598183933,16.351808036321337,13.809099573245529,proposed
98,WARRIOR,6679.0,2582.0,48.25,49.0,11.799925309344214,3.7999253093442134,7.739308287789972,27.739308287789974,4.421104240887915,11.57791518224171,14.151131020870773,proposed
99,CLERIC,2684.5,6861.0,51.75,50.5,11.535474055739037,3.5354740557390376,9.013277278160537,29.013277278160537,4.404871333826264,11.902573323474716,14.312222670431627,proposed
99,MAGE,2682.5,6861.0,51.75,50.5,11.535163428684658,3.535163428684659,9.013277278160537,29.013277278160537,4.404871333826264,11.902573323474716,14.312222670431627,proposed
99,PALADIN,2641.0,2638.5,48.5,163.25,11.527895599219157,3.5278955992191574,7.777089359836251,27.777089359836253,4.419753932245939,11.604921355081217,17.814319519072228,proposed
99,RANGER,2919.0,4691.75,162.25,51.5,11.5694065086031,3.5694065086031,8.620803262645229,28.62080326264523,4.177592460212649,16.448150795747033,14.381522739731697,proposed
99,ROGUE,2837.5,2716.5,159.5,45.0,11.56012562181659,3.560125621816591,7.833545939977453,27.833545939977455,4.180642212557717,16.387155748845654,13.809099573245529,proposed
99,WARRIOR,6845.75,2634.5,48.5,50.0,11.804564749521948,3.804564749521947,7.774438683805678,27.774438683805677,4.419753932245939,11.604921355081217,14.233821733821735,proposed
100,CLERIC,2738.75,7027.0,52.25,51.25,11.543671859519517,3.5436718595195167,9.034354492274636,29.034354492274637,4.40241106507955,11.951778698408994,14.374138844727081,proposed
100,MAGE,2736.75,7027.0,52.25,51.25,11.543372132437282,3.5433721324372827,9.034354492274636,29.034354492274637,4.40241106507955,11.951778698408994,14.374138844727081,proposed
100,PALADIN,2696.5,2691.5,49.25,165.25,11.536438115646249,3.536438115646248,7.81147505759333,27.81147505759333,4.416120897320084,11.677582053598314,17.838337248202915,proposed
100,RANGER,2977.25,4799.75,164.0,52.0,11.576901041321307,3.5769010413213063,8.64768317462289,28.64768317462289,4.176018085963785,16.479638280724288,14.425420896009133,proposed
100,ROGUE,2895.75,2772.75,161.25,45.75,11.568019530927682,3.5680195309276814,7.86810180375818,27.86810180375818,4.178948372676382,16.42103254647235,13.869463038214258,proposed
100,WARRIOR,7015.0,2687.5,49.25,50.75,11.809051977806371,3.8090519778063716,7.808905994558901,27.808905994558902,4.416120897320084,11.677582053598314,14.300290737729656,proposed
