level,hero_class,effect,value,maximum,share_of_max
1,CLERIC,capacity_bonus_h,0.09480162751312493,0.11646750105892822,0.8139749428053653
1,MAGE,capacity_bonus_h,0.07289265147886193,0.11646750105892822,0.6258625866968757
1,PALADIN,capacity_bonus_h,0.11646750105892822,0.11646750105892822,1.0
1,RANGER,capacity_bonus_h,0.11646750105892822,0.11646750105892822,1.0
1,ROGUE,capacity_bonus_h,0.09480162751312493,0.11646750105892822,0.8139749428053653
1,WARRIOR,capacity_bonus_h,0.11646750105892822,0.11646750105892822,1.0
1,CLERIC,proc_bonus_pp,0.13480382119907158,0.13480382119907158,1.0
1,MAGE,proc_bonus_pp,0.13480382119907158,0.13480382119907158,1.0
1,PALADIN,proc_bonus_pp,0.1087827547436259,0.13480382119907158,0.8069708542088057
1,RANGER,proc_bonus_pp,0.1087827547436259,0.13480382119907158,0.8069708542088057
1,ROGUE,proc_bonus_pp,0.08262405534767425,0.13480382119907158,0.6129207214805814
1,WARRIOR,proc_bonus_pp,0.05632662814281132,0.13480382119907158,0.4178414798763824
1,CLERIC,search_reduction_pct,4.749677002583979,4.749677002583979,1.0
1,MAGE,search_reduction_pct,4.749677002583979,4.749677002583979,1.0
1,PALADIN,search_reduction_pct,4.749677002583979,4.749677002583979,1.0
1,RANGER,search_reduction_pct,4.749677002583979,4.749677002583979,1.0
1,ROGUE,search_reduction_pct,4.749677002583979,4.749677002583979,1.0
1,WARRIOR,search_reduction_pct,4.749677002583979,4.749677002583979,1.0
1,CLERIC,sale_bonus_pct,7.55952380952381,7.55952380952381,1.0
1,MAGE,sale_bonus_pct,7.55952380952381,7.55952380952381,1.0
1,PALADIN,sale_bonus_pct,7.55952380952381,7.55952380952381,1.0
1,RANGER,sale_bonus_pct,7.55952380952381,7.55952380952381,1.0
1,ROGUE,sale_bonus_pct,7.55952380952381,7.55952380952381,1.0
1,WARRIOR,sale_bonus_pct,7.55952380952381,7.55952380952381,1.0
2,CLERIC,capacity_bonus_h,0.1642824345617715,0.18518662273050657,0.8871182601609623
2,MAGE,capacity_bonus_h,0.14314787882658342,0.18518662273050657,0.7729925451197402
2,PALADIN,capacity_bonus_h,0.18518662273050657,0.18518662273050657,1.0
2,RANGER,capacity_bonus_h,0.18518662273050657,0.18518662273050657,1.0
2,ROGUE,capacity_bonus_h,0.1642824345617715,0.18518662273050657,0.8871182601609623
2,WARRIOR,capacity_bonus_h,0.18518662273050657,0.18518662273050657,1.0
2,CLERIC,proc_bonus_pp,0.20884391062225768,0.20884391062225768,1.0
2,MAGE,proc_bonus_pp,0.20884391062225768,0.20884391062225768,1.0
2,PALADIN,proc_bonus_pp,0.18321243653819722,0.20884391062225768,0.877269708234774
2,RANGER,proc_bonus_pp,0.18321243653819722,0.20884391062225768,0.877269708234774
2,ROGUE,proc_bonus_pp,0.15744641264702763,0.20884391062225768,0.7538951563294835
2,WARRIOR,proc_bonus_pp,0.1315447766987745,0.20884391062225768,0.6298712579496921
2,CLERIC,search_reduction_pct,4.842171717171717,5.08950138026225,0.951403950090335
2,MAGE,search_reduction_pct,4.842171717171717,5.08950138026225,0.951403950090335
2,PALADIN,search_reduction_pct,4.842171717171717,5.08950138026225,0.951403950090335
2,RANGER,search_reduction_pct,5.08950138026225,5.08950138026225,1.0
2,ROGUE,search_reduction_pct,5.08950138026225,5.08950138026225,1.0
2,WARRIOR,search_reduction_pct,4.842171717171717,5.08950138026225,0.951403950090335
2,CLERIC,sale_bonus_pct,7.55952380952381,7.65422077922078,0.9876281371509367
2,MAGE,sale_bonus_pct,7.55952380952381,7.65422077922078,0.9876281371509367
2,PALADIN,sale_bonus_pct,7.65422077922078,7.65422077922078,1.0
2,RANGER,sale_bonus_pct,7.55952380952381,7.65422077922078,0.9876281371509367
2,ROGUE,sale_bonus_pct,7.55952380952381,7.65422077922078,0.9876281371509367
2,WARRIOR,sale_bonus_pct,7.55952380952381,7.65422077922078,0.9876281371509367
3,CLERIC,capacity_bonus_h,0.29088717265929764,0.31786254147938964,0.9151351125095025
3,MAGE,capacity_bonus_h,0.2711261567166323,0.31786254147938964,0.8529666800459162
3,PALADIN,capacity_bonus_h,0.310414996882439,0.31786254147938964,0.9765699205628684
3,RANGER,capacity_bonus_h,0.31288289534942715,0.31786254147938964,0.9843339636473479
3,ROGUE,capacity_bonus_h,0.27329224379858763,0.31786254147938964,0.8597812202930116
3,WARRIOR,capacity_bonus_h,0.31786254147938964,0.31786254147938964,1.0
3,CLERIC,proc_bonus_pp,0.35662054417635486,0.35662054417635486,1.0
3,MAGE,proc_bonus_pp,0.35662054417635486,0.35662054417635486,1.0
3,PALADIN,proc_bonus_pp,0.34123897042971607,0.35662054417635486,0.9568685147341586
3,RANGER,proc_bonus_pp,0.33175754392029305,0.35662054417635486,0.9302816378302462
3,ROGUE,proc_bonus_pp,0.3130095107925824,0.35662054417635486,0.8777102606791882
3,WARRIOR,proc_bonus_pp,0.29122559313645435,0.35662054417635486,0.8166259568950643
3,CLERIC,search_reduction_pct,4.98800505050505,5.459931798806479,0.9135654499558785
3,MAGE,search_reduction_pct,4.98800505050505,5.459931798806479,0.9135654499558785
3,PALADIN,search_reduction_pct,4.98800505050505,5.459931798806479,0.9135654499558785
3,RANGER,search_reduction_pct,5.459931798806479,5.459931798806479,1.0
3,ROGUE,search_reduction_pct,5.329390775736751,5.459931798806479,0.9760910890685002
3,WARRIOR,search_reduction_pct,4.98800505050505,5.459931798806479,0.9135654499558785
3,CLERIC,sale_bonus_pct,7.733585858585859,7.917409387997624,0.9767823639774859
3,MAGE,sale_bonus_pct,7.733585858585859,7.917409387997624,0.9767823639774859
3,PALADIN,sale_bonus_pct,7.917409387997624,7.917409387997624,1.0
3,RANGER,sale_bonus_pct,7.65422077922078,7.917409387997624,0.9667582417582418
3,ROGUE,sale_bonus_pct,7.55952380952381,7.917409387997624,0.9547976413830072
3,WARRIOR,sale_bonus_pct,7.55952380952381,7.917409387997624,0.9547976413830072
4,CLERIC,capacity_bonus_h,0.34845489531998686,0.3794883588074014,0.9182228841355192
4,MAGE,capacity_bonus_h,0.32930162365152693,0.3794883588074014,0.8677515818572308
4,PALADIN,capacity_bonus_h,0.36739756254383904,0.3794883588074014,0.968139216966867
4,RANGER,capacity_bonus_h,0.3697766971560297,0.3794883588074014,0.9744085386916952
4,ROGUE,capacity_bonus_h,0.3363779927599273,0.3794883588074014,0.8863987127748666
4,WARRIOR,capacity_bonus_h,0.3794883588074014,0.3794883588074014,1.0
4,CLERIC,proc_bonus_pp,0.44568183411056694,0.44568183411056694,1.0
4,MAGE,proc_bonus_pp,0.44568183411056694,0.44568183411056694,1.0
4,PALADIN,proc_bonus_pp,0.42447907433546606,0.44568183411056694,0.9524262418785487
4,RANGER,proc_bonus_pp,0.4121282313612893,0.44568183411056694,0.9247139995816982
4,ROGUE,proc_bonus_pp,0.381332195784723,0.44568183411056694,0.8556152990748109
4,WARRIOR,proc_bonus_pp,0.375326223131282,0.44568183411056694,0.8421393792733523
4,CLERIC,search_reduction_pct,5.056632501485443,5.756434324957479,0.878431371927933
4,MAGE,search_reduction_pct,5.056632501485443,5.756434324957479,0.878431371927933
4,PALADIN,search_reduction_pct,5.056632501485443,5.756434324957479,0.878431371927933
4,RANGER,search_reduction_pct,5.756434324957479,5.756434324957479,1.0
4,ROGUE,search_reduction_pct,5.550390368913523,5.756434324957479,0.964206322106267
4,WARRIOR,search_reduction_pct,5.056632501485443,5.756434324957479,0.878431371927933
4,CLERIC,sale_bonus_pct,7.822712418300654,8.165644636232871,0.9580030440694728
4,MAGE,sale_bonus_pct,7.822712418300654,8.165644636232871,0.9580030440694728
4,PALADIN,sale_bonus_pct,8.165644636232871,8.165644636232871,1.0
4,RANGER,sale_bonus_pct,7.822712418300654,8.165644636232871,0.9580030440694728
4,ROGUE,sale_bonus_pct,7.55952380952381,8.165644636232871,0.9257718338587059
4,WARRIOR,sale_bonus_pct,7.65422077922078,8.165644636232871,0.9373688324932995
5,CLERIC,capacity_bonus_h,0.39507337354322036,0.4366242300093015,0.9048361185424914
5,MAGE,capacity_bonus_h,0.37640527411519775,0.4366242300093015,0.8620805906881969
5,PALADIN,capacity_bonus_h,0.4200583098010524,0.4366242300093015,0.9620590909306701
5,RANGER,capacity_bonus_h,0.420435826178434,0.4366242300093015,0.9629237162799631
5,ROGUE,capacity_bonus_h,0.39936812942025446,0.4366242300093015,0.9146723932653638
5,WARRIOR,capacity_bonus_h,0.4366242300093015,0.4366242300093015,1.0
5,CLERIC,proc_bonus_pp,0.530189944928074,0.530189944928074,1.0
5,MAGE,proc_bonus_pp,0.530189944928074,0.530189944928074,1.0
5,PALADIN,proc_bonus_pp,0.5062151678504718,0.530189944928074,0.9547807775176599
5,RANGER,proc_bonus_pp,0.4911889569352977,0.530189944928074,0.9264395932705453
5,ROGUE,proc_bonus_pp,0.4516590130366503,0.530189944928074,0.85188151408251
5,WARRIOR,proc_bonus_pp,0.45789957332311937,0.530189944928074,0.863651937769658
5,CLERIC,search_reduction_pct,5.056632501485443,5.834005246943295,0.8667514490383509
5,MAGE,search_reduction_pct,5.056632501485443,5.834005246943295,0.8667514490383509
5,PALADIN,search_reduction_pct,5.131037263390205,5.834005246943295,0.8795050820495222
5,RANGER,search_reduction_pct,5.834005246943295,5.834005246943295,1.0
5,ROGUE,search_reduction_pct,5.6939492245343315,5.834005246943295,0.9759931613907367
5,WARRIOR,search_reduction_pct,5.131037263390205,5.834005246943295,0.8795050820495222
5,CLERIC,sale_bonus_pct,7.822712418300654,8.50769396609804,0.9194868138737781
5,MAGE,sale_bonus_pct,7.822712418300654,8.50769396609804,0.9194868138737781
5,PALADIN,sale_bonus_pct,8.50769396609804,8.50769396609804,1.0
5,RANGER,sale_bonus_pct,7.897787493375729,8.50769396609804,0.928311188066625
5,ROGUE,sale_bonus_pct,7.76174766094121,8.50769396609804,0.912320975797987
5,WARRIOR,sale_bonus_pct,7.743347338935575,8.50769396609804,0.9101581897270542
6,CLERIC,capacity_bonus_h,0.507143304888372,0.578116992403412,0.8772330022337169
6,MAGE,capacity_bonus_h,0.48961918300288687,0.578116992403412,0.8469205877644035
6,PALADIN,capacity_bonus_h,0.5498106388685926,0.578116992403412,0.9510369805648835
6,RANGER,capacity_bonus_h,0.5396172698289599,0.578116992403412,0.933404962870237
6,ROGUE,capacity_bonus_h,0.5178000952678614,0.578116992403412,0.8956666247003146
6,WARRIOR,capacity_bonus_h,0.578116992403412,0.578116992403412,1.0
6,CLERIC,proc_bonus_pp,0.7003408821520933,0.7003408821520933,1.0
6,MAGE,proc_bonus_pp,0.7003408821520933,0.7003408821520933,1.0
6,PALADIN,proc_bonus_pp,0.6509788046357586,0.7003408821520933,0.9295170697951419
6,RANGER,proc_bonus_pp,0.6454093501810622,0.7003408821520933,0.9215645789487102
6,ROGUE,proc_bonus_pp,0.5949431129584085,0.7003408821520933,0.849505045500406
6,WARRIOR,proc_bonus_pp,0.6041280475297374,0.7003408821520933,0.862619993956798
6,CLERIC,search_reduction_pct,5.056632501485443,6.301256613756614,0.8024800149300435
6,MAGE,search_reduction_pct,5.056632501485443,6.301256613756614,0.8024800149300435
6,PALADIN,search_reduction_pct,5.131037263390205,6.301256613756614,0.8142879393593272
6,RANGER,search_reduction_pct,6.301256613756614,6.301256613756614,1.0
6,ROGUE,search_reduction_pct,6.100919913419913,6.301256613756614,0.9682068652942438
6,WARRIOR,search_reduction_pct,5.131037263390205,6.301256613756614,0.8142879393593272
6,CLERIC,sale_bonus_pct,7.906746031746032,8.830416955416956,0.895398945674439
6,MAGE,sale_bonus_pct,7.906746031746032,8.830416955416956,0.895398945674439
6,PALADIN,sale_bonus_pct,8.830416955416956,8.830416955416956,1.0
6,RANGER,sale_bonus_pct,7.981821106821107,8.830416955416956,0.9039008177212646
6,ROGUE,sale_bonus_pct,7.76174766094121,8.830416955416956,0.878978614501303
6,WARRIOR,sale_bonus_pct,7.8273809523809526,8.830416955416956,0.8864112523677947
7,CLERIC,capacity_bonus_h,0.5541716240469223,0.6396782149098659,0.8663287433119918
7,MAGE,capacity_bonus_h,0.5371161888000238,0.6396782149098659,0.8396662201099131
7,PALADIN,capacity_bonus_h,0.6041260030362174,0.6396782149098659,0.9444217247907092
7,RANGER,capacity_bonus_h,0.5877996955054345,0.6396782149098659,0.9188990367418698
7,ROGUE,capacity_bonus_h,0.5685961849010233,0.6396782149098659,0.8888784573993059
7,WARRIOR,capacity_bonus_h,0.6396782149098659,0.6396782149098659,1.0
7,CLERIC,proc_bonus_pp,0.7774697337110185,0.7774697337110188,0.9999999999999996
7,MAGE,proc_bonus_pp,0.7774697337110188,0.7774697337110188,1.0
7,PALADIN,proc_bonus_pp,0.7259955786020397,0.7774697337110188,0.9337927215979422
7,RANGER,proc_bonus_pp,0.7205692883316038,0.7774697337110188,0.9268132984318017
7,ROGUE,proc_bonus_pp,0.6793764006812013,0.7774697337110188,0.8738300299336433
7,WARRIOR,proc_bonus_pp,0.6798949106827302,0.7774697337110188,0.874496949787943
7,CLERIC,search_reduction_pct,5.056632501485443,6.372685185185185,0.7934853761866005
7,MAGE,search_reduction_pct,5.056632501485443,6.372685185185185,0.7934853761866005
7,PALADIN,search_reduction_pct,5.281566259827129,6.372685185185185,0.8287819194498075
7,RANGER,search_reduction_pct,6.372685185185185,6.372685185185185,1.0
7,ROGUE,search_reduction_pct,6.372198879551821,6.372685185185185,0.9999236890542632
7,WARRIOR,search_reduction_pct,5.281566259827129,6.372685185185185,0.8287819194498075
7,CLERIC,sale_bonus_pct,8.09363799283154,8.965643274853802,0.9027392396407294
7,MAGE,sale_bonus_pct,8.09363799283154,8.965643274853802,0.9027392396407294
7,PALADIN,sale_bonus_pct,8.965643274853802,8.965643274853802,1.0
7,RANGER,sale_bonus_pct,8.168713067906616,8.965643274853802,0.9111128803013656
7,ROGUE,sale_bonus_pct,7.76174766094121,8.965643274853802,0.8657212230059171
7,WARRIOR,sale_bonus_pct,7.8273809523809526,8.965643274853802,0.8730417564498282
8,CLERIC,capacity_bonus_h,0.6060498996220507,0.7049750436362641,0.8596756794340448
8,MAGE,capacity_bonus_h,0.5895038359589337,0.7049750436362641,0.8362052547538004
8,PALADIN,capacity_bonus_h,0.6629014156850594,0.7049750436362641,0.9403189824505153
8,RANGER,capacity_bonus_h,0.6345715238191723,0.7049750436362641,0.900133316132795
8,ROGUE,capacity_bonus_h,0.6241229356746709,0.7049750436362641,0.8853120990715393
8,WARRIOR,capacity_bonus_h,0.7049750436362641,0.7049750436362641,1.0
8,CLERIC,proc_bonus_pp,0.8616682557494999,0.8616682557494999,1.0
8,MAGE,proc_bonus_pp,0.8616682557494999,0.8616682557494999,1.0
8,PALADIN,proc_bonus_pp,0.7883610652823176,0.8616682557494999,0.9149241138012937
8,RANGER,proc_bonus_pp,0.7945251236491306,0.8616682557494999,0.9220777466822582
8,ROGUE,proc_bonus_pp,0.7536731466189349,0.8616682557494999,0.8746674158993728
8,WARRIOR,proc_bonus_pp,0.7428784894657633,0.8616682557494999,0.8621397904691169
8,CLERIC,search_reduction_pct,5.056632501485443,6.6330673969992855,0.7623369700378739
8,MAGE,search_reduction_pct,5.056632501485443,6.6330673969992855,0.7623369700378739
8,PALADIN,search_reduction_pct,5.345064082758915,6.6330673969992855,0.8058208612770847
8,RANGER,search_reduction_pct,6.574639956992899,6.6330673969992855,0.9911914900739862
8,ROGUE,search_reduction_pct,6.6330673969992855,6.6330673969992855,1.0
8,WARRIOR,search_reduction_pct,5.345064082758915,6.6330673969992855,0.8058208612770847
8,CLERIC,sale_bonus_pct,8.188334962528511,9.03311965811966,0.9064791868630024
8,MAGE,sale_bonus_pct,8.188334962528511,9.03311965811966,0.9064791868630024
8,PALADIN,sale_bonus_pct,9.03311965811966,9.03311965811966,1.0
8,RANGER,sale_bonus_pct,8.263410037603586,9.03311965811966,0.9147902773739747
8,ROGUE,sale_bonus_pct,7.945571190352974,9.03311965811966,0.8796043328409678
8,WARRIOR,sale_bonus_pct,7.8273809523809526,9.03311965811966,0.8665202331671875
9,CLERIC,capacity_bonus_h,0.7103119626382353,0.820330662755862,0.8658849350479914
9,MAGE,capacity_bonus_h,0.6947628166757496,0.820330662755862,0.8469302053658787
9,PALADIN,capacity_bonus_h,0.7587174373363927,0.820330662755862,0.9248922072320416
9,RANGER,capacity_bonus_h,0.7371264032222942,0.820330662755862,0.8985722912586894
9,ROGUE,capacity_bonus_h,0.7186629971971037,0.820330662755862,0.8760650184436474
9,WARRIOR,capacity_bonus_h,0.820330662755862,0.820330662755862,1.0
9,CLERIC,proc_bonus_pp,1.041588854589136,1.041588854589136,1.0
9,MAGE,proc_bonus_pp,1.041588854589136,1.041588854589136,1.0
9,PALADIN,proc_bonus_pp,0.9354322015719507,1.041588854589136,0.8980819998702273
9,RANGER,proc_bonus_pp,0.9579853968939078,1.041588854589136,0.9197346848260907
9,ROGUE,proc_bonus_pp,0.8942042319777146,1.041588854589136,0.8585001923147895
9,WARRIOR,proc_bonus_pp,0.891391754477535,1.041588854589136,0.8558000122122585
9,CLERIC,search_reduction_pct,5.18611825805222,7.016740658527562,0.7391064470580716
9,MAGE,search_reduction_pct,5.18611825805222,7.016740658527562,0.7391064470580716
9,PALADIN,search_reduction_pct,5.485120105167878,7.016740658527562,0.7817190875512436
9,RANGER,search_reduction_pct,7.016740658527562,7.016740658527562,1.0
9,ROGUE,search_reduction_pct,6.876633264564299,7.016740658527562,0.9800324109466712
9,WARRIOR,search_reduction_pct,5.485120105167878,7.016740658527562,0.7817190875512436
9,CLERIC,sale_bonus_pct,8.289141414141415,9.460069241840744,0.8762241799964364
9,MAGE,sale_bonus_pct,8.289141414141415,9.460069241840744,0.8762241799964364
9,PALADIN,sale_bonus_pct,9.460069241840744,9.460069241840744,1.0
9,RANGER,sale_bonus_pct,8.43534024455077,9.460069241840744,0.8916784886988226
9,ROGUE,sale_bonus_pct,8.214869281045752,9.460069241840744,0.8683730606021759
9,WARRIOR,sale_bonus_pct,8.029604803798351,9.460069241840744,0.8487892211490777
10,CLERIC,capacity_bonus_h,0.7536922235079047,0.877181137226624,0.8592207373392077
10,MAGE,capacity_bonus_h,0.7385492969605121,0.877181137226624,0.8419575679609083
10,PALADIN,capacity_bonus_h,0.8069814337481609,0.877181137226624,0.9199712573614921
10,RANGER,capacity_bonus_h,0.783425657741351,0.877181137226624,0.8931173100897963
10,ROGUE,capacity_bonus_h,0.7695949915268514,0.877181137226624,0.8773501376922823
10,WARRIOR,capacity_bonus_h,0.877181137226624,0.877181137226624,1.0
10,CLERIC,proc_bonus_pp,1.139342998034655,1.139342998034655,1.0
10,MAGE,proc_bonus_pp,1.1393429980346546,1.139342998034655,0.9999999999999996
10,PALADIN,proc_bonus_pp,1.0006083467303373,1.139342998034655,0.8782327608598707
10,RANGER,proc_bonus_pp,1.0389410057721242,1.139342998034655,0.9118772903017596
10,ROGUE,proc_bonus_pp,0.9682209269609818,1.139342998034655,0.8498063608861813
10,WARRIOR,proc_bonus_pp,0.957200085707343,1.139342998034655,0.8401333815703392
10,CLERIC,search_reduction_pct,5.274502096436059,7.201050976497848,0.7324628187816628
10,MAGE,search_reduction_pct,5.274502096436059,7.201050976497848,0.7324628187816628
10,PALADIN,search_reduction_pct,5.485120105167878,7.201050976497848,0.7617110506604837
10,RANGER,search_reduction_pct,7.201050976497848,7.201050976497848,1.0
10,ROGUE,search_reduction_pct,7.118820781794126,7.201050976497848,0.9885808064722639
10,WARRIOR,search_reduction_pct,5.485120105167878,7.201050976497848,0.7617110506604837
10,CLERIC,sale_bonus_pct,8.289141414141415,9.730115179716462,0.8519057853930732
10,MAGE,sale_bonus_pct,8.289141414141415,9.730115179716462,0.8519057853930732
10,PALADIN,sale_bonus_pct,9.730115179716462,9.730115179716462,1.0
10,RANGER,sale_bonus_pct,8.502816627816628,9.730115179716462,0.8738659790525113
10,ROGUE,sale_bonus_pct,8.214869281045752,9.730115179716462,0.8442725629980812
10,WARRIOR,sale_bonus_pct,8.198096442878226,9.730115179716462,0.8425487562539954
11,CLERIC,capacity_bonus_h,0.7992417838219943,0.9331371525233996,0.8565105158021799
11,MAGE,capacity_bonus_h,0.7845181205385288,0.9331371525233996,0.8407318457067392
11,PALADIN,capacity_bonus_h,0.8549172931096156,0.9331371525233996,0.9161753883635851
11,RANGER,capacity_bonus_h,0.8317486003255983,0.9331371525233996,0.8913465700903396
11,ROGUE,capacity_bonus_h,0.8222817689720237,0.9331371525233996,0.8812014040469832
11,WARRIOR,capacity_bonus_h,0.9331371525233996,0.9331371525233996,1.0
11,CLERIC,proc_bonus_pp,1.2245073773188175,1.2245073773188175,1.0
11,MAGE,proc_bonus_pp,1.2245073773188175,1.2245073773188175,1.0
11,PALADIN,proc_bonus_pp,1.070160903360341,1.2245073773188175,0.8739521894131551
11,RANGER,proc_bonus_pp,1.1051083201840124,1.2245073773188175,0.9024921700380104
11,ROGUE,proc_bonus_pp,1.0355747828069466,1.2245073773188175,0.8457072631725928
11,WARRIOR,proc_bonus_pp,1.027422200950008,1.2245073773188175,0.8390494169170729
11,CLERIC,search_reduction_pct,5.274502096436059,7.245954767141209,0.7279236851373613
11,MAGE,search_reduction_pct,5.274502096436059,7.245954767141209,0.7279236851373613
11,PALADIN,search_reduction_pct,5.632051609570679,7.245954767141209,0.7772683918909871
11,RANGER,search_reduction_pct,7.201050976497848,7.245954767141209,0.9938029159598141
11,ROGUE,search_reduction_pct,7.245954767141209,7.245954767141209,1.0
11,WARRIOR,search_reduction_pct,5.632051609570679,7.245954767141209,0.7772683918909871
11,CLERIC,sale_bonus_pct,8.37826797385621,9.957616436629483,0.8413929204017562
11,MAGE,sale_bonus_pct,8.37826797385621,9.957616436629483,0.8413929204017562
11,PALADIN,sale_bonus_pct,9.957616436629483,9.957616436629483,1.0
11,RANGER,sale_bonus_pct,8.656045751633988,9.957616436629483,0.8692889314145887
11,ROGUE,sale_bonus_pct,8.29890289449113,9.957616436629483,0.8334226315409469
11,WARRIOR,sale_bonus_pct,8.29890289449113,9.957616436629483,0.8334226315409469
12,CLERIC,capacity_bonus_h,0.8512120155739216,0.99369264678842,0.8566149888750905
12,MAGE,capacity_bonus_h,0.8369630528630805,0.99369264678842,0.842275582463165
12,PALADIN,capacity_bonus_h,0.9049547002366962,0.99369264678842,0.9106987992328195
12,RANGER,capacity_bonus_h,0.884475598453438,0.99369264678842,0.8900897086357964
12,ROGUE,capacity_bonus_h,0.8682945431047759,0.99369264678842,0.8738059458435903
12,WARRIOR,capacity_bonus_h,0.99369264678842,0.99369264678842,1.0
12,CLERIC,proc_bonus_pp,1.3159716547070182,1.3159716547070182,1.0
12,MAGE,proc_bonus_pp,1.315971654707018,1.3159716547070182,0.9999999999999998
12,PALADIN,proc_bonus_pp,1.1383569107624276,1.3159716547070182,0.8650314820161276
12,RANGER,proc_bonus_pp,1.1860328452299802,1.3159716547070182,0.9012601760742582
12,ROGUE,proc_bonus_pp,1.1045611834337912,1.3159716547070182,0.8393502850026854
12,WARRIOR,proc_bonus_pp,1.096268244591919,1.3159716547070182,0.8330485240094225
12,CLERIC,search_reduction_pct,5.274502096436059,7.3170215896134465,0.7208537014463979
12,MAGE,search_reduction_pct,5.274502096436059,7.3170215896134465,0.7208537014463979
12,PALADIN,search_reduction_pct,5.632051609570679,7.3170215896134465,0.7697191460478138
12,RANGER,search_reduction_pct,7.3170215896134465,7.3170215896134465,1.0
12,ROGUE,search_reduction_pct,7.304877326063767,7.3170215896134465,0.998340272281427
12,WARRIOR,search_reduction_pct,5.632051609570679,7.3170215896134465,0.7697191460478138
12,CLERIC,sale_bonus_pct,8.632073632073633,9.957616436629483,0.8668815159740649
12,MAGE,sale_bonus_pct,8.632073632073633,9.957616436629483,0.8668815159740649
12,PALADIN,sale_bonus_pct,9.957616436629483,9.957616436629483,1.0
12,RANGER,sale_bonus_pct,8.834776334776334,9.957616436629483,0.8872380645509966
12,ROGUE,sale_bonus_pct,8.382936507936508,9.957616436629483,0.8418617609229803
12,WARRIOR,sale_bonus_pct,8.29890289449113,9.957616436629483,0.8334226315409469
13,CLERIC,capacity_bonus_h,0.9505746209154338,1.0958794501249178,0.8674080171930216
13,MAGE,capacity_bonus_h,0.9372129145365973,1.0958794501249178,0.8552153381740716
13,PALADIN,capacity_bonus_h,0.9887714653521815,1.0958794501249178,0.9022629863526256
13,RANGER,capacity_bonus_h,0.9818211674195298,1.0958794501249178,0.8959207760558092
13,ROGUE,capacity_bonus_h,0.9660559273246228,1.0958794501249178,0.881534850584618
13,WARRIOR,capacity_bonus_h,1.0958794501249178,1.0958794501249178,1.0
13,CLERIC,proc_bonus_pp,1.4975549036502906,1.4975549036502909,0.9999999999999999
13,MAGE,proc_bonus_pp,1.4975549036502909,1.4975549036502909,1.0
13,PALADIN,proc_bonus_pp,1.269619287544812,1.4975549036502909,0.8477948183736799
13,RANGER,proc_bonus_pp,1.3410304000403785,1.4975549036502909,0.8954799565422384
13,ROGUE,proc_bonus_pp,1.2370619413888635,1.4975549036502909,0.8260544827929343
13,WARRIOR,proc_bonus_pp,1.2287700592450075,1.4975549036502909,0.8205175357844176
13,CLERIC,search_reduction_pct,5.443584222039924,7.70983874395622,0.7060568194512727
13,MAGE,search_reduction_pct,5.443584222039924,7.70983874395622,0.7060568194512727
13,PALADIN,search_reduction_pct,5.632051609570679,7.70983874395622,0.7305018686656283
13,RANGER,search_reduction_pct,7.70983874395622,7.70983874395622,1.0
13,ROGUE,search_reduction_pct,7.579260748530777,7.70983874395622,0.9830634595920954
13,WARRIOR,search_reduction_pct,5.632051609570679,7.70983874395622,0.7305018686656283
13,CLERIC,sale_bonus_pct,8.632073632073633,10.449069428082474,0.8261093192542524
13,MAGE,sale_bonus_pct,8.632073632073633,10.449069428082474,0.8261093192542524
13,PALADIN,sale_bonus_pct,10.449069428082474,10.449069428082474,1.0
13,RANGER,sale_bonus_pct,8.895751944532433,10.449069428082474,0.8513439407938652
13,ROGUE,sale_bonus_pct,8.382936507936508,10.449069428082474,0.8022663229135873
13,WARRIOR,sale_bonus_pct,8.548040018628255,10.449069428082474,0.8180671089862708
14,CLERIC,capacity_bonus_h,0.9971212188822767,1.1549885348710043,0.8633169843488021
14,MAGE,capacity_bonus_h,0.984161559727085,1.1549885348710043,0.8520963888503029
14,PALADIN,capacity_bonus_h,1.0365703129621906,1.1549885348710043,0.8974723832024538
14,RANGER,capacity_bonus_h,1.0242613299668126,1.1549885348710043,0.8868151492786965
14,ROGUE,capacity_bonus_h,1.0126287991910843,1.1549885348710043,0.8767435940861357
14,WARRIOR,capacity_bonus_h,1.1549885348710043,1.1549885348710043,1.0
14,CLERIC,proc_bonus_pp,1.5903643132470082,1.5903643132470082,1.0
14,MAGE,proc_bonus_pp,1.5903643132470078,1.5903643132470082,0.9999999999999997
14,PALADIN,proc_bonus_pp,1.3350552996399674,1.5903643132470082,0.8394650763473291
14,RANGER,proc_bonus_pp,1.4200556850311743,1.5903643132470082,0.892912192007051
14,ROGUE,proc_bonus_pp,1.300273609954295,1.5903643132470082,0.8175948109018858
14,WARRIOR,proc_bonus_pp,1.2948170146580542,1.5903643132470082,0.8141637761064053
14,CLERIC,search_reduction_pct,5.443584222039924,7.872621171573001,0.6914576611022502
14,MAGE,search_reduction_pct,5.443584222039924,7.872621171573001,0.6914576611022502
14,PALADIN,search_reduction_pct,5.632051609570679,7.872621171573001,0.7153972592898635
14,RANGER,search_reduction_pct,7.872621171573001,7.872621171573001,1.0
14,ROGUE,search_reduction_pct,7.680357123789388,7.872621171573001,0.9755781405463974
14,WARRIOR,search_reduction_pct,5.632051609570679,7.872621171573001,0.7153972592898635
14,CLERIC,sale_bonus_pct,8.632073632073633,10.685073733854223,0.8078628044207187
14,MAGE,sale_bonus_pct,8.632073632073633,10.685073733854223,0.8078628044207187
14,PALADIN,sale_bonus_pct,10.685073733854223,10.685073733854223,1.0
14,RANGER,sale_bonus_pct,8.895751944532433,10.685073733854223,0.8325400615952173
14,ROGUE,sale_bonus_pct,8.382936507936508,10.685073733854223,0.7845464352179712
14,WARRIOR,sale_bonus_pct,8.721200191788427,10.685073733854223,0.8162040252615641
15,CLERIC,capacity_bonus_h,1.0796666501125043,1.2606620554646408,0.856428291335042
15,MAGE,capacity_bonus_h,1.0674097388203658,1.2606620554646408,0.8467056926108177
15,PALADIN,capacity_bonus_h,1.121456548542913,1.2606620554646408,0.8895774594640108
15,RANGER,capacity_bonus_h,1.1052971626771346,1.2606620554646408,0.8767592852390219
15,ROGUE,capacity_bonus_h,1.0971324781274907,1.2606620554646408,0.8702827798867332
15,WARRIOR,capacity_bonus_h,1.2606620554646408,1.2606620554646408,1.0
15,CLERIC,proc_bonus_pp,1.7700032804392198,1.7700032804392198,1.0
15,MAGE,proc_bonus_pp,1.7700032804392196,1.7700032804392198,0.9999999999999999
15,PALADIN,proc_bonus_pp,1.4560655318577354,1.7700032804392198,0.8226343690710098
15,RANGER,proc_bonus_pp,1.5715028785582343,1.7700032804392198,0.8878530881413235
15,ROGUE,proc_bonus_pp,1.4344528159892487,1.7700032804392198,0.810423817764504
15,WARRIOR,proc_bonus_pp,1.4169463619833127,1.7700032804392198,0.8005331841146095
15,CLERIC,search_reduction_pct,5.563652832674572,8.123900842016619,0.684849918883733
15,MAGE,search_reduction_pct,5.563652832674572,8.123900842016619,0.684849918883733
15,PALADIN,search_reduction_pct,5.632051609570679,8.123900842016619,0.6932693688777987
15,RANGER,search_reduction_pct,8.123900842016619,8.123900842016619,1.0
15,ROGUE,search_reduction_pct,7.990401500638571,8.123900842016619,0.9835670887700164
15,WARRIOR,search_reduction_pct,5.632051609570679,8.123900842016619,0.6932693688777987
15,CLERIC,sale_bonus_pct,8.792323947122709,10.987910668143227,0.8001816007308753
15,MAGE,sale_bonus_pct,8.792323947122709,10.987910668143227,0.8001816007308753
15,PALADIN,sale_bonus_pct,10.987910668143227,10.987910668143227,1.0
15,RANGER,sale_bonus_pct,8.984878504247227,10.987910668143227,0.8177058201152559
15,ROGUE,sale_bonus_pct,8.458011583011583,10.987910668143227,0.7697561291186621
15,WARRIOR,sale_bonus_pct,8.867399022197784,10.987910668143227,0.8070141166970577
16,CLERIC,capacity_bonus_h,1.1205398928799135,1.3118607578118886,0.8541606921369553
16,MAGE,capacity_bonus_h,1.1086197628340178,1.3118607578118886,0.8450742628227819
16,PALADIN,capacity_bonus_h,1.163551324108134,1.3118607578118886,0.8869472748379741
16,RANGER,capacity_bonus_h,1.149857256909672,1.3118607578118886,0.8765086157677059
16,ROGUE,capacity_bonus_h,1.1385841920140098,1.3118607578118886,0.8679154287022851
16,WARRIOR,capacity_bonus_h,1.3118607578118886,1.3118607578118886,1.0
16,CLERIC,proc_bonus_pp,1.8611546644472874,1.8611546644472874,1.0
16,MAGE,proc_bonus_pp,1.8611546644472874,1.8611546644472874,1.0
16,PALADIN,proc_bonus_pp,1.5166420239141536,1.8611546644472874,0.8148930622939686
16,RANGER,proc_bonus_pp,1.6463996207871971,1.8611546644472874,0.8846119305598567
16,ROGUE,proc_bonus_pp,1.4950107931060597,1.8611546644472874,0.8032705833988479
16,WARRIOR,proc_bonus_pp,1.4780777100449556,1.8611546644472874,0.7941724233240469
16,CLERIC,search_reduction_pct,5.719001165347141,8.277409613946444,0.6909167761507548
16,MAGE,search_reduction_pct,5.719001165347141,8.277409613946444,0.6909167761507548
16,PALADIN,search_reduction_pct,5.632051609570679,8.277409613946444,0.6804123357724554
16,RANGER,search_reduction_pct,8.277409613946444,8.277409613946444,1.0
16,ROGUE,search_reduction_pct,8.13474817712106,8.277409613946444,0.9827649659157839
16,WARRIOR,search_reduction_pct,5.632051609570679,8.277409613946444,0.6804123357724554
16,CLERIC,sale_bonus_pct,8.792323947122709,11.091590832490732,0.7927017936297512
16,MAGE,sale_bonus_pct,8.792323947122709,11.091590832490732,0.7927017936297512
16,PALADIN,sale_bonus_pct,11.091590832490732,11.091590832490732,1.0
16,RANGER,sale_bonus_pct,8.984878504247227,11.091590832490732,0.8100622029734196
16,ROGUE,sale_bonus_pct,8.537376662376662,11.091590832490732,0.7697161562584891
16,WARRIOR,sale_bonus_pct,8.867399022197784,11.091590832490732,0.7994704417171975
17,CLERIC,capacity_bonus_h,1.1553893450224733,1.3595562451132759,0.8498282797606569
17,MAGE,capacity_bonus_h,1.1437558129164596,1.3595562451132759,0.841271420014818
17,PALADIN,capacity_bonus_h,1.1999130370265565,1.3595562451132759,0.8825769741704079
17,RANGER,capacity_bonus_h,1.1853889410645322,1.3595562451132759,0.8718940060959137
17,ROGUE,capacity_bonus_h,1.1758501056375041,1.3595562451132759,0.8648778672187515
17,WARRIOR,capacity_bonus_h,1.3595562451132759,1.3595562451132759,1.0
17,CLERIC,proc_bonus_pp,1.9486587328625355,1.948658732862536,0.9999999999999998
17,MAGE,proc_bonus_pp,1.948658732862536,1.948658732862536,1.0
17,PALADIN,proc_bonus_pp,1.5878246085007204,1.948658732862536,0.8148294936016024
17,RANGER,proc_bonus_pp,1.7293414826309566,1.948658732862536,0.8874522015923192
17,ROGUE,proc_bonus_pp,1.5689053498392693,1.948658732862536,0.8051206316329091
17,WARRIOR,proc_bonus_pp,1.5499054591947616,1.948658732862536,0.7953703914681793
17,CLERIC,search_reduction_pct,5.719001165347141,8.371647509578544,0.6831392696364319
17,MAGE,search_reduction_pct,5.719001165347141,8.371647509578544,0.6831392696364319
17,PALADIN,search_reduction_pct,5.632051609570679,8.371647509578544,0.6727530755597012
17,RANGER,search_reduction_pct,8.371647509578544,8.371647509578544,1.0
17,ROGUE,search_reduction_pct,8.13474817712106,8.371647509578544,0.971702185001646
17,WARRIOR,search_reduction_pct,5.632051609570679,8.371647509578544,0.6727530755597012
17,CLERIC,sale_bonus_pct,8.934875405463641,11.336574604051808,0.7881459539171757
17,MAGE,sale_bonus_pct,8.934875405463641,11.336574604051808,0.7881459539171757
17,PALADIN,sale_bonus_pct,11.336574604051808,11.336574604051808,1.0
17,RANGER,sale_bonus_pct,9.059953579322302,11.336574604051808,0.7991791079541947
17,ROGUE,sale_bonus_pct,8.537376662376662,11.336574604051808,0.753082563345485
17,WARRIOR,sale_bonus_pct,9.017887856897145,11.336574604051808,0.7954684877806087
18,CLERIC,capacity_bonus_h,1.235808080464436,1.457828361107358,0.8477047870887375
18,MAGE,capacity_bonus_h,1.2248210103933563,1.457828361107358,0.8401681865092743
18,PALADIN,capacity_bonus_h,1.2760354418846784,1.457828361107358,0.8752988183844972
18,RANGER,capacity_bonus_h,1.268243750995432,1.457828361107358,0.8699540939319369
18,ROGUE,capacity_bonus_h,1.2611822342907688,1.457828361107358,0.8651102337814186
18,WARRIOR,capacity_bonus_h,1.457828361107358,1.457828361107358,1.0
18,CLERIC,proc_bonus_pp,2.1215045641977,2.1215045641977,1.0
18,MAGE,proc_bonus_pp,2.1215045641977,2.1215045641977,1.0
18,PALADIN,proc_bonus_pp,1.7134871843188737,2.1215045641977,0.807675464496053
18,RANGER,proc_bonus_pp,1.8745480318178545,2.1215045641977,0.8835936832060325
18,ROGUE,proc_bonus_pp,1.7200077298881746,2.1215045641977,0.8107490122410548
18,WARRIOR,proc_bonus_pp,1.676695901896182,2.1215045641977,0.79033339366407
18,CLERIC,search_reduction_pct,5.796572087332957,8.694960375982884,0.6666588272609245
18,MAGE,search_reduction_pct,5.796572087332957,8.694960375982884,0.6666588272609245
18,PALADIN,search_reduction_pct,5.632051609570679,8.694960375982884,0.6477374669961079
18,RANGER,search_reduction_pct,8.694960375982884,8.694960375982884,1.0
18,ROGUE,search_reduction_pct,8.618590231606017,8.694960375982884,0.9912167346285079
18,WARRIOR,search_reduction_pct,5.632051609570679,8.694960375982884,0.6477374669961079
18,CLERIC,sale_bonus_pct,8.998977969566205,11.68803418803419,0.7699308390780591
18,MAGE,sale_bonus_pct,8.998977969566205,11.68803418803419,0.7699308390780591
18,PALADIN,sale_bonus_pct,11.68803418803419,11.68803418803419,1.0
18,RANGER,sale_bonus_pct,9.059953579322302,11.68803418803419,0.7751477651047234
18,ROGUE,sale_bonus_pct,8.612451737451737,11.68803418803419,0.7368605874090334
18,WARRIOR,sale_bonus_pct,9.160439315238078,11.68803418803419,0.7837450821812468
19,CLERIC,capacity_bonus_h,1.275340279125952,1.5066485121059516,0.8464749866200157
19,MAGE,capacity_bonus_h,1.2646630841899489,1.5066485121059516,0.8393882674216018
19,PALADIN,capacity_bonus_h,1.3126748033792817,1.5066485121059516,0.8712548367000749
19,RANGER,capacity_bonus_h,1.3121328892581996,1.5066485121059516,0.8708951548521006
19,ROGUE,capacity_bonus_h,1.308387362943237,1.5066485121059516,0.8684091561039736
19,WARRIOR,capacity_bonus_h,1.5066485121059516,1.5066485121059516,1.0
19,CLERIC,proc_bonus_pp,2.211078139714302,2.211078139714302,1.0
19,MAGE,proc_bonus_pp,2.211078139714302,2.211078139714302,1.0
19,PALADIN,proc_bonus_pp,1.7725865505152434,2.211078139714302,0.8016842637430638
19,RANGER,proc_bonus_pp,1.9525911644712557,2.211078139714302,0.8830945995981644
19,ROGUE,proc_bonus_pp,1.78567956310023,2.211078139714302,0.8076058150215177
19,WARRIOR,proc_bonus_pp,1.7363194499216128,2.211078139714302,0.7852818128562232
19,CLERIC,search_reduction_pct,5.927795031055901,8.907069669108301,0.6655157365182415
19,MAGE,search_reduction_pct,5.927795031055901,8.907069669108301,0.6655157365182415
19,PALADIN,search_reduction_pct,5.695549432502464,8.907069669108301,0.6394414374298537
19,RANGER,search_reduction_pct,8.907069669108301,8.907069669108301,1.0
19,ROGUE,search_reduction_pct,8.801365446309104,8.907069669108301,0.988132547883194
19,WARRIOR,search_reduction_pct,5.695549432502464,8.907069669108301,0.6394414374298537
19,CLERIC,sale_bonus_pct,9.059953579322302,11.809352671886366,0.7671846062223757
19,MAGE,sale_bonus_pct,9.059953579322302,11.809352671886366,0.7671846062223757
19,PALADIN,sale_bonus_pct,11.809352671886366,11.809352671886366,1.0
19,RANGER,sale_bonus_pct,9.118025588613824,11.809352671886366,0.7721020653672592
19,ROGUE,sale_bonus_pct,8.612451737451737,11.809352671886366,0.7292907559577546
19,WARRIOR,sale_bonus_pct,9.160439315238078,11.809352671886366,0.7756936023297571
20,CLERIC,capacity_bonus_h,1.353101063207446,1.6044290524673723,0.8433536285861807
20,MAGE,capacity_bonus_h,1.3430236989862259,1.6044290524673723,0.8370726626527087
20,PALADIN,capacity_bonus_h,1.3872181334642821,1.6044290524673723,0.8646179345424765
20,RANGER,capacity_bonus_h,1.3917193801467076,1.6044290524673723,0.8674234476161168
20,ROGUE,capacity_bonus_h,1.3784302217028563,1.6044290524673723,0.859140651674835
20,WARRIOR,capacity_bonus_h,1.6044290524673723,1.6044290524673723,1.0
20,CLERIC,proc_bonus_pp,2.382367482644496,2.382367482644496,1.0
20,MAGE,proc_bonus_pp,2.382367482644496,2.382367482644496,1.0
20,PALADIN,proc_bonus_pp,1.8991637975338433,2.382367482644496,0.7971749998139319
20,RANGER,proc_bonus_pp,2.099971615172458,2.382367482644496,0.8814641865584186
20,ROGUE,proc_bonus_pp,1.911386710508558,2.382367482644496,0.8023055739439762
20,WARRIOR,proc_bonus_pp,1.8640062650850782,2.382367482644496,0.7824176071342185
20,CLERIC,search_reduction_pct,5.982619592459409,9.104605375791817,0.6570981767498196
20,MAGE,search_reduction_pct,5.982619592459409,9.104605375791817,0.6570981767498196
20,PALADIN,search_reduction_pct,5.861504192872117,9.104605375791817,0.643795524455924
20,RANGER,search_reduction_pct,9.104605375791817,9.104605375791817,1.0
20,ROGUE,search_reduction_pct,8.985513643248998,9.104605375791817,0.9869196162131891
20,WARRIOR,search_reduction_pct,5.861504192872117,9.104605375791817,0.643795524455924
20,CLERIC,sale_bonus_pct,9.202059202059202,11.972634464413785,0.7685910088886825
20,MAGE,sale_bonus_pct,9.202059202059202,11.972634464413785,0.7685910088886825
20,PALADIN,sale_bonus_pct,11.972634464413785,11.972634464413785,1.0
20,RANGER,sale_bonus_pct,9.202059202059202,11.972634464413785,0.7685910088886825
20,ROGUE,sale_bonus_pct,8.691816816816818,11.972634464413785,0.7259736228188934
20,WARRIOR,sale_bonus_pct,9.160439315238078,11.972634464413785,0.7651147575302342
21,CLERIC,capacity_bonus_h,1.3920613239408266,1.6503146498192418,0.843512674442597
21,MAGE,capacity_bonus_h,1.3822777621283109,1.6503146498192418,0.8375843735494387
21,PALADIN,capacity_bonus_h,1.4215601629296004,1.6503146498192418,0.8613873500337061
21,RANGER,capacity_bonus_h,1.4310245977363683,1.6503146498192418,0.8671222774960567
21,ROGUE,capacity_bonus_h,1.4161365453027215,1.6503146498192418,0.8581009357566027
21,WARRIOR,capacity_bonus_h,1.6503146498192418,1.6503146498192418,1.0
21,CLERIC,proc_bonus_pp,2.4717760516056897,2.4717760516056897,1.0
21,MAGE,proc_bonus_pp,2.4717760516056897,2.4717760516056897,1.0
21,PALADIN,proc_bonus_pp,1.9555522769140818,2.4717760516056897,0.7911526918645142
21,RANGER,proc_bonus_pp,2.175812724020676,2.4717760516056897,0.8802628873304468
21,ROGUE,proc_bonus_pp,1.9783935550177336,2.4717760516056897,0.800393528261814
21,WARRIOR,proc_bonus_pp,1.9208831995468814,2.4717760516056897,0.7771267135220673
21,CLERIC,search_reduction_pct,5.982619592459409,9.189251671646037,0.6510453523565064
21,MAGE,search_reduction_pct,5.982619592459409,9.189251671646037,0.6510453523565064
21,PALADIN,search_reduction_pct,5.94604525567405,9.189251671646037,0.6470652310047088
21,RANGER,search_reduction_pct,9.189251671646037,9.189251671646037,1.0
21,ROGUE,search_reduction_pct,9.063812834999275,9.189251671646037,0.9863493958889155
21,WARRIOR,search_reduction_pct,5.94604525567405,9.189251671646037,0.6470652310047088
21,CLERIC,sale_bonus_pct,9.328553942997027,12.16736615451991,0.7666863826179567
21,MAGE,sale_bonus_pct,9.328553942997027,12.16736615451991,0.7666863826179567
21,PALADIN,sale_bonus_pct,12.16736615451991,12.16736615451991,1.0
21,RANGER,sale_bonus_pct,9.273182957393484,12.16736615451991,0.7621356043393747
21,ROGUE,sale_bonus_pct,8.762940572151098,12.16736615451991,0.7202002849972472
21,WARRIOR,sale_bonus_pct,9.227915698503935,12.16736615451991,0.7584152216111263
22,CLERIC,capacity_bonus_h,1.4600884582560232,1.7412518038288853,0.8385280377286016
22,MAGE,capacity_bonus_h,1.450808283995869,1.7412518038288853,0.8331984385059344
22,PALADIN,capacity_bonus_h,1.4908627830172199,1.7412518038288853,0.856201716339315
22,RANGER,capacity_bonus_h,1.5026956182739952,1.7412518038288853,0.8629973074369126
22,ROGUE,capacity_bonus_h,1.489911600398492,1.7412518038288853,0.8556554526589925
22,WARRIOR,capacity_bonus_h,1.7412518038288853,1.7412518038288853,1.0
22,CLERIC,proc_bonus_pp,2.648744675791887,2.648744675791887,1.0
22,MAGE,proc_bonus_pp,2.648744675791887,2.648744675791887,1.0
22,PALADIN,proc_bonus_pp,2.0782662496475743,2.648744675791887,0.7846230966094312
22,RANGER,proc_bonus_pp,2.331919412374437,2.648744675791887,0.8803866351056544
22,ROGUE,proc_bonus_pp,2.1046576375268287,2.648744675791887,0.7945868307965944
22,WARRIOR,proc_bonus_pp,2.0446470718209855,2.648744675791887,0.7719306018839673
22,CLERIC,search_reduction_pct,6.063563163227217,9.442615808468,0.6421486679347371
22,MAGE,search_reduction_pct,6.063563163227217,9.442615808468,0.6421486679347371
22,PALADIN,search_reduction_pct,6.081596069290901,9.442615808468,0.6440584042228018
22,RANGER,search_reduction_pct,9.442615808468,9.442615808468,1.0
22,ROGUE,search_reduction_pct,9.437136535405438,9.442615808468,0.9994197293235579
22,WARRIOR,search_reduction_pct,6.081596069290901,9.442615808468,0.6440584042228018
22,CLERIC,sale_bonus_pct,9.460773144983673,12.328365689710228,0.7673988088202178
22,MAGE,sale_bonus_pct,9.460773144983673,12.328365689710228,0.7673988088202178
22,PALADIN,sale_bonus_pct,12.328365689710228,12.328365689710228,1.0
22,RANGER,sale_bonus_pct,9.352548036758563,12.328365689710228,0.758620264206195
22,ROGUE,sale_bonus_pct,8.857637541848069,12.328365689710228,0.7184762169442317
22,WARRIOR,sale_bonus_pct,9.391314391314392,12.328365689710228,0.7617647486846353
23,CLERIC,capacity_bonus_h,1.5260512248403804,1.8304333380708826,0.8337103532263598
23,MAGE,capacity_bonus_h,1.5172476687864789,1.8304333380708826,0.8289008057433689
23,PALADIN,capacity_bonus_h,1.5620682540412956,1.8304333380708826,0.8533871305510528
23,RANGER,capacity_bonus_h,1.5719720810247413,1.8304333380708826,0.8587977766409473
23,ROGUE,capacity_bonus_h,1.553102665894258,1.8304333380708826,0.8484890619021903
23,WARRIOR,capacity_bonus_h,1.8304333380708826,1.8304333380708826,1.0
23,CLERIC,proc_bonus_pp,2.8222338127317474,2.8222338127317474,1.0
23,MAGE,proc_bonus_pp,2.8222338127317474,2.8222338127317474,1.0
23,PALADIN,proc_bonus_pp,2.1934581679787546,2.8222338127317474,0.7772063951907737
23,RANGER,proc_bonus_pp,2.4776096599453763,2.8222338127317474,0.8778895812134019
23,ROGUE,proc_bonus_pp,2.223450997637115,2.8222338127317474,0.7878337321332537
23,WARRIOR,proc_bonus_pp,2.1608107468976194,2.8222338127317474,0.7656384588511781
23,CLERIC,search_reduction_pct,6.212562656641604,9.676789765684187,0.6420065752252448
23,MAGE,search_reduction_pct,6.212562656641604,9.676789765684187,0.6420065752252448
23,PALADIN,search_reduction_pct,6.282608250693357,9.676789765684187,0.6492450908639898
23,RANGER,search_reduction_pct,9.676789765684187,9.676789765684187,1.0
23,ROGUE,search_reduction_pct,9.624125971188327,9.676789765684187,0.9945577205074129
23,WARRIOR,search_reduction_pct,6.282608250693357,9.676789765684187,0.6492450908639898
23,CLERIC,sale_bonus_pct,9.60761460761461,12.46664790318041,0.7706654332608188
23,MAGE,sale_bonus_pct,9.60761460761461,12.46664790318041,0.7706654332608188
23,PALADIN,sale_bonus_pct,12.46664790318041,12.46664790318041,1.0
23,RANGER,sale_bonus_pct,9.554760484993043,12.46664790318041,0.7664257913753619
23,ROGUE,sale_bonus_pct,8.996237680448207,12.46664790318041,0.7216244294629629
23,WARRIOR,sale_bonus_pct,9.455416955416956,12.46664790318041,0.7584570470627273
24,CLERIC,capacity_bonus_h,1.5566583125599958,1.8726472356374466,0.831260839167133
24,MAGE,capacity_bonus_h,1.5480695595558815,1.8726472356374466,0.8266744158191229
24,PALADIN,capacity_bonus_h,1.5936723723240136,1.8726472356374466,0.8510264731101529
24,RANGER,capacity_bonus_h,1.6044640740890972,1.8726472356374466,0.8567892785973327
24,ROGUE,capacity_bonus_h,1.5844535920650866,1.8726472356374466,0.8461036130628953
24,WARRIOR,capacity_bonus_h,1.8726472356374466,1.8726472356374466,1.0
24,CLERIC,proc_bonus_pp,2.9102452592275414,2.9102452592275414,1.0
24,MAGE,proc_bonus_pp,2.9102452592275414,2.9102452592275414,1.0
24,PALADIN,proc_bonus_pp,2.2576709782701077,2.9102452592275414,0.7757665685088532
24,RANGER,proc_bonus_pp,2.5539838091057154,2.9102452592275414,0.8775837022696886
24,ROGUE,proc_bonus_pp,2.2910530430150278,2.9102452592275414,0.78723710166721
24,WARRIOR,proc_bonus_pp,2.2255585739998143,2.9102452592275414,0.7647323080222244
24,CLERIC,search_reduction_pct,6.212562656641604,9.776322605915874,0.6354702997303139
24,MAGE,search_reduction_pct,6.212562656641604,9.776322605915874,0.6354702997303139
24,PALADIN,search_reduction_pct,6.416997354497354,9.776322605915874,0.6563815059268077
24,RANGER,search_reduction_pct,9.758603430204722,9.776322605915874,0.9981875418370063
24,ROGUE,search_reduction_pct,9.776322605915874,9.776322605915874,1.0
24,WARRIOR,search_reduction_pct,6.416997354497354,9.776322605915874,0.6563815059268077
24,CLERIC,sale_bonus_pct,9.60761460761461,12.499115435647944,0.7686635632001072
24,MAGE,sale_bonus_pct,9.60761460761461,12.499115435647944,0.7686635632001072
24,PALADIN,sale_bonus_pct,12.499115435647944,12.499115435647944,1.0
24,RANGER,sale_bonus_pct,9.554760484993043,12.499115435647944,0.7644349341508208
24,ROGUE,sale_bonus_pct,8.996237680448207,12.499115435647944,0.7197499476475432
24,WARRIOR,sale_bonus_pct,9.455416955416956,12.499115435647944,0.7564868893401651
25,CLERIC,capacity_bonus_h,1.616727300450202,1.9536804010036914,0.8275290572703796
25,MAGE,capacity_bonus_h,1.6085527836588471,1.9536804010036914,0.8233448945039644
25,PALADIN,capacity_bonus_h,1.656432814140914,1.9536804010036914,0.8478525009975694
25,RANGER,capacity_bonus_h,1.6661896477755422,1.9536804010036914,0.8528465796757481
25,ROGUE,capacity_bonus_h,1.6446333346864819,1.9536804010036914,0.8418128849742064
25,WARRIOR,capacity_bonus_h,1.9536804010036914,1.9536804010036914,1.0
25,CLERIC,proc_bonus_pp,3.083238629634423,3.083238629634423,1.0
25,MAGE,proc_bonus_pp,3.083238629634423,3.083238629634423,1.0
25,PALADIN,proc_bonus_pp,2.3773281399732227,3.083238629634423,0.7710490252436609
25,RANGER,proc_bonus_pp,2.7037063211254333,3.083238629634423,0.8769046596455006
25,ROGUE,proc_bonus_pp,2.421400777516123,3.083238629634423,0.785343292680277
25,WARRIOR,proc_bonus_pp,2.346201451587334,3.083238629634423,0.7609535729855335
25,CLERIC,search_reduction_pct,6.352618679050567,9.976040003213917,0.6367876108159134
25,MAGE,search_reduction_pct,6.352618679050567,9.976040003213917,0.6367876108159134
25,PALADIN,search_reduction_pct,6.617655249234197,9.976040003213917,0.6633549231059849
25,RANGER,search_reduction_pct,9.976040003213917,9.976040003213917,1.0
25,ROGUE,search_reduction_pct,9.922101449275363,9.976040003213917,0.9945931898908608
25,WARRIOR,search_reduction_pct,6.617655249234197,9.976040003213917,0.6633549231059849
25,CLERIC,sale_bonus_pct,9.60761460761461,12.666837544048018,0.7584856578609159
25,MAGE,sale_bonus_pct,9.60761460761461,12.666837544048018,0.7584856578609159
25,PALADIN,sale_bonus_pct,12.666837544048018,12.666837544048018,1.0
25,RANGER,sale_bonus_pct,9.554760484993043,12.666837544048018,0.7543130202599543
25,ROGUE,sale_bonus_pct,8.996237680448207,12.666837544048018,0.7102197094708474
25,WARRIOR,sale_bonus_pct,9.516392565173053,12.666837544048018,0.7512840148206276
26,CLERIC,capacity_bonus_h,1.6443143987852507,1.990954482940853,0.8258925117948565
26,MAGE,capacity_bonus_h,1.6363271705883955,1.990954482940853,0.8218807534823022
26,PALADIN,capacity_bonus_h,1.6842569350518506,1.990954482940853,0.8459545155266547
26,RANGER,capacity_bonus_h,1.6946002200330552,1.990954482940853,0.8511496543757993
26,ROGUE,capacity_bonus_h,1.6739030054602688,1.990954482940853,0.8407540301914561
26,WARRIOR,capacity_bonus_h,1.990954482940853,1.990954482940853,1.0
26,CLERIC,proc_bonus_pp,3.166422806119055,3.166422806119055,1.0
26,MAGE,proc_bonus_pp,3.166422806119055,3.166422806119055,1.0
26,PALADIN,proc_bonus_pp,2.4405665712241897,3.166422806119055,0.7707645885154184
26,RANGER,proc_bonus_pp,2.768750083264958,3.166422806119055,0.8744094686010973
26,ROGUE,proc_bonus_pp,2.481874605203893,3.166422806119055,0.7838102354517266
26,WARRIOR,proc_bonus_pp,2.409954738091278,3.166422806119055,0.761096949350568
26,CLERIC,search_reduction_pct,6.352618679050567,10.043803418803419,0.6324913396012478
26,MAGE,search_reduction_pct,6.352618679050567,10.043803418803419,0.6324913396012478
26,PALADIN,search_reduction_pct,6.617655249234197,10.043803418803419,0.6588794078590797
26,RANGER,search_reduction_pct,10.043803418803419,10.043803418803419,1.0
26,ROGUE,search_reduction_pct,10.001736111111112,10.043803418803419,0.9958116157855549
26,WARRIOR,search_reduction_pct,6.617655249234197,10.043803418803419,0.6588794078590797
26,CLERIC,sale_bonus_pct,9.75776475776476,12.733370048172551,0.7663143944493437
26,MAGE,sale_bonus_pct,9.75776475776476,12.733370048172551,0.7663143944493437
26,PALADIN,sale_bonus_pct,12.733370048172551,12.733370048172551,1.0
26,RANGER,sale_bonus_pct,9.75776475776476,12.733370048172551,0.7663143944493437
26,ROGUE,sale_bonus_pct,9.085364240163003,12.733370048172551,0.7135082233369086
26,WARRIOR,sale_bonus_pct,9.516392565173053,12.733370048172551,0.747358517750673
27,CLERIC,capacity_bonus_h,1.7017554224684956,2.0623359181753345,0.8251591835602297
27,MAGE,capacity_bonus_h,1.6941494011067793,2.0623359181753345,0.8214711222242055
27,PALADIN,capacity_bonus_h,1.738102632961604,2.0623359181753345,0.8427834755937346
27,RANGER,capacity_bonus_h,1.752217073985817,2.0623359181753345,0.8496273854048485
27,ROGUE,capacity_bonus_h,1.732127632058027,2.0623359181753345,0.8398862749723811
27,WARRIOR,capacity_bonus_h,2.0623359181753345,2.0623359181753345,1.0
27,CLERIC,proc_bonus_pp,3.3285112133796746,3.3285112133796746,1.0
27,MAGE,proc_bonus_pp,3.3285112133796737,3.3285112133796746,0.9999999999999998
27,PALADIN,proc_bonus_pp,2.5450709684310446,3.3285112133796746,0.7646274280827351
27,RANGER,proc_bonus_pp,2.901573523429151,3.3285112133796746,0.8717331375558074
27,ROGUE,proc_bonus_pp,2.605782002950334,3.3285112133796746,0.782867124639937
27,WARRIOR,proc_bonus_pp,2.515298757264258,3.3285112133796746,0.7556828251482127
27,CLERIC,search_reduction_pct,6.4741801893171065,10.21619967227825,0.6337170765059391
27,MAGE,search_reduction_pct,6.4741801893171065,10.21619967227825,0.6337170765059391
27,PALADIN,search_reduction_pct,6.617655249234197,10.21619967227825,0.647760954319566
27,RANGER,search_reduction_pct,10.21619967227825,10.21619967227825,1.0
27,ROGUE,search_reduction_pct,10.146543144830817,10.21619967227825,0.9931817574360409
27,WARRIOR,search_reduction_pct,6.617655249234197,10.21619967227825,0.647760954319566
27,CLERIC,sale_bonus_pct,9.85657898701377,12.952730329779511,0.7609653514018271
27,MAGE,sale_bonus_pct,9.85657898701377,12.952730329779511,0.7609653514018271
27,PALADIN,sale_bonus_pct,12.952730329779511,12.952730329779511,1.0
27,RANGER,sale_bonus_pct,9.75776475776476,12.952730329779511,0.7533365174237254
27,ROGUE,sale_bonus_pct,9.085364240163003,12.952730329779511,0.7014246424381213
27,WARRIOR,sale_bonus_pct,9.655570204350692,12.952730329779511,0.7454467095753282
28,CLERIC,capacity_bonus_h,1.7594182631909003,2.1361140429292993,0.8236537131595147
28,MAGE,capacity_bonus_h,1.7521898532290647,2.1361140429292993,0.8202698067684855
28,PALADIN,capacity_bonus_h,1.796408888426221,2.1361140429292993,0.8409704970446085
28,RANGER,capacity_bonus_h,1.8107613723038107,2.1361140429292993,0.8476894659709622
28,ROGUE,capacity_bonus_h,1.7919511265117811,2.1361140429292993,0.8388836412752757
28,WARRIOR,capacity_bonus_h,2.1361140429292993,2.1361140429292993,1.0
28,CLERIC,proc_bonus_pp,3.4890075013162263,3.4890075013162263,1.0
28,MAGE,proc_bonus_pp,3.4890075013162263,3.4890075013162263,1.0
28,PALADIN,proc_bonus_pp,2.660110959996693,3.4890075013162263,0.7624262656337562
28,RANGER,proc_bonus_pp,3.041371409118005,3.4890075013162263,0.8717010232768629
28,ROGUE,proc_bonus_pp,2.7181644173909474,3.4890075013162263,0.7790652259605407
28,WARRIOR,proc_bonus_pp,2.6312530072959195,3.4890075013162263,0.754155159111375
28,CLERIC,search_reduction_pct,6.606156056587092,10.354834515239233,0.6379779461337405
28,MAGE,search_reduction_pct,6.606156056587092,10.354834515239233,0.6379779461337405
28,PALADIN,search_reduction_pct,6.748006379585327,10.354834515239233,0.6516768925330744
28,RANGER,search_reduction_pct,10.354834515239233,10.354834515239233,1.0
28,ROGUE,search_reduction_pct,10.34516396845164,10.354834515239233,0.9990660838883171
28,WARRIOR,search_reduction_pct,6.748006379585327,10.354834515239233,0.6516768925330744
28,CLERIC,sale_bonus_pct,9.85657898701377,13.106574094155999,0.7520332099147596
28,MAGE,sale_bonus_pct,9.85657898701377,13.106574094155999,0.7520332099147596
28,PALADIN,sale_bonus_pct,13.106574094155999,13.106574094155999,1.0
28,RANGER,sale_bonus_pct,9.75776475776476,13.106574094155999,0.7444939224900565
28,ROGUE,sale_bonus_pct,9.149466804265566,13.106574094155999,0.6980822554038099
28,WARRIOR,sale_bonus_pct,9.655570204350692,13.106574094155999,0.7366967244824068
29,CLERIC,capacity_bonus_h,1.785733960436802,2.1718803426084343,0.8222064196649668
29,MAGE,capacity_bonus_h,1.7786742812242498,2.1718803426084343,0.8189559278795521
29,PALADIN,capacity_bonus_h,1.823499879744796,2.1718803426084343,0.8395950016080387
29,RANGER,capacity_bonus_h,1.8383283378627073,2.1718803426084343,0.8464224763206198
29,ROGUE,capacity_bonus_h,1.8224218177241371,2.1718803426084343,0.8390986289490532
29,WARRIOR,capacity_bonus_h,2.1718803426084343,2.1718803426084343,1.0
29,CLERIC,proc_bonus_pp,3.5712502075704986,3.5712502075704986,1.0
29,MAGE,proc_bonus_pp,3.5712502075704986,3.5712502075704986,1.0
29,PALADIN,proc_bonus_pp,2.7185168190344915,3.5712502075704986,0.7612227262239022
29,RANGER,proc_bonus_pp,3.113078790970003,3.5712502075704986,0.871705596088103
29,ROGUE,proc_bonus_pp,2.77430362538259,3.5712502075704986,0.7768438121477724
29,WARRIOR,proc_bonus_pp,2.6901158022257032,3.5712502075704986,0.7532700443455553
29,CLERIC,search_reduction_pct,6.606156056587092,10.417134230567067,0.6341625163283972
29,MAGE,search_reduction_pct,6.606156056587092,10.417134230567067,0.6341625163283972
29,PALADIN,search_reduction_pct,6.942079463364293,10.417134230567067,0.666409715926872
29,RANGER,search_reduction_pct,10.38473882145933,10.417134230567067,0.9968901803134418
29,ROGUE,search_reduction_pct,10.417134230567067,10.417134230567067,1.0
29,WARRIOR,search_reduction_pct,6.942079463364293,10.417134230567067,0.666409715926872
29,CLERIC,sale_bonus_pct,9.85657898701377,13.18886480302729,0.7473409678709688
29,MAGE,sale_bonus_pct,9.85657898701377,13.18886480302729,0.7473409678709688
29,PALADIN,sale_bonus_pct,13.18886480302729,13.18886480302729,1.0
29,RANGER,sale_bonus_pct,9.75776475776476,13.18886480302729,0.739848721136714
29,ROGUE,sale_bonus_pct,9.285517489096739,13.18886480302729,0.7040422074055531
29,WARRIOR,sale_bonus_pct,9.655570204350692,13.18886480302729,0.732100173028873
30,CLERIC,capacity_bonus_h,1.8383697869104951,2.239780632124538,0.8207811785418977
30,MAGE,capacity_bonus_h,1.8316421959119467,2.239780632124538,0.8177774955463148
30,PALADIN,capacity_bonus_h,1.8745750227314066,2.239780632124538,0.8369458132840819
30,RANGER,capacity_bonus_h,1.8926104749193788,2.239780632124538,0.844998143020885
30,ROGUE,capacity_bonus_h,1.8779415333417013,2.239780632124538,0.8384488670037229
30,WARRIOR,capacity_bonus_h,2.239780632124538,2.239780632124538,1.0
30,CLERIC,proc_bonus_pp,3.7306841065287983,3.7306841065287983,1.0
30,MAGE,proc_bonus_pp,3.7306841065287983,3.7306841065287983,1.0
30,PALADIN,proc_bonus_pp,2.8325277031310727,3.7306841065287983,0.7592515534011771
30,RANGER,proc_bonus_pp,3.2506198797221457,3.7306841065287983,0.8713200546874158
30,ROGUE,proc_bonus_pp,2.8785707224840897,3.7306841065287983,0.7715932628673955
30,WARRIOR,proc_bonus_pp,2.8050079285752103,3.7306841065287983,0.7518749506736232
30,CLERIC,search_reduction_pct,6.868702516067513,10.67635551812767,0.6433564810018699
30,MAGE,search_reduction_pct,6.868702516067513,10.67635551812767,0.6433564810018699
30,PALADIN,search_reduction_pct,7.061001456285432,10.67635551812767,0.6613681461146894
30,RANGER,search_reduction_pct,10.67635551812767,10.67635551812767,1.0
30,ROGUE,search_reduction_pct,10.576820238584945,10.67635551812767,0.990677035869242
30,WARRIOR,search_reduction_pct,7.061001456285432,10.67635551812767,0.6613681461146894
30,CLERIC,sale_bonus_pct,9.85657898701377,13.365147783251233,0.737483726095847
30,MAGE,sale_bonus_pct,9.85657898701377,13.365147783251233,0.737483726095847
30,PALADIN,sale_bonus_pct,13.365147783251233,13.365147783251233,1.0
30,RANGER,sale_bonus_pct,9.80826980826981,13.365147783251233,0.7338691623418645
30,ROGUE,sale_bonus_pct,9.470084239326086,13.365147783251233,0.708565621039648
30,WARRIOR,sale_bonus_pct,9.784765968976496,13.365147783251233,0.7321105705421712
31,CLERIC,capacity_bonus_h,1.8886606958402705,2.3047824511369246,0.8194529140520895
31,MAGE,capacity_bonus_h,1.8822430200796716,2.3047824511369246,0.8166684101361416
31,PALADIN,capacity_bonus_h,1.9254402178252499,2.3047824511369246,0.8354108288508751
31,RANGER,capacity_bonus_h,1.9417745232352934,2.3047824511369246,0.8424979642991627
31,ROGUE,capacity_bonus_h,1.9301042560758113,2.3047824511369246,0.8374344637706311
31,WARRIOR,capacity_bonus_h,2.3047824511369246,2.3047824511369246,1.0
31,CLERIC,proc_bonus_pp,3.8835799572432115,3.8835799572432115,1.0
31,MAGE,proc_bonus_pp,3.8835799572432115,3.8835799572432115,1.0
31,PALADIN,proc_bonus_pp,2.949731118904558,3.8835799572432115,0.7595391755493679
31,RANGER,proc_bonus_pp,3.382667857476003,3.8835799572432115,0.8710179511476352
31,ROGUE,proc_bonus_pp,2.989971477284888,3.8835799572432115,0.7699008415439815
31,WARRIOR,proc_bonus_pp,2.9231032115560773,3.8835799572432115,0.7526826391469649
31,CLERIC,search_reduction_pct,6.868702516067513,10.766988674217188,0.6379409065893626
31,MAGE,search_reduction_pct,6.868702516067513,10.766988674217188,0.6379409065893626
31,PALADIN,search_reduction_pct,7.179323840620726,10.766988674217188,0.6667903215884731
31,RANGER,search_reduction_pct,10.766988674217188,10.766988674217188,1.0
31,ROGUE,search_reduction_pct,10.702356919987196,10.766988674217188,0.993997230220483
31,WARRIOR,search_reduction_pct,7.179323840620726,10.766988674217188,0.6667903215884731
31,CLERIC,sale_bonus_pct,9.973956211358228,13.413224706328155,0.7435912265491733
31,MAGE,sale_bonus_pct,9.973956211358228,13.413224706328155,0.7435912265491733
31,PALADIN,sale_bonus_pct,13.413224706328155,13.413224706328155,1.0
31,RANGER,sale_bonus_pct,9.927702742348052,13.413224706328155,0.7401428783687127
31,ROGUE,sale_bonus_pct,9.708396178984415,13.413224706328155,0.7237928530641958
31,WARRIOR,sale_bonus_pct,9.784765968976496,13.413224706328155,0.7294864719861281
32,CLERIC,capacity_bonus_h,1.9385694125042074,2.369953029514458,0.8179779887457812
32,MAGE,capacity_bonus_h,1.9324509891033044,2.369953029514458,0.815396324331041
32,PALADIN,capacity_bonus_h,1.9805962995757738,2.369953029514458,0.8357112039395762
32,RANGER,capacity_bonus_h,1.99235457500497,2.369953029514458,0.8406725999177932
32,ROGUE,capacity_bonus_h,1.978749675904651,2.369953029514458,0.8349320223911971
32,WARRIOR,capacity_bonus_h,2.369953029514458,2.369953029514458,1.0
32,CLERIC,proc_bonus_pp,4.031867093949879,4.031867093949879,1.0
32,MAGE,proc_bonus_pp,4.031867093949879,4.031867093949879,1.0
32,PALADIN,proc_bonus_pp,3.055182943141775,4.031867093949879,0.7577588427273081
32,RANGER,proc_bonus_pp,3.51546767445821,4.031867093949879,0.8719205252904875
32,ROGUE,proc_bonus_pp,3.101285398378468,4.031867093949879,0.7691933603248432
32,WARRIOR,proc_bonus_pp,3.029345008137569,4.031867093949879,0.7513504134804766
32,CLERIC,search_reduction_pct,6.991270771891175,10.975729517396186,0.6369754976933635
32,MAGE,search_reduction_pct,6.991270771891175,10.975729517396186,0.6369754976933635
32,PALADIN,search_reduction_pct,7.230463525015817,10.975729517396186,0.6587683774054162
32,RANGER,search_reduction_pct,10.975729517396186,10.975729517396186,1.0
32,ROGUE,search_reduction_pct,10.8133047581616,10.975729517396186,0.9852014611896961
32,WARRIOR,search_reduction_pct,7.230463525015817,10.975729517396186,0.6587683774054162
32,CLERIC,sale_bonus_pct,9.973956211358228,13.571258539836702,0.7349322969628019
32,MAGE,sale_bonus_pct,9.973956211358228,13.571258539836702,0.7349322969628019
32,PALADIN,sale_bonus_pct,13.571258539836702,13.571258539836702,1.0
32,RANGER,sale_bonus_pct,9.973956211358228,13.571258539836702,0.7349322969628019
32,ROGUE,sale_bonus_pct,9.792429792429793,13.571258539836702,0.7215564985137791
32,WARRIOR,sale_bonus_pct,9.923366107576634,13.571258539836702,0.7312045584017028
33,CLERIC,capacity_bonus_h,1.9631557303447926,2.4002380516260873,0.8179004282574452
33,MAGE,capacity_bonus_h,1.957182593965118,2.4002380516260873,0.8154118682683108
33,PALADIN,capacity_bonus_h,2.005718160344443,2.4002380516260873,0.8356330152276482
33,RANGER,capacity_bonus_h,2.0179663681018853,2.4002380516260873,0.8407359289778675
33,ROGUE,capacity_bonus_h,2.0032120032727025,2.4002380516260873,0.8345888866796308
33,WARRIOR,capacity_bonus_h,2.4002380516260873,2.4002380516260873,1.0
33,CLERIC,proc_bonus_pp,4.107861451572981,4.107861451572981,1.0
33,MAGE,proc_bonus_pp,4.107861451572981,4.107861451572981,1.0
33,PALADIN,proc_bonus_pp,3.1011878331129528,4.107861451572981,0.7549397343781997
33,RANGER,proc_bonus_pp,3.5806604888325717,4.107861451572981,0.8716604810177973
33,ROGUE,proc_bonus_pp,3.1591730840643812,4.107861451572981,0.7690554127268999
33,WARRIOR,proc_bonus_pp,3.075690659211795,4.107861451572981,0.7487328127958289
33,CLERIC,search_reduction_pct,6.991270771891175,11.057562017927872,0.6322615021788774
33,MAGE,search_reduction_pct,6.991270771891175,11.057562017927872,0.6322615021788774
33,PALADIN,search_reduction_pct,7.230463525015817,11.057562017927872,0.6538931016885011
33,RANGER,search_reduction_pct,11.057562017927872,11.057562017927872,1.0
33,ROGUE,search_reduction_pct,10.868154893822783,11.057562017927872,0.9828708060784106
33,WARRIOR,search_reduction_pct,7.230463525015817,11.057562017927872,0.6538931016885011
33,CLERIC,sale_bonus_pct,10.041432594624085,13.651443179804765,0.7355583188068247
33,MAGE,sale_bonus_pct,10.041432594624085,13.651443179804765,0.7355583188068247
33,PALADIN,sale_bonus_pct,13.651443179804765,13.651443179804765,1.0
33,RANGER,sale_bonus_pct,10.085758835758837,13.651443179804765,0.7388053191826036
33,ROGUE,sale_bonus_pct,9.792429792429793,13.651443179804765,0.7173182837486519
33,WARRIOR,sale_bonus_pct,9.923366107576634,13.651443179804765,0.7269096737154315
34,CLERIC,capacity_bonus_h,2.009368361601256,2.462160847060886,0.8160995509289597
34,MAGE,capacity_bonus_h,2.003663894723894,2.462160847060886,0.8137826970629048
34,PALADIN,capacity_bonus_h,2.0593899595855367,2.462160847060886,0.8364156882942306
34,RANGER,capacity_bonus_h,2.0629929913386746,2.462160847060886,0.8378790499415572
34,ROGUE,capacity_bonus_h,2.0495627601758013,2.462160847060886,0.8324243977083754
34,WARRIOR,capacity_bonus_h,2.462160847060886,2.462160847060886,1.0
34,CLERIC,proc_bonus_pp,4.254486993871337,4.254486993871337,1.0
34,MAGE,proc_bonus_pp,4.254486993871337,4.254486993871337,1.0
34,PALADIN,proc_bonus_pp,3.2097979000064907,4.254486993871337,0.7544500440664786
34,RANGER,proc_bonus_pp,3.713484585509942,4.254486993871337,0.8728395669934546
34,ROGUE,proc_bonus_pp,3.2676853835740816,4.254486993871337,0.7680562634886978
34,WARRIOR,proc_bonus_pp,3.1850965044980724,4.254486993871337,0.7486440807284779
34,CLERIC,search_reduction_pct,7.040705800139762,11.27682631629089,0.6243517105489615
34,MAGE,search_reduction_pct,7.040705800139762,11.27682631629089,0.6243517105489615
34,PALADIN,search_reduction_pct,7.383972296945641,11.27682631629089,0.6547917020126932
34,RANGER,search_reduction_pct,11.27682631629089,11.27682631629089,1.0
34,ROGUE,search_reduction_pct,10.993098317264835,11.27682631629089,0.9748397296306521
34,WARRIOR,search_reduction_pct,7.383972296945641,11.27682631629089,0.6547917020126932
34,CLERIC,sale_bonus_pct,10.1498613998614,13.702614934740678,0.7407244126906122
34,MAGE,sale_bonus_pct,10.1498613998614,13.702614934740678,0.7407244126906122
34,PALADIN,sale_bonus_pct,13.702614934740678,13.702614934740678,1.0
34,RANGER,sale_bonus_pct,10.1498613998614,13.702614934740678,0.7407244126906122
34,ROGUE,sale_bonus_pct,9.840738971173755,13.702614934740678,0.7181650376983312
34,WARRIOR,sale_bonus_pct,9.923366107576634,13.702614934740678,0.7241950645797982
35,CLERIC,capacity_bonus_h,2.0541183969937604,2.5177988431171574,0.8158389629135987
35,MAGE,capacity_bonus_h,2.0486660790039326,2.5177988431171574,0.8136734531451227
35,PALADIN,capacity_bonus_h,2.106387366431948,2.5177988431171574,0.8365987506071526
35,RANGER,capacity_bonus_h,2.1073368848517933,2.5177988431171574,0.8369758730378983
35,ROGUE,capacity_bonus_h,2.0986894506696427,2.5177988431171574,0.8335413515685642
35,WARRIOR,capacity_bonus_h,2.5177988431171574,2.5177988431171574,1.0
35,CLERIC,proc_bonus_pp,4.40002411337494,4.40002411337494,1.0
35,MAGE,proc_bonus_pp,4.40002411337494,4.40002411337494,1.0
35,PALADIN,proc_bonus_pp,3.306369342998542,4.40002411337494,0.7514434598092385
35,RANGER,proc_bonus_pp,3.843589923996886,4.40002411337494,0.8735383772814704
35,ROGUE,proc_bonus_pp,3.3701674871388096,4.40002411337494,0.7659429585611517
35,WARRIOR,proc_bonus_pp,3.2823656354601765,4.40002411337494,0.7459881016294049
35,CLERIC,search_reduction_pct,7.229401861754803,11.465686274509803,0.6305250020512954
35,MAGE,search_reduction_pct,7.229401861754803,11.465686274509803,0.6305250020512954
35,PALADIN,search_reduction_pct,7.4945533769063175,11.465686274509803,0.6536506579259893
35,RANGER,search_reduction_pct,11.465686274509803,11.465686274509803,1.0
35,ROGUE,search_reduction_pct,11.18656689635372,11.465686274509803,0.9756561123797174
35,WARRIOR,search_reduction_pct,7.4945533769063175,11.465686274509803,0.6536506579259893
35,CLERIC,sale_bonus_pct,10.274939573720062,13.890026445354275,0.7397350619988681
35,MAGE,sale_bonus_pct,10.274939573720062,13.890026445354275,0.7397350619988681
35,PALADIN,sale_bonus_pct,13.890026445354275,13.890026445354275,1.0
35,RANGER,sale_bonus_pct,10.274939573720062,13.890026445354275,0.7397350619988681
35,ROGUE,sale_bonus_pct,9.904841535276319,13.890026445354275,0.7130901855546243
35,WARRIOR,sale_bonus_pct,10.042839657282743,13.890026445354275,0.7230252366180138
36,CLERIC,capacity_bonus_h,2.099453964489648,2.5699970255775724,0.8169091028491848
36,MAGE,capacity_bonus_h,2.094253211218051,2.5699970255775724,0.8148854611018065
36,PALADIN,capacity_bonus_h,2.149502688618784,2.5699970255775724,0.8363833371113384
36,RANGER,capacity_bonus_h,2.1512805799477044,2.5699970255775724,0.837075124421295
36,ROGUE,capacity_bonus_h,2.1403216452491645,2.5699970255775724,0.8328109425605875
36,WARRIOR,capacity_bonus_h,2.5699970255775724,2.5699970255775724,1.0
36,CLERIC,proc_bonus_pp,4.543522344020291,4.543522344020291,1.0
36,MAGE,proc_bonus_pp,4.543522344020291,4.543522344020291,1.0
36,PALADIN,proc_bonus_pp,3.401594389314269,4.543522344020291,0.7486690131041376
36,RANGER,proc_bonus_pp,3.9699215142485116,4.543522344020291,0.8737541523204585
36,ROGUE,proc_bonus_pp,3.4764657357005775,4.543522344020291,0.765147714146479
36,WARRIOR,proc_bonus_pp,3.3782686775704027,4.543522344020291,0.7435351742060929
36,CLERIC,search_reduction_pct,7.4477813715493255,11.662354083612474,0.6386173252975301
36,MAGE,search_reduction_pct,7.4477813715493255,11.662354083612474,0.6386173252975301
36,PALADIN,search_reduction_pct,7.542367584556591,11.662354083612474,0.6467277129884831
36,RANGER,search_reduction_pct,11.662354083612474,11.662354083612474,1.0
36,ROGUE,search_reduction_pct,11.29245702092762,11.662354083612474,0.9682828132268235
36,WARRIOR,search_reduction_pct,7.542367584556591,11.662354083612474,0.6467277129884831
36,CLERIC,sale_bonus_pct,10.33591518347616,14.033297004247709,0.7365279292776035
36,MAGE,sale_bonus_pct,10.33591518347616,14.033297004247709,0.7365279292776035
36,PALADIN,sale_bonus_pct,14.033297004247709,14.033297004247709,1.0
36,RANGER,sale_bonus_pct,10.33591518347616,14.033297004247709,0.7365279292776035
36,ROGUE,sale_bonus_pct,10.015197568389059,14.033297004247709,0.7136738832904043
36,WARRIOR,sale_bonus_pct,10.10381526703884,14.033297004247709,0.7199887000168625
37,CLERIC,capacity_bonus_h,2.1426759640923874,2.6210040923844535,0.8175019529035119
37,MAGE,capacity_bonus_h,2.1377093941166563,2.6210040923844535,0.8156070417165504
37,PALADIN,capacity_bonus_h,2.192892210932958,2.6210040923844535,0.8366611167470472
37,RANGER,capacity_bonus_h,2.1923270457976693,2.6210040923844535,0.8364454875013965
37,ROGUE,capacity_bonus_h,2.1847095939842247,2.6210040923844535,0.8335391769635465
37,WARRIOR,capacity_bonus_h,2.6210040923844535,2.6210040923844535,1.0
37,CLERIC,proc_bonus_pp,4.683339819540417,4.683339819540417,1.0
37,MAGE,proc_bonus_pp,4.683339819540417,4.683339819540417,1.0
37,PALADIN,proc_bonus_pp,3.5020109207960584,4.683339819540417,0.7477593033468402
37,RANGER,proc_bonus_pp,4.093502325556359,4.683339819540417,0.8740562255330984
37,ROGUE,proc_bonus_pp,3.579146748989897,4.683339819540417,0.7642295641363739
37,WARRIOR,proc_bonus_pp,3.479387655977705,4.683339819540417,0.7429287196843091
37,CLERIC,search_reduction_pct,7.557533612653654,11.759804736679575,0.6426580867521744
37,MAGE,search_reduction_pct,7.557533612653654,11.759804736679575,0.6426580867521744
37,PALADIN,search_reduction_pct,7.608355518191584,11.759804736679575,0.6469797491161262
37,RANGER,search_reduction_pct,11.759804736679575,11.759804736679575,1.0
37,ROGUE,search_reduction_pct,11.535268242095553,11.759804736679575,0.9809064436347588
37,WARRIOR,search_reduction_pct,7.608355518191584,11.759804736679575,0.6469797491161262
37,CLERIC,sale_bonus_pct,10.393987192767682,14.095923156312892,0.7373754153953875
37,MAGE,sale_bonus_pct,10.393987192767682,14.095923156312892,0.7373754153953875
37,PALADIN,sale_bonus_pct,14.095923156312892,14.095923156312892,1.0
37,RANGER,sale_bonus_pct,10.393987192767682,14.095923156312892,0.7373754153953875
37,ROGUE,sale_bonus_pct,10.155538257510235,14.095923156312892,0.7204592522882798
37,WARRIOR,sale_bonus_pct,10.10381526703884,14.095923156312892,0.7167898941414009
38,CLERIC,capacity_bonus_h,2.1650102608478274,2.646312712436525,0.8181233648892725
38,MAGE,capacity_bonus_h,2.1601624506964185,2.646312712436525,0.8162914535929898
38,PALADIN,capacity_bonus_h,2.2154610413571367,2.646312712436525,0.8371879222532652
38,RANGER,capacity_bonus_h,2.2146893540587977,2.646312712436525,0.8368963137465636
38,ROGUE,capacity_bonus_h,2.2062407288822605,2.646312712436525,0.8337037110217109
38,WARRIOR,capacity_bonus_h,2.646312712436525,2.646312712436525,1.0
38,CLERIC,proc_bonus_pp,4.746517128659546,4.746517128659546,1.0
38,MAGE,proc_bonus_pp,4.746517128659546,4.746517128659546,1.0
38,PALADIN,proc_bonus_pp,3.5522400123092126,4.746517128659546,0.7483887482172414
38,RANGER,proc_bonus_pp,4.147471505983243,4.746517128659546,0.8737925922442678
38,ROGUE,proc_bonus_pp,3.632091240479048,4.746517128659546,0.7652118684136676
38,WARRIOR,proc_bonus_pp,3.529965808674513,4.746517128659546,0.7436960012975669
38,CLERIC,search_reduction_pct,7.557533612653654,11.80504189512326,0.6401954080125477
38,MAGE,search_reduction_pct,7.557533612653654,11.80504189512326,0.6401954080125477
38,PALADIN,search_reduction_pct,7.671853341123369,11.80504189512326,0.6498793828332504
38,RANGER,search_reduction_pct,11.80504189512326,11.80504189512326,1.0
38,ROGUE,search_reduction_pct,11.682922758029637,11.80504189512326,0.9896553406435541
38,WARRIOR,search_reduction_pct,7.671853341123369,11.80504189512326,0.6498793828332504
38,CLERIC,sale_bonus_pct,10.393987192767682,14.137744841970195,0.7351941422730619
38,MAGE,sale_bonus_pct,10.393987192767682,14.137744841970195,0.7351941422730619
38,PALADIN,sale_bonus_pct,14.137744841970195,14.137744841970195,1.0
38,RANGER,sale_bonus_pct,10.436504199570402,14.137744841970195,0.7382014823600397
38,ROGUE,sale_bonus_pct,10.155538257510235,14.137744841970195,0.7183280198523507
38,WARRIOR,sale_bonus_pct,10.10381526703884,14.137744841970195,0.714669516247317
39,CLERIC,capacity_bonus_h,2.2066724286352875,2.6926804332277143,0.8195077296974861
39,MAGE,capacity_bonus_h,2.202041530614917,2.6926804332277143,0.817787919963206
39,PALADIN,capacity_bonus_h,2.2547634727525145,2.6926804332277143,0.8373676448674345
39,RANGER,capacity_bonus_h,2.257507103019586,2.6926804332277143,0.8383865664718014
39,ROGUE,capacity_bonus_h,2.24882244195982,2.6926804332277143,0.8351612817508233
39,WARRIOR,capacity_bonus_h,2.6926804332277143,2.6926804332277143,1.0
39,CLERIC,proc_bonus_pp,4.872609943962748,4.872609943962748,1.0
39,MAGE,proc_bonus_pp,4.872609943962748,4.872609943962748,1.0
39,PALADIN,proc_bonus_pp,3.647368452509022,4.872609943962748,0.7485451317580176
39,RANGER,proc_bonus_pp,4.2572267744089185,4.872609943962748,0.8737056368904923
39,ROGUE,proc_bonus_pp,3.7171026392730377,4.872609943962748,0.7628565967769687
39,WARRIOR,proc_bonus_pp,3.625746646851317,4.872609943962748,0.7441077140483372
39,CLERIC,search_reduction_pct,7.608673297048745,11.871114996114997,0.6409400717235744
39,MAGE,search_reduction_pct,7.608673297048745,11.871114996114997,0.6409400717235744
39,PALADIN,search_reduction_pct,7.791921951758018,11.871114996114997,0.656376587566378
39,RANGER,search_reduction_pct,11.871114996114997,11.871114996114997,1.0
39,ROGUE,search_reduction_pct,11.800548000679285,11.871114996114997,0.9940555714051456
39,WARRIOR,search_reduction_pct,7.791921951758018,11.871114996114997,0.656376587566378
39,CLERIC,sale_bonus_pct,10.393987192767682,14.2822270800212,0.7277567521179795
39,MAGE,sale_bonus_pct,10.393987192767682,14.2822270800212,0.7277567521179795
39,PALADIN,sale_bonus_pct,14.2822270800212,14.2822270800212,1.0
39,RANGER,sale_bonus_pct,10.436504199570402,14.2822270800212,0.7307336692727414
39,ROGUE,sale_bonus_pct,10.349660951632929,14.2822270800212,0.7246531576374828
39,WARRIOR,sale_bonus_pct,10.217644999416503,14.2822270800212,0.7154097846343259
40,CLERIC,capacity_bonus_h,2.2465965653791313,2.739069661384939,0.8202042456427335
40,MAGE,capacity_bonus_h,2.242170592547207,2.739069661384939,0.8185883784399671
40,PALADIN,capacity_bonus_h,2.296094984360172,2.739069661384939,0.8382754979656895
40,RANGER,capacity_bonus_h,2.2979510874583795,2.739069661384939,0.8389531379411799
40,ROGUE,capacity_bonus_h,2.285717929517926,2.739069661384939,0.8344869653158848
40,WARRIOR,capacity_bonus_h,2.739069661384939,2.739069661384939,1.0
40,CLERIC,proc_bonus_pp,5.000354732377316,5.000354732377316,1.0
40,MAGE,proc_bonus_pp,5.000354732377316,5.000354732377316,1.0
40,PALADIN,proc_bonus_pp,3.7421613340925175,5.000354732377316,0.7483791719539433
40,RANGER,proc_bonus_pp,4.370275515470561,5.000354732377316,0.873993096364346
40,ROGUE,proc_bonus_pp,3.812505849799768,5.000354732377316,0.7624470770271113
40,WARRIOR,proc_bonus_pp,3.721179442909549,5.000354732377316,0.7441830914144746
40,CLERIC,search_reduction_pct,7.658108325297332,11.997104551738214,0.6383297146633417
40,MAGE,search_reduction_pct,7.658108325297332,11.997104551738214,0.6383297146633417
40,PALADIN,search_reduction_pct,7.896554341226473,11.997104551738214,0.6582050116486124
40,RANGER,search_reduction_pct,11.997104551738214,11.997104551738214,1.0
40,ROGUE,search_reduction_pct,11.828237874097006,11.997104551738214,0.9859243805942541
40,WARRIOR,search_reduction_pct,7.896554341226473,11.997104551738214,0.6582050116486124
40,CLERIC,sale_bonus_pct,10.494576208861924,14.417582417582418,0.7279012461939292
40,MAGE,sale_bonus_pct,10.494576208861924,14.417582417582418,0.7279012461939292
40,PALADIN,sale_bonus_pct,14.417582417582418,14.417582417582418,1.0
40,RANGER,sale_bonus_pct,10.535392535392536,14.417582417582418,0.7307322566468908
40,ROGUE,sale_bonus_pct,10.463103946527994,14.417582417582418,0.7257183377546094
40,WARRIOR,sale_bonus_pct,10.38393561193137,14.417582417582418,0.7202272413763374
41,CLERIC,capacity_bonus_h,2.2867913088807224,2.781799544142397,0.822054670939893
41,MAGE,capacity_bonus_h,2.2825654424525257,2.781799544142397,0.820535558451326
41,PALADIN,capacity_bonus_h,2.3340299108376996,2.781799544142397,0.8390359814935046
41,RANGER,capacity_bonus_h,2.337991441462506,2.781799544142397,0.8404600706710113
41,ROGUE,capacity_bonus_h,2.324802897949198,2.781799544142397,0.8357190592127707
41,WARRIOR,capacity_bonus_h,2.781799544142397,2.781799544142397,1.0
41,CLERIC,proc_bonus_pp,5.122939077519361,5.122939077519361,1.0
41,MAGE,proc_bonus_pp,5.122939077519361,5.122939077519361,1.0
41,PALADIN,proc_bonus_pp,3.8387967463040407,5.122939077519361,0.7493348424051277
41,RANGER,proc_bonus_pp,4.482283049763009,5.122939077519361,0.8749436567442898
41,ROGUE,proc_bonus_pp,3.9052353488870555,5.122939077519361,0.7623036873548095
41,WARRIOR,proc_bonus_pp,3.8184558297404143,5.122939077519361,0.7453642863911225
41,CLERIC,search_reduction_pct,7.704380139152435,12.085481024804604,0.6374905660221329
41,MAGE,search_reduction_pct,7.704380139152435,12.085481024804604,0.6374905660221329
41,PALADIN,search_reduction_pct,8.043922530340188,12.085481024804604,0.6655856323658611
41,RANGER,search_reduction_pct,12.085481024804604,12.085481024804604,1.0
41,ROGUE,search_reduction_pct,12.017124771434707,12.085481024804604,0.9943439360643072
41,WARRIOR,search_reduction_pct,8.043922530340188,12.085481024804604,0.6655856323658611
41,CLERIC,sale_bonus_pct,10.494576208861924,14.506860098965364,0.7234216182735782
41,MAGE,sale_bonus_pct,10.494576208861924,14.506860098965364,0.7234216182735782
41,PALADIN,sale_bonus_pct,14.506860098965364,14.506860098965364,1.0
41,RANGER,sale_bonus_pct,10.574608221667045,14.506860098965364,0.7289384573593035
41,ROGUE,sale_bonus_pct,10.51847493213154,14.506860098965364,0.7250690266794344
41,WARRIOR,sale_bonus_pct,10.38393561193137,14.506860098965364,0.7157948405852455
42,CLERIC,capacity_bonus_h,2.3269945343888,2.8239323996502708,0.8240262885460664
42,MAGE,capacity_bonus_h,2.322963834297616,2.8239323996502708,0.8225989526467783
42,PALADIN,capacity_bonus_h,2.3733450753621144,2.8239323996502708,0.8404397625297407
42,RANGER,capacity_bonus_h,2.377003508550566,2.8239323996502708,0.8417352727157864
42,ROGUE,capacity_bonus_h,2.3613273577133653,2.8239323996502708,0.8361840949187748
42,WARRIOR,capacity_bonus_h,2.8239323996502708,2.8239323996502708,1.0
42,CLERIC,proc_bonus_pp,5.238578664698743,5.238578664698743,1.0
42,MAGE,proc_bonus_pp,5.238578664698743,5.238578664698743,1.0
42,PALADIN,proc_bonus_pp,3.9294218922143944,5.238578664698743,0.7500931347454273
42,RANGER,proc_bonus_pp,4.587524369823063,5.238578664698743,0.8757192863661769
42,ROGUE,proc_bonus_pp,3.9931067506951754,5.238578664698743,0.7622500312162075
42,WARRIOR,proc_bonus_pp,3.909675069422718,5.238578664698743,0.7463236346471
42,CLERIC,search_reduction_pct,7.7592047005559435,12.163418458781363,0.6379131595981717
42,MAGE,search_reduction_pct,7.7592047005559435,12.163418458781363,0.6379131595981717
42,PALADIN,search_reduction_pct,8.133528265107213,12.163418458781363,0.6686876960345982
42,RANGER,search_reduction_pct,12.163418458781363,12.163418458781363,1.0
42,ROGUE,search_reduction_pct,12.098773833140248,12.163418458781363,0.9946853242071562
42,WARRIOR,search_reduction_pct,8.133528265107213,12.163418458781363,0.6686876960345982
42,CLERIC,sale_bonus_pct,10.590763520996079,14.57784775328635,0.7264970591155032
42,MAGE,sale_bonus_pct,10.590763520996079,14.57784775328635,0.7264970591155032
42,PALADIN,sale_bonus_pct,14.57784775328635,14.57784775328635,1.0
42,RANGER,sale_bonus_pct,10.667686597919158,14.57784775328635,0.7317737692461695
42,ROGUE,sale_bonus_pct,10.633924928600573,14.57784775328635,0.729457812193389
42,WARRIOR,sale_bonus_pct,10.543632075836612,14.57784775328635,0.7232639724516065
43,CLERIC,capacity_bonus_h,2.3617432634106508,2.862463980024673,0.8250735310179497
43,MAGE,capacity_bonus_h,2.3578779226025044,2.862463980024673,0.8237231766256778
43,PALADIN,capacity_bonus_h,2.408816201506719,2.862463980024673,0.8415184324820592
43,RANGER,capacity_bonus_h,2.413273246659337,2.862463980024673,0.8430754984167648
43,ROGUE,capacity_bonus_h,2.39535354343459,2.862463980024673,0.8368152613099233
43,WARRIOR,capacity_bonus_h,2.862463980024673,2.862463980024673,1.0
43,CLERIC,proc_bonus_pp,5.358377298364332,5.358377298364332,1.0
43,MAGE,proc_bonus_pp,5.358377298364332,5.358377298364332,1.0
43,PALADIN,proc_bonus_pp,4.014504692425032,5.358377298364332,0.7492015714627778
43,RANGER,proc_bonus_pp,4.697685528003165,5.358377298364332,0.8766992815972764
43,ROGUE,proc_bonus_pp,4.083167587512507,5.358377298364332,0.7620156924669921
43,WARRIOR,proc_bonus_pp,3.9953059032264786,5.358377298364332,0.7456186230943579
43,CLERIC,search_reduction_pct,7.807018908206217,12.291103285297927,0.6351764139468771
43,MAGE,search_reduction_pct,7.807018908206217,12.291103285297927,0.6351764139468771
43,PALADIN,search_reduction_pct,8.133528265107213,12.291103285297927,0.6617411046277821
43,RANGER,search_reduction_pct,12.291103285297927,12.291103285297927,1.0
43,ROGUE,search_reduction_pct,12.120621523527264,12.291103285297927,0.9861296616086055
43,WARRIOR,search_reduction_pct,8.133528265107213,12.291103285297927,0.6617411046277821
43,CLERIC,sale_bonus_pct,10.717258261933905,14.682626610337454,0.7299278627972674
43,MAGE,sale_bonus_pct,10.717258261933905,14.682626610337454,0.7299278627972674
43,PALADIN,sale_bonus_pct,14.682626610337454,14.682626610337454,1.0
43,RANGER,sale_bonus_pct,10.865406410082054,14.682626610337454,0.7400178931494554
43,ROGUE,sale_bonus_pct,10.633924928600573,14.682626610337454,0.7242522207241617
43,WARRIOR,sale_bonus_pct,10.587958316971363,14.682626610337454,0.7211215403051116
44,CLERIC,capacity_bonus_h,2.397069884593619,2.899363609269449,0.8267572500841339
44,MAGE,capacity_bonus_h,2.393369494370469,2.899363609269449,0.8254809733828193
44,PALADIN,capacity_bonus_h,2.442682411568444,2.899363609269449,0.8424891599518713
44,RANGER,capacity_bonus_h,2.4473059470768277,2.899363609269449,0.8440838324840099
44,ROGUE,capacity_bonus_h,2.429533952762804,2.899363609269449,0.8379542134678901
44,WARRIOR,capacity_bonus_h,2.899363609269449,2.899363609269449,1.0
44,CLERIC,proc_bonus_pp,5.474583206959936,5.474583206959936,1.0
44,MAGE,proc_bonus_pp,5.474583206959936,5.474583206959936,1.0
44,PALADIN,proc_bonus_pp,4.096121973757239,5.474583206959936,0.7482070906420357
44,RANGER,proc_bonus_pp,4.807026051929087,5.474583206959936,0.8780624698183103
44,ROGUE,proc_bonus_pp,4.170468355046611,5.474583206959936,0.7617873721865475
44,WARRIOR,proc_bonus_pp,4.077441643629915,5.474583206959936,0.744794898440157
44,CLERIC,search_reduction_pct,8.008884390463338,12.43692916828605,0.6439599584506642
44,MAGE,search_reduction_pct,8.008884390463338,12.43692916828605,0.6439599584506642
44,PALADIN,search_reduction_pct,8.192450824029772,12.43692916828605,0.6587197461026294
44,RANGER,search_reduction_pct,12.43692916828605,12.43692916828605,1.0
44,ROGUE,search_reduction_pct,12.23209549071618,12.43692916828605,0.983530204699389
44,WARRIOR,search_reduction_pct,8.192450824029772,12.43692916828605,0.6587197461026294
44,CLERIC,sale_bonus_pct,10.80932807082998,14.828197165153687,0.7289711588292026
44,MAGE,sale_bonus_pct,10.80932807082998,14.828197165153687,0.7289711588292026
44,PALADIN,sale_bonus_pct,14.828197165153687,14.828197165153687,1.0
44,RANGER,sale_bonus_pct,10.918260532703618,14.828197165153687,0.7363174640246601
44,ROGUE,sale_bonus_pct,10.686779051222137,14.828197165153687,0.7207065654843128
44,WARRIOR,sale_bonus_pct,10.710132890365449,14.828197165153687,0.7222815269501741
45,CLERIC,capacity_bonus_h,2.431590741188103,2.935006677407242,0.8284787765239934
45,MAGE,capacity_bonus_h,2.428048607763402,2.935006677407242,0.8272719194997941
45,PALADIN,capacity_bonus_h,2.4755503331286968,2.935006677407242,0.8434564569084986
45,RANGER,capacity_bonus_h,2.481847857018192,2.935006677407242,0.8456021160437815
45,ROGUE,capacity_bonus_h,2.460928512204279,2.935006677407242,0.8384745871781937
45,WARRIOR,capacity_bonus_h,2.935006677407242,2.935006677407242,1.0
45,CLERIC,proc_bonus_pp,5.584798900689018,5.584798900689018,1.0
45,MAGE,proc_bonus_pp,5.584798900689018,5.584798900689018,1.0
45,PALADIN,proc_bonus_pp,4.179275296856186,5.584798900689018,0.7483304898123679
45,RANGER,proc_bonus_pp,4.909905661004948,5.584798900689018,0.8791553193435836
45,ROGUE,proc_bonus_pp,4.26146492506734,5.584798900689018,0.76304715726498
45,WARRIOR,proc_bonus_pp,4.161117099800797,5.584798900689018,0.7450791288630687
45,CLERIC,search_reduction_pct,8.105221227527263,12.57926122158033,0.644332054542469
45,MAGE,search_reduction_pct,8.105221227527263,12.57926122158033,0.644332054542469
45,PALADIN,search_reduction_pct,8.192450824029772,12.57926122158033,0.6512664519578644
45,RANGER,search_reduction_pct,12.57926122158033,12.57926122158033,1.0
45,ROGUE,search_reduction_pct,12.332514344281925,12.57926122158033,0.9803846288782764
45,WARRIOR,search_reduction_pct,8.192450824029772,12.57926122158033,0.6512664519578644
45,CLERIC,sale_bonus_pct,10.85983312133503,14.95112272551297,0.7263556938639489
45,MAGE,sale_bonus_pct,10.85983312133503,14.95112272551297,0.7263556938639489
45,PALADIN,sale_bonus_pct,14.95112272551297,14.95112272551297,1.0
45,RANGER,sale_bonus_pct,10.968765583208668,14.95112272551297,0.7336415990012103
45,ROGUE,sale_bonus_pct,10.754255434487995,14.95112272551297,0.719294171543162
45,WARRIOR,sale_bonus_pct,10.884551495016613,14.95112272551297,0.7280089726267139
46,CLERIC,capacity_bonus_h,2.4660772471324695,2.9694741443091486,0.8304760800354452
46,MAGE,capacity_bonus_h,2.4626891580483323,2.9694741443091486,0.8293351072842157
46,PALADIN,capacity_bonus_h,2.5088035157389457,2.9694741443091486,0.8448645766277993
46,RANGER,capacity_bonus_h,2.5145346863738,2.9694741443091486,0.8467946054330131
46,ROGUE,capacity_bonus_h,2.4931380139384363,2.9694741443091486,0.8395890628367358
46,WARRIOR,capacity_bonus_h,2.9694741443091486,2.9694741443091486,1.0
46,CLERIC,proc_bonus_pp,5.695030817848936,5.695030817848936,1.0
46,MAGE,proc_bonus_pp,5.695030817848936,5.695030817848936,1.0
46,PALADIN,proc_bonus_pp,4.2542244831875475,5.695030817848936,0.74700640246832
46,RANGER,proc_bonus_pp,5.015434405284846,5.695030817848936,0.8806685276514833
46,ROGUE,proc_bonus_pp,4.346475609916589,5.695030817848936,0.7632049323234903
46,WARRIOR,proc_bonus_pp,4.236529330548939,5.695030817848936,0.7438992809786259
46,CLERIC,search_reduction_pct,8.261926042546445,12.701630950664457,0.6504618245198064
46,MAGE,search_reduction_pct,8.261926042546445,12.701630950664457,0.6504618245198064
46,PALADIN,search_reduction_pct,8.23585360180755,12.701630950664457,0.6484091400385641
46,RANGER,search_reduction_pct,12.701630950664457,12.701630950664457,1.0
46,ROGUE,search_reduction_pct,12.420692842893981,12.701630950664457,0.9778817296092374
46,WARRIOR,search_reduction_pct,8.23585360180755,12.701630950664457,0.6484091400385641
46,CLERIC,sale_bonus_pct,10.85983312133503,15.014616704114422,0.7232840728034791
46,MAGE,sale_bonus_pct,10.85983312133503,15.014616704114422,0.7232840728034791
46,PALADIN,sale_bonus_pct,15.014616704114422,15.014616704114422,1.0
46,RANGER,sale_bonus_pct,10.968765583208668,15.014616704114422,0.7305391672238241
46,ROGUE,sale_bonus_pct,10.754255434487995,15.014616704114422,0.7162524123270513
46,WARRIOR,sale_bonus_pct,10.99277660324172,15.014616704114422,0.7321383435801857
47,CLERIC,capacity_bonus_h,2.512685227178396,3.0168964443789603,0.8328708901692653
47,MAGE,capacity_bonus_h,2.5094994227791227,3.0168964443789603,0.8318149028465287
47,PALADIN,capacity_bonus_h,2.5543245169991597,3.0168964443789603,0.8466729183755517
47,RANGER,capacity_bonus_h,2.5621397728895383,3.0168964443789603,0.8492634136194107
47,ROGUE,capacity_bonus_h,2.539478012412011,3.0168964443789603,0.8417517999809145
47,WARRIOR,capacity_bonus_h,3.0168964443789603,3.0168964443789603,1.0
47,CLERIC,proc_bonus_pp,5.852952388735948,5.852952388735948,1.0
47,MAGE,proc_bonus_pp,5.852952388735947,5.852952388735948,0.9999999999999999
47,PALADIN,proc_bonus_pp,4.373949062539983,5.852952388735948,0.7473064484443238
47,RANGER,proc_bonus_pp,5.16481609401264,5.852952388735948,0.882429199996974
47,ROGUE,proc_bonus_pp,4.4712018837859215,5.852952388735948,0.763922476524973
47,WARRIOR,proc_bonus_pp,4.356982581967788,5.852952388735948,0.7444076583217788
47,CLERIC,search_reduction_pct,8.323072094258535,12.851221105938087,0.6476483460713894
47,MAGE,search_reduction_pct,8.323072094258535,12.851221105938087,0.6476483460713894
47,PALADIN,search_reduction_pct,8.332190438871475,12.851221105938087,0.6483578774488185
47,RANGER,search_reduction_pct,12.851221105938087,12.851221105938087,1.0
47,ROGUE,search_reduction_pct,12.561534263232756,12.851221105938087,0.9774584189068635
47,WARRIOR,search_reduction_pct,8.332190438871475,12.851221105938087,0.6483578774488185
47,CLERIC,sale_bonus_pct,10.980163627222451,15.134320246945785,0.7255141590808035
47,MAGE,sale_bonus_pct,10.980163627222451,15.134320246945785,0.7255141590808035
47,PALADIN,sale_bonus_pct,15.134320246945785,15.134320246945785,1.0
47,RANGER,sale_bonus_pct,11.08909608909609,15.134320246945785,0.7327118699853037
47,ROGUE,sale_bonus_pct,10.754255434487995,15.134320246945785,0.7105872783852503
47,WARRIOR,sale_bonus_pct,11.04328165374677,15.134320246945785,0.7296846818062664
48,CLERIC,capacity_bonus_h,2.542883198179468,3.0468369373683597,0.834597732156887
48,MAGE,capacity_bonus_h,2.539825256683404,3.0468369373683597,0.8335940875382467
48,PALADIN,capacity_bonus_h,2.5832964397107094,3.0468369373683597,0.8478617309733604
48,RANGER,capacity_bonus_h,2.592147816651257,3.0468369373683597,0.8507668345684982
48,ROGUE,capacity_bonus_h,2.5689338868921894,3.0468369373683597,0.8431478085962326
48,WARRIOR,capacity_bonus_h,3.0468369373683597,3.0468369373683597,1.0
48,CLERIC,proc_bonus_pp,5.951842932390983,5.951842932390983,1.0
48,MAGE,proc_bonus_pp,5.951842932390983,5.951842932390983,1.0
48,PALADIN,proc_bonus_pp,4.448337586420539,5.951842932390983,0.7473882689699183
48,RANGER,proc_bonus_pp,5.260001225321249,5.951842932390983,0.8837600865935811
48,ROGUE,proc_bonus_pp,4.551028433570558,5.951842932390983,0.76464189080042
48,WARRIOR,proc_bonus_pp,4.43181609417519,5.951842932390983,0.7446124073699025
48,CLERIC,search_reduction_pct,8.456702441077441,12.956552706552706,0.6526969505399773
48,MAGE,search_reduction_pct,8.456702441077441,12.956552706552706,0.6526969505399773
48,PALADIN,search_reduction_pct,8.374257746563782,12.956552706552706,0.6463337846284178
48,RANGER,search_reduction_pct,12.956552706552706,12.956552706552706,1.0
48,ROGUE,search_reduction_pct,12.625924977766088,12.956552706552706,0.9744818134672963
48,WARRIOR,search_reduction_pct,8.374257746563782,12.956552706552706,0.6463337846284178
48,CLERIC,sale_bonus_pct,11.030668677727501,15.250286112355077,0.7233089659079224
48,MAGE,sale_bonus_pct,11.030668677727501,15.250286112355077,0.7233089659079224
48,PALADIN,sale_bonus_pct,15.250286112355077,15.250286112355077,1.0
48,RANGER,sale_bonus_pct,11.13960113960114,15.250286112355077,0.7304519441491888
48,ROGUE,sale_bonus_pct,10.860875005393279,15.250286112355077,0.7121751634937721
48,WARRIOR,sale_bonus_pct,11.134107839293453,15.250286112355077,0.7300917344936311
49,CLERIC,capacity_bonus_h,2.5852817266779087,3.08995566427487,0.8366727576606201
49,MAGE,capacity_bonus_h,2.5823993218735914,3.08995566427487,0.8357399271874704
49,PALADIN,capacity_bonus_h,2.625150454687475,3.08995566427487,0.8495754437640216
49,RANGER,capacity_bonus_h,2.633445494466746,3.08995566427487,0.8522599611747973
49,ROGUE,capacity_bonus_h,2.6132866474773544,3.08995566427487,0.8457359688656318
49,WARRIOR,capacity_bonus_h,3.08995566427487,3.08995566427487,1.0
49,CLERIC,proc_bonus_pp,6.096967488537404,6.096967488537404,1.0
49,MAGE,proc_bonus_pp,6.096967488537403,6.096967488537404,0.9999999999999999
49,PALADIN,proc_bonus_pp,4.568649595431331,6.096967488537404,0.7493314674911117
49,RANGER,proc_bonus_pp,5.400680721279679,6.096967488537404,0.8857978546602425
49,ROGUE,proc_bonus_pp,4.667738454793792,6.096967488537404,0.7655836222793327
49,WARRIOR,proc_bonus_pp,4.552837241828664,6.096967488537404,0.7467379890721445
49,CLERIC,search_reduction_pct,8.572443181818182,13.05012001785773,0.6568861566091106
49,MAGE,search_reduction_pct,8.572443181818182,13.05012001785773,0.6568861566091106
49,PALADIN,search_reduction_pct,8.425397430958872,13.05012001785773,0.6456183866071419
49,RANGER,search_reduction_pct,13.05012001785773,13.05012001785773,1.0
49,ROGUE,search_reduction_pct,12.826554232804234,13.05012001785773,0.982868679770947
49,WARRIOR,search_reduction_pct,8.425397430958872,13.05012001785773,0.6456183866071419
49,CLERIC,sale_bonus_pct,11.11668524712003,15.35103280724563,0.72416529797741
49,MAGE,sale_bonus_pct,11.11668524712003,15.35103280724563,0.72416529797741
49,PALADIN,sale_bonus_pct,15.35103280724563,15.35103280724563,1.0
49,RANGER,sale_bonus_pct,11.187910318345102,15.35103280724563,0.7288050555832601
49,ROGUE,sale_bonus_pct,11.053359683794467,15.35103280724563,0.7200401316696634
49,WARRIOR,sale_bonus_pct,11.233215430925195,15.35103280724563,0.7317563301423706
50,CLERIC,capacity_bonus_h,2.6142478689740796,3.1172246515319317,0.8386459627442415
50,MAGE,capacity_bonus_h,2.6114826303748453,3.1172246515319317,0.8377588792297841
50,PALADIN,capacity_bonus_h,2.6526234241860958,3.1172246515319317,0.8509567710759917
50,RANGER,capacity_bonus_h,2.662098425596639,3.1172246515319317,0.8539963342996069
50,ROGUE,capacity_bonus_h,2.643089557076049,3.1172246515319317,0.8478983238430142
50,WARRIOR,capacity_bonus_h,3.1172246515319317,3.1172246515319317,1.0
50,CLERIC,proc_bonus_pp,6.190073294099287,6.190073294099287,1.0
50,MAGE,proc_bonus_pp,6.190073294099287,6.190073294099287,1.0
50,PALADIN,proc_bonus_pp,4.642940291075838,6.190073294099287,0.7500622481323025
50,RANGER,proc_bonus_pp,5.492672874576441,6.190073294099287,0.8873356765924492
50,ROGUE,proc_bonus_pp,4.739233590411607,6.190073294099287,0.7656183320041301
50,WARRIOR,proc_bonus_pp,4.6275575701485305,6.190073294099287,0.7475771853234385
50,CLERIC,search_reduction_pct,8.620257389468456,13.132673380707939,0.6563977599665063
50,MAGE,search_reduction_pct,8.620257389468456,13.132673380707939,0.6563977599665063
50,PALADIN,search_reduction_pct,8.524282920469362,13.132673380707939,0.6490896920494224
50,RANGER,search_reduction_pct,13.132673380707939,13.132673380707939,1.0
50,ROGUE,search_reduction_pct,12.946222789006296,13.132673380707939,0.985802541013809
50,WARRIOR,search_reduction_pct,8.524282920469362,13.132673380707939,0.6490896920494224
50,CLERIC,sale_bonus_pct,11.11668524712003,15.428728357612755,0.7205185670168921
50,MAGE,sale_bonus_pct,11.11668524712003,15.428728357612755,0.7205185670168921
50,PALADIN,sale_bonus_pct,15.428728357612755,15.428728357612755,1.0
50,RANGER,sale_bonus_pct,11.187910318345102,15.428728357612755,0.7251349598636772
50,ROGUE,sale_bonus_pct,11.150118203309693,15.428728357612755,0.7226854958404959
50,WARRIOR,sale_bonus_pct,11.324536807960856,15.428728357612755,0.7339902904164598
51,CLERIC,capacity_bonus_h,2.6535725545651805,3.156331592140875,0.8407141255920189
51,MAGE,capacity_bonus_h,2.650961484807108,3.156331592140875,0.8398868773508726
51,PALADIN,capacity_bonus_h,2.69269610904769,3.156331592140875,0.8531093867806485
51,RANGER,capacity_bonus_h,2.703853980881606,3.156331592140875,0.8566444627092038
51,ROGUE,capacity_bonus_h,2.6846469519421077,3.156331592140875,0.8505592247109773
51,WARRIOR,capacity_bonus_h,3.156331592140875,3.156331592140875,1.0
51,CLERIC,proc_bonus_pp,6.329837990593198,6.329837990593198,1.0
51,MAGE,proc_bonus_pp,6.329837990593198,6.329837990593198,1.0
51,PALADIN,proc_bonus_pp,4.751167968294162,6.329837990593198,0.750598668615989
51,RANGER,proc_bonus_pp,5.632433131135571,6.329837990593198,0.8898226367730037
51,ROGUE,proc_bonus_pp,4.855948262226887,6.329837990593198,0.767152061307625
51,WARRIOR,proc_bonus_pp,4.736400471386832,6.329837990593198,0.7482656710054222
51,CLERIC,search_reduction_pct,8.850450711650648,13.315640625474026,0.664665783688915
51,MAGE,search_reduction_pct,8.850450711650648,13.315640625474026,0.664665783688915
51,PALADIN,search_reduction_pct,8.703117237953304,13.315640625474026,0.6536010908332456
51,RANGER,search_reduction_pct,13.315640625474026,13.315640625474026,1.0
51,ROGUE,search_reduction_pct,13.083467246075038,13.315640625474026,0.9825638596047103
51,WARRIOR,search_reduction_pct,8.703117237953304,13.315640625474026,0.6536010908332456
51,CLERIC,sale_bonus_pct,11.11668524712003,15.517793694821728,0.7163831061131878
51,MAGE,sale_bonus_pct,11.11668524712003,15.517793694821728,0.7163831061131878
51,PALADIN,sale_bonus_pct,15.517793694821728,15.517793694821728,1.0
51,RANGER,sale_bonus_pct,11.187910318345102,15.517793694821728,0.7209730028875494
51,ROGUE,sale_bonus_pct,11.242753623188406,15.517793694821728,0.7245072234038078
51,WARRIOR,sale_bonus_pct,11.412061672979327,15.517793694821728,0.7354177982651954
52,CLERIC,capacity_bonus_h,2.680652469727634,3.1808578693468785,0.8427451272062177
52,MAGE,capacity_bonus_h,2.6781454155912487,3.1808578693468785,0.8419569580269076
52,PALADIN,capacity_bonus_h,2.718542539719252,3.1808578693468785,0.8546570300789476
52,RANGER,capacity_bonus_h,2.7310893267017495,3.1808578693468785,0.8586014964769616
52,ROGUE,capacity_bonus_h,2.7129273192150634,3.1808578693468785,0.8528917136973823
52,WARRIOR,capacity_bonus_h,3.1808578693468785,3.1808578693468785,1.0
52,CLERIC,proc_bonus_pp,6.41616771297185,6.41616771297185,1.0
52,MAGE,proc_bonus_pp,6.41616771297185,6.41616771297185,1.0
52,PALADIN,proc_bonus_pp,4.827373881607128,6.41616771297185,0.7523765115814247
52,RANGER,proc_bonus_pp,5.720197081961779,6.41616771297185,0.8915286098892028
52,ROGUE,proc_bonus_pp,4.926130203363961,6.41616771297185,0.7677683040305485
52,WARRIOR,proc_bonus_pp,4.813031078516956,6.41616771297185,0.7501410957176569
52,CLERIC,search_reduction_pct,8.888861598393405,13.374340257467036,0.6646205664934133
52,MAGE,search_reduction_pct,8.888861598393405,13.374340257467036,0.6646205664934133
52,PALADIN,search_reduction_pct,8.757941799356812,13.374340257467036,0.6548316874521837
52,RANGER,search_reduction_pct,13.374340257467036,13.374340257467036,1.0
52,ROGUE,search_reduction_pct,13.148180897621154,13.374340257467036,0.9830900548743243
52,WARRIOR,search_reduction_pct,8.757941799356812,13.374340257467036,0.6548316874521837
52,CLERIC,sale_bonus_pct,11.11668524712003,15.567608245599045,0.7140907628031243
52,MAGE,sale_bonus_pct,11.11668524712003,15.567608245599045,0.7140907628031243
52,PALADIN,sale_bonus_pct,15.567608245599045,15.567608245599045,1.0
52,RANGER,sale_bonus_pct,11.221580352015135,15.567608245599045,0.7208287988096996
52,ROGUE,sale_bonus_pct,11.346246239747225,15.567608245599045,0.7288368297008504
52,WARRIOR,sale_bonus_pct,11.456387914114078,15.567608245599045,0.7359118840463366
53,CLERIC,capacity_bonus_h,2.7199725511822956,3.215414668745021,0.8459165710791209
53,MAGE,capacity_bonus_h,2.71761246045979,3.215414668745021,0.8451825784325592
53,PALADIN,capacity_bonus_h,2.7539367734226534,3.215414668745021,0.8564795079750995
53,RANGER,capacity_bonus_h,2.7711655118533267,3.215414668745021,0.8618376779797782
53,ROGUE,capacity_bonus_h,2.7525062513558165,3.215414668745021,0.8560346129260279
53,WARRIOR,capacity_bonus_h,3.215414668745021,3.215414668745021,1.0
53,CLERIC,proc_bonus_pp,6.541124422253942,6.541124422253942,1.0
53,MAGE,proc_bonus_pp,6.541124422253941,6.541124422253942,0.9999999999999999
53,PALADIN,proc_bonus_pp,4.933391712260397,6.541124422253942,0.754211568805543
53,RANGER,proc_bonus_pp,5.842292838350417,6.541124422253942,0.8931633861716514
53,ROGUE,proc_bonus_pp,5.033801416189444,6.541124422253942,0.7695620953277779
53,WARRIOR,proc_bonus_pp,4.919630658612068,6.541124422253942,0.7521077938641106
53,CLERIC,search_reduction_pct,8.888861598393405,13.479912115505336,0.65941539694231
53,MAGE,search_reduction_pct,8.888861598393405,13.479912115505336,0.65941539694231
53,PALADIN,search_reduction_pct,8.843788466219605,13.479912115505336,0.6560716709752873
53,RANGER,search_reduction_pct,13.479912115505336,13.479912115505336,1.0
53,ROGUE,search_reduction_pct,13.237777024205212,13.479912115505336,0.9820373390252591
53,WARRIOR,search_reduction_pct,8.843788466219605,13.479912115505336,0.6560716709752873
53,CLERIC,sale_bonus_pct,11.271367521367521,15.686185764628434,0.718553744708538
53,MAGE,sale_bonus_pct,11.271367521367521,15.686185764628434,0.718553744708538
53,PALADIN,sale_bonus_pct,15.686185764628434,15.686185764628434,1.0
53,RANGER,sale_bonus_pct,11.40873015873016,15.686185764628434,0.7273106623827111
53,ROGUE,sale_bonus_pct,11.465493938826857,15.686185764628434,0.7309293738367535
53,WARRIOR,sale_bonus_pct,11.589466434186932,15.686185764628434,0.7388326651288677
54,CLERIC,capacity_bonus_h,2.7452880819917254,3.2370414625643615,0.8480855477881113
54,MAGE,capacity_bonus_h,2.743020455116561,3.2370414625643615,0.8473850232809682
54,PALADIN,capacity_bonus_h,2.7764313717888784,3.2370414625643615,0.8577064594005568
54,RANGER,capacity_bonus_h,2.7972007089669852,3.2370414625643615,0.864122607422848
54,ROGUE,capacity_bonus_h,2.7769053021401833,3.2370414625643615,0.8578528678901562
54,WARRIOR,capacity_bonus_h,3.2370414625643615,3.2370414625643615,1.0
54,CLERIC,proc_bonus_pp,6.619686953933133,6.619686953933133,1.0
54,MAGE,proc_bonus_pp,6.619686953933133,6.619686953933133,1.0
54,PALADIN,proc_bonus_pp,5.003465478626573,6.619686953933133,0.7558462376613941
54,RANGER,proc_bonus_pp,5.920662821273362,6.619686953933133,0.8944022372169064
54,ROGUE,proc_bonus_pp,5.102308982592382,6.619686953933133,0.7707779866479653
54,WARRIOR,proc_bonus_pp,4.990081046585687,6.619686953933133,0.7538243245204814
54,CLERIC,search_reduction_pct,9.025847949651288,13.618292043224125,0.6627738574707803
54,MAGE,search_reduction_pct,9.025847949651288,13.618292043224125,0.6627738574707803
54,PALADIN,search_reduction_pct,8.882199352962362,13.618292043224125,0.6522256480306399
54,RANGER,search_reduction_pct,13.618292043224125,13.618292043224125,1.0
54,ROGUE,search_reduction_pct,13.321559806124363,13.618292043224125,0.9782107597518146
54,WARRIOR,search_reduction_pct,8.882199352962362,13.618292043224125,0.6522256480306399
54,CLERIC,sale_bonus_pct,11.37486013792634,15.764614800607369,0.7215438043870313
54,MAGE,sale_bonus_pct,11.37486013792634,15.764614800607369,0.7215438043870313
54,PALADIN,sale_bonus_pct,15.764614800607369,15.764614800607369,1.0
54,RANGER,sale_bonus_pct,11.57379912996878,15.764614800607369,0.7341631417167815
54,ROGUE,sale_bonus_pct,11.5494547984856,15.764614800607369,0.7326189028126859
54,WARRIOR,sale_bonus_pct,11.639971484691982,15.764614800607369,0.7383606660813257
55,CLERIC,capacity_bonus_h,2.7783664842124693,3.268692625515527,0.8499931937694126
55,MAGE,capacity_bonus_h,2.7762159255818126,3.268692625515527,0.8493352675349697
55,PALADIN,capacity_bonus_h,2.809729065032144,3.268692625515527,0.8595880331785566
55,RANGER,capacity_bonus_h,2.8328294295804004,3.268692625515527,0.8666551903556904
55,ROGUE,capacity_bonus_h,2.8126866556216883,3.268692625515527,0.8604928568889468
55,WARRIOR,capacity_bonus_h,3.268692625515527,3.268692625515527,1.0
55,CLERIC,proc_bonus_pp,6.7384465031512,6.7384465031512,1.0
55,MAGE,proc_bonus_pp,6.7384465031512,6.7384465031512,1.0
55,PALADIN,proc_bonus_pp,5.10571330275774,6.7384465031512,0.7576988702618741
55,RANGER,proc_bonus_pp,6.038488122692155,6.7384465031512,0.8961246661034241
55,ROGUE,proc_bonus_pp,5.206584226017159,6.7384465031512,0.7726683329135768
55,WARRIOR,proc_bonus_pp,5.092868872806179,6.7384465031512,0.7557927291438055
55,CLERIC,search_reduction_pct,9.195794259732878,13.762055164644252,0.6681992006075924
55,MAGE,search_reduction_pct,9.195794259732878,13.762055164644252,0.6681992006075924
55,PALADIN,search_reduction_pct,8.995303617734756,13.762055164644252,0.6536308356650367
55,RANGER,search_reduction_pct,13.762055164644252,13.762055164644252,1.0
55,ROGUE,search_reduction_pct,13.415636680946882,13.762055164644252,0.9748279977406757
55,WARRIOR,search_reduction_pct,8.995303617734756,13.762055164644252,0.6536308356650367
55,CLERIC,sale_bonus_pct,11.411144608173075,15.841426578911745,0.7203356687183524
55,MAGE,sale_bonus_pct,11.411144608173075,15.841426578911745,0.7203356687183524
55,PALADIN,sale_bonus_pct,15.841426578911745,15.841426578911745,1.0
55,RANGER,sale_bonus_pct,11.57379912996878,15.841426578911745,0.7306033375413253
55,ROGUE,sale_bonus_pct,11.593781039620351,15.841426578911745,0.7318647081351941
55,WARRIOR,sale_bonus_pct,11.639971484691982,15.841426578911745,0.734780508984413
56,CLERIC,capacity_bonus_h,2.8015078243523583,3.2885621833218477,0.8518944353737277
56,MAGE,capacity_bonus_h,2.799437705430047,3.2885621833218477,0.8512649447918527
56,PALADIN,capacity_bonus_h,2.8311352284834648,3.2885621833218477,0.86090366265286
56,RANGER,capacity_bonus_h,2.8560843528797712,3.2885621833218477,0.8684902986978883
56,ROGUE,capacity_bonus_h,2.835638531641337,3.2885621833218477,0.8622730462639442
56,WARRIOR,capacity_bonus_h,3.2885621833218477,3.2885621833218477,1.0
56,CLERIC,proc_bonus_pp,6.8147584277746445,6.8147584277746445,1.0
56,MAGE,proc_bonus_pp,6.8147584277746445,6.8147584277746445,1.0
56,PALADIN,proc_bonus_pp,5.170841143169989,6.8147584277746445,0.7587710111770645
56,RANGER,proc_bonus_pp,6.11632838651988,6.8147584277746445,0.8975121350731671
56,ROGUE,proc_bonus_pp,5.273917177212779,6.8147584277746445,0.7738964239316365
56,WARRIOR,proc_bonus_pp,5.158336507081534,6.8147584277746445,0.7569360765684524
56,CLERIC,search_reduction_pct,9.195794259732878,13.845734374994425,0.664160817380738
56,MAGE,search_reduction_pct,9.195794259732878,13.845734374994425,0.664160817380738
56,PALADIN,search_reduction_pct,9.131451431147172,13.845734374994425,0.6595136945309806
56,RANGER,search_reduction_pct,13.845734374994425,13.845734374994425,1.0
56,ROGUE,search_reduction_pct,13.444124934136033,13.845734374994425,0.9709939949748203
56,WARRIOR,search_reduction_pct,9.131451431147172,13.845734374994425,0.6595136945309806
56,CLERIC,sale_bonus_pct,11.486901535682023,15.90476502274255,0.7222301944893035
56,MAGE,sale_bonus_pct,11.486901535682023,15.90476502274255,0.7222301944893035
56,PALADIN,sale_bonus_pct,15.90476502274255,15.90476502274255,1.0
56,RANGER,sale_bonus_pct,11.614615456499394,15.90476502274255,0.7302601100922532
56,ROGUE,sale_bonus_pct,11.593781039620351,15.90476502274255,0.72895016198241
56,WARRIOR,sale_bonus_pct,11.729096989966555,15.90476502274255,0.7374580494081414
57,CLERIC,capacity_bonus_h,2.833884595476513,3.317426308408964,0.8542419128627585
57,MAGE,capacity_bonus_h,2.8319247847965943,3.317426308408964,0.8536511504771854
57,PALADIN,capacity_bonus_h,2.8637170047700233,3.317426308408964,0.8632345494792499
57,RANGER,capacity_bonus_h,2.888029614381723,3.317426308408964,0.8705633059764394
57,ROGUE,capacity_bonus_h,2.869048017158993,3.317426308408964,0.8648415218407631
57,WARRIOR,capacity_bonus_h,3.317426308408964,3.317426308408964,1.0
57,CLERIC,proc_bonus_pp,6.9223706976739585,6.9223706976739585,1.0
57,MAGE,proc_bonus_pp,6.9223706976739585,6.9223706976739585,1.0
57,PALADIN,proc_bonus_pp,5.271797140090447,6.9223706976739585,0.7615594960642408
57,RANGER,proc_bonus_pp,6.225077236906076,6.9223706976739585,0.8992695578983966
57,ROGUE,proc_bonus_pp,5.379895646487384,6.9223706976739585,0.7771753177412365
57,WARRIOR,proc_bonus_pp,5.259810474046967,6.9223706976739585,0.759827912107388
57,CLERIC,search_reduction_pct,9.279840351441123,13.938226157191675,0.6657834538473911
57,MAGE,search_reduction_pct,9.279840351441123,13.938226157191675,0.6657834538473911
57,PALADIN,search_reduction_pct,9.17485420892495,13.938226157191675,0.6582512082565845
57,RANGER,search_reduction_pct,13.938226157191675,13.938226157191675,1.0
57,ROGUE,search_reduction_pct,13.594003106920042,13.938226157191675,0.975303668745967
57,WARRIOR,search_reduction_pct,9.17485420892495,13.938226157191675,0.6582512082565845
57,CLERIC,sale_bonus_pct,11.535210714425986,15.979687729371141,0.7218670921349687
57,MAGE,sale_bonus_pct,11.535210714425986,15.979687729371141,0.7218670921349687
57,PALADIN,sale_bonus_pct,15.979687729371141,15.979687729371141,1.0
57,RANGER,sale_bonus_pct,11.69214731204055,15.979687729371141,0.7316880974182014
57,ROGUE,sale_bonus_pct,11.636298046423072,15.979687729371141,0.7281930813350758
57,WARRIOR,sale_bonus_pct,11.895176856632727,15.979687729371141,0.7443935737723484
58,CLERIC,capacity_bonus_h,2.865593833258933,3.3442487038930393,0.8568722266149332
58,MAGE,capacity_bonus_h,2.8637396607631183,3.3442487038930393,0.8563177904291147
58,PALADIN,capacity_bonus_h,2.8943465813279277,3.3442487038930393,0.8654698970081439
58,RANGER,capacity_bonus_h,2.9184830417630794,3.3442487038930393,0.8726872012735398
58,ROGUE,capacity_bonus_h,2.90130839031933,3.3442487038930393,0.8675516228628324
58,WARRIOR,capacity_bonus_h,3.3442487038930393,3.3442487038930393,1.0
58,CLERIC,proc_bonus_pp,7.024804686912454,7.024804686912454,1.0
58,MAGE,proc_bonus_pp,7.024804686912454,7.024804686912454,1.0
58,PALADIN,proc_bonus_pp,5.367220326275927,7.024804686912454,0.7640383705294063
58,RANGER,proc_bonus_pp,6.328902605912694,7.024804686912454,0.9009364513299197
58,ROGUE,proc_bonus_pp,5.479698052761337,7.024804686912454,0.7800498799589796
58,WARRIOR,proc_bonus_pp,5.355711413808632,7.024804686912454,0.7624000456249805
58,CLERIC,search_reduction_pct,9.317137879147857,14.002811120705227,0.6653762447292524
58,MAGE,search_reduction_pct,9.317137879147857,14.002811120705227,0.6653762447292524
58,PALADIN,search_reduction_pct,9.290450928381963,14.002811120705227,0.6634704166397458
58,RANGER,search_reduction_pct,14.002811120705227,14.002811120705227,1.0
58,ROGUE,search_reduction_pct,13.704023926839461,14.002811120705227,0.9786623420618761
58,WARRIOR,search_reduction_pct,9.290450928381963,14.002811120705227,0.6634704166397458
58,CLERIC,sale_bonus_pct,11.66616844366205,16.0286132820049,0.727833920402802
58,MAGE,sale_bonus_pct,11.66616844366205,16.0286132820049,0.727833920402802
58,PALADIN,sale_bonus_pct,16.0286132820049,16.0286132820049,1.0
58,RANGER,sale_bonus_pct,11.845005999548786,16.0286132820049,0.7389913145416646
58,ROGUE,sale_bonus_pct,11.732077446363162,16.0286132820049,0.731945879531238
58,WARRIOR,sale_bonus_pct,11.930117457611065,16.0286132820049,0.7443012846909745
59,CLERIC,capacity_bonus_h,2.8853557995043695,3.3610493794438563,0.8584687321617993
59,MAGE,capacity_bonus_h,2.883565775870214,3.3610493794438563,0.8579361533650987
59,PALADIN,capacity_bonus_h,2.9136627319974666,3.3610493794438563,0.866890784115639
59,RANGER,capacity_bonus_h,2.937303351342356,3.3610493794438563,0.8739244859974011
59,ROGUE,capacity_bonus_h,2.920994184029186,3.3610493794438563,0.8690720826340597
59,WARRIOR,capacity_bonus_h,3.3610493794438563,3.3610493794438563,1.0
59,CLERIC,proc_bonus_pp,7.090929638759311,7.090929638759311,1.0
59,MAGE,proc_bonus_pp,7.090929638759311,7.090929638759311,1.0
59,PALADIN,proc_bonus_pp,5.426232373579574,7.090929638759311,0.7652356813582758
59,RANGER,proc_bonus_pp,6.397078224646227,7.090929638759311,0.90214944309693
59,ROGUE,proc_bonus_pp,5.543332894522123,7.090929638759311,0.7817498095344282
59,WARRIOR,proc_bonus_pp,5.415014808143842,7.090929638759311,0.7636537215861161
59,CLERIC,search_reduction_pct,9.396772540983607,14.03979471292555,0.6692955796805627
59,MAGE,search_reduction_pct,9.396772540983607,14.03979471292555,0.6692955796805627
59,PALADIN,search_reduction_pct,9.331243469174504,14.03979471292555,0.6646281986291309
59,RANGER,search_reduction_pct,14.03979471292555,14.03979471292555,1.0
59,ROGUE,search_reduction_pct,13.765778786630445,14.03979471292555,0.9804829107620188
59,WARRIOR,search_reduction_pct,9.331243469174504,14.03979471292555,0.6646281986291309
59,CLERIC,sale_bonus_pct,11.791714352381694,16.0768084017042,0.7334611483664712
59,MAGE,sale_bonus_pct,11.791714352381694,16.0768084017042,0.7334611483664712
59,PALADIN,sale_bonus_pct,16.0768084017042,16.0768084017042,1.0
59,RANGER,sale_bonus_pct,11.938084375800898,16.0768084017042,0.7425655688311505
59,ROGUE,sale_bonus_pct,11.772893772893774,16.0768084017042,0.7322904819619425
59,WARRIOR,sale_bonus_pct,11.930117457611065,16.0768084017042,0.7420700153611602
60,CLERIC,capacity_bonus_h,2.9141281232800247,3.38478794467192,0.8609485057600809
60,MAGE,capacity_bonus_h,2.9124293594740975,3.38478794467192,0.8604466238597387
60,PALADIN,capacity_bonus_h,2.9401354022949016,3.38478794467192,0.8686320828231036
60,RANGER,capacity_bonus_h,2.966065507542043,3.38478794467192,0.8762928597080953
60,ROGUE,capacity_bonus_h,2.95172246396374,3.38478794467192,0.8720553583305332
60,WARRIOR,capacity_bonus_h,3.38478794467192,3.38478794467192,1.0
60,CLERIC,proc_bonus_pp,7.186945372553385,7.186945372553385,1.0
60,MAGE,proc_bonus_pp,7.186945372553385,7.186945372553385,1.0
60,PALADIN,proc_bonus_pp,5.522377743977552,7.186945372553385,0.7683901098048219
60,RANGER,proc_bonus_pp,6.498285588166382,7.186945372553385,0.9041790707054818
60,ROGUE,proc_bonus_pp,5.63196538421324,7.186945372553385,0.7836382624698189
60,WARRIOR,proc_bonus_pp,5.511626125449674,7.186945372553385,0.7668941170053026
60,CLERIC,search_reduction_pct,9.438839848675915,14.098814153966282,0.6694775706381361
60,MAGE,search_reduction_pct,9.438839848675915,14.098814153966282,0.6694775706381361
60,PALADIN,search_reduction_pct,9.382383153569595,14.098814153966282,0.6654732129318933
60,RANGER,search_reduction_pct,14.098814153966282,14.098814153966282,1.0
60,ROGUE,search_reduction_pct,13.902940356744706,14.098814153966282,0.9861070729011295
60,WARRIOR,search_reduction_pct,9.382383153569595,14.098814153966282,0.6654732129318933
60,CLERIC,sale_bonus_pct,11.874252291638605,16.16271803838745,0.7346692718041932
60,MAGE,sale_bonus_pct,11.874252291638605,16.16271803838745,0.7346692718041932
60,PALADIN,sale_bonus_pct,16.16271803838745,16.16271803838745,1.0
60,RANGER,sale_bonus_pct,12.04706335154644,16.16271803838745,0.7453612271731724
60,ROGUE,sale_bonus_pct,11.772893772893774,16.16271803838745,0.7283981410139326
60,WARRIOR,sale_bonus_pct,12.044011888732387,16.16271803838745,0.7451724307834312
61,CLERIC,capacity_bonus_h,2.942717470049594,3.408020213267971,0.8634683147104355
61,MAGE,capacity_bonus_h,2.9411074301078783,3.408020213267971,0.8629958879520943
61,PALADIN,capacity_bonus_h,2.9676687302415186,3.408020213267971,0.8707896504509882
61,RANGER,capacity_bonus_h,2.993643550461236,3.408020213267971,0.8784113247939377
61,ROGUE,capacity_bonus_h,2.9781290504613196,3.408020213267971,0.8738589750339462
61,WARRIOR,capacity_bonus_h,3.408020213267971,3.408020213267971,1.0
61,CLERIC,proc_bonus_pp,7.277205041962137,7.277205041962137,1.0
61,MAGE,proc_bonus_pp,7.277205041962137,7.277205041962137,1.0
61,PALADIN,proc_bonus_pp,5.610635519307677,7.277205041962137,0.7709876919717646
61,RANGER,proc_bonus_pp,6.5949694235064165,7.277205041962137,0.9062503235072004
61,ROGUE,proc_bonus_pp,5.723156020655493,7.277205041962137,0.7864497410275485
61,WARRIOR,proc_bonus_pp,5.600302579289325,7.277205041962137,0.7695677869452099
61,CLERIC,search_reduction_pct,9.485111662531018,14.185531078746251,0.6686469198705061
61,MAGE,search_reduction_pct,9.485111662531018,14.185531078746251,0.6686469198705061
61,PALADIN,search_reduction_pct,9.471393034825871,14.185531078746251,0.6676798339271605
61,RANGER,search_reduction_pct,14.185531078746251,14.185531078746251,1.0
61,ROGUE,search_reduction_pct,14.001543716260066,14.185531078746251,0.9870299277859362
61,WARRIOR,search_reduction_pct,9.471393034825871,14.185531078746251,0.6676798339271605
61,CLERIC,sale_bonus_pct,12.006373256373259,16.23137381731405,0.739701604528757
61,MAGE,sale_bonus_pct,12.006373256373259,16.23137381731405,0.739701604528757
61,PALADIN,sale_bonus_pct,16.23137381731405,16.23137381731405,1.0
61,RANGER,sale_bonus_pct,12.179184316281091,16.23137381731405,0.750348334858108
61,ROGUE,sale_bonus_pct,11.809178243140508,16.23137381731405,0.7275526012803442
61,WARRIOR,sale_bonus_pct,12.15901736045683,16.23137381731405,0.7491058672733403
62,CLERIC,capacity_bonus_h,2.969793791786495,3.4292782322342448,0.8660113267775341
62,MAGE,capacity_bonus_h,2.968265214268921,3.4292782322342448,0.8655655835586824
62,PALADIN,capacity_bonus_h,2.991540144250175,3.4292782322342448,0.8723527056307488
62,RANGER,capacity_bonus_h,3.020952965320705,3.4292782322342448,0.8809296769578514
62,ROGUE,capacity_bonus_h,3.0050165464816656,3.4292782322342448,0.8762825128143178
62,WARRIOR,capacity_bonus_h,3.4292782322342448,3.4292782322342448,1.0
62,CLERIC,proc_bonus_pp,7.364512445134295,7.364512445134295,1.0
62,MAGE,proc_bonus_pp,7.364512445134295,7.364512445134295,1.0
62,PALADIN,proc_bonus_pp,5.700152202913887,7.364512445134295,0.7740026573897577
62,RANGER,proc_bonus_pp,6.686164001260564,7.364512445134295,0.9078895651372124
62,ROGUE,proc_bonus_pp,5.809355909332583,7.364512445134295,0.7888310261693973
62,WARRIOR,proc_bonus_pp,5.690236446614174,7.364512445134295,0.7726562333903979
62,CLERIC,search_reduction_pct,9.52032293013665,14.26723652453741,0.6672857013173636
62,MAGE,search_reduction_pct,9.52032293013665,14.26723652453741,0.6672857013173636
62,PALADIN,search_reduction_pct,9.554418510081778,14.26723652453741,0.6696754829605353
62,RANGER,search_reduction_pct,14.26723652453741,14.26723652453741,1.0
62,ROGUE,search_reduction_pct,14.081332114646997,14.26723652453741,0.986969837531558
62,WARRIOR,search_reduction_pct,9.554418510081778,14.26723652453741,0.6696754829605353
62,CLERIC,sale_bonus_pct,12.115027829313545,16.325206325206324,0.742105648650075
62,MAGE,sale_bonus_pct,12.115027829313545,16.325206325206324,0.742105648650075
62,PALADIN,sale_bonus_pct,16.325206325206324,16.325206325206324,1.0
62,RANGER,sale_bonus_pct,12.28783888922138,16.325206325206324,0.7526911846895804
62,ROGUE,sale_bonus_pct,11.844118844118844,16.325206325206324,0.725511127282439
62,WARRIOR,sale_bonus_pct,12.238284202569918,16.325206325206324,0.7496557139173092
63,CLERIC,capacity_bonus_h,2.987131667318403,3.4428771757372343,0.8676265561749988
63,MAGE,capacity_bonus_h,2.985654320908467,3.4428771757372343,0.8671974539054358
63,PALADIN,capacity_bonus_h,3.0069045472518727,3.4428771757372343,0.8733696829042398
63,RANGER,capacity_bonus_h,3.0375682015481074,3.4428771757372343,0.8822760866854518
63,ROGUE,capacity_bonus_h,3.0227077069962696,3.4428771757372343,0.8779597855822456
63,WARRIOR,capacity_bonus_h,3.4428771757372343,3.4428771757372343,1.0
63,CLERIC,proc_bonus_pp,7.421554304041525,7.421554304041525,1.0
63,MAGE,proc_bonus_pp,7.421554304041525,7.421554304041525,1.0
63,PALADIN,proc_bonus_pp,5.757389488654907,7.421554304041525,0.775765998979436
63,RANGER,proc_bonus_pp,6.748623425848837,7.421554304041525,0.9093275005983272
63,ROGUE,proc_bonus_pp,5.8666502295587915,7.421554304041525,0.7904880823096604
63,WARRIOR,proc_bonus_pp,5.747735375510862,7.421554304041525,0.7744651780531797
63,CLERIC,search_reduction_pct,9.605918338312705,14.291143628362548,0.6721588270408653
63,MAGE,search_reduction_pct,9.605918338312705,14.291143628362548,0.6721588270408653
63,PALADIN,search_reduction_pct,9.589629777687412,14.291143628362548,0.6710190609697324
63,RANGER,search_reduction_pct,14.291143628362548,14.291143628362548,1.0
63,ROGUE,search_reduction_pct,14.213227922948416,14.291143628362548,0.9945479726857199
63,WARRIOR,search_reduction_pct,9.589629777687412,14.291143628362548,0.6710190609697324
63,CLERIC,sale_bonus_pct,12.115027829313545,16.35672707706606,0.7406755503244994
63,MAGE,sale_bonus_pct,12.115027829313545,16.35672707706606,0.7406755503244994
63,PALADIN,sale_bonus_pct,16.35672707706606,16.35672707706606,1.0
63,RANGER,sale_bonus_pct,12.28783888922138,16.35672707706606,0.7512406871696409
63,ROGUE,sale_bonus_pct,11.877788877788877,16.35672707706606,0.7261714902881059
63,WARRIOR,sale_bonus_pct,12.271954236239951,16.35672707706606,0.7502695483283197
64,CLERIC,capacity_bonus_h,3.0130379335196573,3.462888069923994,0.8700939425933537
64,MAGE,capacity_bonus_h,3.0116354737634947,3.462888069923994,0.8696889454557497
64,PALADIN,capacity_bonus_h,3.0309617877721466,3.462888069923994,0.8752699268846632
64,RANGER,capacity_bonus_h,3.062208684675319,3.462888069923994,0.8842932901214248
64,ROGUE,capacity_bonus_h,3.0487236522168244,3.462888069923994,0.880399132358829
64,WARRIOR,capacity_bonus_h,3.462888069923994,3.462888069923994,1.0
64,CLERIC,proc_bonus_pp,7.502819768220615,7.502819768220615,1.0
64,MAGE,proc_bonus_pp,7.502819768220615,7.502819768220615,1.0
64,PALADIN,proc_bonus_pp,5.839129703753811,7.502819768220615,0.7782580262005456
64,RANGER,proc_bonus_pp,6.838841943916572,7.502819768220615,0.9115028956024739
64,ROGUE,proc_bonus_pp,5.949149833410495,7.502819768220615,0.7929218636717177
64,WARRIOR,proc_bonus_pp,5.8298434934013255,7.502819768220615,0.7770203301556774
64,CLERIC,search_reduction_pct,9.74917081260365,14.404067637253513,0.6768345621613984
64,MAGE,search_reduction_pct,9.74917081260365,14.404067637253513,0.6768345621613984
64,PALADIN,search_reduction_pct,9.66227384126898,14.404067637253513,0.670801754379385
64,RANGER,search_reduction_pct,14.404067637253513,14.404067637253513,1.0
64,ROGUE,search_reduction_pct,14.33598926937711,14.404067637253513,0.9952736706331251
64,WARRIOR,search_reduction_pct,9.66227384126898,14.404067637253513,0.670801754379385
64,CLERIC,sale_bonus_pct,12.317315026697178,16.435707889347775,0.7494240655542566
64,MAGE,sale_bonus_pct,12.317315026697178,16.435707889347775,0.7494240655542566
64,PALADIN,sale_bonus_pct,16.435707889347775,16.435707889347775,1.0
64,RANGER,sale_bonus_pct,12.458797765803007,16.435707889347775,0.7580323190020759
64,ROGUE,sale_bonus_pct,11.933159863392422,16.435707889347775,0.7260508609505332
64,WARRIOR,sale_bonus_pct,12.376566416040102,16.435707889347775,0.7530291058568604
65,CLERIC,capacity_bonus_h,3.036216080411255,3.48169946498722,0.872050017798535
65,MAGE,capacity_bonus_h,3.034878589726585,3.48169946498722,0.8716658689947338
65,PALADIN,capacity_bonus_h,3.0537673565390744,3.48169946498722,0.8770910261636506
65,RANGER,capacity_bonus_h,3.0864500800305166,3.48169946498722,0.8864780292120491
65,ROGUE,capacity_bonus_h,3.0734676861999013,3.48169946498722,0.8827492772157411
65,WARRIOR,capacity_bonus_h,3.48169946498722,3.48169946498722,1.0
65,CLERIC,proc_bonus_pp,7.580586777638397,7.580586777638397,1.0
65,MAGE,proc_bonus_pp,7.580586777638397,7.580586777638397,1.0
65,PALADIN,proc_bonus_pp,5.9186161948167175,7.580586777638397,0.7807596388548383
65,RANGER,proc_bonus_pp,6.923777746661654,7.580586777638397,0.9133564392516115
65,ROGUE,proc_bonus_pp,6.028890440348423,7.580586777638397,0.795306566258532
65,WARRIOR,proc_bonus_pp,5.909681578255374,7.580586777638397,0.7795810207843087
65,CLERIC,search_reduction_pct,9.82087698092936,14.472686127003062,0.6785801125477059
65,MAGE,search_reduction_pct,9.82087698092936,14.472686127003062,0.6785801125477059
65,PALADIN,search_reduction_pct,9.741840936707035,14.472686127003062,0.6731190638157183
65,RANGER,search_reduction_pct,14.472686127003062,14.472686127003062,1.0
65,ROGUE,search_reduction_pct,14.404305745438164,14.472686127003062,0.9952752114593769
65,WARRIOR,search_reduction_pct,9.741840936707035,14.472686127003062,0.6731190638157183
65,CLERIC,sale_bonus_pct,12.42406456346295,16.497198003654248,0.7531015000675224
65,MAGE,sale_bonus_pct,12.42406456346295,16.497198003654248,0.7531015000675224
65,PALADIN,sale_bonus_pct,16.497198003654248,16.497198003654248,1.0
65,RANGER,sale_bonus_pct,12.53529926869098,16.497198003654248,0.7598441423758339
65,ROGUE,sale_bonus_pct,12.01848151848152,16.497198003654248,0.7285165344938783
65,WARRIOR,sale_bonus_pct,12.419083422842823,16.497198003654248,0.7527995614826171
66,CLERIC,capacity_bonus_h,3.0598538287093464,3.500142219060989,0.8742084284592977
66,MAGE,capacity_bonus_h,3.058580979890796,3.500142219060989,0.8738447721451004
66,PALADIN,capacity_bonus_h,3.077103030339096,3.500142219060989,0.8791365715318318
66,RANGER,capacity_bonus_h,3.1099754891781046,3.500142219060989,0.8885283210041798
66,ROGUE,capacity_bonus_h,3.096939880771571,3.500142219060989,0.8848040127930606
66,WARRIOR,capacity_bonus_h,3.500142219060989,3.500142219060989,1.0
66,CLERIC,proc_bonus_pp,7.654848721876151,7.654848721876151,1.0
66,MAGE,proc_bonus_pp,7.654848721876151,7.654848721876151,1.0
66,PALADIN,proc_bonus_pp,5.995364310066066,7.654848721876151,0.783211338054587
66,RANGER,proc_bonus_pp,7.006789715501028,7.654848721876151,0.9153400635438961
66,ROGUE,proc_bonus_pp,6.10671907277251,7.654848721876151,0.7977582960353781
66,WARRIOR,proc_bonus_pp,5.986762029947764,7.654848721876151,0.7820875692603432
66,CLERIC,search_reduction_pct,9.890569917743832,14.52522969217678,0.6809234777933217
66,MAGE,search_reduction_pct,9.890569917743832,14.52522969217678,0.6809234777933217
66,PALADIN,search_reduction_pct,9.774236345814773,14.52522969217678,0.6729144084433398
66,RANGER,search_reduction_pct,14.52522969217678,14.52522969217678,1.0
66,ROGUE,search_reduction_pct,14.512831097993798,14.52522969217678,0.9991464097679874
66,WARRIOR,search_reduction_pct,9.774236345814773,14.52522969217678,0.6729144084433398
66,CLERIC,sale_bonus_pct,12.453287240260146,16.534880839116582,0.7531525241354865
66,MAGE,sale_bonus_pct,12.453287240260146,16.534880839116582,0.7531525241354865
66,PALADIN,sale_bonus_pct,16.534880839116582,16.534880839116582,1.0
66,RANGER,sale_bonus_pct,12.564521945488178,16.534880839116582,0.759879800026395
66,ROGUE,sale_bonus_pct,12.12530999580477,16.534880839116582,0.7333170473850597
66,WARRIOR,sale_bonus_pct,12.449331456720621,16.534880839116582,0.7529132854268431
67,CLERIC,capacity_bonus_h,3.0834589172476154,3.5173157339747454,0.8766511597078464
67,MAGE,capacity_bonus_h,3.0822488992461534,3.5173157339747454,0.8763071422544872
67,PALADIN,capacity_bonus_h,3.098743007596234,3.5173157339747454,0.8809965445139317
67,RANGER,capacity_bonus_h,3.1340236315104875,3.5173157339747454,0.891027098090191
67,ROGUE,capacity_bonus_h,3.1193446813368086,3.5173157339747454,0.8868537593046248
67,WARRIOR,capacity_bonus_h,3.5173157339747454,3.5173157339747454,1.0
67,CLERIC,proc_bonus_pp,7.726062070091177,7.726062070091177,1.0
67,MAGE,proc_bonus_pp,7.726062070091177,7.726062070091177,1.0
67,PALADIN,proc_bonus_pp,6.07623556339999,7.726062070091177,0.7864595842327065
67,RANGER,proc_bonus_pp,7.085091578824029,7.726062070091177,0.9170378796530192
67,ROGUE,proc_bonus_pp,6.179513736985384,7.726062070091177,0.7998270892628822
67,WARRIOR,proc_bonus_pp,6.067977428258743,7.726062070091177,0.7853907169279489
67,CLERIC,search_reduction_pct,9.962013069407437,14.596794782807203,0.6824794907126576
67,MAGE,search_reduction_pct,9.962013069407437,14.596794782807203,0.6824794907126576
67,PALADIN,search_reduction_pct,9.811533873521508,14.596794782807203,0.672170433270597
67,RANGER,search_reduction_pct,14.596794782807203,14.596794782807203,1.0
67,ROGUE,search_reduction_pct,14.56666666199635,14.596794782807203,0.9979359769552738
67,WARRIOR,search_reduction_pct,9.811533873521508,14.596794782807203,0.672170433270597
67,CLERIC,sale_bonus_pct,12.526836158192092,16.58871917430821,0.7551418543267064
67,MAGE,sale_bonus_pct,12.526836158192092,16.58871917430821,0.7551418543267064
67,PALADIN,sale_bonus_pct,16.58871917430821,16.58871917430821,1.0
67,RANGER,sale_bonus_pct,12.608848186622929,16.58871917430821,0.760085697643908
67,ROGUE,sale_bonus_pct,12.155558029682567,16.58871917430821,0.7327604923536529
67,WARRIOR,sale_bonus_pct,12.480659777522625,16.58871917430821,0.752358253001959
68,CLERIC,capacity_bonus_h,3.0980525916872197,3.528360418633479,0.878043120347406
68,MAGE,capacity_bonus_h,3.0968805492465217,3.528360418633479,0.8777109427063383
68,PALADIN,capacity_bonus_h,3.113026551495049,3.528360418633479,0.8822870064676421
68,RANGER,capacity_bonus_h,3.148712200783889,3.528360418633479,0.8924009531892928
68,ROGUE,capacity_bonus_h,3.134251906766917,3.528360418633479,0.8883026490759697
68,WARRIOR,capacity_bonus_h,3.528360418633479,3.528360418633479,1.0
68,CLERIC,proc_bonus_pp,7.772072841117879,7.772072841117879,1.0
68,MAGE,proc_bonus_pp,7.772072841117879,7.772072841117879,1.0
68,PALADIN,proc_bonus_pp,6.124313914027563,7.772072841117879,0.787989773027743
68,RANGER,proc_bonus_pp,7.137543417869452,7.772072841117879,0.9183577616653987
68,ROGUE,proc_bonus_pp,6.227532688535314,7.772072841117879,0.8012704996264022
68,WARRIOR,proc_bonus_pp,6.116256197194569,7.772072841117879,0.7869530204139017
68,CLERIC,search_reduction_pct,10.100944414685664,14.657874641556338,0.6891138491557716
68,MAGE,search_reduction_pct,10.100944414685664,14.657874641556338,0.6891138491557716
68,PALADIN,search_reduction_pct,9.931271050214331,14.657874641556338,0.6775382716166996
68,RANGER,search_reduction_pct,14.657874641556338,14.657874641556338,1.0
68,ROGUE,search_reduction_pct,14.633443813131315,14.657874641556338,0.9983332625621071
68,WARRIOR,search_reduction_pct,9.931271050214331,14.657874641556338,0.6775382716166996
68,CLERIC,sale_bonus_pct,12.526836158192092,16.633688786390206,0.7531003086003167
68,MAGE,sale_bonus_pct,12.526836158192092,16.633688786390206,0.7531003086003167
68,PALADIN,sale_bonus_pct,16.633688786390206,16.633688786390206,1.0
68,RANGER,sale_bonus_pct,12.608848186622929,16.633688786390206,0.7580307861079841
68,ROGUE,sale_bonus_pct,12.155558029682567,16.633688786390206,0.7307794552239263
68,WARRIOR,sale_bonus_pct,12.521476104053237,16.633688786390206,0.7527780677427602
69,CLERIC,capacity_bonus_h,3.1203968103949364,3.5441366055907384,0.8804392035771508
69,MAGE,capacity_bonus_h,3.1192819169222203,3.5441366055907384,0.8801246295082626
69,PALADIN,capacity_bonus_h,3.133266375749716,3.5441366055907384,0.8840704308087645
69,RANGER,capacity_bonus_h,3.171294403900275,3.5441366055907384,0.8948002734707462
69,ROGUE,capacity_bonus_h,3.155767112430004,3.5441366055907384,0.8904191524254182
69,WARRIOR,capacity_bonus_h,3.5441366055907384,3.5441366055907384,1.0
69,CLERIC,proc_bonus_pp,7.839527465111905,7.839527465111905,1.0
69,MAGE,proc_bonus_pp,7.839527465111905,7.839527465111905,1.0
69,PALADIN,proc_bonus_pp,6.201751054866894,7.839527465111905,0.7910873560257841
69,RANGER,proc_bonus_pp,7.213068916914882,7.839527465111905,0.9200897565593157
69,ROGUE,proc_bonus_pp,6.3000120381032465,7.839527465111905,0.8036214001596482
69,WARRIOR,proc_bonus_pp,6.1940117131572325,7.839527465111905,0.790100135591376
69,CLERIC,search_reduction_pct,10.14301172237797,14.777843754086131,0.6863661499718718
69,MAGE,search_reduction_pct,10.14301172237797,14.777843754086131,0.6863661499718718
69,PALADIN,search_reduction_pct,10.009570241964608,14.777843754086131,0.6773363156716908
69,RANGER,search_reduction_pct,14.777843754086131,14.777843754086131,1.0
69,ROGUE,search_reduction_pct,14.709342464341326,14.777843754086131,0.9953645950732247
69,WARRIOR,search_reduction_pct,10.009570241964608,14.777843754086131,0.6773363156716908
69,CLERIC,sale_bonus_pct,12.583333333333334,16.680299298403447,0.7543829465061065
69,MAGE,sale_bonus_pct,12.583333333333334,16.680299298403447,0.7543829465061065
69,PALADIN,sale_bonus_pct,16.680299298403447,16.680299298403447,1.0
69,RANGER,sale_bonus_pct,12.63709677419355,16.680299298403447,0.7576061165403134
69,ROGUE,sale_bonus_pct,12.155558029682567,16.680299298403447,0.7287374052602302
69,WARRIOR,sale_bonus_pct,12.580946814728229,16.680299298403447,0.7542398724183812
70,CLERIC,capacity_bonus_h,3.1418072117535636,3.5591284856581,0.8827462184671955
70,MAGE,capacity_bonus_h,3.1407457827128042,3.5591284856581,0.8824479912340297
70,PALADIN,capacity_bonus_h,3.152757092560366,3.5591284856581,0.885822780847825
70,RANGER,capacity_bonus_h,3.1924355118158743,3.5591284856581,0.8969711334334078
70,ROGUE,capacity_bonus_h,3.1765992789747832,3.5591284856581,0.8925216641588636
70,WARRIOR,capacity_bonus_h,3.5591284856581,3.5591284856581,1.0
70,CLERIC,proc_bonus_pp,7.903523024757918,7.903523024757918,1.0
70,MAGE,proc_bonus_pp,7.903523024757918,7.903523024757918,1.0
70,PALADIN,proc_bonus_pp,6.276558687716806,7.903523024757918,0.7941469478934117
70,RANGER,proc_bonus_pp,7.285807141230931,7.903523024757918,0.9218429703320935
70,ROGUE,proc_bonus_pp,6.372066786258134,7.903523024757918,0.8062311916214489
70,WARRIOR,proc_bonus_pp,6.2691207825667465,7.903523024757918,0.793205860592627
70,CLERIC,search_reduction_pct,10.17540713148571,14.8765468358396,0.6839898562327507
70,MAGE,search_reduction_pct,10.17540713148571,14.8765468358396,0.6839898562327507
70,PALADIN,search_reduction_pct,10.11096884336321,14.8765468358396,0.6796583209084872
70,RANGER,search_reduction_pct,14.8765468358396,14.8765468358396,1.0
70,ROGUE,search_reduction_pct,14.807171710483306,14.8765468358396,0.995336610967462
70,WARRIOR,search_reduction_pct,10.11096884336321,14.8765468358396,0.6796583209084872
70,CLERIC,sale_bonus_pct,12.610655737704919,16.728341187119582,0.7538497449714152
70,MAGE,sale_bonus_pct,12.610655737704919,16.728341187119582,0.7538497449714152
70,PALADIN,sale_bonus_pct,16.728341187119582,16.728341187119582,1.0
70,RANGER,sale_bonus_pct,12.63709677419355,16.728341187119582,0.755430358147155
70,ROGUE,sale_bonus_pct,12.184780706479762,16.728341187119582,0.7283914507830428
70,WARRIOR,sale_bonus_pct,12.610169491525426,16.728341187119582,0.753820677763014
71,CLERIC,capacity_bonus_h,3.1618596830822234,3.573622088819744,0.8847772944358778
71,MAGE,capacity_bonus_h,3.1608471601596158,3.573622088819744,0.8844939620360208
71,PALADIN,capacity_bonus_h,3.1722091553652834,3.573622088819744,0.8876733679506009
71,RANGER,capacity_bonus_h,3.2127416473084343,3.573622088819744,0.8990154995290794
71,ROGUE,capacity_bonus_h,3.19684133741417,3.573622088819744,0.8945661454846187
71,WARRIOR,capacity_bonus_h,3.573622088819744,3.573622088819744,1.0
71,CLERIC,proc_bonus_pp,7.964090760285481,7.964090760285481,1.0
71,MAGE,proc_bonus_pp,7.964090760285481,7.964090760285481,1.0
71,PALADIN,proc_bonus_pp,6.348776528235954,7.964090760285481,0.797175310946403
71,RANGER,proc_bonus_pp,7.353892898569916,7.964090760285481,0.9233813526136043
71,ROGUE,proc_bonus_pp,6.441671025615304,7.964090760285481,0.808839479547116
71,WARRIOR,proc_bonus_pp,6.341624527967528,7.964090760285481,0.7962772799616118
71,CLERIC,search_reduction_pct,10.242935589907471,14.928143194143637,0.6861493393180882
71,MAGE,search_reduction_pct,10.242935589907471,14.928143194143637,0.6861493393180882
71,PALADIN,search_reduction_pct,10.179681225508428,14.928143194143637,0.6819120833126757
71,RANGER,search_reduction_pct,14.923229881532329,14.928143194143637,0.9996708691397578
71,ROGUE,search_reduction_pct,14.928143194143637,14.928143194143637,1.0
71,WARRIOR,search_reduction_pct,10.179681225508428,14.928143194143637,0.6819120833126757
71,CLERIC,sale_bonus_pct,12.677193828351013,16.76203753328818,0.7563038683796666
71,MAGE,sale_bonus_pct,12.677193828351013,16.76203753328818,0.7563038683796666
71,PALADIN,sale_bonus_pct,16.76203753328818,16.76203753328818,1.0
71,RANGER,sale_bonus_pct,12.703634864839644,16.76203753328818,0.7578813040843726
71,ROGUE,sale_bonus_pct,12.272993147633379,16.76203753328818,0.7321898142311227
71,WARRIOR,sale_bonus_pct,12.649385177799935,16.76203753328818,0.7546448427095562
72,CLERIC,capacity_bonus_h,3.182365220331569,3.5871316346717284,0.8871615386433397
72,MAGE,capacity_bonus_h,3.181401477785466,3.5871316346717284,0.8868928720193475
72,PALADIN,capacity_bonus_h,3.18980906115731,3.5871316346717284,0.8892366899296188
72,RANGER,capacity_bonus_h,3.232967833991367,3.5871316346717284,0.9012682452862446
72,ROGUE,capacity_bonus_h,3.2148135806835696,3.5871316346717284,0.8962073065873896
72,WARRIOR,capacity_bonus_h,3.5871316346717284,3.5871316346717284,1.0
72,CLERIC,proc_bonus_pp,8.023012427498166,8.023012427498166,1.0
72,MAGE,proc_bonus_pp,8.023012427498166,8.023012427498166,1.0
72,PALADIN,proc_bonus_pp,6.418441108297032,8.023012427498166,0.8000038846130155
72,RANGER,proc_bonus_pp,7.420610909944239,8.023012427498166,0.9249157940365081
72,ROGUE,proc_bonus_pp,6.511900082293661,8.023012427498166,0.8116527477851958
72,WARRIOR,proc_bonus_pp,6.411560023587688,8.023012427498166,0.7991462161535027
72,CLERIC,search_reduction_pct,10.305168875824968,15.013914499969268,0.6863745544738558
72,MAGE,search_reduction_pct,10.305168875824968,15.013914499969268,0.6863745544738558
72,PALADIN,search_reduction_pct,10.243292363286084,15.013914499969268,0.6822532766725861
72,RANGER,search_reduction_pct,15.013914499969268,15.013914499969268,1.0
72,ROGUE,search_reduction_pct,14.982432926550572,15.013914499969268,0.9979031735248819
72,WARRIOR,search_reduction_pct,10.243292363286084,15.013914499969268,0.6822532766725861
72,CLERIC,sale_bonus_pct,12.746151871642365,16.813749579732402,0.7580790835023977
72,MAGE,sale_bonus_pct,12.746151871642365,16.813749579732402,0.7580790835023977
72,PALADIN,sale_bonus_pct,16.813749579732402,16.813749579732402,1.0
72,RANGER,sale_bonus_pct,12.746151871642365,16.813749579732402,0.7580790835023977
72,ROGUE,sale_bonus_pct,12.307933748611715,16.813749579732402,0.7320160021562305
72,WARRIOR,sale_bonus_pct,12.716849451645064,16.813749579732402,0.7563363181627366
73,CLERIC,capacity_bonus_h,3.2005570590085934,3.6002381567779467,0.8889848170135917
73,MAGE,capacity_bonus_h,3.199635591250731,3.6002381567779467,0.8887288706795615
73,PALADIN,capacity_bonus_h,3.2079177812539004,3.6002381567779467,0.8910293268278797
73,RANGER,capacity_bonus_h,3.251024031475425,3.6002381567779467,0.9030024931419945
73,ROGUE,capacity_bonus_h,3.2327430034283906,3.6002381567779467,0.8979247657109306
73,WARRIOR,capacity_bonus_h,3.6002381567779467,3.6002381567779467,1.0
73,CLERIC,proc_bonus_pp,8.080209504608629,8.080209504608629,1.0
73,MAGE,proc_bonus_pp,8.080209504608629,8.080209504608629,1.0
73,PALADIN,proc_bonus_pp,6.481876741090465,8.080209504608629,0.8021916680988855
73,RANGER,proc_bonus_pp,7.487069299950007,8.080209504608629,0.9265934621719502
73,ROGUE,proc_bonus_pp,6.5769886635537755,8.080209504608629,0.8139626404244251
73,WARRIOR,proc_bonus_pp,6.475237131464542,8.080209504608629,0.801369955540302
73,CLERIC,search_reduction_pct,10.423252546540219,15.09164686856789,0.6906636921282088
73,MAGE,search_reduction_pct,10.423252546540219,15.09164686856789,0.6906636921282088
73,PALADIN,search_reduction_pct,10.277525540124895,15.09164686856789,0.681007555347084
73,RANGER,search_reduction_pct,15.09164686856789,15.09164686856789,1.0
73,ROGUE,search_reduction_pct,15.069579596799256,15.09164686856789,0.9985377823930803
73,WARRIOR,search_reduction_pct,10.277525540124895,15.09164686856789,0.681007555347084
73,CLERIC,sale_bonus_pct,12.813409234661608,16.86947203042648,0.7595619597075007
73,MAGE,sale_bonus_pct,12.813409234661608,16.86947203042648,0.7595619597075007
73,PALADIN,sale_bonus_pct,16.86947203042648,16.86947203042648,1.0
73,RANGER,sale_bonus_pct,12.813409234661608,16.86947203042648,0.7595619597075007
73,ROGUE,sale_bonus_pct,12.406136840099105,16.86947203042648,0.7354193905845353
73,WARRIOR,sale_bonus_pct,12.846412304482573,16.86947203042648,0.7615183380554087
74,CLERIC,capacity_bonus_h,3.219013635258029,3.612581949867806,0.8910562251399783
74,MAGE,capacity_bonus_h,3.218134061696652,3.612581949867806,0.8908127500926067
74,PALADIN,capacity_bonus_h,3.2251047937309862,3.612581949867806,0.892742320724102
74,RANGER,capacity_bonus_h,3.269253397557183,3.612581949867806,0.9049631102975572
74,ROGUE,capacity_bonus_h,3.250797027799714,3.612581949867806,0.8998541965030494
74,WARRIOR,capacity_bonus_h,3.612581949867806,3.612581949867806,1.0
74,CLERIC,proc_bonus_pp,8.134321196792179,8.134321196792179,1.0
74,MAGE,proc_bonus_pp,8.134321196792179,8.134321196792179,1.0
74,PALADIN,proc_bonus_pp,6.545682296118748,8.134321196792179,0.8046992659571987
74,RANGER,proc_bonus_pp,7.549518064411279,8.134321196792179,0.9281067075871653
74,ROGUE,proc_bonus_pp,6.639239698606919,8.134321196792179,0.8162008283155999
74,WARRIOR,proc_bonus_pp,6.539280789069034,8.134321196792179,0.8039122910031928
74,CLERIC,search_reduction_pct,10.455647955647956,15.15970639175783,0.6896998982336875
74,MAGE,search_reduction_pct,10.455647955647956,15.15970639175783,0.6896998982336875
74,PALADIN,search_reduction_pct,10.377859477124183,15.15970639175783,0.6845686327254012
74,RANGER,search_reduction_pct,15.15970639175783,15.15970639175783,1.0
74,ROGUE,search_reduction_pct,15.134473358972182,15.15970639175783,0.9983355196905814
74,WARRIOR,search_reduction_pct,10.377859477124183,15.15970639175783,0.6845686327254012
74,CLERIC,sale_bonus_pct,12.91593395008955,16.91238966982674,0.7636965681516175
74,MAGE,sale_bonus_pct,12.91593395008955,16.91238966982674,0.7636965681516175
74,PALADIN,sale_bonus_pct,16.91238966982674,16.91238966982674,1.0
74,RANGER,sale_bonus_pct,12.91593395008955,16.91238966982674,0.7636965681516175
74,ROGUE,sale_bonus_pct,12.489386619821403,16.91238966982674,0.7384755710840567
74,WARRIOR,sale_bonus_pct,12.846412304482573,16.91238966982674,0.7595858749282342
75,CLERIC,capacity_bonus_h,3.2365462535631933,3.624480526944436,0.8929683107696857
75,MAGE,capacity_bonus_h,3.235705589647453,3.624480526944436,0.8927363702448323
75,PALADIN,capacity_bonus_h,3.2420725796453396,3.624480526944436,0.894493033013622
75,RANGER,capacity_bonus_h,3.287013514572619,3.624480526944436,0.9068923091562825
75,ROGUE,capacity_bonus_h,3.267545658863108,3.624480526944436,0.9015210964915196
75,WARRIOR,capacity_bonus_h,3.624480526944436,3.624480526944436,1.0
75,CLERIC,proc_bonus_pp,8.186272135557623,8.186272135557623,1.0
75,MAGE,proc_bonus_pp,8.186272135557623,8.186272135557623,1.0
75,PALADIN,proc_bonus_pp,6.60912665447757,8.186272135557623,0.8073426518244348
75,RANGER,proc_bonus_pp,7.609598198914247,8.186272135557623,0.9295559777278166
75,ROGUE,proc_bonus_pp,6.704389817381163,8.186272135557623,0.8189795924643398
75,WARRIOR,proc_bonus_pp,6.602958434750304,8.186272135557623,0.8065891684775431
75,CLERIC,search_reduction_pct,10.540137569409723,15.232576844987278,0.6919471128667413
75,MAGE,search_reduction_pct,10.540137569409723,15.232576844987278,0.6919471128667413
75,PALADIN,search_reduction_pct,10.442163177670425,15.232576844987278,0.6855152141317916
75,RANGER,search_reduction_pct,15.232576844987278,15.232576844987278,1.0
75,ROGUE,search_reduction_pct,15.206223333084562,15.232576844987278,0.9982699242438821
75,WARRIOR,search_reduction_pct,10.442163177670425,15.232576844987278,0.6855152141317916
75,CLERIC,sale_bonus_pct,12.941535588594412,16.93420552699551,0.7642245494164921
75,MAGE,sale_bonus_pct,12.941535588594412,16.93420552699551,0.7642245494164921
75,PALADIN,sale_bonus_pct,16.93420552699551,16.93420552699551,1.0
75,RANGER,sale_bonus_pct,12.941535588594412,16.93420552699551,0.7642245494164921
75,ROGUE,sale_bonus_pct,12.549176556660521,16.93420552699551,0.7410549338529857
75,WARRIOR,sale_bonus_pct,12.846412304482573,16.93420552699551,0.7586073219675752
76,CLERIC,capacity_bonus_h,3.253765384223436,3.635832655740177,0.8949161560245241
76,MAGE,capacity_bonus_h,3.2529620380317414,3.635832655740177,0.8946952035584016
76,PALADIN,capacity_bonus_h,3.2584927120886977,3.635832655740177,0.8962163610429806
76,RANGER,capacity_bonus_h,3.304542249125415,3.635832655740177,0.9088818331361518
76,ROGUE,capacity_bonus_h,3.2845124838917403,3.635832655740177,0.9033728432760018
76,WARRIOR,capacity_bonus_h,3.635832655740177,3.635832655740177,1.0
76,CLERIC,proc_bonus_pp,8.23600654245659,8.23600654245659,1.0
76,MAGE,proc_bonus_pp,8.23600654245659,8.23600654245659,1.0
76,PALADIN,proc_bonus_pp,6.669484836606804,8.23600654245659,0.809795961456032
76,RANGER,proc_bonus_pp,7.667501532477458,8.23600654245659,0.9309732202070883
76,ROGUE,proc_bonus_pp,6.765493968476619,8.23600654245659,0.8214532047298065
76,WARRIOR,proc_bonus_pp,6.663534406462361,8.23600654245659,0.8090734717258735
76,CLERIC,search_reduction_pct,10.540137569409723,15.31582125603865,0.6881862482727792
76,MAGE,search_reduction_pct,10.540137569409723,15.31582125603865,0.6881862482727792
76,PALADIN,search_reduction_pct,10.442163177670425,15.31582125603865,0.681789308134772
76,RANGER,search_reduction_pct,15.31582125603865,15.31582125603865,1.0
76,ROGUE,search_reduction_pct,15.257752665683533,15.31582125603865,0.9962085878788758
76,WARRIOR,search_reduction_pct,10.442163177670425,15.31582125603865,0.681789308134772
76,CLERIC,sale_bonus_pct,13.027423233444322,16.972282162380882,0.7675705075372626
76,MAGE,sale_bonus_pct,13.027423233444322,16.972282162380882,0.7675705075372626
76,PALADIN,sale_bonus_pct,16.972282162380882,16.972282162380882,1.0
76,RANGER,sale_bonus_pct,13.002621646142735,16.972282162380882,0.766109208045285
76,ROGUE,sale_bonus_pct,12.609287626819185,16.972282162380882,0.7429341267238481
76,WARRIOR,sale_bonus_pct,12.910560731619771,16.972282162380882,0.7606850161987097
77,CLERIC,capacity_bonus_h,3.270561964420984,3.6465208876340633,0.8968992815897431
77,MAGE,capacity_bonus_h,3.2697943803282814,3.6465208876340633,0.8966887839355804
77,PALADIN,capacity_bonus_h,3.2736237450440635,3.6465208876340633,0.8977389259294924
77,RANGER,capacity_bonus_h,3.320859077692206,3.6465208876340633,0.9106924600250532
77,ROGUE,capacity_bonus_h,3.3000373679429527,3.6465208876340633,0.9049824393256345
77,WARRIOR,capacity_bonus_h,3.6465208876340633,3.6465208876340633,1.0
77,CLERIC,proc_bonus_pp,8.284045125570799,8.284045125570799,1.0
77,MAGE,proc_bonus_pp,8.284045125570799,8.284045125570799,1.0
77,PALADIN,proc_bonus_pp,6.731136419600239,8.284045125570799,0.8125422203245714
77,RANGER,proc_bonus_pp,7.723537158287742,8.284045125570799,0.9323388563453249
77,ROGUE,proc_bonus_pp,6.825333244008165,8.284045125570799,0.8239130932471684
77,WARRIOR,proc_bonus_pp,6.725404081251176,8.284045125570799,0.8118502469876119
77,CLERIC,search_reduction_pct,10.580930110202262,15.37170636160627,0.6883380323104614
77,MAGE,search_reduction_pct,10.580930110202262,15.37170636160627,0.6883380323104614
77,PALADIN,search_reduction_pct,10.51360632933403,15.37170636160627,0.6839583115895149
77,RANGER,search_reduction_pct,15.37170636160627,15.37170636160627,1.0
77,ROGUE,search_reduction_pct,15.355927476813443,15.37170636160627,0.9989735111755558
77,WARRIOR,search_reduction_pct,10.51360632933403,15.37170636160627,0.6839583115895149
77,CLERIC,sale_bonus_pct,13.089169085631351,17.02454458610513,0.7688410705749097
77,MAGE,sale_bonus_pct,13.089169085631351,17.02454458610513,0.7688410705749097
77,PALADIN,sale_bonus_pct,17.02454458610513,17.02454458610513,1.0
77,RANGER,sale_bonus_pct,13.040329036791302,17.02454458610513,0.7659722684995867
77,ROGUE,sale_bonus_pct,12.699867336964113,17.02454458610513,0.7459739831942009
77,WARRIOR,sale_bonus_pct,12.946845201866505,17.02454458610513,0.7604811474624286
78,CLERIC,capacity_bonus_h,3.2866797122331937,3.656820284844839,0.8987807592990995
78,MAGE,capacity_bonus_h,3.2859455760093654,3.656820284844839,0.8985800012178586
78,PALADIN,capacity_bonus_h,3.28865358362886,3.656820284844839,0.8993205373690929
78,RANGER,capacity_bonus_h,3.3366267028650953,3.656820284844839,0.912439344283136
78,ROGUE,capacity_bonus_h,3.315545147559069,3.656820284844839,0.9066743480120871
78,WARRIOR,capacity_bonus_h,3.656820284844839,3.656820284844839,1.0
78,CLERIC,proc_bonus_pp,8.3300846036521,8.3300846036521,1.0
78,MAGE,proc_bonus_pp,8.3300846036521,8.3300846036521,1.0
78,PALADIN,proc_bonus_pp,6.7884504588741414,8.3300846036521,0.8149317542222715
78,RANGER,proc_bonus_pp,7.776777709567083,8.3300846036521,0.9335772779735714
78,ROGUE,proc_bonus_pp,6.8852586525137065,8.3300846036521,0.8265532680778598
78,WARRIOR,proc_bonus_pp,6.782917158542174,8.3300846036521,0.8142674992242441
78,CLERIC,search_reduction_pct,10.620504963209951,15.439271887098789,0.687888978241555
78,MAGE,search_reduction_pct,10.620504963209951,15.439271887098789,0.687888978241555
78,PALADIN,search_reduction_pct,10.546901610916983,15.439271887098789,0.6831216969324881
78,RANGER,search_reduction_pct,15.419033160018817,15.439271887098789,0.9986891397970079
78,ROGUE,search_reduction_pct,15.439271887098789,15.439271887098789,1.0
78,WARRIOR,search_reduction_pct,10.546901610916983,15.439271887098789,0.6831216969324881
78,CLERIC,sale_bonus_pct,13.265993265993266,17.078148332503734,0.7767817100373207
78,MAGE,sale_bonus_pct,13.265993265993266,17.078148332503734,0.7767817100373207
78,PALADIN,sale_bonus_pct,17.078148332503734,17.078148332503734,1.0
78,RANGER,sale_bonus_pct,13.193843193843195,17.078148332503734,0.7725570089312439
78,ROGUE,sale_bonus_pct,12.725468975468976,17.078148332503734,0.7451316575842953
78,WARRIOR,sale_bonus_pct,12.999769244742954,17.078148332503734,0.7611931335671406
79,CLERIC,capacity_bonus_h,3.302297407156188,3.6666607758171055,0.9006280125328147
79,MAGE,capacity_bonus_h,3.3015950011047384,3.6666607758171055,0.9004364469382873
79,PALADIN,capacity_bonus_h,3.3029815564760376,3.6666607758171055,0.9008145990107245
79,RANGER,capacity_bonus_h,3.351565534597764,3.6666607758171055,0.9140647961498093
79,ROGUE,capacity_bonus_h,3.33023543826622,3.6666607758171055,0.9082474878042368
79,WARRIOR,capacity_bonus_h,3.6666607758171055,3.6666607758171055,1.0
79,CLERIC,proc_bonus_pp,8.374040600395038,8.374040600395038,1.0
79,MAGE,proc_bonus_pp,8.374040600395038,8.374040600395038,1.0
79,PALADIN,proc_bonus_pp,6.8453629437466565,8.374040600395038,0.817450412579052
79,RANGER,proc_bonus_pp,7.829143979143492,8.374040600395038,0.9349302627902424
79,ROGUE,proc_bonus_pp,6.94079067749172,8.374040600395038,0.8288460742791592
79,WARRIOR,proc_bonus_pp,6.840024276816576,8.374040600395038,0.8168128867794007
79,CLERIC,search_reduction_pct,10.658915849952708,15.501761081188123,0.6875938671824608
79,MAGE,search_reduction_pct,10.658915849952708,15.501761081188123,0.6875938671824608
79,PALADIN,search_reduction_pct,10.581134787755794,15.501761081188123,0.6825763042236753
79,RANGER,search_reduction_pct,15.442226139094148,15.501761081188123,0.9961594723475501
79,ROGUE,search_reduction_pct,15.501761081188123,15.501761081188123,1.0
79,WARRIOR,search_reduction_pct,10.581134787755794,15.501761081188123,0.6825763042236753
79,CLERIC,sale_bonus_pct,13.288607467711946,17.124882629107983,0.7759823968150686
79,MAGE,sale_bonus_pct,13.288607467711946,17.124882629107983,0.7759823968150686
79,PALADIN,sale_bonus_pct,17.124882629107983,17.124882629107983,1.0
79,RANGER,sale_bonus_pct,13.218644781144782,17.124882629107983,0.7718969564600938
79,ROGUE,sale_bonus_pct,12.856583422842823,17.124882629107983,0.7507545424568267
79,WARRIOR,sale_bonus_pct,13.061150882209922,17.124882629107983,0.7627001694019939
80,CLERIC,capacity_bonus_h,3.3174098314536096,3.6760977882024743,0.9024269817032656
80,MAGE,capacity_bonus_h,3.3167376364583063,3.6760977882024743,0.9022441261226931
80,PALADIN,capacity_bonus_h,3.3169045829008525,3.6760977882024743,0.9022895401601221
80,RANGER,capacity_bonus_h,3.3656981913729602,3.6760977882024743,0.9155627475891244
80,ROGUE,capacity_bonus_h,3.345580944251541,3.6760977882024743,0.9100903014572558
80,WARRIOR,capacity_bonus_h,3.6760977882024743,3.6760977882024743,1.0
80,CLERIC,proc_bonus_pp,8.416904692104197,8.416904692104197,1.0
80,MAGE,proc_bonus_pp,8.416904692104197,8.416904692104197,1.0
80,PALADIN,proc_bonus_pp,6.902760187509616,8.416904692104197,0.8201067304451026
80,RANGER,proc_bonus_pp,7.880317813609573,8.416904692104197,0.936248906442057
80,ROGUE,proc_bonus_pp,6.994417105250786,8.416904692104197,0.8309963533045788
80,WARRIOR,proc_bonus_pp,6.897613534235385,8.416904692104197,0.819495264180187
80,CLERIC,search_reduction_pct,10.791666666666668,15.552365299494653,0.6938923089092643
80,MAGE,search_reduction_pct,10.791666666666668,15.552365299494653,0.6938923089092643
80,PALADIN,search_reduction_pct,10.680120760029435,15.552365299494653,0.6867200296778309
80,RANGER,search_reduction_pct,15.486603040162938,15.552365299494653,0.9957715589837739
80,ROGUE,search_reduction_pct,15.552365299494653,15.552365299494653,1.0
80,WARRIOR,search_reduction_pct,10.680120760029435,15.552365299494653,0.6867200296778309
80,CLERIC,sale_bonus_pct,13.32227750138198,17.15732921174452,0.7764773489490792
80,MAGE,sale_bonus_pct,13.32227750138198,17.15732921174452,0.7764773489490792
80,PALADIN,sale_bonus_pct,17.15732921174452,17.15732921174452,1.0
80,RANGER,sale_bonus_pct,13.252314814814817,17.15732921174452,0.772399634655454
80,ROGUE,sale_bonus_pct,12.918159777522625,17.15732921174452,0.7529236991430984
80,WARRIOR,sale_bonus_pct,13.094820915879955,17.15732921174452,0.7632202398329163
81,CLERIC,capacity_bonus_h,3.3316598467780136,3.685284238546476,0.9040442015110518
81,MAGE,capacity_bonus_h,3.3310154422697966,3.685284238546476,0.9038693426761547
81,PALADIN,capacity_bonus_h,3.330772322253805,3.685284238546476,0.9038033721837165
81,RANGER,capacity_bonus_h,3.379603477064438,3.685284238546476,0.9170536811557845
81,ROGUE,capacity_bonus_h,3.3600358063739013,3.685284238546476,0.9117440036861697
81,WARRIOR,capacity_bonus_h,3.685284238546476,3.685284238546476,1.0
81,CLERIC,proc_bonus_pp,8.458081243354485,8.458081243354485,1.0
81,MAGE,proc_bonus_pp,8.458081243354485,8.458081243354485,1.0
81,PALADIN,proc_bonus_pp,6.957627816519972,8.458081243354485,0.822601204260905
81,RANGER,proc_bonus_pp,7.929857299846029,8.458081243354485,0.9375480172972468
81,ROGUE,proc_bonus_pp,7.047029276303967,8.458081243354485,0.8331711499982124
81,WARRIOR,proc_bonus_pp,6.952661719417525,8.458081243354485,0.8220140619812835
81,CLERIC,search_reduction_pct,10.852272727272727,15.601124793120672,0.6956083533193738
81,MAGE,search_reduction_pct,10.852272727272727,15.601124793120672,0.6956083533193738
81,PALADIN,search_reduction_pct,10.712516169137174,15.601124793120672,0.6866502454913294
81,RANGER,search_reduction_pct,15.52963761871839,15.601124793120672,0.9954178192053303
81,ROGUE,search_reduction_pct,15.601124793120672,15.601124793120672,1.0
81,WARRIOR,search_reduction_pct,10.712516169137174,15.601124793120672,0.6866502454913294
81,CLERIC,sale_bonus_pct,13.411029269238226,17.193545428278252,0.7800037127410082
81,MAGE,sale_bonus_pct,13.411029269238226,17.193545428278252,0.7800037127410082
81,PALADIN,sale_bonus_pct,17.193545428278252,17.193545428278252,1.0
81,RANGER,sale_bonus_pct,13.341066582671061,17.193545428278252,0.775934587681316
81,ROGUE,sale_bonus_pct,12.983014565591699,17.193545428278252,0.7551097951117466
81,WARRIOR,sale_bonus_pct,13.127288448347489,17.193545428278252,0.7635009604683985
82,CLERIC,capacity_bonus_h,3.3464083044097435,3.6940954240742707,0.9058803090470635
82,MAGE,capacity_bonus_h,3.3457921649462508,3.6940954240742707,0.9057135186984772
82,PALADIN,capacity_bonus_h,3.344405844806294,3.6940954240742707,0.9053382386959838
82,RANGER,capacity_bonus_h,3.393300599253974,3.6940954240742707,0.9185741594924622
82,ROGUE,capacity_bonus_h,3.3737136775245347,3.6940954240742707,0.9132719354075639
82,WARRIOR,capacity_bonus_h,3.6940954240742707,3.6940954240742707,1.0
82,CLERIC,proc_bonus_pp,8.49779112838535,8.49779112838535,1.0
82,MAGE,proc_bonus_pp,8.49779112838535,8.49779112838535,1.0
82,PALADIN,proc_bonus_pp,7.012242965614401,8.49779112838535,0.8251841990080527
82,RANGER,proc_bonus_pp,7.977231691944702,8.49779112838535,0.9387417943585584
82,ROGUE,proc_bonus_pp,7.09741726823011,8.49779112838535,0.8352073098763817
82,WARRIOR,proc_bonus_pp,7.007453683635993,8.49779112838535,0.8246206076104705
82,CLERIC,search_reduction_pct,10.916621524015891,15.653611260461094,0.6973867781928251
82,MAGE,search_reduction_pct,10.916621524015891,15.653611260461094,0.6973867781928251
82,PALADIN,search_reduction_pct,10.802790595473523,15.653611260461094,0.6901149144261626
82,RANGER,search_reduction_pct,15.579210024792403,15.653611260461094,0.9952470241894521
82,ROGUE,search_reduction_pct,15.653611260461094,15.653611260461094,1.0
82,WARRIOR,search_reduction_pct,10.802790595473523,15.653611260461094,0.6901149144261626
82,CLERIC,sale_bonus_pct,13.494554702056746,17.222995042868003,0.7835196299173763
82,MAGE,sale_bonus_pct,13.494554702056746,17.222995042868003,0.7835196299173763
82,PALADIN,sale_bonus_pct,17.222995042868003,17.222995042868003,1.0
82,RANGER,sale_bonus_pct,13.472605623918028,17.222995042868003,0.7822452245027498
82,ROGUE,sale_bonus_pct,12.983014565591699,17.222995042868003,0.7538186321993938
82,WARRIOR,sale_bonus_pct,13.158616769149493,17.222995042868003,0.7640144316594019
83,CLERIC,capacity_bonus_h,3.359267352009172,3.702563877815549,0.907281403607028
83,MAGE,capacity_bonus_h,3.3586753366353324,3.702563877815549,0.9071215102484321
83,PALADIN,capacity_bonus_h,3.357404284378475,3.702563877815549,0.9067782204906313
83,RANGER,capacity_bonus_h,3.405550021894915,3.702563877815549,0.9197815714402023
83,ROGUE,capacity_bonus_h,3.3873846699921337,3.702563877815549,0.9148754165426132
83,WARRIOR,capacity_bonus_h,3.702563877815549,3.702563877815549,1.0
83,CLERIC,proc_bonus_pp,8.536884392631807,8.536884392631807,1.0
83,MAGE,proc_bonus_pp,8.536884392631807,8.536884392631807,1.0
83,PALADIN,proc_bonus_pp,7.0646487922811945,8.536884392631807,0.8275441563175788
83,RANGER,proc_bonus_pp,8.024801131886848,8.536884392631807,0.9400152049397625
83,ROGUE,proc_bonus_pp,7.147375987425315,8.536884392631807,0.8372347168709725
83,WARRIOR,proc_bonus_pp,7.060026166382852,8.536884392631807,0.8270026676800692
83,CLERIC,search_reduction_pct,10.977860873694208,15.70018057372279,0.6992187651693463
83,MAGE,search_reduction_pct,10.977860873694208,15.70018057372279,0.6992187651693463
83,PALADIN,search_reduction_pct,10.865853658536587,15.70018057372279,0.6920846296967208
83,RANGER,search_reduction_pct,15.607332490490936,15.70018057372279,0.9940861773661857
83,ROGUE,search_reduction_pct,15.70018057372279,15.70018057372279,1.0
83,WARRIOR,search_reduction_pct,10.865853658536587,15.70018057372279,0.6920846296967208
83,CLERIC,sale_bonus_pct,13.57755778429675,17.27118730742289,0.7861392238193912
83,MAGE,sale_bonus_pct,13.57755778429675,17.27118730742289,0.7861392238193912
83,PALADIN,sale_bonus_pct,17.27118730742289,17.27118730742289,1.0
83,RANGER,sale_bonus_pct,13.534295833182757,17.27118730742289,0.7836343612211262
83,ROGUE,sale_bonus_pct,13.065795299576715,17.27118730742289,0.7565082276631462
83,WARRIOR,sale_bonus_pct,13.18886480302729,17.27118730742289,0.7636339394778563
84,CLERIC,capacity_bonus_h,3.3725687669504802,3.7106552678603726,0.9088876555474692
84,MAGE,capacity_bonus_h,3.3720011409739743,3.7106552678603726,0.9087346836501813
84,PALADIN,capacity_bonus_h,3.3696873884247167,3.7106552678603726,0.9081111408033699
84,RANGER,capacity_bonus_h,3.4181040976070265,3.7106552678603726,0.9211591621600472
84,ROGUE,capacity_bonus_h,3.400260757698542,3.7106552678603726,0.9163504858965761
84,WARRIOR,capacity_bonus_h,3.7106552678603726,3.7106552678603726,1.0
84,CLERIC,proc_bonus_pp,8.573906850140913,8.573906850140913,1.0
84,MAGE,proc_bonus_pp,8.573906850140913,8.573906850140913,1.0
84,PALADIN,proc_bonus_pp,7.116806516198045,8.573906850140913,0.8300540979263239
84,RANGER,proc_bonus_pp,8.07038896797651,8.573906850140913,0.9412732269005084
84,ROGUE,proc_bonus_pp,7.196830062961753,8.573906850140913,0.8393874797979025
84,WARRIOR,proc_bonus_pp,7.112346206557127,8.573906850140913,0.8295338788804586
84,CLERIC,search_reduction_pct,11.004208359391287,15.734166390819817,0.6993829915140436
84,MAGE,search_reduction_pct,11.004208359391287,15.734166390819817,0.6993829915140436
84,PALADIN,search_reduction_pct,10.987863227914577,15.734166390819817,0.6983441610434159
84,RANGER,search_reduction_pct,15.63385858008781,15.734166390819817,0.9936248411107097
84,ROGUE,search_reduction_pct,15.734166390819817,15.734166390819817,1.0
84,WARRIOR,search_reduction_pct,10.987863227914577,15.734166390819817,0.6983441610434159
84,CLERIC,sale_bonus_pct,13.59950686243547,17.299614885957524,0.7861161622432697
84,MAGE,sale_bonus_pct,13.59950686243547,17.299614885957524,0.7861161622432697
84,PALADIN,sale_bonus_pct,17.299614885957524,17.299614885957524,1.0
84,RANGER,sale_bonus_pct,13.59950686243547,17.299614885957524,0.7861161622432697
84,ROGUE,sale_bonus_pct,13.117632178092588,17.299614885957524,0.7582615141762755
84,WARRIOR,sale_bonus_pct,13.218087479824487,17.299614885957524,0.7640683082808911
85,CLERIC,capacity_bonus_h,3.385062391448988,3.718416243957114,0.9103505819043612
85,MAGE,capacity_bonus_h,3.384517205450859,3.718416243957114,0.9102039641073314
85,PALADIN,capacity_bonus_h,3.381709052668164,3.718416243957114,0.9094487628069771
85,RANGER,capacity_bonus_h,3.4300571768407706,3.718416243957114,0.922451106009188
85,ROGUE,capacity_bonus_h,3.4125836006916543,3.718416243957114,0.9177519074787618
85,WARRIOR,capacity_bonus_h,3.718416243957114,3.718416243957114,1.0
85,CLERIC,proc_bonus_pp,8.609462272409559,8.609462272409559,1.0
85,MAGE,proc_bonus_pp,8.609462272409559,8.609462272409559,1.0
85,PALADIN,proc_bonus_pp,7.167998235405841,8.609462272409559,0.8325721175847269
85,RANGER,proc_bonus_pp,8.11397197547477,8.609462272409559,0.9424481714122067
85,ROGUE,proc_bonus_pp,7.242890176817089,8.609462272409559,0.8412709118928513
85,WARRIOR,proc_bonus_pp,7.1636945250864805,8.609462272409559,0.8320722361539026
85,CLERIC,search_reduction_pct,11.063216247497895,15.773474713692107,0.7013810494078715
85,MAGE,search_reduction_pct,11.063216247497895,15.773474713692107,0.7013810494078715
85,PALADIN,search_reduction_pct,11.013575834438232,15.773474713692107,0.6982339677431972
85,RANGER,search_reduction_pct,15.688744735865807,15.773474713692107,0.9946283251240293
85,ROGUE,search_reduction_pct,15.773474713692107,15.773474713692107,1.0
85,WARRIOR,search_reduction_pct,11.013575834438232,15.773474713692107,0.6982339677431972
85,CLERIC,sale_bonus_pct,13.630835183237474,17.324041717969926,0.7868161139959878
85,MAGE,sale_bonus_pct,13.630835183237474,17.324041717969926,0.7868161139959878
85,PALADIN,sale_bonus_pct,17.324041717969926,17.324041717969926,1.0
85,RANGER,sale_bonus_pct,13.630835183237474,17.324041717969926,0.7868161139959878
85,ROGUE,sale_bonus_pct,13.207045530076439,17.324041717969926,0.7623535976813656
85,WARRIOR,sale_bonus_pct,13.253028080802823,17.324041717969926,0.7650078599762138
86,CLERIC,capacity_bonus_h,3.397321469428359,3.725756125321733,0.9118475163574985
86,MAGE,capacity_bonus_h,3.396797922693545,3.725756125321733,0.9117069954223638
86,PALADIN,capacity_bonus_h,3.393019569544219,3.725756125321733,0.910692878281511
86,RANGER,capacity_bonus_h,3.441348330011322,3.725756125321733,0.9236644091175314
86,ROGUE,capacity_bonus_h,3.424464275486412,3.725756125321733,0.9191326969074489
86,WARRIOR,capacity_bonus_h,3.725756125321733,3.725756125321733,1.0
86,CLERIC,proc_bonus_pp,8.643979718415217,8.643979718415217,1.0
86,MAGE,proc_bonus_pp,8.643979718415217,8.643979718415217,1.0
86,PALADIN,proc_bonus_pp,7.218130839431412,8.643979718415217,0.8350471743997544
86,RANGER,proc_bonus_pp,8.15714850664532,8.643979718415217,0.943679736923405
86,ROGUE,proc_bonus_pp,7.289678070164763,8.643979718415217,0.8433242913139608
86,WARRIOR,proc_bonus_pp,7.213977716890471,8.643979718415217,0.8345667102297504
86,CLERIC,search_reduction_pct,11.139832625865395,15.823395849976155,0.7040102346856337
86,MAGE,search_reduction_pct,11.139832625865395,15.823395849976155,0.7040102346856337
86,PALADIN,search_reduction_pct,11.071113233747784,15.823395849976155,0.6996673368166081
86,RANGER,search_reduction_pct,15.747465427667148,15.823395849976155,0.9952013826217259
86,ROGUE,search_reduction_pct,15.823395849976155,15.823395849976155,1.0
86,WARRIOR,search_reduction_pct,11.071113233747784,15.823395849976155,0.6996673368166081
86,CLERIC,sale_bonus_pct,13.681787150862684,17.35990982701509,0.788125473415271
86,MAGE,sale_bonus_pct,13.681787150862684,17.35990982701509,0.788125473415271
86,PALADIN,sale_bonus_pct,17.35990982701509,17.35990982701509,1.0
86,RANGER,sale_bonus_pct,13.681787150862684,17.35990982701509,0.788125473415271
86,ROGUE,sale_bonus_pct,13.266065793700282,17.35990982701509,0.7641782662405271
86,WARRIOR,sale_bonus_pct,13.311499701774444,17.35990982701509,0.766795440438256
87,CLERIC,capacity_bonus_h,3.4088752690264834,3.7329164407281503,0.9131935641081591
87,MAGE,capacity_bonus_h,3.4083715548259366,3.7329164407281503,0.9130586255933156
87,PALADIN,capacity_bonus_h,3.404356126759992,3.7329164407281503,0.9119829443854177
87,RANGER,capacity_bonus_h,3.452540870545857,3.7329164407281503,0.9248910135991143
87,ROGUE,capacity_bonus_h,3.4363697170726244,3.7329164407281503,0.9205589708839877
87,WARRIOR,capacity_bonus_h,3.7329164407281503,3.7329164407281503,1.0
87,CLERIC,proc_bonus_pp,8.677592563067938,8.677592563067938,1.0
87,MAGE,proc_bonus_pp,8.677592563067938,8.677592563067938,1.0
87,PALADIN,proc_bonus_pp,7.266879356416455,8.677592563067938,0.837430347599458
87,RANGER,proc_bonus_pp,8.199079721801132,8.677592563067938,0.9448564981832209
87,ROGUE,proc_bonus_pp,7.334480941504438,8.677592563067938,0.8452207093382307
87,WARRIOR,proc_bonus_pp,7.26287030374289,8.677592563067938,0.8369683470336988
87,CLERIC,search_reduction_pct,11.198575520670213,15.860092428011503,0.7060851361049894
87,MAGE,search_reduction_pct,11.198575520670213,15.860092428011503,0.7060851361049894
87,PALADIN,search_reduction_pct,11.153807814992026,15.860092428011503,0.7032624724993776
87,RANGER,search_reduction_pct,15.792323204097293,15.860092428011503,0.9957270599637541
87,ROGUE,search_reduction_pct,15.860092428011503,15.860092428011503,1.0
87,WARRIOR,search_reduction_pct,11.153807814992026,15.860092428011503,0.7032624724993776
87,CLERIC,sale_bonus_pct,13.766580819602085,17.399083243832102,0.7912244930767991
87,MAGE,sale_bonus_pct,13.766580819602085,17.399083243832102,0.7912244930767991
87,PALADIN,sale_bonus_pct,17.399083243832102,17.399083243832102,1.0
87,RANGER,sale_bonus_pct,13.766580819602085,17.399083243832102,0.7912244930767991
87,ROGUE,sale_bonus_pct,13.323054197694429,17.399083243832102,0.7657331142672354
87,WARRIOR,sale_bonus_pct,13.393607334285301,17.399083243832102,0.769788105878123
88,CLERIC,capacity_bonus_h,3.4208624883550383,3.7398325932200733,0.91471005802685
88,MAGE,capacity_bonus_h,3.4203789893667076,3.7398325932200733,0.9145807744355986
88,PALADIN,capacity_bonus_h,3.415610665144149,3.7398325932200733,0.9133057643639705
88,RANGER,capacity_bonus_h,3.463812656668819,3.7398325932200733,0.9261945743101845
88,ROGUE,capacity_bonus_h,3.447701382770153,3.7398325932200733,0.921886554232528
88,WARRIOR,capacity_bonus_h,3.7398325932200733,3.7398325932200733,1.0
88,CLERIC,proc_bonus_pp,8.70931696328559,8.70931696328559,1.0
88,MAGE,proc_bonus_pp,8.70931696328559,8.70931696328559,1.0
88,PALADIN,proc_bonus_pp,7.312944184428879,8.70931696328559,0.839669082576376
88,RANGER,proc_bonus_pp,8.238980006933005,8.70931696328559,0.9459961144673795
88,ROGUE,proc_bonus_pp,7.3777627833651716,8.70931696328559,0.8471115260205102
88,WARRIOR,proc_bonus_pp,7.3090692338071594,8.70931696328559,0.8392241624249961
88,CLERIC,search_reduction_pct,11.230107052201744,15.88955744755933,0.7067602159005827
88,MAGE,search_reduction_pct,11.230107052201744,15.88955744755933,0.7067602159005827
88,PALADIN,search_reduction_pct,11.183712121212121,15.88955744755933,0.7038403780672925
88,RANGER,search_reduction_pct,15.860602806986662,15.88955744755933,0.998177756638709
88,ROGUE,search_reduction_pct,15.88955744755933,15.88955744755933,1.0
88,WARRIOR,search_reduction_pct,11.183712121212121,15.88955744755933,0.7038403780672925
88,CLERIC,sale_bonus_pct,13.808014416923438,17.436599910578472,0.7918983338343597
88,MAGE,sale_bonus_pct,13.808014416923438,17.436599910578472,0.7918983338343597
88,PALADIN,sale_bonus_pct,17.436599910578472,17.436599910578472,1.0
88,RANGER,sale_bonus_pct,13.787893692577361,17.436599910578472,0.7907443976054354
88,ROGUE,sale_bonus_pct,13.440034144259496,17.436599910578472,0.7707944331569865
88,WARRIOR,sale_bonus_pct,13.464333146615592,17.436599910578472,0.7721879962645138
89,CLERIC,capacity_bonus_h,3.432236345017662,3.74647392848888,0.9161244440854913
89,MAGE,capacity_bonus_h,3.431771775556051,3.74647392848888,0.9160004422986169
89,PALADIN,capacity_bonus_h,3.426513705761394,3.74647392848888,0.9145969706890393
89,RANGER,capacity_bonus_h,3.474242854717091,3.74647392848888,0.9273367227510397
89,ROGUE,capacity_bonus_h,3.4589131005740903,3.74647392848888,0.9232449408687662
89,WARRIOR,capacity_bonus_h,3.74647392848888,3.74647392848888,1.0
89,CLERIC,proc_bonus_pp,8.740332685026413,8.740332685026413,1.0
89,MAGE,proc_bonus_pp,8.740332685026413,8.740332685026413,1.0
89,PALADIN,proc_bonus_pp,7.357355847799973,8.740332685026413,0.8417706868760614
89,RANGER,proc_bonus_pp,8.277595444593418,8.740332685026413,0.9470572508955251
89,ROGUE,proc_bonus_pp,7.422087953367603,8.740332685026413,0.849176824365373
89,WARRIOR,proc_bonus_pp,7.3536078146919195,8.740332685026413,0.8413418664589078
89,CLERIC,search_reduction_pct,11.254046860683276,15.950512795746427,0.7055601913741876
89,MAGE,search_reduction_pct,11.254046860683276,15.950512795746427,0.7055601913741876
89,PALADIN,search_reduction_pct,11.183712121212121,15.950512795746427,0.7011506316081898
89,RANGER,search_reduction_pct,15.927478173971727,15.950512795746427,0.9985558695153147
89,ROGUE,search_reduction_pct,15.950512795746427,15.950512795746427,1.0
89,WARRIOR,search_reduction_pct,11.183712121212121,15.950512795746427,0.7011506316081898
89,CLERIC,sale_bonus_pct,13.808014416923438,17.473072456391982,0.790245359045152
89,MAGE,sale_bonus_pct,13.808014416923438,17.473072456391982,0.790245359045152
89,PALADIN,sale_bonus_pct,17.473072456391982,17.473072456391982,1.0
89,RANGER,sale_bonus_pct,13.787893692577361,17.473072456391982,0.7890938314934697
89,ROGUE,sale_bonus_pct,13.46735654863108,17.473072456391982,0.7707491960696623
89,WARRIOR,sale_bonus_pct,13.516620195724673,17.473072456391982,0.7735685998818163
90,CLERIC,capacity_bonus_h,3.446991319595806,3.754944541551024,0.9179872782280789
90,MAGE,capacity_bonus_h,3.4465505997177552,3.754944541551024,0.9178699076855386
90,PALADIN,capacity_bonus_h,3.440705871979016,3.754944541551024,0.9163133659912303
90,RANGER,capacity_bonus_h,3.4880821156919515,3.754944541551024,0.9289303948684041
90,ROGUE,capacity_bonus_h,3.473289567306363,3.754944541551024,0.9249909096850948
90,WARRIOR,capacity_bonus_h,3.754944541551024,3.754944541551024,1.0
90,CLERIC,proc_bonus_pp,8.779862514295395,8.779862514295395,1.0
90,MAGE,proc_bonus_pp,8.779862514295395,8.779862514295395,1.0
90,PALADIN,proc_bonus_pp,7.417311788020632,8.779862514295395,0.8448095600521928
90,RANGER,proc_bonus_pp,8.32722033405103,8.779862514295395,0.9484454136374718
90,ROGUE,proc_bonus_pp,7.481006681410282,8.779862514295395,0.8520642173188574
90,WARRIOR,proc_bonus_pp,7.413731919285633,8.779862514295395,0.8444018237432049
90,CLERIC,search_reduction_pct,11.388855397476087,16.03176559346174,0.7103930837237804
90,MAGE,search_reduction_pct,11.388855397476087,16.03176559346174,0.7103930837237804
90,PALADIN,search_reduction_pct,11.23735945427122,16.03176559346174,0.7009433483018346
90,RANGER,search_reduction_pct,16.03176559346174,16.03176559346174,1.0
90,ROGUE,search_reduction_pct,16.025592792107805,16.03176559346174,0.9996149643457579
90,WARRIOR,search_reduction_pct,11.23735945427122,16.03176559346174,0.7009433483018346
90,CLERIC,sale_bonus_pct,13.836263004494059,17.504640422394388,0.7904340032482343
90,MAGE,sale_bonus_pct,13.836263004494059,17.504640422394388,0.7904340032482343
90,PALADIN,sale_bonus_pct,17.504640422394388,17.504640422394388,1.0
90,RANGER,sale_bonus_pct,13.836263004494059,17.504640422394388,0.7904340032482343
90,ROGUE,sale_bonus_pct,13.46735654863108,17.504640422394388,0.7693592226779906
90,WARRIOR,sale_bonus_pct,13.539930219034698,17.504640422394388,0.7735051901844566
91,CLERIC,capacity_bonus_h,3.4578335472462944,3.7610538902910924,0.9193788890322627
91,MAGE,capacity_bonus_h,3.457409953902827,3.7610538902910924,0.9192662627961535
91,PALADIN,capacity_bonus_h,3.4511146756821534,3.7610538902910924,0.9175924558249414
91,RANGER,capacity_bonus_h,3.498194334174881,3.7610538902910924,0.9301101330149069
91,ROGUE,capacity_bonus_h,3.483675522920168,3.7610538902910924,0.926249829047396
91,WARRIOR,capacity_bonus_h,3.7610538902910924,3.7610538902910924,1.0
91,CLERIC,proc_bonus_pp,8.8085966354965,8.8085966354965,1.0
91,MAGE,proc_bonus_pp,8.8085966354965,8.8085966354965,1.0
91,PALADIN,proc_bonus_pp,7.459594861223078,8.8085966354965,0.8468539507374793
91,RANGER,proc_bonus_pp,8.362947312798756,8.8085966354965,0.9494074548831212
91,ROGUE,proc_bonus_pp,7.521771152202778,8.8085966354965,0.8539125428779281
91,WARRIOR,proc_bonus_pp,7.456131406771721,8.8085966354965,0.8464607604718017
91,CLERIC,search_reduction_pct,11.44011315688531,16.08765069333872,0.7111114838925626
91,MAGE,search_reduction_pct,11.44011315688531,16.08765069333872,0.7111114838925626
91,PALADIN,search_reduction_pct,11.346526535480024,16.08765069333872,0.7052941881798929
91,RANGER,search_reduction_pct,16.08765069333872,16.08765069333872,1.0
91,ROGUE,search_reduction_pct,16.06441726935256,16.08765069333872,0.9985558224485953
91,WARRIOR,search_reduction_pct,11.346526535480024,16.08765069333872,0.7052941881798929
91,CLERIC,sale_bonus_pct,13.890026445354275,17.550400391654186,0.7914364422112817
91,MAGE,sale_bonus_pct,13.890026445354275,17.550400391654186,0.7914364422112817
91,PALADIN,sale_bonus_pct,17.550400391654186,17.550400391654186,1.0
91,RANGER,sale_bonus_pct,13.90958826069074,17.550400391654186,0.7925510501347436
91,ROGUE,sale_bonus_pct,13.558474806272205,17.550400391654186,0.7725450419193697
91,WARRIOR,sale_bonus_pct,13.659569812727588,17.550400391654186,0.7783053097308925
92,CLERIC,capacity_bonus_h,3.4679874667734665,3.7669007828688406,0.9206474145921826
92,MAGE,capacity_bonus_h,3.467579582933541,3.7669007828688406,0.9205391335772484
92,PALADIN,capacity_bonus_h,3.46097445259328,3.7669007828688406,0.9187856681368258
92,RANGER,capacity_bonus_h,3.507767665578954,3.7669007828688406,0.9312078729367188
92,ROGUE,capacity_bonus_h,3.494124117334425,3.7669007828688406,0.927585917108581
92,WARRIOR,capacity_bonus_h,3.7669007828688406,3.7669007828688406,1.0
92,CLERIC,proc_bonus_pp,8.836202012768636,8.836202012768636,1.0
92,MAGE,proc_bonus_pp,8.836202012768636,8.836202012768636,1.0
92,PALADIN,proc_bonus_pp,7.5024742881432696,8.836202012768636,0.8490609740816155
92,RANGER,proc_bonus_pp,8.397577717448902,8.836202012768636,0.9503605401182651
92,ROGUE,proc_bonus_pp,7.563039976921656,8.836202012768636,0.8559152411853855
92,WARRIOR,proc_bonus_pp,7.499127046876052,8.836202012768636,0.8486821641288348
92,CLERIC,search_reduction_pct,11.514657063029503,16.141257279378827,0.7133680396594625
92,MAGE,search_reduction_pct,11.514657063029503,16.141257279378827,0.7133680396594625
92,PALADIN,search_reduction_pct,11.369916003536693,16.141257279378827,0.7044008906333625
92,RANGER,search_reduction_pct,16.141257279378827,16.141257279378827,1.0
92,ROGUE,search_reduction_pct,16.12334640372241,16.141257279378827,0.9988903667572849
92,WARRIOR,search_reduction_pct,11.369916003536693,16.141257279378827,0.7044008906333625
92,CLERIC,sale_bonus_pct,13.982334869431645,17.594518854093263,0.7946983367595037
92,MAGE,sale_bonus_pct,13.982334869431645,17.594518854093263,0.7946983367595037
92,PALADIN,sale_bonus_pct,17.594518854093263,17.594518854093263,1.0
92,RANGER,sale_bonus_pct,14.001360744621902,17.594518854093263,0.7957796891595342
92,ROGUE,sale_bonus_pct,13.558474806272205,17.594518854093263,0.770607876163542
92,WARRIOR,sale_bonus_pct,13.731922116672758,17.594518854093263,0.7804659070559412
93,CLERIC,capacity_bonus_h,3.4780875935194078,3.7725927018489545,0.9219356205123311
93,MAGE,capacity_bonus_h,3.477695109697638,3.7725927018489545,0.9218315849450732
93,PALADIN,capacity_bonus_h,3.470578131944917,3.7725927018489545,0.9199450898168733
93,RANGER,capacity_bonus_h,3.51685624424383,3.7725927018489545,0.9322120149679058
93,ROGUE,capacity_bonus_h,3.5038668715922063,3.7725927018489545,0.9287689259100127
93,WARRIOR,capacity_bonus_h,3.7725927018489545,3.7725927018489545,1.0
93,CLERIC,proc_bonus_pp,8.863010609695664,8.863010609695664,1.0
93,MAGE,proc_bonus_pp,8.863010609695664,8.863010609695664,1.0
93,PALADIN,proc_bonus_pp,7.542175296198987,8.863010609695664,0.8509721615303323
93,RANGER,proc_bonus_pp,8.431290104206733,8.863010609695664,0.9512896323268922
93,ROGUE,proc_bonus_pp,7.602891779145674,8.863010609695664,0.857822709907231
93,WARRIOR,proc_bonus_pp,7.538933663751559,8.863010609695664,0.850606413074172
93,CLERIC,search_reduction_pct,11.56044456189805,16.18288358277653,0.7143624622129675
93,MAGE,search_reduction_pct,11.56044456189805,16.18288358277653,0.7143624622129675
93,PALADIN,search_reduction_pct,11.396922176376199,16.18288358277653,0.7042578115377387
93,RANGER,search_reduction_pct,16.18288358277653,16.18288358277653,1.0
93,ROGUE,search_reduction_pct,16.16055628262543,16.18288358277653,0.9986203138620571
93,WARRIOR,search_reduction_pct,11.396922176376199,16.18288358277653,0.7042578115377387
93,CLERIC,sale_bonus_pct,14.028057232282585,17.630929607366607,0.7956504588630052
93,MAGE,sale_bonus_pct,14.028057232282585,17.630929607366607,0.7956504588630052
93,PALADIN,sale_bonus_pct,17.630929607366607,17.630929607366607,1.0
93,RANGER,sale_bonus_pct,14.047083107472844,17.630929607366607,0.7967295780934688
93,ROGUE,sale_bonus_pct,13.588722840150002,17.630929607366607,0.7707320681759356
93,WARRIOR,sale_bonus_pct,13.810598922323248,17.630929607366607,0.7833165482410447
94,CLERIC,capacity_bonus_h,3.488028346988558,3.778116735306514,0.9232187863315394
94,MAGE,capacity_bonus_h,3.487650747367428,3.778116735306514,0.9231188424580213
94,PALADIN,capacity_bonus_h,3.4800702571289595,3.778116735306514,0.9211124221249414
94,RANGER,capacity_bonus_h,3.5258060406396416,3.778116735306514,0.9332178669046861
94,ROGUE,capacity_bonus_h,3.5131756666159433,3.778116735306514,0.9298748325548822
94,WARRIOR,capacity_bonus_h,3.778116735306514,3.778116735306514,1.0
94,CLERIC,proc_bonus_pp,8.888859886046001,8.888859886046001,1.0
94,MAGE,proc_bonus_pp,8.888859886046001,8.888859886046001,1.0
94,PALADIN,proc_bonus_pp,7.5822170871898935,8.888859886046001,0.8530022055013698
94,RANGER,proc_bonus_pp,8.464071397777563,8.888859886046001,0.9522111391433581
94,ROGUE,proc_bonus_pp,7.641982670579231,8.888859886046001,0.859725855570729
94,WARRIOR,proc_bonus_pp,7.579080294040312,8.888859886046001,0.8526493151206241
94,CLERIC,search_reduction_pct,11.581812083265572,16.22849200051803,0.7136714910353881
94,MAGE,search_reduction_pct,11.581812083265572,16.22849200051803,0.7136714910353881
94,PALADIN,search_reduction_pct,11.42326966207328,16.22849200051803,0.7039021038867096
94,RANGER,search_reduction_pct,16.22849200051803,16.22849200051803,1.0
94,ROGUE,search_reduction_pct,16.201035389077965,16.22849200051803,0.9983081230567086
94,WARRIOR,search_reduction_pct,11.42326966207328,16.22849200051803,0.7039021038867096
94,CLERIC,sale_bonus_pct,14.052858819584173,17.665113700098107,0.7955147675899832
94,MAGE,sale_bonus_pct,14.052858819584173,17.665113700098107,0.7955147675899832
94,PALADIN,sale_bonus_pct,17.665113700098107,17.665113700098107,1.0
94,RANGER,sale_bonus_pct,14.09039635712171,17.665113700098107,0.7976397206570742
94,ROGUE,sale_bonus_pct,13.644386553435828,17.665113700098107,0.7723916633132144
94,WARRIOR,sale_bonus_pct,13.926181898389824,17.665113700098107,0.7883437454643998
95,CLERIC,capacity_bonus_h,3.497530943115676,3.7834523945639593,0.924428426307387
95,MAGE,capacity_bonus_h,3.4971672895812165,3.7834523945639593,0.9243323094552278
95,PALADIN,capacity_bonus_h,3.489588585519533,3.7834523945639593,0.9223291908029164
95,RANGER,capacity_bonus_h,3.534370868634084,3.7834523945639593,0.9341655451281072
95,ROGUE,capacity_bonus_h,3.5225558223306996,3.7834523945639593,0.9310427236753093
95,WARRIOR,capacity_bonus_h,3.7834523945639593,3.7834523945639593,1.0
95,CLERIC,proc_bonus_pp,8.913756984887513,8.913756984887513,1.0
95,MAGE,proc_bonus_pp,8.913756984887513,8.913756984887513,1.0
95,PALADIN,proc_bonus_pp,7.62102290556075,8.913756984887513,0.8549731520033046
95,RANGER,proc_bonus_pp,8.495401935227747,8.913756984887513,0.953066361314421
95,ROGUE,proc_bonus_pp,7.679525907599012,8.913756984887513,0.861536378052371
95,WARRIOR,proc_bonus_pp,7.617986141216628,8.913756984887513,0.8546324691297115
95,CLERIC,search_reduction_pct,11.664303270939687,16.268833004151844,0.7169723401772536
95,MAGE,search_reduction_pct,11.664303270939687,16.268833004151844,0.7169723401772536
95,PALADIN,search_reduction_pct,11.4745274214825,16.268833004151844,0.7053073455578636
95,RANGER,search_reduction_pct,16.268833004151844,16.268833004151844,1.0
95,ROGUE,search_reduction_pct,16.23285895512437,16.268833004151844,0.9977887750757357
95,WARRIOR,search_reduction_pct,11.4745274214825,16.268833004151844,0.7053073455578636
95,CLERIC,sale_bonus_pct,14.121260683760685,17.692563498019517,0.798146672489908
95,MAGE,sale_bonus_pct,14.121260683760685,17.692563498019517,0.798146672489908
95,PALADIN,sale_bonus_pct,17.692563498019517,17.692563498019517,1.0
95,RANGER,sale_bonus_pct,14.158798221298223,17.692563498019517,0.8002683287180595
95,ROGUE,sale_bonus_pct,13.699957545378034,17.692563498019517,0.7743342307015934
95,WARRIOR,sale_bonus_pct,13.997474377671814,17.692563498019517,0.791150156348947
96,CLERIC,capacity_bonus_h,3.5098045440071837,3.790225423352387,0.926014722602653
96,MAGE,capacity_bonus_h,3.5094585099417417,3.790225423352387,0.9259234261685914
96,PALADIN,capacity_bonus_h,3.501483701936747,3.790225423352387,0.9238193803364199
96,RANGER,capacity_bonus_h,3.5456208987412374,3.790225423352387,0.9354643860747467
96,ROGUE,capacity_bonus_h,3.534631239026151,3.790225423352387,0.9325649121681614
96,WARRIOR,capacity_bonus_h,3.790225423352387,3.790225423352387,1.0
96,CLERIC,proc_bonus_pp,8.946021563024214,8.946021563024214,1.0
96,MAGE,proc_bonus_pp,8.946021563024214,8.946021563024214,1.0
96,PALADIN,proc_bonus_pp,7.670700232044908,8.946021563024214,0.8574426272064358
96,RANGER,proc_bonus_pp,8.535921228110267,8.946021563024214,0.954158356088814
96,ROGUE,proc_bonus_pp,7.728099589587513,8.946021563024214,0.8638588153564677
96,WARRIOR,proc_bonus_pp,7.667789075345057,8.946021563024214,0.8571172136492091
96,CLERIC,search_reduction_pct,11.734059634081106,16.331494421448138,0.7184927068689302
96,MAGE,search_reduction_pct,11.734059634081106,16.331494421448138,0.7184927068689302
96,PALADIN,search_reduction_pct,11.502217294900223,16.331494421448138,0.7042966796592951
96,RANGER,search_reduction_pct,16.331494421448138,16.331494421448138,1.0
96,ROGUE,search_reduction_pct,16.285367418143903,16.331494421448138,0.9971755797654588
96,WARRIOR,search_reduction_pct,11.502217294900223,16.331494421448138,0.7042966796592951
96,CLERIC,sale_bonus_pct,14.159312434141203,17.73429786239029,0.79841404176307
96,MAGE,sale_bonus_pct,14.159312434141203,17.73429786239029,0.79841404176307
96,PALADIN,sale_bonus_pct,17.73429786239029,17.73429786239029,1.0
96,RANGER,sale_bonus_pct,14.213385974155623,17.73429786239029,0.8014631356958551
96,ROGUE,sale_bonus_pct,13.764986272393386,17.73429786239029,0.776178813460963
96,WARRIOR,sale_bonus_pct,14.056182792544615,17.73429786239029,0.7925987767665742
97,CLERIC,capacity_bonus_h,3.5182930803466657,3.7951467459892094,0.9270506032645172
97,MAGE,capacity_bonus_h,3.5179589552910504,3.7951467459892094,0.926962563175957
97,PALADIN,capacity_bonus_h,3.5103975744540485,3.7951467459892094,0.924970181499282
97,RANGER,capacity_bonus_h,3.553618830773699,3.7951467459892094,0.9363587414713904
97,ROGUE,capacity_bonus_h,3.5432402627884367,3.7951467459892094,0.9336240466941119
97,WARRIOR,capacity_bonus_h,3.7951467459892094,3.7951467459892094,1.0
97,CLERIC,proc_bonus_pp,8.96929716297389,8.96929716297389,1.0
97,MAGE,proc_bonus_pp,8.96929716297389,8.96929716297389,1.0
97,PALADIN,proc_bonus_pp,7.706899252031755,8.96929716297389,0.8592534188572286
97,RANGER,proc_bonus_pp,8.565057994518819,8.96929716297389,0.9549307865365629
97,ROGUE,proc_bonus_pp,7.763250062241744,8.96929716297389,0.8655360527343411
97,WARRIOR,proc_bonus_pp,7.704078223836087,8.96929716297389,0.8589388983162755
97,CLERIC,search_reduction_pct,11.810851582079152,16.379313889107532,0.7210834142407839
97,MAGE,search_reduction_pct,11.810851582079152,16.379313889107532,0.7210834142407839
97,PALADIN,search_reduction_pct,11.551567696544632,16.379313889107532,0.7052534541282942
97,RANGER,search_reduction_pct,16.379313889107532,16.379313889107532,1.0
97,ROGUE,search_reduction_pct,16.32388633407655,16.379313889107532,0.9966160026356268
97,WARRIOR,search_reduction_pct,11.551567696544632,16.379313889107532,0.7052534541282942
97,CLERIC,sale_bonus_pct,14.159312434141203,17.76613566502818,0.7969832439146098
97,MAGE,sale_bonus_pct,14.159312434141203,17.76613566502818,0.7969832439146098
97,PALADIN,sale_bonus_pct,17.76613566502818,17.76613566502818,1.0
97,RANGER,sale_bonus_pct,14.213385974155623,17.76613566502818,0.8000268737187467
97,ROGUE,sale_bonus_pct,13.764986272393386,17.76613566502818,0.7747878622524046
97,WARRIOR,sale_bonus_pct,14.13358716122165,17.76613566502818,0.7955352490661751
98,CLERIC,capacity_bonus_h,3.5270307605681723,3.7999253093442134,0.9281842334887532
98,MAGE,capacity_bonus_h,3.526708688675722,3.7999253093442134,0.928099476061638
98,PALADIN,capacity_bonus_h,3.519133666878855,3.7999253093442134,0.9261060100905465
98,RANGER,capacity_bonus_h,3.561590104191867,3.7999253093442134,0.9372789763613859
98,ROGUE,capacity_bonus_h,3.551631323931956,3.7999253093442134,0.9346581932014059
98,WARRIOR,capacity_bonus_h,3.7999253093442134,3.7999253093442134,1.0
98,CLERIC,proc_bonus_pp,8.991629644568798,8.991629644568798,1.0
98,MAGE,proc_bonus_pp,8.991629644568798,8.991629644568798,1.0
98,PALADIN,proc_bonus_pp,7.742043339542678,8.991629644568798,0.8610278276106594
98,RANGER,proc_bonus_pp,8.593277575584489,8.991629644568798,0.9556974558861057
98,ROGUE,proc_bonus_pp,7.7983459833977795,8.991629644568798,0.8672895005309971
98,WARRIOR,proc_bonus_pp,7.739308287789972,8.991629644568798,0.8607236500743484
98,CLERIC,search_reduction_pct,11.882976458973035,16.408078611374503,0.7242149882641011
98,MAGE,search_reduction_pct,11.882976458973035,16.408078611374503,0.7242149882641011
98,PALADIN,search_reduction_pct,11.57791518224171,16.408078611374503,0.7056228493576087
98,RANGER,search_reduction_pct,16.408078611374503,16.408078611374503,1.0
98,ROGUE,search_reduction_pct,16.351808036321337,16.408078611374503,0.9965705567125844
98,WARRIOR,search_reduction_pct,11.57791518224171,16.408078611374503,0.7056228493576087
98,CLERIC,sale_bonus_pct,14.243684243684244,17.781556921607798,0.8010369568018872
98,MAGE,sale_bonus_pct,14.243684243684244,17.781556921607798,0.8010369568018872
98,PALADIN,sale_bonus_pct,17.781556921607798,17.781556921607798,1.0
98,RANGER,sale_bonus_pct,14.312984312984314,17.781556921607798,0.8049342572242061
98,ROGUE,sale_bonus_pct,13.809099573245529,17.781556921607798,0.7765967645085669
98,WARRIOR,sale_bonus_pct,14.151131020870773,17.781556921607798,0.7958319444837025
99,CLERIC,capacity_bonus_h,3.5354740557390376,3.804564749521947,0.9292716219860048
99,MAGE,capacity_bonus_h,3.535163428684659,3.804564749521947,0.9291899761014348
99,PALADIN,capacity_bonus_h,3.5278955992191574,3.804564749521947,0.9272796841379678
99,RANGER,capacity_bonus_h,3.5694065086031,3.804564749521947,0.9381905010426238
99,ROGUE,capacity_bonus_h,3.560125621816591,3.804564749521947,0.9357510927534956
99,WARRIOR,capacity_bonus_h,3.804564749521947,3.804564749521947,1.0
99,CLERIC,proc_bonus_pp,9.013277278160537,9.013277278160537,1.0
99,MAGE,proc_bonus_pp,9.013277278160537,9.013277278160537,1.0
99,PALADIN,proc_bonus_pp,7.777089359836251,9.013277278160537,0.8628481205920948
99,RANGER,proc_bonus_pp,8.620803262645229,9.013277278160537,0.9564560144547771
99,ROGUE,proc_bonus_pp,7.833545939977453,9.013277278160537,0.8691118333792293
99,WARRIOR,proc_bonus_pp,7.774438683805678,9.013277278160537,0.8625540348840033
99,CLERIC,search_reduction_pct,11.902573323474716,16.448150795747033,0.7236420355869027
99,MAGE,search_reduction_pct,11.902573323474716,16.448150795747033,0.7236420355869027
99,PALADIN,search_reduction_pct,11.604921355081217,16.448150795747033,0.70554565672403
99,RANGER,search_reduction_pct,16.448150795747033,16.448150795747033,1.0
99,ROGUE,search_reduction_pct,16.387155748845654,16.448150795747033,0.996291677547293
99,WARRIOR,search_reduction_pct,11.604921355081217,16.448150795747033,0.70554565672403
99,CLERIC,sale_bonus_pct,14.312222670431627,17.814319519072228,0.803411135357081
99,MAGE,sale_bonus_pct,14.312222670431627,17.814319519072228,0.803411135357081
99,PALADIN,sale_bonus_pct,17.814319519072228,17.814319519072228,1.0
99,RANGER,sale_bonus_pct,14.381522739731697,17.814319519072228,0.8073012681924034
99,ROGUE,sale_bonus_pct,13.809099573245529,17.814319519072228,0.7751685130864155
99,WARRIOR,sale_bonus_pct,14.233821733821735,17.814319519072228,0.7990101288226492
100,CLERIC,capacity_bonus_h,3.5436718595195167,3.8090519778063716,0.9303290898015818
100,MAGE,capacity_bonus_h,3.5433721324372827,3.8090519778063716,0.9302504016965152
100,PALADIN,capacity_bonus_h,3.536438115646248,3.8090519778063716,0.9284299968211194
100,RANGER,capacity_bonus_h,3.5769010413213063,3.8090519778063716,0.9390528305106614
100,ROGUE,capacity_bonus_h,3.5680195309276814,3.8090519778063716,0.9367211452395301
100,WARRIOR,capacity_bonus_h,3.8090519778063716,3.8090519778063716,1.0
100,CLERIC,proc_bonus_pp,9.034354492274636,9.034354492274636,1.0
100,MAGE,proc_bonus_pp,9.034354492274636,9.034354492274636,1.0
100,PALADIN,proc_bonus_pp,7.81147505759333,9.034354492274636,0.8646411942627443
100,RANGER,proc_bonus_pp,8.64768317462289,9.034354492274636,0.9571998953569518
100,ROGUE,proc_bonus_pp,7.86810180375818,9.034354492274636,0.8709091292007936
100,WARRIOR,proc_bonus_pp,7.808905994558901,9.034354492274636,0.8643568282865558
100,CLERIC,search_reduction_pct,11.951778698408994,16.479638280724288,0.7252452083483296
100,MAGE,search_reduction_pct,11.951778698408994,16.479638280724288,0.7252452083483296
100,PALADIN,search_reduction_pct,11.677582053598314,16.479638280724288,0.7086066972269175
100,RANGER,search_reduction_pct,16.479638280724288,16.479638280724288,1.0
100,ROGUE,search_reduction_pct,16.42103254647235,16.479638280724288,0.9964437487489949
100,WARRIOR,search_reduction_pct,11.677582053598314,16.479638280724288,0.7086066972269175
100,CLERIC,sale_bonus_pct,14.374138844727081,17.838337248202915,0.8058003750419717
100,MAGE,sale_bonus_pct,14.374138844727081,17.838337248202915,0.8058003750419717
100,PALADIN,sale_bonus_pct,17.838337248202915,17.838337248202915,1.0
100,RANGER,sale_bonus_pct,14.425420896009133,17.838337248202915,0.8086751974297599
100,ROGUE,sale_bonus_pct,13.869463038214258,17.838337248202915,0.7775087355527773
100,WARRIOR,sale_bonus_pct,14.300290737729656,17.838337248202915,0.8016605213117779
