class,level,hp_mean,hp_min,hp_max,mp_mean,mp_min,mp_max,cap_h_mean,cap_h_min,cap_h_max,raw_proc_pct_mean,raw_proc_pct_min,raw_proc_pct_max,search_s_mean,search_s_min,search_s_max,sale_bonus_pct_mean,sale_bonus_pct_min,sale_bonus_pct_max,bag_mean,bag_min,bag_max,hp_delta_1level,mp_delta_1level,cap_h_delta_1level,raw_proc_pct_delta_1level,search_s_delta_1level,sale_bonus_pct_delta_1level,bag_delta_1level
CLERIC,1,8.5,6,11,9.9375,7,12,8.01050162353799,8.00796214341107,8.012930732976299,9.516562500000001,9.011666666666667,10.02,4.93,4.9,4.966666666666667,1.6083333333333334,0.8,2.0,19.8125,18,22,,,,,,,
CLERIC,2,14.625,11,18,15.4375,10,19,8.016205556314345,8.012930732976299,8.019174630310284,9.650729166666666,9.016666666666667,10.031666666666666,4.92875,4.8933333333333335,4.966666666666667,1.7,0.9333333333333333,2.1333333333333333,19.9375,18,22,6.125,5.5,0.005703932776354392,0.13416666666666544,-0.0012499999999997513,0.09166666666666656,0.125
CLERIC,3,26.625,19,36,27.125,15,36,8.026143790291886,8.02002220373109,8.033384970435225,9.920208333333333,9.025,11.048333333333334,4.925416666666667,4.8933333333333335,4.96,1.9166666666666667,1.3333333333333333,2.5333333333333337,21.0625,19,23,12.0,11.6875,0.009938233977541344,0.2694791666666667,-0.0033333333333329662,0.21666666666666679,1.125
CLERIC,4,32.5625,25,44,33.5625,19,42,8.030718433294219,8.024937964495647,8.0391986523786,9.9934375,9.031666666666666,11.061666666666667,4.924166666666666,4.8933333333333335,4.96,2.0166666666666666,1.3333333333333333,2.6666666666666665,21.1875,19,23,5.9375,6.4375,0.004574643002332124,0.07322916666666757,-0.0012500000000006395,0.09999999999999987,0.125
CLERIC,5,38.4375,30,52,39.75,25,49,8.035088291563383,8.028853998118144,8.044803471974063,10.06625,9.041666666666666,11.075,4.92375,4.8933333333333335,4.96,2.1333333333333333,1.3333333333333333,2.9333333333333336,22.3125,20,24,5.875,6.1875,0.004369858269164695,0.0728124999999995,-0.0004166666666662877,0.1166666666666667,1.125
CLERIC,6,51.4375,41,69,52.9375,35,64,8.044333268922532,8.037045552881072,8.056180845120728,10.338229166666666,9.075,11.106666666666667,4.9225,4.8933333333333335,4.96,2.2916666666666665,1.6,3.0666666666666664,23.5,22,25,13.0,13.1875,0.009244977359148976,0.2719791666666662,-0.0012499999999997513,0.15833333333333321,1.1875
CLERIC,7,58.0625,46,77,59.875,39,74,8.048854987502406,8.04061769374364,8.061334040481057,10.349791666666667,9.086666666666666,11.123333333333333,4.922083333333333,4.8933333333333335,4.96,2.3916666666666666,1.6,3.2,23.5,22,25,6.625,6.9375,0.0045217185798733794,0.011562500000000142,-0.0004166666666671759,0.10000000000000009,0.0
CLERIC,8,64.6875,49,86,66.0625,45,83,8.053261735614196,8.042723405125205,8.06700508405813,10.610104166666666,9.096666666666668,11.138333333333334,4.921666666666667,4.8933333333333335,4.96,2.5166666666666666,1.7333333333333334,3.2,24.5625,23,26,6.625,6.1875,0.004406748111790648,0.2603124999999995,-0.0004166666666662877,0.125,1.0625
CLERIC,9,77.875,61,104,80.25,59,100,8.061796411490846,8.05090645599308,8.078007375529285,10.88375,10.098333333333333,11.166666666666666,4.919583333333334,4.886666666666667,4.96,2.658333333333333,2.0,3.466666666666667,24.875,23,27,13.1875,14.1875,0.0085346758766498,0.27364583333333314,-0.002083333333333215,0.1416666666666666,0.3125
CLERIC,10,84.25,64,113,87.25,66,108,8.06580542911088,8.052899671428403,8.083362695734161,11.020416666666666,10.11,11.18,4.917916666666667,4.886666666666667,4.96,2.7583333333333333,2.0,3.5999999999999996,25.875,24,28,6.375,7.0,0.004009017620033362,0.13666666666666671,-0.0016666666666669272,0.10000000000000009,1.0
CLERIC,11,90.5625,70,123,94.5,71,115,8.069722577330458,8.056831278649852,8.089214014928066,11.032499999999999,10.118333333333334,11.191666666666666,4.917083333333333,4.88,4.96,2.8333333333333335,2.0,3.7333333333333334,26.9375,25,29,6.3125,7.25,0.003917148219578337,0.012083333333333002,-0.0008333333333334636,0.07500000000000018,1.0625
CLERIC,12,96.6875,73,131,101.9375,75,122,8.073470533816305,8.058771568784303,8.093826611412592,11.107395833333333,10.125,12.198333333333334,4.915416666666666,4.88,4.96,2.941666666666667,2.0,3.8666666666666667,27.0,25,29,6.125,7.4375,0.003747956485847581,0.0748958333333345,-0.0016666666666669272,0.10833333333333339,0.0625
CLERIC,13,110.0,83,151,117.25,89,138,8.081452194892861,8.065128558992084,8.105121258892025,11.320416666666667,10.17,12.228333333333333,4.913333333333333,4.873333333333333,4.96,3.1166666666666667,2.2666666666666666,4.0,28.1875,26,30,13.3125,15.3125,0.007981661076556179,0.21302083333333321,-0.002083333333333215,0.17499999999999982,1.1875
CLERIC,14,116.625,87,161,125.25,96,149,8.085346502533561,8.06762766574422,8.110654656965288,11.45875,10.185,12.245,4.913333333333333,4.873333333333333,4.96,3.1999999999999997,2.2666666666666666,4.133333333333333,28.3125,26,30,6.625,8.0,0.0038943076406994237,0.13833333333333364,0.0,0.08333333333333304,0.125
CLERIC,15,130.4375,97,179,141.8125,109,168,8.093340842690122,8.073777915863083,8.120445733325312,11.923854166666667,10.21,12.28,4.910416666666666,4.873333333333333,4.946666666666666,3.35,2.5333333333333337,4.133333333333333,29.6875,28,32,13.8125,16.5625,0.007994340156560753,0.46510416666666643,-0.0029166666666666785,0.15000000000000036,1.375
CLERIC,16,137.4375,101,188,150.5625,115,177,8.09732640391606,8.076201951640673,8.125266595631297,12.1259375,11.191666666666666,12.295,4.909166666666667,4.873333333333333,4.946666666666666,3.4416666666666664,2.6666666666666665,4.266666666666667,30.75,29,33,7.0,8.75,0.0039855612259387385,0.2020833333333325,-0.0012499999999997513,0.09166666666666634,1.0625
CLERIC,17,144.5625,108,196,158.5,123,187,8.101347970218818,8.080398509919474,8.129513145852016,12.139166666666666,11.205,12.311666666666667,4.90875,4.873333333333333,4.946666666666666,3.5666666666666664,2.8000000000000003,4.4,30.875,29,33,7.125,7.9375,0.004021566302757407,0.01322916666666707,-0.0004166666666662877,0.125,0.125
CLERIC,18,159.0,119,216,175.5,140,203,8.109365970222113,8.086885351910066,8.139981936197135,12.23,11.233333333333333,13.313333333333333,4.9070833333333335,4.866666666666666,4.946666666666666,3.7333333333333334,3.0666666666666664,4.533333333333333,31.9375,30,35,14.4375,17.0,0.008018000003295,0.09083333333333421,-0.0016666666666669272,0.16666666666666696,1.0625
CLERIC,19,166.3125,123,226,183.6875,147,213,8.113366404754558,8.089214014928066,8.145142883458513,12.368645833333334,11.271666666666667,13.328333333333333,4.90625,4.866666666666666,4.946666666666666,3.825,3.0666666666666664,4.666666666666667,31.9375,30,35,7.3125,8.1875,0.004000434532445141,0.13864583333333336,-0.0008333333333334636,0.09166666666666679,0.0
CLERIC,20,180.3125,134,244,202.3125,162,233,8.120938800360205,8.095541671293244,8.154319517382087,12.6496875,11.305,13.388333333333334,4.904583333333333,4.866666666666666,4.946666666666666,3.9833333333333334,3.0666666666666664,4.933333333333334,33.0,31,36,14.0,18.625,0.007572395605647486,0.28104166666666686,-0.0016666666666669272,0.15833333333333321,1.0625
CLERIC,21,187.5,141,254,211.9375,172,244,8.12478442544165,8.099514023434768,8.159358769865461,12.978229166666667,11.321666666666667,13.403333333333332,4.90375,4.866666666666666,4.946666666666666,4.066666666666666,3.0666666666666664,4.933333333333334,34.25,33,37,7.1875,9.625,0.0038456250814444815,0.3285416666666663,-0.0008333333333334636,0.08333333333333304,1.25
CLERIC,22,202.1875,151,274,231.125,190,268,8.132538333652887,8.105121258892025,8.16932046231732,13.135208333333333,12.316666666666666,13.433333333333334,4.9025,4.866666666666666,4.946666666666666,4.216666666666667,3.0666666666666664,5.333333333333333,34.6875,33,37,14.6875,19.1875,0.007753908211237004,0.156979166666666,-0.0012499999999997513,0.15000000000000036,0.4375
CLERIC,23,217.75,161,296,250.625,206,289,8.140643364527785,8.110654656965288,8.18011188199439,13.355208333333334,12.39,14.448333333333334,4.899583333333333,4.86,4.946666666666666,4.4,3.2,5.466666666666667,35.8125,34,38,15.5625,19.5,0.008105030874897778,0.22000000000000064,-0.0029166666666666785,0.18333333333333357,1.125
CLERIC,24,225.5625,166,306,260.4375,215,301,8.144664245436822,8.113395407434448,8.184963543322244,13.4340625,12.405,14.468333333333334,4.89875,4.86,4.946666666666666,4.483333333333333,3.333333333333333,5.733333333333333,35.8125,34,38,7.8125,9.8125,0.004020880909036961,0.078854166666666,-0.0008333333333334636,0.08333333333333304,0.0
CLERIC,25,241.125,178,326,280.125,236,325,8.152599194010804,8.119907126968787,8.194573224165245,13.654375,12.438333333333333,14.518333333333333,4.8966666666666665,4.86,4.946666666666666,4.658333333333333,3.333333333333333,5.866666666666667,37.0,35,39,15.5625,19.6875,0.007934948573982581,0.22031250000000036,-0.002083333333333215,0.17499999999999982,1.1875
CLERIC,26,248.625,183,337,290.9375,247,338,8.156378597035355,8.12259418396269,8.19980801994142,13.922395833333333,12.456666666666667,14.533333333333333,4.895833333333333,4.86,4.946666666666666,4.775,3.333333333333333,6.0,38.125,36,40,7.5,10.8125,0.0037794030245503762,0.26802083333333293,-0.0008333333333334636,0.11666666666666714,1.125
CLERIC,27,264.375,192,357,312.125,265,359,8.164254795576305,8.127394294577119,8.209239449259123,14.145208333333333,12.496666666666666,14.571666666666667,4.892083333333334,4.86,4.946666666666666,4.966666666666667,3.5999999999999996,6.2666666666666675,38.1875,36,40,15.75,21.1875,0.007876198540950341,0.22281249999999986,-0.003749999999999254,0.19166666666666643,0.0625
CLERIC,28,280.625,200,375,333.9375,284,382,8.172285305467147,8.131623365722321,8.21763764082403,14.3690625,13.523333333333333,14.636666666666667,4.889583333333333,4.8533333333333335,4.946666666666666,5.183333333333334,4.133333333333333,6.4,39.375,37,41,16.25,21.8125,0.008030509890842197,0.22385416666666735,-0.002500000000000391,0.21666666666666679,1.1875
CLERIC,29,288.75,205,387,345.0625,293,393,8.176266845646174,8.134249316789484,8.223191559827166,14.512604166666666,13.538333333333334,15.61,4.88875,4.8533333333333335,4.946666666666666,5.25,4.266666666666667,6.4,39.5,37,41,8.125,11.125,0.0039815401790264104,0.1435416666666658,-0.0008333333333334636,0.06666666666666643,0.125
CLERIC,30,304.875,218,407,367.6875,312,417,8.184105901361335,8.141017882870548,8.232372388883347,14.8003125,13.578333333333333,15.673333333333334,4.8875,4.8533333333333335,4.933333333333334,5.433333333333334,4.533333333333333,6.533333333333333,40.625,38,42,16.125,22.625,0.00783905571516108,0.28770833333333456,-0.0012499999999997513,0.18333333333333357,1.125
CLERIC,31,320.8125,230,426,390.8125,332,440,8.191773407788693,8.147194392054393,8.241010894530442,15.026354166666668,13.615,15.715,4.88625,4.8533333333333335,4.933333333333334,5.625,4.666666666666667,6.800000000000001,41.8125,40,44,15.9375,23.125,0.0076675064273583615,0.22604166666666714,-0.0012499999999997513,0.19166666666666643,1.1875
CLERIC,32,337.4375,243,449,414.625,354,462,8.199686336870046,8.153813344047656,8.251365730233879,15.441041666666667,14.59,15.76,4.88375,4.8533333333333335,4.926666666666667,5.8,4.8,7.066666666666666,41.9375,40,44,16.625,23.8125,0.007912929081353326,0.41468749999999943,-0.002500000000000391,0.17499999999999982,0.125
CLERIC,33,346.125,251,460,426.4375,365,473,8.203793522401138,8.157851230804713,8.256280321833966,15.460729166666667,14.608333333333334,15.78,4.882083333333333,4.846666666666667,4.926666666666667,5.85,4.8,7.066666666666666,43.125,41,45,8.6875,11.8125,0.004107185531092128,0.019687499999999858,-0.0016666666666669272,0.04999999999999982,1.1875
CLERIC,34,363.3125,262,485,450.875,391,498,8.211847499023007,8.163361618834797,8.267363665230432,15.688958333333334,14.698333333333334,16.775,4.879583333333334,4.846666666666667,4.926666666666667,6.033333333333333,5.066666666666667,7.333333333333333,43.1875,41,45,17.1875,24.4375,0.00805397662186813,0.22822916666666693,-0.0024999999999995026,0.18333333333333357,0.0625
CLERIC,35,380.8125,276,509,475.8125,413,526,8.219968207963426,8.170308475340084,8.277896592262664,16.043020833333333,14.748333333333333,16.871666666666666,4.8774999999999995,4.846666666666667,4.92,6.183333333333334,5.066666666666667,7.6,44.3125,42,46,17.5,24.9375,0.008120708940419163,0.3540624999999995,-0.002083333333334103,0.15000000000000036,1.125
CLERIC,36,398.125,290,531,501.9375,438,554,8.227936655985422,8.17718517982218,8.287464759757356,16.2740625,15.73,16.921666666666667,4.8741666666666665,4.846666666666667,4.906666666666666,6.375,5.333333333333333,7.733333333333333,45.5625,43,47,17.3125,26.125,0.007968448021996366,0.23104166666666615,-0.0033333333333329662,0.19166666666666643,1.25
CLERIC,37,415.125,304,554,528.875,463,583,8.235689302238969,8.18399577991454,8.29738345798528,16.506458333333335,15.828333333333333,16.971666666666668,4.870416666666666,4.833333333333333,4.9,6.541666666666667,5.466666666666667,7.866666666666666,45.75,43,48,17.0,26.9375,0.007752646253546658,0.23239583333333513,-0.003750000000000142,0.16666666666666696,0.1875
CLERIC,38,423.875,311,567,542.0625,477,597,8.239652848508632,8.187377442316858,8.302953129054966,16.5909375,15.846666666666668,16.995,4.868333333333333,4.833333333333333,4.9,6.625,5.6000000000000005,7.866666666666666,47.0,45,49,8.75,13.1875,0.003963546269662999,0.08447916666666444,-0.002083333333333215,0.08333333333333304,1.25
CLERIC,39,441.3125,327,590,569.125,504,626,8.24751384744652,8.195050558183004,8.312745165281006,16.823541666666667,15.888333333333334,17.988333333333333,4.8654166666666665,4.833333333333333,4.9,6.841666666666667,5.866666666666667,8.0,47.125,45,49,17.4375,27.0625,0.007860998937887942,0.23260416666666828,-0.0029166666666666785,0.21666666666666679,0.125
CLERIC,40,458.25,338,612,597.125,531,657,8.255081872862878,8.200282201068987,8.322040233656853,17.307708333333334,15.935,18.095,4.864166666666667,4.833333333333333,4.9,7.033333333333333,6.133333333333333,8.133333333333333,48.25,46,50,16.9375,28.0,0.007568025416357926,0.48416666666666686,-0.0012499999999997513,0.19166666666666643,1.125
CLERIC,41,476.125,352,636,625.875,559,689,8.263010596603577,8.206891727620798,8.332104444611492,17.418125,16.931666666666665,18.148333333333333,4.86125,4.833333333333333,4.8933333333333335,7.175,6.133333333333333,8.4,49.375,47,51,17.875,28.75,0.007928723740699084,0.11041666666666572,-0.0029166666666666785,0.1416666666666666,1.125
CLERIC,42,493.6875,364,659,654.875,587,721,8.270744196942896,8.212515250975006,8.341678244467268,17.716458333333332,17.026666666666667,18.201666666666668,4.85875,4.833333333333333,4.8933333333333335,7.316666666666666,6.4,8.533333333333333,49.5625,47,51,17.5625,29.0,0.00773360033931958,0.298333333333332,-0.002500000000000391,0.1416666666666666,0.1875
CLERIC,43,511.125,377,683,683.8125,617,753,8.278364794713072,8.218565733898442,8.35159732180955,17.8896875,17.071666666666665,19.201666666666668,4.855833333333333,4.833333333333333,4.8933333333333335,7.508333333333334,6.4,8.666666666666668,50.75,48,53,17.4375,28.9375,0.007620597770175763,0.173229166666669,-0.0029166666666666785,0.19166666666666732,1.1875
CLERIC,44,529.9375,390,710,713.125,643,785,8.286524381401913,8.224574623872586,8.362673375428994,18.251041666666666,17.123333333333335,19.256666666666668,4.852916666666666,4.82,4.886666666666667,7.733333333333333,6.533333333333333,8.8,51.0,48,54,18.8125,29.3125,0.008159586688840648,0.36135416666666487,-0.0029166666666666785,0.22499999999999964,0.25
CLERIC,45,548.625,402,735,743.4375,671,818,8.29457697566073,8.230085811281363,8.372854051542248,18.5515625,17.173333333333332,19.363333333333333,4.85125,4.82,4.886666666666667,7.975,6.800000000000001,8.933333333333334,52.0625,49,55,18.6875,30.3125,0.008052594258817436,0.30052083333333357,-0.001666666666666039,0.24166666666666625,1.0625
CLERIC,46,566.9375,418,760,774.5,702,851,8.302419787578241,8.237383222304723,8.38296569179065,18.85333333333333,18.185,20.373333333333335,4.849166666666666,4.82,4.886666666666667,8.158333333333333,6.933333333333334,9.200000000000001,53.375,50,57,18.3125,31.0625,0.007842811917511128,0.30177083333333243,-0.002083333333334103,0.18333333333333357,1.3125
CLERIC,47,594.8125,435,794,822.1875,745,906,8.314252113908235,8.245075784167017,8.396611586396405,19.0578125,18.291666666666668,20.463333333333335,4.844166666666666,4.8133333333333335,4.88,8.4,7.199999999999999,9.6,53.6875,51,58,27.875,47.6875,0.011832326329994203,0.204479166666669,-0.004999999999999893,0.24166666666666714,0.3125
CLERIC,48,613.625,448,819,854.5,776,939,8.322177250993803,8.250917762726301,8.40657073677524,19.674166666666668,18.373333333333335,20.565,4.84125,4.8133333333333335,4.873333333333333,8.541666666666666,7.333333333333333,9.733333333333334,54.9375,52,59,18.8125,32.3125,0.007925137085567968,0.6163541666666674,-0.0029166666666666785,0.14166666666666572,1.25
CLERIC,49,641.9375,467,858,903.8125,823,991,8.334009451807953,8.259395537120199,8.421986760602621,19.881354166666668,19.371666666666666,20.651666666666667,4.8375,4.806666666666667,4.873333333333333,8.816666666666666,7.466666666666667,10.133333333333335,55.125,52,59,28.3125,49.3125,0.011832200814149374,0.20718749999999986,-0.003749999999999254,0.27500000000000036,0.1875
CLERIC,50,661.1875,479,883,937.375,852,1029,8.341999282616328,8.264714302039907,8.431794949427463,20.187291666666667,19.431666666666665,21.68,4.836666666666667,4.806666666666667,4.873333333333333,8.991666666666667,7.733333333333333,10.266666666666666,56.375,53,61,19.25,33.5625,0.007989830808375231,0.30593749999999886,-0.0008333333333334636,0.1750000000000007,1.25
CLERIC,51,691.0,498,922,988.875,903,1088,8.354272887457117,8.2730816193811,8.446985805832286,20.585625,19.543333333333333,21.775,4.8341666666666665,4.806666666666667,4.873333333333333,9.258333333333333,7.866666666666666,10.533333333333331,57.625,55,62,29.8125,51.5,0.012273604840789432,0.39833333333333343,-0.002500000000000391,0.2666666666666657,1.25
CLERIC,52,711.875,516,949,1024.0,934,1126,8.362811762708668,8.280949819012342,8.457427178725606,21.019166666666667,20.556666666666665,21.876666666666665,4.829583333333333,4.8,4.873333333333333,9.358333333333334,7.866666666666666,10.8,57.75,55,62,20.875,35.125,0.008538875251550948,0.4335416666666667,-0.004583333333333606,0.10000000000000142,0.125
CLERIC,53,742.3125,538,992,1077.4375,982,1185,8.375163897659784,8.290492427580405,8.473934509625266,21.420729166666668,20.675,21.975,4.826666666666666,4.8,4.873333333333333,9.683333333333334,8.0,11.200000000000001,59.0,56,63,30.4375,53.4375,0.01235213495111509,0.4015625000000007,-0.0029166666666666785,0.3249999999999993,1.25
CLERIC,54,762.5,554,1019,1113.4375,1015,1225,8.38330806937696,8.29738345798528,8.48422626519626,21.480729166666666,20.726666666666667,22.041666666666668,4.825,4.793333333333333,4.873333333333333,9.866666666666667,8.133333333333333,11.333333333333332,59.125,56,64,20.1875,36.0,0.008144171717177073,0.05999999999999872,-0.001666666666666039,0.18333333333333357,0.125
CLERIC,55,793.75,575,1063,1168.9375,1063,1289,8.395815668484502,8.306367908041135,8.500882209992836,21.823229166666668,20.885,22.148333333333333,4.821666666666666,4.793333333333333,4.873333333333333,10.133333333333333,8.4,11.6,60.4375,57,65,31.25,55.5,0.012507599107541623,0.34250000000000114,-0.0033333333333338544,0.2666666666666657,1.3125
CLERIC,56,814.6875,589,1087,1206.875,1098,1331,8.404147980678653,8.312321032116387,8.509908945055189,22.011458333333334,21.83,22.218333333333334,4.820833333333333,4.793333333333333,4.873333333333333,10.291666666666666,8.666666666666668,11.866666666666667,61.5,58,66,20.9375,37.9375,0.00833231219415076,0.188229166666666,-0.0008333333333334636,0.15833333333333321,1.0625
CLERIC,57,846.9375,609,1125,1264.4375,1148,1397,8.416892684098025,8.320776710492584,8.524120339078685,22.107395833333335,21.913333333333334,22.328333333333333,4.815833333333333,4.786666666666667,4.873333333333333,10.625,9.066666666666666,12.266666666666666,61.9375,59,67,32.25,57.5625,0.012744703419372172,0.09593750000000156,-0.004999999999999893,0.3333333333333339,0.4375
CLERIC,58,879.5,633,1165,1323.75,1202,1462,8.42967217400364,8.330850628030388,8.538976383081529,22.20625,22.003333333333334,22.436666666666667,4.81125,4.786666666666667,4.866666666666666,10.925,9.200000000000001,12.533333333333335,63.1875,60,68,32.5625,59.3125,0.012779489905614838,0.09885416666666558,-0.0045833333333327175,0.3000000000000007,1.25
CLERIC,59,902.1875,650,1192,1363.8125,1241,1503,8.438520119309194,8.337940062976196,8.548946473772496,22.273020833333334,22.068333333333335,22.505,4.807916666666666,4.78,4.8533333333333335,11.066666666666666,9.333333333333334,12.666666666666666,63.25,61,68,22.6875,40.0625,0.008847945305554106,0.066770833333333,-0.0033333333333338544,0.14166666666666572,0.0625
CLERIC,60,935.0625,678,1233,1425.0,1302,1564,8.45127415940155,8.349536674837612,8.564000457972329,22.375,22.17,22.606666666666666,4.80375,4.78,4.846666666666667,11.333333333333334,9.733333333333334,12.666666666666666,64.5,62,70,32.875,61.1875,0.012754040092355368,0.10197916666666629,-0.00416666666666643,0.2666666666666675,1.25
CLERIC,61,970.375,704,1276,1486.1875,1358,1627,8.464861596342695,8.360219420043187,8.579681625976248,22.476979166666666,22.263333333333332,22.711666666666666,4.8,4.766666666666667,4.846666666666667,11.591666666666667,10.266666666666666,12.8,65.625,63,71,35.3125,61.1875,0.013587436941145725,0.10197916666666629,-0.003750000000000142,0.25833333333333286,1.125
CLERIC,62,1005.0625,726,1319,1549.3125,1418,1698,8.478099855345858,8.369197109251028,8.595257439350513,22.5821875,22.363333333333333,22.83,4.797083333333333,4.76,4.84,11.775,10.533333333333331,13.066666666666666,65.875,64,72,34.6875,63.125,0.013238259003163222,0.10520833333333357,-0.0029166666666666785,0.18333333333333357,0.25
CLERIC,63,1028.625,744,1348,1591.9375,1461,1744,8.487051869017307,8.376502048768145,8.605704651893701,22.653229166666666,22.435,22.906666666666666,4.795416666666666,4.76,4.833333333333333,11.941666666666666,10.8,13.066666666666666,67.0,65,73,23.5625,42.625,0.00895201367144871,0.071041666666666,-0.0016666666666669272,0.16666666666666607,1.125
CLERIC,64,1064.3125,768,1390,1658.125,1521,1816,8.500530652838687,8.38618728553889,8.62075587076185,22.763541666666665,22.535,23.026666666666667,4.7908333333333335,4.753333333333333,4.833333333333333,12.174999999999999,10.8,13.333333333333332,67.3125,65,73,35.6875,66.1875,0.013478783821380347,0.11031249999999915,-0.0045833333333327175,0.2333333333333325,0.3125
CLERIC,65,1100.4375,796,1431,1725.125,1583,1889,8.514086139700805,8.39741060258734,8.635361218136326,22.875208333333333,22.638333333333332,23.148333333333333,4.78625,4.746666666666667,4.826666666666666,12.466666666666667,11.066666666666666,13.600000000000001,68.5625,66,74,36.125,67.0,0.01355548686211705,0.11166666666666814,-0.004583333333333606,0.29166666666666785,1.25
CLERIC,66,1137.875,826,1478,1793.375,1649,1967,8.528042516693557,8.409348339666773,8.652001421527023,22.988958333333333,22.748333333333335,23.278333333333332,4.782916666666667,4.74,4.826666666666666,12.733333333333334,11.333333333333332,13.866666666666667,69.8125,67,75,37.4375,68.25,0.013956376992751984,0.11374999999999957,-0.0033333333333329662,0.2666666666666675,1.25
CLERIC,67,1175.1875,852,1526,1862.9375,1713,2047,8.541847367872332,8.419624339987958,8.668886794923997,23.104895833333334,22.855,23.411666666666665,4.778333333333333,4.733333333333333,4.82,12.975,11.466666666666667,14.266666666666667,69.9375,68,75,37.3125,69.5625,0.013804851178775834,0.11593750000000114,-0.004583333333333606,0.24166666666666536,0.125
CLERIC,68,1200.375,871,1562,1910.0625,1757,2101,8.55111717805437,8.427094048235764,8.681481105099968,23.1834375,22.928333333333335,23.501666666666665,4.77625,4.733333333333333,4.82,13.125,11.6,14.399999999999999,71.125,69,76,25.1875,47.125,0.00926981018203854,0.07854166666666629,-0.002083333333333215,0.15000000000000036,1.1875
CLERIC,69,1237.9375,900,1610,1981.875,1823,2180,8.56487666000588,8.438432765486578,8.698183685131843,23.303125,23.038333333333334,23.633333333333333,4.773333333333333,4.733333333333333,4.8133333333333335,13.433333333333334,11.733333333333334,14.666666666666666,71.25,69,76,37.5625,71.8125,0.013759481951508334,0.11968750000000128,-0.0029166666666666785,0.30833333333333357,0.125
CLERIC,70,1276.0625,926,1662,2054.75,1891,2263,8.57874686895452,8.448536494670336,8.716166184514284,23.424583333333334,23.151666666666667,23.77166666666667,4.770833333333333,4.733333333333333,4.8133333333333335,13.708333333333334,11.866666666666667,14.8,72.4375,70,77,38.125,72.875,0.013870208948640439,0.121458333333333,-0.002500000000000391,0.27500000000000036,1.1875
CLERIC,71,1315.375,958,1713,2128.4375,1960,2346,8.59296674518089,8.460894369506764,8.733693861827847,23.547395833333333,23.266666666666666,23.91,4.767083333333334,4.733333333333333,4.8133333333333335,13.925,12.0,15.066666666666666,73.625,71,78,39.3125,73.6875,0.014219876226370332,0.12281249999999844,-0.003749999999999254,0.21666666666666679,1.1875
CLERIC,72,1355.375,985,1764,2203.3125,2031,2429,8.607344051701608,8.471257179618837,8.751117464431239,23.6721875,23.385,24.048333333333332,4.764166666666666,4.72,4.8133333333333335,14.191666666666666,12.4,15.466666666666667,73.8125,71,78,40.0,74.875,0.01437730652071778,0.12479166666666686,-0.0029166666666675667,0.2666666666666657,0.1875
CLERIC,73,1395.1875,1014,1819,2279.5,2104,2514,8.621571439359148,8.482324540636684,8.76979512174573,23.799166666666668,23.506666666666668,24.189999999999998,4.762083333333333,4.72,4.8133333333333335,14.525,12.8,15.600000000000001,75.0625,72,80,39.8125,76.1875,0.014227387657539836,0.12697916666666842,-0.002083333333333215,0.3333333333333339,1.25
CLERIC,74,1434.875,1043,1875,2357.8125,2180,2599,8.635672718372513,8.493328768484137,8.788696680600241,23.9296875,23.633333333333333,24.331666666666667,4.7575,4.72,4.806666666666667,14.8,13.066666666666666,16.0,75.125,72,80,39.6875,78.3125,0.014101279013365442,0.13052083333333186,-0.0045833333333327175,0.27500000000000036,0.0625
CLERIC,75,1475.1875,1069,1929,2437.8125,2259,2689,8.649910020696367,8.5031426809388,8.806816511507204,24.063020833333333,23.765,24.481666666666666,4.755,4.72,4.8,15.116666666666667,13.200000000000001,16.4,76.375,73,81,40.3125,80.0,0.01423730232385445,0.13333333333333286,-0.002500000000000391,0.31666666666666643,1.25
CLERIC,76,1516.75,1100,1983,2518.1875,2334,2779,8.664521640039556,8.514781751837754,8.82483516287008,24.196979166666665,23.89,24.631666666666668,4.7508333333333335,4.713333333333333,4.8,15.375,13.333333333333332,16.8,77.5,74,82,41.5625,80.375,0.014611619343188664,0.1339583333333323,-0.00416666666666643,0.25833333333333286,1.125
CLERIC,77,1558.75,1129,2040,2599.125,2410,2867,8.679194566547874,8.525610640944498,8.843748724468481,24.331875,24.016666666666666,24.778333333333332,4.747916666666667,4.706666666666667,4.8,15.633333333333333,13.466666666666667,17.2,77.6875,74,82,42.0,80.9375,0.014672926508318085,0.134895833333335,-0.0029166666666666785,0.25833333333333286,0.1875
CLERIC,78,1600.9375,1159,2098,2682.5625,2490,2957,8.69385914763819,8.536754561796895,8.862885919851696,24.4709375,24.15,24.928333333333335,4.745,4.706666666666667,4.8,15.916666666666666,13.733333333333333,17.6,79.0,76,83,42.1875,83.4375,0.01466458109031521,0.13906250000000142,-0.0029166666666666785,0.2833333333333332,1.3125
CLERIC,79,1643.1875,1192,2154,2766.75,2571,3046,8.708470809657314,8.548946473772496,8.881263036445755,24.61125,24.285,25.076666666666668,4.742083333333333,4.706666666666667,4.786666666666667,16.166666666666668,13.866666666666667,18.0,79.3125,76,84,42.25,84.1875,0.014611662019124338,0.14031249999999673,-0.0029166666666666785,0.2500000000000018,0.3125
CLERIC,80,1686.75,1229,2212,2852.625,2657,3142,8.723465722054964,8.562536234350349,8.900196030332788,24.754375,24.428333333333335,25.236666666666665,4.739166666666667,4.706666666666667,4.786666666666667,16.4,13.866666666666667,18.0,80.5,77,85,43.5625,85.875,0.014994912397650495,0.14312500000000128,-0.0029166666666666785,0.23333333333333073,1.1875
CLERIC,81,1731.25,1263,2270,2939.375,2742,3239,8.738698423369586,8.57495211487677,8.919029984700867,24.898958333333333,24.57,25.398333333333333,4.735833333333334,4.7,4.786666666666667,16.65833333333333,14.0,18.266666666666666,81.875,78,86,44.5,86.75,0.015232701314621622,0.14458333333333329,-0.0033333333333329662,0.25833333333333286,1.375
CLERIC,82,1775.75,1295,2331,3026.125,2827,3332,8.753849114794951,8.58657670290305,8.938734575642052,25.043541666666666,24.711666666666666,25.553333333333335,4.733333333333333,4.6866666666666665,4.786666666666667,16.933333333333334,14.266666666666667,18.53333333333333,82.1875,78,87,44.5,86.75,0.015150691425365181,0.14458333333333329,-0.002500000000000391,0.27500000000000213,0.3125
CLERIC,83,1820.75,1332,2390,3116.375,2913,3429,8.769108291418275,8.599946294386552,8.957695211882408,25.193958333333335,24.855,25.715,4.73125,4.6866666666666665,4.786666666666667,17.133333333333333,14.266666666666667,18.666666666666668,83.5,80,88,45.0,90.25,0.015259176623324322,0.15041666666666842,-0.002083333333333215,0.1999999999999993,1.3125
CLERIC,84,1866.25,1367,2449,3207.5,3002,3525,8.784453446008442,8.612524983119203,8.976562455244963,25.345833333333335,25.003333333333334,25.875,4.7283333333333335,4.6866666666666665,4.786666666666667,17.4,14.533333333333333,18.799999999999997,83.6875,80,89,45.5,91.125,0.015345154590166388,0.15187500000000043,-0.0029166666666666785,0.2666666666666657,0.1875
CLERIC,85,1913.3125,1404,2511,3300.125,3092,3625,8.800246430021524,8.62575262711092,8.996291363361,25.500208333333333,25.153333333333332,26.041666666666664,4.725416666666667,4.68,4.786666666666667,17.575,14.666666666666666,19.066666666666666,84.875,82,90,47.0625,92.625,0.015792984013081934,0.15437499999999815,-0.0029166666666666785,0.1750000000000007,1.1875
CLERIC,86,1960.25,1444,2569,3394.75,3182,3727,8.815925113620674,8.639974618220077,9.014659389856906,25.657916666666665,25.303333333333335,26.211666666666666,4.720416666666667,4.673333333333334,4.786666666666667,17.783333333333335,14.666666666666666,19.2,86.125,83,91,46.9375,94.625,0.015678683599150034,0.157708333333332,-0.004999999999999893,0.2083333333333357,1.25
CLERIC,87,2007.8125,1482,2633,3489.125,3272,3830,8.831726772120847,8.653412680324772,9.034831601473044,25.815208333333334,25.453333333333333,26.383333333333333,4.7175,4.666666666666667,4.786666666666667,18.008333333333333,14.933333333333334,19.46666666666667,86.3125,83,91,47.5625,94.375,0.015801658500173232,0.15729166666666927,-0.0029166666666666785,0.22499999999999787,0.1875
CLERIC,88,2055.4375,1521,2698,3586.4375,3363,3942,8.84747616590208,8.667132912234315,9.055218876625798,25.977395833333333,25.605,26.57,4.714583333333334,4.66,4.786666666666667,18.191666666666666,15.2,19.46666666666667,87.5,84,92,47.625,97.3125,0.015749393781232968,0.16218749999999815,-0.0029166666666666785,0.18333333333333357,1.1875
CLERIC,89,2103.625,1559,2758,3684.5,3456,4054,8.863342818635811,8.680433813793414,9.07395084692402,26.140833333333333,25.759999999999998,26.756666666666668,4.7125,4.66,4.786666666666667,18.491666666666667,15.600000000000001,19.866666666666667,87.5625,84,92,48.1875,98.0625,0.015866652733731,0.16343750000000057,-0.002083333333333215,0.3000000000000007,0.0625
CLERIC,90,2168.4375,1609,2843,3817.6875,3583,4203,8.88456604999924,8.697836740008189,9.100349076035595,26.3628125,25.971666666666664,27.005,4.708333333333333,4.653333333333333,4.786666666666667,18.858333333333334,15.866666666666667,20.0,88.6875,85,93,64.8125,133.1875,0.02122323136342885,0.22197916666666728,-0.004166666666667318,0.36666666666666714,1.125
CLERIC,91,2218.875,1648,2907,3919.1875,3684,4320,8.900993444704998,8.71133595542371,9.120121209746083,26.531979166666666,26.14,27.2,4.703333333333333,4.653333333333333,4.786666666666667,19.075,16.133333333333333,20.0,89.75,86,94,50.4375,101.5,0.016427394705758047,0.16916666666666558,-0.004999999999999893,0.216666666666665,1.0625
CLERIC,92,2269.4375,1688,2973,4021.6875,3781,4434,8.91738073771105,8.7251151001625,9.140420256345468,26.7028125,26.301666666666666,27.39,4.7,4.6466666666666665,4.78,19.333333333333332,16.266666666666666,20.0,89.875,86,94,50.5625,102.5,0.01638729300605135,0.17083333333333428,-0.0033333333333329662,0.25833333333333286,0.125
CLERIC,93,2320.375,1728,3039,4125.3125,3880,4555,8.933818983564361,8.738829088709704,9.160629367672675,26.875520833333333,26.466666666666665,27.59166666666667,4.6975,4.6466666666666665,4.773333333333333,19.516666666666666,16.4,20.0,91.1875,87,95,50.9375,103.625,0.016438245853311884,0.17270833333333258,-0.002500000000000391,0.18333333333333357,1.3125
CLERIC,94,2371.3125,1767,3105,4230.5,3979,4673,8.950193681058646,8.752139219275026,9.180750882837382,27.050833333333333,26.631666666666668,27.788333333333334,4.694166666666667,4.6466666666666665,4.766666666666667,19.675,16.666666666666668,20.0,91.5,87,96,50.9375,105.1875,0.01637469749428533,0.17531250000000043,-0.0033333333333329662,0.158333333333335,0.3125
CLERIC,95,2423.5625,1809,3176,4337.5,4082,4795,8.966916046599755,8.76640768138482,9.202301503942003,27.229166666666668,26.803333333333335,27.991666666666667,4.6899999999999995,4.64,4.76,19.725,16.666666666666668,20.0,92.5,88,97,52.25,107.0,0.016722365541108175,0.17833333333333456,-0.004166666666667318,0.05000000000000071,1.0
CLERIC,96,2494.9375,1870,3265,4480.1875,4218,4958,8.989654893119715,8.787013678521554,9.229180165894562,27.46697916666667,27.03,28.263333333333335,4.685,4.626666666666667,4.76,19.775,16.8,20.0,93.75,90,98,71.375,142.6875,0.022738846519960276,0.23781250000000043,-0.004999999999999893,0.04999999999999716,1.25
CLERIC,97,2548.625,1912,3333,4589.4375,4322,5086,9.006668848299975,8.80112319429722,9.249617925059123,27.6490625,27.203333333333333,28.476666666666667,4.680833333333333,4.626666666666667,4.753333333333333,19.808333333333334,17.066666666666666,20.0,94.125,90,98,53.6875,109.25,0.01701395518026061,0.18208333333333115,-0.00416666666666643,0.03333333333333499,0.375
CLERIC,98,2602.8125,1955,3398,4699.4375,4431,5212,9.02376938362909,8.815504580552762,9.269076186759074,27.832395833333333,27.385,28.686666666666667,4.6779166666666665,4.62,4.753333333333333,19.833333333333332,17.333333333333336,20.0,95.25,91,100,54.1875,110.0,0.017100535329115374,0.18333333333333357,-0.0029166666666666785,0.02499999999999858,1.125
CLERIC,99,2657.1875,1999,3462,4811.1875,4539,5337,9.04085035132467,8.830155081546712,9.288162482301116,28.01864583333333,27.564999999999998,28.895,4.6745833333333335,4.62,4.746666666666667,19.85,17.6,20.0,95.5625,91,100,54.375,111.75,0.017080967695578764,0.18624999999999758,-0.0033333333333329662,0.016666666666669272,0.3125
CLERIC,100,2713.0,2040,3533,4923.6875,4649,5467,9.058306013496297,8.843748724468481,9.309253987590955,28.206145833333334,27.748333333333335,29.111666666666665,4.6691666666666665,4.62,4.746666666666667,19.875,18.0,20.0,96.8125,93,101,55.8125,112.5,0.01745566217162775,0.18750000000000355,-0.005416666666667069,0.02499999999999858,1.25
MAGE,1,6.5,4,9,9.9375,7,12,8.008462164113054,8.005756479845022,8.01101293314755,9.14984375,8.0175,10.03,4.93,4.9,4.966666666666667,1.6083333333333334,0.8,2.0,19.8125,18,22,,,,,,,
MAGE,2,12.625,9,16,15.4375,10,19,8.014396357662354,8.01101293314755,8.017450383731767,9.28859375,8.025,10.0475,4.92875,4.8933333333333335,4.966666666666667,1.6333333333333333,0.8,2.1333333333333333,19.9375,18,22,6.125,5.5,0.005934193549300915,0.13874999999999993,-0.0012499999999997513,0.02499999999999991,0.125
MAGE,3,24.625,17,34,27.5,15,36,8.024547330888764,8.018317581497797,8.031892761782258,9.81875,9.0375,11.09,4.925416666666667,4.8933333333333335,4.96,1.7,0.9333333333333333,2.2666666666666666,21.0625,19,23,12.0,12.0625,0.010150973226409121,0.5301562499999992,-0.0033333333333329662,0.06666666666666665,1.125
MAGE,4,30.5625,23,42,34.0625,19,42,8.029187802209348,8.023328738993547,8.037766646885805,9.83515625,9.0475,11.105,4.924166666666666,4.8933333333333335,4.96,1.725,0.9333333333333333,2.2666666666666666,21.1875,19,23,5.9375,6.5625,0.004640471320584538,0.016406250000001066,-0.0012500000000006395,0.025000000000000133,0.125
MAGE,5,36.4375,28,50,40.625,25,50,8.033609894743934,8.027304574960299,8.04341951807829,9.9140625,9.0625,11.125,4.92375,4.8933333333333335,4.96,1.75,0.9333333333333333,2.4,22.3125,20,24,5.875,6.5625,0.004422092534586142,0.07890624999999929,-0.0004166666666662877,0.02499999999999991,1.125
MAGE,6,49.4375,39,67,54.75,36,66,8.042942267089908,8.035592679257517,8.054874280324109,10.074375,9.09,11.165,4.9225,4.8933333333333335,4.96,1.7833333333333334,1.0666666666666667,2.5333333333333337,23.5,22,25,13.0,14.125,0.009332372345973283,0.16031249999999986,-0.0012499999999997513,0.03333333333333344,1.1875
MAGE,7,56.0625,44,75,62.25,40,76,8.047498323874203,8.0391986523786,8.060056221699071,10.155625,9.1,11.19,4.922083333333333,4.8933333333333335,4.96,1.8333333333333333,1.0666666666666667,2.6666666666666665,23.5,22,25,6.625,7.5,0.0045560567842954924,0.08125000000000071,-0.0004166666666671759,0.04999999999999982,0.0
MAGE,8,62.6875,47,84,69.25,46,86,8.051934383247547,8.041322565972772,8.065755551440487,10.298125,10.115,11.215,4.921666666666667,4.8933333333333335,4.96,1.8833333333333333,1.0666666666666667,2.6666666666666665,24.5625,23,26,6.625,7.0,0.0044360593733436815,0.14250000000000007,-0.0004166666666662877,0.050000000000000044,1.0625
MAGE,9,75.875,59,102,85.0,61,105,8.060518542940333,8.049566768342899,8.076804936205813,10.65,10.1525,11.2625,4.919583333333334,4.886666666666667,4.96,1.9083333333333334,1.0666666666666667,2.6666666666666665,24.875,23,27,13.1875,15.75,0.00858415969278603,0.3518749999999997,-0.002083333333333215,0.025000000000000133,0.3125
MAGE,10,82.25,62,111,93.0,69,114,8.06454758693928,8.051572994289968,8.082180234917498,10.795,10.1725,12.285,4.917916666666667,4.886666666666667,4.96,1.925,1.0666666666666667,2.6666666666666665,25.875,24,28,6.375,8.0,0.004029043998947657,0.14499999999999957,-0.0016666666666669272,0.016666666666666607,1.0
MAGE,11,88.5625,68,121,101.375,75,122,8.068483048130245,8.055528523469228,8.08805160802861,11.0034375,10.1875,12.305,4.917083333333333,4.88,4.96,1.9416666666666667,1.0666666666666667,2.6666666666666665,26.9375,25,29,6.3125,8.375,0.003935461190964773,0.2084375000000005,-0.0008333333333334636,0.016666666666666607,1.0625
MAGE,12,94.6875,71,129,110.0625,80,131,8.072247292314163,8.05747985638043,8.09267887717925,11.02515625,10.2,12.3275,4.915416666666666,4.88,4.96,1.9666666666666668,1.0666666666666667,2.6666666666666665,27.0,25,29,6.125,8.6875,0.003764244183917853,0.021718749999999787,-0.0016666666666669272,0.025000000000000133,0.0625
MAGE,13,108.0,81,149,127.9375,95,150,8.080260301334098,8.06387001386863,8.104005908053054,11.31984375,10.2375,12.375,4.913333333333333,4.873333333333333,4.96,2.0,1.2,2.6666666666666665,28.1875,26,30,13.3125,17.875,0.008013009019935069,0.2946875000000002,-0.002083333333333215,0.033333333333333215,1.1875
MAGE,14,114.625,85,159,137.375,103,162,8.08416843898111,8.066381052786808,8.109553610466925,11.4059375,10.2575,12.405,4.913333333333333,4.873333333333333,4.96,2.025,1.2,2.6666666666666665,28.3125,26,30,6.625,9.4375,0.003908137647011145,0.08609374999999986,0.0,0.02499999999999991,0.125
MAGE,15,128.4375,95,177,156.8125,118,185,8.092189053516327,8.072558430431526,8.11936791509296,11.70453125,11.295,12.4625,4.910416666666666,4.873333333333333,4.946666666666666,2.033333333333333,1.2,2.6666666666666665,29.6875,28,32,13.8125,19.4375,0.008020614535217518,0.2985937500000002,-0.0029166666666666785,0.008333333333333304,1.375
MAGE,16,135.4375,99,186,167.25,126,196,8.096186656854528,8.07499238245277,8.124199357942942,11.793125,11.315,12.49,4.909166666666667,4.873333333333333,4.946666666666666,2.058333333333333,1.3333333333333333,2.6666666666666665,30.75,29,33,7.0,10.4375,0.003997603338200761,0.08859374999999936,-0.0012499999999997513,0.02499999999999991,1.0625
MAGE,17,142.5625,106,194,177.0,135,208,8.100219867259948,8.079205198656114,8.128454812426842,11.88,11.3375,12.52,4.90875,4.873333333333333,4.946666666666666,2.091666666666667,1.4666666666666668,2.6666666666666665,30.875,29,33,7.125,9.75,0.004033210405420817,0.08687500000000092,-0.0004166666666662877,0.03333333333333366,0.125
MAGE,18,157.0,117,214,197.8125,154,230,8.108259263423465,8.085715168803231,8.138944069296334,12.30703125,11.385,13.575,4.9070833333333335,4.866666666666666,4.946666666666666,2.1333333333333333,1.4666666666666668,2.6666666666666665,31.9375,30,35,14.4375,20.8125,0.008039396163516344,0.42703124999999886,-0.0016666666666669272,0.04166666666666652,1.0625
MAGE,19,164.3125,121,224,208.1875,163,243,8.112269586831667,8.08805160802861,8.144114410641619,12.39546875,11.4075,13.6075,4.90625,4.866666666666666,4.946666666666666,2.175,1.4666666666666668,2.8000000000000003,31.9375,30,35,7.3125,10.375,0.00401032340820251,0.0884374999999995,-0.0008333333333334636,0.04166666666666652,0.0
MAGE,20,178.3125,132,242,230.875,182,267,8.119859674033878,8.094399162287882,8.153306753936873,12.7646875,12.455,13.6675,4.904583333333333,4.866666666666666,4.946666666666666,2.216666666666667,1.4666666666666668,2.8000000000000003,33.0,31,36,14.0,22.6875,0.007590087202210327,0.3692187500000017,-0.0016666666666669272,0.04166666666666696,1.0625
MAGE,21,185.5,139,252,242.625,193,281,8.123713816319984,8.098383175375073,8.158354142173225,12.919062499999999,12.4825,13.7025,4.90375,4.866666666666666,4.946666666666666,2.2333333333333334,1.4666666666666668,2.8000000000000003,34.25,33,37,7.1875,11.75,0.0038541422861069208,0.15437499999999815,-0.0008333333333334636,0.016666666666666607,1.25
MAGE,22,200.1875,149,272,266.75,215,311,8.131483754135292,8.104005908053054,8.168331005872343,13.166875,12.5375,13.7775,4.9025,4.866666666666666,4.946666666666666,2.275,1.4666666666666668,2.9333333333333336,34.6875,33,37,14.6875,24.125,0.00776993781530777,0.2478125000000002,-0.0012499999999997513,0.04166666666666652,0.4375
MAGE,23,215.75,159,294,290.875,235,339,8.139604436328197,8.109553610466925,8.179137644646547,13.5396875,12.5875,13.8475,4.899583333333333,4.86,4.946666666666666,2.3333333333333335,1.4666666666666668,2.9333333333333336,35.8125,34,38,15.5625,24.125,0.008120682192904738,0.3728125000000002,-0.0029166666666666785,0.05833333333333357,1.125
MAGE,24,223.5625,164,304,303.4375,246,355,8.143632626761615,8.112301116434752,8.18399577991454,13.63359375,12.615,14.8875,4.89875,4.86,4.946666666666666,2.3666666666666667,1.4666666666666668,3.0666666666666664,35.8125,34,38,7.8125,12.5625,0.004028190433418288,0.09390624999999986,-0.0008333333333334636,0.033333333333333215,0.0
MAGE,25,239.125,176,324,328.75,271,386,8.15158134787205,8.118828093590253,8.193617676247863,14.009375,12.6775,14.965,4.8966666666666665,4.86,4.946666666666666,2.433333333333333,1.4666666666666668,3.0666666666666664,37.0,35,39,15.5625,25.3125,0.00794872111043432,0.37578125000000107,-0.002083333333333215,0.06666666666666643,1.1875
MAGE,26,246.625,181,335,342.0625,284,402,8.155366929310635,8.121521145659392,8.198858812189313,14.10515625,12.71,15.005,4.895833333333333,4.86,4.946666666666666,2.4583333333333335,1.4666666666666668,3.2,38.125,36,40,7.5,13.3125,0.003785581438584984,0.09578124999999993,-0.0008333333333334636,0.025000000000000355,1.125
MAGE,27,262.375,190,355,369.0625,307,431,8.163255522048312,8.126331564968094,8.208301154878253,14.23515625,13.7675,15.0775,4.892083333333334,4.86,4.946666666666666,2.5083333333333333,1.4666666666666668,3.333333333333333,38.1875,36,40,15.75,27.0,0.007888592737677058,0.129999999999999,-0.003749999999999254,0.04999999999999982,0.0625
MAGE,28,278.625,198,373,397.125,332,462,8.171297929106279,8.130569321574354,8.216708557250337,14.5553125,13.83,15.155,4.889583333333333,4.8533333333333335,4.946666666666666,2.566666666666667,1.7333333333333334,3.333333333333333,39.375,37,41,16.25,28.0625,0.008042407057967438,0.32015625000000014,-0.002500000000000391,0.05833333333333357,1.1875
MAGE,29,286.75,203,385,411.375,344,476,8.175285133155295,8.133200490989568,8.222268326159277,14.778437499999999,13.86,16.19,4.88875,4.8533333333333335,4.946666666666666,2.591666666666667,1.8666666666666667,3.333333333333333,39.5,37,41,8.125,14.25,0.003987204049016313,0.22312499999999957,-0.0008333333333334636,0.02499999999999991,0.125
MAGE,30,302.875,216,405,440.75,369,508,8.183134900175078,8.139981936197135,8.231458435853977,14.914375,13.9225,16.27,4.8875,4.8533333333333335,4.933333333333334,2.65,2.1333333333333333,3.333333333333333,40.625,38,42,16.125,29.375,0.007849767019783016,0.1359375000000007,-0.0012499999999997513,0.058333333333333126,1.125
MAGE,31,318.8125,228,424,471.0,396,539,8.190812341219132,8.146169537553389,8.240105263513636,15.4275,14.1025,16.3475,4.88625,4.8533333333333335,4.933333333333334,2.716666666666667,2.1333333333333333,3.333333333333333,41.8125,40,44,15.9375,30.25,0.007677441044053879,0.5131250000000005,-0.0012499999999997513,0.06666666666666687,1.1875
MAGE,32,335.4375,241,447,502.1875,424,569,8.198734987781826,8.152799744982213,8.2504695951884,15.69296875,15.06,16.4225,4.88375,4.8533333333333335,4.926666666666667,2.7666666666666666,2.1333333333333333,3.466666666666667,41.9375,40,44,16.625,31.1875,0.007922646562693814,0.26546875000000014,-0.002500000000000391,0.04999999999999982,0.125
MAGE,33,344.125,249,458,518.0,438,585,8.20284704877435,8.156844203481498,8.255388523773757,15.795,15.095,16.4625,4.882083333333333,4.846666666666667,4.926666666666667,2.775,2.1333333333333333,3.466666666666667,43.125,41,45,8.6875,15.8125,0.004112060992524036,0.10203124999999957,-0.0016666666666669272,0.008333333333333304,1.1875
MAGE,34,361.3125,260,483,550.25,472,620,8.210910165342023,8.162363226744773,8.266481276445072,16.063125,15.18,16.55,4.879583333333334,4.846666666666667,4.926666666666667,2.8333333333333335,2.1333333333333333,3.7333333333333334,43.1875,41,45,17.1875,32.25,0.008063116567672779,0.2681249999999995,-0.0024999999999995026,0.05833333333333357,0.0625
MAGE,35,378.8125,274,507,583.1875,500,657,8.219039653263295,8.16932046231732,8.277022703202029,16.45796875,15.3525,17.6425,4.8774999999999995,4.846666666666667,4.92,2.8583333333333334,2.1333333333333333,3.7333333333333334,44.3125,42,46,17.5,32.9375,0.00812948792127166,0.3948437499999997,-0.002083333333334103,0.02499999999999991,1.125
MAGE,36,396.125,288,529,617.75,533,695,8.227016368377424,8.176206930360793,8.286598249185007,16.794375,15.435,17.7375,4.8741666666666665,4.846666666666667,4.906666666666666,2.9250000000000003,2.2666666666666666,3.7333333333333334,45.5625,43,47,17.3125,34.5625,0.007976715114129007,0.3364062499999996,-0.0033333333333329662,0.06666666666666687,1.25
MAGE,37,413.125,302,552,653.4375,566,732,8.234776693018443,8.183026742285701,8.29652427828283,17.13359375,16.415,17.83,4.870416666666666,4.833333333333333,4.9,2.941666666666667,2.2666666666666666,3.7333333333333334,45.75,43,48,17.0,35.6875,0.007760324641019167,0.33921875000000057,-0.003750000000000142,0.016666666666666607,0.1875
MAGE,38,421.875,309,565,671.0,584,752,8.238744036850836,8.186412821077768,8.302097932887355,17.177500000000002,16.46,17.88,4.868333333333333,4.833333333333333,4.9,2.9583333333333335,2.2666666666666666,3.7333333333333334,47.0,45,49,8.75,17.5625,0.0039673438323930554,0.0439062500000027,-0.002083333333333215,0.016666666666666607,1.25
MAGE,39,439.3125,325,588,707.5,620,792,8.24661238739637,8.194095597214176,8.311896754909185,17.39375,16.55,17.98,4.8654166666666665,4.833333333333333,4.9,3.025,2.4,3.8666666666666667,47.125,45,49,17.4375,36.5,0.007868350545534142,0.21624999999999872,-0.0029166666666666785,0.06666666666666643,0.125
MAGE,40,456.25,336,610,744.875,655,829,8.25418717474641,8.199333557316745,8.321198022902914,17.7371875,16.6375,18.9275,4.864166666666667,4.833333333333333,4.9,3.091666666666667,2.4,3.8666666666666667,48.25,46,50,16.9375,37.375,0.007574787350039358,0.3434375000000003,-0.0012499999999997513,0.06666666666666687,1.125
MAGE,41,474.125,350,634,783.625,691,869,8.262122731190948,8.205950775131068,8.33126869867045,18.084062499999998,16.825,19.1725,4.86125,4.833333333333333,4.8933333333333335,3.1333333333333333,2.4,3.8666666666666667,49.375,47,51,17.875,38.75,0.00793555644453825,0.34687499999999716,-0.0029166666666666785,0.04166666666666652,1.125
MAGE,42,491.6875,362,657,822.6875,729,910,8.26986275415065,8.211580603612347,8.34084842457886,18.494218749999998,16.9225,19.275,4.85875,4.833333333333333,4.8933333333333335,3.175,2.5333333333333337,3.8666666666666667,49.5625,47,51,17.5625,39.0625,0.0077400229597017756,0.41015625,-0.002500000000000391,0.04166666666666652,0.1875
MAGE,43,509.125,375,681,862.1875,769,951,8.277489447247495,8.21763764082403,8.350773426291298,18.84296875,17.9225,19.3775,4.855833333333333,4.833333333333333,4.8933333333333335,3.225,2.5333333333333337,3.8666666666666667,50.75,48,53,17.4375,39.5,0.007626693096845827,0.34875000000000256,-0.0029166666666666785,0.050000000000000266,1.1875
MAGE,44,527.9375,388,708,902.5,804,994,8.285655318820144,8.22365281863257,8.361855852832411,19.06875,18.01,20.3525,4.852916666666666,4.82,4.886666666666667,3.3000000000000003,2.5333333333333337,4.0,51.0,48,54,18.8125,40.3125,0.008165871572648697,0.2257812500000007,-0.0029166666666666785,0.07500000000000018,0.25
MAGE,45,546.625,400,733,944.1875,842,1038,8.293713915737255,8.229169590344997,8.372042175364786,19.36046875,18.105,20.4675,4.85125,4.82,4.886666666666667,3.4,2.6666666666666665,4.133333333333333,52.0625,49,55,18.6875,41.6875,0.008058596917111416,0.2917187499999976,-0.001666666666666039,0.09999999999999964,1.0625
MAGE,46,564.9375,416,758,986.4375,883,1083,8.301562399952973,8.236474142799473,8.382159235835967,19.71609375,18.3025,20.65,4.849166666666666,4.82,4.886666666666667,3.45,2.6666666666666665,4.266666666666667,53.375,50,57,18.3125,42.25,0.007848484215717377,0.35562499999999986,-0.002083333333334103,0.050000000000000266,1.3125
MAGE,47,592.8125,433,792,1052.1875,943,1151,8.313402902498941,8.244173940781495,8.395812167576544,20.19296875,18.45,21.755,4.844166666666666,4.8133333333333335,4.88,3.5083333333333333,2.6666666666666665,4.4,53.6875,51,58,27.875,65.75,0.01184050254596869,0.4768749999999997,-0.004999999999999893,0.058333333333333126,0.3125
MAGE,48,611.625,446,817,1096.625,984,1199,8.321333314425424,8.25002122708306,8.40577626523715,20.4915625,19.46,21.875,4.84125,4.8133333333333335,4.873333333333333,3.541666666666667,2.6666666666666665,4.4,54.9375,52,59,18.8125,44.4375,0.00793041192648225,0.298593750000002,-0.0029166666666666785,0.03333333333333366,1.25
MAGE,49,639.9375,465,856,1165.1875,1047,1272,8.333173083651854,8.258506434531625,8.421199655301645,20.97546875,19.6175,22.115000000000002,4.8375,4.806666666666667,4.873333333333333,3.6083333333333334,2.6666666666666665,4.533333333333333,55.125,52,59,28.3125,68.5625,0.011839769226430263,0.4839062500000004,-0.003749999999999254,0.06666666666666643,0.1875
MAGE,50,659.1875,477,881,1211.8125,1088,1321,8.341167851798485,8.263829709088075,8.431012357644999,21.404531249999998,19.825,22.24,4.836666666666667,4.806666666666667,4.873333333333333,3.65,2.6666666666666665,4.666666666666667,56.375,53,61,19.25,46.625,0.007994768146630804,0.429062499999997,-0.0008333333333334636,0.04166666666666652,1.25
MAGE,51,689.0,496,920,1283.6875,1156,1397,8.353448736570277,8.272203895791435,8.446209957068541,21.89671875,20.89,23.3675,4.8341666666666665,4.806666666666667,4.873333333333333,3.75,2.6666666666666665,4.666666666666667,57.625,55,62,29.8125,71.875,0.012280884771792344,0.49218750000000355,-0.002500000000000391,0.10000000000000009,1.25
MAGE,52,709.875,514,947,1332.6875,1199,1449,8.361992520062989,8.280078318598445,8.456655800580998,22.33171875,20.9975,23.565,4.829583333333333,4.8,4.873333333333333,3.7666666666666666,2.6666666666666665,4.666666666666667,57.75,55,62,20.875,49.0,0.00854378349271201,0.4349999999999987,-0.004583333333333606,0.016666666666666607,0.125
MAGE,53,740.3125,536,990,1407.1875,1270,1526,8.374351477717076,8.289628187942519,8.473169944886427,22.70546875,21.175,23.7625,4.826666666666666,4.8,4.873333333333333,3.841666666666667,2.6666666666666665,4.666666666666667,59.0,56,63,30.4375,74.5,0.012358957654086566,0.37375000000000114,-0.0029166666666666785,0.07500000000000018,1.25
MAGE,54,760.5,552,1017,1457.75,1315,1577,8.382500016974296,8.29652427828283,8.483465799831167,23.081875,21.3825,23.895,4.825,4.793333333333333,4.873333333333333,3.9,2.8000000000000003,4.8,59.125,56,64,20.1875,50.5625,0.008148539257220477,0.3764062499999987,-0.001666666666666039,0.058333333333333126,0.125
MAGE,55,791.75,573,1061,1535.8125,1388,1658,8.395014060868265,8.305515109100371,8.500128153141883,23.46453125,22.47,24.1075,4.821666666666666,4.793333333333333,4.873333333333333,3.958333333333333,2.8000000000000003,4.8,60.4375,57,65,31.25,78.0625,0.012514043893968818,0.38265625000000014,-0.0033333333333338544,0.058333333333333126,1.3125
MAGE,56,812.6875,587,1085,1589.4375,1438,1710,8.403350542514037,8.311472333365383,8.509158250911797,23.72359375,22.595,24.275,4.820833333333333,4.793333333333333,4.873333333333333,3.9916666666666667,2.8000000000000003,4.933333333333334,61.5,58,66,20.9375,53.625,0.008336481645772054,0.25906249999999886,-0.0008333333333334636,0.03333333333333366,1.0625
MAGE,57,844.9375,607,1123,1670.5,1514,1797,8.41610140356809,8.319933670244264,8.523374790872673,24.11375,22.785,24.4925,4.815833333333333,4.786666666666667,4.873333333333333,4.066666666666666,2.8000000000000003,4.933333333333334,61.9375,59,67,32.25,81.0625,0.01275086105405343,0.3901562500000004,-0.004999999999999893,0.07499999999999973,0.4375
MAGE,58,877.5,631,1163,1754.8125,1595,1881,8.42888686346909,8.330014090161102,8.538236030841441,24.38703125,23.9875,24.7025,4.81125,4.786666666666667,4.866666666666666,4.141666666666667,2.8000000000000003,4.933333333333334,63.1875,60,68,32.5625,84.3125,0.012785459900999996,0.27328125000000014,-0.0045833333333327175,0.07500000000000018,1.25
MAGE,59,900.1875,648,1190,1811.75,1649,1939,8.437738812655978,8.337107954243328,8.548209509154027,24.529374999999998,24.1225,24.8475,4.807916666666666,4.78,4.8533333333333335,4.191666666666666,2.8000000000000003,4.933333333333334,63.25,61,68,22.6875,56.9375,0.008851949186887254,0.14234374999999844,-0.0033333333333338544,0.04999999999999982,0.0625
MAGE,60,933.0625,676,1231,1899.4375,1729,2027,8.450498477936994,8.348711565917586,8.563268465107262,24.74859375,24.322499999999998,25.0675,4.80375,4.78,4.846666666666667,4.241666666666667,2.9333333333333336,4.933333333333334,64.5,62,70,32.875,87.6875,0.012759665281016908,0.21921875000000313,-0.00416666666666643,0.05000000000000071,1.25
MAGE,61,968.375,702,1274,1987.4375,1814,2115,8.4640916613559,8.359400506698693,8.578954638462543,24.96859375,24.535,25.2875,4.8,4.766666666666667,4.846666666666667,4.333333333333334,3.2,5.066666666666667,65.625,63,71,35.3125,88.0,0.013593183418905141,0.21999999999999886,-0.003750000000000142,0.09166666666666679,1.125
MAGE,62,1003.0625,724,1317,2077.9375,1895,2207,8.477335291239875,8.368383227314526,8.59453525860384,25.19484375,24.7375,25.5175,4.797083333333333,4.76,4.84,4.358333333333333,3.2,5.2,65.875,64,72,34.6875,90.5,0.013243629883975316,0.22625000000000028,-0.0029166666666666785,0.024999999999999467,0.25
MAGE,63,1026.625,742,1346,2139.1875,1953,2269,8.48629085860855,8.375692149052046,8.604985607890816,25.34796875,24.8825,25.6725,4.795416666666666,4.76,4.833333333333333,4.408333333333333,3.2,5.2,67.0,65,73,23.5625,61.25,0.008955567368674977,0.1531249999999993,-0.0016666666666669272,0.04999999999999982,1.125
MAGE,64,1062.3125,766,1388,2234.0,2042,2371,8.499774834824699,8.385382518955442,8.620041228759433,25.585,25.105,25.927500000000002,4.7908333333333335,4.753333333333333,4.833333333333333,4.458333333333334,3.2,5.2,67.3125,65,73,35.6875,94.8125,0.013483976216148719,0.23703125000000114,-0.0045833333333327175,0.05000000000000071,0.3125
MAGE,65,1098.4375,794,1429,2330.125,2133,2469,8.513335376378729,8.396611586396405,8.6346507219044,25.8253125,25.3325,26.1725,4.78625,4.746666666666667,4.826666666666666,4.5,3.2,5.2,68.5625,66,74,36.125,96.125,0.013560541554030081,0.24031249999999815,-0.004583333333333606,0.041666666666666075,1.25
MAGE,66,1135.875,824,1476,2428.5,2226,2569,8.527296790727933,8.40855522092273,8.65129550575236,26.07125,25.564999999999998,26.4225,4.782916666666667,4.74,4.826666666666666,4.558333333333334,3.2,5.466666666666667,69.8125,67,75,37.4375,98.375,0.013961414349203949,0.24593750000000014,-0.0033333333333329662,0.05833333333333357,1.25
MAGE,67,1173.1875,850,1524,2529.375,2319,2674,8.541106437929862,8.41883612790164,8.668185379976382,26.3234375,25.7975,26.685,4.778333333333333,4.733333333333333,4.82,4.608333333333333,3.2,5.466666666666667,69.9375,68,75,37.3125,100.875,0.013809647201929565,0.25218750000000156,-0.004583333333333606,0.04999999999999982,0.125
MAGE,68,1198.375,869,1560,2597.1875,2383,2747,8.550379386275702,8.426309309391694,8.68078295564304,26.49296875,25.9575,26.8675,4.77625,4.733333333333333,4.82,4.65,3.2,5.733333333333333,71.125,69,76,25.1875,67.8125,0.009272948345840248,0.16953124999999858,-0.002083333333333215,0.04166666666666696,1.1875
MAGE,69,1235.9375,898,1608,2701.125,2478,2857,8.564143416820611,8.43765315609689,8.69748975175629,26.7528125,26.195,27.1425,4.773333333333333,4.733333333333333,4.8133333333333335,4.758333333333334,3.333333333333333,6.0,71.25,69,76,37.5625,103.9375,0.013764030544908934,0.2598437500000017,-0.0029166666666666785,0.10833333333333339,0.125
MAGE,70,1274.0625,924,1660,2806.75,2580,2970,8.578018055602024,8.44776131807492,8.71547665151089,27.016875,26.45,27.425,4.770833333333333,4.733333333333333,4.8133333333333335,4.825,3.333333333333333,6.0,72.4375,70,77,38.125,105.625,0.01387463878141304,0.26406249999999787,-0.002500000000000391,0.06666666666666643,1.1875
MAGE,71,1313.375,956,1711,2914.25,2680,3086,8.592242345390144,8.460124447719593,8.733008486870487,27.285625,26.7,27.715,4.767083333333334,4.733333333333333,4.8133333333333335,4.883333333333333,3.333333333333333,6.133333333333333,73.625,71,78,39.3125,107.5,0.014224289788119293,0.2687500000000007,-0.003749999999999254,0.05833333333333268,1.1875
MAGE,72,1353.375,983,1762,3023.125,2780,3201,8.606623972840703,8.470491530166397,8.75043610147089,27.5578125,26.95,28.002499999999998,4.764166666666666,4.72,4.8133333333333335,4.941666666666666,3.466666666666667,6.133333333333333,73.8125,71,78,40.0,108.875,0.014381627450559265,0.27218750000000114,-0.0029166666666675667,0.05833333333333357,0.1875
MAGE,73,1393.1875,1012,1817,3134.4375,2883,3319,8.620855516097121,8.481563326042886,8.769117932258435,27.83609375,27.2075,28.2975,4.762083333333333,4.72,4.8133333333333335,5.058333333333334,3.5999999999999996,6.133333333333333,75.0625,72,80,39.8125,111.3125,0.014231543256418178,0.27828124999999915,-0.002083333333333215,0.11666666666666714,1.25
MAGE,74,1432.875,1041,1873,3248.25,2988,3438,8.634960797695246,8.492571838951394,8.788023587613223,28.120625,27.47,28.595,4.7575,4.72,4.806666666666667,5.125,3.5999999999999996,6.133333333333333,75.125,72,80,39.6875,113.8125,0.014105281598125075,0.28453125000000057,-0.0045833333333327175,0.06666666666666643,0.0625
MAGE,75,1473.1875,1067,1927,3364.5625,3095,3561,8.649202019666482,8.502389473253423,8.80614723192401,28.41140625,27.7375,28.9025,4.755,4.72,4.8,5.208333333333334,3.5999999999999996,6.2666666666666675,76.375,73,81,40.3125,116.3125,0.014241221971236229,0.29078124999999844,-0.002500000000000391,0.08333333333333393,1.25
MAGE,76,1514.75,1098,1981,3482.375,3201,3687,8.663817572157939,8.514032842140796,8.824169570626339,28.7059375,28.002499999999998,29.2175,4.7508333333333335,4.713333333333333,4.8,5.266666666666667,3.7333333333333334,6.4,77.5,74,82,41.5625,117.8125,0.014615552491456185,0.29453125000000213,-0.00416666666666643,0.05833333333333268,1.125
MAGE,77,1556.75,1127,2038,3601.4375,3315,3812,8.678494324944793,8.524865622247857,8.843086895858765,29.00359375,28.2875,29.53,4.747916666666667,4.706666666666667,4.8,5.333333333333334,3.7333333333333334,6.4,77.6875,74,82,42.0,119.0625,0.014676752786854763,0.2976562499999993,-0.0029166666666666785,0.06666666666666732,0.1875
MAGE,78,1598.9375,1157,2096,3723.6875,3431,3938,8.693162636035748,8.536013443937321,8.86222779347672,29.30921875,28.5775,29.845,4.745,4.706666666666667,4.8,5.408333333333333,3.7333333333333334,6.4,79.0,76,83,42.1875,122.25,0.014668311090954234,0.30562499999999915,-0.0029166666666666785,0.07499999999999929,1.3125
MAGE,79,1641.1875,1190,2152,3847.8125,3551,4066,8.70777792170997,8.548209509154027,8.880608369858884,29.61953125,28.877499999999998,30.165,4.742083333333333,4.706666666666667,4.786666666666667,5.433333333333334,3.7333333333333334,6.533333333333333,79.3125,76,84,42.25,124.125,0.014615285674222989,0.310312500000002,-0.0029166666666666785,0.025000000000000355,0.3125
MAGE,80,1684.75,1227,2210,3973.9375,3669,4200,8.722776467263479,8.561803765236956,8.899544835069257,29.93484375,29.1725,30.5,4.739166666666667,4.706666666666667,4.786666666666667,5.4750000000000005,3.7333333333333334,6.533333333333333,80.5,77,85,43.5625,126.125,0.014998545553508436,0.31531249999999744,-0.0029166666666666785,0.04166666666666696,1.1875
MAGE,81,1729.25,1261,2268,4101.9375,3792,4336,8.73801275667094,8.574223635740665,8.91838215316955,30.25484375,29.48,30.84,4.735833333333334,4.7,4.786666666666667,5.575,3.7333333333333334,6.666666666666666,81.875,78,86,44.5,128.0,0.015236289407461356,0.3200000000000003,-0.0033333333333329662,0.09999999999999964,1.375
MAGE,82,1773.75,1293,2329,4230.4375,3912,4469,8.753166921764159,8.58585186293405,8.938090172280882,30.57609375,29.78,31.1725,4.733333333333333,4.6866666666666665,4.786666666666667,5.658333333333333,3.8666666666666667,6.666666666666666,82.1875,78,87,44.5,128.5,0.015154165093218097,0.32124999999999915,-0.002500000000000391,0.08333333333333304,0.3125
MAGE,83,1818.75,1330,2388,4362.9375,4036,4607,8.768429527522157,8.599225529905397,8.957054023343108,30.90734375,30.09,31.5175,4.73125,4.6866666666666665,4.786666666666667,5.691666666666666,3.8666666666666667,6.800000000000001,83.5,80,88,45.0,132.5,0.015262605757998315,0.3312500000000007,-0.002083333333333215,0.033333333333333215,1.3125
MAGE,84,1864.25,1365,2447,4497.375,4165,4750,8.783778036584886,8.611807950608242,8.975924387636473,31.2434375,30.4125,31.875,4.7283333333333335,4.6866666666666665,4.786666666666667,5.75,3.8666666666666667,6.933333333333334,83.6875,80,89,45.5,134.4375,0.015348509062729221,0.33609374999999986,-0.0029166666666666785,0.05833333333333357,0.1875
MAGE,85,1911.3125,1402,2509,4633.8125,4297,4893,8.799574387756946,8.625039417063634,8.995656479574265,31.58453125,30.7425,32.2325,4.725416666666667,4.68,4.786666666666667,5.783333333333333,3.8666666666666667,6.933333333333334,84.875,82,90,47.0625,136.4375,0.01579635117206024,0.3410937500000024,-0.0029166666666666785,0.033333333333333215,1.1875
MAGE,86,1958.25,1442,2567,4772.8125,4428,5043,8.81525633788818,8.63926540680012,9.014027400191184,31.93203125,31.07,32.6075,4.720416666666667,4.673333333333334,4.786666666666667,5.85,3.8666666666666667,7.066666666666666,86.125,83,91,46.9375,139.0,0.01568195013123308,0.34750000000000014,-0.004999999999999893,0.06666666666666643,1.25
MAGE,87,2005.8125,1480,2631,4912.0625,4560,5189,8.831061200309371,8.652707146281253,9.034202715651473,32.28015625,31.4,32.9725,4.7175,4.666666666666667,4.786666666666667,5.891666666666667,3.8666666666666667,7.199999999999999,86.3125,83,91,47.5625,139.25,0.0158048624211915,0.348124999999996,-0.0029166666666666785,0.04166666666666696,0.1875
MAGE,88,2053.4375,1519,2696,5054.9375,4696,5342,8.846813714735346,8.666431036435402,9.054593051794289,32.63734375,31.74,33.355000000000004,4.714583333333334,4.66,4.786666666666667,5.908333333333333,4.0,7.199999999999999,87.5,84,92,47.625,142.875,0.015752514425974695,0.357187500000002,-0.0029166666666666785,0.016666666666666607,1.1875
MAGE,89,2101.625,1557,2756,5199.1875,4833,5496,8.86268344284572,8.679735395679568,9.073327770057606,32.99796875,32.082499999999996,33.74,4.7125,4.66,4.786666666666667,5.983333333333333,4.133333333333333,7.199999999999999,87.5625,84,92,48.1875,144.25,0.015869728110374126,0.36062499999999886,-0.002083333333333215,0.07500000000000018,0.0625
MAGE,90,2166.4375,1607,2841,5395.625,5021,5704,8.88391067550223,8.697142720343964,9.099729771635776,33.4890625,32.5525,34.26,4.708333333333333,4.653333333333333,4.786666666666667,6.083333333333334,4.133333333333333,7.199999999999999,88.6875,85,93,64.8125,196.4375,0.02122723265651061,0.49109375000000455,-0.004166666666667318,0.10000000000000053,1.125
MAGE,91,2216.875,1646,2905,5545.125,5167,5865,8.900341084587447,8.710645254137752,9.119504657537107,33.862812500000004,32.917500000000004,34.6625,4.703333333333333,4.653333333333333,4.786666666666667,6.1416666666666675,4.133333333333333,7.199999999999999,89.75,86,94,50.4375,149.5,0.01643040908521698,0.37375000000000114,-0.004999999999999893,0.05833333333333357,1.0625
MAGE,92,2267.4375,1686,2971,5696.3125,5311,6024,8.91673131190433,8.724427705797554,9.13980646717871,34.23609375,33.2775,35.0,4.7,4.6466666666666665,4.78,6.216666666666667,4.133333333333333,7.333333333333333,89.875,86,94,50.5625,151.1875,0.016390227316883,0.373281249999998,-0.0033333333333329662,0.07499999999999929,0.125
MAGE,93,2318.375,1726,3037,5849.5625,5457,6191,8.933172438384721,8.738144908486602,9.160018268879593,34.54671875,33.6425,35.0,4.6975,4.6466666666666665,4.773333333333333,6.266666666666667,4.133333333333333,7.333333333333333,91.1875,87,95,50.9375,153.25,0.016441126480390977,0.3106249999999946,-0.002500000000000391,0.04999999999999982,1.3125
MAGE,94,2369.3125,1765,3103,6005.4375,5605,6355,8.949549950513786,8.75145808796581,9.180142405178254,34.76140625,34.0125,35.0,4.694166666666667,4.6466666666666665,4.766666666666667,6.358333333333333,4.133333333333333,7.466666666666667,91.5,87,96,50.9375,155.875,0.016377512129064797,0.2146875000000037,-0.0033333333333329662,0.09166666666666679,0.3125
MAGE,95,2421.5625,1807,3174,6163.3125,5756,6524,8.96627512751311,8.765729744445848,9.20169577233762,34.90171875,34.39,35.0,4.6899999999999995,4.64,4.76,6.416666666666667,4.133333333333333,7.6,92.5,88,97,52.25,157.875,0.01672517699932463,0.14031250000000028,-0.004166666666667318,0.05833333333333357,1.0
MAGE,96,2492.9375,1868,3263,6375.5,5959,6750,8.989017709581454,8.786340225783896,9.228577774235784,34.99359375,34.8975,35.0,4.685,4.626666666666667,4.76,6.508333333333333,4.133333333333333,7.733333333333333,93.75,90,98,71.375,212.1875,0.022742582068342898,0.0918750000000017,-0.004999999999999893,0.0916666666666659,1.25
MAGE,97,2546.625,1910,3331,6537.75,6112,6926,9.006034386267292,8.800452728164268,9.249018012462598,35.0,35.0,35.0,4.680833333333333,4.626666666666667,4.753333333333333,6.566666666666666,4.133333333333333,8.0,94.125,90,98,53.6875,162.25,0.01701667668583795,0.006406249999997726,-0.00416666666666643,0.05833333333333357,0.375
MAGE,98,2600.8125,1953,3396,6701.4375,6272,7100,9.023137599421261,8.814837091617894,9.268478587747971,35.0,35.0,35.0,4.6779166666666665,4.62,4.753333333333333,6.641666666666667,4.266666666666667,8.0,95.25,91,100,54.1875,163.6875,0.017103213153969676,0.0,-0.0029166666666666785,0.07500000000000018,1.125
MAGE,99,2655.1875,1997,3460,6867.625,6431,7275,9.040221180837555,8.829490558747839,9.287567109953688,35.0,35.0,35.0,4.6745833333333335,4.62,4.746666666666667,6.7,4.266666666666667,8.0,95.5625,91,100,54.375,166.1875,0.01708358141629418,0.0,-0.0033333333333329662,0.05833333333333357,0.3125
MAGE,100,2711.0,2038,3531,7035.4375,6593,7456,9.057679455989602,8.843086895858765,9.308661028351741,35.0,35.0,35.0,4.6691666666666665,4.62,4.746666666666667,6.775,4.266666666666667,8.133333333333333,96.8125,93,101,55.8125,167.8125,0.017458275152046454,0.0,-0.005416666666667069,0.07500000000000018,1.25
PALADIN,1,10.5,8,13,7.9375,5,10,8.012443602478525,8.010022613543374,8.014779633924967,9.263229166666667,9.008333333333333,10.013333333333334,4.93,4.9,4.966666666666667,1.6083333333333334,0.8,2.0,19.8125,18,22,,,,,,,
PALADIN,2,16.625,13,20,13.4375,8,17,8.017964152803112,8.014779633924967,8.020860897630213,9.397395833333334,9.013333333333334,10.026666666666667,4.92875,4.8933333333333335,4.966666666666667,1.7,0.9333333333333333,2.1333333333333333,20.0625,18,22,6.125,5.5,0.005520550324586537,0.1341666666666672,-0.0012499999999997513,0.09166666666666656,0.25
PALADIN,3,29.375,22,38,24.25,13,33,8.028298530294538,8.0225137137527,8.03486068147306,9.727916666666667,9.033333333333333,10.055,4.925,4.8933333333333335,4.966666666666667,1.9,1.3333333333333333,2.5333333333333337,21.6875,20,23,12.75,10.8125,0.01033437749142685,0.33052083333333293,-0.003750000000000142,0.19999999999999996,1.625
PALADIN,4,35.6875,27,46,30.25,16,40,8.033080293632215,8.026521617463274,8.04061769374364,9.862916666666667,9.051666666666666,10.066666666666666,4.92375,4.8933333333333335,4.966666666666667,1.9666666666666668,1.3333333333333333,2.6666666666666665,22.125,20,24,6.3125,6.0,0.004781763337676992,0.1349999999999998,-0.0012499999999997513,0.06666666666666687,0.4375
PALADIN,5,41.75,32,55,36.375,22,48,8.037499129139544,8.030382882774845,8.046859661488343,9.998125,9.061666666666667,10.08,4.922083333333333,4.886666666666667,4.966666666666667,2.0583333333333336,1.3333333333333333,2.9333333333333336,23.375,21,25,6.0625,6.125,0.004418835507328467,0.13520833333333293,-0.0016666666666669272,0.09166666666666679,1.25
PALADIN,6,54.375,43,70,47.4375,30,62,8.046344175181929,8.038484314917007,8.056831278649852,10.079062500000001,10.05,10.103333333333333,4.919583333333334,4.886666666666667,4.966666666666667,2.216666666666667,1.6,3.0666666666666664,25.0625,23,27,12.625,11.0625,0.008845046042385007,0.080937500000001,-0.0024999999999995026,0.15833333333333321,1.6875
PALADIN,7,60.8125,48,80,53.75,33,69,8.050680983820023,8.04202444487046,8.063238416260782,10.152083333333334,10.055,11.088333333333333,4.919583333333334,4.886666666666667,4.966666666666667,2.2916666666666665,1.6,3.2,25.375,23,27,6.4375,6.3125,0.004336808638093714,0.07302083333333265,0.0,0.07499999999999973,0.3125
PALADIN,8,66.9375,52,89,59.8125,38,76,8.05471416139287,8.044803471974063,8.068868559750733,10.3496875,10.063333333333333,11.126666666666667,4.917916666666667,4.88,4.966666666666667,2.416666666666667,1.7333333333333334,3.466666666666667,26.625,24,29,6.125,6.0625,0.004033177572846824,0.19760416666666636,-0.0016666666666669272,0.12500000000000044,1.25
PALADIN,9,79.75,60,106,71.75,45,89,8.062944518394087,8.050237728630192,8.079205198656114,10.682083333333333,10.075,11.148333333333333,4.9158333333333335,4.88,4.966666666666667,2.625,1.8666666666666667,3.8666666666666667,27.25,25,29,12.8125,11.9375,0.008230357001217214,0.332395833333333,-0.002083333333333215,0.20833333333333304,0.625
PALADIN,10,86.9375,66,115,77.5625,49,96,8.067454148394681,8.054218081216593,8.084540978008835,10.754270833333333,10.081666666666667,11.16,4.915,4.88,4.96,2.725,2.0,4.0,28.5625,26,30,7.1875,5.8125,0.004509630000594456,0.07218750000000007,-0.0008333333333334636,0.10000000000000009,1.3125
PALADIN,11,93.9375,72,125,83.8125,54,102,8.07177268663055,8.05812660963602,8.090372647599809,10.889687499999999,10.12,11.17,4.914583333333334,4.88,4.96,2.8083333333333336,2.2666666666666666,4.133333333333333,30.0625,27,32,7.0,6.25,0.0043185382358696955,0.13541666666666607,-0.0004166666666662877,0.08333333333333348,1.5
PALADIN,12,100.6875,78,133,90.1875,58,111,8.075881434121149,8.0619704539537,8.094970846309597,11.0253125,10.16,11.185,4.91375,4.873333333333333,4.96,2.8916666666666666,2.4,4.266666666666667,30.4375,27,33,6.75,6.375,0.004108747490597864,0.135625000000001,-0.0008333333333334636,0.08333333333333304,0.375
PALADIN,13,114.4375,91,150,103.375,68,128,8.084082718916365,8.070103888705352,8.104563955259128,11.234791666666666,10.185,12.186666666666667,4.913333333333333,4.873333333333333,4.96,3.075,2.5333333333333337,4.533333333333333,32.125,28,35,13.75,13.1875,0.008201284795216424,0.20947916666666622,-0.0004166666666671759,0.18333333333333357,1.6875
PALADIN,14,121.875,96,160,109.8125,73,134,8.088425701865482,8.073168808308372,8.110104477795556,11.308020833333334,11.121666666666666,12.196666666666667,4.912916666666667,4.873333333333333,4.96,3.1166666666666667,2.5333333333333337,4.533333333333333,32.625,28,36,7.4375,6.4375,0.004342982949117058,0.07322916666666757,-0.0004166666666662877,0.04166666666666652,0.5
PALADIN,15,135.1875,107,178,123.0,83,150,8.096088181242864,8.079802411918646,8.119907126968787,11.6425,11.138333333333334,12.25,4.910833333333334,4.866666666666666,4.96,3.275,2.5333333333333337,4.666666666666667,34.375,30,38,13.3125,13.1875,0.00766247937738207,0.3344791666666662,-0.002083333333333215,0.15833333333333321,1.75
PALADIN,16,142.125,112,187,130.0,86,160,8.100012610300572,8.082771993217698,8.12473326214626,11.966666666666667,11.191666666666666,12.266666666666667,4.91,4.866666666666666,4.96,3.341666666666667,2.6666666666666665,4.666666666666667,35.8125,31,39,6.9375,7.0,0.003924429057708068,0.3241666666666667,-0.0008333333333334636,0.06666666666666687,1.4375
PALADIN,17,148.625,118,195,136.75,92,170,8.103660704207881,8.086300756203359,8.128984250508259,12.040416666666667,11.203333333333333,12.283333333333333,4.90875,4.866666666666666,4.953333333333333,3.45,2.6666666666666665,4.8,36.0,31,39,6.5,6.75,0.0036480939073086915,0.07375000000000043,-0.0012499999999997513,0.10833333333333339,0.1875
PALADIN,18,163.1875,130,210,151.375,101,189,8.111717498940795,8.093253185736867,8.13686248814064,12.064791666666666,11.226666666666667,12.315,4.9070833333333335,4.866666666666666,4.953333333333333,3.6333333333333333,2.8000000000000003,5.066666666666667,37.625,33,40,14.5625,14.625,0.008056794732913986,0.024374999999999147,-0.0016666666666669272,0.18333333333333313,1.625
PALADIN,19,170.5625,136,218,158.125,107,197,8.115740562321484,8.096680774770277,8.141017882870548,12.201041666666667,11.24,13.27,4.905,4.866666666666666,4.953333333333333,3.725,2.9333333333333336,5.2,38.0,33,41,7.375,6.75,0.004023063380689251,0.13625000000000043,-0.002083333333333215,0.09166666666666679,0.375
PALADIN,20,185.0625,149,234,172.5625,117,212,8.123551105912544,8.104005908053054,8.149238776969352,12.537604166666666,12.195,13.353333333333333,4.902916666666667,4.866666666666666,4.953333333333333,3.875,3.2,5.466666666666667,39.75,35,42,14.5,14.4375,0.007810543591059371,0.33656249999999943,-0.002083333333333215,0.1499999999999999,1.75
PALADIN,21,192.4375,155,243,179.8125,122,222,8.12747962512789,8.10734315452858,8.153813344047656,12.549687500000001,12.203333333333333,13.37,4.900833333333333,4.866666666666666,4.953333333333333,3.925,3.333333333333333,5.466666666666667,41.125,36,44,7.375,7.25,0.0039285192153464266,0.012083333333334778,-0.002083333333334103,0.04999999999999982,1.375
PALADIN,22,207.3125,167,260,194.5,132,239,8.13531294470622,8.113941562909186,8.162363226744773,12.949166666666667,12.22,13.398333333333333,4.899166666666667,4.866666666666666,4.953333333333333,4.125,3.466666666666667,5.733333333333333,41.75,37,45,14.875,14.6875,0.007833319578329778,0.3994791666666657,-0.001666666666666039,0.20000000000000018,0.625
PALADIN,23,223.0625,179,277,209.375,143,256,8.143484796420307,8.120445733325312,8.17080194449551,13.098958333333334,12.311666666666667,13.426666666666666,4.895,4.86,4.946666666666666,4.291666666666667,3.7333333333333334,5.866666666666667,43.3125,38,46,15.75,14.875,0.008171851714086742,0.1497916666666672,-0.004166666666667318,0.16666666666666696,1.5625
PALADIN,24,230.8125,185,285,216.75,147,266,8.14746023072656,8.123664879337278,8.17473700329042,13.17375,12.325,13.443333333333333,4.8933333333333335,4.8533333333333335,4.94,4.383333333333334,3.8666666666666667,5.866666666666667,43.6875,39,46,7.75,7.375,0.003975434306253689,0.07479166666666615,-0.001666666666666039,0.09166666666666679,0.375
PALADIN,25,247.4375,201,305,231.6875,161,283,8.155906804246388,8.13214959646353,8.184479820268438,13.573645833333334,13.268333333333333,14.431666666666667,4.890833333333333,4.846666666666667,4.933333333333334,4.508333333333334,3.8666666666666667,6.0,45.625,41,48,16.625,14.9375,0.008446573519828249,0.3998958333333338,-0.002500000000000391,0.125,1.9375
PALADIN,26,255.5625,210,314,239.3125,168,290,8.159994731212707,8.13686248814064,8.188822052370536,13.648854166666666,13.28,14.443333333333333,4.889166666666666,4.846666666666667,4.926666666666667,4.566666666666666,4.0,6.0,47.0,42,49,8.125,7.625,0.004087926966318989,0.07520833333333243,-0.0016666666666669272,0.05833333333333268,1.375
PALADIN,27,271.8125,222,334,253.9375,176,309,8.168085271080152,8.143084099598472,8.198383783546868,13.798229166666667,13.293333333333333,14.515,4.8879166666666665,4.846666666666667,4.926666666666667,4.783333333333333,4.0,6.2666666666666675,47.4375,42,50,16.25,14.625,0.008090539867444235,0.14937500000000092,-0.0012499999999997513,0.21666666666666679,0.4375
PALADIN,28,287.9375,235,356,269.0625,186,324,8.176014604862914,8.149748777340223,8.208770433851793,14.1359375,13.31,14.54,4.885833333333333,4.846666666666667,4.926666666666667,4.941666666666666,4.0,6.533333333333333,49.125,44,51,16.125,15.125,0.007929333782762171,0.3377083333333335,-0.002083333333333215,0.15833333333333321,1.6875
PALADIN,29,296.1875,242,365,277.1875,191,333,8.180039827993381,8.153306753936873,8.212982189286489,14.211979166666666,13.415,14.555,4.884166666666666,4.846666666666667,4.926666666666667,5.033333333333333,4.133333333333333,6.666666666666666,49.375,44,52,8.25,8.125,0.004025223130467381,0.07604166666666501,-0.0016666666666669272,0.09166666666666679,0.25
PALADIN,30,312.9375,256,385,293.9375,200,351,8.188146342438765,8.160361816693976,8.222268326159277,14.427395833333334,13.435,15.543333333333333,4.88,4.84,4.926666666666667,5.175,4.133333333333333,6.933333333333334,51.125,45,54,16.75,16.75,0.008106514445383795,0.21541666666666792,-0.00416666666666643,0.1416666666666666,1.75
PALADIN,31,329.3125,269,402,309.9375,208,368,8.195990363786912,8.166844086850354,8.230085811281363,14.641562500000001,13.456666666666667,15.575,4.878333333333333,4.833333333333333,4.926666666666667,5.366666666666667,4.266666666666667,7.066666666666666,52.75,47,56,16.375,16.0,0.007844021348146768,0.21416666666666728,-0.0016666666666669272,0.19166666666666732,1.625
PALADIN,32,346.25,284,422,326.3125,222,385,8.204020351908033,8.174246341112914,8.239198777721324,14.918854166666666,14.37,15.601666666666667,4.87625,4.833333333333333,4.926666666666667,5.55,4.666666666666667,7.066666666666666,53.375,48,57,16.9375,16.375,0.008029988121121434,0.27729166666666494,-0.002083333333333215,0.18333333333333268,0.625
PALADIN,33,354.25,291,433,335.0625,229,395,8.207782163767156,8.177673798210039,8.244173940781495,15.1209375,14.381666666666666,15.658333333333333,4.8741666666666665,4.833333333333333,4.92,5.65,4.8,7.199999999999999,54.625,49,58,8.0,8.75,0.0037618118591229432,0.20208333333333428,-0.002083333333333215,0.10000000000000053,1.25
PALADIN,34,371.6875,304,452,352.0,241,414,8.215930249485728,8.18399577991454,8.252708437906467,15.274166666666666,14.52,15.69,4.8725,4.833333333333333,4.92,5.791666666666667,4.8,7.466666666666667,55.375,49,59,17.4375,16.9375,0.008148085718572062,0.15322916666666586,-0.0016666666666669272,0.1416666666666666,0.75
PALADIN,35,388.9375,319,471,369.3125,253,434,8.223915256001586,8.191223622801338,8.261171462529633,15.490520833333333,14.546666666666667,16.678333333333335,4.870833333333334,4.833333333333333,4.92,6.0,4.8,7.733333333333333,57.0,50,61,17.25,17.3125,0.007985006515857762,0.21635416666666707,-0.001666666666666039,0.20833333333333304,1.625
PALADIN,36,407.3125,335,490,385.1875,265,452,8.232346429744553,8.198858812189313,8.269566462449507,15.766979166666667,14.571666666666667,16.706666666666667,4.869583333333333,4.833333333333333,4.92,6.166666666666667,4.933333333333334,7.733333333333333,58.4375,52,62,18.375,15.875,0.008431173742966536,0.27645833333333414,-0.0012500000000006395,0.16666666666666696,1.4375
PALADIN,37,425.0625,349,507,402.9375,276,474,8.240417933498469,8.205479895849777,8.277022703202029,16.2340625,14.598333333333333,16.79,4.867916666666667,4.833333333333333,4.92,6.316666666666666,5.2,8.0,59.25,52,63,17.75,17.75,0.008071503753916076,0.4670833333333331,-0.001666666666666039,0.14999999999999947,0.8125
PALADIN,38,434.6875,357,516,411.5,283,482,8.244768213151788,8.209239449259123,8.280949819012342,16.310833333333335,15.471666666666668,16.803333333333335,4.866666666666666,4.833333333333333,4.913333333333333,6.416666666666667,5.333333333333333,8.133333333333333,60.8125,54,65,9.625,8.5625,0.004350279653319689,0.07677083333333456,-0.0012500000000006395,0.10000000000000053,1.5625
PALADIN,39,452.3125,372,536,429.5625,293,502,8.252679667071483,8.21624364203649,8.289628187942519,16.4034375,15.488333333333333,16.836666666666666,4.865,4.833333333333333,4.913333333333333,6.641666666666667,5.6000000000000005,8.266666666666666,61.3125,54,66,17.625,18.0625,0.007911453919694722,0.09260416666666416,-0.001666666666666039,0.22499999999999964,0.5
PALADIN,40,470.9375,386,557,448.0,308,526,8.260970078467512,8.222730062583219,8.298671065643598,16.746666666666666,15.668333333333333,17.81833333333333,4.8620833333333335,4.826666666666666,4.913333333333333,6.808333333333333,5.6000000000000005,8.266666666666666,63.0625,56,67,18.625,18.4375,0.00829041139602893,0.34322916666666714,-0.0029166666666666785,0.16666666666666607,1.75
PALADIN,41,489.625,401,578,466.4375,321,547,8.269223693621297,8.22962781505532,8.307645995261513,17.027395833333333,15.698333333333334,17.911666666666665,4.86,4.82,4.913333333333333,7.025,6.0,8.666666666666668,64.75,57,69,18.6875,18.4375,0.008253615153785532,0.28072916666666714,-0.002083333333333215,0.21666666666666767,1.6875
PALADIN,42,509.125,415,599,483.9375,332,567,8.277771346782178,8.23601927541048,8.316555929820867,17.306562500000002,15.728333333333333,17.945,4.85875,4.82,4.913333333333333,7.241666666666666,6.133333333333333,8.8,65.3125,58,69,19.5,17.5,0.008547653160880131,0.27916666666666856,-0.0012500000000006395,0.2166666666666659,0.5625
PALADIN,43,529.0,432,619,502.0625,345,586,8.2864149786539,8.243722706815396,8.324983651868543,17.461770833333333,15.761666666666667,17.976666666666667,4.8566666666666665,4.8133333333333335,4.906666666666666,7.366666666666667,6.2666666666666675,9.066666666666666,67.125,59,71,19.875,18.125,0.008643631871722235,0.15520833333333073,-0.002083333333333215,0.1250000000000009,1.8125
PALADIN,44,547.9375,449,642,520.8125,358,606,8.294591306750837,8.251365730233879,8.334608537552782,17.743020833333333,16.793333333333333,18.886666666666667,4.855,4.8133333333333335,4.906666666666666,7.616666666666666,6.4,9.333333333333334,67.75,60,72,18.9375,18.75,0.008176328096936913,0.28125,-0.001666666666666039,0.2499999999999991,0.625
PALADIN,45,567.25,463,666,539.6875,373,624,8.302865320525624,8.257616566791976,8.3445786607242,18.024479166666666,16.82,18.995,4.8533333333333335,4.8133333333333335,4.9,7.816666666666666,6.533333333333333,9.466666666666667,69.375,62,74,19.3125,18.875,0.008274013774787647,0.28145833333333314,-0.0016666666666669272,0.20000000000000018,1.625
PALADIN,46,586.4375,478,688,559.375,386,644,8.3110349673352,8.264272098094708,8.353654953906819,18.244791666666668,16.848333333333333,19.03333333333333,4.85,4.8133333333333335,4.8933333333333335,7.983333333333333,6.533333333333333,9.6,71.0,64,75,19.1875,19.6875,0.008169646809575326,0.22031250000000213,-0.0033333333333338544,0.16666666666666696,1.625
PALADIN,47,616.375,502,720,590.0,410,677,8.323677644765652,8.274834955788059,8.366754112595792,18.608333333333334,17.683333333333334,19.128333333333334,4.845416666666667,4.806666666666667,4.886666666666667,8.291666666666666,6.800000000000001,9.866666666666667,71.8125,65,75,29.9375,30.625,0.012642677430452665,0.36354166666666643,-0.0045833333333327175,0.3083333333333327,0.8125
PALADIN,48,636.875,516,741,609.5,425,701,8.33226150176616,8.280949819012342,8.375287035511635,18.890833333333333,17.708333333333332,19.168333333333333,4.845416666666667,4.806666666666667,4.886666666666667,8.441666666666666,6.933333333333334,10.133333333333335,73.75,67,77,20.5,19.5,0.008583857000507678,0.28249999999999886,0.0,0.15000000000000036,1.9375
PALADIN,49,667.9375,540,772,639.6875,446,734,8.345161306702057,8.291356024898123,8.387795562889604,19.316145833333334,18.743333333333332,20.171666666666667,4.841666666666667,4.806666666666667,4.88,8.691666666666666,7.066666666666666,10.4,74.875,69,79,31.0625,30.1875,0.012899804935896597,0.4253125000000004,-0.003750000000000142,0.25,1.125
PALADIN,50,688.375,557,792,659.25,462,759,8.353587632211795,8.298671065643598,8.395812167576544,19.72375,18.77,20.265,4.840833333333333,4.806666666666667,4.88,8.875,7.199999999999999,10.666666666666666,76.625,71,81,20.4375,19.5625,0.00842632550973832,0.40760416666666544,-0.0008333333333334636,0.18333333333333357,1.75
PALADIN,51,720.1875,582,826,689.5,487,792,8.366598692316634,8.30934805022942,8.409348339666773,19.961666666666666,18.811666666666667,21.253333333333334,4.835416666666666,4.8,4.873333333333333,9.116666666666667,7.466666666666667,10.933333333333334,78.6875,73,83,31.8125,30.25,0.01301106010483899,0.237916666666667,-0.005416666666667069,0.24166666666666714,2.0625
PALADIN,52,741.4375,599,849,709.375,503,816,8.375225827643119,8.316555929820867,8.41844188279487,20.182291666666668,19.058333333333334,21.303333333333335,4.833333333333333,4.793333333333333,4.873333333333333,9.283333333333333,7.6,11.200000000000001,79.375,73,84,21.25,19.875,0.008627135326484847,0.22062500000000185,-0.002083333333333215,0.16666666666666607,0.6875
PALADIN,53,774.0625,625,883,740.375,524,853,8.38836947923381,8.32750128566526,8.431794949427463,20.733958333333334,19.873333333333335,21.361666666666668,4.830416666666666,4.793333333333333,4.873333333333333,9.558333333333334,7.733333333333333,11.333333333333332,81.1875,75,86,32.625,31.0,0.013143651590691974,0.5516666666666659,-0.0029166666666666785,0.27500000000000036,1.8125
PALADIN,54,796.5,646,904,761.1875,541,877,8.39734830299295,8.336275331703627,8.439990945938316,20.831145833333334,19.901666666666667,21.403333333333332,4.8275,4.786666666666667,4.873333333333333,9.716666666666667,7.866666666666666,11.466666666666667,81.875,75,87,22.4375,20.8125,0.008978823759139942,0.09718750000000043,-0.0029166666666666785,0.15833333333333321,0.6875
PALADIN,55,830.5,676,943,793.125,569,916,8.410859439837157,8.348711565917586,8.455112065797584,21.009375,19.948333333333334,21.526666666666667,4.824583333333333,4.786666666666667,4.873333333333333,10.025,8.266666666666666,11.733333333333334,83.6875,77,89,34.0,31.9375,0.013511136844206462,0.17822916666666444,-0.0029166666666666785,0.30833333333333357,1.8125
PALADIN,56,852.875,696,972,814.5625,586,940,8.41969176405333,8.356940959746415,8.466274867446788,21.23260416666667,20.205,21.566666666666666,4.82125,4.78,4.873333333333333,10.266666666666667,8.266666666666666,12.0,85.125,78,90,22.375,21.4375,0.008832324216172083,0.2232291666666697,-0.0033333333333329662,0.24166666666666714,1.4375
PALADIN,57,887.1875,726,1014,848.1875,613,977,8.433133962480047,8.369197109251028,8.482324540636684,21.413645833333334,21.02166666666667,21.628333333333334,4.81625,4.773333333333333,4.873333333333333,10.558333333333334,8.4,12.133333333333333,86.125,80,91,34.3125,33.625,0.013442198426718122,0.18104166666666544,-0.004999999999999893,0.2916666666666661,1.0
PALADIN,58,921.5625,756,1060,882.5625,642,1014,8.446496183847888,8.381352354198008,8.499751018130873,21.4709375,21.07,21.69,4.812083333333334,4.766666666666667,4.873333333333333,10.791666666666668,8.666666666666668,12.266666666666666,88.1875,82,93,34.375,34.375,0.013362221367840377,0.05729166666666785,-0.00416666666666643,0.23333333333333428,2.0625
PALADIN,59,945.125,777,1089,905.5625,661,1040,8.455599737673825,8.389803568321382,8.510659363004835,21.509270833333332,21.101666666666667,21.733333333333334,4.81125,4.766666666666667,4.866666666666666,10.975,8.8,12.4,88.8125,83,94,23.5625,23.0,0.009103553825937638,0.038333333333330444,-0.0008333333333334636,0.1833333333333318,0.625
PALADIN,60,980.625,812,1131,940.6875,688,1079,8.469237887941278,8.403788381720412,8.526355395730718,21.5678125,21.14666666666667,21.798333333333332,4.80625,4.76,4.8533333333333335,11.183333333333334,8.8,12.533333333333335,90.9375,86,96,35.5,35.125,0.013638150267452076,0.058541666666666714,-0.004999999999999893,0.20833333333333393,2.125
PALADIN,61,1017.4375,851,1175,974.375,713,1123,8.483278467418685,8.419230280255745,8.542674342383963,21.623958333333334,21.188333333333333,21.871666666666666,4.804583333333333,4.753333333333333,4.8533333333333335,11.4,9.200000000000001,12.666666666666666,93.3125,88,97,36.8125,33.6875,0.014040579477407888,0.05614583333333556,-0.0016666666666669272,0.21666666666666679,2.375
PALADIN,62,1053.75,890,1218,1009.5625,743,1160,8.497027977806136,8.434531235784979,8.558504692023195,21.682604166666668,21.238333333333333,21.933333333333334,4.802083333333333,4.746666666666667,4.846666666666667,11.6,9.333333333333334,12.933333333333332,94.3125,89,98,36.3125,35.1875,0.013749510387450314,0.058645833333333286,-0.002500000000000391,0.1999999999999993,1.0
PALADIN,63,1078.1875,912,1247,1034.375,764,1187,8.506222435451386,8.443103179177669,8.56911778573926,21.723958333333332,21.273333333333333,21.97833333333333,4.7995833333333335,4.746666666666667,4.846666666666667,11.741666666666667,9.466666666666667,13.066666666666666,96.0625,90,101,24.4375,24.8125,0.009194457645250509,0.04135416666666458,-0.0024999999999995026,0.1416666666666675,1.75
PALADIN,64,1115.625,946,1292,1071.5625,791,1233,8.520231888993823,8.456269989352048,8.585489358874367,21.7859375,21.318333333333335,22.055,4.79375,4.74,4.84,12.033333333333333,9.733333333333334,13.600000000000001,97.125,92,101,37.4375,37.1875,0.0140094535424371,0.06197916666666714,-0.005833333333333357,0.2916666666666661,1.0625
PALADIN,65,1154.375,981,1340,1108.5,823,1277,8.534635161598336,8.469725569094086,8.602827192063842,21.8475,21.371666666666666,22.128333333333334,4.79125,4.74,4.84,12.308333333333334,10.133333333333335,13.866666666666667,99.1875,94,103,38.75,36.9375,0.014403272604512907,0.06156250000000085,-0.002500000000000391,0.27500000000000036,2.0625
PALADIN,66,1193.5,1016,1389,1145.5625,854,1321,8.549070739053155,8.483085455007595,8.620398575485698,21.909270833333334,21.423333333333332,22.201666666666668,4.786666666666667,4.733333333333333,4.84,12.591666666666667,10.4,14.0,101.25,95,105,39.125,37.0625,0.014435577454818826,0.061770833333333997,-0.0045833333333327175,0.2833333333333332,2.0625
PALADIN,67,1232.1875,1049,1435,1182.75,884,1364,8.563248012269245,8.495597818341873,8.636781615211788,21.97125,21.473333333333333,22.273333333333333,4.7820833333333335,4.726666666666667,4.84,12.858333333333333,10.533333333333331,14.399999999999999,102.125,96,106,38.6875,37.1875,0.014177273216089858,0.06197916666666714,-0.004583333333333606,0.2666666666666657,0.875
PALADIN,68,1258.4375,1071,1469,1207.8125,903,1394,8.572819503990209,8.503895606840356,8.648823291761827,22.013020833333332,21.505,22.323333333333334,4.78,4.726666666666667,4.84,12.983333333333333,10.666666666666666,14.533333333333333,103.875,97,109,26.25,25.0625,0.00957149172096372,0.04177083333333087,-0.002083333333333215,0.125,1.75
PALADIN,69,1297.5625,1107,1518,1246.5,933,1440,8.587019427645401,8.517400795445633,8.666080029235399,22.0775,21.555,22.4,4.777083333333334,4.72,4.833333333333333,13.225,10.8,14.933333333333334,104.625,99,109,39.125,38.6875,0.014199923655192848,0.06447916666666842,-0.0029166666666666785,0.24166666666666714,0.75
PALADIN,70,1339.0625,1145,1563,1285.75,964,1485,8.601994918175388,8.531561336503676,8.681830112776032,22.142916666666668,21.606666666666666,22.475,4.774583333333333,4.72,4.833333333333333,13.441666666666666,11.066666666666666,15.2,106.6875,100,111,41.5,39.25,0.014975490529986146,0.06541666666666757,-0.002500000000000391,0.21666666666666679,2.0625
PALADIN,71,1379.8125,1177,1607,1326.25,1001,1530,8.616608623899726,8.543413177495609,8.697142720343964,22.210416666666667,21.668333333333333,22.55,4.77,4.713333333333333,4.826666666666666,13.7,11.333333333333332,15.466666666666667,108.5625,103,113,40.75,40.5,0.014613705724338288,0.067499999999999,-0.004583333333333606,0.25833333333333286,1.875
PALADIN,72,1420.625,1208,1653,1367.5625,1035,1578,8.631153321196622,8.554833330793732,8.713061975809524,22.27927083333333,21.725,22.63,4.767916666666666,4.713333333333333,4.826666666666666,13.941666666666666,11.333333333333332,15.733333333333333,109.5,103,113,40.8125,41.3125,0.014544697296896558,0.06885416666666444,-0.002083333333333215,0.24166666666666714,0.9375
PALADIN,73,1462.125,1243,1698,1408.8125,1067,1630,8.645859062324668,8.567656870066543,8.728549633547528,22.348020833333333,21.778333333333332,22.71666666666667,4.765416666666667,4.706666666666667,4.82,14.3,11.866666666666667,16.0,111.3125,106,115,41.5,41.25,0.014705741128045346,0.06875000000000142,-0.0024999999999995026,0.3583333333333343,1.8125
PALADIN,74,1504.6875,1277,1745,1450.5625,1100,1677,8.660852775343283,8.580045034258765,8.744638249032645,22.417604166666667,21.833333333333332,22.795,4.762083333333333,4.706666666666667,4.82,14.525,12.0,16.133333333333333,112.1875,107,115,42.5625,41.75,0.014993713018615296,0.069583333333334,-0.0033333333333338544,0.22499999999999964,0.875
PALADIN,75,1548.3125,1312,1791,1492.4375,1137,1729,8.676134271008806,8.592728846097131,8.76030082902253,22.487395833333334,21.895,22.881666666666668,4.755416666666667,4.693333333333333,4.82,14.75,12.266666666666666,16.266666666666666,114.1875,109,117,43.625,41.875,0.015281495665522726,0.06979166666666714,-0.0066666666666659324,0.22499999999999964,2.0
PALADIN,76,1592.5625,1349,1836,1534.1875,1171,1776,8.691550525970072,8.606064093870936,8.775545240345998,22.556979166666668,21.951666666666668,22.96,4.7524999999999995,4.6866666666666665,4.806666666666667,15.008333333333333,12.666666666666666,16.53333333333333,116.0,111,119,44.25,41.75,0.015416254961266418,0.069583333333334,-0.0029166666666675667,0.25833333333333286,1.8125
PALADIN,77,1636.5625,1381,1883,1577.25,1207,1829,8.706788594967039,8.617538357326799,8.79138761860296,22.62875,22.011666666666667,23.048333333333332,4.74875,4.6866666666666665,4.8,15.25,12.933333333333332,16.666666666666668,116.875,112,119,44.0,43.0625,0.015238068996966447,0.07177083333333201,-0.003749999999999254,0.24166666666666714,0.875
PALADIN,78,1681.75,1417,1934,1620.75,1241,1884,8.722343797557365,8.630383555715321,8.808489103730835,22.701249999999998,22.068333333333335,23.14,4.745416666666666,4.6866666666666665,4.793333333333333,15.466666666666667,13.333333333333332,16.8,118.875,114,121,45.1875,43.5,0.015555202590325834,0.07249999999999801,-0.0033333333333338544,0.21666666666666679,2.0
PALADIN,79,1726.875,1454,1987,1665.3125,1278,1937,8.737806478049178,8.643517735369851,8.826165944781437,22.77552083333333,22.13,23.22833333333333,4.742916666666667,4.68,4.793333333333333,15.658333333333333,13.600000000000001,16.933333333333334,119.6875,116,121,45.125,44.5625,0.01546268049181343,0.07427083333333329,-0.0024999999999995026,0.19166666666666643,0.8125
PALADIN,80,1772.3125,1485,2039,1710.4375,1317,1990,8.753285519793327,8.654470624482721,8.84341782639287,22.850729166666667,22.195,23.316666666666666,4.737916666666667,4.673333333333334,4.793333333333333,15.925,13.600000000000001,17.2,121.625,118,123,45.4375,45.125,0.015479041744148603,0.07520833333333599,-0.004999999999999893,0.2666666666666675,1.9375
PALADIN,81,1819.5625,1523,2098,1754.4375,1355,2041,8.769305600278113,8.667834603474716,8.862885919851696,22.924062499999998,22.258333333333333,23.401666666666667,4.736666666666667,4.673333333333334,4.786666666666667,16.2,14.133333333333333,17.466666666666665,123.6875,120,125,47.25,44.0,0.016020080484786092,0.07333333333333059,-0.0012499999999997513,0.2749999999999986,2.0625
PALADIN,82,1865.0,1561,2153,1800.6875,1393,2097,8.784633420169454,8.681132052733755,8.88093571835591,23.001145833333332,22.321666666666665,23.495,4.732916666666667,4.673333333333334,4.786666666666667,16.508333333333333,14.266666666666667,17.733333333333334,123.875,120,125,45.4375,46.25,0.015327819891341576,0.07708333333333428,-0.003750000000000142,0.30833333333333357,0.1875
PALADIN,83,1911.5625,1598,2207,1846.75,1433,2152,8.800269055723868,8.694017490080888,8.898567821120029,23.077916666666667,22.388333333333335,23.586666666666666,4.727916666666666,4.673333333333334,4.78,16.833333333333332,14.533333333333333,18.266666666666666,125.875,122,127,46.5625,46.0625,0.01563563555441405,0.07677083333333456,-0.005000000000000782,0.3249999999999993,2.0
PALADIN,84,1958.6875,1637,2269,1894.8125,1476,2210,8.816009532610293,8.707535017414118,8.918706083210914,23.15802083333333,22.46,23.683333333333334,4.72625,4.673333333333334,4.78,17.066666666666666,14.8,18.400000000000002,126.0625,122,127,47.125,48.0625,0.01574047688642466,0.08010416666666487,-0.001666666666666039,0.23333333333333428,0.1875
PALADIN,85,2006.6875,1672,2327,1942.4375,1517,2269,8.831963419217661,8.719611365317778,8.937445658235506,23.237395833333334,22.528333333333332,23.781666666666666,4.722916666666666,4.666666666666667,4.78,17.291666666666668,14.933333333333334,18.53333333333333,128.1875,124,129,48.0,47.625,0.015953886607368517,0.07937500000000242,-0.0033333333333338544,0.22500000000000142,2.125
PALADIN,86,2055.1875,1712,2383,1989.5,1561,2329,8.848004466776704,8.73335119436596,8.955450581836304,23.315833333333334,22.601666666666667,23.881666666666668,4.720833333333333,4.666666666666667,4.78,17.525,15.066666666666666,18.666666666666668,130.3125,126,131,48.5,47.0625,0.016041047559042454,0.07843749999999972,-0.002083333333333215,0.23333333333333073,2.125
PALADIN,87,2103.75,1749,2441,2038.1875,1607,2386,8.863992595929941,8.74600346203368,8.974009558537874,23.396979166666668,22.678333333333335,23.976666666666667,4.717083333333333,4.66,4.78,17.791666666666668,15.2,18.933333333333334,130.625,127,131,48.5625,48.6875,0.01598812915323755,0.08114583333333414,-0.003750000000000142,0.26666666666666927,0.3125
PALADIN,88,2153.375,1784,2502,2086.0,1650,2444,8.880248299442757,8.757922631738106,8.993433588536588,23.476666666666667,22.75,24.073333333333334,4.714583333333334,4.653333333333333,4.773333333333333,18.083333333333332,15.600000000000001,19.333333333333332,132.5,128,133,49.625,47.8125,0.016255703512815245,0.07968749999999858,-0.0024999999999995026,0.2916666666666643,1.875
PALADIN,89,2203.875,1829,2562,2134.375,1695,2502,8.896725354725193,8.773178839624467,9.012446994945535,23.557291666666668,22.825,24.17,4.71125,4.653333333333333,4.773333333333333,18.316666666666666,15.733333333333333,19.733333333333334,132.6875,129,133,50.5,48.375,0.01647705528243648,0.08062500000000128,-0.0033333333333338544,0.23333333333333428,0.1875
PALADIN,90,2271.25,1884,2648,2200.875,1755,2580,8.918582270711154,8.791723824911832,9.039545206053512,23.668125,22.925,24.3,4.7075,4.653333333333333,4.773333333333333,18.65,16.0,20.0,134.75,131,135,67.375,66.5,0.021856915985960512,0.11083333333333201,-0.003750000000000142,0.33333333333333215,2.0625
PALADIN,91,2323.1875,1923,2712,2250.75,1802,2634,8.935340635022477,8.804808255760804,9.059597057308654,23.75125,23.003333333333334,24.39,4.703333333333333,4.64,4.766666666666667,18.85,16.266666666666666,20.0,136.6875,133,137,51.9375,49.875,0.016758364311323604,0.083124999999999,-0.00416666666666643,0.20000000000000284,1.9375
PALADIN,92,2374.125,1963,2772,2301.9375,1848,2693,8.95170187792962,8.818173172398044,9.078309859301843,23.8365625,23.08,24.488333333333333,4.698333333333333,4.633333333333334,4.76,19.091666666666665,16.53333333333333,20.0,136.75,133,137,50.9375,51.1875,0.016361242907143136,0.08531250000000057,-0.004999999999999893,0.2416666666666636,0.0625
PALADIN,93,2425.5625,2007,2830,2353.75,1899,2757,8.968156612791198,8.83281184475732,9.096322036732092,23.922916666666666,23.165,24.595,4.694583333333333,4.633333333333334,4.76,19.283333333333335,17.066666666666666,20.0,138.75,135,139,51.4375,51.8125,0.016454734861577336,0.08635416666666629,-0.003750000000000142,0.19166666666666998,2.0
PALADIN,94,2478.6875,2047,2893,2406.0625,1941,2821,8.985071772744925,8.846064103761176,9.115803558898211,24.010104166666668,23.235,24.701666666666668,4.689583333333333,4.626666666666667,4.76,19.416666666666668,17.2,20.0,138.8125,136,139,53.125,52.3125,0.01691515995372761,0.08718750000000242,-0.004999999999999893,0.13333333333333286,0.0625
PALADIN,95,2530.75,2091,2952,2459.625,1992,2887,9.001580673143792,8.860581927686436,9.133971338809904,24.099375000000002,23.32,24.811666666666667,4.684166666666667,4.62,4.753333333333333,19.558333333333334,17.733333333333334,20.0,140.75,137,141,52.0625,53.5625,0.016508900398866544,0.08927083333333385,-0.005416666666666181,0.14166666666666572,1.9375
PALADIN,96,2601.8125,2150,3031,2530.25,2053,2968,9.024008312118784,8.879953581575446,9.158184489290809,24.21708333333333,23.421666666666667,24.946666666666665,4.679166666666667,4.62,4.746666666666667,19.675,18.266666666666666,20.0,142.8125,140,143,71.0625,70.625,0.022427638974992448,0.1177083333333293,-0.004999999999999893,0.11666666666666714,2.0625
PALADIN,97,2656.0,2193,3100,2584.0,2098,3033,9.041024285850154,8.89400490318749,9.179229541591088,24.306666666666665,23.496666666666666,25.055,4.67375,4.62,4.733333333333333,19.766666666666666,18.666666666666668,20.0,142.875,141,143,54.1875,53.75,0.017015973731369982,0.08958333333333357,-0.005416666666667069,0.09166666666666501,0.0625
PALADIN,98,2710.0,2236,3164,2638.9375,2144,3095,9.057917818973985,8.908001225612532,9.198665968036664,24.398229166666667,23.573333333333334,25.15833333333333,4.669583333333334,4.613333333333333,4.72,19.833333333333332,18.799999999999997,20.0,144.875,143,145,54.0,54.9375,0.016893533123830906,0.09156250000000199,-0.00416666666666643,0.06666666666666643,2.0
PALADIN,99,2765.375,2281,3229,2693.5625,2192,3158,9.0751692510954,8.922591021003157,9.218325772459051,24.489270833333332,23.653333333333332,25.263333333333335,4.664166666666667,4.6066666666666665,4.713333333333333,19.858333333333334,18.799999999999997,20.0,144.875,143,145,55.375,54.625,0.017251432121414112,0.09104166666666558,-0.005416666666667069,0.02500000000000213,0.0
PALADIN,100,2820.5625,2325,3294,2748.75,2243,3226,9.09229660520697,8.936801033391758,9.237906579488458,24.58125,23.738333333333333,25.376666666666665,4.66125,4.6066666666666665,4.706666666666667,19.933333333333334,19.066666666666666,20.0,146.9375,146,147,55.1875,55.1875,0.017127354111570625,0.09197916666666828,-0.0029166666666666785,0.07499999999999929,2.0625
RANGER,1,10.5,8,13,7.9375,5,10,8.012443602478525,8.010022613543374,8.014779633924967,9.325729166666667,9.008333333333333,10.016666666666667,4.93,4.9,4.966666666666667,1.6083333333333334,0.8,2.0,19.8125,18,22,,,,,,,
RANGER,2,16.625,13,20,13.4375,8,17,8.017964152803112,8.014779633924967,8.020860897630213,9.459895833333334,9.013333333333334,10.028333333333334,4.925416666666667,4.8933333333333335,4.96,1.6333333333333333,0.8,2.1333333333333333,19.9375,18,22,6.125,5.5,0.005520550324586537,0.1341666666666672,-0.0045833333333327175,0.02499999999999991,0.125
RANGER,3,28.625,21,38,25.6875,18,34,8.027716869938482,8.02169124257574,8.03486068147306,9.6053125,9.03,10.056666666666667,4.9175,4.88,4.953333333333333,1.6916666666666667,0.9333333333333333,2.2666666666666666,21.125,19,23,12.0,12.25,0.009752717135370403,0.14541666666666586,-0.007916666666666572,0.05833333333333335,1.1875
RANGER,4,34.5,27,46,32.0625,21,40,8.032184162870134,8.026521617463274,8.04061769374364,9.8034375,9.035,10.066666666666666,4.912916666666667,4.88,4.953333333333333,1.725,0.9333333333333333,2.2666666666666666,21.25,19,23,5.875,6.375,0.004467292931652267,0.19812499999999922,-0.004583333333333606,0.03333333333333344,0.125
RANGER,5,40.5,32,54,38.3125,27,47,8.036598896162824,8.030382882774845,8.046176818044357,9.813854166666667,9.045,10.078333333333333,4.909583333333333,4.88,4.94,1.75,0.9333333333333333,2.4,22.375,20,24,6.0,6.25,0.004414733292689377,0.010416666666667851,-0.0033333333333338544,0.02499999999999991,1.125
RANGER,6,53.3125,43,71,51.125,36,62,8.04562731767578,8.038484314917007,8.05747985638043,10.210208333333334,10.06,11.091666666666667,4.900833333333333,4.873333333333333,4.926666666666667,1.8,1.0666666666666667,2.5333333333333337,23.5,21,25,12.8125,12.8125,0.009028421512956797,0.3963541666666668,-0.008750000000000036,0.050000000000000044,1.125
RANGER,7,59.9375,48,79,58.375,42,72,8.050117575719803,8.04202444487046,8.062605237638177,10.284791666666667,10.07,11.105,4.8966666666666665,4.866666666666666,4.926666666666667,1.8333333333333333,1.0666666666666667,2.6666666666666665,23.5625,21,26,6.625,7.25,0.004490258044022255,0.074583333333333,-0.00416666666666643,0.033333333333333215,0.0625
RANGER,8,66.5625,51,88,64.5625,45,81,8.054498546891452,8.044112851937633,8.068248817817278,10.482604166666667,10.075,11.135,4.8933333333333335,4.866666666666666,4.926666666666667,1.875,1.0666666666666667,2.6666666666666665,24.625,22,27,6.625,6.1875,0.004380971171649151,0.1978124999999995,-0.0033333333333329662,0.04166666666666674,1.0625
RANGER,9,79.9375,63,106,78.9375,55,98,8.063106957207786,8.052237385825306,8.079205198656114,10.6315625,10.091666666666667,11.163333333333334,4.884166666666666,4.846666666666667,4.926666666666667,1.9083333333333334,1.0666666666666667,2.6666666666666665,25.0,22,28,13.375,14.375,0.008608410316334414,0.14895833333333286,-0.009166666666667211,0.03333333333333344,0.375
RANGER,10,86.375,66,115,85.75,58,106,8.067135770863494,8.054218081216593,8.084540978008835,10.705416666666666,10.096666666666668,11.176666666666666,4.880416666666667,4.84,4.926666666666667,1.925,1.0666666666666667,2.6666666666666665,26.0,23,29,6.4375,6.8125,0.004028813655708063,0.073854166666667,-0.003749999999999254,0.016666666666666607,1.0
RANGER,11,92.9375,72,125,92.9375,61,114,8.071192364072195,8.05812660963602,8.090372647599809,10.779895833333333,10.101666666666667,11.19,4.875416666666666,4.826666666666666,4.92,1.9333333333333333,1.0666666666666667,2.6666666666666665,27.0625,24,30,6.5625,7.1875,0.004056593208700221,0.07447916666666643,-0.005000000000000782,0.008333333333333304,1.0625
RANGER,12,99.25,75,133,100.1875,64,122,8.075039096956797,8.060056221699071,8.094970846309597,10.854479166666668,10.106666666666667,11.203333333333333,4.870416666666666,4.826666666666666,4.92,1.9666666666666668,1.0666666666666667,2.6666666666666665,27.0625,24,30,6.3125,7.25,0.003846732884602133,0.07458333333333478,-0.004999999999999893,0.03333333333333344,0.0
RANGER,13,112.9375,85,153,115.6875,74,139,8.083209210977495,8.066381052786808,8.106233658974343,11.3178125,10.123333333333333,12.215,4.86125,4.806666666666667,4.906666666666666,2.0,1.2,2.6666666666666665,28.25,25,31,13.6875,15.5,0.008170114020698449,0.46333333333333293,-0.009166666666666323,0.033333333333333215,1.1875
RANGER,14,120.0625,89,163,123.8125,79,150,8.087382428980746,8.068868559750733,8.111752971262543,11.393854166666667,11.131666666666666,12.231666666666667,4.8566666666666665,4.8,4.9,2.025,1.2,2.6666666666666665,28.4375,26,31,7.125,8.125,0.004173218003250767,0.07604166666666679,-0.004583333333333606,0.02499999999999991,0.1875
RANGER,15,134.25,99,181,139.6875,87,170,8.09555365942237,8.07499238245277,8.121521145659392,11.6078125,11.145,12.283333333333333,4.849166666666667,4.786666666666667,4.8933333333333335,2.05,1.2,2.6666666666666665,29.8125,27,32,14.1875,15.875,0.008171230441623933,0.21395833333333236,-0.007499999999999396,0.02499999999999991,1.375
RANGER,16,141.4375,103,190,148.125,92,180,8.099625693102842,8.077406739585863,8.126331564968094,11.746875,11.153333333333332,12.3,4.845416666666667,4.78,4.8933333333333335,2.0833333333333335,1.3333333333333333,2.8000000000000003,30.875,28,33,7.1875,8.4375,0.004072033680472487,0.13906249999999964,-0.003750000000000142,0.03333333333333366,1.0625
RANGER,17,148.75,110,198,156.125,98,191,8.10373060547453,8.081587409409087,8.130569321574354,11.822708333333333,11.163333333333334,12.318333333333333,4.8425,4.78,4.8933333333333335,2.1083333333333334,1.4666666666666668,2.8000000000000003,31.0,28,33,7.3125,8.0,0.004104912371687419,0.07583333333333364,-0.0029166666666666785,0.02499999999999991,0.125
RANGER,18,163.75,121,218,173.3125,108,209,8.11201860832885,8.08805160802861,8.141017882870548,12.038854166666667,11.18,13.285,4.832916666666667,4.773333333333333,4.8933333333333335,2.1416666666666666,1.4666666666666668,2.8000000000000003,32.0625,29,35,15.0,17.1875,0.008288002854319743,0.21614583333333393,-0.009583333333333499,0.033333333333333215,1.0625
RANGER,19,171.0625,125,228,181.6875,114,221,8.115996988463046,8.090372647599809,8.146169537553389,12.1153125,11.19,13.296666666666667,4.828333333333333,4.766666666666667,4.886666666666667,2.175,1.4666666666666668,2.8000000000000003,32.0625,29,35,7.3125,8.375,0.003978380134196158,0.07645833333333307,-0.004583333333333606,0.033333333333333215,0.0
RANGER,20,185.25,136,246,200.375,129,243,8.123633152605105,8.096680774770277,8.155330621899074,12.458958333333333,12.215,13.33,4.818333333333333,4.753333333333333,4.873333333333333,2.216666666666667,1.4666666666666668,2.8000000000000003,33.125,30,36,14.1875,18.6875,0.007636164142059698,0.34364583333333343,-0.009999999999999787,0.04166666666666696,1.0625
RANGER,21,192.5625,143,256,209.8125,134,255,8.127524721939931,8.10064166784302,8.160361816693976,12.5996875,12.223333333333333,13.395,4.81375,4.753333333333333,4.866666666666666,2.2333333333333334,1.4666666666666668,2.8000000000000003,34.3125,32,37,7.3125,9.4375,0.0038915693348258174,0.14072916666666657,-0.004583333333333606,0.016666666666666607,1.1875
RANGER,22,207.5,153,276,228.875,145,283,8.135373053009811,8.106233658974343,8.170308475340084,12.818958333333333,12.241666666666667,13.428333333333333,4.803333333333334,4.746666666666667,4.8533333333333335,2.2666666666666666,1.4666666666666668,2.8000000000000003,34.75,32,37,14.9375,19.0625,0.007848331069880032,0.21927083333333286,-0.010416666666666075,0.033333333333333215,0.4375
RANGER,23,223.5,163,298,247.9375,158,308,8.143663576812397,8.111752971262543,8.181084803683422,13.163229166666667,12.263333333333334,13.465,4.7925,4.74,4.846666666666667,2.316666666666667,1.4666666666666668,2.9333333333333336,35.9375,33,38,16.0,19.0625,0.00829052380258588,0.34427083333333464,-0.01083333333333325,0.050000000000000266,1.1875
RANGER,24,231.3125,168,308,257.5625,163,322,8.147663566080622,8.114487064692726,8.185930042496318,13.366770833333334,12.271666666666667,14.411666666666667,4.787083333333333,4.733333333333333,4.846666666666667,2.341666666666667,1.4666666666666668,2.9333333333333336,35.9375,33,38,7.8125,9.625,0.003999989268224979,0.2035416666666663,-0.005416666666667069,0.02499999999999991,0.0
RANGER,25,247.5,180,328,276.875,176,349,8.155879207709035,8.12098373821966,8.195527600342114,13.523958333333333,12.511666666666667,14.441666666666666,4.77625,4.713333333333333,4.846666666666667,2.4,1.4666666666666668,3.0666666666666664,37.125,34,39,16.1875,19.3125,0.008215641628412484,0.15718749999999915,-0.01083333333333325,0.058333333333333126,1.1875
RANGER,26,255.4375,185,339,287.0,183,363,8.15986421643866,8.123664879337278,8.20075610169855,13.603333333333333,12.533333333333333,14.496666666666666,4.772916666666667,4.713333333333333,4.846666666666667,2.425,1.4666666666666668,3.2,38.25,35,40,7.9375,10.125,0.00398500872962515,0.07937500000000064,-0.0033333333333329662,0.02499999999999991,1.125
RANGER,27,271.6875,194,359,307.625,198,388,8.167948798592775,8.128454812426842,8.210176692912468,13.950208333333332,13.33,14.575,4.7629166666666665,4.706666666666667,4.84,2.466666666666667,1.4666666666666668,3.333333333333333,38.3125,35,40,16.25,20.625,0.008084582154115338,0.34687499999999893,-0.010000000000000675,0.04166666666666696,0.0625
RANGER,28,288.25,202,377,328.9375,214,415,8.176090778226317,8.132675303850103,8.218565733898442,14.173229166666667,13.356666666666667,14.691666666666666,4.755,4.693333333333333,4.84,2.533333333333333,1.7333333333333334,3.333333333333333,39.5,36,41,16.5625,21.3125,0.008141979633542462,0.22302083333333478,-0.007916666666666572,0.06666666666666643,1.1875
RANGER,29,296.3125,207,389,339.8125,221,427,8.18001419590071,8.13529609805967,8.224113839736683,14.441354166666667,13.368333333333334,15.541666666666666,4.75,4.693333333333333,4.833333333333333,2.558333333333333,1.8666666666666667,3.333333333333333,39.625,36,41,8.0625,10.875,0.0039234176743931926,0.2681249999999995,-0.004999999999999893,0.02499999999999991,0.125
RANGER,30,312.5625,220,409,362.0,239,453,8.187870834316307,8.142051930437903,8.233285444116056,14.603333333333333,13.678333333333333,15.575,4.7425,4.693333333333333,4.833333333333333,2.6166666666666667,2.1333333333333333,3.333333333333333,40.8125,38,42,16.25,22.1875,0.007856638415596251,0.16197916666666679,-0.007500000000000284,0.05833333333333357,1.1875
RANGER,31,328.6875,232,428,384.625,256,478,8.195588805330377,8.148217465724056,8.241915675585158,14.766041666666666,13.725,15.64,4.733333333333333,4.68,4.826666666666666,2.675,2.1333333333333333,3.333333333333333,41.9375,39,44,16.125,22.625,0.007717971014070457,0.1627083333333328,-0.009166666666666323,0.058333333333333126,1.125
RANGER,32,345.4375,245,451,408.25,271,502,8.203520047986927,8.15482527598906,8.252261067293386,14.992916666666666,14.451666666666666,15.77,4.723333333333334,4.68,4.8133333333333335,2.716666666666667,2.1333333333333333,3.333333333333333,42.0625,39,44,16.75,23.625,0.007931242656550097,0.22687499999999972,-0.009999999999999787,0.04166666666666696,0.125
RANGER,33,354.25,253,462,419.9375,281,515,8.207667743924741,8.158856654562923,8.257171344751983,15.137395833333333,14.468333333333334,15.791666666666666,4.7175,4.666666666666667,4.8133333333333335,2.7333333333333334,2.1333333333333333,3.333333333333333,43.25,40,45,8.8125,11.6875,0.004147695937813722,0.14447916666666671,-0.005833333333333357,0.016666666666666607,1.1875
RANGER,34,371.875,264,487,443.625,299,544,8.215888429063371,8.164358487808794,8.268245326570216,15.489375,14.685,15.906666666666666,4.709583333333334,4.666666666666667,4.8,2.7916666666666665,2.1333333333333333,3.466666666666667,43.3125,40,45,17.625,23.6875,0.008220685138629946,0.35197916666666806,-0.007916666666666572,0.058333333333333126,0.0625
RANGER,35,389.8125,278,511,467.5625,316,574,8.22417800181221,8.171295057483261,8.278769794841375,15.779270833333333,14.87,16.758333333333333,4.699583333333333,4.6466666666666665,4.8,2.8083333333333336,2.1333333333333333,3.5999999999999996,44.4375,41,46,17.9375,23.9375,0.008289572748838125,0.2898958333333326,-0.010000000000000675,0.01666666666666705,1.125
RANGER,36,407.5625,292,533,492.3125,332,604,8.232310433434769,8.178162080892347,8.288330617835138,16.008020833333333,14.943333333333333,16.931666666666665,4.690416666666667,4.626666666666667,4.793333333333333,2.875,2.2666666666666666,3.7333333333333334,45.75,43,47,17.75,24.75,0.008132431622559722,0.2287499999999998,-0.009166666666666323,0.06666666666666643,1.3125
RANGER,37,425.1875,306,556,518.5,351,633,8.24031005426114,8.184963543322244,8.29824201756379,16.114166666666666,14.995000000000001,16.97833333333333,4.680833333333333,4.626666666666667,4.786666666666667,2.8916666666666666,2.2666666666666666,3.7333333333333334,45.9375,43,48,17.625,26.1875,0.007999620826371512,0.10614583333333272,-0.009583333333333499,0.016666666666666607,0.1875
RANGER,38,434.0,313,569,531.25,362,649,8.244282338036337,8.188340823673668,8.303807722120967,16.385416666666668,15.603333333333333,17.081666666666667,4.676666666666667,4.626666666666667,4.78,2.908333333333333,2.2666666666666666,3.7333333333333334,47.125,44,49,8.8125,12.75,0.003972283775196317,0.271250000000002,-0.00416666666666643,0.016666666666666607,1.1875
RANGER,39,452.125,329,592,557.625,381,681,8.252415482465242,8.196004351710029,8.313593000653082,16.679375,15.635,17.916666666666668,4.667916666666667,4.62,4.76,2.975,2.4,3.8666666666666667,47.25,44,49,18.125,26.375,0.008133144428905226,0.29395833333333243,-0.008750000000000036,0.06666666666666687,0.125
RANGER,40,469.375,340,614,585.1875,404,710,8.26008223824389,8.201229722822733,8.322881894125024,17.1003125,16.125,18.096666666666668,4.65875,4.6066666666666665,4.74,3.033333333333333,2.4,3.8666666666666667,48.4375,46,50,17.25,27.5625,0.007666755778647172,0.42093750000000085,-0.009166666666666323,0.058333333333333126,1.1875
RANGER,41,487.5625,354,638,613.375,425,741,8.268111074416145,8.20783161144732,8.33293966509046,17.209791666666668,16.181666666666665,18.14666666666667,4.647916666666667,4.593333333333334,4.74,3.0583333333333336,2.4,3.8666666666666667,49.625,47,51,18.1875,28.1875,0.008028836172256248,0.10947916666666657,-0.01083333333333325,0.025000000000000355,1.1875
RANGER,42,505.4375,366,661,641.375,445,774,8.275942797257095,8.213448871811096,8.342507560823355,17.506458333333335,16.741666666666667,18.196666666666665,4.639583333333333,4.593333333333334,4.726666666666667,3.1,2.5333333333333337,3.8666666666666667,49.8125,47,51,17.875,28.0,0.00783172284094924,0.29666666666666686,-0.008333333333333748,0.04166666666666652,0.1875
RANGER,43,523.5625,379,685,669.0,466,806,8.283829997644562,8.21949284277585,8.352420734952632,17.6775,16.776666666666667,18.343333333333334,4.630833333333333,4.593333333333334,4.726666666666667,3.15,2.5333333333333337,3.8666666666666667,51.0,48,53,18.125,27.625,0.00788720038746682,0.17104166666666387,-0.008750000000000036,0.04999999999999982,1.1875
RANGER,44,542.8125,392,712,697.875,488,839,8.292143571465255,8.225495484151452,8.36349043757851,18.038125,17.183333333333334,19.295,4.622083333333333,4.58,4.706666666666667,3.225,2.5333333333333337,4.0,51.3125,49,54,19.25,28.875,0.00831357382069342,0.3606250000000024,-0.008750000000000036,0.07500000000000018,0.3125
RANGER,45,561.8125,404,737,728.0625,512,873,8.300290021221533,8.231001121004384,8.373665486001942,18.4009375,17.4,19.346666666666668,4.614583333333333,4.566666666666666,4.7,3.308333333333333,2.6666666666666665,4.133333333333333,52.375,50,55,19.0,30.1875,0.008146449756278429,0.3628125000000004,-0.007500000000000284,0.08333333333333304,1.0625
RANGER,46,580.8125,420,762,758.125,536,908,8.30838698867384,8.238291432289888,8.38377172340597,18.63854166666667,17.893333333333334,19.398333333333333,4.60625,4.56,4.693333333333333,3.375,2.6666666666666665,4.266666666666667,53.6875,51,57,19.0,30.0625,0.008096967452306814,0.23760416666666728,-0.00833333333333286,0.06666666666666687,1.3125
RANGER,47,609.125,437,796,804.75,570,961,8.320345760192303,8.245976798649217,8.39741060258734,18.96625,17.95,20.485,4.5925,4.54,4.6866666666666665,3.4416666666666664,2.6666666666666665,4.4,53.9375,51,58,28.3125,46.625,0.011958771518463251,0.32770833333333016,-0.013749999999999929,0.06666666666666643,0.25
RANGER,48,628.5,450,821,836.5,593,999,8.328470538695889,8.251813498245616,8.40736482038736,19.269166666666667,17.988333333333333,20.536666666666665,4.581666666666667,4.533333333333333,4.666666666666667,3.4833333333333334,2.6666666666666665,4.4,55.1875,53,59,19.375,31.75,0.008124778503585617,0.3029166666666683,-0.01083333333333325,0.04166666666666696,1.25
RANGER,49,657.375,469,860,884.6875,628,1056,8.34047684358837,8.26028387848829,8.422773499039897,19.599479166666665,18.046666666666667,20.616666666666667,4.569166666666667,4.513333333333334,4.66,3.5500000000000003,2.6666666666666665,4.4,55.4375,53,59,28.875,48.1875,0.012006304892480557,0.330312499999998,-0.012500000000000178,0.06666666666666687,0.25
RANGER,50,676.875,481,885,917.25,653,1094,8.34852590163627,8.26559815659798,8.432577186774916,20.028750000000002,18.756666666666668,20.675,4.562083333333334,4.513333333333334,4.653333333333333,3.5833333333333335,2.6666666666666665,4.4,56.6875,54,61,19.5,32.5625,0.00804905804790046,0.42927083333333727,-0.007083333333333108,0.033333333333333215,1.25
RANGER,51,707.3125,500,924,967.4375,698,1154,8.361000750460743,8.273958638252871,8.44776131807492,20.299895833333334,19.163333333333334,21.768333333333334,4.54875,4.5,4.6466666666666665,3.6833333333333336,2.6666666666666665,4.4,57.9375,56,62,30.4375,50.1875,0.012474848824473028,0.27114583333333186,-0.013333333333333641,0.10000000000000009,1.25
RANGER,52,728.5,518,951,1002.0,729,1194,8.369630852194256,8.281820644104448,8.458198231805417,20.6075,19.215,21.826666666666668,4.535,4.48,4.62,3.7,2.6666666666666665,4.4,58.0,56,62,21.1875,34.5625,0.008630101733512419,0.30760416666666757,-0.013749999999999929,0.016666666666666607,0.0625
RANGER,53,759.5625,540,994,1053.9375,773,1254,8.382181878746735,8.291356024898123,8.474698766133791,21.0065625,19.835,21.918333333333333,4.524166666666667,4.466666666666667,4.62,3.7916666666666665,2.6666666666666665,4.533333333333333,59.25,57,63,31.0625,51.9375,0.012551026552479527,0.39906249999999943,-0.01083333333333325,0.09166666666666634,1.25
RANGER,54,780.0,556,1021,1089.3125,804,1293,8.390383627363827,8.29824201756379,8.484986432105352,21.440520833333334,20.34,21.97833333333333,4.515,4.453333333333333,4.6066666666666665,3.841666666666667,2.8000000000000003,4.666666666666667,59.4375,57,64,20.4375,35.375,0.008201748617091553,0.433958333333333,-0.009166666666667211,0.050000000000000266,0.1875
RANGER,55,811.8125,577,1065,1143.8125,850,1356,8.403062193411102,8.307220113935449,8.501635983150287,21.656354166666667,20.416666666666668,22.081666666666667,4.50125,4.4399999999999995,4.593333333333334,3.8916666666666666,2.8000000000000003,4.666666666666667,60.75,59,65,31.8125,54.5,0.012678566047275908,0.21583333333333243,-0.013749999999999929,0.04999999999999982,1.3125
RANGER,56,833.0,591,1089,1181.1875,883,1394,8.411457493536258,8.313169154695963,8.510659363004835,21.843645833333333,21.07,22.323333333333334,4.492916666666667,4.4399999999999995,4.586666666666667,3.9166666666666665,2.8000000000000003,4.666666666666667,61.8125,60,66,21.1875,37.375,0.008395300125155103,0.18729166666666686,-0.00833333333333286,0.02499999999999991,1.0625
RANGER,57,865.8125,611,1127,1236.9375,935,1462,8.424369288317695,8.3216191972006,8.524865622247857,21.9990625,21.168333333333333,22.436666666666667,4.4799999999999995,4.42,4.56,3.9916666666666667,2.8000000000000003,4.8,62.1875,60,67,32.8125,55.75,0.01291179478143789,0.15541666666666742,-0.012916666666667354,0.07500000000000018,0.375
RANGER,58,898.6875,635,1167,1295.625,988,1525,8.43721584243567,8.331686637447767,8.53971648116692,22.159375,21.64666666666667,22.541666666666668,4.46625,4.406666666666666,4.553333333333334,4.066666666666666,2.8000000000000003,4.8,63.4375,61,68,32.875,58.6875,0.012846554117974307,0.16031249999999986,-0.013749999999999929,0.07499999999999973,1.25
RANGER,59,921.5,652,1194,1335.0,1021,1568,8.446071704810379,8.338771659798793,8.54968319112876,22.225,21.701666666666668,22.613333333333333,4.455416666666666,4.386666666666667,4.546666666666667,4.125,2.8000000000000003,4.933333333333334,63.4375,61,68,22.8125,39.375,0.008855862374709034,0.06562500000000071,-0.01083333333333325,0.05833333333333357,0.0
RANGER,60,954.4375,680,1235,1395.4375,1073,1635,8.45879145006785,8.350361297110505,8.564732213408524,22.325729166666665,21.788333333333334,22.725,4.44125,4.38,4.533333333333333,4.175,2.9333333333333336,4.933333333333334,64.625,62,70,32.9375,60.4375,0.01271974525747055,0.10072916666666387,-0.014166666666666217,0.04999999999999982,1.1875
RANGER,61,990.3125,706,1278,1456.0625,1127,1701,8.472536161020125,8.36103786822748,8.580408385629793,22.426770833333332,21.878333333333334,22.835,4.425833333333333,4.3533333333333335,4.52,4.275,3.2,5.066666666666667,65.6875,63,71,35.875,60.625,0.013744710952275696,0.10104166666666714,-0.015416666666666856,0.10000000000000053,1.0625
RANGER,62,1025.5625,728,1321,1518.375,1182,1769,8.485934055541547,8.370010542890617,8.595979401121735,22.530625,21.97,22.948333333333334,4.410416666666666,4.333333333333333,4.506666666666667,4.3,3.2,5.2,65.9375,64,72,35.25,62.3125,0.013397894521421705,0.10385416666666814,-0.015416666666666856,0.024999999999999467,0.25
RANGER,63,1049.3125,746,1350,1560.1875,1218,1811,8.494919455848834,8.377311513170742,8.60642348256198,22.6003125,22.03,23.018333333333334,4.402083333333334,4.326666666666666,4.506666666666667,4.358333333333333,3.2,5.2,67.0625,65,73,23.75,41.8125,0.008985400307286895,0.06968750000000057,-0.00833333333333286,0.05833333333333357,1.125
RANGER,64,1085.5,770,1392,1624.875,1275,1880,8.508531356885145,8.386991633081688,8.6214703071414,22.708125,22.125,23.133333333333333,4.38625,4.3133333333333335,4.493333333333333,4.425,3.2,5.2,67.3125,65,73,36.1875,64.6875,0.01361190103631138,0.10781249999999787,-0.015833333333333144,0.06666666666666643,0.25
RANGER,65,1122.3125,798,1433,1690.125,1335,1952,8.522293296598205,8.398209217363004,8.636071515794614,22.816875,22.225,23.253333333333334,4.3741666666666665,4.293333333333333,4.473333333333334,4.458333333333333,3.2,5.2,68.5,66,74,36.8125,65.25,0.013761939713059945,0.10875000000000057,-0.01208333333333389,0.033333333333333215,1.1875
RANGER,66,1160.0,828,1480,1757.5625,1399,2024,8.53629606148321,8.410141074426509,8.652707146281253,22.929270833333334,22.331666666666667,23.373333333333335,4.36125,4.28,4.453333333333333,4.508333333333334,3.2,5.466666666666667,69.8125,67,75,37.6875,67.4375,0.014002764885004737,0.11239583333333414,-0.012916666666666465,0.05000000000000071,1.3125
RANGER,67,1197.8125,854,1528,1826.625,1462,2099,8.550236688377026,8.420412182108135,8.66958802603852,23.044375000000002,22.436666666666667,23.498333333333335,4.346666666666667,4.26,4.4399999999999995,4.558333333333334,3.2,5.466666666666667,69.9375,67,75,37.8125,69.0625,0.013940626893816699,0.11510416666666856,-0.014583333333333393,0.04999999999999982,0.125
RANGER,68,1223.375,873,1564,1872.6875,1502,2147,8.559611522691453,8.427878426776994,8.682179075796258,23.121145833333333,22.503333333333334,23.578333333333333,4.337083333333333,4.246666666666667,4.426666666666667,4.6,3.2,5.733333333333333,71.125,68,76,25.5625,46.0625,0.00937483431442665,0.07677083333333101,-0.009583333333333499,0.041666666666666075,1.1875
RANGER,69,1261.6875,902,1612,1943.25,1569,2222,8.573602274604504,8.439212028459878,8.698877446122955,23.23875,22.615000000000002,23.703333333333333,4.32375,4.24,4.42,4.716666666666667,3.333333333333333,6.0,71.375,68,76,38.3125,70.5625,0.013990751913050659,0.11760416666666629,-0.013333333333332753,0.11666666666666714,0.25
RANGER,70,1300.25,928,1664,2014.5625,1632,2296,8.587582202270834,8.449311336488275,8.716855551585013,23.357604166666665,22.72,23.826666666666668,4.3133333333333335,4.226666666666667,4.413333333333333,4.775,3.333333333333333,6.0,72.5625,69,77,38.5625,71.3125,0.013979927666330383,0.11885416666666515,-0.010416666666666963,0.05833333333333357,1.1875
RANGER,71,1340.5625,960,1715,2087.0,1700,2373,8.60211754877092,8.461663969890308,8.734379076762997,23.47833333333333,22.833333333333332,23.955,4.29625,4.213333333333333,4.38,4.833333333333333,3.333333333333333,6.133333333333333,73.75,70,78,40.3125,72.4375,0.014535346500085922,0.120729166666667,-0.017083333333333783,0.05833333333333268,1.1875
RANGER,72,1381.3125,987,1766,2160.5,1766,2451,8.616713032984782,8.472022518210528,8.751798672904998,23.600833333333334,22.943333333333335,24.085,4.2820833333333335,4.1866666666666665,4.36,4.9,3.466666666666667,6.133333333333333,74.0,71,78,40.75,73.5,0.014595484213861809,0.12250000000000227,-0.014166666666666217,0.06666666666666732,0.25
RANGER,73,1421.6875,1016,1821,2235.125,1831,2530,8.631086977399349,8.483085455007595,8.77047216233469,23.725208333333335,23.051666666666666,24.21666666666667,4.270833333333333,4.18,4.3533333333333335,5.0,3.5999999999999996,6.133333333333333,75.25,72,80,40.375,74.625,0.014373944414566964,0.12437500000000057,-0.011250000000000426,0.09999999999999964,1.25
RANGER,74,1462.0,1045,1877,2311.625,1899,2610,8.645361544038487,8.494085407782972,8.789369630009375,23.852708333333332,23.165,24.35,4.256666666666667,4.18,4.34,5.083333333333333,3.5999999999999996,6.133333333333333,75.375,72,80,40.3125,76.5,0.014274566639137731,0.12749999999999773,-0.014166666666666217,0.08333333333333304,0.125
RANGER,75,1502.375,1071,1931,2390.3125,1967,2692,8.65956643012375,8.503895606840356,8.80748565232206,23.983854166666667,23.278333333333332,24.486666666666665,4.24625,4.166666666666667,4.333333333333333,5.175,3.5999999999999996,6.2666666666666675,76.625,73,81,40.375,78.6875,0.014204886085263269,0.13114583333333485,-0.010416666666666963,0.09166666666666679,1.25
RANGER,76,1544.25,1102,1985,2469.625,2039,2772,8.674238504534319,8.515530389253255,8.82550062086768,24.116041666666668,23.398333333333333,24.62,4.23125,4.16,4.306666666666667,5.2250000000000005,3.7333333333333334,6.2666666666666675,77.75,74,82,41.875,79.3125,0.01467207441056928,0.13218750000000057,-0.01499999999999968,0.05000000000000071,1.125
RANGER,77,1586.75,1131,2042,2549.125,2113,2855,8.689035855825098,8.526355395730718,8.844410423320582,24.248541666666668,23.52166666666667,24.758333333333333,4.217083333333333,4.16,4.28,5.300000000000001,3.7333333333333334,6.2666666666666675,77.9375,74,82,42.5,79.5,0.014797351290779304,0.13250000000000028,-0.014166666666667105,0.07500000000000018,0.1875
RANGER,78,1629.1875,1161,2100,2631.125,2186,2944,8.703735186590608,8.537495423922083,8.863543920761705,24.385208333333335,23.643333333333334,24.906666666666666,4.205416666666666,4.1466666666666665,4.266666666666667,5.366666666666667,3.7333333333333334,6.2666666666666675,79.25,76,83,42.4375,82.0,0.014699330765509444,0.13666666666666671,-0.011666666666666714,0.06666666666666643,1.3125
RANGER,79,1671.875,1194,2156,2714.0625,2266,3027,8.718452270731387,8.54968319112876,8.88191758147164,24.5234375,23.776666666666667,25.045,4.194166666666667,4.133333333333333,4.26,5.391666666666667,3.7333333333333334,6.2666666666666675,79.5625,76,84,42.6875,82.9375,0.01471708414077888,0.1382291666666653,-0.011249999999999538,0.024999999999999467,0.3125
RANGER,80,1715.625,1231,2214,2798.1875,2340,3114,8.733459949102356,8.563268465107262,8.900847107850117,24.663645833333334,23.9,25.19,4.182083333333334,4.12,4.24,5.441666666666666,3.7333333333333334,6.4,80.8125,78,85,43.75,84.125,0.015007678370968947,0.1402083333333337,-0.012083333333333002,0.04999999999999982,1.25
RANGER,81,1760.375,1265,2272,2883.75,2421,3202,8.748729386596622,8.575680363335398,8.919677702086888,24.80625,24.035,25.336666666666666,4.16625,4.1066666666666665,4.233333333333333,5.533333333333333,3.7333333333333334,6.533333333333333,82.1875,79,86,44.75,85.5625,0.015269437494266569,0.14260416666666487,-0.015833333333334032,0.09166666666666679,1.375
RANGER,82,1804.9375,1297,2333,2969.0625,2502,3288,8.763853305706427,8.587301319017735,8.939378868432966,24.9484375,24.17,25.48,4.1525,4.093333333333334,4.22,5.608333333333333,3.8666666666666667,6.666666666666666,82.5,79,87,44.5625,85.3125,0.015123919109804262,0.14218750000000213,-0.013749999999999929,0.07500000000000018,0.3125
RANGER,83,1849.9375,1334,2392,3057.9375,2583,3379,8.779059563148696,8.600666842454322,8.958336293118784,25.0965625,24.305,25.631666666666668,4.138333333333334,4.08,4.206666666666667,5.633333333333334,3.8666666666666667,6.666666666666666,83.8125,81,88,45.0,88.875,0.015206257442269333,0.14812500000000028,-0.014166666666666217,0.025000000000000355,1.3125
RANGER,84,1895.75,1369,2451,3147.1875,2670,3469,8.79446586943568,8.613241805848775,8.97720041864511,25.2453125,24.45,25.781666666666666,4.12625,4.066666666666666,4.2,5.683333333333334,3.8666666666666667,6.666666666666666,84.0,81,89,45.8125,89.25,0.015406306286983806,0.14874999999999972,-0.01208333333333389,0.04999999999999982,0.1875
RANGER,85,1942.75,1406,2513,3238.1875,2757,3560,8.810188445271388,8.626465633993325,8.99692614601937,25.396979166666668,24.595,25.933333333333334,4.11125,4.046666666666667,4.193333333333333,5.708333333333333,3.8666666666666667,6.666666666666666,85.1875,82,90,47.0,91.0,0.01572257583570824,0.15166666666666728,-0.01499999999999968,0.024999999999999467,1.1875
RANGER,86,1989.9375,1446,2571,3330.5,2844,3656,8.825904271444418,8.640683633209711,9.015291281127835,25.550833333333333,24.740000000000002,26.093333333333334,4.094166666666666,4.026666666666666,4.1866666666666665,5.766666666666667,3.8666666666666667,6.666666666666666,86.4375,83,91,47.1875,92.3125,0.015715826173030578,0.1538541666666653,-0.017083333333333783,0.05833333333333357,1.25
RANGER,87,2037.875,1484,2635,3422.5625,2931,3748,8.84178555432481,8.654118023966381,9.035460391762806,25.704270833333332,24.884999999999998,26.246666666666666,4.08125,4.013333333333334,4.18,5.816666666666666,3.8666666666666667,6.666666666666666,86.75,83,91,47.9375,92.0625,0.015881282880391367,0.153437499999999,-0.012916666666666465,0.04999999999999982,0.3125
RANGER,88,2085.625,1523,2700,3517.375,3023,3844,8.857530366882136,8.667834603474716,9.055844608680657,25.862291666666668,25.038333333333334,26.406666666666666,4.0675,4.0,4.173333333333334,5.858333333333333,4.0,6.666666666666666,87.9375,84,92,47.75,94.8125,0.01574481255732607,0.15802083333333528,-0.013749999999999929,0.04166666666666696,1.1875
RANGER,89,2133.8125,1561,2760,3612.375,3111,3941,8.873350044885528,8.681132052733755,9.0745738334305,26.020625,25.185,26.568333333333335,4.059166666666667,4.0,4.153333333333333,5.933333333333334,4.133333333333333,6.666666666666666,88.0,84,92,48.1875,95.0,0.015819678003392568,0.15833333333333144,-0.00833333333333286,0.07500000000000018,0.0625
RANGER,90,2198.8125,1611,2845,3742.125,3236,4074,8.894577681580317,8.6985305871594,9.100968293307607,26.236875,25.393333333333334,26.79,4.0441666666666665,4.0,4.12,6.041666666666667,4.133333333333333,6.800000000000001,89.125,85,93,65.0,129.75,0.021227636694789,0.21625000000000227,-0.015000000000000568,0.10833333333333339,1.125
RANGER,91,2249.5625,1650,2909,3840.625,3331,4174,8.911060278156656,8.712026489084025,9.120737677123984,26.401041666666668,25.551666666666666,26.956666666666667,4.0325,4.0,4.1066666666666665,6.116666666666667,4.133333333333333,6.800000000000001,90.1875,86,94,50.75,98.5,0.016482596576338437,0.16416666666666657,-0.011666666666666714,0.07500000000000018,1.0625
RANGER,92,2300.0625,1690,2975,3940.1875,3426,4277,8.927382927280398,8.725802331657043,9.141033962935982,26.566979166666666,25.71,27.128333333333334,4.02625,4.0,4.1,6.191666666666667,4.133333333333333,6.933333333333334,90.25,86,94,50.5,99.5625,0.01632264912374204,0.1659374999999983,-0.006249999999999645,0.07500000000000018,0.0625
RANGER,93,2351.75,1730,3041,4041.0625,3524,4381,8.9440245772919,8.739513110576045,9.161240386036848,26.735104166666666,25.873333333333335,27.301666666666666,4.02,4.0,4.08,6.266666666666667,4.133333333333333,7.066666666666666,91.5,87,95,51.6875,100.875,0.016641650011502307,0.16812499999999986,-0.006250000000000533,0.07499999999999929,1.25
RANGER,94,2403.125,1769,3107,4143.5,3622,4489,8.960495289579526,8.75282019641234,9.181359282114737,26.905833333333334,26.03666666666667,27.481666666666666,4.0125,4.0,4.066666666666666,6.358333333333333,4.133333333333333,7.333333333333333,91.8125,87,96,51.375,102.4375,0.0164707122876262,0.1707291666666677,-0.007499999999999396,0.09166666666666679,0.3125
RANGER,95,2455.4375,1811,3178,4247.3125,3723,4595,8.977195082905737,8.767085468437191,9.20290715926257,27.078854166666666,26.205,27.65833333333333,4.006666666666667,4.0,4.046666666666667,6.416666666666667,4.133333333333333,7.466666666666667,92.8125,88,97,52.3125,103.8125,0.016699793326210965,0.1730208333333323,-0.005833333333333357,0.05833333333333357,1.0
RANGER,96,2526.875,1872,3267,4386.5625,3861,4740,8.999894637746909,8.787686987220527,9.229782483757958,27.3109375,26.435,27.9,4.004583333333334,4.0,4.046666666666667,6.5,4.133333333333333,7.733333333333333,94.0625,90,98,71.4375,139.25,0.022699554841171476,0.23208333333333542,-0.002083333333333215,0.08333333333333304,1.25
RANGER,97,2580.6875,1914,3335,4493.5,3963,4848,9.016905303953589,8.801793520179933,9.250217765663253,27.489166666666666,26.605,28.08,4.002916666666667,4.0,4.04,6.566666666666666,4.133333333333333,7.866666666666666,94.5,90,98,53.8125,106.9375,0.017010666206680014,0.17822916666666444,-0.0016666666666669272,0.06666666666666643,0.4375
RANGER,98,2635.0,1957,3400,4600.9375,4069,4959,9.034003307220118,8.816171932930946,9.269673715427166,27.668229166666666,26.781666666666666,28.265,4.002083333333333,4.0,4.033333333333333,6.641666666666667,4.266666666666667,7.866666666666666,95.625,91,100,54.3125,107.4375,0.017098003266529105,0.17906250000000057,-0.0008333333333334636,0.07500000000000018,1.125
RANGER,99,2689.75,2001,3464,4709.6875,4170,5072,9.051161622435293,8.830819471387818,9.288757785863103,27.849479166666665,26.95,28.453333333333333,4.002083333333333,4.0,4.033333333333333,6.7,4.266666666666667,8.0,96.0,91,100,54.75,108.75,0.01715831521517508,0.18124999999999858,0.0,0.05833333333333357,0.375
RANGER,100,2745.25,2042,3535,4819.9375,4278,5190,9.068476599144894,8.844410423320582,9.309846879700169,28.033229166666665,27.13,28.65,4.0008333333333335,4.0,4.013333333333334,6.775,4.266666666666667,8.0,97.1875,93,101,55.5,110.25,0.017314976709601027,0.18374999999999986,-0.0012499999999997513,0.07500000000000018,1.1875
ROGUE,1,8.5,6,11,5.9375,3,8,8.01050162353799,8.00796214341107,8.012930732976299,9.134895833333333,8.011666666666667,10.013333333333334,4.93,4.9,4.966666666666667,1.6083333333333334,0.8,2.0,19.8125,18,22,,,,,,,
ROGUE,2,14.625,11,18,11.4375,6,15,8.016205556314345,8.012930732976299,8.019174630310284,9.3940625,9.01,10.025,4.925416666666667,4.8933333333333335,4.96,1.6333333333333333,0.8,2.1333333333333333,20.25,18,23,6.125,5.5,0.005703932776354392,0.2591666666666672,-0.0045833333333327175,0.02499999999999991,0.4375
ROGUE,3,27.125,19,36,22.5,10,32,8.026539915460582,8.02002220373109,8.033384970435225,9.725,9.036666666666667,10.053333333333333,4.914166666666667,4.88,4.946666666666666,1.6916666666666667,0.9333333333333333,2.2666666666666666,21.6875,19,25,12.5,11.0625,0.010334359146236594,0.3309374999999992,-0.011250000000000426,0.05833333333333335,1.4375
ROGUE,4,33.1875,25,46,28.25,13,40,8.03119250420895,8.024937964495647,8.04061769374364,9.797083333333333,9.045,10.066666666666666,4.91125,4.88,4.946666666666666,1.725,0.9333333333333333,2.2666666666666666,22.25,20,25,6.0625,5.75,0.004652588748367492,0.0720833333333335,-0.0029166666666666785,0.03333333333333344,0.5625
ROGUE,5,39.6875,30,54,34.0,17,49,8.035988582337817,8.028853998118144,8.046176818044357,9.931666666666667,9.055,10.081666666666667,4.904583333333333,4.873333333333333,4.94,1.7416666666666667,0.9333333333333333,2.2666666666666666,23.375,21,26,6.5,5.75,0.00479607812886762,0.1345833333333335,-0.006666666666666821,0.016666666666666607,1.125
ROGUE,6,51.875,37,70,46.3125,26,67,8.04459153948172,8.034124820420534,8.056831278649852,10.0771875,9.076666666666666,11.073333333333334,4.898333333333333,4.866666666666666,4.933333333333334,1.7833333333333334,1.0666666666666667,2.2666666666666666,25.1875,23,27,12.1875,12.3125,0.008602957143903467,0.1455208333333342,-0.006249999999999645,0.04166666666666674,1.8125
ROGUE,7,58.4375,43,80,52.5625,32,73,8.049065223996463,8.038484314917007,8.063238416260782,10.150104166666667,9.096666666666668,11.081666666666667,4.8933333333333335,4.86,4.926666666666667,1.8083333333333333,1.0666666666666667,2.4,25.5,23,28,6.5625,6.25,0.004473684514742615,0.07291666666666607,-0.004999999999999893,0.02499999999999991,0.3125
ROGUE,8,64.9375,50,87,58.5,38,80,8.05339701719713,8.04341951807829,8.06762766574422,10.285,9.105,11.133333333333333,4.889166666666666,4.8533333333333335,4.926666666666667,1.8416666666666668,1.0666666666666667,2.4,26.8125,24,30,6.5,5.9375,0.004331793200666567,0.13489583333333321,-0.004166666666667318,0.03333333333333344,1.3125
ROGUE,9,78.0625,61,103,70.75,44,93,8.061881595279134,8.05090645599308,8.077406739585863,10.617916666666666,10.073333333333334,11.155,4.879583333333334,4.84,4.92,1.9,1.0666666666666667,2.5333333333333337,27.5,25,30,13.125,12.25,0.008484578082004646,0.33291666666666586,-0.009583333333332611,0.058333333333333126,0.6875
ROGUE,10,85.0,67,112,76.75,49,99,8.06624904950904,8.054874280324109,8.082771993217698,10.690416666666666,10.081666666666667,11.165,4.87625,4.833333333333333,4.913333333333333,1.925,1.0666666666666667,2.6666666666666665,28.8125,26,31,6.9375,6.0,0.004367454229905476,0.07249999999999979,-0.0033333333333338544,0.025000000000000133,1.3125
ROGUE,11,92.0,71,121,82.5625,53,107,8.070584366263647,8.05747985638043,8.08805160802861,10.762604166666666,10.088333333333333,12.133333333333333,4.8741666666666665,4.826666666666666,4.913333333333333,1.975,1.2,2.6666666666666665,30.1875,27,33,7.0,5.8125,0.004335316754607632,0.07218750000000007,-0.002083333333333215,0.050000000000000044,1.375
ROGUE,12,98.5625,76,131,89.0,56,113,8.07457717446179,8.060695971786517,8.093826611412592,10.898333333333333,10.146666666666667,12.146666666666667,4.869166666666667,4.82,4.913333333333333,2.0083333333333333,1.3333333333333333,2.6666666666666665,30.625,28,33,6.5625,6.4375,0.003992808198143294,0.13572916666666757,-0.004999999999999893,0.033333333333333215,0.4375
ROGUE,13,112.5,88,151,101.8125,64,128,8.08290905635267,8.068248817817278,8.105121258892025,11.1071875,10.175,12.166666666666666,4.859583333333333,4.806666666666667,4.906666666666666,2.025,1.3333333333333333,2.8000000000000003,32.125,29,35,13.9375,12.8125,0.00833188189088041,0.20885416666666679,-0.009583333333333499,0.016666666666666607,1.5
ROGUE,14,119.5625,95,159,108.0,68,135,8.087053021372704,8.072558430431526,8.109553610466925,11.305,10.186666666666667,12.186666666666667,4.855833333333333,4.8,4.906666666666666,2.0583333333333336,1.3333333333333333,2.8000000000000003,32.625,29,35,7.0625,6.1875,0.0041439650200327804,0.1978124999999995,-0.003750000000000142,0.03333333333333366,0.5
ROGUE,15,133.625,106,177,121.1875,79,152,8.095160615710936,8.079205198656114,8.11936791509296,11.576979166666666,10.208333333333334,12.253333333333334,4.845833333333333,4.786666666666667,4.9,2.0833333333333335,1.3333333333333333,2.8000000000000003,34.0625,30,36,14.0625,13.1875,0.008107594338232715,0.2719791666666662,-0.009999999999999787,0.02499999999999991,1.4375
ROGUE,16,140.625,111,184,127.875,86,161,8.099129367752397,8.082180234917498,8.12312982260136,11.713125,10.221666666666668,12.268333333333333,4.8425,4.786666666666667,4.9,2.0833333333333335,1.3333333333333333,2.8000000000000003,35.5,32,38,7.0,6.6875,0.0039687520414606325,0.13614583333333385,-0.0033333333333329662,0.0,1.4375
ROGUE,17,148.0,119,191,134.5,91,168,8.103278689176763,8.086885351910066,8.126863207975447,11.849166666666667,11.151666666666667,13.223333333333333,4.836666666666667,4.773333333333333,4.8933333333333335,2.1333333333333333,1.3333333333333333,2.8000000000000003,35.6875,32,38,7.375,6.625,0.0041493214243661924,0.13604166666666728,-0.005833333333333357,0.04999999999999982,0.1875
ROGUE,18,162.5,131,208,147.5625,100,186,8.111306643184093,8.093826611412592,8.135818729416544,11.9334375,11.166666666666666,13.243333333333334,4.828749999999999,4.766666666666667,4.88,2.1666666666666665,1.3333333333333333,2.8000000000000003,37.4375,33,41,14.5,13.0625,0.008027954007330251,0.08427083333333307,-0.00791666666666746,0.033333333333333215,1.75
ROGUE,19,169.375,137,218,154.5625,107,196,8.115057871380529,8.097249068265622,8.141017882870548,12.070104166666667,11.25,13.251666666666667,4.824166666666667,4.766666666666667,4.873333333333333,2.191666666666667,1.4666666666666668,2.8000000000000003,37.625,33,41,6.875,7.0,0.0037512281964353633,0.13666666666666671,-0.0045833333333327175,0.025000000000000355,0.1875
ROGUE,20,183.125,147,235,169.3125,120,216,8.122473065157939,8.102887558861767,8.149748777340223,12.2821875,11.301666666666666,13.288333333333334,4.816666666666666,4.76,4.866666666666666,2.225,1.4666666666666668,2.8000000000000003,39.375,35,43,13.75,14.75,0.007415193777410067,0.2120833333333323,-0.007500000000000284,0.033333333333333215,1.75
ROGUE,21,191.3125,155,244,176.1875,126,224,8.12684360964662,8.10734315452858,8.154319517382087,12.481145833333333,11.316666666666666,13.325,4.8116666666666665,4.753333333333333,4.86,2.2583333333333333,1.4666666666666668,2.8000000000000003,40.625,36,44,8.1875,6.875,0.00437054448868146,0.19895833333333357,-0.004999999999999893,0.033333333333333215,1.25
ROGUE,22,206.375,168,265,190.875,137,245,8.134772827097182,8.114487064692726,8.164856355460124,12.693125,11.343333333333334,13.408333333333333,4.803333333333334,4.746666666666667,4.8533333333333335,2.291666666666667,1.4666666666666668,2.9333333333333336,41.4375,37,45,15.0625,14.6875,0.00792921745056141,0.2119791666666675,-0.00833333333333286,0.03333333333333366,0.8125
ROGUE,23,222.4375,181,282,204.6875,150,264,8.143115136411264,8.121521145659392,8.173263978314,12.903645833333334,12.25,13.44,4.7941666666666665,4.746666666666667,4.846666666666667,2.341666666666667,1.4666666666666668,2.9333333333333336,42.8125,38,46,16.0625,13.8125,0.008342309314082641,0.2105208333333337,-0.009166666666667211,0.04999999999999982,1.375
ROGUE,24,230.5625,187,290,211.8125,154,272,8.147285379488322,8.12473326214626,8.17718517982218,13.103020833333334,12.323333333333334,14.336666666666666,4.789166666666667,4.74,4.84,2.3583333333333334,1.6,2.9333333333333336,43.0625,38,46,8.125,7.125,0.004170243077057378,0.19937499999999986,-0.004999999999999893,0.016666666666666607,0.25
ROGUE,25,246.75,201,309,226.625,165,288,8.155503616659708,8.13214959646353,8.186412821077768,13.377708333333334,12.393333333333333,14.38,4.781666666666666,4.72,4.84,2.408333333333333,1.7333333333333334,2.9333333333333336,44.75,40,48,16.1875,14.8125,0.008218237171385923,0.27468750000000064,-0.007500000000000284,0.04999999999999982,1.6875
ROGUE,26,254.4375,208,317,234.125,170,296,8.159370715135475,8.135818729416544,8.190263904612378,13.452708333333334,12.426666666666666,14.39,4.77875,4.713333333333333,4.833333333333333,2.441666666666667,1.7333333333333334,3.0666666666666664,46.0625,41,50,7.6875,7.5,0.0038670984757676052,0.07499999999999929,-0.0029166666666666785,0.03333333333333366,1.3125
ROGUE,27,270.9375,221,335,249.125,184,312,8.167589722294274,8.142568248541481,8.198858812189313,13.727708333333334,12.451666666666666,14.461666666666666,4.76875,4.706666666666667,4.82,2.466666666666667,1.8666666666666667,3.0666666666666664,46.6875,42,50,16.5,15.0,0.00821900715879842,0.27500000000000036,-0.009999999999999787,0.02499999999999991,0.625
ROGUE,28,287.8125,234,355,264.75,195,331,8.175890040776341,8.149238776969352,8.208301154878253,13.75375,12.486666666666666,14.486666666666666,4.7595833333333335,4.7,4.806666666666667,2.4916666666666667,1.8666666666666667,3.2,48.3125,43,52,16.875,15.625,0.008300318482067581,0.026041666666666075,-0.009166666666666323,0.02499999999999991,1.625
ROGUE,29,296.625,242,366,272.25,201,341,8.180189834133673,8.153306753936873,8.213448871811096,13.95375,13.335,14.568333333333333,4.754583333333334,4.693333333333333,4.806666666666667,2.5166666666666666,1.8666666666666667,3.333333333333333,48.75,44,52,8.8125,7.5,0.004299793357331438,0.1999999999999993,-0.004999999999999893,0.02499999999999991,0.4375
ROGUE,30,313.3125,259,386,288.5,215,360,8.188264482737363,8.161863455143493,8.222730062583219,14.168333333333333,13.443333333333333,14.6,4.745833333333334,4.6866666666666665,4.806666666666667,2.591666666666667,1.8666666666666667,3.333333333333333,50.25,46,55,16.6875,16.25,0.008074648603690449,0.21458333333333357,-0.008750000000000036,0.07500000000000018,1.5
ROGUE,31,330.125,276,403,304.5,228,381,8.196318956943832,8.170308475340084,8.230543579705,14.57,13.523333333333333,15.496666666666666,4.7375,4.68,4.8,2.6166666666666667,1.8666666666666667,3.333333333333333,51.9375,47,57,16.8125,16.0,0.008054474206469209,0.4016666666666673,-0.008333333333333748,0.02499999999999991,1.6875
ROGUE,32,347.375,293,424,321.4375,243,402,8.204493319736098,8.178650029248253,8.240105263513636,14.848229166666666,13.596666666666668,15.59,4.7283333333333335,4.68,4.8,2.658333333333333,1.8666666666666667,3.333333333333333,52.625,48,59,17.25,16.9375,0.00817436279226591,0.27822916666666586,-0.009166666666666323,0.04166666666666652,0.6875
ROGUE,33,356.1875,301,434,330.0,250,414,8.208632391874412,8.182541742477529,8.244624966373364,14.925,13.615,15.69,4.72375,4.666666666666667,4.793333333333333,2.6750000000000003,1.8666666666666667,3.333333333333333,53.9375,49,60,8.8125,8.5625,0.004139072138313438,0.07677083333333456,-0.004583333333333606,0.01666666666666705,1.3125
ROGUE,34,374.1875,319,451,346.75,265,434,8.217037843805992,8.191223622801338,8.252261067293386,15.202916666666667,14.54,15.723333333333333,4.715416666666667,4.6466666666666665,4.78,2.725,1.8666666666666667,3.466666666666667,54.75,49,60,18.0,16.75,0.008405451931579933,0.27791666666666615,-0.00833333333333286,0.04999999999999982,0.8125
ROGUE,35,392.125,335,471,363.4375,278,455,8.225328149435626,8.198858812189313,8.261171462529633,15.355729166666666,14.563333333333333,16.54,4.7075000000000005,4.633333333333334,4.773333333333333,2.775,1.8666666666666667,3.466666666666667,56.3125,51,62,17.9375,16.6875,0.008290305629634176,0.15281249999999957,-0.007916666666666572,0.04999999999999982,1.5625
ROGUE,36,411.25,353,494,379.75,289,478,8.234089720294902,8.207361802662271,8.271325464072557,15.695416666666667,14.675,16.613333333333333,4.695416666666667,4.62,4.76,2.816666666666667,2.0,3.5999999999999996,57.875,52,63,19.125,16.3125,0.008761570859276091,0.33968750000000014,-0.01208333333333389,0.04166666666666696,1.5625
ROGUE,37,430.375,369,516,397.625,302,499,8.242765576427358,8.214847393022769,8.280949819012342,15.975208333333333,14.741666666666667,16.74,4.687083333333334,4.6066666666666665,4.753333333333333,2.85,2.0,3.5999999999999996,58.75,53,64,19.125,17.875,0.008675856132455806,0.2797916666666662,-0.00833333333333286,0.033333333333333215,0.875
ROGUE,38,440.0625,377,528,406.3125,311,509,8.2471277676976,8.218565733898442,8.28616474828889,16.0521875,15.518333333333333,16.758333333333333,4.6825,4.6066666666666665,4.746666666666667,2.8833333333333333,2.0,3.5999999999999996,60.125,55,65,9.6875,8.6875,0.004362191270242732,0.07697916666666593,-0.004583333333333606,0.033333333333333215,1.375
ROGUE,39,459.625,395,553,423.5625,327,533,8.25587821820449,8.226875015399303,8.296953945817616,16.3934375,15.61,17.643333333333334,4.672083333333333,4.586666666666667,4.746666666666667,2.941666666666667,2.1333333333333333,3.5999999999999996,60.4375,55,66,19.5625,17.25,0.008750450506889607,0.3412500000000023,-0.010416666666666963,0.05833333333333357,0.3125
ROGUE,40,478.75,411,575,440.9375,340,557,8.26436718120302,8.234197606817817,8.306367908041135,16.484895833333333,15.686666666666667,17.67,4.662916666666667,4.58,4.726666666666667,2.9916666666666667,2.1333333333333333,3.7333333333333334,62.0,56,67,19.125,17.375,0.008488962998530525,0.09145833333333186,-0.009166666666666323,0.04999999999999982,1.5625
ROGUE,41,497.9375,428,599,459.1875,357,580,8.272810059874885,8.241915675585158,8.316555929820867,16.7653125,15.713333333333333,17.72833333333333,4.652916666666667,4.573333333333333,4.713333333333333,3.0416666666666665,2.2666666666666666,3.8666666666666667,63.5,58,69,19.1875,18.25,0.008442878671864662,0.2804166666666674,-0.009999999999999787,0.04999999999999982,1.5
ROGUE,42,518.3125,447,623,477.0625,372,603,8.281711010239402,8.2504695951884,8.326662613740888,17.107604166666665,15.879999999999999,17.903333333333332,4.642916666666666,4.566666666666666,4.706666666666667,3.1333333333333333,2.5333333333333337,4.133333333333333,64.25,58,69,20.375,17.875,0.008900950364516547,0.34229166666666444,-0.010000000000000675,0.09166666666666679,0.75
ROGUE,43,538.9375,464,649,494.5,387,624,8.290645005355975,8.258061596552801,8.337524072716779,17.511666666666667,16.77,18.746666666666666,4.633333333333334,4.56,4.7,3.1916666666666664,2.5333333333333337,4.133333333333333,65.8125,60,71,20.625,17.4375,0.008933995116573001,0.404062500000002,-0.009583333333332611,0.058333333333333126,1.5625
ROGUE,44,559.4375,480,675,512.375,402,648,8.29945627545163,8.265156321387199,8.348298828425259,17.603958333333335,16.803333333333335,18.775,4.627083333333333,4.546666666666667,4.7,3.2416666666666667,2.5333333333333337,4.133333333333333,66.6875,60,73,20.5,17.875,0.008811270095655743,0.09229166666666799,-0.006250000000000533,0.050000000000000266,0.875
ROGUE,45,579.875,499,699,531.0,420,670,8.308178043247889,8.273520216694692,8.35817126102408,17.76,16.835,18.838333333333335,4.618333333333333,4.526666666666666,4.693333333333333,3.275,2.5333333333333337,4.266666666666667,68.4375,62,75,20.4375,18.625,0.008721767796258106,0.15604166666666686,-0.008750000000000036,0.033333333333333215,1.75
ROGUE,46,600.875,518,727,549.375,438,690,8.317075311577229,8.281820644104448,8.369603882015383,18.103125,16.931666666666665,19.836666666666666,4.60875,4.506666666666667,4.6866666666666665,3.3166666666666664,2.6666666666666665,4.266666666666667,70.0,63,77,21.0,18.375,0.008897268329340235,0.343124999999997,-0.009583333333333499,0.04166666666666652,1.5625
ROGUE,47,632.875,545,760,577.875,465,723,8.330526726763242,8.29351222671224,8.38296569179065,18.588125,17.826666666666668,19.883333333333333,4.59625,4.5,4.673333333333334,3.3583333333333334,2.6666666666666665,4.266666666666667,71.0625,65,77,32.0,28.5,0.013451415186013449,0.485000000000003,-0.01249999999999929,0.04166666666666696,1.0625
ROGUE,48,654.875,564,786,597.3125,482,747,8.33969547206238,8.301670107840362,8.393411483105371,18.683020833333334,17.956666666666667,19.911666666666665,4.587083333333333,4.48,4.666666666666667,3.425,2.6666666666666665,4.4,72.6875,67,79,22.0,19.4375,0.009168745299136916,0.09489583333333229,-0.009166666666667211,0.06666666666666643,1.625
ROGUE,49,687.5625,586,823,627.0,508,788,8.353197845407808,8.311047767189871,8.408158517207243,19.1075,18.046666666666667,19.99,4.572916666666667,4.466666666666667,4.6466666666666665,3.4833333333333334,2.6666666666666665,4.4,73.75,68,80,32.6875,29.6875,0.013502373345428254,0.42447916666666785,-0.014166666666666217,0.05833333333333357,1.0625
ROGUE,50,709.5,606,847,647.75,528,811,8.36219091267361,8.319511941858936,8.417653113798533,19.329583333333332,18.196666666666665,20.991666666666667,4.564583333333333,4.453333333333333,4.64,3.5083333333333333,2.6666666666666665,4.4,75.375,69,82,21.9375,20.75,0.008993067265802068,0.2220833333333303,-0.008333333333333748,0.02499999999999991,1.625
ROGUE,51,744.1875,632,885,677.5,552,847,8.376289640224769,8.330432425277568,8.432577186774916,19.754166666666666,19.09,21.041666666666668,4.550416666666667,4.4399999999999995,4.62,3.5833333333333335,2.6666666666666665,4.666666666666667,77.5,71,84,34.6875,29.75,0.014098727551159485,0.4245833333333344,-0.014166666666666217,0.07500000000000018,2.125
ROGUE,52,766.5625,651,911,697.8125,572,875,8.38531699671071,8.338355925258245,8.442714449540498,20.038020833333334,19.12,21.113333333333333,4.540416666666666,4.4399999999999995,4.6066666666666665,3.6166666666666667,2.6666666666666665,4.8,78.0625,71,85,22.375,20.3125,0.009027356485940885,0.28385416666666785,-0.010000000000000675,0.033333333333333215,0.5625
ROGUE,53,800.5,678,951,729.0625,602,911,8.398904950838064,8.349536674837612,8.458198231805417,20.340104166666666,19.21,21.161666666666665,4.5275,4.433333333333334,4.6,3.658333333333333,2.6666666666666665,4.8,80.3125,74,86,33.9375,31.25,0.013587954127354251,0.30208333333333215,-0.012916666666666465,0.04166666666666652,2.25
ROGUE,54,823.5625,701,977,750.0,621,936,8.408080366616892,8.358990875094651,8.468192709036309,20.5625,19.39,21.266666666666666,4.51875,4.42,4.586666666666667,3.716666666666667,2.6666666666666665,4.933333333333334,81.0625,75,88,23.0625,20.9375,0.0091754157788273,0.22239583333333357,-0.008750000000000036,0.05833333333333357,0.75
ROGUE,55,859.1875,731,1019,781.4375,648,975,8.422144425756242,8.371229856022877,8.48422626519626,21.052395833333332,20.303333333333335,21.625,4.505,4.413333333333333,4.573333333333333,3.8,2.8000000000000003,5.066666666666667,83.0625,77,90,35.625,31.4375,0.014064059139350604,0.48989583333333186,-0.013749999999999929,0.08333333333333304,2.0
ROGUE,56,882.5625,749,1050,802.625,665,1003,8.431305395794828,8.378524896622288,8.49597574062333,21.08770833333333,20.335,21.671666666666667,4.498333333333333,4.413333333333333,4.566666666666666,3.85,2.9333333333333336,5.066666666666667,84.875,78,92,23.375,21.1875,0.009160970038585958,0.03531249999999986,-0.006666666666666821,0.050000000000000266,1.8125
ROGUE,57,918.8125,784,1096,834.25,693,1041,8.445422585034402,8.392610441497556,8.513283659567124,21.265416666666667,20.446666666666665,21.735,4.48625,4.4,4.546666666666667,3.9166666666666665,2.9333333333333336,5.2,85.8125,79,93,36.25,31.625,0.014117189239573946,0.17770833333333513,-0.012083333333333002,0.06666666666666643,0.9375
ROGUE,58,955.5625,818,1137,866.5625,723,1082,8.459626298468228,8.406173549568038,8.528588082215235,21.444270833333334,21.205,21.803333333333335,4.472083333333333,4.386666666666667,4.54,3.9749999999999996,3.0666666666666664,5.333333333333333,87.875,81,95,36.75,32.3125,0.014203713433825982,0.17885416666666742,-0.014166666666667105,0.058333333333333126,2.0625
ROGUE,59,980.875,840,1165,888.1875,742,1110,8.469343525014855,8.414889481217203,8.538976383081529,21.4803125,21.236666666666668,21.85,4.463333333333333,4.373333333333333,4.54,3.9916666666666667,3.0666666666666664,5.333333333333333,88.5625,82,96,25.3125,21.625,0.00971722654662699,0.03604166666666586,-0.008750000000000036,0.01666666666666705,0.6875
ROGUE,60,1020.25,876,1213,920.375,770,1151,8.484356522477054,8.429054321185927,8.556669768080445,21.533958333333334,21.28333333333333,21.918333333333333,4.44875,4.36,4.52,4.1,3.333333333333333,5.466666666666667,90.4375,84,97,39.375,32.1875,0.01501299746219864,0.05364583333333428,-0.014583333333332504,0.10833333333333295,1.875
ROGUE,61,1059.0,908,1257,954.625,801,1196,8.499015123653377,8.441547748074317,8.572765983678071,21.591041666666666,21.335,21.993333333333332,4.435833333333333,4.3533333333333335,4.513333333333334,4.133333333333333,3.333333333333333,5.466666666666667,92.5625,86,101,38.75,34.25,0.014658601176323671,0.057083333333331154,-0.012916666666667354,0.033333333333333215,2.125
ROGUE,62,1099.0,943,1304,988.4375,832,1236,8.514040180103983,8.455112065797584,8.589835718533203,21.647395833333334,21.386666666666667,22.06,4.420416666666666,4.34,4.506666666666667,4.166666666666667,3.333333333333333,5.466666666666667,93.4375,86,101,40.0,33.8125,0.01502505645060559,0.056354166666668704,-0.015416666666666856,0.0333333333333341,0.875
ROGUE,63,1126.4375,968,1336,1011.5625,855,1264,8.52428278655508,8.464739173400101,8.601387174498,21.6859375,21.425,22.106666666666666,4.410833333333334,4.32,4.486666666666666,4.216666666666667,3.466666666666667,5.466666666666667,95.3125,88,103,27.4375,23.125,0.010242606451097203,0.03854166666666714,-0.009583333333332611,0.04999999999999982,1.875
ROGUE,64,1167.1875,1006,1383,1046.375,886,1304,8.539406211325325,8.479277873787316,8.61825372181698,21.74395833333333,21.476666666666667,22.173333333333332,4.395,4.32,4.473333333333334,4.266666666666667,3.466666666666667,5.6000000000000005,96.0625,89,103,40.75,34.8125,0.015123424770244753,0.0580208333333303,-0.015833333333334032,0.04999999999999982,0.75
ROGUE,65,1208.3125,1044,1433,1082.1875,917,1345,8.554560023788277,8.493707124371076,8.636071515794614,21.803645833333334,21.528333333333332,22.241666666666667,4.37875,4.3,4.46,4.3,3.466666666666667,5.733333333333333,98.0,90,105,41.125,35.8125,0.015153812462951777,0.05968750000000256,-0.01624999999999943,0.033333333333333215,1.9375
ROGUE,66,1249.5,1080,1479,1118.8125,949,1384,8.569628411943333,8.50728030318956,8.652354307762312,21.8646875,21.581666666666667,22.306666666666665,4.365,4.293333333333333,4.4399999999999995,4.35,3.466666666666667,6.0,100.0625,92,107,41.1875,36.625,0.015068388155055956,0.06104166666666444,-0.013749999999999929,0.04999999999999982,2.0625
ROGUE,67,1291.1875,1114,1530,1155.125,985,1427,8.584774488663113,8.520016528872574,8.670289073608656,21.925208333333334,21.641666666666666,22.378333333333334,4.350833333333333,4.28,4.426666666666667,4.391666666666667,3.5999999999999996,6.0,100.8125,92,107,41.6875,36.3125,0.01514607671978041,0.06052083333333513,-0.014166666666667105,0.04166666666666696,0.75
ROGUE,68,1319.0625,1138,1565,1180.25,1010,1455,8.59484916448006,8.528959967252241,8.682527994194908,21.967083333333335,21.683333333333334,22.425,4.342083333333333,4.273333333333333,4.42,4.441666666666666,3.5999999999999996,6.0,102.5,93,109,27.875,25.125,0.010074675816946765,0.041875000000000995,-0.008750000000000036,0.04999999999999982,1.6875
ROGUE,69,1362.25,1174,1616,1217.1875,1041,1498,8.610376641526086,8.542304830524786,8.700264451977635,22.028645833333332,21.735,22.496666666666666,4.328333333333333,4.26,4.406666666666666,4.508333333333334,3.7333333333333334,6.133333333333333,103.0,94,109,43.1875,36.9375,0.015527477046026306,0.0615624999999973,-0.013749999999999929,0.06666666666666732,0.5
ROGUE,70,1405.625,1213,1670,1254.25,1073,1539,8.625875682768804,8.556669768080445,8.718922659591037,22.090416666666666,21.788333333333334,22.565,4.3175,4.253333333333333,4.3933333333333335,4.6,3.8666666666666667,6.133333333333333,105.25,96,111,43.375,37.0625,0.015499041242717837,0.061770833333333997,-0.01083333333333325,0.0916666666666659,2.25
ROGUE,71,1449.3125,1248,1725,1293.375,1111,1582,8.641384496666733,8.569482868120282,8.737802758922468,22.155625,21.851666666666667,22.636666666666667,4.305,4.233333333333333,4.386666666666667,4.658333333333333,3.8666666666666667,6.2666666666666675,107.125,99,113,43.6875,39.125,0.01550881389792913,0.06520833333333442,-0.012500000000000178,0.05833333333333357,1.875
ROGUE,72,1494.4375,1287,1777,1332.1875,1147,1626,8.657311959957184,8.583675995738334,8.75554256741761,22.2203125,21.911666666666665,22.71,4.2908333333333335,4.213333333333333,4.373333333333333,4.716666666666667,3.8666666666666667,6.2666666666666675,107.875,100,113,45.125,38.8125,0.015927463290450916,0.06468749999999801,-0.014166666666666217,0.05833333333333357,0.75
ROGUE,73,1539.8125,1324,1830,1370.6875,1181,1668,8.673227425537108,8.597061934069362,8.77351700761815,22.284479166666667,21.968333333333334,22.78,4.278333333333333,4.193333333333333,4.3533333333333335,4.775,3.8666666666666667,6.2666666666666675,110.0,102,115,45.375,38.5,0.015915465579924515,0.0641666666666687,-0.012500000000000178,0.05833333333333357,2.125
ROGUE,74,1585.75,1363,1886,1409.6875,1220,1712,8.689241383168298,8.611090707946992,8.7923961304859,22.349479166666665,22.03333333333333,22.85333333333333,4.264583333333333,4.173333333333334,4.346666666666667,4.866666666666667,3.8666666666666667,6.2666666666666675,110.5,103,115,45.9375,39.0,0.016013957631189513,0.06499999999999773,-0.013749999999999929,0.09166666666666679,0.5
ROGUE,75,1631.625,1399,1940,1450.375,1261,1758,8.705140339461586,8.623969220297369,8.810495073345415,22.417291666666667,22.101666666666667,22.93,4.24875,4.16,4.34,4.95,3.8666666666666667,6.4,112.25,105,117,45.875,40.6875,0.01589895629328808,0.06781250000000227,-0.015833333333333144,0.08333333333333304,1.75
ROGUE,76,1679.1875,1442,1999,1490.9375,1300,1804,8.721538995424137,8.63926540680012,8.830155081546712,22.484895833333333,22.166666666666668,23.006666666666668,4.235,4.1466666666666665,4.32,5.016666666666667,4.0,6.4,114.3125,107,119,47.5625,40.5625,0.016398655962550635,0.06760416666666558,-0.013749999999999929,0.06666666666666643,2.0625
ROGUE,77,1727.0,1482,2052,1532.375,1335,1853,8.737930501248943,8.653412680324772,8.84771697654257,22.553958333333334,22.225,23.088333333333335,4.22125,4.133333333333333,4.3133333333333335,5.1000000000000005,4.0,6.800000000000001,114.9375,108,119,47.8125,41.4375,0.01639150582480653,0.06906250000000114,-0.013749999999999929,0.08333333333333393,0.625
ROGUE,78,1775.875,1524,2112,1574.25,1373,1901,8.754588343993014,8.668185379976382,8.867489299465499,22.62375,22.288333333333334,23.168333333333333,4.20625,4.12,4.3133333333333335,5.141666666666667,4.266666666666667,6.933333333333334,117.0,110,121,48.875,41.875,0.01665784274407045,0.06979166666666714,-0.015000000000000568,0.041666666666666075,2.0625
ROGUE,79,1823.5625,1565,2170,1617.25,1414,1951,8.770752715104882,8.682527994194908,8.886496004276271,22.695416666666667,22.356666666666666,23.251666666666665,4.194583333333333,4.113333333333333,4.306666666666667,5.2250000000000005,4.4,7.066666666666666,117.625,111,121,47.6875,43.0,0.016164371111868192,0.07166666666666544,-0.011666666666666714,0.08333333333333393,0.625
ROGUE,80,1872.9375,1602,2226,1659.75,1452,2000,8.787404239235846,8.695406914746233,8.904751107413293,22.76625,22.42,23.333333333333332,4.17875,4.093333333333334,4.3,5.275,4.4,7.066666666666666,119.4375,112,123,49.375,42.5,0.016651524130963935,0.07083333333333286,-0.015833333333333144,0.04999999999999982,1.8125
ROGUE,81,1921.625,1647,2279,1702.875,1493,2048,8.803738088826925,8.710990625749199,8.921943815782328,22.838125,22.488333333333333,23.413333333333334,4.165416666666666,4.08,4.286666666666667,5.3500000000000005,4.4,7.066666666666666,121.625,114,125,48.6875,43.125,0.01633384959107964,0.07187500000000213,-0.013333333333333641,0.07500000000000018,2.1875
ROGUE,82,1971.6875,1687,2337,1745.8125,1533,2094,8.820443693411159,8.724771423353305,8.94066712275876,22.9096875,22.555,23.49,4.1537500000000005,4.0600000000000005,4.273333333333333,5.408333333333333,4.4,7.333333333333333,122.375,116,125,50.0625,42.9375,0.016705604584233313,0.07156249999999886,-0.011666666666665826,0.05833333333333268,0.75
ROGUE,83,2021.875,1729,2393,1789.0,1574,2144,8.83710614705637,8.739171119423727,8.958656793532025,22.981666666666666,22.623333333333335,23.573333333333334,4.1425,4.046666666666667,4.26,5.466666666666667,4.4,7.333333333333333,124.3125,118,127,50.1875,43.1875,0.016662453645210462,0.07197916666666515,-0.011250000000000426,0.05833333333333357,1.9375
ROGUE,84,2072.625,1772,2453,1833.875,1616,2194,8.853868976860632,8.753841373503347,8.977838277938945,23.05645833333333,22.693333333333335,23.656666666666666,4.12875,4.02,4.26,5.516666666666667,4.4,7.466666666666667,124.6875,119,127,50.75,44.875,0.01676282980426258,0.07479166666666615,-0.013749999999999929,0.04999999999999982,0.375
ROGUE,85,2123.9375,1812,2514,1879.375,1657,2248,8.870729612890738,8.767424305817988,8.997243499455605,23.132291666666667,22.761666666666667,23.746666666666666,4.11875,4.013333333333334,4.253333333333333,5.616666666666667,4.4,7.466666666666667,126.75,121,129,51.3125,45.5,0.016860636030106235,0.07583333333333542,-0.009999999999999787,0.10000000000000053,2.0625
ROGUE,86,2174.8125,1848,2573,1925.25,1704,2305,8.88736419710911,8.779597735344673,9.01592307409582,23.208750000000002,22.84,23.84166666666667,4.108333333333333,4.0,4.246666666666667,5.65,4.4,7.466666666666667,128.9375,122,131,50.875,45.875,0.016634584218371273,0.07645833333333485,-0.010416666666666963,0.033333333333333215,2.1875
ROGUE,87,2226.75,1889,2628,1972.1875,1747,2360,8.904281981507378,8.793404321578189,9.033259207606298,23.286979166666665,22.91166666666667,23.933333333333334,4.095833333333333,4.0,4.24,5.691666666666666,4.4,7.6,129.625,124,131,51.9375,46.9375,0.01691778439826841,0.07822916666666302,-0.012500000000000178,0.041666666666666075,0.6875
ROGUE,88,2279.9375,1932,2687,2019.4375,1788,2410,8.921520380326143,8.807820170745265,9.051775689723659,23.365729166666668,22.98,24.016666666666666,4.085833333333333,4.0,4.226666666666667,5.758333333333334,4.4,7.733333333333333,131.6875,127,133,53.1875,47.25,0.017238398818765432,0.07875000000000298,-0.009999999999999787,0.06666666666666732,2.0625
ROGUE,89,2333.0,1975,2744,2066.625,1831,2465,8.938639796054572,8.822171986789892,9.069587406884843,23.444375,23.051666666666666,24.108333333333334,4.077083333333333,4.0,4.22,5.8,4.4,7.733333333333333,132.125,128,133,53.0625,47.1875,0.017119415728428677,0.07864583333333286,-0.008750000000000036,0.041666666666666075,0.4375
ROGUE,90,2403.75,2030,2821,2130.1875,1887,2536,8.96134355073601,8.840438280782354,9.093531919357646,23.5503125,23.145,24.226666666666667,4.06375,4.0,4.2,5.875,4.4,7.866666666666666,134.375,131,135,70.75,63.5625,0.022703754681439037,0.10593749999999957,-0.013333333333333641,0.07500000000000018,2.25
ROGUE,91,2458.3125,2075,2879,2178.375,1928,2591,8.97876502168882,8.855309855267306,9.111481727156246,23.630625000000002,23.213333333333335,24.318333333333335,4.054166666666666,4.0,4.18,5.9,4.4,8.0,136.375,133,137,54.5625,48.1875,0.01742147095280977,0.08031250000000156,-0.009583333333333499,0.025000000000000355,2.0
ROGUE,92,2512.4375,2118,2939,2227.875,1973,2643,8.995972984912145,8.869460306586538,9.129974555401501,23.713124999999998,23.288333333333334,24.405,4.047083333333333,4.0,4.18,5.941666666666667,4.4,8.0,136.8125,135,137,54.125,49.5,0.017207963223324185,0.08249999999999602,-0.007083333333333108,0.04166666666666696,0.4375
ROGUE,93,2567.125,2162,2999,2277.375,2020,2701,9.013279119865757,8.88388048853506,9.14839202522369,23.795625,23.366666666666667,24.501666666666665,4.037916666666667,4.0,4.16,6.008333333333334,4.533333333333333,8.0,138.75,137,139,54.6875,49.5,0.01730613495361233,0.08250000000000313,-0.009166666666666323,0.06666666666666643,1.9375
ROGUE,94,2622.75,2206,3062,2327.75,2067,2759,9.030806116821024,8.89824209079182,9.16765123887777,23.879583333333333,23.445,24.598333333333333,4.029583333333333,4.0,4.1466666666666665,6.075,4.533333333333333,8.133333333333333,138.9375,138,139,55.625,50.375,0.017526996955266938,0.08395833333333158,-0.008333333333333748,0.06666666666666643,0.1875
ROGUE,95,2679.0,2251,3122,2377.3125,2113,2815,9.048457634133673,8.912870959404227,9.185919784372832,23.9621875,23.52166666666667,24.691666666666666,4.02375,4.0,4.1466666666666665,6.125,4.533333333333333,8.133333333333333,140.8125,140,141,56.25,49.5625,0.01765151731264858,0.08260416666666615,-0.005833333333333357,0.04999999999999982,1.875
ROGUE,96,2754.625,2311,3203,2445.3125,2175,2889,9.07207473143322,8.932285547495601,9.210471437721719,24.075520833333332,23.625,24.814999999999998,4.01625,4.0,4.133333333333333,6.208333333333333,4.666666666666667,8.133333333333333,142.8125,142,143,75.625,68.0,0.02361709729954775,0.11333333333333329,-0.007499999999999396,0.08333333333333304,2.0
ROGUE,97,2812.4375,2356,3261,2496.8125,2222,2945,9.09004271687008,8.946780324896867,9.227975308727343,24.161354166666666,23.703333333333333,24.90833333333333,4.0125,4.0,4.113333333333333,6.291666666666666,4.666666666666667,8.266666666666666,142.9375,142,143,57.8125,51.5,0.017967985436859735,0.08583333333333343,-0.003750000000000142,0.08333333333333304,0.125
ROGUE,98,2870.875,2402,3325,2548.8125,2271,3005,9.108126917613129,8.961540093517746,9.247217842199563,24.24802083333333,23.785,25.008333333333333,4.0095833333333335,4.0,4.1,6.333333333333333,4.666666666666667,8.4,145.0,145,145,58.4375,52.0,0.01808420074304884,0.086666666666666,-0.0029166666666666785,0.04166666666666696,2.0625
ROGUE,99,2929.4375,2447,3387,2601.875,2322,3063,9.126171484572719,8.975924387636473,9.265788520368744,24.336458333333333,23.87,25.105,4.007083333333333,4.0,4.08,6.4,4.666666666666667,8.533333333333333,145.0,145,145,58.5625,53.0625,0.018044566959590114,0.08843750000000128,-0.002500000000000391,0.06666666666666732,0.0
ROGUE,100,2988.5625,2494,3451,2654.75,2372,3120,9.1443183984198,8.990891617914313,9.284887081889645,24.424583333333334,23.953333333333333,25.2,4.005833333333333,4.0,4.08,6.45,4.666666666666667,8.533333333333333,147.0,147,147,59.125,52.875,0.018146913847081336,0.08812500000000156,-0.0012499999999997513,0.04999999999999982,2.0
WARRIOR,1,10.5,8,13,3.9375,1,6,8.012443602478525,8.010022613543374,8.014779633924967,9.2565625,9.001666666666667,10.008333333333333,4.93,4.9,4.966666666666667,1.6083333333333334,0.8,2.0,19.8125,18,22,,,,,,,
WARRIOR,2,16.625,13,20,9.4375,4,13,8.017964152803112,8.014779633924967,8.020860897630213,9.265729166666667,9.006666666666666,10.018333333333333,4.92875,4.8933333333333335,4.966666666666667,1.6333333333333333,0.8,2.1333333333333333,20.0625,18,22,6.125,5.5,0.005520550324586537,0.009166666666667211,-0.0012499999999997513,0.02499999999999991,0.25
WARRIOR,3,29.75,22,38,20.25,9,29,8.02859130878358,8.0225137137527,8.03486068147306,9.72125,9.028333333333334,10.048333333333334,4.925,4.8933333333333335,4.966666666666667,1.7,0.9333333333333333,2.2666666666666666,21.6875,20,23,13.125,10.8125,0.010627155980468928,0.45552083333333293,-0.003750000000000142,0.06666666666666665,1.625
WARRIOR,4,36.5625,29,46,26.25,12,36,8.033738452818872,8.028081958530517,8.04061769374364,9.79375,9.036666666666667,10.06,4.92375,4.8933333333333335,4.966666666666667,1.7083333333333335,0.9333333333333333,2.2666666666666666,22.125,20,24,6.8125,6.0,0.005147144035291262,0.07249999999999979,-0.0012499999999997513,0.008333333333333526,0.4375
WARRIOR,5,43.125,33,55,32.375,18,44,8.038500762123034,8.031140110352299,8.046859661488343,9.803958333333334,9.045,10.073333333333334,4.922083333333333,4.886666666666667,4.966666666666667,1.7166666666666668,0.9333333333333333,2.4,23.375,21,25,6.5625,6.125,0.0047623093041622155,0.010208333333334707,-0.0016666666666669272,0.008333333333333304,1.25
WARRIOR,6,57.4375,47,72,43.4375,26,58,8.048440822453502,8.041322565972772,8.05812660963602,10.072395833333333,9.075,11.076666666666666,4.919583333333334,4.886666666666667,4.966666666666667,1.7583333333333333,1.0666666666666667,2.5333333333333337,25.0625,23,27,14.3125,11.0625,0.009940060330468015,0.2684374999999992,-0.0024999999999995026,0.04166666666666652,1.6875
WARRIOR,7,64.875,53,83,49.75,29,65,8.053394639674062,8.045491440701745,8.065128558992084,10.145416666666666,10.048333333333334,11.088333333333333,4.919583333333334,4.886666666666667,4.966666666666667,1.7750000000000001,1.0666666666666667,2.5333333333333337,25.375,23,27,7.4375,6.3125,0.004953817220560097,0.07302083333333265,0.0,0.01666666666666683,0.3125
WARRIOR,8,72.25,58,94,55.8125,34,72,8.058189915394626,8.0488935296344,8.071946766168875,10.343020833333334,10.056666666666667,11.12,4.917916666666667,4.88,4.966666666666667,1.8166666666666667,1.0666666666666667,2.6666666666666665,26.625,24,29,7.375,6.0625,0.004795275720564263,0.19760416666666814,-0.0016666666666669272,0.04166666666666652,1.25
WARRIOR,9,88.1875,70,115,67.75,41,85,8.06825492619909,8.056831278649852,8.084540978008835,10.612916666666667,10.068333333333333,11.141666666666667,4.9158333333333335,4.88,4.966666666666667,1.8833333333333333,1.0666666666666667,2.9333333333333336,27.25,25,29,15.9375,11.9375,0.01006501080446398,0.269895833333333,-0.002083333333333215,0.06666666666666665,0.625
WARRIOR,10,97.1875,78,126,73.5625,45,92,8.073784004481318,8.0619704539537,8.090950571310675,10.810104166666667,10.075,11.153333333333332,4.915,4.88,4.96,1.9,1.0666666666666667,2.9333333333333336,28.5625,26,30,9.0,5.8125,0.005529078282227928,0.19718750000000007,-0.0008333333333334636,0.016666666666666607,1.3125
WARRIOR,11,106.1875,86,139,79.8125,50,98,8.079207080522908,8.06700508405813,8.098383175375073,10.883020833333333,10.113333333333333,11.163333333333334,4.914583333333334,4.88,4.96,1.9166666666666667,1.2,2.9333333333333336,30.0625,27,32,9.0,6.25,0.005423076041589425,0.07291666666666607,-0.0004166666666662877,0.01666666666666683,1.5
WARRIOR,12,115.125,94,150,86.1875,54,107,8.084507209545045,8.071946766168875,8.104563955259128,10.893645833333332,10.121666666666666,11.178333333333333,4.91375,4.873333333333333,4.96,1.9333333333333333,1.2,2.9333333333333336,30.4375,27,33,8.9375,6.375,0.005300129022137057,0.010624999999999218,-0.0008333333333334636,0.016666666666666607,0.375
WARRIOR,13,133.9375,113,173,99.375,64,124,8.095407630916462,8.083362695734161,8.117204929468771,11.165625,10.143333333333333,12.18,4.913333333333333,4.873333333333333,4.96,2.0,1.3333333333333333,2.9333333333333336,32.125,28,35,18.8125,13.1875,0.010900421371417224,0.271979166666668,-0.0004166666666671759,0.06666666666666665,1.6875
WARRIOR,14,144.0625,121,186,105.8125,69,130,8.101134733423146,8.08805160802861,8.124199357942942,11.176354166666666,10.151666666666667,12.191666666666666,4.912916666666667,4.873333333333333,4.96,2.0166666666666666,1.4666666666666668,2.9333333333333336,32.625,28,36,10.125,6.4375,0.0057271025066842896,0.01072916666666579,-0.0004166666666662877,0.016666666666666607,0.5
WARRIOR,15,163.125,138,210,119.0,79,146,8.111715282424205,8.097816532732605,8.13686248814064,11.573333333333334,10.175,12.213333333333333,4.910833333333334,4.866666666666666,4.96,2.05,1.4666666666666668,2.9333333333333336,34.375,30,38,19.0625,13.1875,0.01058054900105887,0.396979166666668,-0.002083333333333215,0.033333333333333215,1.75
WARRIOR,16,173.375,147,223,126.0,82,156,8.11729700437783,8.102887558861767,8.143599486132326,12.0225,11.188333333333333,12.26,4.91,4.866666666666666,4.96,2.066666666666667,1.4666666666666668,2.9333333333333336,35.8125,31,39,10.25,7.0,0.005581721953625163,0.4491666666666667,-0.0008333333333334636,0.01666666666666705,1.4375
WARRIOR,17,183.25,157,235,132.75,88,166,8.12261485008524,8.1084497904726,8.149748777340223,12.03375,11.196666666666667,12.276666666666667,4.90875,4.866666666666666,4.953333333333333,2.091666666666667,1.4666666666666668,2.9333333333333336,36.0,31,39,9.875,6.75,0.005317845707409674,0.01124999999999865,-0.0012499999999997513,0.02499999999999991,0.1875
WARRIOR,18,204.5,176,258,147.375,97,185,8.133871179068208,8.118828093590253,8.161363297468096,12.058125,11.22,12.308333333333334,4.9070833333333335,4.866666666666666,4.953333333333333,2.1333333333333333,1.4666666666666668,2.9333333333333336,37.625,33,40,21.25,14.625,0.011256328982968355,0.024375000000000924,-0.0016666666666669272,0.04166666666666652,1.625
WARRIOR,19,215.6875,186,270,154.125,103,193,8.13970460184034,8.124199357942942,8.167340093259474,12.131874999999999,11.233333333333333,13.263333333333334,4.905,4.866666666666666,4.953333333333333,2.15,1.4666666666666668,2.9333333333333336,38.0,33,41,11.1875,6.75,0.005833422772131058,0.07374999999999865,-0.002083333333333215,0.016666666666666607,0.375
WARRIOR,20,238.25,207,294,168.5625,113,208,8.151283689219426,8.13529609805967,8.179137644646547,12.4059375,11.253333333333334,13.308333333333334,4.902916666666667,4.866666666666666,4.953333333333333,2.1833333333333336,1.4666666666666668,3.2,39.75,35,42,22.5625,14.4375,0.011579087379086417,0.2740625000000012,-0.002083333333333215,0.03333333333333366,1.75
WARRIOR,21,249.75,217,307,175.8125,118,218,8.157103324090873,8.140500148232144,8.18544695031987,12.605520833333333,11.263333333333334,13.363333333333333,4.900833333333333,4.866666666666666,4.953333333333333,2.191666666666667,1.4666666666666668,3.2,41.125,36,44,11.5,7.25,0.005819634871446766,0.199583333333333,-0.002083333333334103,0.008333333333333304,1.375
WARRIOR,22,273.25,238,334,190.5,128,235,8.168831155107394,8.15127618409498,8.198383783546868,12.942499999999999,12.213333333333333,13.391666666666667,4.899166666666667,4.866666666666666,4.953333333333333,2.2333333333333334,1.6,3.2,41.75,37,45,23.5,14.6875,0.011727831016521861,0.3369791666666657,-0.001666666666666039,0.04166666666666652,0.625
WARRIOR,23,298.3125,260,361,205.375,139,252,8.18111877356476,8.162363226744773,8.211112892858813,13.154791666666666,12.305,13.42,4.895,4.86,4.946666666666666,2.2583333333333333,1.6,3.2,43.3125,38,46,25.0625,14.875,0.012287618457365923,0.2122916666666672,-0.004166666666667318,0.02499999999999991,1.5625
WARRIOR,24,311.0625,271,374,212.75,143,262,8.187288311360133,8.167835732391561,8.217173223246377,13.229583333333334,12.318333333333333,14.356666666666667,4.8933333333333335,4.8533333333333335,4.94,2.275,1.6,3.2,43.6875,39,46,12.75,7.375,0.006169537795372548,0.07479166666666792,-0.001666666666666039,0.016666666666666607,0.375
WARRIOR,25,338.25,297,404,227.6875,157,279,8.200280631622284,8.180598506630771,8.231001121004384,13.441979166666666,12.34,14.425,4.890833333333333,4.846666666666667,4.933333333333334,2.3166666666666664,1.6,3.333333333333333,45.625,41,48,27.1875,14.9375,0.01299232026215158,0.212395833333332,-0.002500000000000391,0.04166666666666652,1.9375
WARRIOR,26,351.875,311,418,235.3125,164,286,8.206714575933361,8.187377442316858,8.237383222304723,13.5796875,12.351666666666667,14.436666666666667,4.889166666666666,4.846666666666667,4.926666666666667,2.325,1.6,3.333333333333333,47.0,42,49,13.625,7.625,0.0064339443110768,0.1377083333333342,-0.0016666666666669272,0.008333333333333748,1.375
WARRIOR,27,379.5625,333,448,249.9375,172,305,8.219635225214953,8.197908470370484,8.250917762726301,13.7915625,12.376666666666667,14.508333333333333,4.8879166666666665,4.846666666666667,4.926666666666667,2.3833333333333333,1.6,3.333333333333333,47.4375,42,50,27.6875,14.625,0.012920649281591423,0.21187499999999915,-0.0012499999999997513,0.058333333333333126,0.4375
WARRIOR,28,407.8125,356,482,265.0625,182,320,8.23261849062693,8.208770433851793,8.26603980813154,14.129270833333333,13.303333333333333,14.533333333333333,4.885833333333333,4.846666666666667,4.926666666666667,2.4333333333333336,1.6,3.466666666666667,49.125,44,51,28.25,15.125,0.01298326541197703,0.3377083333333335,-0.002083333333333215,0.050000000000000266,1.6875
WARRIOR,29,422.3125,369,497,273.1875,187,329,8.239217417241887,8.214847393022769,8.272642845888504,14.1428125,13.311666666666667,14.548333333333334,4.884166666666666,4.846666666666667,4.926666666666667,2.45,1.6,3.466666666666667,49.375,44,52,14.5,8.125,0.006598926614957534,0.013541666666666785,-0.0016666666666669272,0.016666666666666607,0.25
WARRIOR,30,451.9375,395,529,289.9375,196,347,8.252557712877064,8.226875015399303,8.286598249185007,14.420729166666666,13.428333333333333,15.536666666666667,4.88,4.84,4.926666666666667,2.475,1.6,3.466666666666667,51.125,45,54,29.625,16.75,0.013340295635176247,0.27791666666666615,-0.00416666666666643,0.02499999999999991,1.75
WARRIOR,31,482.0,421,558,305.9375,204,364,8.26592045012916,8.238745212766455,8.299099959694207,14.759895833333333,13.45,15.568333333333333,4.878333333333333,4.833333333333333,4.926666666666667,2.533333333333333,1.6,3.5999999999999996,52.75,47,56,30.0625,16.0,0.01336273725209658,0.3391666666666673,-0.0016666666666669272,0.058333333333333126,1.625
WARRIOR,32,513.5,450,591,322.3125,218,381,8.279744560191721,8.251813498245616,8.313169154695963,14.8496875,13.471666666666668,15.635,4.87625,4.833333333333333,4.926666666666667,2.5833333333333335,1.6,3.5999999999999996,53.375,48,57,31.5,16.375,0.013824110062561346,0.08979166666666671,-0.002083333333333215,0.050000000000000266,0.625
WARRIOR,33,529.0,464,609,331.0625,225,391,8.286480734517758,8.258061596552801,8.320776710492584,14.989270833333332,13.486666666666666,15.651666666666667,4.8741666666666665,4.833333333333333,4.92,2.6,1.6,3.5999999999999996,54.625,49,58,15.5,8.75,0.006736174326036348,0.1395833333333325,-0.002083333333333215,0.016666666666666607,1.25
WARRIOR,34,561.9375,491,642,348.0,237,410,8.300670094583678,8.270006481214804,8.334608537552782,15.2675,13.513333333333334,16.64,4.8725,4.833333333333333,4.92,2.6166666666666667,1.6,3.5999999999999996,55.375,49,59,32.9375,16.9375,0.014189360065920198,0.27822916666666764,-0.0016666666666669272,0.016666666666666607,0.75
WARRIOR,35,595.375,522,675,365.3125,249,430,8.314908627425385,8.283560280807686,8.348298828425259,15.483854166666667,14.54,16.671666666666667,4.870833333333334,4.833333333333333,4.92,2.658333333333333,1.6,3.5999999999999996,57.0,50,61,33.4375,17.3125,0.014238532841707396,0.21635416666666707,-0.001666666666666039,0.04166666666666652,1.625
WARRIOR,36,630.625,555,708,381.1875,261,448,8.329747633597597,8.29781281512229,8.361855852832411,15.8228125,14.565,16.746666666666666,4.869583333333333,4.833333333333333,4.92,2.691666666666667,1.6,3.5999999999999996,58.4375,52,62,35.25,15.875,0.014839006172211455,0.33895833333333236,-0.0012500000000006395,0.03333333333333366,1.4375
WARRIOR,37,665.75,587,741,398.9375,272,470,8.344365964376298,8.311472333365383,8.375287035511635,16.102395833333333,14.591666666666667,16.783333333333335,4.867916666666667,4.833333333333333,4.92,2.7416666666666667,1.8666666666666667,3.5999999999999996,59.25,52,63,35.125,17.75,0.014618330778700894,0.2795833333333331,-0.001666666666666039,0.04999999999999982,0.8125
WARRIOR,38,684.25,604,758,407.5,279,478,8.352002908578388,8.318668067190142,8.382159235835967,16.241666666666667,14.605,16.796666666666667,4.866666666666666,4.833333333333333,4.913333333333333,2.791666666666667,2.0,3.7333333333333334,60.8125,54,65,18.5,8.5625,0.00763694420209049,0.13927083333333456,-0.0012500000000006395,0.050000000000000266,1.5625
WARRIOR,39,720.1875,638,794,425.5625,289,498,8.36671935640888,8.33293966509046,8.396611586396405,16.396770833333335,14.633333333333333,17.785,4.865,4.833333333333333,4.913333333333333,2.841666666666667,2.1333333333333333,3.7333333333333334,61.3125,54,66,35.9375,18.0625,0.01471644783049264,0.1551041666666677,-0.001666666666666039,0.04999999999999982,0.5
WARRIOR,40,757.8125,672,829,444.0,304,522,8.381972740821986,8.347059881211825,8.410537298160223,16.6775,15.661666666666667,17.87,4.8620833333333335,4.826666666666666,4.913333333333333,2.8916666666666666,2.2666666666666666,3.7333333333333334,63.0625,56,67,37.625,18.4375,0.015253384413105309,0.2807291666666636,-0.0029166666666666785,0.04999999999999982,1.75
WARRIOR,41,796.375,707,864,462.4375,317,543,8.3974508645241,8.361446918378949,8.424345879412398,16.895729166666666,15.691666666666666,17.905,4.86,4.82,4.913333333333333,2.9833333333333334,2.2666666666666666,3.8666666666666667,64.75,57,69,38.5625,18.4375,0.015478123702113322,0.21822916666666714,-0.002083333333333215,0.09166666666666679,1.6875
WARRIOR,42,836.1875,741,899,479.9375,328,563,8.413272115146276,8.375287035511635,8.438043004151552,17.237395833333334,15.721666666666668,17.938333333333333,4.85875,4.82,4.913333333333333,3.0500000000000003,2.2666666666666666,4.0,65.3125,58,69,39.8125,17.5,0.01582125062217621,0.34166666666666856,-0.0012500000000006395,0.06666666666666687,0.5625
WARRIOR,43,877.1875,780,938,498.0625,341,582,8.429410321807879,8.391007130628589,8.45318055406976,17.455104166666665,15.755,18.845,4.8566666666666665,4.8133333333333335,4.906666666666666,3.075,2.2666666666666666,4.133333333333333,67.125,59,71,41.0,18.125,0.01613820666160315,0.21770833333333073,-0.002083333333333215,0.02499999999999991,1.8125
WARRIOR,44,917.75,818,978,516.8125,354,602,8.445225218220841,8.406173549568038,8.468576041529394,17.736354166666665,15.786666666666667,18.951666666666668,4.855,4.8133333333333335,4.906666666666666,3.1666666666666665,2.2666666666666666,4.4,67.75,60,72,40.5625,18.75,0.015814896412962298,0.28125,-0.001666666666666039,0.09166666666666634,0.625
WARRIOR,45,959.4375,853,1026,535.6875,369,620,8.461333481494236,8.420018307228723,8.486885548228756,18.017812499999998,16.813333333333333,19.03333333333333,4.8533333333333335,4.8133333333333335,4.9,3.225,2.2666666666666666,4.4,69.375,62,74,41.6875,18.875,0.016108263273395096,0.28145833333333314,-0.0016666666666669272,0.05833333333333357,1.625
WARRIOR,46,1001.6875,890,1071,555.375,382,640,8.477517006496202,8.434531235784979,8.503895606840356,18.175625,16.841666666666665,19.066666666666666,4.85,4.8133333333333335,4.8933333333333335,3.2666666666666666,2.2666666666666666,4.4,71.0,64,75,42.25,19.6875,0.016183525001965293,0.15781250000000213,-0.0033333333333338544,0.04166666666666652,1.625
WARRIOR,47,1067.5,948,1147,586.0,406,673,8.50245414246668,8.457041530337811,8.532303999982695,18.476666666666667,16.886666666666667,19.121666666666666,4.845416666666667,4.806666666666667,4.886666666666667,3.35,2.5333333333333337,4.4,71.8125,65,75,65.8125,30.625,0.024937135970478863,0.30104166666666643,-0.0045833333333327175,0.08333333333333348,0.8125
WARRIOR,48,1112.875,986,1198,605.5,421,697,8.519466413661636,8.471639887724963,8.551155886040567,18.821666666666665,17.701666666666668,20.161666666666665,4.845416666666667,4.806666666666667,4.886666666666667,3.3916666666666666,2.5333333333333337,4.533333333333333,73.75,67,77,45.375,19.5,0.01701227119495563,0.34499999999999886,0.0,0.04166666666666652,1.9375
WARRIOR,49,1182.5,1051,1275,635.6875,442,730,8.545310063392785,8.496353590926434,8.579318160728713,19.246979166666666,17.958333333333332,20.21666666666667,4.841666666666667,4.806666666666667,4.88,3.4416666666666664,2.8000000000000003,4.533333333333333,74.875,69,79,69.625,30.1875,0.025843649731148943,0.4253125000000004,-0.003750000000000142,0.04999999999999982,1.125
WARRIOR,50,1229.3125,1096,1328,655.25,458,755,8.562514830174212,8.513283659567124,8.59850454862028,19.46708333333333,17.981666666666666,20.258333333333333,4.840833333333333,4.806666666666667,4.88,3.5,2.8000000000000003,4.666666666666667,76.625,71,81,46.8125,19.5625,0.01720476678142724,0.22010416666666544,-0.0008333333333334636,0.05833333333333357,1.75
WARRIOR,51,1301.875,1164,1411,685.5,483,788,8.588924487137309,8.538606238763562,8.628247264625859,19.955,18.805,21.313333333333333,4.835416666666666,4.8,4.873333333333333,3.575,2.9333333333333336,4.8,78.6875,73,83,72.5625,30.25,0.026409656963096495,0.487916666666667,-0.005416666666667069,0.07500000000000018,2.0625
WARRIOR,52,1351.0,1210,1465,705.375,499,812,8.60663442205694,8.555568087789426,8.647409540572793,20.238125,19.051666666666666,21.35333333333333,4.833333333333333,4.793333333333333,4.873333333333333,3.6,2.9333333333333336,4.8,79.375,73,84,49.125,19.875,0.017709934919631465,0.28312500000000185,-0.002083333333333215,0.02499999999999991,0.6875
WARRIOR,53,1427.125,1279,1554,736.375,520,849,8.633819500728858,8.580771680142764,8.678687431954037,20.602291666666666,19.091666666666665,21.415,4.830416666666666,4.793333333333333,4.873333333333333,3.658333333333333,2.9333333333333336,4.8,81.1875,75,86,76.125,31.0,0.027185078671918106,0.36416666666666586,-0.0029166666666666785,0.058333333333333126,1.8125
WARRIOR,54,1479.0625,1325,1611,757.1875,537,873,8.652207497877207,8.597422669327594,8.6985305871594,20.636979166666666,19.12,21.455,4.8275,4.786666666666667,4.873333333333333,3.683333333333333,2.9333333333333336,4.8,81.875,75,87,51.9375,20.8125,0.01838799714834849,0.034687500000000426,-0.0029166666666666785,0.02499999999999991,0.6875
WARRIOR,55,1559.0,1392,1699,789.125,565,912,8.680256644374229,8.6214703071414,8.72889286404803,21.002708333333334,19.941666666666666,21.52,4.824583333333333,4.786666666666667,4.873333333333333,3.783333333333333,3.0666666666666664,4.8,83.6875,77,89,79.9375,31.9375,0.028049146497021837,0.365729166666668,-0.0029166666666666785,0.10000000000000009,1.8125
WARRIOR,56,1612.9375,1440,1756,810.5625,582,936,8.69902024485935,8.638555998622873,8.74839108356316,21.2884375,20.198333333333334,21.56,4.82125,4.78,4.873333333333333,3.8666666666666667,3.0666666666666664,4.933333333333334,85.125,78,90,53.9375,21.4375,0.018763600485121046,0.28572916666666615,-0.0033333333333329662,0.08333333333333348,1.4375
WARRIOR,57,1695.6875,1509,1845,844.1875,609,973,8.72756144136797,8.662918878826138,8.778585106285359,21.344479166666666,20.245,21.621666666666666,4.81625,4.773333333333333,4.873333333333333,3.933333333333333,3.0666666666666664,4.933333333333334,86.125,80,91,82.75,33.625,0.02854119650861975,0.056041666666665435,-0.004999999999999893,0.06666666666666643,1.0
WARRIOR,58,1780.125,1581,1940,878.5625,638,1010,8.756398879065253,8.688104647809904,8.810495073345415,21.401770833333334,20.29,21.683333333333334,4.812083333333334,4.766666666666667,4.873333333333333,3.975,3.0666666666666664,4.933333333333334,88.1875,82,93,84.4375,34.375,0.028837437697283974,0.05729166666666785,-0.00416666666666643,0.04166666666666696,2.0625
WARRIOR,59,1838.0,1629,2001,901.5625,657,1036,8.776010520901075,8.70476749060482,8.830819471387818,21.502604166666668,21.095,21.726666666666667,4.81125,4.766666666666667,4.866666666666666,4.016666666666667,3.2,4.933333333333334,88.8125,83,94,57.875,23.0,0.019611641835821203,0.100833333333334,-0.0008333333333334636,0.04166666666666652,0.625
WARRIOR,60,1925.8125,1705,2095,936.6875,684,1075,8.80553254850939,8.730951399617382,8.861898683194983,21.561145833333335,21.14,21.791666666666668,4.80625,4.76,4.8533333333333335,4.058333333333334,3.333333333333333,5.066666666666667,90.9375,86,96,87.8125,35.125,0.029522027608315682,0.058541666666666714,-0.004999999999999893,0.04166666666666696,2.125
WARRIOR,61,2016.125,1786,2188,970.375,709,1119,8.83561748709866,8.75860230680619,8.892373879164142,21.617291666666667,21.181666666666665,21.865,4.804583333333333,4.753333333333333,4.8533333333333335,4.125,3.333333333333333,5.066666666666667,93.3125,88,97,90.3125,33.6875,0.030084938589268972,0.05614583333333201,-0.0016666666666669272,0.06666666666666643,2.375
WARRIOR,62,2107.25,1865,2281,1005.5625,739,1156,8.865697106866268,8.78532977619989,8.922591021003157,21.6759375,21.231666666666666,21.926666666666666,4.802083333333333,4.746666666666667,4.846666666666667,4.166666666666667,3.333333333333333,5.066666666666667,94.3125,89,98,91.125,35.1875,0.030079619767608534,0.058645833333333286,-0.002500000000000391,0.04166666666666696,1.0
WARRIOR,63,2169.0625,1918,2347,1030.375,760,1183,8.885951241489176,8.803133751897617,8.943885831529121,21.717291666666668,21.266666666666666,21.971666666666668,4.7995833333333335,4.746666666666667,4.846666666666667,4.175,3.333333333333333,5.066666666666667,96.0625,90,101,61.8125,24.8125,0.020254134622907927,0.041354166666668135,-0.0024999999999995026,0.00833333333333286,1.75
WARRIOR,64,2263.625,2003,2450,1067.5625,787,1229,8.916713257498849,8.83148372843061,8.976881449964699,21.779270833333335,21.311666666666667,22.048333333333332,4.79375,4.74,4.84,4.241666666666666,3.333333333333333,5.333333333333333,97.125,92,101,94.5625,37.1875,0.030762016009672877,0.06197916666666714,-0.005833333333333357,0.06666666666666643,1.0625
WARRIOR,65,2361.375,2090,2558,1104.5,819,1273,8.94824763389427,8.860252660123724,9.01118222658944,21.840833333333332,21.365000000000002,22.121666666666666,4.79125,4.74,4.84,4.341666666666667,3.466666666666667,5.466666666666667,99.1875,94,103,97.75,36.9375,0.031534376395422115,0.0615624999999973,-0.002500000000000391,0.10000000000000053,2.0625
WARRIOR,66,2461.0,2175,2672,1141.5625,850,1317,8.98011458224083,8.888129722120594,9.047075887036597,21.902604166666666,21.416666666666668,22.195,4.786666666666667,4.733333333333333,4.84,4.416666666666667,3.5999999999999996,5.466666666666667,101.25,95,105,99.625,37.0625,0.031866948346559454,0.061770833333333997,-0.0045833333333327175,0.07500000000000018,2.0625
WARRIOR,67,2561.75,2262,2787,1178.75,880,1360,9.012077591692949,8.916437972494661,9.082975346823655,21.964583333333334,21.46666666666667,22.266666666666666,4.7820833333333335,4.726666666666667,4.84,4.491666666666666,3.5999999999999996,5.466666666666667,102.125,96,106,100.75,37.1875,0.031963009452118385,0.06197916666666714,-0.004583333333333606,0.07499999999999929,0.875
WARRIOR,68,2629.875,2317,2864,1203.8125,899,1390,9.033549972211455,8.934221423742141,9.106846525897582,22.006354166666668,21.498333333333335,22.316666666666666,4.78,4.726666666666667,4.84,4.525,3.5999999999999996,5.6000000000000005,103.875,97,109,68.125,25.0625,0.02147238051850664,0.04177083333333442,-0.002083333333333215,0.0333333333333341,1.75
WARRIOR,69,2732.75,2406,2980,1242.5,929,1436,9.065764365426547,8.962820866309531,9.142567868578098,22.070833333333333,21.548333333333332,22.393333333333334,4.777083333333334,4.72,4.833333333333333,4.575,3.5999999999999996,5.733333333333333,104.625,99,109,102.875,38.6875,0.03221439321509223,0.06447916666666487,-0.0029166666666666785,0.04999999999999982,0.75
WARRIOR,70,2839.5625,2500,3104,1281.75,960,1481,9.098957016355744,8.992798248472576,9.180446653809327,22.13625,21.6,22.468333333333334,4.774583333333333,4.72,4.833333333333333,4.608333333333333,3.5999999999999996,5.733333333333333,106.6875,100,111,106.8125,39.25,0.03319265092919643,0.06541666666666757,-0.002500000000000391,0.033333333333333215,2.0625
WARRIOR,71,2947.0,2588,3228,1322.25,997,1526,9.132086584799653,9.020658397178243,9.218023917145857,22.20375,21.661666666666665,22.543333333333333,4.77,4.713333333333333,4.826666666666666,4.65,3.5999999999999996,5.866666666666667,108.5625,103,113,107.4375,40.5,0.03312956844390946,0.067499999999999,-0.004583333333333606,0.04166666666666696,1.875
WARRIOR,72,3056.3125,2682,3352,1363.5625,1031,1574,9.16555154434797,9.050209673272361,9.255313511408081,22.272604166666667,21.718333333333334,22.623333333333335,4.767916666666666,4.713333333333333,4.826666666666666,4.7,3.5999999999999996,5.866666666666667,109.5,103,113,109.3125,41.3125,0.03346495954831674,0.06885416666666799,-0.002083333333333215,0.04999999999999982,0.9375
WARRIOR,73,3167.75,2780,3482,1404.8125,1063,1626,9.199421132863604,9.080798745922209,9.294112430419244,22.341354166666665,21.77166666666667,22.71,4.765416666666667,4.706666666666667,4.82,4.816666666666666,3.5999999999999996,5.866666666666667,111.3125,106,115,111.4375,41.25,0.03386958851563371,0.06874999999999787,-0.0024999999999995026,0.11666666666666625,1.8125
WARRIOR,74,3282.0625,2879,3611,1446.5625,1096,1673,9.233920499260897,9.111481727156246,9.33232748167514,22.4109375,21.826666666666668,22.788333333333334,4.762083333333333,4.706666666666667,4.82,4.858333333333333,3.5999999999999996,5.866666666666667,112.1875,107,115,114.3125,41.75,0.03449936639729323,0.069583333333334,-0.0033333333333338544,0.04166666666666696,0.875
WARRIOR,75,3398.375,2980,3741,1488.4375,1133,1725,9.268776755595754,9.142567868578098,9.370563500449576,22.480729166666666,21.888333333333332,22.875,4.755416666666667,4.693333333333333,4.82,4.883333333333334,3.5999999999999996,6.0,114.1875,109,117,116.3125,41.875,0.034856256334856894,0.06979166666666714,-0.0066666666666659324,0.025000000000000355,2.0
WARRIOR,76,3517.125,3086,3873,1530.1875,1167,1772,9.30411731217355,9.174967171821232,9.409116800636946,22.5503125,21.945,22.953333333333333,4.7524999999999995,4.6866666666666665,4.806666666666667,4.925,3.7333333333333334,6.0,116.0,111,119,118.75,41.75,0.03534055657779689,0.069583333333334,-0.0029166666666675667,0.041666666666666075,1.8125
WARRIOR,77,3637.375,3188,4009,1573.25,1203,1825,9.339657183225516,9.20593429362155,9.448564508759452,22.622083333333332,22.005,23.041666666666668,4.74875,4.6866666666666665,4.8,4.95,3.7333333333333334,6.133333333333333,116.875,112,119,120.25,43.0625,0.035539871051964766,0.07177083333333201,-0.003749999999999254,0.025000000000000355,0.875
WARRIOR,78,3760.125,3296,4147,1616.75,1237,1880,9.375697131762843,9.238507833373795,9.488319677235967,22.694583333333334,22.061666666666667,23.133333333333333,4.745416666666666,4.6866666666666665,4.793333333333333,5.008333333333334,3.7333333333333334,6.133333333333333,118.875,114,121,122.75,43.5,0.036039948537327504,0.07250000000000156,-0.0033333333333338544,0.05833333333333357,2.0
WARRIOR,79,3884.0625,3405,4284,1661.3125,1274,1933,9.411849863077903,9.2711672296724,9.527525838159475,22.768854166666667,22.123333333333335,23.221666666666668,4.742916666666667,4.68,4.793333333333333,5.066666666666667,3.7333333333333334,6.2666666666666675,119.6875,116,121,123.9375,44.5625,0.03615273131505958,0.07427083333333329,-0.0024999999999995026,0.05833333333333357,0.8125
WARRIOR,80,4009.375,3509,4420,1706.4375,1313,1986,9.44816783964337,9.3021340330494,9.566198525759322,22.8440625,22.188333333333333,23.31,4.737916666666667,4.673333333333334,4.793333333333333,5.133333333333334,3.7333333333333334,6.533333333333333,121.625,118,123,125.3125,45.125,0.03631797656546709,0.07520833333333243,-0.004999999999999893,0.06666666666666643,1.9375
WARRIOR,81,4137.8125,3621,4566,1750.4375,1351,2037,9.485158111295576,9.335278373785217,9.607450918202643,22.917395833333334,22.251666666666665,23.395,4.736666666666667,4.673333333333334,4.786666666666667,5.225,3.8666666666666667,6.666666666666666,123.6875,120,125,128.4375,44.0,0.03699027165220592,0.07333333333333414,-0.0012499999999997513,0.0916666666666659,2.0625
WARRIOR,82,4265.875,3734,4709,1796.6875,1389,2093,9.52181391872191,9.368511484191629,9.647600623792759,22.994479166666665,22.315,23.488333333333333,4.732916666666667,4.673333333333334,4.786666666666667,5.275,3.8666666666666667,6.666666666666666,123.875,120,125,128.0625,46.25,0.03665580742633523,0.07708333333333073,-0.003750000000000142,0.05000000000000071,0.1875
WARRIOR,83,4397.125,3848,4853,1842.75,1429,2148,9.559155574405843,9.401835474870927,9.687785410338813,23.07125,22.381666666666668,23.58,4.727916666666666,4.673333333333334,4.78,5.366666666666667,3.8666666666666667,6.933333333333334,125.875,122,127,131.25,46.0625,0.03734165568393166,0.07677083333333456,-0.005000000000000782,0.09166666666666679,2.0
WARRIOR,84,4530.5,3965,5005,1890.8125,1472,2206,9.596875417457523,9.435831737398452,9.72994486038384,23.151354166666668,22.453333333333333,23.676666666666666,4.72625,4.673333333333334,4.78,5.4,4.0,6.933333333333334,126.0625,122,127,133.375,48.0625,0.03771984305168097,0.08010416666666842,-0.001666666666666039,0.033333333333333215,0.1875
WARRIOR,85,4666.375,4078,5156,1938.4375,1513,2265,9.635072241985224,9.46847572772061,9.771574099702306,23.230729166666666,22.52166666666667,23.775,4.722916666666666,4.666666666666667,4.78,5.4750000000000005,4.133333333333333,7.199999999999999,128.1875,124,129,135.875,47.625,0.03819682452770046,0.07937499999999886,-0.0033333333333338544,0.07500000000000018,2.125
WARRIOR,86,4804.0625,4199,5306,1985.5,1557,2325,9.673554616580562,9.503230902234426,9.812686882014674,23.309166666666666,22.595,23.875,4.720833333333333,4.666666666666667,4.78,5.525,4.4,7.333333333333333,130.3125,126,131,137.6875,47.0625,0.03848237459533799,0.07843749999999972,-0.002083333333333215,0.04999999999999982,2.125
WARRIOR,87,4942.9375,4317,5460,2034.1875,1603,2382,9.712143180877343,9.536931933740329,9.854654892519378,23.3903125,22.671666666666667,23.97,4.717083333333333,4.66,4.78,5.583333333333333,4.533333333333333,7.333333333333333,130.625,127,131,138.875,48.6875,0.0385885642967807,0.08114583333333414,-0.003750000000000142,0.05833333333333268,0.3125
WARRIOR,88,5084.4375,4436,5615,2082.0,1646,2440,9.751237990597332,9.57073248382733,9.8966570245304,23.47,22.743333333333332,24.066666666666666,4.714583333333334,4.653333333333333,4.773333333333333,5.65,4.533333333333333,7.466666666666667,132.5,128,133,141.5,47.8125,0.03909480971998924,0.07968749999999858,-0.0024999999999995026,0.06666666666666732,1.875
WARRIOR,89,5228.25,4565,5770,2130.375,1691,2498,9.790757526541071,9.607169273677705,9.938427872596131,23.550625,22.818333333333335,24.163333333333334,4.71125,4.653333333333333,4.773333333333333,5.683333333333334,4.533333333333333,7.466666666666667,132.6875,129,133,143.8125,48.375,0.03951953594373947,0.08062500000000128,-0.0033333333333338544,0.033333333333333215,0.1875
WARRIOR,90,5422.625,4732,5985,2196.875,1751,2576,9.84382311108351,9.654035338863098,9.995998998998623,23.661458333333332,22.918333333333333,24.293333333333333,4.7075,4.653333333333333,4.773333333333333,5.808333333333334,4.666666666666667,7.466666666666667,134.75,131,135,194.375,66.5,0.05306558454243948,0.11083333333333201,-0.003750000000000142,0.125,2.0625
WARRIOR,91,5571.4375,4856,6148,2246.75,1798,2630,9.881728159205487,9.68862003523965,10.0,23.744583333333335,22.996666666666666,24.383333333333333,4.703333333333333,4.64,4.766666666666667,5.858333333333333,4.666666666666667,7.6,136.6875,133,137,148.8125,49.875,0.03790504812197604,0.08312500000000256,-0.00416666666666643,0.04999999999999982,1.9375
WARRIOR,92,5720.75,4984,6308,2297.9375,1844,2689,9.913814016563842,9.724135611939406,10.0,23.82989583333333,23.073333333333334,24.481666666666666,4.698333333333333,4.633333333333334,4.76,5.933333333333334,4.8,7.866666666666666,136.75,133,137,149.3125,51.1875,0.03208585735835534,0.08531249999999702,-0.004999999999999893,0.07500000000000018,0.0625
WARRIOR,93,5872.4375,5118,6469,2349.75,1895,2753,9.939426455375626,9.761121100831785,10.0,23.916249999999998,23.158333333333335,24.58833333333333,4.694583333333333,4.633333333333334,4.76,5.991666666666667,4.933333333333334,8.0,138.75,135,139,151.6875,51.8125,0.02561243881178399,0.08635416666666629,-0.003750000000000142,0.05833333333333357,2.0
WARRIOR,94,6027.375,5248,6638,2402.0625,1937,2817,9.957310551973446,9.79681786295603,10.0,24.0034375,23.22833333333333,24.695,4.689583333333333,4.626666666666667,4.76,6.058333333333334,4.933333333333334,8.133333333333333,138.8125,136,139,154.9375,52.3125,0.017884096597819976,0.08718750000000242,-0.004999999999999893,0.06666666666666643,0.0625
WARRIOR,95,6182.6875,5383,6805,2455.625,1988,2883,9.969604800690211,9.833700904504976,10.0,24.092708333333334,23.313333333333333,24.805,4.684166666666667,4.62,4.753333333333333,6.1000000000000005,4.933333333333334,8.133333333333333,140.75,137,141,155.3125,53.5625,0.01229424871676521,0.08927083333333385,-0.005416666666666181,0.04166666666666696,1.9375
WARRIOR,96,6393.75,5566,7030,2526.25,2049,2964,9.985834529823354,9.883404297107502,10.0,24.210416666666667,23.415,24.939999999999998,4.679166666666667,4.62,4.746666666666667,6.158333333333333,4.933333333333334,8.133333333333333,142.8125,140,143,211.0625,70.625,0.016229729133142357,0.11770833333333286,-0.004999999999999893,0.05833333333333268,2.0625
WARRIOR,97,6554.625,5702,7205,2580.0,2094,3029,9.99263584015871,9.92013058657862,10.0,24.3,23.49,25.048333333333332,4.67375,4.62,4.733333333333333,6.266666666666667,4.933333333333334,8.133333333333333,142.875,141,143,160.875,53.75,0.006801310335356803,0.08958333333333357,-0.005416666666667069,0.10833333333333339,0.0625
WARRIOR,98,6717.25,5841,7380,2634.9375,2140,3091,9.99734290195781,9.957486431324961,10.0,24.3915625,23.566666666666666,25.151666666666667,4.669583333333334,4.613333333333333,4.72,6.333333333333333,5.066666666666667,8.266666666666666,144.875,143,145,162.625,54.9375,0.004707061799098966,0.09156249999999844,-0.00416666666666643,0.06666666666666643,2.0
WARRIOR,99,6882.3125,5982,7562,2689.5625,2188,3154,9.999699909891822,9.995198558269143,10.0,24.48260416666667,23.64666666666667,25.256666666666668,4.664166666666667,4.6066666666666665,4.713333333333333,6.383333333333333,5.066666666666667,8.266666666666666,144.875,143,145,165.0625,54.625,0.0023570079340125005,0.09104166666666913,-0.005416666666667069,0.04999999999999982,0.0
WARRIOR,100,7048.75,6123,7742,2744.75,2239,3222,10.0,10.0,10.0,24.574583333333333,23.731666666666666,25.37,4.66125,4.6066666666666665,4.706666666666667,6.425,5.066666666666667,8.266666666666666,146.9375,146,147,166.4375,55.1875,0.0003000901081779972,0.09197916666666472,-0.0029166666666666785,0.04166666666666696,2.0625
