cohort,variant,level,gap_h,session_min,progress_gap_pct,sale_gap_pct
calibration,previous_12h,20,4.0,1.0,1.4261777045043278,2.2321921973798897
calibration,previous_12h,21,4.0,1.0,1.3515762397811937,2.2002196184889966
calibration,previous_12h,22,4.0,1.0,1.3076742613124193,2.237458757940769
calibration,previous_12h,23,4.0,1.0,1.2724834776917104,2.397014000830966
calibration,previous_12h,24,4.0,1.0,1.1480649734514792,2.3459173744459383
calibration,previous_12h,25,4.0,1.0,1.0540674784086157,2.2953996229376994
calibration,previous_12h,26,4.0,1.0,0.9432672837092149,2.1534575129438682
calibration,previous_12h,27,4.0,1.0,0.8685102571135861,2.2093615135068356
calibration,previous_12h,28,4.0,1.0,0.8070016480413722,2.3134425546427195
calibration,previous_12h,29,4.0,1.0,0.7590725849299762,2.4141519978906567
calibration,previous_12h,30,4.0,1.0,0.675403415183129,2.380884384489912
calibration,previous_12h,31,4.0,1.0,0.6153102315970216,2.3901788589796302
calibration,previous_12h,32,4.0,1.0,0.63242919524229,2.577234498464942
calibration,previous_12h,33,4.0,1.0,0.6912437402095906,2.5321944424144815
calibration,previous_12h,34,4.0,1.0,0.7534289381146753,2.6228319648278875
calibration,previous_12h,35,4.0,1.0,0.8584889442826649,2.7860217576117563
calibration,previous_12h,36,4.0,1.0,0.9267417305921954,2.842317706392916
calibration,previous_12h,37,4.0,1.0,0.9397104823267499,2.8522486586346707
calibration,previous_12h,38,4.0,1.0,0.9972126037008033,2.9797015009214833
calibration,previous_12h,39,4.0,1.0,1.0769077131504323,3.0523883898151416
calibration,previous_12h,40,4.0,1.0,1.1619348837272003,3.1534942278498956
calibration,previous_12h,41,4.0,1.0,1.27968735125914,3.3102352966713378
calibration,previous_12h,42,4.0,1.0,1.38910021030898,3.4009934328668834
calibration,previous_12h,43,4.0,1.0,1.5103587254282624,3.5229673534473704
calibration,previous_12h,44,4.0,1.0,1.6492804640108272,3.6735219800133834
calibration,previous_12h,45,4.0,1.0,1.7677170227013095,3.7069983062993916
calibration,previous_12h,46,4.0,1.0,1.896280978839049,3.908314963813231
calibration,previous_12h,47,4.0,1.0,1.99338183929183,4.04325355468933
calibration,previous_12h,48,4.0,1.0,2.0962082552503425,4.095947363855701
calibration,previous_12h,49,4.0,1.0,2.2301962058603353,4.227655679713815
calibration,previous_12h,50,4.0,1.0,2.3428118847750756,4.27607204759084
calibration,previous_12h,51,4.0,1.0,2.4453080691495765,4.3832478272554765
calibration,previous_12h,52,4.0,1.0,2.555985911214398,4.4923309373803955
calibration,previous_12h,53,4.0,1.0,2.6561790826246545,4.535784359418393
calibration,previous_12h,54,4.0,1.0,2.764378855183658,4.621938034229256
calibration,previous_12h,55,4.0,1.0,2.860046239355496,4.7814736368615
calibration,previous_12h,56,4.0,1.0,2.950450704134844,4.8673708143953
calibration,previous_12h,57,4.0,1.0,3.0500811397926597,4.968536181705829
calibration,previous_12h,58,4.0,1.0,3.153494958524816,5.045038271226998
calibration,previous_12h,59,4.0,1.0,3.2559745900575754,5.106789323796601
calibration,previous_12h,60,4.0,1.0,3.367560477682918,5.187371926131301
calibration,previous_12h,61,4.0,1.0,3.4790004886670722,5.259401043998779
calibration,previous_12h,62,4.0,1.0,3.5849727801422038,5.332715422268097
calibration,previous_12h,63,4.0,1.0,3.6984334497419225,5.4014474475536645
calibration,previous_12h,64,4.0,1.0,3.813934128622831,5.461537638944813
calibration,previous_12h,65,4.0,1.0,3.9440220809380033,5.556896790380783
calibration,previous_12h,66,4.0,1.0,4.068561911506152,5.61211551788825
calibration,previous_12h,67,4.0,1.0,4.196517847648473,5.658013973853859
calibration,previous_12h,68,4.0,1.0,4.320517868495033,5.760966276382207
calibration,previous_12h,69,4.0,1.0,4.456938059195714,5.822287856538133
calibration,previous_12h,70,4.0,1.0,4.59513881770397,5.925093528250813
calibration,previous_12h,71,4.0,1.0,4.738031660638531,5.996279833449081
calibration,previous_12h,72,4.0,1.0,4.881637863954658,6.035477545691692
calibration,previous_12h,73,4.0,1.0,5.023836123542891,6.0841191640045755
calibration,previous_12h,74,4.0,1.0,5.176983571894467,6.153723546327283
calibration,previous_12h,75,4.0,1.0,5.3348267035429275,6.190988093072702
calibration,previous_12h,76,4.0,1.0,5.490131857985658,6.242777726546822
calibration,previous_12h,77,4.0,1.0,5.651143222241539,6.290385876124738
calibration,previous_12h,78,4.0,1.0,5.811459870983615,6.370805118531142
calibration,previous_12h,79,4.0,1.0,5.974278133283195,6.401165468714787
calibration,previous_12h,80,4.0,1.0,6.140689919683284,6.445039165045929
calibration,previous_12h,81,4.0,1.0,6.316004160887889,6.495141747406197
calibration,previous_12h,82,4.0,1.0,6.488189288294821,6.561623814489459
calibration,previous_12h,83,4.0,1.0,6.656020495494297,6.605446270213577
calibration,previous_12h,84,4.0,1.0,6.839844280997109,6.659174548232216
calibration,previous_12h,85,4.0,1.0,7.059432184073167,6.76089506734705
calibration,previous_12h,86,4.0,1.0,7.279265642319688,6.880319781708266
calibration,previous_12h,87,4.0,1.0,7.502589568484885,7.001826555625623
calibration,previous_12h,88,4.0,1.0,7.722547098682164,7.117803534351674
calibration,previous_12h,89,4.0,1.0,7.956351007636342,7.230053114233814
calibration,previous_12h,90,4.0,1.0,8.193976948998326,7.339944840955814
calibration,previous_12h,91,4.0,1.0,8.434120048864902,7.448481831006504
calibration,previous_12h,92,4.0,1.0,8.67011709211345,7.553052257850212
calibration,previous_12h,93,4.0,1.0,8.900987357207168,7.654967047602224
calibration,previous_12h,94,4.0,1.0,9.133723207330169,7.754281059296786
calibration,previous_12h,95,4.0,1.0,9.362655360669404,7.851673298937301
calibration,previous_12h,96,4.0,1.0,9.583277618733653,7.9461740675095704
calibration,previous_12h,97,4.0,1.0,9.791553442539168,8.037697733884364
calibration,previous_12h,98,4.0,1.0,9.993174728835562,8.126843271372142
calibration,previous_12h,99,4.0,1.0,10.185701457518181,8.238702261345598
calibration,previous_12h,100,4.0,1.0,10.368291407257013,8.357217924573845
calibration,previous_12h,20,4.0,5.0,1.42617770450435,2.2321921973798897
calibration,previous_12h,21,4.0,5.0,1.3515762397811715,2.200219618489019
calibration,previous_12h,22,4.0,5.0,1.3076742613124415,2.237458757940791
calibration,previous_12h,23,4.0,5.0,1.2724834776917326,2.3970140008309437
calibration,previous_12h,24,4.0,5.0,1.1480649734514792,2.345917374445916
calibration,previous_12h,25,4.0,5.0,1.0540674784086157,2.295399622937655
calibration,previous_12h,26,4.0,5.0,0.9432672837092371,2.1534575129438904
calibration,previous_12h,27,4.0,5.0,0.8685102571135861,2.2093615135068356
calibration,previous_12h,28,4.0,5.0,0.8070016480413722,2.3134425546427417
calibration,previous_12h,29,4.0,5.0,0.7590725849299762,2.414151997890701
calibration,previous_12h,30,4.0,5.0,0.675403415183129,2.380884384489912
calibration,previous_12h,31,4.0,5.0,0.6153102315969994,2.3901788589796524
calibration,previous_12h,32,4.0,5.0,0.6324291952422678,2.577234498464942
calibration,previous_12h,33,4.0,5.0,0.6912437402096128,2.5321944424144815
calibration,previous_12h,34,4.0,5.0,0.7534289381146531,2.6228319648278875
calibration,previous_12h,35,4.0,5.0,0.8584889442826649,2.7860217576117563
calibration,previous_12h,36,4.0,5.0,0.9267417305922621,2.842317706392916
calibration,previous_12h,37,4.0,5.0,0.9397104823267499,2.852248658634715
calibration,previous_12h,38,4.0,5.0,0.9972126037007811,2.9797015009214833
calibration,previous_12h,39,4.0,5.0,1.0769077131504545,3.052388389815164
calibration,previous_12h,40,4.0,5.0,1.1619348837271781,3.153494227849918
calibration,previous_12h,41,4.0,5.0,1.27968735125914,3.3102352966713378
calibration,previous_12h,42,4.0,5.0,1.3891002103090022,3.4009934328669056
calibration,previous_12h,43,4.0,5.0,1.5103587254282846,3.5229673534473704
calibration,previous_12h,44,4.0,5.0,1.649280464010805,3.673521980013361
calibration,previous_12h,45,4.0,5.0,1.7677170227013317,3.7069983062993916
calibration,previous_12h,46,4.0,5.0,1.896280978839049,3.908314963813231
calibration,previous_12h,47,4.0,5.0,1.9933818392918523,4.043253554689352
calibration,previous_12h,48,4.0,5.0,2.0962082552503647,4.095947363855723
calibration,previous_12h,49,4.0,5.0,2.2301962058603353,4.227655679713815
calibration,previous_12h,50,4.0,5.0,2.342811884775098,4.27607204759084
calibration,previous_12h,51,4.0,5.0,2.4453080691495988,4.383247827255454
calibration,previous_12h,52,4.0,5.0,2.55598591121442,4.492330937380418
calibration,previous_12h,53,4.0,5.0,2.6561790826246767,4.535784359418371
calibration,previous_12h,54,4.0,5.0,2.76437885518368,4.621938034229278
calibration,previous_12h,55,4.0,5.0,2.8600462393554738,4.7814736368615
calibration,previous_12h,56,4.0,5.0,2.950450704134866,4.867370814395322
calibration,previous_12h,57,4.0,5.0,3.0500811397926597,4.968536181705829
calibration,previous_12h,58,4.0,5.0,3.153494958524816,5.045038271226998
calibration,previous_12h,59,4.0,5.0,3.2559745900575976,5.106789323796579
calibration,previous_12h,60,4.0,5.0,3.367560477682918,5.187371926131279
calibration,previous_12h,61,4.0,5.0,3.4790004886670722,5.259401043998779
calibration,previous_12h,62,4.0,5.0,3.5849727801421816,5.332715422268097
calibration,previous_12h,63,4.0,5.0,3.698433449741967,5.401447447553687
calibration,previous_12h,64,4.0,5.0,3.8129845174279087,5.461537638944813
calibration,previous_12h,65,4.0,5.0,3.938218229357471,5.5568967903808275
calibration,previous_12h,66,4.0,5.0,4.0487986368562545,5.612115517888228
calibration,previous_12h,67,4.0,5.0,4.150438637243781,5.6580139738538815
calibration,previous_12h,68,4.0,5.0,4.239050380964726,5.760966276382207
calibration,previous_12h,69,4.0,5.0,4.3282564125733725,5.822287856538111
calibration,previous_12h,70,4.0,5.0,4.404473491312166,5.925093528250791
calibration,previous_12h,71,4.0,5.0,4.4705841814333125,5.996279833449081
calibration,previous_12h,72,4.0,5.0,4.52264650740466,6.035477545691692
calibration,previous_12h,73,4.0,5.0,4.56284702267884,6.084119164004598
calibration,previous_12h,74,4.0,5.0,4.59396380319852,6.153723546327283
calibration,previous_12h,75,4.0,5.0,4.616686986982366,6.19098809307268
calibration,previous_12h,76,4.0,5.0,4.624442404817541,6.242777726546844
calibration,previous_12h,77,4.0,5.0,4.625714904096179,6.29038587612476
calibration,previous_12h,78,4.0,5.0,4.621842346472782,6.370805118531164
calibration,previous_12h,79,4.0,5.0,4.604989413791705,6.401165468714809
calibration,previous_12h,80,4.0,5.0,4.5810373518126335,6.445039165045974
calibration,previous_12h,81,4.0,5.0,4.5564586505493,6.495141747406219
calibration,previous_12h,82,4.0,5.0,4.518192517334474,6.561623814489481
calibration,previous_12h,83,4.0,5.0,4.473384420336446,6.6054462702136
calibration,previous_12h,84,4.0,5.0,4.4289450363032,6.659174548232261
calibration,previous_12h,85,4.0,5.0,4.410010231066663,6.76089506734705
calibration,previous_12h,86,4.0,5.0,4.38388537830674,6.880319781708288
calibration,previous_12h,87,4.0,5.0,4.352471819358739,7.001826555625645
calibration,previous_12h,88,4.0,5.0,4.317994802847824,7.117803534351719
calibration,previous_12h,89,4.0,5.0,4.277428728545196,7.230016037549714
calibration,previous_12h,90,4.0,5.0,4.232596812598466,7.339819942955295
calibration,previous_12h,91,4.0,5.0,4.184224322806318,7.4482419612680095
calibration,previous_12h,92,4.0,5.0,4.131820994709412,7.552667064743024
calibration,previous_12h,93,4.0,5.0,4.0775947027669845,7.6543859049058804
calibration,previous_12h,94,4.0,5.0,4.020165916642426,7.7534398243569225
calibration,previous_12h,95,4.0,5.0,3.9597971283242606,7.850497776676746
calibration,previous_12h,96,4.0,5.0,3.8951765745762534,7.94460156427752
calibration,previous_12h,97,4.0,5.0,3.8339745884015564,8.03570362130339
calibration,previous_12h,98,4.0,5.0,3.768363356966775,8.124377486827594
calibration,previous_12h,99,4.0,5.0,3.7045880983589186,8.211575303139051
calibration,previous_12h,100,4.0,5.0,3.6414852838258183,8.291244558727474
calibration,previous_12h,20,4.0,12.0,1.3736600681924171,2.221931342810235
calibration,previous_12h,21,4.0,12.0,1.2995076950370388,2.193038892830823
calibration,previous_12h,22,4.0,12.0,1.256175017642902,2.212783650166661
calibration,previous_12h,23,4.0,12.0,1.2207921339004502,2.377462451359036
calibration,previous_12h,24,4.0,12.0,1.095007508140844,2.3226621191225982
calibration,previous_12h,25,4.0,12.0,0.9996429846483412,2.2716697503210703
calibration,previous_12h,26,4.0,12.0,0.8871499412388406,2.2022142134834333
calibration,previous_12h,27,4.0,12.0,0.8113671070977935,2.300426218967111
calibration,previous_12h,28,4.0,12.0,0.7489389004047053,2.3715970378721307
calibration,previous_12h,29,4.0,12.0,0.7001609565417288,2.43527739562186
calibration,previous_12h,30,4.0,12.0,0.6152227363990681,2.5155422775875014
calibration,previous_12h,31,4.0,12.0,0.5589512626668736,2.565897033659059
calibration,previous_12h,32,4.0,12.0,0.5511773866264003,2.6246574857313076
calibration,previous_12h,33,4.0,12.0,0.5994405221792842,2.666807769928181
calibration,previous_12h,34,4.0,12.0,0.6162708912482939,2.719141059398966
calibration,previous_12h,35,4.0,12.0,0.6731849320486871,2.7791423207346178
calibration,previous_12h,36,4.0,12.0,0.7406353438075719,2.8233498363588128
calibration,previous_12h,37,4.0,12.0,0.8011022257573996,2.902524142575791
calibration,previous_12h,38,4.0,12.0,0.8495890281645657,3.0055206412216817
calibration,previous_12h,39,4.0,12.0,0.9150662092404227,3.0666738792376913
calibration,previous_12h,40,4.0,12.0,0.967572583205123,3.1443966922506172
calibration,previous_12h,41,4.0,12.0,1.0179731334248876,3.2213847216078895
calibration,previous_12h,42,4.0,12.0,1.0488073149865995,3.2971015018931293
calibration,previous_12h,43,4.0,12.0,1.0908917177165023,3.416192897057746
calibration,previous_12h,44,4.0,12.0,1.1212048890220316,3.5645353424941018
calibration,previous_12h,45,4.0,12.0,1.1667833936422456,3.595258360962972
calibration,previous_12h,46,4.0,12.0,1.201958955223903,3.79352636318504
calibration,previous_12h,47,4.0,12.0,1.2106017191976903,3.925086811780165
calibration,previous_12h,48,4.0,12.0,1.2386578266911696,3.974322429451971
calibration,previous_12h,49,4.0,12.0,1.2706096526614141,4.102081209482766
calibration,previous_12h,50,4.0,12.0,1.303506284549072,4.146204231668005
calibration,previous_12h,51,4.0,12.0,1.328231736333918,4.24968430980619
calibration,previous_12h,52,4.0,12.0,1.3601287958696417,4.354090623188234
calibration,previous_12h,53,4.0,12.0,1.3747165026697816,4.393628987040299
calibration,previous_12h,54,4.0,12.0,1.4013582448358708,4.476198173745405
calibration,previous_12h,55,4.0,12.0,1.416933876419102,4.632151038038201
calibration,previous_12h,56,4.0,12.0,1.429437251766652,4.7145778858845855
calibration,previous_12h,57,4.0,12.0,1.443652974866172,4.811942982334716
calibration,previous_12h,58,4.0,12.0,1.4535856015476023,4.884312855408068
calibration,previous_12h,59,4.0,12.0,1.4618033183576795,4.941712407904308
calibration,previous_12h,60,4.0,12.0,1.4719247638993238,5.018305007449553
calibration,previous_12h,61,4.0,12.0,1.4840154554180085,5.086436428626673
calibration,previous_12h,62,4.0,12.0,1.493468232946027,5.177274723908498
calibration,previous_12h,63,4.0,12.0,1.5056161258259593,5.284239604346386
calibration,previous_12h,64,4.0,12.0,1.5131179377207093,5.391799302971001
calibration,previous_12h,65,4.0,12.0,1.5251168592883113,5.502374696652024
calibration,previous_12h,66,4.0,12.0,1.537053893571172,5.61679398019217
calibration,previous_12h,67,4.0,12.0,1.5483631327698921,5.729053990586075
calibration,previous_12h,68,4.0,12.0,1.5558408215661013,5.838452400973626
calibration,previous_12h,69,4.0,12.0,1.566836099382174,5.952668441081421
calibration,previous_12h,70,4.0,12.0,1.5835595914022615,6.068652745725789
calibration,previous_12h,71,4.0,12.0,1.6026771078822444,6.182119518856899
calibration,previous_12h,72,4.0,12.0,1.6216998307966302,6.2985692769065516
calibration,previous_12h,73,4.0,12.0,1.6341496892096075,6.406264715741217
calibration,previous_12h,74,4.0,12.0,1.6507112564479565,6.5231470804011815
calibration,previous_12h,75,4.0,12.0,1.6760713513674474,6.637791036311991
calibration,previous_12h,76,4.0,12.0,1.7275103708793704,6.756028965754379
calibration,previous_12h,77,4.0,12.0,1.7779220502777804,6.871238665306989
calibration,previous_12h,78,4.0,12.0,1.8278912000887493,6.985459831099994
calibration,previous_12h,79,4.0,12.0,1.8824031369999439,7.106560723690558
calibration,previous_12h,80,4.0,12.0,1.930403566672445,7.227052937341827
calibration,previous_12h,81,4.0,12.0,1.9779597842872754,7.349845525753218
calibration,previous_12h,82,4.0,12.0,2.0303814119388086,7.482707437246594
calibration,previous_12h,83,4.0,12.0,2.082643400320028,7.6677765183139845
calibration,previous_12h,84,4.0,12.0,2.1368349646283535,7.859541300407291
calibration,previous_12h,85,4.0,12.0,2.1901369002279347,8.035588172572371
calibration,previous_12h,86,4.0,12.0,2.2449918241266076,8.214865475693811
calibration,previous_12h,87,4.0,12.0,2.299229469693853,8.397537717430858
calibration,previous_12h,88,4.0,12.0,2.3531083006396614,8.578476578609905
calibration,previous_12h,89,4.0,12.0,2.412238522974519,8.771616293869421
calibration,previous_12h,90,4.0,12.0,2.472300214756018,8.95376874731002
calibration,previous_12h,91,4.0,12.0,2.5368611025981647,9.150501922113442
calibration,previous_12h,92,4.0,12.0,2.598356445814054,9.306826755058628
calibration,previous_12h,93,4.0,12.0,2.661527512737649,9.456419683127804
calibration,previous_12h,94,4.0,12.0,2.722602866652002,9.63076014026123
calibration,previous_12h,95,4.0,12.0,2.788765918665126,9.78583059710405
calibration,previous_12h,96,4.0,12.0,2.853887794807397,9.951570416480449
calibration,previous_12h,97,4.0,12.0,2.914958477872398,10.097949126169258
calibration,previous_12h,98,4.0,12.0,2.9775496745706453,10.230787112948313
calibration,previous_12h,99,4.0,12.0,3.041867496004058,10.37229905548891
calibration,previous_12h,100,4.0,12.0,3.1027401655650433,10.510385672907985
calibration,previous_12h,20,8.0,1.0,1.42617770450435,2.232192197379912
calibration,previous_12h,21,8.0,1.0,1.3515762397811937,2.200219618489019
calibration,previous_12h,22,8.0,1.0,1.3076742613124193,2.237458757940747
calibration,previous_12h,23,8.0,1.0,1.2724834776917326,2.397014000830966
calibration,previous_12h,24,8.0,1.0,1.1480649734514792,2.345917374445916
calibration,previous_12h,25,8.0,1.0,1.054067478408638,2.295399622937655
calibration,previous_12h,26,8.0,1.0,0.9432672837092371,2.1534575129439126
calibration,previous_12h,27,8.0,1.0,0.8685102571135861,2.2093615135068356
calibration,previous_12h,28,8.0,1.0,0.8070016480413944,2.3134425546427195
calibration,previous_12h,29,8.0,1.0,0.7590725849299984,2.414151997890701
calibration,previous_12h,30,8.0,1.0,0.6754034151831512,2.380884384489912
calibration,previous_12h,31,8.0,1.0,0.6153102315970216,2.3901788589796302
calibration,previous_12h,32,8.0,1.0,0.6324291952423122,2.577234498464942
calibration,previous_12h,33,8.0,1.0,0.6912437402096128,2.5321944424144593
calibration,previous_12h,34,8.0,1.0,0.7534289381146753,2.6228319648278653
calibration,previous_12h,35,8.0,1.0,0.8584889442826871,2.7860217576117785
calibration,previous_12h,36,8.0,1.0,0.9267417305922399,2.8423177063929383
calibration,previous_12h,37,8.0,1.0,0.9397104823267499,2.8522486586347373
calibration,previous_12h,38,8.0,1.0,0.9972126037007811,2.979701500921461
calibration,previous_12h,39,8.0,1.0,1.0769077131504767,3.0523883898151416
calibration,previous_12h,40,8.0,1.0,1.1619348837271781,3.153494227849918
calibration,previous_12h,41,8.0,1.0,1.2796873512591178,3.31023529667136
calibration,previous_12h,42,8.0,1.0,1.38910021030898,3.4009934328668834
calibration,previous_12h,43,8.0,1.0,1.5103587254283068,3.5229673534473482
calibration,previous_12h,44,8.0,1.0,1.6492804640108272,3.6735219800133834
calibration,previous_12h,45,8.0,1.0,1.7677170227013317,3.706998306299414
calibration,previous_12h,46,8.0,1.0,1.8962809788390267,3.908314963813253
calibration,previous_12h,47,8.0,1.0,1.99338183929183,4.04325355468933
calibration,previous_12h,48,8.0,1.0,2.0962082552503647,4.095947363855701
calibration,previous_12h,49,8.0,1.0,2.2301962058603353,4.227655679713815
calibration,previous_12h,50,8.0,1.0,2.342811884775098,4.27607204759084
calibration,previous_12h,51,8.0,1.0,2.4453080691495988,4.383247827255454
calibration,previous_12h,52,8.0,1.0,2.5559859112144423,4.492330937380418
calibration,previous_12h,53,8.0,1.0,2.656179082624699,4.535784359418438
calibration,previous_12h,54,8.0,1.0,2.76437885518368,4.6219380342293
calibration,previous_12h,55,8.0,1.0,2.860046239355518,4.781473636861522
calibration,previous_12h,56,8.0,1.0,2.950450704134888,4.8673708143953
calibration,previous_12h,57,8.0,1.0,3.050081139792704,4.968536181705874
calibration,previous_12h,58,8.0,1.0,3.1534949585248384,5.0450382712270425
calibration,previous_12h,59,8.0,1.0,3.2559745900575976,5.106789323796623
calibration,previous_12h,60,8.0,1.0,3.3675604776829404,5.187371926131301
calibration,previous_12h,61,8.0,1.0,3.4790004886670722,5.259401043998757
calibration,previous_12h,62,8.0,1.0,3.5849727801422038,5.332715422268075
calibration,previous_12h,63,8.0,1.0,3.698433449741989,5.401447447553687
calibration,previous_12h,64,8.0,1.0,3.8139341286228756,5.461537638944769
calibration,previous_12h,65,8.0,1.0,3.944022080937981,5.5568967903808275
calibration,previous_12h,66,8.0,1.0,4.068561911506108,5.61211551788825
calibration,previous_12h,67,8.0,1.0,4.196517847648451,5.658013973853815
calibration,previous_12h,68,8.0,1.0,4.320517868495011,5.760966276382229
calibration,previous_12h,69,8.0,1.0,4.456938059195714,5.822287856538133
calibration,previous_12h,70,8.0,1.0,4.595138817703948,5.925093528250813
calibration,previous_12h,71,8.0,1.0,4.738031660638509,5.996279833449103
calibration,previous_12h,72,8.0,1.0,4.881637863954658,6.035477545691692
calibration,previous_12h,73,8.0,1.0,5.023836123542869,6.0841191640045755
calibration,previous_12h,74,8.0,1.0,5.176983571894445,6.153723546327283
calibration,previous_12h,75,8.0,1.0,5.334826703542905,6.190988093072702
calibration,previous_12h,76,8.0,1.0,5.490131857985636,6.2427777265468665
calibration,previous_12h,77,8.0,1.0,5.651143222241517,6.29038587612476
calibration,previous_12h,78,8.0,1.0,5.811459870983571,6.370805118531164
calibration,previous_12h,79,8.0,1.0,5.974278133283195,6.401165468714831
calibration,previous_12h,80,8.0,1.0,6.1406899196833065,6.445039165045974
calibration,previous_12h,81,8.0,1.0,6.316004160887867,6.495141747406241
calibration,previous_12h,82,8.0,1.0,6.488189288294821,6.561623814489481
calibration,previous_12h,83,8.0,1.0,6.656020495494275,6.6054462702136
calibration,previous_12h,84,8.0,1.0,6.839844280997087,6.659174548232238
calibration,previous_12h,85,8.0,1.0,7.059432184073167,6.760895067347028
calibration,previous_12h,86,8.0,1.0,7.2792656423196656,6.880319781708311
calibration,previous_12h,87,8.0,1.0,7.502589568484885,7.001826555625668
calibration,previous_12h,88,8.0,1.0,7.722547098682164,7.117803534351719
calibration,previous_12h,89,8.0,1.0,7.956351007636342,7.230053114233881
calibration,previous_12h,90,8.0,1.0,8.193976948998305,7.3399448409558365
calibration,previous_12h,91,8.0,1.0,8.434120048864902,7.448481831006526
calibration,previous_12h,92,8.0,1.0,8.67011709211345,7.553052257850235
calibration,previous_12h,93,8.0,1.0,8.900987357207146,7.65496704760229
calibration,previous_12h,94,8.0,1.0,9.133723207330192,7.754281059296764
calibration,previous_12h,95,8.0,1.0,9.362655360669446,7.851673298937323
calibration,previous_12h,96,8.0,1.0,9.583277618733677,7.946174067509615
calibration,previous_12h,97,8.0,1.0,9.791553442539147,8.037697733884407
calibration,previous_12h,98,8.0,1.0,9.993174728835562,8.126843271372186
calibration,previous_12h,99,8.0,1.0,10.185701457518137,8.23870226134562
calibration,previous_12h,100,8.0,1.0,10.368291407257013,8.35721792457389
calibration,previous_12h,20,8.0,5.0,1.4261777045043278,2.232192197379912
calibration,previous_12h,21,8.0,5.0,1.3515762397811715,2.2002196184889966
calibration,previous_12h,22,8.0,5.0,1.3076742613124193,2.237458757940769
calibration,previous_12h,23,8.0,5.0,1.2724834776917104,2.3970140008309215
calibration,previous_12h,24,8.0,5.0,1.1480649734514792,2.3459173744459383
calibration,previous_12h,25,8.0,5.0,1.0540674784086157,2.295399622937677
calibration,previous_12h,26,8.0,5.0,0.9432672837092371,2.1534575129438904
calibration,previous_12h,27,8.0,5.0,0.8685102571135861,2.2093615135068356
calibration,previous_12h,28,8.0,5.0,0.8070016480413722,2.3134425546426973
calibration,previous_12h,29,8.0,5.0,0.7590725849299984,2.414151997890679
calibration,previous_12h,30,8.0,5.0,0.675403415183129,2.3808843844898675
calibration,previous_12h,31,8.0,5.0,0.6153102315970216,2.3901788589796302
calibration,previous_12h,32,8.0,5.0,0.6324291952423344,2.577234498464942
calibration,previous_12h,33,8.0,5.0,0.6912437402096572,2.5321944424144815
calibration,previous_12h,34,8.0,5.0,0.7534289381146753,2.6228319648278653
calibration,previous_12h,35,8.0,5.0,0.8584889442826871,2.7860217576117563
calibration,previous_12h,36,8.0,5.0,0.9267417305922399,2.842317706392916
calibration,previous_12h,37,8.0,5.0,0.9397104823267499,2.852248658634693
calibration,previous_12h,38,8.0,5.0,0.9972126037007811,2.979701500921439
calibration,previous_12h,39,8.0,5.0,1.0769077131504545,3.052388389815164
calibration,previous_12h,40,8.0,5.0,1.1619348837271781,3.15349422784994
calibration,previous_12h,41,8.0,5.0,1.27968735125914,3.3102352966713378
calibration,previous_12h,42,8.0,5.0,1.38910021030898,3.4009934328668834
calibration,previous_12h,43,8.0,5.0,1.5103587254282624,3.5229673534473704
calibration,previous_12h,44,8.0,5.0,1.6492804640108272,3.673521980013361
calibration,previous_12h,45,8.0,5.0,1.7677170227013095,3.7069983062993916
calibration,previous_12h,46,8.0,5.0,1.896280978839049,3.908314963813231
calibration,previous_12h,47,8.0,5.0,1.99338183929183,4.04325355468933
calibration,previous_12h,48,8.0,5.0,2.0962082552503647,4.095947363855701
calibration,previous_12h,49,8.0,5.0,2.2301962058603353,4.227655679713815
calibration,previous_12h,50,8.0,5.0,2.34281188477512,4.27607204759084
calibration,previous_12h,51,8.0,5.0,2.4453080691495988,4.383247827255432
calibration,previous_12h,52,8.0,5.0,2.55598591121442,4.492330937380373
calibration,previous_12h,53,8.0,5.0,2.656179082624699,4.535784359418371
calibration,previous_12h,54,8.0,5.0,2.764378855183658,4.621938034229256
calibration,previous_12h,55,8.0,5.0,2.8600462393554738,4.781473636861477
calibration,previous_12h,56,8.0,5.0,2.950450704134866,4.8673708143953
calibration,previous_12h,57,8.0,5.0,3.0500811397926375,4.9685361817058515
calibration,previous_12h,58,8.0,5.0,3.1534949585248606,5.045038271226998
calibration,previous_12h,59,8.0,5.0,3.2559745900575754,5.106789323796557
calibration,previous_12h,60,8.0,5.0,3.3675604776829404,5.187371926131323
calibration,previous_12h,61,8.0,5.0,3.479000488667028,5.259401043998779
calibration,previous_12h,62,8.0,5.0,3.5849727801421816,5.332715422268097
calibration,previous_12h,63,8.0,5.0,3.6984334497419447,5.4014474475536645
calibration,previous_12h,64,8.0,5.0,3.8139341286228534,5.461537638944836
calibration,previous_12h,65,8.0,5.0,3.9440220809380033,5.556896790380805
calibration,previous_12h,66,8.0,5.0,4.06856191150613,5.61211551788825
calibration,previous_12h,67,8.0,5.0,4.196517847648451,5.658013973853859
calibration,previous_12h,68,8.0,5.0,4.320517868495033,5.760966276382229
calibration,previous_12h,69,8.0,5.0,4.456938059195692,5.822287856538133
calibration,previous_12h,70,8.0,5.0,4.59513881770397,5.9250935282508355
calibration,previous_12h,71,8.0,5.0,4.738031660638509,5.996279833449081
calibration,previous_12h,72,8.0,5.0,4.88163786395468,6.035477545691692
calibration,previous_12h,73,8.0,5.0,5.023836123542869,6.0841191640045755
calibration,previous_12h,74,8.0,5.0,5.176983571894445,6.153723546327283
calibration,previous_12h,75,8.0,5.0,5.33482670354295,6.190988093072725
calibration,previous_12h,76,8.0,5.0,5.490131857985636,6.2427777265468665
calibration,previous_12h,77,8.0,5.0,5.651143222241517,6.290385876124804
calibration,previous_12h,78,8.0,5.0,5.811459870983571,6.3708051185311865
calibration,previous_12h,79,8.0,5.0,5.974278133283195,6.401165468714831
calibration,previous_12h,80,8.0,5.0,6.1406899196833065,6.4450391650459515
calibration,previous_12h,81,8.0,5.0,6.316004160887867,6.495141747406241
calibration,previous_12h,82,8.0,5.0,6.488189288294843,6.561623814489459
calibration,previous_12h,83,8.0,5.0,6.656020495494297,6.6054462702136
calibration,previous_12h,84,8.0,5.0,6.839844280997109,6.659174548232238
calibration,previous_12h,85,8.0,5.0,7.059432184073144,6.76089506734705
calibration,previous_12h,86,8.0,5.0,7.279265642319643,6.880319781708333
calibration,previous_12h,87,8.0,5.0,7.502589568484885,7.001826555625645
calibration,previous_12h,88,8.0,5.0,7.722547098682142,7.117803534351763
calibration,previous_12h,89,8.0,5.0,7.956351007636342,7.230053114233859
calibration,previous_12h,90,8.0,5.0,8.193976948998284,7.3399448409558365
calibration,previous_12h,91,8.0,5.0,8.434120048864902,7.448481831006548
calibration,previous_12h,92,8.0,5.0,8.67011709211345,7.553052257850235
calibration,previous_12h,93,8.0,5.0,8.900987357207146,7.654967047602246
calibration,previous_12h,94,8.0,5.0,9.133723207330146,7.754281059296808
calibration,previous_12h,95,8.0,5.0,9.362655360669404,7.851673298937301
calibration,previous_12h,96,8.0,5.0,9.583277618733632,7.946174067509593
calibration,previous_12h,97,8.0,5.0,9.791553442539147,8.037697733884407
calibration,previous_12h,98,8.0,5.0,9.993174728835541,8.12684327137221
calibration,previous_12h,99,8.0,5.0,10.18570145751816,8.238702261345665
calibration,previous_12h,100,8.0,5.0,10.36829140725699,8.357217924573867
calibration,previous_12h,20,8.0,12.0,1.3736600681924171,2.221931342810235
calibration,previous_12h,21,8.0,12.0,1.2995076950370388,2.193038892830823
calibration,previous_12h,22,8.0,12.0,1.256175017642902,2.212783650166661
calibration,previous_12h,23,8.0,12.0,1.2207921339004502,2.377462451359036
calibration,previous_12h,24,8.0,12.0,1.095007508140844,2.3226621191225982
calibration,previous_12h,25,8.0,12.0,0.9996429846483412,2.2716697503210703
calibration,previous_12h,26,8.0,12.0,0.8871499412388406,2.2022142134834333
calibration,previous_12h,27,8.0,12.0,0.8113671070977935,2.300426218967111
calibration,previous_12h,28,8.0,12.0,0.7489389004047053,2.3715970378721307
calibration,previous_12h,29,8.0,12.0,0.7001609565417288,2.43527739562186
calibration,previous_12h,30,8.0,12.0,0.6152227363990681,2.5155422775875014
calibration,previous_12h,31,8.0,12.0,0.5589512626668736,2.565897033659059
calibration,previous_12h,32,8.0,12.0,0.5511773866264003,2.6246574857313076
calibration,previous_12h,33,8.0,12.0,0.5994405221792842,2.666807769928181
calibration,previous_12h,34,8.0,12.0,0.6162708912482939,2.719141059398966
calibration,previous_12h,35,8.0,12.0,0.6731849320486871,2.7791423207346178
calibration,previous_12h,36,8.0,12.0,0.7406353438075719,2.8233498363588128
calibration,previous_12h,37,8.0,12.0,0.8011022257573996,2.902524142575791
calibration,previous_12h,38,8.0,12.0,0.8495890281645657,3.0055206412216817
calibration,previous_12h,39,8.0,12.0,0.9150662092404227,3.0666738792376913
calibration,previous_12h,40,8.0,12.0,0.967572583205123,3.1443966922506172
calibration,previous_12h,41,8.0,12.0,1.0179731334248876,3.2213847216078895
calibration,previous_12h,42,8.0,12.0,1.0488073149865995,3.2971015018931293
calibration,previous_12h,43,8.0,12.0,1.0908917177165023,3.416192897057746
calibration,previous_12h,44,8.0,12.0,1.1212048890220316,3.5645353424941018
calibration,previous_12h,45,8.0,12.0,1.1667833936422456,3.595258360962972
calibration,previous_12h,46,8.0,12.0,1.201958955223903,3.79352636318504
calibration,previous_12h,47,8.0,12.0,1.2106017191976903,3.925086811780165
calibration,previous_12h,48,8.0,12.0,1.2386578266911696,3.974322429451971
calibration,previous_12h,49,8.0,12.0,1.2706096526614141,4.102081209482766
calibration,previous_12h,50,8.0,12.0,1.303506284549072,4.146204231668005
calibration,previous_12h,51,8.0,12.0,1.328231736333918,4.24968430980619
calibration,previous_12h,52,8.0,12.0,1.3601287958696417,4.354090623188234
calibration,previous_12h,53,8.0,12.0,1.3747165026697816,4.393628987040299
calibration,previous_12h,54,8.0,12.0,1.4013582448358708,4.476198173745405
calibration,previous_12h,55,8.0,12.0,1.416933876419102,4.632151038038201
calibration,previous_12h,56,8.0,12.0,1.429437251766652,4.7145778858845855
calibration,previous_12h,57,8.0,12.0,1.443652974866172,4.811942982334716
calibration,previous_12h,58,8.0,12.0,1.4535856015476023,4.884312855408068
calibration,previous_12h,59,8.0,12.0,1.4618033183576795,4.941712407904308
calibration,previous_12h,60,8.0,12.0,1.4719247638993238,5.018305007449553
calibration,previous_12h,61,8.0,12.0,1.4840154554180085,5.086436428626673
calibration,previous_12h,62,8.0,12.0,1.493468232946027,5.177274723908498
calibration,previous_12h,63,8.0,12.0,1.5056161258259593,5.284239604346386
calibration,previous_12h,64,8.0,12.0,1.5131179377207093,5.391799302971001
calibration,previous_12h,65,8.0,12.0,1.5251168592883113,5.502374696652024
calibration,previous_12h,66,8.0,12.0,1.537053893571172,5.61679398019217
calibration,previous_12h,67,8.0,12.0,1.5483631327698921,5.729053990586075
calibration,previous_12h,68,8.0,12.0,1.5558408215661013,5.838452400973626
calibration,previous_12h,69,8.0,12.0,1.566836099382174,5.952668441081421
calibration,previous_12h,70,8.0,12.0,1.5835595914022615,6.068652745725789
calibration,previous_12h,71,8.0,12.0,1.6026771078822444,6.182119518856899
calibration,previous_12h,72,8.0,12.0,1.6216998307966302,6.2985692769065516
calibration,previous_12h,73,8.0,12.0,1.6341496892096075,6.406264715741217
calibration,previous_12h,74,8.0,12.0,1.6507112564479565,6.5231470804011815
calibration,previous_12h,75,8.0,12.0,1.6760713513674474,6.637791036311991
calibration,previous_12h,76,8.0,12.0,1.7275103708793704,6.756028965754379
calibration,previous_12h,77,8.0,12.0,1.7779220502777804,6.871238665306989
calibration,previous_12h,78,8.0,12.0,1.8278912000887493,6.985459831099994
calibration,previous_12h,79,8.0,12.0,1.8824031369999439,7.106560723690558
calibration,previous_12h,80,8.0,12.0,1.930403566672445,7.227052937341827
calibration,previous_12h,81,8.0,12.0,1.9779597842872754,7.349845525753218
calibration,previous_12h,82,8.0,12.0,2.0303814119388086,7.482707437246594
calibration,previous_12h,83,8.0,12.0,2.082643400320028,7.6677765183139845
calibration,previous_12h,84,8.0,12.0,2.1368349646283535,7.859541300407291
calibration,previous_12h,85,8.0,12.0,2.1901369002279347,8.035588172572371
calibration,previous_12h,86,8.0,12.0,2.2449918241266076,8.214865475693811
calibration,previous_12h,87,8.0,12.0,2.299229469693853,8.397537717430858
calibration,previous_12h,88,8.0,12.0,2.3531083006396614,8.578476578609905
calibration,previous_12h,89,8.0,12.0,2.412238522974519,8.771616293869421
calibration,previous_12h,90,8.0,12.0,2.472300214756018,8.95376874731002
calibration,previous_12h,91,8.0,12.0,2.5368611025981647,9.150501922113442
calibration,previous_12h,92,8.0,12.0,2.598356445814054,9.306826755058628
calibration,previous_12h,93,8.0,12.0,2.661527512737649,9.456419683127804
calibration,previous_12h,94,8.0,12.0,2.722602866652002,9.63076014026123
calibration,previous_12h,95,8.0,12.0,2.788765918665126,9.78583059710405
calibration,previous_12h,96,8.0,12.0,2.853887794807397,9.951570416480449
calibration,previous_12h,97,8.0,12.0,2.914958477872398,10.097949126169258
calibration,previous_12h,98,8.0,12.0,2.9775496745706453,10.230787112948313
calibration,previous_12h,99,8.0,12.0,3.041867496004058,10.37229905548891
calibration,previous_12h,100,8.0,12.0,3.1027401655650433,10.510385672907985
calibration,previous_12h,20,10.0,1.0,1.4261777045043056,2.2321921973798897
calibration,previous_12h,21,10.0,1.0,1.3515762397811715,2.2002196184889966
calibration,previous_12h,22,10.0,1.0,1.3076742613124193,2.237458757940769
calibration,previous_12h,23,10.0,1.0,1.2724834776917104,2.397014000830966
calibration,previous_12h,24,10.0,1.0,1.148064973451457,2.3459173744459383
calibration,previous_12h,25,10.0,1.0,1.0540674784086157,2.295399622937677
calibration,previous_12h,26,10.0,1.0,0.9432672837092815,2.1534575129439126
calibration,previous_12h,27,10.0,1.0,0.8685102571135861,2.2093615135068356
calibration,previous_12h,28,10.0,1.0,0.8070016480413944,2.3134425546427195
calibration,previous_12h,29,10.0,1.0,0.7590725849299762,2.4141519978906567
calibration,previous_12h,30,10.0,1.0,0.675403415183129,2.3808843844898897
calibration,previous_12h,31,10.0,1.0,0.6153102315969994,2.390178858979608
calibration,previous_12h,32,10.0,1.0,0.6324291952422678,2.577234498464942
calibration,previous_12h,33,10.0,1.0,0.691243740209635,2.5321944424144815
calibration,previous_12h,34,10.0,1.0,0.7534289381146753,2.622831964827843
calibration,previous_12h,35,10.0,1.0,0.8584889442826649,2.7860217576117563
calibration,previous_12h,36,10.0,1.0,0.9267417305922399,2.842317706392894
calibration,previous_12h,37,10.0,1.0,0.9397104823267499,2.852248658634693
calibration,previous_12h,38,10.0,1.0,0.9972126037007811,2.979701500921461
calibration,previous_12h,39,10.0,1.0,1.0769077131504323,3.0523883898151416
calibration,previous_12h,40,10.0,1.0,1.1619348837272003,3.15349422784994
calibration,previous_12h,41,10.0,1.0,1.27968735125914,3.3102352966713378
calibration,previous_12h,42,10.0,1.0,1.3891002103090022,3.4009934328669056
calibration,previous_12h,43,10.0,1.0,1.5103587254282846,3.5229673534473482
calibration,previous_12h,44,10.0,1.0,1.6492804640108272,3.673521980013361
calibration,previous_12h,45,10.0,1.0,1.7677170227013095,3.7069983062993694
calibration,previous_12h,46,10.0,1.0,1.896280978839049,3.908314963813231
calibration,previous_12h,47,10.0,1.0,1.9933818392918523,4.04325355468933
calibration,previous_12h,48,10.0,1.0,2.0962082552503647,4.095947363855679
calibration,previous_12h,49,10.0,1.0,2.2301962058603575,4.227655679713815
calibration,previous_12h,50,10.0,1.0,2.342811884775098,4.276072047590818
calibration,previous_12h,51,10.0,1.0,2.4453080691495988,4.383247827255454
calibration,previous_12h,52,10.0,1.0,2.5559859112144423,4.4923309373803955
calibration,previous_12h,53,10.0,1.0,2.656179082624699,4.535784359418371
calibration,previous_12h,54,10.0,1.0,2.7643788551837023,4.621938034229234
calibration,previous_12h,55,10.0,1.0,2.860046239355496,4.7814736368615
calibration,previous_12h,56,10.0,1.0,2.950450704134888,4.8673708143953
calibration,previous_12h,57,10.0,1.0,3.050081139792682,4.968536181705807
calibration,previous_12h,58,10.0,1.0,3.1534949585248606,5.045038271226998
calibration,previous_12h,59,10.0,1.0,3.2559745900575976,5.106789323796579
calibration,previous_12h,60,10.0,1.0,3.3675604776829404,5.187371926131257
calibration,previous_12h,61,10.0,1.0,3.4790004886670944,5.259401043998757
calibration,previous_12h,62,10.0,1.0,3.5849727801422038,5.332715422268053
calibration,previous_12h,63,10.0,1.0,3.698433449741989,5.4014474475536645
calibration,previous_12h,64,10.0,1.0,3.8139341286228756,5.461537638944791
calibration,previous_12h,65,10.0,1.0,3.9440220809380033,5.556896790380805
calibration,previous_12h,66,10.0,1.0,4.068561911506152,5.612115517888228
calibration,previous_12h,67,10.0,1.0,4.196517847648473,5.658013973853837
calibration,previous_12h,68,10.0,1.0,4.320517868495033,5.760966276382207
calibration,previous_12h,69,10.0,1.0,4.456938059195736,5.822287856538133
calibration,previous_12h,70,10.0,1.0,4.59513881770397,5.925093528250813
calibration,previous_12h,71,10.0,1.0,4.738031660638509,5.996279833449059
calibration,previous_12h,72,10.0,1.0,4.88163786395468,6.035477545691692
calibration,previous_12h,73,10.0,1.0,5.023836123542891,6.0841191640045755
calibration,previous_12h,74,10.0,1.0,5.176983571894467,6.153723546327261
calibration,previous_12h,75,10.0,1.0,5.334826703542972,6.19098809307268
calibration,previous_12h,76,10.0,1.0,5.490131857985681,6.2427777265468665
calibration,previous_12h,77,10.0,1.0,5.651143222241539,6.29038587612476
calibration,previous_12h,78,10.0,1.0,5.811459870983615,6.370805118531164
calibration,previous_12h,79,10.0,1.0,5.974278133283195,6.401165468714809
calibration,previous_12h,80,10.0,1.0,6.140689919683284,6.4450391650459515
calibration,previous_12h,81,10.0,1.0,6.316004160887911,6.495141747406241
calibration,previous_12h,82,10.0,1.0,6.488189288294821,6.561623814489459
calibration,previous_12h,83,10.0,1.0,6.656020495494297,6.605446270213577
calibration,previous_12h,84,10.0,1.0,6.839844280997132,6.659174548232238
calibration,previous_12h,85,10.0,1.0,7.059432184073167,6.76089506734705
calibration,previous_12h,86,10.0,1.0,7.27926564231971,6.880319781708266
calibration,previous_12h,87,10.0,1.0,7.50258956848493,7.001826555625645
calibration,previous_12h,88,10.0,1.0,7.7225470986821865,7.1178035343516965
calibration,previous_12h,89,10.0,1.0,7.956351007636364,7.230053114233859
calibration,previous_12h,90,10.0,1.0,8.19397694899835,7.339944840955859
calibration,previous_12h,91,10.0,1.0,8.434120048864923,7.448481831006526
calibration,previous_12h,92,10.0,1.0,8.670117092113472,7.553052257850235
calibration,previous_12h,93,10.0,1.0,8.900987357207168,7.654967047602268
calibration,previous_12h,94,10.0,1.0,9.133723207330192,7.754281059296786
calibration,previous_12h,95,10.0,1.0,9.362655360669446,7.851673298937323
calibration,previous_12h,96,10.0,1.0,9.583277618733653,7.946174067509615
calibration,previous_12h,97,10.0,1.0,9.791553442539147,8.037697733884407
calibration,previous_12h,98,10.0,1.0,9.993174728835562,8.126843271372186
calibration,previous_12h,99,10.0,1.0,10.185701457518137,8.238702261345665
calibration,previous_12h,100,10.0,1.0,10.368291407257013,8.35721792457389
calibration,previous_12h,20,10.0,5.0,1.4261777045043056,2.2321921973798897
calibration,previous_12h,21,10.0,5.0,1.3515762397811937,2.200219618489019
calibration,previous_12h,22,10.0,5.0,1.3076742613124193,2.237458757940747
calibration,previous_12h,23,10.0,5.0,1.2724834776917104,2.397014000830966
calibration,previous_12h,24,10.0,5.0,1.1480649734514792,2.3459173744459605
calibration,previous_12h,25,10.0,5.0,1.054067478408638,2.2953996229376994
calibration,previous_12h,26,10.0,5.0,0.9432672837092149,2.1534575129438682
calibration,previous_12h,27,10.0,5.0,0.8685102571135861,2.2093615135068356
calibration,previous_12h,28,10.0,5.0,0.8070016480413722,2.3134425546427195
calibration,previous_12h,29,10.0,5.0,0.7590725849299984,2.414151997890679
calibration,previous_12h,30,10.0,5.0,0.675403415183129,2.3808843844898675
calibration,previous_12h,31,10.0,5.0,0.6153102315969994,2.3901788589796302
calibration,previous_12h,32,10.0,5.0,0.63242919524229,2.577234498464942
calibration,previous_12h,33,10.0,5.0,0.6912437402096128,2.5321944424145038
calibration,previous_12h,34,10.0,5.0,0.7534289381146753,2.6228319648278653
calibration,previous_12h,35,10.0,5.0,0.8584889442826649,2.786021757611734
calibration,previous_12h,36,10.0,5.0,0.9267417305922176,2.842317706392916
calibration,previous_12h,37,10.0,5.0,0.9397104823267499,2.852248658634715
calibration,previous_12h,38,10.0,5.0,0.9972126037007811,2.979701500921461
calibration,previous_12h,39,10.0,5.0,1.0769077131504545,3.052388389815164
calibration,previous_12h,40,10.0,5.0,1.1619348837271781,3.15349422784994
calibration,previous_12h,41,10.0,5.0,1.2796873512591178,3.3102352966713378
calibration,previous_12h,42,10.0,5.0,1.3891002103090022,3.4009934328668834
calibration,previous_12h,43,10.0,5.0,1.5103587254283068,3.5229673534473926
calibration,previous_12h,44,10.0,5.0,1.649280464010805,3.6735219800133834
calibration,previous_12h,45,10.0,5.0,1.7677170227012873,3.7069983062993916
calibration,previous_12h,46,10.0,5.0,1.8962809788390267,3.908314963813231
calibration,previous_12h,47,10.0,5.0,1.99338183929183,4.04325355468933
calibration,previous_12h,48,10.0,5.0,2.0962082552503425,4.095947363855679
calibration,previous_12h,49,10.0,5.0,2.2301962058603575,4.227655679713793
calibration,previous_12h,50,10.0,5.0,2.342811884775098,4.27607204759084
calibration,previous_12h,51,10.0,5.0,2.4453080691495765,4.383247827255432
calibration,previous_12h,52,10.0,5.0,2.55598591121442,4.492330937380373
calibration,previous_12h,53,10.0,5.0,2.6561790826246545,4.535784359418393
calibration,previous_12h,54,10.0,5.0,2.76437885518368,4.621938034229256
calibration,previous_12h,55,10.0,5.0,2.860046239355496,4.781473636861477
calibration,previous_12h,56,10.0,5.0,2.950450704134866,4.867370814395322
calibration,previous_12h,57,10.0,5.0,3.0500811397926597,4.968536181705807
calibration,previous_12h,58,10.0,5.0,3.1534949585248384,5.045038271226998
calibration,previous_12h,59,10.0,5.0,3.2559745900575754,5.106789323796601
calibration,previous_12h,60,10.0,5.0,3.367560477682896,5.187371926131279
calibration,previous_12h,61,10.0,5.0,3.4790004886670722,5.259401043998735
calibration,previous_12h,62,10.0,5.0,3.5849727801421816,5.332715422268075
calibration,previous_12h,63,10.0,5.0,3.698433449741989,5.4014474475536645
calibration,previous_12h,64,10.0,5.0,3.813934128622831,5.461537638944769
calibration,previous_12h,65,10.0,5.0,3.944022080937981,5.556896790380783
calibration,previous_12h,66,10.0,5.0,4.068561911506152,5.612115517888228
calibration,previous_12h,67,10.0,5.0,4.196517847648473,5.658013973853859
calibration,previous_12h,68,10.0,5.0,4.320517868495011,5.760966276382162
calibration,previous_12h,69,10.0,5.0,4.456938059195714,5.822287856538111
calibration,previous_12h,70,10.0,5.0,4.595138817703948,5.925093528250813
calibration,previous_12h,71,10.0,5.0,4.738031660638509,5.996279833449081
calibration,previous_12h,72,10.0,5.0,4.881637863954635,6.035477545691692
calibration,previous_12h,73,10.0,5.0,5.023836123542846,6.0841191640045755
calibration,previous_12h,74,10.0,5.0,5.1769835718944,6.153723546327283
calibration,previous_12h,75,10.0,5.0,5.3348267035429275,6.190988093072658
calibration,previous_12h,76,10.0,5.0,5.490131857985614,6.242777726546844
calibration,previous_12h,77,10.0,5.0,5.651143222241517,6.29038587612476
calibration,previous_12h,78,10.0,5.0,5.811459870983571,6.370805118531164
calibration,previous_12h,79,10.0,5.0,5.974278133283173,6.401165468714787
calibration,previous_12h,80,10.0,5.0,6.140689919683284,6.445039165045929
calibration,previous_12h,81,10.0,5.0,6.316004160887889,6.495141747406241
calibration,previous_12h,82,10.0,5.0,6.488189288294843,6.561623814489459
calibration,previous_12h,83,10.0,5.0,6.656020495494275,6.6054462702136
calibration,previous_12h,84,10.0,5.0,6.839844280997109,6.659174548232194
calibration,previous_12h,85,10.0,5.0,7.059432184073167,6.76089506734705
calibration,previous_12h,86,10.0,5.0,7.2792656423196656,6.880319781708288
calibration,previous_12h,87,10.0,5.0,7.502589568484885,7.001826555625645
calibration,previous_12h,88,10.0,5.0,7.7225470986821865,7.1178035343516965
calibration,previous_12h,89,10.0,5.0,7.956351007636364,7.230053114233859
calibration,previous_12h,90,10.0,5.0,8.193976948998305,7.339944840955859
calibration,previous_12h,91,10.0,5.0,8.434120048864923,7.448481831006526
calibration,previous_12h,92,10.0,5.0,8.670117092113472,7.553052257850235
calibration,previous_12h,93,10.0,5.0,8.900987357207168,7.654967047602246
calibration,previous_12h,94,10.0,5.0,9.133723207330192,7.754281059296808
calibration,previous_12h,95,10.0,5.0,9.362655360669446,7.851673298937301
calibration,previous_12h,96,10.0,5.0,9.583277618733677,7.946174067509615
calibration,previous_12h,97,10.0,5.0,9.791553442539147,8.037697733884407
calibration,previous_12h,98,10.0,5.0,9.993174728835562,8.12684327137221
calibration,previous_12h,99,10.0,5.0,10.18570145751816,8.238702261345644
calibration,previous_12h,100,10.0,5.0,10.368291407256969,8.357217924573845
calibration,previous_12h,20,10.0,12.0,1.42617770450435,2.232192197379912
calibration,previous_12h,21,10.0,12.0,1.3515762397811937,2.200219618489019
calibration,previous_12h,22,10.0,12.0,1.3076742613124193,2.237458757940747
calibration,previous_12h,23,10.0,12.0,1.2724834776917104,2.3970140008309437
calibration,previous_12h,24,10.0,12.0,1.1480649734514792,2.3459173744459383
calibration,previous_12h,25,10.0,12.0,1.054067478408638,2.295399622937677
calibration,previous_12h,26,10.0,12.0,0.9432672837092371,2.1534575129438904
calibration,previous_12h,27,10.0,12.0,0.8685102571135861,2.2093615135068134
calibration,previous_12h,28,10.0,12.0,0.8070016480413944,2.3134425546427195
calibration,previous_12h,29,10.0,12.0,0.7590725849299984,2.414151997890679
calibration,previous_12h,30,10.0,12.0,0.6754034151831512,2.3808843844898897
calibration,previous_12h,31,10.0,12.0,0.6153102315969994,2.390178858979608
calibration,previous_12h,32,10.0,12.0,0.6324291952423122,2.577234498464942
calibration,previous_12h,33,10.0,12.0,0.6912437402095906,2.5321944424144815
calibration,previous_12h,34,10.0,12.0,0.7534289381146753,2.6228319648278653
calibration,previous_12h,35,10.0,12.0,0.8584889442826871,2.786021757611734
calibration,previous_12h,36,10.0,12.0,0.9267417305922399,2.842317706392916
calibration,previous_12h,37,10.0,12.0,0.9397104823267499,2.852248658634693
calibration,previous_12h,38,10.0,12.0,0.9972126037008033,2.979701500921439
calibration,previous_12h,39,10.0,12.0,1.0769077131504545,3.0523883898151416
calibration,previous_12h,40,10.0,12.0,1.1619348837272003,3.15349422784994
calibration,previous_12h,41,10.0,12.0,1.27968735125914,3.3102352966713156
calibration,previous_12h,42,10.0,12.0,1.3891002103090022,3.4009934328668834
calibration,previous_12h,43,10.0,12.0,1.5103587254282846,3.5229673534473482
calibration,previous_12h,44,10.0,12.0,1.6492804640108272,3.673521980013339
calibration,previous_12h,45,10.0,12.0,1.7677170227013317,3.7069983062993472
calibration,previous_12h,46,10.0,12.0,1.8962809788390267,3.9083149638132086
calibration,previous_12h,47,10.0,12.0,1.99338183929183,4.043253554689308
calibration,previous_12h,48,10.0,12.0,2.0962082552503647,4.0959473638556565
calibration,previous_12h,49,10.0,12.0,2.2301962058603575,4.227655679713793
calibration,previous_12h,50,10.0,12.0,2.34281188477512,4.276072047590818
calibration,previous_12h,51,10.0,12.0,2.4453080691495988,4.383247827255454
calibration,previous_12h,52,10.0,12.0,2.55598591121442,4.492330937380373
calibration,previous_12h,53,10.0,12.0,2.6561790826246545,4.535784359418371
calibration,previous_12h,54,10.0,12.0,2.76437885518368,4.621938034229234
calibration,previous_12h,55,10.0,12.0,2.860046239355496,4.781473636861477
calibration,previous_12h,56,10.0,12.0,2.950450704134888,4.8673708143953
calibration,previous_12h,57,10.0,12.0,3.0500811397926375,4.968536181705807
calibration,previous_12h,58,10.0,12.0,3.1534949585248384,5.04503827122702
calibration,previous_12h,59,10.0,12.0,3.2559745900575976,5.106789323796579
calibration,previous_12h,60,10.0,12.0,3.367560477682896,5.187371926131279
calibration,previous_12h,61,10.0,12.0,3.4790004886670722,5.2594010439988015
calibration,previous_12h,62,10.0,12.0,3.5849727801421816,5.332715422268097
calibration,previous_12h,63,10.0,12.0,3.698433449741989,5.401447447553687
calibration,previous_12h,64,10.0,12.0,3.8139341286228534,5.461537638944791
calibration,previous_12h,65,10.0,12.0,3.9440220809380033,5.556896790380805
calibration,previous_12h,66,10.0,12.0,4.068561911506108,5.612115517888272
calibration,previous_12h,67,10.0,12.0,4.196517847648451,5.658013973853837
calibration,previous_12h,68,10.0,12.0,4.3205178684949885,5.760966276382207
calibration,previous_12h,69,10.0,12.0,4.456938059195692,5.822287856538111
calibration,previous_12h,70,10.0,12.0,4.593454300607647,5.925093528250858
calibration,previous_12h,71,10.0,12.0,4.730148537032042,5.996279833449081
calibration,previous_12h,72,10.0,12.0,4.859994835141945,6.035477545691692
calibration,previous_12h,73,10.0,12.0,4.978334856468258,6.0841191640045755
calibration,previous_12h,74,10.0,12.0,5.093714303984842,6.153723546327283
calibration,previous_12h,75,10.0,12.0,5.20105524748713,6.19098809307268
calibration,previous_12h,76,10.0,12.0,5.291666331132339,6.242777726546822
calibration,previous_12h,77,10.0,12.0,5.373088955778504,6.290385876124782
calibration,previous_12h,78,10.0,12.0,5.443478726887507,6.3708051185311865
calibration,previous_12h,79,10.0,12.0,5.5003793437030435,6.401165468714853
calibration,previous_12h,80,10.0,12.0,5.54775503468361,6.445039165045974
calibration,previous_12h,81,10.0,12.0,5.591891059739895,6.495141747406263
calibration,previous_12h,82,10.0,12.0,5.6202094084802035,6.561623814489459
calibration,previous_12h,83,10.0,12.0,5.637581148356707,6.605446270213622
calibration,previous_12h,84,10.0,12.0,5.655104124115318,6.659174548232283
calibration,previous_12h,85,10.0,12.0,5.6966252107330195,6.760895067347028
calibration,previous_12h,86,10.0,12.0,5.728729667736321,6.880319781708311
calibration,previous_12h,87,10.0,12.0,5.7537980239816156,7.00182655562569
calibration,previous_12h,88,10.0,12.0,5.772004800002639,7.117803534351741
calibration,previous_12h,89,10.0,12.0,5.783814282295485,7.2300531142338365
calibration,previous_12h,90,10.0,12.0,5.78748142145904,7.339944840955859
calibration,previous_12h,91,10.0,12.0,5.783688641973339,7.448481831006526
calibration,previous_12h,92,10.0,12.0,5.772181541978072,7.553052257850257
calibration,previous_12h,93,10.0,12.0,5.755170171719315,7.654967047602246
calibration,previous_12h,94,10.0,12.0,5.732773537430491,7.754281059296808
calibration,previous_12h,95,10.0,12.0,5.704672863164095,7.851673298937278
calibration,previous_12h,96,10.0,12.0,5.668221640455506,7.946174067509615
calibration,previous_12h,97,10.0,12.0,5.629693801709279,8.037697733884386
calibration,previous_12h,98,10.0,12.0,5.58309131370347,8.126843271372186
calibration,previous_12h,99,10.0,12.0,5.534304489716546,8.214441747349778
calibration,previous_12h,100,10.0,12.0,5.482620079695399,8.294510789091358
calibration,previous_12h,20,12.0,1.0,1.4261777045043278,2.232192197379912
calibration,previous_12h,21,12.0,1.0,1.3515762397811715,2.2002196184889966
calibration,previous_12h,22,12.0,1.0,1.3076742613124415,2.237458757940769
calibration,previous_12h,23,12.0,1.0,1.2724834776916882,2.3970140008309437
calibration,previous_12h,24,12.0,1.0,1.148064973451457,2.345917374445916
calibration,previous_12h,25,12.0,1.0,1.0540674784086157,2.295399622937677
calibration,previous_12h,26,12.0,1.0,0.9432672837092149,2.153457512943846
calibration,previous_12h,27,12.0,1.0,0.8685102571135639,2.2093615135068134
calibration,previous_12h,28,12.0,1.0,0.8070016480413722,2.3134425546427195
calibration,previous_12h,29,12.0,1.0,0.759072584929954,2.414151997890679
calibration,previous_12h,30,12.0,1.0,0.675403415183129,2.380884384489912
calibration,previous_12h,31,12.0,1.0,0.6153102315969994,2.3901788589796302
calibration,previous_12h,32,12.0,1.0,0.63242919524229,2.577234498464942
calibration,previous_12h,33,12.0,1.0,0.6912437402095906,2.5321944424144815
calibration,previous_12h,34,12.0,1.0,0.7534289381146975,2.6228319648278653
calibration,previous_12h,35,12.0,1.0,0.8584889442826871,2.786021757611734
calibration,previous_12h,36,12.0,1.0,0.9267417305922399,2.8423177063929383
calibration,previous_12h,37,12.0,1.0,0.9397104823267499,2.852248658634715
calibration,previous_12h,38,12.0,1.0,0.9972126037008033,2.9797015009214833
calibration,previous_12h,39,12.0,1.0,1.0769077131504767,3.052388389815164
calibration,previous_12h,40,12.0,1.0,1.1619348837271781,3.153494227849918
calibration,previous_12h,41,12.0,1.0,1.2796873512591622,3.3102352966713378
calibration,previous_12h,42,12.0,1.0,1.3891002103090244,3.4009934328668834
calibration,previous_12h,43,12.0,1.0,1.5103587254282624,3.5229673534473704
calibration,previous_12h,44,12.0,1.0,1.6492804640108494,3.673521980013361
calibration,previous_12h,45,12.0,1.0,1.7677170227013317,3.7069983062993694
calibration,previous_12h,46,12.0,1.0,1.896280978839049,3.908314963813253
calibration,previous_12h,47,12.0,1.0,1.99338183929183,4.04325355468933
calibration,previous_12h,48,12.0,1.0,2.0962082552503647,4.095947363855701
calibration,previous_12h,49,12.0,1.0,2.2301962058603797,4.227655679713793
calibration,previous_12h,50,12.0,1.0,2.34281188477512,4.276072047590862
calibration,previous_12h,51,12.0,1.0,2.445308069149621,4.383247827255454
calibration,previous_12h,52,12.0,1.0,2.5559859112144423,4.4923309373803955
calibration,previous_12h,53,12.0,1.0,2.6561790826246767,4.535784359418393
calibration,previous_12h,54,12.0,1.0,2.76437885518368,4.621938034229278
calibration,previous_12h,55,12.0,1.0,2.860046239355496,4.781473636861522
calibration,previous_12h,56,12.0,1.0,2.950450704134888,4.867370814395322
calibration,previous_12h,57,12.0,1.0,3.0500811397926597,4.9685361817058515
calibration,previous_12h,58,12.0,1.0,3.1534949585248384,5.04503827122702
calibration,previous_12h,59,12.0,1.0,3.2559745900575754,5.106789323796579
calibration,previous_12h,60,12.0,1.0,3.3675604776829404,5.187371926131323
calibration,previous_12h,61,12.0,1.0,3.4790004886670722,5.259401043998757
calibration,previous_12h,62,12.0,1.0,3.5849727801421594,5.332715422268075
calibration,previous_12h,63,12.0,1.0,3.698433449741967,5.401447447553687
calibration,previous_12h,64,12.0,1.0,3.8139341286228756,5.461537638944813
calibration,previous_12h,65,12.0,1.0,3.9440220809380033,5.556896790380805
calibration,previous_12h,66,12.0,1.0,4.068561911506152,5.61211551788825
calibration,previous_12h,67,12.0,1.0,4.196517847648451,5.6580139738538815
calibration,previous_12h,68,12.0,1.0,4.320517868495011,5.7609662763821845
calibration,previous_12h,69,12.0,1.0,4.456938059195714,5.822287856538155
calibration,previous_12h,70,12.0,1.0,4.59513881770397,5.925093528250858
calibration,previous_12h,71,12.0,1.0,4.738031660638531,5.996279833449103
calibration,previous_12h,72,12.0,1.0,4.881637863954658,6.035477545691759
calibration,previous_12h,73,12.0,1.0,5.023836123542846,6.084119164004598
calibration,previous_12h,74,12.0,1.0,5.176983571894422,6.153723546327283
calibration,previous_12h,75,12.0,1.0,5.3348267035429275,6.190988093072702
calibration,previous_12h,76,12.0,1.0,5.490131857985636,6.2427777265468665
calibration,previous_12h,77,12.0,1.0,5.651143222241517,6.29038587612476
calibration,previous_12h,78,12.0,1.0,5.811459870983593,6.370805118531164
calibration,previous_12h,79,12.0,1.0,5.974278133283195,6.401165468714831
calibration,previous_12h,80,12.0,1.0,6.140689919683284,6.4450391650459515
calibration,previous_12h,81,12.0,1.0,6.316004160887889,6.495141747406241
calibration,previous_12h,82,12.0,1.0,6.488189288294843,6.561623814489503
calibration,previous_12h,83,12.0,1.0,6.656020495494275,6.6054462702136
calibration,previous_12h,84,12.0,1.0,6.839844280997132,6.659174548232238
calibration,previous_12h,85,12.0,1.0,7.059432184073167,6.76089506734705
calibration,previous_12h,86,12.0,1.0,7.27926564231971,6.880319781708311
calibration,previous_12h,87,12.0,1.0,7.5025895684849075,7.001826555625668
calibration,previous_12h,88,12.0,1.0,7.7225470986821865,7.117803534351741
calibration,previous_12h,89,12.0,1.0,7.956351007636364,7.230053114233859
calibration,previous_12h,90,12.0,1.0,8.193976948998284,7.339944840955859
calibration,previous_12h,91,12.0,1.0,8.434120048864902,7.448481831006548
calibration,previous_12h,92,12.0,1.0,8.670117092113472,7.553052257850257
calibration,previous_12h,93,12.0,1.0,8.900987357207168,7.654967047602224
calibration,previous_12h,94,12.0,1.0,9.133723207330192,7.754281059296786
calibration,previous_12h,95,12.0,1.0,9.362655360669425,7.851673298937323
calibration,previous_12h,96,12.0,1.0,9.583277618733653,7.946174067509615
calibration,previous_12h,97,12.0,1.0,9.791553442539168,8.03769773388443
calibration,previous_12h,98,12.0,1.0,9.993174728835562,8.12684327137221
calibration,previous_12h,99,12.0,1.0,10.185701457518181,8.238702261345665
calibration,previous_12h,100,12.0,1.0,10.36829140725699,8.357217924573867
calibration,previous_12h,20,12.0,5.0,1.42617770450435,2.232192197379912
calibration,previous_12h,21,12.0,5.0,1.3515762397811937,2.200219618489041
calibration,previous_12h,22,12.0,5.0,1.3076742613124193,2.237458757940769
calibration,previous_12h,23,12.0,5.0,1.2724834776917104,2.397014000830966
calibration,previous_12h,24,12.0,5.0,1.1480649734514792,2.3459173744459383
calibration,previous_12h,25,12.0,5.0,1.054067478408638,2.2953996229376994
calibration,previous_12h,26,12.0,5.0,0.9432672837092371,2.1534575129438904
calibration,previous_12h,27,12.0,5.0,0.8685102571135639,2.2093615135068356
calibration,previous_12h,28,12.0,5.0,0.8070016480413722,2.3134425546427195
calibration,previous_12h,29,12.0,5.0,0.7590725849299984,2.414151997890701
calibration,previous_12h,30,12.0,5.0,0.6754034151831512,2.3808843844898897
calibration,previous_12h,31,12.0,5.0,0.6153102315969994,2.3901788589796524
calibration,previous_12h,32,12.0,5.0,0.63242919524229,2.577234498464964
calibration,previous_12h,33,12.0,5.0,0.6912437402096128,2.5321944424145038
calibration,previous_12h,34,12.0,5.0,0.7534289381146975,2.6228319648278875
calibration,previous_12h,35,12.0,5.0,0.8584889442826871,2.7860217576117785
calibration,previous_12h,36,12.0,5.0,0.9267417305922399,2.8423177063929383
calibration,previous_12h,37,12.0,5.0,0.9397104823267721,2.852248658634715
calibration,previous_12h,38,12.0,5.0,0.9972126037007811,2.979701500921461
calibration,previous_12h,39,12.0,5.0,1.0769077131504545,3.0523883898151194
calibration,previous_12h,40,12.0,5.0,1.1619348837271781,3.15349422784994
calibration,previous_12h,41,12.0,5.0,1.27968735125914,3.310235296671382
calibration,previous_12h,42,12.0,5.0,1.38910021030898,3.400993432866928
calibration,previous_12h,43,12.0,5.0,1.5103587254282846,3.5229673534473704
calibration,previous_12h,44,12.0,5.0,1.6492804640108272,3.673521980013361
calibration,previous_12h,45,12.0,5.0,1.7677170227013317,3.706998306299414
calibration,previous_12h,46,12.0,5.0,1.896280978839049,3.908314963813253
calibration,previous_12h,47,12.0,5.0,1.99338183929183,4.04325355468933
calibration,previous_12h,48,12.0,5.0,2.0962082552503425,4.095947363855701
calibration,previous_12h,49,12.0,5.0,2.2301962058603575,4.227655679713793
calibration,previous_12h,50,12.0,5.0,2.34281188477512,4.276072047590795
calibration,previous_12h,51,12.0,5.0,2.4453080691495988,4.3832478272554765
calibration,previous_12h,52,12.0,5.0,2.55598591121442,4.4923309373803955
calibration,previous_12h,53,12.0,5.0,2.6561790826246545,4.535784359418393
calibration,previous_12h,54,12.0,5.0,2.76437885518368,4.621938034229278
calibration,previous_12h,55,12.0,5.0,2.860046239355496,4.781473636861522
calibration,previous_12h,56,12.0,5.0,2.950450704134866,4.8673708143953
calibration,previous_12h,57,12.0,5.0,3.0500811397926597,4.968536181705829
calibration,previous_12h,58,12.0,5.0,3.1534949585248606,5.045038271226998
calibration,previous_12h,59,12.0,5.0,3.2559745900575976,5.106789323796579
calibration,previous_12h,60,12.0,5.0,3.367560477682918,5.187371926131301
calibration,previous_12h,61,12.0,5.0,3.4790004886670722,5.259401043998757
calibration,previous_12h,62,12.0,5.0,3.5849727801422038,5.332715422268075
calibration,previous_12h,63,12.0,5.0,3.698433449741989,5.401447447553687
calibration,previous_12h,64,12.0,5.0,3.8139341286228756,5.461537638944791
calibration,previous_12h,65,12.0,5.0,3.9440220809380033,5.556896790380805
calibration,previous_12h,66,12.0,5.0,4.068561911506152,5.61211551788825
calibration,previous_12h,67,12.0,5.0,4.196517847648473,5.658013973853859
calibration,previous_12h,68,12.0,5.0,4.320517868495033,5.760966276382207
calibration,previous_12h,69,12.0,5.0,4.456938059195714,5.822287856538111
calibration,previous_12h,70,12.0,5.0,4.595138817703992,5.925093528250813
calibration,previous_12h,71,12.0,5.0,4.738031660638509,5.996279833449081
calibration,previous_12h,72,12.0,5.0,4.881637863954702,6.03547754569167
calibration,previous_12h,73,12.0,5.0,5.023836123542913,6.08411916400462
calibration,previous_12h,74,12.0,5.0,5.176983571894445,6.1537235463273054
calibration,previous_12h,75,12.0,5.0,5.3348267035429275,6.190988093072658
calibration,previous_12h,76,12.0,5.0,5.490131857985636,6.242777726546844
calibration,previous_12h,77,12.0,5.0,5.651143222241517,6.290385876124782
calibration,previous_12h,78,12.0,5.0,5.811459870983571,6.3708051185311865
calibration,previous_12h,79,12.0,5.0,5.974278133283195,6.401165468714831
calibration,previous_12h,80,12.0,5.0,6.1406899196833065,6.445039165045974
calibration,previous_12h,81,12.0,5.0,6.316004160887867,6.495141747406241
calibration,previous_12h,82,12.0,5.0,6.488189288294843,6.561623814489437
calibration,previous_12h,83,12.0,5.0,6.656020495494297,6.6054462702136
calibration,previous_12h,84,12.0,5.0,6.839844280997087,6.659174548232238
calibration,previous_12h,85,12.0,5.0,7.059432184073144,6.760895067347006
calibration,previous_12h,86,12.0,5.0,7.279265642319688,6.880319781708288
calibration,previous_12h,87,12.0,5.0,7.502589568484885,7.001826555625623
calibration,previous_12h,88,12.0,5.0,7.722547098682164,7.1178035343516965
calibration,previous_12h,89,12.0,5.0,7.95635100763632,7.230053114233792
calibration,previous_12h,90,12.0,5.0,8.19397694899826,7.339944840955814
calibration,previous_12h,91,12.0,5.0,8.43412004886488,7.448481831006504
calibration,previous_12h,92,12.0,5.0,8.670117092113427,7.553052257850212
calibration,previous_12h,93,12.0,5.0,8.900987357207146,7.654967047602246
calibration,previous_12h,94,12.0,5.0,9.133723207330169,7.754281059296786
calibration,previous_12h,95,12.0,5.0,9.362655360669404,7.851673298937301
calibration,previous_12h,96,12.0,5.0,9.583277618733632,7.946174067509593
calibration,previous_12h,97,12.0,5.0,9.791553442539126,8.037697733884386
calibration,previous_12h,98,12.0,5.0,9.993174728835541,8.126843271372163
calibration,previous_12h,99,12.0,5.0,10.185701457518137,8.238702261345644
calibration,previous_12h,100,12.0,5.0,10.36829140725699,8.357217924573867
calibration,previous_12h,20,12.0,12.0,1.4261777045043278,2.2321921973798897
calibration,previous_12h,21,12.0,12.0,1.3515762397811715,2.2002196184889966
calibration,previous_12h,22,12.0,12.0,1.307674261312397,2.237458757940769
calibration,previous_12h,23,12.0,12.0,1.2724834776917104,2.3970140008309437
calibration,previous_12h,24,12.0,12.0,1.1480649734514792,2.3459173744459383
calibration,previous_12h,25,12.0,12.0,1.0540674784086157,2.295399622937677
calibration,previous_12h,26,12.0,12.0,0.9432672837092371,2.1534575129438904
calibration,previous_12h,27,12.0,12.0,0.8685102571136083,2.209361513506858
calibration,previous_12h,28,12.0,12.0,0.8070016480413722,2.3134425546427195
calibration,previous_12h,29,12.0,12.0,0.7590725849299762,2.414151997890679
calibration,previous_12h,30,12.0,12.0,0.675403415183129,2.380884384489912
calibration,previous_12h,31,12.0,12.0,0.6153102315969994,2.3901788589796524
calibration,previous_12h,32,12.0,12.0,0.63242919524229,2.577234498464942
calibration,previous_12h,33,12.0,12.0,0.6912437402095906,2.5321944424144815
calibration,previous_12h,34,12.0,12.0,0.7534289381146975,2.6228319648278653
calibration,previous_12h,35,12.0,12.0,0.8584889442826649,2.7860217576117785
calibration,previous_12h,36,12.0,12.0,0.9267417305922399,2.8423177063929383
calibration,previous_12h,37,12.0,12.0,0.9397104823267721,2.852248658634693
calibration,previous_12h,38,12.0,12.0,0.9972126037007811,2.979701500921461
calibration,previous_12h,39,12.0,12.0,1.0769077131504545,3.0523883898151416
calibration,previous_12h,40,12.0,12.0,1.1619348837271781,3.153494227849918
calibration,previous_12h,41,12.0,12.0,1.27968735125914,3.3102352966713378
calibration,previous_12h,42,12.0,12.0,1.3891002103090022,3.4009934328668834
calibration,previous_12h,43,12.0,12.0,1.5103587254282624,3.5229673534473704
calibration,previous_12h,44,12.0,12.0,1.649280464010805,3.673521980013339
calibration,previous_12h,45,12.0,12.0,1.7677170227013317,3.7069983062993916
calibration,previous_12h,46,12.0,12.0,1.896280978839049,3.9083149638132086
calibration,previous_12h,47,12.0,12.0,1.99338183929183,4.04325355468933
calibration,previous_12h,48,12.0,12.0,2.0962082552503647,4.095947363855701
calibration,previous_12h,49,12.0,12.0,2.2301962058603575,4.227655679713793
calibration,previous_12h,50,12.0,12.0,2.342811884775098,4.276072047590818
calibration,previous_12h,51,12.0,12.0,2.4453080691495988,4.3832478272554765
calibration,previous_12h,52,12.0,12.0,2.55598591121442,4.4923309373803955
calibration,previous_12h,53,12.0,12.0,2.6561790826246767,4.535784359418371
calibration,previous_12h,54,12.0,12.0,2.76437885518368,4.621938034229278
calibration,previous_12h,55,12.0,12.0,2.8600462393554738,4.781473636861477
calibration,previous_12h,56,12.0,12.0,2.950450704134844,4.867370814395322
calibration,previous_12h,57,12.0,12.0,3.050081139792682,4.968536181705829
calibration,previous_12h,58,12.0,12.0,3.1534949585248384,5.045038271226998
calibration,previous_12h,59,12.0,12.0,3.2559745900575754,5.106789323796601
calibration,previous_12h,60,12.0,12.0,3.367560477682918,5.187371926131279
calibration,previous_12h,61,12.0,12.0,3.4790004886670722,5.259401043998779
calibration,previous_12h,62,12.0,12.0,3.5849727801421816,5.332715422268053
calibration,previous_12h,63,12.0,12.0,3.698433449741967,5.4014474475536645
calibration,previous_12h,64,12.0,12.0,3.8139341286228534,5.461537638944791
calibration,previous_12h,65,12.0,12.0,3.944022080937981,5.5568967903808275
calibration,previous_12h,66,12.0,12.0,4.06856191150613,5.612115517888228
calibration,previous_12h,67,12.0,12.0,4.196517847648473,5.658013973853837
calibration,previous_12h,68,12.0,12.0,4.320517868495011,5.7609662763821845
calibration,previous_12h,69,12.0,12.0,4.456938059195714,5.822287856538111
calibration,previous_12h,70,12.0,12.0,4.595138817703948,5.925093528250791
calibration,previous_12h,71,12.0,12.0,4.7380316606384865,5.996279833449059
calibration,previous_12h,72,12.0,12.0,4.881637863954658,6.035477545691692
calibration,previous_12h,73,12.0,12.0,5.023836123542891,6.0841191640045755
calibration,previous_12h,74,12.0,12.0,5.176983571894445,6.153723546327239
calibration,previous_12h,75,12.0,12.0,5.3348267035429275,6.19098809307268
calibration,previous_12h,76,12.0,12.0,5.490131857985636,6.2427777265468665
calibration,previous_12h,77,12.0,12.0,5.651143222241517,6.29038587612476
calibration,previous_12h,78,12.0,12.0,5.811459870983571,6.3708051185311865
calibration,previous_12h,79,12.0,12.0,5.974278133283173,6.401165468714831
calibration,previous_12h,80,12.0,12.0,6.1406899196833065,6.445039165045929
calibration,previous_12h,81,12.0,12.0,6.316004160887889,6.495141747406219
calibration,previous_12h,82,12.0,12.0,6.488189288294821,6.561623814489481
calibration,previous_12h,83,12.0,12.0,6.656020495494297,6.605446270213577
calibration,previous_12h,84,12.0,12.0,6.839844280997132,6.659174548232238
calibration,previous_12h,85,12.0,12.0,7.059432184073167,6.760895067347028
calibration,previous_12h,86,12.0,12.0,7.279265642319688,6.880319781708311
calibration,previous_12h,87,12.0,12.0,7.5025895684849075,7.001826555625668
calibration,previous_12h,88,12.0,12.0,7.722547098682164,7.117803534351741
calibration,previous_12h,89,12.0,12.0,7.956351007636386,7.2300531142338365
calibration,previous_12h,90,12.0,12.0,8.193976948998305,7.3399448409558365
calibration,previous_12h,91,12.0,12.0,8.434120048864923,7.448481831006548
calibration,previous_12h,92,12.0,12.0,8.670117092113472,7.553052257850235
calibration,previous_12h,93,12.0,12.0,8.900987357207146,7.654967047602268
calibration,previous_12h,94,12.0,12.0,9.133723207330169,7.754281059296808
calibration,previous_12h,95,12.0,12.0,9.362655360669425,7.851673298937345
calibration,previous_12h,96,12.0,12.0,9.583277618733677,7.946174067509593
calibration,previous_12h,97,12.0,12.0,9.791553442539126,8.037697733884407
calibration,previous_12h,98,12.0,12.0,9.993174728835562,8.126843271372186
calibration,previous_12h,99,12.0,12.0,10.18570145751816,8.238702261345644
calibration,previous_12h,100,12.0,12.0,10.368291407257036,8.357217924573867
calibration,previous_12h,20,24.0,1.0,1.42617770450435,2.2321921973798897
calibration,previous_12h,21,24.0,1.0,1.3515762397811715,2.200219618489019
calibration,previous_12h,22,24.0,1.0,1.3076742613124193,2.237458757940791
calibration,previous_12h,23,24.0,1.0,1.2724834776917326,2.397014000830966
calibration,previous_12h,24,24.0,1.0,1.1480649734515014,2.3459173744459383
calibration,previous_12h,25,24.0,1.0,1.0540674784086157,2.295399622937655
calibration,previous_12h,26,24.0,1.0,0.9432672837092371,2.1534575129439126
calibration,previous_12h,27,24.0,1.0,0.8685102571136083,2.209361513506858
calibration,previous_12h,28,24.0,1.0,0.8070016480413944,2.3134425546427195
calibration,previous_12h,29,24.0,1.0,0.7590725849299762,2.414151997890679
calibration,previous_12h,30,24.0,1.0,0.6754034151831734,2.380884384489912
calibration,previous_12h,31,24.0,1.0,0.6153102315970216,2.3901788589796746
calibration,previous_12h,32,24.0,1.0,0.63242919524229,2.577234498464964
calibration,previous_12h,33,24.0,1.0,0.6912437402096128,2.5321944424145038
calibration,previous_12h,34,24.0,1.0,0.7534289381146753,2.6228319648278653
calibration,previous_12h,35,24.0,1.0,0.8584889442826871,2.7860217576117785
calibration,previous_12h,36,24.0,1.0,0.9267417305922399,2.842317706392916
calibration,previous_12h,37,24.0,1.0,0.9397104823267499,2.852248658634715
calibration,previous_12h,38,24.0,1.0,0.9972126037008033,2.979701500921461
calibration,previous_12h,39,24.0,1.0,1.0769077131504767,3.052388389815164
calibration,previous_12h,40,24.0,1.0,1.1619348837272003,3.15349422784994
calibration,previous_12h,41,24.0,1.0,1.2796873512591622,3.31023529667136
calibration,previous_12h,42,24.0,1.0,1.3891002103090022,3.400993432866928
calibration,previous_12h,43,24.0,1.0,1.5103587254283068,3.5229673534473704
calibration,previous_12h,44,24.0,1.0,1.6492804640108272,3.6735219800133834
calibration,previous_12h,45,24.0,1.0,1.7677170227013317,3.706998306299436
calibration,previous_12h,46,24.0,1.0,1.896280978839071,3.908314963813231
calibration,previous_12h,47,24.0,1.0,1.99338183929183,4.04325355468933
calibration,previous_12h,48,24.0,1.0,2.0962082552503425,4.095947363855701
calibration,previous_12h,49,24.0,1.0,2.2301962058603575,4.227655679713815
calibration,previous_12h,50,24.0,1.0,2.342811884775098,4.27607204759084
calibration,previous_12h,51,24.0,1.0,2.4453080691495988,4.383247827255454
calibration,previous_12h,52,24.0,1.0,2.55598591121442,4.492330937380373
calibration,previous_12h,53,24.0,1.0,2.6561790826246767,4.535784359418393
calibration,previous_12h,54,24.0,1.0,2.76437885518368,4.621938034229256
calibration,previous_12h,55,24.0,1.0,2.8600462393554738,4.781473636861477
calibration,previous_12h,56,24.0,1.0,2.950450704134866,4.8673708143953
calibration,previous_12h,57,24.0,1.0,3.0500811397926597,4.968536181705807
calibration,previous_12h,58,24.0,1.0,3.1534949585248384,5.045038271226998
calibration,previous_12h,59,24.0,1.0,3.2559745900575976,5.106789323796579
calibration,previous_12h,60,24.0,1.0,3.3675604776829404,5.187371926131257
calibration,previous_12h,61,24.0,1.0,3.479000488667028,5.259401043998779
calibration,previous_12h,62,24.0,1.0,3.5849727801421816,5.332715422268075
calibration,previous_12h,63,24.0,1.0,3.698433449741967,5.401447447553709
calibration,previous_12h,64,24.0,1.0,3.8139341286228534,5.461537638944791
calibration,previous_12h,65,24.0,1.0,3.944022080937981,5.556896790380805
calibration,previous_12h,66,24.0,1.0,4.068561911506108,5.612115517888228
calibration,previous_12h,67,24.0,1.0,4.196517847648451,5.658013973853859
calibration,previous_12h,68,24.0,1.0,4.320517868495011,5.760966276382207
calibration,previous_12h,69,24.0,1.0,4.456938059195714,5.822287856538111
calibration,previous_12h,70,24.0,1.0,4.595138817703948,5.925093528250813
calibration,previous_12h,71,24.0,1.0,4.738031660638464,5.996279833449081
calibration,previous_12h,72,24.0,1.0,4.88163786395468,6.03547754569167
calibration,previous_12h,73,24.0,1.0,5.023836123542869,6.0841191640045755
calibration,previous_12h,74,24.0,1.0,5.176983571894445,6.153723546327261
calibration,previous_12h,75,24.0,1.0,5.33482670354295,6.19098809307268
calibration,previous_12h,76,24.0,1.0,5.490131857985614,6.242777726546844
calibration,previous_12h,77,24.0,1.0,5.651143222241495,6.29038587612476
calibration,previous_12h,78,24.0,1.0,5.811459870983571,6.3708051185311865
calibration,previous_12h,79,24.0,1.0,5.974278133283195,6.401165468714809
calibration,previous_12h,80,24.0,1.0,6.140689919683262,6.4450391650459515
calibration,previous_12h,81,24.0,1.0,6.316004160887867,6.495141747406241
calibration,previous_12h,82,24.0,1.0,6.488189288294821,6.561623814489481
calibration,previous_12h,83,24.0,1.0,6.656020495494275,6.605446270213622
calibration,previous_12h,84,24.0,1.0,6.839844280997109,6.659174548232261
calibration,previous_12h,85,24.0,1.0,7.059432184073144,6.760895067347095
calibration,previous_12h,86,24.0,1.0,7.2792656423196656,6.880319781708311
calibration,previous_12h,87,24.0,1.0,7.5025895684849075,7.001826555625668
calibration,previous_12h,88,24.0,1.0,7.7225470986821865,7.117803534351741
calibration,previous_12h,89,24.0,1.0,7.956351007636364,7.2300531142338365
calibration,previous_12h,90,24.0,1.0,8.193976948998305,7.339944840955881
calibration,previous_12h,91,24.0,1.0,8.434120048864923,7.448481831006548
calibration,previous_12h,92,24.0,1.0,8.67011709211345,7.553052257850257
calibration,previous_12h,93,24.0,1.0,8.900987357207168,7.654967047602268
calibration,previous_12h,94,24.0,1.0,9.133723207330192,7.754281059296786
calibration,previous_12h,95,24.0,1.0,9.362655360669425,7.851673298937323
calibration,previous_12h,96,24.0,1.0,9.583277618733653,7.946174067509615
calibration,previous_12h,97,24.0,1.0,9.791553442539126,8.037697733884407
calibration,previous_12h,98,24.0,1.0,9.993174728835541,8.126843271372186
calibration,previous_12h,99,24.0,1.0,10.185701457518114,8.238702261345598
calibration,previous_12h,100,24.0,1.0,10.368291407257013,8.357217924573913
calibration,previous_12h,20,24.0,5.0,1.4261777045043278,2.2321921973798897
calibration,previous_12h,21,24.0,5.0,1.3515762397811937,2.200219618489019
calibration,previous_12h,22,24.0,5.0,1.3076742613124193,2.237458757940769
calibration,previous_12h,23,24.0,5.0,1.2724834776917104,2.3970140008309437
calibration,previous_12h,24,24.0,5.0,1.1480649734514792,2.345917374445916
calibration,previous_12h,25,24.0,5.0,1.054067478408638,2.2953996229376994
calibration,previous_12h,26,24.0,5.0,0.9432672837092149,2.1534575129438904
calibration,previous_12h,27,24.0,5.0,0.8685102571135639,2.2093615135068356
calibration,previous_12h,28,24.0,5.0,0.8070016480413722,2.3134425546426973
calibration,previous_12h,29,24.0,5.0,0.7590725849299762,2.414151997890679
calibration,previous_12h,30,24.0,5.0,0.6754034151831068,2.3808843844898897
calibration,previous_12h,31,24.0,5.0,0.6153102315969994,2.3901788589796302
calibration,previous_12h,32,24.0,5.0,0.63242919524229,2.57723449846492
calibration,previous_12h,33,24.0,5.0,0.6912437402095906,2.5321944424144815
calibration,previous_12h,34,24.0,5.0,0.7534289381146975,2.6228319648278653
calibration,previous_12h,35,24.0,5.0,0.8584889442826649,2.7860217576117563
calibration,previous_12h,36,24.0,5.0,0.9267417305922621,2.8423177063929383
calibration,previous_12h,37,24.0,5.0,0.9397104823267499,2.852248658634715
calibration,previous_12h,38,24.0,5.0,0.9972126037008033,2.9797015009215055
calibration,previous_12h,39,24.0,5.0,1.0769077131504767,3.052388389815164
calibration,previous_12h,40,24.0,5.0,1.1619348837272003,3.153494227849918
calibration,previous_12h,41,24.0,5.0,1.27968735125914,3.3102352966713378
calibration,previous_12h,42,24.0,5.0,1.3891002103090022,3.4009934328669056
calibration,previous_12h,43,24.0,5.0,1.5103587254282846,3.5229673534473704
calibration,previous_12h,44,24.0,5.0,1.6492804640108494,3.673521980013361
calibration,previous_12h,45,24.0,5.0,1.7677170227013317,3.706998306299414
calibration,previous_12h,46,24.0,5.0,1.8962809788390267,3.9083149638132086
calibration,previous_12h,47,24.0,5.0,1.9933818392918745,4.04325355468933
calibration,previous_12h,48,24.0,5.0,2.096208255250387,4.095947363855701
calibration,previous_12h,49,24.0,5.0,2.2301962058603575,4.227655679713815
calibration,previous_12h,50,24.0,5.0,2.342811884775098,4.27607204759084
calibration,previous_12h,51,24.0,5.0,2.445308069149621,4.3832478272554765
calibration,previous_12h,52,24.0,5.0,2.5559859112144645,4.4923309373803955
calibration,previous_12h,53,24.0,5.0,2.6561790826246767,4.535784359418393
calibration,previous_12h,54,24.0,5.0,2.7643788551837023,4.621938034229278
calibration,previous_12h,55,24.0,5.0,2.860046239355496,4.781473636861522
calibration,previous_12h,56,24.0,5.0,2.950450704134866,4.8673708143953
calibration,previous_12h,57,24.0,5.0,3.0500811397926597,4.968536181705829
calibration,previous_12h,58,24.0,5.0,3.1534949585248606,5.045038271226998
calibration,previous_12h,59,24.0,5.0,3.2559745900575976,5.106789323796623
calibration,previous_12h,60,24.0,5.0,3.367560477682918,5.187371926131301
calibration,previous_12h,61,24.0,5.0,3.4790004886670722,5.2594010439988015
calibration,previous_12h,62,24.0,5.0,3.584972780142226,5.332715422268097
calibration,previous_12h,63,24.0,5.0,3.698433449741989,5.401447447553687
calibration,previous_12h,64,24.0,5.0,3.8139341286228534,5.461537638944813
calibration,previous_12h,65,24.0,5.0,3.9440220809380033,5.5568967903808275
calibration,previous_12h,66,24.0,5.0,4.068561911506152,5.61211551788825
calibration,previous_12h,67,24.0,5.0,4.196517847648451,5.6580139738538815
calibration,previous_12h,68,24.0,5.0,4.320517868495033,5.760966276382207
calibration,previous_12h,69,24.0,5.0,4.456938059195736,5.822287856538111
calibration,previous_12h,70,24.0,5.0,4.595138817703948,5.925093528250813
calibration,previous_12h,71,24.0,5.0,4.7380316606384865,5.996279833449081
calibration,previous_12h,72,24.0,5.0,4.881637863954658,6.035477545691692
calibration,previous_12h,73,24.0,5.0,5.023836123542869,6.084119164004598
calibration,previous_12h,74,24.0,5.0,5.176983571894445,6.153723546327283
calibration,previous_12h,75,24.0,5.0,5.33482670354295,6.190988093072725
calibration,previous_12h,76,24.0,5.0,5.490131857985636,6.242777726546844
calibration,previous_12h,77,24.0,5.0,5.651143222241539,6.29038587612476
calibration,previous_12h,78,24.0,5.0,5.811459870983571,6.3708051185311865
calibration,previous_12h,79,24.0,5.0,5.974278133283173,6.401165468714853
calibration,previous_12h,80,24.0,5.0,6.1406899196833065,6.4450391650459515
calibration,previous_12h,81,24.0,5.0,6.316004160887867,6.495141747406219
calibration,previous_12h,82,24.0,5.0,6.488189288294821,6.561623814489481
calibration,previous_12h,83,24.0,5.0,6.656020495494297,6.6054462702136
calibration,previous_12h,84,24.0,5.0,6.839844280997109,6.659174548232261
calibration,previous_12h,85,24.0,5.0,7.059432184073144,6.7608950673470725
calibration,previous_12h,86,24.0,5.0,7.279265642319688,6.880319781708288
calibration,previous_12h,87,24.0,5.0,7.50258956848493,7.001826555625645
calibration,previous_12h,88,24.0,5.0,7.722547098682142,7.117803534351719
calibration,previous_12h,89,24.0,5.0,7.956351007636342,7.230053114233814
calibration,previous_12h,90,24.0,5.0,8.193976948998305,7.3399448409558365
calibration,previous_12h,91,24.0,5.0,8.434120048864946,7.448481831006526
calibration,previous_12h,92,24.0,5.0,8.670117092113472,7.553052257850257
calibration,previous_12h,93,24.0,5.0,8.900987357207146,7.654967047602246
calibration,previous_12h,94,24.0,5.0,9.133723207330192,7.754281059296786
calibration,previous_12h,95,24.0,5.0,9.362655360669404,7.851673298937301
calibration,previous_12h,96,24.0,5.0,9.583277618733632,7.946174067509593
calibration,previous_12h,97,24.0,5.0,9.791553442539126,8.037697733884386
calibration,previous_12h,98,24.0,5.0,9.993174728835541,8.126843271372186
calibration,previous_12h,99,24.0,5.0,10.185701457518114,8.238702261345598
calibration,previous_12h,100,24.0,5.0,10.368291407256969,8.357217924573845
calibration,previous_12h,20,24.0,12.0,1.4261777045043278,2.2321921973798897
calibration,previous_12h,21,24.0,12.0,1.3515762397811937,2.200219618489041
calibration,previous_12h,22,24.0,12.0,1.3076742613124193,2.237458757940769
calibration,previous_12h,23,24.0,12.0,1.2724834776917104,2.3970140008309437
calibration,previous_12h,24,24.0,12.0,1.1480649734515014,2.3459173744459383
calibration,previous_12h,25,24.0,12.0,1.054067478408638,2.2953996229376994
calibration,previous_12h,26,24.0,12.0,0.9432672837092149,2.1534575129438682
calibration,previous_12h,27,24.0,12.0,0.8685102571135639,2.2093615135068134
calibration,previous_12h,28,24.0,12.0,0.8070016480413944,2.3134425546427195
calibration,previous_12h,29,24.0,12.0,0.7590725849299984,2.414151997890679
calibration,previous_12h,30,24.0,12.0,0.6754034151831512,2.3808843844898897
calibration,previous_12h,31,24.0,12.0,0.6153102315969994,2.3901788589796302
calibration,previous_12h,32,24.0,12.0,0.6324291952423122,2.577234498464942
calibration,previous_12h,33,24.0,12.0,0.6912437402096128,2.5321944424144815
calibration,previous_12h,34,24.0,12.0,0.7534289381146975,2.6228319648278653
calibration,previous_12h,35,24.0,12.0,0.8584889442826871,2.786021757611734
calibration,previous_12h,36,24.0,12.0,0.9267417305922176,2.842317706392916
calibration,previous_12h,37,24.0,12.0,0.9397104823267499,2.852248658634715
calibration,previous_12h,38,24.0,12.0,0.9972126037007811,2.979701500921461
calibration,previous_12h,39,24.0,12.0,1.0769077131504545,3.052388389815164
calibration,previous_12h,40,24.0,12.0,1.1619348837271781,3.15349422784994
calibration,previous_12h,41,24.0,12.0,1.2796873512591178,3.31023529667136
calibration,previous_12h,42,24.0,12.0,1.3891002103090022,3.4009934328668834
calibration,previous_12h,43,24.0,12.0,1.5103587254283068,3.5229673534473926
calibration,previous_12h,44,24.0,12.0,1.6492804640108272,3.673521980013361
calibration,previous_12h,45,24.0,12.0,1.7677170227013095,3.7069983062993916
calibration,previous_12h,46,24.0,12.0,1.896280978839049,3.908314963813231
calibration,previous_12h,47,24.0,12.0,1.99338183929183,4.04325355468933
calibration,previous_12h,48,24.0,12.0,2.0962082552503647,4.095947363855679
calibration,previous_12h,49,24.0,12.0,2.2301962058603575,4.227655679713793
calibration,previous_12h,50,24.0,12.0,2.342811884775098,4.27607204759084
calibration,previous_12h,51,24.0,12.0,2.4453080691495988,4.383247827255432
calibration,previous_12h,52,24.0,12.0,2.55598591121442,4.4923309373803955
calibration,previous_12h,53,24.0,12.0,2.6561790826246767,4.535784359418393
calibration,previous_12h,54,24.0,12.0,2.764378855183658,4.621938034229256
calibration,previous_12h,55,24.0,12.0,2.8600462393554738,4.781473636861477
calibration,previous_12h,56,24.0,12.0,2.950450704134866,4.8673708143953
calibration,previous_12h,57,24.0,12.0,3.0500811397926375,4.968536181705807
calibration,previous_12h,58,24.0,12.0,3.1534949585248606,5.045038271226976
calibration,previous_12h,59,24.0,12.0,3.2559745900575976,5.106789323796557
calibration,previous_12h,60,24.0,12.0,3.367560477682918,5.187371926131257
calibration,previous_12h,61,24.0,12.0,3.4790004886670722,5.259401043998757
calibration,previous_12h,62,24.0,12.0,3.5849727801421816,5.332715422268075
calibration,previous_12h,63,24.0,12.0,3.698433449741989,5.4014474475536645
calibration,previous_12h,64,24.0,12.0,3.8139341286228534,5.461537638944769
calibration,previous_12h,65,24.0,12.0,3.9440220809380033,5.556896790380805
calibration,previous_12h,66,24.0,12.0,4.06856191150613,5.612115517888228
calibration,previous_12h,67,24.0,12.0,4.196517847648473,5.658013973853837
calibration,previous_12h,68,24.0,12.0,4.320517868495011,5.760966276382207
calibration,previous_12h,69,24.0,12.0,4.456938059195714,5.822287856538111
calibration,previous_12h,70,24.0,12.0,4.595138817703925,5.925093528250791
calibration,previous_12h,71,24.0,12.0,4.7380316606384865,5.996279833449059
calibration,previous_12h,72,24.0,12.0,4.881637863954658,6.03547754569167
calibration,previous_12h,73,24.0,12.0,5.023836123542869,6.0841191640045755
calibration,previous_12h,74,24.0,12.0,5.176983571894422,6.153723546327261
calibration,previous_12h,75,24.0,12.0,5.334826703542905,6.190988093072658
calibration,previous_12h,76,24.0,12.0,5.490131857985636,6.2427777265468665
calibration,previous_12h,77,24.0,12.0,5.651143222241495,6.29038587612476
calibration,previous_12h,78,24.0,12.0,5.811459870983571,6.370805118531142
calibration,previous_12h,79,24.0,12.0,5.974278133283217,6.401165468714787
calibration,previous_12h,80,24.0,12.0,6.140689919683284,6.445039165045929
calibration,previous_12h,81,24.0,12.0,6.316004160887889,6.495141747406241
calibration,previous_12h,82,24.0,12.0,6.488189288294843,6.561623814489459
calibration,previous_12h,83,24.0,12.0,6.656020495494275,6.605446270213577
calibration,previous_12h,84,24.0,12.0,6.839844280997109,6.659174548232238
calibration,previous_12h,85,24.0,12.0,7.059432184073167,6.760895067347028
calibration,previous_12h,86,24.0,12.0,7.2792656423196656,6.880319781708288
calibration,previous_12h,87,24.0,12.0,7.50258956848493,7.001826555625668
calibration,previous_12h,88,24.0,12.0,7.7225470986821865,7.1178035343516965
calibration,previous_12h,89,24.0,12.0,7.956351007636364,7.2300531142338365
calibration,previous_12h,90,24.0,12.0,8.193976948998326,7.339944840955814
calibration,previous_12h,91,24.0,12.0,8.434120048864902,7.448481831006548
calibration,previous_12h,92,24.0,12.0,8.67011709211345,7.553052257850235
calibration,previous_12h,93,24.0,12.0,8.900987357207168,7.654967047602224
calibration,previous_12h,94,24.0,12.0,9.133723207330213,7.754281059296786
calibration,previous_12h,95,24.0,12.0,9.362655360669425,7.851673298937301
calibration,previous_12h,96,24.0,12.0,9.583277618733653,7.946174067509615
calibration,previous_12h,97,24.0,12.0,9.791553442539147,8.037697733884407
calibration,previous_12h,98,24.0,12.0,9.993174728835585,8.12684327137223
calibration,previous_12h,99,24.0,12.0,10.18570145751816,8.238702261345644
calibration,previous_12h,100,24.0,12.0,10.36829140725699,8.357217924573845
calibration,linear_10h,20,4.0,1.0,1.4000288615011236,2.227059501383799
calibration,linear_10h,21,4.0,1.0,1.3256518818945962,2.196610935526655
calibration,linear_10h,22,4.0,1.0,1.2820342448585542,2.2251675111790936
calibration,linear_10h,23,4.0,1.0,1.2467513013133535,2.3854053460102165
calibration,linear_10h,24,4.0,1.0,1.1216587006661616,2.334334483873257
calibration,linear_10h,25,4.0,1.0,1.0269856193596771,2.2835832320058813
calibration,linear_10h,26,4.0,1.0,0.9153479826553346,2.155472911960632
calibration,linear_10h,27,4.0,1.0,0.8400828312168596,2.176151195286824
calibration,linear_10h,28,4.0,1.0,0.7781183636981881,2.2798245557014596
calibration,linear_10h,29,4.0,1.0,0.7297687544481235,2.380204973185518
calibration,linear_10h,30,4.0,1.0,0.6454721556228726,2.3464328972589987
calibration,linear_10h,31,4.0,1.0,0.5847848809170664,2.355149542448931
calibration,linear_10h,32,4.0,1.0,0.5827424160788963,2.5414014779733263
calibration,linear_10h,33,4.0,1.0,0.6417421698435177,2.495145004725785
calibration,linear_10h,34,4.0,1.0,0.6604811402532773,2.5844533842642514
calibration,linear_10h,35,4.0,1.0,0.7191133684799844,2.7461122190671317
calibration,linear_10h,36,4.0,1.0,0.7881676160810702,2.8005418211680233
calibration,linear_10h,37,4.0,1.0,0.8502398856982563,2.8084824105370165
calibration,linear_10h,38,4.0,1.0,0.9002358540754818,2.934279930544026
calibration,linear_10h,39,4.0,1.0,0.9672097420160064,3.0053671625720924
calibration,linear_10h,40,4.0,1.0,1.0213830853258443,3.104916935606261
calibration,linear_10h,41,4.0,1.0,1.073520861975008,3.2602585444831966
calibration,linear_10h,42,4.0,1.0,1.10621869337042,3.3496343569259457
calibration,linear_10h,43,4.0,1.0,1.1502245288141921,3.470208252843876
calibration,linear_10h,44,4.0,1.0,1.182567701677617,3.6196929818997914
calibration,linear_10h,45,4.0,1.0,1.230066046293432,3.651836641984163
calibration,linear_10h,46,4.0,1.0,1.267271465449471,3.8516785287634914
calibration,linear_10h,47,4.0,1.0,1.278281721991692,3.9849857486283335
calibration,linear_10h,48,4.0,1.0,1.3086462838449497,4.036013011834738
calibration,linear_10h,49,4.0,1.0,1.3806980365902,4.165818021177259
calibration,linear_10h,50,4.0,1.0,1.449139046856307,4.212168197105037
calibration,linear_10h,51,4.0,1.0,1.5059966717542617,4.317573210795622
calibration,linear_10h,52,4.0,1.0,1.5693537712028194,4.424412333298311
calibration,linear_10h,53,4.0,1.0,1.6207786091471998,4.465992006716579
calibration,linear_10h,54,4.0,1.0,1.6787558784426837,4.550432148399874
calibration,linear_10h,55,4.0,1.0,1.722740752805918,4.708256812399103
calibration,linear_10h,56,4.0,1.0,1.7600550983378094,4.792499246131698
calibration,linear_10h,57,4.0,1.0,1.8031550433234456,4.891853527046663
calibration,linear_10h,58,4.0,1.0,1.8475828529517013,4.966391702852357
calibration,linear_10h,59,4.0,1.0,1.889673230774691,5.026078256010713
calibration,linear_10h,60,4.0,1.0,1.9398486214312838,5.104773820445785
calibration,linear_10h,61,4.0,1.0,1.988185118572794,5.17496255205212
calibration,linear_10h,62,4.0,1.0,2.0318379130272346,5.246734047733614
calibration,linear_10h,63,4.0,1.0,2.0800378592069624,5.314067941325273
calibration,linear_10h,64,4.0,1.0,2.1291965349577557,5.37291976400347
calibration,linear_10h,65,4.0,1.0,2.1911835135601576,5.46716177472375
calibration,linear_10h,66,4.0,1.0,2.2458556777075644,5.521163489048675
calibration,linear_10h,67,4.0,1.0,2.302856895958172,5.565929674782044
calibration,linear_10h,68,4.0,1.0,2.357632346292915,5.667857184933345
calibration,linear_10h,69,4.0,1.0,2.4222595118117862,5.728385293586702
calibration,linear_10h,70,4.0,1.0,2.4870586031871866,5.830572762215347
calibration,linear_10h,71,4.0,1.0,2.555487652102162,5.901153785214297
calibration,linear_10h,72,4.0,1.0,2.623084030340994,5.939975652580198
calibration,linear_10h,73,4.0,1.0,2.6905507251210103,5.988506812669869
calibration,linear_10h,74,4.0,1.0,2.763024543574133,6.058017437866625
calibration,linear_10h,75,4.0,1.0,2.8390790294828827,6.095310026328882
calibration,linear_10h,76,4.0,1.0,2.9115614029448844,6.146877504096571
calibration,linear_10h,77,4.0,1.0,2.98867798060245,6.194437031020517
calibration,linear_10h,78,4.0,1.0,3.067687936089425,6.275085281657233
calibration,linear_10h,79,4.0,1.0,3.1460440398994205,6.305879362053601
calibration,linear_10h,80,4.0,1.0,3.2270859620201042,6.350301636040956
calibration,linear_10h,81,4.0,1.0,3.316500785988885,6.401075867098682
calibration,linear_10h,82,4.0,1.0,3.4118349360192424,6.468220084385901
calibration,linear_10h,83,4.0,1.0,3.5318027215765158,6.512602581442972
calibration,linear_10h,84,4.0,1.0,3.655476329032026,6.625357145880906
calibration,linear_10h,85,4.0,1.0,3.7834219661159407,6.745956128193242
calibration,linear_10h,86,4.0,1.0,3.911155937254285,6.864760780083778
calibration,linear_10h,87,4.0,1.0,4.041380666229344,6.9855795241243746
calibration,linear_10h,88,4.0,1.0,4.170382711791265,7.100990405732888
calibration,linear_10h,89,4.0,1.0,4.3077941017473975,7.212447060388283
calibration,linear_10h,90,4.0,1.0,4.447887859178534,7.321501729702806
calibration,linear_10h,91,4.0,1.0,4.590073875171852,7.429230864375613
calibration,linear_10h,92,4.0,1.0,4.729468950182358,7.532945988429751
calibration,linear_10h,93,4.0,1.0,4.866140155365906,7.634139465296097
calibration,linear_10h,94,4.0,1.0,5.004357302798512,7.732555311020617
calibration,linear_10h,95,4.0,1.0,5.140511831259009,7.829113626648732
calibration,linear_10h,96,4.0,1.0,5.271144361208324,7.92288964406207
calibration,linear_10h,97,4.0,1.0,5.395753844112239,8.013891943992935
calibration,linear_10h,98,4.0,1.0,5.515348877889781,8.102532727671385
calibration,linear_10h,99,4.0,1.0,5.630149111439953,8.18991050417377
calibration,linear_10h,100,4.0,1.0,5.739225207465881,8.269795829561467
calibration,linear_10h,20,4.0,5.0,1.4000288615010792,2.227059501383777
calibration,linear_10h,21,4.0,5.0,1.3256518818946406,2.1966109355266994
calibration,linear_10h,22,4.0,5.0,1.2820342448585542,2.2251675111790936
calibration,linear_10h,23,4.0,5.0,1.2467513013133313,2.3854053460102165
calibration,linear_10h,24,4.0,5.0,1.1216587006661616,2.334334483873257
calibration,linear_10h,25,4.0,5.0,1.026985619359655,2.2835832320058813
calibration,linear_10h,26,4.0,5.0,0.9153479826553124,2.1554729119605875
calibration,linear_10h,27,4.0,5.0,0.8400828312168374,2.176151195286802
calibration,linear_10h,28,4.0,5.0,0.7781183636981659,2.279824555701415
calibration,linear_10h,29,4.0,5.0,0.7297687544481013,2.380204973185518
calibration,linear_10h,30,4.0,5.0,0.6454721556228726,2.3464328972589543
calibration,linear_10h,31,4.0,5.0,0.5847848809170664,2.355149542448931
calibration,linear_10h,32,4.0,5.0,0.5827424160788963,2.5414014779733485
calibration,linear_10h,33,4.0,5.0,0.6417421698435177,2.495145004725763
calibration,linear_10h,34,4.0,5.0,0.6604811402532773,2.584453384264229
calibration,linear_10h,35,4.0,5.0,0.7191133684800066,2.7461122190671095
calibration,linear_10h,36,4.0,5.0,0.7881676160810702,2.8005418211680233
calibration,linear_10h,37,4.0,5.0,0.8502398856982563,2.8084824105369943
calibration,linear_10h,38,4.0,5.0,0.9002358540754596,2.9342799305440037
calibration,linear_10h,39,4.0,5.0,0.9672097420160064,3.005367162572048
calibration,linear_10h,40,4.0,5.0,1.0213830853258665,3.104916935606239
calibration,linear_10h,41,4.0,5.0,1.0735208619749859,3.2602585444831744
calibration,linear_10h,42,4.0,5.0,1.106218693370442,3.349634356925968
calibration,linear_10h,43,4.0,5.0,1.1502245288142143,3.4702082528438316
calibration,linear_10h,44,4.0,5.0,1.182567701677617,3.619692981899769
calibration,linear_10h,45,4.0,5.0,1.2300660462934099,3.651836641984141
calibration,linear_10h,46,4.0,5.0,1.2672714654494932,3.8516785287635136
calibration,linear_10h,47,4.0,5.0,1.2782817219917364,3.9849857486283335
calibration,linear_10h,48,4.0,5.0,1.308646283844972,4.036013011834716
calibration,linear_10h,49,4.0,5.0,1.3806980365902,4.165818021177237
calibration,linear_10h,50,4.0,5.0,1.4491390468563292,4.212168197105015
calibration,linear_10h,51,4.0,5.0,1.5059966717542395,4.3175732107956
calibration,linear_10h,52,4.0,5.0,1.5693537712028194,4.424412333298289
calibration,linear_10h,53,4.0,5.0,1.6207786091471776,4.465992006716557
calibration,linear_10h,54,4.0,5.0,1.6787558784426837,4.550432148399852
calibration,linear_10h,55,4.0,5.0,1.722740752805918,4.708256812399103
calibration,linear_10h,56,4.0,5.0,1.7600550983378094,4.792499246131698
calibration,linear_10h,57,4.0,5.0,1.8031550433234456,4.891853527046641
calibration,linear_10h,58,4.0,5.0,1.8475828529517013,4.966391702852335
calibration,linear_10h,59,4.0,5.0,1.8896732307746689,5.026078256010713
calibration,linear_10h,60,4.0,5.0,1.9398486214312838,5.104773820445785
calibration,linear_10h,61,4.0,5.0,1.988185118572794,5.174962552052076
calibration,linear_10h,62,4.0,5.0,2.03183791302719,5.24673404773357
calibration,linear_10h,63,4.0,5.0,2.080037859206918,5.314067941325273
calibration,linear_10h,64,4.0,5.0,2.1291965349577335,5.372919764003448
calibration,linear_10h,65,4.0,5.0,2.191183513560113,5.467161774723728
calibration,linear_10h,66,4.0,5.0,2.2458556777075422,5.521163489048653
calibration,linear_10h,67,4.0,5.0,2.3028568959581497,5.565929674782
calibration,linear_10h,68,4.0,5.0,2.357632346292915,5.667857184933345
calibration,linear_10h,69,4.0,5.0,2.422259511811742,5.728385293586702
calibration,linear_10h,70,4.0,5.0,2.4870586031871866,5.830572762215347
calibration,linear_10h,71,4.0,5.0,2.5554876521021397,5.901153785214319
calibration,linear_10h,72,4.0,5.0,2.623084030340994,5.939975652580176
calibration,linear_10h,73,4.0,5.0,2.690550725120966,5.988506812669914
calibration,linear_10h,74,4.0,5.0,2.7630245435741108,6.058017437866647
calibration,linear_10h,75,4.0,5.0,2.8390790294828827,6.095310026328882
calibration,linear_10h,76,4.0,5.0,2.9115614029448844,6.146877504096548
calibration,linear_10h,77,4.0,5.0,2.9886779806024277,6.194437031020494
calibration,linear_10h,78,4.0,5.0,3.0676879360894027,6.275085281657233
calibration,linear_10h,79,4.0,5.0,3.1460440398994205,6.305879362053579
calibration,linear_10h,80,4.0,5.0,3.22708596202006,6.350301636040934
calibration,linear_10h,81,4.0,5.0,3.316500785988863,6.401075867098682
calibration,linear_10h,82,4.0,5.0,3.4118349360192424,6.468220084385878
calibration,linear_10h,83,4.0,5.0,3.5317854884361566,6.51260258144295
calibration,linear_10h,84,4.0,5.0,3.6541201668114365,6.6253571458808835
calibration,linear_10h,85,4.0,5.0,3.778129959813792,6.745956128193242
calibration,linear_10h,86,4.0,5.0,3.8983116850165533,6.864760780083778
calibration,linear_10h,87,4.0,5.0,4.016307613399528,6.985579524124397
calibration,linear_10h,88,4.0,5.0,4.128506909792917,7.100990405732888
calibration,linear_10h,89,4.0,5.0,4.242096277599217,7.212447060388327
calibration,linear_10h,90,4.0,5.0,4.350037111662974,7.321501729702828
calibration,linear_10h,91,4.0,5.0,4.451535744183688,7.4292308643756355
calibration,linear_10h,92,4.0,5.0,4.5442976611760555,7.532945988429729
calibration,linear_10h,93,4.0,5.0,4.629767490512382,7.634139465296141
calibration,linear_10h,94,4.0,5.0,4.71172663538455,7.732555311020639
calibration,linear_10h,95,4.0,5.0,4.788350505974837,7.829113626648687
calibration,linear_10h,96,4.0,5.0,4.856571595695436,7.922889644062092
calibration,linear_10h,97,4.0,5.0,4.91923691653442,8.013891943992913
calibration,linear_10h,98,4.0,5.0,4.975522085941364,8.102532727671385
calibration,linear_10h,99,4.0,5.0,5.028206529195267,8.189910504173747
calibration,linear_10h,100,4.0,5.0,5.076514539242072,8.269795829561488
calibration,linear_10h,20,4.0,12.0,1.3736600681924171,2.221931342810235
calibration,linear_10h,21,4.0,12.0,1.2995076950370388,2.193038892830823
calibration,linear_10h,22,4.0,12.0,1.256175017642902,2.212783650166661
calibration,linear_10h,23,4.0,12.0,1.2207921339004502,2.377462451359036
calibration,linear_10h,24,4.0,12.0,1.095007508140844,2.3226621191225982
calibration,linear_10h,25,4.0,12.0,0.9996429846483412,2.2716697503210703
calibration,linear_10h,26,4.0,12.0,0.8871499412388406,2.2022142134834333
calibration,linear_10h,27,4.0,12.0,0.8113671070977935,2.300426218967111
calibration,linear_10h,28,4.0,12.0,0.7489389004047053,2.3715970378721307
calibration,linear_10h,29,4.0,12.0,0.7001609565417288,2.43527739562186
calibration,linear_10h,30,4.0,12.0,0.6152227363990681,2.5155422775875014
calibration,linear_10h,31,4.0,12.0,0.5589512626668736,2.565897033659059
calibration,linear_10h,32,4.0,12.0,0.5511773866264003,2.6246574857313076
calibration,linear_10h,33,4.0,12.0,0.5994405221792842,2.666807769928181
calibration,linear_10h,34,4.0,12.0,0.6162708912482939,2.719141059398966
calibration,linear_10h,35,4.0,12.0,0.6731849320486871,2.7791423207346178
calibration,linear_10h,36,4.0,12.0,0.7406353438075719,2.8233498363588128
calibration,linear_10h,37,4.0,12.0,0.8011022257573996,2.902524142575791
calibration,linear_10h,38,4.0,12.0,0.8495890281645657,3.0055206412216817
calibration,linear_10h,39,4.0,12.0,0.9150662092404227,3.0666738792376913
calibration,linear_10h,40,4.0,12.0,0.967572583205123,3.1443966922506172
calibration,linear_10h,41,4.0,12.0,1.0179731334248876,3.2213847216078895
calibration,linear_10h,42,4.0,12.0,1.0488073149865995,3.2971015018931293
calibration,linear_10h,43,4.0,12.0,1.0908917177165023,3.416192897057746
calibration,linear_10h,44,4.0,12.0,1.1212048890220316,3.5645353424941018
calibration,linear_10h,45,4.0,12.0,1.1667833936422456,3.595258360962972
calibration,linear_10h,46,4.0,12.0,1.201958955223903,3.79352636318504
calibration,linear_10h,47,4.0,12.0,1.2106017191976903,3.925086811780165
calibration,linear_10h,48,4.0,12.0,1.2386578266911696,3.974322429451971
calibration,linear_10h,49,4.0,12.0,1.2706096526614141,4.102081209482766
calibration,linear_10h,50,4.0,12.0,1.303506284549072,4.146204231668005
calibration,linear_10h,51,4.0,12.0,1.328231736333918,4.24968430980619
calibration,linear_10h,52,4.0,12.0,1.3601287958696417,4.354090623188234
calibration,linear_10h,53,4.0,12.0,1.3747165026697816,4.393628987040299
calibration,linear_10h,54,4.0,12.0,1.4013582448358708,4.476198173745405
calibration,linear_10h,55,4.0,12.0,1.416933876419102,4.632151038038201
calibration,linear_10h,56,4.0,12.0,1.429437251766652,4.7145778858845855
calibration,linear_10h,57,4.0,12.0,1.443652974866172,4.811942982334716
calibration,linear_10h,58,4.0,12.0,1.4535856015476023,4.884312855408068
calibration,linear_10h,59,4.0,12.0,1.4618033183576795,4.941712407904308
calibration,linear_10h,60,4.0,12.0,1.4719247638993238,5.018305007449553
calibration,linear_10h,61,4.0,12.0,1.4840154554180085,5.086436428626673
calibration,linear_10h,62,4.0,12.0,1.493468232946027,5.177274723908498
calibration,linear_10h,63,4.0,12.0,1.5056161258259593,5.284239604346386
calibration,linear_10h,64,4.0,12.0,1.5131179377207093,5.391799302971001
calibration,linear_10h,65,4.0,12.0,1.5251168592883113,5.502374696652024
calibration,linear_10h,66,4.0,12.0,1.537053893571172,5.61679398019217
calibration,linear_10h,67,4.0,12.0,1.5483631327698921,5.729053990586075
calibration,linear_10h,68,4.0,12.0,1.5558408215661013,5.838452400973626
calibration,linear_10h,69,4.0,12.0,1.566836099382174,5.952668441081421
calibration,linear_10h,70,4.0,12.0,1.5835595914022615,6.068652745725789
calibration,linear_10h,71,4.0,12.0,1.6026771078822444,6.182119518856899
calibration,linear_10h,72,4.0,12.0,1.6216998307966302,6.2985692769065516
calibration,linear_10h,73,4.0,12.0,1.6341496892096075,6.406264715741217
calibration,linear_10h,74,4.0,12.0,1.6507112564479565,6.5231470804011815
calibration,linear_10h,75,4.0,12.0,1.6760713513674474,6.637791036311991
calibration,linear_10h,76,4.0,12.0,1.7275103708793704,6.756028965754379
calibration,linear_10h,77,4.0,12.0,1.7779220502777804,6.871238665306989
calibration,linear_10h,78,4.0,12.0,1.8278912000887493,6.985459831099994
calibration,linear_10h,79,4.0,12.0,1.8824031369999439,7.106560723690558
calibration,linear_10h,80,4.0,12.0,1.930403566672445,7.227052937341827
calibration,linear_10h,81,4.0,12.0,1.9779597842872754,7.349845525753218
calibration,linear_10h,82,4.0,12.0,2.0303814119388086,7.482707437246594
calibration,linear_10h,83,4.0,12.0,2.082643400320028,7.6677765183139845
calibration,linear_10h,84,4.0,12.0,2.1368349646283535,7.859541300407291
calibration,linear_10h,85,4.0,12.0,2.1901369002279347,8.035588172572371
calibration,linear_10h,86,4.0,12.0,2.2449918241266076,8.214865475693811
calibration,linear_10h,87,4.0,12.0,2.299229469693853,8.397537717430858
calibration,linear_10h,88,4.0,12.0,2.3531083006396614,8.578476578609905
calibration,linear_10h,89,4.0,12.0,2.412238522974519,8.771616293869421
calibration,linear_10h,90,4.0,12.0,2.472300214756018,8.95376874731002
calibration,linear_10h,91,4.0,12.0,2.5368611025981647,9.150501922113442
calibration,linear_10h,92,4.0,12.0,2.598356445814054,9.306826755058628
calibration,linear_10h,93,4.0,12.0,2.661527512737649,9.456419683127804
calibration,linear_10h,94,4.0,12.0,2.722602866652002,9.63076014026123
calibration,linear_10h,95,4.0,12.0,2.788765918665126,9.78583059710405
calibration,linear_10h,96,4.0,12.0,2.853887794807397,9.951570416480449
calibration,linear_10h,97,4.0,12.0,2.914958477872398,10.097949126169258
calibration,linear_10h,98,4.0,12.0,2.9775496745706453,10.230787112948313
calibration,linear_10h,99,4.0,12.0,3.041867496004058,10.37229905548891
calibration,linear_10h,100,4.0,12.0,3.1027401655650433,10.510385672907985
calibration,linear_10h,20,8.0,1.0,1.4000288615011014,2.227059501383777
calibration,linear_10h,21,8.0,1.0,1.3256518818946184,2.1966109355266994
calibration,linear_10h,22,8.0,1.0,1.282034244858532,2.2251675111790714
calibration,linear_10h,23,8.0,1.0,1.2467513013133313,2.3854053460102165
calibration,linear_10h,24,8.0,1.0,1.1216587006661616,2.334334483873257
calibration,linear_10h,25,8.0,1.0,1.0269856193596327,2.2835832320059035
calibration,linear_10h,26,8.0,1.0,0.9153479826553124,2.1554729119605875
calibration,linear_10h,27,8.0,1.0,0.8400828312168596,2.176151195286824
calibration,linear_10h,28,8.0,1.0,0.7781183636981881,2.279824555701415
calibration,linear_10h,29,8.0,1.0,0.7297687544481235,2.38020497318554
calibration,linear_10h,30,8.0,1.0,0.6454721556228726,2.3464328972589543
calibration,linear_10h,31,8.0,1.0,0.5847848809170442,2.355149542448931
calibration,linear_10h,32,8.0,1.0,0.5827424160789185,2.5414014779733485
calibration,linear_10h,33,8.0,1.0,0.6417421698435177,2.495145004725763
calibration,linear_10h,34,8.0,1.0,0.6604811402532773,2.5844533842642514
calibration,linear_10h,35,8.0,1.0,0.7191133684799844,2.7461122190671095
calibration,linear_10h,36,8.0,1.0,0.788167616081048,2.8005418211680233
calibration,linear_10h,37,8.0,1.0,0.850239885698234,2.8084824105369943
calibration,linear_10h,38,8.0,1.0,0.9002358540754596,2.934279930544026
calibration,linear_10h,39,8.0,1.0,0.9672097420160064,3.005367162572048
calibration,linear_10h,40,8.0,1.0,1.0213830853258443,3.104916935606261
calibration,linear_10h,41,8.0,1.0,1.0735208619749859,3.2602585444831966
calibration,linear_10h,42,8.0,1.0,1.10621869337042,3.3496343569259235
calibration,linear_10h,43,8.0,1.0,1.1502245288141921,3.470208252843854
calibration,linear_10h,44,8.0,1.0,1.1825677016776392,3.6196929818997914
calibration,linear_10h,45,8.0,1.0,1.230066046293432,3.6518366419841186
calibration,linear_10h,46,8.0,1.0,1.267271465449471,3.8516785287635136
calibration,linear_10h,47,8.0,1.0,1.278281721991692,3.9849857486283335
calibration,linear_10h,48,8.0,1.0,1.308646283844972,4.036013011834738
calibration,linear_10h,49,8.0,1.0,1.3806980365902,4.165818021177259
calibration,linear_10h,50,8.0,1.0,1.4491390468563292,4.2121681971050595
calibration,linear_10h,51,8.0,1.0,1.5059966717542839,4.317573210795622
calibration,linear_10h,52,8.0,1.0,1.5693537712028416,4.424412333298311
calibration,linear_10h,53,8.0,1.0,1.6207786091471776,4.465992006716579
calibration,linear_10h,54,8.0,1.0,1.6787558784426615,4.550432148399874
calibration,linear_10h,55,8.0,1.0,1.7227407528058958,4.708256812399103
calibration,linear_10h,56,8.0,1.0,1.7600550983378094,4.792499246131698
calibration,linear_10h,57,8.0,1.0,1.8031550433234234,4.891853527046663
calibration,linear_10h,58,8.0,1.0,1.8475828529517013,4.966391702852335
calibration,linear_10h,59,8.0,1.0,1.8896732307746467,5.026078256010691
calibration,linear_10h,60,8.0,1.0,1.9398486214312838,5.104773820445763
calibration,linear_10h,61,8.0,1.0,1.9881851185727717,5.174962552052098
calibration,linear_10h,62,8.0,1.0,2.0318379130272124,5.246734047733592
calibration,linear_10h,63,8.0,1.0,2.080037859206918,5.314067941325251
calibration,linear_10h,64,8.0,1.0,2.1291965349577335,5.37291976400347
calibration,linear_10h,65,8.0,1.0,2.1911835135601354,5.467161774723728
calibration,linear_10h,66,8.0,1.0,2.2458556777075422,5.521163489048675
calibration,linear_10h,67,8.0,1.0,2.3028568959581497,5.565929674782
calibration,linear_10h,68,8.0,1.0,2.3576323462928928,5.667857184933389
calibration,linear_10h,69,8.0,1.0,2.422259511811764,5.728385293586702
calibration,linear_10h,70,8.0,1.0,2.4870586031871644,5.830572762215347
calibration,linear_10h,71,8.0,1.0,2.5554876521021175,5.901153785214319
calibration,linear_10h,72,8.0,1.0,2.6230840303409497,5.939975652580198
calibration,linear_10h,73,8.0,1.0,2.6905507251209437,5.9885068126698915
calibration,linear_10h,74,8.0,1.0,2.7630245435741108,6.058017437866647
calibration,linear_10h,75,8.0,1.0,2.8390790294828605,6.095310026328926
calibration,linear_10h,76,8.0,1.0,2.911561402944862,6.146877504096571
calibration,linear_10h,77,8.0,1.0,2.9886779806024055,6.194437031020539
calibration,linear_10h,78,8.0,1.0,3.067687936089425,6.275085281657233
calibration,linear_10h,79,8.0,1.0,3.1460440398993983,6.305879362053601
calibration,linear_10h,80,8.0,1.0,3.22708596202006,6.350301636040956
calibration,linear_10h,81,8.0,1.0,3.316500785988863,6.401075867098682
calibration,linear_10h,82,8.0,1.0,3.41183493601922,6.468220084385901
calibration,linear_10h,83,8.0,1.0,3.5318027215765158,6.512602581442994
calibration,linear_10h,84,8.0,1.0,3.6554763290320036,6.625357145880906
calibration,linear_10h,85,8.0,1.0,3.7834219661159407,6.745956128193242
calibration,linear_10h,86,8.0,1.0,3.911155937254285,6.864760780083778
calibration,linear_10h,87,8.0,1.0,4.041380666229322,6.985579524124397
calibration,linear_10h,88,8.0,1.0,4.170382711791243,7.100990405732888
calibration,linear_10h,89,8.0,1.0,4.3077941017473975,7.212447060388305
calibration,linear_10h,90,8.0,1.0,4.447887859178534,7.321501729702806
calibration,linear_10h,91,8.0,1.0,4.590073875171874,7.4292308643756355
calibration,linear_10h,92,8.0,1.0,4.729468950182358,7.532945988429751
calibration,linear_10h,93,8.0,1.0,4.866140155365883,7.634139465296097
calibration,linear_10h,94,8.0,1.0,5.004357302798534,7.732555311020617
calibration,linear_10h,95,8.0,1.0,5.140511831258987,7.829113626648709
calibration,linear_10h,96,8.0,1.0,5.271144361208324,7.92288964406207
calibration,linear_10h,97,8.0,1.0,5.395753844112194,8.013891943992935
calibration,linear_10h,98,8.0,1.0,5.515348877889759,8.102532727671385
calibration,linear_10h,99,8.0,1.0,5.630149111439908,8.18991050417377
calibration,linear_10h,100,8.0,1.0,5.739225207465859,8.269795829561488
calibration,linear_10h,20,8.0,5.0,1.4000288615010792,2.227059501383799
calibration,linear_10h,21,8.0,5.0,1.3256518818946184,2.1966109355266994
calibration,linear_10h,22,8.0,5.0,1.2820342448585542,2.2251675111790714
calibration,linear_10h,23,8.0,5.0,1.2467513013133757,2.3854053460102165
calibration,linear_10h,24,8.0,5.0,1.1216587006661838,2.3343344838732794
calibration,linear_10h,25,8.0,5.0,1.026985619359655,2.2835832320059257
calibration,linear_10h,26,8.0,5.0,0.9153479826553346,2.1554729119606097
calibration,linear_10h,27,8.0,5.0,0.8400828312168596,2.176151195286802
calibration,linear_10h,28,8.0,5.0,0.7781183636981881,2.2798245557014596
calibration,linear_10h,29,8.0,5.0,0.7297687544481235,2.380204973185518
calibration,linear_10h,30,8.0,5.0,0.6454721556228726,2.3464328972589765
calibration,linear_10h,31,8.0,5.0,0.5847848809170442,2.3551495424489532
calibration,linear_10h,32,8.0,5.0,0.5827424160788963,2.5414014779733485
calibration,linear_10h,33,8.0,5.0,0.6417421698434955,2.495145004725785
calibration,linear_10h,34,8.0,5.0,0.6604811402532551,2.584453384264229
calibration,linear_10h,35,8.0,5.0,0.7191133684799622,2.746112219067154
calibration,linear_10h,36,8.0,5.0,0.788167616081048,2.8005418211680677
calibration,linear_10h,37,8.0,5.0,0.850239885698234,2.8084824105370165
calibration,linear_10h,38,8.0,5.0,0.9002358540754374,2.934279930544026
calibration,linear_10h,39,8.0,5.0,0.9672097420160064,3.0053671625720924
calibration,linear_10h,40,8.0,5.0,1.0213830853258221,3.104916935606239
calibration,linear_10h,41,8.0,5.0,1.0735208619749859,3.2602585444831966
calibration,linear_10h,42,8.0,5.0,1.10621869337042,3.349634356925968
calibration,linear_10h,43,8.0,5.0,1.1502245288142143,3.4702082528438982
calibration,linear_10h,44,8.0,5.0,1.1825677016776392,3.6196929818997914
calibration,linear_10h,45,8.0,5.0,1.230066046293432,3.651836641984163
calibration,linear_10h,46,8.0,5.0,1.267271465449471,3.8516785287635136
calibration,linear_10h,47,8.0,5.0,1.2782817219917364,3.9849857486283558
calibration,linear_10h,48,8.0,5.0,1.308646283844972,4.036013011834738
calibration,linear_10h,49,8.0,5.0,1.3806980365902,4.165818021177237
calibration,linear_10h,50,8.0,5.0,1.4491390468563292,4.212168197105082
calibration,linear_10h,51,8.0,5.0,1.5059966717542395,4.317573210795644
calibration,linear_10h,52,8.0,5.0,1.5693537712028194,4.424412333298311
calibration,linear_10h,53,8.0,5.0,1.6207786091471776,4.4659920067166015
calibration,linear_10h,54,8.0,5.0,1.6787558784426615,4.55043214839983
calibration,linear_10h,55,8.0,5.0,1.722740752805918,4.708256812399103
calibration,linear_10h,56,8.0,5.0,1.7600550983378316,4.792499246131698
calibration,linear_10h,57,8.0,5.0,1.8031550433234456,4.891853527046641
calibration,linear_10h,58,8.0,5.0,1.8475828529517235,4.966391702852335
calibration,linear_10h,59,8.0,5.0,1.8896732307746467,5.026078256010713
calibration,linear_10h,60,8.0,5.0,1.939848621431306,5.104773820445785
calibration,linear_10h,61,8.0,5.0,1.9881851185727717,5.174962552052076
calibration,linear_10h,62,8.0,5.0,2.0318379130272346,5.24673404773357
calibration,linear_10h,63,8.0,5.0,2.08003785920694,5.314067941325229
calibration,linear_10h,64,8.0,5.0,2.1291965349577557,5.372919764003448
calibration,linear_10h,65,8.0,5.0,2.1911835135601354,5.467161774723728
calibration,linear_10h,66,8.0,5.0,2.24585567770752,5.521163489048653
calibration,linear_10h,67,8.0,5.0,2.3028568959581497,5.565929674782022
calibration,linear_10h,68,8.0,5.0,2.357632346292915,5.667857184933345
calibration,linear_10h,69,8.0,5.0,2.422259511811764,5.728385293586702
calibration,linear_10h,70,8.0,5.0,2.4870586031871644,5.830572762215347
calibration,linear_10h,71,8.0,5.0,2.5554876521021397,5.901153785214297
calibration,linear_10h,72,8.0,5.0,2.623084030340972,5.939975652580198
calibration,linear_10h,73,8.0,5.0,2.6905507251210103,5.988506812669869
calibration,linear_10h,74,8.0,5.0,2.763024543574133,6.058017437866647
calibration,linear_10h,75,8.0,5.0,2.8390790294828827,6.0953100263288595
calibration,linear_10h,76,8.0,5.0,2.9115614029449066,6.146877504096571
calibration,linear_10h,77,8.0,5.0,2.98867798060245,6.194437031020517
calibration,linear_10h,78,8.0,5.0,3.067687936089447,6.2750852816572555
calibration,linear_10h,79,8.0,5.0,3.1460440398994205,6.305879362053579
calibration,linear_10h,80,8.0,5.0,3.2270859620201042,6.350301636040934
calibration,linear_10h,81,8.0,5.0,3.316500785988863,6.401075867098682
calibration,linear_10h,82,8.0,5.0,3.41183493601922,6.468220084385901
calibration,linear_10h,83,8.0,5.0,3.5318027215764936,6.512602581442972
calibration,linear_10h,84,8.0,5.0,3.6554763290319814,6.625357145880906
calibration,linear_10h,85,8.0,5.0,3.783421966115963,6.74595612819322
calibration,linear_10h,86,8.0,5.0,3.9111559372542626,6.864760780083756
calibration,linear_10h,87,8.0,5.0,4.041380666229322,6.985579524124397
calibration,linear_10h,88,8.0,5.0,4.170382711791265,7.100990405732888
calibration,linear_10h,89,8.0,5.0,4.307794101747353,7.212447060388283
calibration,linear_10h,90,8.0,5.0,4.447887859178534,7.321501729702762
calibration,linear_10h,91,8.0,5.0,4.590073875171874,7.429230864375613
calibration,linear_10h,92,8.0,5.0,4.729468950182336,7.532945988429707
calibration,linear_10h,93,8.0,5.0,4.866140155365906,7.634139465296097
calibration,linear_10h,94,8.0,5.0,5.004357302798534,7.732555311020617
calibration,linear_10h,95,8.0,5.0,5.140511831259009,7.829113626648754
calibration,linear_10h,96,8.0,5.0,5.271144361208324,7.92288964406207
calibration,linear_10h,97,8.0,5.0,5.395753844112217,8.013891943992913
calibration,linear_10h,98,8.0,5.0,5.515348877889781,8.102532727671363
calibration,linear_10h,99,8.0,5.0,5.6301491114399305,8.18991050417377
calibration,linear_10h,100,8.0,5.0,5.739225207465837,8.269795829561488
calibration,linear_10h,20,8.0,12.0,1.3736600681924171,2.221931342810235
calibration,linear_10h,21,8.0,12.0,1.2995076950370388,2.193038892830823
calibration,linear_10h,22,8.0,12.0,1.256175017642902,2.212783650166661
calibration,linear_10h,23,8.0,12.0,1.2207921339004502,2.377462451359036
calibration,linear_10h,24,8.0,12.0,1.095007508140844,2.3226621191225982
calibration,linear_10h,25,8.0,12.0,0.9996429846483412,2.2716697503210703
calibration,linear_10h,26,8.0,12.0,0.8871499412388406,2.2022142134834333
calibration,linear_10h,27,8.0,12.0,0.8113671070977935,2.300426218967111
calibration,linear_10h,28,8.0,12.0,0.7489389004047053,2.3715970378721307
calibration,linear_10h,29,8.0,12.0,0.7001609565417288,2.43527739562186
calibration,linear_10h,30,8.0,12.0,0.6152227363990681,2.5155422775875014
calibration,linear_10h,31,8.0,12.0,0.5589512626668736,2.565897033659059
calibration,linear_10h,32,8.0,12.0,0.5511773866264003,2.6246574857313076
calibration,linear_10h,33,8.0,12.0,0.5994405221792842,2.666807769928181
calibration,linear_10h,34,8.0,12.0,0.6162708912482939,2.719141059398966
calibration,linear_10h,35,8.0,12.0,0.6731849320486871,2.7791423207346178
calibration,linear_10h,36,8.0,12.0,0.7406353438075719,2.8233498363588128
calibration,linear_10h,37,8.0,12.0,0.8011022257573996,2.902524142575791
calibration,linear_10h,38,8.0,12.0,0.8495890281645657,3.0055206412216817
calibration,linear_10h,39,8.0,12.0,0.9150662092404227,3.0666738792376913
calibration,linear_10h,40,8.0,12.0,0.967572583205123,3.1443966922506172
calibration,linear_10h,41,8.0,12.0,1.0179731334248876,3.2213847216078895
calibration,linear_10h,42,8.0,12.0,1.0488073149865995,3.2971015018931293
calibration,linear_10h,43,8.0,12.0,1.0908917177165023,3.416192897057746
calibration,linear_10h,44,8.0,12.0,1.1212048890220316,3.5645353424941018
calibration,linear_10h,45,8.0,12.0,1.1667833936422456,3.595258360962972
calibration,linear_10h,46,8.0,12.0,1.201958955223903,3.79352636318504
calibration,linear_10h,47,8.0,12.0,1.2106017191976903,3.925086811780165
calibration,linear_10h,48,8.0,12.0,1.2386578266911696,3.974322429451971
calibration,linear_10h,49,8.0,12.0,1.2706096526614141,4.102081209482766
calibration,linear_10h,50,8.0,12.0,1.303506284549072,4.146204231668005
calibration,linear_10h,51,8.0,12.0,1.328231736333918,4.24968430980619
calibration,linear_10h,52,8.0,12.0,1.3601287958696417,4.354090623188234
calibration,linear_10h,53,8.0,12.0,1.3747165026697816,4.393628987040299
calibration,linear_10h,54,8.0,12.0,1.4013582448358708,4.476198173745405
calibration,linear_10h,55,8.0,12.0,1.416933876419102,4.632151038038201
calibration,linear_10h,56,8.0,12.0,1.429437251766652,4.7145778858845855
calibration,linear_10h,57,8.0,12.0,1.443652974866172,4.811942982334716
calibration,linear_10h,58,8.0,12.0,1.4535856015476023,4.884312855408068
calibration,linear_10h,59,8.0,12.0,1.4618033183576795,4.941712407904308
calibration,linear_10h,60,8.0,12.0,1.4719247638993238,5.018305007449553
calibration,linear_10h,61,8.0,12.0,1.4840154554180085,5.086436428626673
calibration,linear_10h,62,8.0,12.0,1.493468232946027,5.177274723908498
calibration,linear_10h,63,8.0,12.0,1.5056161258259593,5.284239604346386
calibration,linear_10h,64,8.0,12.0,1.5131179377207093,5.391799302971001
calibration,linear_10h,65,8.0,12.0,1.5251168592883113,5.502374696652024
calibration,linear_10h,66,8.0,12.0,1.537053893571172,5.61679398019217
calibration,linear_10h,67,8.0,12.0,1.5483631327698921,5.729053990586075
calibration,linear_10h,68,8.0,12.0,1.5558408215661013,5.838452400973626
calibration,linear_10h,69,8.0,12.0,1.566836099382174,5.952668441081421
calibration,linear_10h,70,8.0,12.0,1.5835595914022615,6.068652745725789
calibration,linear_10h,71,8.0,12.0,1.6026771078822444,6.182119518856899
calibration,linear_10h,72,8.0,12.0,1.6216998307966302,6.2985692769065516
calibration,linear_10h,73,8.0,12.0,1.6341496892096075,6.406264715741217
calibration,linear_10h,74,8.0,12.0,1.6507112564479565,6.5231470804011815
calibration,linear_10h,75,8.0,12.0,1.6760713513674474,6.637791036311991
calibration,linear_10h,76,8.0,12.0,1.7275103708793704,6.756028965754379
calibration,linear_10h,77,8.0,12.0,1.7779220502777804,6.871238665306989
calibration,linear_10h,78,8.0,12.0,1.8278912000887493,6.985459831099994
calibration,linear_10h,79,8.0,12.0,1.8824031369999439,7.106560723690558
calibration,linear_10h,80,8.0,12.0,1.930403566672445,7.227052937341827
calibration,linear_10h,81,8.0,12.0,1.9779597842872754,7.349845525753218
calibration,linear_10h,82,8.0,12.0,2.0303814119388086,7.482707437246594
calibration,linear_10h,83,8.0,12.0,2.082643400320028,7.6677765183139845
calibration,linear_10h,84,8.0,12.0,2.1368349646283535,7.859541300407291
calibration,linear_10h,85,8.0,12.0,2.1901369002279347,8.035588172572371
calibration,linear_10h,86,8.0,12.0,2.2449918241266076,8.214865475693811
calibration,linear_10h,87,8.0,12.0,2.299229469693853,8.397537717430858
calibration,linear_10h,88,8.0,12.0,2.3531083006396614,8.578476578609905
calibration,linear_10h,89,8.0,12.0,2.412238522974519,8.771616293869421
calibration,linear_10h,90,8.0,12.0,2.472300214756018,8.95376874731002
calibration,linear_10h,91,8.0,12.0,2.5368611025981647,9.150501922113442
calibration,linear_10h,92,8.0,12.0,2.598356445814054,9.306826755058628
calibration,linear_10h,93,8.0,12.0,2.661527512737649,9.456419683127804
calibration,linear_10h,94,8.0,12.0,2.722602866652002,9.63076014026123
calibration,linear_10h,95,8.0,12.0,2.788765918665126,9.78583059710405
calibration,linear_10h,96,8.0,12.0,2.853887794807397,9.951570416480449
calibration,linear_10h,97,8.0,12.0,2.914958477872398,10.097949126169258
calibration,linear_10h,98,8.0,12.0,2.9775496745706453,10.230787112948313
calibration,linear_10h,99,8.0,12.0,3.041867496004058,10.37229905548891
calibration,linear_10h,100,8.0,12.0,3.1027401655650433,10.510385672907985
calibration,linear_10h,20,10.0,1.0,1.4000288615010792,2.2270595013837546
calibration,linear_10h,21,10.0,1.0,1.3256518818945962,2.1966109355266994
calibration,linear_10h,22,10.0,1.0,1.282034244858532,2.2251675111790936
calibration,linear_10h,23,10.0,1.0,1.2467513013133535,2.3854053460102165
calibration,linear_10h,24,10.0,1.0,1.1216587006661616,2.3343344838732794
calibration,linear_10h,25,10.0,1.0,1.0269856193596327,2.283583232005859
calibration,linear_10h,26,10.0,1.0,0.9153479826553124,2.1554729119605653
calibration,linear_10h,27,10.0,1.0,0.8400828312168152,2.1761511952867796
calibration,linear_10h,28,10.0,1.0,0.7781183636981659,2.2798245557014596
calibration,linear_10h,29,10.0,1.0,0.7297687544481235,2.380204973185518
calibration,linear_10h,30,10.0,1.0,0.6454721556228504,2.3464328972589543
calibration,linear_10h,31,10.0,1.0,0.5847848809170442,2.355149542448931
calibration,linear_10h,32,10.0,1.0,0.5827424160788963,2.5414014779733263
calibration,linear_10h,33,10.0,1.0,0.6417421698435177,2.495145004725785
calibration,linear_10h,34,10.0,1.0,0.6604811402532773,2.584453384264229
calibration,linear_10h,35,10.0,1.0,0.7191133684799844,2.746112219067154
calibration,linear_10h,36,10.0,1.0,0.7881676160810924,2.8005418211680677
calibration,linear_10h,37,10.0,1.0,0.8502398856982563,2.8084824105369943
calibration,linear_10h,38,10.0,1.0,0.9002358540754596,2.9342799305440037
calibration,linear_10h,39,10.0,1.0,0.9672097420160064,3.00536716257207
calibration,linear_10h,40,10.0,1.0,1.0213830853258665,3.104916935606239
calibration,linear_10h,41,10.0,1.0,1.0735208619749859,3.260258544483219
calibration,linear_10h,42,10.0,1.0,1.106218693370442,3.3496343569259235
calibration,linear_10h,43,10.0,1.0,1.1502245288141921,3.470208252843854
calibration,linear_10h,44,10.0,1.0,1.182567701677617,3.6196929818997914
calibration,linear_10h,45,10.0,1.0,1.230066046293432,3.651836641984141
calibration,linear_10h,46,10.0,1.0,1.267271465449471,3.851678528763536
calibration,linear_10h,47,10.0,1.0,1.278281721991692,3.9849857486283335
calibration,linear_10h,48,10.0,1.0,1.308646283844972,4.036013011834738
calibration,linear_10h,49,10.0,1.0,1.3806980365902222,4.1658180211772144
calibration,linear_10h,50,10.0,1.0,1.4491390468563292,4.2121681971050595
calibration,linear_10h,51,10.0,1.0,1.5059966717542395,4.317573210795622
calibration,linear_10h,52,10.0,1.0,1.5693537712027972,4.424412333298311
calibration,linear_10h,53,10.0,1.0,1.6207786091471776,4.465992006716557
calibration,linear_10h,54,10.0,1.0,1.6787558784426393,4.550432148399852
calibration,linear_10h,55,10.0,1.0,1.7227407528058958,4.708256812399125
calibration,linear_10h,56,10.0,1.0,1.7600550983378316,4.792499246131743
calibration,linear_10h,57,10.0,1.0,1.8031550433234456,4.891853527046663
calibration,linear_10h,58,10.0,1.0,1.8475828529517013,4.966391702852335
calibration,linear_10h,59,10.0,1.0,1.8896732307746467,5.026078256010669
calibration,linear_10h,60,10.0,1.0,1.9398486214312838,5.104773820445785
calibration,linear_10h,61,10.0,1.0,1.9881851185727717,5.174962552052076
calibration,linear_10h,62,10.0,1.0,2.0318379130272346,5.246734047733592
calibration,linear_10h,63,10.0,1.0,2.08003785920694,5.314067941325251
calibration,linear_10h,64,10.0,1.0,2.129196534957778,5.37291976400347
calibration,linear_10h,65,10.0,1.0,2.1911835135601354,5.46716177472375
calibration,linear_10h,66,10.0,1.0,2.2458556777075422,5.521163489048653
calibration,linear_10h,67,10.0,1.0,2.3028568959581497,5.565929674782022
calibration,linear_10h,68,10.0,1.0,2.357632346292915,5.667857184933367
calibration,linear_10h,69,10.0,1.0,2.4222595118117862,5.728385293586702
calibration,linear_10h,70,10.0,1.0,2.4870586031871422,5.830572762215347
calibration,linear_10h,71,10.0,1.0,2.5554876521021397,5.901153785214275
calibration,linear_10h,72,10.0,1.0,2.623084030340994,5.939975652580198
calibration,linear_10h,73,10.0,1.0,2.690550725120988,5.988506812669869
calibration,linear_10h,74,10.0,1.0,2.7630245435741108,6.058017437866625
calibration,linear_10h,75,10.0,1.0,2.8390790294828605,6.095310026328882
calibration,linear_10h,76,10.0,1.0,2.9115614029449066,6.146877504096593
calibration,linear_10h,77,10.0,1.0,2.9886779806024277,6.194437031020494
calibration,linear_10h,78,10.0,1.0,3.067687936089425,6.2750852816572555
calibration,linear_10h,79,10.0,1.0,3.1460440398994205,6.305879362053601
calibration,linear_10h,80,10.0,1.0,3.227085962020082,6.3503016360409115
calibration,linear_10h,81,10.0,1.0,3.316500785988863,6.401075867098682
calibration,linear_10h,82,10.0,1.0,3.4118349360192424,6.468220084385901
calibration,linear_10h,83,10.0,1.0,3.5318027215765158,6.512602581442994
calibration,linear_10h,84,10.0,1.0,3.6554763290320036,6.625357145880906
calibration,linear_10h,85,10.0,1.0,3.783421966115963,6.745956128193242
calibration,linear_10h,86,10.0,1.0,3.9111559372542626,6.864760780083778
calibration,linear_10h,87,10.0,1.0,4.041380666229322,6.985579524124419
calibration,linear_10h,88,10.0,1.0,4.170382711791243,7.100990405732865
calibration,linear_10h,89,10.0,1.0,4.307794101747375,7.212447060388327
calibration,linear_10h,90,10.0,1.0,4.447887859178534,7.321501729702806
calibration,linear_10h,91,10.0,1.0,4.590073875171874,7.4292308643756355
calibration,linear_10h,92,10.0,1.0,4.729468950182336,7.532945988429751
calibration,linear_10h,93,10.0,1.0,4.866140155365906,7.634139465296097
calibration,linear_10h,94,10.0,1.0,5.004357302798534,7.732555311020639
calibration,linear_10h,95,10.0,1.0,5.140511831259009,7.829113626648732
calibration,linear_10h,96,10.0,1.0,5.271144361208302,7.922889644062092
calibration,linear_10h,97,10.0,1.0,5.395753844112217,8.013891943992935
calibration,linear_10h,98,10.0,1.0,5.515348877889714,8.102532727671385
calibration,linear_10h,99,10.0,1.0,5.6301491114399305,8.18991050417377
calibration,linear_10h,100,10.0,1.0,5.739225207465837,8.26979582956151
calibration,linear_10h,20,10.0,5.0,1.4000288615011014,2.227059501383777
calibration,linear_10h,21,10.0,5.0,1.3256518818945962,2.196610935526677
calibration,linear_10h,22,10.0,5.0,1.282034244858532,2.2251675111790714
calibration,linear_10h,23,10.0,5.0,1.2467513013133313,2.3854053460102165
calibration,linear_10h,24,10.0,5.0,1.1216587006661616,2.334334483873235
calibration,linear_10h,25,10.0,5.0,1.0269856193596771,2.2835832320059035
calibration,linear_10h,26,10.0,5.0,0.9153479826553124,2.1554729119605875
calibration,linear_10h,27,10.0,5.0,0.8400828312168152,2.176151195286802
calibration,linear_10h,28,10.0,5.0,0.7781183636981881,2.2798245557014374
calibration,linear_10h,29,10.0,5.0,0.7297687544481013,2.3802049731854735
calibration,linear_10h,30,10.0,5.0,0.6454721556228726,2.3464328972589543
calibration,linear_10h,31,10.0,5.0,0.5847848809170442,2.355149542448931
calibration,linear_10h,32,10.0,5.0,0.5827424160788963,2.5414014779733263
calibration,linear_10h,33,10.0,5.0,0.6417421698435177,2.495145004725785
calibration,linear_10h,34,10.0,5.0,0.6604811402532551,2.5844533842642514
calibration,linear_10h,35,10.0,5.0,0.7191133684799844,2.7461122190670872
calibration,linear_10h,36,10.0,5.0,0.788167616081048,2.8005418211680455
calibration,linear_10h,37,10.0,5.0,0.850239885698234,2.8084824105370165
calibration,linear_10h,38,10.0,5.0,0.9002358540754374,2.934279930544026
calibration,linear_10h,39,10.0,5.0,0.9672097420160064,3.00536716257207
calibration,linear_10h,40,10.0,5.0,1.0213830853258221,3.104916935606239
calibration,linear_10h,41,10.0,5.0,1.0735208619749859,3.2602585444831966
calibration,linear_10h,42,10.0,5.0,1.10621869337042,3.3496343569259013
calibration,linear_10h,43,10.0,5.0,1.1502245288142143,3.470208252843876
calibration,linear_10h,44,10.0,5.0,1.182567701677617,3.619692981899769
calibration,linear_10h,45,10.0,5.0,1.230066046293432,3.651836641984163
calibration,linear_10h,46,10.0,5.0,1.2672714654494488,3.8516785287634914
calibration,linear_10h,47,10.0,5.0,1.278281721991692,3.9849857486283335
calibration,linear_10h,48,10.0,5.0,1.3086462838449497,4.036013011834738
calibration,linear_10h,49,10.0,5.0,1.3806980365901778,4.165818021177259
calibration,linear_10h,50,10.0,5.0,1.4491390468563292,4.212168197105015
calibration,linear_10h,51,10.0,5.0,1.5059966717542617,4.317573210795622
calibration,linear_10h,52,10.0,5.0,1.5693537712027972,4.4244123332982666
calibration,linear_10h,53,10.0,5.0,1.6207786091471554,4.465992006716557
calibration,linear_10h,54,10.0,5.0,1.6787558784426615,4.550432148399808
calibration,linear_10h,55,10.0,5.0,1.7227407528058958,4.708256812399103
calibration,linear_10h,56,10.0,5.0,1.7600550983378094,4.792499246131676
calibration,linear_10h,57,10.0,5.0,1.8031550433234456,4.891853527046641
calibration,linear_10h,58,10.0,5.0,1.8475828529517013,4.966391702852313
calibration,linear_10h,59,10.0,5.0,1.8896732307746245,5.026078256010691
calibration,linear_10h,60,10.0,5.0,1.9398486214312838,5.104773820445785
calibration,linear_10h,61,10.0,5.0,1.9881851185727717,5.174962552052098
calibration,linear_10h,62,10.0,5.0,2.0318379130272124,5.24673404773357
calibration,linear_10h,63,10.0,5.0,2.080037859206918,5.314067941325229
calibration,linear_10h,64,10.0,5.0,2.1291965349577335,5.37291976400347
calibration,linear_10h,65,10.0,5.0,2.1911835135601354,5.46716177472375
calibration,linear_10h,66,10.0,5.0,2.2458556777075422,5.521163489048675
calibration,linear_10h,67,10.0,5.0,2.3028568959581497,5.5659296747819775
calibration,linear_10h,68,10.0,5.0,2.357632346292937,5.667857184933345
calibration,linear_10h,69,10.0,5.0,2.422259511811764,5.72838529358668
calibration,linear_10h,70,10.0,5.0,2.4870586031871644,5.830572762215347
calibration,linear_10h,71,10.0,5.0,2.5554876521021397,5.901153785214297
calibration,linear_10h,72,10.0,5.0,2.623084030340972,5.939975652580176
calibration,linear_10h,73,10.0,5.0,2.690550725120988,5.988506812669847
calibration,linear_10h,74,10.0,5.0,2.7630245435741108,6.058017437866625
calibration,linear_10h,75,10.0,5.0,2.8390790294828605,6.095310026328837
calibration,linear_10h,76,10.0,5.0,2.9115614029448844,6.146877504096548
calibration,linear_10h,77,10.0,5.0,2.9886779806024277,6.194437031020517
calibration,linear_10h,78,10.0,5.0,3.0676879360894027,6.275085281657233
calibration,linear_10h,79,10.0,5.0,3.1460440398994205,6.305879362053557
calibration,linear_10h,80,10.0,5.0,3.22708596202006,6.350301636040934
calibration,linear_10h,81,10.0,5.0,3.316500785988863,6.401075867098638
calibration,linear_10h,82,10.0,5.0,3.4118349360192424,6.468220084385901
calibration,linear_10h,83,10.0,5.0,3.5318027215765158,6.512602581442972
calibration,linear_10h,84,10.0,5.0,3.655476329032026,6.6253571458808835
calibration,linear_10h,85,10.0,5.0,3.783421966115963,6.74595612819322
calibration,linear_10h,86,10.0,5.0,3.9111559372542626,6.864760780083734
calibration,linear_10h,87,10.0,5.0,4.041380666229344,6.9855795241243746
calibration,linear_10h,88,10.0,5.0,4.170382711791243,7.100990405732843
calibration,linear_10h,89,10.0,5.0,4.307794101747353,7.212447060388305
calibration,linear_10h,90,10.0,5.0,4.447887859178534,7.321501729702762
calibration,linear_10h,91,10.0,5.0,4.590073875171852,7.429230864375613
calibration,linear_10h,92,10.0,5.0,4.729468950182358,7.532945988429707
calibration,linear_10h,93,10.0,5.0,4.866140155365883,7.634139465296097
calibration,linear_10h,94,10.0,5.0,5.004357302798534,7.732555311020617
calibration,linear_10h,95,10.0,5.0,5.140511831259009,7.829113626648709
calibration,linear_10h,96,10.0,5.0,5.271144361208324,7.922889644062048
calibration,linear_10h,97,10.0,5.0,5.395753844112194,8.01389194399289
calibration,linear_10h,98,10.0,5.0,5.515348877889736,8.102532727671363
calibration,linear_10h,99,10.0,5.0,5.6301491114399305,8.189910504173747
calibration,linear_10h,100,10.0,5.0,5.739225207465837,8.269795829561488
calibration,linear_10h,20,10.0,12.0,1.4000288615010792,2.227059501383777
calibration,linear_10h,21,10.0,12.0,1.3256518818946184,2.1966109355267216
calibration,linear_10h,22,10.0,12.0,1.2820342448585542,2.2251675111790714
calibration,linear_10h,23,10.0,12.0,1.2467513013133313,2.3854053460102165
calibration,linear_10h,24,10.0,12.0,1.1216587006661394,2.334334483873257
calibration,linear_10h,25,10.0,12.0,1.0269856193596771,2.2835832320059035
calibration,linear_10h,26,10.0,12.0,0.9153479826553124,2.1554729119606097
calibration,linear_10h,27,10.0,12.0,0.8400828312168374,2.176151195286824
calibration,linear_10h,28,10.0,12.0,0.7781183636981881,2.2798245557014596
calibration,linear_10h,29,10.0,12.0,0.7297687544481235,2.3802049731855623
calibration,linear_10h,30,10.0,12.0,0.6454721556228726,2.3464328972589543
calibration,linear_10h,31,10.0,12.0,0.5847848809170664,2.3551495424489532
calibration,linear_10h,32,10.0,12.0,0.5827424160789185,2.5414014779733263
calibration,linear_10h,33,10.0,12.0,0.6417421698434955,2.495145004725785
calibration,linear_10h,34,10.0,12.0,0.6604811402532551,2.584453384264229
calibration,linear_10h,35,10.0,12.0,0.7191133684799844,2.7461122190671317
calibration,linear_10h,36,10.0,12.0,0.788167616081048,2.8005418211680677
calibration,linear_10h,37,10.0,12.0,0.850239885698234,2.8084824105370165
calibration,linear_10h,38,10.0,12.0,0.9002358540754152,2.934279930544026
calibration,linear_10h,39,10.0,12.0,0.9672097420160064,3.00536716257207
calibration,linear_10h,40,10.0,12.0,1.0213830853258443,3.1049169356062833
calibration,linear_10h,41,10.0,12.0,1.0735208619749859,3.2602585444831744
calibration,linear_10h,42,10.0,12.0,1.10621869337042,3.3496343569259457
calibration,linear_10h,43,10.0,12.0,1.15022452881417,3.470208252843876
calibration,linear_10h,44,10.0,12.0,1.1825677016775948,3.6196929818997914
calibration,linear_10h,45,10.0,12.0,1.230066046293432,3.651836641984141
calibration,linear_10h,46,10.0,12.0,1.267271465449471,3.8516785287635136
calibration,linear_10h,47,10.0,12.0,1.278281721991692,3.9849857486283113
calibration,linear_10h,48,10.0,12.0,1.308646283844972,4.036013011834738
calibration,linear_10h,49,10.0,12.0,1.3806980365901778,4.165818021177259
calibration,linear_10h,50,10.0,12.0,1.4491390468563292,4.2121681971050595
calibration,linear_10h,51,10.0,12.0,1.5059966717542395,4.317573210795622
calibration,linear_10h,52,10.0,12.0,1.5693537712028194,4.424412333298311
calibration,linear_10h,53,10.0,12.0,1.6207786091471776,4.465992006716557
calibration,linear_10h,54,10.0,12.0,1.6787558784426615,4.55043214839983
calibration,linear_10h,55,10.0,12.0,1.722740752805918,4.708256812399103
calibration,linear_10h,56,10.0,12.0,1.7600550983378094,4.792499246131698
calibration,linear_10h,57,10.0,12.0,1.8031550433234456,4.891853527046686
calibration,linear_10h,58,10.0,12.0,1.8475828529517013,4.966391702852335
calibration,linear_10h,59,10.0,12.0,1.8896732307746467,5.026078256010691
calibration,linear_10h,60,10.0,12.0,1.9398486214312616,5.104773820445785
calibration,linear_10h,61,10.0,12.0,1.9881851185727717,5.174962552052098
calibration,linear_10h,62,10.0,12.0,2.03183791302719,5.246734047733614
calibration,linear_10h,63,10.0,12.0,2.080037859206918,5.314067941325296
calibration,linear_10h,64,10.0,12.0,2.1291965349577335,5.37291976400347
calibration,linear_10h,65,10.0,12.0,2.1911835135601354,5.46716177472375
calibration,linear_10h,66,10.0,12.0,2.24585567770752,5.521163489048719
calibration,linear_10h,67,10.0,12.0,2.3028568959581275,5.565929674782022
calibration,linear_10h,68,10.0,12.0,2.357632346292915,5.667857184933367
calibration,linear_10h,69,10.0,12.0,2.422259511811764,5.728385293586702
calibration,linear_10h,70,10.0,12.0,2.4870586031871422,5.830572762215347
calibration,linear_10h,71,10.0,12.0,2.5554876521021175,5.901153785214297
calibration,linear_10h,72,10.0,12.0,2.623084030340972,5.9399756525802205
calibration,linear_10h,73,10.0,12.0,2.690550725120988,5.9885068126698915
calibration,linear_10h,74,10.0,12.0,2.7630245435741108,6.05801743786667
calibration,linear_10h,75,10.0,12.0,2.8390790294828827,6.095310026328904
calibration,linear_10h,76,10.0,12.0,2.9115614029448844,6.146877504096571
calibration,linear_10h,77,10.0,12.0,2.98867798060245,6.194437031020517
calibration,linear_10h,78,10.0,12.0,3.067687936089425,6.275085281657278
calibration,linear_10h,79,10.0,12.0,3.1460440398994205,6.305879362053601
calibration,linear_10h,80,10.0,12.0,3.2270859620200376,6.350301636040934
calibration,linear_10h,81,10.0,12.0,3.316500785988863,6.401075867098682
calibration,linear_10h,82,10.0,12.0,3.4118349360192424,6.468220084385901
calibration,linear_10h,83,10.0,12.0,3.5318027215765158,6.512602581442972
calibration,linear_10h,84,10.0,12.0,3.6554763290319814,6.625357145880906
calibration,linear_10h,85,10.0,12.0,3.7834219661159185,6.745956128193242
calibration,linear_10h,86,10.0,12.0,3.9111559372542626,6.864760780083756
calibration,linear_10h,87,10.0,12.0,4.041380666229322,6.9855795241243746
calibration,linear_10h,88,10.0,12.0,4.170382711791221,7.100990405732843
calibration,linear_10h,89,10.0,12.0,4.307794101747353,7.212447060388305
calibration,linear_10h,90,10.0,12.0,4.447887859178512,7.321501729702784
calibration,linear_10h,91,10.0,12.0,4.5900738751718295,7.429230864375591
calibration,linear_10h,92,10.0,12.0,4.729468950182336,7.532945988429707
calibration,linear_10h,93,10.0,12.0,4.866140155365883,7.634139465296097
calibration,linear_10h,94,10.0,12.0,5.00435730279849,7.732555311020617
calibration,linear_10h,95,10.0,12.0,5.140511831259009,7.829113626648687
calibration,linear_10h,96,10.0,12.0,5.271144361208302,7.922889644062092
calibration,linear_10h,97,10.0,12.0,5.395753844112194,8.013891943992913
calibration,linear_10h,98,10.0,12.0,5.515348877889759,8.102532727671342
calibration,linear_10h,99,10.0,12.0,5.6301491114399305,8.18991050417377
calibration,linear_10h,100,10.0,12.0,5.7392252074658145,8.269795829561488
calibration,linear_10h,20,12.0,1.0,1.4000288615010792,2.2270595013837546
calibration,linear_10h,21,12.0,1.0,1.3256518818945962,2.1966109355266994
calibration,linear_10h,22,12.0,1.0,1.2820342448585542,2.2251675111790936
calibration,linear_10h,23,12.0,1.0,1.2467513013133535,2.3854053460102165
calibration,linear_10h,24,12.0,1.0,1.1216587006661616,2.334334483873235
calibration,linear_10h,25,12.0,1.0,1.026985619359655,2.2835832320058813
calibration,linear_10h,26,12.0,1.0,0.9153479826553124,2.1554729119605875
calibration,linear_10h,27,12.0,1.0,0.8400828312168818,2.176151195286824
calibration,linear_10h,28,12.0,1.0,0.7781183636981881,2.2798245557014374
calibration,linear_10h,29,12.0,1.0,0.7297687544481235,2.380204973185518
calibration,linear_10h,30,12.0,1.0,0.6454721556228948,2.3464328972589543
calibration,linear_10h,31,12.0,1.0,0.5847848809170664,2.3551495424489532
calibration,linear_10h,32,12.0,1.0,0.5827424160788963,2.5414014779733263
calibration,linear_10h,33,12.0,1.0,0.6417421698434955,2.4951450047258072
calibration,linear_10h,34,12.0,1.0,0.6604811402532773,2.5844533842642736
calibration,linear_10h,35,12.0,1.0,0.7191133684800288,2.7461122190671317
calibration,linear_10h,36,12.0,1.0,0.7881676160810702,2.8005418211680455
calibration,linear_10h,37,12.0,1.0,0.8502398856982563,2.8084824105369943
calibration,linear_10h,38,12.0,1.0,0.9002358540754596,2.934279930544026
calibration,linear_10h,39,12.0,1.0,0.9672097420160064,3.0053671625720924
calibration,linear_10h,40,12.0,1.0,1.0213830853258665,3.104916935606261
calibration,linear_10h,41,12.0,1.0,1.073520861975008,3.2602585444831966
calibration,linear_10h,42,12.0,1.0,1.1062186933704643,3.3496343569259457
calibration,linear_10h,43,12.0,1.0,1.1502245288142365,3.470208252843876
calibration,linear_10h,44,12.0,1.0,1.1825677016776392,3.6196929818997914
calibration,linear_10h,45,12.0,1.0,1.2300660462934543,3.651836641984163
calibration,linear_10h,46,12.0,1.0,1.267271465449471,3.8516785287635136
calibration,linear_10h,47,12.0,1.0,1.2782817219917142,3.9849857486283335
calibration,linear_10h,48,12.0,1.0,1.3086462838449942,4.036013011834738
calibration,linear_10h,49,12.0,1.0,1.3806980365902,4.165818021177259
calibration,linear_10h,50,12.0,1.0,1.4491390468563292,4.2121681971050595
calibration,linear_10h,51,12.0,1.0,1.5059966717542617,4.317573210795622
calibration,linear_10h,52,12.0,1.0,1.5693537712028194,4.424412333298311
calibration,linear_10h,53,12.0,1.0,1.6207786091471554,4.465992006716579
calibration,linear_10h,54,12.0,1.0,1.6787558784426393,4.550432148399874
calibration,linear_10h,55,12.0,1.0,1.7227407528058958,4.708256812399103
calibration,linear_10h,56,12.0,1.0,1.7600550983378094,4.792499246131698
calibration,linear_10h,57,12.0,1.0,1.8031550433234456,4.891853527046641
calibration,linear_10h,58,12.0,1.0,1.8475828529517235,4.966391702852335
calibration,linear_10h,59,12.0,1.0,1.8896732307746689,5.026078256010713
calibration,linear_10h,60,12.0,1.0,1.9398486214312838,5.104773820445807
calibration,linear_10h,61,12.0,1.0,1.9881851185727717,5.174962552052098
calibration,linear_10h,62,12.0,1.0,2.0318379130272124,5.246734047733592
calibration,linear_10h,63,12.0,1.0,2.08003785920694,5.314067941325251
calibration,linear_10h,64,12.0,1.0,2.1291965349577335,5.37291976400347
calibration,linear_10h,65,12.0,1.0,2.191183513560113,5.46716177472375
calibration,linear_10h,66,12.0,1.0,2.2458556777075422,5.521163489048653
calibration,linear_10h,67,12.0,1.0,2.3028568959581275,5.565929674782044
calibration,linear_10h,68,12.0,1.0,2.357632346292915,5.667857184933367
calibration,linear_10h,69,12.0,1.0,2.4222595118117862,5.728385293586724
calibration,linear_10h,70,12.0,1.0,2.4870586031871644,5.830572762215347
calibration,linear_10h,71,12.0,1.0,2.5554876521021397,5.901153785214319
calibration,linear_10h,72,12.0,1.0,2.623084030340994,5.939975652580176
calibration,linear_10h,73,12.0,1.0,2.690550725120966,5.988506812669869
calibration,linear_10h,74,12.0,1.0,2.7630245435740886,6.058017437866625
calibration,linear_10h,75,12.0,1.0,2.8390790294828827,6.095310026328904
calibration,linear_10h,76,12.0,1.0,2.9115614029449066,6.146877504096593
calibration,linear_10h,77,12.0,1.0,2.9886779806024277,6.194437031020517
calibration,linear_10h,78,12.0,1.0,3.0676879360894027,6.275085281657278
calibration,linear_10h,79,12.0,1.0,3.1460440398994205,6.305879362053601
calibration,linear_10h,80,12.0,1.0,3.22708596202006,6.350301636040956
calibration,linear_10h,81,12.0,1.0,3.316500785988863,6.401075867098682
calibration,linear_10h,82,12.0,1.0,3.4118349360192424,6.468220084385923
calibration,linear_10h,83,12.0,1.0,3.531802721576538,6.512602581442994
calibration,linear_10h,84,12.0,1.0,3.6554763290320036,6.62535714588095
calibration,linear_10h,85,12.0,1.0,3.783421966115963,6.745956128193242
calibration,linear_10h,86,12.0,1.0,3.911155937254285,6.864760780083778
calibration,linear_10h,87,12.0,1.0,4.041380666229322,6.985579524124419
calibration,linear_10h,88,12.0,1.0,4.170382711791265,7.100990405732865
calibration,linear_10h,89,12.0,1.0,4.307794101747375,7.212447060388305
calibration,linear_10h,90,12.0,1.0,4.447887859178534,7.321501729702806
calibration,linear_10h,91,12.0,1.0,4.590073875171852,7.4292308643756355
calibration,linear_10h,92,12.0,1.0,4.729468950182358,7.532945988429751
calibration,linear_10h,93,12.0,1.0,4.866140155365906,7.634139465296119
calibration,linear_10h,94,12.0,1.0,5.004357302798557,7.732555311020617
calibration,linear_10h,95,12.0,1.0,5.140511831259009,7.829113626648776
calibration,linear_10h,96,12.0,1.0,5.271144361208324,7.922889644062114
calibration,linear_10h,97,12.0,1.0,5.395753844112217,8.013891943992935
calibration,linear_10h,98,12.0,1.0,5.515348877889759,8.102532727671408
calibration,linear_10h,99,12.0,1.0,5.630149111439953,8.189910504173747
calibration,linear_10h,100,12.0,1.0,5.739225207465837,8.26979582956151
calibration,linear_10h,20,12.0,5.0,1.4000288615011014,2.227059501383799
calibration,linear_10h,21,12.0,5.0,1.3256518818946184,2.1966109355266994
calibration,linear_10h,22,12.0,5.0,1.2820342448585542,2.2251675111790714
calibration,linear_10h,23,12.0,5.0,1.2467513013133535,2.385405346010261
calibration,linear_10h,24,12.0,5.0,1.1216587006661616,2.334334483873235
calibration,linear_10h,25,12.0,5.0,1.026985619359655,2.2835832320059035
calibration,linear_10h,26,12.0,5.0,0.9153479826553124,2.1554729119606097
calibration,linear_10h,27,12.0,5.0,0.8400828312168596,2.176151195286824
calibration,linear_10h,28,12.0,5.0,0.7781183636981881,2.2798245557014374
calibration,linear_10h,29,12.0,5.0,0.7297687544481457,2.380204973185518
calibration,linear_10h,30,12.0,5.0,0.6454721556228948,2.3464328972589765
calibration,linear_10h,31,12.0,5.0,0.5847848809170664,2.3551495424489532
calibration,linear_10h,32,12.0,5.0,0.5827424160789185,2.5414014779733263
calibration,linear_10h,33,12.0,5.0,0.6417421698435177,2.495145004725785
calibration,linear_10h,34,12.0,5.0,0.6604811402532773,2.5844533842642514
calibration,linear_10h,35,12.0,5.0,0.7191133684800066,2.7461122190671317
calibration,linear_10h,36,12.0,5.0,0.7881676160810702,2.8005418211680455
calibration,linear_10h,37,12.0,5.0,0.8502398856982563,2.8084824105370165
calibration,linear_10h,38,12.0,5.0,0.9002358540754596,2.934279930544026
calibration,linear_10h,39,12.0,5.0,0.9672097420160064,3.00536716257207
calibration,linear_10h,40,12.0,5.0,1.0213830853258443,3.104916935606261
calibration,linear_10h,41,12.0,5.0,1.0735208619749859,3.2602585444831744
calibration,linear_10h,42,12.0,5.0,1.10621869337042,3.3496343569259235
calibration,linear_10h,43,12.0,5.0,1.1502245288142143,3.4702082528438982
calibration,linear_10h,44,12.0,5.0,1.1825677016776392,3.619692981899769
calibration,linear_10h,45,12.0,5.0,1.230066046293432,3.651836641984141
calibration,linear_10h,46,12.0,5.0,1.2672714654494932,3.8516785287634914
calibration,linear_10h,47,12.0,5.0,1.278281721991692,3.9849857486283335
calibration,linear_10h,48,12.0,5.0,1.308646283844972,4.03601301183476
calibration,linear_10h,49,12.0,5.0,1.3806980365902,4.165818021177259
calibration,linear_10h,50,12.0,5.0,1.4491390468563292,4.212168197105037
calibration,linear_10h,51,12.0,5.0,1.5059966717542395,4.3175732107956
calibration,linear_10h,52,12.0,5.0,1.5693537712028194,4.424412333298311
calibration,linear_10h,53,12.0,5.0,1.6207786091471776,4.465992006716557
calibration,linear_10h,54,12.0,5.0,1.6787558784426615,4.550432148399852
calibration,linear_10h,55,12.0,5.0,1.722740752805918,4.708256812399081
calibration,linear_10h,56,12.0,5.0,1.7600550983378316,4.792499246131698
calibration,linear_10h,57,12.0,5.0,1.8031550433234678,4.891853527046641
calibration,linear_10h,58,12.0,5.0,1.8475828529517235,4.966391702852335
calibration,linear_10h,59,12.0,5.0,1.8896732307746689,5.026078256010713
calibration,linear_10h,60,12.0,5.0,1.9398486214312838,5.104773820445807
calibration,linear_10h,61,12.0,5.0,1.9881851185727717,5.174962552052098
calibration,linear_10h,62,12.0,5.0,2.0318379130272124,5.246734047733614
calibration,linear_10h,63,12.0,5.0,2.080037859206918,5.314067941325251
calibration,linear_10h,64,12.0,5.0,2.1291965349577335,5.37291976400347
calibration,linear_10h,65,12.0,5.0,2.1911835135601354,5.46716177472375
calibration,linear_10h,66,12.0,5.0,2.2458556777075644,5.521163489048697
calibration,linear_10h,67,12.0,5.0,2.3028568959581497,5.565929674782022
calibration,linear_10h,68,12.0,5.0,2.3576323462928928,5.667857184933367
calibration,linear_10h,69,12.0,5.0,2.4222595118117862,5.72838529358668
calibration,linear_10h,70,12.0,5.0,2.4870586031871644,5.830572762215347
calibration,linear_10h,71,12.0,5.0,2.5554876521021397,5.901153785214319
calibration,linear_10h,72,12.0,5.0,2.623084030340972,5.939975652580198
calibration,linear_10h,73,12.0,5.0,2.690550725120988,5.9885068126698915
calibration,linear_10h,74,12.0,5.0,2.7630245435741108,6.058017437866647
calibration,linear_10h,75,12.0,5.0,2.839079029482905,6.095310026328882
calibration,linear_10h,76,12.0,5.0,2.9115614029449066,6.146877504096593
calibration,linear_10h,77,12.0,5.0,2.9886779806024277,6.194437031020494
calibration,linear_10h,78,12.0,5.0,3.0676879360894027,6.275085281657278
calibration,linear_10h,79,12.0,5.0,3.1460440398994205,6.305879362053579
calibration,linear_10h,80,12.0,5.0,3.22708596202006,6.350301636040956
calibration,linear_10h,81,12.0,5.0,3.316500785988863,6.40107586709866
calibration,linear_10h,82,12.0,5.0,3.4118349360192646,6.468220084385901
calibration,linear_10h,83,12.0,5.0,3.5318027215765158,6.512602581442972
calibration,linear_10h,84,12.0,5.0,3.6554763290320036,6.625357145880928
calibration,linear_10h,85,12.0,5.0,3.7834219661159407,6.745956128193242
calibration,linear_10h,86,12.0,5.0,3.911155937254285,6.864760780083756
calibration,linear_10h,87,12.0,5.0,4.041380666229322,6.985579524124397
calibration,linear_10h,88,12.0,5.0,4.170382711791243,7.100990405732888
calibration,linear_10h,89,12.0,5.0,4.307794101747375,7.212447060388327
calibration,linear_10h,90,12.0,5.0,4.447887859178534,7.321501729702784
calibration,linear_10h,91,12.0,5.0,4.590073875171852,7.429230864375613
calibration,linear_10h,92,12.0,5.0,4.729468950182358,7.532945988429729
calibration,linear_10h,93,12.0,5.0,4.866140155365906,7.634139465296097
calibration,linear_10h,94,12.0,5.0,5.004357302798557,7.732555311020617
calibration,linear_10h,95,12.0,5.0,5.140511831259031,7.829113626648709
calibration,linear_10h,96,12.0,5.0,5.271144361208324,7.922889644062092
calibration,linear_10h,97,12.0,5.0,5.395753844112217,8.013891943992913
calibration,linear_10h,98,12.0,5.0,5.515348877889803,8.102532727671408
calibration,linear_10h,99,12.0,5.0,5.630149111439953,8.18991050417377
calibration,linear_10h,100,12.0,5.0,5.739225207465881,8.26979582956151
calibration,linear_10h,20,12.0,12.0,1.4000288615010792,2.2270595013837546
calibration,linear_10h,21,12.0,12.0,1.3256518818945962,2.1966109355266994
calibration,linear_10h,22,12.0,12.0,1.2820342448585542,2.2251675111790714
calibration,linear_10h,23,12.0,12.0,1.2467513013133535,2.3854053460102165
calibration,linear_10h,24,12.0,12.0,1.1216587006661616,2.3343344838732794
calibration,linear_10h,25,12.0,12.0,1.0269856193596327,2.2835832320059035
calibration,linear_10h,26,12.0,12.0,0.9153479826553124,2.1554729119606097
calibration,linear_10h,27,12.0,12.0,0.8400828312168374,2.1761511952867796
calibration,linear_10h,28,12.0,12.0,0.7781183636981881,2.2798245557014374
calibration,linear_10h,29,12.0,12.0,0.7297687544481013,2.380204973185518
calibration,linear_10h,30,12.0,12.0,0.6454721556228726,2.3464328972589543
calibration,linear_10h,31,12.0,12.0,0.5847848809170442,2.3551495424489532
calibration,linear_10h,32,12.0,12.0,0.5827424160789185,2.5414014779733485
calibration,linear_10h,33,12.0,12.0,0.6417421698434733,2.495145004725763
calibration,linear_10h,34,12.0,12.0,0.6604811402532551,2.5844533842642514
calibration,linear_10h,35,12.0,12.0,0.7191133684799844,2.7461122190671317
calibration,linear_10h,36,12.0,12.0,0.7881676160810258,2.8005418211680455
calibration,linear_10h,37,12.0,12.0,0.8502398856982119,2.8084824105370165
calibration,linear_10h,38,12.0,12.0,0.9002358540754374,2.934279930544026
calibration,linear_10h,39,12.0,12.0,0.9672097420159842,3.00536716257207
calibration,linear_10h,40,12.0,12.0,1.0213830853258443,3.104916935606261
calibration,linear_10h,41,12.0,12.0,1.073520861975008,3.2602585444831966
calibration,linear_10h,42,12.0,12.0,1.106218693370442,3.3496343569259235
calibration,linear_10h,43,12.0,12.0,1.1502245288142143,3.470208252843854
calibration,linear_10h,44,12.0,12.0,1.1825677016776392,3.6196929818997914
calibration,linear_10h,45,12.0,12.0,1.2300660462934099,3.651836641984141
calibration,linear_10h,46,12.0,12.0,1.2672714654494488,3.8516785287635136
calibration,linear_10h,47,12.0,12.0,1.2782817219916698,3.9849857486283113
calibration,linear_10h,48,12.0,12.0,1.3086462838449497,4.036013011834738
calibration,linear_10h,49,12.0,12.0,1.3806980365902222,4.165818021177237
calibration,linear_10h,50,12.0,12.0,1.4491390468563514,4.2121681971050595
calibration,linear_10h,51,12.0,12.0,1.5059966717542395,4.3175732107956
calibration,linear_10h,52,12.0,12.0,1.5693537712028194,4.424412333298289
calibration,linear_10h,53,12.0,12.0,1.6207786091471998,4.465992006716535
calibration,linear_10h,54,12.0,12.0,1.6787558784426615,4.55043214839983
calibration,linear_10h,55,12.0,12.0,1.722740752805918,4.708256812399103
calibration,linear_10h,56,12.0,12.0,1.7600550983378316,4.792499246131698
calibration,linear_10h,57,12.0,12.0,1.8031550433234456,4.891853527046641
calibration,linear_10h,58,12.0,12.0,1.8475828529517013,4.966391702852313
calibration,linear_10h,59,12.0,12.0,1.8896732307746689,5.026078256010669
calibration,linear_10h,60,12.0,12.0,1.9398486214312838,5.104773820445763
calibration,linear_10h,61,12.0,12.0,1.9881851185727717,5.174962552052098
calibration,linear_10h,62,12.0,12.0,2.0318379130272124,5.24673404773357
calibration,linear_10h,63,12.0,12.0,2.0800378592068958,5.314067941325273
calibration,linear_10h,64,12.0,12.0,2.1291965349577335,5.372919764003448
calibration,linear_10h,65,12.0,12.0,2.1911835135601354,5.467161774723706
calibration,linear_10h,66,12.0,12.0,2.2458556777075422,5.521163489048675
calibration,linear_10h,67,12.0,12.0,2.3028568959581275,5.565929674782022
calibration,linear_10h,68,12.0,12.0,2.357632346292915,5.667857184933367
calibration,linear_10h,69,12.0,12.0,2.422259511811764,5.728385293586702
calibration,linear_10h,70,12.0,12.0,2.4870586031871644,5.830572762215325
calibration,linear_10h,71,12.0,12.0,2.5554876521021397,5.901153785214297
calibration,linear_10h,72,12.0,12.0,2.623084030340994,5.939975652580198
calibration,linear_10h,73,12.0,12.0,2.690550725120988,5.988506812669869
calibration,linear_10h,74,12.0,12.0,2.7630245435741108,6.058017437866625
calibration,linear_10h,75,12.0,12.0,2.8390790294828827,6.095310026328904
calibration,linear_10h,76,12.0,12.0,2.911561402944929,6.146877504096593
calibration,linear_10h,77,12.0,12.0,2.98867798060245,6.194437031020517
calibration,linear_10h,78,12.0,12.0,3.067687936089425,6.275085281657278
calibration,linear_10h,79,12.0,12.0,3.1460440398994427,6.305879362053601
calibration,linear_10h,80,12.0,12.0,3.227085962020082,6.3503016360409115
calibration,linear_10h,81,12.0,12.0,3.316500785988863,6.40107586709866
calibration,linear_10h,82,12.0,12.0,3.41183493601922,6.468220084385901
calibration,linear_10h,83,12.0,12.0,3.531802721576538,6.512602581442994
calibration,linear_10h,84,12.0,12.0,3.6554763290319814,6.625357145880906
calibration,linear_10h,85,12.0,12.0,3.7834219661159407,6.74595612819322
calibration,linear_10h,86,12.0,12.0,3.9111559372542626,6.864760780083756
calibration,linear_10h,87,12.0,12.0,4.041380666229322,6.9855795241243746
calibration,linear_10h,88,12.0,12.0,4.170382711791243,7.100990405732888
calibration,linear_10h,89,12.0,12.0,4.307794101747375,7.212447060388305
calibration,linear_10h,90,12.0,12.0,4.447887859178512,7.321501729702784
calibration,linear_10h,91,12.0,12.0,4.590073875171852,7.429230864375613
calibration,linear_10h,92,12.0,12.0,4.729468950182336,7.532945988429707
calibration,linear_10h,93,12.0,12.0,4.866140155365906,7.634139465296097
calibration,linear_10h,94,12.0,12.0,5.004357302798534,7.732555311020617
calibration,linear_10h,95,12.0,12.0,5.140511831259031,7.829113626648709
calibration,linear_10h,96,12.0,12.0,5.271144361208302,7.92288964406207
calibration,linear_10h,97,12.0,12.0,5.395753844112217,8.013891943992913
calibration,linear_10h,98,12.0,12.0,5.515348877889736,8.102532727671363
calibration,linear_10h,99,12.0,12.0,5.630149111439953,8.189910504173747
calibration,linear_10h,100,12.0,12.0,5.739225207465859,8.269795829561488
calibration,linear_10h,20,24.0,1.0,1.4000288615010792,2.2270595013837546
calibration,linear_10h,21,24.0,1.0,1.3256518818945962,2.196610935526677
calibration,linear_10h,22,24.0,1.0,1.282034244858532,2.225167511179049
calibration,linear_10h,23,24.0,1.0,1.2467513013133535,2.3854053460102165
calibration,linear_10h,24,24.0,1.0,1.1216587006661616,2.334334483873257
calibration,linear_10h,25,24.0,1.0,1.026985619359655,2.2835832320058813
calibration,linear_10h,26,24.0,1.0,0.9153479826553124,2.1554729119605875
calibration,linear_10h,27,24.0,1.0,0.8400828312168596,2.176151195286824
calibration,linear_10h,28,24.0,1.0,0.7781183636981881,2.2798245557014374
calibration,linear_10h,29,24.0,1.0,0.7297687544481235,2.38020497318554
calibration,linear_10h,30,24.0,1.0,0.6454721556228948,2.3464328972589765
calibration,linear_10h,31,24.0,1.0,0.5847848809170664,2.355149542448931
calibration,linear_10h,32,24.0,1.0,0.5827424160789185,2.5414014779733485
calibration,linear_10h,33,24.0,1.0,0.6417421698434733,2.495145004725763
calibration,linear_10h,34,24.0,1.0,0.6604811402532329,2.5844533842642514
calibration,linear_10h,35,24.0,1.0,0.7191133684799844,2.7461122190671317
calibration,linear_10h,36,24.0,1.0,0.7881676160810702,2.8005418211680455
calibration,linear_10h,37,24.0,1.0,0.850239885698234,2.8084824105369943
calibration,linear_10h,38,24.0,1.0,0.9002358540754374,2.934279930544026
calibration,linear_10h,39,24.0,1.0,0.9672097420160286,3.00536716257207
calibration,linear_10h,40,24.0,1.0,1.0213830853258443,3.104916935606261
calibration,linear_10h,41,24.0,1.0,1.0735208619749859,3.2602585444831966
calibration,linear_10h,42,24.0,1.0,1.10621869337042,3.3496343569259235
calibration,linear_10h,43,24.0,1.0,1.1502245288141921,3.470208252843876
calibration,linear_10h,44,24.0,1.0,1.182567701677617,3.619692981899769
calibration,linear_10h,45,24.0,1.0,1.230066046293432,3.651836641984141
calibration,linear_10h,46,24.0,1.0,1.2672714654494488,3.851678528763536
calibration,linear_10h,47,24.0,1.0,1.2782817219917142,3.9849857486283335
calibration,linear_10h,48,24.0,1.0,1.3086462838449497,4.036013011834738
calibration,linear_10h,49,24.0,1.0,1.3806980365902,4.165818021177237
calibration,linear_10h,50,24.0,1.0,1.4491390468563514,4.212168197105015
calibration,linear_10h,51,24.0,1.0,1.5059966717542617,4.317573210795622
calibration,linear_10h,52,24.0,1.0,1.5693537712028194,4.424412333298311
calibration,linear_10h,53,24.0,1.0,1.6207786091471776,4.465992006716579
calibration,linear_10h,54,24.0,1.0,1.6787558784426615,4.550432148399852
calibration,linear_10h,55,24.0,1.0,1.722740752805918,4.708256812399103
calibration,linear_10h,56,24.0,1.0,1.7600550983378094,4.792499246131698
calibration,linear_10h,57,24.0,1.0,1.8031550433234456,4.891853527046641
calibration,linear_10h,58,24.0,1.0,1.8475828529517235,4.966391702852335
calibration,linear_10h,59,24.0,1.0,1.8896732307746689,5.026078256010691
calibration,linear_10h,60,24.0,1.0,1.9398486214312838,5.104773820445807
calibration,linear_10h,61,24.0,1.0,1.9881851185727717,5.174962552052076
calibration,linear_10h,62,24.0,1.0,2.031837913027257,5.24673404773357
calibration,linear_10h,63,24.0,1.0,2.080037859206918,5.314067941325273
calibration,linear_10h,64,24.0,1.0,2.1291965349577557,5.37291976400347
calibration,linear_10h,65,24.0,1.0,2.1911835135601576,5.46716177472375
calibration,linear_10h,66,24.0,1.0,2.2458556777075644,5.521163489048653
calibration,linear_10h,67,24.0,1.0,2.3028568959581497,5.565929674782022
calibration,linear_10h,68,24.0,1.0,2.357632346292915,5.667857184933367
calibration,linear_10h,69,24.0,1.0,2.4222595118117862,5.728385293586702
calibration,linear_10h,70,24.0,1.0,2.4870586031871866,5.830572762215347
calibration,linear_10h,71,24.0,1.0,2.5554876521021397,5.901153785214319
calibration,linear_10h,72,24.0,1.0,2.623084030340994,5.939975652580198
calibration,linear_10h,73,24.0,1.0,2.6905507251210103,5.988506812669869
calibration,linear_10h,74,24.0,1.0,2.7630245435741108,6.058017437866647
calibration,linear_10h,75,24.0,1.0,2.8390790294828827,6.095310026328882
calibration,linear_10h,76,24.0,1.0,2.9115614029448844,6.146877504096571
calibration,linear_10h,77,24.0,1.0,2.9886779806024277,6.194437031020494
calibration,linear_10h,78,24.0,1.0,3.067687936089425,6.275085281657278
calibration,linear_10h,79,24.0,1.0,3.1460440398994205,6.305879362053579
calibration,linear_10h,80,24.0,1.0,3.227085962020082,6.3503016360409115
calibration,linear_10h,81,24.0,1.0,3.316500785988885,6.40107586709866
calibration,linear_10h,82,24.0,1.0,3.4118349360192424,6.468220084385878
calibration,linear_10h,83,24.0,1.0,3.531802721576538,6.51260258144295
calibration,linear_10h,84,24.0,1.0,3.6554763290319814,6.625357145880906
calibration,linear_10h,85,24.0,1.0,3.7834219661159407,6.745956128193198
calibration,linear_10h,86,24.0,1.0,3.911155937254285,6.864760780083712
calibration,linear_10h,87,24.0,1.0,4.041380666229322,6.9855795241243746
calibration,linear_10h,88,24.0,1.0,4.170382711791243,7.100990405732843
calibration,linear_10h,89,24.0,1.0,4.307794101747353,7.212447060388283
calibration,linear_10h,90,24.0,1.0,4.447887859178512,7.321501729702806
calibration,linear_10h,91,24.0,1.0,4.590073875171874,7.429230864375613
calibration,linear_10h,92,24.0,1.0,4.729468950182336,7.532945988429707
calibration,linear_10h,93,24.0,1.0,4.866140155365883,7.634139465296141
calibration,linear_10h,94,24.0,1.0,5.004357302798512,7.732555311020639
calibration,linear_10h,95,24.0,1.0,5.140511831258987,7.829113626648732
calibration,linear_10h,96,24.0,1.0,5.271144361208302,7.922889644062048
calibration,linear_10h,97,24.0,1.0,5.395753844112217,8.013891943992913
calibration,linear_10h,98,24.0,1.0,5.515348877889759,8.102532727671385
calibration,linear_10h,99,24.0,1.0,5.6301491114399305,8.189910504173792
calibration,linear_10h,100,24.0,1.0,5.739225207465837,8.269795829561488
calibration,linear_10h,20,24.0,5.0,1.4000288615011014,2.2270595013837546
calibration,linear_10h,21,24.0,5.0,1.3256518818946184,2.196610935526677
calibration,linear_10h,22,24.0,5.0,1.2820342448585542,2.225167511179116
calibration,linear_10h,23,24.0,5.0,1.2467513013133757,2.385405346010261
calibration,linear_10h,24,24.0,5.0,1.1216587006661616,2.334334483873235
calibration,linear_10h,25,24.0,5.0,1.026985619359655,2.2835832320059257
calibration,linear_10h,26,24.0,5.0,0.9153479826553346,2.1554729119606097
calibration,linear_10h,27,24.0,5.0,0.8400828312168374,2.1761511952867796
calibration,linear_10h,28,24.0,5.0,0.7781183636982103,2.2798245557014596
calibration,linear_10h,29,24.0,5.0,0.7297687544481235,2.380204973185518
calibration,linear_10h,30,24.0,5.0,0.6454721556228726,2.3464328972589543
calibration,linear_10h,31,24.0,5.0,0.5847848809170664,2.3551495424489532
calibration,linear_10h,32,24.0,5.0,0.5827424160789407,2.5414014779733707
calibration,linear_10h,33,24.0,5.0,0.6417421698434955,2.4951450047258072
calibration,linear_10h,34,24.0,5.0,0.6604811402532551,2.5844533842642514
calibration,linear_10h,35,24.0,5.0,0.7191133684799844,2.7461122190671317
calibration,linear_10h,36,24.0,5.0,0.788167616081048,2.8005418211680677
calibration,linear_10h,37,24.0,5.0,0.8502398856982563,2.8084824105370165
calibration,linear_10h,38,24.0,5.0,0.9002358540754596,2.934279930544048
calibration,linear_10h,39,24.0,5.0,0.9672097420159842,3.00536716257207
calibration,linear_10h,40,24.0,5.0,1.0213830853258221,3.104916935606239
calibration,linear_10h,41,24.0,5.0,1.073520861975008,3.260258544483219
calibration,linear_10h,42,24.0,5.0,1.10621869337042,3.3496343569259457
calibration,linear_10h,43,24.0,5.0,1.1502245288142143,3.4702082528438982
calibration,linear_10h,44,24.0,5.0,1.182567701677617,3.6196929818998136
calibration,linear_10h,45,24.0,5.0,1.230066046293432,3.651836641984163
calibration,linear_10h,46,24.0,5.0,1.267271465449471,3.8516785287635136
calibration,linear_10h,47,24.0,5.0,1.2782817219917364,3.9849857486283558
calibration,linear_10h,48,24.0,5.0,1.3086462838449942,4.036013011834738
calibration,linear_10h,49,24.0,5.0,1.3806980365902,4.165818021177281
calibration,linear_10h,50,24.0,5.0,1.4491390468563292,4.2121681971050595
calibration,linear_10h,51,24.0,5.0,1.5059966717542395,4.317573210795622
calibration,linear_10h,52,24.0,5.0,1.5693537712028194,4.424412333298311
calibration,linear_10h,53,24.0,5.0,1.6207786091471776,4.465992006716579
calibration,linear_10h,54,24.0,5.0,1.6787558784426615,4.550432148399874
calibration,linear_10h,55,24.0,5.0,1.7227407528059402,4.708256812399125
calibration,linear_10h,56,24.0,5.0,1.7600550983378316,4.792499246131721
calibration,linear_10h,57,24.0,5.0,1.80315504332349,4.891853527046663
calibration,linear_10h,58,24.0,5.0,1.8475828529517013,4.966391702852335
calibration,linear_10h,59,24.0,5.0,1.8896732307746467,5.026078256010713
calibration,linear_10h,60,24.0,5.0,1.939848621431306,5.104773820445829
calibration,linear_10h,61,24.0,5.0,1.9881851185727717,5.174962552052098
calibration,linear_10h,62,24.0,5.0,2.0318379130272346,5.246734047733592
calibration,linear_10h,63,24.0,5.0,2.080037859206918,5.314067941325273
calibration,linear_10h,64,24.0,5.0,2.1291965349577335,5.37291976400347
calibration,linear_10h,65,24.0,5.0,2.1911835135601354,5.46716177472375
calibration,linear_10h,66,24.0,5.0,2.2458556777075422,5.521163489048675
calibration,linear_10h,67,24.0,5.0,2.3028568959581275,5.565929674782
calibration,linear_10h,68,24.0,5.0,2.357632346292937,5.667857184933389
calibration,linear_10h,69,24.0,5.0,2.4222595118117862,5.728385293586702
calibration,linear_10h,70,24.0,5.0,2.4870586031871866,5.830572762215325
calibration,linear_10h,71,24.0,5.0,2.5554876521021397,5.901153785214319
calibration,linear_10h,72,24.0,5.0,2.623084030340972,5.939975652580243
calibration,linear_10h,73,24.0,5.0,2.690550725120966,5.988506812669869
calibration,linear_10h,74,24.0,5.0,2.7630245435741108,6.058017437866625
calibration,linear_10h,75,24.0,5.0,2.8390790294828827,6.0953100263288595
calibration,linear_10h,76,24.0,5.0,2.9115614029448844,6.146877504096571
calibration,linear_10h,77,24.0,5.0,2.9886779806024277,6.194437031020539
calibration,linear_10h,78,24.0,5.0,3.067687936089425,6.2750852816572555
calibration,linear_10h,79,24.0,5.0,3.1460440398994205,6.3058793620536235
calibration,linear_10h,80,24.0,5.0,3.22708596202006,6.350301636040956
calibration,linear_10h,81,24.0,5.0,3.316500785988863,6.40107586709866
calibration,linear_10h,82,24.0,5.0,3.41183493601922,6.468220084385923
calibration,linear_10h,83,24.0,5.0,3.5318027215765158,6.512602581442994
calibration,linear_10h,84,24.0,5.0,3.6554763290320036,6.625357145880906
calibration,linear_10h,85,24.0,5.0,3.783421966115963,6.745956128193242
calibration,linear_10h,86,24.0,5.0,3.911155937254285,6.864760780083756
calibration,linear_10h,87,24.0,5.0,4.041380666229344,6.9855795241243746
calibration,linear_10h,88,24.0,5.0,4.170382711791243,7.100990405732843
calibration,linear_10h,89,24.0,5.0,4.307794101747375,7.212447060388283
calibration,linear_10h,90,24.0,5.0,4.447887859178512,7.321501729702784
calibration,linear_10h,91,24.0,5.0,4.590073875171852,7.429230864375591
calibration,linear_10h,92,24.0,5.0,4.729468950182336,7.532945988429707
calibration,linear_10h,93,24.0,5.0,4.866140155365928,7.634139465296119
calibration,linear_10h,94,24.0,5.0,5.004357302798534,7.732555311020595
calibration,linear_10h,95,24.0,5.0,5.140511831259031,7.829113626648709
calibration,linear_10h,96,24.0,5.0,5.271144361208324,7.92288964406207
calibration,linear_10h,97,24.0,5.0,5.395753844112239,8.01389194399289
calibration,linear_10h,98,24.0,5.0,5.515348877889759,8.102532727671319
calibration,linear_10h,99,24.0,5.0,5.6301491114399305,8.189910504173747
calibration,linear_10h,100,24.0,5.0,5.739225207465859,8.269795829561467
calibration,linear_10h,20,24.0,12.0,1.4000288615010792,2.227059501383777
calibration,linear_10h,21,24.0,12.0,1.3256518818945962,2.196610935526677
calibration,linear_10h,22,24.0,12.0,1.2820342448585542,2.2251675111790714
calibration,linear_10h,23,24.0,12.0,1.2467513013133535,2.3854053460102165
calibration,linear_10h,24,24.0,12.0,1.1216587006661616,2.334334483873235
calibration,linear_10h,25,24.0,12.0,1.026985619359655,2.283583232005859
calibration,linear_10h,26,24.0,12.0,0.9153479826553124,2.1554729119605875
calibration,linear_10h,27,24.0,12.0,0.8400828312168596,2.176151195286802
calibration,linear_10h,28,24.0,12.0,0.7781183636982103,2.2798245557014374
calibration,linear_10h,29,24.0,12.0,0.7297687544481235,2.3802049731854735
calibration,linear_10h,30,24.0,12.0,0.6454721556228948,2.3464328972589543
calibration,linear_10h,31,24.0,12.0,0.5847848809170442,2.355149542448931
calibration,linear_10h,32,24.0,12.0,0.5827424160789185,2.5414014779733263
calibration,linear_10h,33,24.0,12.0,0.6417421698435177,2.495145004725763
calibration,linear_10h,34,24.0,12.0,0.6604811402532773,2.5844533842642514
calibration,linear_10h,35,24.0,12.0,0.7191133684799844,2.7461122190671317
calibration,linear_10h,36,24.0,12.0,0.788167616081048,2.8005418211680233
calibration,linear_10h,37,24.0,12.0,0.850239885698234,2.8084824105370165
calibration,linear_10h,38,24.0,12.0,0.9002358540754596,2.9342799305439815
calibration,linear_10h,39,24.0,12.0,0.9672097420160064,3.00536716257207
calibration,linear_10h,40,24.0,12.0,1.0213830853258443,3.104916935606239
calibration,linear_10h,41,24.0,12.0,1.073520861975008,3.2602585444831744
calibration,linear_10h,42,24.0,12.0,1.10621869337042,3.3496343569259235
calibration,linear_10h,43,24.0,12.0,1.1502245288142143,3.470208252843854
calibration,linear_10h,44,24.0,12.0,1.182567701677617,3.619692981899769
calibration,linear_10h,45,24.0,12.0,1.2300660462934543,3.651836641984141
calibration,linear_10h,46,24.0,12.0,1.2672714654494488,3.851678528763469
calibration,linear_10h,47,24.0,12.0,1.278281721991692,3.9849857486283113
calibration,linear_10h,48,24.0,12.0,1.3086462838449497,4.036013011834716
calibration,linear_10h,49,24.0,12.0,1.3806980365902,4.165818021177237
calibration,linear_10h,50,24.0,12.0,1.4491390468563514,4.212168197105015
calibration,linear_10h,51,24.0,12.0,1.5059966717542617,4.317573210795578
calibration,linear_10h,52,24.0,12.0,1.5693537712028416,4.424412333298289
calibration,linear_10h,53,24.0,12.0,1.6207786091471998,4.465992006716535
calibration,linear_10h,54,24.0,12.0,1.6787558784426615,4.550432148399808
calibration,linear_10h,55,24.0,12.0,1.722740752805918,4.708256812399081
calibration,linear_10h,56,24.0,12.0,1.7600550983378316,4.792499246131654
calibration,linear_10h,57,24.0,12.0,1.8031550433234678,4.891853527046641
calibration,linear_10h,58,24.0,12.0,1.8475828529517013,4.966391702852313
calibration,linear_10h,59,24.0,12.0,1.8896732307746467,5.026078256010669
calibration,linear_10h,60,24.0,12.0,1.9398486214312838,5.104773820445785
calibration,linear_10h,61,24.0,12.0,1.988185118572794,5.174962552052076
calibration,linear_10h,62,24.0,12.0,2.0318379130272346,5.24673404773357
calibration,linear_10h,63,24.0,12.0,2.08003785920694,5.314067941325229
calibration,linear_10h,64,24.0,12.0,2.1291965349577557,5.37291976400347
calibration,linear_10h,65,24.0,12.0,2.1911835135601354,5.46716177472375
calibration,linear_10h,66,24.0,12.0,2.2458556777075422,5.521163489048653
calibration,linear_10h,67,24.0,12.0,2.302856895958172,5.565929674782
calibration,linear_10h,68,24.0,12.0,2.357632346292937,5.667857184933345
calibration,linear_10h,69,24.0,12.0,2.4222595118118084,5.72838529358668
calibration,linear_10h,70,24.0,12.0,2.4870586031871644,5.830572762215325
calibration,linear_10h,71,24.0,12.0,2.5554876521021397,5.901153785214297
calibration,linear_10h,72,24.0,12.0,2.623084030340994,5.939975652580176
calibration,linear_10h,73,24.0,12.0,2.6905507251210103,5.988506812669847
calibration,linear_10h,74,24.0,12.0,2.7630245435741108,6.058017437866625
calibration,linear_10h,75,24.0,12.0,2.839079029482905,6.095310026328837
calibration,linear_10h,76,24.0,12.0,2.9115614029449066,6.146877504096548
calibration,linear_10h,77,24.0,12.0,2.988677980602472,6.194437031020494
calibration,linear_10h,78,24.0,12.0,3.067687936089447,6.275085281657233
calibration,linear_10h,79,24.0,12.0,3.1460440398994427,6.305879362053579
calibration,linear_10h,80,24.0,12.0,3.22708596202006,6.3503016360409115
calibration,linear_10h,81,24.0,12.0,3.316500785988885,6.401075867098638
calibration,linear_10h,82,24.0,12.0,3.4118349360192424,6.468220084385901
calibration,linear_10h,83,24.0,12.0,3.5318027215765158,6.512602581442972
calibration,linear_10h,84,24.0,12.0,3.655476329032026,6.6253571458808835
calibration,linear_10h,85,24.0,12.0,3.783421966115963,6.745956128193176
calibration,linear_10h,86,24.0,12.0,3.9111559372542626,6.864760780083712
calibration,linear_10h,87,24.0,12.0,4.041380666229322,6.985579524124352
calibration,linear_10h,88,24.0,12.0,4.170382711791265,7.100990405732843
calibration,linear_10h,89,24.0,12.0,4.307794101747353,7.212447060388283
calibration,linear_10h,90,24.0,12.0,4.447887859178512,7.321501729702762
calibration,linear_10h,91,24.0,12.0,4.590073875171852,7.429230864375613
calibration,linear_10h,92,24.0,12.0,4.729468950182358,7.532945988429707
calibration,linear_10h,93,24.0,12.0,4.866140155365883,7.634139465296075
calibration,linear_10h,94,24.0,12.0,5.004357302798512,7.732555311020595
calibration,linear_10h,95,24.0,12.0,5.140511831259009,7.829113626648709
calibration,linear_10h,96,24.0,12.0,5.271144361208324,7.922889644062048
calibration,linear_10h,97,24.0,12.0,5.395753844112194,8.01389194399289
calibration,linear_10h,98,24.0,12.0,5.515348877889736,8.102532727671342
calibration,linear_10h,99,24.0,12.0,5.6301491114399305,8.189910504173747
calibration,linear_10h,100,24.0,12.0,5.739225207465837,8.269795829561467
calibration,recommended_10h,20,4.0,1.0,1.420809670651857,2.2319187266228058
calibration,recommended_10h,21,4.0,1.0,1.3459506284858591,2.2004955240136015
calibration,recommended_10h,22,4.0,1.0,1.301821311173046,2.234961497253085
calibration,recommended_10h,23,4.0,1.0,1.2662438386447983,2.3945769547475626
calibration,recommended_10h,24,4.0,1.0,1.1412235418128969,2.343307390278815
calibration,recommended_10h,25,4.0,1.0,1.0466424260494378,2.2925340113673975
calibration,recommended_10h,26,4.0,1.0,0.9352020918254267,2.1562716430162165
calibration,recommended_10h,27,4.0,1.0,0.8599607425675782,2.19945099581047
calibration,recommended_10h,28,4.0,1.0,0.7979876595305635,2.3030155156296583
calibration,recommended_10h,29,4.0,1.0,0.7496066574638416,2.4032407762200947
calibration,recommended_10h,30,4.0,1.0,0.6653815192608992,2.369395266361596
calibration,recommended_10h,31,4.0,1.0,0.6047221023304683,2.378063470390668
calibration,recommended_10h,32,4.0,1.0,0.602701654754978,2.5643445354920136
calibration,recommended_10h,33,4.0,1.0,0.6637964454318412,2.5183035879973836
calibration,recommended_10h,34,4.0,1.0,0.6829799861185926,2.607827645565308
calibration,recommended_10h,35,4.0,1.0,0.7419287346608572,2.7697508261588677
calibration,recommended_10h,36,4.0,1.0,0.8112219799396136,2.824591714755398
calibration,recommended_10h,37,4.0,1.0,0.8735137257423808,2.83298017557414
calibration,recommended_10h,38,4.0,1.0,0.9236920021403083,2.959052825677455
calibration,recommended_10h,39,4.0,1.0,0.9908217152994725,3.0304035416536257
calibration,recommended_10h,40,4.0,1.0,1.045191480740626,3.1301709137219857
calibration,recommended_10h,41,4.0,1.0,1.0975290537996063,3.2856401483577935
calibration,recommended_10h,42,4.0,1.0,1.1304585121375998,3.375139016984896
calibration,recommended_10h,43,4.0,1.0,1.1746784240244557,3.495828386297961
calibration,recommended_10h,44,4.0,1.0,1.209433575536889,3.645288126266899
calibration,recommended_10h,45,4.0,1.0,1.2966176884008584,3.6774919993428634
calibration,recommended_10h,46,4.0,1.0,1.3928526550069487,3.8774372315168115
calibration,recommended_10h,47,4.0,1.0,1.4553463768404828,4.010870835519653
calibration,recommended_10h,48,4.0,1.0,1.521548154333896,4.062007709747717
calibration,recommended_10h,49,4.0,1.0,1.6169245290741818,4.191985303122481
calibration,recommended_10h,50,4.0,1.0,1.6886168933860413,4.238530296723431
calibration,recommended_10h,51,4.0,1.0,1.748367035799081,4.344009584691877
calibration,recommended_10h,52,4.0,1.0,1.814240812418122,4.4510447068734305
calibration,recommended_10h,53,4.0,1.0,1.867762900638037,4.4927064537562345
calibration,recommended_10h,54,4.0,1.0,1.9273927765536936,4.577185887534507
calibration,recommended_10h,55,4.0,1.0,1.9726081111133276,4.73504145184962
calibration,recommended_10h,56,4.0,1.0,2.010737955107733,4.8192882203860865
calibration,recommended_10h,57,4.0,1.0,2.0541827156279613,4.918660270294417
calibration,recommended_10h,58,4.0,1.0,2.098353612302861,4.993217732482114
calibration,recommended_10h,59,4.0,1.0,2.139675499225824,5.0529257102055025
calibration,recommended_10h,60,4.0,1.0,2.1885418183996697,5.131587457502906
calibration,recommended_10h,61,4.0,1.0,2.234914570685964,5.201725741226193
calibration,recommended_10h,62,4.0,1.0,2.2760294099206657,5.273396307962175
calibration,recommended_10h,63,4.0,1.0,2.3210620629018353,5.340600133298867
calibration,recommended_10h,64,4.0,1.0,2.366475490252551,5.399283526117626
calibration,recommended_10h,65,4.0,1.0,2.4239694219294172,5.493321173729715
calibration,recommended_10h,66,4.0,1.0,2.4734396089538313,5.54711933536034
calibration,recommended_10h,67,4.0,1.0,2.5245118454053417,5.591674705762961
calibration,recommended_10h,68,4.0,1.0,2.5729983945454338,5.693403338132819
calibration,recommended_10h,69,4.0,1.0,2.6305518965118235,5.753689688507646
calibration,recommended_10h,70,4.0,1.0,2.6874702261705963,5.855626809622327
calibration,recommended_10h,71,4.0,1.0,2.7472565618271716,5.9259695001751655
calibration,recommended_10h,72,4.0,1.0,2.805383820040208,5.964539119095225
calibration,recommended_10h,73,4.0,1.0,2.8629108209053733,6.012805299104684
calibration,recommended_10h,74,4.0,1.0,2.9240063122565996,6.082044670247666
calibration,recommended_10h,75,4.0,1.0,2.9878508895919254,6.11905835369313
calibration,recommended_10h,76,4.0,1.0,3.047319267720483,6.170402065857439
calibration,recommended_10h,77,4.0,1.0,3.110569657781581,6.217733836837658
calibration,recommended_10h,78,4.0,1.0,3.175482005828334,6.298148526875558
calibration,recommended_10h,79,4.0,1.0,3.2385407494535334,6.328698785573339
calibration,recommended_10h,80,4.0,1.0,3.3034466316863798,6.3728865283538605
calibration,recommended_10h,81,4.0,1.0,3.3759391448849208,6.423419639347472
calibration,recommended_10h,82,4.0,1.0,3.4432882421115085,6.4903399863347255
calibration,recommended_10h,83,4.0,1.0,3.5367116106645113,6.534517526662853
calibration,recommended_10h,84,4.0,1.0,3.6412131597014508,6.628020755344766
calibration,recommended_10h,85,4.0,1.0,3.7490767243993917,6.748640085195667
calibration,recommended_10h,86,4.0,1.0,3.8559847732847485,6.867469597695908
calibration,recommended_10h,87,4.0,1.0,3.9645003170796222,6.988310506905604
calibration,recommended_10h,88,4.0,1.0,4.071636613435303,7.1037324574151794
calibration,recommended_10h,89,4.0,1.0,4.185182105750096,7.215214701792982
calibration,recommended_10h,90,4.0,1.0,4.300291355689345,7.324293801631798
calibration,recommended_10h,91,4.0,1.0,4.416569611329901,7.432037481797704
calibration,recommended_10h,92,4.0,1.0,4.529805445118185,7.535765882950596
calibration,recommended_10h,93,4.0,1.0,4.640390305179598,7.636961561272471
calibration,recommended_10h,94,4.0,1.0,4.751882319820555,7.7353848967569805
calibration,recommended_10h,95,4.0,1.0,4.861256831875571,7.8319383920846475
calibration,recommended_10h,96,4.0,1.0,4.965273707544404,7.92570008518414
calibration,recommended_10h,97,4.0,1.0,5.064507561855347,8.016676773572629
calibration,recommended_10h,98,4.0,1.0,5.158729540756957,8.10528664716359
calibration,recommended_10h,99,4.0,1.0,5.2489594183436905,8.192620618652914
calibration,recommended_10h,100,4.0,1.0,5.334267516867186,8.272459818365906
calibration,recommended_10h,20,4.0,5.0,1.420809670651857,2.2319187266228058
calibration,recommended_10h,21,4.0,5.0,1.3459506284858591,2.2004955240136237
calibration,recommended_10h,22,4.0,5.0,1.301821311173046,2.2349614972530407
calibration,recommended_10h,23,4.0,5.0,1.2662438386448205,2.3945769547475626
calibration,recommended_10h,24,4.0,5.0,1.1412235418128969,2.343307390278815
calibration,recommended_10h,25,4.0,5.0,1.0466424260493934,2.292534011367353
calibration,recommended_10h,26,4.0,5.0,0.9352020918254045,2.1562716430162165
calibration,recommended_10h,27,4.0,5.0,0.859960742567556,2.199450995810426
calibration,recommended_10h,28,4.0,5.0,0.7979876595305413,2.3030155156296583
calibration,recommended_10h,29,4.0,5.0,0.7496066574638194,2.4032407762200947
calibration,recommended_10h,30,4.0,5.0,0.6653815192608548,2.369395266361596
calibration,recommended_10h,31,4.0,5.0,0.6047221023304461,2.378063470390668
calibration,recommended_10h,32,4.0,5.0,0.602701654754978,2.5643445354920136
calibration,recommended_10h,33,4.0,5.0,0.6637964454317968,2.5183035879973614
calibration,recommended_10h,34,4.0,5.0,0.6829799861185482,2.607827645565308
calibration,recommended_10h,35,4.0,5.0,0.741928734660835,2.7697508261588455
calibration,recommended_10h,36,4.0,5.0,0.8112219799396136,2.824591714755398
calibration,recommended_10h,37,4.0,5.0,0.8735137257423808,2.8329801755741846
calibration,recommended_10h,38,4.0,5.0,0.9236920021403083,2.959052825677433
calibration,recommended_10h,39,4.0,5.0,0.9908217152994281,3.0304035416536257
calibration,recommended_10h,40,4.0,5.0,1.0451914807405815,3.1301709137219635
calibration,recommended_10h,41,4.0,5.0,1.097529053799584,3.2856401483577935
calibration,recommended_10h,42,4.0,5.0,1.1304585121375998,3.375139016984896
calibration,recommended_10h,43,4.0,5.0,1.1746784240244557,3.495828386297939
calibration,recommended_10h,44,4.0,5.0,1.209433575536889,3.6452881262669212
calibration,recommended_10h,45,4.0,5.0,1.2966176884008362,3.6774919993428856
calibration,recommended_10h,46,4.0,5.0,1.3928526550069265,3.8774372315167893
calibration,recommended_10h,47,4.0,5.0,1.4553463768404606,4.010870835519653
calibration,recommended_10h,48,4.0,5.0,1.521548154333896,4.062007709747695
calibration,recommended_10h,49,4.0,5.0,1.6169245290741818,4.191985303122481
calibration,recommended_10h,50,4.0,5.0,1.688616893386019,4.238530296723431
calibration,recommended_10h,51,4.0,5.0,1.748367035799081,4.3440095846918325
calibration,recommended_10h,52,4.0,5.0,1.8142408124181664,4.451044706873408
calibration,recommended_10h,53,4.0,5.0,1.867762900638037,4.492706453756257
calibration,recommended_10h,54,4.0,5.0,1.9273927765536936,4.577185887534485
calibration,recommended_10h,55,4.0,5.0,1.9726081111133498,4.735041451849642
calibration,recommended_10h,56,4.0,5.0,2.0107379551077553,4.819288220386109
calibration,recommended_10h,57,4.0,5.0,2.0541827156279835,4.918660270294439
calibration,recommended_10h,58,4.0,5.0,2.098353612302861,4.993217732482114
calibration,recommended_10h,59,4.0,5.0,2.139675499225846,5.052925710205525
calibration,recommended_10h,60,4.0,5.0,2.1885418183996475,5.131587457502884
calibration,recommended_10h,61,4.0,5.0,2.234914570685942,5.201725741226149
calibration,recommended_10h,62,4.0,5.0,2.276029409920688,5.27339630796213
calibration,recommended_10h,63,4.0,5.0,2.3210620629018353,5.340600133298867
calibration,recommended_10h,64,4.0,5.0,2.366475490252551,5.399283526117626
calibration,recommended_10h,65,4.0,5.0,2.4239694219294172,5.493321173729737
calibration,recommended_10h,66,4.0,5.0,2.473439608953809,5.5471193353602954
calibration,recommended_10h,67,4.0,5.0,2.5245118454053417,5.591674705762961
calibration,recommended_10h,68,4.0,5.0,2.572998394545456,5.693403338132796
calibration,recommended_10h,69,4.0,5.0,2.6305518965118235,5.753689688507602
calibration,recommended_10h,70,4.0,5.0,2.6874702261706185,5.855626809622327
calibration,recommended_10h,71,4.0,5.0,2.747256561827194,5.925969500175143
calibration,recommended_10h,72,4.0,5.0,2.805383820040208,5.964539119095225
calibration,recommended_10h,73,4.0,5.0,2.8629108209053733,6.012805299104684
calibration,recommended_10h,74,4.0,5.0,2.9240063122565996,6.082044670247666
calibration,recommended_10h,75,4.0,5.0,2.9878508895919476,6.11905835369313
calibration,recommended_10h,76,4.0,5.0,3.047319267720483,6.170402065857461
calibration,recommended_10h,77,4.0,5.0,3.1105696577816255,6.217733836837658
calibration,recommended_10h,78,4.0,5.0,3.1754820058283784,6.29814852687558
calibration,recommended_10h,79,4.0,5.0,3.2385407494535334,6.328698785573361
calibration,recommended_10h,80,4.0,5.0,3.3034466316863575,6.3728865283538605
calibration,recommended_10h,81,4.0,5.0,3.3759391448849208,6.423419639347516
calibration,recommended_10h,82,4.0,5.0,3.4423850184515103,6.490339986334748
calibration,recommended_10h,83,4.0,5.0,3.5330460543071984,6.534517526662875
calibration,recommended_10h,84,4.0,5.0,3.631720073931577,6.628020755344788
calibration,recommended_10h,85,4.0,5.0,3.729806412278358,6.74864008519569
calibration,recommended_10h,86,4.0,5.0,3.8225854222711853,6.86746959769593
calibration,recommended_10h,87,4.0,5.0,3.9118400939572195,6.988310506905604
calibration,recommended_10h,88,4.0,5.0,3.9949951203092304,7.103732457415202
calibration,recommended_10h,89,4.0,5.0,4.076951839603593,7.215214701793005
calibration,recommended_10h,90,4.0,5.0,4.152333366840044,7.324293801631798
calibration,recommended_10h,91,4.0,5.0,4.221626712519555,7.432037481797726
calibration,recommended_10h,92,4.0,5.0,4.283512817560831,7.535765882950596
calibration,recommended_10h,93,4.0,5.0,4.339601602778376,7.636961561272471
calibration,recommended_10h,94,4.0,5.0,4.3925981276355275,7.735384896757025
calibration,recommended_10h,95,4.0,5.0,4.441132151193039,7.831938392084692
calibration,recommended_10h,96,4.0,5.0,4.482382728546863,7.925700085184162
calibration,recommended_10h,97,4.0,5.0,4.520028460863834,8.016676773572673
calibration,recommended_10h,98,4.0,5.0,4.551628711199784,8.10528664716359
calibration,recommended_10h,99,4.0,5.0,4.5805327847203925,8.192620618652935
calibration,recommended_10h,100,4.0,5.0,4.605896174944513,8.272459818365952
calibration,recommended_10h,20,4.0,12.0,1.3736600681924171,2.221931342810235
calibration,recommended_10h,21,4.0,12.0,1.2995076950370388,2.193038892830823
calibration,recommended_10h,22,4.0,12.0,1.256175017642902,2.212783650166661
calibration,recommended_10h,23,4.0,12.0,1.2207921339004502,2.377462451359036
calibration,recommended_10h,24,4.0,12.0,1.095007508140844,2.3226621191225982
calibration,recommended_10h,25,4.0,12.0,0.9996429846483412,2.2716697503210703
calibration,recommended_10h,26,4.0,12.0,0.8871499412388406,2.2022142134834333
calibration,recommended_10h,27,4.0,12.0,0.8113671070977935,2.300426218967111
calibration,recommended_10h,28,4.0,12.0,0.7489389004047053,2.3715970378721307
calibration,recommended_10h,29,4.0,12.0,0.7001609565417288,2.43527739562186
calibration,recommended_10h,30,4.0,12.0,0.6152227363990681,2.5155422775875014
calibration,recommended_10h,31,4.0,12.0,0.5589512626668736,2.565897033659059
calibration,recommended_10h,32,4.0,12.0,0.5511773866264003,2.6246574857313076
calibration,recommended_10h,33,4.0,12.0,0.5994405221792842,2.666807769928181
calibration,recommended_10h,34,4.0,12.0,0.6162708912482939,2.719141059398966
calibration,recommended_10h,35,4.0,12.0,0.6731849320486871,2.7791423207346178
calibration,recommended_10h,36,4.0,12.0,0.7406353438075719,2.8233498363588128
calibration,recommended_10h,37,4.0,12.0,0.8011022257573996,2.902524142575791
calibration,recommended_10h,38,4.0,12.0,0.8495890281645657,3.0055206412216817
calibration,recommended_10h,39,4.0,12.0,0.9150662092404227,3.0666738792376913
calibration,recommended_10h,40,4.0,12.0,0.967572583205123,3.1443966922506172
calibration,recommended_10h,41,4.0,12.0,1.0179731334248876,3.2213847216078895
calibration,recommended_10h,42,4.0,12.0,1.0488073149865995,3.2971015018931293
calibration,recommended_10h,43,4.0,12.0,1.0908917177165023,3.416192897057746
calibration,recommended_10h,44,4.0,12.0,1.1212048890220316,3.5645353424941018
calibration,recommended_10h,45,4.0,12.0,1.1667833936422456,3.595258360962972
calibration,recommended_10h,46,4.0,12.0,1.201958955223903,3.79352636318504
calibration,recommended_10h,47,4.0,12.0,1.2106017191976903,3.925086811780165
calibration,recommended_10h,48,4.0,12.0,1.2386578266911696,3.974322429451971
calibration,recommended_10h,49,4.0,12.0,1.2706096526614141,4.102081209482766
calibration,recommended_10h,50,4.0,12.0,1.303506284549072,4.146204231668005
calibration,recommended_10h,51,4.0,12.0,1.328231736333918,4.24968430980619
calibration,recommended_10h,52,4.0,12.0,1.3601287958696417,4.354090623188234
calibration,recommended_10h,53,4.0,12.0,1.3747165026697816,4.393628987040299
calibration,recommended_10h,54,4.0,12.0,1.4013582448358708,4.476198173745405
calibration,recommended_10h,55,4.0,12.0,1.416933876419102,4.632151038038201
calibration,recommended_10h,56,4.0,12.0,1.429437251766652,4.7145778858845855
calibration,recommended_10h,57,4.0,12.0,1.443652974866172,4.811942982334716
calibration,recommended_10h,58,4.0,12.0,1.4535856015476023,4.884312855408068
calibration,recommended_10h,59,4.0,12.0,1.4618033183576795,4.941712407904308
calibration,recommended_10h,60,4.0,12.0,1.4719247638993238,5.018305007449553
calibration,recommended_10h,61,4.0,12.0,1.4840154554180085,5.086436428626673
calibration,recommended_10h,62,4.0,12.0,1.493468232946027,5.177274723908498
calibration,recommended_10h,63,4.0,12.0,1.5056161258259593,5.284239604346386
calibration,recommended_10h,64,4.0,12.0,1.5131179377207093,5.391799302971001
calibration,recommended_10h,65,4.0,12.0,1.5251168592883113,5.502374696652024
calibration,recommended_10h,66,4.0,12.0,1.537053893571172,5.61679398019217
calibration,recommended_10h,67,4.0,12.0,1.5483631327698921,5.729053990586075
calibration,recommended_10h,68,4.0,12.0,1.5558408215661013,5.838452400973626
calibration,recommended_10h,69,4.0,12.0,1.566836099382174,5.952668441081421
calibration,recommended_10h,70,4.0,12.0,1.5835595914022615,6.068652745725789
calibration,recommended_10h,71,4.0,12.0,1.6026771078822444,6.182119518856899
calibration,recommended_10h,72,4.0,12.0,1.6216998307966302,6.2985692769065516
calibration,recommended_10h,73,4.0,12.0,1.6341496892096075,6.406264715741217
calibration,recommended_10h,74,4.0,12.0,1.6507112564479565,6.5231470804011815
calibration,recommended_10h,75,4.0,12.0,1.6760713513674474,6.637791036311991
calibration,recommended_10h,76,4.0,12.0,1.7275103708793704,6.756028965754379
calibration,recommended_10h,77,4.0,12.0,1.7779220502777804,6.871238665306989
calibration,recommended_10h,78,4.0,12.0,1.8278912000887493,6.985459831099994
calibration,recommended_10h,79,4.0,12.0,1.8824031369999439,7.106560723690558
calibration,recommended_10h,80,4.0,12.0,1.930403566672445,7.227052937341827
calibration,recommended_10h,81,4.0,12.0,1.9779597842872754,7.349845525753218
calibration,recommended_10h,82,4.0,12.0,2.0303814119388086,7.482707437246594
calibration,recommended_10h,83,4.0,12.0,2.082643400320028,7.6677765183139845
calibration,recommended_10h,84,4.0,12.0,2.1368349646283535,7.859541300407291
calibration,recommended_10h,85,4.0,12.0,2.1901369002279347,8.035588172572371
calibration,recommended_10h,86,4.0,12.0,2.2449918241266076,8.214865475693811
calibration,recommended_10h,87,4.0,12.0,2.299229469693853,8.397537717430858
calibration,recommended_10h,88,4.0,12.0,2.3531083006396614,8.578476578609905
calibration,recommended_10h,89,4.0,12.0,2.412238522974519,8.771616293869421
calibration,recommended_10h,90,4.0,12.0,2.472300214756018,8.95376874731002
calibration,recommended_10h,91,4.0,12.0,2.5368611025981647,9.150501922113442
calibration,recommended_10h,92,4.0,12.0,2.598356445814054,9.306826755058628
calibration,recommended_10h,93,4.0,12.0,2.661527512737649,9.456419683127804
calibration,recommended_10h,94,4.0,12.0,2.722602866652002,9.63076014026123
calibration,recommended_10h,95,4.0,12.0,2.788765918665126,9.78583059710405
calibration,recommended_10h,96,4.0,12.0,2.853887794807397,9.951570416480449
calibration,recommended_10h,97,4.0,12.0,2.914958477872398,10.097949126169258
calibration,recommended_10h,98,4.0,12.0,2.9775496745706453,10.230787112948313
calibration,recommended_10h,99,4.0,12.0,3.041867496004058,10.37229905548891
calibration,recommended_10h,100,4.0,12.0,3.1027401655650433,10.510385672907985
calibration,recommended_10h,20,8.0,1.0,1.420809670651857,2.2319187266227836
calibration,recommended_10h,21,8.0,1.0,1.3459506284858813,2.2004955240136237
calibration,recommended_10h,22,8.0,1.0,1.301821311173046,2.234961497253063
calibration,recommended_10h,23,8.0,1.0,1.266243838644776,2.3945769547475626
calibration,recommended_10h,24,8.0,1.0,1.1412235418128969,2.343307390278815
calibration,recommended_10h,25,8.0,1.0,1.0466424260494378,2.292534011367353
calibration,recommended_10h,26,8.0,1.0,0.9352020918254267,2.1562716430162165
calibration,recommended_10h,27,8.0,1.0,0.8599607425675782,2.19945099581047
calibration,recommended_10h,28,8.0,1.0,0.7979876595305413,2.3030155156296583
calibration,recommended_10h,29,8.0,1.0,0.7496066574638638,2.403240776220117
calibration,recommended_10h,30,8.0,1.0,0.6653815192608992,2.369395266361618
calibration,recommended_10h,31,8.0,1.0,0.6047221023304461,2.37806347039069
calibration,recommended_10h,32,8.0,1.0,0.6027016547550001,2.5643445354920136
calibration,recommended_10h,33,8.0,1.0,0.663796445431819,2.518303587997406
calibration,recommended_10h,34,8.0,1.0,0.6829799861185704,2.607827645565308
calibration,recommended_10h,35,8.0,1.0,0.7419287346608572,2.7697508261588455
calibration,recommended_10h,36,8.0,1.0,0.8112219799395914,2.824591714755398
calibration,recommended_10h,37,8.0,1.0,0.8735137257423808,2.8329801755741624
calibration,recommended_10h,38,8.0,1.0,0.9236920021403083,2.9590528256774107
calibration,recommended_10h,39,8.0,1.0,0.9908217152994503,3.030403541653648
calibration,recommended_10h,40,8.0,1.0,1.0451914807406038,3.1301709137219635
calibration,recommended_10h,41,8.0,1.0,1.097529053799584,3.2856401483577935
calibration,recommended_10h,42,8.0,1.0,1.1304585121375998,3.3751390169849182
calibration,recommended_10h,43,8.0,1.0,1.1746784240244557,3.4958283862979833
calibration,recommended_10h,44,8.0,1.0,1.209433575536889,3.645288126266899
calibration,recommended_10h,45,8.0,1.0,1.2966176884008807,3.6774919993428856
calibration,recommended_10h,46,8.0,1.0,1.3928526550069487,3.8774372315167893
calibration,recommended_10h,47,8.0,1.0,1.4553463768404828,4.010870835519587
calibration,recommended_10h,48,8.0,1.0,1.521548154333896,4.062007709747673
calibration,recommended_10h,49,8.0,1.0,1.6169245290741818,4.1919853031224585
calibration,recommended_10h,50,8.0,1.0,1.6886168933860413,4.238530296723408
calibration,recommended_10h,51,8.0,1.0,1.7483670357991032,4.3440095846918325
calibration,recommended_10h,52,8.0,1.0,1.8142408124181664,4.451044706873386
calibration,recommended_10h,53,8.0,1.0,1.8677629006380814,4.4927064537562345
calibration,recommended_10h,54,8.0,1.0,1.9273927765537158,4.577185887534485
calibration,recommended_10h,55,8.0,1.0,1.972608111113372,4.73504145184962
calibration,recommended_10h,56,8.0,1.0,2.0107379551077775,4.819288220386109
calibration,recommended_10h,57,8.0,1.0,2.0541827156279613,4.918660270294417
calibration,recommended_10h,58,8.0,1.0,2.098353612302861,4.993217732482114
calibration,recommended_10h,59,8.0,1.0,2.139675499225846,5.05292571020548
calibration,recommended_10h,60,8.0,1.0,2.188541818399714,5.131587457502862
calibration,recommended_10h,61,8.0,1.0,2.234914570685964,5.201725741226171
calibration,recommended_10h,62,8.0,1.0,2.276029409920688,5.273396307962153
calibration,recommended_10h,63,8.0,1.0,2.3210620629018797,5.340600133298845
calibration,recommended_10h,64,8.0,1.0,2.366475490252551,5.399283526117626
calibration,recommended_10h,65,8.0,1.0,2.4239694219294172,5.493321173729715
calibration,recommended_10h,66,8.0,1.0,2.473439608953787,5.547119335360318
calibration,recommended_10h,67,8.0,1.0,2.524511845405364,5.591674705762983
calibration,recommended_10h,68,8.0,1.0,2.572998394545456,5.693403338132819
calibration,recommended_10h,69,8.0,1.0,2.6305518965118235,5.753689688507624
calibration,recommended_10h,70,8.0,1.0,2.6874702261706407,5.855626809622327
calibration,recommended_10h,71,8.0,1.0,2.747256561827194,5.925969500175143
calibration,recommended_10h,72,8.0,1.0,2.8053838200402303,5.964539119095225
calibration,recommended_10h,73,8.0,1.0,2.8629108209053955,6.012805299104662
calibration,recommended_10h,74,8.0,1.0,2.9240063122566218,6.082044670247666
calibration,recommended_10h,75,8.0,1.0,2.9878508895919254,6.119058353693108
calibration,recommended_10h,76,8.0,1.0,3.047319267720505,6.170402065857439
calibration,recommended_10h,77,8.0,1.0,3.1105696577816477,6.21773383683768
calibration,recommended_10h,78,8.0,1.0,3.175482005828356,6.29814852687558
calibration,recommended_10h,79,8.0,1.0,3.2385407494535556,6.328698785573339
calibration,recommended_10h,80,8.0,1.0,3.3034466316863575,6.372886528353838
calibration,recommended_10h,81,8.0,1.0,3.375939144884965,6.423419639347494
calibration,recommended_10h,82,8.0,1.0,3.443288242111553,6.4903399863347255
calibration,recommended_10h,83,8.0,1.0,3.5367116106645335,6.534517526662831
calibration,recommended_10h,84,8.0,1.0,3.641213159701495,6.628020755344766
calibration,recommended_10h,85,8.0,1.0,3.749076724399436,6.74864008519569
calibration,recommended_10h,86,8.0,1.0,3.8559847732847485,6.867469597695952
calibration,recommended_10h,87,8.0,1.0,3.9645003170796445,6.988310506905604
calibration,recommended_10h,88,8.0,1.0,4.071636613435348,7.1037324574151794
calibration,recommended_10h,89,8.0,1.0,4.185182105750096,7.215214701793005
calibration,recommended_10h,90,8.0,1.0,4.300291355689345,7.32429380163182
calibration,recommended_10h,91,8.0,1.0,4.416569611329946,7.432037481797704
calibration,recommended_10h,92,8.0,1.0,4.529805445118207,7.535765882950596
calibration,recommended_10h,93,8.0,1.0,4.64039030517962,7.636961561272471
calibration,recommended_10h,94,8.0,1.0,4.751882319820577,7.735384896757025
calibration,recommended_10h,95,8.0,1.0,4.861256831875593,7.8319383920846475
calibration,recommended_10h,96,8.0,1.0,4.965273707544426,7.925700085184162
calibration,recommended_10h,97,8.0,1.0,5.064507561855369,8.016676773572629
calibration,recommended_10h,98,8.0,1.0,5.158729540756979,8.105286647163613
calibration,recommended_10h,99,8.0,1.0,5.248959418343713,8.192620618652914
calibration,recommended_10h,100,8.0,1.0,5.334267516867186,8.27245981836593
calibration,recommended_10h,20,8.0,5.0,1.4208096706518347,2.2319187266227836
calibration,recommended_10h,21,8.0,5.0,1.3459506284858813,2.2004955240136015
calibration,recommended_10h,22,8.0,5.0,1.3018213111730237,2.2349614972530407
calibration,recommended_10h,23,8.0,5.0,1.2662438386447983,2.3945769547475626
calibration,recommended_10h,24,8.0,5.0,1.141223541812919,2.3433073902787926
calibration,recommended_10h,25,8.0,5.0,1.0466424260494378,2.2925340113673753
calibration,recommended_10h,26,8.0,5.0,0.9352020918254267,2.1562716430161943
calibration,recommended_10h,27,8.0,5.0,0.859960742567556,2.199450995810448
calibration,recommended_10h,28,8.0,5.0,0.7979876595305635,2.3030155156296583
calibration,recommended_10h,29,8.0,5.0,0.7496066574638638,2.403240776220117
calibration,recommended_10h,30,8.0,5.0,0.665381519260877,2.369395266361618
calibration,recommended_10h,31,8.0,5.0,0.6047221023304461,2.378063470390668
calibration,recommended_10h,32,8.0,5.0,0.602701654754978,2.5643445354920136
calibration,recommended_10h,33,8.0,5.0,0.663796445431819,2.5183035879973836
calibration,recommended_10h,34,8.0,5.0,0.6829799861185926,2.607827645565286
calibration,recommended_10h,35,8.0,5.0,0.7419287346608572,2.7697508261588455
calibration,recommended_10h,36,8.0,5.0,0.8112219799396136,2.824591714755398
calibration,recommended_10h,37,8.0,5.0,0.8735137257423586,2.8329801755741624
calibration,recommended_10h,38,8.0,5.0,0.9236920021403305,2.959052825677433
calibration,recommended_10h,39,8.0,5.0,0.9908217152994725,3.030403541653648
calibration,recommended_10h,40,8.0,5.0,1.0451914807406038,3.1301709137219413
calibration,recommended_10h,41,8.0,5.0,1.0975290537996285,3.2856401483577713
calibration,recommended_10h,42,8.0,5.0,1.130458512137622,3.375139016984896
calibration,recommended_10h,43,8.0,5.0,1.1746784240244779,3.495828386297939
calibration,recommended_10h,44,8.0,5.0,1.209433575536889,3.645288126266899
calibration,recommended_10h,45,8.0,5.0,1.2966176884008584,3.6774919993428634
calibration,recommended_10h,46,8.0,5.0,1.3928526550069265,3.8774372315167893
calibration,recommended_10h,47,8.0,5.0,1.4553463768404606,4.010870835519609
calibration,recommended_10h,48,8.0,5.0,1.5215481543339182,4.062007709747695
calibration,recommended_10h,49,8.0,5.0,1.6169245290741818,4.1919853031224585
calibration,recommended_10h,50,8.0,5.0,1.6886168933860413,4.238530296723386
calibration,recommended_10h,51,8.0,5.0,1.748367035799081,4.34400958469181
calibration,recommended_10h,52,8.0,5.0,1.8142408124181664,4.451044706873386
calibration,recommended_10h,53,8.0,5.0,1.867762900638037,4.492706453756212
calibration,recommended_10h,54,8.0,5.0,1.9273927765537158,4.577185887534507
calibration,recommended_10h,55,8.0,5.0,1.9726081111133498,4.735041451849598
calibration,recommended_10h,56,8.0,5.0,2.0107379551077775,4.8192882203860865
calibration,recommended_10h,57,8.0,5.0,2.0541827156279835,4.918660270294417
calibration,recommended_10h,58,8.0,5.0,2.0983536123028834,4.993217732482136
calibration,recommended_10h,59,8.0,5.0,2.139675499225846,5.052925710205525
calibration,recommended_10h,60,8.0,5.0,2.1885418183996697,5.131587457502862
calibration,recommended_10h,61,8.0,5.0,2.234914570685942,5.201725741226171
calibration,recommended_10h,62,8.0,5.0,2.276029409920688,5.273396307962153
calibration,recommended_10h,63,8.0,5.0,2.3210620629018353,5.340600133298867
calibration,recommended_10h,64,8.0,5.0,2.366475490252573,5.399283526117626
calibration,recommended_10h,65,8.0,5.0,2.4239694219294172,5.493321173729693
calibration,recommended_10h,66,8.0,5.0,2.473439608953809,5.547119335360318
calibration,recommended_10h,67,8.0,5.0,2.5245118454053417,5.591674705762939
calibration,recommended_10h,68,8.0,5.0,2.5729983945454338,5.693403338132774
calibration,recommended_10h,69,8.0,5.0,2.6305518965118235,5.753689688507646
calibration,recommended_10h,70,8.0,5.0,2.6874702261706185,5.85562680962235
calibration,recommended_10h,71,8.0,5.0,2.747256561827216,5.925969500175143
calibration,recommended_10h,72,8.0,5.0,2.8053838200402303,5.964539119095202
calibration,recommended_10h,73,8.0,5.0,2.8629108209053955,6.012805299104662
calibration,recommended_10h,74,8.0,5.0,2.9240063122565996,6.082044670247666
calibration,recommended_10h,75,8.0,5.0,2.9878508895919254,6.119058353693085
calibration,recommended_10h,76,8.0,5.0,3.0473192677205274,6.170402065857439
calibration,recommended_10h,77,8.0,5.0,3.1105696577816255,6.217733836837658
calibration,recommended_10h,78,8.0,5.0,3.1754820058283784,6.298148526875558
calibration,recommended_10h,79,8.0,5.0,3.2385407494535556,6.328698785573339
calibration,recommended_10h,80,8.0,5.0,3.3034466316863798,6.3728865283538605
calibration,recommended_10h,81,8.0,5.0,3.375939144884943,6.42341963934745
calibration,recommended_10h,82,8.0,5.0,3.4432882421115307,6.490339986334703
calibration,recommended_10h,83,8.0,5.0,3.5367116106645335,6.534517526662809
calibration,recommended_10h,84,8.0,5.0,3.641213159701473,6.628020755344766
calibration,recommended_10h,85,8.0,5.0,3.7490767243993917,6.748640085195667
calibration,recommended_10h,86,8.0,5.0,3.8559847732847707,6.867469597695908
calibration,recommended_10h,87,8.0,5.0,3.9645003170796445,6.988310506905582
calibration,recommended_10h,88,8.0,5.0,4.0716366134353255,7.1037324574151794
calibration,recommended_10h,89,8.0,5.0,4.185182105750118,7.215214701792982
calibration,recommended_10h,90,8.0,5.0,4.30029135568939,7.324293801631798
calibration,recommended_10h,91,8.0,5.0,4.416569611329901,7.432037481797726
calibration,recommended_10h,92,8.0,5.0,4.529805445118162,7.535765882950618
calibration,recommended_10h,93,8.0,5.0,4.640390305179598,7.636961561272471
calibration,recommended_10h,94,8.0,5.0,4.751882319820577,7.735384896757047
calibration,recommended_10h,95,8.0,5.0,4.861256831875593,7.8319383920846475
calibration,recommended_10h,96,8.0,5.0,4.965273707544404,7.92570008518414
calibration,recommended_10h,97,8.0,5.0,5.064507561855325,8.016676773572652
calibration,recommended_10h,98,8.0,5.0,5.158729540756979,8.105286647163567
calibration,recommended_10h,99,8.0,5.0,5.248959418343713,8.192620618652914
calibration,recommended_10h,100,8.0,5.0,5.334267516867208,8.272459818365906
calibration,recommended_10h,20,8.0,12.0,1.3736600681924171,2.221931342810235
calibration,recommended_10h,21,8.0,12.0,1.2995076950370388,2.193038892830823
calibration,recommended_10h,22,8.0,12.0,1.256175017642902,2.212783650166661
calibration,recommended_10h,23,8.0,12.0,1.2207921339004502,2.377462451359036
calibration,recommended_10h,24,8.0,12.0,1.095007508140844,2.3226621191225982
calibration,recommended_10h,25,8.0,12.0,0.9996429846483412,2.2716697503210703
calibration,recommended_10h,26,8.0,12.0,0.8871499412388406,2.2022142134834333
calibration,recommended_10h,27,8.0,12.0,0.8113671070977935,2.300426218967111
calibration,recommended_10h,28,8.0,12.0,0.7489389004047053,2.3715970378721307
calibration,recommended_10h,29,8.0,12.0,0.7001609565417288,2.43527739562186
calibration,recommended_10h,30,8.0,12.0,0.6152227363990681,2.5155422775875014
calibration,recommended_10h,31,8.0,12.0,0.5589512626668736,2.565897033659059
calibration,recommended_10h,32,8.0,12.0,0.5511773866264003,2.6246574857313076
calibration,recommended_10h,33,8.0,12.0,0.5994405221792842,2.666807769928181
calibration,recommended_10h,34,8.0,12.0,0.6162708912482939,2.719141059398966
calibration,recommended_10h,35,8.0,12.0,0.6731849320486871,2.7791423207346178
calibration,recommended_10h,36,8.0,12.0,0.7406353438075719,2.8233498363588128
calibration,recommended_10h,37,8.0,12.0,0.8011022257573996,2.902524142575791
calibration,recommended_10h,38,8.0,12.0,0.8495890281645657,3.0055206412216817
calibration,recommended_10h,39,8.0,12.0,0.9150662092404227,3.0666738792376913
calibration,recommended_10h,40,8.0,12.0,0.967572583205123,3.1443966922506172
calibration,recommended_10h,41,8.0,12.0,1.0179731334248876,3.2213847216078895
calibration,recommended_10h,42,8.0,12.0,1.0488073149865995,3.2971015018931293
calibration,recommended_10h,43,8.0,12.0,1.0908917177165023,3.416192897057746
calibration,recommended_10h,44,8.0,12.0,1.1212048890220316,3.5645353424941018
calibration,recommended_10h,45,8.0,12.0,1.1667833936422456,3.595258360962972
calibration,recommended_10h,46,8.0,12.0,1.201958955223903,3.79352636318504
calibration,recommended_10h,47,8.0,12.0,1.2106017191976903,3.925086811780165
calibration,recommended_10h,48,8.0,12.0,1.2386578266911696,3.974322429451971
calibration,recommended_10h,49,8.0,12.0,1.2706096526614141,4.102081209482766
calibration,recommended_10h,50,8.0,12.0,1.303506284549072,4.146204231668005
calibration,recommended_10h,51,8.0,12.0,1.328231736333918,4.24968430980619
calibration,recommended_10h,52,8.0,12.0,1.3601287958696417,4.354090623188234
calibration,recommended_10h,53,8.0,12.0,1.3747165026697816,4.393628987040299
calibration,recommended_10h,54,8.0,12.0,1.4013582448358708,4.476198173745405
calibration,recommended_10h,55,8.0,12.0,1.416933876419102,4.632151038038201
calibration,recommended_10h,56,8.0,12.0,1.429437251766652,4.7145778858845855
calibration,recommended_10h,57,8.0,12.0,1.443652974866172,4.811942982334716
calibration,recommended_10h,58,8.0,12.0,1.4535856015476023,4.884312855408068
calibration,recommended_10h,59,8.0,12.0,1.4618033183576795,4.941712407904308
calibration,recommended_10h,60,8.0,12.0,1.4719247638993238,5.018305007449553
calibration,recommended_10h,61,8.0,12.0,1.4840154554180085,5.086436428626673
calibration,recommended_10h,62,8.0,12.0,1.493468232946027,5.177274723908498
calibration,recommended_10h,63,8.0,12.0,1.5056161258259593,5.284239604346386
calibration,recommended_10h,64,8.0,12.0,1.5131179377207093,5.391799302971001
calibration,recommended_10h,65,8.0,12.0,1.5251168592883113,5.502374696652024
calibration,recommended_10h,66,8.0,12.0,1.537053893571172,5.61679398019217
calibration,recommended_10h,67,8.0,12.0,1.5483631327698921,5.729053990586075
calibration,recommended_10h,68,8.0,12.0,1.5558408215661013,5.838452400973626
calibration,recommended_10h,69,8.0,12.0,1.566836099382174,5.952668441081421
calibration,recommended_10h,70,8.0,12.0,1.5835595914022615,6.068652745725789
calibration,recommended_10h,71,8.0,12.0,1.6026771078822444,6.182119518856899
calibration,recommended_10h,72,8.0,12.0,1.6216998307966302,6.2985692769065516
calibration,recommended_10h,73,8.0,12.0,1.6341496892096075,6.406264715741217
calibration,recommended_10h,74,8.0,12.0,1.6507112564479565,6.5231470804011815
calibration,recommended_10h,75,8.0,12.0,1.6760713513674474,6.637791036311991
calibration,recommended_10h,76,8.0,12.0,1.7275103708793704,6.756028965754379
calibration,recommended_10h,77,8.0,12.0,1.7779220502777804,6.871238665306989
calibration,recommended_10h,78,8.0,12.0,1.8278912000887493,6.985459831099994
calibration,recommended_10h,79,8.0,12.0,1.8824031369999439,7.106560723690558
calibration,recommended_10h,80,8.0,12.0,1.930403566672445,7.227052937341827
calibration,recommended_10h,81,8.0,12.0,1.9779597842872754,7.349845525753218
calibration,recommended_10h,82,8.0,12.0,2.0303814119388086,7.482707437246594
calibration,recommended_10h,83,8.0,12.0,2.082643400320028,7.6677765183139845
calibration,recommended_10h,84,8.0,12.0,2.1368349646283535,7.859541300407291
calibration,recommended_10h,85,8.0,12.0,2.1901369002279347,8.035588172572371
calibration,recommended_10h,86,8.0,12.0,2.2449918241266076,8.214865475693811
calibration,recommended_10h,87,8.0,12.0,2.299229469693853,8.397537717430858
calibration,recommended_10h,88,8.0,12.0,2.3531083006396614,8.578476578609905
calibration,recommended_10h,89,8.0,12.0,2.412238522974519,8.771616293869421
calibration,recommended_10h,90,8.0,12.0,2.472300214756018,8.95376874731002
calibration,recommended_10h,91,8.0,12.0,2.5368611025981647,9.150501922113442
calibration,recommended_10h,92,8.0,12.0,2.598356445814054,9.306826755058628
calibration,recommended_10h,93,8.0,12.0,2.661527512737649,9.456419683127804
calibration,recommended_10h,94,8.0,12.0,2.722602866652002,9.63076014026123
calibration,recommended_10h,95,8.0,12.0,2.788765918665126,9.78583059710405
calibration,recommended_10h,96,8.0,12.0,2.853887794807397,9.951570416480449
calibration,recommended_10h,97,8.0,12.0,2.914958477872398,10.097949126169258
calibration,recommended_10h,98,8.0,12.0,2.9775496745706453,10.230787112948313
calibration,recommended_10h,99,8.0,12.0,3.041867496004058,10.37229905548891
calibration,recommended_10h,100,8.0,12.0,3.1027401655650433,10.510385672907985
calibration,recommended_10h,20,10.0,1.0,1.420809670651857,2.2319187266228058
calibration,recommended_10h,21,10.0,1.0,1.3459506284858591,2.2004955240136237
calibration,recommended_10h,22,10.0,1.0,1.301821311173046,2.234961497253085
calibration,recommended_10h,23,10.0,1.0,1.2662438386448427,2.3945769547475626
calibration,recommended_10h,24,10.0,1.0,1.1412235418128969,2.3433073902787704
calibration,recommended_10h,25,10.0,1.0,1.0466424260494156,2.2925340113673753
calibration,recommended_10h,26,10.0,1.0,0.9352020918254267,2.1562716430162387
calibration,recommended_10h,27,10.0,1.0,0.859960742567556,2.19945099581047
calibration,recommended_10h,28,10.0,1.0,0.7979876595305635,2.3030155156296583
calibration,recommended_10h,29,10.0,1.0,0.7496066574638194,2.403240776220117
calibration,recommended_10h,30,10.0,1.0,0.6653815192608992,2.369395266361618
calibration,recommended_10h,31,10.0,1.0,0.6047221023304683,2.378063470390668
calibration,recommended_10h,32,10.0,1.0,0.602701654754978,2.564344535492058
calibration,recommended_10h,33,10.0,1.0,0.6637964454318412,2.518303587997428
calibration,recommended_10h,34,10.0,1.0,0.6829799861185704,2.607827645565308
calibration,recommended_10h,35,10.0,1.0,0.7419287346608572,2.7697508261588455
calibration,recommended_10h,36,10.0,1.0,0.8112219799396136,2.82459171475542
calibration,recommended_10h,37,10.0,1.0,0.8735137257423586,2.832980175574207
calibration,recommended_10h,38,10.0,1.0,0.9236920021403083,2.959052825677433
calibration,recommended_10h,39,10.0,1.0,0.9908217152994503,3.03040354165367
calibration,recommended_10h,40,10.0,1.0,1.045191480740626,3.1301709137219857
calibration,recommended_10h,41,10.0,1.0,1.0975290537996063,3.2856401483578157
calibration,recommended_10h,42,10.0,1.0,1.1304585121375998,3.3751390169849405
calibration,recommended_10h,43,10.0,1.0,1.1746784240244557,3.495828386297961
calibration,recommended_10h,44,10.0,1.0,1.2094335755368668,3.6452881262669212
calibration,recommended_10h,45,10.0,1.0,1.2966176884008362,3.6774919993428856
calibration,recommended_10h,46,10.0,1.0,1.3928526550069043,3.8774372315168115
calibration,recommended_10h,47,10.0,1.0,1.4553463768404606,4.010870835519631
calibration,recommended_10h,48,10.0,1.0,1.521548154333896,4.062007709747695
calibration,recommended_10h,49,10.0,1.0,1.6169245290741818,4.191985303122481
calibration,recommended_10h,50,10.0,1.0,1.688616893386019,4.238530296723386
calibration,recommended_10h,51,10.0,1.0,1.7483670357990588,4.3440095846918325
calibration,recommended_10h,52,10.0,1.0,1.8142408124181442,4.4510447068734305
calibration,recommended_10h,53,10.0,1.0,1.867762900638037,4.4927064537562345
calibration,recommended_10h,54,10.0,1.0,1.9273927765536936,4.577185887534507
calibration,recommended_10h,55,10.0,1.0,1.9726081111133498,4.73504145184962
calibration,recommended_10h,56,10.0,1.0,2.0107379551077553,4.819288220386109
calibration,recommended_10h,57,10.0,1.0,2.0541827156279835,4.918660270294417
calibration,recommended_10h,58,10.0,1.0,2.098353612302861,4.993217732482114
calibration,recommended_10h,59,10.0,1.0,2.1396754992258016,5.052925710205525
calibration,recommended_10h,60,10.0,1.0,2.1885418183996697,5.131587457502862
calibration,recommended_10h,61,10.0,1.0,2.234914570685942,5.201725741226171
calibration,recommended_10h,62,10.0,1.0,2.276029409920688,5.27339630796213
calibration,recommended_10h,63,10.0,1.0,2.3210620629018353,5.340600133298845
calibration,recommended_10h,64,10.0,1.0,2.3664754902525287,5.399283526117649
calibration,recommended_10h,65,10.0,1.0,2.423969421929395,5.4933211737296705
calibration,recommended_10h,66,10.0,1.0,2.473439608953809,5.547119335360318
calibration,recommended_10h,67,10.0,1.0,2.5245118454053417,5.591674705762961
calibration,recommended_10h,68,10.0,1.0,2.5729983945454116,5.693403338132819
calibration,recommended_10h,69,10.0,1.0,2.6305518965118013,5.753689688507646
calibration,recommended_10h,70,10.0,1.0,2.6874702261706185,5.855626809622305
calibration,recommended_10h,71,10.0,1.0,2.747256561827238,5.925969500175143
calibration,recommended_10h,72,10.0,1.0,2.805383820040208,5.964539119095225
calibration,recommended_10h,73,10.0,1.0,2.8629108209053733,6.012805299104684
calibration,recommended_10h,74,10.0,1.0,2.9240063122565996,6.082044670247688
calibration,recommended_10h,75,10.0,1.0,2.9878508895919254,6.119058353693108
calibration,recommended_10h,76,10.0,1.0,3.047319267720505,6.170402065857461
calibration,recommended_10h,77,10.0,1.0,3.1105696577816255,6.217733836837658
calibration,recommended_10h,78,10.0,1.0,3.175482005828356,6.29814852687558
calibration,recommended_10h,79,10.0,1.0,3.2385407494535334,6.328698785573339
calibration,recommended_10h,80,10.0,1.0,3.3034466316863798,6.3728865283538605
calibration,recommended_10h,81,10.0,1.0,3.375939144884943,6.423419639347472
calibration,recommended_10h,82,10.0,1.0,3.4432882421115085,6.4903399863347255
calibration,recommended_10h,83,10.0,1.0,3.5367116106645335,6.534517526662831
calibration,recommended_10h,84,10.0,1.0,3.641213159701473,6.628020755344766
calibration,recommended_10h,85,10.0,1.0,3.7490767243993917,6.748640085195645
calibration,recommended_10h,86,10.0,1.0,3.8559847732847485,6.86746959769593
calibration,recommended_10h,87,10.0,1.0,3.9645003170796445,6.988310506905604
calibration,recommended_10h,88,10.0,1.0,4.071636613435303,7.103732457415202
calibration,recommended_10h,89,10.0,1.0,4.185182105750074,7.21521470179296
calibration,recommended_10h,90,10.0,1.0,4.300291355689367,7.324293801631776
calibration,recommended_10h,91,10.0,1.0,4.416569611329879,7.432037481797682
calibration,recommended_10h,92,10.0,1.0,4.529805445118207,7.535765882950596
calibration,recommended_10h,93,10.0,1.0,4.640390305179598,7.636961561272471
calibration,recommended_10h,94,10.0,1.0,4.751882319820555,7.735384896757025
calibration,recommended_10h,95,10.0,1.0,4.861256831875593,7.83193839208467
calibration,recommended_10h,96,10.0,1.0,4.965273707544404,7.9257000851841175
calibration,recommended_10h,97,10.0,1.0,5.064507561855347,8.016676773572629
calibration,recommended_10h,98,10.0,1.0,5.158729540756979,8.105286647163545
calibration,recommended_10h,99,10.0,1.0,5.248959418343735,8.192620618652914
calibration,recommended_10h,100,10.0,1.0,5.334267516867186,8.27245981836593
calibration,recommended_10h,20,10.0,5.0,1.4208096706518791,2.2319187266228058
calibration,recommended_10h,21,10.0,5.0,1.3459506284858591,2.2004955240136237
calibration,recommended_10h,22,10.0,5.0,1.301821311173046,2.234961497253063
calibration,recommended_10h,23,10.0,5.0,1.2662438386448205,2.3945769547475626
calibration,recommended_10h,24,10.0,5.0,1.1412235418128969,2.3433073902787926
calibration,recommended_10h,25,10.0,5.0,1.0466424260494378,2.2925340113673753
calibration,recommended_10h,26,10.0,5.0,0.9352020918254489,2.1562716430162387
calibration,recommended_10h,27,10.0,5.0,0.859960742567556,2.199450995810448
calibration,recommended_10h,28,10.0,5.0,0.7979876595305413,2.3030155156296805
calibration,recommended_10h,29,10.0,5.0,0.7496066574638416,2.403240776220117
calibration,recommended_10h,30,10.0,5.0,0.6653815192608992,2.36939526636164
calibration,recommended_10h,31,10.0,5.0,0.6047221023304461,2.378063470390668
calibration,recommended_10h,32,10.0,5.0,0.6027016547550001,2.564344535492036
calibration,recommended_10h,33,10.0,5.0,0.663796445431819,2.518303587997406
calibration,recommended_10h,34,10.0,5.0,0.6829799861185482,2.6078276455653304
calibration,recommended_10h,35,10.0,5.0,0.741928734660835,2.7697508261588233
calibration,recommended_10h,36,10.0,5.0,0.8112219799395914,2.82459171475542
calibration,recommended_10h,37,10.0,5.0,0.8735137257423586,2.8329801755741846
calibration,recommended_10h,38,10.0,5.0,0.9236920021402861,2.9590528256774107
calibration,recommended_10h,39,10.0,5.0,0.9908217152994281,3.030403541653648
calibration,recommended_10h,40,10.0,5.0,1.0451914807406038,3.1301709137219857
calibration,recommended_10h,41,10.0,5.0,1.097529053799562,3.2856401483577935
calibration,recommended_10h,42,10.0,5.0,1.1304585121375998,3.3751390169849182
calibration,recommended_10h,43,10.0,5.0,1.1746784240244557,3.495828386297961
calibration,recommended_10h,44,10.0,5.0,1.209433575536889,3.645288126266899
calibration,recommended_10h,45,10.0,5.0,1.2966176884008362,3.677491999342908
calibration,recommended_10h,46,10.0,5.0,1.3928526550069487,3.8774372315168115
calibration,recommended_10h,47,10.0,5.0,1.4553463768404606,4.010870835519631
calibration,recommended_10h,48,10.0,5.0,1.5215481543339182,4.062007709747673
calibration,recommended_10h,49,10.0,5.0,1.6169245290741818,4.191985303122481
calibration,recommended_10h,50,10.0,5.0,1.6886168933860413,4.238530296723408
calibration,recommended_10h,51,10.0,5.0,1.7483670357990588,4.3440095846918325
calibration,recommended_10h,52,10.0,5.0,1.8142408124181664,4.451044706873386
calibration,recommended_10h,53,10.0,5.0,1.867762900638037,4.492706453756257
calibration,recommended_10h,54,10.0,5.0,1.9273927765536936,4.577185887534507
calibration,recommended_10h,55,10.0,5.0,1.9726081111133498,4.73504145184962
calibration,recommended_10h,56,10.0,5.0,2.0107379551077553,4.819288220386109
calibration,recommended_10h,57,10.0,5.0,2.0541827156279613,4.918660270294439
calibration,recommended_10h,58,10.0,5.0,2.098353612302839,4.993217732482136
calibration,recommended_10h,59,10.0,5.0,2.1396754992258016,5.052925710205525
calibration,recommended_10h,60,10.0,5.0,2.1885418183996697,5.131587457502884
calibration,recommended_10h,61,10.0,5.0,2.2349145706859197,5.201725741226193
calibration,recommended_10h,62,10.0,5.0,2.2760294099206657,5.273396307962175
calibration,recommended_10h,63,10.0,5.0,2.321062062901813,5.340600133298845
calibration,recommended_10h,64,10.0,5.0,2.3664754902525287,5.399283526117649
calibration,recommended_10h,65,10.0,5.0,2.423969421929373,5.493321173729715
calibration,recommended_10h,66,10.0,5.0,2.473439608953787,5.5471193353602954
calibration,recommended_10h,67,10.0,5.0,2.5245118454053417,5.591674705762983
calibration,recommended_10h,68,10.0,5.0,2.5729983945454116,5.693403338132819
calibration,recommended_10h,69,10.0,5.0,2.630551896511757,5.753689688507624
calibration,recommended_10h,70,10.0,5.0,2.687470226170574,5.85562680962235
calibration,recommended_10h,71,10.0,5.0,2.7472565618271716,5.9259695001751655
calibration,recommended_10h,72,10.0,5.0,2.805383820040208,5.964539119095225
calibration,recommended_10h,73,10.0,5.0,2.8629108209053733,6.012805299104684
calibration,recommended_10h,74,10.0,5.0,2.924006312256555,6.082044670247688
calibration,recommended_10h,75,10.0,5.0,2.987850889591903,6.119058353693085
calibration,recommended_10h,76,10.0,5.0,3.047319267720483,6.170402065857461
calibration,recommended_10h,77,10.0,5.0,3.1105696577816255,6.217733836837658
calibration,recommended_10h,78,10.0,5.0,3.1754820058283117,6.29814852687558
calibration,recommended_10h,79,10.0,5.0,3.2385407494535112,6.328698785573361
calibration,recommended_10h,80,10.0,5.0,3.3034466316863575,6.372886528353838
calibration,recommended_10h,81,10.0,5.0,3.3759391448848985,6.423419639347494
calibration,recommended_10h,82,10.0,5.0,3.443288242111464,6.490339986334748
calibration,recommended_10h,83,10.0,5.0,3.5367116106645113,6.534517526662831
calibration,recommended_10h,84,10.0,5.0,3.6412131597014508,6.628020755344788
calibration,recommended_10h,85,10.0,5.0,3.7490767243993917,6.74864008519569
calibration,recommended_10h,86,10.0,5.0,3.8559847732847485,6.867469597695974
calibration,recommended_10h,87,10.0,5.0,3.9645003170796222,6.988310506905648
calibration,recommended_10h,88,10.0,5.0,4.071636613435303,7.103732457415224
calibration,recommended_10h,89,10.0,5.0,4.185182105750074,7.215214701793049
calibration,recommended_10h,90,10.0,5.0,4.300291355689345,7.32429380163182
calibration,recommended_10h,91,10.0,5.0,4.416569611329857,7.432037481797726
calibration,recommended_10h,92,10.0,5.0,4.529805445118162,7.53576588295064
calibration,recommended_10h,93,10.0,5.0,4.640390305179598,7.636961561272537
calibration,recommended_10h,94,10.0,5.0,4.751882319820555,7.735384896757047
calibration,recommended_10h,95,10.0,5.0,4.861256831875571,7.831938392084692
calibration,recommended_10h,96,10.0,5.0,4.965273707544382,7.925700085184162
calibration,recommended_10h,97,10.0,5.0,5.064507561855325,8.016676773572652
calibration,recommended_10h,98,10.0,5.0,5.158729540756957,8.105286647163613
calibration,recommended_10h,99,10.0,5.0,5.2489594183436905,8.192620618652914
calibration,recommended_10h,100,10.0,5.0,5.334267516867164,8.27245981836593
calibration,recommended_10h,20,10.0,12.0,1.420809670651857,2.2319187266228058
calibration,recommended_10h,21,10.0,12.0,1.345950628485837,2.2004955240136015
calibration,recommended_10h,22,10.0,12.0,1.3018213111730237,2.234961497253063
calibration,recommended_10h,23,10.0,12.0,1.2662438386447983,2.3945769547475626
calibration,recommended_10h,24,10.0,12.0,1.1412235418128747,2.3433073902787926
calibration,recommended_10h,25,10.0,12.0,1.0466424260494378,2.2925340113673753
calibration,recommended_10h,26,10.0,12.0,0.9352020918254045,2.1562716430162165
calibration,recommended_10h,27,10.0,12.0,0.859960742567556,2.199450995810448
calibration,recommended_10h,28,10.0,12.0,0.7979876595305413,2.303015515629636
calibration,recommended_10h,29,10.0,12.0,0.7496066574638194,2.4032407762200947
calibration,recommended_10h,30,10.0,12.0,0.6653815192608548,2.369395266361596
calibration,recommended_10h,31,10.0,12.0,0.6047221023304683,2.37806347039069
calibration,recommended_10h,32,10.0,12.0,0.6027016547549557,2.564344535492036
calibration,recommended_10h,33,10.0,12.0,0.663796445431819,2.5183035879973836
calibration,recommended_10h,34,10.0,12.0,0.6829799861185926,2.6078276455653304
calibration,recommended_10h,35,10.0,12.0,0.741928734660835,2.7697508261588455
calibration,recommended_10h,36,10.0,12.0,0.8112219799396136,2.82459171475542
calibration,recommended_10h,37,10.0,12.0,0.8735137257423808,2.83298017557414
calibration,recommended_10h,38,10.0,12.0,0.9236920021402861,2.9590528256774107
calibration,recommended_10h,39,10.0,12.0,0.9908217152994503,3.03040354165367
calibration,recommended_10h,40,10.0,12.0,1.045191480740626,3.1301709137219857
calibration,recommended_10h,41,10.0,12.0,1.097529053799584,3.2856401483577935
calibration,recommended_10h,42,10.0,12.0,1.1304585121375776,3.3751390169849182
calibration,recommended_10h,43,10.0,12.0,1.1746784240244557,3.4958283862979833
calibration,recommended_10h,44,10.0,12.0,1.2094335755368668,3.645288126266899
calibration,recommended_10h,45,10.0,12.0,1.2966176884008362,3.6774919993428856
calibration,recommended_10h,46,10.0,12.0,1.3928526550069265,3.8774372315168115
calibration,recommended_10h,47,10.0,12.0,1.4553463768404606,4.010870835519653
calibration,recommended_10h,48,10.0,12.0,1.521548154333896,4.062007709747695
calibration,recommended_10h,49,10.0,12.0,1.6169245290741818,4.191985303122481
calibration,recommended_10h,50,10.0,12.0,1.688616893386019,4.238530296723431
calibration,recommended_10h,51,10.0,12.0,1.748367035799081,4.3440095846918325
calibration,recommended_10h,52,10.0,12.0,1.8142408124181442,4.451044706873408
calibration,recommended_10h,53,10.0,12.0,1.867762900638037,4.4927064537562345
calibration,recommended_10h,54,10.0,12.0,1.9273927765536714,4.577185887534485
calibration,recommended_10h,55,10.0,12.0,1.9726081111133498,4.735041451849598
calibration,recommended_10h,56,10.0,12.0,2.0107379551077553,4.8192882203860865
calibration,recommended_10h,57,10.0,12.0,2.0541827156279835,4.918660270294417
calibration,recommended_10h,58,10.0,12.0,2.098353612302839,4.993217732482136
calibration,recommended_10h,59,10.0,12.0,2.1396754992258016,5.052925710205525
calibration,recommended_10h,60,10.0,12.0,2.1885418183996697,5.131587457502862
calibration,recommended_10h,61,10.0,12.0,2.234914570685942,5.201725741226193
calibration,recommended_10h,62,10.0,12.0,2.2760294099206657,5.273396307962153
calibration,recommended_10h,63,10.0,12.0,2.321062062901813,5.340600133298845
calibration,recommended_10h,64,10.0,12.0,2.3664754902525287,5.399283526117626
calibration,recommended_10h,65,10.0,12.0,2.423969421929395,5.493321173729693
calibration,recommended_10h,66,10.0,12.0,2.473439608953809,5.54711933536034
calibration,recommended_10h,67,10.0,12.0,2.5245118454053417,5.591674705762983
calibration,recommended_10h,68,10.0,12.0,2.5729983945454338,5.693403338132819
calibration,recommended_10h,69,10.0,12.0,2.630551896511779,5.753689688507624
calibration,recommended_10h,70,10.0,12.0,2.6874702261706185,5.85562680962235
calibration,recommended_10h,71,10.0,12.0,2.747256561827194,5.9259695001751655
calibration,recommended_10h,72,10.0,12.0,2.805383820040186,5.964539119095225
calibration,recommended_10h,73,10.0,12.0,2.8629108209053733,6.012805299104684
calibration,recommended_10h,74,10.0,12.0,2.9240063122565774,6.0820446702477104
calibration,recommended_10h,75,10.0,12.0,2.987850889591903,6.11905835369313
calibration,recommended_10h,76,10.0,12.0,3.047319267720505,6.170402065857439
calibration,recommended_10h,77,10.0,12.0,3.1105696577816033,6.217733836837658
calibration,recommended_10h,78,10.0,12.0,3.175482005828334,6.298148526875558
calibration,recommended_10h,79,10.0,12.0,3.2385407494535334,6.328698785573361
calibration,recommended_10h,80,10.0,12.0,3.3034466316863575,6.3728865283538605
calibration,recommended_10h,81,10.0,12.0,3.375939144884943,6.423419639347472
calibration,recommended_10h,82,10.0,12.0,3.4432882421115307,6.490339986334703
calibration,recommended_10h,83,10.0,12.0,3.5367116106645335,6.534517526662831
calibration,recommended_10h,84,10.0,12.0,3.641213159701495,6.62802075534481
calibration,recommended_10h,85,10.0,12.0,3.749076724399414,6.748640085195712
calibration,recommended_10h,86,10.0,12.0,3.8559847732847485,6.86746959769593
calibration,recommended_10h,87,10.0,12.0,3.9645003170796445,6.988310506905648
calibration,recommended_10h,88,10.0,12.0,4.0716366134353255,7.103732457415224
calibration,recommended_10h,89,10.0,12.0,4.185182105750096,7.215214701793005
calibration,recommended_10h,90,10.0,12.0,4.300291355689367,7.32429380163182
calibration,recommended_10h,91,10.0,12.0,4.416569611329901,7.432037481797771
calibration,recommended_10h,92,10.0,12.0,4.529805445118185,7.535765882950618
calibration,recommended_10h,93,10.0,12.0,4.64039030517962,7.636961561272515
calibration,recommended_10h,94,10.0,12.0,4.751882319820577,7.735384896757069
calibration,recommended_10h,95,10.0,12.0,4.861256831875593,7.831938392084714
calibration,recommended_10h,96,10.0,12.0,4.965273707544404,7.925700085184184
calibration,recommended_10h,97,10.0,12.0,5.064507561855369,8.016676773572652
calibration,recommended_10h,98,10.0,12.0,5.158729540756979,8.105286647163613
calibration,recommended_10h,99,10.0,12.0,5.248959418343735,8.192620618652956
calibration,recommended_10h,100,10.0,12.0,5.334267516867208,8.27245981836593
calibration,recommended_10h,20,12.0,1.0,1.4208096706518791,2.231918726622828
calibration,recommended_10h,21,12.0,1.0,1.3459506284858813,2.2004955240136015
calibration,recommended_10h,22,12.0,1.0,1.3018213111730237,2.234961497253085
calibration,recommended_10h,23,12.0,1.0,1.2662438386447983,2.3945769547475626
calibration,recommended_10h,24,12.0,1.0,1.1412235418128969,2.343307390278815
calibration,recommended_10h,25,12.0,1.0,1.0466424260494378,2.292534011367331
calibration,recommended_10h,26,12.0,1.0,0.9352020918254045,2.1562716430162387
calibration,recommended_10h,27,12.0,1.0,0.859960742567556,2.199450995810426
calibration,recommended_10h,28,12.0,1.0,0.7979876595305413,2.3030155156296583
calibration,recommended_10h,29,12.0,1.0,0.7496066574638416,2.4032407762200947
calibration,recommended_10h,30,12.0,1.0,0.665381519260877,2.369395266361618
calibration,recommended_10h,31,12.0,1.0,0.6047221023304683,2.378063470390668
calibration,recommended_10h,32,12.0,1.0,0.6027016547550001,2.5643445354920136
calibration,recommended_10h,33,12.0,1.0,0.663796445431819,2.5183035879973836
calibration,recommended_10h,34,12.0,1.0,0.6829799861185704,2.607827645565308
calibration,recommended_10h,35,12.0,1.0,0.741928734660835,2.7697508261588233
calibration,recommended_10h,36,12.0,1.0,0.8112219799396136,2.8245917147554422
calibration,recommended_10h,37,12.0,1.0,0.8735137257423586,2.8329801755741624
calibration,recommended_10h,38,12.0,1.0,0.9236920021403305,2.959052825677433
calibration,recommended_10h,39,12.0,1.0,0.9908217152994503,3.030403541653648
calibration,recommended_10h,40,12.0,1.0,1.0451914807406038,3.1301709137219857
calibration,recommended_10h,41,12.0,1.0,1.097529053799584,3.2856401483577935
calibration,recommended_10h,42,12.0,1.0,1.1304585121375998,3.3751390169849182
calibration,recommended_10h,43,12.0,1.0,1.1746784240244779,3.495828386297961
calibration,recommended_10h,44,12.0,1.0,1.209433575536889,3.6452881262669212
calibration,recommended_10h,45,12.0,1.0,1.2966176884008807,3.67749199934293
calibration,recommended_10h,46,12.0,1.0,1.3928526550069265,3.8774372315168337
calibration,recommended_10h,47,12.0,1.0,1.4553463768404606,4.010870835519631
calibration,recommended_10h,48,12.0,1.0,1.5215481543339182,4.062007709747695
calibration,recommended_10h,49,12.0,1.0,1.6169245290741818,4.191985303122481
calibration,recommended_10h,50,12.0,1.0,1.6886168933860635,4.238530296723431
calibration,recommended_10h,51,12.0,1.0,1.7483670357991032,4.344009584691855
calibration,recommended_10h,52,12.0,1.0,1.8142408124181664,4.451044706873408
calibration,recommended_10h,53,12.0,1.0,1.8677629006380814,4.492706453756257
calibration,recommended_10h,54,12.0,1.0,1.9273927765537158,4.577185887534507
calibration,recommended_10h,55,12.0,1.0,1.9726081111133498,4.735041451849642
calibration,recommended_10h,56,12.0,1.0,2.0107379551077553,4.8192882203860865
calibration,recommended_10h,57,12.0,1.0,2.0541827156279835,4.918660270294417
calibration,recommended_10h,58,12.0,1.0,2.0983536123028834,4.993217732482136
calibration,recommended_10h,59,12.0,1.0,2.139675499225824,5.052925710205547
calibration,recommended_10h,60,12.0,1.0,2.1885418183996475,5.131587457502862
calibration,recommended_10h,61,12.0,1.0,2.234914570685964,5.201725741226193
calibration,recommended_10h,62,12.0,1.0,2.2760294099206657,5.273396307962175
calibration,recommended_10h,63,12.0,1.0,2.3210620629018353,5.3406001332988895
calibration,recommended_10h,64,12.0,1.0,2.3664754902525287,5.399283526117649
calibration,recommended_10h,65,12.0,1.0,2.423969421929395,5.493321173729693
calibration,recommended_10h,66,12.0,1.0,2.473439608953787,5.54711933536034
calibration,recommended_10h,67,12.0,1.0,2.5245118454053417,5.591674705762961
calibration,recommended_10h,68,12.0,1.0,2.5729983945454338,5.693403338132796
calibration,recommended_10h,69,12.0,1.0,2.6305518965118013,5.753689688507646
calibration,recommended_10h,70,12.0,1.0,2.6874702261706185,5.855626809622327
calibration,recommended_10h,71,12.0,1.0,2.747256561827194,5.925969500175188
calibration,recommended_10h,72,12.0,1.0,2.805383820040208,5.964539119095225
calibration,recommended_10h,73,12.0,1.0,2.8629108209053955,6.012805299104662
calibration,recommended_10h,74,12.0,1.0,2.9240063122565774,6.082044670247688
calibration,recommended_10h,75,12.0,1.0,2.9878508895919254,6.119058353693108
calibration,recommended_10h,76,12.0,1.0,3.047319267720505,6.170402065857483
calibration,recommended_10h,77,12.0,1.0,3.1105696577816033,6.21773383683768
calibration,recommended_10h,78,12.0,1.0,3.175482005828356,6.298148526875558
calibration,recommended_10h,79,12.0,1.0,3.2385407494535112,6.328698785573339
calibration,recommended_10h,80,12.0,1.0,3.3034466316863575,6.372886528353883
calibration,recommended_10h,81,12.0,1.0,3.3759391448849208,6.423419639347472
calibration,recommended_10h,82,12.0,1.0,3.4432882421114863,6.490339986334703
calibration,recommended_10h,83,12.0,1.0,3.5367116106645335,6.534517526662809
calibration,recommended_10h,84,12.0,1.0,3.6412131597014508,6.628020755344766
calibration,recommended_10h,85,12.0,1.0,3.7490767243993917,6.748640085195667
calibration,recommended_10h,86,12.0,1.0,3.8559847732847485,6.867469597695952
calibration,recommended_10h,87,12.0,1.0,3.9645003170796445,6.988310506905626
calibration,recommended_10h,88,12.0,1.0,4.0716366134353255,7.1037324574151794
calibration,recommended_10h,89,12.0,1.0,4.185182105750096,7.215214701793005
calibration,recommended_10h,90,12.0,1.0,4.300291355689345,7.324293801631798
calibration,recommended_10h,91,12.0,1.0,4.416569611329879,7.432037481797726
calibration,recommended_10h,92,12.0,1.0,4.529805445118185,7.535765882950618
calibration,recommended_10h,93,12.0,1.0,4.64039030517962,7.636961561272515
calibration,recommended_10h,94,12.0,1.0,4.751882319820577,7.735384896757069
calibration,recommended_10h,95,12.0,1.0,4.861256831875571,7.831938392084714
calibration,recommended_10h,96,12.0,1.0,4.965273707544382,7.925700085184162
calibration,recommended_10h,97,12.0,1.0,5.064507561855325,8.016676773572673
calibration,recommended_10h,98,12.0,1.0,5.158729540756979,8.105286647163567
calibration,recommended_10h,99,12.0,1.0,5.248959418343713,8.192620618652914
calibration,recommended_10h,100,12.0,1.0,5.334267516867186,8.272459818365906
calibration,recommended_10h,20,12.0,5.0,1.420809670651857,2.2319187266228058
calibration,recommended_10h,21,12.0,5.0,1.3459506284858591,2.2004955240136015
calibration,recommended_10h,22,12.0,5.0,1.301821311173046,2.234961497253063
calibration,recommended_10h,23,12.0,5.0,1.2662438386447983,2.3945769547475626
calibration,recommended_10h,24,12.0,5.0,1.1412235418128969,2.343307390278815
calibration,recommended_10h,25,12.0,5.0,1.0466424260494378,2.2925340113673753
calibration,recommended_10h,26,12.0,5.0,0.9352020918254045,2.1562716430161943
calibration,recommended_10h,27,12.0,5.0,0.859960742567556,2.199450995810448
calibration,recommended_10h,28,12.0,5.0,0.7979876595305635,2.3030155156296583
calibration,recommended_10h,29,12.0,5.0,0.7496066574638638,2.4032407762200947
calibration,recommended_10h,30,12.0,5.0,0.665381519260877,2.369395266361618
calibration,recommended_10h,31,12.0,5.0,0.6047221023304461,2.37806347039069
calibration,recommended_10h,32,12.0,5.0,0.6027016547550224,2.56434453549208
calibration,recommended_10h,33,12.0,5.0,0.663796445431819,2.518303587997406
calibration,recommended_10h,34,12.0,5.0,0.6829799861185926,2.6078276455653304
calibration,recommended_10h,35,12.0,5.0,0.741928734660835,2.7697508261588677
calibration,recommended_10h,36,12.0,5.0,0.8112219799396136,2.82459171475542
calibration,recommended_10h,37,12.0,5.0,0.8735137257423808,2.8329801755741624
calibration,recommended_10h,38,12.0,5.0,0.9236920021403083,2.959052825677455
calibration,recommended_10h,39,12.0,5.0,0.9908217152994503,3.0304035416536257
calibration,recommended_10h,40,12.0,5.0,1.045191480740626,3.13017091372203
calibration,recommended_10h,41,12.0,5.0,1.097529053799584,3.2856401483578157
calibration,recommended_10h,42,12.0,5.0,1.1304585121375998,3.3751390169849182
calibration,recommended_10h,43,12.0,5.0,1.1746784240244779,3.495828386297961
calibration,recommended_10h,44,12.0,5.0,1.209433575536889,3.645288126266899
calibration,recommended_10h,45,12.0,5.0,1.2966176884008807,3.6774919993428856
calibration,recommended_10h,46,12.0,5.0,1.3928526550069709,3.8774372315168337
calibration,recommended_10h,47,12.0,5.0,1.4553463768404606,4.010870835519587
calibration,recommended_10h,48,12.0,5.0,1.5215481543339182,4.062007709747673
calibration,recommended_10h,49,12.0,5.0,1.616924529074204,4.191985303122503
calibration,recommended_10h,50,12.0,5.0,1.6886168933860413,4.238530296723386
calibration,recommended_10h,51,12.0,5.0,1.748367035799081,4.3440095846918325
calibration,recommended_10h,52,12.0,5.0,1.8142408124181664,4.451044706873408
calibration,recommended_10h,53,12.0,5.0,1.8677629006380592,4.492706453756257
calibration,recommended_10h,54,12.0,5.0,1.9273927765536936,4.577185887534507
calibration,recommended_10h,55,12.0,5.0,1.9726081111133498,4.735041451849598
calibration,recommended_10h,56,12.0,5.0,2.0107379551077775,4.819288220386109
calibration,recommended_10h,57,12.0,5.0,2.0541827156280057,4.918660270294417
calibration,recommended_10h,58,12.0,5.0,2.0983536123028834,4.993217732482091
calibration,recommended_10h,59,12.0,5.0,2.139675499225846,5.052925710205547
calibration,recommended_10h,60,12.0,5.0,2.188541818399692,5.131587457502906
calibration,recommended_10h,61,12.0,5.0,2.2349145706859197,5.201725741226193
calibration,recommended_10h,62,12.0,5.0,2.2760294099206657,5.273396307962175
calibration,recommended_10h,63,12.0,5.0,2.3210620629018575,5.340600133298867
calibration,recommended_10h,64,12.0,5.0,2.366475490252573,5.399283526117649
calibration,recommended_10h,65,12.0,5.0,2.4239694219294172,5.493321173729715
calibration,recommended_10h,66,12.0,5.0,2.473439608953809,5.547119335360318
calibration,recommended_10h,67,12.0,5.0,2.524511845405386,5.591674705762983
calibration,recommended_10h,68,12.0,5.0,2.572998394545478,5.693403338132819
calibration,recommended_10h,69,12.0,5.0,2.630551896511779,5.753689688507646
calibration,recommended_10h,70,12.0,5.0,2.6874702261706185,5.855626809622327
calibration,recommended_10h,71,12.0,5.0,2.747256561827216,5.925969500175143
calibration,recommended_10h,72,12.0,5.0,2.8053838200402303,5.964539119095247
calibration,recommended_10h,73,12.0,5.0,2.8629108209054177,6.012805299104684
calibration,recommended_10h,74,12.0,5.0,2.9240063122566218,6.082044670247733
calibration,recommended_10h,75,12.0,5.0,2.9878508895919476,6.119058353693108
calibration,recommended_10h,76,12.0,5.0,3.0473192677205274,6.170402065857439
calibration,recommended_10h,77,12.0,5.0,3.1105696577816477,6.21773383683768
calibration,recommended_10h,78,12.0,5.0,3.1754820058283784,6.29814852687558
calibration,recommended_10h,79,12.0,5.0,3.238540749453578,6.328698785573406
calibration,recommended_10h,80,12.0,5.0,3.303446631686402,6.372886528353883
calibration,recommended_10h,81,12.0,5.0,3.375939144884943,6.423419639347516
calibration,recommended_10h,82,12.0,5.0,3.443288242111553,6.490339986334748
calibration,recommended_10h,83,12.0,5.0,3.5367116106645113,6.534517526662875
calibration,recommended_10h,84,12.0,5.0,3.641213159701473,6.628020755344766
calibration,recommended_10h,85,12.0,5.0,3.749076724399414,6.74864008519569
calibration,recommended_10h,86,12.0,5.0,3.8559847732847707,6.867469597695952
calibration,recommended_10h,87,12.0,5.0,3.9645003170796445,6.988310506905626
calibration,recommended_10h,88,12.0,5.0,4.0716366134353255,7.1037324574151794
calibration,recommended_10h,89,12.0,5.0,4.185182105750118,7.215214701793005
calibration,recommended_10h,90,12.0,5.0,4.300291355689367,7.32429380163182
calibration,recommended_10h,91,12.0,5.0,4.416569611329901,7.432037481797726
calibration,recommended_10h,92,12.0,5.0,4.529805445118185,7.53576588295064
calibration,recommended_10h,93,12.0,5.0,4.640390305179598,7.636961561272493
calibration,recommended_10h,94,12.0,5.0,4.751882319820577,7.735384896757025
calibration,recommended_10h,95,12.0,5.0,4.861256831875571,7.831938392084692
calibration,recommended_10h,96,12.0,5.0,4.965273707544404,7.925700085184162
calibration,recommended_10h,97,12.0,5.0,5.064507561855369,8.016676773572652
calibration,recommended_10h,98,12.0,5.0,5.158729540756979,8.10528664716359
calibration,recommended_10h,99,12.0,5.0,5.248959418343713,8.192620618652935
calibration,recommended_10h,100,12.0,5.0,5.334267516867208,8.272459818365952
calibration,recommended_10h,20,12.0,12.0,1.4208096706518791,2.2319187266228058
calibration,recommended_10h,21,12.0,12.0,1.3459506284858813,2.2004955240136237
calibration,recommended_10h,22,12.0,12.0,1.301821311173046,2.234961497253063
calibration,recommended_10h,23,12.0,12.0,1.2662438386448205,2.394576954747585
calibration,recommended_10h,24,12.0,12.0,1.1412235418128969,2.343307390278815
calibration,recommended_10h,25,12.0,12.0,1.0466424260494378,2.2925340113673753
calibration,recommended_10h,26,12.0,12.0,0.9352020918254489,2.1562716430162387
calibration,recommended_10h,27,12.0,12.0,0.859960742567556,2.199450995810448
calibration,recommended_10h,28,12.0,12.0,0.7979876595305635,2.3030155156296583
calibration,recommended_10h,29,12.0,12.0,0.7496066574638638,2.4032407762200947
calibration,recommended_10h,30,12.0,12.0,0.665381519260877,2.369395266361618
calibration,recommended_10h,31,12.0,12.0,0.6047221023304239,2.3780634703906456
calibration,recommended_10h,32,12.0,12.0,0.6027016547550001,2.564344535492036
calibration,recommended_10h,33,12.0,12.0,0.663796445431819,2.518303587997406
calibration,recommended_10h,34,12.0,12.0,0.6829799861185926,2.6078276455653304
calibration,recommended_10h,35,12.0,12.0,0.741928734660835,2.7697508261588455
calibration,recommended_10h,36,12.0,12.0,0.8112219799396136,2.824591714755398
calibration,recommended_10h,37,12.0,12.0,0.873513725742403,2.83298017557414
calibration,recommended_10h,38,12.0,12.0,0.9236920021403305,2.959052825677455
calibration,recommended_10h,39,12.0,12.0,0.9908217152994725,3.030403541653648
calibration,recommended_10h,40,12.0,12.0,1.0451914807406038,3.130170913722008
calibration,recommended_10h,41,12.0,12.0,1.097529053799584,3.2856401483577935
calibration,recommended_10h,42,12.0,12.0,1.1304585121375998,3.3751390169849182
calibration,recommended_10h,43,12.0,12.0,1.1746784240244557,3.495828386297961
calibration,recommended_10h,44,12.0,12.0,1.2094335755368668,3.6452881262669212
calibration,recommended_10h,45,12.0,12.0,1.2966176884008362,3.6774919993428856
calibration,recommended_10h,46,12.0,12.0,1.3928526550069265,3.8774372315167893
calibration,recommended_10h,47,12.0,12.0,1.4553463768404606,4.010870835519609
calibration,recommended_10h,48,12.0,12.0,1.521548154333896,4.062007709747695
calibration,recommended_10h,49,12.0,12.0,1.6169245290741596,4.191985303122481
calibration,recommended_10h,50,12.0,12.0,1.688616893386019,4.238530296723408
calibration,recommended_10h,51,12.0,12.0,1.7483670357990588,4.3440095846918325
calibration,recommended_10h,52,12.0,12.0,1.8142408124181664,4.451044706873408
calibration,recommended_10h,53,12.0,12.0,1.867762900638037,4.492706453756212
calibration,recommended_10h,54,12.0,12.0,1.9273927765536936,4.577185887534485
calibration,recommended_10h,55,12.0,12.0,1.9726081111133498,4.735041451849598
calibration,recommended_10h,56,12.0,12.0,2.010737955107733,4.8192882203860865
calibration,recommended_10h,57,12.0,12.0,2.0541827156279613,4.918660270294395
calibration,recommended_10h,58,12.0,12.0,2.098353612302861,4.993217732482114
calibration,recommended_10h,59,12.0,12.0,2.139675499225824,5.052925710205547
calibration,recommended_10h,60,12.0,12.0,2.1885418183996475,5.131587457502884
calibration,recommended_10h,61,12.0,12.0,2.2349145706859197,5.201725741226171
calibration,recommended_10h,62,12.0,12.0,2.2760294099206435,5.273396307962108
calibration,recommended_10h,63,12.0,12.0,2.3210620629018353,5.340600133298845
calibration,recommended_10h,64,12.0,12.0,2.3664754902525287,5.399283526117604
calibration,recommended_10h,65,12.0,12.0,2.4239694219294172,5.493321173729693
calibration,recommended_10h,66,12.0,12.0,2.473439608953809,5.547119335360318
calibration,recommended_10h,67,12.0,12.0,2.524511845405364,5.591674705762961
calibration,recommended_10h,68,12.0,12.0,2.572998394545456,5.693403338132796
calibration,recommended_10h,69,12.0,12.0,2.6305518965118013,5.753689688507624
calibration,recommended_10h,70,12.0,12.0,2.6874702261706185,5.855626809622327
calibration,recommended_10h,71,12.0,12.0,2.747256561827194,5.9259695001751655
calibration,recommended_10h,72,12.0,12.0,2.8053838200402303,5.964539119095202
calibration,recommended_10h,73,12.0,12.0,2.8629108209053955,6.012805299104684
calibration,recommended_10h,74,12.0,12.0,2.924006312256555,6.082044670247688
calibration,recommended_10h,75,12.0,12.0,2.9878508895919254,6.119058353693108
calibration,recommended_10h,76,12.0,12.0,3.047319267720483,6.170402065857461
calibration,recommended_10h,77,12.0,12.0,3.1105696577816033,6.217733836837636
calibration,recommended_10h,78,12.0,12.0,3.175482005828334,6.298148526875602
calibration,recommended_10h,79,12.0,12.0,3.2385407494535556,6.328698785573339
calibration,recommended_10h,80,12.0,12.0,3.3034466316863798,6.372886528353838
calibration,recommended_10h,81,12.0,12.0,3.3759391448849208,6.423419639347516
calibration,recommended_10h,82,12.0,12.0,3.4432882421115085,6.4903399863347255
calibration,recommended_10h,83,12.0,12.0,3.5367116106645113,6.534517526662853
calibration,recommended_10h,84,12.0,12.0,3.6412131597014286,6.628020755344766
calibration,recommended_10h,85,12.0,12.0,3.7490767243993917,6.748640085195667
calibration,recommended_10h,86,12.0,12.0,3.8559847732847263,6.86746959769593
calibration,recommended_10h,87,12.0,12.0,3.9645003170796222,6.988310506905604
calibration,recommended_10h,88,12.0,12.0,4.071636613435303,7.1037324574151794
calibration,recommended_10h,89,12.0,12.0,4.185182105750096,7.215214701793005
calibration,recommended_10h,90,12.0,12.0,4.300291355689345,7.324293801631798
calibration,recommended_10h,91,12.0,12.0,4.416569611329857,7.432037481797726
calibration,recommended_10h,92,12.0,12.0,4.529805445118162,7.535765882950618
calibration,recommended_10h,93,12.0,12.0,4.640390305179598,7.636961561272515
calibration,recommended_10h,94,12.0,12.0,4.751882319820555,7.735384896757047
calibration,recommended_10h,95,12.0,12.0,4.861256831875549,7.83193839208467
calibration,recommended_10h,96,12.0,12.0,4.965273707544382,7.92570008518414
calibration,recommended_10h,97,12.0,12.0,5.064507561855325,8.016676773572673
calibration,recommended_10h,98,12.0,12.0,5.158729540756957,8.105286647163567
calibration,recommended_10h,99,12.0,12.0,5.2489594183436905,8.192620618652935
calibration,recommended_10h,100,12.0,12.0,5.334267516867164,8.27245981836593
calibration,recommended_10h,20,24.0,1.0,1.4208096706518791,2.231918726622828
calibration,recommended_10h,21,24.0,1.0,1.3459506284858591,2.2004955240136015
calibration,recommended_10h,22,24.0,1.0,1.301821311173046,2.234961497253063
calibration,recommended_10h,23,24.0,1.0,1.2662438386447983,2.3945769547475404
calibration,recommended_10h,24,24.0,1.0,1.1412235418128969,2.343307390278815
calibration,recommended_10h,25,24.0,1.0,1.0466424260494156,2.2925340113673753
calibration,recommended_10h,26,24.0,1.0,0.9352020918254045,2.1562716430162165
calibration,recommended_10h,27,24.0,1.0,0.859960742567556,2.199450995810426
calibration,recommended_10h,28,24.0,1.0,0.7979876595305635,2.3030155156296583
calibration,recommended_10h,29,24.0,1.0,0.7496066574638416,2.4032407762200725
calibration,recommended_10h,30,24.0,1.0,0.665381519260877,2.3693952663615736
calibration,recommended_10h,31,24.0,1.0,0.6047221023304461,2.378063470390668
calibration,recommended_10h,32,24.0,1.0,0.602701654754978,2.5643445354919914
calibration,recommended_10h,33,24.0,1.0,0.663796445431819,2.5183035879973836
calibration,recommended_10h,34,24.0,1.0,0.6829799861185704,2.6078276455653304
calibration,recommended_10h,35,24.0,1.0,0.7419287346608572,2.7697508261588455
calibration,recommended_10h,36,24.0,1.0,0.8112219799396136,2.82459171475542
calibration,recommended_10h,37,24.0,1.0,0.8735137257423586,2.83298017557414
calibration,recommended_10h,38,24.0,1.0,0.9236920021403083,2.959052825677433
calibration,recommended_10h,39,24.0,1.0,0.9908217152994503,3.03040354165367
calibration,recommended_10h,40,24.0,1.0,1.0451914807406038,3.1301709137219857
calibration,recommended_10h,41,24.0,1.0,1.097529053799584,3.2856401483577935
calibration,recommended_10h,42,24.0,1.0,1.130458512137622,3.375139016984896
calibration,recommended_10h,43,24.0,1.0,1.1746784240244779,3.4958283862979833
calibration,recommended_10h,44,24.0,1.0,1.209433575536889,3.645288126266899
calibration,recommended_10h,45,24.0,1.0,1.296617688400814,3.677491999342908
calibration,recommended_10h,46,24.0,1.0,1.3928526550069487,3.8774372315167893
calibration,recommended_10h,47,24.0,1.0,1.4553463768404606,4.010870835519631
calibration,recommended_10h,48,24.0,1.0,1.521548154333896,4.062007709747695
calibration,recommended_10h,49,24.0,1.0,1.6169245290741818,4.191985303122481
calibration,recommended_10h,50,24.0,1.0,1.6886168933860413,4.238530296723431
calibration,recommended_10h,51,24.0,1.0,1.7483670357990588,4.3440095846918325
calibration,recommended_10h,52,24.0,1.0,1.8142408124181442,4.451044706873386
calibration,recommended_10h,53,24.0,1.0,1.867762900638037,4.492706453756257
calibration,recommended_10h,54,24.0,1.0,1.9273927765536936,4.5771858875345295
calibration,recommended_10h,55,24.0,1.0,1.9726081111133498,4.735041451849642
calibration,recommended_10h,56,24.0,1.0,2.0107379551077553,4.819288220386109
calibration,recommended_10h,57,24.0,1.0,2.0541827156279835,4.918660270294417
calibration,recommended_10h,58,24.0,1.0,2.098353612302861,4.993217732482114
calibration,recommended_10h,59,24.0,1.0,2.139675499225824,5.052925710205525
calibration,recommended_10h,60,24.0,1.0,2.188541818399692,5.131587457502862
calibration,recommended_10h,61,24.0,1.0,2.234914570685942,5.201725741226193
calibration,recommended_10h,62,24.0,1.0,2.276029409920688,5.27339630796213
calibration,recommended_10h,63,24.0,1.0,2.3210620629018353,5.340600133298845
calibration,recommended_10h,64,24.0,1.0,2.366475490252551,5.399283526117649
calibration,recommended_10h,65,24.0,1.0,2.423969421929395,5.493321173729693
calibration,recommended_10h,66,24.0,1.0,2.473439608953809,5.5471193353602954
calibration,recommended_10h,67,24.0,1.0,2.524511845405364,5.591674705762961
calibration,recommended_10h,68,24.0,1.0,2.572998394545456,5.693403338132819
calibration,recommended_10h,69,24.0,1.0,2.6305518965118013,5.753689688507624
calibration,recommended_10h,70,24.0,1.0,2.6874702261706185,5.855626809622327
calibration,recommended_10h,71,24.0,1.0,2.747256561827194,5.925969500175143
calibration,recommended_10h,72,24.0,1.0,2.805383820040208,5.964539119095225
calibration,recommended_10h,73,24.0,1.0,2.8629108209053733,6.012805299104662
calibration,recommended_10h,74,24.0,1.0,2.9240063122565774,6.082044670247666
calibration,recommended_10h,75,24.0,1.0,2.987850889591903,6.119058353693108
calibration,recommended_10h,76,24.0,1.0,3.047319267720505,6.170402065857439
calibration,recommended_10h,77,24.0,1.0,3.1105696577816033,6.21773383683768
calibration,recommended_10h,78,24.0,1.0,3.175482005828356,6.29814852687558
calibration,recommended_10h,79,24.0,1.0,3.2385407494535334,6.328698785573339
calibration,recommended_10h,80,24.0,1.0,3.3034466316863353,6.3728865283538605
calibration,recommended_10h,81,24.0,1.0,3.375939144884943,6.423419639347472
calibration,recommended_10h,82,24.0,1.0,3.4432882421115307,6.4903399863347255
calibration,recommended_10h,83,24.0,1.0,3.5367116106645335,6.534517526662853
calibration,recommended_10h,84,24.0,1.0,3.641213159701473,6.628020755344788
calibration,recommended_10h,85,24.0,1.0,3.7490767243993917,6.74864008519569
calibration,recommended_10h,86,24.0,1.0,3.8559847732847263,6.867469597695952
calibration,recommended_10h,87,24.0,1.0,3.9645003170796222,6.988310506905626
calibration,recommended_10h,88,24.0,1.0,4.071636613435348,7.1037324574151794
calibration,recommended_10h,89,24.0,1.0,4.185182105750096,7.215214701793027
calibration,recommended_10h,90,24.0,1.0,4.300291355689345,7.324293801631776
calibration,recommended_10h,91,24.0,1.0,4.416569611329901,7.432037481797704
calibration,recommended_10h,92,24.0,1.0,4.529805445118185,7.535765882950596
calibration,recommended_10h,93,24.0,1.0,4.64039030517962,7.636961561272515
calibration,recommended_10h,94,24.0,1.0,4.751882319820555,7.735384896757025
calibration,recommended_10h,95,24.0,1.0,4.861256831875571,7.83193839208467
calibration,recommended_10h,96,24.0,1.0,4.965273707544404,7.92570008518414
calibration,recommended_10h,97,24.0,1.0,5.064507561855347,8.016676773572629
calibration,recommended_10h,98,24.0,1.0,5.158729540756957,8.105286647163567
calibration,recommended_10h,99,24.0,1.0,5.248959418343713,8.192620618652935
calibration,recommended_10h,100,24.0,1.0,5.334267516867186,8.27245981836593
calibration,recommended_10h,20,24.0,5.0,1.4208096706518791,2.2319187266228058
calibration,recommended_10h,21,24.0,5.0,1.345950628485837,2.2004955240135793
calibration,recommended_10h,22,24.0,5.0,1.301821311173046,2.234961497253085
calibration,recommended_10h,23,24.0,5.0,1.2662438386448205,2.3945769547475626
calibration,recommended_10h,24,24.0,5.0,1.1412235418128969,2.3433073902787926
calibration,recommended_10h,25,24.0,5.0,1.0466424260494156,2.292534011367353
calibration,recommended_10h,26,24.0,5.0,0.9352020918254045,2.1562716430162165
calibration,recommended_10h,27,24.0,5.0,0.8599607425675337,2.199450995810426
calibration,recommended_10h,28,24.0,5.0,0.7979876595305413,2.3030155156296583
calibration,recommended_10h,29,24.0,5.0,0.7496066574638416,2.403240776220117
calibration,recommended_10h,30,24.0,5.0,0.6653815192608548,2.369395266361618
calibration,recommended_10h,31,24.0,5.0,0.6047221023304461,2.37806347039069
calibration,recommended_10h,32,24.0,5.0,0.602701654754978,2.5643445354920136
calibration,recommended_10h,33,24.0,5.0,0.6637964454318412,2.5183035879973836
calibration,recommended_10h,34,24.0,5.0,0.6829799861185482,2.6078276455653304
calibration,recommended_10h,35,24.0,5.0,0.7419287346608572,2.7697508261588455
calibration,recommended_10h,36,24.0,5.0,0.8112219799395914,2.8245917147554422
calibration,recommended_10h,37,24.0,5.0,0.8735137257423808,2.8329801755741846
calibration,recommended_10h,38,24.0,5.0,0.9236920021403083,2.959052825677433
calibration,recommended_10h,39,24.0,5.0,0.9908217152994503,3.03040354165367
calibration,recommended_10h,40,24.0,5.0,1.0451914807406038,3.1301709137219857
calibration,recommended_10h,41,24.0,5.0,1.0975290537996063,3.2856401483577935
calibration,recommended_10h,42,24.0,5.0,1.1304585121375998,3.3751390169849405
calibration,recommended_10h,43,24.0,5.0,1.1746784240244335,3.4958283862979833
calibration,recommended_10h,44,24.0,5.0,1.209433575536889,3.6452881262669212
calibration,recommended_10h,45,24.0,5.0,1.2966176884008584,3.6774919993428856
calibration,recommended_10h,46,24.0,5.0,1.3928526550069487,3.8774372315168115
calibration,recommended_10h,47,24.0,5.0,1.4553463768404828,4.010870835519631
calibration,recommended_10h,48,24.0,5.0,1.521548154333896,4.062007709747717
calibration,recommended_10h,49,24.0,5.0,1.6169245290741818,4.191985303122481
calibration,recommended_10h,50,24.0,5.0,1.6886168933860413,4.238530296723408
calibration,recommended_10h,51,24.0,5.0,1.7483670357991032,4.3440095846918325
calibration,recommended_10h,52,24.0,5.0,1.8142408124181664,4.451044706873408
calibration,recommended_10h,53,24.0,5.0,1.8677629006380592,4.4927064537562345
calibration,recommended_10h,54,24.0,5.0,1.927392776553738,4.577185887534507
calibration,recommended_10h,55,24.0,5.0,1.972608111113372,4.73504145184962
calibration,recommended_10h,56,24.0,5.0,2.0107379551077775,4.819288220386109
calibration,recommended_10h,57,24.0,5.0,2.0541827156279835,4.918660270294417
calibration,recommended_10h,58,24.0,5.0,2.0983536123028834,4.993217732482114
calibration,recommended_10h,59,24.0,5.0,2.139675499225824,5.0529257102055025
calibration,recommended_10h,60,24.0,5.0,2.188541818399692,5.131587457502906
calibration,recommended_10h,61,24.0,5.0,2.234914570685942,5.201725741226171
calibration,recommended_10h,62,24.0,5.0,2.276029409920688,5.27339630796213
calibration,recommended_10h,63,24.0,5.0,2.321062062901813,5.340600133298867
calibration,recommended_10h,64,24.0,5.0,2.366475490252551,5.399283526117626
calibration,recommended_10h,65,24.0,5.0,2.4239694219294172,5.493321173729693
calibration,recommended_10h,66,24.0,5.0,2.473439608953787,5.547119335360318
calibration,recommended_10h,67,24.0,5.0,2.5245118454053417,5.591674705762983
calibration,recommended_10h,68,24.0,5.0,2.5729983945454338,5.693403338132819
calibration,recommended_10h,69,24.0,5.0,2.6305518965118013,5.753689688507624
calibration,recommended_10h,70,24.0,5.0,2.6874702261705963,5.855626809622305
calibration,recommended_10h,71,24.0,5.0,2.747256561827194,5.925969500175143
calibration,recommended_10h,72,24.0,5.0,2.805383820040208,5.964539119095225
calibration,recommended_10h,73,24.0,5.0,2.8629108209053733,6.012805299104684
calibration,recommended_10h,74,24.0,5.0,2.9240063122565996,6.082044670247666
calibration,recommended_10h,75,24.0,5.0,2.9878508895919254,6.119058353693108
calibration,recommended_10h,76,24.0,5.0,3.047319267720483,6.170402065857439
calibration,recommended_10h,77,24.0,5.0,3.1105696577816255,6.217733836837658
calibration,recommended_10h,78,24.0,5.0,3.175482005828356,6.298148526875558
calibration,recommended_10h,79,24.0,5.0,3.2385407494535334,6.328698785573361
calibration,recommended_10h,80,24.0,5.0,3.3034466316863798,6.3728865283538605
calibration,recommended_10h,81,24.0,5.0,3.375939144884943,6.423419639347494
calibration,recommended_10h,82,24.0,5.0,3.443288242111553,6.4903399863347255
calibration,recommended_10h,83,24.0,5.0,3.5367116106645113,6.534517526662853
calibration,recommended_10h,84,24.0,5.0,3.6412131597014508,6.628020755344766
calibration,recommended_10h,85,24.0,5.0,3.7490767243993917,6.74864008519569
calibration,recommended_10h,86,24.0,5.0,3.8559847732847485,6.86746959769593
calibration,recommended_10h,87,24.0,5.0,3.9645003170796,6.988310506905604
calibration,recommended_10h,88,24.0,5.0,4.0716366134353255,7.1037324574151794
calibration,recommended_10h,89,24.0,5.0,4.185182105750096,7.215214701793005
calibration,recommended_10h,90,24.0,5.0,4.300291355689345,7.324293801631798
calibration,recommended_10h,91,24.0,5.0,4.416569611329879,7.432037481797726
calibration,recommended_10h,92,24.0,5.0,4.529805445118185,7.53576588295064
calibration,recommended_10h,93,24.0,5.0,4.640390305179598,7.636961561272537
calibration,recommended_10h,94,24.0,5.0,4.751882319820555,7.735384896757047
calibration,recommended_10h,95,24.0,5.0,4.861256831875571,7.831938392084692
calibration,recommended_10h,96,24.0,5.0,4.965273707544382,7.925700085184184
calibration,recommended_10h,97,24.0,5.0,5.064507561855347,8.016676773572652
calibration,recommended_10h,98,24.0,5.0,5.158729540756957,8.105286647163613
calibration,recommended_10h,99,24.0,5.0,5.2489594183436905,8.192620618652956
calibration,recommended_10h,100,24.0,5.0,5.334267516867164,8.272459818365952
calibration,recommended_10h,20,24.0,12.0,1.4208096706518791,2.2319187266228058
calibration,recommended_10h,21,24.0,12.0,1.3459506284859035,2.2004955240136237
calibration,recommended_10h,22,24.0,12.0,1.301821311173046,2.234961497253063
calibration,recommended_10h,23,24.0,12.0,1.2662438386448205,2.394576954747585
calibration,recommended_10h,24,24.0,12.0,1.141223541812919,2.343307390278815
calibration,recommended_10h,25,24.0,12.0,1.0466424260494156,2.292534011367331
calibration,recommended_10h,26,24.0,12.0,0.9352020918254267,2.1562716430162165
calibration,recommended_10h,27,24.0,12.0,0.859960742567556,2.19945099581047
calibration,recommended_10h,28,24.0,12.0,0.7979876595305635,2.3030155156296583
calibration,recommended_10h,29,24.0,12.0,0.7496066574638194,2.4032407762200947
calibration,recommended_10h,30,24.0,12.0,0.665381519260877,2.369395266361618
calibration,recommended_10h,31,24.0,12.0,0.6047221023304461,2.37806347039069
calibration,recommended_10h,32,24.0,12.0,0.602701654754978,2.5643445354920136
calibration,recommended_10h,33,24.0,12.0,0.663796445431819,2.518303587997406
calibration,recommended_10h,34,24.0,12.0,0.6829799861185704,2.6078276455653304
calibration,recommended_10h,35,24.0,12.0,0.7419287346608572,2.7697508261588455
calibration,recommended_10h,36,24.0,12.0,0.8112219799395914,2.82459171475542
calibration,recommended_10h,37,24.0,12.0,0.8735137257423586,2.8329801755741846
calibration,recommended_10h,38,24.0,12.0,0.9236920021402861,2.9590528256774107
calibration,recommended_10h,39,24.0,12.0,0.9908217152994503,3.030403541653648
calibration,recommended_10h,40,24.0,12.0,1.0451914807406038,3.1301709137219635
calibration,recommended_10h,41,24.0,12.0,1.097529053799584,3.2856401483577935
calibration,recommended_10h,42,24.0,12.0,1.1304585121375998,3.375139016984874
calibration,recommended_10h,43,24.0,12.0,1.1746784240244557,3.495828386297961
calibration,recommended_10h,44,24.0,12.0,1.209433575536889,3.645288126266877
calibration,recommended_10h,45,24.0,12.0,1.2966176884008584,3.6774919993428634
calibration,recommended_10h,46,24.0,12.0,1.3928526550069265,3.8774372315168115
calibration,recommended_10h,47,24.0,12.0,1.4553463768404606,4.010870835519609
calibration,recommended_10h,48,24.0,12.0,1.5215481543339182,4.062007709747695
calibration,recommended_10h,49,24.0,12.0,1.6169245290741818,4.191985303122481
calibration,recommended_10h,50,24.0,12.0,1.6886168933860413,4.238530296723431
calibration,recommended_10h,51,24.0,12.0,1.748367035799081,4.3440095846918325
calibration,recommended_10h,52,24.0,12.0,1.8142408124181664,4.4510447068734305
calibration,recommended_10h,53,24.0,12.0,1.8677629006380592,4.492706453756279
calibration,recommended_10h,54,24.0,12.0,1.9273927765536936,4.577185887534507
calibration,recommended_10h,55,24.0,12.0,1.9726081111133276,4.735041451849642
calibration,recommended_10h,56,24.0,12.0,2.0107379551077553,4.819288220386131
calibration,recommended_10h,57,24.0,12.0,2.0541827156279835,4.9186602702944615
calibration,recommended_10h,58,24.0,12.0,2.098353612302861,4.993217732482136
calibration,recommended_10h,59,24.0,12.0,2.1396754992258016,5.052925710205525
calibration,recommended_10h,60,24.0,12.0,2.1885418183996697,5.131587457502906
calibration,recommended_10h,61,24.0,12.0,2.2349145706859197,5.201725741226193
calibration,recommended_10h,62,24.0,12.0,2.276029409920688,5.273396307962175
calibration,recommended_10h,63,24.0,12.0,2.3210620629018353,5.340600133298845
calibration,recommended_10h,64,24.0,12.0,2.3664754902525287,5.399283526117649
calibration,recommended_10h,65,24.0,12.0,2.423969421929395,5.493321173729693
calibration,recommended_10h,66,24.0,12.0,2.473439608953787,5.5471193353602954
calibration,recommended_10h,67,24.0,12.0,2.5245118454053417,5.591674705762983
calibration,recommended_10h,68,24.0,12.0,2.572998394545456,5.693403338132819
calibration,recommended_10h,69,24.0,12.0,2.630551896511779,5.753689688507624
calibration,recommended_10h,70,24.0,12.0,2.6874702261705963,5.855626809622327
calibration,recommended_10h,71,24.0,12.0,2.7472565618271716,5.925969500175188
calibration,recommended_10h,72,24.0,12.0,2.805383820040186,5.964539119095225
calibration,recommended_10h,73,24.0,12.0,2.8629108209053733,6.012805299104684
calibration,recommended_10h,74,24.0,12.0,2.924006312256555,6.082044670247688
calibration,recommended_10h,75,24.0,12.0,2.987850889591903,6.119058353693085
calibration,recommended_10h,76,24.0,12.0,3.047319267720483,6.170402065857461
calibration,recommended_10h,77,24.0,12.0,3.1105696577816255,6.217733836837658
calibration,recommended_10h,78,24.0,12.0,3.175482005828334,6.298148526875558
calibration,recommended_10h,79,24.0,12.0,3.2385407494535112,6.328698785573339
calibration,recommended_10h,80,24.0,12.0,3.3034466316863798,6.3728865283538605
calibration,recommended_10h,81,24.0,12.0,3.375939144884943,6.423419639347472
calibration,recommended_10h,82,24.0,12.0,3.4432882421115085,6.490339986334748
calibration,recommended_10h,83,24.0,12.0,3.5367116106645113,6.534517526662853
calibration,recommended_10h,84,24.0,12.0,3.6412131597014508,6.62802075534481
calibration,recommended_10h,85,24.0,12.0,3.7490767243993695,6.74864008519569
calibration,recommended_10h,86,24.0,12.0,3.8559847732847485,6.867469597695952
calibration,recommended_10h,87,24.0,12.0,3.9645003170796222,6.988310506905604
calibration,recommended_10h,88,24.0,12.0,4.071636613435303,7.103732457415224
calibration,recommended_10h,89,24.0,12.0,4.185182105750074,7.215214701793005
calibration,recommended_10h,90,24.0,12.0,4.300291355689345,7.32429380163182
calibration,recommended_10h,91,24.0,12.0,4.416569611329857,7.432037481797726
calibration,recommended_10h,92,24.0,12.0,4.529805445118162,7.53576588295064
calibration,recommended_10h,93,24.0,12.0,4.640390305179598,7.636961561272515
calibration,recommended_10h,94,24.0,12.0,4.751882319820555,7.735384896757047
calibration,recommended_10h,95,24.0,12.0,4.861256831875571,7.831938392084692
calibration,recommended_10h,96,24.0,12.0,4.965273707544404,7.92570008518414
calibration,recommended_10h,97,24.0,12.0,5.064507561855325,8.016676773572673
calibration,recommended_10h,98,24.0,12.0,5.158729540756957,8.105286647163613
calibration,recommended_10h,99,24.0,12.0,5.2489594183436905,8.192620618652935
calibration,recommended_10h,100,24.0,12.0,5.334267516867164,8.27245981836593
independent,previous_12h,20,4.0,1.0,0.7774193093720072,1.935772600693797
independent,previous_12h,21,4.0,1.0,0.8583937578407141,2.0025590116309555
independent,previous_12h,22,4.0,1.0,0.8847011753574607,2.1261287149567876
independent,previous_12h,23,4.0,1.0,0.9449322107426106,2.2654926888127536
independent,previous_12h,24,4.0,1.0,0.904587306724669,2.23061482326552
independent,previous_12h,25,4.0,1.0,0.9252594924080704,2.3213148182156695
independent,previous_12h,26,4.0,1.0,0.9528698556330095,2.4478974309756873
independent,previous_12h,27,4.0,1.0,0.9641228090616849,2.550659863098348
independent,previous_12h,28,4.0,1.0,0.9326216470602278,2.624900691923915
independent,previous_12h,29,4.0,1.0,0.9218997887622926,2.6896834506128675
independent,previous_12h,30,4.0,1.0,0.9009669650880792,2.742465496292401
independent,previous_12h,31,4.0,1.0,0.8713868813398529,2.795734206537226
independent,previous_12h,32,4.0,1.0,0.8578112336504962,2.8603828808857257
independent,previous_12h,33,4.0,1.0,0.868331115803822,2.9149420680177007
independent,previous_12h,34,4.0,1.0,0.870805193763835,2.9144452728118164
independent,previous_12h,35,4.0,1.0,0.8715056503366458,3.0109285714792877
independent,previous_12h,36,4.0,1.0,0.8846023155898441,3.094782189892098
independent,previous_12h,37,4.0,1.0,0.8954601095289672,3.1521019230770664
independent,previous_12h,38,4.0,1.0,0.908977873708694,3.2575038788720923
independent,previous_12h,39,4.0,1.0,0.913012435477456,3.3630093741343625
independent,previous_12h,40,4.0,1.0,0.9339078685809632,3.431522539540266
independent,previous_12h,41,4.0,1.0,1.0058877195547655,3.5547899643206815
independent,previous_12h,42,4.0,1.0,1.0976496320418194,3.5981029929552433
independent,previous_12h,43,4.0,1.0,1.1796925993905916,3.651418674966944
independent,previous_12h,44,4.0,1.0,1.2463800272458192,3.722127662741581
independent,previous_12h,45,4.0,1.0,1.3259724644217652,3.7833911717610524
independent,previous_12h,46,4.0,1.0,1.4323899732898937,3.882682551602934
independent,previous_12h,47,4.0,1.0,1.5334476583949819,3.9714833828587093
independent,previous_12h,48,4.0,1.0,1.630769575841562,4.0634011227903555
independent,previous_12h,49,4.0,1.0,1.7354928749981013,4.1342328085193225
independent,previous_12h,50,4.0,1.0,1.8452588700462735,4.228948984683734
independent,previous_12h,51,4.0,1.0,1.9510846738148402,4.333069830770553
independent,previous_12h,52,4.0,1.0,2.0651852743616583,4.390308613612759
independent,previous_12h,53,4.0,1.0,2.1675784163770695,4.450919990021807
independent,previous_12h,54,4.0,1.0,2.2795478555666104,4.491966337236586
independent,previous_12h,55,4.0,1.0,2.390659283344676,4.535564943733528
independent,previous_12h,56,4.0,1.0,2.506851178540548,4.591594106359409
independent,previous_12h,57,4.0,1.0,2.631827217469862,4.6603543650277635
independent,previous_12h,58,4.0,1.0,2.7580865195302673,4.715628424037344
independent,previous_12h,59,4.0,1.0,2.8893888155618663,4.757971981821152
independent,previous_12h,60,4.0,1.0,3.019812082696194,4.8094680167129145
independent,previous_12h,61,4.0,1.0,3.156992832972949,4.86300575596077
independent,previous_12h,62,4.0,1.0,3.291943961934418,4.911452515259551
independent,previous_12h,63,4.0,1.0,3.4336272645131283,4.961694753286605
independent,previous_12h,64,4.0,1.0,3.5783776884414475,5.009877577459654
independent,previous_12h,65,4.0,1.0,3.72809086920054,5.063039413212289
independent,previous_12h,66,4.0,1.0,3.8803877713665225,5.110171275213582
independent,previous_12h,67,4.0,1.0,4.040562063563824,5.208085556584208
independent,previous_12h,68,4.0,1.0,4.193306130196595,5.305864442293284
independent,previous_12h,69,4.0,1.0,4.35463655598991,5.406603846480751
independent,previous_12h,70,4.0,1.0,4.51929011952219,5.512899234844304
independent,previous_12h,71,4.0,1.0,4.68947253703107,5.617273391037392
independent,previous_12h,72,4.0,1.0,4.860508140862274,5.716835070630677
independent,previous_12h,73,4.0,1.0,5.033050144121609,5.815867121793361
independent,previous_12h,74,4.0,1.0,5.217860091453197,5.9213277301882306
independent,previous_12h,75,4.0,1.0,5.407895477661473,6.0260005069117994
independent,previous_12h,76,4.0,1.0,5.599044715053059,6.132982032454781
independent,previous_12h,77,4.0,1.0,5.794350330609799,6.238484447053527
independent,previous_12h,78,4.0,1.0,5.98604935042768,6.337860211080293
independent,previous_12h,79,4.0,1.0,6.184881807552456,6.439612216201085
independent,previous_12h,80,4.0,1.0,6.386448785312382,6.543102117567412
independent,previous_12h,81,4.0,1.0,6.5904499353524715,6.642942228207516
independent,previous_12h,82,4.0,1.0,6.799396785018508,6.743687922204056
independent,previous_12h,83,4.0,1.0,7.002598904882262,6.841979670942022
independent,previous_12h,84,4.0,1.0,7.216483074846836,6.943339808785787
independent,previous_12h,85,4.0,1.0,7.430964127113837,7.043237318915185
independent,previous_12h,86,4.0,1.0,7.647957757820922,7.145876582111432
independent,previous_12h,87,4.0,1.0,7.86959950366124,7.249214339319421
independent,previous_12h,88,4.0,1.0,8.085490041719567,7.345261963479399
independent,previous_12h,89,4.0,1.0,8.315077283116556,7.445614297117986
independent,previous_12h,90,4.0,1.0,8.54954386775988,7.543530021025235
independent,previous_12h,91,4.0,1.0,8.784990534949944,7.643582044998531
independent,previous_12h,92,4.0,1.0,9.0170394252447,7.743686968265706
independent,previous_12h,93,4.0,1.0,9.242242119296652,7.8395045590255785
independent,previous_12h,94,4.0,1.0,9.46795285429114,7.934278260415817
independent,previous_12h,95,4.0,1.0,9.687942134292825,8.02813199329977
independent,previous_12h,96,4.0,1.0,9.89798181529773,8.119637223922638
independent,previous_12h,97,4.0,1.0,10.088802484559412,8.209384363407857
independent,previous_12h,98,4.0,1.0,10.275591342675195,8.29863508192885
independent,previous_12h,99,4.0,1.0,10.451501350375736,8.389442313060979
independent,previous_12h,100,4.0,1.0,10.618805066913195,8.49768203491883
independent,previous_12h,20,4.0,5.0,0.7774193093720072,1.935772600693797
independent,previous_12h,21,4.0,5.0,0.8583937578407586,2.002559011631022
independent,previous_12h,22,4.0,5.0,0.8847011753574385,2.1261287149568098
independent,previous_12h,23,4.0,5.0,0.9449322107426106,2.2654926888127314
independent,previous_12h,24,4.0,5.0,0.9045873067246912,2.23061482326552
independent,previous_12h,25,4.0,5.0,0.9252594924080482,2.3213148182156473
independent,previous_12h,26,4.0,5.0,0.9528698556330095,2.4478974309756873
independent,previous_12h,27,4.0,5.0,0.9641228090616627,2.550659863098348
independent,previous_12h,28,4.0,5.0,0.93262164706025,2.6249006919238926
independent,previous_12h,29,4.0,5.0,0.9218997887622926,2.6896834506128897
independent,previous_12h,30,4.0,5.0,0.9009669650880792,2.742465496292379
independent,previous_12h,31,4.0,5.0,0.8713868813398751,2.795734206537226
independent,previous_12h,32,4.0,5.0,0.8578112336505406,2.8603828808857923
independent,previous_12h,33,4.0,5.0,0.868331115803822,2.914942068017723
independent,previous_12h,34,4.0,5.0,0.870805193763835,2.9144452728118386
independent,previous_12h,35,4.0,5.0,0.871505650336668,3.010928571479332
independent,previous_12h,36,4.0,5.0,0.8846023155898441,3.094782189892098
independent,previous_12h,37,4.0,5.0,0.8954601095289672,3.1521019230770886
independent,previous_12h,38,4.0,5.0,0.9089778737087162,3.2575038788721145
independent,previous_12h,39,4.0,5.0,0.913012435477456,3.3630093741343625
independent,previous_12h,40,4.0,5.0,0.9339078685809632,3.431522539540266
independent,previous_12h,41,4.0,5.0,1.0058877195547655,3.5547899643207037
independent,previous_12h,42,4.0,5.0,1.0976496320417972,3.5981029929552433
independent,previous_12h,43,4.0,5.0,1.1796925993906138,3.6514186749669664
independent,previous_12h,44,4.0,5.0,1.2463800272458192,3.722127662741559
independent,previous_12h,45,4.0,5.0,1.3259724644218096,3.7833911717610524
independent,previous_12h,46,4.0,5.0,1.4323899732898937,3.882682551602934
independent,previous_12h,47,4.0,5.0,1.533447658395004,3.9714833828587093
independent,previous_12h,48,4.0,5.0,1.630769575841584,4.063401122790333
independent,previous_12h,49,4.0,5.0,1.7354928749980791,4.1342328085193225
independent,previous_12h,50,4.0,5.0,1.8452588700462735,4.228948984683734
independent,previous_12h,51,4.0,5.0,1.951084673814818,4.333069830770553
independent,previous_12h,52,4.0,5.0,2.065185274361636,4.390308613612759
independent,previous_12h,53,4.0,5.0,2.1675784163770695,4.450919990021807
independent,previous_12h,54,4.0,5.0,2.2795478555665882,4.491966337236608
independent,previous_12h,55,4.0,5.0,2.390659283344676,4.535564943733528
independent,previous_12h,56,4.0,5.0,2.50685117854057,4.591594106359409
independent,previous_12h,57,4.0,5.0,2.6318272174699064,4.6603543650277635
independent,previous_12h,58,4.0,5.0,2.7580865195302895,4.715628424037344
independent,previous_12h,59,4.0,5.0,2.8893888155619107,4.757971981821174
independent,previous_12h,60,4.0,5.0,3.0198120826961716,4.8094680167129145
independent,previous_12h,61,4.0,5.0,3.156992832972949,4.863005755960814
independent,previous_12h,62,4.0,5.0,3.291943961934418,4.911452515259551
independent,previous_12h,63,4.0,5.0,3.43304577098813,4.961694753286583
independent,previous_12h,64,4.0,5.0,3.574186304387017,5.009877577459609
independent,previous_12h,65,4.0,5.0,3.712911276177455,5.0630394132123335
independent,previous_12h,66,4.0,5.0,3.8427514328346124,5.11017127521356
independent,previous_12h,67,4.0,5.0,3.9675111063532276,5.2080855565841855
independent,previous_12h,68,4.0,5.0,4.075362788190917,5.305864442293262
independent,previous_12h,69,4.0,5.0,4.17798638683069,5.406603846480729
independent,previous_12h,70,4.0,5.0,4.268143532107227,5.512899234844326
independent,previous_12h,71,4.0,5.0,4.349480495398073,5.617273391037392
independent,previous_12h,72,4.0,5.0,4.416954980984755,5.716835070630699
independent,previous_12h,73,4.0,5.0,4.475956323732055,5.815867121793339
independent,previous_12h,74,4.0,5.0,4.526747873704662,5.921327730188208
independent,previous_12h,75,4.0,5.0,4.569831284776038,6.0260005069117994
independent,previous_12h,76,4.0,5.0,4.601991873273059,6.132982032454759
independent,previous_12h,77,4.0,5.0,4.62598493438604,6.238484447053527
independent,previous_12h,78,4.0,5.0,4.642516768504112,6.337860211080315
independent,previous_12h,79,4.0,5.0,4.650446522466156,6.4396122162010405
independent,previous_12h,80,4.0,5.0,4.650123963356978,6.543102117567412
independent,previous_12h,81,4.0,5.0,4.642680356113749,6.64294222820756
independent,previous_12h,82,4.0,5.0,4.629854576087733,6.743687922204034
independent,previous_12h,83,4.0,5.0,4.609669002866412,6.841979670942
independent,previous_12h,84,4.0,5.0,4.584586717254058,6.9433398087857645
independent,previous_12h,85,4.0,5.0,4.550681763660469,7.043237318915141
independent,previous_12h,86,4.0,5.0,4.511873841634406,7.145855761112174
independent,previous_12h,87,4.0,5.0,4.468784785056301,7.249130243943291
independent,previous_12h,88,4.0,5.0,4.421252147707455,7.345077290626567
independent,previous_12h,89,4.0,5.0,4.366829042680376,7.445309791652144
independent,previous_12h,90,4.0,5.0,4.3080334813651255,7.543068901338268
independent,previous_12h,91,4.0,5.0,4.246516477096263,7.642871667097784
independent,previous_12h,92,4.0,5.0,4.183393013523595,7.7426518298577385
independent,previous_12h,93,4.0,5.0,4.119813360150948,7.8380846375642355
independent,previous_12h,94,4.0,5.0,4.053319617638862,7.9323307991046255
independent,previous_12h,95,4.0,5.0,3.9860126693890052,8.025625144936189
independent,previous_12h,96,4.0,5.0,3.9177065785543697,8.116459358919826
independent,previous_12h,97,4.0,5.0,3.849153208086098,8.205621654153749
independent,previous_12h,98,4.0,5.0,3.7815409434685643,8.294282679758203
independent,previous_12h,99,4.0,5.0,3.714696567133724,8.380743153123383
independent,previous_12h,100,4.0,5.0,3.651093986632703,8.468700179889211
independent,previous_12h,20,4.0,12.0,0.7569060104392511,1.9429918546019165
independent,previous_12h,21,4.0,12.0,0.8337076435982249,2.069671099183479
independent,previous_12h,22,4.0,12.0,0.8568809533298971,2.155926846668965
independent,previous_12h,23,4.0,12.0,0.9210801758425813,2.3506695967091984
independent,previous_12h,24,4.0,12.0,0.9442626235639962,2.393127203233636
independent,previous_12h,25,4.0,12.0,1.0024831445989646,2.442315850337895
independent,previous_12h,26,4.0,12.0,1.0692641615335008,2.6554898160828344
independent,previous_12h,27,4.0,12.0,1.0893404024105324,2.81408969149759
independent,previous_12h,28,4.0,12.0,1.0678749655573583,2.7604047883281746
independent,previous_12h,29,4.0,12.0,1.039847504251834,2.790620518367226
independent,previous_12h,30,4.0,12.0,1.0357222856289594,2.8145607040250598
independent,previous_12h,31,4.0,12.0,0.9965881218685135,2.8742255797944427
independent,previous_12h,32,4.0,12.0,1.0076995939191091,2.881283362930165
independent,previous_12h,33,4.0,12.0,1.0278263017662548,3.0349377024660784
independent,previous_12h,34,4.0,12.0,1.023738934097329,3.0949654903497104
independent,previous_12h,35,4.0,12.0,1.0373395107777794,3.2034930037295295
independent,previous_12h,36,4.0,12.0,1.0482328250654538,3.345649669074313
independent,previous_12h,37,4.0,12.0,1.0430821440389648,3.4176685129851725
independent,previous_12h,38,4.0,12.0,1.043055263219439,3.5295400589223425
independent,previous_12h,39,4.0,12.0,1.0153461132919261,3.613424661433684
independent,previous_12h,40,4.0,12.0,1.0031372596430055,3.6652882207243387
independent,previous_12h,41,4.0,12.0,1.0050786865128059,3.777461560242723
independent,previous_12h,42,4.0,12.0,1.0251390042292474,3.8214465038546086
independent,previous_12h,43,4.0,12.0,1.1078540913572077,3.864105300006182
independent,previous_12h,44,4.0,12.0,1.1815768616251443,3.9787209054949146
independent,previous_12h,45,4.0,12.0,1.2295536390063422,4.031704006950521
independent,previous_12h,46,4.0,12.0,1.2481242297491812,4.090720263238734
independent,previous_12h,47,4.0,12.0,1.2902624051734923,4.1710853058738895
independent,previous_12h,48,4.0,12.0,1.3272645370372205,4.2069378441838445
independent,previous_12h,49,4.0,12.0,1.3468525178009338,4.259896717577516
independent,previous_12h,50,4.0,12.0,1.3724307704475747,4.347963560968227
independent,previous_12h,51,4.0,12.0,1.4069851869215055,4.454434278198605
independent,previous_12h,52,4.0,12.0,1.4388000014702085,4.5320336521394555
independent,previous_12h,53,4.0,12.0,1.4733899321310862,4.602462472757773
independent,previous_12h,54,4.0,12.0,1.509224466296888,4.66919307564766
independent,previous_12h,55,4.0,12.0,1.5367851382278586,4.793948163255601
independent,previous_12h,56,4.0,12.0,1.5622146831842265,4.900504941554673
independent,previous_12h,57,4.0,12.0,1.57733639469948,5.000708784592134
independent,previous_12h,58,4.0,12.0,1.5879432496691104,5.134360701214313
independent,previous_12h,59,4.0,12.0,1.597463065819471,5.2159728621356205
independent,previous_12h,60,4.0,12.0,1.6054106518702094,5.339013337621723
independent,previous_12h,61,4.0,12.0,1.61682212510601,5.441616421138451
independent,previous_12h,62,4.0,12.0,1.6247251565964405,5.551255976186731
independent,previous_12h,63,4.0,12.0,1.6332667895167852,5.645934905162431
independent,previous_12h,64,4.0,12.0,1.6459888106050702,5.758322862667153
independent,previous_12h,65,4.0,12.0,1.656902090065726,5.8865477306061065
independent,previous_12h,66,4.0,12.0,1.6697903443781525,5.987994710933675
independent,previous_12h,67,4.0,12.0,1.6860392892513731,6.121515745039718
independent,previous_12h,68,4.0,12.0,1.6985189837738224,6.251916072875141
independent,previous_12h,69,4.0,12.0,1.7139727613681544,6.368666100753018
independent,previous_12h,70,4.0,12.0,1.7318927015422592,6.505364707310934
independent,previous_12h,71,4.0,12.0,1.7501304040835608,6.643886902345875
independent,previous_12h,72,4.0,12.0,1.768418739825628,6.766401090643481
independent,previous_12h,73,4.0,12.0,1.7868174828840955,6.8724540381559285
independent,previous_12h,74,4.0,12.0,1.8050520945612991,7.003627049039718
independent,previous_12h,75,4.0,12.0,1.8238902869671447,7.121363203756337
independent,previous_12h,76,4.0,12.0,1.841732387993833,7.2637206876298155
independent,previous_12h,77,4.0,12.0,1.8624138158908954,7.383341535237209
independent,previous_12h,78,4.0,12.0,1.8834562485311679,7.508109472438029
independent,previous_12h,79,4.0,12.0,1.9016614524698383,7.654916870210382
independent,previous_12h,80,4.0,12.0,1.9215857641330159,7.794254998238803
independent,previous_12h,81,4.0,12.0,1.9439884075190594,7.929350805883639
independent,previous_12h,82,4.0,12.0,1.9678708240429499,8.065886535208321
independent,previous_12h,83,4.0,12.0,1.989517455801737,8.217737794523439
independent,previous_12h,84,4.0,12.0,2.0137027062769652,8.353832242839164
independent,previous_12h,85,4.0,12.0,2.0370423474515897,8.50095544693672
independent,previous_12h,86,4.0,12.0,2.0606083289487653,8.623308929830786
independent,previous_12h,87,4.0,12.0,2.12422021336669,8.76180979261414
independent,previous_12h,88,4.0,12.0,2.1820682410344627,8.894758806570557
independent,previous_12h,89,4.0,12.0,2.2472853426785067,9.056952919388328
independent,previous_12h,90,4.0,12.0,2.314551910074192,9.189623673566105
independent,previous_12h,91,4.0,12.0,2.3791626731101356,9.339833183939428
independent,previous_12h,92,4.0,12.0,2.445826473839996,9.488591597682717
independent,previous_12h,93,4.0,12.0,2.5080101438885727,9.64229346666654
independent,previous_12h,94,4.0,12.0,2.5745750512221166,9.801676665592417
independent,previous_12h,95,4.0,12.0,2.643011350843061,9.926226556092189
independent,previous_12h,96,4.0,12.0,2.7097528176986296,10.066993427343762
independent,previous_12h,97,4.0,12.0,2.773533100454828,10.2023455257388
independent,previous_12h,98,4.0,12.0,2.8393945041660817,10.3273942767226
independent,previous_12h,99,4.0,12.0,2.904675584378058,10.464849216220884
independent,previous_12h,100,4.0,12.0,2.9726145907753354,10.597380666901678
independent,previous_12h,20,8.0,1.0,0.7774193093720294,1.9357726006938192
independent,previous_12h,21,8.0,1.0,0.8583937578407363,2.002559011631
independent,previous_12h,22,8.0,1.0,0.8847011753574385,2.1261287149567876
independent,previous_12h,23,8.0,1.0,0.944932210742655,2.2654926888127758
independent,previous_12h,24,8.0,1.0,0.904587306724669,2.2306148232654976
independent,previous_12h,25,8.0,1.0,0.9252594924080482,2.3213148182156473
independent,previous_12h,26,8.0,1.0,0.9528698556330095,2.4478974309756873
independent,previous_12h,27,8.0,1.0,0.9641228090616405,2.5506598630982813
independent,previous_12h,28,8.0,1.0,0.9326216470602722,2.624900691923937
independent,previous_12h,29,8.0,1.0,0.9218997887623148,2.6896834506128897
independent,previous_12h,30,8.0,1.0,0.9009669650880792,2.742465496292379
independent,previous_12h,31,8.0,1.0,0.8713868813398529,2.7957342065372037
independent,previous_12h,32,8.0,1.0,0.8578112336505184,2.860382880885748
independent,previous_12h,33,8.0,1.0,0.8683311158037998,2.9149420680177007
independent,previous_12h,34,8.0,1.0,0.8708051937638128,2.9144452728118164
independent,previous_12h,35,8.0,1.0,0.871505650336668,3.01092857147931
independent,previous_12h,36,8.0,1.0,0.8846023155898441,3.094782189892098
independent,previous_12h,37,8.0,1.0,0.8954601095289894,3.152101923077111
independent,previous_12h,38,8.0,1.0,0.9089778737087162,3.2575038788721145
independent,previous_12h,39,8.0,1.0,0.9130124354774338,3.3630093741343403
independent,previous_12h,40,8.0,1.0,0.933907868580941,3.431522539540266
independent,previous_12h,41,8.0,1.0,1.0058877195547655,3.5547899643207037
independent,previous_12h,42,8.0,1.0,1.0976496320418194,3.598102992955221
independent,previous_12h,43,8.0,1.0,1.1796925993906138,3.6514186749669664
independent,previous_12h,44,8.0,1.0,1.2463800272458414,3.722127662741581
independent,previous_12h,45,8.0,1.0,1.3259724644217652,3.7833911717610524
independent,previous_12h,46,8.0,1.0,1.4323899732898715,3.882682551602956
independent,previous_12h,47,8.0,1.0,1.533447658395004,3.971483382858687
independent,previous_12h,48,8.0,1.0,1.630769575841584,4.063401122790378
independent,previous_12h,49,8.0,1.0,1.7354928749980791,4.1342328085193225
independent,previous_12h,50,8.0,1.0,1.8452588700462735,4.228948984683756
independent,previous_12h,51,8.0,1.0,1.951084673814818,4.3330698307706195
independent,previous_12h,52,8.0,1.0,2.0651852743616805,4.390308613612781
independent,previous_12h,53,8.0,1.0,2.167578416377025,4.450919990021829
independent,previous_12h,54,8.0,1.0,2.2795478555665882,4.491966337236586
independent,previous_12h,55,8.0,1.0,2.390659283344676,4.535564943733528
independent,previous_12h,56,8.0,1.0,2.50685117854057,4.591594106359387
independent,previous_12h,57,8.0,1.0,2.6318272174699064,4.660354365027786
independent,previous_12h,58,8.0,1.0,2.7580865195302673,4.715628424037388
independent,previous_12h,59,8.0,1.0,2.8893888155618885,4.757971981821174
independent,previous_12h,60,8.0,1.0,3.0198120826961494,4.809468016712937
independent,previous_12h,61,8.0,1.0,3.156992832972949,4.863005755960814
independent,previous_12h,62,8.0,1.0,3.291943961934396,4.911452515259573
independent,previous_12h,63,8.0,1.0,3.4336272645131283,4.961694753286605
independent,previous_12h,64,8.0,1.0,3.5783776884414253,5.009877577459654
independent,previous_12h,65,8.0,1.0,3.72809086920054,5.0630394132123335
independent,previous_12h,66,8.0,1.0,3.8803877713665447,5.110171275213582
independent,previous_12h,67,8.0,1.0,4.040562063563846,5.208085556584208
independent,previous_12h,68,8.0,1.0,4.193306130196572,5.305864442293262
independent,previous_12h,69,8.0,1.0,4.354636555989888,5.406603846480773
independent,previous_12h,70,8.0,1.0,4.519290119522212,5.512899234844304
independent,previous_12h,71,8.0,1.0,4.68947253703107,5.617273391037392
independent,previous_12h,72,8.0,1.0,4.860508140862274,5.716835070630721
independent,previous_12h,73,8.0,1.0,5.033050144121631,5.815867121793339
independent,previous_12h,74,8.0,1.0,5.217860091453175,5.921327730188208
independent,previous_12h,75,8.0,1.0,5.407895477661473,6.0260005069117994
independent,previous_12h,76,8.0,1.0,5.599044715053059,6.132982032454759
independent,previous_12h,77,8.0,1.0,5.794350330609821,6.238484447053527
independent,previous_12h,78,8.0,1.0,5.98604935042768,6.337860211080271
independent,previous_12h,79,8.0,1.0,6.184881807552456,6.4396122162010405
independent,previous_12h,80,8.0,1.0,6.386448785312382,6.543102117567456
independent,previous_12h,81,8.0,1.0,6.590449935352494,6.642942228207516
independent,previous_12h,82,8.0,1.0,6.7993967850184855,6.743687922204011
independent,previous_12h,83,8.0,1.0,7.002598904882262,6.841979670942022
independent,previous_12h,84,8.0,1.0,7.216483074846858,6.943339808785787
independent,previous_12h,85,8.0,1.0,7.430964127113837,7.043237318915185
independent,previous_12h,86,8.0,1.0,7.647957757820922,7.145876582111477
independent,previous_12h,87,8.0,1.0,7.86959950366124,7.249214339319421
independent,previous_12h,88,8.0,1.0,8.08549004171959,7.345261963479355
independent,previous_12h,89,8.0,1.0,8.315077283116556,7.445614297117964
independent,previous_12h,90,8.0,1.0,8.54954386775988,7.543530021025258
independent,previous_12h,91,8.0,1.0,8.784990534949966,7.643582044998554
independent,previous_12h,92,8.0,1.0,9.017039425244722,7.743686968265728
independent,previous_12h,93,8.0,1.0,9.242242119296673,7.839504559025601
independent,previous_12h,94,8.0,1.0,9.467952854291163,7.934278260415817
independent,previous_12h,95,8.0,1.0,9.687942134292825,8.02813199329977
independent,previous_12h,96,8.0,1.0,9.89798181529775,8.119637223922659
independent,previous_12h,97,8.0,1.0,10.088802484559366,8.209384363407835
independent,previous_12h,98,8.0,1.0,10.275591342675217,8.29863508192885
independent,previous_12h,99,8.0,1.0,10.451501350375736,8.389442313061002
independent,previous_12h,100,8.0,1.0,10.618805066913195,8.497682034918853
independent,previous_12h,20,8.0,5.0,0.7774193093720294,1.9357726006938192
independent,previous_12h,21,8.0,5.0,0.8583937578407363,2.0025590116309777
independent,previous_12h,22,8.0,5.0,0.8847011753574607,2.1261287149568098
independent,previous_12h,23,8.0,5.0,0.9449322107426328,2.2654926888127758
independent,previous_12h,24,8.0,5.0,0.904587306724669,2.23061482326552
independent,previous_12h,25,8.0,5.0,0.9252594924080704,2.3213148182156695
independent,previous_12h,26,8.0,5.0,0.9528698556330095,2.4478974309756873
independent,previous_12h,27,8.0,5.0,0.9641228090616627,2.550659863098348
independent,previous_12h,28,8.0,5.0,0.93262164706025,2.6249006919238926
independent,previous_12h,29,8.0,5.0,0.9218997887623148,2.6896834506128897
independent,previous_12h,30,8.0,5.0,0.9009669650880792,2.742465496292379
independent,previous_12h,31,8.0,5.0,0.8713868813398751,2.795734206537226
independent,previous_12h,32,8.0,5.0,0.8578112336505184,2.860382880885748
independent,previous_12h,33,8.0,5.0,0.868331115803822,2.914942068017723
independent,previous_12h,34,8.0,5.0,0.8708051937638572,2.9144452728118386
independent,previous_12h,35,8.0,5.0,0.871505650336668,3.01092857147931
independent,previous_12h,36,8.0,5.0,0.8846023155898664,3.09478218989212
independent,previous_12h,37,8.0,5.0,0.8954601095289894,3.1521019230770886
independent,previous_12h,38,8.0,5.0,0.908977873708694,3.2575038788721145
independent,previous_12h,39,8.0,5.0,0.9130124354774338,3.3630093741343625
independent,previous_12h,40,8.0,5.0,0.933907868580941,3.4315225395402438
independent,previous_12h,41,8.0,5.0,1.0058877195547877,3.5547899643207037
independent,previous_12h,42,8.0,5.0,1.0976496320418416,3.5981029929552433
independent,previous_12h,43,8.0,5.0,1.1796925993906138,3.651418674966922
independent,previous_12h,44,8.0,5.0,1.2463800272458192,3.722127662741581
independent,previous_12h,45,8.0,5.0,1.3259724644217652,3.7833911717610524
independent,previous_12h,46,8.0,5.0,1.432389973289916,3.882682551602934
independent,previous_12h,47,8.0,5.0,1.533447658395004,3.971483382858687
independent,previous_12h,48,8.0,5.0,1.6307695758416063,4.0634011227903555
independent,previous_12h,49,8.0,5.0,1.7354928749980791,4.1342328085193
independent,previous_12h,50,8.0,5.0,1.8452588700462735,4.228948984683756
independent,previous_12h,51,8.0,5.0,1.9510846738148624,4.333069830770553
independent,previous_12h,52,8.0,5.0,2.0651852743616805,4.390308613612759
independent,previous_12h,53,8.0,5.0,2.1675784163770473,4.450919990021829
independent,previous_12h,54,8.0,5.0,2.2795478555666104,4.491966337236608
independent,previous_12h,55,8.0,5.0,2.390659283344676,4.535564943733528
independent,previous_12h,56,8.0,5.0,2.5068511785405923,4.591594106359431
independent,previous_12h,57,8.0,5.0,2.6318272174699064,4.660354365027741
independent,previous_12h,58,8.0,5.0,2.7580865195302673,4.715628424037321
independent,previous_12h,59,8.0,5.0,2.8893888155618885,4.757971981821174
independent,previous_12h,60,8.0,5.0,3.0198120826961494,4.809468016712937
independent,previous_12h,61,8.0,5.0,3.156992832972949,4.863005755960814
independent,previous_12h,62,8.0,5.0,3.291943961934396,4.911452515259573
independent,previous_12h,63,8.0,5.0,3.4336272645131283,4.961694753286605
independent,previous_12h,64,8.0,5.0,3.578377688441492,5.009877577459609
independent,previous_12h,65,8.0,5.0,3.7280908692005843,5.063039413212356
independent,previous_12h,66,8.0,5.0,3.8803877713665447,5.110171275213582
independent,previous_12h,67,8.0,5.0,4.040562063563824,5.2080855565841855
independent,previous_12h,68,8.0,5.0,4.193306130196595,5.305864442293262
independent,previous_12h,69,8.0,5.0,4.35463655598991,5.406603846480729
independent,previous_12h,70,8.0,5.0,4.51929011952219,5.512899234844326
independent,previous_12h,71,8.0,5.0,4.68947253703107,5.617273391037392
independent,previous_12h,72,8.0,5.0,4.8605081408623185,5.716835070630699
independent,previous_12h,73,8.0,5.0,5.033050144121609,5.815867121793361
independent,previous_12h,74,8.0,5.0,5.2178600914531525,5.921327730188208
independent,previous_12h,75,8.0,5.0,5.407895477661473,6.026000506911777
independent,previous_12h,76,8.0,5.0,5.5990447150530365,6.132982032454759
independent,previous_12h,77,8.0,5.0,5.794350330609799,6.238484447053505
independent,previous_12h,78,8.0,5.0,5.98604935042768,6.337860211080293
independent,previous_12h,79,8.0,5.0,6.184881807552478,6.439612216201063
independent,previous_12h,80,8.0,5.0,6.386448785312404,6.543102117567434
independent,previous_12h,81,8.0,5.0,6.5904499353524715,6.64294222820756
independent,previous_12h,82,8.0,5.0,6.7993967850184855,6.743687922204034
independent,previous_12h,83,8.0,5.0,7.002598904882262,6.841979670942
independent,previous_12h,84,8.0,5.0,7.216483074846858,6.943339808785809
independent,previous_12h,85,8.0,5.0,7.430964127113837,7.043237318915185
independent,previous_12h,86,8.0,5.0,7.6479577578209,7.14587658211141
independent,previous_12h,87,8.0,5.0,7.86959950366124,7.249214339319421
independent,previous_12h,88,8.0,5.0,8.08549004171959,7.345261963479355
independent,previous_12h,89,8.0,5.0,8.315077283116533,7.445614297117986
independent,previous_12h,90,8.0,5.0,8.549543867759857,7.543530021025302
independent,previous_12h,91,8.0,5.0,8.784990534949966,7.643582044998554
independent,previous_12h,92,8.0,5.0,9.017039425244677,7.743686968265706
independent,previous_12h,93,8.0,5.0,9.242242119296652,7.839504559025623
independent,previous_12h,94,8.0,5.0,9.467952854291116,7.934278260415839
independent,previous_12h,95,8.0,5.0,9.687942134292848,8.028131993299791
independent,previous_12h,96,8.0,5.0,9.897981815297708,8.119637223922659
independent,previous_12h,97,8.0,5.0,10.08880248455939,8.209384363407835
independent,previous_12h,98,8.0,5.0,10.275591342675261,8.298635081928829
independent,previous_12h,99,8.0,5.0,10.451501350375715,8.389442313060979
independent,previous_12h,100,8.0,5.0,10.618805066913218,8.497682034918874
independent,previous_12h,20,8.0,12.0,0.7569060104392511,1.9429918546019165
independent,previous_12h,21,8.0,12.0,0.8337076435982249,2.069671099183479
independent,previous_12h,22,8.0,12.0,0.8568809533298971,2.155926846668965
independent,previous_12h,23,8.0,12.0,0.9210801758425813,2.3506695967091984
independent,previous_12h,24,8.0,12.0,0.9442626235639962,2.393127203233636
independent,previous_12h,25,8.0,12.0,1.0024831445989646,2.442315850337895
independent,previous_12h,26,8.0,12.0,1.0692641615335008,2.6554898160828344
independent,previous_12h,27,8.0,12.0,1.0893404024105324,2.81408969149759
independent,previous_12h,28,8.0,12.0,1.0678749655573583,2.7604047883281746
independent,previous_12h,29,8.0,12.0,1.039847504251834,2.790620518367226
independent,previous_12h,30,8.0,12.0,1.0357222856289594,2.8145607040250598
independent,previous_12h,31,8.0,12.0,0.9965881218685135,2.8742255797944427
independent,previous_12h,32,8.0,12.0,1.0076995939191091,2.881283362930165
independent,previous_12h,33,8.0,12.0,1.0278263017662548,3.0349377024660784
independent,previous_12h,34,8.0,12.0,1.023738934097329,3.0949654903497104
independent,previous_12h,35,8.0,12.0,1.0373395107777794,3.2034930037295295
independent,previous_12h,36,8.0,12.0,1.0482328250654538,3.345649669074313
independent,previous_12h,37,8.0,12.0,1.0430821440389648,3.4176685129851725
independent,previous_12h,38,8.0,12.0,1.043055263219439,3.5295400589223425
independent,previous_12h,39,8.0,12.0,1.0153461132919261,3.613424661433684
independent,previous_12h,40,8.0,12.0,1.0031372596430055,3.6652882207243387
independent,previous_12h,41,8.0,12.0,1.0050786865128059,3.777461560242723
independent,previous_12h,42,8.0,12.0,1.0251390042292474,3.8214465038546086
independent,previous_12h,43,8.0,12.0,1.1078540913572077,3.864105300006182
independent,previous_12h,44,8.0,12.0,1.1815768616251443,3.9787209054949146
independent,previous_12h,45,8.0,12.0,1.2295536390063422,4.031704006950521
independent,previous_12h,46,8.0,12.0,1.2481242297491812,4.090720263238734
independent,previous_12h,47,8.0,12.0,1.2902624051734923,4.1710853058738895
independent,previous_12h,48,8.0,12.0,1.3272645370372205,4.2069378441838445
independent,previous_12h,49,8.0,12.0,1.3468525178009338,4.259896717577516
independent,previous_12h,50,8.0,12.0,1.3724307704475747,4.347963560968227
independent,previous_12h,51,8.0,12.0,1.4069851869215055,4.454434278198605
independent,previous_12h,52,8.0,12.0,1.4388000014702085,4.5320336521394555
independent,previous_12h,53,8.0,12.0,1.4733899321310862,4.602462472757773
independent,previous_12h,54,8.0,12.0,1.509224466296888,4.66919307564766
independent,previous_12h,55,8.0,12.0,1.5367851382278586,4.793948163255601
independent,previous_12h,56,8.0,12.0,1.5622146831842265,4.900504941554673
independent,previous_12h,57,8.0,12.0,1.57733639469948,5.000708784592134
independent,previous_12h,58,8.0,12.0,1.5879432496691104,5.134360701214313
independent,previous_12h,59,8.0,12.0,1.597463065819471,5.2159728621356205
independent,previous_12h,60,8.0,12.0,1.6054106518702094,5.339013337621723
independent,previous_12h,61,8.0,12.0,1.61682212510601,5.441616421138451
independent,previous_12h,62,8.0,12.0,1.6247251565964405,5.551255976186731
independent,previous_12h,63,8.0,12.0,1.6332667895167852,5.645934905162431
independent,previous_12h,64,8.0,12.0,1.6459888106050702,5.758322862667153
independent,previous_12h,65,8.0,12.0,1.656902090065726,5.8865477306061065
independent,previous_12h,66,8.0,12.0,1.6697903443781525,5.987994710933675
independent,previous_12h,67,8.0,12.0,1.6860392892513731,6.121515745039718
independent,previous_12h,68,8.0,12.0,1.6985189837738224,6.251916072875141
independent,previous_12h,69,8.0,12.0,1.7139727613681544,6.368666100753018
independent,previous_12h,70,8.0,12.0,1.7318927015422592,6.505364707310934
independent,previous_12h,71,8.0,12.0,1.7501304040835608,6.643886902345875
independent,previous_12h,72,8.0,12.0,1.768418739825628,6.766401090643481
independent,previous_12h,73,8.0,12.0,1.7868174828840955,6.8724540381559285
independent,previous_12h,74,8.0,12.0,1.8050520945612991,7.003627049039718
independent,previous_12h,75,8.0,12.0,1.8238902869671447,7.121363203756337
independent,previous_12h,76,8.0,12.0,1.841732387993833,7.2637206876298155
independent,previous_12h,77,8.0,12.0,1.8624138158908954,7.383341535237209
independent,previous_12h,78,8.0,12.0,1.8834562485311679,7.508109472438029
independent,previous_12h,79,8.0,12.0,1.9016614524698383,7.654916870210382
independent,previous_12h,80,8.0,12.0,1.9215857641330159,7.794254998238803
independent,previous_12h,81,8.0,12.0,1.9439884075190594,7.929350805883639
independent,previous_12h,82,8.0,12.0,1.9678708240429499,8.065886535208321
independent,previous_12h,83,8.0,12.0,1.989517455801737,8.217737794523439
independent,previous_12h,84,8.0,12.0,2.0137027062769652,8.353832242839164
independent,previous_12h,85,8.0,12.0,2.0370423474515897,8.50095544693672
independent,previous_12h,86,8.0,12.0,2.0606083289487653,8.623308929830786
independent,previous_12h,87,8.0,12.0,2.12422021336669,8.76180979261414
independent,previous_12h,88,8.0,12.0,2.1820682410344627,8.894758806570557
independent,previous_12h,89,8.0,12.0,2.2472853426785067,9.056952919388328
independent,previous_12h,90,8.0,12.0,2.314551910074192,9.189623673566105
independent,previous_12h,91,8.0,12.0,2.3791626731101356,9.339833183939428
independent,previous_12h,92,8.0,12.0,2.445826473839996,9.488591597682717
independent,previous_12h,93,8.0,12.0,2.5080101438885727,9.64229346666654
independent,previous_12h,94,8.0,12.0,2.5745750512221166,9.801676665592417
independent,previous_12h,95,8.0,12.0,2.643011350843061,9.926226556092189
independent,previous_12h,96,8.0,12.0,2.7097528176986296,10.066993427343762
independent,previous_12h,97,8.0,12.0,2.773533100454828,10.2023455257388
independent,previous_12h,98,8.0,12.0,2.8393945041660817,10.3273942767226
independent,previous_12h,99,8.0,12.0,2.904675584378058,10.464849216220884
independent,previous_12h,100,8.0,12.0,2.9726145907753354,10.597380666901678
independent,previous_12h,20,10.0,1.0,0.7774193093720072,1.9357726006938192
independent,previous_12h,21,10.0,1.0,0.8583937578407363,2.002559011631
independent,previous_12h,22,10.0,1.0,0.8847011753574385,2.1261287149567876
independent,previous_12h,23,10.0,1.0,0.9449322107426106,2.2654926888127314
independent,previous_12h,24,10.0,1.0,0.904587306724669,2.2306148232654976
independent,previous_12h,25,10.0,1.0,0.9252594924080704,2.3213148182156695
independent,previous_12h,26,10.0,1.0,0.9528698556329873,2.4478974309756873
independent,previous_12h,27,10.0,1.0,0.9641228090616849,2.550659863098348
independent,previous_12h,28,10.0,1.0,0.9326216470602278,2.6249006919238926
independent,previous_12h,29,10.0,1.0,0.9218997887623148,2.6896834506128897
independent,previous_12h,30,10.0,1.0,0.900966965088057,2.7424654962923567
independent,previous_12h,31,10.0,1.0,0.8713868813398529,2.795734206537226
independent,previous_12h,32,10.0,1.0,0.8578112336505628,2.8603828808857923
independent,previous_12h,33,10.0,1.0,0.8683311158037776,2.914942068017723
independent,previous_12h,34,10.0,1.0,0.8708051937638572,2.9144452728118386
independent,previous_12h,35,10.0,1.0,0.8715056503366458,3.01092857147931
independent,previous_12h,36,10.0,1.0,0.8846023155898886,3.09478218989212
independent,previous_12h,37,10.0,1.0,0.8954601095289672,3.1521019230770886
independent,previous_12h,38,10.0,1.0,0.9089778737086718,3.2575038788721367
independent,previous_12h,39,10.0,1.0,0.9130124354774338,3.3630093741343625
independent,previous_12h,40,10.0,1.0,0.933907868580941,3.431522539540266
independent,previous_12h,41,10.0,1.0,1.0058877195547655,3.5547899643207037
independent,previous_12h,42,10.0,1.0,1.0976496320417972,3.5981029929552433
independent,previous_12h,43,10.0,1.0,1.1796925993905694,3.651418674966944
independent,previous_12h,44,10.0,1.0,1.246380027245797,3.722127662741581
independent,previous_12h,45,10.0,1.0,1.3259724644217652,3.7833911717610524
independent,previous_12h,46,10.0,1.0,1.4323899732898937,3.882682551602956
independent,previous_12h,47,10.0,1.0,1.5334476583949819,3.971483382858665
independent,previous_12h,48,10.0,1.0,1.6307695758415397,4.0634011227903555
independent,previous_12h,49,10.0,1.0,1.735492874998057,4.134232808519345
independent,previous_12h,50,10.0,1.0,1.8452588700462957,4.228948984683756
independent,previous_12h,51,10.0,1.0,1.9510846738148402,4.333069830770575
independent,previous_12h,52,10.0,1.0,2.0651852743616583,4.390308613612781
independent,previous_12h,53,10.0,1.0,2.1675784163770917,4.450919990021829
independent,previous_12h,54,10.0,1.0,2.2795478555666104,4.491966337236586
independent,previous_12h,55,10.0,1.0,2.390659283344654,4.53556494373355
independent,previous_12h,56,10.0,1.0,2.50685117854057,4.591594106359431
independent,previous_12h,57,10.0,1.0,2.6318272174699064,4.660354365027808
independent,previous_12h,58,10.0,1.0,2.758086519530245,4.715628424037366
independent,previous_12h,59,10.0,1.0,2.8893888155618885,4.757971981821152
independent,previous_12h,60,10.0,1.0,3.0198120826961716,4.809468016712959
independent,previous_12h,61,10.0,1.0,3.1569928329729713,4.863005755960792
independent,previous_12h,62,10.0,1.0,3.291943961934396,4.911452515259551
independent,previous_12h,63,10.0,1.0,3.4336272645131505,4.961694753286627
independent,previous_12h,64,10.0,1.0,3.5783776884414253,5.009877577459632
independent,previous_12h,65,10.0,1.0,3.72809086920054,5.063039413212311
independent,previous_12h,66,10.0,1.0,3.8803877713665447,5.110171275213582
independent,previous_12h,67,10.0,1.0,4.040562063563824,5.208085556584252
independent,previous_12h,68,10.0,1.0,4.193306130196595,5.305864442293307
independent,previous_12h,69,10.0,1.0,4.354636555989888,5.406603846480751
independent,previous_12h,70,10.0,1.0,4.51929011952219,5.512899234844304
independent,previous_12h,71,10.0,1.0,4.689472537031092,5.617273391037414
independent,previous_12h,72,10.0,1.0,4.860508140862274,5.716835070630744
independent,previous_12h,73,10.0,1.0,5.0330501441216535,5.815867121793383
independent,previous_12h,74,10.0,1.0,5.2178600914531525,5.921327730188253
independent,previous_12h,75,10.0,1.0,5.407895477661473,6.026000506911777
independent,previous_12h,76,10.0,1.0,5.599044715053081,6.132982032454759
independent,previous_12h,77,10.0,1.0,5.794350330609799,6.238484447053527
independent,previous_12h,78,10.0,1.0,5.986049350427702,6.337860211080315
independent,previous_12h,79,10.0,1.0,6.184881807552456,6.439612216201085
independent,previous_12h,80,10.0,1.0,6.386448785312404,6.54310211756739
independent,previous_12h,81,10.0,1.0,6.590449935352449,6.642942228207538
independent,previous_12h,82,10.0,1.0,6.7993967850184855,6.743687922204056
independent,previous_12h,83,10.0,1.0,7.002598904882262,6.841979670941978
independent,previous_12h,84,10.0,1.0,7.216483074846902,6.943339808785742
independent,previous_12h,85,10.0,1.0,7.430964127113837,7.043237318915163
independent,previous_12h,86,10.0,1.0,7.647957757820922,7.145876582111432
independent,previous_12h,87,10.0,1.0,7.869599503661262,7.249214339319421
independent,previous_12h,88,10.0,1.0,8.08549004171959,7.345261963479377
independent,previous_12h,89,10.0,1.0,8.315077283116556,7.445614297117986
independent,previous_12h,90,10.0,1.0,8.549543867759901,7.54353002102528
independent,previous_12h,91,10.0,1.0,8.784990534949944,7.643582044998554
independent,previous_12h,92,10.0,1.0,9.0170394252447,7.743686968265684
independent,previous_12h,93,10.0,1.0,9.242242119296673,7.8395045590255785
independent,previous_12h,94,10.0,1.0,9.467952854291163,7.934278260415839
independent,previous_12h,95,10.0,1.0,9.687942134292848,8.02813199329977
independent,previous_12h,96,10.0,1.0,9.89798181529775,8.119637223922659
independent,previous_12h,97,10.0,1.0,10.08880248455939,8.20938436340779
independent,previous_12h,98,10.0,1.0,10.275591342675261,8.298635081928808
independent,previous_12h,99,10.0,1.0,10.451501350375736,8.389442313061002
independent,previous_12h,100,10.0,1.0,10.618805066913195,8.497682034918853
independent,previous_12h,20,10.0,5.0,0.7774193093720072,1.9357726006938192
independent,previous_12h,21,10.0,5.0,0.8583937578407141,2.0025590116309555
independent,previous_12h,22,10.0,5.0,0.8847011753574385,2.1261287149567876
independent,previous_12h,23,10.0,5.0,0.9449322107426328,2.2654926888127758
independent,previous_12h,24,10.0,5.0,0.904587306724669,2.23061482326552
independent,previous_12h,25,10.0,5.0,0.9252594924080482,2.3213148182156695
independent,previous_12h,26,10.0,5.0,0.9528698556329873,2.4478974309756873
independent,previous_12h,27,10.0,5.0,0.9641228090616849,2.550659863098348
independent,previous_12h,28,10.0,5.0,0.9326216470602278,2.6249006919238926
independent,previous_12h,29,10.0,5.0,0.9218997887622926,2.6896834506128675
independent,previous_12h,30,10.0,5.0,0.9009669650880792,2.7424654962923567
independent,previous_12h,31,10.0,5.0,0.8713868813398307,2.7957342065371815
independent,previous_12h,32,10.0,5.0,0.8578112336504962,2.860382880885748
independent,previous_12h,33,10.0,5.0,0.8683311158037998,2.9149420680177007
independent,previous_12h,34,10.0,5.0,0.8708051937638128,2.914445272811772
independent,previous_12h,35,10.0,5.0,0.8715056503366458,3.0109285714792877
independent,previous_12h,36,10.0,5.0,0.8846023155898664,3.09478218989212
independent,previous_12h,37,10.0,5.0,0.8954601095289672,3.152101923077111
independent,previous_12h,38,10.0,5.0,0.908977873708694,3.2575038788721145
independent,previous_12h,39,10.0,5.0,0.9130124354774338,3.363009374134318
independent,previous_12h,40,10.0,5.0,0.9339078685809632,3.431522539540266
independent,previous_12h,41,10.0,5.0,1.0058877195547433,3.5547899643206815
independent,previous_12h,42,10.0,5.0,1.0976496320418416,3.5981029929552433
independent,previous_12h,43,10.0,5.0,1.179692599390636,3.6514186749669886
independent,previous_12h,44,10.0,5.0,1.2463800272458192,3.722127662741581
independent,previous_12h,45,10.0,5.0,1.3259724644217652,3.783391171761008
independent,previous_12h,46,10.0,5.0,1.4323899732898937,3.8826825516029118
independent,previous_12h,47,10.0,5.0,1.5334476583949819,3.971483382858665
independent,previous_12h,48,10.0,5.0,1.6307695758416063,4.0634011227903555
independent,previous_12h,49,10.0,5.0,1.7354928749980791,4.1342328085193225
independent,previous_12h,50,10.0,5.0,1.8452588700462957,4.228948984683734
independent,previous_12h,51,10.0,5.0,1.9510846738148402,4.333069830770575
independent,previous_12h,52,10.0,5.0,2.0651852743616583,4.390308613612759
independent,previous_12h,53,10.0,5.0,2.1675784163770695,4.450919990021807
independent,previous_12h,54,10.0,5.0,2.2795478555666104,4.491966337236586
independent,previous_12h,55,10.0,5.0,2.3906592833446982,4.5355649437335055
independent,previous_12h,56,10.0,5.0,2.50685117854057,4.591594106359409
independent,previous_12h,57,10.0,5.0,2.6318272174699286,4.6603543650277635
independent,previous_12h,58,10.0,5.0,2.7580865195302895,4.715628424037321
independent,previous_12h,59,10.0,5.0,2.8893888155618885,4.757971981821152
independent,previous_12h,60,10.0,5.0,3.0198120826961716,4.809468016712937
independent,previous_12h,61,10.0,5.0,3.1569928329729713,4.863005755960792
independent,previous_12h,62,10.0,5.0,3.291943961934418,4.911452515259551
independent,previous_12h,63,10.0,5.0,3.4336272645131505,4.961694753286605
independent,previous_12h,64,10.0,5.0,3.5783776884414253,5.009877577459632
independent,previous_12h,65,10.0,5.0,3.728090869200562,5.063039413212289
independent,previous_12h,66,10.0,5.0,3.8803877713665447,5.11017127521356
independent,previous_12h,67,10.0,5.0,4.040562063563824,5.2080855565841855
independent,previous_12h,68,10.0,5.0,4.193306130196617,5.30586444229324
independent,previous_12h,69,10.0,5.0,4.35463655598991,5.406603846480729
independent,previous_12h,70,10.0,5.0,4.51929011952219,5.512899234844282
independent,previous_12h,71,10.0,5.0,4.689472537031114,5.61727339103737
independent,previous_12h,72,10.0,5.0,4.860508140862296,5.716835070630699
independent,previous_12h,73,10.0,5.0,5.033050144121631,5.815867121793317
independent,previous_12h,74,10.0,5.0,5.217860091453175,5.921327730188208
independent,previous_12h,75,10.0,5.0,5.407895477661495,6.0260005069117994
independent,previous_12h,76,10.0,5.0,5.599044715053059,6.132982032454781
independent,previous_12h,77,10.0,5.0,5.794350330609821,6.238484447053505
independent,previous_12h,78,10.0,5.0,5.98604935042768,6.337860211080293
independent,previous_12h,79,10.0,5.0,6.1848818075525,6.4396122162010405
independent,previous_12h,80,10.0,5.0,6.386448785312382,6.543102117567434
independent,previous_12h,81,10.0,5.0,6.590449935352449,6.642942228207538
independent,previous_12h,82,10.0,5.0,6.799396785018508,6.743687922204034
independent,previous_12h,83,10.0,5.0,7.002598904882262,6.841979670942
independent,previous_12h,84,10.0,5.0,7.216483074846858,6.943339808785742
independent,previous_12h,85,10.0,5.0,7.430964127113837,7.043237318915141
independent,previous_12h,86,10.0,5.0,7.647957757820922,7.145876582111432
independent,previous_12h,87,10.0,5.0,7.869599503661262,7.249214339319399
independent,previous_12h,88,10.0,5.0,8.08549004171959,7.345261963479355
independent,previous_12h,89,10.0,5.0,8.31507728311658,7.4456142971179196
independent,previous_12h,90,10.0,5.0,8.549543867759901,7.543530021025258
independent,previous_12h,91,10.0,5.0,8.784990534949944,7.643582044998509
independent,previous_12h,92,10.0,5.0,9.0170394252447,7.743686968265684
independent,previous_12h,93,10.0,5.0,9.242242119296673,7.839504559025601
independent,previous_12h,94,10.0,5.0,9.467952854291116,7.934278260415839
independent,previous_12h,95,10.0,5.0,9.687942134292825,8.028131993299791
independent,previous_12h,96,10.0,5.0,9.89798181529773,8.119637223922638
independent,previous_12h,97,10.0,5.0,10.088802484559345,8.209384363407835
independent,previous_12h,98,10.0,5.0,10.275591342675217,8.298635081928829
independent,previous_12h,99,10.0,5.0,10.451501350375715,8.389442313060979
independent,previous_12h,100,10.0,5.0,10.618805066913218,8.497682034918853
independent,previous_12h,20,10.0,12.0,0.7774193093720072,1.9357726006938192
independent,previous_12h,21,10.0,12.0,0.8583937578407363,2.0025590116309777
independent,previous_12h,22,10.0,12.0,0.8847011753574385,2.1261287149567654
independent,previous_12h,23,10.0,12.0,0.9449322107426328,2.2654926888127758
independent,previous_12h,24,10.0,12.0,0.904587306724669,2.230614823265542
independent,previous_12h,25,10.0,12.0,0.9252594924080482,2.3213148182156473
independent,previous_12h,26,10.0,12.0,0.9528698556329873,2.4478974309756873
independent,previous_12h,27,10.0,12.0,0.9641228090616627,2.550659863098348
independent,previous_12h,28,10.0,12.0,0.9326216470602722,2.624900691923937
independent,previous_12h,29,10.0,12.0,0.9218997887622926,2.6896834506128675
independent,previous_12h,30,10.0,12.0,0.9009669650881014,2.742465496292401
independent,previous_12h,31,10.0,12.0,0.8713868813398751,2.795734206537226
independent,previous_12h,32,10.0,12.0,0.8578112336505184,2.860382880885748
independent,previous_12h,33,10.0,12.0,0.868331115803822,2.914942068017723
independent,previous_12h,34,10.0,12.0,0.870805193763835,2.9144452728118164
independent,previous_12h,35,10.0,12.0,0.871505650336668,3.0109285714792877
independent,previous_12h,36,10.0,12.0,0.8846023155898664,3.09478218989212
independent,previous_12h,37,10.0,12.0,0.895460109528945,3.1521019230770886
independent,previous_12h,38,10.0,12.0,0.908977873708694,3.2575038788721145
independent,previous_12h,39,10.0,12.0,0.9130124354774338,3.3630093741343403
independent,previous_12h,40,10.0,12.0,0.933907868580941,3.431522539540266
independent,previous_12h,41,10.0,12.0,1.0058877195547655,3.5547899643207037
independent,previous_12h,42,10.0,12.0,1.0976496320417972,3.5981029929552433
independent,previous_12h,43,10.0,12.0,1.1796925993905694,3.651418674966944
independent,previous_12h,44,10.0,12.0,1.2463800272458192,3.722127662741559
independent,previous_12h,45,10.0,12.0,1.325972464421743,3.7833911717610746
independent,previous_12h,46,10.0,12.0,1.4323899732898493,3.882682551602956
independent,previous_12h,47,10.0,12.0,1.533447658395004,3.9714833828587093
independent,previous_12h,48,10.0,12.0,1.630769575841584,4.0634011227903555
independent,previous_12h,49,10.0,12.0,1.7354928749980791,4.1342328085193225
independent,previous_12h,50,10.0,12.0,1.8452588700462735,4.228948984683734
independent,previous_12h,51,10.0,12.0,1.9510846738148402,4.333069830770575
independent,previous_12h,52,10.0,12.0,2.065185274361636,4.390308613612781
independent,previous_12h,53,10.0,12.0,2.1675784163770473,4.450919990021851
independent,previous_12h,54,10.0,12.0,2.279547855566566,4.491966337236608
independent,previous_12h,55,10.0,12.0,2.3906592833446316,4.53556494373355
independent,previous_12h,56,10.0,12.0,2.50685117854057,4.591594106359453
independent,previous_12h,57,10.0,12.0,2.6318272174699064,4.660354365027786
independent,previous_12h,58,10.0,12.0,2.758086519530223,4.715628424037366
independent,previous_12h,59,10.0,12.0,2.889388815561844,4.757971981821174
independent,previous_12h,60,10.0,12.0,3.019812082696127,4.809468016712937
independent,previous_12h,61,10.0,12.0,3.156992832972949,4.863005755960792
independent,previous_12h,62,10.0,12.0,3.2919439619343738,4.911452515259573
independent,previous_12h,63,10.0,12.0,3.433627264513106,4.961694753286605
independent,previous_12h,64,10.0,12.0,3.5783776884414253,5.009877577459632
independent,previous_12h,65,10.0,12.0,3.728090869200562,5.0630394132123335
independent,previous_12h,66,10.0,12.0,3.8803877713665003,5.11017127521356
independent,previous_12h,67,10.0,12.0,4.040562063563824,5.208085556584208
independent,previous_12h,68,10.0,12.0,4.193306130196595,5.305864442293262
independent,previous_12h,69,10.0,12.0,4.353611838655147,5.406603846480729
independent,previous_12h,70,10.0,12.0,4.51389409011127,5.512899234844326
independent,previous_12h,71,10.0,12.0,4.673112834461524,5.61727339103737
independent,previous_12h,72,10.0,12.0,4.822627613021413,5.716835070630699
independent,previous_12h,73,10.0,12.0,4.962501115282403,5.815867121793339
independent,previous_12h,74,10.0,12.0,5.099242020318062,5.9213277301882306
independent,previous_12h,75,10.0,12.0,5.2263066674110625,6.026000506911777
independent,previous_12h,76,10.0,12.0,5.339376316701272,6.132982032454781
independent,previous_12h,77,10.0,12.0,5.441726590020068,6.238484447053527
independent,previous_12h,78,10.0,12.0,5.530878107610149,6.337860211080293
independent,previous_12h,79,10.0,12.0,5.610962838379874,6.439612216201063
independent,previous_12h,80,10.0,12.0,5.680566648608987,6.543102117567434
independent,previous_12h,81,10.0,12.0,5.740527564972431,6.64294222820756
independent,previous_12h,82,10.0,12.0,5.793044095174582,6.743687922204034
independent,previous_12h,83,10.0,12.0,5.8339002751685465,6.841979670941978
independent,previous_12h,84,10.0,12.0,5.86960873770721,6.9433398087857645
independent,previous_12h,85,10.0,12.0,5.894663213180018,7.043237318915163
independent,previous_12h,86,10.0,12.0,5.912707383567217,7.1458765821114545
independent,previous_12h,87,10.0,12.0,5.924825396455424,7.249214339319443
independent,previous_12h,88,10.0,12.0,5.928834072989764,7.345261963479399
independent,previous_12h,89,10.0,12.0,5.926227598551326,7.445614297117986
independent,previous_12h,90,10.0,12.0,5.916010938683081,7.543530021025235
independent,previous_12h,91,10.0,12.0,5.898701765393621,7.643582044998576
independent,previous_12h,92,10.0,12.0,5.87509320054227,7.743686968265684
independent,previous_12h,93,10.0,12.0,5.845942273989158,7.8395045590255785
independent,previous_12h,94,10.0,12.0,5.810280869078865,7.934278260415817
independent,previous_12h,95,10.0,12.0,5.769547110116124,8.028131993299791
independent,previous_12h,96,10.0,12.0,5.722733894307996,8.119618519035111
independent,previous_12h,97,10.0,12.0,5.669535286506555,8.2093285721206
independent,previous_12h,98,10.0,12.0,5.6124073249377515,8.298517650787641
independent,previous_12h,99,10.0,12.0,5.550676890259099,8.394000971611648
independent,previous_12h,100,10.0,12.0,5.486645068514839,8.501216488968666
independent,previous_12h,20,12.0,1.0,0.7774193093720072,1.935772600693797
independent,previous_12h,21,12.0,1.0,0.8583937578407363,2.002559011631
independent,previous_12h,22,12.0,1.0,0.8847011753574163,2.1261287149567876
independent,previous_12h,23,12.0,1.0,0.944932210742655,2.265492688812798
independent,previous_12h,24,12.0,1.0,0.9045873067247134,2.230614823265542
independent,previous_12h,25,12.0,1.0,0.9252594924080482,2.3213148182156473
independent,previous_12h,26,12.0,1.0,0.9528698556330095,2.447897430975665
independent,previous_12h,27,12.0,1.0,0.9641228090616627,2.550659863098348
independent,previous_12h,28,12.0,1.0,0.9326216470602278,2.6249006919238926
independent,previous_12h,29,12.0,1.0,0.9218997887622926,2.6896834506128897
independent,previous_12h,30,12.0,1.0,0.9009669650880792,2.742465496292401
independent,previous_12h,31,12.0,1.0,0.8713868813398529,2.7957342065372037
independent,previous_12h,32,12.0,1.0,0.8578112336505184,2.860382880885748
independent,previous_12h,33,12.0,1.0,0.8683311158037776,2.9149420680177007
independent,previous_12h,34,12.0,1.0,0.870805193763835,2.9144452728118164
independent,previous_12h,35,12.0,1.0,0.871505650336668,3.01092857147931
independent,previous_12h,36,12.0,1.0,0.8846023155898664,3.09478218989212
independent,previous_12h,37,12.0,1.0,0.895460109528945,3.1521019230770664
independent,previous_12h,38,12.0,1.0,0.9089778737087162,3.2575038788721145
independent,previous_12h,39,12.0,1.0,0.9130124354774116,3.3630093741343403
independent,previous_12h,40,12.0,1.0,0.9339078685809632,3.431522539540266
independent,previous_12h,41,12.0,1.0,1.0058877195547877,3.5547899643206815
independent,previous_12h,42,12.0,1.0,1.0976496320418194,3.598102992955199
independent,previous_12h,43,12.0,1.0,1.1796925993906138,3.651418674966944
independent,previous_12h,44,12.0,1.0,1.246380027245797,3.722127662741559
independent,previous_12h,45,12.0,1.0,1.3259724644217874,3.7833911717610302
independent,previous_12h,46,12.0,1.0,1.432389973289916,3.882682551602956
independent,previous_12h,47,12.0,1.0,1.5334476583949819,3.971483382858687
independent,previous_12h,48,12.0,1.0,1.6307695758416063,4.0634011227903555
independent,previous_12h,49,12.0,1.0,1.7354928749981013,4.134232808519345
independent,previous_12h,50,12.0,1.0,1.8452588700462957,4.228948984683711
independent,previous_12h,51,12.0,1.0,1.9510846738148624,4.333069830770553
independent,previous_12h,52,12.0,1.0,2.0651852743616583,4.390308613612759
independent,previous_12h,53,12.0,1.0,2.1675784163770695,4.450919990021829
independent,previous_12h,54,12.0,1.0,2.2795478555666104,4.491966337236564
independent,previous_12h,55,12.0,1.0,2.390659283344676,4.535564943733528
independent,previous_12h,56,12.0,1.0,2.50685117854057,4.591594106359431
independent,previous_12h,57,12.0,1.0,2.6318272174699286,4.660354365027786
independent,previous_12h,58,12.0,1.0,2.758086519530245,4.715628424037344
independent,previous_12h,59,12.0,1.0,2.8893888155618885,4.757971981821152
independent,previous_12h,60,12.0,1.0,3.019812082696127,4.8094680167129145
independent,previous_12h,61,12.0,1.0,3.1569928329729713,4.863005755960814
independent,previous_12h,62,12.0,1.0,3.291943961934418,4.911452515259573
independent,previous_12h,63,12.0,1.0,3.4336272645131505,4.961694753286627
independent,previous_12h,64,12.0,1.0,3.5783776884414698,5.009877577459609
independent,previous_12h,65,12.0,1.0,3.728090869200562,5.0630394132123335
independent,previous_12h,66,12.0,1.0,3.8803877713665003,5.110171275213582
independent,previous_12h,67,12.0,1.0,4.040562063563846,5.208085556584163
independent,previous_12h,68,12.0,1.0,4.193306130196617,5.305864442293284
independent,previous_12h,69,12.0,1.0,4.354636555989866,5.406603846480751
independent,previous_12h,70,12.0,1.0,4.51929011952219,5.512899234844304
independent,previous_12h,71,12.0,1.0,4.689472537031092,5.61727339103737
independent,previous_12h,72,12.0,1.0,4.860508140862274,5.716835070630699
independent,previous_12h,73,12.0,1.0,5.033050144121609,5.815867121793317
independent,previous_12h,74,12.0,1.0,5.217860091453175,5.921327730188208
independent,previous_12h,75,12.0,1.0,5.407895477661473,6.026000506911777
independent,previous_12h,76,12.0,1.0,5.599044715053059,6.1329820324548034
independent,previous_12h,77,12.0,1.0,5.794350330609799,6.238484447053549
independent,previous_12h,78,12.0,1.0,5.98604935042768,6.337860211080293
independent,previous_12h,79,12.0,1.0,6.184881807552478,6.439612216201063
independent,previous_12h,80,12.0,1.0,6.386448785312404,6.54310211756739
independent,previous_12h,81,12.0,1.0,6.5904499353524715,6.642942228207538
independent,previous_12h,82,12.0,1.0,6.7993967850184855,6.743687922204056
independent,previous_12h,83,12.0,1.0,7.002598904882262,6.841979670942022
independent,previous_12h,84,12.0,1.0,7.21648307484688,6.943339808785742
independent,previous_12h,85,12.0,1.0,7.430964127113859,7.043237318915163
independent,previous_12h,86,12.0,1.0,7.647957757820945,7.1458765821114545
independent,previous_12h,87,12.0,1.0,7.869599503661284,7.249214339319421
independent,previous_12h,88,12.0,1.0,8.085490041719613,7.345261963479399
independent,previous_12h,89,12.0,1.0,8.31507728311658,7.445614297118008
independent,previous_12h,90,12.0,1.0,8.549543867759922,7.54353002102528
independent,previous_12h,91,12.0,1.0,8.784990534949944,7.643582044998554
independent,previous_12h,92,12.0,1.0,9.017039425244722,7.743686968265728
independent,previous_12h,93,12.0,1.0,9.242242119296652,7.839504559025601
independent,previous_12h,94,12.0,1.0,9.46795285429114,7.934278260415861
independent,previous_12h,95,12.0,1.0,9.687942134292872,8.028131993299814
independent,previous_12h,96,12.0,1.0,9.89798181529775,8.119637223922659
independent,previous_12h,97,12.0,1.0,10.088802484559366,8.209384363407857
independent,previous_12h,98,12.0,1.0,10.275591342675238,8.29863508192885
independent,previous_12h,99,12.0,1.0,10.451501350375757,8.389442313060979
independent,previous_12h,100,12.0,1.0,10.618805066913218,8.497682034918896
independent,previous_12h,20,12.0,5.0,0.7774193093720072,1.935772600693797
independent,previous_12h,21,12.0,5.0,0.8583937578407363,2.002559011631022
independent,previous_12h,22,12.0,5.0,0.8847011753574385,2.1261287149567876
independent,previous_12h,23,12.0,5.0,0.9449322107426328,2.2654926888127758
independent,previous_12h,24,12.0,5.0,0.904587306724669,2.23061482326552
independent,previous_12h,25,12.0,5.0,0.9252594924080704,2.3213148182156695
independent,previous_12h,26,12.0,5.0,0.9528698556329873,2.4478974309756873
independent,previous_12h,27,12.0,5.0,0.9641228090616849,2.5506598630983257
independent,previous_12h,28,12.0,5.0,0.93262164706025,2.624900691923937
independent,previous_12h,29,12.0,5.0,0.9218997887622926,2.6896834506128675
independent,previous_12h,30,12.0,5.0,0.9009669650880792,2.742465496292379
independent,previous_12h,31,12.0,5.0,0.8713868813398529,2.7957342065372037
independent,previous_12h,32,12.0,5.0,0.8578112336504962,2.860382880885748
independent,previous_12h,33,12.0,5.0,0.868331115803822,2.9149420680177007
independent,previous_12h,34,12.0,5.0,0.8708051937638128,2.9144452728118164
independent,previous_12h,35,12.0,5.0,0.8715056503366903,3.010928571479332
independent,previous_12h,36,12.0,5.0,0.8846023155898886,3.0947821898921424
independent,previous_12h,37,12.0,5.0,0.895460109528945,3.1521019230770886
independent,previous_12h,38,12.0,5.0,0.908977873708694,3.2575038788721145
independent,previous_12h,39,12.0,5.0,0.913012435477456,3.3630093741343625
independent,previous_12h,40,12.0,5.0,0.933907868580941,3.4315225395402438
independent,previous_12h,41,12.0,5.0,1.0058877195547433,3.5547899643207037
independent,previous_12h,42,12.0,5.0,1.0976496320417972,3.5981029929552433
independent,previous_12h,43,12.0,5.0,1.1796925993905916,3.6514186749669664
independent,previous_12h,44,12.0,5.0,1.2463800272458414,3.722127662741581
independent,previous_12h,45,12.0,5.0,1.3259724644217652,3.7833911717610524
independent,previous_12h,46,12.0,5.0,1.432389973289916,3.882682551602934
independent,previous_12h,47,12.0,5.0,1.5334476583950263,3.971483382858687
independent,previous_12h,48,12.0,5.0,1.630769575841584,4.063401122790333
independent,previous_12h,49,12.0,5.0,1.7354928749981013,4.1342328085193
independent,previous_12h,50,12.0,5.0,1.8452588700462957,4.228948984683734
independent,previous_12h,51,12.0,5.0,1.9510846738148846,4.333069830770575
independent,previous_12h,52,12.0,5.0,2.0651852743616805,4.390308613612759
independent,previous_12h,53,12.0,5.0,2.1675784163770473,4.450919990021807
independent,previous_12h,54,12.0,5.0,2.2795478555665882,4.491966337236586
independent,previous_12h,55,12.0,5.0,2.390659283344654,4.53556494373355
independent,previous_12h,56,12.0,5.0,2.5068511785405923,4.591594106359409
independent,previous_12h,57,12.0,5.0,2.6318272174699064,4.660354365027741
independent,previous_12h,58,12.0,5.0,2.7580865195302895,4.715628424037344
independent,previous_12h,59,12.0,5.0,2.8893888155619107,4.757971981821152
independent,previous_12h,60,12.0,5.0,3.0198120826961494,4.809468016712937
independent,previous_12h,61,12.0,5.0,3.156992832972949,4.863005755960836
independent,previous_12h,62,12.0,5.0,3.291943961934418,4.911452515259596
independent,previous_12h,63,12.0,5.0,3.4336272645131505,4.961694753286605
independent,previous_12h,64,12.0,5.0,3.5783776884414253,5.009877577459632
independent,previous_12h,65,12.0,5.0,3.7280908692005843,5.063039413212311
independent,previous_12h,66,12.0,5.0,3.8803877713665447,5.11017127521356
independent,previous_12h,67,12.0,5.0,4.040562063563824,5.208085556584208
independent,previous_12h,68,12.0,5.0,4.193306130196617,5.30586444229324
independent,previous_12h,69,12.0,5.0,4.354636555989888,5.406603846480773
independent,previous_12h,70,12.0,5.0,4.51929011952219,5.512899234844304
independent,previous_12h,71,12.0,5.0,4.689472537031092,5.617273391037392
independent,previous_12h,72,12.0,5.0,4.860508140862296,5.716835070630699
independent,previous_12h,73,12.0,5.0,5.033050144121609,5.815867121793339
independent,previous_12h,74,12.0,5.0,5.2178600914531525,5.9213277301882306
independent,previous_12h,75,12.0,5.0,5.407895477661473,6.0260005069117994
independent,previous_12h,76,12.0,5.0,5.599044715053059,6.132982032454781
independent,previous_12h,77,12.0,5.0,5.794350330609821,6.238484447053572
independent,previous_12h,78,12.0,5.0,5.98604935042768,6.337860211080315
independent,previous_12h,79,12.0,5.0,6.184881807552456,6.439612216201063
independent,previous_12h,80,12.0,5.0,6.386448785312382,6.54310211756739
independent,previous_12h,81,12.0,5.0,6.5904499353524715,6.64294222820756
independent,previous_12h,82,12.0,5.0,6.799396785018463,6.743687922204034
independent,previous_12h,83,12.0,5.0,7.002598904882262,6.841979670942022
independent,previous_12h,84,12.0,5.0,7.21648307484688,6.9433398087857645
independent,previous_12h,85,12.0,5.0,7.430964127113815,7.043237318915141
independent,previous_12h,86,12.0,5.0,7.6479577578209,7.1458765821114545
independent,previous_12h,87,12.0,5.0,7.869599503661262,7.249214339319421
independent,previous_12h,88,12.0,5.0,8.08549004171959,7.345261963479377
independent,previous_12h,89,12.0,5.0,8.315077283116556,7.445614297117964
independent,previous_12h,90,12.0,5.0,8.54954386775988,7.543530021025302
independent,previous_12h,91,12.0,5.0,8.784990534949944,7.643582044998554
independent,previous_12h,92,12.0,5.0,9.017039425244722,7.743686968265706
independent,previous_12h,93,12.0,5.0,9.242242119296652,7.839504559025623
independent,previous_12h,94,12.0,5.0,9.46795285429114,7.934278260415795
independent,previous_12h,95,12.0,5.0,9.687942134292848,8.02813199329977
independent,previous_12h,96,12.0,5.0,9.897981815297708,8.119637223922638
independent,previous_12h,97,12.0,5.0,10.088802484559345,8.209384363407812
independent,previous_12h,98,12.0,5.0,10.275591342675238,8.298635081928808
independent,previous_12h,99,12.0,5.0,10.451501350375715,8.389442313061025
independent,previous_12h,100,12.0,5.0,10.618805066913195,8.497682034918874
independent,previous_12h,20,12.0,12.0,0.7774193093720072,1.935772600693797
independent,previous_12h,21,12.0,12.0,0.8583937578407586,2.002559011631022
independent,previous_12h,22,12.0,12.0,0.8847011753574607,2.1261287149568098
independent,previous_12h,23,12.0,12.0,0.9449322107426328,2.2654926888127758
independent,previous_12h,24,12.0,12.0,0.904587306724669,2.23061482326552
independent,previous_12h,25,12.0,12.0,0.9252594924080482,2.3213148182156695
independent,previous_12h,26,12.0,12.0,0.9528698556330095,2.4478974309756873
independent,previous_12h,27,12.0,12.0,0.9641228090616849,2.550659863098348
independent,previous_12h,28,12.0,12.0,0.9326216470602278,2.6249006919238704
independent,previous_12h,29,12.0,12.0,0.9218997887623148,2.6896834506128897
independent,previous_12h,30,12.0,12.0,0.9009669650880792,2.742465496292379
independent,previous_12h,31,12.0,12.0,0.8713868813398529,2.7957342065372037
independent,previous_12h,32,12.0,12.0,0.8578112336505184,2.86038288088577
independent,previous_12h,33,12.0,12.0,0.8683311158037998,2.914942068017723
independent,previous_12h,34,12.0,12.0,0.8708051937638128,2.9144452728118164
independent,previous_12h,35,12.0,12.0,0.8715056503366458,3.0109285714792655
independent,previous_12h,36,12.0,12.0,0.8846023155898441,3.094782189892098
independent,previous_12h,37,12.0,12.0,0.895460109528945,3.152101923077111
independent,previous_12h,38,12.0,12.0,0.908977873708694,3.2575038788721367
independent,previous_12h,39,12.0,12.0,0.9130124354773894,3.3630093741343403
independent,previous_12h,40,12.0,12.0,0.9339078685809632,3.431522539540266
independent,previous_12h,41,12.0,12.0,1.0058877195547655,3.5547899643206815
independent,previous_12h,42,12.0,12.0,1.0976496320417972,3.5981029929552433
independent,previous_12h,43,12.0,12.0,1.1796925993905916,3.651418674966944
independent,previous_12h,44,12.0,12.0,1.2463800272458192,3.722127662741581
independent,previous_12h,45,12.0,12.0,1.3259724644217652,3.7833911717610524
independent,previous_12h,46,12.0,12.0,1.4323899732898715,3.882682551602956
independent,previous_12h,47,12.0,12.0,1.5334476583950263,3.9714833828587093
independent,previous_12h,48,12.0,12.0,1.630769575841562,4.0634011227904
independent,previous_12h,49,12.0,12.0,1.7354928749980791,4.1342328085193225
independent,previous_12h,50,12.0,12.0,1.8452588700462735,4.228948984683734
independent,previous_12h,51,12.0,12.0,1.9510846738148402,4.333069830770575
independent,previous_12h,52,12.0,12.0,2.0651852743616583,4.390308613612737
independent,previous_12h,53,12.0,12.0,2.1675784163770473,4.450919990021829
independent,previous_12h,54,12.0,12.0,2.279547855566566,4.491966337236608
independent,previous_12h,55,12.0,12.0,2.3906592833446316,4.53556494373355
independent,previous_12h,56,12.0,12.0,2.50685117854057,4.591594106359409
independent,previous_12h,57,12.0,12.0,2.6318272174699064,4.6603543650277635
independent,previous_12h,58,12.0,12.0,2.7580865195302673,4.715628424037321
independent,previous_12h,59,12.0,12.0,2.8893888155618885,4.757971981821174
independent,previous_12h,60,12.0,12.0,3.0198120826961494,4.8094680167129145
independent,previous_12h,61,12.0,12.0,3.156992832972949,4.863005755960792
independent,previous_12h,62,12.0,12.0,3.2919439619344404,4.911452515259573
independent,previous_12h,63,12.0,12.0,3.4336272645131505,4.961694753286627
independent,previous_12h,64,12.0,12.0,3.5783776884414253,5.009877577459632
independent,previous_12h,65,12.0,12.0,3.72809086920054,5.063039413212311
independent,previous_12h,66,12.0,12.0,3.8803877713665225,5.11017127521356
independent,previous_12h,67,12.0,12.0,4.040562063563824,5.2080855565841855
independent,previous_12h,68,12.0,12.0,4.193306130196595,5.30586444229324
independent,previous_12h,69,12.0,12.0,4.354636555989866,5.406603846480729
independent,previous_12h,70,12.0,12.0,4.519290119522168,5.512899234844326
independent,previous_12h,71,12.0,12.0,4.689472537031092,5.61727339103737
independent,previous_12h,72,12.0,12.0,4.860508140862296,5.716835070630699
independent,previous_12h,73,12.0,12.0,5.033050144121631,5.815867121793339
independent,previous_12h,74,12.0,12.0,5.217860091453175,5.9213277301882306
independent,previous_12h,75,12.0,12.0,5.407895477661473,6.026000506911777
independent,previous_12h,76,12.0,12.0,5.599044715053059,6.132982032454781
independent,previous_12h,77,12.0,12.0,5.794350330609821,6.238484447053527
independent,previous_12h,78,12.0,12.0,5.98604935042768,6.337860211080293
independent,previous_12h,79,12.0,12.0,6.184881807552456,6.439612216201085
independent,previous_12h,80,12.0,12.0,6.386448785312382,6.543102117567412
independent,previous_12h,81,12.0,12.0,6.590449935352449,6.64294222820756
independent,previous_12h,82,12.0,12.0,6.799396785018463,6.743687922203989
independent,previous_12h,83,12.0,12.0,7.002598904882262,6.841979670942022
independent,previous_12h,84,12.0,12.0,7.216483074846858,6.943339808785742
independent,previous_12h,85,12.0,12.0,7.430964127113793,7.043237318915185
independent,previous_12h,86,12.0,12.0,7.6479577578209,7.145876582111432
independent,previous_12h,87,12.0,12.0,7.869599503661262,7.249214339319421
independent,previous_12h,88,12.0,12.0,8.08549004171959,7.345261963479399
independent,previous_12h,89,12.0,12.0,8.315077283116556,7.445614297117986
independent,previous_12h,90,12.0,12.0,8.54954386775988,7.54353002102528
independent,previous_12h,91,12.0,12.0,8.784990534949944,7.643582044998531
independent,previous_12h,92,12.0,12.0,9.017039425244677,7.743686968265684
independent,previous_12h,93,12.0,12.0,9.242242119296652,7.839504559025601
independent,previous_12h,94,12.0,12.0,9.46795285429114,7.934278260415817
independent,previous_12h,95,12.0,12.0,9.687942134292848,8.028131993299791
independent,previous_12h,96,12.0,12.0,9.89798181529773,8.119637223922593
independent,previous_12h,97,12.0,12.0,10.088802484559366,8.209384363407812
independent,previous_12h,98,12.0,12.0,10.275591342675217,8.298635081928808
independent,previous_12h,99,12.0,12.0,10.451501350375736,8.389442313061002
independent,previous_12h,100,12.0,12.0,10.618805066913218,8.497682034918874
independent,previous_12h,20,24.0,1.0,0.7774193093720072,1.9357726006938192
independent,previous_12h,21,24.0,1.0,0.8583937578407141,2.0025590116309777
independent,previous_12h,22,24.0,1.0,0.8847011753574607,2.1261287149568098
independent,previous_12h,23,24.0,1.0,0.9449322107426328,2.265492688812798
independent,previous_12h,24,24.0,1.0,0.904587306724669,2.23061482326552
independent,previous_12h,25,24.0,1.0,0.925259492408026,2.3213148182156473
independent,previous_12h,26,24.0,1.0,0.9528698556330095,2.4478974309757318
independent,previous_12h,27,24.0,1.0,0.9641228090616627,2.550659863098348
independent,previous_12h,28,24.0,1.0,0.9326216470602278,2.624900691923915
independent,previous_12h,29,24.0,1.0,0.9218997887622926,2.6896834506128675
independent,previous_12h,30,24.0,1.0,0.9009669650881014,2.742465496292379
independent,previous_12h,31,24.0,1.0,0.8713868813398751,2.795734206537248
independent,previous_12h,32,24.0,1.0,0.8578112336504962,2.8603828808857257
independent,previous_12h,33,24.0,1.0,0.8683311158037998,2.914942068017723
independent,previous_12h,34,24.0,1.0,0.8708051937638128,2.9144452728118164
independent,previous_12h,35,24.0,1.0,0.8715056503366236,3.01092857147931
independent,previous_12h,36,24.0,1.0,0.8846023155898664,3.09478218989212
independent,previous_12h,37,24.0,1.0,0.895460109528945,3.1521019230770886
independent,previous_12h,38,24.0,1.0,0.908977873708694,3.2575038788721145
independent,previous_12h,39,24.0,1.0,0.9130124354774338,3.3630093741343625
independent,previous_12h,40,24.0,1.0,0.9339078685809632,3.4315225395402438
independent,previous_12h,41,24.0,1.0,1.0058877195547877,3.5547899643206815
independent,previous_12h,42,24.0,1.0,1.0976496320418416,3.5981029929552433
independent,previous_12h,43,24.0,1.0,1.1796925993905916,3.651418674966922
independent,previous_12h,44,24.0,1.0,1.2463800272458192,3.722127662741581
independent,previous_12h,45,24.0,1.0,1.3259724644217874,3.7833911717610302
independent,previous_12h,46,24.0,1.0,1.4323899732898715,3.882682551602956
independent,previous_12h,47,24.0,1.0,1.533447658395004,3.971483382858687
independent,previous_12h,48,24.0,1.0,1.630769575841562,4.063401122790378
independent,previous_12h,49,24.0,1.0,1.7354928749981013,4.1342328085193225
independent,previous_12h,50,24.0,1.0,1.8452588700462957,4.228948984683756
independent,previous_12h,51,24.0,1.0,1.9510846738148624,4.333069830770531
independent,previous_12h,52,24.0,1.0,2.0651852743616805,4.390308613612759
independent,previous_12h,53,24.0,1.0,2.1675784163770473,4.450919990021851
independent,previous_12h,54,24.0,1.0,2.2795478555665882,4.491966337236608
independent,previous_12h,55,24.0,1.0,2.390659283344676,4.53556494373355
independent,previous_12h,56,24.0,1.0,2.50685117854057,4.591594106359431
independent,previous_12h,57,24.0,1.0,2.6318272174699064,4.6603543650277635
independent,previous_12h,58,24.0,1.0,2.7580865195302673,4.715628424037366
independent,previous_12h,59,24.0,1.0,2.8893888155618885,4.757971981821152
independent,previous_12h,60,24.0,1.0,3.0198120826961716,4.809468016712937
independent,previous_12h,61,24.0,1.0,3.156992832972949,4.863005755960836
independent,previous_12h,62,24.0,1.0,3.291943961934418,4.911452515259573
independent,previous_12h,63,24.0,1.0,3.433627264513106,4.961694753286605
independent,previous_12h,64,24.0,1.0,3.5783776884414253,5.009877577459632
independent,previous_12h,65,24.0,1.0,3.72809086920054,5.063039413212311
independent,previous_12h,66,24.0,1.0,3.8803877713665003,5.110171275213582
independent,previous_12h,67,24.0,1.0,4.040562063563802,5.2080855565841855
independent,previous_12h,68,24.0,1.0,4.193306130196617,5.305864442293262
independent,previous_12h,69,24.0,1.0,4.354636555989888,5.406603846480751
independent,previous_12h,70,24.0,1.0,4.519290119522168,5.512899234844326
independent,previous_12h,71,24.0,1.0,4.68947253703107,5.617273391037392
independent,previous_12h,72,24.0,1.0,4.860508140862274,5.716835070630677
independent,previous_12h,73,24.0,1.0,5.033050144121631,5.815867121793361
independent,previous_12h,74,24.0,1.0,5.217860091453175,5.921327730188208
independent,previous_12h,75,24.0,1.0,5.407895477661473,6.026000506911777
independent,previous_12h,76,24.0,1.0,5.5990447150530365,6.132982032454781
independent,previous_12h,77,24.0,1.0,5.794350330609821,6.238484447053527
independent,previous_12h,78,24.0,1.0,5.986049350427702,6.337860211080293
independent,previous_12h,79,24.0,1.0,6.184881807552478,6.439612216201063
independent,previous_12h,80,24.0,1.0,6.386448785312426,6.543102117567412
independent,previous_12h,81,24.0,1.0,6.5904499353524715,6.64294222820756
independent,previous_12h,82,24.0,1.0,6.799396785018508,6.743687922204056
independent,previous_12h,83,24.0,1.0,7.0025989048822845,6.841979670942
independent,previous_12h,84,24.0,1.0,7.21648307484688,6.943339808785742
independent,previous_12h,85,24.0,1.0,7.430964127113859,7.043237318915141
independent,previous_12h,86,24.0,1.0,7.647957757820922,7.145876582111432
independent,previous_12h,87,24.0,1.0,7.869599503661262,7.249214339319421
independent,previous_12h,88,24.0,1.0,8.08549004171959,7.345261963479399
independent,previous_12h,89,24.0,1.0,8.31507728311658,7.445614297117986
independent,previous_12h,90,24.0,1.0,8.549543867759901,7.54353002102528
independent,previous_12h,91,24.0,1.0,8.784990534949944,7.643582044998554
independent,previous_12h,92,24.0,1.0,9.017039425244722,7.743686968265684
independent,previous_12h,93,24.0,1.0,9.242242119296629,7.8395045590255785
independent,previous_12h,94,24.0,1.0,9.467952854291116,7.934278260415817
independent,previous_12h,95,24.0,1.0,9.687942134292825,8.028131993299791
independent,previous_12h,96,24.0,1.0,9.89798181529775,8.119637223922616
independent,previous_12h,97,24.0,1.0,10.088802484559412,8.209384363407835
independent,previous_12h,98,24.0,1.0,10.275591342675261,8.298635081928808
independent,previous_12h,99,24.0,1.0,10.451501350375757,8.389442313060979
independent,previous_12h,100,24.0,1.0,10.618805066913195,8.497682034918853
independent,previous_12h,20,24.0,5.0,0.7774193093720072,1.9357726006938192
independent,previous_12h,21,24.0,5.0,0.8583937578407363,2.002559011631
independent,previous_12h,22,24.0,5.0,0.8847011753574607,2.1261287149567876
independent,previous_12h,23,24.0,5.0,0.9449322107426328,2.2654926888127758
independent,previous_12h,24,24.0,5.0,0.904587306724669,2.23061482326552
independent,previous_12h,25,24.0,5.0,0.9252594924080482,2.3213148182156473
independent,previous_12h,26,24.0,5.0,0.9528698556330095,2.4478974309756873
independent,previous_12h,27,24.0,5.0,0.9641228090616849,2.550659863098348
independent,previous_12h,28,24.0,5.0,0.93262164706025,2.624900691923915
independent,previous_12h,29,24.0,5.0,0.9218997887622926,2.6896834506128675
independent,previous_12h,30,24.0,5.0,0.9009669650880792,2.742465496292401
independent,previous_12h,31,24.0,5.0,0.8713868813398751,2.795734206537226
independent,previous_12h,32,24.0,5.0,0.8578112336505184,2.860382880885748
independent,previous_12h,33,24.0,5.0,0.8683311158037998,2.9149420680176785
independent,previous_12h,34,24.0,5.0,0.8708051937638128,2.914445272811794
independent,previous_12h,35,24.0,5.0,0.8715056503366903,3.01092857147931
independent,previous_12h,36,24.0,5.0,0.8846023155898441,3.0947821898920758
independent,previous_12h,37,24.0,5.0,0.895460109528945,3.1521019230770886
independent,previous_12h,38,24.0,5.0,0.908977873708694,3.2575038788721145
independent,previous_12h,39,24.0,5.0,0.9130124354774116,3.3630093741343403
independent,previous_12h,40,24.0,5.0,0.9339078685809632,3.431522539540266
independent,previous_12h,41,24.0,5.0,1.0058877195547655,3.554789964320726
independent,previous_12h,42,24.0,5.0,1.0976496320418194,3.598102992955221
independent,previous_12h,43,24.0,5.0,1.1796925993905916,3.6514186749669664
independent,previous_12h,44,24.0,5.0,1.2463800272458192,3.7221276627416033
independent,previous_12h,45,24.0,5.0,1.3259724644217874,3.7833911717610524
independent,previous_12h,46,24.0,5.0,1.4323899732898715,3.8826825516028896
independent,previous_12h,47,24.0,5.0,1.533447658395004,3.971483382858665
independent,previous_12h,48,24.0,5.0,1.630769575841584,4.063401122790378
independent,previous_12h,49,24.0,5.0,1.7354928749980791,4.1342328085193
independent,previous_12h,50,24.0,5.0,1.8452588700462957,4.228948984683756
independent,previous_12h,51,24.0,5.0,1.9510846738148846,4.333069830770575
independent,previous_12h,52,24.0,5.0,2.0651852743616805,4.390308613612759
independent,previous_12h,53,24.0,5.0,2.1675784163770695,4.450919990021829
independent,previous_12h,54,24.0,5.0,2.2795478555665882,4.491966337236608
independent,previous_12h,55,24.0,5.0,2.390659283344676,4.53556494373355
independent,previous_12h,56,24.0,5.0,2.50685117854057,4.591594106359431
independent,previous_12h,57,24.0,5.0,2.6318272174699064,4.660354365027786
independent,previous_12h,58,24.0,5.0,2.7580865195302895,4.715628424037366
independent,previous_12h,59,24.0,5.0,2.8893888155619107,4.757971981821152
independent,previous_12h,60,24.0,5.0,3.0198120826961494,4.809468016712981
independent,previous_12h,61,24.0,5.0,3.156992832972949,4.863005755960792
independent,previous_12h,62,24.0,5.0,3.291943961934418,4.911452515259573
independent,previous_12h,63,24.0,5.0,3.4336272645131283,4.961694753286583
independent,previous_12h,64,24.0,5.0,3.5783776884414475,5.009877577459654
independent,previous_12h,65,24.0,5.0,3.728090869200562,5.0630394132123335
independent,previous_12h,66,24.0,5.0,3.8803877713665225,5.11017127521356
independent,previous_12h,67,24.0,5.0,4.040562063563846,5.208085556584208
independent,previous_12h,68,24.0,5.0,4.193306130196595,5.30586444229324
independent,previous_12h,69,24.0,5.0,4.3546365559899325,5.406603846480751
independent,previous_12h,70,24.0,5.0,4.51929011952219,5.512899234844282
independent,previous_12h,71,24.0,5.0,4.68947253703107,5.61727339103737
independent,previous_12h,72,24.0,5.0,4.8605081408623185,5.716835070630721
independent,previous_12h,73,24.0,5.0,5.033050144121631,5.815867121793317
independent,previous_12h,74,24.0,5.0,5.2178600914531525,5.921327730188208
independent,previous_12h,75,24.0,5.0,5.407895477661451,6.026000506911777
independent,previous_12h,76,24.0,5.0,5.599044715053059,6.132982032454759
independent,previous_12h,77,24.0,5.0,5.794350330609821,6.238484447053549
independent,previous_12h,78,24.0,5.0,5.986049350427702,6.337860211080293
independent,previous_12h,79,24.0,5.0,6.184881807552478,6.439612216201085
independent,previous_12h,80,24.0,5.0,6.386448785312382,6.543102117567412
independent,previous_12h,81,24.0,5.0,6.590449935352494,6.64294222820756
independent,previous_12h,82,24.0,5.0,6.799396785018508,6.743687922204011
independent,previous_12h,83,24.0,5.0,7.00259890488224,6.841979670941978
independent,previous_12h,84,24.0,5.0,7.216483074846858,6.943339808785742
independent,previous_12h,85,24.0,5.0,7.430964127113837,7.0432373189152075
independent,previous_12h,86,24.0,5.0,7.647957757820922,7.1458765821114545
independent,previous_12h,87,24.0,5.0,7.869599503661284,7.249214339319443
independent,previous_12h,88,24.0,5.0,8.085490041719613,7.345261963479399
independent,previous_12h,89,24.0,5.0,8.31507728311658,7.445614297117986
independent,previous_12h,90,24.0,5.0,8.549543867759901,7.54353002102528
independent,previous_12h,91,24.0,5.0,8.784990534949944,7.643582044998554
independent,previous_12h,92,24.0,5.0,9.017039425244722,7.743686968265706
independent,previous_12h,93,24.0,5.0,9.242242119296673,7.839504559025601
independent,previous_12h,94,24.0,5.0,9.46795285429114,7.934278260415795
independent,previous_12h,95,24.0,5.0,9.687942134292848,8.02813199329977
independent,previous_12h,96,24.0,5.0,9.89798181529775,8.119637223922638
independent,previous_12h,97,24.0,5.0,10.08880248455939,8.209384363407812
independent,previous_12h,98,24.0,5.0,10.275591342675238,8.298635081928829
independent,previous_12h,99,24.0,5.0,10.451501350375757,8.389442313061002
independent,previous_12h,100,24.0,5.0,10.618805066913218,8.497682034918874
independent,previous_12h,20,24.0,12.0,0.777419309371985,1.9357726006938192
independent,previous_12h,21,24.0,12.0,0.8583937578407363,2.002559011631
independent,previous_12h,22,24.0,12.0,0.8847011753574385,2.1261287149567876
independent,previous_12h,23,24.0,12.0,0.9449322107426328,2.2654926888127758
independent,previous_12h,24,24.0,12.0,0.904587306724669,2.23061482326552
independent,previous_12h,25,24.0,12.0,0.9252594924080482,2.3213148182156695
independent,previous_12h,26,24.0,12.0,0.9528698556329873,2.4478974309756873
independent,previous_12h,27,24.0,12.0,0.9641228090616627,2.5506598630983257
independent,previous_12h,28,24.0,12.0,0.9326216470602278,2.6249006919238926
independent,previous_12h,29,24.0,12.0,0.9218997887622926,2.6896834506128675
independent,previous_12h,30,24.0,12.0,0.9009669650880792,2.742465496292401
independent,previous_12h,31,24.0,12.0,0.8713868813398529,2.7957342065372037
independent,previous_12h,32,24.0,12.0,0.8578112336505184,2.86038288088577
independent,previous_12h,33,24.0,12.0,0.8683311158037998,2.914942068017723
independent,previous_12h,34,24.0,12.0,0.8708051937638128,2.914445272811794
independent,previous_12h,35,24.0,12.0,0.8715056503366236,3.0109285714792877
independent,previous_12h,36,24.0,12.0,0.8846023155898886,3.09478218989212
independent,previous_12h,37,24.0,12.0,0.8954601095289672,3.1521019230770886
independent,previous_12h,38,24.0,12.0,0.908977873708694,3.2575038788721145
independent,previous_12h,39,24.0,12.0,0.9130124354774338,3.3630093741343403
independent,previous_12h,40,24.0,12.0,0.9339078685809632,3.4315225395402438
independent,previous_12h,41,24.0,12.0,1.0058877195547655,3.5547899643207037
independent,previous_12h,42,24.0,12.0,1.0976496320418416,3.5981029929552433
independent,previous_12h,43,24.0,12.0,1.1796925993906138,3.6514186749669886
independent,previous_12h,44,24.0,12.0,1.2463800272458192,3.722127662741559
independent,previous_12h,45,24.0,12.0,1.325972464421743,3.7833911717610524
independent,previous_12h,46,24.0,12.0,1.4323899732898715,3.8826825516029118
independent,previous_12h,47,24.0,12.0,1.533447658395004,3.971483382858687
independent,previous_12h,48,24.0,12.0,1.630769575841584,4.0634011227903555
independent,previous_12h,49,24.0,12.0,1.7354928749980791,4.1342328085193225
independent,previous_12h,50,24.0,12.0,1.8452588700462957,4.228948984683711
independent,previous_12h,51,24.0,12.0,1.9510846738148402,4.333069830770553
independent,previous_12h,52,24.0,12.0,2.0651852743616805,4.390308613612781
independent,previous_12h,53,24.0,12.0,2.1675784163770695,4.450919990021807
independent,previous_12h,54,24.0,12.0,2.2795478555666104,4.491966337236586
independent,previous_12h,55,24.0,12.0,2.390659283344676,4.535564943733528
independent,previous_12h,56,24.0,12.0,2.506851178540548,4.591594106359409
independent,previous_12h,57,24.0,12.0,2.6318272174699286,4.660354365027786
independent,previous_12h,58,24.0,12.0,2.7580865195302673,4.715628424037321
independent,previous_12h,59,24.0,12.0,2.8893888155618885,4.757971981821152
independent,previous_12h,60,24.0,12.0,3.0198120826961716,4.809468016712959
independent,previous_12h,61,24.0,12.0,3.1569928329729713,4.863005755960792
independent,previous_12h,62,24.0,12.0,3.291943961934418,4.911452515259551
independent,previous_12h,63,24.0,12.0,3.4336272645131505,4.961694753286627
independent,previous_12h,64,24.0,12.0,3.5783776884414475,5.009877577459632
independent,previous_12h,65,24.0,12.0,3.728090869200562,5.063039413212311
independent,previous_12h,66,24.0,12.0,3.8803877713665447,5.11017127521356
independent,previous_12h,67,24.0,12.0,4.040562063563824,5.2080855565841855
independent,previous_12h,68,24.0,12.0,4.193306130196617,5.30586444229324
independent,previous_12h,69,24.0,12.0,4.354636555989888,5.406603846480729
independent,previous_12h,70,24.0,12.0,4.51929011952219,5.512899234844282
independent,previous_12h,71,24.0,12.0,4.689472537031114,5.61727339103737
independent,previous_12h,72,24.0,12.0,4.860508140862274,5.716835070630677
independent,previous_12h,73,24.0,12.0,5.033050144121631,5.815867121793361
independent,previous_12h,74,24.0,12.0,5.217860091453175,5.921327730188208
independent,previous_12h,75,24.0,12.0,5.407895477661473,6.0260005069117994
independent,previous_12h,76,24.0,12.0,5.599044715053081,6.132982032454781
independent,previous_12h,77,24.0,12.0,5.794350330609821,6.238484447053527
independent,previous_12h,78,24.0,12.0,5.98604935042768,6.337860211080315
independent,previous_12h,79,24.0,12.0,6.184881807552456,6.4396122162010405
independent,previous_12h,80,24.0,12.0,6.386448785312404,6.543102117567434
independent,previous_12h,81,24.0,12.0,6.5904499353524715,6.642942228207538
independent,previous_12h,82,24.0,12.0,6.799396785018508,6.743687922204034
independent,previous_12h,83,24.0,12.0,7.002598904882262,6.841979670941978
independent,previous_12h,84,24.0,12.0,7.21648307484688,6.9433398087857645
independent,previous_12h,85,24.0,12.0,7.4309641271138815,7.043237318915163
independent,previous_12h,86,24.0,12.0,7.647957757820922,7.145876582111432
independent,previous_12h,87,24.0,12.0,7.869599503661262,7.249214339319399
independent,previous_12h,88,24.0,12.0,8.085490041719613,7.345261963479355
independent,previous_12h,89,24.0,12.0,8.31507728311658,7.4456142971179196
independent,previous_12h,90,24.0,12.0,8.549543867759901,7.543530021025258
independent,previous_12h,91,24.0,12.0,8.784990534949944,7.643582044998509
independent,previous_12h,92,24.0,12.0,9.0170394252447,7.743686968265662
independent,previous_12h,93,24.0,12.0,9.242242119296629,7.839504559025556
independent,previous_12h,94,24.0,12.0,9.467952854291116,7.934278260415839
independent,previous_12h,95,24.0,12.0,9.687942134292825,8.02813199329977
independent,previous_12h,96,24.0,12.0,9.89798181529775,8.119637223922638
independent,previous_12h,97,24.0,12.0,10.088802484559366,8.209384363407835
independent,previous_12h,98,24.0,12.0,10.275591342675217,8.298635081928808
independent,previous_12h,99,24.0,12.0,10.451501350375715,8.389442313060979
independent,previous_12h,100,24.0,12.0,10.618805066913218,8.497682034918853
independent,linear_10h,20,4.0,1.0,0.7666523197771724,1.9393677700510592
independent,linear_10h,21,4.0,1.0,0.84616588097437,1.9901924183790332
independent,linear_10h,22,4.0,1.0,0.8709279781307977,2.129040060788623
independent,linear_10h,23,4.0,1.0,0.9299775447469516,2.250342386043225
independent,linear_10h,24,4.0,1.0,0.8882857928419474,2.2411628656104243
independent,linear_10h,25,4.0,1.0,0.908328230504929,2.322443741799196
independent,linear_10h,26,4.0,1.0,0.9475315065540668,2.4696770415050695
independent,linear_10h,27,4.0,1.0,0.9582951221921876,2.6102016295517894
independent,linear_10h,28,4.0,1.0,0.9262262882146377,2.62456320104123
independent,linear_10h,29,4.0,1.0,0.9209883859586876,2.688756083355681
independent,linear_10h,30,4.0,1.0,0.8993292768368244,2.74079791932349
independent,linear_10h,31,4.0,1.0,0.8691066606169029,2.7934104855037667
independent,linear_10h,32,4.0,1.0,0.8549838857547343,2.8574993948816463
independent,linear_10h,33,4.0,1.0,0.8599672335823483,2.9115211114217665
independent,linear_10h,34,4.0,1.0,0.8619500679442726,2.910366547454757
independent,linear_10h,35,4.0,1.0,0.8622939835838173,3.0064404185788707
independent,linear_10h,36,4.0,1.0,0.8751916279555072,3.089827958489799
independent,linear_10h,37,4.0,1.0,0.8858249228102411,3.1467018911564004
independent,linear_10h,38,4.0,1.0,0.8991793255788361,3.2517867072819007
independent,linear_10h,39,4.0,1.0,0.9030653435294633,3.3568978643991665
independent,linear_10h,40,4.0,1.0,0.8900560869591345,3.4250650996476173
independent,linear_10h,41,4.0,1.0,0.8991811720408194,3.5481456273963374
independent,linear_10h,42,4.0,1.0,0.9167079897461239,3.5910997139174006
independent,linear_10h,43,4.0,1.0,1.0099179507364164,3.644036881320134
independent,linear_10h,44,4.0,1.0,1.0760632272116322,3.7142688130039847
independent,linear_10h,45,4.0,1.0,1.127450736525848,3.7753993981419987
independent,linear_10h,46,4.0,1.0,1.1755715617321139,3.8747019228811297
independent,linear_10h,47,4.0,1.0,1.237759316635767,3.9635599606703487
independent,linear_10h,48,4.0,1.0,1.2873074852494115,4.055543407528006
independent,linear_10h,49,4.0,1.0,1.3231969794253562,4.126324347423527
independent,linear_10h,50,4.0,1.0,1.3568872309623004,4.220946282399041
independent,linear_10h,51,4.0,1.0,1.3925371738022108,4.3250878940692905
independent,linear_10h,52,4.0,1.0,1.4255932645887537,4.382299212726681
independent,linear_10h,53,4.0,1.0,1.4613567508458436,4.442669092741447
independent,linear_10h,54,4.0,1.0,1.4982795074263366,4.483377744212724
independent,linear_10h,55,4.0,1.0,1.5269964983263495,4.52648815194856
independent,linear_10h,56,4.0,1.0,1.5537080554599791,4.582062914598195
independent,linear_10h,57,4.0,1.0,1.5704069137052246,4.650084586477199
independent,linear_10h,58,4.0,1.0,1.5826807493595885,4.70454531689557
independent,linear_10h,59,4.0,1.0,1.5938700356629587,4.7460531047833765
independent,linear_10h,60,4.0,1.0,1.6035176909613202,4.7966097586690015
independent,linear_10h,61,4.0,1.0,1.6671146156965078,4.8491104798516815
independent,linear_10h,62,4.0,1.0,1.7394452360309787,4.896594370776897
independent,linear_10h,63,4.0,1.0,1.8153595243516563,4.945757896068437
independent,linear_10h,64,4.0,1.0,1.8931516782010105,4.992800004674947
independent,linear_10h,65,4.0,1.0,1.9740423436881205,5.044839514109345
independent,linear_10h,66,4.0,1.0,2.0561052828071524,5.098619360439383
independent,linear_10h,67,4.0,1.0,2.1448825764573964,5.196256038665248
independent,linear_10h,68,4.0,1.0,2.2277928428347415,5.2937603646989295
independent,linear_10h,69,4.0,1.0,2.316476077023255,5.394210451941639
independent,linear_10h,70,4.0,1.0,2.4066254579721225,5.500286307712576
independent,linear_10h,71,4.0,1.0,2.5012413105511833,5.604369506320261
independent,linear_10h,72,4.0,1.0,2.594941118498051,5.703482164045082
independent,linear_10h,73,4.0,1.0,2.6913455536100583,5.802111573795488
independent,linear_10h,74,4.0,1.0,2.7940528945375354,5.90719623012419
independent,linear_10h,75,4.0,1.0,2.900796399065131,6.011452306464515
independent,linear_10h,76,4.0,1.0,3.007744457978867,6.117944286377797
independent,linear_10h,77,4.0,1.0,3.1176255061033276,6.2229755487432925
independent,linear_10h,78,4.0,1.0,3.2264141625914844,6.321846346098758
independent,linear_10h,79,4.0,1.0,3.3389918903082627,6.4230761186115926
independent,linear_10h,80,4.0,1.0,3.4531401929239314,6.526083224848178
independent,linear_10h,81,4.0,1.0,3.569103169970256,6.6253059840567285
independent,linear_10h,82,4.0,1.0,3.6889853723549804,6.725442618339628
independent,linear_10h,83,4.0,1.0,3.8053296882633036,6.823140968959507
independent,linear_10h,84,4.0,1.0,3.9290638348857154,6.923916403561803
independent,linear_10h,85,4.0,1.0,4.052308809573324,7.0231141614159664
independent,linear_10h,86,4.0,1.0,4.177660054246313,7.125059095785624
independent,linear_10h,87,4.0,1.0,4.306705071334771,7.227757739323293
independent,linear_10h,88,4.0,1.0,4.432457544435442,7.323038869591669
independent,linear_10h,89,4.0,1.0,4.566713368237041,7.422501741198118
independent,linear_10h,90,4.0,1.0,4.704527769438638,7.51956589742977
independent,linear_10h,91,4.0,1.0,4.84353659499448,7.618622575616207
independent,linear_10h,92,4.0,1.0,4.980650433398548,7.717832985548889
independent,linear_10h,93,4.0,1.0,5.113795695595402,7.812759012103143
independent,linear_10h,94,4.0,1.0,5.247315268975261,7.9065265513355465
independent,linear_10h,95,4.0,1.0,5.3777561358342885,7.999538153359653
independent,linear_10h,96,4.0,1.0,5.5024878179334324,8.090245121836691
independent,linear_10h,97,4.0,1.0,5.615023196684854,8.179465076642156
independent,linear_10h,98,4.0,1.0,5.725851299441476,8.268289588763732
independent,linear_10h,99,4.0,1.0,5.829945133659908,8.35500019498767
independent,linear_10h,100,4.0,1.0,5.929580041507299,8.44328912766661
independent,linear_10h,20,4.0,5.0,0.7666523197771724,1.9393677700510592
independent,linear_10h,21,4.0,5.0,0.84616588097437,1.9901924183790332
independent,linear_10h,22,4.0,5.0,0.8709279781307755,2.1290400607886006
independent,linear_10h,23,4.0,5.0,0.9299775447469516,2.250342386043225
independent,linear_10h,24,4.0,5.0,0.8882857928419252,2.24116286561038
independent,linear_10h,25,4.0,5.0,0.9083282305049512,2.322443741799196
independent,linear_10h,26,4.0,5.0,0.9475315065540668,2.4696770415050917
independent,linear_10h,27,4.0,5.0,0.9582951221921432,2.610201629551767
independent,linear_10h,28,4.0,5.0,0.9262262882146599,2.62456320104123
independent,linear_10h,29,4.0,5.0,0.9209883859586876,2.688756083355681
independent,linear_10h,30,4.0,5.0,0.8993292768368022,2.7407979193234677
independent,linear_10h,31,4.0,5.0,0.8691066606169473,2.793410485503811
independent,linear_10h,32,4.0,5.0,0.8549838857547343,2.8574993948816463
independent,linear_10h,33,4.0,5.0,0.8599672335823705,2.9115211114217665
independent,linear_10h,34,4.0,5.0,0.8619500679442504,2.910366547454757
independent,linear_10h,35,4.0,5.0,0.8622939835838617,3.0064404185788707
independent,linear_10h,36,4.0,5.0,0.8751916279555072,3.089827958489777
independent,linear_10h,37,4.0,5.0,0.8858249228102411,3.1467018911564004
independent,linear_10h,38,4.0,5.0,0.8991793255788361,3.2517867072818785
independent,linear_10h,39,4.0,5.0,0.9030653435294189,3.3568978643991665
independent,linear_10h,40,4.0,5.0,0.8900560869591123,3.4250650996476173
independent,linear_10h,41,4.0,5.0,0.8991811720407972,3.5481456273963596
independent,linear_10h,42,4.0,5.0,0.9167079897461239,3.5910997139174006
independent,linear_10h,43,4.0,5.0,1.0099179507363942,3.6440368813201562
independent,linear_10h,44,4.0,5.0,1.07606322721161,3.7142688130039847
independent,linear_10h,45,4.0,5.0,1.127450736525848,3.775399398142021
independent,linear_10h,46,4.0,5.0,1.1755715617320917,3.8747019228811075
independent,linear_10h,47,4.0,5.0,1.2377593166357448,3.9635599606703265
independent,linear_10h,48,4.0,5.0,1.2873074852494115,4.055543407528028
independent,linear_10h,49,4.0,5.0,1.323196979425334,4.126324347423527
independent,linear_10h,50,4.0,5.0,1.3568872309622781,4.220946282399085
independent,linear_10h,51,4.0,5.0,1.3925371738021664,4.325087894069268
independent,linear_10h,52,4.0,5.0,1.4255932645887315,4.382299212726659
independent,linear_10h,53,4.0,5.0,1.4613567508458436,4.442669092741447
independent,linear_10h,54,4.0,5.0,1.4982795074263588,4.483377744212791
independent,linear_10h,55,4.0,5.0,1.5269964983263495,4.526488151948582
independent,linear_10h,56,4.0,5.0,1.5537080554599791,4.582062914598151
independent,linear_10h,57,4.0,5.0,1.5704069137052246,4.650084586477221
independent,linear_10h,58,4.0,5.0,1.5826807493596107,4.704545316895548
independent,linear_10h,59,4.0,5.0,1.5938700356629143,4.7460531047833765
independent,linear_10h,60,4.0,5.0,1.6035176909613202,4.796609758669024
independent,linear_10h,61,4.0,5.0,1.6671146156965078,4.849110479851704
independent,linear_10h,62,4.0,5.0,1.7394452360309565,4.896594370776874
independent,linear_10h,63,4.0,5.0,1.815359524351634,4.945757896068392
independent,linear_10h,64,4.0,5.0,1.8931516782010327,4.992800004674991
independent,linear_10h,65,4.0,5.0,1.9740423436881205,5.044839514109345
independent,linear_10h,66,4.0,5.0,2.0561052828071524,5.098619360439316
independent,linear_10h,67,4.0,5.0,2.144882576457441,5.1962560386652035
independent,linear_10h,68,4.0,5.0,2.2277928428347193,5.293760364698907
independent,linear_10h,69,4.0,5.0,2.3164760770232773,5.3942104519415945
independent,linear_10h,70,4.0,5.0,2.4066254579721225,5.500286307712532
independent,linear_10h,71,4.0,5.0,2.5012413105512055,5.604369506320261
independent,linear_10h,72,4.0,5.0,2.594941118498051,5.703482164045082
independent,linear_10h,73,4.0,5.0,2.6913455536101027,5.802111573795465
independent,linear_10h,74,4.0,5.0,2.794052894537513,5.90719623012419
independent,linear_10h,75,4.0,5.0,2.9007963990651753,6.011452306464515
independent,linear_10h,76,4.0,5.0,3.0077444579788892,6.117944286377774
independent,linear_10h,77,4.0,5.0,3.1176255061033276,6.2229755487432925
independent,linear_10h,78,4.0,5.0,3.226414162591462,6.321846346098758
independent,linear_10h,79,4.0,5.0,3.338991890308285,6.423076118611504
independent,linear_10h,80,4.0,5.0,3.4531401929239536,6.526083224848178
independent,linear_10h,81,4.0,5.0,3.569103169970278,6.625305984056706
independent,linear_10h,82,4.0,5.0,3.6889853723550026,6.725442618339628
independent,linear_10h,83,4.0,5.0,3.804547014630888,6.823140968959462
independent,linear_10h,84,4.0,5.0,3.9254673316658106,6.923916403561736
independent,linear_10h,85,4.0,5.0,4.042873016835258,7.0231141614159664
independent,linear_10h,86,4.0,5.0,4.158096305795267,7.125059095785624
independent,linear_10h,87,4.0,5.0,4.271168468003506,7.227757739323226
independent,linear_10h,88,4.0,5.0,4.375073749239511,7.323038869591647
independent,linear_10h,89,4.0,5.0,4.479150336400095,7.42250174119814
independent,linear_10h,90,4.0,5.0,4.577067928993528,7.5195658974297475
independent,linear_10h,91,4.0,5.0,4.667729219464989,7.61862257561623
independent,linear_10h,92,4.0,5.0,4.751178502668241,7.717832985548889
independent,linear_10h,93,4.0,5.0,4.8269906995306755,7.812759012103165
independent,linear_10h,94,4.0,5.0,4.898516297790989,7.9065265513355465
independent,linear_10h,95,4.0,5.0,4.965110601355671,7.999538153359631
independent,linear_10h,96,4.0,5.0,5.025594833441671,8.090245121836649
independent,linear_10h,97,4.0,5.0,5.076147667721731,8.179465076642177
independent,linear_10h,98,4.0,5.0,5.124580796895151,8.268289588763711
independent,linear_10h,99,4.0,5.0,5.167635855867703,8.355000194987628
independent,linear_10h,100,4.0,5.0,5.207641480204073,8.443289127666587
independent,linear_10h,20,4.0,12.0,0.7569060104392511,1.9429918546019165
independent,linear_10h,21,4.0,12.0,0.8337076435982249,2.069671099183479
independent,linear_10h,22,4.0,12.0,0.8568809533298971,2.155926846668965
independent,linear_10h,23,4.0,12.0,0.9210801758425813,2.3506695967091984
independent,linear_10h,24,4.0,12.0,0.9442626235639962,2.393127203233636
independent,linear_10h,25,4.0,12.0,1.0024831445989646,2.442315850337895
independent,linear_10h,26,4.0,12.0,1.0692641615335008,2.6554898160828344
independent,linear_10h,27,4.0,12.0,1.0893404024105324,2.81408969149759
independent,linear_10h,28,4.0,12.0,1.0678749655573583,2.7604047883281746
independent,linear_10h,29,4.0,12.0,1.039847504251834,2.790620518367226
independent,linear_10h,30,4.0,12.0,1.0357222856289594,2.8145607040250598
independent,linear_10h,31,4.0,12.0,0.9965881218685135,2.8742255797944427
independent,linear_10h,32,4.0,12.0,1.0076995939191091,2.881283362930165
independent,linear_10h,33,4.0,12.0,1.0278263017662548,3.0349377024660784
independent,linear_10h,34,4.0,12.0,1.023738934097329,3.0949654903497104
independent,linear_10h,35,4.0,12.0,1.0373395107777794,3.2034930037295295
independent,linear_10h,36,4.0,12.0,1.0482328250654538,3.345649669074313
independent,linear_10h,37,4.0,12.0,1.0430821440389648,3.4176685129851725
independent,linear_10h,38,4.0,12.0,1.043055263219439,3.5295400589223425
independent,linear_10h,39,4.0,12.0,1.0153461132919261,3.613424661433684
independent,linear_10h,40,4.0,12.0,1.0031372596430055,3.6652882207243387
independent,linear_10h,41,4.0,12.0,1.0050786865128059,3.777461560242723
independent,linear_10h,42,4.0,12.0,1.0251390042292474,3.8214465038546086
independent,linear_10h,43,4.0,12.0,1.1078540913572077,3.864105300006182
independent,linear_10h,44,4.0,12.0,1.1815768616251443,3.9787209054949146
independent,linear_10h,45,4.0,12.0,1.2295536390063422,4.031704006950521
independent,linear_10h,46,4.0,12.0,1.2481242297491812,4.090720263238734
independent,linear_10h,47,4.0,12.0,1.2902624051734923,4.1710853058738895
independent,linear_10h,48,4.0,12.0,1.3272645370372205,4.2069378441838445
independent,linear_10h,49,4.0,12.0,1.3468525178009338,4.259896717577516
independent,linear_10h,50,4.0,12.0,1.3724307704475747,4.347963560968227
independent,linear_10h,51,4.0,12.0,1.4069851869215055,4.454434278198605
independent,linear_10h,52,4.0,12.0,1.4388000014702085,4.5320336521394555
independent,linear_10h,53,4.0,12.0,1.4733899321310862,4.602462472757773
independent,linear_10h,54,4.0,12.0,1.509224466296888,4.66919307564766
independent,linear_10h,55,4.0,12.0,1.5367851382278586,4.793948163255601
independent,linear_10h,56,4.0,12.0,1.5622146831842265,4.900504941554673
independent,linear_10h,57,4.0,12.0,1.57733639469948,5.000708784592134
independent,linear_10h,58,4.0,12.0,1.5879432496691104,5.134360701214313
independent,linear_10h,59,4.0,12.0,1.597463065819471,5.2159728621356205
independent,linear_10h,60,4.0,12.0,1.6054106518702094,5.339013337621723
independent,linear_10h,61,4.0,12.0,1.61682212510601,5.441616421138451
independent,linear_10h,62,4.0,12.0,1.6247251565964405,5.551255976186731
independent,linear_10h,63,4.0,12.0,1.6332667895167852,5.645934905162431
independent,linear_10h,64,4.0,12.0,1.6459888106050702,5.758322862667153
independent,linear_10h,65,4.0,12.0,1.656902090065726,5.8865477306061065
independent,linear_10h,66,4.0,12.0,1.6697903443781525,5.987994710933675
independent,linear_10h,67,4.0,12.0,1.6860392892513731,6.121515745039718
independent,linear_10h,68,4.0,12.0,1.6985189837738224,6.251916072875141
independent,linear_10h,69,4.0,12.0,1.7139727613681544,6.368666100753018
independent,linear_10h,70,4.0,12.0,1.7318927015422592,6.505364707310934
independent,linear_10h,71,4.0,12.0,1.7501304040835608,6.643886902345875
independent,linear_10h,72,4.0,12.0,1.768418739825628,6.766401090643481
independent,linear_10h,73,4.0,12.0,1.7868174828840955,6.8724540381559285
independent,linear_10h,74,4.0,12.0,1.8050520945612991,7.003627049039718
independent,linear_10h,75,4.0,12.0,1.8238902869671447,7.121363203756337
independent,linear_10h,76,4.0,12.0,1.841732387993833,7.2637206876298155
independent,linear_10h,77,4.0,12.0,1.8624138158908954,7.383341535237209
independent,linear_10h,78,4.0,12.0,1.8834562485311679,7.508109472438029
independent,linear_10h,79,4.0,12.0,1.9016614524698383,7.654916870210382
independent,linear_10h,80,4.0,12.0,1.9215857641330159,7.794254998238803
independent,linear_10h,81,4.0,12.0,1.9439884075190594,7.929350805883639
independent,linear_10h,82,4.0,12.0,1.9678708240429499,8.065886535208321
independent,linear_10h,83,4.0,12.0,1.989517455801737,8.217737794523439
independent,linear_10h,84,4.0,12.0,2.0137027062769652,8.353832242839164
independent,linear_10h,85,4.0,12.0,2.0370423474515897,8.50095544693672
independent,linear_10h,86,4.0,12.0,2.0606083289487653,8.623308929830786
independent,linear_10h,87,4.0,12.0,2.12422021336669,8.76180979261414
independent,linear_10h,88,4.0,12.0,2.1820682410344627,8.894758806570557
independent,linear_10h,89,4.0,12.0,2.2472853426785067,9.056952919388328
independent,linear_10h,90,4.0,12.0,2.314551910074192,9.189623673566105
independent,linear_10h,91,4.0,12.0,2.3791626731101356,9.339833183939428
independent,linear_10h,92,4.0,12.0,2.445826473839996,9.488591597682717
independent,linear_10h,93,4.0,12.0,2.5080101438885727,9.64229346666654
independent,linear_10h,94,4.0,12.0,2.5745750512221166,9.801676665592417
independent,linear_10h,95,4.0,12.0,2.643011350843061,9.926226556092189
independent,linear_10h,96,4.0,12.0,2.7097528176986296,10.066993427343762
independent,linear_10h,97,4.0,12.0,2.773533100454828,10.2023455257388
independent,linear_10h,98,4.0,12.0,2.8393945041660817,10.3273942767226
independent,linear_10h,99,4.0,12.0,2.904675584378058,10.464849216220884
independent,linear_10h,100,4.0,12.0,2.9726145907753354,10.597380666901678
independent,linear_10h,20,8.0,1.0,0.7666523197771724,1.939367770051037
independent,linear_10h,21,8.0,1.0,0.84616588097437,1.9901924183790332
independent,linear_10h,22,8.0,1.0,0.8709279781307977,2.1290400607886006
independent,linear_10h,23,8.0,1.0,0.9299775447469738,2.250342386043225
independent,linear_10h,24,8.0,1.0,0.8882857928419252,2.241162865610402
independent,linear_10h,25,8.0,1.0,0.9083282305049734,2.3224437417992405
independent,linear_10h,26,8.0,1.0,0.9475315065540446,2.4696770415050695
independent,linear_10h,27,8.0,1.0,0.9582951221921432,2.610201629551767
independent,linear_10h,28,8.0,1.0,0.9262262882146377,2.62456320104123
independent,linear_10h,29,8.0,1.0,0.9209883859586432,2.6887560833556368
independent,linear_10h,30,8.0,1.0,0.8993292768368022,2.74079791932349
independent,linear_10h,31,8.0,1.0,0.8691066606169251,2.793410485503789
independent,linear_10h,32,8.0,1.0,0.8549838857547121,2.857499394881624
independent,linear_10h,33,8.0,1.0,0.8599672335823705,2.9115211114217665
independent,linear_10h,34,8.0,1.0,0.8619500679442504,2.9103665474547347
independent,linear_10h,35,8.0,1.0,0.8622939835838395,3.0064404185788707
independent,linear_10h,36,8.0,1.0,0.875191627955485,3.089827958489777
independent,linear_10h,37,8.0,1.0,0.8858249228102189,3.146701891156378
independent,linear_10h,38,8.0,1.0,0.8991793255788139,3.2517867072818563
independent,linear_10h,39,8.0,1.0,0.9030653435294189,3.3568978643991443
independent,linear_10h,40,8.0,1.0,0.8900560869591567,3.4250650996476617
independent,linear_10h,41,8.0,1.0,0.8991811720407972,3.5481456273963374
independent,linear_10h,42,8.0,1.0,0.9167079897461239,3.591099713917356
independent,linear_10h,43,8.0,1.0,1.0099179507364164,3.6440368813201784
independent,linear_10h,44,8.0,1.0,1.07606322721161,3.7142688130039403
independent,linear_10h,45,8.0,1.0,1.1274507365258257,3.7753993981419987
independent,linear_10h,46,8.0,1.0,1.1755715617321139,3.8747019228811297
independent,linear_10h,47,8.0,1.0,1.2377593166357448,3.9635599606703487
independent,linear_10h,48,8.0,1.0,1.2873074852494337,4.055543407528006
independent,linear_10h,49,8.0,1.0,1.3231969794253562,4.126324347423527
independent,linear_10h,50,8.0,1.0,1.3568872309623004,4.220946282399085
independent,linear_10h,51,8.0,1.0,1.3925371738021886,4.325087894069313
independent,linear_10h,52,8.0,1.0,1.4255932645887093,4.382299212726659
independent,linear_10h,53,8.0,1.0,1.4613567508458436,4.442669092741469
independent,linear_10h,54,8.0,1.0,1.4982795074263366,4.4833777442127465
independent,linear_10h,55,8.0,1.0,1.5269964983263273,4.52648815194856
independent,linear_10h,56,8.0,1.0,1.5537080554600013,4.582062914598195
independent,linear_10h,57,8.0,1.0,1.5704069137052024,4.650084586477221
independent,linear_10h,58,8.0,1.0,1.5826807493595885,4.70454531689557
independent,linear_10h,59,8.0,1.0,1.5938700356629365,4.7460531047833765
independent,linear_10h,60,8.0,1.0,1.6035176909613424,4.796609758668979
independent,linear_10h,61,8.0,1.0,1.6671146156964856,4.849110479851659
independent,linear_10h,62,8.0,1.0,1.7394452360309787,4.896594370776874
independent,linear_10h,63,8.0,1.0,1.815359524351634,4.945757896068392
independent,linear_10h,64,8.0,1.0,1.8931516782010105,4.992800004674947
independent,linear_10h,65,8.0,1.0,1.9740423436881205,5.044839514109367
independent,linear_10h,66,8.0,1.0,2.0561052828071524,5.09861936043936
independent,linear_10h,67,8.0,1.0,2.1448825764574186,5.1962560386652035
independent,linear_10h,68,8.0,1.0,2.2277928428347415,5.2937603646989295
independent,linear_10h,69,8.0,1.0,2.3164760770232773,5.394210451941639
independent,linear_10h,70,8.0,1.0,2.4066254579721003,5.500286307712554
independent,linear_10h,71,8.0,1.0,2.5012413105512277,5.604369506320284
independent,linear_10h,72,8.0,1.0,2.594941118498051,5.703482164045126
independent,linear_10h,73,8.0,1.0,2.6913455536101027,5.80211157379551
independent,linear_10h,74,8.0,1.0,2.794052894537513,5.907196230124234
independent,linear_10h,75,8.0,1.0,2.9007963990651753,6.011452306464515
independent,linear_10h,76,8.0,1.0,3.007744457978867,6.117944286377797
independent,linear_10h,77,8.0,1.0,3.1176255061033276,6.222975548743248
independent,linear_10h,78,8.0,1.0,3.226414162591462,6.321846346098781
independent,linear_10h,79,8.0,1.0,3.338991890308307,6.423076118611548
independent,linear_10h,80,8.0,1.0,3.4531401929239536,6.526083224848223
independent,linear_10h,81,8.0,1.0,3.5691031699703,6.625305984056684
independent,linear_10h,82,8.0,1.0,3.6889853723549804,6.725442618339628
independent,linear_10h,83,8.0,1.0,3.8053296882633036,6.823140968959485
independent,linear_10h,84,8.0,1.0,3.9290638348857154,6.923916403561736
independent,linear_10h,85,8.0,1.0,4.052308809573324,7.023114161415922
independent,linear_10h,86,8.0,1.0,4.177660054246357,7.125059095785646
independent,linear_10h,87,8.0,1.0,4.306705071334771,7.227757739323248
independent,linear_10h,88,8.0,1.0,4.432457544435464,7.323038869591669
independent,linear_10h,89,8.0,1.0,4.566713368237063,7.422501741198118
independent,linear_10h,90,8.0,1.0,4.70452776943866,7.5195658974297475
independent,linear_10h,91,8.0,1.0,4.843536594994502,7.618622575616207
independent,linear_10h,92,8.0,1.0,4.980650433398592,7.717832985548889
independent,linear_10h,93,8.0,1.0,5.113795695595402,7.812759012103165
independent,linear_10h,94,8.0,1.0,5.247315268975261,7.9065265513355465
independent,linear_10h,95,8.0,1.0,5.377756135834311,7.999538153359675
independent,linear_10h,96,8.0,1.0,5.502487817933477,8.09024512183667
independent,linear_10h,97,8.0,1.0,5.615023196684854,8.179465076642156
independent,linear_10h,98,8.0,1.0,5.725851299441498,8.268289588763778
independent,linear_10h,99,8.0,1.0,5.829945133659908,8.35500019498767
independent,linear_10h,100,8.0,1.0,5.929580041507321,8.44328912766661
independent,linear_10h,20,8.0,5.0,0.7666523197771724,1.9393677700510814
independent,linear_10h,21,8.0,5.0,0.84616588097437,1.9901924183790332
independent,linear_10h,22,8.0,5.0,0.8709279781307755,2.1290400607886006
independent,linear_10h,23,8.0,5.0,0.9299775447469738,2.250342386043247
independent,linear_10h,24,8.0,5.0,0.8882857928419252,2.24116286561038
independent,linear_10h,25,8.0,5.0,0.9083282305049734,2.3224437417992183
independent,linear_10h,26,8.0,5.0,0.9475315065540668,2.4696770415050695
independent,linear_10h,27,8.0,5.0,0.9582951221921654,2.6102016295517894
independent,linear_10h,28,8.0,5.0,0.9262262882146377,2.6245632010412745
independent,linear_10h,29,8.0,5.0,0.9209883859586876,2.688756083355659
independent,linear_10h,30,8.0,5.0,0.8993292768368244,2.740797919323512
independent,linear_10h,31,8.0,5.0,0.8691066606169251,2.793410485503789
independent,linear_10h,32,8.0,5.0,0.8549838857547343,2.8574993948816463
independent,linear_10h,33,8.0,5.0,0.8599672335823261,2.9115211114217443
independent,linear_10h,34,8.0,5.0,0.8619500679442504,2.9103665474547125
independent,linear_10h,35,8.0,5.0,0.8622939835838395,3.0064404185788707
independent,linear_10h,36,8.0,5.0,0.875191627955485,3.089827958489777
independent,linear_10h,37,8.0,5.0,0.8858249228102189,3.146701891156378
independent,linear_10h,38,8.0,5.0,0.8991793255788361,3.251786707281923
independent,linear_10h,39,8.0,5.0,0.9030653435294189,3.356897864399122
independent,linear_10h,40,8.0,5.0,0.8900560869591345,3.4250650996476617
independent,linear_10h,41,8.0,5.0,0.8991811720407972,3.5481456273963152
independent,linear_10h,42,8.0,5.0,0.9167079897461239,3.5910997139174006
independent,linear_10h,43,8.0,5.0,1.009917950736372,3.6440368813201784
independent,linear_10h,44,8.0,5.0,1.07606322721161,3.7142688130039847
independent,linear_10h,45,8.0,5.0,1.1274507365258257,3.7753993981419987
independent,linear_10h,46,8.0,5.0,1.1755715617320917,3.8747019228811297
independent,linear_10h,47,8.0,5.0,1.237759316635767,3.9635599606703265
independent,linear_10h,48,8.0,5.0,1.2873074852494337,4.055543407528006
independent,linear_10h,49,8.0,5.0,1.3231969794253562,4.126324347423482
independent,linear_10h,50,8.0,5.0,1.3568872309622781,4.220946282399063
independent,linear_10h,51,8.0,5.0,1.3925371738021886,4.325087894069268
independent,linear_10h,52,8.0,5.0,1.4255932645887537,4.382299212726681
independent,linear_10h,53,8.0,5.0,1.4613567508458214,4.442669092741425
independent,linear_10h,54,8.0,5.0,1.4982795074263588,4.483377744212769
independent,linear_10h,55,8.0,5.0,1.5269964983263495,4.52648815194856
independent,linear_10h,56,8.0,5.0,1.5537080554600236,4.582062914598151
independent,linear_10h,57,8.0,5.0,1.5704069137051802,4.650084586477177
independent,linear_10h,58,8.0,5.0,1.5826807493596107,4.704545316895548
independent,linear_10h,59,8.0,5.0,1.5938700356629365,4.746053104783421
independent,linear_10h,60,8.0,5.0,1.6035176909613202,4.7966097586690015
independent,linear_10h,61,8.0,5.0,1.6671146156964856,4.849110479851637
independent,linear_10h,62,8.0,5.0,1.7394452360309565,4.896594370776897
independent,linear_10h,63,8.0,5.0,1.8153595243516563,4.945757896068392
independent,linear_10h,64,8.0,5.0,1.8931516782010105,4.992800004674969
independent,linear_10h,65,8.0,5.0,1.9740423436880983,5.044839514109323
independent,linear_10h,66,8.0,5.0,2.0561052828071302,5.098619360439383
independent,linear_10h,67,8.0,5.0,2.1448825764574186,5.196256038665226
independent,linear_10h,68,8.0,5.0,2.2277928428347193,5.2937603646989295
independent,linear_10h,69,8.0,5.0,2.3164760770232773,5.3942104519415945
independent,linear_10h,70,8.0,5.0,2.4066254579721003,5.500286307712532
independent,linear_10h,71,8.0,5.0,2.5012413105512055,5.604369506320239
independent,linear_10h,72,8.0,5.0,2.5949411184980287,5.703482164045082
independent,linear_10h,73,8.0,5.0,2.6913455536100805,5.802111573795488
independent,linear_10h,74,8.0,5.0,2.794052894537491,5.907196230124168
independent,linear_10h,75,8.0,5.0,2.900796399065153,6.011452306464493
independent,linear_10h,76,8.0,5.0,3.007744457978867,6.117944286377774
independent,linear_10h,77,8.0,5.0,3.1176255061033276,6.222975548743248
independent,linear_10h,78,8.0,5.0,3.226414162591462,6.321846346098758
independent,linear_10h,79,8.0,5.0,3.3389918903082627,6.423076118611504
independent,linear_10h,80,8.0,5.0,3.4531401929239314,6.5260832248482
independent,linear_10h,81,8.0,5.0,3.569103169970256,6.625305984056706
independent,linear_10h,82,8.0,5.0,3.6889853723550026,6.725442618339583
independent,linear_10h,83,8.0,5.0,3.805329688263326,6.823140968959485
independent,linear_10h,84,8.0,5.0,3.9290638348857376,6.923916403561781
independent,linear_10h,85,8.0,5.0,4.052308809573324,7.023114161415944
independent,linear_10h,86,8.0,5.0,4.177660054246357,7.125059095785646
independent,linear_10h,87,8.0,5.0,4.306705071334771,7.227757739323248
independent,linear_10h,88,8.0,5.0,4.432457544435464,7.323038869591669
independent,linear_10h,89,8.0,5.0,4.566713368237063,7.42250174119814
independent,linear_10h,90,8.0,5.0,4.70452776943866,7.5195658974297475
independent,linear_10h,91,8.0,5.0,4.843536594994502,7.618622575616185
independent,linear_10h,92,8.0,5.0,4.980650433398548,7.717832985548934
independent,linear_10h,93,8.0,5.0,5.11379569559538,7.812759012103165
independent,linear_10h,94,8.0,5.0,5.247315268975239,7.9065265513355465
independent,linear_10h,95,8.0,5.0,5.3777561358342885,7.999538153359631
independent,linear_10h,96,8.0,5.0,5.5024878179334324,8.09024512183667
independent,linear_10h,97,8.0,5.0,5.615023196684854,8.179465076642156
independent,linear_10h,98,8.0,5.0,5.725851299441453,8.268289588763732
independent,linear_10h,99,8.0,5.0,5.829945133659908,8.35500019498765
independent,linear_10h,100,8.0,5.0,5.929580041507276,8.44328912766661
independent,linear_10h,20,8.0,12.0,0.7569060104392511,1.9429918546019165
independent,linear_10h,21,8.0,12.0,0.8337076435982249,2.069671099183479
independent,linear_10h,22,8.0,12.0,0.8568809533298971,2.155926846668965
independent,linear_10h,23,8.0,12.0,0.9210801758425813,2.3506695967091984
independent,linear_10h,24,8.0,12.0,0.9442626235639962,2.393127203233636
independent,linear_10h,25,8.0,12.0,1.0024831445989646,2.442315850337895
independent,linear_10h,26,8.0,12.0,1.0692641615335008,2.6554898160828344
independent,linear_10h,27,8.0,12.0,1.0893404024105324,2.81408969149759
independent,linear_10h,28,8.0,12.0,1.0678749655573583,2.7604047883281746
independent,linear_10h,29,8.0,12.0,1.039847504251834,2.790620518367226
independent,linear_10h,30,8.0,12.0,1.0357222856289594,2.8145607040250598
independent,linear_10h,31,8.0,12.0,0.9965881218685135,2.8742255797944427
independent,linear_10h,32,8.0,12.0,1.0076995939191091,2.881283362930165
independent,linear_10h,33,8.0,12.0,1.0278263017662548,3.0349377024660784
independent,linear_10h,34,8.0,12.0,1.023738934097329,3.0949654903497104
independent,linear_10h,35,8.0,12.0,1.0373395107777794,3.2034930037295295
independent,linear_10h,36,8.0,12.0,1.0482328250654538,3.345649669074313
independent,linear_10h,37,8.0,12.0,1.0430821440389648,3.4176685129851725
independent,linear_10h,38,8.0,12.0,1.043055263219439,3.5295400589223425
independent,linear_10h,39,8.0,12.0,1.0153461132919261,3.613424661433684
independent,linear_10h,40,8.0,12.0,1.0031372596430055,3.6652882207243387
independent,linear_10h,41,8.0,12.0,1.0050786865128059,3.777461560242723
independent,linear_10h,42,8.0,12.0,1.0251390042292474,3.8214465038546086
independent,linear_10h,43,8.0,12.0,1.1078540913572077,3.864105300006182
independent,linear_10h,44,8.0,12.0,1.1815768616251443,3.9787209054949146
independent,linear_10h,45,8.0,12.0,1.2295536390063422,4.031704006950521
independent,linear_10h,46,8.0,12.0,1.2481242297491812,4.090720263238734
independent,linear_10h,47,8.0,12.0,1.2902624051734923,4.1710853058738895
independent,linear_10h,48,8.0,12.0,1.3272645370372205,4.2069378441838445
independent,linear_10h,49,8.0,12.0,1.3468525178009338,4.259896717577516
independent,linear_10h,50,8.0,12.0,1.3724307704475747,4.347963560968227
independent,linear_10h,51,8.0,12.0,1.4069851869215055,4.454434278198605
independent,linear_10h,52,8.0,12.0,1.4388000014702085,4.5320336521394555
independent,linear_10h,53,8.0,12.0,1.4733899321310862,4.602462472757773
independent,linear_10h,54,8.0,12.0,1.509224466296888,4.66919307564766
independent,linear_10h,55,8.0,12.0,1.5367851382278586,4.793948163255601
independent,linear_10h,56,8.0,12.0,1.5622146831842265,4.900504941554673
independent,linear_10h,57,8.0,12.0,1.57733639469948,5.000708784592134
independent,linear_10h,58,8.0,12.0,1.5879432496691104,5.134360701214313
independent,linear_10h,59,8.0,12.0,1.597463065819471,5.2159728621356205
independent,linear_10h,60,8.0,12.0,1.6054106518702094,5.339013337621723
independent,linear_10h,61,8.0,12.0,1.61682212510601,5.441616421138451
independent,linear_10h,62,8.0,12.0,1.6247251565964405,5.551255976186731
independent,linear_10h,63,8.0,12.0,1.6332667895167852,5.645934905162431
independent,linear_10h,64,8.0,12.0,1.6459888106050702,5.758322862667153
independent,linear_10h,65,8.0,12.0,1.656902090065726,5.8865477306061065
independent,linear_10h,66,8.0,12.0,1.6697903443781525,5.987994710933675
independent,linear_10h,67,8.0,12.0,1.6860392892513731,6.121515745039718
independent,linear_10h,68,8.0,12.0,1.6985189837738224,6.251916072875141
independent,linear_10h,69,8.0,12.0,1.7139727613681544,6.368666100753018
independent,linear_10h,70,8.0,12.0,1.7318927015422592,6.505364707310934
independent,linear_10h,71,8.0,12.0,1.7501304040835608,6.643886902345875
independent,linear_10h,72,8.0,12.0,1.768418739825628,6.766401090643481
independent,linear_10h,73,8.0,12.0,1.7868174828840955,6.8724540381559285
independent,linear_10h,74,8.0,12.0,1.8050520945612991,7.003627049039718
independent,linear_10h,75,8.0,12.0,1.8238902869671447,7.121363203756337
independent,linear_10h,76,8.0,12.0,1.841732387993833,7.2637206876298155
independent,linear_10h,77,8.0,12.0,1.8624138158908954,7.383341535237209
independent,linear_10h,78,8.0,12.0,1.8834562485311679,7.508109472438029
independent,linear_10h,79,8.0,12.0,1.9016614524698383,7.654916870210382
independent,linear_10h,80,8.0,12.0,1.9215857641330159,7.794254998238803
independent,linear_10h,81,8.0,12.0,1.9439884075190594,7.929350805883639
independent,linear_10h,82,8.0,12.0,1.9678708240429499,8.065886535208321
independent,linear_10h,83,8.0,12.0,1.989517455801737,8.217737794523439
independent,linear_10h,84,8.0,12.0,2.0137027062769652,8.353832242839164
independent,linear_10h,85,8.0,12.0,2.0370423474515897,8.50095544693672
independent,linear_10h,86,8.0,12.0,2.0606083289487653,8.623308929830786
independent,linear_10h,87,8.0,12.0,2.12422021336669,8.76180979261414
independent,linear_10h,88,8.0,12.0,2.1820682410344627,8.894758806570557
independent,linear_10h,89,8.0,12.0,2.2472853426785067,9.056952919388328
independent,linear_10h,90,8.0,12.0,2.314551910074192,9.189623673566105
independent,linear_10h,91,8.0,12.0,2.3791626731101356,9.339833183939428
independent,linear_10h,92,8.0,12.0,2.445826473839996,9.488591597682717
independent,linear_10h,93,8.0,12.0,2.5080101438885727,9.64229346666654
independent,linear_10h,94,8.0,12.0,2.5745750512221166,9.801676665592417
independent,linear_10h,95,8.0,12.0,2.643011350843061,9.926226556092189
independent,linear_10h,96,8.0,12.0,2.7097528176986296,10.066993427343762
independent,linear_10h,97,8.0,12.0,2.773533100454828,10.2023455257388
independent,linear_10h,98,8.0,12.0,2.8393945041660817,10.3273942767226
independent,linear_10h,99,8.0,12.0,2.904675584378058,10.464849216220884
independent,linear_10h,100,8.0,12.0,2.9726145907753354,10.597380666901678
independent,linear_10h,20,10.0,1.0,0.7666523197771502,1.9393677700510592
independent,linear_10h,21,10.0,1.0,0.84616588097437,1.9901924183790332
independent,linear_10h,22,10.0,1.0,0.8709279781307755,2.1290400607885784
independent,linear_10h,23,10.0,1.0,0.9299775447469738,2.250342386043247
independent,linear_10h,24,10.0,1.0,0.8882857928419474,2.241162865610402
independent,linear_10h,25,10.0,1.0,0.9083282305049512,2.322443741799196
independent,linear_10h,26,10.0,1.0,0.9475315065540668,2.4696770415050695
independent,linear_10h,27,10.0,1.0,0.958295122192121,2.610201629551767
independent,linear_10h,28,10.0,1.0,0.9262262882146599,2.6245632010412523
independent,linear_10h,29,10.0,1.0,0.9209883859586654,2.688756083355659
independent,linear_10h,30,10.0,1.0,0.8993292768368022,2.74079791932349
independent,linear_10h,31,10.0,1.0,0.8691066606169029,2.7934104855037667
independent,linear_10h,32,10.0,1.0,0.8549838857547343,2.857499394881624
independent,linear_10h,33,10.0,1.0,0.8599672335823483,2.9115211114217665
independent,linear_10h,34,10.0,1.0,0.8619500679442282,2.9103665474547347
independent,linear_10h,35,10.0,1.0,0.8622939835838173,3.0064404185788485
independent,linear_10h,36,10.0,1.0,0.875191627955485,3.089827958489777
independent,linear_10h,37,10.0,1.0,0.8858249228102411,3.1467018911564004
independent,linear_10h,38,10.0,1.0,0.8991793255788361,3.2517867072818785
independent,linear_10h,39,10.0,1.0,0.9030653435294189,3.3568978643991443
independent,linear_10h,40,10.0,1.0,0.8900560869591345,3.4250650996476173
independent,linear_10h,41,10.0,1.0,0.8991811720407972,3.5481456273963152
independent,linear_10h,42,10.0,1.0,0.9167079897461017,3.5910997139173784
independent,linear_10h,43,10.0,1.0,1.009917950736372,3.644036881320134
independent,linear_10h,44,10.0,1.0,1.07606322721161,3.7142688130039403
independent,linear_10h,45,10.0,1.0,1.1274507365258257,3.7753993981419987
independent,linear_10h,46,10.0,1.0,1.1755715617320694,3.874701922881152
independent,linear_10h,47,10.0,1.0,1.2377593166357892,3.9635599606703487
independent,linear_10h,48,10.0,1.0,1.2873074852494337,4.055543407528006
independent,linear_10h,49,10.0,1.0,1.323196979425334,4.126324347423527
independent,linear_10h,50,10.0,1.0,1.3568872309622781,4.220946282399063
independent,linear_10h,51,10.0,1.0,1.3925371738022108,4.325087894069268
independent,linear_10h,52,10.0,1.0,1.4255932645887315,4.382299212726637
independent,linear_10h,53,10.0,1.0,1.4613567508458658,4.442669092741447
independent,linear_10h,54,10.0,1.0,1.4982795074263366,4.4833777442127465
independent,linear_10h,55,10.0,1.0,1.5269964983263495,4.526488151948538
independent,linear_10h,56,10.0,1.0,1.5537080554600013,4.582062914598173
independent,linear_10h,57,10.0,1.0,1.5704069137052024,4.650084586477221
independent,linear_10h,58,10.0,1.0,1.5826807493596107,4.704545316895525
independent,linear_10h,59,10.0,1.0,1.5938700356629365,4.7460531047833765
independent,linear_10h,60,10.0,1.0,1.6035176909613202,4.7966097586690015
independent,linear_10h,61,10.0,1.0,1.6671146156964856,4.849110479851637
independent,linear_10h,62,10.0,1.0,1.7394452360309565,4.896594370776874
independent,linear_10h,63,10.0,1.0,1.8153595243516563,4.9457578960684145
independent,linear_10h,64,10.0,1.0,1.8931516782010105,4.992800004674969
independent,linear_10h,65,10.0,1.0,1.9740423436880983,5.044839514109323
independent,linear_10h,66,10.0,1.0,2.0561052828071524,5.098619360439316
independent,linear_10h,67,10.0,1.0,2.144882576457441,5.196256038665181
independent,linear_10h,68,10.0,1.0,2.2277928428347193,5.2937603646989295
independent,linear_10h,69,10.0,1.0,2.3164760770232773,5.3942104519415945
independent,linear_10h,70,10.0,1.0,2.406625457972078,5.500286307712576
independent,linear_10h,71,10.0,1.0,2.5012413105512055,5.604369506320239
independent,linear_10h,72,10.0,1.0,2.5949411184980287,5.7034821640450595
independent,linear_10h,73,10.0,1.0,2.6913455536100805,5.802111573795488
independent,linear_10h,74,10.0,1.0,2.794052894537513,5.907196230124168
independent,linear_10h,75,10.0,1.0,2.900796399065153,6.011452306464471
independent,linear_10h,76,10.0,1.0,3.0077444579789114,6.11794428637773
independent,linear_10h,77,10.0,1.0,3.1176255061033498,6.22297554874327
independent,linear_10h,78,10.0,1.0,3.2264141625914844,6.321846346098736
independent,linear_10h,79,10.0,1.0,3.3389918903082627,6.423076118611526
independent,linear_10h,80,10.0,1.0,3.4531401929239314,6.526083224848178
independent,linear_10h,81,10.0,1.0,3.569103169970256,6.625305984056706
independent,linear_10h,82,10.0,1.0,3.6889853723550026,6.725442618339605
independent,linear_10h,83,10.0,1.0,3.805329688263326,6.823140968959485
independent,linear_10h,84,10.0,1.0,3.9290638348857376,6.923916403561736
independent,linear_10h,85,10.0,1.0,4.052308809573302,7.023114161415922
independent,linear_10h,86,10.0,1.0,4.177660054246357,7.125059095785624
independent,linear_10h,87,10.0,1.0,4.306705071334793,7.227757739323248
independent,linear_10h,88,10.0,1.0,4.432457544435464,7.3230388695916915
independent,linear_10h,89,10.0,1.0,4.566713368237063,7.422501741198162
independent,linear_10h,90,10.0,1.0,4.70452776943866,7.5195658974297475
independent,linear_10h,91,10.0,1.0,4.843536594994524,7.618622575616207
independent,linear_10h,92,10.0,1.0,4.980650433398592,7.717832985548911
independent,linear_10h,93,10.0,1.0,5.113795695595447,7.81275901210321
independent,linear_10h,94,10.0,1.0,5.247315268975261,7.906526551335569
independent,linear_10h,95,10.0,1.0,5.377756135834311,7.999538153359631
independent,linear_10h,96,10.0,1.0,5.502487817933455,8.09024512183667
independent,linear_10h,97,10.0,1.0,5.615023196684876,8.179465076642177
independent,linear_10h,98,10.0,1.0,5.725851299441498,8.268289588763778
independent,linear_10h,99,10.0,1.0,5.829945133659908,8.355000194987628
independent,linear_10h,100,10.0,1.0,5.929580041507299,8.443289127666631
independent,linear_10h,20,10.0,5.0,0.7666523197771724,1.939367770051037
independent,linear_10h,21,10.0,5.0,0.8461658809743478,1.990192418379011
independent,linear_10h,22,10.0,5.0,0.8709279781307533,2.1290400607886006
independent,linear_10h,23,10.0,5.0,0.9299775447469738,2.250342386043225
independent,linear_10h,24,10.0,5.0,0.8882857928419252,2.241162865610402
independent,linear_10h,25,10.0,5.0,0.9083282305049512,2.322443741799174
independent,linear_10h,26,10.0,5.0,0.9475315065540668,2.4696770415050695
independent,linear_10h,27,10.0,5.0,0.9582951221921432,2.610201629551767
independent,linear_10h,28,10.0,5.0,0.9262262882146377,2.62456320104123
independent,linear_10h,29,10.0,5.0,0.9209883859586432,2.6887560833556368
independent,linear_10h,30,10.0,5.0,0.8993292768368022,2.74079791932349
independent,linear_10h,31,10.0,5.0,0.8691066606169251,2.793410485503789
independent,linear_10h,32,10.0,5.0,0.8549838857547121,2.857499394881602
independent,linear_10h,33,10.0,5.0,0.8599672335823483,2.9115211114217665
independent,linear_10h,34,10.0,5.0,0.8619500679442726,2.9103665474547347
independent,linear_10h,35,10.0,5.0,0.8622939835838395,3.0064404185788707
independent,linear_10h,36,10.0,5.0,0.8751916279555072,3.089827958489777
independent,linear_10h,37,10.0,5.0,0.8858249228102633,3.1467018911564004
independent,linear_10h,38,10.0,5.0,0.8991793255788139,3.2517867072819007
independent,linear_10h,39,10.0,5.0,0.9030653435293967,3.3568978643991443
independent,linear_10h,40,10.0,5.0,0.8900560869591345,3.4250650996476173
independent,linear_10h,41,10.0,5.0,0.8991811720408194,3.5481456273963596
independent,linear_10h,42,10.0,5.0,0.9167079897461239,3.5910997139173784
independent,linear_10h,43,10.0,5.0,1.0099179507363498,3.644036881320134
independent,linear_10h,44,10.0,5.0,1.0760632272116322,3.7142688130039847
independent,linear_10h,45,10.0,5.0,1.127450736525848,3.775399398142021
independent,linear_10h,46,10.0,5.0,1.1755715617320917,3.8747019228811297
independent,linear_10h,47,10.0,5.0,1.237759316635767,3.9635599606703487
independent,linear_10h,48,10.0,5.0,1.2873074852494337,4.055543407528006
independent,linear_10h,49,10.0,5.0,1.3231969794253562,4.1263243474235045
independent,linear_10h,50,10.0,5.0,1.356887230962256,4.220946282399041
independent,linear_10h,51,10.0,5.0,1.3925371738021886,4.325087894069335
independent,linear_10h,52,10.0,5.0,1.4255932645887537,4.382299212726659
independent,linear_10h,53,10.0,5.0,1.4613567508458658,4.442669092741447
independent,linear_10h,54,10.0,5.0,1.4982795074263366,4.4833777442127465
independent,linear_10h,55,10.0,5.0,1.5269964983263717,4.526488151948516
independent,linear_10h,56,10.0,5.0,1.5537080554599791,4.582062914598151
independent,linear_10h,57,10.0,5.0,1.5704069137052024,4.650084586477221
independent,linear_10h,58,10.0,5.0,1.5826807493595663,4.704545316895525
independent,linear_10h,59,10.0,5.0,1.5938700356629365,4.7460531047833765
independent,linear_10h,60,10.0,5.0,1.6035176909613202,4.7966097586690015
independent,linear_10h,61,10.0,5.0,1.6671146156964856,4.849110479851659
independent,linear_10h,62,10.0,5.0,1.7394452360309787,4.896594370776874
independent,linear_10h,63,10.0,5.0,1.8153595243516119,4.9457578960684145
independent,linear_10h,64,10.0,5.0,1.8931516782010105,4.992800004674991
independent,linear_10h,65,10.0,5.0,1.974042343688076,5.044839514109323
independent,linear_10h,66,10.0,5.0,2.0561052828071524,5.09861936043936
independent,linear_10h,67,10.0,5.0,2.1448825764574186,5.196256038665226
independent,linear_10h,68,10.0,5.0,2.2277928428347193,5.2937603646989295
independent,linear_10h,69,10.0,5.0,2.3164760770232773,5.3942104519415945
independent,linear_10h,70,10.0,5.0,2.4066254579721003,5.500286307712576
independent,linear_10h,71,10.0,5.0,2.5012413105512055,5.604369506320239
independent,linear_10h,72,10.0,5.0,2.5949411184980287,5.703482164045104
independent,linear_10h,73,10.0,5.0,2.6913455536100583,5.80211157379551
independent,linear_10h,74,10.0,5.0,2.794052894537513,5.90719623012419
independent,linear_10h,75,10.0,5.0,2.900796399065153,6.011452306464515
independent,linear_10h,76,10.0,5.0,3.007744457978867,6.117944286377752
independent,linear_10h,77,10.0,5.0,3.1176255061033276,6.222975548743248
independent,linear_10h,78,10.0,5.0,3.22641416259144,6.321846346098758
independent,linear_10h,79,10.0,5.0,3.338991890308307,6.423076118611526
independent,linear_10h,80,10.0,5.0,3.4531401929239314,6.526083224848156
independent,linear_10h,81,10.0,5.0,3.569103169970256,6.625305984056684
independent,linear_10h,82,10.0,5.0,3.6889853723550248,6.725442618339605
independent,linear_10h,83,10.0,5.0,3.8053296882632814,6.823140968959507
independent,linear_10h,84,10.0,5.0,3.9290638348857154,6.923916403561736
independent,linear_10h,85,10.0,5.0,4.052308809573346,7.023114161415944
independent,linear_10h,86,10.0,5.0,4.177660054246335,7.125059095785646
independent,linear_10h,87,10.0,5.0,4.306705071334793,7.227757739323248
independent,linear_10h,88,10.0,5.0,4.432457544435464,7.3230388695916915
independent,linear_10h,89,10.0,5.0,4.566713368237063,7.42250174119814
independent,linear_10h,90,10.0,5.0,4.704527769438638,7.51956589742977
independent,linear_10h,91,10.0,5.0,4.84353659499448,7.61862257561623
independent,linear_10h,92,10.0,5.0,4.98065043339857,7.717832985548889
independent,linear_10h,93,10.0,5.0,5.113795695595402,7.812759012103143
independent,linear_10h,94,10.0,5.0,5.247315268975239,7.906526551335524
independent,linear_10h,95,10.0,5.0,5.377756135834266,7.999538153359653
independent,linear_10h,96,10.0,5.0,5.5024878179334324,8.090245121836649
independent,linear_10h,97,10.0,5.0,5.615023196684832,8.179465076642177
independent,linear_10h,98,10.0,5.0,5.725851299441453,8.268289588763711
independent,linear_10h,99,10.0,5.0,5.829945133659886,8.355000194987628
independent,linear_10h,100,10.0,5.0,5.929580041507276,8.443289127666587
independent,linear_10h,20,10.0,12.0,0.7666523197771724,1.9393677700510592
independent,linear_10h,21,10.0,12.0,0.84616588097437,1.9901924183790554
independent,linear_10h,22,10.0,12.0,0.8709279781307977,2.1290400607885784
independent,linear_10h,23,10.0,12.0,0.9299775447469738,2.250342386043247
independent,linear_10h,24,10.0,12.0,0.8882857928419252,2.241162865610402
independent,linear_10h,25,10.0,12.0,0.9083282305049512,2.322443741799196
independent,linear_10h,26,10.0,12.0,0.9475315065540668,2.4696770415050917
independent,linear_10h,27,10.0,12.0,0.9582951221921432,2.610201629551745
independent,linear_10h,28,10.0,12.0,0.9262262882146377,2.624563201041208
independent,linear_10h,29,10.0,12.0,0.9209883859586654,2.688756083355659
independent,linear_10h,30,10.0,12.0,0.8993292768368022,2.74079791932349
independent,linear_10h,31,10.0,12.0,0.8691066606169251,2.793410485503789
independent,linear_10h,32,10.0,12.0,0.8549838857547121,2.857499394881624
independent,linear_10h,33,10.0,12.0,0.8599672335823483,2.9115211114217887
independent,linear_10h,34,10.0,12.0,0.8619500679442726,2.910366547454757
independent,linear_10h,35,10.0,12.0,0.8622939835838173,3.0064404185788707
independent,linear_10h,36,10.0,12.0,0.8751916279554628,3.089827958489777
independent,linear_10h,37,10.0,12.0,0.8858249228102633,3.1467018911564226
independent,linear_10h,38,10.0,12.0,0.8991793255788361,3.2517867072818785
independent,linear_10h,39,10.0,12.0,0.9030653435293967,3.356897864399122
independent,linear_10h,40,10.0,12.0,0.8900560869591567,3.4250650996476173
independent,linear_10h,41,10.0,12.0,0.8991811720407972,3.5481456273963596
independent,linear_10h,42,10.0,12.0,0.9167079897461239,3.5910997139173784
independent,linear_10h,43,10.0,12.0,1.009917950736372,3.644036881320134
independent,linear_10h,44,10.0,12.0,1.07606322721161,3.7142688130039403
independent,linear_10h,45,10.0,12.0,1.1274507365258035,3.7753993981419987
independent,linear_10h,46,10.0,12.0,1.1755715617321139,3.8747019228811297
independent,linear_10h,47,10.0,12.0,1.237759316635767,3.9635599606703265
independent,linear_10h,48,10.0,12.0,1.2873074852494337,4.055543407528028
independent,linear_10h,49,10.0,12.0,1.3231969794253562,4.1263243474235045
independent,linear_10h,50,10.0,12.0,1.3568872309622781,4.220946282399041
independent,linear_10h,51,10.0,12.0,1.3925371738021886,4.3250878940692905
independent,linear_10h,52,10.0,12.0,1.4255932645887315,4.3822992127267035
independent,linear_10h,53,10.0,12.0,1.4613567508458436,4.442669092741447
independent,linear_10h,54,10.0,12.0,1.4982795074263366,4.483377744212769
independent,linear_10h,55,10.0,12.0,1.5269964983263495,4.526488151948516
independent,linear_10h,56,10.0,12.0,1.5537080554600236,4.582062914598217
independent,linear_10h,57,10.0,12.0,1.5704069137051802,4.650084586477243
independent,linear_10h,58,10.0,12.0,1.5826807493596107,4.704545316895548
independent,linear_10h,59,10.0,12.0,1.5938700356629143,4.746053104783354
independent,linear_10h,60,10.0,12.0,1.6035176909613202,4.796609758669024
independent,linear_10h,61,10.0,12.0,1.6671146156965078,4.849110479851637
independent,linear_10h,62,10.0,12.0,1.7394452360309787,4.896594370776874
independent,linear_10h,63,10.0,12.0,1.8153595243516119,4.9457578960684145
independent,linear_10h,64,10.0,12.0,1.8931516782010105,4.992800004674947
independent,linear_10h,65,10.0,12.0,1.9740423436881427,5.044839514109345
independent,linear_10h,66,10.0,12.0,2.0561052828071302,5.098619360439338
independent,linear_10h,67,10.0,12.0,2.1448825764574186,5.1962560386652035
independent,linear_10h,68,10.0,12.0,2.2277928428347193,5.2937603646989295
independent,linear_10h,69,10.0,12.0,2.3164760770232773,5.3942104519415945
independent,linear_10h,70,10.0,12.0,2.4066254579721003,5.500286307712554
independent,linear_10h,71,10.0,12.0,2.5012413105512055,5.604369506320261
independent,linear_10h,72,10.0,12.0,2.5949411184980287,5.7034821640450595
independent,linear_10h,73,10.0,12.0,2.6913455536100805,5.802111573795465
independent,linear_10h,74,10.0,12.0,2.7940528945374687,5.907196230124168
independent,linear_10h,75,10.0,12.0,2.900796399065131,6.011452306464471
independent,linear_10h,76,10.0,12.0,3.007744457978867,6.117944286377752
independent,linear_10h,77,10.0,12.0,3.1176255061033276,6.222975548743248
independent,linear_10h,78,10.0,12.0,3.226414162591462,6.321846346098758
independent,linear_10h,79,10.0,12.0,3.338991890308285,6.423076118611526
independent,linear_10h,80,10.0,12.0,3.4531401929239314,6.5260832248482
independent,linear_10h,81,10.0,12.0,3.569103169970256,6.625305984056684
independent,linear_10h,82,10.0,12.0,3.6889853723549804,6.725442618339605
independent,linear_10h,83,10.0,12.0,3.8053296882633036,6.82314096895944
independent,linear_10h,84,10.0,12.0,3.9290638348857376,6.923916403561758
independent,linear_10h,85,10.0,12.0,4.052308809573346,7.023114161415944
independent,linear_10h,86,10.0,12.0,4.177660054246335,7.125059095785624
independent,linear_10h,87,10.0,12.0,4.306705071334793,7.227757739323248
independent,linear_10h,88,10.0,12.0,4.432457544435442,7.323038869591647
independent,linear_10h,89,10.0,12.0,4.566713368237085,7.422501741198095
independent,linear_10h,90,10.0,12.0,4.704527769438638,7.519565897429725
independent,linear_10h,91,10.0,12.0,4.843536594994524,7.61862257561623
independent,linear_10h,92,10.0,12.0,4.980650433398592,7.717832985548867
independent,linear_10h,93,10.0,12.0,5.113795695595402,7.812759012103143
independent,linear_10h,94,10.0,12.0,5.247315268975239,7.906526551335524
independent,linear_10h,95,10.0,12.0,5.3777561358342885,7.999538153359653
independent,linear_10h,96,10.0,12.0,5.5024878179334324,8.090245121836649
independent,linear_10h,97,10.0,12.0,5.615023196684854,8.179465076642156
independent,linear_10h,98,10.0,12.0,5.725851299441498,8.268289588763755
independent,linear_10h,99,10.0,12.0,5.829945133659908,8.355000194987628
independent,linear_10h,100,10.0,12.0,5.929580041507321,8.443289127666587
independent,linear_10h,20,12.0,1.0,0.7666523197771502,1.9393677700510592
independent,linear_10h,21,12.0,1.0,0.8461658809743922,1.9901924183790776
independent,linear_10h,22,12.0,1.0,0.8709279781307977,2.1290400607886006
independent,linear_10h,23,12.0,1.0,0.929977544746996,2.250342386043247
independent,linear_10h,24,12.0,1.0,0.888285792841903,2.241162865610402
independent,linear_10h,25,12.0,1.0,0.9083282305049512,2.322443741799196
independent,linear_10h,26,12.0,1.0,0.9475315065540446,2.4696770415050695
independent,linear_10h,27,12.0,1.0,0.9582951221921432,2.610201629551767
independent,linear_10h,28,12.0,1.0,0.9262262882146599,2.6245632010412523
independent,linear_10h,29,12.0,1.0,0.9209883859586654,2.688756083355659
independent,linear_10h,30,12.0,1.0,0.8993292768368244,2.740797919323512
independent,linear_10h,31,12.0,1.0,0.8691066606169251,2.7934104855037667
independent,linear_10h,32,12.0,1.0,0.8549838857547343,2.857499394881624
independent,linear_10h,33,12.0,1.0,0.8599672335823261,2.9115211114217443
independent,linear_10h,34,12.0,1.0,0.8619500679442282,2.9103665474547125
independent,linear_10h,35,12.0,1.0,0.8622939835838395,3.0064404185788707
independent,linear_10h,36,12.0,1.0,0.875191627955485,3.089827958489799
independent,linear_10h,37,12.0,1.0,0.8858249228102411,3.146701891156378
independent,linear_10h,38,12.0,1.0,0.8991793255788583,3.2517867072818785
independent,linear_10h,39,12.0,1.0,0.9030653435294189,3.356897864399122
independent,linear_10h,40,12.0,1.0,0.8900560869591123,3.4250650996476173
independent,linear_10h,41,12.0,1.0,0.8991811720407972,3.5481456273963374
independent,linear_10h,42,12.0,1.0,0.9167079897461017,3.591099713917356
independent,linear_10h,43,12.0,1.0,1.009917950736372,3.644036881320134
independent,linear_10h,44,12.0,1.0,1.0760632272116322,3.7142688130039403
independent,linear_10h,45,12.0,1.0,1.127450736525848,3.775399398142021
independent,linear_10h,46,12.0,1.0,1.1755715617321139,3.8747019228811297
independent,linear_10h,47,12.0,1.0,1.2377593166357892,3.9635599606703042
independent,linear_10h,48,12.0,1.0,1.287307485249456,4.055543407527962
independent,linear_10h,49,12.0,1.0,1.3231969794253562,4.126324347423482
independent,linear_10h,50,12.0,1.0,1.3568872309623004,4.220946282399085
independent,linear_10h,51,12.0,1.0,1.3925371738022108,4.3250878940692905
independent,linear_10h,52,12.0,1.0,1.4255932645887537,4.382299212726681
independent,linear_10h,53,12.0,1.0,1.4613567508458658,4.442669092741447
independent,linear_10h,54,12.0,1.0,1.4982795074263588,4.4833777442127465
independent,linear_10h,55,12.0,1.0,1.5269964983263495,4.52648815194856
independent,linear_10h,56,12.0,1.0,1.5537080554600013,4.582062914598195
independent,linear_10h,57,12.0,1.0,1.5704069137051802,4.650084586477199
independent,linear_10h,58,12.0,1.0,1.5826807493595885,4.704545316895525
independent,linear_10h,59,12.0,1.0,1.5938700356629365,4.746053104783399
independent,linear_10h,60,12.0,1.0,1.6035176909613424,4.7966097586690015
independent,linear_10h,61,12.0,1.0,1.6671146156964411,4.849110479851659
independent,linear_10h,62,12.0,1.0,1.7394452360309565,4.896594370776874
independent,linear_10h,63,12.0,1.0,1.8153595243516119,4.9457578960684145
independent,linear_10h,64,12.0,1.0,1.8931516782009883,4.992800004674947
independent,linear_10h,65,12.0,1.0,1.9740423436880983,5.0448395141093005
independent,linear_10h,66,12.0,1.0,2.0561052828071524,5.098619360439338
independent,linear_10h,67,12.0,1.0,2.1448825764573964,5.196256038665226
independent,linear_10h,68,12.0,1.0,2.2277928428347193,5.293760364698952
independent,linear_10h,69,12.0,1.0,2.3164760770232773,5.394210451941617
independent,linear_10h,70,12.0,1.0,2.4066254579721003,5.500286307712532
independent,linear_10h,71,12.0,1.0,2.5012413105512055,5.604369506320261
independent,linear_10h,72,12.0,1.0,2.5949411184980065,5.703482164045126
independent,linear_10h,73,12.0,1.0,2.6913455536100583,5.802111573795465
independent,linear_10h,74,12.0,1.0,2.794052894537491,5.90719623012419
independent,linear_10h,75,12.0,1.0,2.900796399065153,6.011452306464471
independent,linear_10h,76,12.0,1.0,3.007744457978867,6.117944286377774
independent,linear_10h,77,12.0,1.0,3.1176255061033054,6.22297554874327
independent,linear_10h,78,12.0,1.0,3.226414162591462,6.321846346098758
independent,linear_10h,79,12.0,1.0,3.338991890308285,6.423076118611548
independent,linear_10h,80,12.0,1.0,3.4531401929239536,6.5260832248482
independent,linear_10h,81,12.0,1.0,3.569103169970278,6.625305984056684
independent,linear_10h,82,12.0,1.0,3.6889853723549804,6.72544261833965
independent,linear_10h,83,12.0,1.0,3.8053296882633036,6.823140968959462
independent,linear_10h,84,12.0,1.0,3.9290638348857376,6.923916403561758
independent,linear_10h,85,12.0,1.0,4.052308809573346,7.023114161415922
independent,linear_10h,86,12.0,1.0,4.177660054246357,7.1250590957856685
independent,linear_10h,87,12.0,1.0,4.306705071334793,7.227757739323248
independent,linear_10h,88,12.0,1.0,4.432457544435442,7.3230388695916915
independent,linear_10h,89,12.0,1.0,4.566713368237063,7.422501741198162
independent,linear_10h,90,12.0,1.0,4.70452776943866,7.51956589742977
independent,linear_10h,91,12.0,1.0,4.843536594994524,7.61862257561623
independent,linear_10h,92,12.0,1.0,4.98065043339857,7.717832985548889
independent,linear_10h,93,12.0,1.0,5.113795695595402,7.812759012103165
independent,linear_10h,94,12.0,1.0,5.247315268975283,7.9065265513355465
independent,linear_10h,95,12.0,1.0,5.377756135834311,7.999538153359631
independent,linear_10h,96,12.0,1.0,5.502487817933477,8.090245121836649
independent,linear_10h,97,12.0,1.0,5.615023196684854,8.179465076642135
independent,linear_10h,98,12.0,1.0,5.725851299441476,8.268289588763732
independent,linear_10h,99,12.0,1.0,5.829945133659886,8.355000194987628
independent,linear_10h,100,12.0,1.0,5.929580041507321,8.443289127666587
independent,linear_10h,20,12.0,5.0,0.7666523197771724,1.9393677700510592
independent,linear_10h,21,12.0,5.0,0.84616588097437,1.9901924183790554
independent,linear_10h,22,12.0,5.0,0.8709279781307755,2.1290400607886006
independent,linear_10h,23,12.0,5.0,0.9299775447469516,2.2503423860432026
independent,linear_10h,24,12.0,5.0,0.8882857928419696,2.2411628656104243
independent,linear_10h,25,12.0,5.0,0.9083282305049734,2.3224437417992183
independent,linear_10h,26,12.0,5.0,0.9475315065540668,2.4696770415050695
independent,linear_10h,27,12.0,5.0,0.9582951221921654,2.6102016295517894
independent,linear_10h,28,12.0,5.0,0.9262262882146377,2.62456320104123
independent,linear_10h,29,12.0,5.0,0.9209883859586654,2.688756083355659
independent,linear_10h,30,12.0,5.0,0.8993292768368022,2.7407979193234677
independent,linear_10h,31,12.0,5.0,0.8691066606169473,2.793410485503811
independent,linear_10h,32,12.0,5.0,0.8549838857547121,2.857499394881624
independent,linear_10h,33,12.0,5.0,0.8599672335823705,2.9115211114217443
independent,linear_10h,34,12.0,5.0,0.8619500679442949,2.910366547454779
independent,linear_10h,35,12.0,5.0,0.8622939835838395,3.0064404185788707
independent,linear_10h,36,12.0,5.0,0.8751916279555072,3.089827958489799
independent,linear_10h,37,12.0,5.0,0.8858249228102633,3.1467018911564226
independent,linear_10h,38,12.0,5.0,0.8991793255788805,3.2517867072819007
independent,linear_10h,39,12.0,5.0,0.9030653435294189,3.3568978643991665
independent,linear_10h,40,12.0,5.0,0.8900560869591345,3.4250650996476173
independent,linear_10h,41,12.0,5.0,0.8991811720407972,3.5481456273963596
independent,linear_10h,42,12.0,5.0,0.9167079897461239,3.5910997139173784
independent,linear_10h,43,12.0,5.0,1.009917950736372,3.6440368813201562
independent,linear_10h,44,12.0,5.0,1.07606322721161,3.7142688130039625
independent,linear_10h,45,12.0,5.0,1.1274507365258701,3.775399398142021
independent,linear_10h,46,12.0,5.0,1.175571561732136,3.8747019228811075
independent,linear_10h,47,12.0,5.0,1.237759316635767,3.9635599606703265
independent,linear_10h,48,12.0,5.0,1.2873074852494115,4.055543407528028
independent,linear_10h,49,12.0,5.0,1.3231969794253784,4.126324347423549
independent,linear_10h,50,12.0,5.0,1.3568872309623004,4.220946282399041
independent,linear_10h,51,12.0,5.0,1.3925371738021886,4.325087894069268
independent,linear_10h,52,12.0,5.0,1.4255932645887315,4.382299212726681
independent,linear_10h,53,12.0,5.0,1.4613567508458658,4.442669092741447
independent,linear_10h,54,12.0,5.0,1.4982795074263588,4.483377744212769
independent,linear_10h,55,12.0,5.0,1.5269964983263495,4.52648815194856
independent,linear_10h,56,12.0,5.0,1.5537080554600013,4.582062914598217
independent,linear_10h,57,12.0,5.0,1.5704069137052024,4.650084586477221
independent,linear_10h,58,12.0,5.0,1.5826807493596107,4.704545316895548
independent,linear_10h,59,12.0,5.0,1.5938700356629143,4.746053104783399
independent,linear_10h,60,12.0,5.0,1.6035176909613202,4.7966097586690015
independent,linear_10h,61,12.0,5.0,1.6671146156964634,4.8491104798516815
independent,linear_10h,62,12.0,5.0,1.7394452360309565,4.896594370776897
independent,linear_10h,63,12.0,5.0,1.8153595243516119,4.9457578960684145
independent,linear_10h,64,12.0,5.0,1.8931516782009883,4.992800004674969
independent,linear_10h,65,12.0,5.0,1.974042343688076,5.044839514109345
independent,linear_10h,66,12.0,5.0,2.0561052828071302,5.098619360439338
independent,linear_10h,67,12.0,5.0,2.144882576457441,5.196256038665226
independent,linear_10h,68,12.0,5.0,2.227792842834675,5.293760364698907
independent,linear_10h,69,12.0,5.0,2.316476077023233,5.3942104519415945
independent,linear_10h,70,12.0,5.0,2.406625457972078,5.500286307712576
independent,linear_10h,71,12.0,5.0,2.501241310551161,5.604369506320239
independent,linear_10h,72,12.0,5.0,2.5949411184980287,5.703482164045082
independent,linear_10h,73,12.0,5.0,2.6913455536100805,5.80211157379551
independent,linear_10h,74,12.0,5.0,2.794052894537513,5.90719623012419
independent,linear_10h,75,12.0,5.0,2.900796399065153,6.011452306464493
independent,linear_10h,76,12.0,5.0,3.007744457978845,6.117944286377752
independent,linear_10h,77,12.0,5.0,3.117625506103283,6.22297554874327
independent,linear_10h,78,12.0,5.0,3.226414162591462,6.321846346098781
independent,linear_10h,79,12.0,5.0,3.3389918903082405,6.423076118611548
independent,linear_10h,80,12.0,5.0,3.4531401929239314,6.526083224848178
independent,linear_10h,81,12.0,5.0,3.5691031699702114,6.625305984056751
independent,linear_10h,82,12.0,5.0,3.6889853723549804,6.725442618339605
independent,linear_10h,83,12.0,5.0,3.8053296882633036,6.823140968959485
independent,linear_10h,84,12.0,5.0,3.9290638348857154,6.923916403561758
independent,linear_10h,85,12.0,5.0,4.052308809573324,7.0231141614159664
independent,linear_10h,86,12.0,5.0,4.177660054246357,7.125059095785646
independent,linear_10h,87,12.0,5.0,4.306705071334771,7.227757739323248
independent,linear_10h,88,12.0,5.0,4.432457544435464,7.323038869591669
independent,linear_10h,89,12.0,5.0,4.566713368237085,7.42250174119814
independent,linear_10h,90,12.0,5.0,4.704527769438638,7.5195658974297475
independent,linear_10h,91,12.0,5.0,4.843536594994502,7.61862257561623
independent,linear_10h,92,12.0,5.0,4.98065043339857,7.717832985548911
independent,linear_10h,93,12.0,5.0,5.113795695595402,7.812759012103188
independent,linear_10h,94,12.0,5.0,5.247315268975261,7.9065265513355465
independent,linear_10h,95,12.0,5.0,5.377756135834311,7.999538153359653
independent,linear_10h,96,12.0,5.0,5.502487817933455,8.090245121836626
independent,linear_10h,97,12.0,5.0,5.615023196684832,8.179465076642177
independent,linear_10h,98,12.0,5.0,5.725851299441476,8.268289588763778
independent,linear_10h,99,12.0,5.0,5.829945133659886,8.355000194987694
independent,linear_10h,100,12.0,5.0,5.929580041507276,8.443289127666631
independent,linear_10h,20,12.0,12.0,0.7666523197771724,1.9393677700510814
independent,linear_10h,21,12.0,12.0,0.84616588097437,1.9901924183790332
independent,linear_10h,22,12.0,12.0,0.8709279781307977,2.1290400607886006
independent,linear_10h,23,12.0,12.0,0.9299775447469516,2.2503423860432026
independent,linear_10h,24,12.0,12.0,0.8882857928419252,2.24116286561038
independent,linear_10h,25,12.0,12.0,0.9083282305049512,2.3224437417992183
independent,linear_10h,26,12.0,12.0,0.9475315065540446,2.4696770415050473
independent,linear_10h,27,12.0,12.0,0.9582951221921654,2.610201629551767
independent,linear_10h,28,12.0,12.0,0.9262262882146821,2.6245632010412745
independent,linear_10h,29,12.0,12.0,0.9209883859586876,2.688756083355681
independent,linear_10h,30,12.0,12.0,0.8993292768368244,2.740797919323512
independent,linear_10h,31,12.0,12.0,0.8691066606168807,2.7934104855037445
independent,linear_10h,32,12.0,12.0,0.8549838857547343,2.8574993948816463
independent,linear_10h,33,12.0,12.0,0.8599672335823483,2.9115211114217665
independent,linear_10h,34,12.0,12.0,0.8619500679442504,2.910366547454757
independent,linear_10h,35,12.0,12.0,0.8622939835838395,3.0064404185788485
independent,linear_10h,36,12.0,12.0,0.8751916279554628,3.0898279584897548
independent,linear_10h,37,12.0,12.0,0.8858249228102411,3.1467018911564004
independent,linear_10h,38,12.0,12.0,0.8991793255788361,3.2517867072818785
independent,linear_10h,39,12.0,12.0,0.9030653435294189,3.3568978643991443
independent,linear_10h,40,12.0,12.0,0.8900560869591345,3.4250650996476173
independent,linear_10h,41,12.0,12.0,0.8991811720407972,3.5481456273963374
independent,linear_10h,42,12.0,12.0,0.9167079897461239,3.591099713917356
independent,linear_10h,43,12.0,12.0,1.0099179507363942,3.6440368813201562
independent,linear_10h,44,12.0,12.0,1.07606322721161,3.7142688130039625
independent,linear_10h,45,12.0,12.0,1.1274507365258257,3.7753993981419987
independent,linear_10h,46,12.0,12.0,1.1755715617321139,3.8747019228811075
independent,linear_10h,47,12.0,12.0,1.237759316635767,3.9635599606703265
independent,linear_10h,48,12.0,12.0,1.287307485249456,4.055543407528006
independent,linear_10h,49,12.0,12.0,1.3231969794253562,4.1263243474235045
independent,linear_10h,50,12.0,12.0,1.3568872309622781,4.220946282399085
independent,linear_10h,51,12.0,12.0,1.3925371738021664,4.3250878940692905
independent,linear_10h,52,12.0,12.0,1.4255932645887759,4.382299212726637
independent,linear_10h,53,12.0,12.0,1.4613567508458658,4.442669092741425
independent,linear_10h,54,12.0,12.0,1.4982795074263366,4.483377744212769
independent,linear_10h,55,12.0,12.0,1.5269964983263495,4.526488151948516
independent,linear_10h,56,12.0,12.0,1.553708055459957,4.582062914598195
independent,linear_10h,57,12.0,12.0,1.5704069137051802,4.650084586477221
independent,linear_10h,58,12.0,12.0,1.5826807493596107,4.70454531689557
independent,linear_10h,59,12.0,12.0,1.5938700356629365,4.7460531047833765
independent,linear_10h,60,12.0,12.0,1.6035176909613202,4.7966097586690015
independent,linear_10h,61,12.0,12.0,1.6671146156964856,4.849110479851637
independent,linear_10h,62,12.0,12.0,1.7394452360309787,4.896594370776919
independent,linear_10h,63,12.0,12.0,1.8153595243516119,4.9457578960684145
independent,linear_10h,64,12.0,12.0,1.8931516782010105,4.992800004674991
independent,linear_10h,65,12.0,12.0,1.9740423436881205,5.044839514109345
independent,linear_10h,66,12.0,12.0,2.0561052828071524,5.09861936043936
independent,linear_10h,67,12.0,12.0,2.1448825764574186,5.196256038665248
independent,linear_10h,68,12.0,12.0,2.227792842834697,5.2937603646989295
independent,linear_10h,69,12.0,12.0,2.3164760770232773,5.394210451941617
independent,linear_10h,70,12.0,12.0,2.4066254579721003,5.500286307712576
independent,linear_10h,71,12.0,12.0,2.5012413105512055,5.604369506320239
independent,linear_10h,72,12.0,12.0,2.594941118498051,5.703482164045082
independent,linear_10h,73,12.0,12.0,2.6913455536100805,5.80211157379551
independent,linear_10h,74,12.0,12.0,2.794052894537491,5.90719623012419
independent,linear_10h,75,12.0,12.0,2.900796399065153,6.011452306464515
independent,linear_10h,76,12.0,12.0,3.007744457978867,6.117944286377774
independent,linear_10h,77,12.0,12.0,3.1176255061033498,6.2229755487432925
independent,linear_10h,78,12.0,12.0,3.22641416259144,6.321846346098714
independent,linear_10h,79,12.0,12.0,3.338991890308285,6.423076118611504
independent,linear_10h,80,12.0,12.0,3.4531401929239536,6.526083224848223
independent,linear_10h,81,12.0,12.0,3.5691031699702336,6.6253059840567285
independent,linear_10h,82,12.0,12.0,3.6889853723549804,6.725442618339605
independent,linear_10h,83,12.0,12.0,3.8053296882633036,6.823140968959485
independent,linear_10h,84,12.0,12.0,3.9290638348857376,6.923916403561736
independent,linear_10h,85,12.0,12.0,4.052308809573368,7.023114161415944
independent,linear_10h,86,12.0,12.0,4.177660054246335,7.125059095785624
independent,linear_10h,87,12.0,12.0,4.306705071334771,7.227757739323248
independent,linear_10h,88,12.0,12.0,4.432457544435442,7.323038869591669
independent,linear_10h,89,12.0,12.0,4.566713368237063,7.422501741198118
independent,linear_10h,90,12.0,12.0,4.70452776943866,7.5195658974297475
independent,linear_10h,91,12.0,12.0,4.843536594994502,7.618622575616185
independent,linear_10h,92,12.0,12.0,4.98065043339857,7.717832985548911
independent,linear_10h,93,12.0,12.0,5.1137956955954245,7.812759012103188
independent,linear_10h,94,12.0,12.0,5.247315268975283,7.906526551335524
independent,linear_10h,95,12.0,12.0,5.377756135834311,7.999538153359653
independent,linear_10h,96,12.0,12.0,5.502487817933455,8.090245121836649
independent,linear_10h,97,12.0,12.0,5.615023196684854,8.179465076642156
independent,linear_10h,98,12.0,12.0,5.725851299441476,8.268289588763732
independent,linear_10h,99,12.0,12.0,5.829945133659886,8.35500019498765
independent,linear_10h,100,12.0,12.0,5.929580041507276,8.44328912766661
independent,linear_10h,20,24.0,1.0,0.7666523197771724,1.9393677700510592
independent,linear_10h,21,24.0,1.0,0.84616588097437,1.9901924183790554
independent,linear_10h,22,24.0,1.0,0.8709279781307755,2.1290400607886006
independent,linear_10h,23,24.0,1.0,0.9299775447469516,2.2503423860432026
independent,linear_10h,24,24.0,1.0,0.8882857928419474,2.241162865610402
independent,linear_10h,25,24.0,1.0,0.9083282305049512,2.322443741799174
independent,linear_10h,26,24.0,1.0,0.9475315065540224,2.4696770415050695
independent,linear_10h,27,24.0,1.0,0.958295122192121,2.610201629551745
independent,linear_10h,28,24.0,1.0,0.9262262882146599,2.62456320104123
independent,linear_10h,29,24.0,1.0,0.9209883859586654,2.688756083355659
independent,linear_10h,30,24.0,1.0,0.89932927683678,2.7407979193234455
independent,linear_10h,31,24.0,1.0,0.8691066606169029,2.7934104855037667
independent,linear_10h,32,24.0,1.0,0.8549838857547343,2.857499394881624
independent,linear_10h,33,24.0,1.0,0.8599672335823483,2.9115211114217665
independent,linear_10h,34,24.0,1.0,0.8619500679442504,2.9103665474547347
independent,linear_10h,35,24.0,1.0,0.8622939835838395,3.0064404185788707
independent,linear_10h,36,24.0,1.0,0.875191627955485,3.089827958489777
independent,linear_10h,37,24.0,1.0,0.8858249228102189,3.146701891156378
independent,linear_10h,38,24.0,1.0,0.8991793255788361,3.2517867072818785
independent,linear_10h,39,24.0,1.0,0.9030653435294189,3.3568978643991443
independent,linear_10h,40,24.0,1.0,0.8900560869591567,3.4250650996476395
independent,linear_10h,41,24.0,1.0,0.8991811720407972,3.5481456273963596
independent,linear_10h,42,24.0,1.0,0.9167079897461239,3.5910997139173784
independent,linear_10h,43,24.0,1.0,1.0099179507363942,3.6440368813201562
independent,linear_10h,44,24.0,1.0,1.0760632272116322,3.7142688130039625
independent,linear_10h,45,24.0,1.0,1.127450736525848,3.7753993981419987
independent,linear_10h,46,24.0,1.0,1.1755715617321139,3.8747019228811297
independent,linear_10h,47,24.0,1.0,1.2377593166357448,3.9635599606703265
independent,linear_10h,48,24.0,1.0,1.2873074852494337,4.055543407528006
independent,linear_10h,49,24.0,1.0,1.3231969794253562,4.1263243474235045
independent,linear_10h,50,24.0,1.0,1.3568872309623004,4.220946282399063
independent,linear_10h,51,24.0,1.0,1.3925371738022108,4.3250878940692905
independent,linear_10h,52,24.0,1.0,1.4255932645887093,4.382299212726659
independent,linear_10h,53,24.0,1.0,1.4613567508458436,4.442669092741447
independent,linear_10h,54,24.0,1.0,1.4982795074263366,4.4833777442127465
independent,linear_10h,55,24.0,1.0,1.5269964983263495,4.52648815194856
independent,linear_10h,56,24.0,1.0,1.5537080554600013,4.582062914598195
independent,linear_10h,57,24.0,1.0,1.5704069137051802,4.650084586477199
independent,linear_10h,58,24.0,1.0,1.5826807493596107,4.704545316895548
independent,linear_10h,59,24.0,1.0,1.5938700356629143,4.7460531047833765
independent,linear_10h,60,24.0,1.0,1.6035176909613647,4.796609758669024
independent,linear_10h,61,24.0,1.0,1.6671146156964856,4.8491104798516815
independent,linear_10h,62,24.0,1.0,1.7394452360309565,4.896594370776897
independent,linear_10h,63,24.0,1.0,1.815359524351634,4.945757896068392
independent,linear_10h,64,24.0,1.0,1.8931516782010105,4.992800004674969
independent,linear_10h,65,24.0,1.0,1.9740423436881205,5.044839514109345
independent,linear_10h,66,24.0,1.0,2.0561052828071524,5.098619360439405
independent,linear_10h,67,24.0,1.0,2.1448825764573964,5.1962560386652035
independent,linear_10h,68,24.0,1.0,2.2277928428347193,5.293760364698907
independent,linear_10h,69,24.0,1.0,2.3164760770232995,5.3942104519415945
independent,linear_10h,70,24.0,1.0,2.4066254579721225,5.500286307712554
independent,linear_10h,71,24.0,1.0,2.5012413105511833,5.604369506320239
independent,linear_10h,72,24.0,1.0,2.5949411184980287,5.703482164045104
independent,linear_10h,73,24.0,1.0,2.6913455536100583,5.802111573795465
independent,linear_10h,74,24.0,1.0,2.794052894537513,5.907196230124145
independent,linear_10h,75,24.0,1.0,2.900796399065131,6.011452306464515
independent,linear_10h,76,24.0,1.0,3.007744457978867,6.117944286377752
independent,linear_10h,77,24.0,1.0,3.1176255061033276,6.222975548743248
independent,linear_10h,78,24.0,1.0,3.22641416259144,6.321846346098781
independent,linear_10h,79,24.0,1.0,3.3389918903082627,6.423076118611548
independent,linear_10h,80,24.0,1.0,3.453140192923909,6.526083224848178
independent,linear_10h,81,24.0,1.0,3.569103169970256,6.6253059840567285
independent,linear_10h,82,24.0,1.0,3.6889853723549804,6.725442618339628
independent,linear_10h,83,24.0,1.0,3.8053296882633036,6.823140968959485
independent,linear_10h,84,24.0,1.0,3.9290638348857376,6.923916403561781
independent,linear_10h,85,24.0,1.0,4.052308809573368,7.023114161415944
independent,linear_10h,86,24.0,1.0,4.177660054246335,7.125059095785624
independent,linear_10h,87,24.0,1.0,4.306705071334793,7.227757739323248
independent,linear_10h,88,24.0,1.0,4.432457544435464,7.3230388695916915
independent,linear_10h,89,24.0,1.0,4.566713368237085,7.42250174119814
independent,linear_10h,90,24.0,1.0,4.704527769438682,7.51956589742977
independent,linear_10h,91,24.0,1.0,4.843536594994502,7.61862257561623
independent,linear_10h,92,24.0,1.0,4.98065043339857,7.717832985548889
independent,linear_10h,93,24.0,1.0,5.113795695595402,7.812759012103165
independent,linear_10h,94,24.0,1.0,5.247315268975261,7.906526551335524
independent,linear_10h,95,24.0,1.0,5.377756135834333,7.999538153359653
independent,linear_10h,96,24.0,1.0,5.5024878179334324,8.090245121836649
independent,linear_10h,97,24.0,1.0,5.615023196684854,8.179465076642177
independent,linear_10h,98,24.0,1.0,5.725851299441476,8.268289588763711
independent,linear_10h,99,24.0,1.0,5.829945133659931,8.355000194987694
independent,linear_10h,100,24.0,1.0,5.929580041507299,8.44328912766661
independent,linear_10h,20,24.0,5.0,0.7666523197771502,1.939367770051037
independent,linear_10h,21,24.0,5.0,0.84616588097437,1.9901924183790554
independent,linear_10h,22,24.0,5.0,0.8709279781307755,2.1290400607886006
independent,linear_10h,23,24.0,5.0,0.9299775447469516,2.250342386043225
independent,linear_10h,24,24.0,5.0,0.8882857928419474,2.2411628656104243
independent,linear_10h,25,24.0,5.0,0.9083282305049512,2.322443741799196
independent,linear_10h,26,24.0,5.0,0.947531506554089,2.4696770415050917
independent,linear_10h,27,24.0,5.0,0.9582951221921432,2.610201629551745
independent,linear_10h,28,24.0,5.0,0.9262262882146155,2.624563201041208
independent,linear_10h,29,24.0,5.0,0.9209883859586876,2.688756083355681
independent,linear_10h,30,24.0,5.0,0.8993292768368022,2.74079791932349
independent,linear_10h,31,24.0,5.0,0.8691066606169251,2.793410485503789
independent,linear_10h,32,24.0,5.0,0.8549838857547121,2.857499394881624
independent,linear_10h,33,24.0,5.0,0.8599672335823483,2.9115211114217665
independent,linear_10h,34,24.0,5.0,0.8619500679442726,2.910366547454757
independent,linear_10h,35,24.0,5.0,0.8622939835838395,3.0064404185788707
independent,linear_10h,36,24.0,5.0,0.875191627955485,3.089827958489799
independent,linear_10h,37,24.0,5.0,0.8858249228102411,3.1467018911564004
independent,linear_10h,38,24.0,5.0,0.8991793255788361,3.2517867072819007
independent,linear_10h,39,24.0,5.0,0.9030653435293967,3.3568978643991665
independent,linear_10h,40,24.0,5.0,0.8900560869591123,3.425065099647595
independent,linear_10h,41,24.0,5.0,0.8991811720407972,3.5481456273963374
independent,linear_10h,42,24.0,5.0,0.9167079897461239,3.5910997139173784
independent,linear_10h,43,24.0,5.0,1.0099179507363498,3.6440368813201562
independent,linear_10h,44,24.0,5.0,1.0760632272115878,3.7142688130039403
independent,linear_10h,45,24.0,5.0,1.1274507365258257,3.7753993981419764
independent,linear_10h,46,24.0,5.0,1.1755715617320917,3.8747019228811297
independent,linear_10h,47,24.0,5.0,1.2377593166357448,3.9635599606703265
independent,linear_10h,48,24.0,5.0,1.2873074852494115,4.0555434075280505
independent,linear_10h,49,24.0,5.0,1.3231969794253562,4.126324347423482
independent,linear_10h,50,24.0,5.0,1.3568872309622781,4.220946282399063
independent,linear_10h,51,24.0,5.0,1.3925371738021886,4.3250878940692905
independent,linear_10h,52,24.0,5.0,1.4255932645887093,4.3822992127267035
independent,linear_10h,53,24.0,5.0,1.4613567508458436,4.442669092741425
independent,linear_10h,54,24.0,5.0,1.4982795074263144,4.4833777442127465
independent,linear_10h,55,24.0,5.0,1.5269964983263273,4.52648815194856
independent,linear_10h,56,24.0,5.0,1.5537080554600013,4.582062914598173
independent,linear_10h,57,24.0,5.0,1.570406913705158,4.650084586477199
independent,linear_10h,58,24.0,5.0,1.5826807493595885,4.704545316895548
independent,linear_10h,59,24.0,5.0,1.5938700356629143,4.746053104783354
independent,linear_10h,60,24.0,5.0,1.6035176909613202,4.796609758668979
independent,linear_10h,61,24.0,5.0,1.6671146156964634,4.849110479851637
independent,linear_10h,62,24.0,5.0,1.7394452360309565,4.896594370776874
independent,linear_10h,63,24.0,5.0,1.8153595243516119,4.9457578960684145
independent,linear_10h,64,24.0,5.0,1.8931516782009883,4.992800004674947
independent,linear_10h,65,24.0,5.0,1.9740423436881205,5.044839514109345
independent,linear_10h,66,24.0,5.0,2.0561052828071524,5.09861936043936
independent,linear_10h,67,24.0,5.0,2.1448825764573964,5.196256038665181
independent,linear_10h,68,24.0,5.0,2.2277928428347193,5.2937603646989295
independent,linear_10h,69,24.0,5.0,2.316476077023255,5.394210451941617
independent,linear_10h,70,24.0,5.0,2.4066254579721003,5.500286307712576
independent,linear_10h,71,24.0,5.0,2.50124131055125,5.604369506320261
independent,linear_10h,72,24.0,5.0,2.5949411184980287,5.703482164045104
independent,linear_10h,73,24.0,5.0,2.6913455536100583,5.80211157379551
independent,linear_10h,74,24.0,5.0,2.794052894537513,5.907196230124168
independent,linear_10h,75,24.0,5.0,2.9007963990651753,6.011452306464515
independent,linear_10h,76,24.0,5.0,3.0077444579788892,6.117944286377774
independent,linear_10h,77,24.0,5.0,3.1176255061033054,6.222975548743248
independent,linear_10h,78,24.0,5.0,3.226414162591462,6.321846346098758
independent,linear_10h,79,24.0,5.0,3.338991890308285,6.423076118611526
independent,linear_10h,80,24.0,5.0,3.4531401929239536,6.5260832248482
independent,linear_10h,81,24.0,5.0,3.569103169970278,6.6253059840567285
independent,linear_10h,82,24.0,5.0,3.6889853723550026,6.725442618339583
independent,linear_10h,83,24.0,5.0,3.805329688263326,6.823140968959485
independent,linear_10h,84,24.0,5.0,3.929063834885693,6.923916403561736
independent,linear_10h,85,24.0,5.0,4.052308809573324,7.023114161415944
independent,linear_10h,86,24.0,5.0,4.177660054246335,7.125059095785646
independent,linear_10h,87,24.0,5.0,4.306705071334793,7.227757739323248
independent,linear_10h,88,24.0,5.0,4.432457544435464,7.323038869591647
independent,linear_10h,89,24.0,5.0,4.566713368237041,7.422501741198095
independent,linear_10h,90,24.0,5.0,4.704527769438638,7.519565897429725
independent,linear_10h,91,24.0,5.0,4.843536594994502,7.618622575616207
independent,linear_10h,92,24.0,5.0,4.980650433398548,7.717832985548889
independent,linear_10h,93,24.0,5.0,5.113795695595402,7.812759012103165
independent,linear_10h,94,24.0,5.0,5.247315268975261,7.906526551335524
independent,linear_10h,95,24.0,5.0,5.3777561358342885,7.999538153359631
independent,linear_10h,96,24.0,5.0,5.5024878179334324,8.090245121836649
independent,linear_10h,97,24.0,5.0,5.615023196684854,8.179465076642156
independent,linear_10h,98,24.0,5.0,5.725851299441476,8.268289588763711
independent,linear_10h,99,24.0,5.0,5.829945133659886,8.355000194987628
independent,linear_10h,100,24.0,5.0,5.929580041507276,8.443289127666587
independent,linear_10h,20,24.0,12.0,0.7666523197771946,1.9393677700510592
independent,linear_10h,21,24.0,12.0,0.8461658809743478,1.9901924183790332
independent,linear_10h,22,24.0,12.0,0.8709279781307533,2.1290400607885784
independent,linear_10h,23,24.0,12.0,0.9299775447469738,2.250342386043225
independent,linear_10h,24,24.0,12.0,0.8882857928419474,2.241162865610402
independent,linear_10h,25,24.0,12.0,0.9083282305049512,2.3224437417992183
independent,linear_10h,26,24.0,12.0,0.9475315065540668,2.4696770415050695
independent,linear_10h,27,24.0,12.0,0.9582951221921654,2.610201629551745
independent,linear_10h,28,24.0,12.0,0.9262262882146599,2.62456320104123
independent,linear_10h,29,24.0,12.0,0.9209883859586654,2.688756083355659
independent,linear_10h,30,24.0,12.0,0.8993292768368022,2.74079791932349
independent,linear_10h,31,24.0,12.0,0.8691066606169251,2.793410485503789
independent,linear_10h,32,24.0,12.0,0.8549838857547121,2.857499394881624
independent,linear_10h,33,24.0,12.0,0.8599672335823483,2.9115211114217665
independent,linear_10h,34,24.0,12.0,0.8619500679442726,2.9103665474547125
independent,linear_10h,35,24.0,12.0,0.8622939835838395,3.006440418578893
independent,linear_10h,36,24.0,12.0,0.8751916279555072,3.089827958489777
independent,linear_10h,37,24.0,12.0,0.8858249228102633,3.1467018911564226
independent,linear_10h,38,24.0,12.0,0.8991793255788361,3.2517867072819007
independent,linear_10h,39,24.0,12.0,0.9030653435294189,3.3568978643991443
independent,linear_10h,40,24.0,12.0,0.8900560869591567,3.4250650996476617
independent,linear_10h,41,24.0,12.0,0.8991811720407972,3.5481456273963374
independent,linear_10h,42,24.0,12.0,0.9167079897461239,3.5910997139174006
independent,linear_10h,43,24.0,12.0,1.009917950736372,3.6440368813201562
independent,linear_10h,44,24.0,12.0,1.0760632272116322,3.7142688130039403
independent,linear_10h,45,24.0,12.0,1.127450736525848,3.7753993981419764
independent,linear_10h,46,24.0,12.0,1.1755715617320917,3.8747019228811297
independent,linear_10h,47,24.0,12.0,1.237759316635767,3.9635599606703487
independent,linear_10h,48,24.0,12.0,1.2873074852494337,4.055543407528006
independent,linear_10h,49,24.0,12.0,1.3231969794253562,4.126324347423527
independent,linear_10h,50,24.0,12.0,1.356887230962256,4.220946282399041
independent,linear_10h,51,24.0,12.0,1.3925371738022108,4.3250878940692905
independent,linear_10h,52,24.0,12.0,1.4255932645887537,4.382299212726659
independent,linear_10h,53,24.0,12.0,1.4613567508458436,4.442669092741447
independent,linear_10h,54,24.0,12.0,1.4982795074263366,4.483377744212791
independent,linear_10h,55,24.0,12.0,1.5269964983263717,4.52648815194856
independent,linear_10h,56,24.0,12.0,1.5537080554599791,4.582062914598195
independent,linear_10h,57,24.0,12.0,1.5704069137052024,4.650084586477199
independent,linear_10h,58,24.0,12.0,1.5826807493595663,4.704545316895525
independent,linear_10h,59,24.0,12.0,1.5938700356629365,4.7460531047833765
independent,linear_10h,60,24.0,12.0,1.6035176909613202,4.796609758668979
independent,linear_10h,61,24.0,12.0,1.6671146156964856,4.8491104798516815
independent,linear_10h,62,24.0,12.0,1.7394452360309565,4.896594370776874
independent,linear_10h,63,24.0,12.0,1.815359524351634,4.945757896068392
independent,linear_10h,64,24.0,12.0,1.8931516782010105,4.992800004674969
independent,linear_10h,65,24.0,12.0,1.9740423436880983,5.044839514109323
independent,linear_10h,66,24.0,12.0,2.0561052828071524,5.098619360439338
independent,linear_10h,67,24.0,12.0,2.1448825764573964,5.196256038665226
independent,linear_10h,68,24.0,12.0,2.2277928428347193,5.293760364698907
independent,linear_10h,69,24.0,12.0,2.3164760770232773,5.394210451941617
independent,linear_10h,70,24.0,12.0,2.4066254579721003,5.500286307712576
independent,linear_10h,71,24.0,12.0,2.5012413105512277,5.604369506320261
independent,linear_10h,72,24.0,12.0,2.5949411184980287,5.703482164045104
independent,linear_10h,73,24.0,12.0,2.6913455536100583,5.80211157379551
independent,linear_10h,74,24.0,12.0,2.794052894537513,5.907196230124212
independent,linear_10h,75,24.0,12.0,2.900796399065153,6.011452306464515
independent,linear_10h,76,24.0,12.0,3.007744457978867,6.117944286377752
independent,linear_10h,77,24.0,12.0,3.1176255061033054,6.222975548743248
independent,linear_10h,78,24.0,12.0,3.22641416259144,6.321846346098758
independent,linear_10h,79,24.0,12.0,3.338991890308285,6.423076118611526
independent,linear_10h,80,24.0,12.0,3.4531401929239314,6.5260832248482
independent,linear_10h,81,24.0,12.0,3.5691031699702336,6.625305984056706
independent,linear_10h,82,24.0,12.0,3.6889853723550026,6.725442618339628
independent,linear_10h,83,24.0,12.0,3.8053296882633036,6.823140968959462
independent,linear_10h,84,24.0,12.0,3.9290638348857154,6.923916403561758
independent,linear_10h,85,24.0,12.0,4.052308809573346,7.023114161415944
independent,linear_10h,86,24.0,12.0,4.177660054246357,7.1250590957856685
independent,linear_10h,87,24.0,12.0,4.306705071334771,7.227757739323248
independent,linear_10h,88,24.0,12.0,4.432457544435464,7.323038869591714
independent,linear_10h,89,24.0,12.0,4.566713368237019,7.42250174119814
independent,linear_10h,90,24.0,12.0,4.70452776943866,7.51956589742977
independent,linear_10h,91,24.0,12.0,4.843536594994502,7.61862257561623
independent,linear_10h,92,24.0,12.0,4.98065043339857,7.717832985548889
independent,linear_10h,93,24.0,12.0,5.113795695595402,7.812759012103165
independent,linear_10h,94,24.0,12.0,5.247315268975261,7.9065265513355465
independent,linear_10h,95,24.0,12.0,5.377756135834311,7.999538153359653
independent,linear_10h,96,24.0,12.0,5.5024878179334324,8.09024512183667
independent,linear_10h,97,24.0,12.0,5.615023196684876,8.179465076642135
independent,linear_10h,98,24.0,12.0,5.725851299441453,8.268289588763711
independent,linear_10h,99,24.0,12.0,5.829945133659908,8.355000194987628
independent,linear_10h,100,24.0,12.0,5.929580041507276,8.443289127666631
independent,recommended_10h,20,4.0,1.0,0.773523412722743,1.9364501675042778
independent,recommended_10h,21,4.0,1.0,0.8537274689014662,1.9978397870314302
independent,recommended_10h,22,4.0,1.0,0.8792115426887959,2.126605987756358
independent,recommended_10h,23,4.0,1.0,0.9387227666367792,2.259202012828321
independent,recommended_10h,24,4.0,1.0,0.8975942399835457,2.2235298578390017
independent,recommended_10h,25,4.0,1.0,0.9177796572304109,2.321147603018203
independent,recommended_10h,26,4.0,1.0,0.9505666566697935,2.4475504384779523
independent,recommended_10h,27,4.0,1.0,0.9615568113593431,2.5424397471861537
independent,recommended_10h,28,4.0,1.0,0.9297400636402608,2.624085276929433
independent,recommended_10h,29,4.0,1.0,0.9208214813468896,2.6885862551837114
independent,recommended_10h,30,4.0,1.0,0.8995337021548533,2.7410060755168164
independent,recommended_10h,31,4.0,1.0,0.8696370327861302,2.7939509757084258
independent,recommended_10h,32,4.0,1.0,0.8557759289175682,2.8583071643740743
independent,recommended_10h,33,4.0,1.0,0.8640881483603424,2.9125736181029316
independent,recommended_10h,34,4.0,1.0,0.8661919146319752,2.9117212697900463
independent,recommended_10h,35,4.0,1.0,0.8665955316687013,3.0079656671786914
independent,recommended_10h,36,4.0,1.0,0.8794765473624899,3.0915349906095235
independent,recommended_10h,37,4.0,1.0,0.8901006810945633,3.148558403065538
independent,recommended_10h,38,4.0,1.0,0.9034235357175513,3.2537276909202495
independent,recommended_10h,39,4.0,1.0,0.9072814602038681,3.3589557846500417
independent,recommended_10h,40,4.0,1.0,0.8942798074381031,3.4272202911035166
independent,recommended_10h,41,4.0,1.0,0.9033940616396618,3.550323988424209
independent,recommended_10h,42,4.0,1.0,0.9108875358143198,3.5933662381230524
independent,recommended_10h,43,4.0,1.0,1.0039610035460944,3.646394672026987
independent,recommended_10h,44,4.0,1.0,1.0700476864756059,3.716748820930249
independent,recommended_10h,45,4.0,1.0,1.1214443474861113,3.777876670512925
independent,recommended_10h,46,4.0,1.0,1.1696476831289049,3.8771216741537495
independent,recommended_10h,47,4.0,1.0,1.2319284263277552,3.9659038583140127
independent,recommended_10h,48,4.0,1.0,1.2816228856123324,4.057808211540204
independent,recommended_10h,49,4.0,1.0,1.3177438812869813,4.1285540386236
independent,recommended_10h,50,4.0,1.0,1.3517132530478815,4.223152066957403
independent,recommended_10h,51,4.0,1.0,1.3876593611706678,4.327237375911408
independent,recommended_10h,52,4.0,1.0,1.421031476700918,4.384419520099581
independent,recommended_10h,53,4.0,1.0,1.4570799467006346,4.444825468488278
independent,recommended_10h,54,4.0,1.0,1.4942564716944329,4.485602172796699
independent,recommended_10h,55,4.0,1.0,1.5232372975776398,4.528817601011914
independent,recommended_10h,56,4.0,1.0,1.5534395553168379,4.58447220888758
independent,recommended_10h,57,4.0,1.0,1.6218142802021163,4.652635964286245
independent,recommended_10h,58,4.0,1.0,1.688469687282801,4.707249630732568
independent,recommended_10h,59,4.0,1.0,1.758305480539435,4.7489085953258625
independent,recommended_10h,60,4.0,1.0,1.8254472412262412,4.799629132631322
independent,recommended_10h,61,4.0,1.0,1.8968213276007617,4.85230043184306
independent,recommended_10h,62,4.0,1.0,1.9661897694118968,4.899924327601712
independent,recommended_10h,63,4.0,1.0,2.038490312880481,4.949238481032703
independent,recommended_10h,64,4.0,1.0,2.1120790371825793,4.996437645199303
independent,recommended_10h,65,4.0,1.0,2.188003905529512,5.048620296084239
independent,recommended_10h,66,4.0,1.0,2.264366749258362,5.102297405293621
independent,recommended_10h,67,4.0,1.0,2.3467116312347436,5.199928807516541
independent,recommended_10h,68,4.0,1.0,2.422850608723892,5.297427326975002
independent,recommended_10h,69,4.0,1.0,2.5039558485615565,5.397874896892274
independent,recommended_10h,70,4.0,1.0,2.5856999549846105,5.503931145084473
independent,recommended_10h,71,4.0,1.0,2.671148985165117,5.608007321161668
independent,recommended_10h,72,4.0,1.0,2.754830246019191,5.70713717662934
independent,recommended_10h,73,4.0,1.0,2.840727237617502,5.805775535699809
independent,recommended_10h,74,4.0,1.0,2.9314371578347487,5.910858270241404
independent,recommended_10h,75,4.0,1.0,3.0253309629121317,6.0151198234356995
independent,recommended_10h,76,4.0,1.0,3.1186154470892458,6.121623459647485
independent,recommended_10h,77,4.0,1.0,3.213942958177074,6.226660594208333
independent,recommended_10h,78,4.0,1.0,3.307962034973766,6.325541139879487
independent,recommended_10h,79,4.0,1.0,3.4045195171000575,6.426777609863876
independent,recommended_10h,80,4.0,1.0,3.5017603625025595,6.529783576067305
independent,recommended_10h,81,4.0,1.0,3.6000137997631576,6.629016325238002
independent,recommended_10h,82,4.0,1.0,3.7012870059743186,6.729160186829808
independent,recommended_10h,83,4.0,1.0,3.7988322325578583,6.826861432589371
independent,recommended_10h,84,4.0,1.0,3.902367915501581,6.927637416436538
independent,recommended_10h,85,4.0,1.0,4.00451575681684,7.026840351828945
independent,recommended_10h,86,4.0,1.0,4.108012691590446,7.128786362683082
independent,recommended_10h,87,4.0,1.0,4.2142939773625265,7.231478736736441
independent,recommended_10h,88,4.0,1.0,4.317230927868088,7.3267611412087374
independent,recommended_10h,89,4.0,1.0,4.426654825328802,7.426229048873845
independent,recommended_10h,90,4.0,1.0,4.53844704105586,7.52328926324759
independent,recommended_10h,91,4.0,1.0,4.6507064826208255,7.622344071507503
independent,recommended_10h,92,4.0,1.0,4.760885370123269,7.721542172526408
independent,recommended_10h,93,4.0,1.0,4.867346663157046,7.816453626574171
independent,recommended_10h,94,4.0,1.0,4.973581078465483,7.910204129450471
independent,recommended_10h,95,4.0,1.0,5.07697542203287,8.003188977049769
independent,recommended_10h,96,4.0,1.0,5.175300708638275,8.093860544339982
independent,recommended_10h,97,4.0,1.0,5.262998212677705,8.183036655390152
independent,recommended_10h,98,4.0,1.0,5.3492010783454,8.271810428792904
independent,recommended_10h,99,4.0,1.0,5.429492314199003,8.358465118365043
independent,recommended_10h,100,4.0,1.0,5.506151326265263,8.446695384623325
independent,recommended_10h,20,4.0,5.0,0.7735234127226986,1.9364501675042778
independent,recommended_10h,21,4.0,5.0,0.853727468901444,1.997839787031408
independent,recommended_10h,22,4.0,5.0,0.8792115426887737,2.126605987756336
independent,recommended_10h,23,4.0,5.0,0.9387227666367792,2.259202012828321
independent,recommended_10h,24,4.0,5.0,0.8975942399835457,2.2235298578390017
independent,recommended_10h,25,4.0,5.0,0.9177796572304109,2.321147603018159
independent,recommended_10h,26,4.0,5.0,0.9505666566697712,2.4475504384778857
independent,recommended_10h,27,4.0,5.0,0.9615568113593431,2.542439747186176
independent,recommended_10h,28,4.0,5.0,0.929740063640283,2.624085276929411
independent,recommended_10h,29,4.0,5.0,0.9208214813468452,2.688586255183667
independent,recommended_10h,30,4.0,5.0,0.8995337021548311,2.741006075516794
independent,recommended_10h,31,4.0,5.0,0.869637032786108,2.7939509757083814
independent,recommended_10h,32,4.0,5.0,0.855775928917546,2.858307164374052
independent,recommended_10h,33,4.0,5.0,0.8640881483603202,2.912573618102887
independent,recommended_10h,34,4.0,5.0,0.8661919146319752,2.9117212697900463
independent,recommended_10h,35,4.0,5.0,0.8665955316687013,3.007965667178669
independent,recommended_10h,36,4.0,5.0,0.8794765473624899,3.0915349906095235
independent,recommended_10h,37,4.0,5.0,0.8901006810945411,3.1485584030654934
independent,recommended_10h,38,4.0,5.0,0.9034235357175513,3.2537276909202717
independent,recommended_10h,39,4.0,5.0,0.9072814602038903,3.3589557846500417
independent,recommended_10h,40,4.0,5.0,0.8942798074381031,3.4272202911035166
independent,recommended_10h,41,4.0,5.0,0.9033940616396618,3.5503239884241866
independent,recommended_10h,42,4.0,5.0,0.9108875358142976,3.5933662381230524
independent,recommended_10h,43,4.0,5.0,1.0039610035461166,3.646394672026987
independent,recommended_10h,44,4.0,5.0,1.0700476864756059,3.716748820930227
independent,recommended_10h,45,4.0,5.0,1.121444347486067,3.777876670512903
independent,recommended_10h,46,4.0,5.0,1.1696476831288827,3.8771216741537273
independent,recommended_10h,47,4.0,5.0,1.231928426327733,3.965903858314035
independent,recommended_10h,48,4.0,5.0,1.2816228856123324,4.0578082115401815
independent,recommended_10h,49,4.0,5.0,1.317743881286959,4.1285540386236
independent,recommended_10h,50,4.0,5.0,1.3517132530478815,4.223152066957403
independent,recommended_10h,51,4.0,5.0,1.3876593611706012,4.327237375911386
independent,recommended_10h,52,4.0,5.0,1.421031476700918,4.384419520099581
independent,recommended_10h,53,4.0,5.0,1.4570799467006346,4.444825468488323
independent,recommended_10h,54,4.0,5.0,1.4942564716943885,4.485602172796721
independent,recommended_10h,55,4.0,5.0,1.5232372975776176,4.528817601011914
independent,recommended_10h,56,4.0,5.0,1.5534395553168379,4.584472208887624
independent,recommended_10h,57,4.0,5.0,1.621814280202094,4.652635964286245
independent,recommended_10h,58,4.0,5.0,1.688469687282801,4.707249630732568
independent,recommended_10h,59,4.0,5.0,1.7583054805394127,4.7489085953258625
independent,recommended_10h,60,4.0,5.0,1.8254472412262412,4.7996291326313
independent,recommended_10h,61,4.0,5.0,1.8968213276007395,4.852300431843037
independent,recommended_10h,62,4.0,5.0,1.9661897694118746,4.899924327601668
independent,recommended_10h,63,4.0,5.0,2.038490312880481,4.949238481032703
independent,recommended_10h,64,4.0,5.0,2.1120790371825793,4.9964376451993475
independent,recommended_10h,65,4.0,5.0,2.1880039055294898,5.048620296084261
independent,recommended_10h,66,4.0,5.0,2.264366749258362,5.102297405293621
independent,recommended_10h,67,4.0,5.0,2.346711631234766,5.199928807516518
independent,recommended_10h,68,4.0,5.0,2.42285060872387,5.297427326975002
independent,recommended_10h,69,4.0,5.0,2.5039558485615787,5.397874896892252
independent,recommended_10h,70,4.0,5.0,2.5856999549846105,5.503931145084473
independent,recommended_10h,71,4.0,5.0,2.671148985165117,5.608007321161668
independent,recommended_10h,72,4.0,5.0,2.7548302460191687,5.70713717662934
independent,recommended_10h,73,4.0,5.0,2.8407272376174797,5.805775535699831
independent,recommended_10h,74,4.0,5.0,2.9314371578347487,5.910858270241404
independent,recommended_10h,75,4.0,5.0,3.0253309629121317,6.015119823435677
independent,recommended_10h,76,4.0,5.0,3.1186154470892458,6.121623459647463
independent,recommended_10h,77,4.0,5.0,3.2139429581770296,6.226660594208333
independent,recommended_10h,78,4.0,5.0,3.307962034973766,6.325541139879465
independent,recommended_10h,79,4.0,5.0,3.4045195171000575,6.426777609863876
independent,recommended_10h,80,4.0,5.0,3.501760362502493,6.529783576067283
independent,recommended_10h,81,4.0,5.0,3.5994918293831724,6.629016325238002
independent,recommended_10h,82,4.0,5.0,3.698668354539003,6.729160186829786
independent,recommended_10h,83,4.0,5.0,3.791781237411107,6.826861432589326
independent,recommended_10h,84,4.0,5.0,3.887191530277856,6.927637416436516
independent,recommended_10h,85,4.0,5.0,3.9763107951942045,7.026840351828922
independent,recommended_10h,86,4.0,5.0,4.061389633294765,7.128786362683082
independent,recommended_10h,87,4.0,5.0,4.143332012353618,7.231478736736441
independent,recommended_10h,88,4.0,5.0,4.216348061057973,7.326761141208693
independent,recommended_10h,89,4.0,5.0,4.287377824581284,7.426229048873845
independent,recommended_10h,90,4.0,5.0,4.352665390714994,7.5232892632476345
independent,recommended_10h,91,4.0,5.0,4.4119549367301225,7.622344071507525
independent,recommended_10h,92,4.0,5.0,4.465310721725446,7.721542172526408
independent,recommended_10h,93,4.0,5.0,4.512573908229833,7.816453626574171
independent,recommended_10h,94,4.0,5.0,4.555918959630945,7.910204129450404
independent,recommended_10h,95,4.0,5.0,4.595266736809811,8.003188977049769
independent,recommended_10h,96,4.0,5.0,4.629632960610386,8.093860544340025
independent,recommended_10h,97,4.0,5.0,4.655974350473935,8.18303665539013
independent,recommended_10h,98,4.0,5.0,4.680574329459453,8.27181042879288
independent,recommended_10h,99,4.0,5.0,4.70066746510569,8.358465118365022
independent,recommended_10h,100,4.0,5.0,4.7185656025735545,8.446695384623348
independent,recommended_10h,20,4.0,12.0,0.7569060104392511,1.9429918546019165
independent,recommended_10h,21,4.0,12.0,0.8337076435982249,2.069671099183479
independent,recommended_10h,22,4.0,12.0,0.8568809533298971,2.155926846668965
independent,recommended_10h,23,4.0,12.0,0.9210801758425813,2.3506695967091984
independent,recommended_10h,24,4.0,12.0,0.9442626235639962,2.393127203233636
independent,recommended_10h,25,4.0,12.0,1.0024831445989646,2.442315850337895
independent,recommended_10h,26,4.0,12.0,1.0692641615335008,2.6554898160828344
independent,recommended_10h,27,4.0,12.0,1.0893404024105324,2.81408969149759
independent,recommended_10h,28,4.0,12.0,1.0678749655573583,2.7604047883281746
independent,recommended_10h,29,4.0,12.0,1.039847504251834,2.790620518367226
independent,recommended_10h,30,4.0,12.0,1.0357222856289594,2.8145607040250598
independent,recommended_10h,31,4.0,12.0,0.9965881218685135,2.8742255797944427
independent,recommended_10h,32,4.0,12.0,1.0076995939191091,2.881283362930165
independent,recommended_10h,33,4.0,12.0,1.0278263017662548,3.0349377024660784
independent,recommended_10h,34,4.0,12.0,1.023738934097329,3.0949654903497104
independent,recommended_10h,35,4.0,12.0,1.0373395107777794,3.2034930037295295
independent,recommended_10h,36,4.0,12.0,1.0482328250654538,3.345649669074313
independent,recommended_10h,37,4.0,12.0,1.0430821440389648,3.4176685129851725
independent,recommended_10h,38,4.0,12.0,1.043055263219439,3.5295400589223425
independent,recommended_10h,39,4.0,12.0,1.0153461132919261,3.613424661433684
independent,recommended_10h,40,4.0,12.0,1.0031372596430055,3.6652882207243387
independent,recommended_10h,41,4.0,12.0,1.0050786865128059,3.777461560242723
independent,recommended_10h,42,4.0,12.0,1.0251390042292474,3.8214465038546086
independent,recommended_10h,43,4.0,12.0,1.1078540913572077,3.864105300006182
independent,recommended_10h,44,4.0,12.0,1.1815768616251443,3.9787209054949146
independent,recommended_10h,45,4.0,12.0,1.2295536390063422,4.031704006950521
independent,recommended_10h,46,4.0,12.0,1.2481242297491812,4.090720263238734
independent,recommended_10h,47,4.0,12.0,1.2902624051734923,4.1710853058738895
independent,recommended_10h,48,4.0,12.0,1.3272645370372205,4.2069378441838445
independent,recommended_10h,49,4.0,12.0,1.3468525178009338,4.259896717577516
independent,recommended_10h,50,4.0,12.0,1.3724307704475747,4.347963560968227
independent,recommended_10h,51,4.0,12.0,1.4069851869215055,4.454434278198605
independent,recommended_10h,52,4.0,12.0,1.4388000014702085,4.5320336521394555
independent,recommended_10h,53,4.0,12.0,1.4733899321310862,4.602462472757773
independent,recommended_10h,54,4.0,12.0,1.509224466296888,4.66919307564766
independent,recommended_10h,55,4.0,12.0,1.5367851382278586,4.793948163255601
independent,recommended_10h,56,4.0,12.0,1.5622146831842265,4.900504941554673
independent,recommended_10h,57,4.0,12.0,1.57733639469948,5.000708784592134
independent,recommended_10h,58,4.0,12.0,1.5879432496691104,5.134360701214313
independent,recommended_10h,59,4.0,12.0,1.597463065819471,5.2159728621356205
independent,recommended_10h,60,4.0,12.0,1.6054106518702094,5.339013337621723
independent,recommended_10h,61,4.0,12.0,1.61682212510601,5.441616421138451
independent,recommended_10h,62,4.0,12.0,1.6247251565964405,5.551255976186731
independent,recommended_10h,63,4.0,12.0,1.6332667895167852,5.645934905162431
independent,recommended_10h,64,4.0,12.0,1.6459888106050702,5.758322862667153
independent,recommended_10h,65,4.0,12.0,1.656902090065726,5.8865477306061065
independent,recommended_10h,66,4.0,12.0,1.6697903443781525,5.987994710933675
independent,recommended_10h,67,4.0,12.0,1.6860392892513731,6.121515745039718
independent,recommended_10h,68,4.0,12.0,1.6985189837738224,6.251916072875141
independent,recommended_10h,69,4.0,12.0,1.7139727613681544,6.368666100753018
independent,recommended_10h,70,4.0,12.0,1.7318927015422592,6.505364707310934
independent,recommended_10h,71,4.0,12.0,1.7501304040835608,6.643886902345875
independent,recommended_10h,72,4.0,12.0,1.768418739825628,6.766401090643481
independent,recommended_10h,73,4.0,12.0,1.7868174828840955,6.8724540381559285
independent,recommended_10h,74,4.0,12.0,1.8050520945612991,7.003627049039718
independent,recommended_10h,75,4.0,12.0,1.8238902869671447,7.121363203756337
independent,recommended_10h,76,4.0,12.0,1.841732387993833,7.2637206876298155
independent,recommended_10h,77,4.0,12.0,1.8624138158908954,7.383341535237209
independent,recommended_10h,78,4.0,12.0,1.8834562485311679,7.508109472438029
independent,recommended_10h,79,4.0,12.0,1.9016614524698383,7.654916870210382
independent,recommended_10h,80,4.0,12.0,1.9215857641330159,7.794254998238803
independent,recommended_10h,81,4.0,12.0,1.9439884075190594,7.929350805883639
independent,recommended_10h,82,4.0,12.0,1.9678708240429499,8.065886535208321
independent,recommended_10h,83,4.0,12.0,1.989517455801737,8.217737794523439
independent,recommended_10h,84,4.0,12.0,2.0137027062769652,8.353832242839164
independent,recommended_10h,85,4.0,12.0,2.0370423474515897,8.50095544693672
independent,recommended_10h,86,4.0,12.0,2.0606083289487653,8.623308929830786
independent,recommended_10h,87,4.0,12.0,2.12422021336669,8.76180979261414
independent,recommended_10h,88,4.0,12.0,2.1820682410344627,8.894758806570557
independent,recommended_10h,89,4.0,12.0,2.2472853426785067,9.056952919388328
independent,recommended_10h,90,4.0,12.0,2.314551910074192,9.189623673566105
independent,recommended_10h,91,4.0,12.0,2.3791626731101356,9.339833183939428
independent,recommended_10h,92,4.0,12.0,2.445826473839996,9.488591597682717
independent,recommended_10h,93,4.0,12.0,2.5080101438885727,9.64229346666654
independent,recommended_10h,94,4.0,12.0,2.5745750512221166,9.801676665592417
independent,recommended_10h,95,4.0,12.0,2.643011350843061,9.926226556092189
independent,recommended_10h,96,4.0,12.0,2.7097528176986296,10.066993427343762
independent,recommended_10h,97,4.0,12.0,2.773533100454828,10.2023455257388
independent,recommended_10h,98,4.0,12.0,2.8393945041660817,10.3273942767226
independent,recommended_10h,99,4.0,12.0,2.904675584378058,10.464849216220884
independent,recommended_10h,100,4.0,12.0,2.9726145907753354,10.597380666901678
independent,recommended_10h,20,8.0,1.0,0.773523412722743,1.9364501675042778
independent,recommended_10h,21,8.0,1.0,0.853727468901444,1.997839787031408
independent,recommended_10h,22,8.0,1.0,0.8792115426887737,2.126605987756358
independent,recommended_10h,23,8.0,1.0,0.9387227666367792,2.259202012828321
independent,recommended_10h,24,8.0,1.0,0.8975942399835679,2.223529857839024
independent,recommended_10h,25,8.0,1.0,0.9177796572304109,2.321147603018181
independent,recommended_10h,26,8.0,1.0,0.9505666566697712,2.447550438477908
independent,recommended_10h,27,8.0,1.0,0.9615568113593431,2.5424397471861315
independent,recommended_10h,28,8.0,1.0,0.9297400636403053,2.624085276929411
independent,recommended_10h,29,8.0,1.0,0.9208214813468674,2.6885862551837114
independent,recommended_10h,30,8.0,1.0,0.8995337021548977,2.7410060755168386
independent,recommended_10h,31,8.0,1.0,0.8696370327861525,2.793950975708448
independent,recommended_10h,32,8.0,1.0,0.855775928917546,2.858307164374052
independent,recommended_10h,33,8.0,1.0,0.8640881483603646,2.9125736181029094
independent,recommended_10h,34,8.0,1.0,0.8661919146319752,2.9117212697900463
independent,recommended_10h,35,8.0,1.0,0.8665955316687013,3.0079656671787136
independent,recommended_10h,36,8.0,1.0,0.8794765473624899,3.0915349906095235
independent,recommended_10h,37,8.0,1.0,0.8901006810945633,3.14855840306556
independent,recommended_10h,38,8.0,1.0,0.9034235357175513,3.2537276909202717
independent,recommended_10h,39,8.0,1.0,0.9072814602038681,3.3589557846500417
independent,recommended_10h,40,8.0,1.0,0.8942798074381031,3.4272202911035166
independent,recommended_10h,41,8.0,1.0,0.903394061639684,3.550323988424209
independent,recommended_10h,42,8.0,1.0,0.9108875358143198,3.5933662381230302
independent,recommended_10h,43,8.0,1.0,1.0039610035461166,3.646394672027009
independent,recommended_10h,44,8.0,1.0,1.0700476864755837,3.716748820930227
independent,recommended_10h,45,8.0,1.0,1.121444347486067,3.777876670512925
independent,recommended_10h,46,8.0,1.0,1.1696476831289049,3.8771216741537717
independent,recommended_10h,47,8.0,1.0,1.231928426327733,3.9659038583140127
independent,recommended_10h,48,8.0,1.0,1.2816228856123546,4.0578082115401815
independent,recommended_10h,49,8.0,1.0,1.3177438812869369,4.1285540386236
independent,recommended_10h,50,8.0,1.0,1.3517132530478815,4.223152066957403
independent,recommended_10h,51,8.0,1.0,1.3876593611706456,4.327237375911408
independent,recommended_10h,52,8.0,1.0,1.4210314767008958,4.384419520099581
independent,recommended_10h,53,8.0,1.0,1.4570799467006124,4.444825468488323
independent,recommended_10h,54,8.0,1.0,1.4942564716943885,4.485602172796699
independent,recommended_10h,55,8.0,1.0,1.5232372975776176,4.528817601011936
independent,recommended_10h,56,8.0,1.0,1.55343955531686,4.584472208887602
independent,recommended_10h,57,8.0,1.0,1.621814280202094,4.652635964286245
independent,recommended_10h,58,8.0,1.0,1.6884696872827787,4.707249630732568
independent,recommended_10h,59,8.0,1.0,1.7583054805394127,4.7489085953258625
independent,recommended_10h,60,8.0,1.0,1.825447241226219,4.7996291326313
independent,recommended_10h,61,8.0,1.0,1.8968213276007617,4.85230043184306
independent,recommended_10h,62,8.0,1.0,1.9661897694118746,4.899924327601712
independent,recommended_10h,63,8.0,1.0,2.038490312880459,4.949238481032725
independent,recommended_10h,64,8.0,1.0,2.112079037182535,4.9964376451993475
independent,recommended_10h,65,8.0,1.0,2.188003905529534,5.048620296084239
independent,recommended_10h,66,8.0,1.0,2.264366749258384,5.102297405293643
independent,recommended_10h,67,8.0,1.0,2.3467116312347214,5.199928807516518
independent,recommended_10h,68,8.0,1.0,2.422850608723892,5.297427326975002
independent,recommended_10h,69,8.0,1.0,2.5039558485615787,5.397874896892252
independent,recommended_10h,70,8.0,1.0,2.5856999549845883,5.503931145084451
independent,recommended_10h,71,8.0,1.0,2.671148985165117,5.608007321161668
independent,recommended_10h,72,8.0,1.0,2.754830246019191,5.707137176629318
independent,recommended_10h,73,8.0,1.0,2.840727237617502,5.805775535699831
independent,recommended_10h,74,8.0,1.0,2.931437157834771,5.910858270241404
independent,recommended_10h,75,8.0,1.0,3.0253309629121317,6.015119823435655
independent,recommended_10h,76,8.0,1.0,3.118615447089268,6.121623459647485
independent,recommended_10h,77,8.0,1.0,3.213942958177096,6.226660594208355
independent,recommended_10h,78,8.0,1.0,3.3079620349737437,6.3255411398794426
independent,recommended_10h,79,8.0,1.0,3.4045195171000575,6.426777609863854
independent,recommended_10h,80,8.0,1.0,3.501760362502515,6.529783576067283
independent,recommended_10h,81,8.0,1.0,3.6000137997631576,6.629016325238002
independent,recommended_10h,82,8.0,1.0,3.7012870059742964,6.729160186829741
independent,recommended_10h,83,8.0,1.0,3.798832232557836,6.826861432589304
independent,recommended_10h,84,8.0,1.0,3.902367915501581,6.927637416436538
independent,recommended_10h,85,8.0,1.0,4.004515756816818,7.026840351828922
independent,recommended_10h,86,8.0,1.0,4.108012691590446,7.128786362683059
independent,recommended_10h,87,8.0,1.0,4.2142939773625265,7.231478736736441
independent,recommended_10h,88,8.0,1.0,4.317230927868088,7.326761141208693
independent,recommended_10h,89,8.0,1.0,4.426654825328757,7.426229048873845
independent,recommended_10h,90,8.0,1.0,4.53844704105586,7.523289263247612
independent,recommended_10h,91,8.0,1.0,4.650706482620803,7.622344071507503
independent,recommended_10h,92,8.0,1.0,4.760885370123247,7.7215421725263855
independent,recommended_10h,93,8.0,1.0,4.867346663157024,7.816453626574149
independent,recommended_10h,94,8.0,1.0,4.973581078465461,7.910204129450449
independent,recommended_10h,95,8.0,1.0,5.07697542203287,8.003188977049769
independent,recommended_10h,96,8.0,1.0,5.175300708638231,8.09386054433996
independent,recommended_10h,97,8.0,1.0,5.262998212677661,8.183036655390152
independent,recommended_10h,98,8.0,1.0,5.3492010783454,8.271810428792858
independent,recommended_10h,99,8.0,1.0,5.42949231419898,8.358465118365043
independent,recommended_10h,100,8.0,1.0,5.506151326265241,8.446695384623325
independent,recommended_10h,20,8.0,5.0,0.7735234127227208,1.9364501675042778
independent,recommended_10h,21,8.0,5.0,0.853727468901444,1.9978397870314302
independent,recommended_10h,22,8.0,5.0,0.8792115426887959,2.126605987756358
independent,recommended_10h,23,8.0,5.0,0.9387227666367792,2.259202012828343
independent,recommended_10h,24,8.0,5.0,0.8975942399835901,2.223529857839046
independent,recommended_10h,25,8.0,5.0,0.9177796572304109,2.321147603018181
independent,recommended_10h,26,8.0,5.0,0.9505666566697712,2.44755043847793
independent,recommended_10h,27,8.0,5.0,0.9615568113593431,2.5424397471861537
independent,recommended_10h,28,8.0,5.0,0.929740063640283,2.6240852769294554
independent,recommended_10h,29,8.0,5.0,0.9208214813468674,2.6885862551837114
independent,recommended_10h,30,8.0,5.0,0.8995337021548755,2.7410060755168386
independent,recommended_10h,31,8.0,5.0,0.8696370327861525,2.7939509757084258
independent,recommended_10h,32,8.0,5.0,0.8557759289175682,2.858307164374052
independent,recommended_10h,33,8.0,5.0,0.8640881483603424,2.912573618102887
independent,recommended_10h,34,8.0,5.0,0.866191914631953,2.9117212697900463
independent,recommended_10h,35,8.0,5.0,0.8665955316687235,3.007965667178736
independent,recommended_10h,36,8.0,5.0,0.8794765473624899,3.091534990609568
independent,recommended_10h,37,8.0,5.0,0.8901006810945411,3.1485584030654934
independent,recommended_10h,38,8.0,5.0,0.9034235357175513,3.2537276909202495
independent,recommended_10h,39,8.0,5.0,0.9072814602038681,3.3589557846500417
independent,recommended_10h,40,8.0,5.0,0.8942798074381031,3.4272202911034944
independent,recommended_10h,41,8.0,5.0,0.9033940616396618,3.550323988424209
independent,recommended_10h,42,8.0,5.0,0.9108875358143198,3.5933662381230524
independent,recommended_10h,43,8.0,5.0,1.0039610035460944,3.646394672026987
independent,recommended_10h,44,8.0,5.0,1.0700476864755837,3.716748820930249
independent,recommended_10h,45,8.0,5.0,1.1214443474860447,3.7778766705129474
independent,recommended_10h,46,8.0,5.0,1.1696476831289049,3.8771216741537273
independent,recommended_10h,47,8.0,5.0,1.231928426327733,3.9659038583140127
independent,recommended_10h,48,8.0,5.0,1.2816228856123546,4.0578082115401815
independent,recommended_10h,49,8.0,5.0,1.317743881286959,4.1285540386235775
independent,recommended_10h,50,8.0,5.0,1.3517132530478815,4.223152066957403
independent,recommended_10h,51,8.0,5.0,1.3876593611706234,4.327237375911408
independent,recommended_10h,52,8.0,5.0,1.421031476700918,4.384419520099603
independent,recommended_10h,53,8.0,5.0,1.4570799467006124,4.4448254684883
independent,recommended_10h,54,8.0,5.0,1.4942564716944107,4.485602172796721
independent,recommended_10h,55,8.0,5.0,1.5232372975776176,4.528817601011892
independent,recommended_10h,56,8.0,5.0,1.5534395553168379,4.584472208887558
independent,recommended_10h,57,8.0,5.0,1.621814280202094,4.652635964286245
independent,recommended_10h,58,8.0,5.0,1.688469687282801,4.707249630732546
independent,recommended_10h,59,8.0,5.0,1.758305480539435,4.74890859532584
independent,recommended_10h,60,8.0,5.0,1.8254472412262412,4.7996291326313
independent,recommended_10h,61,8.0,5.0,1.8968213276007617,4.852300431843037
independent,recommended_10h,62,8.0,5.0,1.9661897694118968,4.89992432760169
independent,recommended_10h,63,8.0,5.0,2.038490312880503,4.949238481032703
independent,recommended_10h,64,8.0,5.0,2.1120790371825793,4.9964376451993475
independent,recommended_10h,65,8.0,5.0,2.188003905529512,5.048620296084239
independent,recommended_10h,66,8.0,5.0,2.2643667492584063,5.102297405293621
independent,recommended_10h,67,8.0,5.0,2.346711631234766,5.199928807516518
independent,recommended_10h,68,8.0,5.0,2.42285060872387,5.297427326974979
independent,recommended_10h,69,8.0,5.0,2.503955848561601,5.397874896892296
independent,recommended_10h,70,8.0,5.0,2.5856999549846105,5.503931145084429
independent,recommended_10h,71,8.0,5.0,2.671148985165117,5.608007321161668
independent,recommended_10h,72,8.0,5.0,2.754830246019213,5.7071371766292955
independent,recommended_10h,73,8.0,5.0,2.8407272376174797,5.805775535699809
independent,recommended_10h,74,8.0,5.0,2.931437157834771,5.910858270241381
independent,recommended_10h,75,8.0,5.0,3.0253309629121317,6.015119823435677
independent,recommended_10h,76,8.0,5.0,3.1186154470892236,6.121623459647418
independent,recommended_10h,77,8.0,5.0,3.213942958177096,6.226660594208333
independent,recommended_10h,78,8.0,5.0,3.307962034973766,6.325541139879465
independent,recommended_10h,79,8.0,5.0,3.404519517100102,6.426777609863854
independent,recommended_10h,80,8.0,5.0,3.501760362502515,6.529783576067283
independent,recommended_10h,81,8.0,5.0,3.600013799763202,6.62901632523798
independent,recommended_10h,82,8.0,5.0,3.7012870059742964,6.7291601868297635
independent,recommended_10h,83,8.0,5.0,3.7988322325578583,6.826861432589326
independent,recommended_10h,84,8.0,5.0,3.9023679155016033,6.927637416436583
independent,recommended_10h,85,8.0,5.0,4.00451575681684,7.026840351828922
independent,recommended_10h,86,8.0,5.0,4.108012691590446,7.128786362683082
independent,recommended_10h,87,8.0,5.0,4.214293977362549,7.231478736736463
independent,recommended_10h,88,8.0,5.0,4.317230927868088,7.3267611412087374
independent,recommended_10h,89,8.0,5.0,4.426654825328757,7.426229048873845
independent,recommended_10h,90,8.0,5.0,4.538447041055882,7.523289263247612
independent,recommended_10h,91,8.0,5.0,4.6507064826208255,7.6223440715075474
independent,recommended_10h,92,8.0,5.0,4.760885370123269,7.721542172526408
independent,recommended_10h,93,8.0,5.0,4.867346663157046,7.8164536265741935
independent,recommended_10h,94,8.0,5.0,4.973581078465461,7.910204129450471
independent,recommended_10h,95,8.0,5.0,5.076975422032892,8.003188977049792
independent,recommended_10h,96,8.0,5.0,5.175300708638231,8.09386054433996
independent,recommended_10h,97,8.0,5.0,5.262998212677705,8.183036655390152
independent,recommended_10h,98,8.0,5.0,5.3492010783454,8.271810428792904
independent,recommended_10h,99,8.0,5.0,5.429492314199003,8.358465118365066
independent,recommended_10h,100,8.0,5.0,5.506151326265285,8.446695384623325
independent,recommended_10h,20,8.0,12.0,0.7569060104392511,1.9429918546019165
independent,recommended_10h,21,8.0,12.0,0.8337076435982249,2.069671099183479
independent,recommended_10h,22,8.0,12.0,0.8568809533298971,2.155926846668965
independent,recommended_10h,23,8.0,12.0,0.9210801758425813,2.3506695967091984
independent,recommended_10h,24,8.0,12.0,0.9442626235639962,2.393127203233636
independent,recommended_10h,25,8.0,12.0,1.0024831445989646,2.442315850337895
independent,recommended_10h,26,8.0,12.0,1.0692641615335008,2.6554898160828344
independent,recommended_10h,27,8.0,12.0,1.0893404024105324,2.81408969149759
independent,recommended_10h,28,8.0,12.0,1.0678749655573583,2.7604047883281746
independent,recommended_10h,29,8.0,12.0,1.039847504251834,2.790620518367226
independent,recommended_10h,30,8.0,12.0,1.0357222856289594,2.8145607040250598
independent,recommended_10h,31,8.0,12.0,0.9965881218685135,2.8742255797944427
independent,recommended_10h,32,8.0,12.0,1.0076995939191091,2.881283362930165
independent,recommended_10h,33,8.0,12.0,1.0278263017662548,3.0349377024660784
independent,recommended_10h,34,8.0,12.0,1.023738934097329,3.0949654903497104
independent,recommended_10h,35,8.0,12.0,1.0373395107777794,3.2034930037295295
independent,recommended_10h,36,8.0,12.0,1.0482328250654538,3.345649669074313
independent,recommended_10h,37,8.0,12.0,1.0430821440389648,3.4176685129851725
independent,recommended_10h,38,8.0,12.0,1.043055263219439,3.5295400589223425
independent,recommended_10h,39,8.0,12.0,1.0153461132919261,3.613424661433684
independent,recommended_10h,40,8.0,12.0,1.0031372596430055,3.6652882207243387
independent,recommended_10h,41,8.0,12.0,1.0050786865128059,3.777461560242723
independent,recommended_10h,42,8.0,12.0,1.0251390042292474,3.8214465038546086
independent,recommended_10h,43,8.0,12.0,1.1078540913572077,3.864105300006182
independent,recommended_10h,44,8.0,12.0,1.1815768616251443,3.9787209054949146
independent,recommended_10h,45,8.0,12.0,1.2295536390063422,4.031704006950521
independent,recommended_10h,46,8.0,12.0,1.2481242297491812,4.090720263238734
independent,recommended_10h,47,8.0,12.0,1.2902624051734923,4.1710853058738895
independent,recommended_10h,48,8.0,12.0,1.3272645370372205,4.2069378441838445
independent,recommended_10h,49,8.0,12.0,1.3468525178009338,4.259896717577516
independent,recommended_10h,50,8.0,12.0,1.3724307704475747,4.347963560968227
independent,recommended_10h,51,8.0,12.0,1.4069851869215055,4.454434278198605
independent,recommended_10h,52,8.0,12.0,1.4388000014702085,4.5320336521394555
independent,recommended_10h,53,8.0,12.0,1.4733899321310862,4.602462472757773
independent,recommended_10h,54,8.0,12.0,1.509224466296888,4.66919307564766
independent,recommended_10h,55,8.0,12.0,1.5367851382278586,4.793948163255601
independent,recommended_10h,56,8.0,12.0,1.5622146831842265,4.900504941554673
independent,recommended_10h,57,8.0,12.0,1.57733639469948,5.000708784592134
independent,recommended_10h,58,8.0,12.0,1.5879432496691104,5.134360701214313
independent,recommended_10h,59,8.0,12.0,1.597463065819471,5.2159728621356205
independent,recommended_10h,60,8.0,12.0,1.6054106518702094,5.339013337621723
independent,recommended_10h,61,8.0,12.0,1.61682212510601,5.441616421138451
independent,recommended_10h,62,8.0,12.0,1.6247251565964405,5.551255976186731
independent,recommended_10h,63,8.0,12.0,1.6332667895167852,5.645934905162431
independent,recommended_10h,64,8.0,12.0,1.6459888106050702,5.758322862667153
independent,recommended_10h,65,8.0,12.0,1.656902090065726,5.8865477306061065
independent,recommended_10h,66,8.0,12.0,1.6697903443781525,5.987994710933675
independent,recommended_10h,67,8.0,12.0,1.6860392892513731,6.121515745039718
independent,recommended_10h,68,8.0,12.0,1.6985189837738224,6.251916072875141
independent,recommended_10h,69,8.0,12.0,1.7139727613681544,6.368666100753018
independent,recommended_10h,70,8.0,12.0,1.7318927015422592,6.505364707310934
independent,recommended_10h,71,8.0,12.0,1.7501304040835608,6.643886902345875
independent,recommended_10h,72,8.0,12.0,1.768418739825628,6.766401090643481
independent,recommended_10h,73,8.0,12.0,1.7868174828840955,6.8724540381559285
independent,recommended_10h,74,8.0,12.0,1.8050520945612991,7.003627049039718
independent,recommended_10h,75,8.0,12.0,1.8238902869671447,7.121363203756337
independent,recommended_10h,76,8.0,12.0,1.841732387993833,7.2637206876298155
independent,recommended_10h,77,8.0,12.0,1.8624138158908954,7.383341535237209
independent,recommended_10h,78,8.0,12.0,1.8834562485311679,7.508109472438029
independent,recommended_10h,79,8.0,12.0,1.9016614524698383,7.654916870210382
independent,recommended_10h,80,8.0,12.0,1.9215857641330159,7.794254998238803
independent,recommended_10h,81,8.0,12.0,1.9439884075190594,7.929350805883639
independent,recommended_10h,82,8.0,12.0,1.9678708240429499,8.065886535208321
independent,recommended_10h,83,8.0,12.0,1.989517455801737,8.217737794523439
independent,recommended_10h,84,8.0,12.0,2.0137027062769652,8.353832242839164
independent,recommended_10h,85,8.0,12.0,2.0370423474515897,8.50095544693672
independent,recommended_10h,86,8.0,12.0,2.0606083289487653,8.623308929830786
independent,recommended_10h,87,8.0,12.0,2.12422021336669,8.76180979261414
independent,recommended_10h,88,8.0,12.0,2.1820682410344627,8.894758806570557
independent,recommended_10h,89,8.0,12.0,2.2472853426785067,9.056952919388328
independent,recommended_10h,90,8.0,12.0,2.314551910074192,9.189623673566105
independent,recommended_10h,91,8.0,12.0,2.3791626731101356,9.339833183939428
independent,recommended_10h,92,8.0,12.0,2.445826473839996,9.488591597682717
independent,recommended_10h,93,8.0,12.0,2.5080101438885727,9.64229346666654
independent,recommended_10h,94,8.0,12.0,2.5745750512221166,9.801676665592417
independent,recommended_10h,95,8.0,12.0,2.643011350843061,9.926226556092189
independent,recommended_10h,96,8.0,12.0,2.7097528176986296,10.066993427343762
independent,recommended_10h,97,8.0,12.0,2.773533100454828,10.2023455257388
independent,recommended_10h,98,8.0,12.0,2.8393945041660817,10.3273942767226
independent,recommended_10h,99,8.0,12.0,2.904675584378058,10.464849216220884
independent,recommended_10h,100,8.0,12.0,2.9726145907753354,10.597380666901678
independent,recommended_10h,20,10.0,1.0,0.773523412722743,1.9364501675043
independent,recommended_10h,21,10.0,1.0,0.8537274689014662,1.9978397870314524
independent,recommended_10h,22,10.0,1.0,0.8792115426887959,2.126605987756336
independent,recommended_10h,23,10.0,1.0,0.938722766636757,2.259202012828321
independent,recommended_10h,24,10.0,1.0,0.8975942399835679,2.223529857839024
independent,recommended_10h,25,10.0,1.0,0.9177796572304109,2.321147603018181
independent,recommended_10h,26,10.0,1.0,0.950566656669749,2.447550438477908
independent,recommended_10h,27,10.0,1.0,0.9615568113593431,2.542439747186176
independent,recommended_10h,28,10.0,1.0,0.9297400636403053,2.624085276929411
independent,recommended_10h,29,10.0,1.0,0.9208214813468452,2.688586255183667
independent,recommended_10h,30,10.0,1.0,0.8995337021548755,2.7410060755168164
independent,recommended_10h,31,10.0,1.0,0.8696370327861525,2.7939509757084258
independent,recommended_10h,32,10.0,1.0,0.855775928917546,2.85830716437403
independent,recommended_10h,33,10.0,1.0,0.8640881483603424,2.9125736181029094
independent,recommended_10h,34,10.0,1.0,0.8661919146319752,2.911721269790024
independent,recommended_10h,35,10.0,1.0,0.8665955316687013,3.007965667178736
independent,recommended_10h,36,10.0,1.0,0.8794765473624677,3.0915349906095013
independent,recommended_10h,37,10.0,1.0,0.8901006810945633,3.14855840306556
independent,recommended_10h,38,10.0,1.0,0.9034235357175735,3.2537276909202495
independent,recommended_10h,39,10.0,1.0,0.9072814602038681,3.3589557846500417
independent,recommended_10h,40,10.0,1.0,0.8942798074381031,3.427220291103472
independent,recommended_10h,41,10.0,1.0,0.903394061639684,3.5503239884241866
independent,recommended_10h,42,10.0,1.0,0.910887535814342,3.5933662381230747
independent,recommended_10h,43,10.0,1.0,1.0039610035461388,3.646394672026987
independent,recommended_10h,44,10.0,1.0,1.0700476864756059,3.716748820930227
independent,recommended_10h,45,10.0,1.0,1.121444347486067,3.777876670512903
independent,recommended_10h,46,10.0,1.0,1.1696476831289049,3.8771216741537273
independent,recommended_10h,47,10.0,1.0,1.231928426327733,3.9659038583140127
independent,recommended_10h,48,10.0,1.0,1.2816228856123546,4.057808211540204
independent,recommended_10h,49,10.0,1.0,1.3177438812870035,4.1285540386235775
independent,recommended_10h,50,10.0,1.0,1.3517132530479037,4.223152066957403
independent,recommended_10h,51,10.0,1.0,1.3876593611706234,4.32723737591143
independent,recommended_10h,52,10.0,1.0,1.4210314767009402,4.384419520099581
independent,recommended_10h,53,10.0,1.0,1.4570799467006346,4.444825468488323
independent,recommended_10h,54,10.0,1.0,1.4942564716944329,4.485602172796743
independent,recommended_10h,55,10.0,1.0,1.5232372975776398,4.528817601011914
independent,recommended_10h,56,10.0,1.0,1.5534395553168157,4.584472208887602
independent,recommended_10h,57,10.0,1.0,1.621814280202094,4.652635964286289
independent,recommended_10h,58,10.0,1.0,1.6884696872827787,4.707249630732568
independent,recommended_10h,59,10.0,1.0,1.7583054805394127,4.7489085953258625
independent,recommended_10h,60,10.0,1.0,1.825447241226219,4.799629132631322
independent,recommended_10h,61,10.0,1.0,1.8968213276007617,4.852300431843037
independent,recommended_10h,62,10.0,1.0,1.9661897694118968,4.89992432760169
independent,recommended_10h,63,10.0,1.0,2.038490312880503,4.949238481032703
independent,recommended_10h,64,10.0,1.0,2.112079037182557,4.9964376451993475
independent,recommended_10h,65,10.0,1.0,2.188003905529512,5.048620296084261
independent,recommended_10h,66,10.0,1.0,2.264366749258362,5.102297405293688
independent,recommended_10h,67,10.0,1.0,2.3467116312347214,5.199928807516541
independent,recommended_10h,68,10.0,1.0,2.42285060872387,5.297427326975024
independent,recommended_10h,69,10.0,1.0,2.5039558485615565,5.397874896892296
independent,recommended_10h,70,10.0,1.0,2.5856999549846105,5.503931145084473
independent,recommended_10h,71,10.0,1.0,2.671148985165117,5.60800732116169
independent,recommended_10h,72,10.0,1.0,2.754830246019213,5.70713717662934
independent,recommended_10h,73,10.0,1.0,2.840727237617502,5.805775535699809
independent,recommended_10h,74,10.0,1.0,2.9314371578347265,5.910858270241404
independent,recommended_10h,75,10.0,1.0,3.0253309629121095,6.0151198234356995
independent,recommended_10h,76,10.0,1.0,3.1186154470892458,6.121623459647507
independent,recommended_10h,77,10.0,1.0,3.213942958177052,6.226660594208355
independent,recommended_10h,78,10.0,1.0,3.3079620349737437,6.325541139879465
independent,recommended_10h,79,10.0,1.0,3.4045195171000575,6.4267776098638985
independent,recommended_10h,80,10.0,1.0,3.501760362502515,6.529783576067327
independent,recommended_10h,81,10.0,1.0,3.60001379976318,6.629016325238024
independent,recommended_10h,82,10.0,1.0,3.7012870059742964,6.729160186829786
independent,recommended_10h,83,10.0,1.0,3.7988322325578583,6.826861432589371
independent,recommended_10h,84,10.0,1.0,3.902367915501581,6.927637416436538
independent,recommended_10h,85,10.0,1.0,4.004515756816818,7.026840351828945
independent,recommended_10h,86,10.0,1.0,4.108012691590446,7.128786362683082
independent,recommended_10h,87,10.0,1.0,4.214293977362504,7.231478736736441
independent,recommended_10h,88,10.0,1.0,4.317230927868065,7.3267611412087374
independent,recommended_10h,89,10.0,1.0,4.42665482532878,7.426229048873867
independent,recommended_10h,90,10.0,1.0,4.5384470410558375,7.5232892632476345
independent,recommended_10h,91,10.0,1.0,4.650706482620803,7.622344071507503
independent,recommended_10h,92,10.0,1.0,4.760885370123247,7.721542172526408
independent,recommended_10h,93,10.0,1.0,4.867346663157002,7.8164536265741935
independent,recommended_10h,94,10.0,1.0,4.973581078465461,7.910204129450471
independent,recommended_10h,95,10.0,1.0,5.07697542203287,8.003188977049792
independent,recommended_10h,96,10.0,1.0,5.175300708638253,8.093860544339982
independent,recommended_10h,97,10.0,1.0,5.262998212677705,8.18303665539013
independent,recommended_10h,98,10.0,1.0,5.3492010783454,8.271810428792904
independent,recommended_10h,99,10.0,1.0,5.429492314198958,8.358465118365043
independent,recommended_10h,100,10.0,1.0,5.506151326265218,8.446695384623348
independent,recommended_10h,20,10.0,5.0,0.773523412722743,1.9364501675042778
independent,recommended_10h,21,10.0,5.0,0.8537274689014662,1.9978397870314302
independent,recommended_10h,22,10.0,5.0,0.8792115426887737,2.126605987756336
independent,recommended_10h,23,10.0,5.0,0.938722766636757,2.259202012828321
independent,recommended_10h,24,10.0,5.0,0.8975942399835457,2.2235298578390017
independent,recommended_10h,25,10.0,5.0,0.9177796572303887,2.321147603018159
independent,recommended_10h,26,10.0,5.0,0.9505666566697712,2.44755043847793
independent,recommended_10h,27,10.0,5.0,0.9615568113592987,2.5424397471861537
independent,recommended_10h,28,10.0,5.0,0.9297400636403053,2.624085276929433
independent,recommended_10h,29,10.0,5.0,0.9208214813468896,2.6885862551837336
independent,recommended_10h,30,10.0,5.0,0.8995337021548533,2.7410060755168164
independent,recommended_10h,31,10.0,5.0,0.8696370327861302,2.7939509757084258
independent,recommended_10h,32,10.0,5.0,0.8557759289175682,2.8583071643740743
independent,recommended_10h,33,10.0,5.0,0.8640881483603424,2.9125736181029316
independent,recommended_10h,34,10.0,5.0,0.866191914631953,2.9117212697900463
independent,recommended_10h,35,10.0,5.0,0.8665955316687013,3.007965667178736
independent,recommended_10h,36,10.0,5.0,0.8794765473624899,3.0915349906095235
independent,recommended_10h,37,10.0,5.0,0.8901006810945855,3.148558403065538
independent,recommended_10h,38,10.0,5.0,0.9034235357175513,3.2537276909202495
independent,recommended_10h,39,10.0,5.0,0.9072814602038681,3.3589557846499973
independent,recommended_10h,40,10.0,5.0,0.8942798074381031,3.4272202911035166
independent,recommended_10h,41,10.0,5.0,0.9033940616396618,3.550323988424209
independent,recommended_10h,42,10.0,5.0,0.910887535814342,3.5933662381230747
independent,recommended_10h,43,10.0,5.0,1.0039610035460944,3.646394672026987
independent,recommended_10h,44,10.0,5.0,1.0700476864755837,3.716748820930227
independent,recommended_10h,45,10.0,5.0,1.1214443474860891,3.777876670512925
independent,recommended_10h,46,10.0,5.0,1.169647683128927,3.8771216741537273
independent,recommended_10h,47,10.0,5.0,1.2319284263277552,3.9659038583139905
independent,recommended_10h,48,10.0,5.0,1.2816228856123324,4.057808211540204
independent,recommended_10h,49,10.0,5.0,1.317743881286959,4.1285540386236
independent,recommended_10h,50,10.0,5.0,1.3517132530478815,4.223152066957381
independent,recommended_10h,51,10.0,5.0,1.3876593611706012,4.327237375911408
independent,recommended_10h,52,10.0,5.0,1.421031476700918,4.384419520099625
independent,recommended_10h,53,10.0,5.0,1.4570799467005902,4.444825468488323
independent,recommended_10h,54,10.0,5.0,1.4942564716944329,4.485602172796743
independent,recommended_10h,55,10.0,5.0,1.5232372975775954,4.528817601011914
independent,recommended_10h,56,10.0,5.0,1.5534395553167935,4.584472208887602
independent,recommended_10h,57,10.0,5.0,1.621814280202094,4.652635964286245
independent,recommended_10h,58,10.0,5.0,1.6884696872827787,4.707249630732568
independent,recommended_10h,59,10.0,5.0,1.758305480539435,4.748908595325885
independent,recommended_10h,60,10.0,5.0,1.825447241226219,4.799629132631322
independent,recommended_10h,61,10.0,5.0,1.8968213276007395,4.85230043184306
independent,recommended_10h,62,10.0,5.0,1.9661897694118746,4.899924327601712
independent,recommended_10h,63,10.0,5.0,2.038490312880459,4.949238481032725
independent,recommended_10h,64,10.0,5.0,2.112079037182535,4.9964376451993475
independent,recommended_10h,65,10.0,5.0,2.1880039055294898,5.048620296084283
independent,recommended_10h,66,10.0,5.0,2.264366749258384,5.102297405293665
independent,recommended_10h,67,10.0,5.0,2.3467116312347436,5.199928807516563
independent,recommended_10h,68,10.0,5.0,2.422850608723892,5.297427326975024
independent,recommended_10h,69,10.0,5.0,2.5039558485615787,5.397874896892296
independent,recommended_10h,70,10.0,5.0,2.5856999549846327,5.503931145084495
independent,recommended_10h,71,10.0,5.0,2.671148985165117,5.60800732116169
independent,recommended_10h,72,10.0,5.0,2.754830246019191,5.707137176629318
independent,recommended_10h,73,10.0,5.0,2.840727237617502,5.805775535699831
independent,recommended_10h,74,10.0,5.0,2.931437157834771,5.910858270241404
independent,recommended_10h,75,10.0,5.0,3.025330962912154,6.015119823435655
independent,recommended_10h,76,10.0,5.0,3.118615447089268,6.121623459647463
independent,recommended_10h,77,10.0,5.0,3.213942958177074,6.226660594208355
independent,recommended_10h,78,10.0,5.0,3.3079620349737437,6.325541139879487
independent,recommended_10h,79,10.0,5.0,3.4045195171000797,6.4267776098638985
independent,recommended_10h,80,10.0,5.0,3.5017603625025373,6.529783576067283
independent,recommended_10h,81,10.0,5.0,3.6000137997631576,6.62901632523798
independent,recommended_10h,82,10.0,5.0,3.701287005974274,6.729160186829786
independent,recommended_10h,83,10.0,5.0,3.7988322325578583,6.826861432589304
independent,recommended_10h,84,10.0,5.0,3.902367915501581,6.927637416436561
independent,recommended_10h,85,10.0,5.0,4.004515756816818,7.026840351828945
independent,recommended_10h,86,10.0,5.0,4.108012691590468,7.128786362683059
independent,recommended_10h,87,10.0,5.0,4.214293977362504,7.231478736736441
independent,recommended_10h,88,10.0,5.0,4.317230927868088,7.3267611412087374
independent,recommended_10h,89,10.0,5.0,4.42665482532878,7.426229048873845
independent,recommended_10h,90,10.0,5.0,4.53844704105586,7.523289263247612
independent,recommended_10h,91,10.0,5.0,4.650706482620781,7.622344071507525
independent,recommended_10h,92,10.0,5.0,4.760885370123269,7.721542172526363
independent,recommended_10h,93,10.0,5.0,4.867346663157024,7.8164536265741935
independent,recommended_10h,94,10.0,5.0,4.973581078465483,7.910204129450427
independent,recommended_10h,95,10.0,5.0,5.07697542203287,8.003188977049769
independent,recommended_10h,96,10.0,5.0,5.175300708638231,8.093860544339982
independent,recommended_10h,97,10.0,5.0,5.262998212677683,8.18303665539013
independent,recommended_10h,98,10.0,5.0,5.3492010783454,8.27181042879288
independent,recommended_10h,99,10.0,5.0,5.429492314198958,8.358465118365043
independent,recommended_10h,100,10.0,5.0,5.506151326265263,8.446695384623304
independent,recommended_10h,20,10.0,12.0,0.7735234127227208,1.9364501675042778
independent,recommended_10h,21,10.0,12.0,0.853727468901444,1.9978397870314302
independent,recommended_10h,22,10.0,12.0,0.8792115426887959,2.1266059877563803
independent,recommended_10h,23,10.0,12.0,0.938722766636757,2.2592020128282986
independent,recommended_10h,24,10.0,12.0,0.8975942399835457,2.2235298578390017
independent,recommended_10h,25,10.0,12.0,0.9177796572303887,2.321147603018159
independent,recommended_10h,26,10.0,12.0,0.9505666566697712,2.447550438477908
independent,recommended_10h,27,10.0,12.0,0.9615568113593431,2.542439747186176
independent,recommended_10h,28,10.0,12.0,0.9297400636403053,2.624085276929433
independent,recommended_10h,29,10.0,12.0,0.9208214813468674,2.6885862551837114
independent,recommended_10h,30,10.0,12.0,0.8995337021548755,2.7410060755168386
independent,recommended_10h,31,10.0,12.0,0.8696370327861302,2.7939509757084036
independent,recommended_10h,32,10.0,12.0,0.8557759289175682,2.858307164374052
independent,recommended_10h,33,10.0,12.0,0.8640881483603202,2.9125736181029094
independent,recommended_10h,34,10.0,12.0,0.866191914631953,2.911721269790002
independent,recommended_10h,35,10.0,12.0,0.8665955316687235,3.0079656671786914
independent,recommended_10h,36,10.0,12.0,0.8794765473624899,3.0915349906095013
independent,recommended_10h,37,10.0,12.0,0.8901006810945633,3.1485584030654934
independent,recommended_10h,38,10.0,12.0,0.9034235357175735,3.2537276909202495
independent,recommended_10h,39,10.0,12.0,0.9072814602038681,3.3589557846500417
independent,recommended_10h,40,10.0,12.0,0.8942798074381253,3.4272202911035166
independent,recommended_10h,41,10.0,12.0,0.9033940616396618,3.5503239884241644
independent,recommended_10h,42,10.0,12.0,0.9108875358143198,3.5933662381230747
independent,recommended_10h,43,10.0,12.0,1.0039610035461388,3.646394672027009
independent,recommended_10h,44,10.0,12.0,1.0700476864755837,3.716748820930227
independent,recommended_10h,45,10.0,12.0,1.1214443474860891,3.777876670512925
independent,recommended_10h,46,10.0,12.0,1.1696476831289049,3.8771216741537495
independent,recommended_10h,47,10.0,12.0,1.2319284263277552,3.9659038583140127
independent,recommended_10h,48,10.0,12.0,1.2816228856123102,4.0578082115401815
independent,recommended_10h,49,10.0,12.0,1.3177438812869369,4.1285540386236
independent,recommended_10h,50,10.0,12.0,1.3517132530478593,4.223152066957403
independent,recommended_10h,51,10.0,12.0,1.3876593611706012,4.327237375911386
independent,recommended_10h,52,10.0,12.0,1.4210314767008958,4.384419520099603
independent,recommended_10h,53,10.0,12.0,1.4570799467006124,4.444825468488323
independent,recommended_10h,54,10.0,12.0,1.4942564716944107,4.485602172796721
independent,recommended_10h,55,10.0,12.0,1.5232372975775954,4.528817601011914
independent,recommended_10h,56,10.0,12.0,1.5534395553168157,4.584472208887602
independent,recommended_10h,57,10.0,12.0,1.6218142802020497,4.652635964286245
independent,recommended_10h,58,10.0,12.0,1.6884696872827787,4.707249630732568
independent,recommended_10h,59,10.0,12.0,1.7583054805394127,4.7489085953258625
independent,recommended_10h,60,10.0,12.0,1.825447241226219,4.7996291326313
independent,recommended_10h,61,10.0,12.0,1.8968213276007395,4.852300431843037
independent,recommended_10h,62,10.0,12.0,1.9661897694118746,4.899924327601735
independent,recommended_10h,63,10.0,12.0,2.038490312880459,4.949238481032725
independent,recommended_10h,64,10.0,12.0,2.112079037182535,4.9964376451993475
independent,recommended_10h,65,10.0,12.0,2.188003905529512,5.048620296084261
independent,recommended_10h,66,10.0,12.0,2.264366749258362,5.102297405293599
independent,recommended_10h,67,10.0,12.0,2.3467116312347214,5.199928807516518
independent,recommended_10h,68,10.0,12.0,2.42285060872387,5.297427326975024
independent,recommended_10h,69,10.0,12.0,2.5039558485615565,5.397874896892296
independent,recommended_10h,70,10.0,12.0,2.5856999549846105,5.503931145084451
independent,recommended_10h,71,10.0,12.0,2.671148985165095,5.60800732116169
independent,recommended_10h,72,10.0,12.0,2.7548302460191687,5.707137176629318
independent,recommended_10h,73,10.0,12.0,2.8407272376174797,5.805775535699809
independent,recommended_10h,74,10.0,12.0,2.9314371578347487,5.910858270241404
independent,recommended_10h,75,10.0,12.0,3.0253309629121095,6.015119823435677
independent,recommended_10h,76,10.0,12.0,3.1186154470892014,6.121623459647463
independent,recommended_10h,77,10.0,12.0,3.213942958177074,6.226660594208355
independent,recommended_10h,78,10.0,12.0,3.3079620349737437,6.325541139879487
independent,recommended_10h,79,10.0,12.0,3.4045195171000353,6.426777609863876
independent,recommended_10h,80,10.0,12.0,3.501760362502515,6.529783576067305
independent,recommended_10h,81,10.0,12.0,3.6000137997631576,6.62901632523798
independent,recommended_10h,82,10.0,12.0,3.701287005974252,6.729160186829786
independent,recommended_10h,83,10.0,12.0,3.798832232557836,6.826861432589326
independent,recommended_10h,84,10.0,12.0,3.902367915501581,6.927637416436561
independent,recommended_10h,85,10.0,12.0,4.004515756816818,7.026840351828922
independent,recommended_10h,86,10.0,12.0,4.108012691590446,7.128786362683082
independent,recommended_10h,87,10.0,12.0,4.2142939773625265,7.231478736736441
independent,recommended_10h,88,10.0,12.0,4.317230927868065,7.3267611412087374
independent,recommended_10h,89,10.0,12.0,4.426654825328802,7.426229048873845
independent,recommended_10h,90,10.0,12.0,4.53844704105586,7.52328926324759
independent,recommended_10h,91,10.0,12.0,4.650706482620803,7.622344071507525
independent,recommended_10h,92,10.0,12.0,4.7608853701232245,7.721542172526363
independent,recommended_10h,93,10.0,12.0,4.867346663157002,7.8164536265741935
independent,recommended_10h,94,10.0,12.0,4.973581078465461,7.910204129450449
independent,recommended_10h,95,10.0,12.0,5.07697542203287,8.003188977049769
independent,recommended_10h,96,10.0,12.0,5.175300708638253,8.093860544339982
independent,recommended_10h,97,10.0,12.0,5.262998212677683,8.183036655390152
independent,recommended_10h,98,10.0,12.0,5.3492010783454,8.27181042879288
independent,recommended_10h,99,10.0,12.0,5.42949231419898,8.358465118365
independent,recommended_10h,100,10.0,12.0,5.506151326265263,8.446695384623325
independent,recommended_10h,20,12.0,1.0,0.773523412722743,1.9364501675042778
independent,recommended_10h,21,12.0,1.0,0.8537274689014884,1.9978397870314746
independent,recommended_10h,22,12.0,1.0,0.8792115426887959,2.126605987756336
independent,recommended_10h,23,12.0,1.0,0.9387227666367792,2.259202012828343
independent,recommended_10h,24,12.0,1.0,0.8975942399835679,2.223529857839046
independent,recommended_10h,25,12.0,1.0,0.9177796572303887,2.321147603018159
independent,recommended_10h,26,12.0,1.0,0.9505666566697712,2.44755043847793
independent,recommended_10h,27,12.0,1.0,0.9615568113593209,2.5424397471861537
independent,recommended_10h,28,12.0,1.0,0.9297400636403053,2.624085276929411
independent,recommended_10h,29,12.0,1.0,0.9208214813468674,2.6885862551837114
independent,recommended_10h,30,12.0,1.0,0.8995337021549199,2.741006075516883
independent,recommended_10h,31,12.0,1.0,0.8696370327861525,2.7939509757084258
independent,recommended_10h,32,12.0,1.0,0.8557759289175682,2.858307164374052
independent,recommended_10h,33,12.0,1.0,0.8640881483603424,2.9125736181029094
independent,recommended_10h,34,12.0,1.0,0.8661919146319308,2.911721269790024
independent,recommended_10h,35,12.0,1.0,0.8665955316687013,3.0079656671786914
independent,recommended_10h,36,12.0,1.0,0.8794765473624677,3.0915349906095235
independent,recommended_10h,37,12.0,1.0,0.8901006810945633,3.148558403065538
independent,recommended_10h,38,12.0,1.0,0.9034235357175735,3.2537276909202717
independent,recommended_10h,39,12.0,1.0,0.9072814602038681,3.3589557846500417
independent,recommended_10h,40,12.0,1.0,0.8942798074381031,3.4272202911035166
independent,recommended_10h,41,12.0,1.0,0.9033940616396618,3.550323988424209
independent,recommended_10h,42,12.0,1.0,0.9108875358143198,3.5933662381230747
independent,recommended_10h,43,12.0,1.0,1.0039610035461166,3.6463946720269647
independent,recommended_10h,44,12.0,1.0,1.0700476864756059,3.7167488209302046
independent,recommended_10h,45,12.0,1.0,1.1214443474861113,3.777876670512925
independent,recommended_10h,46,12.0,1.0,1.169647683128927,3.8771216741537717
independent,recommended_10h,47,12.0,1.0,1.2319284263277774,3.9659038583140127
independent,recommended_10h,48,12.0,1.0,1.2816228856123546,4.0578082115401815
independent,recommended_10h,49,12.0,1.0,1.317743881286959,4.1285540386235775
independent,recommended_10h,50,12.0,1.0,1.3517132530478815,4.223152066957403
independent,recommended_10h,51,12.0,1.0,1.3876593611706234,4.327237375911408
independent,recommended_10h,52,12.0,1.0,1.4210314767009402,4.384419520099603
independent,recommended_10h,53,12.0,1.0,1.4570799467006346,4.444825468488323
independent,recommended_10h,54,12.0,1.0,1.4942564716944329,4.485602172796721
independent,recommended_10h,55,12.0,1.0,1.5232372975776176,4.528817601011914
independent,recommended_10h,56,12.0,1.0,1.5534395553168157,4.584472208887624
independent,recommended_10h,57,12.0,1.0,1.6218142802020719,4.652635964286267
independent,recommended_10h,58,12.0,1.0,1.688469687282801,4.707249630732568
independent,recommended_10h,59,12.0,1.0,1.7583054805394127,4.7489085953258625
independent,recommended_10h,60,12.0,1.0,1.825447241226219,4.799629132631322
independent,recommended_10h,61,12.0,1.0,1.8968213276007395,4.852300431843082
independent,recommended_10h,62,12.0,1.0,1.9661897694118968,4.899924327601712
independent,recommended_10h,63,12.0,1.0,2.038490312880481,4.949238481032703
independent,recommended_10h,64,12.0,1.0,2.112079037182557,4.9964376451993475
independent,recommended_10h,65,12.0,1.0,2.188003905529512,5.048620296084239
independent,recommended_10h,66,12.0,1.0,2.264366749258384,5.102297405293621
independent,recommended_10h,67,12.0,1.0,2.346711631234766,5.199928807516496
independent,recommended_10h,68,12.0,1.0,2.422850608723892,5.297427326975002
independent,recommended_10h,69,12.0,1.0,2.5039558485615787,5.397874896892296
independent,recommended_10h,70,12.0,1.0,2.5856999549846105,5.503931145084429
independent,recommended_10h,71,12.0,1.0,2.671148985165117,5.608007321161668
independent,recommended_10h,72,12.0,1.0,2.754830246019213,5.707137176629318
independent,recommended_10h,73,12.0,1.0,2.840727237617502,5.805775535699764
independent,recommended_10h,74,12.0,1.0,2.9314371578347487,5.910858270241359
independent,recommended_10h,75,12.0,1.0,3.025330962912154,6.015119823435655
independent,recommended_10h,76,12.0,1.0,3.1186154470892458,6.121623459647463
independent,recommended_10h,77,12.0,1.0,3.213942958177052,6.226660594208355
independent,recommended_10h,78,12.0,1.0,3.3079620349737437,6.3255411398794426
independent,recommended_10h,79,12.0,1.0,3.4045195171000797,6.426777609863876
independent,recommended_10h,80,12.0,1.0,3.501760362502515,6.529783576067305
independent,recommended_10h,81,12.0,1.0,3.60001379976318,6.62901632523798
independent,recommended_10h,82,12.0,1.0,3.7012870059743186,6.7291601868297635
independent,recommended_10h,83,12.0,1.0,3.798832232557836,6.826861432589326
independent,recommended_10h,84,12.0,1.0,3.9023679155016033,6.927637416436538
independent,recommended_10h,85,12.0,1.0,4.00451575681684,7.026840351828922
independent,recommended_10h,86,12.0,1.0,4.108012691590468,7.128786362683059
independent,recommended_10h,87,12.0,1.0,4.2142939773625265,7.231478736736441
independent,recommended_10h,88,12.0,1.0,4.31723092786811,7.326761141208715
independent,recommended_10h,89,12.0,1.0,4.426654825328757,7.426229048873867
independent,recommended_10h,90,12.0,1.0,4.53844704105586,7.5232892632476345
independent,recommended_10h,91,12.0,1.0,4.650706482620848,7.622344071507525
independent,recommended_10h,92,12.0,1.0,4.760885370123247,7.721542172526408
independent,recommended_10h,93,12.0,1.0,4.867346663157024,7.816453626574216
independent,recommended_10h,94,12.0,1.0,4.973581078465461,7.910204129450449
independent,recommended_10h,95,12.0,1.0,5.076975422032892,8.003188977049769
independent,recommended_10h,96,12.0,1.0,5.175300708638275,8.09386054433996
independent,recommended_10h,97,12.0,1.0,5.262998212677705,8.183036655390152
independent,recommended_10h,98,12.0,1.0,5.3492010783454225,8.27181042879288
independent,recommended_10h,99,12.0,1.0,5.429492314199003,8.358465118365
independent,recommended_10h,100,12.0,1.0,5.506151326265263,8.446695384623304
independent,recommended_10h,20,12.0,5.0,0.7735234127227208,1.9364501675043
independent,recommended_10h,21,12.0,5.0,0.8537274689014662,1.9978397870314302
independent,recommended_10h,22,12.0,5.0,0.8792115426887959,2.126605987756336
independent,recommended_10h,23,12.0,5.0,0.9387227666367792,2.259202012828343
independent,recommended_10h,24,12.0,5.0,0.8975942399835901,2.223529857839024
independent,recommended_10h,25,12.0,5.0,0.9177796572304109,2.321147603018181
independent,recommended_10h,26,12.0,5.0,0.9505666566697712,2.447550438477908
independent,recommended_10h,27,12.0,5.0,0.9615568113593653,2.542439747186176
independent,recommended_10h,28,12.0,5.0,0.9297400636403275,2.6240852769294554
independent,recommended_10h,29,12.0,5.0,0.9208214813468674,2.688586255183689
independent,recommended_10h,30,12.0,5.0,0.8995337021548755,2.7410060755168164
independent,recommended_10h,31,12.0,5.0,0.8696370327861302,2.7939509757084258
independent,recommended_10h,32,12.0,5.0,0.8557759289175682,2.8583071643740743
independent,recommended_10h,33,12.0,5.0,0.8640881483603868,2.9125736181029316
independent,recommended_10h,34,12.0,5.0,0.866191914631953,2.9117212697900463
independent,recommended_10h,35,12.0,5.0,0.8665955316687013,3.0079656671787136
independent,recommended_10h,36,12.0,5.0,0.8794765473624677,3.0915349906095235
independent,recommended_10h,37,12.0,5.0,0.8901006810945633,3.148558403065538
independent,recommended_10h,38,12.0,5.0,0.9034235357175957,3.2537276909202717
independent,recommended_10h,39,12.0,5.0,0.9072814602038681,3.3589557846500417
independent,recommended_10h,40,12.0,5.0,0.8942798074381253,3.4272202911035166
independent,recommended_10h,41,12.0,5.0,0.9033940616396618,3.5503239884241866
independent,recommended_10h,42,12.0,5.0,0.910887535814342,3.5933662381230524
independent,recommended_10h,43,12.0,5.0,1.0039610035461166,3.646394672026987
independent,recommended_10h,44,12.0,5.0,1.070047686475628,3.7167488209302046
independent,recommended_10h,45,12.0,5.0,1.121444347486067,3.777876670512925
independent,recommended_10h,46,12.0,5.0,1.1696476831289049,3.8771216741537273
independent,recommended_10h,47,12.0,5.0,1.2319284263277774,3.9659038583140127
independent,recommended_10h,48,12.0,5.0,1.2816228856123324,4.057808211540204
independent,recommended_10h,49,12.0,5.0,1.3177438812869813,4.1285540386236
independent,recommended_10h,50,12.0,5.0,1.3517132530478815,4.223152066957425
independent,recommended_10h,51,12.0,5.0,1.3876593611706234,4.327237375911408
independent,recommended_10h,52,12.0,5.0,1.421031476700918,4.384419520099625
independent,recommended_10h,53,12.0,5.0,1.4570799467006124,4.444825468488323
independent,recommended_10h,54,12.0,5.0,1.4942564716943885,4.485602172796743
independent,recommended_10h,55,12.0,5.0,1.5232372975776176,4.528817601011914
independent,recommended_10h,56,12.0,5.0,1.5534395553168157,4.584472208887602
independent,recommended_10h,57,12.0,5.0,1.6218142802020719,4.652635964286245
independent,recommended_10h,58,12.0,5.0,1.6884696872827787,4.707249630732546
independent,recommended_10h,59,12.0,5.0,1.7583054805394127,4.748908595325818
independent,recommended_10h,60,12.0,5.0,1.825447241226219,4.799629132631322
independent,recommended_10h,61,12.0,5.0,1.8968213276007395,4.852300431843037
independent,recommended_10h,62,12.0,5.0,1.9661897694118968,4.899924327601712
independent,recommended_10h,63,12.0,5.0,2.038490312880481,4.949238481032703
independent,recommended_10h,64,12.0,5.0,2.1120790371825793,4.996437645199325
independent,recommended_10h,65,12.0,5.0,2.188003905529512,5.048620296084261
independent,recommended_10h,66,12.0,5.0,2.264366749258362,5.102297405293621
independent,recommended_10h,67,12.0,5.0,2.3467116312347214,5.199928807516518
independent,recommended_10h,68,12.0,5.0,2.422850608723892,5.297427326975002
independent,recommended_10h,69,12.0,5.0,2.5039558485615787,5.3978748968923185
independent,recommended_10h,70,12.0,5.0,2.5856999549845883,5.503931145084451
independent,recommended_10h,71,12.0,5.0,2.671148985165095,5.608007321161668
independent,recommended_10h,72,12.0,5.0,2.7548302460191687,5.70713717662934
independent,recommended_10h,73,12.0,5.0,2.8407272376174797,5.805775535699809
independent,recommended_10h,74,12.0,5.0,2.9314371578347487,5.910858270241426
independent,recommended_10h,75,12.0,5.0,3.0253309629121095,6.0151198234356995
independent,recommended_10h,76,12.0,5.0,3.1186154470892236,6.121623459647463
independent,recommended_10h,77,12.0,5.0,3.213942958177052,6.2266605942083775
independent,recommended_10h,78,12.0,5.0,3.3079620349737437,6.325541139879487
independent,recommended_10h,79,12.0,5.0,3.404519517100102,6.4267776098638985
independent,recommended_10h,80,12.0,5.0,3.501760362502515,6.529783576067305
independent,recommended_10h,81,12.0,5.0,3.6000137997631354,6.629016325238024
independent,recommended_10h,82,12.0,5.0,3.7012870059742964,6.729160186829786
independent,recommended_10h,83,12.0,5.0,3.7988322325578583,6.826861432589348
independent,recommended_10h,84,12.0,5.0,3.902367915501581,6.927637416436516
independent,recommended_10h,85,12.0,5.0,4.004515756816818,7.026840351828945
independent,recommended_10h,86,12.0,5.0,4.108012691590446,7.128786362683082
independent,recommended_10h,87,12.0,5.0,4.214293977362504,7.231478736736441
independent,recommended_10h,88,12.0,5.0,4.317230927868065,7.3267611412087374
independent,recommended_10h,89,12.0,5.0,4.42665482532878,7.426229048873867
independent,recommended_10h,90,12.0,5.0,4.53844704105586,7.523289263247657
independent,recommended_10h,91,12.0,5.0,4.650706482620803,7.6223440715075474
independent,recommended_10h,92,12.0,5.0,4.760885370123247,7.721542172526408
independent,recommended_10h,93,12.0,5.0,4.867346663157024,7.816453626574171
independent,recommended_10h,94,12.0,5.0,4.973581078465461,7.910204129450471
independent,recommended_10h,95,12.0,5.0,5.07697542203287,8.003188977049792
independent,recommended_10h,96,12.0,5.0,5.175300708638253,8.093860544339982
independent,recommended_10h,97,12.0,5.0,5.262998212677683,8.18303665539013
independent,recommended_10h,98,12.0,5.0,5.3492010783454,8.271810428792904
independent,recommended_10h,99,12.0,5.0,5.42949231419898,8.358465118365066
independent,recommended_10h,100,12.0,5.0,5.506151326265241,8.446695384623348
independent,recommended_10h,20,12.0,12.0,0.7735234127227208,1.9364501675042778
independent,recommended_10h,21,12.0,12.0,0.8537274689014884,1.9978397870314746
independent,recommended_10h,22,12.0,12.0,0.8792115426888181,2.1266059877563803
independent,recommended_10h,23,12.0,12.0,0.9387227666367792,2.259202012828343
independent,recommended_10h,24,12.0,12.0,0.8975942399835457,2.2235298578390017
independent,recommended_10h,25,12.0,12.0,0.9177796572303887,2.321147603018181
independent,recommended_10h,26,12.0,12.0,0.9505666566697712,2.4475504384779523
independent,recommended_10h,27,12.0,12.0,0.9615568113593653,2.542439747186176
independent,recommended_10h,28,12.0,12.0,0.929740063640283,2.624085276929433
independent,recommended_10h,29,12.0,12.0,0.9208214813468674,2.6885862551837114
independent,recommended_10h,30,12.0,12.0,0.8995337021548755,2.7410060755168164
independent,recommended_10h,31,12.0,12.0,0.8696370327861525,2.793950975708448
independent,recommended_10h,32,12.0,12.0,0.8557759289175682,2.8583071643740743
independent,recommended_10h,33,12.0,12.0,0.8640881483603646,2.9125736181029094
independent,recommended_10h,34,12.0,12.0,0.8661919146319752,2.9117212697900463
independent,recommended_10h,35,12.0,12.0,0.8665955316686791,3.0079656671786914
independent,recommended_10h,36,12.0,12.0,0.8794765473625121,3.0915349906095013
independent,recommended_10h,37,12.0,12.0,0.8901006810945633,3.148558403065538
independent,recommended_10h,38,12.0,12.0,0.9034235357175735,3.2537276909202717
independent,recommended_10h,39,12.0,12.0,0.9072814602038681,3.358955784650064
independent,recommended_10h,40,12.0,12.0,0.8942798074381031,3.4272202911034944
independent,recommended_10h,41,12.0,12.0,0.9033940616396618,3.5503239884241866
independent,recommended_10h,42,12.0,12.0,0.9108875358143198,3.5933662381230302
independent,recommended_10h,43,12.0,12.0,1.0039610035460944,3.6463946720269647
independent,recommended_10h,44,12.0,12.0,1.0700476864756059,3.7167488209302046
independent,recommended_10h,45,12.0,12.0,1.1214443474860891,3.777876670512925
independent,recommended_10h,46,12.0,12.0,1.169647683128927,3.877121674153794
independent,recommended_10h,47,12.0,12.0,1.2319284263277552,3.9659038583140127
independent,recommended_10h,48,12.0,12.0,1.2816228856123324,4.057808211540204
independent,recommended_10h,49,12.0,12.0,1.3177438812869813,4.128554038623622
independent,recommended_10h,50,12.0,12.0,1.3517132530479037,4.223152066957425
independent,recommended_10h,51,12.0,12.0,1.3876593611706234,4.32723737591143
independent,recommended_10h,52,12.0,12.0,1.421031476700918,4.384419520099581
independent,recommended_10h,53,12.0,12.0,1.4570799467006346,4.444825468488323
independent,recommended_10h,54,12.0,12.0,1.4942564716943885,4.485602172796721
independent,recommended_10h,55,12.0,12.0,1.5232372975776176,4.528817601011914
independent,recommended_10h,56,12.0,12.0,1.5534395553168157,4.584472208887602
independent,recommended_10h,57,12.0,12.0,1.621814280202094,4.652635964286267
independent,recommended_10h,58,12.0,12.0,1.688469687282801,4.707249630732568
independent,recommended_10h,59,12.0,12.0,1.758305480539435,4.748908595325818
independent,recommended_10h,60,12.0,12.0,1.825447241226219,4.7996291326313
independent,recommended_10h,61,12.0,12.0,1.8968213276007395,4.852300431842993
independent,recommended_10h,62,12.0,12.0,1.966189769411919,4.899924327601712
independent,recommended_10h,63,12.0,12.0,2.038490312880481,4.949238481032725
independent,recommended_10h,64,12.0,12.0,2.112079037182557,4.996437645199325
independent,recommended_10h,65,12.0,12.0,2.188003905529534,5.048620296084239
independent,recommended_10h,66,12.0,12.0,2.2643667492583397,5.102297405293621
independent,recommended_10h,67,12.0,12.0,2.346711631234766,5.199928807516518
independent,recommended_10h,68,12.0,12.0,2.42285060872387,5.297427326975024
independent,recommended_10h,69,12.0,12.0,2.503955848561601,5.397874896892274
independent,recommended_10h,70,12.0,12.0,2.5856999549846327,5.503931145084473
independent,recommended_10h,71,12.0,12.0,2.671148985165095,5.6080073211616455
independent,recommended_10h,72,12.0,12.0,2.754830246019191,5.70713717662934
independent,recommended_10h,73,12.0,12.0,2.840727237617524,5.805775535699809
independent,recommended_10h,74,12.0,12.0,2.931437157834771,5.910858270241381
independent,recommended_10h,75,12.0,12.0,3.025330962912176,6.015119823435677
independent,recommended_10h,76,12.0,12.0,3.1186154470892458,6.121623459647463
independent,recommended_10h,77,12.0,12.0,3.213942958177096,6.226660594208355
independent,recommended_10h,78,12.0,12.0,3.3079620349737437,6.325541139879465
independent,recommended_10h,79,12.0,12.0,3.4045195171000797,6.4267776098638985
independent,recommended_10h,80,12.0,12.0,3.501760362502515,6.529783576067327
independent,recommended_10h,81,12.0,12.0,3.6000137997631354,6.62901632523798
independent,recommended_10h,82,12.0,12.0,3.701287005974274,6.7291601868297635
independent,recommended_10h,83,12.0,12.0,3.7988322325578583,6.826861432589348
independent,recommended_10h,84,12.0,12.0,3.902367915501581,6.927637416436538
independent,recommended_10h,85,12.0,12.0,4.004515756816818,7.026840351828922
independent,recommended_10h,86,12.0,12.0,4.108012691590468,7.128786362683059
independent,recommended_10h,87,12.0,12.0,4.214293977362504,7.231478736736463
independent,recommended_10h,88,12.0,12.0,4.317230927868088,7.326761141208693
independent,recommended_10h,89,12.0,12.0,4.42665482532878,7.426229048873867
independent,recommended_10h,90,12.0,12.0,4.5384470410558375,7.5232892632476345
independent,recommended_10h,91,12.0,12.0,4.6507064826208255,7.622344071507525
independent,recommended_10h,92,12.0,12.0,4.760885370123269,7.72154217252643
independent,recommended_10h,93,12.0,12.0,4.867346663157046,7.8164536265741935
independent,recommended_10h,94,12.0,12.0,4.973581078465461,7.910204129450449
independent,recommended_10h,95,12.0,12.0,5.076975422032848,8.003188977049813
independent,recommended_10h,96,12.0,12.0,5.175300708638253,8.093860544339982
independent,recommended_10h,97,12.0,12.0,5.262998212677705,8.183036655390175
independent,recommended_10h,98,12.0,12.0,5.3492010783454,8.271810428792904
independent,recommended_10h,99,12.0,12.0,5.429492314199003,8.358465118365043
independent,recommended_10h,100,12.0,12.0,5.506151326265263,8.446695384623348
independent,recommended_10h,20,24.0,1.0,0.7735234127227208,1.9364501675042778
independent,recommended_10h,21,24.0,1.0,0.8537274689014662,1.9978397870314524
independent,recommended_10h,22,24.0,1.0,0.8792115426887959,2.126605987756358
independent,recommended_10h,23,24.0,1.0,0.9387227666367792,2.259202012828343
independent,recommended_10h,24,24.0,1.0,0.8975942399835679,2.223529857839024
independent,recommended_10h,25,24.0,1.0,0.9177796572303887,2.321147603018181
independent,recommended_10h,26,24.0,1.0,0.9505666566697712,2.44755043847793
independent,recommended_10h,27,24.0,1.0,0.9615568113593209,2.5424397471861537
independent,recommended_10h,28,24.0,1.0,0.9297400636403053,2.624085276929433
independent,recommended_10h,29,24.0,1.0,0.9208214813468896,2.6885862551837114
independent,recommended_10h,30,24.0,1.0,0.8995337021548755,2.7410060755168386
independent,recommended_10h,31,24.0,1.0,0.8696370327861302,2.7939509757084036
independent,recommended_10h,32,24.0,1.0,0.8557759289175682,2.8583071643740743
independent,recommended_10h,33,24.0,1.0,0.8640881483603646,2.9125736181029316
independent,recommended_10h,34,24.0,1.0,0.8661919146319752,2.9117212697900685
independent,recommended_10h,35,24.0,1.0,0.8665955316687235,3.0079656671786914
independent,recommended_10h,36,24.0,1.0,0.8794765473624899,3.0915349906095013
independent,recommended_10h,37,24.0,1.0,0.8901006810945633,3.1485584030655156
independent,recommended_10h,38,24.0,1.0,0.9034235357175513,3.2537276909202495
independent,recommended_10h,39,24.0,1.0,0.9072814602038681,3.3589557846500417
independent,recommended_10h,40,24.0,1.0,0.8942798074381253,3.4272202911034944
independent,recommended_10h,41,24.0,1.0,0.9033940616397063,3.550323988424209
independent,recommended_10h,42,24.0,1.0,0.9108875358142976,3.5933662381230524
independent,recommended_10h,43,24.0,1.0,1.0039610035461166,3.6463946720269647
independent,recommended_10h,44,24.0,1.0,1.0700476864756059,3.716748820930249
independent,recommended_10h,45,24.0,1.0,1.1214443474861113,3.7778766705129474
independent,recommended_10h,46,24.0,1.0,1.169647683128927,3.8771216741537495
independent,recommended_10h,47,24.0,1.0,1.2319284263277552,3.9659038583140127
independent,recommended_10h,48,24.0,1.0,1.2816228856123324,4.057808211540204
independent,recommended_10h,49,24.0,1.0,1.317743881286959,4.128554038623622
independent,recommended_10h,50,24.0,1.0,1.3517132530478815,4.223152066957425
independent,recommended_10h,51,24.0,1.0,1.3876593611706012,4.32723737591143
independent,recommended_10h,52,24.0,1.0,1.4210314767009402,4.384419520099581
independent,recommended_10h,53,24.0,1.0,1.4570799467006346,4.444825468488323
independent,recommended_10h,54,24.0,1.0,1.4942564716944107,4.485602172796721
independent,recommended_10h,55,24.0,1.0,1.5232372975776176,4.528817601011936
independent,recommended_10h,56,24.0,1.0,1.5534395553168157,4.584472208887602
independent,recommended_10h,57,24.0,1.0,1.6218142802020719,4.652635964286267
independent,recommended_10h,58,24.0,1.0,1.6884696872827787,4.707249630732546
independent,recommended_10h,59,24.0,1.0,1.758305480539435,4.748908595325885
independent,recommended_10h,60,24.0,1.0,1.8254472412262412,4.7996291326313445
independent,recommended_10h,61,24.0,1.0,1.8968213276007395,4.852300431843037
independent,recommended_10h,62,24.0,1.0,1.9661897694118968,4.899924327601712
independent,recommended_10h,63,24.0,1.0,2.038490312880459,4.949238481032725
independent,recommended_10h,64,24.0,1.0,2.112079037182535,4.9964376451993475
independent,recommended_10h,65,24.0,1.0,2.188003905529512,5.048620296084283
independent,recommended_10h,66,24.0,1.0,2.264366749258384,5.102297405293599
independent,recommended_10h,67,24.0,1.0,2.3467116312347436,5.199928807516518
independent,recommended_10h,68,24.0,1.0,2.422850608723892,5.297427326975024
independent,recommended_10h,69,24.0,1.0,2.5039558485615565,5.3978748968923185
independent,recommended_10h,70,24.0,1.0,2.5856999549846327,5.503931145084451
independent,recommended_10h,71,24.0,1.0,2.671148985165117,5.60800732116169
independent,recommended_10h,72,24.0,1.0,2.754830246019191,5.707137176629318
independent,recommended_10h,73,24.0,1.0,2.8407272376174797,5.805775535699809
independent,recommended_10h,74,24.0,1.0,2.931437157834771,5.910858270241359
independent,recommended_10h,75,24.0,1.0,3.0253309629121095,6.015119823435655
independent,recommended_10h,76,24.0,1.0,3.1186154470892458,6.121623459647441
independent,recommended_10h,77,24.0,1.0,3.213942958177052,6.226660594208355
independent,recommended_10h,78,24.0,1.0,3.307962034973766,6.325541139879465
independent,recommended_10h,79,24.0,1.0,3.4045195171000575,6.426777609863854
independent,recommended_10h,80,24.0,1.0,3.5017603625025373,6.529783576067305
independent,recommended_10h,81,24.0,1.0,3.6000137997631576,6.629016325238002
independent,recommended_10h,82,24.0,1.0,3.7012870059742964,6.729160186829786
independent,recommended_10h,83,24.0,1.0,3.798832232557836,6.826861432589326
independent,recommended_10h,84,24.0,1.0,3.902367915501581,6.927637416436538
independent,recommended_10h,85,24.0,1.0,4.00451575681684,7.026840351828945
independent,recommended_10h,86,24.0,1.0,4.108012691590446,7.128786362683082
independent,recommended_10h,87,24.0,1.0,4.214293977362482,7.231478736736507
independent,recommended_10h,88,24.0,1.0,4.317230927868065,7.3267611412087374
independent,recommended_10h,89,24.0,1.0,4.426654825328802,7.4262290488738
independent,recommended_10h,90,24.0,1.0,4.53844704105586,7.523289263247612
independent,recommended_10h,91,24.0,1.0,4.650706482620803,7.622344071507503
independent,recommended_10h,92,24.0,1.0,4.760885370123269,7.721542172526408
independent,recommended_10h,93,24.0,1.0,4.8673466631570905,7.8164536265741935
independent,recommended_10h,94,24.0,1.0,4.973581078465461,7.910204129450471
independent,recommended_10h,95,24.0,1.0,5.07697542203287,8.003188977049792
independent,recommended_10h,96,24.0,1.0,5.175300708638253,8.09386054433996
independent,recommended_10h,97,24.0,1.0,5.262998212677705,8.18303665539013
independent,recommended_10h,98,24.0,1.0,5.3492010783454,8.27181042879288
independent,recommended_10h,99,24.0,1.0,5.429492314199003,8.358465118365
independent,recommended_10h,100,24.0,1.0,5.506151326265241,8.446695384623348
independent,recommended_10h,20,24.0,5.0,0.7735234127227653,1.9364501675043
independent,recommended_10h,21,24.0,5.0,0.8537274689014662,1.9978397870314524
independent,recommended_10h,22,24.0,5.0,0.8792115426887959,2.126605987756358
independent,recommended_10h,23,24.0,5.0,0.9387227666367792,2.259202012828321
independent,recommended_10h,24,24.0,5.0,0.8975942399835457,2.2235298578390017
independent,recommended_10h,25,24.0,5.0,0.9177796572303887,2.321147603018181
independent,recommended_10h,26,24.0,5.0,0.9505666566697712,2.447550438477908
independent,recommended_10h,27,24.0,5.0,0.9615568113593209,2.5424397471861537
independent,recommended_10h,28,24.0,5.0,0.929740063640283,2.6240852769294554
independent,recommended_10h,29,24.0,5.0,0.9208214813468896,2.6885862551837114
independent,recommended_10h,30,24.0,5.0,0.8995337021548755,2.7410060755168164
independent,recommended_10h,31,24.0,5.0,0.8696370327861302,2.7939509757084258
independent,recommended_10h,32,24.0,5.0,0.8557759289175682,2.8583071643740743
independent,recommended_10h,33,24.0,5.0,0.8640881483603646,2.9125736181029316
independent,recommended_10h,34,24.0,5.0,0.866191914631953,2.9117212697900463
independent,recommended_10h,35,24.0,5.0,0.8665955316687013,3.0079656671786914
independent,recommended_10h,36,24.0,5.0,0.8794765473625121,3.0915349906095235
independent,recommended_10h,37,24.0,5.0,0.8901006810945633,3.148558403065538
independent,recommended_10h,38,24.0,5.0,0.9034235357175957,3.253727690920294
independent,recommended_10h,39,24.0,5.0,0.9072814602038681,3.3589557846500195
independent,recommended_10h,40,24.0,5.0,0.8942798074381031,3.4272202911034944
independent,recommended_10h,41,24.0,5.0,0.9033940616396618,3.550323988424209
independent,recommended_10h,42,24.0,5.0,0.9108875358143198,3.5933662381230747
independent,recommended_10h,43,24.0,5.0,1.0039610035460944,3.6463946720269647
independent,recommended_10h,44,24.0,5.0,1.070047686475628,3.716748820930249
independent,recommended_10h,45,24.0,5.0,1.1214443474860891,3.777876670512903
independent,recommended_10h,46,24.0,5.0,1.169647683128927,3.8771216741537717
independent,recommended_10h,47,24.0,5.0,1.2319284263277552,3.9659038583140127
independent,recommended_10h,48,24.0,5.0,1.2816228856123546,4.057808211540204
independent,recommended_10h,49,24.0,5.0,1.317743881286959,4.128554038623622
independent,recommended_10h,50,24.0,5.0,1.3517132530479037,4.223152066957403
independent,recommended_10h,51,24.0,5.0,1.3876593611706456,4.327237375911386
independent,recommended_10h,52,24.0,5.0,1.4210314767009402,4.384419520099625
independent,recommended_10h,53,24.0,5.0,1.457079946700679,4.4448254684883
independent,recommended_10h,54,24.0,5.0,1.4942564716944329,4.485602172796699
independent,recommended_10h,55,24.0,5.0,1.5232372975776398,4.528817601011892
independent,recommended_10h,56,24.0,5.0,1.5534395553168379,4.584472208887602
independent,recommended_10h,57,24.0,5.0,1.621814280202094,4.652635964286267
independent,recommended_10h,58,24.0,5.0,1.688469687282801,4.707249630732524
independent,recommended_10h,59,24.0,5.0,1.758305480539435,4.7489085953258625
independent,recommended_10h,60,24.0,5.0,1.8254472412262412,4.799629132631322
independent,recommended_10h,61,24.0,5.0,1.8968213276007617,4.852300431843015
independent,recommended_10h,62,24.0,5.0,1.9661897694118968,4.89992432760169
independent,recommended_10h,63,24.0,5.0,2.038490312880481,4.949238481032703
independent,recommended_10h,64,24.0,5.0,2.112079037182557,4.9964376451993475
independent,recommended_10h,65,24.0,5.0,2.188003905529512,5.048620296084261
independent,recommended_10h,66,24.0,5.0,2.264366749258384,5.102297405293621
independent,recommended_10h,67,24.0,5.0,2.3467116312347436,5.199928807516518
independent,recommended_10h,68,24.0,5.0,2.4228506087238477,5.297427326975002
independent,recommended_10h,69,24.0,5.0,2.5039558485615787,5.397874896892296
independent,recommended_10h,70,24.0,5.0,2.5856999549846105,5.503931145084473
independent,recommended_10h,71,24.0,5.0,2.6711489851651393,5.6080073211616455
independent,recommended_10h,72,24.0,5.0,2.754830246019191,5.7071371766292955
independent,recommended_10h,73,24.0,5.0,2.840727237617502,5.805775535699831
independent,recommended_10h,74,24.0,5.0,2.931437157834793,5.910858270241359
independent,recommended_10h,75,24.0,5.0,3.0253309629121317,6.015119823435677
independent,recommended_10h,76,24.0,5.0,3.118615447089268,6.121623459647441
independent,recommended_10h,77,24.0,5.0,3.213942958177096,6.226660594208333
independent,recommended_10h,78,24.0,5.0,3.3079620349737437,6.325541139879509
independent,recommended_10h,79,24.0,5.0,3.4045195171000575,6.426777609863876
independent,recommended_10h,80,24.0,5.0,3.5017603625025373,6.529783576067305
independent,recommended_10h,81,24.0,5.0,3.600013799763202,6.629016325238002
independent,recommended_10h,82,24.0,5.0,3.701287005974341,6.729160186829786
independent,recommended_10h,83,24.0,5.0,3.7988322325578805,6.826861432589348
independent,recommended_10h,84,24.0,5.0,3.9023679155016033,6.927637416436561
independent,recommended_10h,85,24.0,5.0,4.004515756816818,7.026840351828922
independent,recommended_10h,86,24.0,5.0,4.10801269159049,7.128786362683082
independent,recommended_10h,87,24.0,5.0,4.2142939773625265,7.231478736736463
independent,recommended_10h,88,24.0,5.0,4.317230927868088,7.3267611412087374
independent,recommended_10h,89,24.0,5.0,4.426654825328802,7.426229048873867
independent,recommended_10h,90,24.0,5.0,4.53844704105586,7.5232892632476345
independent,recommended_10h,91,24.0,5.0,4.650706482620803,7.6223440715075474
independent,recommended_10h,92,24.0,5.0,4.760885370123269,7.72154217252643
independent,recommended_10h,93,24.0,5.0,4.867346663157046,7.8164536265741935
independent,recommended_10h,94,24.0,5.0,4.973581078465483,7.910204129450449
independent,recommended_10h,95,24.0,5.0,5.07697542203287,8.003188977049769
independent,recommended_10h,96,24.0,5.0,5.175300708638275,8.093860544339936
independent,recommended_10h,97,24.0,5.0,5.262998212677705,8.183036655390152
independent,recommended_10h,98,24.0,5.0,5.3492010783454,8.27181042879288
independent,recommended_10h,99,24.0,5.0,5.42949231419898,8.358465118365022
independent,recommended_10h,100,24.0,5.0,5.506151326265263,8.446695384623325
independent,recommended_10h,20,24.0,12.0,0.773523412722743,1.9364501675043
independent,recommended_10h,21,24.0,12.0,0.853727468901444,1.9978397870314302
independent,recommended_10h,22,24.0,12.0,0.8792115426887959,2.126605987756336
independent,recommended_10h,23,24.0,12.0,0.9387227666367792,2.259202012828343
independent,recommended_10h,24,24.0,12.0,0.8975942399835457,2.2235298578389795
independent,recommended_10h,25,24.0,12.0,0.9177796572303887,2.321147603018203
independent,recommended_10h,26,24.0,12.0,0.9505666566697712,2.447550438477908
independent,recommended_10h,27,24.0,12.0,0.9615568113592987,2.5424397471861537
independent,recommended_10h,28,24.0,12.0,0.9297400636403053,2.624085276929433
independent,recommended_10h,29,24.0,12.0,0.9208214813468896,2.6885862551837114
independent,recommended_10h,30,24.0,12.0,0.8995337021548533,2.7410060755168164
independent,recommended_10h,31,24.0,12.0,0.8696370327861302,2.7939509757084036
independent,recommended_10h,32,24.0,12.0,0.8557759289175682,2.8583071643740743
independent,recommended_10h,33,24.0,12.0,0.8640881483603646,2.9125736181029316
independent,recommended_10h,34,24.0,12.0,0.866191914631953,2.9117212697900463
independent,recommended_10h,35,24.0,12.0,0.8665955316687013,3.0079656671787136
independent,recommended_10h,36,24.0,12.0,0.8794765473624677,3.0915349906095013
independent,recommended_10h,37,24.0,12.0,0.8901006810945633,3.14855840306556
independent,recommended_10h,38,24.0,12.0,0.9034235357175735,3.2537276909202495
independent,recommended_10h,39,24.0,12.0,0.9072814602038681,3.3589557846500417
independent,recommended_10h,40,24.0,12.0,0.8942798074381253,3.4272202911035166
independent,recommended_10h,41,24.0,12.0,0.9033940616396618,3.550323988424231
independent,recommended_10h,42,24.0,12.0,0.910887535814342,3.5933662381230747
independent,recommended_10h,43,24.0,12.0,1.0039610035461388,3.646394672027009
independent,recommended_10h,44,24.0,12.0,1.0700476864755837,3.7167488209302046
independent,recommended_10h,45,24.0,12.0,1.1214443474860891,3.777876670512925
independent,recommended_10h,46,24.0,12.0,1.1696476831289049,3.877121674153705
independent,recommended_10h,47,24.0,12.0,1.2319284263277552,3.9659038583139905
independent,recommended_10h,48,24.0,12.0,1.2816228856123324,4.057808211540204
independent,recommended_10h,49,24.0,12.0,1.317743881286959,4.128554038623622
independent,recommended_10h,50,24.0,12.0,1.3517132530478815,4.223152066957403
independent,recommended_10h,51,24.0,12.0,1.3876593611706012,4.327237375911408
independent,recommended_10h,52,24.0,12.0,1.421031476700918,4.384419520099625
independent,recommended_10h,53,24.0,12.0,1.4570799467005902,4.444825468488323
independent,recommended_10h,54,24.0,12.0,1.4942564716944329,4.485602172796743
independent,recommended_10h,55,24.0,12.0,1.5232372975775954,4.528817601011936
independent,recommended_10h,56,24.0,12.0,1.5534395553168379,4.584472208887602
independent,recommended_10h,57,24.0,12.0,1.621814280202094,4.652635964286245
independent,recommended_10h,58,24.0,12.0,1.688469687282801,4.707249630732568
independent,recommended_10h,59,24.0,12.0,1.758305480539435,4.748908595325885
independent,recommended_10h,60,24.0,12.0,1.8254472412262412,4.799629132631322
independent,recommended_10h,61,24.0,12.0,1.896821327600784,4.85230043184306
independent,recommended_10h,62,24.0,12.0,1.9661897694118746,4.89992432760169
independent,recommended_10h,63,24.0,12.0,2.038490312880481,4.949238481032725
independent,recommended_10h,64,24.0,12.0,2.1120790371825793,4.9964376451993475
independent,recommended_10h,65,24.0,12.0,2.1880039055294898,5.048620296084261
independent,recommended_10h,66,24.0,12.0,2.264366749258384,5.102297405293621
independent,recommended_10h,67,24.0,12.0,2.3467116312347214,5.199928807516541
independent,recommended_10h,68,24.0,12.0,2.422850608723892,5.297427326975024
independent,recommended_10h,69,24.0,12.0,2.5039558485615787,5.397874896892296
independent,recommended_10h,70,24.0,12.0,2.5856999549846327,5.503931145084495
independent,recommended_10h,71,24.0,12.0,2.6711489851651393,5.60800732116169
independent,recommended_10h,72,24.0,12.0,2.754830246019191,5.707137176629318
independent,recommended_10h,73,24.0,12.0,2.8407272376174797,5.805775535699831
independent,recommended_10h,74,24.0,12.0,2.931437157834771,5.910858270241404
independent,recommended_10h,75,24.0,12.0,3.025330962912154,6.015119823435677
independent,recommended_10h,76,24.0,12.0,3.1186154470892458,6.121623459647463
independent,recommended_10h,77,24.0,12.0,3.213942958177074,6.226660594208355
independent,recommended_10h,78,24.0,12.0,3.307962034973766,6.325541139879487
independent,recommended_10h,79,24.0,12.0,3.4045195171000797,6.4267776098638985
independent,recommended_10h,80,24.0,12.0,3.5017603625025373,6.529783576067305
independent,recommended_10h,81,24.0,12.0,3.6000137997631576,6.62901632523798
independent,recommended_10h,82,24.0,12.0,3.701287005974274,6.729160186829786
independent,recommended_10h,83,24.0,12.0,3.7988322325578805,6.826861432589326
independent,recommended_10h,84,24.0,12.0,3.902367915501581,6.927637416436516
independent,recommended_10h,85,24.0,12.0,4.00451575681684,7.026840351828945
independent,recommended_10h,86,24.0,12.0,4.108012691590468,7.128786362683037
independent,recommended_10h,87,24.0,12.0,4.214293977362504,7.231478736736419
independent,recommended_10h,88,24.0,12.0,4.317230927868088,7.3267611412087374
independent,recommended_10h,89,24.0,12.0,4.42665482532878,7.426229048873845
independent,recommended_10h,90,24.0,12.0,4.53844704105586,7.5232892632476345
independent,recommended_10h,91,24.0,12.0,4.650706482620781,7.622344071507525
independent,recommended_10h,92,24.0,12.0,4.760885370123247,7.721542172526363
independent,recommended_10h,93,24.0,12.0,4.867346663157046,7.8164536265741935
independent,recommended_10h,94,24.0,12.0,4.973581078465483,7.910204129450427
independent,recommended_10h,95,24.0,12.0,5.07697542203287,8.003188977049769
independent,recommended_10h,96,24.0,12.0,5.175300708638253,8.093860544339982
independent,recommended_10h,97,24.0,12.0,5.262998212677683,8.18303665539013
independent,recommended_10h,98,24.0,12.0,5.3492010783454,8.27181042879288
independent,recommended_10h,99,24.0,12.0,5.42949231419898,8.358465118365043
independent,recommended_10h,100,24.0,12.0,5.506151326265263,8.446695384623325
