level,gap_h,session_min,growth_spread_pct,sale_spread_pct,fastest,slowest,highest_sale
20,4,1,1.3012182883096246,1.4810470958666722,ROGUE,PALADIN,CLERIC
21,4,1,1.3657828024654428,1.5055868829776164,ROGUE,PALADIN,CLERIC
22,4,1,1.4657747878125127,1.4752544059591477,ROGUE,PALADIN,CLERIC
23,4,1,1.4981822530585776,1.5153823661659072,ROGUE,PALADIN,CLERIC
24,4,1,1.5506789480187688,1.511002816845708,ROGUE,PALADIN,CLERIC
25,4,1,1.5864091297636218,1.52200823919717,ROGUE,PALADIN,CLERIC
26,4,1,1.6075122919626317,1.5915771983370686,ROGUE,PALADIN,CLERIC
27,4,1,1.6368390980826097,1.593545043887512,ROGUE,PALADIN,CLERIC
28,4,1,1.6637156629640382,1.653268470941227,ROGUE,PALADIN,CLERIC
29,4,1,1.6861582697724309,1.7475995260155752,ROGUE,PALADIN,CLERIC
30,4,1,1.6717729905023182,1.8544456960466915,ROGUE,PALADIN,CLERIC
31,4,1,1.6185164326812718,1.9599741693006933,ROGUE,PALADIN,CLERIC
32,4,1,1.6122654451699692,2.071033120341448,RANGER,PALADIN,CLERIC
33,4,1,1.6797751117974213,2.162460293750179,RANGER,PALADIN,CLERIC
34,4,1,1.704409631792414,2.310065386672888,RANGER,PALADIN,CLERIC
35,4,1,1.7574670327841435,2.459533369854583,RANGER,PALADIN,CLERIC
36,4,1,1.780901116567568,2.559445593988463,RANGER,PALADIN,CLERIC
37,4,1,1.7920265860391638,2.656216224014041,RANGER,PALADIN,CLERIC
38,4,1,1.888366515102602,2.7148448284296522,RANGER,PALADIN,CLERIC
39,4,1,1.9445371882040652,2.7799263360684057,RANGER,PALADIN,CLERIC
40,4,1,1.9745858608483546,2.886154604087232,RANGER,PALADIN,CLERIC
41,4,1,1.9843990261043887,2.983123230873197,RANGER,PALADIN,CLERIC
42,4,1,1.9850774102757818,3.0500488485513566,RANGER,PALADIN,CLERIC
43,4,1,2.010311658431907,3.117987847204162,RANGER,PALADIN,CLERIC
44,4,1,2.0369627886793085,3.2219073212797156,RANGER,PALADIN,CLERIC
45,4,1,2.051893886723155,3.2994727666096235,RANGER,PALADIN,CLERIC
46,4,1,2.0795721867916894,3.363086069711363,RANGER,PALADIN,CLERIC
47,4,1,2.1341991265679594,3.3967955001220407,RANGER,PALADIN,CLERIC
48,4,1,2.1808578858586447,3.462751989700874,RANGER,PALADIN,CLERIC
49,4,1,2.2061112916591963,3.495101510160592,RANGER,PALADIN,CLERIC
50,4,1,2.238542268517585,3.558690004843279,RANGER,PALADIN,CLERIC
51,4,1,2.268557359476886,3.5931618446741753,RANGER,PALADIN,CLERIC
52,4,1,2.3145989583909676,3.620393163931146,RANGER,PALADIN,CLERIC
53,4,1,2.3445972631974232,3.6667906256864002,RANGER,PALADIN,CLERIC
54,4,1,2.3830501646760593,3.6869934671587057,RANGER,PALADIN,CLERIC
55,4,1,2.411821255301594,3.7091928990851786,RANGER,PALADIN,CLERIC
56,4,1,2.437895991381267,3.713073079976792,RANGER,PALADIN,CLERIC
57,4,1,2.474708752635202,3.7289615318445657,RANGER,PALADIN,CLERIC
58,4,1,2.5062955594846947,3.737674622089493,RANGER,PALADIN,CLERIC
59,4,1,2.554524206558151,3.73976773701703,WARRIOR,PALADIN,CLERIC
60,4,1,2.6237419593437394,3.747818475780673,WARRIOR,PALADIN,CLERIC
61,4,1,2.6975056114158624,3.760731747372703,WARRIOR,PALADIN,CLERIC
62,4,1,2.7745326638941137,3.7644866876073824,WARRIOR,PALADIN,CLERIC
63,4,1,2.852305543177902,3.775895826704856,WARRIOR,PALADIN,CLERIC
64,4,1,2.9306222816329663,3.7942860329418737,WARRIOR,PALADIN,CLERIC
65,4,1,3.020451271727631,3.811115345276428,WARRIOR,PALADIN,CLERIC
66,4,1,3.1121909399261627,3.8331432457401116,WARRIOR,PALADIN,CLERIC
67,4,1,3.2058622321347263,3.8497446982108885,WARRIOR,PALADIN,CLERIC
68,4,1,3.29609733948264,3.8734890564663838,WARRIOR,PALADIN,CLERIC
69,4,1,3.4002292480094454,3.889080136519496,WARRIOR,PALADIN,CLERIC
70,4,1,3.494554011273099,3.913449178977535,WARRIOR,PALADIN,CLERIC
71,4,1,3.596968887096841,3.934786144556579,WARRIOR,PALADIN,CLERIC
72,4,1,3.703977934836411,3.9613099307503674,WARRIOR,PALADIN,CLERIC
73,4,1,3.8120996520148998,3.9827088516515063,WARRIOR,PALADIN,CLERIC
74,4,1,3.9252064288134436,3.9998737645580595,WARRIOR,PALADIN,CLERIC
75,4,1,4.0476410664167295,4.056881203617557,WARRIOR,PALADIN,CLERIC
76,4,1,4.168697601871263,4.088711112989385,WARRIOR,PALADIN,CLERIC
77,4,1,4.291782734879646,4.128549517519864,WARRIOR,PALADIN,CLERIC
78,4,1,4.411223005670695,4.1778115298906515,WARRIOR,PALADIN,CLERIC
79,4,1,4.5409272374273835,4.259444575704041,WARRIOR,PALADIN,CLERIC
80,4,1,4.673601566678887,4.313835592517257,WARRIOR,PALADIN,CLERIC
81,4,1,4.8096110732381625,4.390194899229094,WARRIOR,PALADIN,CLERIC
82,4,1,4.945209352376234,4.484311025383891,WARRIOR,PALADIN,CLERIC
83,4,1,5.081429820944106,4.520359421882181,WARRIOR,PALADIN,CLERIC
84,4,1,5.221676642649564,4.587658354285762,WARRIOR,PALADIN,CLERIC
85,4,1,5.361073330171728,4.667715690624119,WARRIOR,PALADIN,CLERIC
86,4,1,5.504481574211106,4.73930461122134,WARRIOR,PALADIN,CLERIC
87,4,1,5.65226859146295,4.827643310078211,WARRIOR,PALADIN,CLERIC
88,4,1,5.7954973785205866,4.905643831952755,WARRIOR,PALADIN,CLERIC
89,4,1,5.949869361941795,4.969804424466551,WARRIOR,PALADIN,CLERIC
90,4,1,6.107884003201258,5.040448986799451,WARRIOR,PALADIN,CLERIC
91,4,1,6.267550055733229,5.102237084751793,WARRIOR,PALADIN,CLERIC
92,4,1,6.427385055900392,5.184648361371069,WARRIOR,PALADIN,CLERIC
93,4,1,6.585562804041367,5.255836955037796,WARRIOR,PALADIN,CLERIC
94,4,1,6.745412069241796,5.326330971045401,WARRIOR,PALADIN,CLERIC
95,4,1,6.909943252551254,5.404468814779961,WARRIOR,PALADIN,CLERIC
96,4,1,7.070064123190778,5.471018792455351,WARRIOR,PALADIN,CLERIC
97,4,1,7.223958275672149,5.542289699139458,WARRIOR,PALADIN,CLERIC
98,4,1,7.381738841546381,5.6238365133443935,WARRIOR,PALADIN,CLERIC
99,4,1,7.539149442015813,5.711437259740881,WARRIOR,PALADIN,CLERIC
100,4,1,7.691083460340198,5.792999171000179,WARRIOR,PALADIN,CLERIC
20,4,5,1.3012182883096468,1.4810470958666944,ROGUE,PALADIN,CLERIC
21,4,5,1.3657828024654428,1.5055868829776164,ROGUE,PALADIN,CLERIC
22,4,5,1.4657747878125127,1.4752544059591477,ROGUE,PALADIN,CLERIC
23,4,5,1.4981822530585998,1.515382366165885,ROGUE,PALADIN,CLERIC
24,4,5,1.550678948018791,1.5110028168456857,ROGUE,PALADIN,CLERIC
25,4,5,1.5864091297635996,1.52200823919717,ROGUE,PALADIN,CLERIC
26,4,5,1.6075122919626539,1.5915771983370464,ROGUE,PALADIN,CLERIC
27,4,5,1.6368390980826097,1.5935450438874899,ROGUE,PALADIN,CLERIC
28,4,5,1.6637156629639938,1.6532684709412493,ROGUE,PALADIN,CLERIC
29,4,5,1.686158269772453,1.7475995260155752,ROGUE,PALADIN,CLERIC
30,4,5,1.671772990502296,1.8544456960466915,ROGUE,PALADIN,CLERIC
31,4,5,1.6185164326812718,1.9599741693006933,ROGUE,PALADIN,CLERIC
32,4,5,1.6122654451699692,2.07103312034147,RANGER,PALADIN,CLERIC
33,4,5,1.6797751117974213,2.1624602937502013,RANGER,PALADIN,CLERIC
34,4,5,1.704409631792414,2.3100653866729104,RANGER,PALADIN,CLERIC
35,4,5,1.7574670327841213,2.459533369854583,RANGER,PALADIN,CLERIC
36,4,5,1.7809011165675903,2.559445593988463,RANGER,PALADIN,CLERIC
37,4,5,1.792026586039186,2.656216224014063,RANGER,PALADIN,CLERIC
38,4,5,1.888366515102602,2.7148448284296745,RANGER,PALADIN,CLERIC
39,4,5,1.9445371882040874,2.7799263360683835,RANGER,PALADIN,CLERIC
40,4,5,1.9745858608483546,2.8861546040872543,RANGER,PALADIN,CLERIC
41,4,5,1.9843990261043887,2.983123230873219,RANGER,PALADIN,CLERIC
42,4,5,1.985077410275804,3.0500488485513566,RANGER,PALADIN,CLERIC
43,4,5,2.0103116584318848,3.11798784720414,RANGER,PALADIN,CLERIC
44,4,5,2.0369627886793307,3.221907321279671,RANGER,PALADIN,CLERIC
45,4,5,2.0518938867231773,3.2994727666096235,RANGER,PALADIN,CLERIC
46,4,5,2.0795721867916894,3.3630860697113407,RANGER,PALADIN,CLERIC
47,4,5,2.134199126567937,3.3967955001220185,RANGER,PALADIN,CLERIC
48,4,5,2.1808578858586447,3.462751989700852,RANGER,PALADIN,CLERIC
49,4,5,2.2061112916592185,3.49510151016057,RANGER,PALADIN,CLERIC
50,4,5,2.238542268517607,3.558690004843279,RANGER,PALADIN,CLERIC
51,4,5,2.2685573594768638,3.5931618446741975,RANGER,PALADIN,CLERIC
52,4,5,2.31459895839099,3.6203931639311904,RANGER,PALADIN,CLERIC
53,4,5,2.3445972631974232,3.6667906256864002,RANGER,PALADIN,CLERIC
54,4,5,2.3830501646760593,3.6869934671586835,RANGER,PALADIN,CLERIC
55,4,5,2.4118212553016383,3.709192899085201,RANGER,PALADIN,CLERIC
56,4,5,2.437895991381267,3.713073079976792,RANGER,PALADIN,CLERIC
57,4,5,2.4747087526352463,3.7289615318445213,RANGER,PALADIN,CLERIC
58,4,5,2.506295559484739,3.7376746220894486,RANGER,PALADIN,CLERIC
59,4,5,2.554524206558173,3.7397677370170523,WARRIOR,PALADIN,CLERIC
60,4,5,2.6237419593437394,3.747818475780651,WARRIOR,PALADIN,CLERIC
61,4,5,2.6975056114158846,3.760731747372681,WARRIOR,PALADIN,CLERIC
62,4,5,2.774532663894136,3.764486687607338,WARRIOR,PALADIN,CLERIC
63,4,5,2.85230554317788,3.7758958267048337,WARRIOR,PALADIN,CLERIC
64,4,5,2.9306222816330108,3.794286032941918,WARRIOR,PALADIN,CLERIC
65,4,5,3.0204512717276533,3.811115345276428,WARRIOR,PALADIN,CLERIC
66,4,5,3.1121909399261627,3.8331432457400894,WARRIOR,PALADIN,CLERIC
67,4,5,3.2058622321347485,3.8497446982109107,WARRIOR,PALADIN,CLERIC
68,4,5,3.296097339482662,3.8734890564663615,WARRIOR,PALADIN,CLERIC
69,4,5,3.4002292480094676,3.889080136519496,WARRIOR,PALADIN,CLERIC
70,4,5,3.494554011273121,3.9134491789775128,WARRIOR,PALADIN,CLERIC
71,4,5,3.5969688870968852,3.934786144556579,WARRIOR,PALADIN,CLERIC
72,4,5,3.7039779348364554,3.9613099307503674,WARRIOR,PALADIN,CLERIC
73,4,5,3.8120996520149664,3.9827088516515285,WARRIOR,PALADIN,CLERIC
74,4,5,3.9252064288134436,3.9998737645580595,WARRIOR,PALADIN,CLERIC
75,4,5,4.047641066416752,4.056881203617535,WARRIOR,PALADIN,CLERIC
76,4,5,4.168697601871285,4.088711112989363,WARRIOR,PALADIN,CLERIC
77,4,5,4.291782734879668,4.128549517519864,WARRIOR,PALADIN,CLERIC
78,4,5,4.411223005670739,4.1778115298906515,WARRIOR,PALADIN,CLERIC
79,4,5,4.540927237427428,4.259444575704019,WARRIOR,PALADIN,CLERIC
80,4,5,4.673601566678909,4.313835592517279,WARRIOR,PALADIN,CLERIC
81,4,5,4.809611073238185,4.390194899229094,WARRIOR,PALADIN,CLERIC
82,4,5,4.945209352376279,4.484311025383891,WARRIOR,PALADIN,CLERIC
83,4,5,5.081429820944128,4.520359421882181,WARRIOR,PALADIN,CLERIC
84,4,5,5.221676642649609,4.587658354285806,WARRIOR,PALADIN,CLERIC
85,4,5,5.361073330171728,4.667715690624075,WARRIOR,PALADIN,CLERIC
86,4,5,5.504481574211106,4.739304611221362,WARRIOR,PALADIN,CLERIC
87,4,5,5.65226859146295,4.827643310078211,WARRIOR,PALADIN,CLERIC
88,4,5,5.795497378520609,4.905643831952755,WARRIOR,PALADIN,CLERIC
89,4,5,5.9498693619418175,4.969804424466573,WARRIOR,PALADIN,CLERIC
90,4,5,6.107884003201236,5.040448986799473,WARRIOR,PALADIN,CLERIC
91,4,5,6.267550055733273,5.102237084751793,WARRIOR,PALADIN,CLERIC
92,4,5,6.427385055900436,5.184648361371091,WARRIOR,PALADIN,CLERIC
93,4,5,6.585562804041345,5.255836955037796,WARRIOR,PALADIN,CLERIC
94,4,5,6.7454120692418185,5.326330971045379,WARRIOR,PALADIN,CLERIC
95,4,5,6.909943252551232,5.404468814779961,WARRIOR,PALADIN,CLERIC
96,4,5,7.0700641231908,5.471018792455351,WARRIOR,PALADIN,CLERIC
97,4,5,7.223958275672171,5.54228969913948,WARRIOR,PALADIN,CLERIC
98,4,5,7.381738841546404,5.6238365133443935,WARRIOR,PALADIN,CLERIC
99,4,5,7.539149442015836,5.7114372597409035,WARRIOR,PALADIN,CLERIC
100,4,5,7.69108346034022,5.792999171000202,WARRIOR,PALADIN,CLERIC
20,4,12,1.3468746221738659,1.4806037172282904,ROGUE,PALADIN,CLERIC
21,4,12,1.4161887667994533,1.5051490332645079,ROGUE,PALADIN,CLERIC
22,4,12,1.5202534419892721,1.474757515345182,ROGUE,PALADIN,CLERIC
23,4,12,1.5560449160099799,1.5148747790955097,ROGUE,PALADIN,CLERIC
24,4,12,1.6105857586794503,1.5104426040602803,ROGUE,PALADIN,CLERIC
25,4,12,1.6475402270559547,1.52139577090169,ROGUE,PALADIN,CLERIC
26,4,12,1.6701965856917411,1.5909624281150725,ROGUE,PALADIN,CLERIC
27,4,12,1.7018415745000626,1.5928350251291912,ROGUE,PALADIN,CLERIC
28,4,12,1.730943683036279,1.6525732216434497,ROGUE,PALADIN,CLERIC
29,4,12,1.7552881483767102,1.7469232400148638,ROGUE,PALADIN,CLERIC
30,4,12,1.7423797576469502,1.8537627955919067,ROGUE,PALADIN,CLERIC
31,4,12,1.6908985460872383,2.0691508695763305,ROGUE,PALADIN,CLERIC
32,4,12,1.6658215486318406,2.154779987143085,RANGER,PALADIN,CLERIC
33,4,12,1.7390612428938912,2.337780587815441,RANGER,PALADIN,CLERIC
34,4,12,1.7683318458214803,2.4532922733697227,RANGER,PALADIN,CLERIC
35,4,12,1.8252748551838227,2.5712191281166863,RANGER,PALADIN,CLERIC
36,4,12,1.8523768314881561,2.5914188101544333,RANGER,PALADIN,CLERIC
37,4,12,1.8666138535426091,2.6575431735557764,RANGER,PALADIN,CLERIC
38,4,12,1.9659882685731045,2.7141700050883566,RANGER,PALADIN,CLERIC
39,4,12,2.0253294037169356,2.779165650599902,RANGER,PALADIN,CLERIC
40,4,12,2.058071585098631,2.8854183171640013,RANGER,PALADIN,CLERIC
41,4,12,2.0700701630173013,2.9823883979192667,RANGER,PALADIN,CLERIC
42,4,12,2.073509284245856,3.049263276606373,RANGER,PALADIN,CLERIC
43,4,12,2.1014880463630536,3.1171423382867047,RANGER,PALADIN,CLERIC
44,4,12,2.130852493092328,3.251808291318792,RANGER,PALADIN,CLERIC
45,4,12,2.1493415971672425,3.3941663359602137,RANGER,PALADIN,CLERIC
46,4,12,2.1812268177666683,3.493462118586055,RANGER,PALADIN,CLERIC
47,4,12,2.241805259671681,3.5529417502303318,RANGER,PALADIN,CLERIC
48,4,12,2.29527521791133,3.581214225634599,RANGER,PALADIN,CLERIC
49,4,12,2.3263131311040297,3.6144461172170406,RANGER,PALADIN,CLERIC
50,4,12,2.3644998066134404,3.6823072517896405,RANGER,PALADIN,CLERIC
51,4,12,2.400449026980067,3.738560636781707,RANGER,PALADIN,CLERIC
52,4,12,2.4530821155700933,3.7693135342269146,RANGER,PALADIN,CLERIC
53,4,12,2.489632499874639,3.8100444540531964,RANGER,PALADIN,CLERIC
54,4,12,2.534593305905508,3.908855795652233,RANGER,PALADIN,CLERIC
55,4,12,2.5693094646268566,3.9514315666505873,RANGER,PALADIN,CLERIC
56,4,12,2.6008875710914703,4.073070139008328,RANGER,PALADIN,CLERIC
57,4,12,2.6428063893123355,4.134695962218138,RANGER,PALADIN,CLERIC
58,4,12,2.6788201804857303,4.249812435588063,RANGER,PALADIN,CLERIC
59,4,12,2.7174311334941637,4.338520522359368,RANGER,PALADIN,CLERIC
60,4,12,2.7606142522886845,4.404721310858406,RANGER,PALADIN,CLERIC
61,4,12,2.8014026280008153,4.538685611297932,RANGER,PALADIN,CLERIC
62,4,12,2.8507968920808313,4.621515013524302,RANGER,PALADIN,CLERIC
63,4,12,2.8913205902496575,4.724960447056703,RANGER,PALADIN,CLERIC
64,4,12,2.9393832510329787,4.8468089936021475,RANGER,PALADIN,CLERIC
65,4,12,2.9891005039762497,4.970687403155449,RANGER,PALADIN,CLERIC
66,4,12,3.041140219382754,5.0989281668391895,RANGER,PALADIN,CLERIC
67,4,12,3.096002462729208,5.1830670565269354,RANGER,PALADIN,CLERIC
68,4,12,3.147060481370856,5.267717954909945,RANGER,PALADIN,CLERIC
69,4,12,3.2021992064764415,5.362947712319555,RANGER,PALADIN,CLERIC
70,4,12,3.2558756341920514,5.462844877568163,RANGER,PALADIN,CLERIC
71,4,12,3.3147581790094582,5.545475882352391,RANGER,PALADIN,CLERIC
72,4,12,3.3730223255663105,5.667404681130495,RANGER,PALADIN,CLERIC
73,4,12,3.430037278269693,5.759901817166391,RANGER,PALADIN,CLERIC
74,4,12,3.4956282884555767,5.861151255778885,RANGER,PALADIN,CLERIC
75,4,12,3.563268486601423,5.958979496527728,RANGER,PALADIN,CLERIC
76,4,12,3.6302779690474463,6.047546518145008,RANGER,PALADIN,CLERIC
77,4,12,3.695822902420587,6.140218577013812,RANGER,PALADIN,CLERIC
78,4,12,3.760205443840192,6.240866879024343,RANGER,PALADIN,CLERIC
79,4,12,3.8280394492483882,6.336018392718001,RANGER,PALADIN,CLERIC
80,4,12,3.8951714234428225,6.442136777789442,RANGER,PALADIN,CLERIC
81,4,12,3.96210290805723,6.56243717360836,RANGER,PALADIN,CLERIC
82,4,12,4.03116743109333,6.7072486734273795,RANGER,PALADIN,CLERIC
83,4,12,4.1001887924507985,6.795712850909719,RANGER,PALADIN,CLERIC
84,4,12,4.171528094827437,6.896226300128205,RANGER,PALADIN,CLERIC
85,4,12,4.239662680916245,7.018473437023909,RANGER,PALADIN,CLERIC
86,4,12,4.309773141912321,7.1491345708421195,RANGER,PALADIN,CLERIC
87,4,12,4.384353000105379,7.263580226941335,RANGER,PALADIN,CLERIC
88,4,12,4.460817127726258,7.37081162241644,RANGER,PALADIN,CLERIC
89,4,12,4.539076711477885,7.48699233896255,RANGER,PALADIN,CLERIC
90,4,12,4.616341896505571,7.618624286438158,RANGER,PALADIN,CLERIC
91,4,12,4.690496228746754,7.717375640710378,RANGER,PALADIN,CLERIC
92,4,12,4.765113290921041,7.865220674074069,RANGER,PALADIN,CLERIC
93,4,12,4.841586061110759,7.981883785914534,RANGER,PALADIN,CLERIC
94,4,12,4.917025354236704,8.093499573347106,RANGER,PALADIN,CLERIC
95,4,12,4.995468752889831,8.220008849161498,RANGER,PALADIN,CLERIC
96,4,12,5.070805658644484,8.337150348099653,RANGER,PALADIN,CLERIC
97,4,12,5.147280814151123,8.449541053935228,RANGER,PALADIN,CLERIC
98,4,12,5.224709919921544,8.576965382495105,RANGER,PALADIN,CLERIC
99,4,12,5.307761899465535,8.711241737851537,RANGER,PALADIN,CLERIC
100,4,12,5.386702834104784,8.84008031835739,RANGER,PALADIN,CLERIC
20,4,20,1.3468746221738659,1.4806037172282904,ROGUE,PALADIN,CLERIC
21,4,20,1.4161887667994533,1.5051490332645079,ROGUE,PALADIN,CLERIC
22,4,20,1.5202534419892721,1.474757515345182,ROGUE,PALADIN,CLERIC
23,4,20,1.5560449160099799,1.5148747790955097,ROGUE,PALADIN,CLERIC
24,4,20,1.6105857586794503,1.5104426040602803,ROGUE,PALADIN,CLERIC
25,4,20,1.6475402270559547,1.52139577090169,ROGUE,PALADIN,CLERIC
26,4,20,1.6701965856917411,1.5909624281150725,ROGUE,PALADIN,CLERIC
27,4,20,1.7018415745000626,1.5928350251291912,ROGUE,PALADIN,CLERIC
28,4,20,1.730943683036279,1.6525732216434497,ROGUE,PALADIN,CLERIC
29,4,20,1.7552881483767102,1.7469232400148638,ROGUE,PALADIN,CLERIC
30,4,20,1.7423797576469502,1.8537627955919067,ROGUE,PALADIN,CLERIC
31,4,20,1.6908985460872383,2.0691508695763305,ROGUE,PALADIN,CLERIC
32,4,20,1.6658215486318406,2.154779987143085,RANGER,PALADIN,CLERIC
33,4,20,1.7390612428938912,2.337780587815441,RANGER,PALADIN,CLERIC
34,4,20,1.7683318458214803,2.4532922733697227,RANGER,PALADIN,CLERIC
35,4,20,1.8252748551838227,2.5712191281166863,RANGER,PALADIN,CLERIC
36,4,20,1.8523768314881561,2.5914188101544333,RANGER,PALADIN,CLERIC
37,4,20,1.8666138535426091,2.6575431735557764,RANGER,PALADIN,CLERIC
38,4,20,1.9659882685731045,2.7141700050883566,RANGER,PALADIN,CLERIC
39,4,20,2.0253294037169356,2.779165650599902,RANGER,PALADIN,CLERIC
40,4,20,2.058071585098631,2.8854183171640013,RANGER,PALADIN,CLERIC
41,4,20,2.0700701630173013,2.9823883979192667,RANGER,PALADIN,CLERIC
42,4,20,2.073509284245856,3.049263276606373,RANGER,PALADIN,CLERIC
43,4,20,2.1014880463630536,3.1171423382867047,RANGER,PALADIN,CLERIC
44,4,20,2.130852493092328,3.251808291318792,RANGER,PALADIN,CLERIC
45,4,20,2.1493415971672425,3.3941663359602137,RANGER,PALADIN,CLERIC
46,4,20,2.1812268177666683,3.493462118586055,RANGER,PALADIN,CLERIC
47,4,20,2.241805259671681,3.5529417502303318,RANGER,PALADIN,CLERIC
48,4,20,2.29527521791133,3.581214225634599,RANGER,PALADIN,CLERIC
49,4,20,2.3263131311040297,3.6144461172170406,RANGER,PALADIN,CLERIC
50,4,20,2.3644998066134404,3.6823072517896405,RANGER,PALADIN,CLERIC
51,4,20,2.400449026980067,3.738560636781707,RANGER,PALADIN,CLERIC
52,4,20,2.4530821155700933,3.7693135342269146,RANGER,PALADIN,CLERIC
53,4,20,2.489632499874639,3.8100444540531964,RANGER,PALADIN,CLERIC
54,4,20,2.534593305905508,3.908855795652233,RANGER,PALADIN,CLERIC
55,4,20,2.5693094646268566,3.9514315666505873,RANGER,PALADIN,CLERIC
56,4,20,2.6008875710914703,4.073070139008328,RANGER,PALADIN,CLERIC
57,4,20,2.6428063893123355,4.134695962218138,RANGER,PALADIN,CLERIC
58,4,20,2.6788201804857303,4.249812435588063,RANGER,PALADIN,CLERIC
59,4,20,2.7174311334941637,4.338520522359368,RANGER,PALADIN,CLERIC
60,4,20,2.7606142522886845,4.404721310858406,RANGER,PALADIN,CLERIC
61,4,20,2.8014026280008153,4.538685611297932,RANGER,PALADIN,CLERIC
62,4,20,2.8507968920808313,4.621515013524302,RANGER,PALADIN,CLERIC
63,4,20,2.8913205902496575,4.724960447056703,RANGER,PALADIN,CLERIC
64,4,20,2.9393832510329787,4.8468089936021475,RANGER,PALADIN,CLERIC
65,4,20,2.9891005039762497,4.970687403155449,RANGER,PALADIN,CLERIC
66,4,20,3.041140219382754,5.0989281668391895,RANGER,PALADIN,CLERIC
67,4,20,3.096002462729208,5.1830670565269354,RANGER,PALADIN,CLERIC
68,4,20,3.147060481370856,5.267717954909945,RANGER,PALADIN,CLERIC
69,4,20,3.2021992064764415,5.362947712319555,RANGER,PALADIN,CLERIC
70,4,20,3.2558756341920514,5.462844877568163,RANGER,PALADIN,CLERIC
71,4,20,3.3147581790094582,5.545475882352391,RANGER,PALADIN,CLERIC
72,4,20,3.3730223255663105,5.667404681130495,RANGER,PALADIN,CLERIC
73,4,20,3.430037278269693,5.759901817166391,RANGER,PALADIN,CLERIC
74,4,20,3.4956282884555767,5.861151255778885,RANGER,PALADIN,CLERIC
75,4,20,3.563268486601423,5.958979496527728,RANGER,PALADIN,CLERIC
76,4,20,3.6302779690474463,6.047546518145008,RANGER,PALADIN,CLERIC
77,4,20,3.695822902420587,6.140218577013812,RANGER,PALADIN,CLERIC
78,4,20,3.760205443840192,6.240866879024343,RANGER,PALADIN,CLERIC
79,4,20,3.8280394492483882,6.336018392718001,RANGER,PALADIN,CLERIC
80,4,20,3.8951714234428225,6.442136777789442,RANGER,PALADIN,CLERIC
81,4,20,3.96210290805723,6.56243717360836,RANGER,PALADIN,CLERIC
82,4,20,4.03116743109333,6.7072486734273795,RANGER,PALADIN,CLERIC
83,4,20,4.1001887924507985,6.795712850909719,RANGER,PALADIN,CLERIC
84,4,20,4.171528094827437,6.896226300128205,RANGER,PALADIN,CLERIC
85,4,20,4.239662680916245,7.018473437023909,RANGER,PALADIN,CLERIC
86,4,20,4.309773141912321,7.1491345708421195,RANGER,PALADIN,CLERIC
87,4,20,4.384353000105379,7.263580226941335,RANGER,PALADIN,CLERIC
88,4,20,4.460817127726258,7.37081162241644,RANGER,PALADIN,CLERIC
89,4,20,4.539076711477885,7.48699233896255,RANGER,PALADIN,CLERIC
90,4,20,4.616341896505571,7.618624286438158,RANGER,PALADIN,CLERIC
91,4,20,4.690496228746754,7.717375640710378,RANGER,PALADIN,CLERIC
92,4,20,4.765113290921041,7.865220674074069,RANGER,PALADIN,CLERIC
93,4,20,4.841586061110759,7.981883785914534,RANGER,PALADIN,CLERIC
94,4,20,4.917025354236704,8.093499573347106,RANGER,PALADIN,CLERIC
95,4,20,4.995468752889831,8.220008849161498,RANGER,PALADIN,CLERIC
96,4,20,5.070805658644484,8.337150348099653,RANGER,PALADIN,CLERIC
97,4,20,5.147280814151123,8.449541053935228,RANGER,PALADIN,CLERIC
98,4,20,5.224709919921544,8.576965382495105,RANGER,PALADIN,CLERIC
99,4,20,5.307761899465535,8.711241737851537,RANGER,PALADIN,CLERIC
100,4,20,5.386702834104784,8.84008031835739,RANGER,PALADIN,CLERIC
20,6,1,1.3012182883096246,1.4810470958666944,ROGUE,PALADIN,CLERIC
21,6,1,1.3657828024654206,1.5055868829776164,ROGUE,PALADIN,CLERIC
22,6,1,1.4657747878125127,1.47525440595917,ROGUE,PALADIN,CLERIC
23,6,1,1.4981822530585776,1.5153823661659072,ROGUE,PALADIN,CLERIC
24,6,1,1.550678948018791,1.511002816845708,ROGUE,PALADIN,CLERIC
25,6,1,1.5864091297636218,1.522008239197148,ROGUE,PALADIN,CLERIC
26,6,1,1.6075122919626539,1.5915771983370464,ROGUE,PALADIN,CLERIC
27,6,1,1.6368390980825875,1.5935450438874676,ROGUE,PALADIN,CLERIC
28,6,1,1.6637156629640382,1.6532684709412715,ROGUE,PALADIN,CLERIC
29,6,1,1.686158269772453,1.7475995260155752,ROGUE,PALADIN,CLERIC
30,6,1,1.6717729905023182,1.8544456960466915,ROGUE,PALADIN,CLERIC
31,6,1,1.6185164326812718,1.9599741693006933,ROGUE,PALADIN,CLERIC
32,6,1,1.6122654451699692,2.07103312034147,RANGER,PALADIN,CLERIC
33,6,1,1.6797751117973991,2.162460293750179,RANGER,PALADIN,CLERIC
34,6,1,1.7044096317923918,2.3100653866729104,RANGER,PALADIN,CLERIC
35,6,1,1.7574670327841213,2.459533369854583,RANGER,PALADIN,CLERIC
36,6,1,1.780901116567546,2.5594455939884853,RANGER,PALADIN,CLERIC
37,6,1,1.7920265860391416,2.656216224014063,RANGER,PALADIN,CLERIC
38,6,1,1.8883665151025797,2.7148448284296745,RANGER,PALADIN,CLERIC
39,6,1,1.9445371882040652,2.7799263360683835,RANGER,PALADIN,CLERIC
40,6,1,1.9745858608483546,2.886154604087232,RANGER,PALADIN,CLERIC
41,6,1,1.9843990261043665,2.983123230873219,RANGER,PALADIN,CLERIC
42,6,1,1.985077410275804,3.0500488485513566,RANGER,PALADIN,CLERIC
43,6,1,2.010311658431907,3.11798784720414,RANGER,PALADIN,CLERIC
44,6,1,2.0369627886793085,3.2219073212796934,RANGER,PALADIN,CLERIC
45,6,1,2.0518938867231773,3.2994727666096013,RANGER,PALADIN,CLERIC
46,6,1,2.0795721867916894,3.363086069711385,RANGER,PALADIN,CLERIC
47,6,1,2.134199126567937,3.3967955001220407,RANGER,PALADIN,CLERIC
48,6,1,2.1808578858586447,3.4627519897009185,RANGER,PALADIN,CLERIC
49,6,1,2.2061112916592185,3.495101510160592,RANGER,PALADIN,CLERIC
50,6,1,2.238542268517585,3.5586900048433012,RANGER,PALADIN,CLERIC
51,6,1,2.268557359476908,3.5931618446741753,RANGER,PALADIN,CLERIC
52,6,1,2.31459895839099,3.6203931639312126,RANGER,PALADIN,CLERIC
53,6,1,2.3445972631974454,3.6667906256864224,RANGER,PALADIN,CLERIC
54,6,1,2.3830501646760816,3.6869934671586835,RANGER,PALADIN,CLERIC
55,6,1,2.411821255301616,3.7091928990851564,RANGER,PALADIN,CLERIC
56,6,1,2.437895991381267,3.713073079976792,RANGER,PALADIN,CLERIC
57,6,1,2.474708752635224,3.7289615318445435,RANGER,PALADIN,CLERIC
58,6,1,2.506295559484717,3.7376746220894486,RANGER,PALADIN,CLERIC
59,6,1,2.554524206558151,3.7397677370170745,WARRIOR,PALADIN,CLERIC
60,6,1,2.6237419593437616,3.747818475780673,WARRIOR,PALADIN,CLERIC
61,6,1,2.6975056114158624,3.7607317473727253,WARRIOR,PALADIN,CLERIC
62,6,1,2.774532663894136,3.7644866876074046,WARRIOR,PALADIN,CLERIC
63,6,1,2.8523055431778577,3.7758958267048337,WARRIOR,PALADIN,CLERIC
64,6,1,2.9306222816329663,3.794286032941918,WARRIOR,PALADIN,CLERIC
65,6,1,3.020451271727631,3.8111153452764057,WARRIOR,PALADIN,CLERIC
66,6,1,3.1121909399261627,3.8331432457400894,WARRIOR,PALADIN,CLERIC
67,6,1,3.2058622321347485,3.8497446982108885,WARRIOR,PALADIN,CLERIC
68,6,1,3.29609733948264,3.8734890564663838,WARRIOR,PALADIN,CLERIC
69,6,1,3.4002292480094676,3.889080136519496,WARRIOR,PALADIN,CLERIC
70,6,1,3.494554011273099,3.913449178977535,WARRIOR,PALADIN,CLERIC
71,6,1,3.596968887096841,3.934786144556557,WARRIOR,PALADIN,CLERIC
72,6,1,3.703977934836411,3.961309930750345,WARRIOR,PALADIN,CLERIC
73,6,1,3.812099652014944,3.9827088516515285,WARRIOR,PALADIN,CLERIC
74,6,1,3.9252064288134214,3.9998737645580817,WARRIOR,PALADIN,CLERIC
75,6,1,4.047641066416707,4.056881203617557,WARRIOR,PALADIN,CLERIC
76,6,1,4.168697601871241,4.088711112989407,WARRIOR,PALADIN,CLERIC
77,6,1,4.291782734879668,4.128549517519842,WARRIOR,PALADIN,CLERIC
78,6,1,4.411223005670717,4.177811529890629,WARRIOR,PALADIN,CLERIC
79,6,1,4.540927237427406,4.259444575704019,WARRIOR,PALADIN,CLERIC
80,6,1,4.673601566678887,4.313835592517279,WARRIOR,PALADIN,CLERIC
81,6,1,4.80961107323814,4.390194899229072,WARRIOR,PALADIN,CLERIC
82,6,1,4.945209352376234,4.484311025383914,WARRIOR,PALADIN,CLERIC
83,6,1,5.081429820944106,4.520359421882159,WARRIOR,PALADIN,CLERIC
84,6,1,5.221676642649586,4.58765835428574,WARRIOR,PALADIN,CLERIC
85,6,1,5.361073330171728,4.667715690624075,WARRIOR,PALADIN,CLERIC
86,6,1,5.504481574211106,4.73930461122134,WARRIOR,PALADIN,CLERIC
87,6,1,5.65226859146295,4.827643310078211,WARRIOR,PALADIN,CLERIC
88,6,1,5.795497378520609,4.905643831952733,WARRIOR,PALADIN,CLERIC
89,6,1,5.94986936194184,4.9698044244665285,WARRIOR,PALADIN,CLERIC
90,6,1,6.107884003201258,5.040448986799473,WARRIOR,PALADIN,CLERIC
91,6,1,6.267550055733251,5.102237084751793,WARRIOR,PALADIN,CLERIC
92,6,1,6.427385055900414,5.184648361371069,WARRIOR,PALADIN,CLERIC
93,6,1,6.585562804041389,5.255836955037796,WARRIOR,PALADIN,CLERIC
94,6,1,6.745412069241796,5.326330971045379,WARRIOR,PALADIN,CLERIC
95,6,1,6.909943252551232,5.404468814779939,WARRIOR,PALADIN,CLERIC
96,6,1,7.0700641231908,5.471018792455329,WARRIOR,PALADIN,CLERIC
97,6,1,7.223958275672171,5.5422896991394355,WARRIOR,PALADIN,CLERIC
98,6,1,7.381738841546404,5.623836513344371,WARRIOR,PALADIN,CLERIC
99,6,1,7.539149442015836,5.711437259740881,WARRIOR,PALADIN,CLERIC
100,6,1,7.69108346034022,5.792999171000179,WARRIOR,PALADIN,CLERIC
20,6,5,1.3012182883096246,1.4810470958666722,ROGUE,PALADIN,CLERIC
21,6,5,1.3657828024654206,1.5055868829776387,ROGUE,PALADIN,CLERIC
22,6,5,1.465774787812535,1.4752544059591477,ROGUE,PALADIN,CLERIC
23,6,5,1.4981822530585998,1.515382366165885,ROGUE,PALADIN,CLERIC
24,6,5,1.550678948018791,1.511002816845708,ROGUE,PALADIN,CLERIC
25,6,5,1.5864091297636218,1.52200823919717,ROGUE,PALADIN,CLERIC
26,6,5,1.6075122919626095,1.5915771983370686,ROGUE,PALADIN,CLERIC
27,6,5,1.6368390980826097,1.5935450438874899,ROGUE,PALADIN,CLERIC
28,6,5,1.6637156629640382,1.653268470941227,ROGUE,PALADIN,CLERIC
29,6,5,1.6861582697724309,1.7475995260155974,ROGUE,PALADIN,CLERIC
30,6,5,1.6717729905023182,1.8544456960466693,ROGUE,PALADIN,CLERIC
31,6,5,1.6185164326812496,1.9599741693006933,ROGUE,PALADIN,CLERIC
32,6,5,1.6122654451699248,2.07103312034147,RANGER,PALADIN,CLERIC
33,6,5,1.6797751117973991,2.162460293750179,RANGER,PALADIN,CLERIC
34,6,5,1.7044096317923918,2.3100653866729104,RANGER,PALADIN,CLERIC
35,6,5,1.7574670327841213,2.4595333698545607,RANGER,PALADIN,CLERIC
36,6,5,1.780901116567546,2.559445593988463,RANGER,PALADIN,CLERIC
37,6,5,1.7920265860391416,2.656216224014041,RANGER,PALADIN,CLERIC
38,6,5,1.8883665151025797,2.7148448284296745,RANGER,PALADIN,CLERIC
39,6,5,1.944537188204043,2.7799263360683835,RANGER,PALADIN,CLERIC
40,6,5,1.9745858608483546,2.8861546040872765,RANGER,PALADIN,CLERIC
41,6,5,1.9843990261043887,2.983123230873219,RANGER,PALADIN,CLERIC
42,6,5,1.9850774102757596,3.0500488485513566,RANGER,PALADIN,CLERIC
43,6,5,2.0103116584318848,3.11798784720414,RANGER,PALADIN,CLERIC
44,6,5,2.0369627886792863,3.2219073212796934,RANGER,PALADIN,CLERIC
45,6,5,2.0518938867231773,3.2994727666096013,RANGER,PALADIN,CLERIC
46,6,5,2.0795721867916894,3.363086069711363,RANGER,PALADIN,CLERIC
47,6,5,2.134199126567937,3.3967955001220407,RANGER,PALADIN,CLERIC
48,6,5,2.1808578858586225,3.462751989700874,RANGER,PALADIN,CLERIC
49,6,5,2.2061112916591963,3.495101510160592,RANGER,PALADIN,CLERIC
50,6,5,2.238542268517585,3.5586900048433012,RANGER,PALADIN,CLERIC
51,6,5,2.268557359476886,3.593161844674153,RANGER,PALADIN,CLERIC
52,6,5,2.3145989583909676,3.620393163931168,RANGER,PALADIN,CLERIC
53,6,5,2.3445972631974232,3.6667906256864002,RANGER,PALADIN,CLERIC
54,6,5,2.383050164676037,3.6869934671586613,RANGER,PALADIN,CLERIC
55,6,5,2.411821255301616,3.7091928990851786,RANGER,PALADIN,CLERIC
56,6,5,2.437895991381267,3.713073079976814,RANGER,PALADIN,CLERIC
57,6,5,2.474708752635202,3.7289615318445213,RANGER,PALADIN,CLERIC
58,6,5,2.5062955594846947,3.7376746220894708,RANGER,PALADIN,CLERIC
59,6,5,2.554524206558151,3.7397677370170745,WARRIOR,PALADIN,CLERIC
60,6,5,2.6237419593437394,3.747818475780651,WARRIOR,PALADIN,CLERIC
61,6,5,2.6975056114158624,3.760731747372703,WARRIOR,PALADIN,CLERIC
62,6,5,2.774532663894136,3.7644866876073824,WARRIOR,PALADIN,CLERIC
63,6,5,2.852305543177902,3.775895826704856,WARRIOR,PALADIN,CLERIC
64,6,5,2.9306222816329663,3.7942860329418737,WARRIOR,PALADIN,CLERIC
65,6,5,3.020451271727609,3.811115345276428,WARRIOR,PALADIN,CLERIC
66,6,5,3.1121909399261405,3.8331432457400894,WARRIOR,PALADIN,CLERIC
67,6,5,3.2058622321347263,3.8497446982109107,WARRIOR,PALADIN,CLERIC
68,6,5,3.29609733948264,3.8734890564663838,WARRIOR,PALADIN,CLERIC
69,6,5,3.4002292480094454,3.889080136519496,WARRIOR,PALADIN,CLERIC
70,6,5,3.494554011273099,3.913449178977557,WARRIOR,PALADIN,CLERIC
71,6,5,3.596968887096841,3.9347861445566013,WARRIOR,PALADIN,CLERIC
72,6,5,3.703977934836411,3.9613099307503896,WARRIOR,PALADIN,CLERIC
73,6,5,3.812099652014922,3.9827088516515285,WARRIOR,PALADIN,CLERIC
74,6,5,3.9252064288134436,3.9998737645580595,WARRIOR,PALADIN,CLERIC
75,6,5,4.0476410664167295,4.056881203617624,WARRIOR,PALADIN,CLERIC
76,6,5,4.168697601871263,4.0887111129893405,WARRIOR,PALADIN,CLERIC
77,6,5,4.291782734879668,4.128549517519864,WARRIOR,PALADIN,CLERIC
78,6,5,4.411223005670695,4.177811529890629,WARRIOR,PALADIN,CLERIC
79,6,5,4.540927237427428,4.259444575704041,WARRIOR,PALADIN,CLERIC
80,6,5,4.673601566678909,4.313835592517257,WARRIOR,PALADIN,CLERIC
81,6,5,4.809611073238185,4.390194899229072,WARRIOR,PALADIN,CLERIC
82,6,5,4.945209352376256,4.484311025383936,WARRIOR,PALADIN,CLERIC
83,6,5,5.081429820944128,4.520359421882181,WARRIOR,PALADIN,CLERIC
84,6,5,5.221676642649586,4.587658354285784,WARRIOR,PALADIN,CLERIC
85,6,5,5.361073330171751,4.667715690624119,WARRIOR,PALADIN,CLERIC
86,6,5,5.504481574211151,4.73930461122134,WARRIOR,PALADIN,CLERIC
87,6,5,5.65226859146295,4.827643310078189,WARRIOR,PALADIN,CLERIC
88,6,5,5.795497378520631,4.905643831952755,WARRIOR,PALADIN,CLERIC
89,6,5,5.94986936194184,4.969804424466573,WARRIOR,PALADIN,CLERIC
90,6,5,6.107884003201303,5.040448986799473,WARRIOR,PALADIN,CLERIC
91,6,5,6.267550055733251,5.102237084751793,WARRIOR,PALADIN,CLERIC
92,6,5,6.427385055900436,5.184648361371091,WARRIOR,PALADIN,CLERIC
93,6,5,6.585562804041389,5.255836955037818,WARRIOR,PALADIN,CLERIC
94,6,5,6.7454120692418185,5.326330971045357,WARRIOR,PALADIN,CLERIC
95,6,5,6.909943252551254,5.404468814779961,WARRIOR,PALADIN,CLERIC
96,6,5,7.070064123190822,5.471018792455351,WARRIOR,PALADIN,CLERIC
97,6,5,7.223958275672193,5.542289699139458,WARRIOR,PALADIN,CLERIC
98,6,5,7.381738841546426,5.6238365133443935,WARRIOR,PALADIN,CLERIC
99,6,5,7.53914944201588,5.711437259740881,WARRIOR,PALADIN,CLERIC
100,6,5,7.69108346034022,5.792999171000202,WARRIOR,PALADIN,CLERIC
20,6,12,1.3012182883096246,1.4810470958666944,ROGUE,PALADIN,CLERIC
21,6,12,1.3657828024654428,1.5055868829776387,ROGUE,PALADIN,CLERIC
22,6,12,1.4657747878125127,1.4752544059591477,ROGUE,PALADIN,CLERIC
23,6,12,1.4981822530585776,1.5153823661659072,ROGUE,PALADIN,CLERIC
24,6,12,1.550678948018791,1.5110028168457301,ROGUE,PALADIN,CLERIC
25,6,12,1.5864091297636218,1.52200823919717,ROGUE,PALADIN,CLERIC
26,6,12,1.6075122919626317,1.5915771983370464,ROGUE,PALADIN,CLERIC
27,6,12,1.6368390980825875,1.5935450438874454,ROGUE,PALADIN,CLERIC
28,6,12,1.663715662964016,1.6532684709412493,ROGUE,PALADIN,CLERIC
29,6,12,1.686158269772453,1.747599526015553,ROGUE,PALADIN,CLERIC
30,6,12,1.6717729905023182,1.8544456960466693,ROGUE,PALADIN,CLERIC
31,6,12,1.6185164326812718,1.9599741693006711,ROGUE,PALADIN,CLERIC
32,6,12,1.6122654451699692,2.07103312034147,RANGER,PALADIN,CLERIC
33,6,12,1.6797751117974213,2.162460293750157,RANGER,PALADIN,CLERIC
34,6,12,1.7044096317924362,2.3100653866729104,RANGER,PALADIN,CLERIC
35,6,12,1.7574670327841435,2.4595333698545607,RANGER,PALADIN,CLERIC
36,6,12,1.7809011165675903,2.559445593988463,RANGER,PALADIN,CLERIC
37,6,12,1.7920265860391638,2.656216224014063,RANGER,PALADIN,CLERIC
38,6,12,1.888366515102602,2.714844828429719,RANGER,PALADIN,CLERIC
39,6,12,1.944537188204043,2.7799263360683835,RANGER,PALADIN,CLERIC
40,6,12,1.9745858608483768,2.886154604087232,RANGER,PALADIN,CLERIC
41,6,12,1.9843990261043665,2.983123230873219,RANGER,PALADIN,CLERIC
42,6,12,1.985077410275804,3.0500488485513566,RANGER,PALADIN,CLERIC
43,6,12,2.010311658431907,3.117987847204118,RANGER,PALADIN,CLERIC
44,6,12,2.0369627886793307,3.2219073212796934,RANGER,PALADIN,CLERIC
45,6,12,2.0518938867231773,3.2994727666096235,RANGER,PALADIN,CLERIC
46,6,12,2.079572186791667,3.363086069711385,RANGER,PALADIN,CLERIC
47,6,12,2.1341991265679594,3.3967955001220407,RANGER,PALADIN,CLERIC
48,6,12,2.1808578858586225,3.462751989700852,RANGER,PALADIN,CLERIC
49,6,12,2.2061112916591963,3.49510151016057,RANGER,PALADIN,CLERIC
50,6,12,2.238542268517585,3.5586900048433012,RANGER,PALADIN,CLERIC
51,6,12,2.268557359476886,3.5931618446741975,RANGER,PALADIN,CLERIC
52,6,12,2.3145989583909676,3.620393163931168,RANGER,PALADIN,CLERIC
53,6,12,2.3445972631974232,3.6667906256864002,RANGER,PALADIN,CLERIC
54,6,12,2.383050164676037,3.6869934671587057,RANGER,PALADIN,CLERIC
55,6,12,2.411821255301616,3.7091928990851786,RANGER,PALADIN,CLERIC
56,6,12,2.437895991381245,3.713073079976792,RANGER,PALADIN,CLERIC
57,6,12,2.4747087526352463,3.7289615318445213,RANGER,PALADIN,CLERIC
58,6,12,2.5062955594846947,3.7376746220894264,RANGER,PALADIN,CLERIC
59,6,12,2.5545242065581286,3.7397677370170745,WARRIOR,PALADIN,CLERIC
60,6,12,2.6237419593437616,3.7478184757806954,WARRIOR,PALADIN,CLERIC
61,6,12,2.6975056114158624,3.760731747372681,WARRIOR,PALADIN,CLERIC
62,6,12,2.774532663894136,3.7644866876074046,WARRIOR,PALADIN,CLERIC
63,6,12,2.852305543177902,3.7758958267048337,WARRIOR,PALADIN,CLERIC
64,6,12,2.9306222816329663,3.794286032941918,WARRIOR,PALADIN,CLERIC
65,6,12,3.020451271727631,3.811115345276428,WARRIOR,PALADIN,CLERIC
66,6,12,3.1121909399261627,3.8331432457401116,WARRIOR,PALADIN,CLERIC
67,6,12,3.2058622321347485,3.8497446982109107,WARRIOR,PALADIN,CLERIC
68,6,12,3.29609733948264,3.8734890564663838,WARRIOR,PALADIN,CLERIC
69,6,12,3.4002292480094676,3.8890801365195182,WARRIOR,PALADIN,CLERIC
70,6,12,3.494554011273099,3.913449178977535,WARRIOR,PALADIN,CLERIC
71,6,12,3.596968887096863,3.9347861445566013,WARRIOR,PALADIN,CLERIC
72,6,12,3.7039779348364332,3.9613099307503896,WARRIOR,PALADIN,CLERIC
73,6,12,3.812099652014944,3.9827088516515285,WARRIOR,PALADIN,CLERIC
74,6,12,3.9252064288134214,3.9998737645580595,WARRIOR,PALADIN,CLERIC
75,6,12,4.047641066416752,4.056881203617579,WARRIOR,PALADIN,CLERIC
76,6,12,4.168697601871263,4.088711112989363,WARRIOR,PALADIN,CLERIC
77,6,12,4.291782734879668,4.128549517519886,WARRIOR,PALADIN,CLERIC
78,6,12,4.411223005670717,4.1778115298906515,WARRIOR,PALADIN,CLERIC
79,6,12,4.54092723742745,4.259444575704063,WARRIOR,PALADIN,CLERIC
80,6,12,4.673601566678909,4.313835592517279,WARRIOR,PALADIN,CLERIC
81,6,12,4.8096110732381625,4.390194899229094,WARRIOR,PALADIN,CLERIC
82,6,12,4.945209352376301,4.484311025383914,WARRIOR,PALADIN,CLERIC
83,6,12,5.081429820944128,4.520359421882203,WARRIOR,PALADIN,CLERIC
84,6,12,5.221676642649609,4.587658354285806,WARRIOR,PALADIN,CLERIC
85,6,12,5.361073330171751,4.667715690624075,WARRIOR,PALADIN,CLERIC
86,6,12,5.504481574211151,4.739304611221362,WARRIOR,PALADIN,CLERIC
87,6,12,5.65226859146295,4.827643310078211,WARRIOR,PALADIN,CLERIC
88,6,12,5.795497378520631,4.905643831952777,WARRIOR,PALADIN,CLERIC
89,6,12,5.94986936194184,4.969804424466551,WARRIOR,PALADIN,CLERIC
90,6,12,6.107884003201258,5.040448986799495,WARRIOR,PALADIN,CLERIC
91,6,12,6.267550055733229,5.102237084751793,WARRIOR,PALADIN,CLERIC
92,6,12,6.427385055900459,5.184648361371114,WARRIOR,PALADIN,CLERIC
93,6,12,6.585562804041389,5.255836955037818,WARRIOR,PALADIN,CLERIC
94,6,12,6.7454120692418185,5.326330971045423,WARRIOR,PALADIN,CLERIC
95,6,12,6.909943252551276,5.4044688147799835,WARRIOR,PALADIN,CLERIC
96,6,12,7.0700641231908445,5.471018792455373,WARRIOR,PALADIN,CLERIC
97,6,12,7.223958275672193,5.542289699139458,WARRIOR,PALADIN,CLERIC
98,6,12,7.381738841546426,5.6238365133443935,WARRIOR,PALADIN,CLERIC
99,6,12,7.539149442015858,5.7114372597409035,WARRIOR,PALADIN,CLERIC
100,6,12,7.6910834603402645,5.792999171000202,WARRIOR,PALADIN,CLERIC
20,6,20,1.3468746221738659,1.4806037172282904,ROGUE,PALADIN,CLERIC
21,6,20,1.4161887667994533,1.5051490332645079,ROGUE,PALADIN,CLERIC
22,6,20,1.5202534419892721,1.474757515345182,ROGUE,PALADIN,CLERIC
23,6,20,1.5560449160099799,1.5148747790955097,ROGUE,PALADIN,CLERIC
24,6,20,1.6105857586794503,1.5104426040602803,ROGUE,PALADIN,CLERIC
25,6,20,1.6475402270559547,1.52139577090169,ROGUE,PALADIN,CLERIC
26,6,20,1.6701965856917411,1.5909624281150725,ROGUE,PALADIN,CLERIC
27,6,20,1.7018415745000626,1.5928350251291912,ROGUE,PALADIN,CLERIC
28,6,20,1.730943683036279,1.6525732216434497,ROGUE,PALADIN,CLERIC
29,6,20,1.7552881483767102,1.7469232400148638,ROGUE,PALADIN,CLERIC
30,6,20,1.7423797576469502,1.8537627955919067,ROGUE,PALADIN,CLERIC
31,6,20,1.6908985460872383,2.0691508695763305,ROGUE,PALADIN,CLERIC
32,6,20,1.6658215486318406,2.154779987143085,RANGER,PALADIN,CLERIC
33,6,20,1.7390612428938912,2.337780587815441,RANGER,PALADIN,CLERIC
34,6,20,1.7683318458214803,2.4532922733697227,RANGER,PALADIN,CLERIC
35,6,20,1.8252748551838227,2.5712191281166863,RANGER,PALADIN,CLERIC
36,6,20,1.8523768314881561,2.5914188101544333,RANGER,PALADIN,CLERIC
37,6,20,1.8666138535426091,2.6575431735557764,RANGER,PALADIN,CLERIC
38,6,20,1.9659882685731045,2.7141700050883566,RANGER,PALADIN,CLERIC
39,6,20,2.0253294037169356,2.779165650599902,RANGER,PALADIN,CLERIC
40,6,20,2.058071585098631,2.8854183171640013,RANGER,PALADIN,CLERIC
41,6,20,2.0700701630173013,2.9823883979192667,RANGER,PALADIN,CLERIC
42,6,20,2.073509284245856,3.049263276606373,RANGER,PALADIN,CLERIC
43,6,20,2.1014880463630536,3.1171423382867047,RANGER,PALADIN,CLERIC
44,6,20,2.130852493092328,3.251808291318792,RANGER,PALADIN,CLERIC
45,6,20,2.1493415971672425,3.3941663359602137,RANGER,PALADIN,CLERIC
46,6,20,2.1812268177666683,3.493462118586055,RANGER,PALADIN,CLERIC
47,6,20,2.241805259671681,3.5529417502303318,RANGER,PALADIN,CLERIC
48,6,20,2.29527521791133,3.581214225634599,RANGER,PALADIN,CLERIC
49,6,20,2.3263131311040297,3.6144461172170406,RANGER,PALADIN,CLERIC
50,6,20,2.3644998066134404,3.6823072517896405,RANGER,PALADIN,CLERIC
51,6,20,2.400449026980067,3.738560636781707,RANGER,PALADIN,CLERIC
52,6,20,2.4530821155700933,3.7693135342269146,RANGER,PALADIN,CLERIC
53,6,20,2.489632499874639,3.8100444540531964,RANGER,PALADIN,CLERIC
54,6,20,2.534593305905508,3.908855795652233,RANGER,PALADIN,CLERIC
55,6,20,2.5693094646268566,3.9514315666505873,RANGER,PALADIN,CLERIC
56,6,20,2.6008875710914703,4.073070139008328,RANGER,PALADIN,CLERIC
57,6,20,2.6428063893123355,4.134695962218138,RANGER,PALADIN,CLERIC
58,6,20,2.6788201804857303,4.249812435588063,RANGER,PALADIN,CLERIC
59,6,20,2.7174311334941637,4.338520522359368,RANGER,PALADIN,CLERIC
60,6,20,2.7606142522886845,4.404721310858406,RANGER,PALADIN,CLERIC
61,6,20,2.8014026280008153,4.538685611297932,RANGER,PALADIN,CLERIC
62,6,20,2.8507968920808313,4.621515013524302,RANGER,PALADIN,CLERIC
63,6,20,2.8913205902496575,4.724960447056703,RANGER,PALADIN,CLERIC
64,6,20,2.9393832510329787,4.8468089936021475,RANGER,PALADIN,CLERIC
65,6,20,2.9891005039762497,4.970687403155449,RANGER,PALADIN,CLERIC
66,6,20,3.041140219382754,5.0989281668391895,RANGER,PALADIN,CLERIC
67,6,20,3.096002462729208,5.1830670565269354,RANGER,PALADIN,CLERIC
68,6,20,3.147060481370856,5.267717954909945,RANGER,PALADIN,CLERIC
69,6,20,3.2021992064764415,5.362947712319555,RANGER,PALADIN,CLERIC
70,6,20,3.2558756341920514,5.462844877568163,RANGER,PALADIN,CLERIC
71,6,20,3.3147581790094582,5.545475882352391,RANGER,PALADIN,CLERIC
72,6,20,3.3730223255663105,5.667404681130495,RANGER,PALADIN,CLERIC
73,6,20,3.430037278269693,5.759901817166391,RANGER,PALADIN,CLERIC
74,6,20,3.4956282884555767,5.861151255778885,RANGER,PALADIN,CLERIC
75,6,20,3.563268486601423,5.958979496527728,RANGER,PALADIN,CLERIC
76,6,20,3.6302779690474463,6.047546518145008,RANGER,PALADIN,CLERIC
77,6,20,3.695822902420587,6.140218577013812,RANGER,PALADIN,CLERIC
78,6,20,3.760205443840192,6.240866879024343,RANGER,PALADIN,CLERIC
79,6,20,3.8280394492483882,6.336018392718001,RANGER,PALADIN,CLERIC
80,6,20,3.8951714234428225,6.442136777789442,RANGER,PALADIN,CLERIC
81,6,20,3.96210290805723,6.56243717360836,RANGER,PALADIN,CLERIC
82,6,20,4.03116743109333,6.7072486734273795,RANGER,PALADIN,CLERIC
83,6,20,4.1001887924507985,6.795712850909719,RANGER,PALADIN,CLERIC
84,6,20,4.171528094827437,6.896226300128205,RANGER,PALADIN,CLERIC
85,6,20,4.239662680916245,7.018473437023909,RANGER,PALADIN,CLERIC
86,6,20,4.309773141912321,7.1491345708421195,RANGER,PALADIN,CLERIC
87,6,20,4.384353000105379,7.263580226941335,RANGER,PALADIN,CLERIC
88,6,20,4.460817127726258,7.37081162241644,RANGER,PALADIN,CLERIC
89,6,20,4.539076711477885,7.48699233896255,RANGER,PALADIN,CLERIC
90,6,20,4.616341896505571,7.618624286438158,RANGER,PALADIN,CLERIC
91,6,20,4.690496228746754,7.717375640710378,RANGER,PALADIN,CLERIC
92,6,20,4.765113290921041,7.865220674074069,RANGER,PALADIN,CLERIC
93,6,20,4.841586061110759,7.981883785914534,RANGER,PALADIN,CLERIC
94,6,20,4.917025354236704,8.093499573347106,RANGER,PALADIN,CLERIC
95,6,20,4.995468752889831,8.220008849161498,RANGER,PALADIN,CLERIC
96,6,20,5.070805658644484,8.337150348099653,RANGER,PALADIN,CLERIC
97,6,20,5.147280814151123,8.449541053935228,RANGER,PALADIN,CLERIC
98,6,20,5.224709919921544,8.576965382495105,RANGER,PALADIN,CLERIC
99,6,20,5.307761899465535,8.711241737851537,RANGER,PALADIN,CLERIC
100,6,20,5.386702834104784,8.84008031835739,RANGER,PALADIN,CLERIC
20,8,1,1.3012182883096246,1.4810470958667166,ROGUE,PALADIN,CLERIC
21,8,1,1.365782802465465,1.5055868829776387,ROGUE,PALADIN,CLERIC
22,8,1,1.4657747878125127,1.4752544059591477,ROGUE,PALADIN,CLERIC
23,8,1,1.4981822530585998,1.515382366165885,ROGUE,PALADIN,CLERIC
24,8,1,1.5506789480187688,1.511002816845708,ROGUE,PALADIN,CLERIC
25,8,1,1.586409129763644,1.522008239197148,ROGUE,PALADIN,CLERIC
26,8,1,1.6075122919626539,1.5915771983370686,ROGUE,PALADIN,CLERIC
27,8,1,1.6368390980826097,1.5935450438874899,ROGUE,PALADIN,CLERIC
28,8,1,1.6637156629640382,1.6532684709412493,ROGUE,PALADIN,CLERIC
29,8,1,1.6861582697724309,1.7475995260155974,ROGUE,PALADIN,CLERIC
30,8,1,1.6717729905023182,1.8544456960466693,ROGUE,PALADIN,CLERIC
31,8,1,1.6185164326812718,1.9599741693006933,ROGUE,PALADIN,CLERIC
32,8,1,1.612265445169947,2.07103312034147,RANGER,PALADIN,CLERIC
33,8,1,1.6797751117973991,2.162460293750179,RANGER,PALADIN,CLERIC
34,8,1,1.704409631792414,2.3100653866729104,RANGER,PALADIN,CLERIC
35,8,1,1.7574670327841213,2.459533369854583,RANGER,PALADIN,CLERIC
36,8,1,1.7809011165675903,2.559445593988441,RANGER,PALADIN,CLERIC
37,8,1,1.7920265860391638,2.6562162240140186,RANGER,PALADIN,CLERIC
38,8,1,1.888366515102602,2.7148448284296745,RANGER,PALADIN,CLERIC
39,8,1,1.944537188204043,2.7799263360684057,RANGER,PALADIN,CLERIC
40,8,1,1.9745858608483768,2.8861546040872765,RANGER,PALADIN,CLERIC
41,8,1,1.9843990261043665,2.983123230873219,RANGER,PALADIN,CLERIC
42,8,1,1.985077410275804,3.050048848551379,RANGER,PALADIN,CLERIC
43,8,1,2.0103116584318848,3.11798784720414,RANGER,PALADIN,CLERIC
44,8,1,2.0369627886792863,3.2219073212796934,RANGER,PALADIN,CLERIC
45,8,1,2.0518938867231995,3.2994727666096457,RANGER,PALADIN,CLERIC
46,8,1,2.0795721867916894,3.3630860697114073,RANGER,PALADIN,CLERIC
47,8,1,2.134199126567937,3.3967955001220407,RANGER,PALADIN,CLERIC
48,8,1,2.1808578858586447,3.462751989700874,RANGER,PALADIN,CLERIC
49,8,1,2.2061112916592185,3.4951015101605476,RANGER,PALADIN,CLERIC
50,8,1,2.238542268517607,3.5586900048433012,RANGER,PALADIN,CLERIC
51,8,1,2.268557359476886,3.5931618446741753,RANGER,PALADIN,CLERIC
52,8,1,2.3145989583909454,3.6203931639311904,RANGER,PALADIN,CLERIC
53,8,1,2.3445972631974232,3.6667906256864224,RANGER,PALADIN,CLERIC
54,8,1,2.3830501646760593,3.6869934671586835,RANGER,PALADIN,CLERIC
55,8,1,2.411821255301616,3.709192899085201,RANGER,PALADIN,CLERIC
56,8,1,2.437895991381267,3.7130730799768363,RANGER,PALADIN,CLERIC
57,8,1,2.4747087526352463,3.7289615318445435,RANGER,PALADIN,CLERIC
58,8,1,2.506295559484717,3.737674622089493,RANGER,PALADIN,CLERIC
59,8,1,2.5545242065581286,3.7397677370170523,WARRIOR,PALADIN,CLERIC
60,8,1,2.6237419593437616,3.7478184757806954,WARRIOR,PALADIN,CLERIC
61,8,1,2.6975056114158846,3.760731747372703,WARRIOR,PALADIN,CLERIC
62,8,1,2.774532663894136,3.7644866876073824,WARRIOR,PALADIN,CLERIC
63,8,1,2.85230554317788,3.775895826704878,WARRIOR,PALADIN,CLERIC
64,8,1,2.9306222816329663,3.794286032941896,WARRIOR,PALADIN,CLERIC
65,8,1,3.020451271727609,3.8111153452764057,WARRIOR,PALADIN,CLERIC
66,8,1,3.1121909399261405,3.8331432457401116,WARRIOR,PALADIN,CLERIC
67,8,1,3.205862232134704,3.849744698210933,WARRIOR,PALADIN,CLERIC
68,8,1,3.296097339482662,3.8734890564663838,WARRIOR,PALADIN,CLERIC
69,8,1,3.4002292480094676,3.8890801365195182,WARRIOR,PALADIN,CLERIC
70,8,1,3.494554011273099,3.913449178977535,WARRIOR,PALADIN,CLERIC
71,8,1,3.596968887096863,3.9347861445566013,WARRIOR,PALADIN,CLERIC
72,8,1,3.7039779348364332,3.9613099307503674,WARRIOR,PALADIN,CLERIC
73,8,1,3.812099652014922,3.9827088516515285,WARRIOR,PALADIN,CLERIC
74,8,1,3.9252064288134436,3.9998737645580817,WARRIOR,PALADIN,CLERIC
75,8,1,4.047641066416752,4.056881203617557,WARRIOR,PALADIN,CLERIC
76,8,1,4.168697601871263,4.088711112989385,WARRIOR,PALADIN,CLERIC
77,8,1,4.291782734879668,4.128549517519864,WARRIOR,PALADIN,CLERIC
78,8,1,4.411223005670739,4.177811529890629,WARRIOR,PALADIN,CLERIC
79,8,1,4.540927237427406,4.259444575704041,WARRIOR,PALADIN,CLERIC
80,8,1,4.673601566678909,4.313835592517257,WARRIOR,PALADIN,CLERIC
81,8,1,4.809611073238185,4.390194899229094,WARRIOR,PALADIN,CLERIC
82,8,1,4.945209352376279,4.484311025383914,WARRIOR,PALADIN,CLERIC
83,8,1,5.081429820944106,4.520359421882203,WARRIOR,PALADIN,CLERIC
84,8,1,5.221676642649586,4.587658354285806,WARRIOR,PALADIN,CLERIC
85,8,1,5.361073330171728,4.667715690624097,WARRIOR,PALADIN,CLERIC
86,8,1,5.504481574211106,4.739304611221384,WARRIOR,PALADIN,CLERIC
87,8,1,5.652268591462928,4.827643310078233,WARRIOR,PALADIN,CLERIC
88,8,1,5.795497378520631,4.905643831952777,WARRIOR,PALADIN,CLERIC
89,8,1,5.94986936194184,4.969804424466551,WARRIOR,PALADIN,CLERIC
90,8,1,6.10788400320128,5.040448986799473,WARRIOR,PALADIN,CLERIC
91,8,1,6.267550055733251,5.102237084751815,WARRIOR,PALADIN,CLERIC
92,8,1,6.427385055900436,5.184648361371136,WARRIOR,PALADIN,CLERIC
93,8,1,6.585562804041412,5.255836955037818,WARRIOR,PALADIN,CLERIC
94,8,1,6.745412069241841,5.326330971045379,WARRIOR,PALADIN,CLERIC
95,8,1,6.909943252551254,5.404468814779961,WARRIOR,PALADIN,CLERIC
96,8,1,7.070064123190822,5.471018792455307,WARRIOR,PALADIN,CLERIC
97,8,1,7.223958275672171,5.5422896991394355,WARRIOR,PALADIN,CLERIC
98,8,1,7.381738841546404,5.623836513344371,WARRIOR,PALADIN,CLERIC
99,8,1,7.539149442015858,5.711437259740859,WARRIOR,PALADIN,CLERIC
100,8,1,7.691083460340242,5.792999171000202,WARRIOR,PALADIN,CLERIC
20,8,5,1.3012182883096468,1.4810470958666944,ROGUE,PALADIN,CLERIC
21,8,5,1.3657828024654428,1.5055868829776164,ROGUE,PALADIN,CLERIC
22,8,5,1.4657747878124905,1.4752544059591477,ROGUE,PALADIN,CLERIC
23,8,5,1.4981822530585776,1.515382366165885,ROGUE,PALADIN,CLERIC
24,8,5,1.5506789480187688,1.5110028168456857,ROGUE,PALADIN,CLERIC
25,8,5,1.5864091297636218,1.5220082391971923,ROGUE,PALADIN,CLERIC
26,8,5,1.6075122919626317,1.5915771983370686,ROGUE,PALADIN,CLERIC
27,8,5,1.6368390980825875,1.5935450438874454,ROGUE,PALADIN,CLERIC
28,8,5,1.663715662964016,1.6532684709412493,ROGUE,PALADIN,CLERIC
29,8,5,1.686158269772453,1.7475995260155752,ROGUE,PALADIN,CLERIC
30,8,5,1.671772990502296,1.8544456960466693,ROGUE,PALADIN,CLERIC
31,8,5,1.6185164326812496,1.9599741693007156,ROGUE,PALADIN,CLERIC
32,8,5,1.6122654451699692,2.071033120341448,RANGER,PALADIN,CLERIC
33,8,5,1.6797751117974435,2.1624602937502013,RANGER,PALADIN,CLERIC
34,8,5,1.7044096317924362,2.3100653866729104,RANGER,PALADIN,CLERIC
35,8,5,1.7574670327841435,2.459533369854605,RANGER,PALADIN,CLERIC
36,8,5,1.780901116567546,2.5594455939884853,RANGER,PALADIN,CLERIC
37,8,5,1.7920265860391638,2.6562162240140186,RANGER,PALADIN,CLERIC
38,8,5,1.888366515102602,2.7148448284296745,RANGER,PALADIN,CLERIC
39,8,5,1.944537188204043,2.7799263360683835,RANGER,PALADIN,CLERIC
40,8,5,1.9745858608483324,2.886154604087232,RANGER,PALADIN,CLERIC
41,8,5,1.9843990261043665,2.983123230873197,RANGER,PALADIN,CLERIC
42,8,5,1.9850774102757818,3.0500488485513344,RANGER,PALADIN,CLERIC
43,8,5,2.0103116584318848,3.117987847204118,RANGER,PALADIN,CLERIC
44,8,5,2.0369627886792863,3.2219073212796934,RANGER,PALADIN,CLERIC
45,8,5,2.051893886723133,3.2994727666096235,RANGER,PALADIN,CLERIC
46,8,5,2.079572186791667,3.363086069711385,RANGER,PALADIN,CLERIC
47,8,5,2.134199126567915,3.3967955001220185,RANGER,PALADIN,CLERIC
48,8,5,2.1808578858586447,3.462751989700874,RANGER,PALADIN,CLERIC
49,8,5,2.206111291659174,3.4951015101605476,RANGER,PALADIN,CLERIC
50,8,5,2.2385422685175627,3.558690004843279,RANGER,PALADIN,CLERIC
51,8,5,2.2685573594768416,3.5931618446741753,RANGER,PALADIN,CLERIC
52,8,5,2.3145989583909454,3.620393163931168,RANGER,PALADIN,CLERIC
53,8,5,2.344597263197401,3.6667906256864002,RANGER,PALADIN,CLERIC
54,8,5,2.383050164676037,3.6869934671586835,RANGER,PALADIN,CLERIC
55,8,5,2.411821255301616,3.7091928990851564,RANGER,PALADIN,CLERIC
56,8,5,2.437895991381245,3.713073079976792,RANGER,PALADIN,CLERIC
57,8,5,2.474708752635202,3.7289615318445435,RANGER,PALADIN,CLERIC
58,8,5,2.5062955594846947,3.7376746220894708,RANGER,PALADIN,CLERIC
59,8,5,2.5545242065581286,3.7397677370170745,WARRIOR,PALADIN,CLERIC
60,8,5,2.6237419593437394,3.747818475780673,WARRIOR,PALADIN,CLERIC
61,8,5,2.6975056114158624,3.760731747372703,WARRIOR,PALADIN,CLERIC
62,8,5,2.7745326638941137,3.7644866876074046,WARRIOR,PALADIN,CLERIC
63,8,5,2.85230554317788,3.775895826704856,WARRIOR,PALADIN,CLERIC
64,8,5,2.9306222816329663,3.794286032941896,WARRIOR,PALADIN,CLERIC
65,8,5,3.020451271727631,3.811115345276428,WARRIOR,PALADIN,CLERIC
66,8,5,3.1121909399261627,3.8331432457401116,WARRIOR,PALADIN,CLERIC
67,8,5,3.2058622321347263,3.8497446982109107,WARRIOR,PALADIN,CLERIC
68,8,5,3.296097339482662,3.8734890564663838,WARRIOR,PALADIN,CLERIC
69,8,5,3.4002292480094676,3.889080136519496,WARRIOR,PALADIN,CLERIC
70,8,5,3.494554011273099,3.9134491789775128,WARRIOR,PALADIN,CLERIC
71,8,5,3.596968887096841,3.9347861445566013,WARRIOR,PALADIN,CLERIC
72,8,5,3.703977934836411,3.9613099307503896,WARRIOR,PALADIN,CLERIC
73,8,5,3.812099652014944,3.9827088516515063,WARRIOR,PALADIN,CLERIC
74,8,5,3.9252064288134214,3.9998737645580817,WARRIOR,PALADIN,CLERIC
75,8,5,4.047641066416752,4.056881203617579,WARRIOR,PALADIN,CLERIC
76,8,5,4.168697601871241,4.088711112989385,WARRIOR,PALADIN,CLERIC
77,8,5,4.291782734879668,4.128549517519886,WARRIOR,PALADIN,CLERIC
78,8,5,4.411223005670739,4.1778115298906515,WARRIOR,PALADIN,CLERIC
79,8,5,4.540927237427428,4.259444575704019,WARRIOR,PALADIN,CLERIC
80,8,5,4.673601566678909,4.313835592517279,WARRIOR,PALADIN,CLERIC
81,8,5,4.8096110732381625,4.390194899229094,WARRIOR,PALADIN,CLERIC
82,8,5,4.945209352376256,4.484311025383914,WARRIOR,PALADIN,CLERIC
83,8,5,5.081429820944106,4.520359421882181,WARRIOR,PALADIN,CLERIC
84,8,5,5.221676642649609,4.58765835428574,WARRIOR,PALADIN,CLERIC
85,8,5,5.361073330171728,4.667715690624119,WARRIOR,PALADIN,CLERIC
86,8,5,5.504481574211151,4.73930461122134,WARRIOR,PALADIN,CLERIC
87,8,5,5.65226859146295,4.827643310078211,WARRIOR,PALADIN,CLERIC
88,8,5,5.795497378520631,4.905643831952755,WARRIOR,PALADIN,CLERIC
89,8,5,5.94986936194184,4.969804424466573,WARRIOR,PALADIN,CLERIC
90,8,5,6.10788400320128,5.040448986799451,WARRIOR,PALADIN,CLERIC
91,8,5,6.267550055733251,5.102237084751793,WARRIOR,PALADIN,CLERIC
92,8,5,6.427385055900436,5.184648361371091,WARRIOR,PALADIN,CLERIC
93,8,5,6.585562804041389,5.255836955037818,WARRIOR,PALADIN,CLERIC
94,8,5,6.7454120692418185,5.326330971045357,WARRIOR,PALADIN,CLERIC
95,8,5,6.909943252551276,5.4044688147799835,WARRIOR,PALADIN,CLERIC
96,8,5,7.070064123190822,5.471018792455329,WARRIOR,PALADIN,CLERIC
97,8,5,7.223958275672193,5.542289699139458,WARRIOR,PALADIN,CLERIC
98,8,5,7.381738841546426,5.623836513344371,WARRIOR,PALADIN,CLERIC
99,8,5,7.539149442015858,5.711437259740859,WARRIOR,PALADIN,CLERIC
100,8,5,7.691083460340242,5.792999171000157,WARRIOR,PALADIN,CLERIC
20,8,12,1.3012182883096246,1.4810470958666944,ROGUE,PALADIN,CLERIC
21,8,12,1.3657828024654428,1.5055868829776164,ROGUE,PALADIN,CLERIC
22,8,12,1.4657747878125127,1.4752544059591477,ROGUE,PALADIN,CLERIC
23,8,12,1.4981822530585776,1.5153823661659072,ROGUE,PALADIN,CLERIC
24,8,12,1.550678948018791,1.5110028168457301,ROGUE,PALADIN,CLERIC
25,8,12,1.5864091297636218,1.52200823919717,ROGUE,PALADIN,CLERIC
26,8,12,1.6075122919626095,1.5915771983370464,ROGUE,PALADIN,CLERIC
27,8,12,1.6368390980826097,1.5935450438874676,ROGUE,PALADIN,CLERIC
28,8,12,1.663715662964016,1.6532684709412493,ROGUE,PALADIN,CLERIC
29,8,12,1.6861582697724753,1.7475995260155974,ROGUE,PALADIN,CLERIC
30,8,12,1.6717729905023182,1.8544456960466693,ROGUE,PALADIN,CLERIC
31,8,12,1.6185164326812718,1.9599741693007378,ROGUE,PALADIN,CLERIC
32,8,12,1.612265445169947,2.0710331203415144,RANGER,PALADIN,CLERIC
33,8,12,1.6797751117973991,2.1624602937502013,RANGER,PALADIN,CLERIC
34,8,12,1.7044096317924362,2.3100653866729104,RANGER,PALADIN,CLERIC
35,8,12,1.7574670327841213,2.459533369854605,RANGER,PALADIN,CLERIC
36,8,12,1.780901116567568,2.559445593988463,RANGER,PALADIN,CLERIC
37,8,12,1.7920265860391638,2.656216224014041,RANGER,PALADIN,CLERIC
38,8,12,1.8883665151025797,2.7148448284296967,RANGER,PALADIN,CLERIC
39,8,12,1.9445371882040652,2.779926336068428,RANGER,PALADIN,CLERIC
40,8,12,1.9745858608483546,2.8861546040872765,RANGER,PALADIN,CLERIC
41,8,12,1.9843990261043665,2.9831232308732414,RANGER,PALADIN,CLERIC
42,8,12,1.9850774102757818,3.0500488485513566,RANGER,PALADIN,CLERIC
43,8,12,2.0103116584318848,3.117987847204162,RANGER,PALADIN,CLERIC
44,8,12,2.0369627886792863,3.2219073212797156,RANGER,PALADIN,CLERIC
45,8,12,2.0518938867231773,3.2994727666096013,RANGER,PALADIN,CLERIC
46,8,12,2.079572186791667,3.363086069711385,RANGER,PALADIN,CLERIC
47,8,12,2.134199126567937,3.3967955001220407,RANGER,PALADIN,CLERIC
48,8,12,2.1808578858586447,3.462751989700852,RANGER,PALADIN,CLERIC
49,8,12,2.2061112916592185,3.495101510160592,RANGER,PALADIN,CLERIC
50,8,12,2.2385422685175627,3.558690004843279,RANGER,PALADIN,CLERIC
51,8,12,2.2685573594768638,3.5931618446741975,RANGER,PALADIN,CLERIC
52,8,12,2.3145989583909454,3.620393163931168,RANGER,PALADIN,CLERIC
53,8,12,2.344597263197401,3.6667906256864446,RANGER,PALADIN,CLERIC
54,8,12,2.3830501646760593,3.6869934671586613,RANGER,PALADIN,CLERIC
55,8,12,2.411821255301616,3.7091928990851786,RANGER,PALADIN,CLERIC
56,8,12,2.437895991381245,3.7130730799768363,RANGER,PALADIN,CLERIC
57,8,12,2.474708752635224,3.7289615318445435,RANGER,PALADIN,CLERIC
58,8,12,2.506295559484717,3.737674622089493,RANGER,PALADIN,CLERIC
59,8,12,2.554524206558151,3.7397677370170745,WARRIOR,PALADIN,CLERIC
60,8,12,2.6237419593437172,3.747818475780673,WARRIOR,PALADIN,CLERIC
61,8,12,2.6975056114158624,3.760731747372681,WARRIOR,PALADIN,CLERIC
62,8,12,2.774532663894158,3.7644866876073824,WARRIOR,PALADIN,CLERIC
63,8,12,2.85230554317788,3.775895826704856,WARRIOR,PALADIN,CLERIC
64,8,12,2.9306222816329663,3.794286032941896,WARRIOR,PALADIN,CLERIC
65,8,12,3.020451271727631,3.811115345276428,WARRIOR,PALADIN,CLERIC
66,8,12,3.1121909399261627,3.8331432457401116,WARRIOR,PALADIN,CLERIC
67,8,12,3.2058622321347263,3.8497446982109107,WARRIOR,PALADIN,CLERIC
68,8,12,3.29609733948264,3.8734890564663838,WARRIOR,PALADIN,CLERIC
69,8,12,3.4002292480094676,3.889080136519496,WARRIOR,PALADIN,CLERIC
70,8,12,3.494554011273099,3.913449178977535,WARRIOR,PALADIN,CLERIC
71,8,12,3.596968887096841,3.934786144556579,WARRIOR,PALADIN,CLERIC
72,8,12,3.703977934836411,3.9613099307503674,WARRIOR,PALADIN,CLERIC
73,8,12,3.812099652014944,3.9827088516515063,WARRIOR,PALADIN,CLERIC
74,8,12,3.9252064288134436,3.9998737645580817,WARRIOR,PALADIN,CLERIC
75,8,12,4.0476410664167295,4.056881203617579,WARRIOR,PALADIN,CLERIC
76,8,12,4.168697601871263,4.088711112989385,WARRIOR,PALADIN,CLERIC
77,8,12,4.291782734879668,4.128549517519908,WARRIOR,PALADIN,CLERIC
78,8,12,4.411223005670739,4.177811529890674,WARRIOR,PALADIN,CLERIC
79,8,12,4.540927237427428,4.259444575704041,WARRIOR,PALADIN,CLERIC
80,8,12,4.673601566678887,4.3138355925172345,WARRIOR,PALADIN,CLERIC
81,8,12,4.809611073238185,4.390194899229072,WARRIOR,PALADIN,CLERIC
82,8,12,4.945209352376279,4.484311025383914,WARRIOR,PALADIN,CLERIC
83,8,12,5.081429820944106,4.520359421882181,WARRIOR,PALADIN,CLERIC
84,8,12,5.221676642649586,4.587658354285762,WARRIOR,PALADIN,CLERIC
85,8,12,5.361073330171751,4.667715690624075,WARRIOR,PALADIN,CLERIC
86,8,12,5.504481574211151,4.73930461122134,WARRIOR,PALADIN,CLERIC
87,8,12,5.65226859146295,4.827643310078211,WARRIOR,PALADIN,CLERIC
88,8,12,5.795497378520631,4.905643831952755,WARRIOR,PALADIN,CLERIC
89,8,12,5.94986936194184,4.969804424466573,WARRIOR,PALADIN,CLERIC
90,8,12,6.107884003201303,5.040448986799473,WARRIOR,PALADIN,CLERIC
91,8,12,6.267550055733251,5.102237084751793,WARRIOR,PALADIN,CLERIC
92,8,12,6.427385055900436,5.184648361371069,WARRIOR,PALADIN,CLERIC
93,8,12,6.585562804041412,5.255836955037818,WARRIOR,PALADIN,CLERIC
94,8,12,6.7454120692418185,5.326330971045357,WARRIOR,PALADIN,CLERIC
95,8,12,6.909943252551298,5.4044688147799835,WARRIOR,PALADIN,CLERIC
96,8,12,7.0700641231908445,5.471018792455351,WARRIOR,PALADIN,CLERIC
97,8,12,7.223958275672193,5.542289699139458,WARRIOR,PALADIN,CLERIC
98,8,12,7.381738841546404,5.623836513344371,WARRIOR,PALADIN,CLERIC
99,8,12,7.539149442015836,5.711437259740859,WARRIOR,PALADIN,CLERIC
100,8,12,7.691083460340242,5.792999171000224,WARRIOR,PALADIN,CLERIC
20,8,20,1.3468746221738659,1.4806037172282904,ROGUE,PALADIN,CLERIC
21,8,20,1.4161887667994533,1.5051490332645079,ROGUE,PALADIN,CLERIC
22,8,20,1.5202534419892721,1.474757515345182,ROGUE,PALADIN,CLERIC
23,8,20,1.5560449160099799,1.5148747790955097,ROGUE,PALADIN,CLERIC
24,8,20,1.6105857586794503,1.5104426040602803,ROGUE,PALADIN,CLERIC
25,8,20,1.6475402270559547,1.52139577090169,ROGUE,PALADIN,CLERIC
26,8,20,1.6701965856917411,1.5909624281150725,ROGUE,PALADIN,CLERIC
27,8,20,1.7018415745000626,1.5928350251291912,ROGUE,PALADIN,CLERIC
28,8,20,1.730943683036279,1.6525732216434497,ROGUE,PALADIN,CLERIC
29,8,20,1.7552881483767102,1.7469232400148638,ROGUE,PALADIN,CLERIC
30,8,20,1.7423797576469502,1.8537627955919067,ROGUE,PALADIN,CLERIC
31,8,20,1.6908985460872383,2.0691508695763305,ROGUE,PALADIN,CLERIC
32,8,20,1.6658215486318406,2.154779987143085,RANGER,PALADIN,CLERIC
33,8,20,1.7390612428938912,2.337780587815441,RANGER,PALADIN,CLERIC
34,8,20,1.7683318458214803,2.4532922733697227,RANGER,PALADIN,CLERIC
35,8,20,1.8252748551838227,2.5712191281166863,RANGER,PALADIN,CLERIC
36,8,20,1.8523768314881561,2.5914188101544333,RANGER,PALADIN,CLERIC
37,8,20,1.8666138535426091,2.6575431735557764,RANGER,PALADIN,CLERIC
38,8,20,1.9659882685731045,2.7141700050883566,RANGER,PALADIN,CLERIC
39,8,20,2.0253294037169356,2.779165650599902,RANGER,PALADIN,CLERIC
40,8,20,2.058071585098631,2.8854183171640013,RANGER,PALADIN,CLERIC
41,8,20,2.0700701630173013,2.9823883979192667,RANGER,PALADIN,CLERIC
42,8,20,2.073509284245856,3.049263276606373,RANGER,PALADIN,CLERIC
43,8,20,2.1014880463630536,3.1171423382867047,RANGER,PALADIN,CLERIC
44,8,20,2.130852493092328,3.251808291318792,RANGER,PALADIN,CLERIC
45,8,20,2.1493415971672425,3.3941663359602137,RANGER,PALADIN,CLERIC
46,8,20,2.1812268177666683,3.493462118586055,RANGER,PALADIN,CLERIC
47,8,20,2.241805259671681,3.5529417502303318,RANGER,PALADIN,CLERIC
48,8,20,2.29527521791133,3.581214225634599,RANGER,PALADIN,CLERIC
49,8,20,2.3263131311040297,3.6144461172170406,RANGER,PALADIN,CLERIC
50,8,20,2.3644998066134404,3.6823072517896405,RANGER,PALADIN,CLERIC
51,8,20,2.400449026980067,3.738560636781707,RANGER,PALADIN,CLERIC
52,8,20,2.4530821155700933,3.7693135342269146,RANGER,PALADIN,CLERIC
53,8,20,2.489632499874639,3.8100444540531964,RANGER,PALADIN,CLERIC
54,8,20,2.534593305905508,3.908855795652233,RANGER,PALADIN,CLERIC
55,8,20,2.5693094646268566,3.9514315666505873,RANGER,PALADIN,CLERIC
56,8,20,2.6008875710914703,4.073070139008328,RANGER,PALADIN,CLERIC
57,8,20,2.6428063893123355,4.134695962218138,RANGER,PALADIN,CLERIC
58,8,20,2.6788201804857303,4.249812435588063,RANGER,PALADIN,CLERIC
59,8,20,2.7174311334941637,4.338520522359368,RANGER,PALADIN,CLERIC
60,8,20,2.7606142522886845,4.404721310858406,RANGER,PALADIN,CLERIC
61,8,20,2.8014026280008153,4.538685611297932,RANGER,PALADIN,CLERIC
62,8,20,2.8507968920808313,4.621515013524302,RANGER,PALADIN,CLERIC
63,8,20,2.8913205902496575,4.724960447056703,RANGER,PALADIN,CLERIC
64,8,20,2.9393832510329787,4.8468089936021475,RANGER,PALADIN,CLERIC
65,8,20,2.9891005039762497,4.970687403155449,RANGER,PALADIN,CLERIC
66,8,20,3.041140219382754,5.0989281668391895,RANGER,PALADIN,CLERIC
67,8,20,3.096002462729208,5.1830670565269354,RANGER,PALADIN,CLERIC
68,8,20,3.147060481370856,5.267717954909945,RANGER,PALADIN,CLERIC
69,8,20,3.2021992064764415,5.362947712319555,RANGER,PALADIN,CLERIC
70,8,20,3.2558756341920514,5.462844877568163,RANGER,PALADIN,CLERIC
71,8,20,3.3147581790094582,5.545475882352391,RANGER,PALADIN,CLERIC
72,8,20,3.3730223255663105,5.667404681130495,RANGER,PALADIN,CLERIC
73,8,20,3.430037278269693,5.759901817166391,RANGER,PALADIN,CLERIC
74,8,20,3.4956282884555767,5.861151255778885,RANGER,PALADIN,CLERIC
75,8,20,3.563268486601423,5.958979496527728,RANGER,PALADIN,CLERIC
76,8,20,3.6302779690474463,6.047546518145008,RANGER,PALADIN,CLERIC
77,8,20,3.695822902420587,6.140218577013812,RANGER,PALADIN,CLERIC
78,8,20,3.760205443840192,6.240866879024343,RANGER,PALADIN,CLERIC
79,8,20,3.8280394492483882,6.336018392718001,RANGER,PALADIN,CLERIC
80,8,20,3.8951714234428225,6.442136777789442,RANGER,PALADIN,CLERIC
81,8,20,3.96210290805723,6.56243717360836,RANGER,PALADIN,CLERIC
82,8,20,4.03116743109333,6.7072486734273795,RANGER,PALADIN,CLERIC
83,8,20,4.1001887924507985,6.795712850909719,RANGER,PALADIN,CLERIC
84,8,20,4.171528094827437,6.896226300128205,RANGER,PALADIN,CLERIC
85,8,20,4.239662680916245,7.018473437023909,RANGER,PALADIN,CLERIC
86,8,20,4.309773141912321,7.1491345708421195,RANGER,PALADIN,CLERIC
87,8,20,4.384353000105379,7.263580226941335,RANGER,PALADIN,CLERIC
88,8,20,4.460817127726258,7.37081162241644,RANGER,PALADIN,CLERIC
89,8,20,4.539076711477885,7.48699233896255,RANGER,PALADIN,CLERIC
90,8,20,4.616341896505571,7.618624286438158,RANGER,PALADIN,CLERIC
91,8,20,4.690496228746754,7.717375640710378,RANGER,PALADIN,CLERIC
92,8,20,4.765113290921041,7.865220674074069,RANGER,PALADIN,CLERIC
93,8,20,4.841586061110759,7.981883785914534,RANGER,PALADIN,CLERIC
94,8,20,4.917025354236704,8.093499573347106,RANGER,PALADIN,CLERIC
95,8,20,4.995468752889831,8.220008849161498,RANGER,PALADIN,CLERIC
96,8,20,5.070805658644484,8.337150348099653,RANGER,PALADIN,CLERIC
97,8,20,5.147280814151123,8.449541053935228,RANGER,PALADIN,CLERIC
98,8,20,5.224709919921544,8.576965382495105,RANGER,PALADIN,CLERIC
99,8,20,5.307761899465535,8.711241737851537,RANGER,PALADIN,CLERIC
100,8,20,5.386702834104784,8.84008031835739,RANGER,PALADIN,CLERIC
20,9,1,1.3012182883096246,1.4810470958666944,ROGUE,PALADIN,CLERIC
21,9,1,1.3657828024654428,1.5055868829775942,ROGUE,PALADIN,CLERIC
22,9,1,1.465774787812535,1.47525440595917,ROGUE,PALADIN,CLERIC
23,9,1,1.4981822530585776,1.5153823661658627,ROGUE,PALADIN,CLERIC
24,9,1,1.550678948018791,1.5110028168457301,ROGUE,PALADIN,CLERIC
25,9,1,1.5864091297636218,1.522008239197148,ROGUE,PALADIN,CLERIC
26,9,1,1.6075122919626317,1.5915771983370686,ROGUE,PALADIN,CLERIC
27,9,1,1.636839098082632,1.5935450438874676,ROGUE,PALADIN,CLERIC
28,9,1,1.6637156629640382,1.6532684709412715,ROGUE,PALADIN,CLERIC
29,9,1,1.686158269772453,1.7475995260155752,ROGUE,PALADIN,CLERIC
30,9,1,1.6717729905023182,1.8544456960466693,ROGUE,PALADIN,CLERIC
31,9,1,1.6185164326812718,1.9599741693006933,ROGUE,PALADIN,CLERIC
32,9,1,1.612265445169947,2.07103312034147,RANGER,PALADIN,CLERIC
33,9,1,1.6797751117973991,2.1624602937502013,RANGER,PALADIN,CLERIC
34,9,1,1.7044096317924362,2.310065386672888,RANGER,PALADIN,CLERIC
35,9,1,1.7574670327841213,2.459533369854583,RANGER,PALADIN,CLERIC
36,9,1,1.780901116567568,2.559445593988441,RANGER,PALADIN,CLERIC
37,9,1,1.7920265860392082,2.656216224014063,RANGER,PALADIN,CLERIC
38,9,1,1.8883665151025797,2.7148448284296745,RANGER,PALADIN,CLERIC
39,9,1,1.9445371882040652,2.7799263360684057,RANGER,PALADIN,CLERIC
40,9,1,1.9745858608483768,2.8861546040872765,RANGER,PALADIN,CLERIC
41,9,1,1.9843990261043665,2.9831232308732414,RANGER,PALADIN,CLERIC
42,9,1,1.985077410275804,3.0500488485513566,RANGER,PALADIN,CLERIC
43,9,1,2.0103116584318848,3.117987847204162,RANGER,PALADIN,CLERIC
44,9,1,2.0369627886793085,3.2219073212797156,RANGER,PALADIN,CLERIC
45,9,1,2.0518938867231773,3.2994727666096235,RANGER,PALADIN,CLERIC
46,9,1,2.0795721867916894,3.3630860697114073,RANGER,PALADIN,CLERIC
47,9,1,2.134199126567937,3.3967955001220407,RANGER,PALADIN,CLERIC
48,9,1,2.1808578858586447,3.462751989700874,RANGER,PALADIN,CLERIC
49,9,1,2.2061112916591963,3.49510151016057,RANGER,PALADIN,CLERIC
50,9,1,2.238542268517585,3.5586900048433012,RANGER,PALADIN,CLERIC
51,9,1,2.268557359476886,3.5931618446741753,RANGER,PALADIN,CLERIC
52,9,1,2.3145989583909676,3.620393163931146,RANGER,PALADIN,CLERIC
53,9,1,2.3445972631974676,3.6667906256864224,RANGER,PALADIN,CLERIC
54,9,1,2.3830501646760593,3.6869934671586835,RANGER,PALADIN,CLERIC
55,9,1,2.411821255301616,3.7091928990851564,RANGER,PALADIN,CLERIC
56,9,1,2.437895991381267,3.7130730799768363,RANGER,PALADIN,CLERIC
57,9,1,2.4747087526352463,3.7289615318445657,RANGER,PALADIN,CLERIC
58,9,1,2.5062955594846947,3.7376746220894708,RANGER,PALADIN,CLERIC
59,9,1,2.554524206558173,3.7397677370170523,WARRIOR,PALADIN,CLERIC
60,9,1,2.6237419593437616,3.747818475780673,WARRIOR,PALADIN,CLERIC
61,9,1,2.6975056114158846,3.7607317473727475,WARRIOR,PALADIN,CLERIC
62,9,1,2.774532663894158,3.7644866876074268,WARRIOR,PALADIN,CLERIC
63,9,1,2.852305543177902,3.775895826704878,WARRIOR,PALADIN,CLERIC
64,9,1,2.9306222816329885,3.794286032941896,WARRIOR,PALADIN,CLERIC
65,9,1,3.020451271727631,3.811115345276428,WARRIOR,PALADIN,CLERIC
66,9,1,3.112190939926185,3.8331432457401116,WARRIOR,PALADIN,CLERIC
67,9,1,3.2058622321347485,3.8497446982108885,WARRIOR,PALADIN,CLERIC
68,9,1,3.296097339482662,3.873489056466406,WARRIOR,PALADIN,CLERIC
69,9,1,3.4002292480094676,3.889080136519496,WARRIOR,PALADIN,CLERIC
70,9,1,3.494554011273099,3.9134491789775794,WARRIOR,PALADIN,CLERIC
71,9,1,3.596968887096841,3.9347861445566013,WARRIOR,PALADIN,CLERIC
72,9,1,3.7039779348364554,3.9613099307503896,WARRIOR,PALADIN,CLERIC
73,9,1,3.812099652014944,3.9827088516515063,WARRIOR,PALADIN,CLERIC
74,9,1,3.9252064288134436,3.9998737645580817,WARRIOR,PALADIN,CLERIC
75,9,1,4.0476410664167295,4.056881203617557,WARRIOR,PALADIN,CLERIC
76,9,1,4.168697601871285,4.0887111129893405,WARRIOR,PALADIN,CLERIC
77,9,1,4.291782734879668,4.128549517519864,WARRIOR,PALADIN,CLERIC
78,9,1,4.411223005670739,4.1778115298906515,WARRIOR,PALADIN,CLERIC
79,9,1,4.54092723742745,4.259444575704019,WARRIOR,PALADIN,CLERIC
80,9,1,4.673601566678887,4.3138355925172345,WARRIOR,PALADIN,CLERIC
81,9,1,4.809611073238185,4.390194899229072,WARRIOR,PALADIN,CLERIC
82,9,1,4.945209352376234,4.484311025383869,WARRIOR,PALADIN,CLERIC
83,9,1,5.081429820944106,4.520359421882159,WARRIOR,PALADIN,CLERIC
84,9,1,5.221676642649609,4.587658354285762,WARRIOR,PALADIN,CLERIC
85,9,1,5.361073330171751,4.6677156906240524,WARRIOR,PALADIN,CLERIC
86,9,1,5.504481574211151,4.739304611221318,WARRIOR,PALADIN,CLERIC
87,9,1,5.65226859146295,4.827643310078211,WARRIOR,PALADIN,CLERIC
88,9,1,5.795497378520631,4.905643831952733,WARRIOR,PALADIN,CLERIC
89,9,1,5.94986936194184,4.969804424466551,WARRIOR,PALADIN,CLERIC
90,9,1,6.107884003201258,5.040448986799451,WARRIOR,PALADIN,CLERIC
91,9,1,6.267550055733251,5.102237084751815,WARRIOR,PALADIN,CLERIC
92,9,1,6.427385055900436,5.184648361371091,WARRIOR,PALADIN,CLERIC
93,9,1,6.585562804041389,5.255836955037774,WARRIOR,PALADIN,CLERIC
94,9,1,6.7454120692418185,5.326330971045357,WARRIOR,PALADIN,CLERIC
95,9,1,6.909943252551254,5.404468814779917,WARRIOR,PALADIN,CLERIC
96,9,1,7.070064123190822,5.471018792455329,WARRIOR,PALADIN,CLERIC
97,9,1,7.223958275672171,5.5422896991394355,WARRIOR,PALADIN,CLERIC
98,9,1,7.381738841546404,5.623836513344349,WARRIOR,PALADIN,CLERIC
99,9,1,7.539149442015858,5.711437259740837,WARRIOR,PALADIN,CLERIC
100,9,1,7.69108346034022,5.792999171000179,WARRIOR,PALADIN,CLERIC
20,9,5,1.3012182883096246,1.4810470958666944,ROGUE,PALADIN,CLERIC
21,9,5,1.3657828024654206,1.5055868829776164,ROGUE,PALADIN,CLERIC
22,9,5,1.4657747878124905,1.4752544059591477,ROGUE,PALADIN,CLERIC
23,9,5,1.4981822530585776,1.5153823661658627,ROGUE,PALADIN,CLERIC
24,9,5,1.550678948018791,1.5110028168456857,ROGUE,PALADIN,CLERIC
25,9,5,1.5864091297636218,1.52200823919717,ROGUE,PALADIN,CLERIC
26,9,5,1.6075122919626095,1.5915771983370242,ROGUE,PALADIN,CLERIC
27,9,5,1.6368390980826097,1.5935450438874676,ROGUE,PALADIN,CLERIC
28,9,5,1.663715662964016,1.653268470941227,ROGUE,PALADIN,CLERIC
29,9,5,1.686158269772453,1.747599526015553,ROGUE,PALADIN,CLERIC
30,9,5,1.6717729905023182,1.8544456960466693,ROGUE,PALADIN,CLERIC
31,9,5,1.6185164326812718,1.9599741693006933,ROGUE,PALADIN,CLERIC
32,9,5,1.6122654451699248,2.0710331203414922,RANGER,PALADIN,CLERIC
33,9,5,1.6797751117973991,2.1624602937502013,RANGER,PALADIN,CLERIC
34,9,5,1.704409631792414,2.3100653866729104,RANGER,PALADIN,CLERIC
35,9,5,1.757467032784099,2.459533369854583,RANGER,PALADIN,CLERIC
36,9,5,1.780901116567568,2.559445593988441,RANGER,PALADIN,CLERIC
37,9,5,1.7920265860391194,2.656216224014063,RANGER,PALADIN,CLERIC
38,9,5,1.8883665151025575,2.7148448284296745,RANGER,PALADIN,CLERIC
39,9,5,1.944537188204043,2.7799263360684057,RANGER,PALADIN,CLERIC
40,9,5,1.9745858608483324,2.8861546040872543,RANGER,PALADIN,CLERIC
41,9,5,1.9843990261043665,2.983123230873219,RANGER,PALADIN,CLERIC
42,9,5,1.9850774102757596,3.0500488485513566,RANGER,PALADIN,CLERIC
43,9,5,2.0103116584318625,3.11798784720414,RANGER,PALADIN,CLERIC
44,9,5,2.0369627886792863,3.2219073212797156,RANGER,PALADIN,CLERIC
45,9,5,2.051893886723133,3.2994727666096235,RANGER,PALADIN,CLERIC
46,9,5,2.079572186791667,3.363086069711363,RANGER,PALADIN,CLERIC
47,9,5,2.134199126567915,3.3967955001220185,RANGER,PALADIN,CLERIC
48,9,5,2.1808578858586003,3.462751989700874,RANGER,PALADIN,CLERIC
49,9,5,2.206111291659174,3.49510151016057,RANGER,PALADIN,CLERIC
50,9,5,2.238542268517585,3.558690004843279,RANGER,PALADIN,CLERIC
51,9,5,2.2685573594768638,3.5931618446741975,RANGER,PALADIN,CLERIC
52,9,5,2.3145989583909454,3.6203931639311904,RANGER,PALADIN,CLERIC
53,9,5,2.3445972631974232,3.6667906256864002,RANGER,PALADIN,CLERIC
54,9,5,2.383050164676037,3.6869934671586835,RANGER,PALADIN,CLERIC
55,9,5,2.411821255301616,3.7091928990851786,RANGER,PALADIN,CLERIC
56,9,5,2.437895991381245,3.713073079976814,RANGER,PALADIN,CLERIC
57,9,5,2.4747087526351796,3.7289615318445213,RANGER,PALADIN,CLERIC
58,9,5,2.5062955594846947,3.7376746220894708,RANGER,PALADIN,CLERIC
59,9,5,2.5545242065581286,3.7397677370170745,WARRIOR,PALADIN,CLERIC
60,9,5,2.6237419593437394,3.747818475780673,WARRIOR,PALADIN,CLERIC
61,9,5,2.69750561141584,3.7607317473727475,WARRIOR,PALADIN,CLERIC
62,9,5,2.774532663894136,3.7644866876074046,WARRIOR,PALADIN,CLERIC
63,9,5,2.8523055431778355,3.775895826704878,WARRIOR,PALADIN,CLERIC
64,9,5,2.930622281632944,3.794286032941918,WARRIOR,PALADIN,CLERIC
65,9,5,3.020451271727631,3.81111534527645,WARRIOR,PALADIN,CLERIC
66,9,5,3.1121909399261405,3.8331432457401116,WARRIOR,PALADIN,CLERIC
67,9,5,3.2058622321347263,3.8497446982109107,WARRIOR,PALADIN,CLERIC
68,9,5,3.2960973394826176,3.8734890564663838,WARRIOR,PALADIN,CLERIC
69,9,5,3.4002292480094676,3.889080136519496,WARRIOR,PALADIN,CLERIC
70,9,5,3.494554011273121,3.913449178977535,WARRIOR,PALADIN,CLERIC
71,9,5,3.596968887096841,3.9347861445566235,WARRIOR,PALADIN,CLERIC
72,9,5,3.703977934836411,3.9613099307503674,WARRIOR,PALADIN,CLERIC
73,9,5,3.812099652014922,3.9827088516515508,WARRIOR,PALADIN,CLERIC
74,9,5,3.9252064288134214,3.9998737645580817,WARRIOR,PALADIN,CLERIC
75,9,5,4.047641066416752,4.056881203617557,WARRIOR,PALADIN,CLERIC
76,9,5,4.168697601871263,4.088711112989363,WARRIOR,PALADIN,CLERIC
77,9,5,4.291782734879646,4.128549517519864,WARRIOR,PALADIN,CLERIC
78,9,5,4.411223005670695,4.177811529890674,WARRIOR,PALADIN,CLERIC
79,9,5,4.540927237427428,4.259444575704041,WARRIOR,PALADIN,CLERIC
80,9,5,4.673601566678887,4.313835592517257,WARRIOR,PALADIN,CLERIC
81,9,5,4.809611073238185,4.390194899229072,WARRIOR,PALADIN,CLERIC
82,9,5,4.945209352376256,4.484311025383914,WARRIOR,PALADIN,CLERIC
83,9,5,5.081429820944106,4.520359421882181,WARRIOR,PALADIN,CLERIC
84,9,5,5.221676642649564,4.587658354285784,WARRIOR,PALADIN,CLERIC
85,9,5,5.361073330171706,4.667715690624075,WARRIOR,PALADIN,CLERIC
86,9,5,5.504481574211129,4.739304611221318,WARRIOR,PALADIN,CLERIC
87,9,5,5.652268591462928,4.827643310078211,WARRIOR,PALADIN,CLERIC
88,9,5,5.795497378520631,4.905643831952755,WARRIOR,PALADIN,CLERIC
89,9,5,5.94986936194184,4.969804424466551,WARRIOR,PALADIN,CLERIC
90,9,5,6.107884003201258,5.040448986799495,WARRIOR,PALADIN,CLERIC
91,9,5,6.267550055733229,5.102237084751793,WARRIOR,PALADIN,CLERIC
92,9,5,6.427385055900414,5.184648361371069,WARRIOR,PALADIN,CLERIC
93,9,5,6.585562804041389,5.255836955037774,WARRIOR,PALADIN,CLERIC
94,9,5,6.7454120692418185,5.326330971045401,WARRIOR,PALADIN,CLERIC
95,9,5,6.909943252551232,5.404468814779939,WARRIOR,PALADIN,CLERIC
96,9,5,7.0700641231908,5.471018792455329,WARRIOR,PALADIN,CLERIC
97,9,5,7.223958275672149,5.54228969913948,WARRIOR,PALADIN,CLERIC
98,9,5,7.381738841546404,5.623836513344371,WARRIOR,PALADIN,CLERIC
99,9,5,7.539149442015813,5.711437259740859,WARRIOR,PALADIN,CLERIC
100,9,5,7.691083460340198,5.792999171000224,WARRIOR,PALADIN,CLERIC
20,9,12,1.3012182883096468,1.4810470958666944,ROGUE,PALADIN,CLERIC
21,9,12,1.3657828024654428,1.5055868829776387,ROGUE,PALADIN,CLERIC
22,9,12,1.4657747878125127,1.4752544059591477,ROGUE,PALADIN,CLERIC
23,9,12,1.4981822530585998,1.5153823661658627,ROGUE,PALADIN,CLERIC
24,9,12,1.550678948018791,1.511002816845708,ROGUE,PALADIN,CLERIC
25,9,12,1.5864091297636218,1.522008239197148,ROGUE,PALADIN,CLERIC
26,9,12,1.6075122919626317,1.5915771983370464,ROGUE,PALADIN,CLERIC
27,9,12,1.6368390980825653,1.5935450438874899,ROGUE,PALADIN,CLERIC
28,9,12,1.6637156629640382,1.6532684709412715,ROGUE,PALADIN,CLERIC
29,9,12,1.6861582697724753,1.7475995260155752,ROGUE,PALADIN,CLERIC
30,9,12,1.6717729905023182,1.8544456960466693,ROGUE,PALADIN,CLERIC
31,9,12,1.618516432681294,1.9599741693007156,ROGUE,PALADIN,CLERIC
32,9,12,1.6122654451699692,2.07103312034147,RANGER,PALADIN,CLERIC
33,9,12,1.6797751117974435,2.162460293750179,RANGER,PALADIN,CLERIC
34,9,12,1.7044096317924584,2.310065386672888,RANGER,PALADIN,CLERIC
35,9,12,1.757467032784099,2.459533369854583,RANGER,PALADIN,CLERIC
36,9,12,1.7809011165675903,2.559445593988463,RANGER,PALADIN,CLERIC
37,9,12,1.7920265860391416,2.656216224014041,RANGER,PALADIN,CLERIC
38,9,12,1.888366515102602,2.7148448284296745,RANGER,PALADIN,CLERIC
39,9,12,1.9445371882040652,2.7799263360684057,RANGER,PALADIN,CLERIC
40,9,12,1.9745858608483546,2.886154604087232,RANGER,PALADIN,CLERIC
41,9,12,1.9843990261043887,2.9831232308732636,RANGER,PALADIN,CLERIC
42,9,12,1.9850774102757818,3.0500488485513566,RANGER,PALADIN,CLERIC
43,9,12,2.010311658431907,3.11798784720414,RANGER,PALADIN,CLERIC
44,9,12,2.0369627886792863,3.2219073212797156,RANGER,PALADIN,CLERIC
45,9,12,2.0518938867231773,3.2994727666096235,RANGER,PALADIN,CLERIC
46,9,12,2.079572186791645,3.363086069711385,RANGER,PALADIN,CLERIC
47,9,12,2.134199126567915,3.3967955001220407,RANGER,PALADIN,CLERIC
48,9,12,2.1808578858586447,3.462751989700852,RANGER,PALADIN,CLERIC
49,9,12,2.2061112916591963,3.495101510160592,RANGER,PALADIN,CLERIC
50,9,12,2.2385422685175627,3.5586900048433234,RANGER,PALADIN,CLERIC
51,9,12,2.268557359476886,3.5931618446741975,RANGER,PALADIN,CLERIC
52,9,12,2.3145989583909454,3.620393163931168,RANGER,PALADIN,CLERIC
53,9,12,2.3445972631974232,3.6667906256864224,RANGER,PALADIN,CLERIC
54,9,12,2.383050164676037,3.6869934671586835,RANGER,PALADIN,CLERIC
55,9,12,2.411821255301616,3.7091928990851564,RANGER,PALADIN,CLERIC
56,9,12,2.437895991381245,3.713073079976792,RANGER,PALADIN,CLERIC
57,9,12,2.474708752635224,3.7289615318445213,RANGER,PALADIN,CLERIC
58,9,12,2.5062955594846947,3.7376746220894708,RANGER,PALADIN,CLERIC
59,9,12,2.5545242065581286,3.7397677370170523,WARRIOR,PALADIN,CLERIC
60,9,12,2.6237419593437394,3.747818475780651,WARRIOR,PALADIN,CLERIC
61,9,12,2.6975056114158624,3.760731747372703,WARRIOR,PALADIN,CLERIC
62,9,12,2.774532663894136,3.7644866876073824,WARRIOR,PALADIN,CLERIC
63,9,12,2.852305543177902,3.7758958267048337,WARRIOR,PALADIN,CLERIC
64,9,12,2.9306222816329885,3.794286032941896,WARRIOR,PALADIN,CLERIC
65,9,12,3.020451271727609,3.811115345276428,WARRIOR,PALADIN,CLERIC
66,9,12,3.1121909399261627,3.8331432457400894,WARRIOR,PALADIN,CLERIC
67,9,12,3.2058622321347263,3.8497446982108885,WARRIOR,PALADIN,CLERIC
68,9,12,3.29609733948264,3.8734890564663838,WARRIOR,PALADIN,CLERIC
69,9,12,3.4002292480094676,3.889080136519474,WARRIOR,PALADIN,CLERIC
70,9,12,3.494554011273099,3.9134491789775128,WARRIOR,PALADIN,CLERIC
71,9,12,3.596968887096841,3.9347861445566013,WARRIOR,PALADIN,CLERIC
72,9,12,3.7039779348364332,3.961309930750345,WARRIOR,PALADIN,CLERIC
73,9,12,3.812099652014944,3.9827088516515285,WARRIOR,PALADIN,CLERIC
74,9,12,3.9252064288134214,3.9998737645580595,WARRIOR,PALADIN,CLERIC
75,9,12,4.0476410664167295,4.056881203617579,WARRIOR,PALADIN,CLERIC
76,9,12,4.168697601871263,4.088711112989363,WARRIOR,PALADIN,CLERIC
77,9,12,4.291782734879646,4.128549517519864,WARRIOR,PALADIN,CLERIC
78,9,12,4.411223005670717,4.1778115298906515,WARRIOR,PALADIN,CLERIC
79,9,12,4.540927237427406,4.259444575704019,WARRIOR,PALADIN,CLERIC
80,9,12,4.673601566678909,4.3138355925172345,WARRIOR,PALADIN,CLERIC
81,9,12,4.8096110732381625,4.390194899229072,WARRIOR,PALADIN,CLERIC
82,9,12,4.945209352376234,4.484311025383936,WARRIOR,PALADIN,CLERIC
83,9,12,5.081429820944106,4.520359421882181,WARRIOR,PALADIN,CLERIC
84,9,12,5.221676642649586,4.587658354285784,WARRIOR,PALADIN,CLERIC
85,9,12,5.361073330171728,4.667715690624075,WARRIOR,PALADIN,CLERIC
86,9,12,5.504481574211106,4.739304611221362,WARRIOR,PALADIN,CLERIC
87,9,12,5.65226859146295,4.827643310078233,WARRIOR,PALADIN,CLERIC
88,9,12,5.795497378520609,4.905643831952755,WARRIOR,PALADIN,CLERIC
89,9,12,5.9498693619418175,4.969804424466551,WARRIOR,PALADIN,CLERIC
90,9,12,6.107884003201258,5.040448986799473,WARRIOR,PALADIN,CLERIC
91,9,12,6.267550055733229,5.102237084751815,WARRIOR,PALADIN,CLERIC
92,9,12,6.427385055900436,5.184648361371091,WARRIOR,PALADIN,CLERIC
93,9,12,6.585562804041367,5.255836955037818,WARRIOR,PALADIN,CLERIC
94,9,12,6.745412069241796,5.326330971045379,WARRIOR,PALADIN,CLERIC
95,9,12,6.909943252551254,5.404468814779939,WARRIOR,PALADIN,CLERIC
96,9,12,7.0700641231908,5.471018792455329,WARRIOR,PALADIN,CLERIC
97,9,12,7.223958275672149,5.5422896991394355,WARRIOR,PALADIN,CLERIC
98,9,12,7.381738841546359,5.623836513344371,WARRIOR,PALADIN,CLERIC
99,9,12,7.539149442015791,5.711437259740859,WARRIOR,PALADIN,CLERIC
100,9,12,7.691083460340198,5.792999171000179,WARRIOR,PALADIN,CLERIC
20,9,20,1.3012182883096246,1.4810470958666722,ROGUE,PALADIN,CLERIC
21,9,20,1.3657828024654428,1.5055868829776609,ROGUE,PALADIN,CLERIC
22,9,20,1.4657747878124905,1.4752544059591477,ROGUE,PALADIN,CLERIC
23,9,20,1.4981822530585998,1.515382366165885,ROGUE,PALADIN,CLERIC
24,9,20,1.550678948018791,1.511002816845708,ROGUE,PALADIN,CLERIC
25,9,20,1.5864091297636218,1.52200823919717,ROGUE,PALADIN,CLERIC
26,9,20,1.6075122919626317,1.5915771983370464,ROGUE,PALADIN,CLERIC
27,9,20,1.6368390980826097,1.5935450438874676,ROGUE,PALADIN,CLERIC
28,9,20,1.6637156629640382,1.653268470941227,ROGUE,PALADIN,CLERIC
29,9,20,1.6861582697724309,1.747599526015553,ROGUE,PALADIN,CLERIC
30,9,20,1.6717729905023404,1.854445696046647,ROGUE,PALADIN,CLERIC
31,9,20,1.6185164326812496,1.9599741693006933,ROGUE,PALADIN,CLERIC
32,9,20,1.612265445169947,2.07103312034147,RANGER,PALADIN,CLERIC
33,9,20,1.6797751117973991,2.162460293750179,RANGER,PALADIN,CLERIC
34,9,20,1.704409631792414,2.310065386672888,RANGER,PALADIN,CLERIC
35,9,20,1.7574670327841435,2.459533369854583,RANGER,PALADIN,CLERIC
36,9,20,1.780901116567568,2.5594455939884853,RANGER,PALADIN,CLERIC
37,9,20,1.7920265860391638,2.656216224014041,RANGER,PALADIN,CLERIC
38,9,20,1.888366515102624,2.7148448284296967,RANGER,PALADIN,CLERIC
39,9,20,1.9445371882040652,2.7799263360684057,RANGER,PALADIN,CLERIC
40,9,20,1.9745858608483546,2.8861546040872765,RANGER,PALADIN,CLERIC
41,9,20,1.9843990261043665,2.983123230873219,RANGER,PALADIN,CLERIC
42,9,20,1.9850774102757818,3.0500488485513566,RANGER,PALADIN,CLERIC
43,9,20,2.0103116584318848,3.11798784720414,RANGER,PALADIN,CLERIC
44,9,20,2.0369627886792863,3.2219073212797156,RANGER,PALADIN,CLERIC
45,9,20,2.0518938867231773,3.2994727666096013,RANGER,PALADIN,CLERIC
46,9,20,2.079572186791645,3.363086069711385,RANGER,PALADIN,CLERIC
47,9,20,2.134199126567915,3.3967955001220407,RANGER,PALADIN,CLERIC
48,9,20,2.1808578858586447,3.462751989700874,RANGER,PALADIN,CLERIC
49,9,20,2.2061112916592185,3.49510151016057,RANGER,PALADIN,CLERIC
50,9,20,2.2385422685176293,3.558690004843279,RANGER,PALADIN,CLERIC
51,9,20,2.268557359476886,3.5931618446741975,RANGER,PALADIN,CLERIC
52,9,20,2.3145989583909454,3.6203931639311904,RANGER,PALADIN,CLERIC
53,9,20,2.3445972631974232,3.6667906256864002,RANGER,PALADIN,CLERIC
54,9,20,2.3830501646760593,3.6869934671586835,RANGER,PALADIN,CLERIC
55,9,20,2.411821255301616,3.709192899085201,RANGER,PALADIN,CLERIC
56,9,20,2.437895991381267,3.7130730799768363,RANGER,PALADIN,CLERIC
57,9,20,2.474708752635224,3.7289615318445657,RANGER,PALADIN,CLERIC
58,9,20,2.506295559484717,3.737674622089493,RANGER,PALADIN,CLERIC
59,9,20,2.554524206558173,3.7397677370170745,WARRIOR,PALADIN,CLERIC
60,9,20,2.6237419593437616,3.7478184757806954,WARRIOR,PALADIN,CLERIC
61,9,20,2.6975056114158846,3.7607317473727253,WARRIOR,PALADIN,CLERIC
62,9,20,2.774532663894158,3.7644866876074046,WARRIOR,PALADIN,CLERIC
63,9,20,2.852305543177902,3.775895826704856,WARRIOR,PALADIN,CLERIC
64,9,20,2.9306222816329663,3.794286032941896,WARRIOR,PALADIN,CLERIC
65,9,20,3.020451271727631,3.811115345276428,WARRIOR,PALADIN,CLERIC
66,9,20,3.1121909399261627,3.8331432457401116,WARRIOR,PALADIN,CLERIC
67,9,20,3.2058622321347707,3.8497446982109107,WARRIOR,PALADIN,CLERIC
68,9,20,3.296097339482662,3.8734890564663838,WARRIOR,PALADIN,CLERIC
69,9,20,3.4002292480094676,3.889080136519496,WARRIOR,PALADIN,CLERIC
70,9,20,3.494554011273099,3.913449178977557,WARRIOR,PALADIN,CLERIC
71,9,20,3.5958470807426313,3.9347861445566013,WARRIOR,PALADIN,CLERIC
72,9,20,3.6998416752616947,3.9613099307503674,WARRIOR,PALADIN,CLERIC
73,9,20,3.802318877076827,3.9827088516515508,WARRIOR,PALADIN,CLERIC
74,9,20,3.9046784686604274,3.9998737645580817,WARRIOR,PALADIN,CLERIC
75,9,20,4.010873219606381,4.056881203617557,WARRIOR,PALADIN,CLERIC
76,9,20,4.10918749242315,4.088711112989385,WARRIOR,PALADIN,CLERIC
77,9,20,4.2016069506272125,4.128549517519864,WARRIOR,PALADIN,CLERIC
78,9,20,4.284206087084175,4.177811529890629,WARRIOR,PALADIN,CLERIC
79,9,20,4.368041772684483,4.259444575704019,WARRIOR,PALADIN,CLERIC
80,9,20,4.445796786520972,4.3138355925172345,WARRIOR,PALADIN,CLERIC
81,9,20,4.519112445249895,4.390194899229094,WARRIOR,PALADIN,CLERIC
82,9,20,4.5858383662196855,4.484311025383936,WARRIOR,PALADIN,CLERIC
83,9,20,4.651049077978886,4.520359421882181,WARRIOR,PALADIN,CLERIC
84,9,20,4.713858483756539,4.587658354285784,WARRIOR,PALADIN,CLERIC
85,9,20,4.770824784208383,4.667715690624097,WARRIOR,PALADIN,CLERIC
86,9,20,4.8244550765427885,4.73930461122134,WARRIOR,PALADIN,CLERIC
87,9,20,4.874131535268389,4.827643310078211,WARRIOR,PALADIN,CLERIC
88,9,20,4.916582782031531,4.905643831952777,WARRIOR,PALADIN,CLERIC
89,9,20,4.959231665758779,4.969804424466551,WARRIOR,PALADIN,CLERIC
90,9,20,4.997292376830664,5.040448986799495,WARRIOR,PALADIN,CLERIC
91,9,20,5.030470780971119,5.102237084751771,WARRIOR,PALADIN,CLERIC
92,9,20,5.0604527686075595,5.184648361371091,WARRIOR,PALADIN,CLERIC
93,9,20,5.087832863935193,5.255836955037818,WARRIOR,PALADIN,CLERIC
94,9,20,5.111486728870074,5.326330971045357,WARRIOR,PALADIN,CLERIC
95,9,20,5.136816090929397,5.404468814779939,WARRIOR,PALADIN,CLERIC
96,9,20,5.155681877648566,5.471018792455351,WARRIOR,PALADIN,CLERIC
97,9,20,5.17176629984879,5.542289699139458,WARRIOR,PALADIN,CLERIC
98,9,20,5.187723291998814,5.6238365133443935,WARRIOR,PALADIN,CLERIC
99,9,20,5.2015596941730635,5.711437259740881,WARRIOR,PALADIN,CLERIC
100,9,20,5.208788841094636,5.792999171000202,WARRIOR,PALADIN,CLERIC
20,10,1,1.3012182883096246,1.4810470958666722,ROGUE,PALADIN,CLERIC
21,10,1,1.3657828024654206,1.5055868829776387,ROGUE,PALADIN,CLERIC
22,10,1,1.465774787812535,1.4752544059591255,ROGUE,PALADIN,CLERIC
23,10,1,1.4981822530585998,1.515382366165885,ROGUE,PALADIN,CLERIC
24,10,1,1.550678948018791,1.511002816845708,ROGUE,PALADIN,CLERIC
25,10,1,1.5864091297636218,1.522008239197148,ROGUE,PALADIN,CLERIC
26,10,1,1.6075122919626095,1.5915771983370464,ROGUE,PALADIN,CLERIC
27,10,1,1.6368390980825875,1.5935450438874676,ROGUE,PALADIN,CLERIC
28,10,1,1.6637156629640382,1.6532684709412493,ROGUE,PALADIN,CLERIC
29,10,1,1.686158269772453,1.7475995260155752,ROGUE,PALADIN,CLERIC
30,10,1,1.671772990502296,1.854445696046647,ROGUE,PALADIN,CLERIC
31,10,1,1.6185164326812718,1.9599741693006711,ROGUE,PALADIN,CLERIC
32,10,1,1.612265445169947,2.07103312034147,RANGER,PALADIN,CLERIC
33,10,1,1.6797751117974213,2.1624602937502013,RANGER,PALADIN,CLERIC
34,10,1,1.704409631792414,2.3100653866729104,RANGER,PALADIN,CLERIC
35,10,1,1.757467032784099,2.459533369854583,RANGER,PALADIN,CLERIC
36,10,1,1.780901116567568,2.559445593988463,RANGER,PALADIN,CLERIC
37,10,1,1.792026586039186,2.656216224014041,RANGER,PALADIN,CLERIC
38,10,1,1.8883665151025797,2.7148448284296745,RANGER,PALADIN,CLERIC
39,10,1,1.9445371882040652,2.7799263360684057,RANGER,PALADIN,CLERIC
40,10,1,1.9745858608483546,2.8861546040872543,RANGER,PALADIN,CLERIC
41,10,1,1.9843990261043665,2.9831232308732414,RANGER,PALADIN,CLERIC
42,10,1,1.985077410275804,3.0500488485513566,RANGER,PALADIN,CLERIC
43,10,1,2.0103116584318625,3.11798784720414,RANGER,PALADIN,CLERIC
44,10,1,2.0369627886792863,3.2219073212796934,RANGER,PALADIN,CLERIC
45,10,1,2.051893886723133,3.2994727666096235,RANGER,PALADIN,CLERIC
46,10,1,2.079572186791645,3.363086069711363,RANGER,PALADIN,CLERIC
47,10,1,2.134199126567893,3.3967955001220407,RANGER,PALADIN,CLERIC
48,10,1,2.1808578858586225,3.462751989700852,RANGER,PALADIN,CLERIC
49,10,1,2.206111291659174,3.495101510160592,RANGER,PALADIN,CLERIC
50,10,1,2.238542268517585,3.558690004843279,RANGER,PALADIN,CLERIC
51,10,1,2.2685573594768416,3.5931618446741753,RANGER,PALADIN,CLERIC
52,10,1,2.3145989583909454,3.620393163931168,RANGER,PALADIN,CLERIC
53,10,1,2.344597263197401,3.6667906256864002,RANGER,PALADIN,CLERIC
54,10,1,2.383050164676015,3.6869934671587057,RANGER,PALADIN,CLERIC
55,10,1,2.411821255301616,3.7091928990851786,RANGER,PALADIN,CLERIC
56,10,1,2.437895991381245,3.7130730799768363,RANGER,PALADIN,CLERIC
57,10,1,2.4747087526351796,3.7289615318445213,RANGER,PALADIN,CLERIC
58,10,1,2.5062955594846725,3.737674622089493,RANGER,PALADIN,CLERIC
59,10,1,2.554524206558151,3.7397677370170523,WARRIOR,PALADIN,CLERIC
60,10,1,2.6237419593437172,3.7478184757806954,WARRIOR,PALADIN,CLERIC
61,10,1,2.69750561141584,3.760731747372703,WARRIOR,PALADIN,CLERIC
62,10,1,2.774532663894136,3.7644866876074046,WARRIOR,PALADIN,CLERIC
63,10,1,2.85230554317788,3.775895826704878,WARRIOR,PALADIN,CLERIC
64,10,1,2.9306222816329663,3.794286032941896,WARRIOR,PALADIN,CLERIC
65,10,1,3.020451271727609,3.811115345276428,WARRIOR,PALADIN,CLERIC
66,10,1,3.112190939926185,3.8331432457400894,WARRIOR,PALADIN,CLERIC
67,10,1,3.2058622321347263,3.8497446982109107,WARRIOR,PALADIN,CLERIC
68,10,1,3.29609733948264,3.8734890564663838,WARRIOR,PALADIN,CLERIC
69,10,1,3.400229248009423,3.889080136519496,WARRIOR,PALADIN,CLERIC
70,10,1,3.4945540112730766,3.913449178977535,WARRIOR,PALADIN,CLERIC
71,10,1,3.596968887096841,3.934786144556579,WARRIOR,PALADIN,CLERIC
72,10,1,3.7039779348364332,3.9613099307503674,WARRIOR,PALADIN,CLERIC
73,10,1,3.812099652014944,3.9827088516515508,WARRIOR,PALADIN,CLERIC
74,10,1,3.925206428813399,3.9998737645580595,WARRIOR,PALADIN,CLERIC
75,10,1,4.047641066416707,4.056881203617579,WARRIOR,PALADIN,CLERIC
76,10,1,4.168697601871263,4.088711112989363,WARRIOR,PALADIN,CLERIC
77,10,1,4.291782734879646,4.128549517519864,WARRIOR,PALADIN,CLERIC
78,10,1,4.411223005670717,4.1778115298906515,WARRIOR,PALADIN,CLERIC
79,10,1,4.5409272374273835,4.259444575704041,WARRIOR,PALADIN,CLERIC
80,10,1,4.673601566678909,4.313835592517279,WARRIOR,PALADIN,CLERIC
81,10,1,4.8096110732381625,4.390194899229116,WARRIOR,PALADIN,CLERIC
82,10,1,4.945209352376234,4.484311025383936,WARRIOR,PALADIN,CLERIC
83,10,1,5.081429820944106,4.520359421882225,WARRIOR,PALADIN,CLERIC
84,10,1,5.221676642649564,4.587658354285784,WARRIOR,PALADIN,CLERIC
85,10,1,5.361073330171706,4.667715690624097,WARRIOR,PALADIN,CLERIC
86,10,1,5.504481574211084,4.739304611221362,WARRIOR,PALADIN,CLERIC
87,10,1,5.65226859146295,4.827643310078189,WARRIOR,PALADIN,CLERIC
88,10,1,5.795497378520631,4.905643831952733,WARRIOR,PALADIN,CLERIC
89,10,1,5.9498693619418175,4.969804424466573,WARRIOR,PALADIN,CLERIC
90,10,1,6.107884003201258,5.040448986799517,WARRIOR,PALADIN,CLERIC
91,10,1,6.267550055733229,5.102237084751815,WARRIOR,PALADIN,CLERIC
92,10,1,6.427385055900414,5.184648361371091,WARRIOR,PALADIN,CLERIC
93,10,1,6.585562804041367,5.255836955037818,WARRIOR,PALADIN,CLERIC
94,10,1,6.745412069241796,5.326330971045357,WARRIOR,PALADIN,CLERIC
95,10,1,6.909943252551232,5.404468814779961,WARRIOR,PALADIN,CLERIC
96,10,1,7.070064123190822,5.471018792455351,WARRIOR,PALADIN,CLERIC
97,10,1,7.223958275672149,5.54228969913948,WARRIOR,PALADIN,CLERIC
98,10,1,7.381738841546359,5.6238365133443935,WARRIOR,PALADIN,CLERIC
99,10,1,7.539149442015813,5.711437259740881,WARRIOR,PALADIN,CLERIC
100,10,1,7.691083460340176,5.792999171000246,WARRIOR,PALADIN,CLERIC
20,10,5,1.3012182883096468,1.4810470958666944,ROGUE,PALADIN,CLERIC
21,10,5,1.3657828024654428,1.5055868829776387,ROGUE,PALADIN,CLERIC
22,10,5,1.4657747878125127,1.4752544059591477,ROGUE,PALADIN,CLERIC
23,10,5,1.4981822530585998,1.515382366165885,ROGUE,PALADIN,CLERIC
24,10,5,1.550678948018791,1.511002816845708,ROGUE,PALADIN,CLERIC
25,10,5,1.5864091297636218,1.522008239197148,ROGUE,PALADIN,CLERIC
26,10,5,1.6075122919626095,1.5915771983370464,ROGUE,PALADIN,CLERIC
27,10,5,1.6368390980826097,1.593545043887512,ROGUE,PALADIN,CLERIC
28,10,5,1.663715662964016,1.6532684709412493,ROGUE,PALADIN,CLERIC
29,10,5,1.686158269772453,1.747599526015553,ROGUE,PALADIN,CLERIC
30,10,5,1.671772990502296,1.854445696046647,ROGUE,PALADIN,CLERIC
31,10,5,1.6185164326812718,1.9599741693006711,ROGUE,PALADIN,CLERIC
32,10,5,1.612265445169947,2.071033120341448,RANGER,PALADIN,CLERIC
33,10,5,1.6797751117973991,2.162460293750179,RANGER,PALADIN,CLERIC
34,10,5,1.704409631792414,2.3100653866729104,RANGER,PALADIN,CLERIC
35,10,5,1.7574670327841213,2.459533369854605,RANGER,PALADIN,CLERIC
36,10,5,1.780901116567568,2.5594455939884186,RANGER,PALADIN,CLERIC
37,10,5,1.7920265860391638,2.6562162240140186,RANGER,PALADIN,CLERIC
38,10,5,1.8883665151025797,2.7148448284296745,RANGER,PALADIN,CLERIC
39,10,5,1.944537188204043,2.7799263360684057,RANGER,PALADIN,CLERIC
40,10,5,1.9745858608483324,2.886154604087232,RANGER,PALADIN,CLERIC
41,10,5,1.9843990261043443,2.983123230873219,RANGER,PALADIN,CLERIC
42,10,5,1.9850774102757818,3.0500488485513566,RANGER,PALADIN,CLERIC
43,10,5,2.0103116584318848,3.11798784720414,RANGER,PALADIN,CLERIC
44,10,5,2.0369627886792863,3.2219073212797156,RANGER,PALADIN,CLERIC
45,10,5,2.0518938867231995,3.2994727666096235,RANGER,PALADIN,CLERIC
46,10,5,2.079572186791667,3.363086069711363,RANGER,PALADIN,CLERIC
47,10,5,2.134199126567937,3.396795500122085,RANGER,PALADIN,CLERIC
48,10,5,2.1808578858586225,3.462751989700874,RANGER,PALADIN,CLERIC
49,10,5,2.2061112916592185,3.49510151016057,RANGER,PALADIN,CLERIC
50,10,5,2.238542268517585,3.5586900048433012,RANGER,PALADIN,CLERIC
51,10,5,2.268557359476886,3.5931618446741975,RANGER,PALADIN,CLERIC
52,10,5,2.3145989583909676,3.620393163931168,RANGER,PALADIN,CLERIC
53,10,5,2.3445972631974232,3.6667906256864002,RANGER,PALADIN,CLERIC
54,10,5,2.3830501646760593,3.6869934671586835,RANGER,PALADIN,CLERIC
55,10,5,2.411821255301616,3.7091928990851786,RANGER,PALADIN,CLERIC
56,10,5,2.437895991381267,3.7130730799768585,RANGER,PALADIN,CLERIC
57,10,5,2.474708752635202,3.7289615318445213,RANGER,PALADIN,CLERIC
58,10,5,2.506295559484717,3.737674622089493,RANGER,PALADIN,CLERIC
59,10,5,2.554524206558151,3.7397677370170523,WARRIOR,PALADIN,CLERIC
60,10,5,2.6237419593437394,3.747818475780673,WARRIOR,PALADIN,CLERIC
61,10,5,2.6975056114158846,3.760731747372681,WARRIOR,PALADIN,CLERIC
62,10,5,2.774532663894158,3.7644866876074046,WARRIOR,PALADIN,CLERIC
63,10,5,2.85230554317788,3.775895826704856,WARRIOR,PALADIN,CLERIC
64,10,5,2.9306222816329663,3.7942860329418737,WARRIOR,PALADIN,CLERIC
65,10,5,3.020451271727609,3.811115345276428,WARRIOR,PALADIN,CLERIC
66,10,5,3.1121909399261405,3.8331432457401116,WARRIOR,PALADIN,CLERIC
67,10,5,3.2058622321347263,3.8497446982108885,WARRIOR,PALADIN,CLERIC
68,10,5,3.2960973394826176,3.8734890564663838,WARRIOR,PALADIN,CLERIC
69,10,5,3.4002292480094454,3.8890801365195182,WARRIOR,PALADIN,CLERIC
70,10,5,3.494554011273121,3.913449178977535,WARRIOR,PALADIN,CLERIC
71,10,5,3.596968887096841,3.934786144556579,WARRIOR,PALADIN,CLERIC
72,10,5,3.7039779348364332,3.9613099307503896,WARRIOR,PALADIN,CLERIC
73,10,5,3.812099652014922,3.9827088516515285,WARRIOR,PALADIN,CLERIC
74,10,5,3.9252064288134214,3.9998737645580817,WARRIOR,PALADIN,CLERIC
75,10,5,4.0476410664167295,4.056881203617579,WARRIOR,PALADIN,CLERIC
76,10,5,4.168697601871263,4.088711112989385,WARRIOR,PALADIN,CLERIC
77,10,5,4.291782734879646,4.128549517519886,WARRIOR,PALADIN,CLERIC
78,10,5,4.411223005670717,4.177811529890674,WARRIOR,PALADIN,CLERIC
79,10,5,4.540927237427406,4.259444575704041,WARRIOR,PALADIN,CLERIC
80,10,5,4.673601566678909,4.313835592517279,WARRIOR,PALADIN,CLERIC
81,10,5,4.8096110732381625,4.390194899229072,WARRIOR,PALADIN,CLERIC
82,10,5,4.945209352376234,4.484311025383936,WARRIOR,PALADIN,CLERIC
83,10,5,5.081429820944106,4.520359421882181,WARRIOR,PALADIN,CLERIC
84,10,5,5.221676642649564,4.587658354285784,WARRIOR,PALADIN,CLERIC
85,10,5,5.361073330171728,4.667715690624097,WARRIOR,PALADIN,CLERIC
86,10,5,5.504481574211129,4.739304611221362,WARRIOR,PALADIN,CLERIC
87,10,5,5.65226859146295,4.827643310078211,WARRIOR,PALADIN,CLERIC
88,10,5,5.795497378520609,4.905643831952755,WARRIOR,PALADIN,CLERIC
89,10,5,5.9498693619418175,4.969804424466573,WARRIOR,PALADIN,CLERIC
90,10,5,6.10788400320128,5.040448986799495,WARRIOR,PALADIN,CLERIC
91,10,5,6.267550055733229,5.102237084751815,WARRIOR,PALADIN,CLERIC
92,10,5,6.427385055900436,5.184648361371114,WARRIOR,PALADIN,CLERIC
93,10,5,6.585562804041389,5.255836955037796,WARRIOR,PALADIN,CLERIC
94,10,5,6.7454120692418185,5.326330971045379,WARRIOR,PALADIN,CLERIC
95,10,5,6.909943252551254,5.404468814779939,WARRIOR,PALADIN,CLERIC
96,10,5,7.070064123190822,5.471018792455351,WARRIOR,PALADIN,CLERIC
97,10,5,7.223958275672149,5.54228969913948,WARRIOR,PALADIN,CLERIC
98,10,5,7.381738841546404,5.623836513344371,WARRIOR,PALADIN,CLERIC
99,10,5,7.539149442015836,5.7114372597409035,WARRIOR,PALADIN,CLERIC
100,10,5,7.69108346034022,5.792999171000179,WARRIOR,PALADIN,CLERIC
20,10,12,1.3012182883096246,1.4810470958666944,ROGUE,PALADIN,CLERIC
21,10,12,1.3657828024654206,1.5055868829775942,ROGUE,PALADIN,CLERIC
22,10,12,1.4657747878124905,1.475254405959192,ROGUE,PALADIN,CLERIC
23,10,12,1.4981822530585776,1.515382366165885,ROGUE,PALADIN,CLERIC
24,10,12,1.5506789480187688,1.511002816845708,ROGUE,PALADIN,CLERIC
25,10,12,1.5864091297636218,1.52200823919717,ROGUE,PALADIN,CLERIC
26,10,12,1.6075122919626317,1.5915771983370464,ROGUE,PALADIN,CLERIC
27,10,12,1.6368390980825875,1.5935450438874899,ROGUE,PALADIN,CLERIC
28,10,12,1.6637156629639938,1.6532684709412493,ROGUE,PALADIN,CLERIC
29,10,12,1.6861582697724309,1.747599526015553,ROGUE,PALADIN,CLERIC
30,10,12,1.671772990502296,1.854445696046647,ROGUE,PALADIN,CLERIC
31,10,12,1.6185164326812274,1.9599741693007156,ROGUE,PALADIN,CLERIC
32,10,12,1.612265445169947,2.07103312034147,RANGER,PALADIN,CLERIC
33,10,12,1.6797751117973991,2.162460293750179,RANGER,PALADIN,CLERIC
34,10,12,1.7044096317923918,2.310065386672888,RANGER,PALADIN,CLERIC
35,10,12,1.757467032784099,2.459533369854583,RANGER,PALADIN,CLERIC
36,10,12,1.780901116567546,2.559445593988441,RANGER,PALADIN,CLERIC
37,10,12,1.7920265860391638,2.656216224014041,RANGER,PALADIN,CLERIC
38,10,12,1.8883665151025797,2.7148448284296967,RANGER,PALADIN,CLERIC
39,10,12,1.9445371882040652,2.7799263360683835,RANGER,PALADIN,CLERIC
40,10,12,1.9745858608483546,2.886154604087232,RANGER,PALADIN,CLERIC
41,10,12,1.9843990261043665,2.983123230873219,RANGER,PALADIN,CLERIC
42,10,12,1.9850774102757818,3.050048848551379,RANGER,PALADIN,CLERIC
43,10,12,2.010311658431907,3.117987847204162,RANGER,PALADIN,CLERIC
44,10,12,2.0369627886792863,3.221907321279738,RANGER,PALADIN,CLERIC
45,10,12,2.051893886723155,3.2994727666096457,RANGER,PALADIN,CLERIC
46,10,12,2.079572186791667,3.363086069711385,RANGER,PALADIN,CLERIC
47,10,12,2.134199126567937,3.396795500122063,RANGER,PALADIN,CLERIC
48,10,12,2.1808578858586447,3.462751989700852,RANGER,PALADIN,CLERIC
49,10,12,2.2061112916591963,3.4951015101605476,RANGER,PALADIN,CLERIC
50,10,12,2.238542268517585,3.5586900048433234,RANGER,PALADIN,CLERIC
51,10,12,2.2685573594768638,3.5931618446741975,RANGER,PALADIN,CLERIC
52,10,12,2.3145989583909676,3.620393163931168,RANGER,PALADIN,CLERIC
53,10,12,2.3445972631974232,3.6667906256864002,RANGER,PALADIN,CLERIC
54,10,12,2.383050164676037,3.6869934671586835,RANGER,PALADIN,CLERIC
55,10,12,2.411821255301616,3.7091928990851786,RANGER,PALADIN,CLERIC
56,10,12,2.437895991381289,3.713073079976792,RANGER,PALADIN,CLERIC
57,10,12,2.474708752635202,3.7289615318445213,RANGER,PALADIN,CLERIC
58,10,12,2.506295559484717,3.7376746220894708,RANGER,PALADIN,CLERIC
59,10,12,2.554524206558151,3.7397677370170523,WARRIOR,PALADIN,CLERIC
60,10,12,2.6237419593437172,3.747818475780651,WARRIOR,PALADIN,CLERIC
61,10,12,2.6975056114158624,3.760731747372703,WARRIOR,PALADIN,CLERIC
62,10,12,2.774532663894136,3.76448668760736,WARRIOR,PALADIN,CLERIC
63,10,12,2.852305543177902,3.775895826704856,WARRIOR,PALADIN,CLERIC
64,10,12,2.9306222816329663,3.794286032941896,WARRIOR,PALADIN,CLERIC
65,10,12,3.020451271727631,3.8111153452764057,WARRIOR,PALADIN,CLERIC
66,10,12,3.1121909399261405,3.8331432457401116,WARRIOR,PALADIN,CLERIC
67,10,12,3.2058622321347263,3.849744698210933,WARRIOR,PALADIN,CLERIC
68,10,12,3.296097339482662,3.8734890564663838,WARRIOR,PALADIN,CLERIC
69,10,12,3.4002292480094676,3.889080136519474,WARRIOR,PALADIN,CLERIC
70,10,12,3.494554011273099,3.913449178977557,WARRIOR,PALADIN,CLERIC
71,10,12,3.596968887096841,3.9347861445566013,WARRIOR,PALADIN,CLERIC
72,10,12,3.7039779348364332,3.9613099307503674,WARRIOR,PALADIN,CLERIC
73,10,12,3.812099652014922,3.9827088516515285,WARRIOR,PALADIN,CLERIC
74,10,12,3.9252064288134436,3.9998737645580595,WARRIOR,PALADIN,CLERIC
75,10,12,4.047641066416752,4.056881203617535,WARRIOR,PALADIN,CLERIC
76,10,12,4.168697601871285,4.088711112989363,WARRIOR,PALADIN,CLERIC
77,10,12,4.291782734879646,4.128549517519842,WARRIOR,PALADIN,CLERIC
78,10,12,4.411223005670717,4.177811529890629,WARRIOR,PALADIN,CLERIC
79,10,12,4.540927237427406,4.259444575704019,WARRIOR,PALADIN,CLERIC
80,10,12,4.673601566678887,4.313835592517257,WARRIOR,PALADIN,CLERIC
81,10,12,4.8096110732381625,4.390194899229072,WARRIOR,PALADIN,CLERIC
82,10,12,4.945209352376234,4.484311025383891,WARRIOR,PALADIN,CLERIC
83,10,12,5.081429820944106,4.520359421882181,WARRIOR,PALADIN,CLERIC
84,10,12,5.221676642649586,4.587658354285762,WARRIOR,PALADIN,CLERIC
85,10,12,5.361073330171728,4.6677156906240524,WARRIOR,PALADIN,CLERIC
86,10,12,5.504481574211129,4.739304611221318,WARRIOR,PALADIN,CLERIC
87,10,12,5.65226859146295,4.827643310078189,WARRIOR,PALADIN,CLERIC
88,10,12,5.795497378520609,4.905643831952755,WARRIOR,PALADIN,CLERIC
89,10,12,5.9498693619418175,4.9698044244665285,WARRIOR,PALADIN,CLERIC
90,10,12,6.107884003201258,5.040448986799428,WARRIOR,PALADIN,CLERIC
91,10,12,6.267550055733251,5.102237084751793,WARRIOR,PALADIN,CLERIC
92,10,12,6.427385055900414,5.184648361371047,WARRIOR,PALADIN,CLERIC
93,10,12,6.585562804041367,5.255836955037774,WARRIOR,PALADIN,CLERIC
94,10,12,6.7454120692418185,5.326330971045357,WARRIOR,PALADIN,CLERIC
95,10,12,6.909943252551254,5.404468814779939,WARRIOR,PALADIN,CLERIC
96,10,12,7.070064123190822,5.471018792455329,WARRIOR,PALADIN,CLERIC
97,10,12,7.223958275672171,5.5422896991394355,WARRIOR,PALADIN,CLERIC
98,10,12,7.381738841546426,5.623836513344371,WARRIOR,PALADIN,CLERIC
99,10,12,7.539149442015858,5.711437259740859,WARRIOR,PALADIN,CLERIC
100,10,12,7.691083460340198,5.792999171000179,WARRIOR,PALADIN,CLERIC
20,10,20,1.3012182883096468,1.4810470958666722,ROGUE,PALADIN,CLERIC
21,10,20,1.3657828024654428,1.5055868829776387,ROGUE,PALADIN,CLERIC
22,10,20,1.4657747878125127,1.4752544059591255,ROGUE,PALADIN,CLERIC
23,10,20,1.4981822530585776,1.5153823661659072,ROGUE,PALADIN,CLERIC
24,10,20,1.5506789480187688,1.5110028168457301,ROGUE,PALADIN,CLERIC
25,10,20,1.5864091297636218,1.52200823919717,ROGUE,PALADIN,CLERIC
26,10,20,1.6075122919626317,1.5915771983370464,ROGUE,PALADIN,CLERIC
27,10,20,1.6368390980826097,1.5935450438874454,ROGUE,PALADIN,CLERIC
28,10,20,1.663715662964016,1.6532684709412493,ROGUE,PALADIN,CLERIC
29,10,20,1.6861582697724309,1.747599526015553,ROGUE,PALADIN,CLERIC
30,10,20,1.6717729905023182,1.8544456960466693,ROGUE,PALADIN,CLERIC
31,10,20,1.6185164326812496,1.9599741693006933,ROGUE,PALADIN,CLERIC
32,10,20,1.6122654451699692,2.07103312034147,RANGER,PALADIN,CLERIC
33,10,20,1.6797751117974213,2.162460293750179,RANGER,PALADIN,CLERIC
34,10,20,1.704409631792414,2.3100653866729104,RANGER,PALADIN,CLERIC
35,10,20,1.7574670327841213,2.459533369854583,RANGER,PALADIN,CLERIC
36,10,20,1.780901116567568,2.559445593988463,RANGER,PALADIN,CLERIC
37,10,20,1.7920265860391416,2.656216224014063,RANGER,PALADIN,CLERIC
38,10,20,1.8883665151025797,2.714844828429719,RANGER,PALADIN,CLERIC
39,10,20,1.9445371882040652,2.7799263360684057,RANGER,PALADIN,CLERIC
40,10,20,1.9745858608483546,2.886154604087232,RANGER,PALADIN,CLERIC
41,10,20,1.9843990261043443,2.983123230873219,RANGER,PALADIN,CLERIC
42,10,20,1.9850774102757818,3.0500488485513566,RANGER,PALADIN,CLERIC
43,10,20,2.0103116584318848,3.117987847204118,RANGER,PALADIN,CLERIC
44,10,20,2.0369627886793307,3.2219073212797156,RANGER,PALADIN,CLERIC
45,10,20,2.051893886723155,3.2994727666096013,RANGER,PALADIN,CLERIC
46,10,20,2.079572186791667,3.363086069711363,RANGER,PALADIN,CLERIC
47,10,20,2.134199126567937,3.3967955001220185,RANGER,PALADIN,CLERIC
48,10,20,2.1808578858586225,3.462751989700874,RANGER,PALADIN,CLERIC
49,10,20,2.2061112916591963,3.49510151016057,RANGER,PALADIN,CLERIC
50,10,20,2.238542268517585,3.558690004843279,RANGER,PALADIN,CLERIC
51,10,20,2.268557359476886,3.5931618446741753,RANGER,PALADIN,CLERIC
52,10,20,2.3145989583909676,3.620393163931146,RANGER,PALADIN,CLERIC
53,10,20,2.3445972631974232,3.6667906256864002,RANGER,PALADIN,CLERIC
54,10,20,2.3830501646760593,3.6869934671587057,RANGER,PALADIN,CLERIC
55,10,20,2.411821255301594,3.709192899085134,RANGER,PALADIN,CLERIC
56,10,20,2.437895991381245,3.713073079976792,RANGER,PALADIN,CLERIC
57,10,20,2.474708752635224,3.7289615318445213,RANGER,PALADIN,CLERIC
58,10,20,2.5062955594846947,3.7376746220894486,RANGER,PALADIN,CLERIC
59,10,20,2.554524206558151,3.7397677370170745,WARRIOR,PALADIN,CLERIC
60,10,20,2.6237419593437172,3.7478184757806954,WARRIOR,PALADIN,CLERIC
61,10,20,2.69750561141584,3.7607317473726587,WARRIOR,PALADIN,CLERIC
62,10,20,2.774532663894158,3.7644866876073824,WARRIOR,PALADIN,CLERIC
63,10,20,2.852305543177902,3.7758958267048337,WARRIOR,PALADIN,CLERIC
64,10,20,2.9306222816329663,3.794286032941918,WARRIOR,PALADIN,CLERIC
65,10,20,3.020451271727631,3.811115345276428,WARRIOR,PALADIN,CLERIC
66,10,20,3.1121909399261405,3.8331432457401116,WARRIOR,PALADIN,CLERIC
67,10,20,3.2058622321347485,3.8497446982108885,WARRIOR,PALADIN,CLERIC
68,10,20,3.29609733948264,3.8734890564663838,WARRIOR,PALADIN,CLERIC
69,10,20,3.4002292480094676,3.889080136519496,WARRIOR,PALADIN,CLERIC
70,10,20,3.494554011273099,3.913449178977535,WARRIOR,PALADIN,CLERIC
71,10,20,3.5969688870968186,3.9347861445566013,WARRIOR,PALADIN,CLERIC
72,10,20,3.7039779348364332,3.9613099307503896,WARRIOR,PALADIN,CLERIC
73,10,20,3.812099652014922,3.9827088516515285,WARRIOR,PALADIN,CLERIC
74,10,20,3.9252064288134436,3.9998737645580595,WARRIOR,PALADIN,CLERIC
75,10,20,4.0476410664167295,4.056881203617557,WARRIOR,PALADIN,CLERIC
76,10,20,4.168697601871263,4.088711112989363,WARRIOR,PALADIN,CLERIC
77,10,20,4.291782734879668,4.128549517519864,WARRIOR,PALADIN,CLERIC
78,10,20,4.411223005670739,4.1778115298906515,WARRIOR,PALADIN,CLERIC
79,10,20,4.540927237427428,4.259444575704041,WARRIOR,PALADIN,CLERIC
80,10,20,4.673601566678909,4.313835592517279,WARRIOR,PALADIN,CLERIC
81,10,20,4.8096110732381625,4.390194899229094,WARRIOR,PALADIN,CLERIC
82,10,20,4.945209352376279,4.484311025383914,WARRIOR,PALADIN,CLERIC
83,10,20,5.081429820944128,4.520359421882181,WARRIOR,PALADIN,CLERIC
84,10,20,5.221676642649609,4.587658354285784,WARRIOR,PALADIN,CLERIC
85,10,20,5.361073330171751,4.667715690624075,WARRIOR,PALADIN,CLERIC
86,10,20,5.504481574211151,4.739304611221362,WARRIOR,PALADIN,CLERIC
87,10,20,5.65226859146295,4.827643310078189,WARRIOR,PALADIN,CLERIC
88,10,20,5.795497378520631,4.905643831952755,WARRIOR,PALADIN,CLERIC
89,10,20,5.94986936194184,4.9698044244665285,WARRIOR,PALADIN,CLERIC
90,10,20,6.10788400320128,5.040448986799473,WARRIOR,PALADIN,CLERIC
91,10,20,6.267550055733229,5.102237084751793,WARRIOR,PALADIN,CLERIC
92,10,20,6.427385055900436,5.184648361371114,WARRIOR,PALADIN,CLERIC
93,10,20,6.585562804041389,5.255836955037796,WARRIOR,PALADIN,CLERIC
94,10,20,6.7454120692418185,5.326330971045401,WARRIOR,PALADIN,CLERIC
95,10,20,6.909943252551254,5.4044688147799835,WARRIOR,PALADIN,CLERIC
96,10,20,7.0700641231908445,5.471018792455329,WARRIOR,PALADIN,CLERIC
97,10,20,7.223958275672193,5.542289699139458,WARRIOR,PALADIN,CLERIC
98,10,20,7.381738841546404,5.6238365133443935,WARRIOR,PALADIN,CLERIC
99,10,20,7.539149442015836,5.711437259740881,WARRIOR,PALADIN,CLERIC
100,10,20,7.6910834603402645,5.792999171000202,WARRIOR,PALADIN,CLERIC
20,12,1,1.3012182883096468,1.4810470958666944,ROGUE,PALADIN,CLERIC
21,12,1,1.365782802465465,1.5055868829776164,ROGUE,PALADIN,CLERIC
22,12,1,1.4657747878125127,1.4752544059591477,ROGUE,PALADIN,CLERIC
23,12,1,1.4981822530585998,1.5153823661659072,ROGUE,PALADIN,CLERIC
24,12,1,1.550678948018791,1.511002816845708,ROGUE,PALADIN,CLERIC
25,12,1,1.586409129763644,1.522008239197148,ROGUE,PALADIN,CLERIC
26,12,1,1.6075122919626539,1.5915771983370686,ROGUE,PALADIN,CLERIC
27,12,1,1.6368390980826097,1.5935450438874676,ROGUE,PALADIN,CLERIC
28,12,1,1.6637156629640382,1.6532684709412493,ROGUE,PALADIN,CLERIC
29,12,1,1.6861582697724309,1.747599526015553,ROGUE,PALADIN,CLERIC
30,12,1,1.6717729905023182,1.8544456960466693,ROGUE,PALADIN,CLERIC
31,12,1,1.6185164326812718,1.9599741693006933,ROGUE,PALADIN,CLERIC
32,12,1,1.6122654451699248,2.071033120341448,RANGER,PALADIN,CLERIC
33,12,1,1.6797751117973991,2.1624602937502013,RANGER,PALADIN,CLERIC
34,12,1,1.704409631792414,2.3100653866729104,RANGER,PALADIN,CLERIC
35,12,1,1.757467032784099,2.459533369854605,RANGER,PALADIN,CLERIC
36,12,1,1.780901116567568,2.559445593988463,RANGER,PALADIN,CLERIC
37,12,1,1.7920265860391638,2.656216224014063,RANGER,PALADIN,CLERIC
38,12,1,1.888366515102602,2.7148448284296967,RANGER,PALADIN,CLERIC
39,12,1,1.944537188204043,2.7799263360684057,RANGER,PALADIN,CLERIC
40,12,1,1.9745858608483546,2.8861546040872543,RANGER,PALADIN,CLERIC
41,12,1,1.9843990261043443,2.983123230873219,RANGER,PALADIN,CLERIC
42,12,1,1.985077410275804,3.0500488485513566,RANGER,PALADIN,CLERIC
43,12,1,2.0103116584318848,3.117987847204162,RANGER,PALADIN,CLERIC
44,12,1,2.0369627886793085,3.2219073212797156,RANGER,PALADIN,CLERIC
45,12,1,2.051893886723133,3.2994727666096457,RANGER,PALADIN,CLERIC
46,12,1,2.0795721867916894,3.3630860697114073,RANGER,PALADIN,CLERIC
47,12,1,2.134199126567893,3.396795500122063,RANGER,PALADIN,CLERIC
48,12,1,2.1808578858586447,3.462751989700874,RANGER,PALADIN,CLERIC
49,12,1,2.206111291659174,3.49510151016057,RANGER,PALADIN,CLERIC
50,12,1,2.238542268517607,3.5586900048433012,RANGER,PALADIN,CLERIC
51,12,1,2.2685573594768638,3.5931618446741975,RANGER,PALADIN,CLERIC
52,12,1,2.3145989583909454,3.620393163931168,RANGER,PALADIN,CLERIC
53,12,1,2.3445972631974232,3.6667906256864224,RANGER,PALADIN,CLERIC
54,12,1,2.383050164676037,3.6869934671587057,RANGER,PALADIN,CLERIC
55,12,1,2.4118212553016383,3.7091928990851786,RANGER,PALADIN,CLERIC
56,12,1,2.437895991381289,3.713073079976814,RANGER,PALADIN,CLERIC
57,12,1,2.4747087526352463,3.7289615318445435,RANGER,PALADIN,CLERIC
58,12,1,2.506295559484717,3.737674622089493,RANGER,PALADIN,CLERIC
59,12,1,2.554524206558151,3.7397677370170967,WARRIOR,PALADIN,CLERIC
60,12,1,2.6237419593437616,3.747818475780673,WARRIOR,PALADIN,CLERIC
61,12,1,2.6975056114158624,3.760731747372703,WARRIOR,PALADIN,CLERIC
62,12,1,2.7745326638941803,3.7644866876074268,WARRIOR,PALADIN,CLERIC
63,12,1,2.852305543177902,3.775895826704878,WARRIOR,PALADIN,CLERIC
64,12,1,2.930622281632944,3.7942860329419403,WARRIOR,PALADIN,CLERIC
65,12,1,3.020451271727631,3.811115345276428,WARRIOR,PALADIN,CLERIC
66,12,1,3.1121909399261627,3.8331432457401338,WARRIOR,PALADIN,CLERIC
67,12,1,3.2058622321347485,3.8497446982109107,WARRIOR,PALADIN,CLERIC
68,12,1,3.296097339482662,3.8734890564663838,WARRIOR,PALADIN,CLERIC
69,12,1,3.4002292480094454,3.8890801365195182,WARRIOR,PALADIN,CLERIC
70,12,1,3.494554011273099,3.9134491789775794,WARRIOR,PALADIN,CLERIC
71,12,1,3.596968887096841,3.9347861445566457,WARRIOR,PALADIN,CLERIC
72,12,1,3.7039779348364332,3.9613099307503896,WARRIOR,PALADIN,CLERIC
73,12,1,3.812099652014922,3.9827088516515285,WARRIOR,PALADIN,CLERIC
74,12,1,3.9252064288134436,3.9998737645580817,WARRIOR,PALADIN,CLERIC
75,12,1,4.047641066416752,4.056881203617624,WARRIOR,PALADIN,CLERIC
76,12,1,4.168697601871263,4.088711112989452,WARRIOR,PALADIN,CLERIC
77,12,1,4.291782734879668,4.128549517519886,WARRIOR,PALADIN,CLERIC
78,12,1,4.411223005670717,4.177811529890696,WARRIOR,PALADIN,CLERIC
79,12,1,4.540927237427428,4.259444575704063,WARRIOR,PALADIN,CLERIC
80,12,1,4.673601566678864,4.313835592517301,WARRIOR,PALADIN,CLERIC
81,12,1,4.809611073238185,4.390194899229094,WARRIOR,PALADIN,CLERIC
82,12,1,4.945209352376256,4.484311025383958,WARRIOR,PALADIN,CLERIC
83,12,1,5.081429820944128,4.520359421882203,WARRIOR,PALADIN,CLERIC
84,12,1,5.221676642649609,4.587658354285784,WARRIOR,PALADIN,CLERIC
85,12,1,5.361073330171728,4.667715690624119,WARRIOR,PALADIN,CLERIC
86,12,1,5.504481574211129,4.739304611221384,WARRIOR,PALADIN,CLERIC
87,12,1,5.65226859146295,4.827643310078233,WARRIOR,PALADIN,CLERIC
88,12,1,5.795497378520631,4.905643831952777,WARRIOR,PALADIN,CLERIC
89,12,1,5.94986936194184,4.969804424466595,WARRIOR,PALADIN,CLERIC
90,12,1,6.10788400320128,5.040448986799517,WARRIOR,PALADIN,CLERIC
91,12,1,6.267550055733251,5.102237084751837,WARRIOR,PALADIN,CLERIC
92,12,1,6.427385055900436,5.184648361371114,WARRIOR,PALADIN,CLERIC
93,12,1,6.585562804041389,5.255836955037818,WARRIOR,PALADIN,CLERIC
94,12,1,6.7454120692418185,5.326330971045423,WARRIOR,PALADIN,CLERIC
95,12,1,6.909943252551276,5.4044688147799835,WARRIOR,PALADIN,CLERIC
96,12,1,7.070064123190822,5.471018792455373,WARRIOR,PALADIN,CLERIC
97,12,1,7.223958275672171,5.54228969913948,WARRIOR,PALADIN,CLERIC
98,12,1,7.381738841546426,5.623836513344416,WARRIOR,PALADIN,CLERIC
99,12,1,7.539149442015858,5.7114372597409035,WARRIOR,PALADIN,CLERIC
100,12,1,7.691083460340242,5.792999171000224,WARRIOR,PALADIN,CLERIC
20,12,5,1.3012182883096468,1.4810470958666944,ROGUE,PALADIN,CLERIC
21,12,5,1.365782802465465,1.5055868829776164,ROGUE,PALADIN,CLERIC
22,12,5,1.4657747878125127,1.4752544059591255,ROGUE,PALADIN,CLERIC
23,12,5,1.4981822530585776,1.5153823661659072,ROGUE,PALADIN,CLERIC
24,12,5,1.550678948018791,1.511002816845708,ROGUE,PALADIN,CLERIC
25,12,5,1.5864091297636218,1.52200823919717,ROGUE,PALADIN,CLERIC
26,12,5,1.6075122919626317,1.5915771983370464,ROGUE,PALADIN,CLERIC
27,12,5,1.6368390980826097,1.5935450438874454,ROGUE,PALADIN,CLERIC
28,12,5,1.6637156629640382,1.6532684709412493,ROGUE,PALADIN,CLERIC
29,12,5,1.686158269772453,1.747599526015553,ROGUE,PALADIN,CLERIC
30,12,5,1.671772990502296,1.8544456960466915,ROGUE,PALADIN,CLERIC
31,12,5,1.6185164326812718,1.9599741693006933,ROGUE,PALADIN,CLERIC
32,12,5,1.612265445169947,2.07103312034147,RANGER,PALADIN,CLERIC
33,12,5,1.6797751117973991,2.1624602937502013,RANGER,PALADIN,CLERIC
34,12,5,1.704409631792414,2.310065386672888,RANGER,PALADIN,CLERIC
35,12,5,1.7574670327841213,2.459533369854605,RANGER,PALADIN,CLERIC
36,12,5,1.780901116567568,2.559445593988463,RANGER,PALADIN,CLERIC
37,12,5,1.7920265860391638,2.656216224014063,RANGER,PALADIN,CLERIC
38,12,5,1.8883665151025797,2.7148448284296745,RANGER,PALADIN,CLERIC
39,12,5,1.9445371882040208,2.7799263360684057,RANGER,PALADIN,CLERIC
40,12,5,1.9745858608483546,2.8861546040872543,RANGER,PALADIN,CLERIC
41,12,5,1.9843990261043665,2.983123230873219,RANGER,PALADIN,CLERIC
42,12,5,1.985077410275804,3.0500488485513566,RANGER,PALADIN,CLERIC
43,12,5,2.0103116584318848,3.11798784720414,RANGER,PALADIN,CLERIC
44,12,5,2.0369627886793085,3.2219073212797156,RANGER,PALADIN,CLERIC
45,12,5,2.051893886723155,3.2994727666096235,RANGER,PALADIN,CLERIC
46,12,5,2.079572186791667,3.363086069711385,RANGER,PALADIN,CLERIC
47,12,5,2.134199126567937,3.3967955001220407,RANGER,PALADIN,CLERIC
48,12,5,2.1808578858586447,3.462751989700874,RANGER,PALADIN,CLERIC
49,12,5,2.2061112916591963,3.49510151016057,RANGER,PALADIN,CLERIC
50,12,5,2.238542268517585,3.558690004843279,RANGER,PALADIN,CLERIC
51,12,5,2.2685573594768638,3.5931618446741975,RANGER,PALADIN,CLERIC
52,12,5,2.3145989583909676,3.620393163931146,RANGER,PALADIN,CLERIC
53,12,5,2.3445972631974232,3.6667906256864002,RANGER,PALADIN,CLERIC
54,12,5,2.3830501646760593,3.6869934671587057,RANGER,PALADIN,CLERIC
55,12,5,2.411821255301616,3.7091928990851786,RANGER,PALADIN,CLERIC
56,12,5,2.437895991381267,3.713073079976814,RANGER,PALADIN,CLERIC
57,12,5,2.474708752635224,3.7289615318445213,RANGER,PALADIN,CLERIC
58,12,5,2.506295559484717,3.7376746220894708,RANGER,PALADIN,CLERIC
59,12,5,2.554524206558151,3.7397677370170745,WARRIOR,PALADIN,CLERIC
60,12,5,2.6237419593437616,3.747818475780673,WARRIOR,PALADIN,CLERIC
61,12,5,2.6975056114158624,3.7607317473726587,WARRIOR,PALADIN,CLERIC
62,12,5,2.774532663894136,3.7644866876074046,WARRIOR,PALADIN,CLERIC
63,12,5,2.85230554317788,3.775895826704856,WARRIOR,PALADIN,CLERIC
64,12,5,2.9306222816329885,3.794286032941896,WARRIOR,PALADIN,CLERIC
65,12,5,3.020451271727631,3.8111153452764057,WARRIOR,PALADIN,CLERIC
66,12,5,3.1121909399261627,3.8331432457401116,WARRIOR,PALADIN,CLERIC
67,12,5,3.2058622321347485,3.8497446982109107,WARRIOR,PALADIN,CLERIC
68,12,5,3.296097339482662,3.8734890564663838,WARRIOR,PALADIN,CLERIC
69,12,5,3.4002292480094676,3.8890801365195182,WARRIOR,PALADIN,CLERIC
70,12,5,3.494554011273121,3.9134491789775128,WARRIOR,PALADIN,CLERIC
71,12,5,3.596968887096863,3.9347861445566013,WARRIOR,PALADIN,CLERIC
72,12,5,3.703977934836411,3.9613099307503674,WARRIOR,PALADIN,CLERIC
73,12,5,3.812099652014922,3.9827088516515285,WARRIOR,PALADIN,CLERIC
74,12,5,3.9252064288134214,3.999873764558104,WARRIOR,PALADIN,CLERIC
75,12,5,4.0476410664167295,4.056881203617579,WARRIOR,PALADIN,CLERIC
76,12,5,4.168697601871263,4.088711112989363,WARRIOR,PALADIN,CLERIC
77,12,5,4.291782734879668,4.1285495175198195,WARRIOR,PALADIN,CLERIC
78,12,5,4.411223005670717,4.177811529890629,WARRIOR,PALADIN,CLERIC
79,12,5,4.54092723742745,4.259444575704019,WARRIOR,PALADIN,CLERIC
80,12,5,4.673601566678887,4.313835592517257,WARRIOR,PALADIN,CLERIC
81,12,5,4.809611073238207,4.390194899229072,WARRIOR,PALADIN,CLERIC
82,12,5,4.945209352376234,4.484311025383914,WARRIOR,PALADIN,CLERIC
83,12,5,5.081429820944128,4.520359421882159,WARRIOR,PALADIN,CLERIC
84,12,5,5.221676642649609,4.587658354285784,WARRIOR,PALADIN,CLERIC
85,12,5,5.361073330171728,4.667715690624075,WARRIOR,PALADIN,CLERIC
86,12,5,5.504481574211129,4.739304611221362,WARRIOR,PALADIN,CLERIC
87,12,5,5.65226859146295,4.827643310078189,WARRIOR,PALADIN,CLERIC
88,12,5,5.795497378520609,4.905643831952755,WARRIOR,PALADIN,CLERIC
89,12,5,5.949869361941795,4.9698044244665285,WARRIOR,PALADIN,CLERIC
90,12,5,6.107884003201258,5.040448986799473,WARRIOR,PALADIN,CLERIC
91,12,5,6.267550055733229,5.102237084751793,WARRIOR,PALADIN,CLERIC
92,12,5,6.427385055900414,5.184648361371091,WARRIOR,PALADIN,CLERIC
93,12,5,6.585562804041367,5.255836955037818,WARRIOR,PALADIN,CLERIC
94,12,5,6.7454120692418185,5.326330971045379,WARRIOR,PALADIN,CLERIC
95,12,5,6.909943252551254,5.404468814779939,WARRIOR,PALADIN,CLERIC
96,12,5,7.0700641231908,5.471018792455329,WARRIOR,PALADIN,CLERIC
97,12,5,7.223958275672149,5.542289699139458,WARRIOR,PALADIN,CLERIC
98,12,5,7.381738841546381,5.6238365133443935,WARRIOR,PALADIN,CLERIC
99,12,5,7.539149442015813,5.711437259740859,WARRIOR,PALADIN,CLERIC
100,12,5,7.691083460340176,5.792999171000202,WARRIOR,PALADIN,CLERIC
20,12,12,1.3012182883096468,1.4810470958667166,ROGUE,PALADIN,CLERIC
21,12,12,1.3657828024654428,1.5055868829776164,ROGUE,PALADIN,CLERIC
22,12,12,1.4657747878125127,1.4752544059591477,ROGUE,PALADIN,CLERIC
23,12,12,1.4981822530585776,1.5153823661659072,ROGUE,PALADIN,CLERIC
24,12,12,1.5506789480187688,1.5110028168457301,ROGUE,PALADIN,CLERIC
25,12,12,1.5864091297636218,1.522008239197148,ROGUE,PALADIN,CLERIC
26,12,12,1.6075122919626317,1.5915771983370464,ROGUE,PALADIN,CLERIC
27,12,12,1.6368390980826097,1.5935450438874899,ROGUE,PALADIN,CLERIC
28,12,12,1.663715662964016,1.653268470941227,ROGUE,PALADIN,CLERIC
29,12,12,1.6861582697724309,1.747599526015553,ROGUE,PALADIN,CLERIC
30,12,12,1.6717729905023182,1.854445696046647,ROGUE,PALADIN,CLERIC
31,12,12,1.6185164326812496,1.9599741693006711,ROGUE,PALADIN,CLERIC
32,12,12,1.6122654451699692,2.07103312034147,RANGER,PALADIN,CLERIC
33,12,12,1.6797751117974213,2.162460293750179,RANGER,PALADIN,CLERIC
34,12,12,1.704409631792414,2.310065386672888,RANGER,PALADIN,CLERIC
35,12,12,1.7574670327841213,2.459533369854605,RANGER,PALADIN,CLERIC
36,12,12,1.780901116567568,2.559445593988441,RANGER,PALADIN,CLERIC
37,12,12,1.7920265860391638,2.6562162240140186,RANGER,PALADIN,CLERIC
38,12,12,1.888366515102602,2.7148448284296745,RANGER,PALADIN,CLERIC
39,12,12,1.9445371882040652,2.7799263360683835,RANGER,PALADIN,CLERIC
40,12,12,1.9745858608483546,2.8861546040872543,RANGER,PALADIN,CLERIC
41,12,12,1.9843990261043665,2.983123230873219,RANGER,PALADIN,CLERIC
42,12,12,1.985077410275804,3.0500488485513566,RANGER,PALADIN,CLERIC
43,12,12,2.0103116584318848,3.11798784720414,RANGER,PALADIN,CLERIC
44,12,12,2.0369627886792863,3.2219073212796934,RANGER,PALADIN,CLERIC
45,12,12,2.0518938867231773,3.2994727666096235,RANGER,PALADIN,CLERIC
46,12,12,2.0795721867916894,3.3630860697113407,RANGER,PALADIN,CLERIC
47,12,12,2.134199126567915,3.3967955001220407,RANGER,PALADIN,CLERIC
48,12,12,2.1808578858586225,3.4627519897008296,RANGER,PALADIN,CLERIC
49,12,12,2.2061112916592407,3.4951015101605476,RANGER,PALADIN,CLERIC
50,12,12,2.238542268517607,3.5586900048433234,RANGER,PALADIN,CLERIC
51,12,12,2.2685573594768638,3.5931618446741753,RANGER,PALADIN,CLERIC
52,12,12,2.3145989583909454,3.620393163931146,RANGER,PALADIN,CLERIC
53,12,12,2.344597263197401,3.6667906256864002,RANGER,PALADIN,CLERIC
54,12,12,2.3830501646760593,3.6869934671586835,RANGER,PALADIN,CLERIC
55,12,12,2.411821255301616,3.7091928990851564,RANGER,PALADIN,CLERIC
56,12,12,2.437895991381267,3.7130730799767697,RANGER,PALADIN,CLERIC
57,12,12,2.474708752635202,3.7289615318445213,RANGER,PALADIN,CLERIC
58,12,12,2.5062955594846947,3.737674622089493,RANGER,PALADIN,CLERIC
59,12,12,2.554524206558151,3.73976773701703,WARRIOR,PALADIN,CLERIC
60,12,12,2.6237419593437394,3.7478184757806954,WARRIOR,PALADIN,CLERIC
61,12,12,2.6975056114158846,3.760731747372703,WARRIOR,PALADIN,CLERIC
62,12,12,2.774532663894136,3.7644866876074046,WARRIOR,PALADIN,CLERIC
63,12,12,2.8523055431778577,3.775895826704856,WARRIOR,PALADIN,CLERIC
64,12,12,2.930622281632944,3.794286032941896,WARRIOR,PALADIN,CLERIC
65,12,12,3.020451271727609,3.811115345276428,WARRIOR,PALADIN,CLERIC
66,12,12,3.1121909399261405,3.8331432457401116,WARRIOR,PALADIN,CLERIC
67,12,12,3.2058622321347263,3.8497446982108885,WARRIOR,PALADIN,CLERIC
68,12,12,3.296097339482662,3.8734890564663838,WARRIOR,PALADIN,CLERIC
69,12,12,3.4002292480094676,3.8890801365195182,WARRIOR,PALADIN,CLERIC
70,12,12,3.494554011273099,3.913449178977557,WARRIOR,PALADIN,CLERIC
71,12,12,3.596968887096863,3.934786144556579,WARRIOR,PALADIN,CLERIC
72,12,12,3.7039779348364332,3.9613099307503896,WARRIOR,PALADIN,CLERIC
73,12,12,3.812099652014922,3.9827088516515285,WARRIOR,PALADIN,CLERIC
74,12,12,3.9252064288134436,3.9998737645580817,WARRIOR,PALADIN,CLERIC
75,12,12,4.047641066416752,4.056881203617557,WARRIOR,PALADIN,CLERIC
76,12,12,4.168697601871285,4.088711112989385,WARRIOR,PALADIN,CLERIC
77,12,12,4.291782734879668,4.128549517519864,WARRIOR,PALADIN,CLERIC
78,12,12,4.411223005670739,4.1778115298906515,WARRIOR,PALADIN,CLERIC
79,12,12,4.54092723742745,4.259444575704019,WARRIOR,PALADIN,CLERIC
80,12,12,4.673601566678909,4.3138355925172345,WARRIOR,PALADIN,CLERIC
81,12,12,4.809611073238185,4.39019489922905,WARRIOR,PALADIN,CLERIC
82,12,12,4.945209352376256,4.484311025383891,WARRIOR,PALADIN,CLERIC
83,12,12,5.081429820944128,4.520359421882136,WARRIOR,PALADIN,CLERIC
84,12,12,5.221676642649631,4.58765835428574,WARRIOR,PALADIN,CLERIC
85,12,12,5.361073330171728,4.667715690624097,WARRIOR,PALADIN,CLERIC
86,12,12,5.504481574211129,4.73930461122134,WARRIOR,PALADIN,CLERIC
87,12,12,5.652268591462972,4.827643310078211,WARRIOR,PALADIN,CLERIC
88,12,12,5.795497378520631,4.905643831952711,WARRIOR,PALADIN,CLERIC
89,12,12,5.949869361941862,4.969804424466551,WARRIOR,PALADIN,CLERIC
90,12,12,6.10788400320128,5.040448986799473,WARRIOR,PALADIN,CLERIC
91,12,12,6.267550055733273,5.102237084751771,WARRIOR,PALADIN,CLERIC
92,12,12,6.427385055900459,5.184648361371091,WARRIOR,PALADIN,CLERIC
93,12,12,6.585562804041412,5.255836955037796,WARRIOR,PALADIN,CLERIC
94,12,12,6.745412069241841,5.326330971045379,WARRIOR,PALADIN,CLERIC
95,12,12,6.909943252551276,5.404468814779917,WARRIOR,PALADIN,CLERIC
96,12,12,7.0700641231908445,5.471018792455329,WARRIOR,PALADIN,CLERIC
97,12,12,7.223958275672193,5.5422896991394355,WARRIOR,PALADIN,CLERIC
98,12,12,7.381738841546404,5.6238365133443935,WARRIOR,PALADIN,CLERIC
99,12,12,7.539149442015836,5.711437259740859,WARRIOR,PALADIN,CLERIC
100,12,12,7.691083460340242,5.792999171000202,WARRIOR,PALADIN,CLERIC
20,12,20,1.3012182883096246,1.4810470958666944,ROGUE,PALADIN,CLERIC
21,12,20,1.3657828024654428,1.5055868829776609,ROGUE,PALADIN,CLERIC
22,12,20,1.4657747878125127,1.4752544059591255,ROGUE,PALADIN,CLERIC
23,12,20,1.4981822530585998,1.5153823661658627,ROGUE,PALADIN,CLERIC
24,12,20,1.5506789480187688,1.511002816845708,ROGUE,PALADIN,CLERIC
25,12,20,1.5864091297636218,1.52200823919717,ROGUE,PALADIN,CLERIC
26,12,20,1.6075122919626317,1.5915771983370464,ROGUE,PALADIN,CLERIC
27,12,20,1.6368390980825875,1.5935450438874899,ROGUE,PALADIN,CLERIC
28,12,20,1.6637156629640382,1.6532684709412715,ROGUE,PALADIN,CLERIC
29,12,20,1.6861582697724753,1.747599526015553,ROGUE,PALADIN,CLERIC
30,12,20,1.6717729905023404,1.8544456960466915,ROGUE,PALADIN,CLERIC
31,12,20,1.6185164326812718,1.9599741693006933,ROGUE,PALADIN,CLERIC
32,12,20,1.6122654451699248,2.07103312034147,RANGER,PALADIN,CLERIC
33,12,20,1.6797751117973991,2.1624602937502235,RANGER,PALADIN,CLERIC
34,12,20,1.704409631792414,2.3100653866729104,RANGER,PALADIN,CLERIC
35,12,20,1.7574670327841213,2.459533369854605,RANGER,PALADIN,CLERIC
36,12,20,1.780901116567546,2.5594455939884853,RANGER,PALADIN,CLERIC
37,12,20,1.7920265860391638,2.656216224014063,RANGER,PALADIN,CLERIC
38,12,20,1.888366515102602,2.7148448284296745,RANGER,PALADIN,CLERIC
39,12,20,1.9445371882040652,2.7799263360684057,RANGER,PALADIN,CLERIC
40,12,20,1.9745858608483546,2.8861546040872543,RANGER,PALADIN,CLERIC
41,12,20,1.9843990261043887,2.983123230873197,RANGER,PALADIN,CLERIC
42,12,20,1.9850774102757818,3.050048848551379,RANGER,PALADIN,CLERIC
43,12,20,2.0103116584318848,3.117987847204162,RANGER,PALADIN,CLERIC
44,12,20,2.0369627886793085,3.221907321279738,RANGER,PALADIN,CLERIC
45,12,20,2.0518938867231773,3.2994727666096235,RANGER,PALADIN,CLERIC
46,12,20,2.079572186791667,3.3630860697114073,RANGER,PALADIN,CLERIC
47,12,20,2.134199126567937,3.396795500122063,RANGER,PALADIN,CLERIC
48,12,20,2.1808578858586225,3.4627519897008963,RANGER,PALADIN,CLERIC
49,12,20,2.2061112916592185,3.495101510160592,RANGER,PALADIN,CLERIC
50,12,20,2.238542268517585,3.5586900048433234,RANGER,PALADIN,CLERIC
51,12,20,2.268557359476886,3.5931618446741975,RANGER,PALADIN,CLERIC
52,12,20,2.3145989583909676,3.620393163931146,RANGER,PALADIN,CLERIC
53,12,20,2.3445972631974232,3.6667906256864224,RANGER,PALADIN,CLERIC
54,12,20,2.3830501646760593,3.6869934671586835,RANGER,PALADIN,CLERIC
55,12,20,2.411821255301616,3.709192899085201,RANGER,PALADIN,CLERIC
56,12,20,2.437895991381267,3.7130730799768585,RANGER,PALADIN,CLERIC
57,12,20,2.474708752635224,3.7289615318445657,RANGER,PALADIN,CLERIC
58,12,20,2.506295559484739,3.7376746220894708,RANGER,PALADIN,CLERIC
59,12,20,2.554524206558151,3.7397677370170745,WARRIOR,PALADIN,CLERIC
60,12,20,2.6237419593437394,3.7478184757806954,WARRIOR,PALADIN,CLERIC
61,12,20,2.6975056114158846,3.7607317473727253,WARRIOR,PALADIN,CLERIC
62,12,20,2.7745326638941137,3.7644866876074046,WARRIOR,PALADIN,CLERIC
63,12,20,2.85230554317788,3.775895826704878,WARRIOR,PALADIN,CLERIC
64,12,20,2.9306222816329885,3.794286032941896,WARRIOR,PALADIN,CLERIC
65,12,20,3.020451271727609,3.81111534527645,WARRIOR,PALADIN,CLERIC
66,12,20,3.1121909399261627,3.8331432457400894,WARRIOR,PALADIN,CLERIC
67,12,20,3.2058622321347485,3.849744698210933,WARRIOR,PALADIN,CLERIC
68,12,20,3.296097339482662,3.873489056466406,WARRIOR,PALADIN,CLERIC
69,12,20,3.4002292480094676,3.8890801365195182,WARRIOR,PALADIN,CLERIC
70,12,20,3.494554011273121,3.9134491789775794,WARRIOR,PALADIN,CLERIC
71,12,20,3.596968887096841,3.9347861445566013,WARRIOR,PALADIN,CLERIC
72,12,20,3.7039779348364332,3.9613099307503896,WARRIOR,PALADIN,CLERIC
73,12,20,3.812099652014944,3.9827088516515508,WARRIOR,PALADIN,CLERIC
74,12,20,3.9252064288134436,3.999873764558104,WARRIOR,PALADIN,CLERIC
75,12,20,4.047641066416752,4.056881203617557,WARRIOR,PALADIN,CLERIC
76,12,20,4.168697601871263,4.088711112989363,WARRIOR,PALADIN,CLERIC
77,12,20,4.291782734879668,4.128549517519842,WARRIOR,PALADIN,CLERIC
78,12,20,4.411223005670695,4.177811529890607,WARRIOR,PALADIN,CLERIC
79,12,20,4.540927237427406,4.259444575703997,WARRIOR,PALADIN,CLERIC
80,12,20,4.673601566678887,4.313835592517257,WARRIOR,PALADIN,CLERIC
81,12,20,4.8096110732381625,4.390194899229094,WARRIOR,PALADIN,CLERIC
82,12,20,4.945209352376234,4.484311025383914,WARRIOR,PALADIN,CLERIC
83,12,20,5.081429820944106,4.520359421882203,WARRIOR,PALADIN,CLERIC
84,12,20,5.221676642649586,4.587658354285784,WARRIOR,PALADIN,CLERIC
85,12,20,5.361073330171706,4.667715690624097,WARRIOR,PALADIN,CLERIC
86,12,20,5.504481574211129,4.73930461122134,WARRIOR,PALADIN,CLERIC
87,12,20,5.652268591462928,4.827643310078233,WARRIOR,PALADIN,CLERIC
88,12,20,5.795497378520631,4.905643831952755,WARRIOR,PALADIN,CLERIC
89,12,20,5.9498693619418175,4.969804424466573,WARRIOR,PALADIN,CLERIC
90,12,20,6.107884003201258,5.040448986799517,WARRIOR,PALADIN,CLERIC
91,12,20,6.267550055733229,5.102237084751815,WARRIOR,PALADIN,CLERIC
92,12,20,6.427385055900436,5.184648361371091,WARRIOR,PALADIN,CLERIC
93,12,20,6.585562804041389,5.255836955037818,WARRIOR,PALADIN,CLERIC
94,12,20,6.7454120692418185,5.326330971045357,WARRIOR,PALADIN,CLERIC
95,12,20,6.909943252551254,5.404468814779961,WARRIOR,PALADIN,CLERIC
96,12,20,7.070064123190822,5.471018792455307,WARRIOR,PALADIN,CLERIC
97,12,20,7.223958275672149,5.542289699139458,WARRIOR,PALADIN,CLERIC
98,12,20,7.381738841546404,5.623836513344371,WARRIOR,PALADIN,CLERIC
99,12,20,7.539149442015813,5.711437259740881,WARRIOR,PALADIN,CLERIC
100,12,20,7.691083460340198,5.792999171000202,WARRIOR,PALADIN,CLERIC
20,16,1,1.3012182883096024,1.4810470958666944,ROGUE,PALADIN,CLERIC
21,16,1,1.3657828024654206,1.5055868829776387,ROGUE,PALADIN,CLERIC
22,16,1,1.4657747878125127,1.4752544059591477,ROGUE,PALADIN,CLERIC
23,16,1,1.4981822530585776,1.5153823661659072,ROGUE,PALADIN,CLERIC
24,16,1,1.5506789480187688,1.511002816845708,ROGUE,PALADIN,CLERIC
25,16,1,1.5864091297636218,1.52200823919717,ROGUE,PALADIN,CLERIC
26,16,1,1.6075122919626317,1.5915771983370464,ROGUE,PALADIN,CLERIC
27,16,1,1.6368390980826097,1.5935450438874676,ROGUE,PALADIN,CLERIC
28,16,1,1.663715662964016,1.6532684709412049,ROGUE,PALADIN,CLERIC
29,16,1,1.686158269772453,1.7475995260155974,ROGUE,PALADIN,CLERIC
30,16,1,1.6717729905023182,1.8544456960466693,ROGUE,PALADIN,CLERIC
31,16,1,1.6185164326812496,1.9599741693006933,ROGUE,PALADIN,CLERIC
32,16,1,1.612265445169947,2.071033120341448,RANGER,PALADIN,CLERIC
33,16,1,1.6797751117973991,2.162460293750157,RANGER,PALADIN,CLERIC
34,16,1,1.704409631792414,2.310065386672888,RANGER,PALADIN,CLERIC
35,16,1,1.7574670327841213,2.459533369854583,RANGER,PALADIN,CLERIC
36,16,1,1.780901116567568,2.5594455939884186,RANGER,PALADIN,CLERIC
37,16,1,1.7920265860391416,2.656216224014041,RANGER,PALADIN,CLERIC
38,16,1,1.888366515102602,2.71484482842963,RANGER,PALADIN,CLERIC
39,16,1,1.944537188204043,2.7799263360683613,RANGER,PALADIN,CLERIC
40,16,1,1.9745858608483546,2.886154604087232,RANGER,PALADIN,CLERIC
41,16,1,1.9843990261043665,2.983123230873197,RANGER,PALADIN,CLERIC
42,16,1,1.9850774102757818,3.0500488485513344,RANGER,PALADIN,CLERIC
43,16,1,2.010311658431907,3.117987847204118,RANGER,PALADIN,CLERIC
44,16,1,2.0369627886793085,3.2219073212796934,RANGER,PALADIN,CLERIC
45,16,1,2.0518938867231773,3.2994727666096013,RANGER,PALADIN,CLERIC
46,16,1,2.079572186791667,3.363086069711363,RANGER,PALADIN,CLERIC
47,16,1,2.134199126567915,3.3967955001220185,RANGER,PALADIN,CLERIC
48,16,1,2.1808578858586003,3.462751989700852,RANGER,PALADIN,CLERIC
49,16,1,2.2061112916591963,3.4951015101605476,RANGER,PALADIN,CLERIC
50,16,1,2.2385422685175627,3.558690004843279,RANGER,PALADIN,CLERIC
51,16,1,2.2685573594768638,3.593161844674153,RANGER,PALADIN,CLERIC
52,16,1,2.3145989583909454,3.620393163931168,RANGER,PALADIN,CLERIC
53,16,1,2.344597263197401,3.666790625686378,RANGER,PALADIN,CLERIC
54,16,1,2.383050164676037,3.686993467158639,RANGER,PALADIN,CLERIC
55,16,1,2.411821255301616,3.7091928990851564,RANGER,PALADIN,CLERIC
56,16,1,2.437895991381267,3.7130730799768363,RANGER,PALADIN,CLERIC
57,16,1,2.474708752635202,3.728961531844499,RANGER,PALADIN,CLERIC
58,16,1,2.5062955594846947,3.7376746220894486,RANGER,PALADIN,CLERIC
59,16,1,2.5545242065581286,3.7397677370170745,WARRIOR,PALADIN,CLERIC
60,16,1,2.6237419593437172,3.747818475780673,WARRIOR,PALADIN,CLERIC
61,16,1,2.69750561141584,3.760731747372681,WARRIOR,PALADIN,CLERIC
62,16,1,2.7745326638941137,3.76448668760736,WARRIOR,PALADIN,CLERIC
63,16,1,2.85230554317788,3.7758958267048337,WARRIOR,PALADIN,CLERIC
64,16,1,2.930622281632922,3.794286032941896,WARRIOR,PALADIN,CLERIC
65,16,1,3.020451271727609,3.8111153452764057,WARRIOR,PALADIN,CLERIC
66,16,1,3.1121909399261405,3.8331432457400894,WARRIOR,PALADIN,CLERIC
67,16,1,3.205862232134704,3.8497446982109107,WARRIOR,PALADIN,CLERIC
68,16,1,3.29609733948264,3.8734890564663838,WARRIOR,PALADIN,CLERIC
69,16,1,3.400229248009423,3.889080136519496,WARRIOR,PALADIN,CLERIC
70,16,1,3.494554011273099,3.9134491789775128,WARRIOR,PALADIN,CLERIC
71,16,1,3.5969688870968186,3.934786144556579,WARRIOR,PALADIN,CLERIC
72,16,1,3.703977934836389,3.9613099307503674,WARRIOR,PALADIN,CLERIC
73,16,1,3.8120996520148998,3.9827088516515285,WARRIOR,PALADIN,CLERIC
74,16,1,3.9252064288134214,3.9998737645580595,WARRIOR,PALADIN,CLERIC
75,16,1,4.047641066416707,4.056881203617557,WARRIOR,PALADIN,CLERIC
76,16,1,4.168697601871241,4.088711112989363,WARRIOR,PALADIN,CLERIC
77,16,1,4.291782734879646,4.128549517519842,WARRIOR,PALADIN,CLERIC
78,16,1,4.411223005670695,4.1778115298906515,WARRIOR,PALADIN,CLERIC
79,16,1,4.540927237427406,4.259444575704041,WARRIOR,PALADIN,CLERIC
80,16,1,4.673601566678887,4.313835592517279,WARRIOR,PALADIN,CLERIC
81,16,1,4.8096110732381625,4.390194899229072,WARRIOR,PALADIN,CLERIC
82,16,1,4.945209352376234,4.484311025383936,WARRIOR,PALADIN,CLERIC
83,16,1,5.081429820944106,4.520359421882159,WARRIOR,PALADIN,CLERIC
84,16,1,5.221676642649542,4.58765835428574,WARRIOR,PALADIN,CLERIC
85,16,1,5.361073330171684,4.667715690624075,WARRIOR,PALADIN,CLERIC
86,16,1,5.504481574211084,4.73930461122134,WARRIOR,PALADIN,CLERIC
87,16,1,5.652268591462928,4.827643310078233,WARRIOR,PALADIN,CLERIC
88,16,1,5.7954973785205866,4.905643831952777,WARRIOR,PALADIN,CLERIC
89,16,1,5.9498693619418175,4.969804424466551,WARRIOR,PALADIN,CLERIC
90,16,1,6.107884003201258,5.040448986799473,WARRIOR,PALADIN,CLERIC
91,16,1,6.267550055733229,5.102237084751793,WARRIOR,PALADIN,CLERIC
92,16,1,6.427385055900392,5.184648361371069,WARRIOR,PALADIN,CLERIC
93,16,1,6.585562804041345,5.255836955037796,WARRIOR,PALADIN,CLERIC
94,16,1,6.745412069241774,5.326330971045334,WARRIOR,PALADIN,CLERIC
95,16,1,6.909943252551254,5.404468814779939,WARRIOR,PALADIN,CLERIC
96,16,1,7.070064123190778,5.471018792455307,WARRIOR,PALADIN,CLERIC
97,16,1,7.223958275672149,5.542289699139458,WARRIOR,PALADIN,CLERIC
98,16,1,7.381738841546381,5.623836513344327,WARRIOR,PALADIN,CLERIC
99,16,1,7.539149442015813,5.711437259740859,WARRIOR,PALADIN,CLERIC
100,16,1,7.691083460340198,5.792999171000179,WARRIOR,PALADIN,CLERIC
20,16,5,1.3012182883096246,1.4810470958666944,ROGUE,PALADIN,CLERIC
21,16,5,1.3657828024654428,1.5055868829776387,ROGUE,PALADIN,CLERIC
22,16,5,1.465774787812535,1.4752544059591477,ROGUE,PALADIN,CLERIC
23,16,5,1.4981822530585998,1.515382366165885,ROGUE,PALADIN,CLERIC
24,16,5,1.550678948018791,1.511002816845708,ROGUE,PALADIN,CLERIC
25,16,5,1.5864091297635996,1.522008239197148,ROGUE,PALADIN,CLERIC
26,16,5,1.6075122919626095,1.5915771983370464,ROGUE,PALADIN,CLERIC
27,16,5,1.6368390980826097,1.5935450438874676,ROGUE,PALADIN,CLERIC
28,16,5,1.6637156629640382,1.6532684709412493,ROGUE,PALADIN,CLERIC
29,16,5,1.6861582697724309,1.7475995260155308,ROGUE,PALADIN,CLERIC
30,16,5,1.671772990502296,1.8544456960466693,ROGUE,PALADIN,CLERIC
31,16,5,1.6185164326812496,1.9599741693006933,ROGUE,PALADIN,CLERIC
32,16,5,1.612265445169947,2.07103312034147,RANGER,PALADIN,CLERIC
33,16,5,1.6797751117974213,2.162460293750179,RANGER,PALADIN,CLERIC
34,16,5,1.704409631792414,2.310065386672888,RANGER,PALADIN,CLERIC
35,16,5,1.7574670327841213,2.459533369854583,RANGER,PALADIN,CLERIC
36,16,5,1.780901116567568,2.559445593988441,RANGER,PALADIN,CLERIC
37,16,5,1.7920265860391638,2.656216224014041,RANGER,PALADIN,CLERIC
38,16,5,1.888366515102602,2.7148448284296745,RANGER,PALADIN,CLERIC
39,16,5,1.944537188204043,2.7799263360683835,RANGER,PALADIN,CLERIC
40,16,5,1.9745858608483546,2.886154604087232,RANGER,PALADIN,CLERIC
41,16,5,1.9843990261043665,2.9831232308732414,RANGER,PALADIN,CLERIC
42,16,5,1.9850774102757818,3.0500488485513566,RANGER,PALADIN,CLERIC
43,16,5,2.010311658431907,3.117987847204118,RANGER,PALADIN,CLERIC
44,16,5,2.0369627886793085,3.2219073212796934,RANGER,PALADIN,CLERIC
45,16,5,2.051893886723155,3.2994727666096235,RANGER,PALADIN,CLERIC
46,16,5,2.0795721867917116,3.363086069711363,RANGER,PALADIN,CLERIC
47,16,5,2.1341991265679594,3.3967955001220407,RANGER,PALADIN,CLERIC
48,16,5,2.1808578858586447,3.462751989700874,RANGER,PALADIN,CLERIC
49,16,5,2.2061112916592185,3.495101510160592,RANGER,PALADIN,CLERIC
50,16,5,2.238542268517607,3.5586900048433012,RANGER,PALADIN,CLERIC
51,16,5,2.2685573594768638,3.5931618446741753,RANGER,PALADIN,CLERIC
52,16,5,2.3145989583909676,3.620393163931168,RANGER,PALADIN,CLERIC
53,16,5,2.3445972631974454,3.6667906256864224,RANGER,PALADIN,CLERIC
54,16,5,2.3830501646760593,3.6869934671586835,RANGER,PALADIN,CLERIC
55,16,5,2.411821255301616,3.709192899085201,RANGER,PALADIN,CLERIC
56,16,5,2.437895991381267,3.713073079976814,RANGER,PALADIN,CLERIC
57,16,5,2.474708752635224,3.7289615318445435,RANGER,PALADIN,CLERIC
58,16,5,2.506295559484717,3.7376746220894708,RANGER,PALADIN,CLERIC
59,16,5,2.554524206558173,3.7397677370170745,WARRIOR,PALADIN,CLERIC
60,16,5,2.6237419593437616,3.7478184757806954,WARRIOR,PALADIN,CLERIC
61,16,5,2.6975056114158846,3.760731747372703,WARRIOR,PALADIN,CLERIC
62,16,5,2.774532663894136,3.7644866876074046,WARRIOR,PALADIN,CLERIC
63,16,5,2.8523055431778577,3.775895826704878,WARRIOR,PALADIN,CLERIC
64,16,5,2.9306222816329663,3.7942860329419403,WARRIOR,PALADIN,CLERIC
65,16,5,3.020451271727631,3.811115345276428,WARRIOR,PALADIN,CLERIC
66,16,5,3.112190939926185,3.8331432457401116,WARRIOR,PALADIN,CLERIC
67,16,5,3.2058622321347263,3.8497446982109107,WARRIOR,PALADIN,CLERIC
68,16,5,3.296097339482662,3.8734890564663838,WARRIOR,PALADIN,CLERIC
69,16,5,3.4002292480094454,3.889080136519496,WARRIOR,PALADIN,CLERIC
70,16,5,3.494554011273121,3.9134491789775794,WARRIOR,PALADIN,CLERIC
71,16,5,3.596968887096863,3.9347861445566235,WARRIOR,PALADIN,CLERIC
72,16,5,3.7039779348364554,3.9613099307503896,WARRIOR,PALADIN,CLERIC
73,16,5,3.812099652014922,3.9827088516515508,WARRIOR,PALADIN,CLERIC
74,16,5,3.9252064288134436,3.9998737645580817,WARRIOR,PALADIN,CLERIC
75,16,5,4.0476410664167295,4.056881203617579,WARRIOR,PALADIN,CLERIC
76,16,5,4.168697601871263,4.088711112989363,WARRIOR,PALADIN,CLERIC
77,16,5,4.291782734879668,4.128549517519864,WARRIOR,PALADIN,CLERIC
78,16,5,4.411223005670717,4.177811529890629,WARRIOR,PALADIN,CLERIC
79,16,5,4.540927237427406,4.259444575704041,WARRIOR,PALADIN,CLERIC
80,16,5,4.673601566678909,4.313835592517279,WARRIOR,PALADIN,CLERIC
81,16,5,4.809611073238185,4.390194899229094,WARRIOR,PALADIN,CLERIC
82,16,5,4.945209352376234,4.484311025383958,WARRIOR,PALADIN,CLERIC
83,16,5,5.081429820944106,4.520359421882203,WARRIOR,PALADIN,CLERIC
84,16,5,5.221676642649586,4.587658354285784,WARRIOR,PALADIN,CLERIC
85,16,5,5.361073330171728,4.667715690624119,WARRIOR,PALADIN,CLERIC
86,16,5,5.504481574211129,4.739304611221362,WARRIOR,PALADIN,CLERIC
87,16,5,5.652268591462972,4.827643310078233,WARRIOR,PALADIN,CLERIC
88,16,5,5.795497378520631,4.9056438319527995,WARRIOR,PALADIN,CLERIC
89,16,5,5.949869361941795,4.969804424466595,WARRIOR,PALADIN,CLERIC
90,16,5,6.107884003201258,5.040448986799517,WARRIOR,PALADIN,CLERIC
91,16,5,6.267550055733251,5.102237084751815,WARRIOR,PALADIN,CLERIC
92,16,5,6.427385055900414,5.184648361371114,WARRIOR,PALADIN,CLERIC
93,16,5,6.585562804041367,5.25583695503784,WARRIOR,PALADIN,CLERIC
94,16,5,6.7454120692418185,5.326330971045423,WARRIOR,PALADIN,CLERIC
95,16,5,6.909943252551232,5.404468814779961,WARRIOR,PALADIN,CLERIC
96,16,5,7.0700641231908,5.471018792455373,WARRIOR,PALADIN,CLERIC
97,16,5,7.223958275672171,5.54228969913948,WARRIOR,PALADIN,CLERIC
98,16,5,7.381738841546426,5.623836513344416,WARRIOR,PALADIN,CLERIC
99,16,5,7.539149442015813,5.7114372597409035,WARRIOR,PALADIN,CLERIC
100,16,5,7.691083460340242,5.792999171000246,WARRIOR,PALADIN,CLERIC
20,16,12,1.3012182883096468,1.4810470958666944,ROGUE,PALADIN,CLERIC
21,16,12,1.3657828024654428,1.5055868829776164,ROGUE,PALADIN,CLERIC
22,16,12,1.465774787812535,1.4752544059591477,ROGUE,PALADIN,CLERIC
23,16,12,1.4981822530585998,1.5153823661658627,ROGUE,PALADIN,CLERIC
24,16,12,1.5506789480187688,1.5110028168456857,ROGUE,PALADIN,CLERIC
25,16,12,1.5864091297636218,1.5220082391971257,ROGUE,PALADIN,CLERIC
26,16,12,1.6075122919626539,1.5915771983370464,ROGUE,PALADIN,CLERIC
27,16,12,1.6368390980826097,1.5935450438874454,ROGUE,PALADIN,CLERIC
28,16,12,1.6637156629640382,1.6532684709412493,ROGUE,PALADIN,CLERIC
29,16,12,1.686158269772453,1.747599526015553,ROGUE,PALADIN,CLERIC
30,16,12,1.6717729905023404,1.8544456960466693,ROGUE,PALADIN,CLERIC
31,16,12,1.6185164326812718,1.9599741693006933,ROGUE,PALADIN,CLERIC
32,16,12,1.6122654451699914,2.0710331203414922,RANGER,PALADIN,CLERIC
33,16,12,1.6797751117973991,2.162460293750179,RANGER,PALADIN,CLERIC
34,16,12,1.7044096317924362,2.3100653866729326,RANGER,PALADIN,CLERIC
35,16,12,1.7574670327841213,2.459533369854605,RANGER,PALADIN,CLERIC
36,16,12,1.7809011165675903,2.559445593988441,RANGER,PALADIN,CLERIC
37,16,12,1.7920265860391638,2.656216224014041,RANGER,PALADIN,CLERIC
38,16,12,1.888366515102602,2.7148448284296522,RANGER,PALADIN,CLERIC
39,16,12,1.944537188204043,2.7799263360683835,RANGER,PALADIN,CLERIC
40,16,12,1.9745858608483768,2.8861546040872543,RANGER,PALADIN,CLERIC
41,16,12,1.9843990261043665,2.9831232308732414,RANGER,PALADIN,CLERIC
42,16,12,1.985077410275804,3.0500488485513566,RANGER,PALADIN,CLERIC
43,16,12,2.0103116584318848,3.11798784720414,RANGER,PALADIN,CLERIC
44,16,12,2.0369627886793085,3.2219073212797156,RANGER,PALADIN,CLERIC
45,16,12,2.0518938867231773,3.2994727666096235,RANGER,PALADIN,CLERIC
46,16,12,2.0795721867916894,3.363086069711385,RANGER,PALADIN,CLERIC
47,16,12,2.134199126567937,3.3967955001220185,RANGER,PALADIN,CLERIC
48,16,12,2.1808578858586447,3.462751989700874,RANGER,PALADIN,CLERIC
49,16,12,2.2061112916591963,3.49510151016057,RANGER,PALADIN,CLERIC
50,16,12,2.238542268517607,3.5586900048433234,RANGER,PALADIN,CLERIC
51,16,12,2.268557359476908,3.593161844674153,RANGER,PALADIN,CLERIC
52,16,12,2.3145989583909676,3.6203931639311904,RANGER,PALADIN,CLERIC
53,16,12,2.3445972631974232,3.6667906256864446,RANGER,PALADIN,CLERIC
54,16,12,2.383050164676037,3.6869934671586835,RANGER,PALADIN,CLERIC
55,16,12,2.411821255301616,3.7091928990851786,RANGER,PALADIN,CLERIC
56,16,12,2.437895991381245,3.713073079976792,RANGER,PALADIN,CLERIC
57,16,12,2.4747087526352463,3.7289615318445435,RANGER,PALADIN,CLERIC
58,16,12,2.506295559484717,3.737674622089493,RANGER,PALADIN,CLERIC
59,16,12,2.554524206558173,3.7397677370170523,WARRIOR,PALADIN,CLERIC
60,16,12,2.6237419593437394,3.7478184757806954,WARRIOR,PALADIN,CLERIC
61,16,12,2.6975056114158846,3.7607317473727253,WARRIOR,PALADIN,CLERIC
62,16,12,2.7745326638941137,3.7644866876074046,WARRIOR,PALADIN,CLERIC
63,16,12,2.8523055431778577,3.775895826704878,WARRIOR,PALADIN,CLERIC
64,16,12,2.930622281632922,3.794286032941918,WARRIOR,PALADIN,CLERIC
65,16,12,3.020451271727609,3.81111534527645,WARRIOR,PALADIN,CLERIC
66,16,12,3.1121909399261627,3.8331432457401116,WARRIOR,PALADIN,CLERIC
67,16,12,3.2058622321347263,3.8497446982109107,WARRIOR,PALADIN,CLERIC
68,16,12,3.296097339482662,3.873489056466428,WARRIOR,PALADIN,CLERIC
69,16,12,3.4002292480094676,3.8890801365195404,WARRIOR,PALADIN,CLERIC
70,16,12,3.4945540112730766,3.913449178977535,WARRIOR,PALADIN,CLERIC
71,16,12,3.596968887096841,3.9347861445566013,WARRIOR,PALADIN,CLERIC
72,16,12,3.7039779348364332,3.9613099307503674,WARRIOR,PALADIN,CLERIC
73,16,12,3.812099652014922,3.9827088516515508,WARRIOR,PALADIN,CLERIC
74,16,12,3.9252064288134436,3.999873764558104,WARRIOR,PALADIN,CLERIC
75,16,12,4.0476410664167295,4.056881203617557,WARRIOR,PALADIN,CLERIC
76,16,12,4.168697601871263,4.088711112989363,WARRIOR,PALADIN,CLERIC
77,16,12,4.291782734879668,4.128549517519864,WARRIOR,PALADIN,CLERIC
78,16,12,4.411223005670717,4.1778115298906515,WARRIOR,PALADIN,CLERIC
79,16,12,4.540927237427428,4.259444575704041,WARRIOR,PALADIN,CLERIC
80,16,12,4.673601566678909,4.3138355925172345,WARRIOR,PALADIN,CLERIC
81,16,12,4.809611073238185,4.39019489922905,WARRIOR,PALADIN,CLERIC
82,16,12,4.945209352376256,4.484311025383914,WARRIOR,PALADIN,CLERIC
83,16,12,5.081429820944106,4.520359421882136,WARRIOR,PALADIN,CLERIC
84,16,12,5.221676642649586,4.587658354285762,WARRIOR,PALADIN,CLERIC
85,16,12,5.361073330171728,4.667715690624097,WARRIOR,PALADIN,CLERIC
86,16,12,5.504481574211129,4.73930461122134,WARRIOR,PALADIN,CLERIC
87,16,12,5.652268591462928,4.827643310078189,WARRIOR,PALADIN,CLERIC
88,16,12,5.795497378520609,4.905643831952733,WARRIOR,PALADIN,CLERIC
89,16,12,5.94986936194184,4.969804424466573,WARRIOR,PALADIN,CLERIC
90,16,12,6.107884003201258,5.040448986799428,WARRIOR,PALADIN,CLERIC
91,16,12,6.267550055733229,5.102237084751793,WARRIOR,PALADIN,CLERIC
92,16,12,6.427385055900414,5.184648361371069,WARRIOR,PALADIN,CLERIC
93,16,12,6.585562804041412,5.255836955037774,WARRIOR,PALADIN,CLERIC
94,16,12,6.7454120692418185,5.326330971045357,WARRIOR,PALADIN,CLERIC
95,16,12,6.909943252551254,5.404468814779895,WARRIOR,PALADIN,CLERIC
96,16,12,7.0700641231908,5.471018792455307,WARRIOR,PALADIN,CLERIC
97,16,12,7.223958275672171,5.5422896991394355,WARRIOR,PALADIN,CLERIC
98,16,12,7.381738841546426,5.623836513344371,WARRIOR,PALADIN,CLERIC
99,16,12,7.539149442015836,5.711437259740859,WARRIOR,PALADIN,CLERIC
100,16,12,7.69108346034022,5.792999171000179,WARRIOR,PALADIN,CLERIC
20,16,20,1.3012182883096468,1.4810470958666944,ROGUE,PALADIN,CLERIC
21,16,20,1.3657828024654428,1.5055868829776164,ROGUE,PALADIN,CLERIC
22,16,20,1.4657747878125127,1.4752544059591477,ROGUE,PALADIN,CLERIC
23,16,20,1.4981822530585998,1.515382366165885,ROGUE,PALADIN,CLERIC
24,16,20,1.550678948018791,1.5110028168456857,ROGUE,PALADIN,CLERIC
25,16,20,1.5864091297635996,1.52200823919717,ROGUE,PALADIN,CLERIC
26,16,20,1.6075122919626539,1.5915771983370464,ROGUE,PALADIN,CLERIC
27,16,20,1.6368390980826097,1.5935450438874899,ROGUE,PALADIN,CLERIC
28,16,20,1.6637156629639938,1.6532684709412493,ROGUE,PALADIN,CLERIC
29,16,20,1.686158269772453,1.7475995260155752,ROGUE,PALADIN,CLERIC
30,16,20,1.671772990502296,1.8544456960466915,ROGUE,PALADIN,CLERIC
31,16,20,1.6185164326812718,1.9599741693006933,ROGUE,PALADIN,CLERIC
32,16,20,1.6122654451699692,2.07103312034147,RANGER,PALADIN,CLERIC
33,16,20,1.6797751117974213,2.1624602937502013,RANGER,PALADIN,CLERIC
34,16,20,1.704409631792414,2.3100653866729104,RANGER,PALADIN,CLERIC
35,16,20,1.7574670327841213,2.459533369854583,RANGER,PALADIN,CLERIC
36,16,20,1.7809011165675903,2.559445593988463,RANGER,PALADIN,CLERIC
37,16,20,1.792026586039186,2.656216224014063,RANGER,PALADIN,CLERIC
38,16,20,1.888366515102602,2.7148448284296745,RANGER,PALADIN,CLERIC
39,16,20,1.9445371882040874,2.7799263360683835,RANGER,PALADIN,CLERIC
40,16,20,1.9745858608483546,2.8861546040872543,RANGER,PALADIN,CLERIC
41,16,20,1.9843990261043887,2.983123230873219,RANGER,PALADIN,CLERIC
42,16,20,1.985077410275804,3.0500488485513566,RANGER,PALADIN,CLERIC
43,16,20,2.0103116584318848,3.11798784720414,RANGER,PALADIN,CLERIC
44,16,20,2.0369627886793307,3.221907321279671,RANGER,PALADIN,CLERIC
45,16,20,2.0518938867231773,3.2994727666096235,RANGER,PALADIN,CLERIC
46,16,20,2.0795721867916894,3.3630860697113407,RANGER,PALADIN,CLERIC
47,16,20,2.134199126567937,3.3967955001220185,RANGER,PALADIN,CLERIC
48,16,20,2.1808578858586447,3.462751989700852,RANGER,PALADIN,CLERIC
49,16,20,2.2061112916592185,3.49510151016057,RANGER,PALADIN,CLERIC
50,16,20,2.238542268517607,3.558690004843279,RANGER,PALADIN,CLERIC
51,16,20,2.2685573594768638,3.5931618446741975,RANGER,PALADIN,CLERIC
52,16,20,2.31459895839099,3.6203931639311904,RANGER,PALADIN,CLERIC
53,16,20,2.3445972631974232,3.6667906256864002,RANGER,PALADIN,CLERIC
54,16,20,2.3830501646760593,3.6869934671586835,RANGER,PALADIN,CLERIC
55,16,20,2.4118212553016383,3.709192899085201,RANGER,PALADIN,CLERIC
56,16,20,2.437895991381267,3.713073079976792,RANGER,PALADIN,CLERIC
57,16,20,2.4747087526352463,3.7289615318445213,RANGER,PALADIN,CLERIC
58,16,20,2.506295559484739,3.7376746220894486,RANGER,PALADIN,CLERIC
59,16,20,2.554524206558173,3.7397677370170523,WARRIOR,PALADIN,CLERIC
60,16,20,2.6237419593437394,3.747818475780651,WARRIOR,PALADIN,CLERIC
61,16,20,2.6975056114158846,3.760731747372681,WARRIOR,PALADIN,CLERIC
62,16,20,2.774532663894136,3.764486687607338,WARRIOR,PALADIN,CLERIC
63,16,20,2.85230554317788,3.7758958267048337,WARRIOR,PALADIN,CLERIC
64,16,20,2.9306222816330108,3.794286032941918,WARRIOR,PALADIN,CLERIC
65,16,20,3.0204512717276533,3.811115345276428,WARRIOR,PALADIN,CLERIC
66,16,20,3.1121909399261627,3.8331432457400894,WARRIOR,PALADIN,CLERIC
67,16,20,3.2058622321347485,3.8497446982109107,WARRIOR,PALADIN,CLERIC
68,16,20,3.296097339482662,3.8734890564663615,WARRIOR,PALADIN,CLERIC
69,16,20,3.4002292480094676,3.889080136519496,WARRIOR,PALADIN,CLERIC
70,16,20,3.494554011273121,3.9134491789775128,WARRIOR,PALADIN,CLERIC
71,16,20,3.5969688870968852,3.934786144556579,WARRIOR,PALADIN,CLERIC
72,16,20,3.7039779348364554,3.9613099307503674,WARRIOR,PALADIN,CLERIC
73,16,20,3.8120996520149664,3.9827088516515285,WARRIOR,PALADIN,CLERIC
74,16,20,3.9252064288134436,3.9998737645580595,WARRIOR,PALADIN,CLERIC
75,16,20,4.047641066416752,4.056881203617535,WARRIOR,PALADIN,CLERIC
76,16,20,4.168697601871285,4.088711112989363,WARRIOR,PALADIN,CLERIC
77,16,20,4.291782734879668,4.128549517519864,WARRIOR,PALADIN,CLERIC
78,16,20,4.411223005670739,4.1778115298906515,WARRIOR,PALADIN,CLERIC
79,16,20,4.540927237427428,4.259444575704019,WARRIOR,PALADIN,CLERIC
80,16,20,4.673601566678909,4.313835592517279,WARRIOR,PALADIN,CLERIC
81,16,20,4.809611073238185,4.390194899229094,WARRIOR,PALADIN,CLERIC
82,16,20,4.945209352376279,4.484311025383891,WARRIOR,PALADIN,CLERIC
83,16,20,5.081429820944128,4.520359421882181,WARRIOR,PALADIN,CLERIC
84,16,20,5.221676642649609,4.587658354285806,WARRIOR,PALADIN,CLERIC
85,16,20,5.361073330171728,4.667715690624075,WARRIOR,PALADIN,CLERIC
86,16,20,5.504481574211106,4.739304611221362,WARRIOR,PALADIN,CLERIC
87,16,20,5.65226859146295,4.827643310078211,WARRIOR,PALADIN,CLERIC
88,16,20,5.795497378520609,4.905643831952755,WARRIOR,PALADIN,CLERIC
89,16,20,5.9498693619418175,4.969804424466573,WARRIOR,PALADIN,CLERIC
90,16,20,6.107884003201236,5.040448986799473,WARRIOR,PALADIN,CLERIC
91,16,20,6.267550055733273,5.102237084751793,WARRIOR,PALADIN,CLERIC
92,16,20,6.427385055900436,5.184648361371091,WARRIOR,PALADIN,CLERIC
93,16,20,6.585562804041345,5.255836955037796,WARRIOR,PALADIN,CLERIC
94,16,20,6.7454120692418185,5.326330971045379,WARRIOR,PALADIN,CLERIC
95,16,20,6.909943252551232,5.404468814779961,WARRIOR,PALADIN,CLERIC
96,16,20,7.0700641231908,5.471018792455351,WARRIOR,PALADIN,CLERIC
97,16,20,7.223958275672171,5.54228969913948,WARRIOR,PALADIN,CLERIC
98,16,20,7.381738841546404,5.6238365133443935,WARRIOR,PALADIN,CLERIC
99,16,20,7.539149442015836,5.7114372597409035,WARRIOR,PALADIN,CLERIC
100,16,20,7.69108346034022,5.792999171000202,WARRIOR,PALADIN,CLERIC
20,24,1,1.3012182883096024,1.4810470958666944,ROGUE,PALADIN,CLERIC
21,24,1,1.3657828024654206,1.5055868829776164,ROGUE,PALADIN,CLERIC
22,24,1,1.4657747878125127,1.47525440595917,ROGUE,PALADIN,CLERIC
23,24,1,1.4981822530585776,1.515382366165885,ROGUE,PALADIN,CLERIC
24,24,1,1.5506789480187688,1.5110028168457301,ROGUE,PALADIN,CLERIC
25,24,1,1.5864091297636218,1.52200823919717,ROGUE,PALADIN,CLERIC
26,24,1,1.6075122919626317,1.5915771983370908,ROGUE,PALADIN,CLERIC
27,24,1,1.6368390980825653,1.5935450438874676,ROGUE,PALADIN,CLERIC
28,24,1,1.6637156629640382,1.6532684709412715,ROGUE,PALADIN,CLERIC
29,24,1,1.6861582697724309,1.7475995260155752,ROGUE,PALADIN,CLERIC
30,24,1,1.6717729905023182,1.8544456960466693,ROGUE,PALADIN,CLERIC
31,24,1,1.6185164326812496,1.9599741693006933,ROGUE,PALADIN,CLERIC
32,24,1,1.6122654451699692,2.07103312034147,RANGER,PALADIN,CLERIC
33,24,1,1.6797751117973991,2.1624602937502235,RANGER,PALADIN,CLERIC
34,24,1,1.704409631792414,2.3100653866729104,RANGER,PALADIN,CLERIC
35,24,1,1.7574670327841213,2.459533369854605,RANGER,PALADIN,CLERIC
36,24,1,1.7809011165675903,2.559445593988463,RANGER,PALADIN,CLERIC
37,24,1,1.792026586039186,2.656216224014063,RANGER,PALADIN,CLERIC
38,24,1,1.8883665151025797,2.7148448284296745,RANGER,PALADIN,CLERIC
39,24,1,1.9445371882040652,2.779926336068428,RANGER,PALADIN,CLERIC
40,24,1,1.9745858608483546,2.8861546040872543,RANGER,PALADIN,CLERIC
41,24,1,1.9843990261043887,2.983123230873219,RANGER,PALADIN,CLERIC
42,24,1,1.985077410275804,3.0500488485513566,RANGER,PALADIN,CLERIC
43,24,1,2.0103116584318848,3.117987847204162,RANGER,PALADIN,CLERIC
44,24,1,2.0369627886792863,3.2219073212796934,RANGER,PALADIN,CLERIC
45,24,1,2.0518938867231773,3.2994727666096013,RANGER,PALADIN,CLERIC
46,24,1,2.0795721867916894,3.363086069711385,RANGER,PALADIN,CLERIC
47,24,1,2.134199126567915,3.3967955001220407,RANGER,PALADIN,CLERIC
48,24,1,2.1808578858586447,3.462751989700874,RANGER,PALADIN,CLERIC
49,24,1,2.2061112916592185,3.49510151016057,RANGER,PALADIN,CLERIC
50,24,1,2.238542268517607,3.5586900048433012,RANGER,PALADIN,CLERIC
51,24,1,2.268557359476886,3.5931618446741753,RANGER,PALADIN,CLERIC
52,24,1,2.3145989583909454,3.6203931639311904,RANGER,PALADIN,CLERIC
53,24,1,2.3445972631974232,3.6667906256864002,RANGER,PALADIN,CLERIC
54,24,1,2.3830501646760593,3.6869934671586613,RANGER,PALADIN,CLERIC
55,24,1,2.4118212553016383,3.7091928990851786,RANGER,PALADIN,CLERIC
56,24,1,2.437895991381267,3.7130730799768363,RANGER,PALADIN,CLERIC
57,24,1,2.474708752635224,3.7289615318445435,RANGER,PALADIN,CLERIC
58,24,1,2.506295559484739,3.7376746220894708,RANGER,PALADIN,CLERIC
59,24,1,2.554524206558151,3.7397677370170523,WARRIOR,PALADIN,CLERIC
60,24,1,2.6237419593437394,3.747818475780651,WARRIOR,PALADIN,CLERIC
61,24,1,2.6975056114158846,3.760731747372681,WARRIOR,PALADIN,CLERIC
62,24,1,2.774532663894136,3.7644866876073824,WARRIOR,PALADIN,CLERIC
63,24,1,2.852305543177902,3.7758958267048337,WARRIOR,PALADIN,CLERIC
64,24,1,2.9306222816329663,3.7942860329418737,WARRIOR,PALADIN,CLERIC
65,24,1,3.020451271727609,3.8111153452763835,WARRIOR,PALADIN,CLERIC
66,24,1,3.1121909399261405,3.8331432457400894,WARRIOR,PALADIN,CLERIC
67,24,1,3.205862232134704,3.8497446982109107,WARRIOR,PALADIN,CLERIC
68,24,1,3.29609733948264,3.8734890564663838,WARRIOR,PALADIN,CLERIC
69,24,1,3.4002292480094676,3.889080136519474,WARRIOR,PALADIN,CLERIC
70,24,1,3.494554011273099,3.913449178977557,WARRIOR,PALADIN,CLERIC
71,24,1,3.596968887096863,3.9347861445566013,WARRIOR,PALADIN,CLERIC
72,24,1,3.7039779348364332,3.9613099307503674,WARRIOR,PALADIN,CLERIC
73,24,1,3.812099652014944,3.9827088516515285,WARRIOR,PALADIN,CLERIC
74,24,1,3.9252064288134436,3.9998737645580817,WARRIOR,PALADIN,CLERIC
75,24,1,4.0476410664167295,4.056881203617579,WARRIOR,PALADIN,CLERIC
76,24,1,4.168697601871307,4.088711112989385,WARRIOR,PALADIN,CLERIC
77,24,1,4.291782734879668,4.128549517519886,WARRIOR,PALADIN,CLERIC
78,24,1,4.411223005670739,4.1778115298906515,WARRIOR,PALADIN,CLERIC
79,24,1,4.540927237427428,4.259444575704041,WARRIOR,PALADIN,CLERIC
80,24,1,4.673601566678931,4.313835592517279,WARRIOR,PALADIN,CLERIC
81,24,1,4.809611073238185,4.390194899229094,WARRIOR,PALADIN,CLERIC
82,24,1,4.945209352376256,4.484311025383936,WARRIOR,PALADIN,CLERIC
83,24,1,5.081429820944128,4.520359421882159,WARRIOR,PALADIN,CLERIC
84,24,1,5.221676642649631,4.587658354285784,WARRIOR,PALADIN,CLERIC
85,24,1,5.361073330171751,4.667715690624119,WARRIOR,PALADIN,CLERIC
86,24,1,5.504481574211129,4.739304611221362,WARRIOR,PALADIN,CLERIC
87,24,1,5.652268591462972,4.827643310078211,WARRIOR,PALADIN,CLERIC
88,24,1,5.795497378520631,4.905643831952755,WARRIOR,PALADIN,CLERIC
89,24,1,5.94986936194184,4.969804424466573,WARRIOR,PALADIN,CLERIC
90,24,1,6.107884003201258,5.040448986799473,WARRIOR,PALADIN,CLERIC
91,24,1,6.267550055733251,5.102237084751815,WARRIOR,PALADIN,CLERIC
92,24,1,6.427385055900414,5.184648361371091,WARRIOR,PALADIN,CLERIC
93,24,1,6.585562804041389,5.255836955037796,WARRIOR,PALADIN,CLERIC
94,24,1,6.7454120692418185,5.326330971045379,WARRIOR,PALADIN,CLERIC
95,24,1,6.909943252551276,5.404468814779961,WARRIOR,PALADIN,CLERIC
96,24,1,7.070064123190822,5.471018792455329,WARRIOR,PALADIN,CLERIC
97,24,1,7.223958275672193,5.542289699139458,WARRIOR,PALADIN,CLERIC
98,24,1,7.381738841546381,5.623836513344371,WARRIOR,PALADIN,CLERIC
99,24,1,7.539149442015836,5.711437259740837,WARRIOR,PALADIN,CLERIC
100,24,1,7.69108346034022,5.792999171000224,WARRIOR,PALADIN,CLERIC
20,24,5,1.301218288309669,1.4810470958667166,ROGUE,PALADIN,CLERIC
21,24,5,1.3657828024654428,1.5055868829776164,ROGUE,PALADIN,CLERIC
22,24,5,1.4657747878125127,1.4752544059591477,ROGUE,PALADIN,CLERIC
23,24,5,1.4981822530585776,1.5153823661658627,ROGUE,PALADIN,CLERIC
24,24,5,1.5506789480187688,1.511002816845708,ROGUE,PALADIN,CLERIC
25,24,5,1.5864091297635996,1.52200823919717,ROGUE,PALADIN,CLERIC
26,24,5,1.6075122919626539,1.5915771983370464,ROGUE,PALADIN,CLERIC
27,24,5,1.6368390980826097,1.5935450438874676,ROGUE,PALADIN,CLERIC
28,24,5,1.6637156629640382,1.653268470941227,ROGUE,PALADIN,CLERIC
29,24,5,1.686158269772453,1.747599526015553,ROGUE,PALADIN,CLERIC
30,24,5,1.6717729905023182,1.854445696046647,ROGUE,PALADIN,CLERIC
31,24,5,1.6185164326812496,1.9599741693006933,ROGUE,PALADIN,CLERIC
32,24,5,1.612265445169947,2.07103312034147,RANGER,PALADIN,CLERIC
33,24,5,1.6797751117973991,2.162460293750179,RANGER,PALADIN,CLERIC
34,24,5,1.704409631792414,2.3100653866729104,RANGER,PALADIN,CLERIC
35,24,5,1.7574670327841213,2.459533369854605,RANGER,PALADIN,CLERIC
36,24,5,1.780901116567568,2.559445593988463,RANGER,PALADIN,CLERIC
37,24,5,1.7920265860391416,2.656216224014041,RANGER,PALADIN,CLERIC
38,24,5,1.8883665151025797,2.7148448284296522,RANGER,PALADIN,CLERIC
39,24,5,1.9445371882040652,2.7799263360683835,RANGER,PALADIN,CLERIC
40,24,5,1.9745858608483546,2.8861546040872543,RANGER,PALADIN,CLERIC
41,24,5,1.9843990261044109,2.983123230873219,RANGER,PALADIN,CLERIC
42,24,5,1.9850774102757596,3.0500488485513344,RANGER,PALADIN,CLERIC
43,24,5,2.0103116584318848,3.11798784720414,RANGER,PALADIN,CLERIC
44,24,5,2.0369627886792863,3.2219073212797156,RANGER,PALADIN,CLERIC
45,24,5,2.051893886723155,3.2994727666096235,RANGER,PALADIN,CLERIC
46,24,5,2.079572186791667,3.363086069711385,RANGER,PALADIN,CLERIC
47,24,5,2.134199126567937,3.3967955001220407,RANGER,PALADIN,CLERIC
48,24,5,2.1808578858586447,3.462751989700874,RANGER,PALADIN,CLERIC
49,24,5,2.2061112916591963,3.495101510160592,RANGER,PALADIN,CLERIC
50,24,5,2.238542268517585,3.558690004843279,RANGER,PALADIN,CLERIC
51,24,5,2.2685573594768638,3.5931618446741753,RANGER,PALADIN,CLERIC
52,24,5,2.31459895839099,3.620393163931168,RANGER,PALADIN,CLERIC
53,24,5,2.344597263197401,3.6667906256864002,RANGER,PALADIN,CLERIC
54,24,5,2.3830501646760593,3.6869934671587057,RANGER,PALADIN,CLERIC
55,24,5,2.411821255301594,3.7091928990851786,RANGER,PALADIN,CLERIC
56,24,5,2.437895991381245,3.713073079976792,RANGER,PALADIN,CLERIC
57,24,5,2.474708752635224,3.7289615318445213,RANGER,PALADIN,CLERIC
58,24,5,2.5062955594846947,3.7376746220894708,RANGER,PALADIN,CLERIC
59,24,5,2.5545242065581286,3.7397677370170523,WARRIOR,PALADIN,CLERIC
60,24,5,2.6237419593437172,3.7478184757806288,WARRIOR,PALADIN,CLERIC
61,24,5,2.69750561141584,3.760731747372703,WARRIOR,PALADIN,CLERIC
62,24,5,2.774532663894136,3.7644866876073824,WARRIOR,PALADIN,CLERIC
63,24,5,2.85230554317788,3.7758958267048337,WARRIOR,PALADIN,CLERIC
64,24,5,2.9306222816329663,3.794286032941896,WARRIOR,PALADIN,CLERIC
65,24,5,3.020451271727609,3.8111153452764057,WARRIOR,PALADIN,CLERIC
66,24,5,3.1121909399261183,3.8331432457401116,WARRIOR,PALADIN,CLERIC
67,24,5,3.2058622321347263,3.8497446982108885,WARRIOR,PALADIN,CLERIC
68,24,5,3.29609733948264,3.8734890564663615,WARRIOR,PALADIN,CLERIC
69,24,5,3.4002292480094676,3.889080136519474,WARRIOR,PALADIN,CLERIC
70,24,5,3.4945540112730766,3.913449178977535,WARRIOR,PALADIN,CLERIC
71,24,5,3.5969688870968186,3.9347861445566013,WARRIOR,PALADIN,CLERIC
72,24,5,3.703977934836411,3.961309930750345,WARRIOR,PALADIN,CLERIC
73,24,5,3.8120996520148998,3.9827088516515063,WARRIOR,PALADIN,CLERIC
74,24,5,3.925206428813399,3.9998737645580817,WARRIOR,PALADIN,CLERIC
75,24,5,4.0476410664167295,4.056881203617579,WARRIOR,PALADIN,CLERIC
76,24,5,4.168697601871241,4.088711112989385,WARRIOR,PALADIN,CLERIC
77,24,5,4.291782734879646,4.128549517519864,WARRIOR,PALADIN,CLERIC
78,24,5,4.411223005670695,4.177811529890674,WARRIOR,PALADIN,CLERIC
79,24,5,4.540927237427406,4.259444575704041,WARRIOR,PALADIN,CLERIC
80,24,5,4.673601566678887,4.313835592517301,WARRIOR,PALADIN,CLERIC
81,24,5,4.8096110732381625,4.390194899229094,WARRIOR,PALADIN,CLERIC
82,24,5,4.945209352376234,4.484311025383958,WARRIOR,PALADIN,CLERIC
83,24,5,5.081429820944083,4.520359421882225,WARRIOR,PALADIN,CLERIC
84,24,5,5.221676642649564,4.587658354285806,WARRIOR,PALADIN,CLERIC
85,24,5,5.361073330171706,4.667715690624119,WARRIOR,PALADIN,CLERIC
86,24,5,5.504481574211106,4.739304611221362,WARRIOR,PALADIN,CLERIC
87,24,5,5.652268591462928,4.827643310078211,WARRIOR,PALADIN,CLERIC
88,24,5,5.7954973785205866,4.905643831952777,WARRIOR,PALADIN,CLERIC
89,24,5,5.949869361941795,4.969804424466551,WARRIOR,PALADIN,CLERIC
90,24,5,6.107884003201236,5.040448986799473,WARRIOR,PALADIN,CLERIC
91,24,5,6.267550055733229,5.102237084751815,WARRIOR,PALADIN,CLERIC
92,24,5,6.427385055900392,5.184648361371114,WARRIOR,PALADIN,CLERIC
93,24,5,6.585562804041367,5.25583695503784,WARRIOR,PALADIN,CLERIC
94,24,5,6.745412069241796,5.326330971045379,WARRIOR,PALADIN,CLERIC
95,24,5,6.909943252551232,5.404468814779961,WARRIOR,PALADIN,CLERIC
96,24,5,7.0700641231908,5.471018792455351,WARRIOR,PALADIN,CLERIC
97,24,5,7.223958275672171,5.54228969913948,WARRIOR,PALADIN,CLERIC
98,24,5,7.381738841546404,5.623836513344416,WARRIOR,PALADIN,CLERIC
99,24,5,7.539149442015813,5.711437259740881,WARRIOR,PALADIN,CLERIC
100,24,5,7.69108346034022,5.792999171000224,WARRIOR,PALADIN,CLERIC
20,24,12,1.3012182883096246,1.4810470958666944,ROGUE,PALADIN,CLERIC
21,24,12,1.3657828024654428,1.5055868829776387,ROGUE,PALADIN,CLERIC
22,24,12,1.4657747878125127,1.4752544059591477,ROGUE,PALADIN,CLERIC
23,24,12,1.4981822530585998,1.515382366165885,ROGUE,PALADIN,CLERIC
24,24,12,1.550678948018791,1.511002816845708,ROGUE,PALADIN,CLERIC
25,24,12,1.5864091297636218,1.52200823919717,ROGUE,PALADIN,CLERIC
26,24,12,1.6075122919626095,1.5915771983370686,ROGUE,PALADIN,CLERIC
27,24,12,1.636839098082632,1.593545043887512,ROGUE,PALADIN,CLERIC
28,24,12,1.6637156629640382,1.6532684709412493,ROGUE,PALADIN,CLERIC
29,24,12,1.686158269772453,1.747599526015553,ROGUE,PALADIN,CLERIC
30,24,12,1.671772990502296,1.854445696046647,ROGUE,PALADIN,CLERIC
31,24,12,1.6185164326812718,1.9599741693006711,ROGUE,PALADIN,CLERIC
32,24,12,1.612265445169947,2.071033120341448,RANGER,PALADIN,CLERIC
33,24,12,1.6797751117974213,2.162460293750157,RANGER,PALADIN,CLERIC
34,24,12,1.704409631792414,2.3100653866729104,RANGER,PALADIN,CLERIC
35,24,12,1.7574670327841213,2.459533369854605,RANGER,PALADIN,CLERIC
36,24,12,1.780901116567568,2.5594455939884186,RANGER,PALADIN,CLERIC
37,24,12,1.7920265860391638,2.6562162240140186,RANGER,PALADIN,CLERIC
38,24,12,1.888366515102602,2.7148448284296745,RANGER,PALADIN,CLERIC
39,24,12,1.9445371882040652,2.7799263360683835,RANGER,PALADIN,CLERIC
40,24,12,1.9745858608483546,2.886154604087232,RANGER,PALADIN,CLERIC
41,24,12,1.9843990261043443,2.983123230873219,RANGER,PALADIN,CLERIC
42,24,12,1.9850774102757818,3.0500488485513566,RANGER,PALADIN,CLERIC
43,24,12,2.0103116584318848,3.11798784720414,RANGER,PALADIN,CLERIC
44,24,12,2.0369627886793085,3.2219073212797156,RANGER,PALADIN,CLERIC
45,24,12,2.0518938867231995,3.2994727666096235,RANGER,PALADIN,CLERIC
46,24,12,2.079572186791667,3.363086069711363,RANGER,PALADIN,CLERIC
47,24,12,2.1341991265679594,3.396795500122085,RANGER,PALADIN,CLERIC
48,24,12,2.1808578858586225,3.462751989700874,RANGER,PALADIN,CLERIC
49,24,12,2.2061112916592185,3.49510151016057,RANGER,PALADIN,CLERIC
50,24,12,2.238542268517607,3.5586900048433234,RANGER,PALADIN,CLERIC
51,24,12,2.268557359476886,3.5931618446741975,RANGER,PALADIN,CLERIC
52,24,12,2.3145989583909676,3.620393163931168,RANGER,PALADIN,CLERIC
53,24,12,2.3445972631974232,3.6667906256864002,RANGER,PALADIN,CLERIC
54,24,12,2.3830501646760593,3.6869934671586835,RANGER,PALADIN,CLERIC
55,24,12,2.411821255301616,3.7091928990851786,RANGER,PALADIN,CLERIC
56,24,12,2.437895991381267,3.7130730799768585,RANGER,PALADIN,CLERIC
57,24,12,2.474708752635224,3.7289615318445213,RANGER,PALADIN,CLERIC
58,24,12,2.506295559484717,3.737674622089493,RANGER,PALADIN,CLERIC
59,24,12,2.554524206558151,3.7397677370170745,WARRIOR,PALADIN,CLERIC
60,24,12,2.6237419593437394,3.747818475780673,WARRIOR,PALADIN,CLERIC
61,24,12,2.6975056114158846,3.760731747372681,WARRIOR,PALADIN,CLERIC
62,24,12,2.774532663894158,3.7644866876074046,WARRIOR,PALADIN,CLERIC
63,24,12,2.852305543177902,3.775895826704856,WARRIOR,PALADIN,CLERIC
64,24,12,2.9306222816329663,3.7942860329418737,WARRIOR,PALADIN,CLERIC
65,24,12,3.020451271727609,3.811115345276428,WARRIOR,PALADIN,CLERIC
66,24,12,3.1121909399261405,3.8331432457401116,WARRIOR,PALADIN,CLERIC
67,24,12,3.2058622321347263,3.8497446982109107,WARRIOR,PALADIN,CLERIC
68,24,12,3.29609733948264,3.873489056466406,WARRIOR,PALADIN,CLERIC
69,24,12,3.4002292480094454,3.8890801365195404,WARRIOR,PALADIN,CLERIC
70,24,12,3.494554011273121,3.913449178977535,WARRIOR,PALADIN,CLERIC
71,24,12,3.596968887096841,3.9347861445566235,WARRIOR,PALADIN,CLERIC
72,24,12,3.7039779348364332,3.9613099307503896,WARRIOR,PALADIN,CLERIC
73,24,12,3.812099652014922,3.9827088516515285,WARRIOR,PALADIN,CLERIC
74,24,12,3.9252064288134436,3.9998737645580817,WARRIOR,PALADIN,CLERIC
75,24,12,4.0476410664167295,4.056881203617557,WARRIOR,PALADIN,CLERIC
76,24,12,4.168697601871285,4.088711112989407,WARRIOR,PALADIN,CLERIC
77,24,12,4.291782734879646,4.128549517519886,WARRIOR,PALADIN,CLERIC
78,24,12,4.411223005670717,4.177811529890674,WARRIOR,PALADIN,CLERIC
79,24,12,4.540927237427428,4.259444575704041,WARRIOR,PALADIN,CLERIC
80,24,12,4.673601566678909,4.313835592517279,WARRIOR,PALADIN,CLERIC
81,24,12,4.809611073238185,4.39019489922905,WARRIOR,PALADIN,CLERIC
82,24,12,4.945209352376256,4.484311025383936,WARRIOR,PALADIN,CLERIC
83,24,12,5.081429820944106,4.520359421882159,WARRIOR,PALADIN,CLERIC
84,24,12,5.221676642649564,4.587658354285784,WARRIOR,PALADIN,CLERIC
85,24,12,5.361073330171728,4.667715690624119,WARRIOR,PALADIN,CLERIC
86,24,12,5.504481574211129,4.73930461122134,WARRIOR,PALADIN,CLERIC
87,24,12,5.65226859146295,4.827643310078211,WARRIOR,PALADIN,CLERIC
88,24,12,5.795497378520609,4.905643831952755,WARRIOR,PALADIN,CLERIC
89,24,12,5.94986936194184,4.969804424466551,WARRIOR,PALADIN,CLERIC
90,24,12,6.10788400320128,5.040448986799451,WARRIOR,PALADIN,CLERIC
91,24,12,6.267550055733229,5.102237084751815,WARRIOR,PALADIN,CLERIC
92,24,12,6.427385055900436,5.184648361371136,WARRIOR,PALADIN,CLERIC
93,24,12,6.585562804041389,5.255836955037796,WARRIOR,PALADIN,CLERIC
94,24,12,6.7454120692418185,5.326330971045379,WARRIOR,PALADIN,CLERIC
95,24,12,6.909943252551254,5.404468814779939,WARRIOR,PALADIN,CLERIC
96,24,12,7.0700641231908445,5.471018792455351,WARRIOR,PALADIN,CLERIC
97,24,12,7.223958275672149,5.54228969913948,WARRIOR,PALADIN,CLERIC
98,24,12,7.381738841546404,5.623836513344371,WARRIOR,PALADIN,CLERIC
99,24,12,7.539149442015836,5.7114372597409035,WARRIOR,PALADIN,CLERIC
100,24,12,7.69108346034022,5.792999171000179,WARRIOR,PALADIN,CLERIC
20,24,20,1.3012182883096246,1.4810470958666722,ROGUE,PALADIN,CLERIC
21,24,20,1.3657828024654206,1.5055868829776387,ROGUE,PALADIN,CLERIC
22,24,20,1.465774787812535,1.4752544059591477,ROGUE,PALADIN,CLERIC
23,24,20,1.4981822530585998,1.515382366165885,ROGUE,PALADIN,CLERIC
24,24,20,1.550678948018791,1.511002816845708,ROGUE,PALADIN,CLERIC
25,24,20,1.5864091297636218,1.52200823919717,ROGUE,PALADIN,CLERIC
26,24,20,1.6075122919626095,1.5915771983370686,ROGUE,PALADIN,CLERIC
27,24,20,1.6368390980826097,1.5935450438874899,ROGUE,PALADIN,CLERIC
28,24,20,1.6637156629640382,1.653268470941227,ROGUE,PALADIN,CLERIC
29,24,20,1.6861582697724309,1.7475995260155974,ROGUE,PALADIN,CLERIC
30,24,20,1.6717729905023182,1.8544456960466693,ROGUE,PALADIN,CLERIC
31,24,20,1.6185164326812496,1.9599741693006933,ROGUE,PALADIN,CLERIC
32,24,20,1.6122654451699248,2.07103312034147,RANGER,PALADIN,CLERIC
33,24,20,1.6797751117973991,2.162460293750179,RANGER,PALADIN,CLERIC
34,24,20,1.7044096317923918,2.3100653866729104,RANGER,PALADIN,CLERIC
35,24,20,1.7574670327841213,2.4595333698545607,RANGER,PALADIN,CLERIC
36,24,20,1.780901116567546,2.559445593988463,RANGER,PALADIN,CLERIC
37,24,20,1.7920265860391416,2.656216224014041,RANGER,PALADIN,CLERIC
38,24,20,1.8883665151025797,2.7148448284296745,RANGER,PALADIN,CLERIC
39,24,20,1.944537188204043,2.7799263360683835,RANGER,PALADIN,CLERIC
40,24,20,1.9745858608483546,2.8861546040872765,RANGER,PALADIN,CLERIC
41,24,20,1.9843990261043887,2.983123230873219,RANGER,PALADIN,CLERIC
42,24,20,1.9850774102757596,3.0500488485513566,RANGER,PALADIN,CLERIC
43,24,20,2.0103116584318848,3.11798784720414,RANGER,PALADIN,CLERIC
44,24,20,2.0369627886792863,3.2219073212796934,RANGER,PALADIN,CLERIC
45,24,20,2.0518938867231773,3.2994727666096013,RANGER,PALADIN,CLERIC
46,24,20,2.0795721867916894,3.363086069711363,RANGER,PALADIN,CLERIC
47,24,20,2.134199126567937,3.3967955001220407,RANGER,PALADIN,CLERIC
48,24,20,2.1808578858586225,3.462751989700874,RANGER,PALADIN,CLERIC
49,24,20,2.2061112916591963,3.495101510160592,RANGER,PALADIN,CLERIC
50,24,20,2.238542268517585,3.5586900048433012,RANGER,PALADIN,CLERIC
51,24,20,2.268557359476886,3.593161844674153,RANGER,PALADIN,CLERIC
52,24,20,2.3145989583909676,3.620393163931168,RANGER,PALADIN,CLERIC
53,24,20,2.3445972631974232,3.6667906256864002,RANGER,PALADIN,CLERIC
54,24,20,2.383050164676037,3.6869934671586613,RANGER,PALADIN,CLERIC
55,24,20,2.411821255301616,3.7091928990851786,RANGER,PALADIN,CLERIC
56,24,20,2.437895991381267,3.713073079976814,RANGER,PALADIN,CLERIC
57,24,20,2.474708752635202,3.7289615318445213,RANGER,PALADIN,CLERIC
58,24,20,2.5062955594846947,3.7376746220894708,RANGER,PALADIN,CLERIC
59,24,20,2.554524206558151,3.7397677370170745,WARRIOR,PALADIN,CLERIC
60,24,20,2.6237419593437394,3.747818475780651,WARRIOR,PALADIN,CLERIC
61,24,20,2.6975056114158624,3.760731747372703,WARRIOR,PALADIN,CLERIC
62,24,20,2.774532663894136,3.7644866876073824,WARRIOR,PALADIN,CLERIC
63,24,20,2.852305543177902,3.775895826704856,WARRIOR,PALADIN,CLERIC
64,24,20,2.9306222816329663,3.7942860329418737,WARRIOR,PALADIN,CLERIC
65,24,20,3.020451271727609,3.811115345276428,WARRIOR,PALADIN,CLERIC
66,24,20,3.1121909399261405,3.8331432457400894,WARRIOR,PALADIN,CLERIC
67,24,20,3.2058622321347263,3.8497446982109107,WARRIOR,PALADIN,CLERIC
68,24,20,3.29609733948264,3.8734890564663838,WARRIOR,PALADIN,CLERIC
69,24,20,3.4002292480094454,3.889080136519496,WARRIOR,PALADIN,CLERIC
70,24,20,3.494554011273099,3.913449178977557,WARRIOR,PALADIN,CLERIC
71,24,20,3.596968887096841,3.9347861445566013,WARRIOR,PALADIN,CLERIC
72,24,20,3.703977934836411,3.9613099307503896,WARRIOR,PALADIN,CLERIC
73,24,20,3.812099652014922,3.9827088516515285,WARRIOR,PALADIN,CLERIC
74,24,20,3.9252064288134436,3.9998737645580595,WARRIOR,PALADIN,CLERIC
75,24,20,4.0476410664167295,4.056881203617624,WARRIOR,PALADIN,CLERIC
76,24,20,4.168697601871263,4.0887111129893405,WARRIOR,PALADIN,CLERIC
77,24,20,4.291782734879668,4.128549517519864,WARRIOR,PALADIN,CLERIC
78,24,20,4.411223005670695,4.177811529890629,WARRIOR,PALADIN,CLERIC
79,24,20,4.540927237427428,4.259444575704041,WARRIOR,PALADIN,CLERIC
80,24,20,4.673601566678909,4.313835592517257,WARRIOR,PALADIN,CLERIC
81,24,20,4.809611073238185,4.390194899229072,WARRIOR,PALADIN,CLERIC
82,24,20,4.945209352376256,4.484311025383936,WARRIOR,PALADIN,CLERIC
83,24,20,5.081429820944128,4.520359421882181,WARRIOR,PALADIN,CLERIC
84,24,20,5.221676642649586,4.587658354285784,WARRIOR,PALADIN,CLERIC
85,24,20,5.361073330171751,4.667715690624119,WARRIOR,PALADIN,CLERIC
86,24,20,5.504481574211151,4.73930461122134,WARRIOR,PALADIN,CLERIC
87,24,20,5.65226859146295,4.827643310078189,WARRIOR,PALADIN,CLERIC
88,24,20,5.795497378520631,4.905643831952755,WARRIOR,PALADIN,CLERIC
89,24,20,5.94986936194184,4.969804424466573,WARRIOR,PALADIN,CLERIC
90,24,20,6.107884003201303,5.040448986799473,WARRIOR,PALADIN,CLERIC
91,24,20,6.267550055733251,5.102237084751793,WARRIOR,PALADIN,CLERIC
92,24,20,6.427385055900436,5.184648361371091,WARRIOR,PALADIN,CLERIC
93,24,20,6.585562804041389,5.255836955037818,WARRIOR,PALADIN,CLERIC
94,24,20,6.7454120692418185,5.326330971045357,WARRIOR,PALADIN,CLERIC
95,24,20,6.909943252551254,5.404468814779961,WARRIOR,PALADIN,CLERIC
96,24,20,7.070064123190822,5.471018792455351,WARRIOR,PALADIN,CLERIC
97,24,20,7.223958275672193,5.542289699139458,WARRIOR,PALADIN,CLERIC
98,24,20,7.381738841546426,5.6238365133443935,WARRIOR,PALADIN,CLERIC
99,24,20,7.53914944201588,5.711437259740881,WARRIOR,PALADIN,CLERIC
100,24,20,7.69108346034022,5.792999171000202,WARRIOR,PALADIN,CLERIC
