level,gap_h,session_min,growth_spread_pct,sale_spread_pct,fastest,slowest,highest_sale,lowest_sale
20,4,1,1.2259605206038415,2.085649492188524,CLERIC,MAGE,CLERIC,MAGE
21,4,1,1.179726841608586,2.0818242496582373,CLERIC,MAGE,CLERIC,MAGE
22,4,1,1.1259415967928676,2.07805318121439,CLERIC,MAGE,CLERIC,MAGE
23,4,1,1.0921470523201027,2.088862168619632,CLERIC,MAGE,CLERIC,MAGE
24,4,1,1.0730210072710245,2.121762866374133,CLERIC,MAGE,CLERIC,MAGE
25,4,1,1.0562616469268482,2.1503238888449516,CLERIC,MAGE,CLERIC,MAGE
26,4,1,1.0310560198036223,2.1758461613371693,CLERIC,MAGE,CLERIC,MAGE
27,4,1,1.003613131486869,2.19881378641138,CLERIC,MAGE,CLERIC,MAGE
28,4,1,0.9717908215563176,2.221729701189523,CLERIC,MAGE,CLERIC,MAGE
29,4,1,0.9641464126083799,2.2734225101973093,CLERIC,MAGE,CLERIC,MAGE
30,4,1,0.9209901234695339,2.2869920036473257,CLERIC,MAGE,CLERIC,MAGE
31,4,1,0.9000262879478083,2.3182875385707957,CLERIC,MAGE,CLERIC,MAGE
32,4,1,0.8970042830243274,2.3715692303672764,CLERIC,MAGE,CLERIC,MAGE
33,4,1,0.9221225786951726,2.40736250722855,CLERIC,PALADIN,CLERIC,MAGE
34,4,1,0.9363329399210363,2.4360996021959735,CLERIC,PALADIN,CLERIC,MAGE
35,4,1,0.9438373932766364,2.4570639412627937,CLERIC,PALADIN,CLERIC,MAGE
36,4,1,0.9628138270662889,2.48031542251268,CLERIC,PALADIN,CLERIC,MAGE
37,4,1,0.9775224445166542,2.561419832279088,CLERIC,PALADIN,CLERIC,ROGUE
38,4,1,0.9696509953015742,2.6802206264143535,CLERIC,PALADIN,CLERIC,ROGUE
39,4,1,0.9765134971648104,2.6934365694716966,CLERIC,PALADIN,CLERIC,ROGUE
40,4,1,0.9816253539083997,2.693948335141294,CLERIC,PALADIN,CLERIC,ROGUE
41,4,1,0.9738426860104399,2.7223612237993633,CLERIC,PALADIN,CLERIC,ROGUE
42,4,1,0.9778991338862619,2.759114796009743,CLERIC,PALADIN,CLERIC,ROGUE
43,4,1,1.002470180197701,2.83281672416944,WARRIOR,PALADIN,CLERIC,ROGUE
44,4,1,1.0479079027438942,2.8681329037186343,WARRIOR,PALADIN,CLERIC,ROGUE
45,4,1,1.0903658497865676,2.9285688790930964,WARRIOR,PALADIN,CLERIC,ROGUE
46,4,1,1.1338710498722593,2.9599490532291606,WARRIOR,PALADIN,CLERIC,ROGUE
47,4,1,1.1775191348116554,3.0040398910314847,WARRIOR,PALADIN,CLERIC,ROGUE
48,4,1,1.226792898151885,3.028610750214611,WARRIOR,PALADIN,CLERIC,ROGUE
49,4,1,1.2825562649020572,3.0989276165668267,WARRIOR,PALADIN,CLERIC,ROGUE
50,4,1,1.340133571037394,3.142396103124989,WARRIOR,PALADIN,CLERIC,ROGUE
51,4,1,1.3958946732121502,3.176622380103833,WARRIOR,PALADIN,CLERIC,ROGUE
52,4,1,1.4652283012445588,3.2379137117601875,WARRIOR,PALADIN,CLERIC,ROGUE
53,4,1,1.536107808835263,3.2704954597891467,WARRIOR,PALADIN,CLERIC,ROGUE
54,4,1,1.606887858197581,3.3395733599540955,WARRIOR,PALADIN,CLERIC,ROGUE
55,4,1,1.677599929720075,3.3785631100839097,WARRIOR,PALADIN,CLERIC,ROGUE
56,4,1,1.7573664519166865,3.4193191349740193,WARRIOR,PALADIN,CLERIC,ROGUE
57,4,1,1.8423363301614648,3.4329283776932007,WARRIOR,PALADIN,CLERIC,ROGUE
58,4,1,1.9269221713460016,3.476957740298592,WARRIOR,PALADIN,CLERIC,ROGUE
59,4,1,2.017011228816612,3.5098004339128686,WARRIOR,PALADIN,CLERIC,ROGUE
60,4,1,2.1070373521814734,3.5404669277592227,WARRIOR,PALADIN,CLERIC,ROGUE
61,4,1,2.1990587118367433,3.574819159744158,WARRIOR,PALADIN,CLERIC,ROGUE
62,4,1,2.2891988998420487,3.620651421097798,WARRIOR,PALADIN,CLERIC,ROGUE
63,4,1,2.3839688918652513,3.6564822690060117,WARRIOR,PALADIN,CLERIC,ROGUE
64,4,1,2.4821271712369475,3.727015742464901,WARRIOR,PALADIN,CLERIC,ROGUE
65,4,1,2.581761006240346,3.7874491610585537,WARRIOR,PALADIN,CLERIC,ROGUE
66,4,1,2.6842394040457407,3.827545023825496,WARRIOR,PALADIN,CLERIC,ROGUE
67,4,1,2.7886840418560155,3.8731050381565435,WARRIOR,PALADIN,CLERIC,ROGUE
68,4,1,2.8908431105053145,3.947365508861944,WARRIOR,PALADIN,CLERIC,ROGUE
69,4,1,2.997081961441017,3.9941872595323336,WARRIOR,PALADIN,CLERIC,ROGUE
70,4,1,3.1064662603131676,4.050283294221613,WARRIOR,PALADIN,CLERIC,ROGUE
71,4,1,3.2169759053253477,4.10295427105849,WARRIOR,PALADIN,CLERIC,ROGUE
72,4,1,3.331557020916698,4.168337764346264,WARRIOR,PALADIN,CLERIC,ROGUE
73,4,1,3.44603294560919,4.232164958590157,WARRIOR,PALADIN,CLERIC,ROGUE
74,4,1,3.569827533372205,4.297664367794107,WARRIOR,PALADIN,CLERIC,ROGUE
75,4,1,3.695770277139099,4.359935372833634,WARRIOR,PALADIN,CLERIC,ROGUE
76,4,1,3.823956664455097,4.440420839264858,WARRIOR,PALADIN,CLERIC,ROGUE
77,4,1,3.9556509244958127,4.500519885986143,WARRIOR,PALADIN,CLERIC,ROGUE
78,4,1,4.083875907026169,4.574260691616527,WARRIOR,PALADIN,CLERIC,ROGUE
79,4,1,4.2170910995174005,4.643314634707063,WARRIOR,PALADIN,CLERIC,ROGUE
80,4,1,4.351826659712743,4.707096087190488,WARRIOR,PALADIN,CLERIC,ROGUE
81,4,1,4.488278907331833,4.779847642385748,WARRIOR,PALADIN,CLERIC,ROGUE
82,4,1,4.628973143727144,4.849417721166427,WARRIOR,PALADIN,CLERIC,ROGUE
83,4,1,4.767744860763634,4.904183893748826,WARRIOR,PALADIN,CLERIC,ROGUE
84,4,1,4.913449412369841,4.969197211501752,WARRIOR,PALADIN,CLERIC,ROGUE
85,4,1,5.0617913092172895,5.036686954595648,WARRIOR,PALADIN,CLERIC,ROGUE
86,4,1,5.2099839622861355,5.11460475603871,WARRIOR,PALADIN,CLERIC,ROGUE
87,4,1,5.361573313642354,5.17371331951868,WARRIOR,PALADIN,CLERIC,ROGUE
88,4,1,5.51013523634587,5.262317242442394,WARRIOR,PALADIN,CLERIC,ROGUE
89,4,1,5.66857649414132,5.337272844621799,WARRIOR,PALADIN,CLERIC,ROGUE
90,4,1,5.82940443925446,5.431787693634105,WARRIOR,PALADIN,CLERIC,ROGUE
91,4,1,5.989724893184811,5.530364867068238,WARRIOR,PALADIN,CLERIC,ROGUE
92,4,1,6.150159078856321,5.611793679277066,WARRIOR,PALADIN,CLERIC,ROGUE
93,4,1,6.306252315048044,5.706959693594094,WARRIOR,PALADIN,CLERIC,ROGUE
94,4,1,6.467442679590563,5.804837711986388,WARRIOR,PALADIN,CLERIC,ROGUE
95,4,1,6.629214356875712,5.897424562983833,WARRIOR,PALADIN,CLERIC,ROGUE
96,4,1,6.790595069337035,5.989712849214746,WARRIOR,PALADIN,CLERIC,ROGUE
97,4,1,6.945475787487521,6.078129026147616,WARRIOR,PALADIN,CLERIC,ROGUE
98,4,1,7.102472344065713,6.16729336046673,WARRIOR,PALADIN,CLERIC,ROGUE
99,4,1,7.257338501506427,6.256759901342512,WARRIOR,PALADIN,CLERIC,ROGUE
100,4,1,7.411559460964701,6.349822347799616,WARRIOR,PALADIN,CLERIC,ROGUE
20,4,5,1.2259605206038193,2.0856494921884794,CLERIC,MAGE,CLERIC,MAGE
21,4,5,1.179726841608586,2.081824249658215,CLERIC,MAGE,CLERIC,MAGE
22,4,5,1.1259415967928899,2.07805318121439,CLERIC,MAGE,CLERIC,MAGE
23,4,5,1.0921470523201027,2.088862168619632,CLERIC,MAGE,CLERIC,MAGE
24,4,5,1.0730210072710245,2.121762866374133,CLERIC,MAGE,CLERIC,MAGE
25,4,5,1.0562616469268704,2.150323888844974,CLERIC,MAGE,CLERIC,MAGE
26,4,5,1.0310560198036,2.1758461613371916,CLERIC,MAGE,CLERIC,MAGE
27,4,5,1.0036131314868468,2.1988137864113577,CLERIC,MAGE,CLERIC,MAGE
28,4,5,0.971790821556362,2.2217297011895454,CLERIC,MAGE,CLERIC,MAGE
29,4,5,0.9641464126083799,2.2734225101973093,CLERIC,MAGE,CLERIC,MAGE
30,4,5,0.9209901234695339,2.286992003647348,CLERIC,MAGE,CLERIC,MAGE
31,4,5,0.9000262879478083,2.3182875385707735,CLERIC,MAGE,CLERIC,MAGE
32,4,5,0.8970042830243052,2.371569230367254,CLERIC,MAGE,CLERIC,MAGE
33,4,5,0.9221225786951948,2.4073625072285276,CLERIC,PALADIN,CLERIC,MAGE
34,4,5,0.9363329399210363,2.4360996021959958,CLERIC,PALADIN,CLERIC,MAGE
35,4,5,0.9438373932766142,2.4570639412627715,CLERIC,PALADIN,CLERIC,MAGE
36,4,5,0.9628138270662445,2.480315422512658,CLERIC,PALADIN,CLERIC,MAGE
37,4,5,0.9775224445166542,2.5614198322791104,CLERIC,PALADIN,CLERIC,ROGUE
38,4,5,0.9696509953015742,2.6802206264143535,CLERIC,PALADIN,CLERIC,ROGUE
39,4,5,0.9765134971647882,2.6934365694716744,CLERIC,PALADIN,CLERIC,ROGUE
40,4,5,0.9816253539083997,2.693948335141294,CLERIC,PALADIN,CLERIC,ROGUE
41,4,5,0.9738426860104177,2.7223612237993855,CLERIC,PALADIN,CLERIC,ROGUE
42,4,5,0.9778991338862619,2.7591147960098317,CLERIC,PALADIN,CLERIC,ROGUE
43,4,5,1.0024701801977454,2.832816724169418,WARRIOR,PALADIN,CLERIC,ROGUE
44,4,5,1.0479079027438942,2.8681329037186343,WARRIOR,PALADIN,CLERIC,ROGUE
45,4,5,1.0903658497866342,2.9285688790930964,WARRIOR,PALADIN,CLERIC,ROGUE
46,4,5,1.133871049872237,2.9599490532291606,WARRIOR,PALADIN,CLERIC,ROGUE
47,4,5,1.1775191348116554,3.004039891031507,WARRIOR,PALADIN,CLERIC,ROGUE
48,4,5,1.226792898151885,3.028610750214611,WARRIOR,PALADIN,CLERIC,ROGUE
49,4,5,1.2825562649020572,3.0989276165668267,WARRIOR,PALADIN,CLERIC,ROGUE
50,4,5,1.3401335710373719,3.1423961031250114,WARRIOR,PALADIN,CLERIC,ROGUE
51,4,5,1.3958946732121724,3.176622380103833,WARRIOR,PALADIN,CLERIC,ROGUE
52,4,5,1.4652283012445366,3.2379137117602097,WARRIOR,PALADIN,CLERIC,ROGUE
53,4,5,1.536107808835263,3.270495459789169,WARRIOR,PALADIN,CLERIC,ROGUE
54,4,5,1.6068878581976032,3.3395733599541177,WARRIOR,PALADIN,CLERIC,ROGUE
55,4,5,1.6775999297200528,3.3785631100839097,WARRIOR,PALADIN,CLERIC,ROGUE
56,4,5,1.7573664519166865,3.4193191349740193,WARRIOR,PALADIN,CLERIC,ROGUE
57,4,5,1.8423363301614204,3.4329283776931785,WARRIOR,PALADIN,CLERIC,ROGUE
58,4,5,1.9269221713459794,3.4769577402985696,WARRIOR,PALADIN,CLERIC,ROGUE
59,4,5,2.017011228816612,3.5098004339128686,WARRIOR,PALADIN,CLERIC,ROGUE
60,4,5,2.10703735218154,3.5404669277592005,WARRIOR,PALADIN,CLERIC,ROGUE
61,4,5,2.1990587118367433,3.574819159744136,WARRIOR,PALADIN,CLERIC,ROGUE
62,4,5,2.289198899842071,3.6206514210978424,WARRIOR,PALADIN,CLERIC,ROGUE
63,4,5,2.3839688918652735,3.656482269006056,WARRIOR,PALADIN,CLERIC,ROGUE
64,4,5,2.4821271712369253,3.727015742464901,WARRIOR,PALADIN,CLERIC,ROGUE
65,4,5,2.5817610062403684,3.7874491610585537,WARRIOR,PALADIN,CLERIC,ROGUE
66,4,5,2.6842394040457185,3.8275450238255404,WARRIOR,PALADIN,CLERIC,ROGUE
67,4,5,2.7886840418560155,3.873105038156588,WARRIOR,PALADIN,CLERIC,ROGUE
68,4,5,2.8908431105053145,3.947365508861944,WARRIOR,PALADIN,CLERIC,ROGUE
69,4,5,2.997081961441017,3.994187259532267,WARRIOR,PALADIN,CLERIC,ROGUE
70,4,5,3.10646626031319,4.050283294221657,WARRIOR,PALADIN,CLERIC,ROGUE
71,4,5,3.2169759053253255,4.102954271058512,WARRIOR,PALADIN,CLERIC,ROGUE
72,4,5,3.3315570209166756,4.168337764346286,WARRIOR,PALADIN,CLERIC,ROGUE
73,4,5,3.446032945609212,4.232164958590134,WARRIOR,PALADIN,CLERIC,ROGUE
74,4,5,3.569827533372205,4.297664367794085,WARRIOR,PALADIN,CLERIC,ROGUE
75,4,5,3.695770277139143,4.3599353728336565,WARRIOR,PALADIN,CLERIC,ROGUE
76,4,5,3.823956664455075,4.440420839264858,WARRIOR,PALADIN,CLERIC,ROGUE
77,4,5,3.955650924495857,4.500519885986143,WARRIOR,PALADIN,CLERIC,ROGUE
78,4,5,4.083875907026191,4.57426069161655,WARRIOR,PALADIN,CLERIC,ROGUE
79,4,5,4.217091099517423,4.6433146347071075,WARRIOR,PALADIN,CLERIC,ROGUE
80,4,5,4.351826659712721,4.707096087190532,WARRIOR,PALADIN,CLERIC,ROGUE
81,4,5,4.488278907331855,4.779847642385726,WARRIOR,PALADIN,CLERIC,ROGUE
82,4,5,4.628973143727144,4.849417721166449,WARRIOR,PALADIN,CLERIC,ROGUE
83,4,5,4.767744860763612,4.904183893748826,WARRIOR,PALADIN,CLERIC,ROGUE
84,4,5,4.913449412369819,4.96919721150173,WARRIOR,PALADIN,CLERIC,ROGUE
85,4,5,5.061244388345898,5.0366869545956705,WARRIOR,PALADIN,CLERIC,ROGUE
86,4,5,5.207633071448314,5.114604756038688,WARRIOR,PALADIN,CLERIC,ROGUE
87,4,5,5.355844969326395,5.17371331951868,WARRIOR,PALADIN,CLERIC,ROGUE
88,4,5,5.4991576219312055,5.262317242442394,WARRIOR,PALADIN,CLERIC,ROGUE
89,4,5,5.64818510827787,5.337272844621799,WARRIOR,PALADIN,CLERIC,ROGUE
90,4,5,5.79408435061286,5.431787693634149,WARRIOR,PALADIN,CLERIC,ROGUE
91,4,5,5.934390779165466,5.530364867068216,WARRIOR,PALADIN,CLERIC,ROGUE
92,4,5,6.070258439516429,5.611793679277044,WARRIOR,PALADIN,CLERIC,ROGUE
93,4,5,6.197254007369213,5.706959693594116,WARRIOR,PALADIN,CLERIC,ROGUE
94,4,5,6.323497821090562,5.804837711986366,WARRIOR,PALADIN,CLERIC,ROGUE
95,4,5,6.445061275124853,5.897424562983833,WARRIOR,PALADIN,CLERIC,ROGUE
96,4,5,6.560808005373864,5.989712849214768,WARRIOR,PALADIN,CLERIC,ROGUE
97,4,5,6.666850456874718,6.078129026147683,WARRIOR,PALADIN,CLERIC,ROGUE
98,4,5,6.769996467281825,6.167293360466752,WARRIOR,PALADIN,CLERIC,ROGUE
99,4,5,6.867432585623101,6.256759901342579,WARRIOR,PALADIN,CLERIC,ROGUE
100,4,5,6.960868493838102,6.349822347799572,WARRIOR,PALADIN,CLERIC,ROGUE
20,4,12,1.225938733665899,2.08562752021908,CLERIC,MAGE,CLERIC,MAGE
21,4,12,1.1795819455356238,2.0816780617220143,CLERIC,MAGE,CLERIC,MAGE
22,4,12,1.1256865782749426,2.077795761669754,CLERIC,MAGE,CLERIC,MAGE
23,4,12,1.0918294228967396,2.0885414075380915,CLERIC,MAGE,CLERIC,MAGE
24,4,12,1.0726639225120627,2.121402076474732,CLERIC,MAGE,CLERIC,MAGE
25,4,12,1.0558326803875806,2.149890278198674,CLERIC,MAGE,CLERIC,MAGE
26,4,12,1.0305582937538915,2.1753427955178983,CLERIC,MAGE,CLERIC,MAGE
27,4,12,1.0030753885795107,2.1982696802596235,CLERIC,MAGE,CLERIC,MAGE
28,4,12,0.97119188921857,2.221123354614485,CLERIC,MAGE,CLERIC,MAGE
29,4,12,0.963538815285192,2.2728070337142636,CLERIC,MAGE,CLERIC,MAGE
30,4,12,0.9202074101196,2.2861986959908265,CLERIC,MAGE,CLERIC,MAGE
31,4,12,0.8991626311541712,2.317411742127562,CLERIC,MAGE,CLERIC,MAGE
32,4,12,0.9112507609548182,2.4187252183671903,CLERIC,PALADIN,CLERIC,WARRIOR
33,4,12,0.938620755755748,2.5075808167450475,CLERIC,PALADIN,CLERIC,WARRIOR
34,4,12,0.9539441882752575,2.6049531897406775,CLERIC,PALADIN,CLERIC,WARRIOR
35,4,12,0.9630901457934549,2.674588223591967,CLERIC,PALADIN,CLERIC,WARRIOR
36,4,12,0.9851328351311528,2.721200736824514,CLERIC,PALADIN,CLERIC,WARRIOR
37,4,12,1.0037793110326598,2.8052212231994833,CLERIC,PALADIN,CLERIC,WARRIOR
38,4,12,0.9996314566927733,2.9117062146786443,CLERIC,PALADIN,CLERIC,WARRIOR
39,4,12,1.009943515175693,3.015876974967102,CLERIC,PALADIN,CLERIC,WARRIOR
40,4,12,1.033348990136207,3.0800820558735786,CLERIC,WARRIOR,CLERIC,WARRIOR
41,4,12,1.0280635535500293,3.1355971176792785,CLERIC,WARRIOR,CLERIC,WARRIOR
42,4,12,1.0318936285127256,3.2064946274910078,CLERIC,WARRIOR,CLERIC,WARRIOR
43,4,12,1.0510494533266135,3.305859510687159,CLERIC,WARRIOR,CLERIC,WARRIOR
44,4,12,1.0553438392680858,3.344870468181682,CLERIC,WARRIOR,CLERIC,WARRIOR
45,4,12,1.0638712727946587,3.3933308470731616,CLERIC,WARRIOR,CLERIC,WARRIOR
46,4,12,1.0692662496333494,3.4779329716825513,CLERIC,WARRIOR,CLERIC,WARRIOR
47,4,12,1.0754449053209214,3.5342218683451776,CLERIC,WARRIOR,CLERIC,WARRIOR
48,4,12,1.0843864304051154,3.5791791914838056,CLERIC,WARRIOR,CLERIC,WARRIOR
49,4,12,1.095016096166579,3.6698924635601538,CLERIC,WARRIOR,CLERIC,WARRIOR
50,4,12,1.100279010008265,3.730141885263505,CLERIC,WARRIOR,CLERIC,WARRIOR
51,4,12,1.100401814846097,3.8066436035724127,CLERIC,WARRIOR,CLERIC,WARRIOR
52,4,12,1.1001565960285786,3.8865485564429925,CLERIC,WARRIOR,CLERIC,WARRIOR
53,4,12,1.1006597163550236,3.9419399220439244,CLERIC,WARRIOR,CLERIC,WARRIOR
54,4,12,1.1259355453707043,4.0160987629406675,RANGER,WARRIOR,CLERIC,WARRIOR
55,4,12,1.1708321754362316,4.093014817886753,RANGER,WARRIOR,CLERIC,WARRIOR
56,4,12,1.2165945040149673,4.153318547393381,RANGER,WARRIOR,CLERIC,WARRIOR
57,4,12,1.2605386256968831,4.222728525753694,RANGER,WARRIOR,CLERIC,WARRIOR
58,4,12,1.3122703960733562,4.306743032427063,RANGER,WARRIOR,CLERIC,WARRIOR
59,4,12,1.3616496080099738,4.364829271932336,RANGER,WARRIOR,CLERIC,WARRIOR
60,4,12,1.4099875117210114,4.442689128068156,RANGER,WARRIOR,CLERIC,WARRIOR
61,4,12,1.4612409687428052,4.529845089243056,RANGER,WARRIOR,CLERIC,WARRIOR
62,4,12,1.5104578602412433,4.610276103831756,RANGER,WARRIOR,CLERIC,WARRIOR
63,4,12,1.5606170433736244,4.676061256006081,RANGER,WARRIOR,CLERIC,WARRIOR
64,4,12,1.6118480828638981,4.777701830450298,RANGER,WARRIOR,CLERIC,WARRIOR
65,4,12,1.663308322749124,4.87825241340758,RANGER,WARRIOR,CLERIC,WARRIOR
66,4,12,1.715531751561028,4.964076086483971,RANGER,WARRIOR,CLERIC,WARRIOR
67,4,12,1.7673057070804354,5.054269038437598,RANGER,WARRIOR,CLERIC,WARRIOR
68,4,12,1.8173274773821024,5.1331889173173995,RANGER,WARRIOR,CLERIC,WARRIOR
69,4,12,1.8693688167733757,5.223550328295379,RANGER,WARRIOR,CLERIC,WARRIOR
70,4,12,1.9202903744953703,5.309119406495921,RANGER,WARRIOR,CLERIC,WARRIOR
71,4,12,1.974811849388458,5.4105272401352655,RANGER,WARRIOR,CLERIC,WARRIOR
72,4,12,2.0291483325584503,5.508108521181843,RANGER,WARRIOR,CLERIC,WARRIOR
73,4,12,2.081009332090056,5.611438725864626,RANGER,WARRIOR,CLERIC,WARRIOR
74,4,12,2.1380627547511466,5.713045802925332,RANGER,WARRIOR,CLERIC,WARRIOR
75,4,12,2.1977549131444896,5.816702777000193,RANGER,WARRIOR,CLERIC,WARRIOR
76,4,12,2.255319362511443,5.935233989552202,RANGER,WARRIOR,CLERIC,WARRIOR
77,4,12,2.3153684971677357,6.050182477030774,RANGER,WARRIOR,CLERIC,WARRIOR
78,4,12,2.371921544468192,6.162510973417201,RANGER,WARRIOR,CLERIC,WARRIOR
79,4,12,2.4292079552969303,6.273186741832437,RANGER,WARRIOR,CLERIC,WARRIOR
80,4,12,2.4898204115024525,6.3760316100204495,RANGER,WARRIOR,CLERIC,WARRIOR
81,4,12,2.5484375247368574,6.4944599672089875,RANGER,WARRIOR,CLERIC,WARRIOR
82,4,12,2.609430449255923,6.600378636276982,RANGER,WARRIOR,CLERIC,WARRIOR
83,4,12,2.665758643154925,6.708705015771077,RANGER,WARRIOR,CLERIC,WARRIOR
84,4,12,2.727119986741311,6.813742265857048,RANGER,WARRIOR,CLERIC,WARRIOR
85,4,12,2.7892848307176754,6.92374218406524,RANGER,WARRIOR,CLERIC,WARRIOR
86,4,12,2.852203849876034,7.046274744481096,RANGER,WARRIOR,CLERIC,WARRIOR
87,4,12,2.9152977875965824,7.148024974422507,RANGER,WARRIOR,CLERIC,WARRIOR
88,4,12,2.9764131320158427,7.257108346091878,RANGER,WARRIOR,CLERIC,WARRIOR
89,4,12,3.0419619207792348,7.373491897134876,RANGER,WARRIOR,CLERIC,WARRIOR
90,4,12,3.107395228339649,7.496391932501445,RANGER,WARRIOR,CLERIC,WARRIOR
91,4,12,3.1735122671912697,7.629029729541825,RANGER,WARRIOR,CLERIC,WARRIOR
92,4,12,3.2381826969549943,7.7538203215791635,RANGER,WARRIOR,CLERIC,WARRIOR
93,4,12,3.3049330628264872,7.88316126029347,RANGER,WARRIOR,CLERIC,WARRIOR
94,4,12,3.372555729340032,8.003767013240903,RANGER,WARRIOR,CLERIC,WARRIOR
95,4,12,3.439296446600504,8.124462405790055,RANGER,WARRIOR,CLERIC,WARRIOR
96,4,12,3.5069402288063767,8.256235627665198,RANGER,WARRIOR,CLERIC,WARRIOR
97,4,12,3.571185840873903,8.370600306880327,RANGER,WARRIOR,CLERIC,WARRIOR
98,4,12,3.64608742877659,8.50204774105734,MAGE,WARRIOR,CLERIC,WARRIOR
99,4,12,3.7228652315328015,8.626264652748738,MAGE,WARRIOR,CLERIC,WARRIOR
100,4,12,3.799160058896911,8.750839083230645,MAGE,WARRIOR,CLERIC,WARRIOR
20,6,1,1.2259605206037971,2.0856494921884794,CLERIC,MAGE,CLERIC,MAGE
21,6,1,1.1797268416086082,2.0818242496582595,CLERIC,MAGE,CLERIC,MAGE
22,6,1,1.1259415967928676,2.0780531812143677,CLERIC,MAGE,CLERIC,MAGE
23,6,1,1.0921470523201027,2.0888621686196096,CLERIC,MAGE,CLERIC,MAGE
24,6,1,1.0730210072710467,2.121762866374133,CLERIC,MAGE,CLERIC,MAGE
25,6,1,1.0562616469268482,2.150323888844974,CLERIC,MAGE,CLERIC,MAGE
26,6,1,1.0310560198036445,2.1758461613371916,CLERIC,MAGE,CLERIC,MAGE
27,6,1,1.0036131314868468,2.1988137864113577,CLERIC,MAGE,CLERIC,MAGE
28,6,1,0.971790821556362,2.2217297011895454,CLERIC,MAGE,CLERIC,MAGE
29,6,1,0.9641464126083577,2.2734225101973093,CLERIC,MAGE,CLERIC,MAGE
30,6,1,0.9209901234695339,2.286992003647348,CLERIC,MAGE,CLERIC,MAGE
31,6,1,0.9000262879478305,2.3182875385707957,CLERIC,MAGE,CLERIC,MAGE
32,6,1,0.8970042830243274,2.3715692303672764,CLERIC,MAGE,CLERIC,MAGE
33,6,1,0.922122578695217,2.4073625072285054,CLERIC,PALADIN,CLERIC,MAGE
34,6,1,0.9363329399210141,2.4360996021959513,CLERIC,PALADIN,CLERIC,MAGE
35,6,1,0.9438373932766142,2.4570639412627715,CLERIC,PALADIN,CLERIC,MAGE
36,6,1,0.9628138270662667,2.480315422512658,CLERIC,PALADIN,CLERIC,MAGE
37,6,1,0.977522444516632,2.561419832279066,CLERIC,PALADIN,CLERIC,ROGUE
38,6,1,0.9696509953015964,2.6802206264143313,CLERIC,PALADIN,CLERIC,ROGUE
39,6,1,0.976513497164766,2.6934365694716744,CLERIC,PALADIN,CLERIC,ROGUE
40,6,1,0.9816253539083775,2.693948335141272,CLERIC,PALADIN,CLERIC,ROGUE
41,6,1,0.9738426860104399,2.7223612237993855,CLERIC,PALADIN,CLERIC,ROGUE
42,6,1,0.9778991338863063,2.7591147960098095,CLERIC,PALADIN,CLERIC,ROGUE
43,6,1,1.002470180197701,2.83281672416944,WARRIOR,PALADIN,CLERIC,ROGUE
44,6,1,1.0479079027438942,2.868132903718612,WARRIOR,PALADIN,CLERIC,ROGUE
45,6,1,1.0903658497865676,2.928568879093074,WARRIOR,PALADIN,CLERIC,ROGUE
46,6,1,1.133871049872237,2.959949053229183,WARRIOR,PALADIN,CLERIC,ROGUE
47,6,1,1.1775191348116332,3.0040398910314625,WARRIOR,PALADIN,CLERIC,ROGUE
48,6,1,1.2267928981518628,3.0286107502145887,WARRIOR,PALADIN,CLERIC,ROGUE
49,6,1,1.2825562649020572,3.0989276165668267,WARRIOR,PALADIN,CLERIC,ROGUE
50,6,1,1.3401335710373719,3.142396103124989,WARRIOR,PALADIN,CLERIC,ROGUE
51,6,1,1.3958946732121946,3.176622380103833,WARRIOR,PALADIN,CLERIC,ROGUE
52,6,1,1.4652283012445588,3.237913711760143,WARRIOR,PALADIN,CLERIC,ROGUE
53,6,1,1.5361078088352853,3.270495459789191,WARRIOR,PALADIN,CLERIC,ROGUE
54,6,1,1.6068878581976032,3.3395733599540955,WARRIOR,PALADIN,CLERIC,ROGUE
55,6,1,1.6775999297200972,3.3785631100839097,WARRIOR,PALADIN,CLERIC,ROGUE
56,6,1,1.7573664519166643,3.419319134973997,WARRIOR,PALADIN,CLERIC,ROGUE
57,6,1,1.8423363301614648,3.432928377693134,WARRIOR,PALADIN,CLERIC,ROGUE
58,6,1,1.9269221713460238,3.476957740298592,WARRIOR,PALADIN,CLERIC,ROGUE
59,6,1,2.017011228816612,3.5098004339128686,WARRIOR,PALADIN,CLERIC,ROGUE
60,6,1,2.1070373521814956,3.5404669277591783,WARRIOR,PALADIN,CLERIC,ROGUE
61,6,1,2.1990587118367433,3.574819159744136,WARRIOR,PALADIN,CLERIC,ROGUE
62,6,1,2.289198899842071,3.6206514210978202,WARRIOR,PALADIN,CLERIC,ROGUE
63,6,1,2.383968891865229,3.656482269006056,WARRIOR,PALADIN,CLERIC,ROGUE
64,6,1,2.4821271712369475,3.727015742464901,WARRIOR,PALADIN,CLERIC,ROGUE
65,6,1,2.581761006240346,3.7874491610585537,WARRIOR,PALADIN,CLERIC,ROGUE
66,6,1,2.6842394040457407,3.827545023825518,WARRIOR,PALADIN,CLERIC,ROGUE
67,6,1,2.7886840418559933,3.873105038156588,WARRIOR,PALADIN,CLERIC,ROGUE
68,6,1,2.8908431105053145,3.947365508861944,WARRIOR,PALADIN,CLERIC,ROGUE
69,6,1,2.997081961440995,3.9941872595323114,WARRIOR,PALADIN,CLERIC,ROGUE
70,6,1,3.10646626031319,4.050283294221613,WARRIOR,PALADIN,CLERIC,ROGUE
71,6,1,3.2169759053253477,4.102954271058512,WARRIOR,PALADIN,CLERIC,ROGUE
72,6,1,3.331557020916698,4.168337764346219,WARRIOR,PALADIN,CLERIC,ROGUE
73,6,1,3.44603294560919,4.232164958590179,WARRIOR,PALADIN,CLERIC,ROGUE
74,6,1,3.569827533372183,4.297664367794107,WARRIOR,PALADIN,CLERIC,ROGUE
75,6,1,3.695770277139121,4.3599353728336565,WARRIOR,PALADIN,CLERIC,ROGUE
76,6,1,3.8239566644551415,4.440420839264836,WARRIOR,PALADIN,CLERIC,ROGUE
77,6,1,3.9556509244958127,4.500519885986143,WARRIOR,PALADIN,CLERIC,ROGUE
78,6,1,4.083875907026169,4.574260691616527,WARRIOR,PALADIN,CLERIC,ROGUE
79,6,1,4.217091099517423,4.6433146347071075,WARRIOR,PALADIN,CLERIC,ROGUE
80,6,1,4.351826659712699,4.70709608719051,WARRIOR,PALADIN,CLERIC,ROGUE
81,6,1,4.488278907331811,4.779847642385748,WARRIOR,PALADIN,CLERIC,ROGUE
82,6,1,4.628973143727166,4.8494177211663825,WARRIOR,PALADIN,CLERIC,ROGUE
83,6,1,4.76774486076359,4.904183893748826,WARRIOR,PALADIN,CLERIC,ROGUE
84,6,1,4.913449412369819,4.969197211501752,WARRIOR,PALADIN,CLERIC,ROGUE
85,6,1,5.061791309217267,5.036686954595648,WARRIOR,PALADIN,CLERIC,ROGUE
86,6,1,5.2099839622861355,5.11460475603871,WARRIOR,PALADIN,CLERIC,ROGUE
87,6,1,5.361573313642354,5.173713319518614,WARRIOR,PALADIN,CLERIC,ROGUE
88,6,1,5.51013523634587,5.262317242442394,WARRIOR,PALADIN,CLERIC,ROGUE
89,6,1,5.66857649414132,5.3372728446217765,WARRIOR,PALADIN,CLERIC,ROGUE
90,6,1,5.829404439254504,5.4317876936340825,WARRIOR,PALADIN,CLERIC,ROGUE
91,6,1,5.989724893184767,5.530364867068216,WARRIOR,PALADIN,CLERIC,ROGUE
92,6,1,6.1501590788562766,5.611793679277066,WARRIOR,PALADIN,CLERIC,ROGUE
93,6,1,6.306252315048022,5.706959693594116,WARRIOR,PALADIN,CLERIC,ROGUE
94,6,1,6.467442679590563,5.804837711986366,WARRIOR,PALADIN,CLERIC,ROGUE
95,6,1,6.629214356875668,5.897424562983833,WARRIOR,PALADIN,CLERIC,ROGUE
96,6,1,6.790595069337013,5.989712849214812,WARRIOR,PALADIN,CLERIC,ROGUE
97,6,1,6.945475787487543,6.078129026147616,WARRIOR,PALADIN,CLERIC,ROGUE
98,6,1,7.102472344065713,6.167293360466752,WARRIOR,PALADIN,CLERIC,ROGUE
99,6,1,7.257338501506405,6.256759901342512,WARRIOR,PALADIN,CLERIC,ROGUE
100,6,1,7.411559460964678,6.349822347799594,WARRIOR,PALADIN,CLERIC,ROGUE
20,6,5,1.2259605206038193,2.0856494921885016,CLERIC,MAGE,CLERIC,MAGE
21,6,5,1.1797268416086082,2.0818242496582595,CLERIC,MAGE,CLERIC,MAGE
22,6,5,1.1259415967928676,2.0780531812143677,CLERIC,MAGE,CLERIC,MAGE
23,6,5,1.0921470523201027,2.088862168619632,CLERIC,MAGE,CLERIC,MAGE
24,6,5,1.0730210072710245,2.121762866374133,CLERIC,MAGE,CLERIC,MAGE
25,6,5,1.0562616469268704,2.150323888844996,CLERIC,MAGE,CLERIC,MAGE
26,6,5,1.0310560198036445,2.1758461613372138,CLERIC,MAGE,CLERIC,MAGE
27,6,5,1.003613131486869,2.1988137864113577,CLERIC,MAGE,CLERIC,MAGE
28,6,5,0.9717908215563398,2.2217297011895676,CLERIC,MAGE,CLERIC,MAGE
29,6,5,0.9641464126083799,2.2734225101973538,CLERIC,MAGE,CLERIC,MAGE
30,6,5,0.9209901234695339,2.2869920036473257,CLERIC,MAGE,CLERIC,MAGE
31,6,5,0.9000262879478083,2.3182875385707957,CLERIC,MAGE,CLERIC,MAGE
32,6,5,0.8970042830243274,2.371569230367254,CLERIC,MAGE,CLERIC,MAGE
33,6,5,0.9221225786951948,2.4073625072285276,CLERIC,PALADIN,CLERIC,MAGE
34,6,5,0.9363329399210585,2.4360996021959735,CLERIC,PALADIN,CLERIC,MAGE
35,6,5,0.9438373932766142,2.4570639412627493,CLERIC,PALADIN,CLERIC,MAGE
36,6,5,0.9628138270662667,2.480315422512702,CLERIC,PALADIN,CLERIC,MAGE
37,6,5,0.977522444516632,2.561419832279088,CLERIC,PALADIN,CLERIC,ROGUE
38,6,5,0.9696509953015742,2.680220626414398,CLERIC,PALADIN,CLERIC,ROGUE
39,6,5,0.9765134971647882,2.693436569471652,CLERIC,PALADIN,CLERIC,ROGUE
40,6,5,0.9816253539083997,2.6939483351413163,CLERIC,PALADIN,CLERIC,ROGUE
41,6,5,0.9738426860103955,2.7223612237993855,CLERIC,PALADIN,CLERIC,ROGUE
42,6,5,0.9778991338862841,2.7591147960098095,CLERIC,PALADIN,CLERIC,ROGUE
43,6,5,1.0024701801977232,2.832816724169418,WARRIOR,PALADIN,CLERIC,ROGUE
44,6,5,1.0479079027438942,2.8681329037186343,WARRIOR,PALADIN,CLERIC,ROGUE
45,6,5,1.0903658497865676,2.9285688790931186,WARRIOR,PALADIN,CLERIC,ROGUE
46,6,5,1.133871049872237,2.9599490532291384,WARRIOR,PALADIN,CLERIC,ROGUE
47,6,5,1.1775191348116332,3.0040398910314403,WARRIOR,PALADIN,CLERIC,ROGUE
48,6,5,1.2267928981519072,3.028610750214611,WARRIOR,PALADIN,CLERIC,ROGUE
49,6,5,1.2825562649020572,3.098927616566871,WARRIOR,PALADIN,CLERIC,ROGUE
50,6,5,1.3401335710373496,3.142396103124989,WARRIOR,PALADIN,CLERIC,ROGUE
51,6,5,1.3958946732121724,3.176622380103855,WARRIOR,PALADIN,CLERIC,ROGUE
52,6,5,1.4652283012445366,3.2379137117601875,WARRIOR,PALADIN,CLERIC,ROGUE
53,6,5,1.5361078088352853,3.270495459789169,WARRIOR,PALADIN,CLERIC,ROGUE
54,6,5,1.6068878581976032,3.33957335995414,WARRIOR,PALADIN,CLERIC,ROGUE
55,6,5,1.6775999297200972,3.378563110083932,WARRIOR,PALADIN,CLERIC,ROGUE
56,6,5,1.7573664519166865,3.419319134973975,WARRIOR,PALADIN,CLERIC,ROGUE
57,6,5,1.8423363301614426,3.4329283776931563,WARRIOR,PALADIN,CLERIC,ROGUE
58,6,5,1.926922171346046,3.4769577402985696,WARRIOR,PALADIN,CLERIC,ROGUE
59,6,5,2.01701122881659,3.5098004339128686,WARRIOR,PALADIN,CLERIC,ROGUE
60,6,5,2.1070373521814734,3.540466927759245,WARRIOR,PALADIN,CLERIC,ROGUE
61,6,5,2.1990587118367655,3.574819159744136,WARRIOR,PALADIN,CLERIC,ROGUE
62,6,5,2.2891988998420487,3.6206514210978202,WARRIOR,PALADIN,CLERIC,ROGUE
63,6,5,2.3839688918652513,3.6564822690059895,WARRIOR,PALADIN,CLERIC,ROGUE
64,6,5,2.4821271712369475,3.727015742464901,WARRIOR,PALADIN,CLERIC,ROGUE
65,6,5,2.5817610062403684,3.7874491610585315,WARRIOR,PALADIN,CLERIC,ROGUE
66,6,5,2.6842394040457185,3.827545023825474,WARRIOR,PALADIN,CLERIC,ROGUE
67,6,5,2.7886840418560155,3.8731050381565657,WARRIOR,PALADIN,CLERIC,ROGUE
68,6,5,2.89084311050527,3.947365508861922,WARRIOR,PALADIN,CLERIC,ROGUE
69,6,5,2.9970819614410393,3.994187259532289,WARRIOR,PALADIN,CLERIC,ROGUE
70,6,5,3.106466260313212,4.050283294221635,WARRIOR,PALADIN,CLERIC,ROGUE
71,6,5,3.2169759053253477,4.102954271058534,WARRIOR,PALADIN,CLERIC,ROGUE
72,6,5,3.331557020916698,4.168337764346242,WARRIOR,PALADIN,CLERIC,ROGUE
73,6,5,3.446032945609212,4.232164958590179,WARRIOR,PALADIN,CLERIC,ROGUE
74,6,5,3.569827533372183,4.297664367794085,WARRIOR,PALADIN,CLERIC,ROGUE
75,6,5,3.695770277139121,4.359935372833612,WARRIOR,PALADIN,CLERIC,ROGUE
76,6,5,3.8239566644551193,4.440420839264858,WARRIOR,PALADIN,CLERIC,ROGUE
77,6,5,3.9556509244958127,4.500519885986121,WARRIOR,PALADIN,CLERIC,ROGUE
78,6,5,4.083875907026191,4.574260691616527,WARRIOR,PALADIN,CLERIC,ROGUE
79,6,5,4.217091099517423,4.643314634707085,WARRIOR,PALADIN,CLERIC,ROGUE
80,6,5,4.351826659712721,4.707096087190488,WARRIOR,PALADIN,CLERIC,ROGUE
81,6,5,4.488278907331855,4.779847642385748,WARRIOR,PALADIN,CLERIC,ROGUE
82,6,5,4.628973143727144,4.849417721166449,WARRIOR,PALADIN,CLERIC,ROGUE
83,6,5,4.76774486076359,4.904183893748848,WARRIOR,PALADIN,CLERIC,ROGUE
84,6,5,4.913449412369797,4.96919721150173,WARRIOR,PALADIN,CLERIC,ROGUE
85,6,5,5.061791309217267,5.036686954595626,WARRIOR,PALADIN,CLERIC,ROGUE
86,6,5,5.209983962286158,5.114604756038665,WARRIOR,PALADIN,CLERIC,ROGUE
87,6,5,5.361573313642354,5.173713319518658,WARRIOR,PALADIN,CLERIC,ROGUE
88,6,5,5.510135236345848,5.262317242442349,WARRIOR,PALADIN,CLERIC,ROGUE
89,6,5,5.668576494141342,5.337272844621821,WARRIOR,PALADIN,CLERIC,ROGUE
90,6,5,5.82940443925446,5.4317876936340825,WARRIOR,PALADIN,CLERIC,ROGUE
91,6,5,5.989724893184789,5.530364867068194,WARRIOR,PALADIN,CLERIC,ROGUE
92,6,5,6.150159078856299,5.611793679277066,WARRIOR,PALADIN,CLERIC,ROGUE
93,6,5,6.306252315048044,5.706959693594138,WARRIOR,PALADIN,CLERIC,ROGUE
94,6,5,6.467442679590629,5.804837711986388,WARRIOR,PALADIN,CLERIC,ROGUE
95,6,5,6.629214356875668,5.897424562983855,WARRIOR,PALADIN,CLERIC,ROGUE
96,6,5,6.790595069337035,5.98971284921479,WARRIOR,PALADIN,CLERIC,ROGUE
97,6,5,6.945475787487521,6.078129026147661,WARRIOR,PALADIN,CLERIC,ROGUE
98,6,5,7.102472344065758,6.167293360466752,WARRIOR,PALADIN,CLERIC,ROGUE
99,6,5,7.257338501506405,6.256759901342512,WARRIOR,PALADIN,CLERIC,ROGUE
100,6,5,7.411559460964678,6.349822347799572,WARRIOR,PALADIN,CLERIC,ROGUE
20,6,12,1.225938733665899,2.08562752021908,CLERIC,MAGE,CLERIC,MAGE
21,6,12,1.1795819455356238,2.0816780617220143,CLERIC,MAGE,CLERIC,MAGE
22,6,12,1.1256865782749426,2.077795761669754,CLERIC,MAGE,CLERIC,MAGE
23,6,12,1.0918294228967396,2.0885414075380915,CLERIC,MAGE,CLERIC,MAGE
24,6,12,1.0726639225120627,2.121402076474732,CLERIC,MAGE,CLERIC,MAGE
25,6,12,1.0558326803875806,2.149890278198674,CLERIC,MAGE,CLERIC,MAGE
26,6,12,1.0305582937538915,2.1753427955178983,CLERIC,MAGE,CLERIC,MAGE
27,6,12,1.0030753885795107,2.1982696802596235,CLERIC,MAGE,CLERIC,MAGE
28,6,12,0.97119188921857,2.221123354614485,CLERIC,MAGE,CLERIC,MAGE
29,6,12,0.963538815285192,2.2728070337142636,CLERIC,MAGE,CLERIC,MAGE
30,6,12,0.9202074101196,2.2861986959908265,CLERIC,MAGE,CLERIC,MAGE
31,6,12,0.8991626311541712,2.317411742127562,CLERIC,MAGE,CLERIC,MAGE
32,6,12,0.9112507609548182,2.4187252183671903,CLERIC,PALADIN,CLERIC,WARRIOR
33,6,12,0.938620755755748,2.5075808167450475,CLERIC,PALADIN,CLERIC,WARRIOR
34,6,12,0.9539441882752575,2.6049531897406775,CLERIC,PALADIN,CLERIC,WARRIOR
35,6,12,0.9630901457934549,2.674588223591967,CLERIC,PALADIN,CLERIC,WARRIOR
36,6,12,0.9851328351311528,2.721200736824514,CLERIC,PALADIN,CLERIC,WARRIOR
37,6,12,1.0037793110326598,2.8052212231994833,CLERIC,PALADIN,CLERIC,WARRIOR
38,6,12,0.9996314566927733,2.9117062146786443,CLERIC,PALADIN,CLERIC,WARRIOR
39,6,12,1.009943515175693,3.015876974967102,CLERIC,PALADIN,CLERIC,WARRIOR
40,6,12,1.033348990136207,3.0800820558735786,CLERIC,WARRIOR,CLERIC,WARRIOR
41,6,12,1.0280635535500293,3.1355971176792785,CLERIC,WARRIOR,CLERIC,WARRIOR
42,6,12,1.0318936285127256,3.2064946274910078,CLERIC,WARRIOR,CLERIC,WARRIOR
43,6,12,1.0510494533266135,3.305859510687159,CLERIC,WARRIOR,CLERIC,WARRIOR
44,6,12,1.0553438392680858,3.344870468181682,CLERIC,WARRIOR,CLERIC,WARRIOR
45,6,12,1.0638712727946587,3.3933308470731616,CLERIC,WARRIOR,CLERIC,WARRIOR
46,6,12,1.0692662496333494,3.4779329716825513,CLERIC,WARRIOR,CLERIC,WARRIOR
47,6,12,1.0754449053209214,3.5342218683451776,CLERIC,WARRIOR,CLERIC,WARRIOR
48,6,12,1.0843864304051154,3.5791791914838056,CLERIC,WARRIOR,CLERIC,WARRIOR
49,6,12,1.095016096166579,3.6698924635601538,CLERIC,WARRIOR,CLERIC,WARRIOR
50,6,12,1.100279010008265,3.730141885263505,CLERIC,WARRIOR,CLERIC,WARRIOR
51,6,12,1.100401814846097,3.8066436035724127,CLERIC,WARRIOR,CLERIC,WARRIOR
52,6,12,1.1001565960285786,3.8865485564429925,CLERIC,WARRIOR,CLERIC,WARRIOR
53,6,12,1.1006597163550236,3.9419399220439244,CLERIC,WARRIOR,CLERIC,WARRIOR
54,6,12,1.1259355453707043,4.0160987629406675,RANGER,WARRIOR,CLERIC,WARRIOR
55,6,12,1.1708321754362316,4.093014817886753,RANGER,WARRIOR,CLERIC,WARRIOR
56,6,12,1.2165945040149673,4.153318547393381,RANGER,WARRIOR,CLERIC,WARRIOR
57,6,12,1.2605386256968831,4.222728525753694,RANGER,WARRIOR,CLERIC,WARRIOR
58,6,12,1.3122703960733562,4.306743032427063,RANGER,WARRIOR,CLERIC,WARRIOR
59,6,12,1.3616496080099738,4.364829271932336,RANGER,WARRIOR,CLERIC,WARRIOR
60,6,12,1.4099875117210114,4.442689128068156,RANGER,WARRIOR,CLERIC,WARRIOR
61,6,12,1.4612409687428052,4.529845089243056,RANGER,WARRIOR,CLERIC,WARRIOR
62,6,12,1.5104578602412433,4.610276103831756,RANGER,WARRIOR,CLERIC,WARRIOR
63,6,12,1.5606170433736244,4.676061256006081,RANGER,WARRIOR,CLERIC,WARRIOR
64,6,12,1.6118480828638981,4.777701830450298,RANGER,WARRIOR,CLERIC,WARRIOR
65,6,12,1.663308322749124,4.87825241340758,RANGER,WARRIOR,CLERIC,WARRIOR
66,6,12,1.715531751561028,4.964076086483971,RANGER,WARRIOR,CLERIC,WARRIOR
67,6,12,1.7673057070804354,5.054269038437598,RANGER,WARRIOR,CLERIC,WARRIOR
68,6,12,1.8173274773821024,5.1331889173173995,RANGER,WARRIOR,CLERIC,WARRIOR
69,6,12,1.8693688167733757,5.223550328295379,RANGER,WARRIOR,CLERIC,WARRIOR
70,6,12,1.9202903744953703,5.309119406495921,RANGER,WARRIOR,CLERIC,WARRIOR
71,6,12,1.974811849388458,5.4105272401352655,RANGER,WARRIOR,CLERIC,WARRIOR
72,6,12,2.0291483325584503,5.508108521181843,RANGER,WARRIOR,CLERIC,WARRIOR
73,6,12,2.081009332090056,5.611438725864626,RANGER,WARRIOR,CLERIC,WARRIOR
74,6,12,2.1380627547511466,5.713045802925332,RANGER,WARRIOR,CLERIC,WARRIOR
75,6,12,2.1977549131444896,5.816702777000193,RANGER,WARRIOR,CLERIC,WARRIOR
76,6,12,2.255319362511443,5.935233989552202,RANGER,WARRIOR,CLERIC,WARRIOR
77,6,12,2.3153684971677357,6.050182477030774,RANGER,WARRIOR,CLERIC,WARRIOR
78,6,12,2.371921544468192,6.162510973417201,RANGER,WARRIOR,CLERIC,WARRIOR
79,6,12,2.4292079552969303,6.273186741832437,RANGER,WARRIOR,CLERIC,WARRIOR
80,6,12,2.4898204115024525,6.3760316100204495,RANGER,WARRIOR,CLERIC,WARRIOR
81,6,12,2.5484375247368574,6.4944599672089875,RANGER,WARRIOR,CLERIC,WARRIOR
82,6,12,2.609430449255923,6.600378636276982,RANGER,WARRIOR,CLERIC,WARRIOR
83,6,12,2.665758643154925,6.708705015771077,RANGER,WARRIOR,CLERIC,WARRIOR
84,6,12,2.727119986741311,6.813742265857048,RANGER,WARRIOR,CLERIC,WARRIOR
85,6,12,2.7892848307176754,6.92374218406524,RANGER,WARRIOR,CLERIC,WARRIOR
86,6,12,2.852203849876034,7.046274744481096,RANGER,WARRIOR,CLERIC,WARRIOR
87,6,12,2.9152977875965824,7.148024974422507,RANGER,WARRIOR,CLERIC,WARRIOR
88,6,12,2.9764131320158427,7.257108346091878,RANGER,WARRIOR,CLERIC,WARRIOR
89,6,12,3.0419619207792348,7.373491897134876,RANGER,WARRIOR,CLERIC,WARRIOR
90,6,12,3.107395228339649,7.496391932501445,RANGER,WARRIOR,CLERIC,WARRIOR
91,6,12,3.1735122671912697,7.629029729541825,RANGER,WARRIOR,CLERIC,WARRIOR
92,6,12,3.2381826969549943,7.7538203215791635,RANGER,WARRIOR,CLERIC,WARRIOR
93,6,12,3.3049330628264872,7.88316126029347,RANGER,WARRIOR,CLERIC,WARRIOR
94,6,12,3.372555729340032,8.003767013240903,RANGER,WARRIOR,CLERIC,WARRIOR
95,6,12,3.439296446600504,8.124462405790055,RANGER,WARRIOR,CLERIC,WARRIOR
96,6,12,3.5069402288063767,8.256235627665198,RANGER,WARRIOR,CLERIC,WARRIOR
97,6,12,3.571185840873903,8.370600306880327,RANGER,WARRIOR,CLERIC,WARRIOR
98,6,12,3.64608742877659,8.50204774105734,MAGE,WARRIOR,CLERIC,WARRIOR
99,6,12,3.7228652315328015,8.626264652748738,MAGE,WARRIOR,CLERIC,WARRIOR
100,6,12,3.799160058896911,8.750839083230645,MAGE,WARRIOR,CLERIC,WARRIOR
20,8,1,1.2259605206038193,2.0856494921884794,CLERIC,MAGE,CLERIC,MAGE
21,8,1,1.179726841608586,2.0818242496582373,CLERIC,MAGE,CLERIC,MAGE
22,8,1,1.1259415967928899,2.07805318121439,CLERIC,MAGE,CLERIC,MAGE
23,8,1,1.0921470523201027,2.0888621686196096,CLERIC,MAGE,CLERIC,MAGE
24,8,1,1.0730210072710245,2.1217628663741106,CLERIC,MAGE,CLERIC,MAGE
25,8,1,1.0562616469268926,2.150323888844996,CLERIC,MAGE,CLERIC,MAGE
26,8,1,1.0310560198036223,2.1758461613371916,CLERIC,MAGE,CLERIC,MAGE
27,8,1,1.0036131314868912,2.19881378641138,CLERIC,MAGE,CLERIC,MAGE
28,8,1,0.9717908215563398,2.2217297011895454,CLERIC,MAGE,CLERIC,MAGE
29,8,1,0.9641464126084021,2.2734225101973538,CLERIC,MAGE,CLERIC,MAGE
30,8,1,0.9209901234695339,2.2869920036473257,CLERIC,MAGE,CLERIC,MAGE
31,8,1,0.9000262879478305,2.318287538570818,CLERIC,MAGE,CLERIC,MAGE
32,8,1,0.8970042830243274,2.3715692303672986,CLERIC,MAGE,CLERIC,MAGE
33,8,1,0.9221225786951504,2.4073625072285276,CLERIC,PALADIN,CLERIC,MAGE
34,8,1,0.9363329399210141,2.4360996021959735,CLERIC,PALADIN,CLERIC,MAGE
35,8,1,0.9438373932766142,2.4570639412627715,CLERIC,PALADIN,CLERIC,MAGE
36,8,1,0.9628138270662667,2.48031542251268,CLERIC,PALADIN,CLERIC,MAGE
37,8,1,0.9775224445166542,2.561419832279088,CLERIC,PALADIN,CLERIC,ROGUE
38,8,1,0.9696509953015742,2.6802206264143535,CLERIC,PALADIN,CLERIC,ROGUE
39,8,1,0.976513497164766,2.6934365694716744,CLERIC,PALADIN,CLERIC,ROGUE
40,8,1,0.9816253539083997,2.693948335141294,CLERIC,PALADIN,CLERIC,ROGUE
41,8,1,0.9738426860104177,2.7223612237993855,CLERIC,PALADIN,CLERIC,ROGUE
42,8,1,0.9778991338862841,2.7591147960097873,CLERIC,PALADIN,CLERIC,ROGUE
43,8,1,1.0024701801977454,2.832816724169396,WARRIOR,PALADIN,CLERIC,ROGUE
44,8,1,1.0479079027439164,2.868132903718612,WARRIOR,PALADIN,CLERIC,ROGUE
45,8,1,1.090365849786612,2.9285688790931186,WARRIOR,PALADIN,CLERIC,ROGUE
46,8,1,1.1338710498722593,2.9599490532291384,WARRIOR,PALADIN,CLERIC,ROGUE
47,8,1,1.1775191348116332,3.0040398910314625,WARRIOR,PALADIN,CLERIC,ROGUE
48,8,1,1.2267928981519072,3.028610750214611,WARRIOR,PALADIN,CLERIC,ROGUE
49,8,1,1.2825562649020572,3.0989276165668267,WARRIOR,PALADIN,CLERIC,ROGUE
50,8,1,1.3401335710373719,3.142396103124989,WARRIOR,PALADIN,CLERIC,ROGUE
51,8,1,1.3958946732121502,3.1766223801038107,WARRIOR,PALADIN,CLERIC,ROGUE
52,8,1,1.4652283012445366,3.2379137117601653,WARRIOR,PALADIN,CLERIC,ROGUE
53,8,1,1.536107808835241,3.2704954597891467,WARRIOR,PALADIN,CLERIC,ROGUE
54,8,1,1.6068878581976032,3.33957335995414,WARRIOR,PALADIN,CLERIC,ROGUE
55,8,1,1.6775999297201194,3.3785631100839097,WARRIOR,PALADIN,CLERIC,ROGUE
56,8,1,1.7573664519166865,3.419319134973997,WARRIOR,PALADIN,CLERIC,ROGUE
57,8,1,1.842336330161487,3.4329283776931785,WARRIOR,PALADIN,CLERIC,ROGUE
58,8,1,1.9269221713460238,3.4769577402985696,WARRIOR,PALADIN,CLERIC,ROGUE
59,8,1,2.017011228816612,3.5098004339128686,WARRIOR,PALADIN,CLERIC,ROGUE
60,8,1,2.1070373521814956,3.5404669277592227,WARRIOR,PALADIN,CLERIC,ROGUE
61,8,1,2.1990587118367433,3.5748191597441803,WARRIOR,PALADIN,CLERIC,ROGUE
62,8,1,2.289198899842071,3.6206514210978424,WARRIOR,PALADIN,CLERIC,ROGUE
63,8,1,2.3839688918652513,3.656482269006034,WARRIOR,PALADIN,CLERIC,ROGUE
64,8,1,2.4821271712369475,3.7270157424648787,WARRIOR,PALADIN,CLERIC,ROGUE
65,8,1,2.5817610062403906,3.7874491610585537,WARRIOR,PALADIN,CLERIC,ROGUE
66,8,1,2.6842394040457407,3.827545023825518,WARRIOR,PALADIN,CLERIC,ROGUE
67,8,1,2.788684041855971,3.8731050381565657,WARRIOR,PALADIN,CLERIC,ROGUE
68,8,1,2.8908431105053145,3.947365508861922,WARRIOR,PALADIN,CLERIC,ROGUE
69,8,1,2.9970819614410615,3.9941872595323114,WARRIOR,PALADIN,CLERIC,ROGUE
70,8,1,3.10646626031319,4.050283294221635,WARRIOR,PALADIN,CLERIC,ROGUE
71,8,1,3.21697590532537,4.102954271058512,WARRIOR,PALADIN,CLERIC,ROGUE
72,8,1,3.3315570209166534,4.168337764346242,WARRIOR,PALADIN,CLERIC,ROGUE
73,8,1,3.4460329456092342,4.232164958590157,WARRIOR,PALADIN,CLERIC,ROGUE
74,8,1,3.5698275333721607,4.297664367794107,WARRIOR,PALADIN,CLERIC,ROGUE
75,8,1,3.695770277139143,4.359935372833634,WARRIOR,PALADIN,CLERIC,ROGUE
76,8,1,3.823956664455075,4.440420839264836,WARRIOR,PALADIN,CLERIC,ROGUE
77,8,1,3.9556509244958127,4.500519885986143,WARRIOR,PALADIN,CLERIC,ROGUE
78,8,1,4.083875907026191,4.574260691616527,WARRIOR,PALADIN,CLERIC,ROGUE
79,8,1,4.2170910995174005,4.6433146347071075,WARRIOR,PALADIN,CLERIC,ROGUE
80,8,1,4.351826659712743,4.70709608719051,WARRIOR,PALADIN,CLERIC,ROGUE
81,8,1,4.488278907331833,4.779847642385726,WARRIOR,PALADIN,CLERIC,ROGUE
82,8,1,4.628973143727144,4.849417721166427,WARRIOR,PALADIN,CLERIC,ROGUE
83,8,1,4.767744860763545,4.904183893748826,WARRIOR,PALADIN,CLERIC,ROGUE
84,8,1,4.913449412369841,4.969197211501708,WARRIOR,PALADIN,CLERIC,ROGUE
85,8,1,5.0617913092172895,5.036686954595648,WARRIOR,PALADIN,CLERIC,ROGUE
86,8,1,5.209983962286113,5.114604756038688,WARRIOR,PALADIN,CLERIC,ROGUE
87,8,1,5.361573313642309,5.173713319518636,WARRIOR,PALADIN,CLERIC,ROGUE
88,8,1,5.51013523634587,5.262317242442394,WARRIOR,PALADIN,CLERIC,ROGUE
89,8,1,5.66857649414132,5.3372728446217765,WARRIOR,PALADIN,CLERIC,ROGUE
90,8,1,5.8294044392544375,5.431787693634127,WARRIOR,PALADIN,CLERIC,ROGUE
91,8,1,5.989724893184789,5.5303648670681715,WARRIOR,PALADIN,CLERIC,ROGUE
92,8,1,6.150159078856254,5.611793679277066,WARRIOR,PALADIN,CLERIC,ROGUE
93,8,1,6.306252315048044,5.706959693594138,WARRIOR,PALADIN,CLERIC,ROGUE
94,8,1,6.467442679590585,5.804837711986388,WARRIOR,PALADIN,CLERIC,ROGUE
95,8,1,6.62921435687569,5.897424562983811,WARRIOR,PALADIN,CLERIC,ROGUE
96,8,1,6.790595069337058,5.98971284921479,WARRIOR,PALADIN,CLERIC,ROGUE
97,8,1,6.945475787487521,6.078129026147616,WARRIOR,PALADIN,CLERIC,ROGUE
98,8,1,7.102472344065736,6.16729336046673,WARRIOR,PALADIN,CLERIC,ROGUE
99,8,1,7.257338501506405,6.256759901342557,WARRIOR,PALADIN,CLERIC,ROGUE
100,8,1,7.411559460964656,6.349822347799572,WARRIOR,PALADIN,CLERIC,ROGUE
20,8,5,1.2259605206038193,2.0856494921885016,CLERIC,MAGE,CLERIC,MAGE
21,8,5,1.1797268416085638,2.081824249658215,CLERIC,MAGE,CLERIC,MAGE
22,8,5,1.1259415967928676,2.0780531812143455,CLERIC,MAGE,CLERIC,MAGE
23,8,5,1.0921470523200805,2.0888621686196096,CLERIC,MAGE,CLERIC,MAGE
24,8,5,1.0730210072710245,2.1217628663741106,CLERIC,MAGE,CLERIC,MAGE
25,8,5,1.0562616469268482,2.1503238888449516,CLERIC,MAGE,CLERIC,MAGE
26,8,5,1.0310560198036223,2.1758461613371916,CLERIC,MAGE,CLERIC,MAGE
27,8,5,1.003613131486869,2.1988137864113577,CLERIC,MAGE,CLERIC,MAGE
28,8,5,0.971790821556362,2.2217297011895676,CLERIC,MAGE,CLERIC,MAGE
29,8,5,0.9641464126083577,2.273422510197287,CLERIC,MAGE,CLERIC,MAGE
30,8,5,0.9209901234695117,2.2869920036473257,CLERIC,MAGE,CLERIC,MAGE
31,8,5,0.900026287947786,2.3182875385707735,CLERIC,MAGE,CLERIC,MAGE
32,8,5,0.8970042830243052,2.371569230367232,CLERIC,MAGE,CLERIC,MAGE
33,8,5,0.9221225786951726,2.407362507228572,CLERIC,PALADIN,CLERIC,MAGE
34,8,5,0.9363329399210363,2.4360996021959958,CLERIC,PALADIN,CLERIC,MAGE
35,8,5,0.9438373932766142,2.4570639412627493,CLERIC,PALADIN,CLERIC,MAGE
36,8,5,0.9628138270662223,2.480315422512658,CLERIC,PALADIN,CLERIC,MAGE
37,8,5,0.9775224445166097,2.561419832279088,CLERIC,PALADIN,CLERIC,ROGUE
38,8,5,0.9696509953015742,2.6802206264143535,CLERIC,PALADIN,CLERIC,ROGUE
39,8,5,0.976513497164766,2.6934365694716966,CLERIC,PALADIN,CLERIC,ROGUE
40,8,5,0.9816253539084219,2.693948335141272,CLERIC,PALADIN,CLERIC,ROGUE
41,8,5,0.9738426860104399,2.722361223799341,CLERIC,PALADIN,CLERIC,ROGUE
42,8,5,0.9778991338862619,2.7591147960097873,CLERIC,PALADIN,CLERIC,ROGUE
43,8,5,1.0024701801977454,2.832816724169418,WARRIOR,PALADIN,CLERIC,ROGUE
44,8,5,1.0479079027439164,2.8681329037186343,WARRIOR,PALADIN,CLERIC,ROGUE
45,8,5,1.0903658497865898,2.9285688790931186,WARRIOR,PALADIN,CLERIC,ROGUE
46,8,5,1.1338710498722593,2.959949053229116,WARRIOR,PALADIN,CLERIC,ROGUE
47,8,5,1.1775191348115888,3.0040398910314403,WARRIOR,PALADIN,CLERIC,ROGUE
48,8,5,1.226792898151885,3.028610750214611,WARRIOR,PALADIN,CLERIC,ROGUE
49,8,5,1.2825562649020572,3.098927616566871,WARRIOR,PALADIN,CLERIC,ROGUE
50,8,5,1.3401335710373719,3.142396103124989,WARRIOR,PALADIN,CLERIC,ROGUE
51,8,5,1.3958946732121946,3.176622380103855,WARRIOR,PALADIN,CLERIC,ROGUE
52,8,5,1.465228301244581,3.2379137117601653,WARRIOR,PALADIN,CLERIC,ROGUE
53,8,5,1.536107808835241,3.2704954597891245,WARRIOR,PALADIN,CLERIC,ROGUE
54,8,5,1.6068878581976032,3.3395733599540955,WARRIOR,PALADIN,CLERIC,ROGUE
55,8,5,1.6775999297201194,3.3785631100839097,WARRIOR,PALADIN,CLERIC,ROGUE
56,8,5,1.7573664519167087,3.419319134973997,WARRIOR,PALADIN,CLERIC,ROGUE
57,8,5,1.842336330161487,3.4329283776931785,WARRIOR,PALADIN,CLERIC,ROGUE
58,8,5,1.9269221713460238,3.476957740298614,WARRIOR,PALADIN,CLERIC,ROGUE
59,8,5,2.017011228816612,3.5098004339128908,WARRIOR,PALADIN,CLERIC,ROGUE
60,8,5,2.1070373521814956,3.5404669277592005,WARRIOR,PALADIN,CLERIC,ROGUE
61,8,5,2.199058711836721,3.5748191597441803,WARRIOR,PALADIN,CLERIC,ROGUE
62,8,5,2.2891988998420487,3.6206514210978202,WARRIOR,PALADIN,CLERIC,ROGUE
63,8,5,2.383968891865229,3.656482269006056,WARRIOR,PALADIN,CLERIC,ROGUE
64,8,5,2.4821271712369697,3.727015742464923,WARRIOR,PALADIN,CLERIC,ROGUE
65,8,5,2.581761006240346,3.787449161058576,WARRIOR,PALADIN,CLERIC,ROGUE
66,8,5,2.684239404045763,3.827545023825496,WARRIOR,PALADIN,CLERIC,ROGUE
67,8,5,2.788684041855971,3.873105038156588,WARRIOR,PALADIN,CLERIC,ROGUE
68,8,5,2.8908431105053145,3.9473655088619664,WARRIOR,PALADIN,CLERIC,ROGUE
69,8,5,2.997081961441017,3.9941872595323336,WARRIOR,PALADIN,CLERIC,ROGUE
70,8,5,3.106466260313212,4.050283294221613,WARRIOR,PALADIN,CLERIC,ROGUE
71,8,5,3.2169759053253477,4.102954271058512,WARRIOR,PALADIN,CLERIC,ROGUE
72,8,5,3.3315570209166756,4.168337764346264,WARRIOR,PALADIN,CLERIC,ROGUE
73,8,5,3.44603294560919,4.232164958590157,WARRIOR,PALADIN,CLERIC,ROGUE
74,8,5,3.569827533372183,4.297664367794107,WARRIOR,PALADIN,CLERIC,ROGUE
75,8,5,3.695770277139143,4.359935372833634,WARRIOR,PALADIN,CLERIC,ROGUE
76,8,5,3.823956664455097,4.440420839264836,WARRIOR,PALADIN,CLERIC,ROGUE
77,8,5,3.9556509244958127,4.500519885986143,WARRIOR,PALADIN,CLERIC,ROGUE
78,8,5,4.083875907026191,4.574260691616572,WARRIOR,PALADIN,CLERIC,ROGUE
79,8,5,4.217091099517423,4.643314634707085,WARRIOR,PALADIN,CLERIC,ROGUE
80,8,5,4.351826659712721,4.7070960871904655,WARRIOR,PALADIN,CLERIC,ROGUE
81,8,5,4.488278907331833,4.779847642385748,WARRIOR,PALADIN,CLERIC,ROGUE
82,8,5,4.628973143727122,4.849417721166427,WARRIOR,PALADIN,CLERIC,ROGUE
83,8,5,4.767744860763612,4.904183893748848,WARRIOR,PALADIN,CLERIC,ROGUE
84,8,5,4.913449412369819,4.96919721150173,WARRIOR,PALADIN,CLERIC,ROGUE
85,8,5,5.061791309217267,5.036686954595626,WARRIOR,PALADIN,CLERIC,ROGUE
86,8,5,5.2099839622861355,5.114604756038665,WARRIOR,PALADIN,CLERIC,ROGUE
87,8,5,5.361573313642376,5.17371331951868,WARRIOR,PALADIN,CLERIC,ROGUE
88,8,5,5.510135236345848,5.262317242442349,WARRIOR,PALADIN,CLERIC,ROGUE
89,8,5,5.66857649414132,5.337272844621799,WARRIOR,PALADIN,CLERIC,ROGUE
90,8,5,5.8294044392544375,5.431787693634127,WARRIOR,PALADIN,CLERIC,ROGUE
91,8,5,5.989724893184811,5.5303648670681715,WARRIOR,PALADIN,CLERIC,ROGUE
92,8,5,6.150159078856299,5.611793679277088,WARRIOR,PALADIN,CLERIC,ROGUE
93,8,5,6.306252315048022,5.706959693594138,WARRIOR,PALADIN,CLERIC,ROGUE
94,8,5,6.467442679590629,5.80483771198641,WARRIOR,PALADIN,CLERIC,ROGUE
95,8,5,6.629214356875668,5.897424562983833,WARRIOR,PALADIN,CLERIC,ROGUE
96,8,5,6.790595069337058,5.989712849214812,WARRIOR,PALADIN,CLERIC,ROGUE
97,8,5,6.945475787487521,6.078129026147638,WARRIOR,PALADIN,CLERIC,ROGUE
98,8,5,7.102472344065736,6.167293360466752,WARRIOR,PALADIN,CLERIC,ROGUE
99,8,5,7.257338501506427,6.256759901342535,WARRIOR,PALADIN,CLERIC,ROGUE
100,8,5,7.411559460964701,6.34982234779955,WARRIOR,PALADIN,CLERIC,ROGUE
20,8,12,1.225938733665899,2.08562752021908,CLERIC,MAGE,CLERIC,MAGE
21,8,12,1.1795819455356238,2.0816780617220143,CLERIC,MAGE,CLERIC,MAGE
22,8,12,1.1256865782749426,2.077795761669754,CLERIC,MAGE,CLERIC,MAGE
23,8,12,1.0918294228967396,2.0885414075380915,CLERIC,MAGE,CLERIC,MAGE
24,8,12,1.0726639225120627,2.121402076474732,CLERIC,MAGE,CLERIC,MAGE
25,8,12,1.0558326803875806,2.149890278198674,CLERIC,MAGE,CLERIC,MAGE
26,8,12,1.0305582937538915,2.1753427955178983,CLERIC,MAGE,CLERIC,MAGE
27,8,12,1.0030753885795107,2.1982696802596235,CLERIC,MAGE,CLERIC,MAGE
28,8,12,0.97119188921857,2.221123354614485,CLERIC,MAGE,CLERIC,MAGE
29,8,12,0.963538815285192,2.2728070337142636,CLERIC,MAGE,CLERIC,MAGE
30,8,12,0.9202074101196,2.2861986959908265,CLERIC,MAGE,CLERIC,MAGE
31,8,12,0.8991626311541712,2.317411742127562,CLERIC,MAGE,CLERIC,MAGE
32,8,12,0.9112507609548182,2.4187252183671903,CLERIC,PALADIN,CLERIC,WARRIOR
33,8,12,0.938620755755748,2.5075808167450475,CLERIC,PALADIN,CLERIC,WARRIOR
34,8,12,0.9539441882752575,2.6049531897406775,CLERIC,PALADIN,CLERIC,WARRIOR
35,8,12,0.9630901457934549,2.674588223591967,CLERIC,PALADIN,CLERIC,WARRIOR
36,8,12,0.9851328351311528,2.721200736824514,CLERIC,PALADIN,CLERIC,WARRIOR
37,8,12,1.0037793110326598,2.8052212231994833,CLERIC,PALADIN,CLERIC,WARRIOR
38,8,12,0.9996314566927733,2.9117062146786443,CLERIC,PALADIN,CLERIC,WARRIOR
39,8,12,1.009943515175693,3.015876974967102,CLERIC,PALADIN,CLERIC,WARRIOR
40,8,12,1.033348990136207,3.0800820558735786,CLERIC,WARRIOR,CLERIC,WARRIOR
41,8,12,1.0280635535500293,3.1355971176792785,CLERIC,WARRIOR,CLERIC,WARRIOR
42,8,12,1.0318936285127256,3.2064946274910078,CLERIC,WARRIOR,CLERIC,WARRIOR
43,8,12,1.0510494533266135,3.305859510687159,CLERIC,WARRIOR,CLERIC,WARRIOR
44,8,12,1.0553438392680858,3.344870468181682,CLERIC,WARRIOR,CLERIC,WARRIOR
45,8,12,1.0638712727946587,3.3933308470731616,CLERIC,WARRIOR,CLERIC,WARRIOR
46,8,12,1.0692662496333494,3.4779329716825513,CLERIC,WARRIOR,CLERIC,WARRIOR
47,8,12,1.0754449053209214,3.5342218683451776,CLERIC,WARRIOR,CLERIC,WARRIOR
48,8,12,1.0843864304051154,3.5791791914838056,CLERIC,WARRIOR,CLERIC,WARRIOR
49,8,12,1.095016096166579,3.6698924635601538,CLERIC,WARRIOR,CLERIC,WARRIOR
50,8,12,1.100279010008265,3.730141885263505,CLERIC,WARRIOR,CLERIC,WARRIOR
51,8,12,1.100401814846097,3.8066436035724127,CLERIC,WARRIOR,CLERIC,WARRIOR
52,8,12,1.1001565960285786,3.8865485564429925,CLERIC,WARRIOR,CLERIC,WARRIOR
53,8,12,1.1006597163550236,3.9419399220439244,CLERIC,WARRIOR,CLERIC,WARRIOR
54,8,12,1.1259355453707043,4.0160987629406675,RANGER,WARRIOR,CLERIC,WARRIOR
55,8,12,1.1708321754362316,4.093014817886753,RANGER,WARRIOR,CLERIC,WARRIOR
56,8,12,1.2165945040149673,4.153318547393381,RANGER,WARRIOR,CLERIC,WARRIOR
57,8,12,1.2605386256968831,4.222728525753694,RANGER,WARRIOR,CLERIC,WARRIOR
58,8,12,1.3122703960733562,4.306743032427063,RANGER,WARRIOR,CLERIC,WARRIOR
59,8,12,1.3616496080099738,4.364829271932336,RANGER,WARRIOR,CLERIC,WARRIOR
60,8,12,1.4099875117210114,4.442689128068156,RANGER,WARRIOR,CLERIC,WARRIOR
61,8,12,1.4612409687428052,4.529845089243056,RANGER,WARRIOR,CLERIC,WARRIOR
62,8,12,1.5104578602412433,4.610276103831756,RANGER,WARRIOR,CLERIC,WARRIOR
63,8,12,1.5606170433736244,4.676061256006081,RANGER,WARRIOR,CLERIC,WARRIOR
64,8,12,1.6118480828638981,4.777701830450298,RANGER,WARRIOR,CLERIC,WARRIOR
65,8,12,1.663308322749124,4.87825241340758,RANGER,WARRIOR,CLERIC,WARRIOR
66,8,12,1.715531751561028,4.964076086483971,RANGER,WARRIOR,CLERIC,WARRIOR
67,8,12,1.7673057070804354,5.054269038437598,RANGER,WARRIOR,CLERIC,WARRIOR
68,8,12,1.8173274773821024,5.1331889173173995,RANGER,WARRIOR,CLERIC,WARRIOR
69,8,12,1.8693688167733757,5.223550328295379,RANGER,WARRIOR,CLERIC,WARRIOR
70,8,12,1.9202903744953703,5.309119406495921,RANGER,WARRIOR,CLERIC,WARRIOR
71,8,12,1.974811849388458,5.4105272401352655,RANGER,WARRIOR,CLERIC,WARRIOR
72,8,12,2.0291483325584503,5.508108521181843,RANGER,WARRIOR,CLERIC,WARRIOR
73,8,12,2.081009332090056,5.611438725864626,RANGER,WARRIOR,CLERIC,WARRIOR
74,8,12,2.1380627547511466,5.713045802925332,RANGER,WARRIOR,CLERIC,WARRIOR
75,8,12,2.1977549131444896,5.816702777000193,RANGER,WARRIOR,CLERIC,WARRIOR
76,8,12,2.255319362511443,5.935233989552202,RANGER,WARRIOR,CLERIC,WARRIOR
77,8,12,2.3153684971677357,6.050182477030774,RANGER,WARRIOR,CLERIC,WARRIOR
78,8,12,2.371921544468192,6.162510973417201,RANGER,WARRIOR,CLERIC,WARRIOR
79,8,12,2.4292079552969303,6.273186741832437,RANGER,WARRIOR,CLERIC,WARRIOR
80,8,12,2.4898204115024525,6.3760316100204495,RANGER,WARRIOR,CLERIC,WARRIOR
81,8,12,2.5484375247368574,6.4944599672089875,RANGER,WARRIOR,CLERIC,WARRIOR
82,8,12,2.609430449255923,6.600378636276982,RANGER,WARRIOR,CLERIC,WARRIOR
83,8,12,2.665758643154925,6.708705015771077,RANGER,WARRIOR,CLERIC,WARRIOR
84,8,12,2.727119986741311,6.813742265857048,RANGER,WARRIOR,CLERIC,WARRIOR
85,8,12,2.7892848307176754,6.92374218406524,RANGER,WARRIOR,CLERIC,WARRIOR
86,8,12,2.852203849876034,7.046274744481096,RANGER,WARRIOR,CLERIC,WARRIOR
87,8,12,2.9152977875965824,7.148024974422507,RANGER,WARRIOR,CLERIC,WARRIOR
88,8,12,2.9764131320158427,7.257108346091878,RANGER,WARRIOR,CLERIC,WARRIOR
89,8,12,3.0419619207792348,7.373491897134876,RANGER,WARRIOR,CLERIC,WARRIOR
90,8,12,3.107395228339649,7.496391932501445,RANGER,WARRIOR,CLERIC,WARRIOR
91,8,12,3.1735122671912697,7.629029729541825,RANGER,WARRIOR,CLERIC,WARRIOR
92,8,12,3.2381826969549943,7.7538203215791635,RANGER,WARRIOR,CLERIC,WARRIOR
93,8,12,3.3049330628264872,7.88316126029347,RANGER,WARRIOR,CLERIC,WARRIOR
94,8,12,3.372555729340032,8.003767013240903,RANGER,WARRIOR,CLERIC,WARRIOR
95,8,12,3.439296446600504,8.124462405790055,RANGER,WARRIOR,CLERIC,WARRIOR
96,8,12,3.5069402288063767,8.256235627665198,RANGER,WARRIOR,CLERIC,WARRIOR
97,8,12,3.571185840873903,8.370600306880327,RANGER,WARRIOR,CLERIC,WARRIOR
98,8,12,3.64608742877659,8.50204774105734,MAGE,WARRIOR,CLERIC,WARRIOR
99,8,12,3.7228652315328015,8.626264652748738,MAGE,WARRIOR,CLERIC,WARRIOR
100,8,12,3.799160058896911,8.750839083230645,MAGE,WARRIOR,CLERIC,WARRIOR
20,9,1,1.2259605206038193,2.0856494921884794,CLERIC,MAGE,CLERIC,MAGE
21,9,1,1.1797268416085416,2.081824249658193,CLERIC,MAGE,CLERIC,MAGE
22,9,1,1.1259415967928899,2.07805318121439,CLERIC,MAGE,CLERIC,MAGE
23,9,1,1.0921470523200805,2.0888621686196096,CLERIC,MAGE,CLERIC,MAGE
24,9,1,1.0730210072710022,2.1217628663741106,CLERIC,MAGE,CLERIC,MAGE
25,9,1,1.0562616469268704,2.150323888844996,CLERIC,MAGE,CLERIC,MAGE
26,9,1,1.0310560198036223,2.1758461613371693,CLERIC,MAGE,CLERIC,MAGE
27,9,1,1.0036131314868468,2.1988137864113577,CLERIC,MAGE,CLERIC,MAGE
28,9,1,0.9717908215563398,2.221729701189523,CLERIC,MAGE,CLERIC,MAGE
29,9,1,0.9641464126083577,2.2734225101973093,CLERIC,MAGE,CLERIC,MAGE
30,9,1,0.9209901234695339,2.2869920036473257,CLERIC,MAGE,CLERIC,MAGE
31,9,1,0.9000262879478083,2.3182875385707957,CLERIC,MAGE,CLERIC,MAGE
32,9,1,0.8970042830243274,2.3715692303672986,CLERIC,MAGE,CLERIC,MAGE
33,9,1,0.9221225786951948,2.4073625072285276,CLERIC,PALADIN,CLERIC,MAGE
34,9,1,0.9363329399209919,2.4360996021959513,CLERIC,PALADIN,CLERIC,MAGE
35,9,1,0.9438373932766364,2.4570639412627715,CLERIC,PALADIN,CLERIC,MAGE
36,9,1,0.9628138270662445,2.4803154225126356,CLERIC,PALADIN,CLERIC,MAGE
37,9,1,0.977522444516632,2.5614198322791104,CLERIC,PALADIN,CLERIC,ROGUE
38,9,1,0.9696509953015742,2.6802206264143535,CLERIC,PALADIN,CLERIC,ROGUE
39,9,1,0.9765134971647438,2.693436569471652,CLERIC,PALADIN,CLERIC,ROGUE
40,9,1,0.9816253539083997,2.693948335141294,CLERIC,PALADIN,CLERIC,ROGUE
41,9,1,0.9738426860104177,2.7223612237993855,CLERIC,PALADIN,CLERIC,ROGUE
42,9,1,0.9778991338862841,2.7591147960098317,CLERIC,PALADIN,CLERIC,ROGUE
43,9,1,1.0024701801977454,2.832816724169418,WARRIOR,PALADIN,CLERIC,ROGUE
44,9,1,1.0479079027439164,2.868132903718612,WARRIOR,PALADIN,CLERIC,ROGUE
45,9,1,1.090365849786612,2.928568879093074,WARRIOR,PALADIN,CLERIC,ROGUE
46,9,1,1.1338710498722593,2.9599490532291384,WARRIOR,PALADIN,CLERIC,ROGUE
47,9,1,1.1775191348116332,3.0040398910314625,WARRIOR,PALADIN,CLERIC,ROGUE
48,9,1,1.2267928981519294,3.0286107502145887,WARRIOR,PALADIN,CLERIC,ROGUE
49,9,1,1.282556264902035,3.098927616566849,WARRIOR,PALADIN,CLERIC,ROGUE
50,9,1,1.3401335710373719,3.1423961031250114,WARRIOR,PALADIN,CLERIC,ROGUE
51,9,1,1.3958946732121502,3.176622380103833,WARRIOR,PALADIN,CLERIC,ROGUE
52,9,1,1.4652283012444922,3.2379137117601653,WARRIOR,PALADIN,CLERIC,ROGUE
53,9,1,1.536107808835241,3.2704954597891467,WARRIOR,PALADIN,CLERIC,ROGUE
54,9,1,1.6068878581976032,3.33957335995414,WARRIOR,PALADIN,CLERIC,ROGUE
55,9,1,1.677599929720075,3.3785631100838875,WARRIOR,PALADIN,CLERIC,ROGUE
56,9,1,1.757366451916642,3.419319134973997,WARRIOR,PALADIN,CLERIC,ROGUE
57,9,1,1.8423363301614648,3.4329283776931785,WARRIOR,PALADIN,CLERIC,ROGUE
58,9,1,1.926922171346046,3.476957740298592,WARRIOR,PALADIN,CLERIC,ROGUE
59,9,1,2.017011228816634,3.5098004339128908,WARRIOR,PALADIN,CLERIC,ROGUE
60,9,1,2.1070373521814734,3.5404669277592005,WARRIOR,PALADIN,CLERIC,ROGUE
61,9,1,2.199058711836721,3.5748191597441803,WARRIOR,PALADIN,CLERIC,ROGUE
62,9,1,2.289198899842071,3.620651421097798,WARRIOR,PALADIN,CLERIC,ROGUE
63,9,1,2.3839688918652513,3.656482269006034,WARRIOR,PALADIN,CLERIC,ROGUE
64,9,1,2.4821271712369475,3.727015742464901,WARRIOR,PALADIN,CLERIC,ROGUE
65,9,1,2.581761006240346,3.7874491610585315,WARRIOR,PALADIN,CLERIC,ROGUE
66,9,1,2.684239404045763,3.827545023825474,WARRIOR,PALADIN,CLERIC,ROGUE
67,9,1,2.7886840418560155,3.8731050381565657,WARRIOR,PALADIN,CLERIC,ROGUE
68,9,1,2.8908431105053367,3.9473655088618997,WARRIOR,PALADIN,CLERIC,ROGUE
69,9,1,2.997081961441017,3.9941872595323336,WARRIOR,PALADIN,CLERIC,ROGUE
70,9,1,3.106466260313212,4.050283294221635,WARRIOR,PALADIN,CLERIC,ROGUE
71,9,1,3.2169759053253255,4.10295427105849,WARRIOR,PALADIN,CLERIC,ROGUE
72,9,1,3.3315570209166756,4.168337764346264,WARRIOR,PALADIN,CLERIC,ROGUE
73,9,1,3.446032945609212,4.232164958590157,WARRIOR,PALADIN,CLERIC,ROGUE
74,9,1,3.569827533372205,4.2976643677941295,WARRIOR,PALADIN,CLERIC,ROGUE
75,9,1,3.695770277139121,4.3599353728336565,WARRIOR,PALADIN,CLERIC,ROGUE
76,9,1,3.823956664455075,4.440420839264836,WARRIOR,PALADIN,CLERIC,ROGUE
77,9,1,3.955650924495857,4.500519885986187,WARRIOR,PALADIN,CLERIC,ROGUE
78,9,1,4.083875907026213,4.57426069161655,WARRIOR,PALADIN,CLERIC,ROGUE
79,9,1,4.217091099517423,4.64331463470713,WARRIOR,PALADIN,CLERIC,ROGUE
80,9,1,4.351826659712743,4.707096087190532,WARRIOR,PALADIN,CLERIC,ROGUE
81,9,1,4.488278907331833,4.779847642385726,WARRIOR,PALADIN,CLERIC,ROGUE
82,9,1,4.628973143727166,4.849417721166449,WARRIOR,PALADIN,CLERIC,ROGUE
83,9,1,4.767744860763634,4.904183893748826,WARRIOR,PALADIN,CLERIC,ROGUE
84,9,1,4.913449412369819,4.969197211501752,WARRIOR,PALADIN,CLERIC,ROGUE
85,9,1,5.061791309217245,5.036686954595648,WARRIOR,PALADIN,CLERIC,ROGUE
86,9,1,5.209983962286158,5.11460475603871,WARRIOR,PALADIN,CLERIC,ROGUE
87,9,1,5.361573313642354,5.17371331951868,WARRIOR,PALADIN,CLERIC,ROGUE
88,9,1,5.51013523634587,5.262317242442394,WARRIOR,PALADIN,CLERIC,ROGUE
89,9,1,5.668576494141342,5.337272844621799,WARRIOR,PALADIN,CLERIC,ROGUE
90,9,1,5.829404439254504,5.4317876936340825,WARRIOR,PALADIN,CLERIC,ROGUE
91,9,1,5.989724893184789,5.530364867068194,WARRIOR,PALADIN,CLERIC,ROGUE
92,9,1,6.150159078856299,5.611793679277111,WARRIOR,PALADIN,CLERIC,ROGUE
93,9,1,6.3062523150480665,5.706959693594116,WARRIOR,PALADIN,CLERIC,ROGUE
94,9,1,6.467442679590607,5.80483771198641,WARRIOR,PALADIN,CLERIC,ROGUE
95,9,1,6.629214356875668,5.897424562983855,WARRIOR,PALADIN,CLERIC,ROGUE
96,9,1,6.790595069337035,5.989712849214812,WARRIOR,PALADIN,CLERIC,ROGUE
97,9,1,6.945475787487521,6.078129026147638,WARRIOR,PALADIN,CLERIC,ROGUE
98,9,1,7.102472344065736,6.167293360466775,WARRIOR,PALADIN,CLERIC,ROGUE
99,9,1,7.257338501506427,6.256759901342535,WARRIOR,PALADIN,CLERIC,ROGUE
100,9,1,7.411559460964723,6.349822347799572,WARRIOR,PALADIN,CLERIC,ROGUE
20,9,5,1.2259605206038193,2.0856494921885016,CLERIC,MAGE,CLERIC,MAGE
21,9,5,1.1797268416085638,2.081824249658215,CLERIC,MAGE,CLERIC,MAGE
22,9,5,1.125941596792912,2.078053181214412,CLERIC,MAGE,CLERIC,MAGE
23,9,5,1.0921470523201027,2.088862168619632,CLERIC,MAGE,CLERIC,MAGE
24,9,5,1.0730210072710467,2.121762866374133,CLERIC,MAGE,CLERIC,MAGE
25,9,5,1.0562616469268704,2.150323888844996,CLERIC,MAGE,CLERIC,MAGE
26,9,5,1.0310560198036223,2.1758461613371916,CLERIC,MAGE,CLERIC,MAGE
27,9,5,1.003613131486869,2.1988137864113577,CLERIC,MAGE,CLERIC,MAGE
28,9,5,0.9717908215563176,2.221729701189501,CLERIC,MAGE,CLERIC,MAGE
29,9,5,0.9641464126084021,2.2734225101973315,CLERIC,MAGE,CLERIC,MAGE
30,9,5,0.9209901234695561,2.286992003647348,CLERIC,MAGE,CLERIC,MAGE
31,9,5,0.900026287947786,2.3182875385707513,CLERIC,MAGE,CLERIC,MAGE
32,9,5,0.8970042830243052,2.371569230367254,CLERIC,MAGE,CLERIC,MAGE
33,9,5,0.9221225786951726,2.4073625072285276,CLERIC,PALADIN,CLERIC,MAGE
34,9,5,0.9363329399210141,2.4360996021959735,CLERIC,PALADIN,CLERIC,MAGE
35,9,5,0.9438373932766364,2.4570639412627937,CLERIC,PALADIN,CLERIC,MAGE
36,9,5,0.9628138270662445,2.48031542251268,CLERIC,PALADIN,CLERIC,MAGE
37,9,5,0.9775224445166764,2.5614198322791104,CLERIC,PALADIN,CLERIC,ROGUE
38,9,5,0.9696509953015742,2.6802206264143313,CLERIC,PALADIN,CLERIC,ROGUE
39,9,5,0.9765134971647882,2.6934365694716744,CLERIC,PALADIN,CLERIC,ROGUE
40,9,5,0.9816253539083775,2.693948335141272,CLERIC,PALADIN,CLERIC,ROGUE
41,9,5,0.9738426860103955,2.7223612237993855,CLERIC,PALADIN,CLERIC,ROGUE
42,9,5,0.9778991338863063,2.7591147960098317,CLERIC,PALADIN,CLERIC,ROGUE
43,9,5,1.0024701801977232,2.83281672416944,WARRIOR,PALADIN,CLERIC,ROGUE
44,9,5,1.0479079027439386,2.8681329037186787,WARRIOR,PALADIN,CLERIC,ROGUE
45,9,5,1.0903658497865898,2.928568879093052,WARRIOR,PALADIN,CLERIC,ROGUE
46,9,5,1.1338710498722593,2.9599490532291384,WARRIOR,PALADIN,CLERIC,ROGUE
47,9,5,1.177519134811611,3.0040398910314847,WARRIOR,PALADIN,CLERIC,ROGUE
48,9,5,1.2267928981519072,3.0286107502145665,WARRIOR,PALADIN,CLERIC,ROGUE
49,9,5,1.282556264902035,3.0989276165668933,WARRIOR,PALADIN,CLERIC,ROGUE
50,9,5,1.3401335710373719,3.142396103124989,WARRIOR,PALADIN,CLERIC,ROGUE
51,9,5,1.3958946732121502,3.176622380103855,WARRIOR,PALADIN,CLERIC,ROGUE
52,9,5,1.4652283012445366,3.2379137117601875,WARRIOR,PALADIN,CLERIC,ROGUE
53,9,5,1.5361078088352853,3.270495459789191,WARRIOR,PALADIN,CLERIC,ROGUE
54,9,5,1.6068878581976476,3.33957335995414,WARRIOR,PALADIN,CLERIC,ROGUE
55,9,5,1.6775999297200972,3.3785631100839097,WARRIOR,PALADIN,CLERIC,ROGUE
56,9,5,1.7573664519166643,3.419319134973997,WARRIOR,PALADIN,CLERIC,ROGUE
57,9,5,1.8423363301614426,3.4329283776931785,WARRIOR,PALADIN,CLERIC,ROGUE
58,9,5,1.9269221713460238,3.476957740298592,WARRIOR,PALADIN,CLERIC,ROGUE
59,9,5,2.017011228816612,3.5098004339128686,WARRIOR,PALADIN,CLERIC,ROGUE
60,9,5,2.10703735218154,3.540466927759245,WARRIOR,PALADIN,CLERIC,ROGUE
61,9,5,2.1990587118367433,3.574819159744158,WARRIOR,PALADIN,CLERIC,ROGUE
62,9,5,2.2891988998420487,3.6206514210978424,WARRIOR,PALADIN,CLERIC,ROGUE
63,9,5,2.3839688918652735,3.656482269006034,WARRIOR,PALADIN,CLERIC,ROGUE
64,9,5,2.4821271712369475,3.727015742464923,WARRIOR,PALADIN,CLERIC,ROGUE
65,9,5,2.581761006240346,3.7874491610585315,WARRIOR,PALADIN,CLERIC,ROGUE
66,9,5,2.684239404045763,3.827545023825474,WARRIOR,PALADIN,CLERIC,ROGUE
67,9,5,2.7886840418560155,3.8731050381565657,WARRIOR,PALADIN,CLERIC,ROGUE
68,9,5,2.8908431105053367,3.947365508861922,WARRIOR,PALADIN,CLERIC,ROGUE
69,9,5,2.997081961441017,3.9941872595323558,WARRIOR,PALADIN,CLERIC,ROGUE
70,9,5,3.10646626031319,4.050283294221635,WARRIOR,PALADIN,CLERIC,ROGUE
71,9,5,3.21697590532537,4.102954271058512,WARRIOR,PALADIN,CLERIC,ROGUE
72,9,5,3.331557020916698,4.168337764346264,WARRIOR,PALADIN,CLERIC,ROGUE
73,9,5,3.446032945609212,4.232164958590157,WARRIOR,PALADIN,CLERIC,ROGUE
74,9,5,3.569827533372183,4.297664367794107,WARRIOR,PALADIN,CLERIC,ROGUE
75,9,5,3.695770277139143,4.359935372833634,WARRIOR,PALADIN,CLERIC,ROGUE
76,9,5,3.823956664455097,4.440420839264836,WARRIOR,PALADIN,CLERIC,ROGUE
77,9,5,3.9556509244957905,4.500519885986121,WARRIOR,PALADIN,CLERIC,ROGUE
78,9,5,4.083875907026191,4.57426069161655,WARRIOR,PALADIN,CLERIC,ROGUE
79,9,5,4.217091099517445,4.64331463470713,WARRIOR,PALADIN,CLERIC,ROGUE
80,9,5,4.351826659712743,4.70709608719051,WARRIOR,PALADIN,CLERIC,ROGUE
81,9,5,4.488278907331789,4.779847642385704,WARRIOR,PALADIN,CLERIC,ROGUE
82,9,5,4.628973143727166,4.849417721166471,WARRIOR,PALADIN,CLERIC,ROGUE
83,9,5,4.767744860763612,4.904183893748826,WARRIOR,PALADIN,CLERIC,ROGUE
84,9,5,4.913449412369819,4.969197211501752,WARRIOR,PALADIN,CLERIC,ROGUE
85,9,5,5.061791309217267,5.0366869545956705,WARRIOR,PALADIN,CLERIC,ROGUE
86,9,5,5.209983962286158,5.114604756038732,WARRIOR,PALADIN,CLERIC,ROGUE
87,9,5,5.361573313642332,5.173713319518636,WARRIOR,PALADIN,CLERIC,ROGUE
88,9,5,5.51013523634587,5.262317242442371,WARRIOR,PALADIN,CLERIC,ROGUE
89,9,5,5.6685764941412975,5.337272844621754,WARRIOR,PALADIN,CLERIC,ROGUE
90,9,5,5.829404439254482,5.431787693634105,WARRIOR,PALADIN,CLERIC,ROGUE
91,9,5,5.989724893184811,5.5303648670681715,WARRIOR,PALADIN,CLERIC,ROGUE
92,9,5,6.150159078856321,5.611793679277088,WARRIOR,PALADIN,CLERIC,ROGUE
93,9,5,6.3062523150480665,5.706959693594116,WARRIOR,PALADIN,CLERIC,ROGUE
94,9,5,6.467442679590563,5.80483771198641,WARRIOR,PALADIN,CLERIC,ROGUE
95,9,5,6.62921435687569,5.897424562983855,WARRIOR,PALADIN,CLERIC,ROGUE
96,9,5,6.790595069337058,5.98971284921479,WARRIOR,PALADIN,CLERIC,ROGUE
97,9,5,6.945475787487565,6.078129026147661,WARRIOR,PALADIN,CLERIC,ROGUE
98,9,5,7.102472344065758,6.16729336046673,WARRIOR,PALADIN,CLERIC,ROGUE
99,9,5,7.2573385015064495,6.256759901342512,WARRIOR,PALADIN,CLERIC,ROGUE
100,9,5,7.411559460964701,6.34982234779955,WARRIOR,PALADIN,CLERIC,ROGUE
20,9,12,1.2259605206037971,2.0856494921884794,CLERIC,MAGE,CLERIC,MAGE
21,9,12,1.179726841608586,2.0818242496582373,CLERIC,MAGE,CLERIC,MAGE
22,9,12,1.1259415967928899,2.07805318121439,CLERIC,MAGE,CLERIC,MAGE
23,9,12,1.0921470523201027,2.088862168619632,CLERIC,MAGE,CLERIC,MAGE
24,9,12,1.0730210072710467,2.121762866374133,CLERIC,MAGE,CLERIC,MAGE
25,9,12,1.0562616469268704,2.150323888844996,CLERIC,MAGE,CLERIC,MAGE
26,9,12,1.0310560198036223,2.1758461613371916,CLERIC,MAGE,CLERIC,MAGE
27,9,12,1.003613131486869,2.1988137864113577,CLERIC,MAGE,CLERIC,MAGE
28,9,12,0.9717908215563398,2.2217297011895454,CLERIC,MAGE,CLERIC,MAGE
29,9,12,0.9641464126083577,2.2734225101973093,CLERIC,MAGE,CLERIC,MAGE
30,9,12,0.9209901234695561,2.2869920036473257,CLERIC,MAGE,CLERIC,MAGE
31,9,12,0.9000262879478083,2.3182875385707735,CLERIC,MAGE,CLERIC,MAGE
32,9,12,0.8970042830243274,2.3715692303672986,CLERIC,MAGE,CLERIC,MAGE
33,9,12,0.9221225786951726,2.4073625072285054,CLERIC,PALADIN,CLERIC,MAGE
34,9,12,0.9363329399210363,2.4360996021959513,CLERIC,PALADIN,CLERIC,MAGE
35,9,12,0.9438373932766142,2.4570639412627493,CLERIC,PALADIN,CLERIC,MAGE
36,9,12,0.9628138270662445,2.48031542251268,CLERIC,PALADIN,CLERIC,MAGE
37,9,12,0.9775224445166542,2.561419832279088,CLERIC,PALADIN,CLERIC,ROGUE
38,9,12,0.9696509953015742,2.6802206264143758,CLERIC,PALADIN,CLERIC,ROGUE
39,9,12,0.9765134971647882,2.6934365694716966,CLERIC,PALADIN,CLERIC,ROGUE
40,9,12,0.9816253539083775,2.693948335141272,CLERIC,PALADIN,CLERIC,ROGUE
41,9,12,0.9738426860104399,2.7223612237993633,CLERIC,PALADIN,CLERIC,ROGUE
42,9,12,0.9778991338862397,2.759114796009765,CLERIC,PALADIN,CLERIC,ROGUE
43,9,12,1.002470180197701,2.832816724169418,WARRIOR,PALADIN,CLERIC,ROGUE
44,9,12,1.0479079027439164,2.8681329037186565,WARRIOR,PALADIN,CLERIC,ROGUE
45,9,12,1.0903658497865232,2.9285688790930964,WARRIOR,PALADIN,CLERIC,ROGUE
46,9,12,1.1338710498722593,2.9599490532291384,WARRIOR,PALADIN,CLERIC,ROGUE
47,9,12,1.177519134811611,3.0040398910314847,WARRIOR,PALADIN,CLERIC,ROGUE
48,9,12,1.2267928981519294,3.028610750214611,WARRIOR,PALADIN,CLERIC,ROGUE
49,9,12,1.282556264902035,3.0989276165668267,WARRIOR,PALADIN,CLERIC,ROGUE
50,9,12,1.3401335710373496,3.1423961031250114,WARRIOR,PALADIN,CLERIC,ROGUE
51,9,12,1.3958946732121724,3.176622380103855,WARRIOR,PALADIN,CLERIC,ROGUE
52,9,12,1.4652283012445588,3.2379137117601875,WARRIOR,PALADIN,CLERIC,ROGUE
53,9,12,1.536107808835263,3.270495459789169,WARRIOR,PALADIN,CLERIC,ROGUE
54,9,12,1.6068878581976254,3.33957335995414,WARRIOR,PALADIN,CLERIC,ROGUE
55,9,12,1.6775999297200972,3.3785631100838875,WARRIOR,PALADIN,CLERIC,ROGUE
56,9,12,1.757366451916642,3.4193191349740193,WARRIOR,PALADIN,CLERIC,ROGUE
57,9,12,1.8423363301614426,3.4329283776931563,WARRIOR,PALADIN,CLERIC,ROGUE
58,9,12,1.9269221713460238,3.4769577402985696,WARRIOR,PALADIN,CLERIC,ROGUE
59,9,12,2.017011228816612,3.5098004339128686,WARRIOR,PALADIN,CLERIC,ROGUE
60,9,12,2.1070373521814956,3.5404669277592005,WARRIOR,PALADIN,CLERIC,ROGUE
61,9,12,2.1990587118367433,3.574819159744158,WARRIOR,PALADIN,CLERIC,ROGUE
62,9,12,2.289198899842071,3.6206514210978202,WARRIOR,PALADIN,CLERIC,ROGUE
63,9,12,2.3839688918652735,3.656482269006034,WARRIOR,PALADIN,CLERIC,ROGUE
64,9,12,2.4821271712369253,3.727015742464923,WARRIOR,PALADIN,CLERIC,ROGUE
65,9,12,2.5817610062403684,3.7874491610585537,WARRIOR,PALADIN,CLERIC,ROGUE
66,9,12,2.684239404045785,3.827545023825474,WARRIOR,PALADIN,CLERIC,ROGUE
67,9,12,2.7886840418559933,3.8731050381565657,WARRIOR,PALADIN,CLERIC,ROGUE
68,9,12,2.8908431105053367,3.9473655088618997,WARRIOR,PALADIN,CLERIC,ROGUE
69,9,12,2.9970330337160345,3.9941872595323336,WARRIOR,PALADIN,CLERIC,ROGUE
70,9,12,3.105938283369003,4.050283294221613,WARRIOR,PALADIN,CLERIC,ROGUE
71,9,12,3.2152807480522627,4.10295427105849,WARRIOR,PALADIN,CLERIC,ROGUE
72,9,12,3.327210858255536,4.168337764346264,WARRIOR,PALADIN,CLERIC,ROGUE
73,9,12,3.436082863174117,4.232164958590201,WARRIOR,PALADIN,CLERIC,ROGUE
74,9,12,3.5491701839824197,4.297664367794107,WARRIOR,PALADIN,CLERIC,ROGUE
75,9,12,3.6580535958198768,4.359935372833612,WARRIOR,PALADIN,CLERIC,ROGUE
76,9,12,3.76281091122721,4.440420839264836,WARRIOR,PALADIN,CLERIC,ROGUE
77,9,12,3.864698284528445,4.500519885986165,WARRIOR,PALADIN,CLERIC,ROGUE
78,9,12,3.9584536124488645,4.57426069161655,WARRIOR,PALADIN,CLERIC,ROGUE
79,9,12,4.050582015737381,4.64331463470713,WARRIOR,PALADIN,CLERIC,ROGUE
80,9,12,4.137777745970572,4.70709608719051,WARRIOR,PALADIN,CLERIC,ROGUE
81,9,12,4.2195350055061365,4.779847642385704,WARRIOR,PALADIN,CLERIC,ROGUE
82,9,12,4.29703747254202,4.849417721166449,WARRIOR,PALADIN,CLERIC,ROGUE
83,9,12,4.367262797242488,4.904183893748804,WARRIOR,PALADIN,CLERIC,ROGUE
84,9,12,4.435265913715303,4.96919721150173,WARRIOR,PALADIN,CLERIC,ROGUE
85,9,12,4.499347321188862,5.036686954595693,WARRIOR,PALADIN,CLERIC,ROGUE
86,9,12,4.557475664363619,5.114604756038688,WARRIOR,PALADIN,CLERIC,ROGUE
87,9,12,4.611884409535061,5.173713319518658,WARRIOR,PALADIN,CLERIC,ROGUE
88,9,12,4.660104371576423,5.262317242442349,WARRIOR,PALADIN,CLERIC,ROGUE
89,9,12,4.707083247244159,5.337272844621754,WARRIOR,PALADIN,CLERIC,ROGUE
90,9,12,4.750367433621094,5.431787693634105,WARRIOR,PALADIN,CLERIC,ROGUE
91,9,12,4.78825180219431,5.530364867068194,WARRIOR,PALADIN,CLERIC,ROGUE
92,9,12,4.822743086155268,5.611793679277066,WARRIOR,PALADIN,CLERIC,ROGUE
93,9,12,4.850989023516683,5.70695969359416,WARRIOR,PALADIN,CLERIC,ROGUE
94,9,12,4.87797080771557,5.804837711986366,WARRIOR,PALADIN,CLERIC,ROGUE
95,9,12,4.902147149448943,5.897424562983877,WARRIOR,PALADIN,CLERIC,ROGUE
96,9,12,4.923110159535793,5.989712849214857,WARRIOR,PALADIN,CLERIC,ROGUE
97,9,12,4.940205372007922,6.078129026147638,WARRIOR,PALADIN,CLERIC,ROGUE
98,9,12,4.954734509260872,6.167293360466775,WARRIOR,PALADIN,CLERIC,ROGUE
99,9,12,4.965790821904981,6.256759901342512,WARRIOR,PALADIN,CLERIC,ROGUE
100,9,12,4.974946909231104,6.34982234779955,WARRIOR,PALADIN,CLERIC,ROGUE
20,10,1,1.2259605206038193,2.0856494921885016,CLERIC,MAGE,CLERIC,MAGE
21,10,1,1.1797268416086082,2.0818242496582595,CLERIC,MAGE,CLERIC,MAGE
22,10,1,1.1259415967928899,2.07805318121439,CLERIC,MAGE,CLERIC,MAGE
23,10,1,1.0921470523200805,2.0888621686196096,CLERIC,MAGE,CLERIC,MAGE
24,10,1,1.0730210072710245,2.121762866374133,CLERIC,MAGE,CLERIC,MAGE
25,10,1,1.0562616469268482,2.150323888844974,CLERIC,MAGE,CLERIC,MAGE
26,10,1,1.0310560198036223,2.1758461613371916,CLERIC,MAGE,CLERIC,MAGE
27,10,1,1.0036131314868912,2.19881378641138,CLERIC,MAGE,CLERIC,MAGE
28,10,1,0.971790821556362,2.2217297011895676,CLERIC,MAGE,CLERIC,MAGE
29,10,1,0.9641464126084243,2.2734225101973538,CLERIC,MAGE,CLERIC,MAGE
30,10,1,0.9209901234695339,2.2869920036473257,CLERIC,MAGE,CLERIC,MAGE
31,10,1,0.9000262879478083,2.3182875385707735,CLERIC,MAGE,CLERIC,MAGE
32,10,1,0.8970042830243274,2.3715692303672764,CLERIC,MAGE,CLERIC,MAGE
33,10,1,0.9221225786951948,2.40736250722855,CLERIC,PALADIN,CLERIC,MAGE
34,10,1,0.9363329399210363,2.4360996021959735,CLERIC,PALADIN,CLERIC,MAGE
35,10,1,0.9438373932766142,2.4570639412627493,CLERIC,PALADIN,CLERIC,MAGE
36,10,1,0.9628138270662223,2.480315422512658,CLERIC,PALADIN,CLERIC,MAGE
37,10,1,0.977522444516632,2.561419832279088,CLERIC,PALADIN,CLERIC,ROGUE
38,10,1,0.9696509953015964,2.6802206264143535,CLERIC,PALADIN,CLERIC,ROGUE
39,10,1,0.976513497164766,2.6934365694716966,CLERIC,PALADIN,CLERIC,ROGUE
40,10,1,0.9816253539083997,2.6939483351413163,CLERIC,PALADIN,CLERIC,ROGUE
41,10,1,0.9738426860103955,2.7223612237993855,CLERIC,PALADIN,CLERIC,ROGUE
42,10,1,0.9778991338863063,2.7591147960098317,CLERIC,PALADIN,CLERIC,ROGUE
43,10,1,1.002470180197701,2.832816724169418,WARRIOR,PALADIN,CLERIC,ROGUE
44,10,1,1.047907902743872,2.868132903718612,WARRIOR,PALADIN,CLERIC,ROGUE
45,10,1,1.090365849786612,2.928568879093141,WARRIOR,PALADIN,CLERIC,ROGUE
46,10,1,1.133871049872237,2.9599490532291606,WARRIOR,PALADIN,CLERIC,ROGUE
47,10,1,1.177519134811611,3.0040398910314847,WARRIOR,PALADIN,CLERIC,ROGUE
48,10,1,1.226792898151885,3.0286107502145887,WARRIOR,PALADIN,CLERIC,ROGUE
49,10,1,1.282556264902035,3.0989276165668267,WARRIOR,PALADIN,CLERIC,ROGUE
50,10,1,1.3401335710373496,3.142396103124989,WARRIOR,PALADIN,CLERIC,ROGUE
51,10,1,1.3958946732121058,3.176622380103855,WARRIOR,PALADIN,CLERIC,ROGUE
52,10,1,1.4652283012445588,3.2379137117602097,WARRIOR,PALADIN,CLERIC,ROGUE
53,10,1,1.5361078088352187,3.270495459789169,WARRIOR,PALADIN,CLERIC,ROGUE
54,10,1,1.606887858197581,3.3395733599541177,WARRIOR,PALADIN,CLERIC,ROGUE
55,10,1,1.6775999297200528,3.3785631100838875,WARRIOR,PALADIN,CLERIC,ROGUE
56,10,1,1.7573664519166643,3.419319134973975,WARRIOR,PALADIN,CLERIC,ROGUE
57,10,1,1.8423363301614648,3.4329283776931785,WARRIOR,PALADIN,CLERIC,ROGUE
58,10,1,1.9269221713460238,3.4769577402985474,WARRIOR,PALADIN,CLERIC,ROGUE
59,10,1,2.017011228816612,3.5098004339128686,WARRIOR,PALADIN,CLERIC,ROGUE
60,10,1,2.1070373521814734,3.540466927759245,WARRIOR,PALADIN,CLERIC,ROGUE
61,10,1,2.199058711836721,3.574819159744158,WARRIOR,PALADIN,CLERIC,ROGUE
62,10,1,2.2891988998420487,3.620651421097798,WARRIOR,PALADIN,CLERIC,ROGUE
63,10,1,2.383968891865229,3.656482269006056,WARRIOR,PALADIN,CLERIC,ROGUE
64,10,1,2.4821271712369475,3.7270157424648787,WARRIOR,PALADIN,CLERIC,ROGUE
65,10,1,2.581761006240324,3.7874491610585093,WARRIOR,PALADIN,CLERIC,ROGUE
66,10,1,2.6842394040457407,3.827545023825496,WARRIOR,PALADIN,CLERIC,ROGUE
67,10,1,2.7886840418559933,3.8731050381565435,WARRIOR,PALADIN,CLERIC,ROGUE
68,10,1,2.89084311050527,3.947365508861944,WARRIOR,PALADIN,CLERIC,ROGUE
69,10,1,2.997081961440995,3.994187259532289,WARRIOR,PALADIN,CLERIC,ROGUE
70,10,1,3.1064662603131676,4.050283294221635,WARRIOR,PALADIN,CLERIC,ROGUE
71,10,1,3.2169759053253255,4.102954271058512,WARRIOR,PALADIN,CLERIC,ROGUE
72,10,1,3.33155702091672,4.168337764346242,WARRIOR,PALADIN,CLERIC,ROGUE
73,10,1,3.446032945609212,4.232164958590134,WARRIOR,PALADIN,CLERIC,ROGUE
74,10,1,3.569827533372205,4.297664367794107,WARRIOR,PALADIN,CLERIC,ROGUE
75,10,1,3.695770277139121,4.3599353728336565,WARRIOR,PALADIN,CLERIC,ROGUE
76,10,1,3.8239566644551193,4.44042083926488,WARRIOR,PALADIN,CLERIC,ROGUE
77,10,1,3.955650924495835,4.500519885986121,WARRIOR,PALADIN,CLERIC,ROGUE
78,10,1,4.083875907026169,4.57426069161655,WARRIOR,PALADIN,CLERIC,ROGUE
79,10,1,4.2170910995174005,4.643314634707085,WARRIOR,PALADIN,CLERIC,ROGUE
80,10,1,4.351826659712721,4.7070960871904655,WARRIOR,PALADIN,CLERIC,ROGUE
81,10,1,4.488278907331811,4.779847642385726,WARRIOR,PALADIN,CLERIC,ROGUE
82,10,1,4.628973143727166,4.849417721166427,WARRIOR,PALADIN,CLERIC,ROGUE
83,10,1,4.76774486076359,4.904183893748826,WARRIOR,PALADIN,CLERIC,ROGUE
84,10,1,4.913449412369841,4.96919721150173,WARRIOR,PALADIN,CLERIC,ROGUE
85,10,1,5.061791309217245,5.036686954595626,WARRIOR,PALADIN,CLERIC,ROGUE
86,10,1,5.2099839622861355,5.114604756038688,WARRIOR,PALADIN,CLERIC,ROGUE
87,10,1,5.361573313642332,5.17371331951868,WARRIOR,PALADIN,CLERIC,ROGUE
88,10,1,5.510135236345848,5.262317242442371,WARRIOR,PALADIN,CLERIC,ROGUE
89,10,1,5.668576494141342,5.3372728446217765,WARRIOR,PALADIN,CLERIC,ROGUE
90,10,1,5.82940443925446,5.431787693634127,WARRIOR,PALADIN,CLERIC,ROGUE
91,10,1,5.989724893184767,5.530364867068194,WARRIOR,PALADIN,CLERIC,ROGUE
92,10,1,6.1501590788562766,5.611793679277044,WARRIOR,PALADIN,CLERIC,ROGUE
93,10,1,6.306252315048022,5.706959693594116,WARRIOR,PALADIN,CLERIC,ROGUE
94,10,1,6.467442679590563,5.804837711986388,WARRIOR,PALADIN,CLERIC,ROGUE
95,10,1,6.629214356875668,5.897424562983855,WARRIOR,PALADIN,CLERIC,ROGUE
96,10,1,6.790595069337035,5.98971284921479,WARRIOR,PALADIN,CLERIC,ROGUE
97,10,1,6.945475787487565,6.078129026147616,WARRIOR,PALADIN,CLERIC,ROGUE
98,10,1,7.102472344065736,6.167293360466708,WARRIOR,PALADIN,CLERIC,ROGUE
99,10,1,7.257338501506405,6.256759901342512,WARRIOR,PALADIN,CLERIC,ROGUE
100,10,1,7.411559460964701,6.349822347799594,WARRIOR,PALADIN,CLERIC,ROGUE
20,10,5,1.2259605206037971,2.0856494921884794,CLERIC,MAGE,CLERIC,MAGE
21,10,5,1.1797268416086082,2.0818242496582595,CLERIC,MAGE,CLERIC,MAGE
22,10,5,1.1259415967928676,2.0780531812143677,CLERIC,MAGE,CLERIC,MAGE
23,10,5,1.0921470523201027,2.0888621686196096,CLERIC,MAGE,CLERIC,MAGE
24,10,5,1.0730210072710467,2.121762866374133,CLERIC,MAGE,CLERIC,MAGE
25,10,5,1.0562616469268704,2.150323888844974,CLERIC,MAGE,CLERIC,MAGE
26,10,5,1.0310560198036,2.1758461613371693,CLERIC,MAGE,CLERIC,MAGE
27,10,5,1.003613131486869,2.19881378641138,CLERIC,MAGE,CLERIC,MAGE
28,10,5,0.971790821556362,2.2217297011895454,CLERIC,MAGE,CLERIC,MAGE
29,10,5,0.9641464126083799,2.2734225101973093,CLERIC,MAGE,CLERIC,MAGE
30,10,5,0.9209901234695339,2.286992003647348,CLERIC,MAGE,CLERIC,MAGE
31,10,5,0.9000262879478083,2.3182875385707957,CLERIC,MAGE,CLERIC,MAGE
32,10,5,0.8970042830243274,2.3715692303672986,CLERIC,MAGE,CLERIC,MAGE
33,10,5,0.9221225786951948,2.40736250722855,CLERIC,PALADIN,CLERIC,MAGE
34,10,5,0.9363329399210363,2.4360996021959735,CLERIC,PALADIN,CLERIC,MAGE
35,10,5,0.9438373932766142,2.4570639412627937,CLERIC,PALADIN,CLERIC,MAGE
36,10,5,0.9628138270662667,2.480315422512702,CLERIC,PALADIN,CLERIC,MAGE
37,10,5,0.977522444516632,2.5614198322791104,CLERIC,PALADIN,CLERIC,ROGUE
38,10,5,0.969650995301552,2.680220626414309,CLERIC,PALADIN,CLERIC,ROGUE
39,10,5,0.9765134971647438,2.6934365694716744,CLERIC,PALADIN,CLERIC,ROGUE
40,10,5,0.9816253539083997,2.693948335141294,CLERIC,PALADIN,CLERIC,ROGUE
41,10,5,0.9738426860104399,2.7223612237993855,CLERIC,PALADIN,CLERIC,ROGUE
42,10,5,0.9778991338862841,2.7591147960098095,CLERIC,PALADIN,CLERIC,ROGUE
43,10,5,1.0024701801977454,2.832816724169396,WARRIOR,PALADIN,CLERIC,ROGUE
44,10,5,1.0479079027438942,2.86813290371859,WARRIOR,PALADIN,CLERIC,ROGUE
45,10,5,1.0903658497865898,2.928568879093074,WARRIOR,PALADIN,CLERIC,ROGUE
46,10,5,1.1338710498722593,2.9599490532291384,WARRIOR,PALADIN,CLERIC,ROGUE
47,10,5,1.177519134811611,3.0040398910314403,WARRIOR,PALADIN,CLERIC,ROGUE
48,10,5,1.2267928981519072,3.028610750214633,WARRIOR,PALADIN,CLERIC,ROGUE
49,10,5,1.282556264902035,3.0989276165668267,WARRIOR,PALADIN,CLERIC,ROGUE
50,10,5,1.3401335710373719,3.142396103124989,WARRIOR,PALADIN,CLERIC,ROGUE
51,10,5,1.3958946732121724,3.176622380103855,WARRIOR,PALADIN,CLERIC,ROGUE
52,10,5,1.4652283012445366,3.2379137117601875,WARRIOR,PALADIN,CLERIC,ROGUE
53,10,5,1.5361078088352853,3.2704954597891245,WARRIOR,PALADIN,CLERIC,ROGUE
54,10,5,1.6068878581976254,3.33957335995414,WARRIOR,PALADIN,CLERIC,ROGUE
55,10,5,1.6775999297200972,3.3785631100838875,WARRIOR,PALADIN,CLERIC,ROGUE
56,10,5,1.7573664519166643,3.419319134973997,WARRIOR,PALADIN,CLERIC,ROGUE
57,10,5,1.8423363301614204,3.4329283776931785,WARRIOR,PALADIN,CLERIC,ROGUE
58,10,5,1.9269221713459794,3.476957740298614,WARRIOR,PALADIN,CLERIC,ROGUE
59,10,5,2.017011228816612,3.5098004339128908,WARRIOR,PALADIN,CLERIC,ROGUE
60,10,5,2.1070373521814956,3.5404669277592005,WARRIOR,PALADIN,CLERIC,ROGUE
61,10,5,2.1990587118367433,3.5748191597441803,WARRIOR,PALADIN,CLERIC,ROGUE
62,10,5,2.2891988998420487,3.6206514210978202,WARRIOR,PALADIN,CLERIC,ROGUE
63,10,5,2.3839688918652513,3.656482269006034,WARRIOR,PALADIN,CLERIC,ROGUE
64,10,5,2.4821271712369697,3.7270157424648787,WARRIOR,PALADIN,CLERIC,ROGUE
65,10,5,2.581761006240346,3.7874491610585537,WARRIOR,PALADIN,CLERIC,ROGUE
66,10,5,2.684239404045763,3.827545023825474,WARRIOR,PALADIN,CLERIC,ROGUE
67,10,5,2.7886840418559933,3.8731050381565657,WARRIOR,PALADIN,CLERIC,ROGUE
68,10,5,2.8908431105052923,3.9473655088618997,WARRIOR,PALADIN,CLERIC,ROGUE
69,10,5,2.997081961441017,3.994187259532289,WARRIOR,PALADIN,CLERIC,ROGUE
70,10,5,3.10646626031319,4.050283294221635,WARRIOR,PALADIN,CLERIC,ROGUE
71,10,5,3.21697590532537,4.102954271058468,WARRIOR,PALADIN,CLERIC,ROGUE
72,10,5,3.3315570209166534,4.168337764346264,WARRIOR,PALADIN,CLERIC,ROGUE
73,10,5,3.446032945609212,4.232164958590134,WARRIOR,PALADIN,CLERIC,ROGUE
74,10,5,3.569827533372183,4.297664367794085,WARRIOR,PALADIN,CLERIC,ROGUE
75,10,5,3.695770277139143,4.359935372833612,WARRIOR,PALADIN,CLERIC,ROGUE
76,10,5,3.8239566644551193,4.4404208392647915,WARRIOR,PALADIN,CLERIC,ROGUE
77,10,5,3.9556509244958127,4.500519885986143,WARRIOR,PALADIN,CLERIC,ROGUE
78,10,5,4.083875907026169,4.57426069161655,WARRIOR,PALADIN,CLERIC,ROGUE
79,10,5,4.217091099517423,4.643314634707063,WARRIOR,PALADIN,CLERIC,ROGUE
80,10,5,4.351826659712765,4.70709608719051,WARRIOR,PALADIN,CLERIC,ROGUE
81,10,5,4.488278907331855,4.779847642385748,WARRIOR,PALADIN,CLERIC,ROGUE
82,10,5,4.628973143727166,4.849417721166449,WARRIOR,PALADIN,CLERIC,ROGUE
83,10,5,4.76774486076359,4.904183893748826,WARRIOR,PALADIN,CLERIC,ROGUE
84,10,5,4.913449412369797,4.969197211501686,WARRIOR,PALADIN,CLERIC,ROGUE
85,10,5,5.061791309217267,5.036686954595693,WARRIOR,PALADIN,CLERIC,ROGUE
86,10,5,5.2099839622861355,5.114604756038732,WARRIOR,PALADIN,CLERIC,ROGUE
87,10,5,5.361573313642332,5.17371331951868,WARRIOR,PALADIN,CLERIC,ROGUE
88,10,5,5.51013523634587,5.262317242442371,WARRIOR,PALADIN,CLERIC,ROGUE
89,10,5,5.668576494141342,5.3372728446217765,WARRIOR,PALADIN,CLERIC,ROGUE
90,10,5,5.82940443925446,5.4317876936340825,WARRIOR,PALADIN,CLERIC,ROGUE
91,10,5,5.989724893184811,5.530364867068194,WARRIOR,PALADIN,CLERIC,ROGUE
92,10,5,6.150159078856299,5.611793679277088,WARRIOR,PALADIN,CLERIC,ROGUE
93,10,5,6.306252315048044,5.706959693594116,WARRIOR,PALADIN,CLERIC,ROGUE
94,10,5,6.467442679590563,5.804837711986366,WARRIOR,PALADIN,CLERIC,ROGUE
95,10,5,6.629214356875712,5.897424562983833,WARRIOR,PALADIN,CLERIC,ROGUE
96,10,5,6.790595069337058,5.98971284921479,WARRIOR,PALADIN,CLERIC,ROGUE
97,10,5,6.945475787487543,6.078129026147683,WARRIOR,PALADIN,CLERIC,ROGUE
98,10,5,7.102472344065691,6.167293360466752,WARRIOR,PALADIN,CLERIC,ROGUE
99,10,5,7.257338501506427,6.256759901342535,WARRIOR,PALADIN,CLERIC,ROGUE
100,10,5,7.411559460964701,6.349822347799616,WARRIOR,PALADIN,CLERIC,ROGUE
20,10,12,1.2259605206037971,2.085649492188457,CLERIC,MAGE,CLERIC,MAGE
21,10,12,1.1797268416086304,2.0818242496582595,CLERIC,MAGE,CLERIC,MAGE
22,10,12,1.1259415967928676,2.0780531812143455,CLERIC,MAGE,CLERIC,MAGE
23,10,12,1.0921470523201249,2.088862168619654,CLERIC,MAGE,CLERIC,MAGE
24,10,12,1.0730210072710245,2.121762866374133,CLERIC,MAGE,CLERIC,MAGE
25,10,12,1.0562616469268482,2.150323888844974,CLERIC,MAGE,CLERIC,MAGE
26,10,12,1.0310560198036,2.1758461613371693,CLERIC,MAGE,CLERIC,MAGE
27,10,12,1.0036131314868912,2.198813786411402,CLERIC,MAGE,CLERIC,MAGE
28,10,12,0.9717908215563398,2.2217297011895454,CLERIC,MAGE,CLERIC,MAGE
29,10,12,0.9641464126083799,2.2734225101973315,CLERIC,MAGE,CLERIC,MAGE
30,10,12,0.9209901234695339,2.2869920036473257,CLERIC,MAGE,CLERIC,MAGE
31,10,12,0.9000262879478305,2.3182875385707957,CLERIC,MAGE,CLERIC,MAGE
32,10,12,0.8970042830243274,2.3715692303672764,CLERIC,MAGE,CLERIC,MAGE
33,10,12,0.9221225786951504,2.4073625072285054,CLERIC,PALADIN,CLERIC,MAGE
34,10,12,0.9363329399209919,2.4360996021959513,CLERIC,PALADIN,CLERIC,MAGE
35,10,12,0.9438373932766142,2.4570639412627493,CLERIC,PALADIN,CLERIC,MAGE
36,10,12,0.9628138270662445,2.48031542251268,CLERIC,PALADIN,CLERIC,MAGE
37,10,12,0.977522444516632,2.5614198322791104,CLERIC,PALADIN,CLERIC,ROGUE
38,10,12,0.969650995301552,2.680220626414309,CLERIC,PALADIN,CLERIC,ROGUE
39,10,12,0.976513497164766,2.6934365694716744,CLERIC,PALADIN,CLERIC,ROGUE
40,10,12,0.9816253539083997,2.693948335141294,CLERIC,PALADIN,CLERIC,ROGUE
41,10,12,0.9738426860103955,2.7223612237993855,CLERIC,PALADIN,CLERIC,ROGUE
42,10,12,0.9778991338862619,2.7591147960097873,CLERIC,PALADIN,CLERIC,ROGUE
43,10,12,1.0024701801977454,2.83281672416944,WARRIOR,PALADIN,CLERIC,ROGUE
44,10,12,1.0479079027439164,2.8681329037186343,WARRIOR,PALADIN,CLERIC,ROGUE
45,10,12,1.090365849786612,2.9285688790931186,WARRIOR,PALADIN,CLERIC,ROGUE
46,10,12,1.1338710498722593,2.9599490532291606,WARRIOR,PALADIN,CLERIC,ROGUE
47,10,12,1.1775191348116554,3.0040398910314847,WARRIOR,PALADIN,CLERIC,ROGUE
48,10,12,1.2267928981519072,3.028610750214611,WARRIOR,PALADIN,CLERIC,ROGUE
49,10,12,1.2825562649020128,3.0989276165668933,WARRIOR,PALADIN,CLERIC,ROGUE
50,10,12,1.3401335710373496,3.142396103124989,WARRIOR,PALADIN,CLERIC,ROGUE
51,10,12,1.3958946732121724,3.176622380103833,WARRIOR,PALADIN,CLERIC,ROGUE
52,10,12,1.4652283012445588,3.2379137117601875,WARRIOR,PALADIN,CLERIC,ROGUE
53,10,12,1.536107808835263,3.270495459789169,WARRIOR,PALADIN,CLERIC,ROGUE
54,10,12,1.6068878581976032,3.3395733599540955,WARRIOR,PALADIN,CLERIC,ROGUE
55,10,12,1.6775999297200972,3.3785631100839097,WARRIOR,PALADIN,CLERIC,ROGUE
56,10,12,1.7573664519166643,3.419319134973997,WARRIOR,PALADIN,CLERIC,ROGUE
57,10,12,1.8423363301614648,3.4329283776932007,WARRIOR,PALADIN,CLERIC,ROGUE
58,10,12,1.926922171346046,3.476957740298614,WARRIOR,PALADIN,CLERIC,ROGUE
59,10,12,2.017011228816634,3.5098004339128908,WARRIOR,PALADIN,CLERIC,ROGUE
60,10,12,2.1070373521815178,3.5404669277592005,WARRIOR,PALADIN,CLERIC,ROGUE
61,10,12,2.1990587118367433,3.5748191597442025,WARRIOR,PALADIN,CLERIC,ROGUE
62,10,12,2.289198899842071,3.6206514210978424,WARRIOR,PALADIN,CLERIC,ROGUE
63,10,12,2.383968891865229,3.656482269006056,WARRIOR,PALADIN,CLERIC,ROGUE
64,10,12,2.4821271712369475,3.727015742464923,WARRIOR,PALADIN,CLERIC,ROGUE
65,10,12,2.581761006240346,3.7874491610585537,WARRIOR,PALADIN,CLERIC,ROGUE
66,10,12,2.6842394040457407,3.827545023825496,WARRIOR,PALADIN,CLERIC,ROGUE
67,10,12,2.7886840418560155,3.8731050381565657,WARRIOR,PALADIN,CLERIC,ROGUE
68,10,12,2.8908431105053145,3.947365508861944,WARRIOR,PALADIN,CLERIC,ROGUE
69,10,12,2.997081961441017,3.9941872595323114,WARRIOR,PALADIN,CLERIC,ROGUE
70,10,12,3.1064662603131676,4.050283294221613,WARRIOR,PALADIN,CLERIC,ROGUE
71,10,12,3.2169759053253477,4.102954271058534,WARRIOR,PALADIN,CLERIC,ROGUE
72,10,12,3.331557020916698,4.168337764346242,WARRIOR,PALADIN,CLERIC,ROGUE
73,10,12,3.4460329456092342,4.232164958590157,WARRIOR,PALADIN,CLERIC,ROGUE
74,10,12,3.569827533372183,4.297664367794085,WARRIOR,PALADIN,CLERIC,ROGUE
75,10,12,3.695770277139121,4.3599353728336565,WARRIOR,PALADIN,CLERIC,ROGUE
76,10,12,3.823956664455075,4.440420839264836,WARRIOR,PALADIN,CLERIC,ROGUE
77,10,12,3.955650924495857,4.500519885986143,WARRIOR,PALADIN,CLERIC,ROGUE
78,10,12,4.083875907026169,4.57426069161655,WARRIOR,PALADIN,CLERIC,ROGUE
79,10,12,4.217091099517423,4.6433146347071075,WARRIOR,PALADIN,CLERIC,ROGUE
80,10,12,4.351826659712721,4.70709608719051,WARRIOR,PALADIN,CLERIC,ROGUE
81,10,12,4.488278907331833,4.779847642385704,WARRIOR,PALADIN,CLERIC,ROGUE
82,10,12,4.628973143727166,4.849417721166405,WARRIOR,PALADIN,CLERIC,ROGUE
83,10,12,4.7677448607635675,4.904183893748826,WARRIOR,PALADIN,CLERIC,ROGUE
84,10,12,4.913449412369797,4.96919721150173,WARRIOR,PALADIN,CLERIC,ROGUE
85,10,12,5.061791309217267,5.036686954595626,WARRIOR,PALADIN,CLERIC,ROGUE
86,10,12,5.2099839622861355,5.114604756038688,WARRIOR,PALADIN,CLERIC,ROGUE
87,10,12,5.361573313642354,5.173713319518702,WARRIOR,PALADIN,CLERIC,ROGUE
88,10,12,5.510135236345848,5.262317242442371,WARRIOR,PALADIN,CLERIC,ROGUE
89,10,12,5.66857649414132,5.337272844621799,WARRIOR,PALADIN,CLERIC,ROGUE
90,10,12,5.829404439254482,5.4317876936340825,WARRIOR,PALADIN,CLERIC,ROGUE
91,10,12,5.989724893184789,5.5303648670681715,WARRIOR,PALADIN,CLERIC,ROGUE
92,10,12,6.1501590788562766,5.611793679277044,WARRIOR,PALADIN,CLERIC,ROGUE
93,10,12,6.306252315048044,5.706959693594138,WARRIOR,PALADIN,CLERIC,ROGUE
94,10,12,6.467442679590607,5.804837711986344,WARRIOR,PALADIN,CLERIC,ROGUE
95,10,12,6.62921435687569,5.897424562983833,WARRIOR,PALADIN,CLERIC,ROGUE
96,10,12,6.790595069337058,5.989712849214768,WARRIOR,PALADIN,CLERIC,ROGUE
97,10,12,6.945475787487521,6.078129026147638,WARRIOR,PALADIN,CLERIC,ROGUE
98,10,12,7.102472344065736,6.167293360466775,WARRIOR,PALADIN,CLERIC,ROGUE
99,10,12,7.257338501506405,6.256759901342535,WARRIOR,PALADIN,CLERIC,ROGUE
100,10,12,7.411559460964701,6.349822347799594,WARRIOR,PALADIN,CLERIC,ROGUE
20,12,1,1.2259605206037971,2.085649492188457,CLERIC,MAGE,CLERIC,MAGE
21,12,1,1.1797268416085638,2.081824249658215,CLERIC,MAGE,CLERIC,MAGE
22,12,1,1.1259415967928899,2.07805318121439,CLERIC,MAGE,CLERIC,MAGE
23,12,1,1.0921470523200805,2.0888621686196096,CLERIC,MAGE,CLERIC,MAGE
24,12,1,1.0730210072710245,2.121762866374133,CLERIC,MAGE,CLERIC,MAGE
25,12,1,1.0562616469268704,2.150323888844974,CLERIC,MAGE,CLERIC,MAGE
26,12,1,1.0310560198036,2.1758461613371693,CLERIC,MAGE,CLERIC,MAGE
27,12,1,1.003613131486869,2.1988137864113577,CLERIC,MAGE,CLERIC,MAGE
28,12,1,0.971790821556362,2.2217297011895454,CLERIC,MAGE,CLERIC,MAGE
29,12,1,0.9641464126083577,2.273422510197287,CLERIC,MAGE,CLERIC,MAGE
30,12,1,0.9209901234695339,2.2869920036473257,CLERIC,MAGE,CLERIC,MAGE
31,12,1,0.9000262879478527,2.318287538570818,CLERIC,MAGE,CLERIC,MAGE
32,12,1,0.8970042830243274,2.3715692303672986,CLERIC,MAGE,CLERIC,MAGE
33,12,1,0.9221225786951948,2.4073625072285276,CLERIC,PALADIN,CLERIC,MAGE
34,12,1,0.9363329399210141,2.436099602195929,CLERIC,PALADIN,CLERIC,MAGE
35,12,1,0.9438373932766142,2.4570639412627715,CLERIC,PALADIN,CLERIC,MAGE
36,12,1,0.9628138270662889,2.480315422512702,CLERIC,PALADIN,CLERIC,MAGE
37,12,1,0.9775224445166542,2.561419832279088,CLERIC,PALADIN,CLERIC,ROGUE
38,12,1,0.969650995301552,2.680220626414309,CLERIC,PALADIN,CLERIC,ROGUE
39,12,1,0.9765134971648104,2.6934365694716744,CLERIC,PALADIN,CLERIC,ROGUE
40,12,1,0.9816253539084219,2.693948335141294,CLERIC,PALADIN,CLERIC,ROGUE
41,12,1,0.9738426860104399,2.7223612237993855,CLERIC,PALADIN,CLERIC,ROGUE
42,12,1,0.9778991338863063,2.7591147960098317,CLERIC,PALADIN,CLERIC,ROGUE
43,12,1,1.0024701801977454,2.832816724169396,WARRIOR,PALADIN,CLERIC,ROGUE
44,12,1,1.0479079027438942,2.8681329037186565,WARRIOR,PALADIN,CLERIC,ROGUE
45,12,1,1.0903658497865898,2.9285688790930964,WARRIOR,PALADIN,CLERIC,ROGUE
46,12,1,1.1338710498722593,2.9599490532291384,WARRIOR,PALADIN,CLERIC,ROGUE
47,12,1,1.1775191348116332,3.0040398910314403,WARRIOR,PALADIN,CLERIC,ROGUE
48,12,1,1.2267928981519072,3.028610750214611,WARRIOR,PALADIN,CLERIC,ROGUE
49,12,1,1.2825562649020572,3.0989276165668267,WARRIOR,PALADIN,CLERIC,ROGUE
50,12,1,1.3401335710373719,3.1423961031250336,WARRIOR,PALADIN,CLERIC,ROGUE
51,12,1,1.3958946732121724,3.176622380103855,WARRIOR,PALADIN,CLERIC,ROGUE
52,12,1,1.4652283012445588,3.2379137117601875,WARRIOR,PALADIN,CLERIC,ROGUE
53,12,1,1.536107808835241,3.270495459789191,WARRIOR,PALADIN,CLERIC,ROGUE
54,12,1,1.6068878581976254,3.33957335995414,WARRIOR,PALADIN,CLERIC,ROGUE
55,12,1,1.6775999297200972,3.378563110083932,WARRIOR,PALADIN,CLERIC,ROGUE
56,12,1,1.7573664519166865,3.419319134973997,WARRIOR,PALADIN,CLERIC,ROGUE
57,12,1,1.8423363301614426,3.4329283776931563,WARRIOR,PALADIN,CLERIC,ROGUE
58,12,1,1.9269221713460238,3.476957740298592,WARRIOR,PALADIN,CLERIC,ROGUE
59,12,1,2.017011228816634,3.5098004339128686,WARRIOR,PALADIN,CLERIC,ROGUE
60,12,1,2.1070373521815178,3.5404669277592005,WARRIOR,PALADIN,CLERIC,ROGUE
61,12,1,2.1990587118367433,3.574819159744136,WARRIOR,PALADIN,CLERIC,ROGUE
62,12,1,2.2891988998420487,3.6206514210978424,WARRIOR,PALADIN,CLERIC,ROGUE
63,12,1,2.383968891865207,3.656482269006056,WARRIOR,PALADIN,CLERIC,ROGUE
64,12,1,2.4821271712369475,3.727015742464901,WARRIOR,PALADIN,CLERIC,ROGUE
65,12,1,2.5817610062403684,3.7874491610585537,WARRIOR,PALADIN,CLERIC,ROGUE
66,12,1,2.6842394040457407,3.8275450238255404,WARRIOR,PALADIN,CLERIC,ROGUE
67,12,1,2.788684041855949,3.87310503815661,WARRIOR,PALADIN,CLERIC,ROGUE
68,12,1,2.8908431105052923,3.9473655088618775,WARRIOR,PALADIN,CLERIC,ROGUE
69,12,1,2.997081961441017,3.9941872595323336,WARRIOR,PALADIN,CLERIC,ROGUE
70,12,1,3.10646626031319,4.0502832942215905,WARRIOR,PALADIN,CLERIC,ROGUE
71,12,1,3.2169759053253477,4.10295427105849,WARRIOR,PALADIN,CLERIC,ROGUE
72,12,1,3.3315570209166534,4.168337764346242,WARRIOR,PALADIN,CLERIC,ROGUE
73,12,1,3.44603294560919,4.232164958590134,WARRIOR,PALADIN,CLERIC,ROGUE
74,12,1,3.5698275333721607,4.2976643677941295,WARRIOR,PALADIN,CLERIC,ROGUE
75,12,1,3.695770277139121,4.3599353728336565,WARRIOR,PALADIN,CLERIC,ROGUE
76,12,1,3.8239566644551193,4.440420839264836,WARRIOR,PALADIN,CLERIC,ROGUE
77,12,1,3.955650924495835,4.500519885986143,WARRIOR,PALADIN,CLERIC,ROGUE
78,12,1,4.083875907026191,4.574260691616527,WARRIOR,PALADIN,CLERIC,ROGUE
79,12,1,4.2170910995174005,4.6433146347071075,WARRIOR,PALADIN,CLERIC,ROGUE
80,12,1,4.351826659712699,4.707096087190532,WARRIOR,PALADIN,CLERIC,ROGUE
81,12,1,4.488278907331833,4.779847642385682,WARRIOR,PALADIN,CLERIC,ROGUE
82,12,1,4.628973143727166,4.849417721166427,WARRIOR,PALADIN,CLERIC,ROGUE
83,12,1,4.767744860763612,4.904183893748804,WARRIOR,PALADIN,CLERIC,ROGUE
84,12,1,4.913449412369819,4.969197211501752,WARRIOR,PALADIN,CLERIC,ROGUE
85,12,1,5.061791309217267,5.036686954595648,WARRIOR,PALADIN,CLERIC,ROGUE
86,12,1,5.209983962286158,5.114604756038688,WARRIOR,PALADIN,CLERIC,ROGUE
87,12,1,5.361573313642354,5.173713319518658,WARRIOR,PALADIN,CLERIC,ROGUE
88,12,1,5.510135236345848,5.262317242442394,WARRIOR,PALADIN,CLERIC,ROGUE
89,12,1,5.66857649414132,5.337272844621754,WARRIOR,PALADIN,CLERIC,ROGUE
90,12,1,5.8294044392544375,5.4317876936340825,WARRIOR,PALADIN,CLERIC,ROGUE
91,12,1,5.989724893184811,5.530364867068149,WARRIOR,PALADIN,CLERIC,ROGUE
92,12,1,6.150159078856299,5.611793679277066,WARRIOR,PALADIN,CLERIC,ROGUE
93,12,1,6.306252315048044,5.706959693594138,WARRIOR,PALADIN,CLERIC,ROGUE
94,12,1,6.467442679590585,5.804837711986388,WARRIOR,PALADIN,CLERIC,ROGUE
95,12,1,6.62921435687569,5.897424562983855,WARRIOR,PALADIN,CLERIC,ROGUE
96,12,1,6.790595069337058,5.989712849214768,WARRIOR,PALADIN,CLERIC,ROGUE
97,12,1,6.945475787487543,6.078129026147638,WARRIOR,PALADIN,CLERIC,ROGUE
98,12,1,7.10247234406578,6.16729336046673,WARRIOR,PALADIN,CLERIC,ROGUE
99,12,1,7.257338501506427,6.25675990134249,WARRIOR,PALADIN,CLERIC,ROGUE
100,12,1,7.411559460964656,6.349822347799594,WARRIOR,PALADIN,CLERIC,ROGUE
20,12,5,1.2259605206037971,2.0856494921884794,CLERIC,MAGE,CLERIC,MAGE
21,12,5,1.1797268416086082,2.0818242496582373,CLERIC,MAGE,CLERIC,MAGE
22,12,5,1.1259415967928676,2.0780531812143677,CLERIC,MAGE,CLERIC,MAGE
23,12,5,1.0921470523201027,2.088862168619632,CLERIC,MAGE,CLERIC,MAGE
24,12,5,1.0730210072710245,2.1217628663741106,CLERIC,MAGE,CLERIC,MAGE
25,12,5,1.0562616469268926,2.1503238888450182,CLERIC,MAGE,CLERIC,MAGE
26,12,5,1.0310560198036445,2.1758461613372138,CLERIC,MAGE,CLERIC,MAGE
27,12,5,1.0036131314868468,2.1988137864113355,CLERIC,MAGE,CLERIC,MAGE
28,12,5,0.9717908215563398,2.2217297011895454,CLERIC,MAGE,CLERIC,MAGE
29,12,5,0.9641464126083799,2.2734225101973315,CLERIC,MAGE,CLERIC,MAGE
30,12,5,0.9209901234695561,2.286992003647348,CLERIC,MAGE,CLERIC,MAGE
31,12,5,0.9000262879478083,2.3182875385707957,CLERIC,MAGE,CLERIC,MAGE
32,12,5,0.8970042830243496,2.3715692303672986,CLERIC,MAGE,CLERIC,MAGE
33,12,5,0.9221225786951726,2.4073625072285276,CLERIC,PALADIN,CLERIC,MAGE
34,12,5,0.9363329399210585,2.4360996021959735,CLERIC,PALADIN,CLERIC,MAGE
35,12,5,0.9438373932766142,2.4570639412627493,CLERIC,PALADIN,CLERIC,MAGE
36,12,5,0.9628138270662445,2.480315422512658,CLERIC,PALADIN,CLERIC,MAGE
37,12,5,0.977522444516632,2.561419832279088,CLERIC,PALADIN,CLERIC,ROGUE
38,12,5,0.9696509953015742,2.6802206264143535,CLERIC,PALADIN,CLERIC,ROGUE
39,12,5,0.9765134971647882,2.6934365694716744,CLERIC,PALADIN,CLERIC,ROGUE
40,12,5,0.9816253539083997,2.693948335141294,CLERIC,PALADIN,CLERIC,ROGUE
41,12,5,0.9738426860104399,2.7223612237993633,CLERIC,PALADIN,CLERIC,ROGUE
42,12,5,0.9778991338862619,2.7591147960098095,CLERIC,PALADIN,CLERIC,ROGUE
43,12,5,1.0024701801977454,2.832816724169396,WARRIOR,PALADIN,CLERIC,ROGUE
44,12,5,1.0479079027438942,2.868132903718612,WARRIOR,PALADIN,CLERIC,ROGUE
45,12,5,1.0903658497865898,2.928568879093074,WARRIOR,PALADIN,CLERIC,ROGUE
46,12,5,1.1338710498722149,2.9599490532291606,WARRIOR,PALADIN,CLERIC,ROGUE
47,12,5,1.1775191348116554,3.0040398910314625,WARRIOR,PALADIN,CLERIC,ROGUE
48,12,5,1.2267928981519072,3.0286107502145887,WARRIOR,PALADIN,CLERIC,ROGUE
49,12,5,1.2825562649020128,3.098927616566849,WARRIOR,PALADIN,CLERIC,ROGUE
50,12,5,1.3401335710373496,3.142396103124967,WARRIOR,PALADIN,CLERIC,ROGUE
51,12,5,1.3958946732121724,3.176622380103855,WARRIOR,PALADIN,CLERIC,ROGUE
52,12,5,1.4652283012445366,3.2379137117601653,WARRIOR,PALADIN,CLERIC,ROGUE
53,12,5,1.536107808835241,3.270495459789169,WARRIOR,PALADIN,CLERIC,ROGUE
54,12,5,1.6068878581976032,3.33957335995414,WARRIOR,PALADIN,CLERIC,ROGUE
55,12,5,1.6775999297200972,3.3785631100839097,WARRIOR,PALADIN,CLERIC,ROGUE
56,12,5,1.7573664519166865,3.419319134973997,WARRIOR,PALADIN,CLERIC,ROGUE
57,12,5,1.8423363301614426,3.4329283776931563,WARRIOR,PALADIN,CLERIC,ROGUE
58,12,5,1.9269221713460016,3.476957740298614,WARRIOR,PALADIN,CLERIC,ROGUE
59,12,5,2.017011228816612,3.5098004339128686,WARRIOR,PALADIN,CLERIC,ROGUE
60,12,5,2.1070373521814956,3.5404669277592227,WARRIOR,PALADIN,CLERIC,ROGUE
61,12,5,2.1990587118367655,3.574819159744158,WARRIOR,PALADIN,CLERIC,ROGUE
62,12,5,2.289198899842071,3.6206514210978424,WARRIOR,PALADIN,CLERIC,ROGUE
63,12,5,2.3839688918652513,3.656482269006056,WARRIOR,PALADIN,CLERIC,ROGUE
64,12,5,2.4821271712369475,3.727015742464923,WARRIOR,PALADIN,CLERIC,ROGUE
65,12,5,2.581761006240346,3.7874491610585537,WARRIOR,PALADIN,CLERIC,ROGUE
66,12,5,2.6842394040457407,3.827545023825518,WARRIOR,PALADIN,CLERIC,ROGUE
67,12,5,2.7886840418559933,3.8731050381565657,WARRIOR,PALADIN,CLERIC,ROGUE
68,12,5,2.8908431105053367,3.9473655088618997,WARRIOR,PALADIN,CLERIC,ROGUE
69,12,5,2.9970819614410615,3.9941872595323114,WARRIOR,PALADIN,CLERIC,ROGUE
70,12,5,3.1064662603131676,4.050283294221613,WARRIOR,PALADIN,CLERIC,ROGUE
71,12,5,3.2169759053253255,4.10295427105849,WARRIOR,PALADIN,CLERIC,ROGUE
72,12,5,3.3315570209166756,4.168337764346242,WARRIOR,PALADIN,CLERIC,ROGUE
73,12,5,3.44603294560919,4.232164958590112,WARRIOR,PALADIN,CLERIC,ROGUE
74,12,5,3.569827533372183,4.2976643677941295,WARRIOR,PALADIN,CLERIC,ROGUE
75,12,5,3.695770277139099,4.3599353728336565,WARRIOR,PALADIN,CLERIC,ROGUE
76,12,5,3.8239566644551193,4.440420839264836,WARRIOR,PALADIN,CLERIC,ROGUE
77,12,5,3.9556509244958127,4.500519885986143,WARRIOR,PALADIN,CLERIC,ROGUE
78,12,5,4.083875907026191,4.574260691616527,WARRIOR,PALADIN,CLERIC,ROGUE
79,12,5,4.217091099517423,4.643314634707085,WARRIOR,PALADIN,CLERIC,ROGUE
80,12,5,4.351826659712699,4.707096087190488,WARRIOR,PALADIN,CLERIC,ROGUE
81,12,5,4.488278907331833,4.779847642385726,WARRIOR,PALADIN,CLERIC,ROGUE
82,12,5,4.628973143727166,4.849417721166449,WARRIOR,PALADIN,CLERIC,ROGUE
83,12,5,4.767744860763612,4.904183893748848,WARRIOR,PALADIN,CLERIC,ROGUE
84,12,5,4.913449412369819,4.96919721150173,WARRIOR,PALADIN,CLERIC,ROGUE
85,12,5,5.061791309217267,5.036686954595626,WARRIOR,PALADIN,CLERIC,ROGUE
86,12,5,5.2099839622861355,5.114604756038688,WARRIOR,PALADIN,CLERIC,ROGUE
87,12,5,5.361573313642309,5.173713319518658,WARRIOR,PALADIN,CLERIC,ROGUE
88,12,5,5.510135236345848,5.262317242442349,WARRIOR,PALADIN,CLERIC,ROGUE
89,12,5,5.66857649414132,5.337272844621799,WARRIOR,PALADIN,CLERIC,ROGUE
90,12,5,5.82940443925446,5.431787693634127,WARRIOR,PALADIN,CLERIC,ROGUE
91,12,5,5.989724893184789,5.5303648670681715,WARRIOR,PALADIN,CLERIC,ROGUE
92,12,5,6.150159078856299,5.611793679277066,WARRIOR,PALADIN,CLERIC,ROGUE
93,12,5,6.306252315048022,5.706959693594138,WARRIOR,PALADIN,CLERIC,ROGUE
94,12,5,6.467442679590607,5.80483771198641,WARRIOR,PALADIN,CLERIC,ROGUE
95,12,5,6.62921435687569,5.897424562983833,WARRIOR,PALADIN,CLERIC,ROGUE
96,12,5,6.790595069337035,5.989712849214812,WARRIOR,PALADIN,CLERIC,ROGUE
97,12,5,6.945475787487543,6.078129026147638,WARRIOR,PALADIN,CLERIC,ROGUE
98,12,5,7.102472344065736,6.167293360466775,WARRIOR,PALADIN,CLERIC,ROGUE
99,12,5,7.2573385015064495,6.256759901342535,WARRIOR,PALADIN,CLERIC,ROGUE
100,12,5,7.411559460964701,6.349822347799594,WARRIOR,PALADIN,CLERIC,ROGUE
20,12,12,1.2259605206037971,2.0856494921884794,CLERIC,MAGE,CLERIC,MAGE
21,12,12,1.179726841608586,2.081824249658215,CLERIC,MAGE,CLERIC,MAGE
22,12,12,1.1259415967928899,2.0780531812143677,CLERIC,MAGE,CLERIC,MAGE
23,12,12,1.0921470523200805,2.0888621686196096,CLERIC,MAGE,CLERIC,MAGE
24,12,12,1.0730210072710022,2.1217628663741106,CLERIC,MAGE,CLERIC,MAGE
25,12,12,1.0562616469268704,2.150323888844974,CLERIC,MAGE,CLERIC,MAGE
26,12,12,1.0310560198036667,2.175846161337236,CLERIC,MAGE,CLERIC,MAGE
27,12,12,1.0036131314868912,2.198813786411402,CLERIC,MAGE,CLERIC,MAGE
28,12,12,0.971790821556362,2.2217297011895676,CLERIC,MAGE,CLERIC,MAGE
29,12,12,0.9641464126083577,2.273422510197287,CLERIC,MAGE,CLERIC,MAGE
30,12,12,0.9209901234695339,2.2869920036473257,CLERIC,MAGE,CLERIC,MAGE
31,12,12,0.9000262879478083,2.3182875385707735,CLERIC,MAGE,CLERIC,MAGE
32,12,12,0.8970042830243274,2.3715692303672764,CLERIC,MAGE,CLERIC,MAGE
33,12,12,0.9221225786951504,2.4073625072285054,CLERIC,PALADIN,CLERIC,MAGE
34,12,12,0.9363329399210363,2.4360996021959513,CLERIC,PALADIN,CLERIC,MAGE
35,12,12,0.9438373932766142,2.4570639412627937,CLERIC,PALADIN,CLERIC,MAGE
36,12,12,0.9628138270662223,2.48031542251268,CLERIC,PALADIN,CLERIC,MAGE
37,12,12,0.977522444516632,2.561419832279088,CLERIC,PALADIN,CLERIC,ROGUE
38,12,12,0.9696509953015298,2.6802206264143313,CLERIC,PALADIN,CLERIC,ROGUE
39,12,12,0.9765134971647882,2.6934365694716744,CLERIC,PALADIN,CLERIC,ROGUE
40,12,12,0.9816253539083997,2.693948335141294,CLERIC,PALADIN,CLERIC,ROGUE
41,12,12,0.9738426860104177,2.7223612237993855,CLERIC,PALADIN,CLERIC,ROGUE
42,12,12,0.9778991338862841,2.7591147960097873,CLERIC,PALADIN,CLERIC,ROGUE
43,12,12,1.002470180197701,2.832816724169418,WARRIOR,PALADIN,CLERIC,ROGUE
44,12,12,1.0479079027438942,2.86813290371859,WARRIOR,PALADIN,CLERIC,ROGUE
45,12,12,1.090365849786612,2.9285688790931186,WARRIOR,PALADIN,CLERIC,ROGUE
46,12,12,1.1338710498722593,2.9599490532291384,WARRIOR,PALADIN,CLERIC,ROGUE
47,12,12,1.1775191348116554,3.0040398910314403,WARRIOR,PALADIN,CLERIC,ROGUE
48,12,12,1.2267928981519072,3.028610750214611,WARRIOR,PALADIN,CLERIC,ROGUE
49,12,12,1.2825562649020572,3.098927616566849,WARRIOR,PALADIN,CLERIC,ROGUE
50,12,12,1.3401335710373719,3.1423961031250114,WARRIOR,PALADIN,CLERIC,ROGUE
51,12,12,1.3958946732121502,3.176622380103833,WARRIOR,PALADIN,CLERIC,ROGUE
52,12,12,1.4652283012445588,3.237913711760143,WARRIOR,PALADIN,CLERIC,ROGUE
53,12,12,1.536107808835263,3.270495459789191,WARRIOR,PALADIN,CLERIC,ROGUE
54,12,12,1.6068878581976032,3.339573359954162,WARRIOR,PALADIN,CLERIC,ROGUE
55,12,12,1.6775999297201194,3.378563110083932,WARRIOR,PALADIN,CLERIC,ROGUE
56,12,12,1.7573664519166865,3.4193191349740193,WARRIOR,PALADIN,CLERIC,ROGUE
57,12,12,1.8423363301614204,3.4329283776932007,WARRIOR,PALADIN,CLERIC,ROGUE
58,12,12,1.9269221713459572,3.4769577402985696,WARRIOR,PALADIN,CLERIC,ROGUE
59,12,12,2.0170112288165676,3.509800433912913,WARRIOR,PALADIN,CLERIC,ROGUE
60,12,12,2.1070373521814734,3.5404669277592227,WARRIOR,PALADIN,CLERIC,ROGUE
61,12,12,2.199058711836721,3.574819159744136,WARRIOR,PALADIN,CLERIC,ROGUE
62,12,12,2.2891988998420265,3.6206514210978424,WARRIOR,PALADIN,CLERIC,ROGUE
63,12,12,2.383968891865229,3.656482269006056,WARRIOR,PALADIN,CLERIC,ROGUE
64,12,12,2.4821271712369697,3.7270157424648787,WARRIOR,PALADIN,CLERIC,ROGUE
65,12,12,2.581761006240324,3.787449161058576,WARRIOR,PALADIN,CLERIC,ROGUE
66,12,12,2.6842394040457407,3.8275450238255404,WARRIOR,PALADIN,CLERIC,ROGUE
67,12,12,2.788684041855971,3.873105038156588,WARRIOR,PALADIN,CLERIC,ROGUE
68,12,12,2.8908431105052923,3.947365508861922,WARRIOR,PALADIN,CLERIC,ROGUE
69,12,12,2.9970819614410393,3.9941872595323114,WARRIOR,PALADIN,CLERIC,ROGUE
70,12,12,3.10646626031319,4.050283294221657,WARRIOR,PALADIN,CLERIC,ROGUE
71,12,12,3.2169759053253255,4.102954271058534,WARRIOR,PALADIN,CLERIC,ROGUE
72,12,12,3.331557020916698,4.168337764346264,WARRIOR,PALADIN,CLERIC,ROGUE
73,12,12,3.44603294560919,4.232164958590157,WARRIOR,PALADIN,CLERIC,ROGUE
74,12,12,3.569827533372205,4.2976643677941295,WARRIOR,PALADIN,CLERIC,ROGUE
75,12,12,3.695770277139143,4.359935372833634,WARRIOR,PALADIN,CLERIC,ROGUE
76,12,12,3.8239566644551193,4.44042083926488,WARRIOR,PALADIN,CLERIC,ROGUE
77,12,12,3.9556509244958127,4.500519885986121,WARRIOR,PALADIN,CLERIC,ROGUE
78,12,12,4.083875907026169,4.57426069161655,WARRIOR,PALADIN,CLERIC,ROGUE
79,12,12,4.217091099517378,4.6433146347071075,WARRIOR,PALADIN,CLERIC,ROGUE
80,12,12,4.351826659712699,4.707096087190488,WARRIOR,PALADIN,CLERIC,ROGUE
81,12,12,4.488278907331855,4.779847642385748,WARRIOR,PALADIN,CLERIC,ROGUE
82,12,12,4.628973143727144,4.849417721166427,WARRIOR,PALADIN,CLERIC,ROGUE
83,12,12,4.767744860763612,4.904183893748804,WARRIOR,PALADIN,CLERIC,ROGUE
84,12,12,4.913449412369819,4.96919721150173,WARRIOR,PALADIN,CLERIC,ROGUE
85,12,12,5.061791309217245,5.036686954595626,WARRIOR,PALADIN,CLERIC,ROGUE
86,12,12,5.209983962286113,5.114604756038732,WARRIOR,PALADIN,CLERIC,ROGUE
87,12,12,5.361573313642354,5.17371331951868,WARRIOR,PALADIN,CLERIC,ROGUE
88,12,12,5.510135236345848,5.262317242442394,WARRIOR,PALADIN,CLERIC,ROGUE
89,12,12,5.66857649414132,5.337272844621799,WARRIOR,PALADIN,CLERIC,ROGUE
90,12,12,5.829404439254482,5.4317876936340825,WARRIOR,PALADIN,CLERIC,ROGUE
91,12,12,5.989724893184789,5.530364867068194,WARRIOR,PALADIN,CLERIC,ROGUE
92,12,12,6.1501590788562766,5.611793679277088,WARRIOR,PALADIN,CLERIC,ROGUE
93,12,12,6.306252315048044,5.706959693594116,WARRIOR,PALADIN,CLERIC,ROGUE
94,12,12,6.467442679590563,5.804837711986388,WARRIOR,PALADIN,CLERIC,ROGUE
95,12,12,6.62921435687569,5.897424562983833,WARRIOR,PALADIN,CLERIC,ROGUE
96,12,12,6.790595069337058,5.989712849214812,WARRIOR,PALADIN,CLERIC,ROGUE
97,12,12,6.945475787487521,6.078129026147683,WARRIOR,PALADIN,CLERIC,ROGUE
98,12,12,7.102472344065736,6.167293360466752,WARRIOR,PALADIN,CLERIC,ROGUE
99,12,12,7.257338501506427,6.256759901342535,WARRIOR,PALADIN,CLERIC,ROGUE
100,12,12,7.411559460964678,6.349822347799572,WARRIOR,PALADIN,CLERIC,ROGUE
20,16,1,1.2259605206038193,2.0856494921885016,CLERIC,MAGE,CLERIC,MAGE
21,16,1,1.1797268416086526,2.081824249658304,CLERIC,MAGE,CLERIC,MAGE
22,16,1,1.1259415967928676,2.0780531812143677,CLERIC,MAGE,CLERIC,MAGE
23,16,1,1.0921470523201249,2.088862168619676,CLERIC,MAGE,CLERIC,MAGE
24,16,1,1.0730210072710245,2.121762866374133,CLERIC,MAGE,CLERIC,MAGE
25,16,1,1.0562616469268926,2.150323888844996,CLERIC,MAGE,CLERIC,MAGE
26,16,1,1.0310560198036,2.1758461613371693,CLERIC,MAGE,CLERIC,MAGE
27,16,1,1.003613131486869,2.1988137864113577,CLERIC,MAGE,CLERIC,MAGE
28,16,1,0.9717908215563176,2.221729701189523,CLERIC,MAGE,CLERIC,MAGE
29,16,1,0.9641464126083799,2.2734225101973315,CLERIC,MAGE,CLERIC,MAGE
30,16,1,0.9209901234695117,2.2869920036473257,CLERIC,MAGE,CLERIC,MAGE
31,16,1,0.9000262879478305,2.318287538570818,CLERIC,MAGE,CLERIC,MAGE
32,16,1,0.8970042830243052,2.371569230367254,CLERIC,MAGE,CLERIC,MAGE
33,16,1,0.9221225786951726,2.4073625072285276,CLERIC,PALADIN,CLERIC,MAGE
34,16,1,0.9363329399210585,2.4360996021959735,CLERIC,PALADIN,CLERIC,MAGE
35,16,1,0.9438373932766364,2.4570639412627715,CLERIC,PALADIN,CLERIC,MAGE
36,16,1,0.9628138270662445,2.48031542251268,CLERIC,PALADIN,CLERIC,MAGE
37,16,1,0.9775224445166542,2.5614198322791104,CLERIC,PALADIN,CLERIC,ROGUE
38,16,1,0.9696509953015742,2.6802206264143758,CLERIC,PALADIN,CLERIC,ROGUE
39,16,1,0.9765134971647882,2.6934365694716966,CLERIC,PALADIN,CLERIC,ROGUE
40,16,1,0.9816253539084219,2.693948335141294,CLERIC,PALADIN,CLERIC,ROGUE
41,16,1,0.9738426860104399,2.7223612237994077,CLERIC,PALADIN,CLERIC,ROGUE
42,16,1,0.9778991338862841,2.7591147960098095,CLERIC,PALADIN,CLERIC,ROGUE
43,16,1,1.0024701801977232,2.832816724169418,WARRIOR,PALADIN,CLERIC,ROGUE
44,16,1,1.0479079027438942,2.8681329037186343,WARRIOR,PALADIN,CLERIC,ROGUE
45,16,1,1.0903658497865898,2.9285688790930964,WARRIOR,PALADIN,CLERIC,ROGUE
46,16,1,1.1338710498722593,2.959949053229116,WARRIOR,PALADIN,CLERIC,ROGUE
47,16,1,1.1775191348116332,3.0040398910314625,WARRIOR,PALADIN,CLERIC,ROGUE
48,16,1,1.2267928981519294,3.028610750214611,WARRIOR,PALADIN,CLERIC,ROGUE
49,16,1,1.2825562649020128,3.098927616566871,WARRIOR,PALADIN,CLERIC,ROGUE
50,16,1,1.3401335710373719,3.1423961031250114,WARRIOR,PALADIN,CLERIC,ROGUE
51,16,1,1.3958946732121724,3.176622380103833,WARRIOR,PALADIN,CLERIC,ROGUE
52,16,1,1.4652283012445366,3.2379137117601653,WARRIOR,PALADIN,CLERIC,ROGUE
53,16,1,1.536107808835263,3.270495459789169,WARRIOR,PALADIN,CLERIC,ROGUE
54,16,1,1.6068878581976254,3.33957335995414,WARRIOR,PALADIN,CLERIC,ROGUE
55,16,1,1.6775999297200972,3.378563110083932,WARRIOR,PALADIN,CLERIC,ROGUE
56,16,1,1.7573664519166643,3.419319134973997,WARRIOR,PALADIN,CLERIC,ROGUE
57,16,1,1.8423363301614426,3.4329283776932007,WARRIOR,PALADIN,CLERIC,ROGUE
58,16,1,1.9269221713460016,3.4769577402986362,WARRIOR,PALADIN,CLERIC,ROGUE
59,16,1,2.017011228816612,3.5098004339128908,WARRIOR,PALADIN,CLERIC,ROGUE
60,16,1,2.1070373521814956,3.540466927759245,WARRIOR,PALADIN,CLERIC,ROGUE
61,16,1,2.1990587118367433,3.574819159744158,WARRIOR,PALADIN,CLERIC,ROGUE
62,16,1,2.289198899842071,3.6206514210978202,WARRIOR,PALADIN,CLERIC,ROGUE
63,16,1,2.383968891865229,3.6564822690060117,WARRIOR,PALADIN,CLERIC,ROGUE
64,16,1,2.4821271712369475,3.727015742464923,WARRIOR,PALADIN,CLERIC,ROGUE
65,16,1,2.581761006240324,3.787449161058576,WARRIOR,PALADIN,CLERIC,ROGUE
66,16,1,2.6842394040457407,3.827545023825518,WARRIOR,PALADIN,CLERIC,ROGUE
67,16,1,2.788684041855971,3.873105038156588,WARRIOR,PALADIN,CLERIC,ROGUE
68,16,1,2.8908431105053145,3.947365508861922,WARRIOR,PALADIN,CLERIC,ROGUE
69,16,1,2.997081961441017,3.9941872595323114,WARRIOR,PALADIN,CLERIC,ROGUE
70,16,1,3.1064662603131676,4.050283294221613,WARRIOR,PALADIN,CLERIC,ROGUE
71,16,1,3.2169759053253255,4.102954271058512,WARRIOR,PALADIN,CLERIC,ROGUE
72,16,1,3.331557020916698,4.168337764346219,WARRIOR,PALADIN,CLERIC,ROGUE
73,16,1,3.44603294560919,4.232164958590134,WARRIOR,PALADIN,CLERIC,ROGUE
74,16,1,3.569827533372205,4.297664367794085,WARRIOR,PALADIN,CLERIC,ROGUE
75,16,1,3.695770277139121,4.35993537283359,WARRIOR,PALADIN,CLERIC,ROGUE
76,16,1,3.8239566644551193,4.440420839264836,WARRIOR,PALADIN,CLERIC,ROGUE
77,16,1,3.955650924495857,4.500519885986143,WARRIOR,PALADIN,CLERIC,ROGUE
78,16,1,4.083875907026169,4.574260691616505,WARRIOR,PALADIN,CLERIC,ROGUE
79,16,1,4.217091099517423,4.643314634707085,WARRIOR,PALADIN,CLERIC,ROGUE
80,16,1,4.351826659712721,4.707096087190488,WARRIOR,PALADIN,CLERIC,ROGUE
81,16,1,4.488278907331833,4.779847642385726,WARRIOR,PALADIN,CLERIC,ROGUE
82,16,1,4.628973143727122,4.849417721166427,WARRIOR,PALADIN,CLERIC,ROGUE
83,16,1,4.76774486076359,4.904183893748848,WARRIOR,PALADIN,CLERIC,ROGUE
84,16,1,4.913449412369819,4.969197211501752,WARRIOR,PALADIN,CLERIC,ROGUE
85,16,1,5.061791309217267,5.036686954595626,WARRIOR,PALADIN,CLERIC,ROGUE
86,16,1,5.2099839622861355,5.114604756038688,WARRIOR,PALADIN,CLERIC,ROGUE
87,16,1,5.361573313642354,5.173713319518658,WARRIOR,PALADIN,CLERIC,ROGUE
88,16,1,5.51013523634587,5.262317242442349,WARRIOR,PALADIN,CLERIC,ROGUE
89,16,1,5.6685764941412975,5.3372728446217765,WARRIOR,PALADIN,CLERIC,ROGUE
90,16,1,5.82940443925446,5.4317876936340825,WARRIOR,PALADIN,CLERIC,ROGUE
91,16,1,5.989724893184789,5.5303648670681715,WARRIOR,PALADIN,CLERIC,ROGUE
92,16,1,6.1501590788562766,5.611793679277044,WARRIOR,PALADIN,CLERIC,ROGUE
93,16,1,6.306252315048022,5.70695969359416,WARRIOR,PALADIN,CLERIC,ROGUE
94,16,1,6.467442679590585,5.804837711986366,WARRIOR,PALADIN,CLERIC,ROGUE
95,16,1,6.62921435687569,5.897424562983855,WARRIOR,PALADIN,CLERIC,ROGUE
96,16,1,6.790595069337013,5.989712849214812,WARRIOR,PALADIN,CLERIC,ROGUE
97,16,1,6.945475787487521,6.078129026147638,WARRIOR,PALADIN,CLERIC,ROGUE
98,16,1,7.102472344065736,6.16729336046673,WARRIOR,PALADIN,CLERIC,ROGUE
99,16,1,7.257338501506427,6.256759901342512,WARRIOR,PALADIN,CLERIC,ROGUE
100,16,1,7.411559460964678,6.349822347799594,WARRIOR,PALADIN,CLERIC,ROGUE
20,16,5,1.2259605206037971,2.0856494921884794,CLERIC,MAGE,CLERIC,MAGE
21,16,5,1.179726841608586,2.081824249658215,CLERIC,MAGE,CLERIC,MAGE
22,16,5,1.1259415967928899,2.07805318121439,CLERIC,MAGE,CLERIC,MAGE
23,16,5,1.0921470523200805,2.0888621686196096,CLERIC,MAGE,CLERIC,MAGE
24,16,5,1.0730210072710689,2.121762866374155,CLERIC,MAGE,CLERIC,MAGE
25,16,5,1.0562616469268704,2.150323888844996,CLERIC,MAGE,CLERIC,MAGE
26,16,5,1.0310560198036223,2.1758461613371916,CLERIC,MAGE,CLERIC,MAGE
27,16,5,1.0036131314869134,2.198813786411402,CLERIC,MAGE,CLERIC,MAGE
28,16,5,0.9717908215563398,2.2217297011895454,CLERIC,MAGE,CLERIC,MAGE
29,16,5,0.9641464126083577,2.2734225101973093,CLERIC,MAGE,CLERIC,MAGE
30,16,5,0.9209901234695339,2.2869920036473257,CLERIC,MAGE,CLERIC,MAGE
31,16,5,0.9000262879478305,2.318287538570818,CLERIC,MAGE,CLERIC,MAGE
32,16,5,0.8970042830243052,2.3715692303672764,CLERIC,MAGE,CLERIC,MAGE
33,16,5,0.9221225786951948,2.40736250722855,CLERIC,PALADIN,CLERIC,MAGE
34,16,5,0.9363329399210363,2.4360996021959513,CLERIC,PALADIN,CLERIC,MAGE
35,16,5,0.943837393276592,2.4570639412627493,CLERIC,PALADIN,CLERIC,MAGE
36,16,5,0.9628138270662667,2.480315422512658,CLERIC,PALADIN,CLERIC,MAGE
37,16,5,0.9775224445166542,2.561419832279066,CLERIC,PALADIN,CLERIC,ROGUE
38,16,5,0.9696509953015742,2.6802206264143535,CLERIC,PALADIN,CLERIC,ROGUE
39,16,5,0.9765134971647882,2.6934365694716744,CLERIC,PALADIN,CLERIC,ROGUE
40,16,5,0.9816253539084219,2.6939483351413163,CLERIC,PALADIN,CLERIC,ROGUE
41,16,5,0.9738426860104399,2.7223612237993855,CLERIC,PALADIN,CLERIC,ROGUE
42,16,5,0.9778991338862841,2.7591147960098317,CLERIC,PALADIN,CLERIC,ROGUE
43,16,5,1.0024701801977232,2.832816724169418,WARRIOR,PALADIN,CLERIC,ROGUE
44,16,5,1.047907902743872,2.8681329037186343,WARRIOR,PALADIN,CLERIC,ROGUE
45,16,5,1.090365849786612,2.928568879093074,WARRIOR,PALADIN,CLERIC,ROGUE
46,16,5,1.133871049872237,2.9599490532291384,WARRIOR,PALADIN,CLERIC,ROGUE
47,16,5,1.1775191348116332,3.0040398910314625,WARRIOR,PALADIN,CLERIC,ROGUE
48,16,5,1.2267928981519072,3.028610750214633,WARRIOR,PALADIN,CLERIC,ROGUE
49,16,5,1.282556264902035,3.098927616566849,WARRIOR,PALADIN,CLERIC,ROGUE
50,16,5,1.3401335710373719,3.1423961031250114,WARRIOR,PALADIN,CLERIC,ROGUE
51,16,5,1.395894673212128,3.176622380103833,WARRIOR,PALADIN,CLERIC,ROGUE
52,16,5,1.465228301244581,3.2379137117601653,WARRIOR,PALADIN,CLERIC,ROGUE
53,16,5,1.536107808835263,3.270495459789191,WARRIOR,PALADIN,CLERIC,ROGUE
54,16,5,1.6068878581976254,3.3395733599541177,WARRIOR,PALADIN,CLERIC,ROGUE
55,16,5,1.6775999297201416,3.3785631100839097,WARRIOR,PALADIN,CLERIC,ROGUE
56,16,5,1.7573664519167087,3.4193191349740193,WARRIOR,PALADIN,CLERIC,ROGUE
57,16,5,1.8423363301614426,3.4329283776932007,WARRIOR,PALADIN,CLERIC,ROGUE
58,16,5,1.9269221713460238,3.476957740298614,WARRIOR,PALADIN,CLERIC,ROGUE
59,16,5,2.017011228816612,3.5098004339128464,WARRIOR,PALADIN,CLERIC,ROGUE
60,16,5,2.107037352181451,3.540466927759245,WARRIOR,PALADIN,CLERIC,ROGUE
61,16,5,2.1990587118367655,3.574819159744158,WARRIOR,PALADIN,CLERIC,ROGUE
62,16,5,2.289198899842093,3.620651421097798,WARRIOR,PALADIN,CLERIC,ROGUE
63,16,5,2.3839688918652513,3.656482269006034,WARRIOR,PALADIN,CLERIC,ROGUE
64,16,5,2.4821271712369475,3.727015742464901,WARRIOR,PALADIN,CLERIC,ROGUE
65,16,5,2.5817610062403684,3.7874491610585537,WARRIOR,PALADIN,CLERIC,ROGUE
66,16,5,2.6842394040457407,3.827545023825496,WARRIOR,PALADIN,CLERIC,ROGUE
67,16,5,2.7886840418559933,3.873105038156588,WARRIOR,PALADIN,CLERIC,ROGUE
68,16,5,2.8908431105053367,3.9473655088618997,WARRIOR,PALADIN,CLERIC,ROGUE
69,16,5,2.9970819614410393,3.9941872595323114,WARRIOR,PALADIN,CLERIC,ROGUE
70,16,5,3.10646626031319,4.050283294221613,WARRIOR,PALADIN,CLERIC,ROGUE
71,16,5,3.21697590532537,4.102954271058512,WARRIOR,PALADIN,CLERIC,ROGUE
72,16,5,3.331557020916698,4.168337764346242,WARRIOR,PALADIN,CLERIC,ROGUE
73,16,5,3.446032945609212,4.232164958590179,WARRIOR,PALADIN,CLERIC,ROGUE
74,16,5,3.569827533372205,4.2976643677941295,WARRIOR,PALADIN,CLERIC,ROGUE
75,16,5,3.6957702771391654,4.3599353728336565,WARRIOR,PALADIN,CLERIC,ROGUE
76,16,5,3.823956664455097,4.440420839264814,WARRIOR,PALADIN,CLERIC,ROGUE
77,16,5,3.9556509244958127,4.500519885986121,WARRIOR,PALADIN,CLERIC,ROGUE
78,16,5,4.083875907026191,4.57426069161655,WARRIOR,PALADIN,CLERIC,ROGUE
79,16,5,4.217091099517445,4.643314634707085,WARRIOR,PALADIN,CLERIC,ROGUE
80,16,5,4.351826659712743,4.707096087190532,WARRIOR,PALADIN,CLERIC,ROGUE
81,16,5,4.488278907331833,4.779847642385748,WARRIOR,PALADIN,CLERIC,ROGUE
82,16,5,4.628973143727144,4.849417721166449,WARRIOR,PALADIN,CLERIC,ROGUE
83,16,5,4.76774486076359,4.904183893748826,WARRIOR,PALADIN,CLERIC,ROGUE
84,16,5,4.913449412369819,4.96919721150173,WARRIOR,PALADIN,CLERIC,ROGUE
85,16,5,5.061791309217245,5.036686954595626,WARRIOR,PALADIN,CLERIC,ROGUE
86,16,5,5.2099839622861355,5.11460475603871,WARRIOR,PALADIN,CLERIC,ROGUE
87,16,5,5.361573313642376,5.173713319518658,WARRIOR,PALADIN,CLERIC,ROGUE
88,16,5,5.51013523634587,5.262317242442394,WARRIOR,PALADIN,CLERIC,ROGUE
89,16,5,5.6685764941412975,5.337272844621799,WARRIOR,PALADIN,CLERIC,ROGUE
90,16,5,5.829404439254482,5.431787693634127,WARRIOR,PALADIN,CLERIC,ROGUE
91,16,5,5.989724893184767,5.530364867068216,WARRIOR,PALADIN,CLERIC,ROGUE
92,16,5,6.150159078856299,5.611793679277066,WARRIOR,PALADIN,CLERIC,ROGUE
93,16,5,6.3062523150480665,5.706959693594116,WARRIOR,PALADIN,CLERIC,ROGUE
94,16,5,6.467442679590585,5.804837711986388,WARRIOR,PALADIN,CLERIC,ROGUE
95,16,5,6.62921435687569,5.897424562983855,WARRIOR,PALADIN,CLERIC,ROGUE
96,16,5,6.790595069337035,5.989712849214768,WARRIOR,PALADIN,CLERIC,ROGUE
97,16,5,6.945475787487543,6.078129026147638,WARRIOR,PALADIN,CLERIC,ROGUE
98,16,5,7.102472344065713,6.16729336046673,WARRIOR,PALADIN,CLERIC,ROGUE
99,16,5,7.257338501506405,6.256759901342535,WARRIOR,PALADIN,CLERIC,ROGUE
100,16,5,7.411559460964701,6.349822347799572,WARRIOR,PALADIN,CLERIC,ROGUE
20,16,12,1.2259605206038193,2.0856494921885016,CLERIC,MAGE,CLERIC,MAGE
21,16,12,1.179726841608586,2.0818242496582373,CLERIC,MAGE,CLERIC,MAGE
22,16,12,1.1259415967928899,2.07805318121439,CLERIC,MAGE,CLERIC,MAGE
23,16,12,1.0921470523201027,2.088862168619632,CLERIC,MAGE,CLERIC,MAGE
24,16,12,1.0730210072710467,2.121762866374155,CLERIC,MAGE,CLERIC,MAGE
25,16,12,1.0562616469268482,2.150323888844974,CLERIC,MAGE,CLERIC,MAGE
26,16,12,1.0310560198036223,2.1758461613371916,CLERIC,MAGE,CLERIC,MAGE
27,16,12,1.003613131486869,2.1988137864113577,CLERIC,MAGE,CLERIC,MAGE
28,16,12,0.9717908215563398,2.2217297011895454,CLERIC,MAGE,CLERIC,MAGE
29,16,12,0.9641464126083577,2.2734225101973093,CLERIC,MAGE,CLERIC,MAGE
30,16,12,0.9209901234695339,2.286992003647348,CLERIC,MAGE,CLERIC,MAGE
31,16,12,0.9000262879478083,2.3182875385707957,CLERIC,MAGE,CLERIC,MAGE
32,16,12,0.8970042830243274,2.371569230367254,CLERIC,MAGE,CLERIC,MAGE
33,16,12,0.9221225786951948,2.4073625072285276,CLERIC,PALADIN,CLERIC,MAGE
34,16,12,0.9363329399210585,2.4360996021959513,CLERIC,PALADIN,CLERIC,MAGE
35,16,12,0.9438373932766364,2.4570639412627493,CLERIC,PALADIN,CLERIC,MAGE
36,16,12,0.9628138270662667,2.48031542251268,CLERIC,PALADIN,CLERIC,MAGE
37,16,12,0.9775224445166542,2.5614198322791326,CLERIC,PALADIN,CLERIC,ROGUE
38,16,12,0.9696509953015742,2.6802206264143313,CLERIC,PALADIN,CLERIC,ROGUE
39,16,12,0.976513497164766,2.6934365694716966,CLERIC,PALADIN,CLERIC,ROGUE
40,16,12,0.9816253539083775,2.693948335141272,CLERIC,PALADIN,CLERIC,ROGUE
41,16,12,0.9738426860104177,2.722361223799341,CLERIC,PALADIN,CLERIC,ROGUE
42,16,12,0.9778991338862841,2.7591147960098095,CLERIC,PALADIN,CLERIC,ROGUE
43,16,12,1.0024701801977232,2.832816724169418,WARRIOR,PALADIN,CLERIC,ROGUE
44,16,12,1.0479079027438942,2.8681329037186343,WARRIOR,PALADIN,CLERIC,ROGUE
45,16,12,1.0903658497865676,2.9285688790930964,WARRIOR,PALADIN,CLERIC,ROGUE
46,16,12,1.1338710498722593,2.9599490532291606,WARRIOR,PALADIN,CLERIC,ROGUE
47,16,12,1.1775191348116554,3.0040398910314847,WARRIOR,PALADIN,CLERIC,ROGUE
48,16,12,1.226792898151885,3.028610750214611,WARRIOR,PALADIN,CLERIC,ROGUE
49,16,12,1.282556264902035,3.0989276165668267,WARRIOR,PALADIN,CLERIC,ROGUE
50,16,12,1.3401335710373719,3.1423961031250336,WARRIOR,PALADIN,CLERIC,ROGUE
51,16,12,1.3958946732121502,3.176622380103855,WARRIOR,PALADIN,CLERIC,ROGUE
52,16,12,1.465228301244581,3.2379137117601875,WARRIOR,PALADIN,CLERIC,ROGUE
53,16,12,1.5361078088352853,3.270495459789169,WARRIOR,PALADIN,CLERIC,ROGUE
54,16,12,1.6068878581976476,3.3395733599541177,WARRIOR,PALADIN,CLERIC,ROGUE
55,16,12,1.677599929720075,3.3785631100839097,WARRIOR,PALADIN,CLERIC,ROGUE
56,16,12,1.7573664519166643,3.419319134973997,WARRIOR,PALADIN,CLERIC,ROGUE
57,16,12,1.8423363301614648,3.4329283776931785,WARRIOR,PALADIN,CLERIC,ROGUE
58,16,12,1.9269221713460016,3.476957740298592,WARRIOR,PALADIN,CLERIC,ROGUE
59,16,12,2.017011228816634,3.5098004339128686,WARRIOR,PALADIN,CLERIC,ROGUE
60,16,12,2.1070373521814956,3.5404669277592005,WARRIOR,PALADIN,CLERIC,ROGUE
61,16,12,2.1990587118367655,3.574819159744158,WARRIOR,PALADIN,CLERIC,ROGUE
62,16,12,2.2891988998420487,3.6206514210978202,WARRIOR,PALADIN,CLERIC,ROGUE
63,16,12,2.3839688918652513,3.656482269006034,WARRIOR,PALADIN,CLERIC,ROGUE
64,16,12,2.4821271712369475,3.727015742464923,WARRIOR,PALADIN,CLERIC,ROGUE
65,16,12,2.5817610062403684,3.7874491610585537,WARRIOR,PALADIN,CLERIC,ROGUE
66,16,12,2.6842394040457407,3.827545023825518,WARRIOR,PALADIN,CLERIC,ROGUE
67,16,12,2.7886840418560377,3.8731050381565657,WARRIOR,PALADIN,CLERIC,ROGUE
68,16,12,2.8908431105052923,3.947365508861922,WARRIOR,PALADIN,CLERIC,ROGUE
69,16,12,2.9970819614410615,3.994187259532289,WARRIOR,PALADIN,CLERIC,ROGUE
70,16,12,3.1064662603131676,4.050283294221613,WARRIOR,PALADIN,CLERIC,ROGUE
71,16,12,3.2169759053253477,4.10295427105849,WARRIOR,PALADIN,CLERIC,ROGUE
72,16,12,3.33155702091672,4.168337764346219,WARRIOR,PALADIN,CLERIC,ROGUE
73,16,12,3.4460329456092342,4.232164958590134,WARRIOR,PALADIN,CLERIC,ROGUE
74,16,12,3.569827533372183,4.2976643677941295,WARRIOR,PALADIN,CLERIC,ROGUE
75,16,12,3.6957702771391654,4.359935372833634,WARRIOR,PALADIN,CLERIC,ROGUE
76,16,12,3.8239566644551193,4.440420839264858,WARRIOR,PALADIN,CLERIC,ROGUE
77,16,12,3.955650924495835,4.500519885986143,WARRIOR,PALADIN,CLERIC,ROGUE
78,16,12,4.083875907026191,4.57426069161655,WARRIOR,PALADIN,CLERIC,ROGUE
79,16,12,4.217091099517423,4.643314634707085,WARRIOR,PALADIN,CLERIC,ROGUE
80,16,12,4.351826659712743,4.70709608719051,WARRIOR,PALADIN,CLERIC,ROGUE
81,16,12,4.488278907331833,4.779847642385748,WARRIOR,PALADIN,CLERIC,ROGUE
82,16,12,4.628973143727144,4.849417721166405,WARRIOR,PALADIN,CLERIC,ROGUE
83,16,12,4.767744860763612,4.904183893748804,WARRIOR,PALADIN,CLERIC,ROGUE
84,16,12,4.913449412369819,4.969197211501752,WARRIOR,PALADIN,CLERIC,ROGUE
85,16,12,5.061791309217267,5.036686954595604,WARRIOR,PALADIN,CLERIC,ROGUE
86,16,12,5.2099839622861355,5.114604756038732,WARRIOR,PALADIN,CLERIC,ROGUE
87,16,12,5.361573313642354,5.17371331951868,WARRIOR,PALADIN,CLERIC,ROGUE
88,16,12,5.510135236345826,5.262317242442371,WARRIOR,PALADIN,CLERIC,ROGUE
89,16,12,5.66857649414132,5.337272844621799,WARRIOR,PALADIN,CLERIC,ROGUE
90,16,12,5.829404439254482,5.431787693634105,WARRIOR,PALADIN,CLERIC,ROGUE
91,16,12,5.9897248931848335,5.530364867068238,WARRIOR,PALADIN,CLERIC,ROGUE
92,16,12,6.1501590788562766,5.611793679277088,WARRIOR,PALADIN,CLERIC,ROGUE
93,16,12,6.306252315048044,5.706959693594138,WARRIOR,PALADIN,CLERIC,ROGUE
94,16,12,6.467442679590563,5.8048377119864325,WARRIOR,PALADIN,CLERIC,ROGUE
95,16,12,6.62921435687569,5.897424562983877,WARRIOR,PALADIN,CLERIC,ROGUE
96,16,12,6.790595069337058,5.98971284921479,WARRIOR,PALADIN,CLERIC,ROGUE
97,16,12,6.945475787487521,6.078129026147661,WARRIOR,PALADIN,CLERIC,ROGUE
98,16,12,7.102472344065758,6.167293360466752,WARRIOR,PALADIN,CLERIC,ROGUE
99,16,12,7.257338501506383,6.256759901342535,WARRIOR,PALADIN,CLERIC,ROGUE
100,16,12,7.411559460964701,6.3498223477995275,WARRIOR,PALADIN,CLERIC,ROGUE
20,24,1,1.2259605206037971,2.0856494921884794,CLERIC,MAGE,CLERIC,MAGE
21,24,1,1.1797268416086082,2.0818242496582595,CLERIC,MAGE,CLERIC,MAGE
22,24,1,1.1259415967928676,2.0780531812143677,CLERIC,MAGE,CLERIC,MAGE
23,24,1,1.0921470523201027,2.088862168619632,CLERIC,MAGE,CLERIC,MAGE
24,24,1,1.0730210072710467,2.121762866374133,CLERIC,MAGE,CLERIC,MAGE
25,24,1,1.0562616469268704,2.150323888844974,CLERIC,MAGE,CLERIC,MAGE
26,24,1,1.0310560198036,2.1758461613371693,CLERIC,MAGE,CLERIC,MAGE
27,24,1,1.0036131314869134,2.198813786411402,CLERIC,MAGE,CLERIC,MAGE
28,24,1,0.9717908215563398,2.221729701189523,CLERIC,MAGE,CLERIC,MAGE
29,24,1,0.9641464126083354,2.273422510197265,CLERIC,MAGE,CLERIC,MAGE
30,24,1,0.9209901234695339,2.286992003647348,CLERIC,MAGE,CLERIC,MAGE
31,24,1,0.900026287947786,2.3182875385707735,CLERIC,MAGE,CLERIC,MAGE
32,24,1,0.8970042830243052,2.371569230367254,CLERIC,MAGE,CLERIC,MAGE
33,24,1,0.9221225786951726,2.4073625072285276,CLERIC,PALADIN,CLERIC,MAGE
34,24,1,0.9363329399210363,2.4360996021959735,CLERIC,PALADIN,CLERIC,MAGE
35,24,1,0.9438373932766142,2.4570639412627493,CLERIC,PALADIN,CLERIC,MAGE
36,24,1,0.9628138270662889,2.48031542251268,CLERIC,PALADIN,CLERIC,MAGE
37,24,1,0.9775224445166542,2.561419832279088,CLERIC,PALADIN,CLERIC,ROGUE
38,24,1,0.9696509953015742,2.6802206264143313,CLERIC,PALADIN,CLERIC,ROGUE
39,24,1,0.9765134971647438,2.693436569471652,CLERIC,PALADIN,CLERIC,ROGUE
40,24,1,0.9816253539083997,2.693948335141272,CLERIC,PALADIN,CLERIC,ROGUE
41,24,1,0.9738426860104177,2.7223612237994077,CLERIC,PALADIN,CLERIC,ROGUE
42,24,1,0.9778991338862841,2.7591147960097873,CLERIC,PALADIN,CLERIC,ROGUE
43,24,1,1.0024701801977454,2.832816724169396,WARRIOR,PALADIN,CLERIC,ROGUE
44,24,1,1.0479079027439164,2.8681329037186343,WARRIOR,PALADIN,CLERIC,ROGUE
45,24,1,1.0903658497865898,2.9285688790931186,WARRIOR,PALADIN,CLERIC,ROGUE
46,24,1,1.1338710498722593,2.959949053229116,WARRIOR,PALADIN,CLERIC,ROGUE
47,24,1,1.1775191348116332,3.0040398910314847,WARRIOR,PALADIN,CLERIC,ROGUE
48,24,1,1.226792898151885,3.0286107502145887,WARRIOR,PALADIN,CLERIC,ROGUE
49,24,1,1.282556264902035,3.098927616566871,WARRIOR,PALADIN,CLERIC,ROGUE
50,24,1,1.3401335710373719,3.1423961031249448,WARRIOR,PALADIN,CLERIC,ROGUE
51,24,1,1.3958946732121502,3.176622380103833,WARRIOR,PALADIN,CLERIC,ROGUE
52,24,1,1.4652283012445144,3.2379137117601875,WARRIOR,PALADIN,CLERIC,ROGUE
53,24,1,1.5361078088353075,3.270495459789169,WARRIOR,PALADIN,CLERIC,ROGUE
54,24,1,1.6068878581976032,3.3395733599541177,WARRIOR,PALADIN,CLERIC,ROGUE
55,24,1,1.6775999297200972,3.3785631100838875,WARRIOR,PALADIN,CLERIC,ROGUE
56,24,1,1.7573664519166643,3.419319134973997,WARRIOR,PALADIN,CLERIC,ROGUE
57,24,1,1.8423363301614648,3.4329283776931785,WARRIOR,PALADIN,CLERIC,ROGUE
58,24,1,1.9269221713460238,3.476957740298614,WARRIOR,PALADIN,CLERIC,ROGUE
59,24,1,2.017011228816612,3.5098004339128686,WARRIOR,PALADIN,CLERIC,ROGUE
60,24,1,2.1070373521814734,3.5404669277592227,WARRIOR,PALADIN,CLERIC,ROGUE
61,24,1,2.1990587118367655,3.574819159744158,WARRIOR,PALADIN,CLERIC,ROGUE
62,24,1,2.2891988998420265,3.6206514210978424,WARRIOR,PALADIN,CLERIC,ROGUE
63,24,1,2.383968891865229,3.656482269006034,WARRIOR,PALADIN,CLERIC,ROGUE
64,24,1,2.482127171236903,3.727015742464901,WARRIOR,PALADIN,CLERIC,ROGUE
65,24,1,2.5817610062403684,3.787449161058576,WARRIOR,PALADIN,CLERIC,ROGUE
66,24,1,2.6842394040457407,3.827545023825518,WARRIOR,PALADIN,CLERIC,ROGUE
67,24,1,2.7886840418559933,3.8731050381565657,WARRIOR,PALADIN,CLERIC,ROGUE
68,24,1,2.890843110505359,3.947365508861922,WARRIOR,PALADIN,CLERIC,ROGUE
69,24,1,2.9970819614410393,3.9941872595323114,WARRIOR,PALADIN,CLERIC,ROGUE
70,24,1,3.1064662603131676,4.050283294221635,WARRIOR,PALADIN,CLERIC,ROGUE
71,24,1,3.21697590532537,4.102954271058512,WARRIOR,PALADIN,CLERIC,ROGUE
72,24,1,3.331557020916698,4.168337764346219,WARRIOR,PALADIN,CLERIC,ROGUE
73,24,1,3.4460329456092342,4.232164958590134,WARRIOR,PALADIN,CLERIC,ROGUE
74,24,1,3.5698275333721607,4.297664367794085,WARRIOR,PALADIN,CLERIC,ROGUE
75,24,1,3.695770277139143,4.359935372833634,WARRIOR,PALADIN,CLERIC,ROGUE
76,24,1,3.823956664455075,4.440420839264814,WARRIOR,PALADIN,CLERIC,ROGUE
77,24,1,3.955650924495857,4.500519885986121,WARRIOR,PALADIN,CLERIC,ROGUE
78,24,1,4.083875907026147,4.574260691616527,WARRIOR,PALADIN,CLERIC,ROGUE
79,24,1,4.2170910995174005,4.64331463470713,WARRIOR,PALADIN,CLERIC,ROGUE
80,24,1,4.351826659712721,4.70709608719051,WARRIOR,PALADIN,CLERIC,ROGUE
81,24,1,4.488278907331811,4.779847642385726,WARRIOR,PALADIN,CLERIC,ROGUE
82,24,1,4.628973143727166,4.849417721166427,WARRIOR,PALADIN,CLERIC,ROGUE
83,24,1,4.767744860763612,4.904183893748826,WARRIOR,PALADIN,CLERIC,ROGUE
84,24,1,4.913449412369841,4.969197211501775,WARRIOR,PALADIN,CLERIC,ROGUE
85,24,1,5.061791309217312,5.036686954595648,WARRIOR,PALADIN,CLERIC,ROGUE
86,24,1,5.209983962286113,5.11460475603871,WARRIOR,PALADIN,CLERIC,ROGUE
87,24,1,5.361573313642354,5.173713319518658,WARRIOR,PALADIN,CLERIC,ROGUE
88,24,1,5.510135236345848,5.262317242442416,WARRIOR,PALADIN,CLERIC,ROGUE
89,24,1,5.668576494141342,5.337272844621799,WARRIOR,PALADIN,CLERIC,ROGUE
90,24,1,5.829404439254482,5.431787693634127,WARRIOR,PALADIN,CLERIC,ROGUE
91,24,1,5.9897248931848335,5.530364867068194,WARRIOR,PALADIN,CLERIC,ROGUE
92,24,1,6.1501590788562766,5.611793679277044,WARRIOR,PALADIN,CLERIC,ROGUE
93,24,1,6.3062523150480665,5.706959693594094,WARRIOR,PALADIN,CLERIC,ROGUE
94,24,1,6.467442679590563,5.80483771198641,WARRIOR,PALADIN,CLERIC,ROGUE
95,24,1,6.62921435687569,5.897424562983855,WARRIOR,PALADIN,CLERIC,ROGUE
96,24,1,6.790595069337013,5.989712849214768,WARRIOR,PALADIN,CLERIC,ROGUE
97,24,1,6.945475787487543,6.078129026147638,WARRIOR,PALADIN,CLERIC,ROGUE
98,24,1,7.102472344065736,6.16729336046673,WARRIOR,PALADIN,CLERIC,ROGUE
99,24,1,7.2573385015064495,6.256759901342512,WARRIOR,PALADIN,CLERIC,ROGUE
100,24,1,7.411559460964678,6.349822347799572,WARRIOR,PALADIN,CLERIC,ROGUE
20,24,5,1.2259605206037971,2.0856494921884794,CLERIC,MAGE,CLERIC,MAGE
21,24,5,1.1797268416085638,2.081824249658215,CLERIC,MAGE,CLERIC,MAGE
22,24,5,1.1259415967928899,2.07805318121439,CLERIC,MAGE,CLERIC,MAGE
23,24,5,1.0921470523201027,2.0888621686196096,CLERIC,MAGE,CLERIC,MAGE
24,24,5,1.0730210072710245,2.121762866374133,CLERIC,MAGE,CLERIC,MAGE
25,24,5,1.0562616469268926,2.150323888844996,CLERIC,MAGE,CLERIC,MAGE
26,24,5,1.0310560198036223,2.1758461613372138,CLERIC,MAGE,CLERIC,MAGE
27,24,5,1.0036131314868912,2.19881378641138,CLERIC,MAGE,CLERIC,MAGE
28,24,5,0.9717908215563176,2.221729701189523,CLERIC,MAGE,CLERIC,MAGE
29,24,5,0.9641464126083577,2.2734225101973093,CLERIC,MAGE,CLERIC,MAGE
30,24,5,0.9209901234695339,2.2869920036473257,CLERIC,MAGE,CLERIC,MAGE
31,24,5,0.9000262879478305,2.318287538570818,CLERIC,MAGE,CLERIC,MAGE
32,24,5,0.8970042830243274,2.3715692303672764,CLERIC,MAGE,CLERIC,MAGE
33,24,5,0.9221225786951726,2.4073625072285276,CLERIC,PALADIN,CLERIC,MAGE
34,24,5,0.9363329399210585,2.4360996021959735,CLERIC,PALADIN,CLERIC,MAGE
35,24,5,0.9438373932766142,2.4570639412627493,CLERIC,PALADIN,CLERIC,MAGE
36,24,5,0.9628138270662667,2.480315422512658,CLERIC,PALADIN,CLERIC,MAGE
37,24,5,0.9775224445166764,2.5614198322791326,CLERIC,PALADIN,CLERIC,ROGUE
38,24,5,0.9696509953015742,2.6802206264143313,CLERIC,PALADIN,CLERIC,ROGUE
39,24,5,0.9765134971647882,2.693436569471652,CLERIC,PALADIN,CLERIC,ROGUE
40,24,5,0.9816253539084219,2.693948335141294,CLERIC,PALADIN,CLERIC,ROGUE
41,24,5,0.9738426860104399,2.72236122379943,CLERIC,PALADIN,CLERIC,ROGUE
42,24,5,0.9778991338862841,2.7591147960098317,CLERIC,PALADIN,CLERIC,ROGUE
43,24,5,1.002470180197701,2.832816724169418,WARRIOR,PALADIN,CLERIC,ROGUE
44,24,5,1.047907902743872,2.8681329037186343,WARRIOR,PALADIN,CLERIC,ROGUE
45,24,5,1.0903658497865898,2.9285688790931186,WARRIOR,PALADIN,CLERIC,ROGUE
46,24,5,1.1338710498722815,2.9599490532291606,WARRIOR,PALADIN,CLERIC,ROGUE
47,24,5,1.1775191348116554,3.0040398910314625,WARRIOR,PALADIN,CLERIC,ROGUE
48,24,5,1.2267928981519294,3.028610750214611,WARRIOR,PALADIN,CLERIC,ROGUE
49,24,5,1.282556264902035,3.0989276165668267,WARRIOR,PALADIN,CLERIC,ROGUE
50,24,5,1.3401335710373719,3.1423961031249448,WARRIOR,PALADIN,CLERIC,ROGUE
51,24,5,1.3958946732121502,3.1766223801038773,WARRIOR,PALADIN,CLERIC,ROGUE
52,24,5,1.4652283012445366,3.2379137117601653,WARRIOR,PALADIN,CLERIC,ROGUE
53,24,5,1.536107808835241,3.270495459789169,WARRIOR,PALADIN,CLERIC,ROGUE
54,24,5,1.606887858197581,3.3395733599540955,WARRIOR,PALADIN,CLERIC,ROGUE
55,24,5,1.6775999297200972,3.3785631100839097,WARRIOR,PALADIN,CLERIC,ROGUE
56,24,5,1.7573664519166643,3.4193191349740415,WARRIOR,PALADIN,CLERIC,ROGUE
57,24,5,1.8423363301614426,3.4329283776931785,WARRIOR,PALADIN,CLERIC,ROGUE
58,24,5,1.9269221713459794,3.476957740298592,WARRIOR,PALADIN,CLERIC,ROGUE
59,24,5,2.017011228816612,3.5098004339128686,WARRIOR,PALADIN,CLERIC,ROGUE
60,24,5,2.107037352181451,3.5404669277592227,WARRIOR,PALADIN,CLERIC,ROGUE
61,24,5,2.1990587118367655,3.574819159744136,WARRIOR,PALADIN,CLERIC,ROGUE
62,24,5,2.2891988998420487,3.6206514210978202,WARRIOR,PALADIN,CLERIC,ROGUE
63,24,5,2.3839688918652513,3.6564822690060783,WARRIOR,PALADIN,CLERIC,ROGUE
64,24,5,2.4821271712369475,3.7270157424648787,WARRIOR,PALADIN,CLERIC,ROGUE
65,24,5,2.581761006240302,3.7874491610585315,WARRIOR,PALADIN,CLERIC,ROGUE
66,24,5,2.684239404045763,3.827545023825474,WARRIOR,PALADIN,CLERIC,ROGUE
67,24,5,2.7886840418560155,3.8731050381565657,WARRIOR,PALADIN,CLERIC,ROGUE
68,24,5,2.8908431105053145,3.947365508861922,WARRIOR,PALADIN,CLERIC,ROGUE
69,24,5,2.9970819614410393,3.9941872595323114,WARRIOR,PALADIN,CLERIC,ROGUE
70,24,5,3.106466260313212,4.050283294221613,WARRIOR,PALADIN,CLERIC,ROGUE
71,24,5,3.2169759053253033,4.10295427105849,WARRIOR,PALADIN,CLERIC,ROGUE
72,24,5,3.331557020916698,4.168337764346219,WARRIOR,PALADIN,CLERIC,ROGUE
73,24,5,3.44603294560919,4.232164958590134,WARRIOR,PALADIN,CLERIC,ROGUE
74,24,5,3.5698275333721385,4.297664367794085,WARRIOR,PALADIN,CLERIC,ROGUE
75,24,5,3.695770277139099,4.359935372833634,WARRIOR,PALADIN,CLERIC,ROGUE
76,24,5,3.8239566644551193,4.440420839264814,WARRIOR,PALADIN,CLERIC,ROGUE
77,24,5,3.955650924495835,4.500519885986143,WARRIOR,PALADIN,CLERIC,ROGUE
78,24,5,4.083875907026191,4.574260691616505,WARRIOR,PALADIN,CLERIC,ROGUE
79,24,5,4.217091099517356,4.643314634707085,WARRIOR,PALADIN,CLERIC,ROGUE
80,24,5,4.351826659712721,4.707096087190532,WARRIOR,PALADIN,CLERIC,ROGUE
81,24,5,4.488278907331855,4.779847642385704,WARRIOR,PALADIN,CLERIC,ROGUE
82,24,5,4.6289731437271,4.849417721166405,WARRIOR,PALADIN,CLERIC,ROGUE
83,24,5,4.7677448607635675,4.904183893748848,WARRIOR,PALADIN,CLERIC,ROGUE
84,24,5,4.913449412369841,4.96919721150173,WARRIOR,PALADIN,CLERIC,ROGUE
85,24,5,5.0617913092172895,5.036686954595626,WARRIOR,PALADIN,CLERIC,ROGUE
86,24,5,5.2099839622861355,5.114604756038688,WARRIOR,PALADIN,CLERIC,ROGUE
87,24,5,5.361573313642332,5.173713319518658,WARRIOR,PALADIN,CLERIC,ROGUE
88,24,5,5.510135236345848,5.262317242442371,WARRIOR,PALADIN,CLERIC,ROGUE
89,24,5,5.6685764941412975,5.337272844621799,WARRIOR,PALADIN,CLERIC,ROGUE
90,24,5,5.829404439254482,5.431787693634127,WARRIOR,PALADIN,CLERIC,ROGUE
91,24,5,5.989724893184767,5.530364867068194,WARRIOR,PALADIN,CLERIC,ROGUE
92,24,5,6.150159078856299,5.611793679277066,WARRIOR,PALADIN,CLERIC,ROGUE
93,24,5,6.306252315048022,5.706959693594071,WARRIOR,PALADIN,CLERIC,ROGUE
94,24,5,6.467442679590563,5.804837711986366,WARRIOR,PALADIN,CLERIC,ROGUE
95,24,5,6.629214356875668,5.897424562983855,WARRIOR,PALADIN,CLERIC,ROGUE
96,24,5,6.790595069337058,5.989712849214768,WARRIOR,PALADIN,CLERIC,ROGUE
97,24,5,6.945475787487498,6.078129026147705,WARRIOR,PALADIN,CLERIC,ROGUE
98,24,5,7.102472344065736,6.167293360466775,WARRIOR,PALADIN,CLERIC,ROGUE
99,24,5,7.257338501506427,6.256759901342535,WARRIOR,PALADIN,CLERIC,ROGUE
100,24,5,7.411559460964701,6.34982234779955,WARRIOR,PALADIN,CLERIC,ROGUE
20,24,12,1.2259605206037971,2.0856494921884794,CLERIC,MAGE,CLERIC,MAGE
21,24,12,1.179726841608586,2.0818242496582373,CLERIC,MAGE,CLERIC,MAGE
22,24,12,1.1259415967928676,2.0780531812143677,CLERIC,MAGE,CLERIC,MAGE
23,24,12,1.0921470523201027,2.088862168619632,CLERIC,MAGE,CLERIC,MAGE
24,24,12,1.0730210072710245,2.121762866374133,CLERIC,MAGE,CLERIC,MAGE
25,24,12,1.0562616469268704,2.150323888844996,CLERIC,MAGE,CLERIC,MAGE
26,24,12,1.0310560198036223,2.1758461613371916,CLERIC,MAGE,CLERIC,MAGE
27,24,12,1.003613131486869,2.1988137864113577,CLERIC,MAGE,CLERIC,MAGE
28,24,12,0.971790821556362,2.2217297011895454,CLERIC,MAGE,CLERIC,MAGE
29,24,12,0.9641464126083577,2.2734225101973093,CLERIC,MAGE,CLERIC,MAGE
30,24,12,0.9209901234695561,2.286992003647348,CLERIC,MAGE,CLERIC,MAGE
31,24,12,0.9000262879478083,2.3182875385707735,CLERIC,MAGE,CLERIC,MAGE
32,24,12,0.8970042830243274,2.3715692303672764,CLERIC,MAGE,CLERIC,MAGE
33,24,12,0.9221225786951948,2.40736250722855,CLERIC,PALADIN,CLERIC,MAGE
34,24,12,0.9363329399210363,2.4360996021959735,CLERIC,PALADIN,CLERIC,MAGE
35,24,12,0.943837393276592,2.4570639412627715,CLERIC,PALADIN,CLERIC,MAGE
36,24,12,0.9628138270662667,2.480315422512702,CLERIC,PALADIN,CLERIC,MAGE
37,24,12,0.977522444516632,2.5614198322791104,CLERIC,PALADIN,CLERIC,ROGUE
38,24,12,0.969650995301552,2.680220626414309,CLERIC,PALADIN,CLERIC,ROGUE
39,24,12,0.9765134971647438,2.6934365694716966,CLERIC,PALADIN,CLERIC,ROGUE
40,24,12,0.9816253539083997,2.6939483351413163,CLERIC,PALADIN,CLERIC,ROGUE
41,24,12,0.9738426860104621,2.7223612237993855,CLERIC,PALADIN,CLERIC,ROGUE
42,24,12,0.9778991338862841,2.7591147960098317,CLERIC,PALADIN,CLERIC,ROGUE
43,24,12,1.0024701801977454,2.832816724169418,WARRIOR,PALADIN,CLERIC,ROGUE
44,24,12,1.0479079027438942,2.86813290371859,WARRIOR,PALADIN,CLERIC,ROGUE
45,24,12,1.0903658497865898,2.9285688790930964,WARRIOR,PALADIN,CLERIC,ROGUE
46,24,12,1.1338710498722593,2.9599490532291384,WARRIOR,PALADIN,CLERIC,ROGUE
47,24,12,1.177519134811611,3.0040398910314625,WARRIOR,PALADIN,CLERIC,ROGUE
48,24,12,1.2267928981519072,3.0286107502145887,WARRIOR,PALADIN,CLERIC,ROGUE
49,24,12,1.2825562649020128,3.098927616566849,WARRIOR,PALADIN,CLERIC,ROGUE
50,24,12,1.3401335710373719,3.142396103124989,WARRIOR,PALADIN,CLERIC,ROGUE
51,24,12,1.3958946732121724,3.176622380103833,WARRIOR,PALADIN,CLERIC,ROGUE
52,24,12,1.4652283012445366,3.2379137117601875,WARRIOR,PALADIN,CLERIC,ROGUE
53,24,12,1.5361078088353075,3.270495459789169,WARRIOR,PALADIN,CLERIC,ROGUE
54,24,12,1.6068878581976254,3.33957335995414,WARRIOR,PALADIN,CLERIC,ROGUE
55,24,12,1.6775999297201194,3.3785631100839097,WARRIOR,PALADIN,CLERIC,ROGUE
56,24,12,1.7573664519166643,3.419319134973997,WARRIOR,PALADIN,CLERIC,ROGUE
57,24,12,1.8423363301614204,3.4329283776932007,WARRIOR,PALADIN,CLERIC,ROGUE
58,24,12,1.9269221713459794,3.476957740298614,WARRIOR,PALADIN,CLERIC,ROGUE
59,24,12,2.017011228816612,3.5098004339128686,WARRIOR,PALADIN,CLERIC,ROGUE
60,24,12,2.1070373521814956,3.5404669277592227,WARRIOR,PALADIN,CLERIC,ROGUE
61,24,12,2.1990587118367655,3.574819159744158,WARRIOR,PALADIN,CLERIC,ROGUE
62,24,12,2.2891988998420487,3.6206514210978202,WARRIOR,PALADIN,CLERIC,ROGUE
63,24,12,2.383968891865207,3.656482269006034,WARRIOR,PALADIN,CLERIC,ROGUE
64,24,12,2.4821271712369697,3.7270157424648787,WARRIOR,PALADIN,CLERIC,ROGUE
65,24,12,2.581761006240346,3.7874491610585315,WARRIOR,PALADIN,CLERIC,ROGUE
66,24,12,2.684239404045763,3.827545023825474,WARRIOR,PALADIN,CLERIC,ROGUE
67,24,12,2.788684041855971,3.8731050381565657,WARRIOR,PALADIN,CLERIC,ROGUE
68,24,12,2.8908431105053145,3.947365508861922,WARRIOR,PALADIN,CLERIC,ROGUE
69,24,12,2.997081961441017,3.9941872595323114,WARRIOR,PALADIN,CLERIC,ROGUE
70,24,12,3.10646626031319,4.050283294221635,WARRIOR,PALADIN,CLERIC,ROGUE
71,24,12,3.21697590532537,4.10295427105849,WARRIOR,PALADIN,CLERIC,ROGUE
72,24,12,3.3315570209166756,4.168337764346264,WARRIOR,PALADIN,CLERIC,ROGUE
73,24,12,3.44603294560919,4.232164958590157,WARRIOR,PALADIN,CLERIC,ROGUE
74,24,12,3.569827533372183,4.2976643677941295,WARRIOR,PALADIN,CLERIC,ROGUE
75,24,12,3.695770277139121,4.359935372833612,WARRIOR,PALADIN,CLERIC,ROGUE
76,24,12,3.8239566644551193,4.4404208392647915,WARRIOR,PALADIN,CLERIC,ROGUE
77,24,12,3.9556509244958127,4.500519885986143,WARRIOR,PALADIN,CLERIC,ROGUE
78,24,12,4.083875907026169,4.57426069161655,WARRIOR,PALADIN,CLERIC,ROGUE
79,24,12,4.217091099517423,4.643314634707085,WARRIOR,PALADIN,CLERIC,ROGUE
80,24,12,4.351826659712765,4.707096087190532,WARRIOR,PALADIN,CLERIC,ROGUE
81,24,12,4.488278907331833,4.7798476423857705,WARRIOR,PALADIN,CLERIC,ROGUE
82,24,12,4.628973143727166,4.849417721166449,WARRIOR,PALADIN,CLERIC,ROGUE
83,24,12,4.7677448607635675,4.904183893748848,WARRIOR,PALADIN,CLERIC,ROGUE
84,24,12,4.913449412369819,4.96919721150173,WARRIOR,PALADIN,CLERIC,ROGUE
85,24,12,5.061791309217267,5.036686954595693,WARRIOR,PALADIN,CLERIC,ROGUE
86,24,12,5.2099839622861355,5.11460475603871,WARRIOR,PALADIN,CLERIC,ROGUE
87,24,12,5.361573313642376,5.17371331951868,WARRIOR,PALADIN,CLERIC,ROGUE
88,24,12,5.51013523634587,5.262317242442394,WARRIOR,PALADIN,CLERIC,ROGUE
89,24,12,5.668576494141342,5.3372728446217765,WARRIOR,PALADIN,CLERIC,ROGUE
90,24,12,5.82940443925446,5.431787693634105,WARRIOR,PALADIN,CLERIC,ROGUE
91,24,12,5.9897248931848335,5.530364867068216,WARRIOR,PALADIN,CLERIC,ROGUE
92,24,12,6.1501590788562766,5.611793679277088,WARRIOR,PALADIN,CLERIC,ROGUE
93,24,12,6.306252315048044,5.706959693594116,WARRIOR,PALADIN,CLERIC,ROGUE
94,24,12,6.467442679590563,5.804837711986366,WARRIOR,PALADIN,CLERIC,ROGUE
95,24,12,6.629214356875712,5.897424562983855,WARRIOR,PALADIN,CLERIC,ROGUE
96,24,12,6.790595069337035,5.98971284921479,WARRIOR,PALADIN,CLERIC,ROGUE
97,24,12,6.945475787487543,6.078129026147661,WARRIOR,PALADIN,CLERIC,ROGUE
98,24,12,7.102472344065691,6.167293360466752,WARRIOR,PALADIN,CLERIC,ROGUE
99,24,12,7.257338501506427,6.256759901342535,WARRIOR,PALADIN,CLERIC,ROGUE
100,24,12,7.411559460964678,6.349822347799594,WARRIOR,PALADIN,CLERIC,ROGUE
