level,gap_h,session_min,hero_class,calendar_days,sale_gold_per_day
20,4,1,WARRIOR,41.76105512374226,154107.77561606994
20,4,1,ROGUE,41.72773125185301,154444.21177855946
20,4,1,RANGER,41.85483957087725,153788.39409000485
20,4,1,MAGE,41.97870742412624,153377.15582685106
20,4,1,CLERIC,41.46806687890375,156567.7396768884
20,4,1,PALADIN,41.85994890223418,155019.99035296618
21,4,1,WARRIOR,46.17153345973458,162406.33298522257
21,4,1,ROGUE,46.126573269110196,162907.07351400342
21,4,1,RANGER,46.27820539597478,161980.43033129384
21,4,1,MAGE,46.411133296187316,161619.53969385626
21,4,1,CLERIC,45.868707045967234,164988.79873408948
21,4,1,PALADIN,46.28189762079303,163454.6864193676
22,4,1,WARRIOR,50.75471692543504,170876.30151186508
22,4,1,ROGUE,50.714924295300946,171325.33585000475
22,4,1,RANGER,50.88091476620275,170414.72062447172
22,4,1,MAGE,51.016393892106564,169978.85436276824
22,4,1,CLERIC,50.44803175564508,173512.28472893807
22,4,1,PALADIN,50.897123713086486,171990.21376623004
23,4,1,WARRIOR,55.537830772941064,179301.2278551524
23,4,1,ROGUE,55.52792869471952,179672.16200068264
23,4,1,RANGER,55.6861749005824,178782.50670429648
23,4,1,MAGE,55.83868637417894,178308.01361050823
23,4,1,CLERIC,55.23500736278723,182042.72602802826
23,4,1,PALADIN,55.705527120010515,180528.45282901078
24,4,1,WARRIOR,60.52682421765772,187835.34960658412
24,4,1,ROGUE,60.532473208796205,188122.22632504694
24,4,1,RANGER,60.6811456923779,187344.09791191458
24,4,1,MAGE,60.858282356317225,186854.50438644525
24,4,1,CLERIC,60.2106653492078,190824.454577318
24,4,1,PALADIN,60.72089984760762,189180.33212336514
25,4,1,WARRIOR,65.70742586116455,196549.55594042057
25,4,1,ROGUE,65.75528095644287,196661.46010486988
25,4,1,RANGER,65.88867534697758,195833.298469733
25,4,1,MAGE,66.08169079709951,195315.4974821938
25,4,1,CLERIC,65.38910157234105,199521.17782298062
25,4,1,PALADIN,65.94395174553955,197978.82659319206
26,4,1,WARRIOR,71.07203120228608,205166.0926363249
26,4,1,ROGUE,71.15051240368068,205269.88677378054
26,4,1,RANGER,71.2627212748198,204524.43597814118
26,4,1,MAGE,71.47928792498944,203901.36846767075
26,4,1,CLERIC,70.74757761231507,208344.54510615248
26,4,1,PALADIN,71.34120851304243,206733.66936030655
27,4,1,WARRIOR,76.60937547414491,213981.56914270253
27,4,1,ROGUE,76.73065467044233,213821.88703415397
27,4,1,RANGER,76.81550117123368,213340.8068700726
27,4,1,MAGE,77.03121753033217,212734.57324035282
27,4,1,CLERIC,76.26447462924729,217436.0246774792
27,4,1,PALADIN,76.9202578788317,215667.73688710315
28,4,1,WARRIOR,82.35708497117908,222834.62854376523
28,4,1,ROGUE,82.5123580775686,222526.8234394526
28,4,1,RANGER,82.56352958161848,222138.1700605401
28,4,1,MAGE,82.8167741108977,221468.9854127812
28,4,1,CLERIC,82.01753162744947,226397.57478126185
28,4,1,PALADIN,82.71974183226848,224640.70956216627
29,4,1,WARRIOR,88.2779356696893,231674.42373737125
29,4,1,ROGUE,88.49707486671313,231384.98256400655
29,4,1,RANGER,88.51840742333546,230994.794983282
29,4,1,MAGE,88.81919701050636,230220.91930285314
29,4,1,CLERIC,87.96971897954182,235458.31583043988
29,4,1,PALADIN,88.71025816930243,233562.06193152288
30,4,1,WARRIOR,94.4116342332864,240502.5880485663
30,4,1,ROGUE,94.67096221303517,240066.01159664456
30,4,1,RANGER,94.66291755268968,239984.6690215869
30,4,1,MAGE,95.00372990814698,239089.35624907652
30,4,1,CLERIC,94.13461040117207,244544.92111769953
30,4,1,PALADIN,94.90536531219053,242502.9816469582
31,4,1,WARRIOR,100.72255650110796,249422.23343709164
31,4,1,ROGUE,101.02702838238693,248957.70495992247
31,4,1,RANGER,100.98948438898779,248894.43343609027
31,4,1,MAGE,101.37017651594361,247931.87566411184
31,4,1,CLERIC,100.46346229268602,253685.94754130283
31,4,1,PALADIN,101.29353994220902,251515.93837608353
32,4,1,WARRIOR,107.2455052642161,258316.44873366613
32,4,1,ROGUE,107.57374550654221,257848.45137527635
32,4,1,RANGER,107.51219433669351,257876.52608665623
32,4,1,MAGE,107.91606542111859,256915.48929075678
32,4,1,CLERIC,106.95325642945663,263010.7599253293
32,4,1,PALADIN,107.90560261816485,260498.95063806517
33,4,1,WARRIOR,113.9419012119857,267373.73379280895
33,4,1,ROGUE,114.3157736464463,266927.79156071064
33,4,1,RANGER,114.228841936437,266909.83737684734
33,4,1,MAGE,114.64137275871519,265966.7335079259
33,4,1,CLERIC,113.63977781330806,272373.098866401
33,4,1,PALADIN,114.67996466107975,269696.8883484202
34,4,1,WARRIOR,120.80600924484047,276488.93323927553
34,4,1,ROGUE,121.21458858017773,276079.2694549682
34,4,1,RANGER,121.08999641621996,276119.05960071
34,4,1,MAGE,121.52718554564672,275116.92784938077
34,4,1,CLERIC,120.50201029246148,281802.3619903408
34,4,1,PALADIN,121.62231894304055,278969.32370110403
35,4,1,WARRIOR,127.86177737425677,285720.04179221863
35,4,1,ROGUE,128.31087472021107,285131.4786628696
35,4,1,RANGER,128.12672329143683,285386.598112931
35,4,1,MAGE,128.6127792613255,284321.8542124764
35,4,1,CLERIC,127.5654963027798,291312.7987351405
35,4,1,PALADIN,128.75920374474606,288373.24086446204
36,4,1,WARRIOR,135.0616522860277,295036.3177707277
36,4,1,ROGUE,135.55606397827376,294306.19574786536
36,4,1,RANGER,135.2908217189058,294688.37801381084
36,4,1,MAGE,135.8261833954252,293535.72018164257
36,4,1,CLERIC,134.76214805874213,300827.5479909147
36,4,1,PALADIN,136.04887353421773,297863.751623109
37,4,1,WARRIOR,142.39907030639787,304478.22118296503
37,4,1,ROGUE,142.9365933271487,303561.819282975
37,4,1,RANGER,142.64371369308955,304068.33266288723
37,4,1,MAGE,143.20372740512136,302945.4542567201
37,4,1,CLERIC,142.1188576902279,310561.15567508416
37,4,1,PALADIN,143.49710437761394,307456.14870666846
38,4,1,WARRIOR,149.92903046031194,313945.4946149331
38,4,1,ROGUE,150.54160905375852,312855.71715711727
38,4,1,RANGER,150.19889220653505,313589.6909461405
38,4,1,MAGE,150.76746539520713,312514.6459084656
38,4,1,CLERIC,149.69437120706243,320410.7888342372
38,4,1,PALADIN,151.13511921171468,317107.46689764207
39,4,1,WARRIOR,157.606093309449,323398.8257035504
39,4,1,ROGUE,158.24168251036014,322447.4467822939
39,4,1,RANGER,157.85221923475984,323233.6904881756
39,4,1,MAGE,158.48314537919592,322027.63898260874
39,4,1,CLERIC,157.40696428644182,330236.6519209812
39,4,1,PALADIN,158.9328392841484,326737.3677862641
40,4,1,WARRIOR,165.51472285751223,332931.7242064242
40,4,1,ROGUE,166.156960560072,332027.94740912714
40,4,1,RANGER,165.73435083077453,332746.2670596824
40,4,1,MAGE,166.42604906366844,331476.56683176686
40,4,1,CLERIC,165.3423772610968,340028.1460282849
40,4,1,PALADIN,166.9542455576033,336479.34086598404
41,4,1,WARRIOR,173.50606039102902,342649.55891750456
41,4,1,ROGUE,174.22479502015855,341676.4566611331
41,4,1,RANGER,173.7153365265868,342516.4366727838
41,4,1,MAGE,174.47907719354816,341108.2933684886
41,4,1,CLERIC,173.41831105575648,349970.91789509385
41,4,1,PALADIN,175.0944312060864,346345.99360057776
42,4,1,WARRIOR,181.66761639024077,352314.7542570957
42,4,1,ROGUE,182.4504157353469,351291.62109156506
42,4,1,RANGER,181.8707590137228,352210.99297312927
42,4,1,MAGE,182.68740138534915,350747.96935416234
42,4,1,CLERIC,181.6568516611927,359907.22288823547
42,4,1,PALADIN,183.4229374802922,356146.3963279885
43,4,1,WARRIOR,190.02180781807635,362094.1431805211
43,4,1,ROGUE,190.83590854534788,360984.35771394736
43,4,1,RANGER,190.1965118053479,362127.3099792116
43,4,1,MAGE,191.08073320454477,360556.4227726197
43,4,1,CLERIC,190.07052351505465,370078.8808498683
43,4,1,PALADIN,191.92747696002183,366119.71185937483
44,4,1,WARRIOR,198.50133671940569,372083.02489622217
44,4,1,ROGUE,199.36511641849395,370804.6097308243
44,4,1,RANGER,198.6780212659014,372070.1157782623
44,4,1,MAGE,199.63364931873826,370364.91500714154
44,4,1,CLERIC,198.64511091794003,380237.59413692437
44,4,1,PALADIN,200.58033166993962,376277.9056981241
45,4,1,WARRIOR,207.12277273587455,382000.59235348343
45,4,1,ROGUE,208.09021598905218,380477.4280769904
45,4,1,RANGER,207.29809203071062,381954.4995535701
45,4,1,MAGE,208.32960088523635,380113.25821443484
45,4,1,CLERIC,207.36506079392134,390348.8469325243
45,4,1,PALADIN,209.38039692129578,386366.8089372698
46,4,1,WARRIOR,215.83793432560682,391948.1259831695
46,4,1,ROGUE,216.89758535678052,390410.2320259086
46,4,1,RANGER,216.02802823186582,391973.13656732923
46,4,1,MAGE,217.137644885558,389991.79147232365
46,4,1,CLERIC,216.19780010464535,400614.11683226004
46,4,1,PALADIN,218.28482030508144,396499.14388932526
47,4,1,WARRIOR,224.70372431335352,402096.5847410772
47,4,1,ROGUE,225.8355998325138,400383.11554758705
47,4,1,RANGER,224.89138293430867,402077.91788275423
47,4,1,MAGE,226.10245837033,399966.5078359316
47,4,1,CLERIC,225.1944024977509,410993.48817484203
47,4,1,PALADIN,227.34899398144015,406838.3625442867
48,4,1,WARRIOR,233.69448658243405,412338.03120130225
48,4,1,ROGUE,234.94414729508742,410450.49184128526
48,4,1,RANGER,233.90222026303823,412169.65930927725
48,4,1,MAGE,235.2077359773633,409941.23731448915
48,4,1,CLERIC,234.3231395398771,421381.11474559066
48,4,1,PALADIN,236.56006089829356,417261.92679219093
49,4,1,WARRIOR,242.81162197071154,422625.6566906754
49,4,1,ROGUE,244.1858716370049,420552.4305073574
49,4,1,RANGER,243.03954184229207,422490.24159463757
49,4,1,MAGE,244.46617194518302,420079.133016111
49,4,1,CLERIC,243.58989711869125,432004.81088189303
49,4,1,PALADIN,245.9229694608623,427698.63279989036
50,4,1,WARRIOR,252.07603051397956,433092.0038882696
50,4,1,ROGUE,253.56354676966816,430810.56437000143
50,4,1,RANGER,252.33704789694,432865.47882224224
50,4,1,MAGE,253.88548426195183,430294.7072479477
50,4,1,CLERIC,253.030915873934,442680.8621907965
50,4,1,PALADIN,255.4513587972649,438324.9729603664
51,4,1,WARRIOR,261.4094529997903,443672.1962196717
51,4,1,ROGUE,263.018947922599,441274.03811285505
51,4,1,RANGER,261.71578848637836,443443.48232181807
51,4,1,MAGE,263.3770721692657,440693.9764878456
51,4,1,CLERIC,262.5714086264167,453526.98956431355
51,4,1,PALADIN,265.0563482901524,449073.9092568352
52,4,1,WARRIOR,270.8729350565239,454310.32856538665
52,4,1,ROGUE,272.6404731804711,451678.46826243255
52,4,1,RANGER,271.23513878175936,454039.2329995628
52,4,1,MAGE,273.0033338506309,451173.40514746745
52,4,1,CLERIC,272.2623446765248,464449.48377910245
52,4,1,PALADIN,274.8390064803,459836.7260746112
53,4,1,WARRIOR,280.46513340875583,465093.71874360665
53,4,1,ROGUE,282.3804722856207,462223.1087494588
53,4,1,RANGER,280.88752769701625,464692.64609283156
53,4,1,MAGE,282.7683205832182,461669.6591691949
53,4,1,CLERIC,282.1019861872826,475389.99525500584
53,4,1,PALADIN,284.7700387018249,470723.17802842293
54,4,1,WARRIOR,290.1856840839651,475916.03523087536
54,4,1,ROGUE,292.25639392605797,472713.530383713
54,4,1,RANGER,290.6807391899905,475442.25306297466
54,4,1,MAGE,292.67453439554765,472284.2466819784
54,4,1,CLERIC,292.09923997709916,486447.25572938856
54,4,1,PALADIN,294.84501814865666,481657.87492939207
55,4,1,WARRIOR,300.0630994464412,486748.5937355975
55,4,1,ROGUE,302.27728668064947,483338.9021033345
55,4,1,RANGER,300.635095192633,486176.4584781639
55,4,1,MAGE,302.7326501049893,482911.753817434
55,4,1,CLERIC,302.2655767306169,497508.6679205963
55,4,1,PALADIN,305.0949453181371,492610.7525914015
56,4,1,WARRIOR,310.03149946285293,497850.49891678407
56,4,1,ROGUE,312.3960377546712,494131.8601845545
56,4,1,RANGER,310.68600406934394,497105.6057469803
56,4,1,MAGE,312.8981009892221,493708.95132988086
56,4,1,CLERIC,312.54501214617954,508755.00430520525
56,4,1,PALADIN,315.4765514492149,503795.5076055321
57,4,1,WARRIOR,320.499552321804,508295.1054684426
57,4,1,ROGUE,323.0667960751441,504409.9977303039
57,4,1,RANGER,321.2630293772994,507385.8210621043
57,4,1,MAGE,323.5923293034685,503863.2902731553
57,4,1,CLERIC,323.37043728927017,519351.2097776186
57,4,1,PALADIN,326.39980132357863,514293.63335790014
58,4,1,WARRIOR,331.1607582920523,518805.71825174283
58,4,1,ROGUE,333.9224154810332,514653.54310651636
58,4,1,RANGER,332.0270179921457,517762.5550688368
58,4,1,MAGE,334.46434954829004,514141.7117242628
58,4,1,CLERIC,334.4048912074606,530056.7275570564
58,4,1,PALADIN,337.53759795185874,524864.1325810691
59,4,1,WARRIOR,341.9612002644592,529412.3031647803
59,4,1,ROGUE,344.94300778071187,524904.6492199238
59,4,1,RANGER,342.947294063846,528140.120610721
59,4,1,MAGE,345.4964159050636,524370.7951004675
59,4,1,CLERIC,345.6008183329452,540722.9763702957
59,4,1,PALADIN,348.8525802421346,535510.9427464583
60,4,1,WARRIOR,352.89376754662186,540080.2421718044
60,4,1,ROGUE,356.1094684793994,535311.5721732845
60,4,1,RANGER,354.0152657372356,538593.6542254176
60,4,1,MAGE,356.67300460020994,534730.4706695701
60,4,1,CLERIC,356.94989512196827,551540.2737623149
60,4,1,PALADIN,360.3250875956624,546213.3144496854
61,4,1,WARRIOR,363.91848926276884,550780.6585852581
61,4,1,ROGUE,367.36777587146133,545768.7737768606
61,4,1,RANGER,365.17093212775023,549134.0377753506
61,4,1,MAGE,367.9441640090966,545166.9974579101
61,4,1,CLERIC,368.41317707144,562438.0180213245
61,4,1,PALADIN,371.9147579951224,556945.355715668
62,4,1,WARRIOR,374.60073535332594,561107.9990653142
62,4,1,ROGUE,378.3056232881848,555768.364900397
62,4,1,RANGER,375.9926245244642,559302.5157833039
62,4,1,MAGE,378.885235417763,555212.8621957322
62,4,1,CLERIC,379.5422058472466,572931.4794242337
62,4,1,PALADIN,383.17054135771184,567293.5720861495
63,4,1,WARRIOR,385.74460099993405,571936.7391743163
63,4,1,ROGUE,389.7344176083965,566193.9917421498
63,4,1,RANGER,387.2929909791274,569796.2595891468
63,4,1,MAGE,390.3091281282381,565576.0475257745
63,4,1,CLERIC,391.14816749419737,583810.2710551178
63,4,1,PALADIN,394.9335495868869,578129.2278190413
64,4,1,WARRIOR,397.0288646462499,582764.6547969581
64,4,1,ROGUE,401.3113031437042,576607.9071591438
64,4,1,RANGER,398.746383405998,580458.6938142456
64,4,1,MAGE,401.88861739877785,576123.2838556728
64,4,1,CLERIC,402.92679150212473,594880.297873506
64,4,1,PALADIN,406.8754350290357,588953.2566223845
65,4,1,WARRIOR,408.45193807568177,593605.8394159826
65,4,1,ROGUE,413.0562159078806,587057.8411270765
65,4,1,RANGER,410.3580465200329,591156.9082651276
65,4,1,MAGE,413.6418712906288,586637.7276564591
65,4,1,CLERIC,414.88180596344324,605940.0412635863
65,4,1,PALADIN,418.98902600985247,599768.4077627627
66,4,1,WARRIOR,419.9420366764955,604624.8843875539
66,4,1,ROGUE,424.8867369559657,597695.1794716037
66,4,1,RANGER,422.04850222280095,601911.1810599286
66,4,1,MAGE,425.47023423910224,597232.5714322482
66,4,1,CLERIC,426.92702325169506,617083.6163776475
66,4,1,PALADIN,431.20543321355257,610744.2277566897
67,4,1,WARRIOR,431.47042485384833,615542.3434351556
67,4,1,ROGUE,436.7761186808552,608207.1697047296
67,4,1,RANGER,433.7938005352478,612559.8502609505
67,4,1,MAGE,437.36098867632086,607712.339192428
67,4,1,CLERIC,439.0319678345379,628130.701359159
67,4,1,PALADIN,443.4923506407994,621597.6047313571
68,4,1,WARRIOR,442.6807925492194,626232.3995154527
68,4,1,ROGUE,448.3504244532509,618256.0582228308
68,4,1,RANGER,445.22839160622135,622914.0038935123
68,4,1,MAGE,448.9408852563794,617911.716604025
68,4,1,CLERIC,450.8318809269148,638896.1536954701
68,4,1,PALADIN,455.4674931162132,632211.6736693846
69,4,1,WARRIOR,454.3030024191934,637171.7368882846
69,4,1,ROGUE,460.3727101318021,628738.5556142782
69,4,1,RANGER,457.0978816474192,633554.2563799914
69,4,1,MAGE,460.9548958658546,628384.9974484162
69,4,1,CLERIC,463.0869061577373,649939.5867931974
69,4,1,PALADIN,467.90716259878303,643057.692692355
70,4,1,WARRIOR,466.0521587686652,648226.407583185
70,4,1,ROGUE,472.55280150893077,639212.9265194745
70,4,1,RANGER,469.1268558363592,644218.312680484
70,4,1,MAGE,473.120234688473,638904.2934277287
70,4,1,CLERIC,475.4997424277999,661042.4926733316
70,4,1,PALADIN,480.5170408878498,654004.8428497809
71,4,1,WARRIOR,477.8456892509518,659389.6928188568
71,4,1,ROGUE,484.8121469870638,649885.923384067
71,4,1,RANGER,481.2041686177131,655068.4955992643
71,4,1,MAGE,485.36016362240355,649587.9748286926
71,4,1,CLERIC,487.9872668209583,672337.7555010599
71,4,1,PALADIN,493.2049033724003,665054.8818699261
72,4,1,WARRIOR,489.7632769350744,670656.4777692445
72,4,1,ROGUE,497.2230565979183,660516.0395660844
72,4,1,RANGER,493.43138516726845,665939.3548732401
72,4,1,MAGE,497.7377455811913,660320.2651252169
72,4,1,CLERIC,500.6325387114222,683676.7262590855
72,4,1,PALADIN,506.0657315631718,676170.7960456617
73,4,1,WARRIOR,501.3857920420748,681485.1888719389
73,4,1,ROGUE,509.35174706580796,670767.6447919558
73,4,1,RANGER,505.3856595080971,676428.9722481192
73,4,1,MAGE,509.8398287280641,670681.3486709418
73,4,1,CLERIC,513.0053360627255,694632.3673696229
73,4,1,PALADIN,518.6473068415874,686841.0784427428
74,4,1,WARRIOR,513.8084480996032,692291.9585900727
74,4,1,ROGUE,522.3616570723875,680872.5920482585
74,4,1,RANGER,518.1871752504442,686770.4863652836
74,4,1,MAGE,522.7718039199358,680923.1720816328
74,4,1,CLERIC,526.2462567050882,705451.775228581
74,4,1,PALADIN,532.1334415830357,697422.8163446273
75,4,1,WARRIOR,526.3376182137258,703154.6671621668
75,4,1,ROGUE,535.508510178799,691044.5749759269
75,4,1,RANGER,531.1132711134132,697220.1761428515
75,4,1,MAGE,535.8507211932838,691191.8009090518
75,4,1,CLERIC,539.6357802381475,716331.610770708
75,4,1,PALADIN,545.7712424269929,708056.0242493779
76,4,1,WARRIOR,538.9011757763004,714200.1677219688
76,4,1,ROGUE,548.7235034438312,701337.0287307062
76,4,1,RANGER,544.108911712192,707862.2641476389
76,4,1,MAGE,548.9986356367084,701713.5133509268
76,4,1,CLERIC,553.1064210645557,727468.1582308693
76,4,1,PALADIN,559.4889635319432,718852.8022269693
77,4,1,WARRIOR,551.5952853572444,725288.5307085153
77,4,1,ROGUE,562.1065569999495,711751.6687099168
77,4,1,RANGER,557.2504690977338,718513.510896259
77,4,1,MAGE,562.2987892976842,712215.9517277292
77,4,1,CLERIC,566.7384479617522,738603.1616620617
77,4,1,PALADIN,573.3926727697396,729669.7821477291
78,4,1,WARRIOR,563.8571956618697,736019.6265214828
78,4,1,ROGUE,575.0634761952772,721714.9855932869
78,4,1,RANGER,569.9690412346811,728804.8286581645
78,4,1,MAGE,575.1636060097537,722370.2113341889
78,4,1,CLERIC,579.934991172605,749381.1198497817
78,4,1,PALADIN,586.8610851983251,740131.5698130049
79,4,1,WARRIOR,576.5261540342455,747120.5967603241
79,4,1,ROGUE,588.4810327154228,732009.581323776
79,4,1,RANGER,583.1312652735819,739441.4058045786
79,4,1,MAGE,588.4840149359444,732849.1083516399
79,4,1,CLERIC,593.6117653077328,760489.7413732567
79,4,1,PALADIN,600.814258905988,750931.0228780648
80,4,1,WARRIOR,589.3106452406287,758333.638500664
80,4,1,ROGUE,602.0384839438015,742387.1503565229
80,4,1,RANGER,596.4149818564151,750084.8821445281
80,4,1,MAGE,601.9402124940755,743340.4144010465
80,4,1,CLERIC,607.4322556284881,771631.4913628332
80,4,1,PALADIN,614.9294314896448,761824.9653096802
81,4,1,WARRIOR,602.1260918682872,769664.2722698598
81,4,1,ROGUE,615.6708487878236,752885.571243352
81,4,1,RANGER,609.7692107347443,760899.8620206375
81,4,1,MAGE,615.4704031911791,754009.592855839
81,4,1,CLERIC,621.3280764069895,782987.9079355046
81,4,1,PALADIN,629.1232041856952,772812.1221173278
82,4,1,WARRIOR,615.0505709893745,781166.3046091218
82,4,1,ROGUE,629.4423442067487,763447.2809310368
82,4,1,RANGER,623.2537715890116,771758.4528588841
82,4,1,MAGE,629.1466120877277,764715.1530443485
82,4,1,CLERIC,635.3702903600973,794395.8268829979
82,4,1,PALADIN,643.4899294190755,783932.3412456595
83,4,1,WARRIOR,627.582924496422,792277.7044148765
83,4,1,ROGUE,642.8484855664665,773746.7728289013
83,4,1,RANGER,636.3738321278096,782303.4687770036
83,4,1,MAGE,642.4385970203828,775074.023217042
83,4,1,CLERIC,649.0335324049814,805434.7632285567
83,4,1,PALADIN,657.4724713104908,794634.6105505202
84,4,1,WARRIOR,640.5535084813365,803900.4806887317
84,4,1,ROGUE,656.7435087690968,784388.4029634433
84,4,1,RANGER,649.958899405675,793208.9721887398
84,4,1,MAGE,656.2082322561754,785830.574849737
84,4,1,CLERIC,663.2061465202431,816910.5037591251
84,4,1,PALADIN,671.9917915476107,805817.4184544849
85,4,1,WARRIOR,653.6242548620668,815600.9427006323
85,4,1,ROGUE,670.7845087540388,795089.0375034899
85,4,1,RANGER,663.6706567393063,804211.5595366044
85,4,1,MAGE,670.1239144588448,796652.5926867014
85,4,1,CLERIC,677.5239098128591,828478.3804235664
85,4,1,PALADIN,686.6722673591236,817052.0129023609
86,4,1,WARRIOR,666.7224356642918,827487.6626700086
86,4,1,ROGUE,684.8777084564636,805957.3360644552
86,4,1,RANGER,677.4279798719576,815438.9886832114
86,4,1,MAGE,684.0868500541475,807703.6880715729
86,4,1,CLERIC,691.8893662505487,840314.26055616
86,4,1,PALADIN,701.4192097062655,828457.2230789722
87,4,1,WARRIOR,679.9248565752391,839542.2396384086
87,4,1,ROGUE,699.1257428841967,816939.5509329776
87,4,1,RANGER,691.3270572333096,826675.1069850414
87,4,1,MAGE,698.1773177232874,818750.5090777793
87,4,1,CLERIC,706.4147498521622,852129.1005050176
87,4,1,PALADIN,716.3379981874623,840003.9852311882
88,4,1,WARRIOR,692.7629968064716,851034.8717278551
88,4,1,ROGUE,713.0200944411929,827195.6714975092
88,4,1,RANGER,704.8703621465058,837357.2085157728
88,4,1,MAGE,711.890442177325,829324.4552059037
88,4,1,CLERIC,720.5603112204029,863448.2121055839
88,4,1,PALADIN,730.8903436679415,850967.7582121281
89,4,1,WARRIOR,706.3238427927805,862469.9718528695
89,4,1,ROGUE,727.7471356737636,837474.5984891305
89,4,1,RANGER,719.1988098478887,847974.1245038857
89,4,1,MAGE,726.3726561952951,839825.9088974932
89,4,1,CLERIC,735.5322774495539,874686.2905096975
89,4,1,PALADIN,746.3149056132221,861803.8936714293
90,4,1,WARRIOR,719.9754977854942,874083.652757161
90,4,1,ROGUE,742.6256374009757,847781.2815160868
90,4,1,RANGER,733.6485314970561,858728.7836274066
90,4,1,MAGE,740.9903346590547,850489.4215016587
90,4,1,CLERIC,750.6293520428998,886135.7627798773
90,4,1,PALADIN,761.8955547467252,872789.3334356775
91,4,1,WARRIOR,733.6395264967152,885788.3462750007
91,4,1,ROGUE,757.530057832282,858202.5701037411
91,4,1,RANGER,748.128162883386,869688.8940189756
91,4,1,MAGE,755.6333719361019,861312.6523017518
91,4,1,CLERIC,765.7762380618396,897750.467946726
91,4,1,PALADIN,777.5297943880655,883853.6784508182
92,4,1,WARRIOR,747.2553329025783,897495.105882952
92,4,1,ROGUE,772.4132676815892,868685.0686989995
92,4,1,RANGER,762.5836533976645,880581.2580470094
92,4,1,MAGE,770.2569561724886,872074.8511968999
92,4,1,CLERIC,780.9123595773534,909299.6997087002
92,4,1,PALADIN,793.1569364514055,894898.610703239
93,4,1,WARRIOR,760.7186792043328,909119.8012396077
93,4,1,ROGUE,787.1636644807185,879007.4117165359
93,4,1,RANGER,776.8721932166089,891439.3069374621
93,4,1,MAGE,784.730062844161,882788.9241641975
93,4,1,CLERIC,795.8942127826688,920815.8955574943
93,4,1,PALADIN,808.6324993746983,905876.6798470828
94,4,1,WARRIOR,774.550505588127,921132.2804034029
94,4,1,ROGUE,802.3391192848538,889557.5541657045
94,4,1,RANGER,791.5737386301424,902557.756241226
94,4,1,MAGE,799.6094255899786,893739.9629171612
94,4,1,CLERIC,811.302301196425,932610.2900505789
94,4,1,PALADIN,824.58101991168,917211.0513391494
95,4,1,WARRIOR,788.4786171966027,933222.2430662643
95,4,1,ROGUE,817.6443730810182,900209.2973366143
95,4,1,RANGER,806.3988238521814,913708.8533533913
95,4,1,MAGE,814.6123200803294,904769.651565447
95,4,1,CLERIC,826.8586993876086,944478.9069050017
95,4,1,PALADIN,840.682437147347,928608.7512116925
96,4,1,WARRIOR,802.4222537511325,945413.9191723897
96,4,1,ROGUE,832.9854492183691,911037.3329745374
96,4,1,RANGER,821.2423525491329,925081.0914912575
96,4,1,MAGE,829.6613067945676,915959.9704589669
96,4,1,CLERIC,842.4597154145364,956544.9448268007
96,4,1,PALADIN,856.8417787496411,940102.2997798559
97,4,1,WARRIOR,815.9155646677564,957396.0814874131
97,4,1,ROGUE,847.856253410561,921585.7959198572
97,4,1,RANGER,835.6193462108129,936167.5972556334
97,4,1,MAGE,844.2392992824248,926862.3600442356
97,4,1,CLERIC,857.5841652205788,968299.2718696173
97,4,1,PALADIN,872.511783949789,951407.1494738358
98,4,1,WARRIOR,829.7936158096845,969642.5917484257
98,4,1,ROGUE,863.1372142563266,932486.2614033682
98,4,1,RANGER,850.3859670158466,947580.2425370738
98,4,1,MAGE,859.2170785741994,938111.9304420259
98,4,1,CLERIC,873.1317040795802,980450.2231022819
98,4,1,PALADIN,888.6520134201319,962963.6726630903
99,4,1,WARRIOR,843.7644345675931,981987.6063656538
99,4,1,ROGUE,878.5391093286844,943413.1525980989
99,4,1,RANGER,865.2698088899764,959030.5060476414
99,4,1,MAGE,874.2966759117085,949410.573158035
99,4,1,CLERIC,888.8046403791128,992647.8283081134
99,4,1,PALADIN,904.9178702525355,974613.1645531274
100,4,1,WARRIOR,857.8368565941174,994442.3455987353
100,4,1,ROGUE,894.0712107067834,954408.5699286077
100,4,1,RANGER,880.2589266749234,970578.2377461902
100,4,1,MAGE,889.4928616879158,960804.7419467116
100,4,1,CLERIC,904.6046560852975,1004960.785158483
100,4,1,PALADIN,921.3300537061677,986376.9571846935
20,4,5,WARRIOR,8.490836933872908,757958.651499446
20,4,5,ROGUE,8.484061540833183,759613.3681353639
20,4,5,RANGER,8.509905140966746,756387.8158304319
20,4,5,MAGE,8.535089891212388,754365.1949851246
20,4,5,CLERIC,8.431266709818605,770057.6584108184
20,4,5,PALADIN,8.51094396767417,762445.2586747928
21,4,5,WARRIOR,9.387573193058069,798774.0050905844
21,4,5,ROGUE,9.378431909487134,801236.8309566292
21,4,5,RANGER,9.409261678019767,796679.259384527
21,4,5,MAGE,9.436288512502815,794904.266657538
21,4,5,CLERIC,9.326002677395827,811475.5203043993
21,4,5,PALADIN,9.410012379331366,803930.1923891342
22,4,5,WARRIOR,10.31942377322123,840432.4217216223
22,4,5,ROGUE,10.311333155476126,842640.9375479826
22,4,5,RANGER,10.345082255369025,838162.1973570955
22,4,5,MAGE,10.3726278037893,836018.446967901
22,4,5,CLERIC,10.257068697205845,853397.1555035528
22,4,5,PALADIN,10.348377850378581,845911.0513808456
23,4,5,WARRIOR,11.291924099062703,881869.304348811
23,4,5,ROGUE,11.289910813449197,883693.6947380514
23,4,5,RANGER,11.322085353230444,879318.0431782748
23,4,5,MAGE,11.353093910102771,876984.3118394386
23,4,5,CLERIC,11.230354194093668,895352.9994439759
23,4,5,PALADIN,11.326020036848611,887905.2475875837
24,4,5,WARRIOR,12.306283762096381,923843.2501058526
24,4,5,ROGUE,12.307432312161882,925254.2151905372
24,4,5,RANGER,12.337660327495922,921427.0938116616
24,4,5,MAGE,12.373675665807234,919019.0930027207
24,4,5,CLERIC,12.242002498386647,938544.7663904827
24,4,5,PALADIN,12.345743122542626,930458.3681985919
25,4,5,WARRIOR,13.3596011087015,966702.9179926813
25,4,5,ROGUE,13.369330982845232,967253.3037810946
25,4,5,RANGER,13.396452663908303,963180.1006368503
25,4,5,MAGE,13.435696469119815,960633.3651675249
25,4,5,CLERIC,13.294879572799632,981318.4460273129
25,4,5,PALADIN,13.407691433740405,973732.5961012101
26,4,5,WARRIOR,14.450329995485548,1009082.2107215166
26,4,5,ROGUE,14.466286754275327,1009592.7084179816
26,4,5,RANGER,14.48910100608369,1005926.3075659599
26,4,5,MAGE,14.533133229562164,1002861.8326675238
26,4,5,CLERIC,14.384362253126298,1024715.0075629133
26,4,5,PALADIN,14.505058992278336,1016792.1288945689
27,4,5,WARRIOR,15.576180075656016,1052439.9625181903
27,4,5,ROGUE,15.600838501459231,1051654.5872496143
27,4,5,RANGER,15.618089449752905,1049288.4582793368
27,4,5,MAGE,15.661948792474176,1046306.7785903068
27,4,5,CLERIC,15.506055007606298,1069430.2438218873
27,4,5,PALADIN,15.639388531380721,1060733.1548937114
28,4,5,WARRIOR,16.74480150866296,1095982.5607968867
28,4,5,ROGUE,16.776371559339673,1094468.662222614
28,4,5,RANGER,16.786775724063503,1092557.1221344937
28,4,5,MAGE,16.838265275659698,1089265.8262138832
28,4,5,CLERIC,16.675763691888058,1113506.4392302884
28,4,5,PALADIN,16.818536721083632,1104865.5307037157
29,4,5,WARRIOR,17.94862592454264,1139459.9208307443
29,4,5,ROGUE,17.99318119696657,1138036.3428148078
29,4,5,RANGER,17.99751852175699,1136117.2569585918
29,4,5,MAGE,18.058674910849838,1132311.05208138
29,4,5,CLERIC,17.885959460570742,1158070.492145633
29,4,5,PALADIN,18.036525519899666,1148744.0188876942
30,4,5,WARRIOR,19.19572646236944,1182880.0759123361
30,4,5,ROGUE,19.248452898085986,1180732.8325467622
30,4,5,RANGER,19.246817261750177,1180332.759881683
30,4,5,MAGE,19.31611106016266,1175929.2827760705
30,4,5,CLERIC,19.139402114761122,1202761.754885012
30,4,5,PALADIN,19.296111619491022,1192718.746467692
31,4,5,WARRIOR,20.478860035494975,1226750.1685375324
31,4,5,ROGUE,20.54076510679236,1224465.4468437005
31,4,5,RANGER,20.533131680748554,1224154.254246893
31,4,5,MAGE,20.610533814444967,1219420.041531652
31,4,5,CLERIC,20.426181130048196,1247720.6807643669
31,4,5,PALADIN,20.59495210443254,1237047.7785435945
32,4,5,WARRIOR,21.805102730068835,1270495.1866288476
32,4,5,ROGUE,21.871840372699452,1268193.4037028898
32,4,5,RANGER,21.859325819493698,1268331.4854466156
32,4,5,MAGE,21.94144068728137,1263604.7534504568
32,4,5,CLERIC,21.745682842503626,1293583.5335102933
32,4,5,PALADIN,21.939313395394514,1281229.5327300755
33,4,5,WARRIOR,23.16661061986431,1315042.2417156522
33,4,5,ROGUE,23.242626177078286,1312848.9340026795
33,4,5,RANGER,23.224951265084698,1312760.628731025
33,4,5,MAGE,23.308826826460763,1308122.09745735
33,4,5,CLERIC,23.105183040880057,1339630.955649034
33,4,5,PALADIN,23.31667331283364,1326468.369223863
34,4,5,WARRIOR,24.562217647291217,1359874.1410339877
34,4,5,ROGUE,24.645289794309985,1357859.2640540279
34,4,5,RANGER,24.61995777757169,1358054.966607574
34,4,5,MAGE,24.708846853679212,1353126.1145245053
34,4,5,CLERIC,24.500408731662286,1386007.5355035132
34,4,5,PALADIN,24.728189328667998,1372073.6124891036
35,4,5,WARRIOR,25.9967929101186,1405276.1239168302
35,4,5,ROGUE,26.088103158881083,1402381.3542398284
35,4,5,RANGER,26.05066158207636,1403636.1254125796
35,4,5,MAGE,26.149486239854557,1398399.3237797313
35,4,5,CLERIC,25.93655319019174,1432783.3570442626
35,4,5,PALADIN,26.179257192915173,1418325.5315986807
36,4,5,WARRIOR,27.460667892179902,1451096.9914845997
36,4,5,ROGUE,27.561191431267268,1447505.9831680732
36,4,5,RANGER,27.507262507163414,1449385.695945478
36,4,5,MAGE,27.616111976663216,1443716.5013015482
36,4,5,CLERIC,27.39977284181894,1479580.3890981723
36,4,5,PALADIN,27.661389224799446,1465003.3498197815
37,4,5,WARRIOR,28.952508070595414,1497535.7409202976
37,4,5,ROGUE,29.06179698352816,1493028.5397387135
37,4,5,RANGER,29.002248842163432,1495519.758607262
37,4,5,MAGE,29.11611055124874,1489997.0301197863
37,4,5,CLERIC,28.89553538100069,1527453.8472999039
37,4,5,PALADIN,29.175759811216107,1512182.282414431
38,4,5,WARRIOR,30.483495819731473,1544099.2694326302
38,4,5,ROGUE,30.608044994332644,1538739.343568679
38,4,5,RANGER,30.538363975602564,1542349.2962861196
38,4,5,MAGE,30.653965993216385,1537061.8298763311
38,4,5,CLERIC,30.435785017203568,1575897.9614092074
38,4,5,PALADIN,30.728717184124555,1559651.0106598318
39,4,5,WARRIOR,32.04439241561411,1590594.2243786866
39,4,5,ROGUE,32.173620095467406,1585914.9933578132
39,4,5,RANGER,32.09443461619598,1589782.0287275575
39,4,5,MAGE,32.22271420572862,1583850.2243838515
39,4,5,CLERIC,32.00390560180767,1624225.16557054
39,4,5,PALADIN,32.31414574656958,1607014.4007446873
40,4,5,WARRIOR,33.6523710374195,1637480.5210969027
40,4,5,ROGUE,33.78295048731754,1633035.414808156
40,4,5,RANGER,33.697025687584855,1636568.374722112
40,4,5,MAGE,33.83766142788279,1630323.522580731
40,4,5,CLERIC,33.61732981657155,1672383.3304656462
40,4,5,PALADIN,33.94505407602721,1654929.0030347386
41,4,5,WARRIOR,35.27716580564491,1685276.402022828
41,4,5,ROGUE,35.423298572563354,1680490.3276598589
41,4,5,RANGER,35.31971572532262,1684621.6579212435
41,4,5,MAGE,35.47499909744339,1677695.8918735876
41,4,5,CLERIC,35.2593246544899,1721285.534953421
41,4,5,PALADIN,35.60011256887233,1703456.825668148
42,4,5,WARRIOR,36.93656930755932,1732813.3831828586
42,4,5,ROGUE,37.09572768063069,1727781.2384299429
42,4,5,RANGER,36.97787216461584,1732303.0470719214
42,4,5,MAGE,37.143911484987996,1725107.3594765947
42,4,5,CLERIC,36.93438062820929,1770155.9329809137
42,4,5,PALADIN,37.29346031756978,1751658.8064294944
43,4,5,WARRIOR,38.635139348903486,1780912.010336849
43,4,5,ROGUE,38.800661903410976,1775453.6777359452
43,4,5,RANGER,38.67066007660599,1781075.1368365313
43,4,5,MAGE,38.8504395312145,1773348.936493905
43,4,5,CLERIC,38.64504420015633,1820183.8833636385
43,4,5,PALADIN,39.022599049962935,1800711.235879783
44,4,5,WARRIOR,40.35919294294969,1830040.999999787
44,4,5,ROGUE,40.53481620127056,1823753.2845944623
44,4,5,RANGER,40.39511635696749,1829977.5082155357
44,4,5,MAGE,40.5894141768389,1821590.70442288
44,4,5,CLERIC,40.38842504140689,1870148.1670816077
44,4,5,PALADIN,40.78189316110804,1850672.9647601624
45,4,5,WARRIOR,42.11209902098694,1878819.2399426429
45,4,5,ROGUE,42.30879910150852,1871327.7585011167
45,4,5,RANGER,42.147744852717096,1878592.5386206205
45,4,5,MAGE,42.357470719404894,1869536.637340384
45,4,5,CLERIC,42.161360908307664,1919879.0226681295
45,4,5,PALADIN,42.57111804623855,1900293.8970180007
46,4,5,WARRIOR,43.884061335911746,1927744.8645294667
46,4,5,ROGUE,44.09950905594293,1920180.9371070196
46,4,5,RANGER,43.922711134279766,1927867.8757699258
46,4,5,MAGE,44.14831783980225,1918122.8927516325
46,4,5,CLERIC,43.95722906691958,1970367.3909505042
46,4,5,PALADIN,44.38156097489209,1950128.442394436
47,4,5,WARRIOR,45.68664934171917,1977658.7127061149
47,4,5,ROGUE,45.91678170868538,1969231.2417748668
47,4,5,RANGER,45.72480399909179,1977566.9022396693
47,4,5,MAGE,45.971039253718544,1967182.2120093782
47,4,5,CLERIC,45.78641378584976,2021416.952043611
47,4,5,PALADIN,46.22448425348782,2000980.5178198593
48,4,5,WARRIOR,47.51464664954054,2028029.9085615068
48,4,5,ROGUE,47.7687270433995,2018746.2966071384
48,4,5,RANGER,47.556882958045115,2027201.7937456293
48,4,5,MAGE,47.82231976303236,2016241.5957712636
48,4,5,CLERIC,47.642464055825634,2072507.1153813745
48,4,5,PALADIN,48.0972737925991,2052247.4358554701
49,4,5,WARRIOR,49.36833807703263,2078628.2298459753
49,4,5,ROGUE,49.647749834909696,2068431.3418831257
49,4,5,RANGER,49.4146786318353,2077962.2086593404
49,4,5,MAGE,49.704740353999874,2066103.4909567905
49,4,5,CLERIC,49.526576592596975,2124758.3555619637
49,4,5,PALADIN,50.00093569951141,2103578.989893339
50,4,5,WARRIOR,51.25197300906637,2130105.570144347
50,4,5,ROGUE,51.554414073500986,2118884.612513681
50,4,5,RANGER,51.30504293340273,2128991.4366563344
50,4,5,MAGE,51.61987024413128,2116347.437688886
50,4,5,CLERIC,51.446119824990724,2177267.097713918
50,4,5,PALADIN,51.938243074962564,2155843.234356088
51,4,5,WARRIOR,53.149639821534116,2182142.8426314467
51,4,5,ROGUE,53.47688152783132,2170347.820106084
51,4,5,RANGER,53.21192380013502,2181017.943664452
51,4,5,MAGE,53.54969517134448,2167494.8639504244
51,4,5,CLERIC,53.3858880609727,2230612.336428562
51,4,5,PALADIN,53.89112475608908,2208710.451650965
52,4,5,WARRIOR,55.07375028120195,2234465.085393024
52,4,5,ROGUE,55.43312525246091,2221520.629617271
52,4,5,RANGER,55.14739336226643,2233131.7378141764
52,4,5,MAGE,55.50690190324029,2219036.543684483
52,4,5,CLERIC,55.3562443533183,2284333.1753217084
52,4,5,PALADIN,55.88012994827675,2261645.938448598
53,4,5,WARRIOR,57.024031273979396,2287501.759534882
53,4,5,ROGUE,57.413457020727854,2273383.045073869
53,4,5,RANGER,57.10991227034769,2285529.13690556
53,4,5,MAGE,57.4923141434759,2270660.976730122
53,4,5,CLERIC,57.35683536587902,2338142.6297236006
53,4,5,PALADIN,57.899302474644884,2315189.5082622436
54,4,5,WARRIOR,59.00040879715473,2340729.8875641013
54,4,5,ROGUE,59.42142449119021,2324978.7922954047
54,4,5,RANGER,59.101063154811335,2338399.652819937
54,4,5,MAGE,59.506440603244116,2322867.417354221
54,4,5,CLERIC,59.38947202853883,2392526.298587401
54,4,5,PALADIN,59.94774227918746,2368970.3644486424
55,4,5,WARRIOR,61.00867997043824,2394008.389597531
55,4,5,ROGUE,61.458867416397595,2377238.273610278
55,4,5,RANGER,61.1249778607428,2391194.4182293373
55,4,5,MAGE,61.55145168109741,2375137.401428604
55,4,5,CLERIC,61.45648655518766,2446930.3871196676
55,4,5,PALADIN,62.031752367588055,2422840.6402964843
56,4,5,WARRIOR,63.03545009825639,2448611.6375294896
56,4,5,ROGUE,63.5162068463854,2430322.0062138303
56,4,5,RANGER,63.16852364895374,2444947.9792861687
56,4,5,MAGE,63.618286093244315,2428241.9851122717
56,4,5,CLERIC,63.54649624548876,2502244.000766419
56,4,5,PALADIN,64.14253535689429,2477851.374141496
57,4,5,WARRIOR,65.16380939322984,2499982.0493447897
57,4,5,ROGUE,65.68578011486332,2480873.662306189
57,4,5,RANGER,65.31903916799864,2495509.854611574
57,4,5,MAGE,65.79263126916995,2478184.754200621
57,4,5,CLERIC,65.74751629532878,2554360.0317633897
57,4,5,PALADIN,66.36344508238734,2529485.013045999
58,4,5,WARRIOR,67.33144048261644,2551677.10405449
58,4,5,ROGUE,67.89293924718103,2531255.1814014376
58,4,5,RANGER,67.5075679735068,2546546.4443181567
58,4,5,MAGE,68.003125011893,2528737.8066438227
58,4,5,CLERIC,67.99103597164134,2607013.7008418497
58,4,5,PALADIN,68.62797634705842,2581474.6112660747
59,4,5,WARRIOR,69.52738096663278,2603844.1849533073
59,4,5,ROGUE,70.13364058611984,2581673.886979625
59,4,5,RANGER,69.72787306692305,2597587.123820076
59,4,5,MAGE,70.24615925040713,2579048.196310462
59,4,5,CLERIC,70.2673863000594,2659474.2307192096
59,4,5,PALADIN,70.92853291230121,2633839.5347325816
60,4,5,WARRIOR,71.7501851028401,2656313.02782459
60,4,5,ROGUE,72.40399981531357,2632858.9570155423
60,4,5,RANGER,71.97820755653339,2649001.442210727
60,4,5,MAGE,72.51857769879786,2630000.8863544166
60,4,5,CLERIC,72.57487494181098,2712677.672994243
60,4,5,PALADIN,73.26111739496868,2686477.7302525355
61,4,5,WARRIOR,73.99172603267917,2708941.6065111663
61,4,5,ROGUE,74.6930332684714,2684291.315922926
61,4,5,RANGER,74.24637209236417,2700842.920486928
61,4,5,MAGE,74.81022421761715,2681331.5589256394
61,4,5,CLERIC,74.90558371991932,2766276.7825130457
61,4,5,PALADIN,75.61752340979666,2739261.8515811427
62,4,5,WARRIOR,76.16363498885048,2759735.260708995
62,4,5,ROGUE,76.9169109590085,2733472.9783876673
62,4,5,RANGER,76.44663320206948,2750855.2306893114
62,4,5,MAGE,77.03475740859079,2730740.8120239084
62,4,5,CLERIC,77.1683323091912,2817887.480433476
62,4,5,PALADIN,77.90604367853891,2790158.1810767762
63,4,5,WARRIOR,78.4294002033061,2812994.9824695964
63,4,5,ROGUE,79.24060772950799,2784750.041017513
63,4,5,RANGER,78.74421808289313,2802467.31757111
63,4,5,MAGE,79.35745758623929,2781710.764361462
63,4,5,CLERIC,79.52805065234718,2871393.3739649677
63,4,5,PALADIN,80.29769265459524,2843451.916416102
64,4,5,WARRIOR,80.72371106915453,2866250.6491034064
64,4,5,ROGUE,81.59441433212241,2835969.5025582383
64,4,5,RANGER,81.07291612819044,2854909.0859027193
64,4,5,MAGE,81.71179357900463,2833585.9471268803
64,4,5,CLERIC,81.92287462076395,2925839.832398264
64,4,5,PALADIN,82.72571085652592,2896688.4662447893
65,4,5,WARRIOR,83.04624467098922,2919571.5775357513
65,4,5,ROGUE,83.98238414724543,2887366.116563785
65,4,5,RANGER,83.43379369079506,2907526.8345284844
65,4,5,MAGE,84.10145930805317,2885299.84418789
65,4,5,CLERIC,84.35356220833492,2980235.7131535574
65,4,5,PALADIN,85.18864014308203,2949881.3524658335
66,4,5,WARRIOR,85.38240579729575,2973767.288518378
66,4,5,ROGUE,86.3877597960262,2939684.4541358477
66,4,5,RANGER,85.81069132330805,2960420.2986825067
66,4,5,MAGE,86.50639617309547,2937409.17786065
66,4,5,CLERIC,86.80258978976372,3035043.9091227157
66,4,5,PALADIN,87.67247397288,3003864.4671298405
67,4,5,WARRIOR,87.72635194123887,3027463.3626096426
67,4,5,ROGUE,88.80510296830664,2991386.283649793
67,4,5,RANGER,88.19873952791343,3012794.365569165
67,4,5,MAGE,88.92401844456313,2988952.525415821
67,4,5,CLERIC,89.26376109498902,3089377.5311746392
67,4,5,PALADIN,90.17064390622059,3057245.362046063
68,4,5,WARRIOR,90.0056383191359,3080040.9853719203
68,4,5,ROGUE,91.15838505481034,3040810.40881025
68,4,5,RANGER,90.5236148908915,3063719.8967007436
68,4,5,MAGE,91.27843725129702,3039116.810236124
68,4,5,CLERIC,91.6629135494557,3142325.9804205773
68,4,5,PALADIN,92.6054239115952,3109449.252129014
69,4,5,WARRIOR,92.36866024290653,3133844.665103604
69,4,5,ROGUE,93.60275019277304,3092367.181694715
69,4,5,RANGER,92.93691369594829,3116052.5670934278
69,4,5,MAGE,93.72111990633557,3090628.2527564964
69,4,5,CLERIC,94.15459917729927,3196641.641166543
69,4,5,PALADIN,95.134651316765,3162793.9579358688
70,4,5,WARRIOR,94.75749286167881,3188215.596480563
70,4,5,ROGUE,96.07920030679502,3143883.9855345595
70,4,5,RANGER,95.38263873851285,3168502.3133876873
70,4,5,MAGE,96.1945705383202,3142366.0146139315
70,4,5,CLERIC,96.67837086706304,3251249.8109035296
70,4,5,PALADIN,97.69848549172049,3216636.0638121883
71,4,5,WARRIOR,97.15534760703994,3243120.7340682563
71,4,5,ROGUE,98.57176432517062,3196377.7048073513
71,4,5,RANGER,97.83819195961799,3221867.4987637294
71,4,5,MAGE,98.68318679459657,3194912.284361529
71,4,5,CLERIC,99.21732810882554,3306804.06277052
71,4,5,PALADIN,100.27817537447142,3270984.2149112695
72,4,5,WARRIOR,99.57842560090722,3298534.921273223
72,4,5,ROGUE,101.09514428754353,3248660.5211311504
72,4,5,RANGER,100.324223540233,3275334.3780500176
72,4,5,MAGE,101.19979059534593,3247697.6305138227
72,4,5,CLERIC,101.78835849319373,3362573.2862946857
72,4,5,PALADIN,102.8930325584872,3325656.364224581
73,4,5,WARRIOR,101.94150958531812,3351794.500370148
73,4,5,ROGUE,103.56114359429289,3299081.681527783
73,4,5,RANGER,102.75476064687446,3326926.169628506
73,4,5,MAGE,103.66038011483464,3298657.245504019
73,4,5,CLERIC,104.30398948993172,3416457.153797534
73,4,5,PALADIN,105.4511121794099,3378136.7327489993
74,4,5,WARRIOR,104.46727782937991,3404946.163677704
74,4,5,ROGUE,106.20631201886718,3348781.52415572
74,4,5,RANGER,105.3575584534098,3377789.534980273
74,4,5,MAGE,106.28970287168818,3349030.2953402754
74,4,5,CLERIC,106.9961268819474,3469670.9761242447
74,4,5,PALADIN,108.1931063799533,3430181.606919494
75,4,5,WARRIOR,107.01470245839239,3458372.954818004
75,4,5,ROGUE,108.87932364631183,3398811.0728407833
75,4,5,RANGER,107.98568582803837,3429184.9479679023
75,4,5,MAGE,108.94890181938133,3399535.1840628874
75,4,5,CLERIC,109.71847813970632,3523182.0039947075
75,4,5,PALADIN,110.96593725694042,3482479.6294714315
76,4,5,WARRIOR,109.56911872630171,3512698.78410193
76,4,5,ROGUE,111.56618949687854,3449433.1413081675
76,4,5,RANGER,110.62795300372369,3481526.646113897
76,4,5,MAGE,111.62212923733905,3451284.830970885
76,4,5,CLERIC,112.45732212515858,3577955.635380399
76,4,5,PALADIN,113.75501748159841,3535582.149728563
77,4,5,WARRIOR,112.15007876558079,3567235.4265459636
77,4,5,ROGUE,114.2872252821474,3500656.16651204
77,4,5,RANGER,113.29988790783801,3533913.3903264976
77,4,5,MAGE,114.32630985720546,3502939.6809465876
77,4,5,CLERIC,115.22897904616536,3632721.6726644267
77,4,5,PALADIN,116.58191272081842,3588784.0305633205
78,4,5,WARRIOR,114.64316426320171,3620014.8977893344
78,4,5,ROGUE,116.92161964136339,3549659.418938412
78,4,5,RANGER,115.88582166182307,3584529.8715636265
78,4,5,MAGE,116.9419779853856,3552882.059827338
78,4,5,CLERIC,117.9120936409031,3685731.630281579
78,4,5,PALADIN,119.32030362953498,3640238.94540682
79,4,5,WARRIOR,117.21901057127809,3674613.547331391
79,4,5,ROGUE,119.64967055209837,3600292.0224291855
79,4,5,RANGER,118.56195849960788,3636844.465283745
79,4,5,MAGE,119.65027689568998,3604421.1247499012
79,4,5,CLERIC,120.69284854804522,3740367.911652141
79,4,5,PALADIN,122.15725596013866,3693354.622726808
80,4,5,WARRIOR,119.81834695763823,3729763.4056869387
80,4,5,ROGUE,122.40616478525425,3651332.719100449
80,4,5,RANGER,121.26279714093086,3689192.9917720673
80,4,5,MAGE,122.38618428302777,3656021.221850045
80,4,5,CLERIC,123.50282375848924,3795167.13098863
80,4,5,PALADIN,125.02714582154599,3746935.033461898
81,4,5,WARRIOR,122.42397718483848,3785491.6248374735
81,4,5,ROGUE,125.17789041744129,3702967.8095846507
81,4,5,RANGER,123.97797230706418,3742385.035652524
81,4,5,MAGE,125.13713591853849,3708496.160780759
81,4,5,CLERIC,126.32811512009327,3851022.15943789
81,4,5,PALADIN,127.91301661866831,3800973.9067403264
82,4,5,WARRIOR,125.0517758443126,3842062.8451183354
82,4,5,ROGUE,127.977904008841,3754914.177640406
82,4,5,RANGER,126.71964650564968,3795791.574265124
82,4,5,MAGE,127.91777590165418,3761150.0384426117
82,4,5,CLERIC,129.1831710690654,3907130.4954857663
82,4,5,PALADIN,130.83405203956306,3855667.229391917
83,4,5,WARRIOR,127.59984771918954,3896712.7911017393
83,4,5,ROGUE,130.7036339948417,3805570.8622809234
83,4,5,RANGER,129.38721068158787,3847655.8362297514
83,4,5,MAGE,130.62029565974592,3812098.767251164
83,4,5,CLERIC,131.96117463835722,3961424.039552697
83,4,5,PALADIN,133.67697549466413,3908304.921279089
84,4,5,WARRIOR,130.23702039662027,3953877.874407844
84,4,5,ROGUE,133.52876319371677,3857910.3084528544
84,4,5,RANGER,132.14931979617455,3901293.1081119664
84,4,5,MAGE,133.41993103963733,3865003.4395670732
84,4,5,CLERIC,134.8427434833689,4017865.947060188
84,4,5,PALADIN,136.62903645573823,3963306.0785210393
85,4,5,WARRIOR,132.89524828439397,4011404.209853168
85,4,5,ROGUE,136.38357231928592,3910539.9599661436
85,4,5,RANGER,134.93718746981742,3955407.8744555456
85,4,5,MAGE,136.24926061611367,3918230.0987243885
85,4,5,CLERIC,137.75382398684684,4074761.013919991
85,4,5,PALADIN,139.61386348795455,4018561.941009572
86,4,5,WARRIOR,135.56069541611447,4069797.578449995
86,4,5,ROGUE,139.24899466542206,3963994.2447251775
86,4,5,RANGER,137.73431955902868,4010628.495360286
86,4,5,MAGE,139.08819772885155,3972583.4454132468
86,4,5,CLERIC,140.67460143683354,4132974.22028642
86,4,5,PALADIN,142.61220446309963,4074656.95432719
87,4,5,WARRIOR,138.24948016249115,4128953.224302049
87,4,5,ROGUE,142.1458979308118,4018008.811731583
87,4,5,RANGER,140.56027304743634,4065891.8527223477
87,4,5,MAGE,141.9530645993406,4026915.769137649
87,4,5,CLERIC,143.62789519815743,4191083.9433001895
87,4,5,PALADIN,145.64548510865419,4131448.1722595165
88,4,5,WARRIOR,140.86684563291482,4185267.7645764127
88,4,5,ROGUE,144.97089057103094,4068452.180222443
88,4,5,RANGER,143.3138910588331,4118430.3520877818
88,4,5,MAGE,144.74121023522372,4078922.3205025075
88,4,5,CLERIC,146.5039636921151,4246755.49219277
88,4,5,PALADIN,148.604260745764,4185372.0352882226
89,4,5,WARRIOR,143.63706118554688,4241127.601640164
89,4,5,ROGUE,147.96518526147062,4119007.719099601
89,4,5,RANGER,146.22714391098145,4170648.245008909
89,4,5,MAGE,147.6857267782965,4130572.3274346096
89,4,5,CLERIC,149.54805641090516,4302028.490057901
89,4,5,PALADIN,151.74037500019864,4238668.130098255
90,4,5,WARRIOR,146.43380974328278,4297633.272693489
90,4,5,ROGUE,150.99027482426476,4169699.772354631
90,4,5,RANGER,149.16505412180803,4223543.60926949
90,4,5,MAGE,150.65778588503602,4183019.3996306076
90,4,5,CLERIC,152.61758610000862,4358341.200611235
90,4,5,PALADIN,154.9082248240229,4292698.558326497
91,4,5,WARRIOR,149.24094079031758,4354363.752306637
91,4,5,ROGUE,154.02063416506974,4220955.497857177
91,4,5,RANGER,152.1090455655017,4277449.458338227
91,4,5,MAGE,153.63500093306632,4236252.024586168
91,4,5,CLERIC,155.69724342336158,4415466.587248183
91,4,5,PALADIN,158.0869706432166,4347117.071564229
92,4,5,WARRIOR,152.04573648193798,4410896.481827162
92,4,5,ROGUE,157.04668098090406,4272512.276662425
92,4,5,RANGER,155.04812869911015,4331022.105904681
92,4,5,MAGE,156.60826079855576,4289184.472213324
92,4,5,CLERIC,158.77471211323777,4472269.951628507
92,4,5,PALADIN,161.2642733863853,4401440.105703687
93,4,5,WARRIOR,154.82728106908363,4466812.370934269
93,4,5,ROGUE,160.04572431350704,4323281.351503779
93,4,5,RANGER,157.95326750047235,4384425.979018946
93,4,5,MAGE,159.55092564051404,4341880.218848401
93,4,5,CLERIC,161.82081504709862,4528910.8332521655
93,4,5,PALADIN,164.41075713427475,4455434.282513204
94,4,5,WARRIOR,157.69387374351314,4524357.583227604
94,4,5,ROGUE,163.1311902280408,4375170.827631323
94,4,5,RANGER,160.9423783936804,4439110.597023173
94,4,5,MAGE,162.57619026518233,4395741.450266038
94,4,5,CLERIC,164.9535799113063,4586919.998003868
94,4,5,PALADIN,167.65340238868177,4511180.885157858
95,4,5,WARRIOR,160.58970250281627,4582023.456560646
95,4,5,ROGUE,166.24304680900366,4427560.013431105
95,4,5,RANGER,163.95660733924018,4493955.78894219
95,4,5,MAGE,165.62657130263958,4449989.510760668
95,4,5,CLERIC,168.11649904561335,4645294.215593988
95,4,5,PALADIN,170.92713452373442,4567238.960041182
96,4,5,WARRIOR,163.4989710167462,4639914.019228287
96,4,5,ROGUE,169.36218677053975,4480816.270344154
96,4,5,RANGER,166.97458620293565,4549888.633661085
96,4,5,MAGE,168.68632378810707,4505027.609808389
96,4,5,CLERIC,171.28848985606754,4704639.42251549
96,4,5,PALADIN,174.21264381216764,4623768.454019292
97,4,5,WARRIOR,166.32371060007952,4696590.531916179
97,4,5,ROGUE,172.3857112743464,4532697.486054809
97,4,5,RANGER,169.89770939555942,4604416.141604239
97,4,5,MAGE,171.65031396198677,4558649.5667481795
97,4,5,CLERIC,174.36358545978578,4762451.520828116
97,4,5,PALADIN,177.39866146696951,4679369.857616213
98,4,5,WARRIOR,169.23716546119067,4754293.952261396
98,4,5,ROGUE,175.4926286247303,4586309.979555342
98,4,5,RANGER,172.90005138496466,4660547.723498669
98,4,5,MAGE,174.6955885897749,4613979.0864597615
98,4,5,CLERIC,177.52470331908472,4822214.362605102
98,4,5,PALADIN,180.6802848862509,4736209.083914382
99,4,5,WARRIOR,172.17796407230173,4812266.319339012
99,4,5,ROGUE,178.6241342618486,4640052.44441106
99,4,5,RANGER,175.92622670377114,4716864.3256628895
99,4,5,MAGE,177.7615648119241,4669549.961858908
99,4,5,CLERIC,180.711316923554,4882206.665760314
99,4,5,PALADIN,183.9874507982333,4793505.5644347705
100,4,5,WARRIOR,175.147842544524,4870566.964566765
100,4,5,ROGUE,181.78211338021737,4694131.945975397
100,4,5,RANGER,178.97380666834533,4773660.312180244
100,4,5,MAGE,180.85124573737704,4725590.6695746435
100,4,5,CLERIC,183.9237682497078,4942766.310677436
100,4,5,PALADIN,187.32436776598428,4851364.217990024
20,4,12,WARRIOR,7.1455729166666675,900656.0268231349
20,4,12,ROGUE,7.12230902777778,904847.9274579822
20,4,12,RANGER,7.144270833333334,900972.0813588977
20,4,12,MAGE,7.164756944444443,898645.2436453514
20,4,12,CLERIC,7.077604166666667,917338.8829200087
20,4,12,PALADIN,7.144704861111111,908243.097670915
21,4,12,WARRIOR,7.902777777777779,948849.8409490333
21,4,12,ROGUE,7.874045138888888,954318.2608120475
21,4,12,RANGER,7.900217013888889,948855.4063542119
21,4,12,MAGE,7.922135416666666,946833.8529305414
21,4,12,CLERIC,7.829557291666667,966570.9813573697
21,4,12,PALADIN,7.900390625,957546.7114956736
22,4,12,WARRIOR,8.690147569444447,998001.2701964327
22,4,12,ROGUE,8.658376736111112,1003508.1288692609
22,4,12,RANGER,8.686979166666667,998144.0853768211
22,4,12,MAGE,8.70920138888889,995694.9897338782
22,4,12,CLERIC,8.612196180555555,1016390.3685523497
22,4,12,PALADIN,8.68927951388889,1007426.1247446316
23,4,12,WARRIOR,9.51254340277778,1046828.4693546987
23,4,12,ROGUE,9.481380208333333,1052254.2900696266
23,4,12,RANGER,9.508550347222222,1047027.5251167398
23,4,12,MAGE,9.533550347222222,1044362.7911296453
23,4,12,CLERIC,9.430512152777778,1066233.8534326833
23,4,12,PALADIN,9.511371527777778,1057306.25658249
24,4,12,WARRIOR,10.370920138888888,1096245.7559448578
24,4,12,ROGUE,10.337413194444444,1101581.5476080512
24,4,12,RANGER,10.362717013888888,1097034.1547263537
24,4,12,MAGE,10.391796875,1094290.4604743826
24,4,12,CLERIC,10.28125,1117536.036474164
24,4,12,PALADIN,10.369010416666665,1107839.5660145166
25,4,12,WARRIOR,11.262847222222224,1146669.6759872984
25,4,12,ROGUE,11.231076388888889,1151406.0731786492
25,4,12,RANGER,11.253428819444444,1146601.34542327
25,4,12,MAGE,11.285069444444444,1143703.9334174334
25,4,12,CLERIC,11.16684027777778,1168326.0652042099
25,4,12,PALADIN,11.262369791666668,1159214.8392392623
26,4,12,WARRIOR,12.187065972222225,1196479.1994016878
26,4,12,ROGUE,12.154513888888891,1201615.9394372231
26,4,12,RANGER,12.17282986111111,1197336.037823306
26,4,12,MAGE,12.208333333333336,1193834.098976109
26,4,12,CLERIC,12.083420138888886,1219842.7022794378
26,4,12,PALADIN,12.185763888888886,1210316.394358171
27,4,12,WARRIOR,13.141796874999999,1247393.680706239
27,4,12,ROGUE,13.109852430555557,1251478.1125041796
27,4,12,RANGER,13.12300347222222,1248790.4186483396
27,4,12,MAGE,13.158203125,1245398.25322844
27,4,12,CLERIC,13.027300347222221,1272914.8592199208
27,4,12,PALADIN,13.140494791666667,1262450.0218987504
28,4,12,WARRIOR,14.133767361111115,1298451.42972958
28,4,12,ROGUE,14.09995659722222,1302217.6920117098
28,4,12,RANGER,14.10685763888889,1300113.1679701682
28,4,12,MAGE,14.148307291666663,1296363.342935238
28,4,12,CLERIC,14.011848958333335,1325204.8537788887
28,4,12,PALADIN,14.133246527777779,1314787.8984123084
29,4,12,WARRIOR,15.15646701388889,1349373.8254606891
29,4,12,ROGUE,15.125086805555556,1353836.4697172306
29,4,12,RANGER,15.126388888888886,1351762.904232853
29,4,12,MAGE,15.175781249999998,1347412.4890604892
29,4,12,CLERIC,15.030729166666669,1378057.0220728368
29,4,12,PALADIN,15.158984375,1366803.3622800012
30,4,12,WARRIOR,16.216796875,1400168.1435625677
30,4,12,ROGUE,16.182899305555555,1404401.0213112908
30,4,12,RANGER,16.178645833333334,1404174.9335221967
30,4,12,MAGE,16.234678819444447,1399127.1941761328
30,4,12,CLERIC,16.08628472222222,1431041.4910907974
30,4,12,PALADIN,16.22000868055555,1418916.2605128593
31,4,12,WARRIOR,17.308854166666666,1451421.6110492584
31,4,12,ROGUE,17.272265625,1456175.9106226112
31,4,12,RANGER,17.262369791666668,1456099.0642277955
31,4,12,MAGE,17.325,1450672.3232323234
31,4,12,CLERIC,17.170182291666663,1484327.2011951439
31,4,12,PALADIN,17.31440972222222,1471429.8759663496
32,4,12,WARRIOR,18.438845486111113,1502441.0331637755
32,4,12,ROGUE,18.394704861111112,1507918.9308517415
32,4,12,RANGER,18.380034722222224,1508423.2215284926
32,4,12,MAGE,18.446354166666666,1503023.7682468873
32,4,12,CLERIC,18.281944444444445,1538668.7852313302
32,4,12,PALADIN,18.447526041666666,1523743.4107159243
33,4,12,WARRIOR,19.600000000000005,1554340.3858418365
33,4,12,ROGUE,19.551041666666666,1560738.170387341
33,4,12,RANGER,19.531293402777777,1561023.1742596128
33,4,12,MAGE,19.598784722222227,1555749.0869792446
33,4,12,CLERIC,19.427734375,1593207.8254750175
33,4,12,PALADIN,19.60876736111111,1577295.964372513
34,4,12,WARRIOR,20.791406250000005,1606506.2758802085
34,4,12,ROGUE,20.734722222222224,1613951.4532118693
34,4,12,RANGER,20.707638888888887,1614633.9095878468
34,4,12,MAGE,20.779036458333334,1609034.471090279
34,4,12,CLERIC,20.603949652777775,1648118.5256838317
34,4,12,PALADIN,20.79913194444444,1631265.0043821945
35,4,12,WARRIOR,22.017664930555554,1659243.7249919672
35,4,12,ROGUE,21.952821180555553,1666549.7858610144
35,4,12,RANGER,21.914409722222224,1668566.4889445205
35,4,12,MAGE,21.993836805555556,1662621.4060915108
35,4,12,CLERIC,21.814973958333336,1703484.1215478184
35,4,12,PALADIN,22.02330729166667,1685973.3364865582
36,4,12,WARRIOR,23.270833333333336,1712362.079677708
36,4,12,ROGUE,23.196961805555556,1719836.8404626744
36,4,12,RANGER,23.14331597222222,1722684.5478993743
36,4,12,MAGE,23.230815972222217,1716247.7895814576
36,4,12,CLERIC,23.04908854166667,1758862.025681149
36,4,12,PALADIN,23.274305555555554,1741148.7435476654
37,4,12,WARRIOR,24.549609375,1766114.2775311472
37,4,12,ROGUE,24.46475694444444,1773575.4502295682
37,4,12,RANGER,24.404947916666668,1777239.4489676144
37,4,12,MAGE,24.496223958333328,1771004.3116764387
37,4,12,CLERIC,24.310937499999994,1815503.6878976803
37,4,12,PALADIN,24.55308159722222,1796885.1236779725
38,4,12,WARRIOR,25.863194444444442,1819943.1522702253
38,4,12,ROGUE,25.771484375,1827516.1173171655
38,4,12,RANGER,25.70160590277778,1832602.3815659487
38,4,12,MAGE,25.793880208333338,1826675.191244693
38,4,12,CLERIC,25.610633680555555,1872803.7798969273
38,4,12,PALADIN,25.864800347222218,1852945.8634559722
39,4,12,WARRIOR,27.20394965277778,1873611.227434231
39,4,12,ROGUE,27.094965277777778,1883177.4086770425
39,4,12,RANGER,27.01545138888889,1888665.6617547825
39,4,12,MAGE,27.117968750000003,1881997.6376364839
39,4,12,CLERIC,26.934201388888887,1929945.8010455007
39,4,12,PALADIN,27.204296875000004,1908863.8019614315
40,4,12,WARRIOR,28.58702256944444,1927626.4930577173
40,4,12,ROGUE,28.456032986111115,1938736.6675258947
40,4,12,RANGER,28.36896701388889,1943937.0681174563
40,4,12,MAGE,28.48146701388889,1936920.4313843218
40,4,12,CLERIC,28.296440972222225,1986859.8335455172
40,4,12,PALADIN,28.582638888888894,1965411.7563594836
41,4,12,WARRIOR,29.986371527777777,1982626.5077596016
41,4,12,ROGUE,29.843923611111116,1994661.0037172555
41,4,12,RANGER,29.739930555555553,2000689.206430748
41,4,12,MAGE,29.864366319444446,1992885.421153217
41,4,12,CLERIC,29.683289930555553,2044630.6875682664
41,4,12,PALADIN,29.981857638888894,2022665.0223080507
42,4,12,WARRIOR,31.417621527777783,2037206.462889335
42,4,12,ROGUE,31.259505208333334,2050362.0222182418
42,4,12,RANGER,31.14140625,2056968.1443014476
42,4,12,MAGE,31.274479166666666,2048866.5765150632
42,4,12,CLERIC,31.098611111111108,2102332.2477781256
42,4,12,PALADIN,31.413975694444442,2079501.7740798977
43,4,12,WARRIOR,32.88472222222222,2092332.8232039532
43,4,12,ROGUE,32.70316840277778,2106486.3510028785
43,4,12,RANGER,32.57274305555555,2114508.7802408077
43,4,12,MAGE,32.71692708333334,2105802.462728741
43,4,12,CLERIC,32.544574652777776,2161376.738687724
43,4,12,PALADIN,32.87690972222222,2137318.6578726415
44,4,12,WARRIOR,34.37595486111111,2148565.1267262776
44,4,12,ROGUE,34.17230902777778,2163316.0383574865
44,4,12,RANGER,34.03146701388889,2172170.6661905274
44,4,12,MAGE,34.18736979166666,2162708.0413926016
44,4,12,CLERIC,34.01875,2220314.9458019477
44,4,12,PALADIN,34.36584201388888,2196190.830840035
45,4,12,WARRIOR,35.89466145833333,2204255.9717924627
45,4,12,ROGUE,35.675954861111116,2219243.4791368092
45,4,12,RANGER,35.51449652777778,2229468.153605115
45,4,12,MAGE,35.68285590277778,2219240.623305475
45,4,12,CLERIC,35.518359374999996,2278954.146513137
45,4,12,PALADIN,35.88072916666667,2254626.304742274
46,4,12,WARRIOR,37.432378472222226,2260002.632153814
46,4,12,ROGUE,37.19453125,2276652.8782373085
46,4,12,RANGER,37.01697048611111,2287523.3359323977
46,4,12,MAGE,37.19809027777777,2276512.0061980486
46,4,12,CLERIC,37.03784722222222,2338469.8962210203
46,4,12,PALADIN,37.41423611111111,2313283.748944345
47,4,12,WARRIOR,38.999652777777776,2316753.962909214
47,4,12,ROGUE,38.73654513888889,2334249.498459366
47,4,12,RANGER,38.54305555555556,2346048.015567006
47,4,12,MAGE,38.74092881944445,2334311.887796314
47,4,12,CLERIC,38.58615451388889,2398617.695025449
47,4,12,PALADIN,38.97595486111111,2373111.647093672
48,4,12,WARRIOR,40.59223090277777,2373880.9707402876
48,4,12,ROGUE,40.30894097222222,2392346.1764712217
48,4,12,RANGER,40.09513888888889,2404466.005334534
48,4,12,MAGE,40.30855034722222,2392081.8159401924
48,4,12,CLERIC,40.157812500000006,2458782.9765378777
48,4,12,PALADIN,40.563845486111106,2433386.322958385
49,4,12,WARRIOR,42.21037326388889,2431118.5439170324
49,4,12,ROGUE,41.90538194444445,2450591.23786639
49,4,12,RANGER,41.66974826388889,2464181.7872219863
49,4,12,MAGE,41.90334201388889,2450762.460150831
49,4,12,CLERIC,41.75403645833334,2520283.459121654
49,4,12,PALADIN,42.17877604166667,2493692.9821907612
50,4,12,WARRIOR,43.85789930555555,2489223.4903204995
50,4,12,ROGUE,43.526302083333334,2509697.5727080726
50,4,12,RANGER,43.272699652777774,2524178.0138274413
50,4,12,MAGE,43.526649305555566,2509855.0397964204
50,4,12,CLERIC,43.3810763888889,2582046.2128664325
50,4,12,PALADIN,43.823003472222226,2555066.998282627
51,4,12,WARRIOR,45.52092013888889,2547841.866357997
51,4,12,ROGUE,45.161458333333336,2569966.4610771537
51,4,12,RANGER,44.890277777777776,2585329.5272423504
51,4,12,MAGE,45.16306423611111,2569991.4568063067
51,4,12,CLERIC,45.02591145833333,2644770.9028655374
51,4,12,PALADIN,45.481249999999996,2617120.032980624
52,4,12,WARRIOR,47.21089409722222,2606609.6497045704
52,4,12,ROGUE,46.82604166666667,2629857.808377639
52,4,12,RANGER,46.532812500000006,2646549.5584433023
52,4,12,MAGE,46.82339409722222,2630562.053964967
52,4,12,CLERIC,46.69739583333334,2707904.8666614615
52,4,12,PALADIN,47.17131076388888,2679193.494751235
53,4,12,WARRIOR,48.928168402777764,2666001.5310851997
53,4,12,ROGUE,48.512109375,2690519.571949658
53,4,12,RANGER,48.199175347222216,2708062.2761634532
53,4,12,MAGE,48.50863715277777,2691181.6503182156
53,4,12,CLERIC,48.39552951388888,2771091.9422115763
53,4,12,PALADIN,48.88828125,2741922.0761621683
54,4,12,WARRIOR,50.67261284722222,2725417.389989011
54,4,12,ROGUE,50.223003472222224,2750802.265866301
54,4,12,RANGER,49.89088541666666,2770083.24082242
54,4,12,MAGE,50.219401041666664,2752433.703566382
54,4,12,CLERIC,50.12200520833334,2834900.022393274
54,4,12,PALADIN,50.63125,2804876.926305394
55,4,12,WARRIOR,52.44965277777777,2784676.0455463245
55,4,12,ROGUE,51.960243055555566,2811810.7861579526
55,4,12,RANGER,51.611545138888886,2831957.568440793
55,4,12,MAGE,51.95746527777777,2813708.371230474
55,4,12,CLERIC,51.87877604166666,2898675.6417831033
55,4,12,PALADIN,52.40572916666667,2867874.4292827398
56,4,12,WARRIOR,54.247699652777776,2845269.7105211997
56,4,12,ROGUE,53.71566840277778,2873739.4477254124
56,4,12,RANGER,53.35008680555556,2894911.020724284
56,4,12,MAGE,53.715190972222224,2875920.0240465803
56,4,12,CLERIC,53.656206597222216,2963475.2265217328
56,4,12,PALADIN,54.20421006944446,2932164.663434398
57,4,12,WARRIOR,56.14049479166667,2901797.6124817063
57,4,12,ROGUE,55.56822916666666,2932577.199576347
57,4,12,RANGER,55.18081597222221,2954003.181459942
57,4,12,MAGE,55.56545138888889,2934310.6494155726
57,4,12,CLERIC,55.52916666666666,3024407.494184738
57,4,12,PALADIN,56.09739583333334,2992390.9524914813
58,4,12,WARRIOR,58.07348090277778,2958460.4261991475
58,4,12,ROGUE,57.4546875,2991128.51758179
58,4,12,RANGER,57.044965277777784,3013607.885470465
58,4,12,MAGE,57.447612847222224,2993371.9551553987
58,4,12,CLERIC,57.43945312499999,3085920.0892243874
58,4,12,PALADIN,58.02886284722222,3052987.2527216086
59,4,12,WARRIOR,60.03658854166667,3015468.9169148155
59,4,12,ROGUE,59.371484375,3049649.009217651
59,4,12,RANGER,58.93723958333334,3073171.1653020736
59,4,12,MAGE,59.35868055555555,3052093.284703983
59,4,12,CLERIC,59.37890624999999,3147149.634892442
59,4,12,PALADIN,59.99218749999999,3113978.368016669
60,4,12,WARRIOR,62.02860243055556,3072630.108841757
60,4,12,ROGUE,61.31519097222223,3109009.6339072213
60,4,12,RANGER,60.85664062499999,3133107.1460206816
60,4,12,MAGE,61.296223958333336,3111511.7915688627
60,4,12,CLERIC,61.34635416666667,3209192.225835208
60,4,12,PALADIN,61.98402777777778,3175243.1623290046
61,4,12,WARRIOR,64.04288194444445,3129766.4799247463
61,4,12,ROGUE,63.27651909722221,3168598.1375562376
61,4,12,RANGER,62.792881944444446,3193479.6146944733
61,4,12,MAGE,63.25164930555555,3171316.753433362
61,4,12,CLERIC,63.33511284722223,3271638.2399891447
61,4,12,PALADIN,63.99774305555555,3236617.219574258
62,4,12,WARRIOR,66.00013020833333,3184712.945247504
62,4,12,ROGUE,65.18363715277779,3225507.3032318545
62,4,12,RANGER,64.67282986111111,3251653.3026947873
62,4,12,MAGE,65.15147569444446,3228813.3731088736
62,4,12,CLERIC,65.26757812500001,3331695.211419337
62,4,12,PALADIN,65.95512152777778,3295728.672616455
63,4,12,WARRIOR,68.04761284722221,3242163.832335024
63,4,12,ROGUE,67.17790798611111,3284789.4827362304
63,4,12,RANGER,66.63749999999999,3311620.2982554873
63,4,12,MAGE,67.13676215277778,3288056.8994027143
63,4,12,CLERIC,67.28450520833333,3393891.609672082
63,4,12,PALADIN,68.00238715277777,3357567.838751576
64,4,12,WARRIOR,70.12686631944445,3299368.7211978785
64,4,12,ROGUE,69.19952256944445,3343943.1665555453
64,4,12,RANGER,68.630078125,3372512.624179677
64,4,12,MAGE,69.150390625,3348316.443440192
64,4,12,CLERIC,69.33276909722224,3457141.7364549357
64,4,12,PALADIN,70.08216145833333,3419281.1339369155
65,4,12,WARRIOR,72.23823784722221,3356386.6283017774
65,4,12,ROGUE,71.25208333333333,3403239.30235958
65,4,12,RANGER,70.65169270833333,3433548.2245832607
65,4,12,MAGE,71.19574652777779,3408320.5707074706
65,4,12,CLERIC,71.41323784722223,3520264.67645702
65,4,12,PALADIN,72.19327256944445,3480883.6343895057
66,4,12,WARRIOR,74.36879340277777,3414165.992983775
66,4,12,ROGUE,73.32118055555556,3463566.0879407097
66,4,12,RANGER,72.68845486111111,3494856.410456058
66,4,12,MAGE,73.25555555555556,3468742.815960109
66,4,12,CLERIC,73.51080729166665,3583822.31325822
66,4,12,PALADIN,74.32395833333334,3543355.806365713
67,4,12,WARRIOR,76.51319444444445,3471144.008114069
67,4,12,ROGUE,75.40238715277778,3523102.8747040615
67,4,12,RANGER,74.73641493055555,3555491.198593204
67,4,12,MAGE,75.32769097222221,3528445.7291809516
67,4,12,CLERIC,75.62026909722223,3646766.41814714
67,4,12,PALADIN,76.46831597222223,3605071.974844338
68,4,12,WARRIOR,78.6041232638889,3526800.419957825
68,4,12,ROGUE,77.43016493055556,3579940.2774565564
68,4,12,RANGER,76.73177083333334,3614395.928185983
68,4,12,MAGE,77.34717881944444,3586502.278383843
68,4,12,CLERIC,77.678125,3708054.9342237604
68,4,12,PALADIN,78.55963541666667,3665392.088414786
69,4,12,WARRIOR,80.77903645833335,3583467.2684454597
69,4,12,ROGUE,79.53836805555558,3639175.4053882966
69,4,12,RANGER,78.80425347222223,3674881.6940709935
69,4,12,MAGE,79.44366319444445,3646069.798588491
69,4,12,CLERIC,79.81666666666666,3770872.9894027985
69,4,12,PALADIN,80.73450520833332,3726923.1984336525
70,4,12,WARRIOR,82.98611111111111,3640456.3676987444
70,4,12,ROGUE,81.67625868055556,3698282.267909647
70,4,12,RANGER,80.90625,3735435.908845114
70,4,12,MAGE,81.5681423611111,3705840.791516126
70,4,12,CLERIC,81.984375,3833968.7897846387
70,4,12,PALADIN,82.94179687500001,3788927.7017486845
71,4,12,WARRIOR,85.20963541666667,3697780.429516664
71,4,12,ROGUE,83.82999131944446,3758470.9822034608
71,4,12,RANGER,83.01861979166668,3796999.897174171
71,4,12,MAGE,83.7075954861111,3766493.6367968237
71,4,12,CLERIC,84.16710069444444,3898105.803579808
71,4,12,PALADIN,85.16484374999999,3851452.246103605
72,4,12,WARRIOR,87.46510416666665,3755359.5502968454
72,4,12,ROGUE,86.01284722222222,3818311.039936702
72,4,12,RANGER,85.15907118055557,3858606.88423676
72,4,12,MAGE,85.87317708333333,3827345.5261362293
72,4,12,CLERIC,86.3795138888889,3962407.2851957404
72,4,12,PALADIN,87.42044270833333,3914266.0224698354
73,4,12,WARRIOR,89.6734375,3810347.865693227
73,4,12,ROGUE,88.14852430555557,3875920.4926186954
73,4,12,RANGER,87.25334201388888,3917987.4874659074
73,4,12,MAGE,87.99227430555554,3886023.706468865
73,4,12,CLERIC,88.54600694444444,4024462.800294103
73,4,12,PALADIN,89.62925347222222,3974464.382579085
74,4,12,WARRIOR,92.043359375,3864542.3123443015
74,4,12,ROGUE,90.44162326388889,3932500.574428621
74,4,12,RANGER,89.4974826388889,3976376.182678943
74,4,12,MAGE,90.258203125,3943879.0345406625
74,4,12,CLERIC,90.86605902777777,4085588.8323109895
74,4,12,PALADIN,91.99939236111112,4033961.4640419763
75,4,12,WARRIOR,94.44318576388889,3918723.725343766
75,4,12,ROGUE,92.76124131944447,3989384.4190604696
75,4,12,RANGER,91.76510416666667,4035334.474910465
75,4,12,MAGE,92.55173611111111,4001822.5542020416
75,4,12,CLERIC,93.2140625,4146994.1049667266
75,4,12,PALADIN,94.39895833333335,4093653.3928472893
76,4,12,WARRIOR,96.85902777777778,3973644.160542598
76,4,12,ROGUE,95.09531249999998,4046888.3416309305
76,4,12,RANGER,94.046875,4095342.5213490613
76,4,12,MAGE,94.85933159722224,4061168.8375925785
76,4,12,CLERIC,95.57829861111112,4209818.706594178
76,4,12,PALADIN,96.81475694444444,4154224.2313409955
77,4,12,WARRIOR,99.30950520833333,4028473.74199715
77,4,12,ROGUE,97.461328125,4105015.6778529948
77,4,12,RANGER,96.35651041666667,4155318.506955236
77,4,12,MAGE,97.19574652777779,4120326.0603646524
77,4,12,CLERIC,97.97300347222222,4272552.587598093
77,4,12,PALADIN,99.26523437499999,4214842.278460092
78,4,12,WARRIOR,101.68506944444444,4081326.440842334
78,4,12,ROGUE,99.75407986111112,4160550.9169685515
78,4,12,RANGER,98.59401041666666,4213199.0339169735
78,4,12,MAGE,99.45789930555556,4177456.5773660163
78,4,12,CLERIC,100.29348958333334,4333205.823533535
78,4,12,PALADIN,101.64071180555554,4273429.500188317
79,4,12,WARRIOR,104.1478732638889,4135797.983686223
79,4,12,ROGUE,102.13068576388888,4217868.030093185
79,4,12,RANGER,100.91197916666667,4272945.651480508
79,4,12,MAGE,101.80260416666667,4236335.496083617
79,4,12,CLERIC,102.70091145833332,4395634.385953346
79,4,12,PALADIN,104.10381944444444,4333847.388190876
80,4,12,WARRIOR,106.64253472222222,4190580.1186791933
80,4,12,ROGUE,104.53446180555555,4275581.724726943
80,4,12,RANGER,103.25390625000001,4332638.615064502
80,4,12,MAGE,104.17378472222224,4295192.7703606915
80,4,12,CLERIC,105.13628472222223,4458155.037063335
80,4,12,PALADIN,106.59796006944447,4394723.806227725
81,4,12,WARRIOR,109.15364583333333,4245711.96659907
81,4,12,ROGUE,106.95434027777777,4333902.649332773
81,4,12,RANGER,105.61054687500001,4393247.852997636
81,4,12,MAGE,106.56037326388888,4355001.525527351
81,4,12,CLERIC,107.58736979166669,4521835.338381716
81,4,12,PALADIN,109.10868055555557,4456052.772560488
82,4,12,WARRIOR,111.69765625000002,4301404.325012414
82,4,12,ROGUE,109.40169270833334,4392491.873673687
82,4,12,RANGER,107.99253472222225,4454024.231741841
82,4,12,MAGE,108.97517361111112,4414931.693221411
82,4,12,CLERIC,110.06679687500002,4585719.958405939
82,4,12,PALADIN,111.65286458333334,4518044.107690549
83,4,12,WARRIOR,114.17556423611109,4354871.920945943
83,4,12,ROGUE,111.78624131944446,4449581.050888061
83,4,12,RANGER,110.31289062500001,4512958.127485384
83,4,12,MAGE,111.32491319444445,4472830.508232986
83,4,12,CLERIC,112.48216145833332,4647440.649454833
83,4,12,PALADIN,114.13103298611111,4577636.48955213
84,4,12,WARRIOR,116.75121527777776,4410585.981052423
84,4,12,ROGUE,114.2609375,4508469.852174983
84,4,12,RANGER,112.71801215277777,4573831.819032793
84,4,12,MAGE,113.76163194444443,4532885.855811449
84,4,12,CLERIC,114.99019097222225,4711532.893974198
84,4,12,PALADIN,116.70664062499999,4639861.86036704
85,4,12,WARRIOR,119.35746527777779,4466386.389798385
85,4,12,ROGUE,116.76527777777775,4567568.540816692
85,4,12,RANGER,115.14826388888888,4635168.57179904
85,4,12,MAGE,116.22682291666665,4593225.044598946
85,4,12,CLERIC,117.52660590277777,4776058.214123353
85,4,12,PALADIN,119.31358506944443,4702288.99687703
86,4,12,WARRIOR,121.97994791666666,4522912.161877699
86,4,12,ROGUE,119.28177083333333,4627548.782862707
86,4,12,RANGER,117.58932291666666,4697715.5162631245
86,4,12,MAGE,118.70303819444445,4654804.798213328
86,4,12,CLERIC,120.07421875000001,4842042.756888643
86,4,12,PALADIN,121.93515624999999,4765613.368273352
87,4,12,WARRIOR,124.63546006944442,4579961.726437623
87,4,12,ROGUE,121.82873263888887,4688085.134484816
87,4,12,RANGER,120.05833333333332,4760209.9174012635
87,4,12,MAGE,121.20490451388889,4716253.328238846
87,4,12,CLERIC,122.65329861111111,4907789.453617426
87,4,12,PALADIN,124.59079861111108,4829624.498420525
88,4,12,WARRIOR,127.22947048611111,4633875.043827675
88,4,12,ROGUE,124.31514756944445,4744451.077315612
88,4,12,RANGER,122.46731770833334,4819475.839408685
88,4,12,MAGE,123.64331597222223,4774929.792869976
88,4,12,CLERIC,125.16861979166666,4970626.930879699
88,4,12,PALADIN,127.18437500000002,4890255.719305142
89,4,12,WARRIOR,129.98155381944443,4686688.894785085
89,4,12,ROGUE,126.95325520833333,4800741.337824269
89,4,12,RANGER,125.01927083333334,4878143.801830551
89,4,12,MAGE,126.22204861111108,4832963.677106732
89,4,12,CLERIC,127.8345486111111,5032755.278619418
89,4,12,PALADIN,129.93650173611113,4949933.875153361
90,4,12,WARRIOR,132.7644965277778,4740113.731145963
90,4,12,ROGUE,129.62196180555554,4857079.045809629
90,4,12,RANGER,127.59674479166668,4937470.090566492
90,4,12,MAGE,128.82894965277777,4891792.122508481
90,4,12,CLERIC,130.52695312499998,5095955.260677124
90,4,12,PALADIN,132.7203125,5010343.185976148
91,4,12,WARRIOR,135.56210937499998,4793738.795697315
91,4,12,ROGUE,132.2990885416667,4913973.707065646
91,4,12,RANGER,130.18346354166667,4997860.226343231
91,4,12,MAGE,131.44440104166665,4951421.122484257
91,4,12,CLERIC,133.232421875,5159975.075042146
91,4,12,PALADIN,135.51796875,5071080.796250497
92,4,12,WARRIOR,138.36115451388886,4847155.305123437
92,4,12,ROGUE,134.97634548611111,4971121.940540636
92,4,12,RANGER,132.7693576388889,5057769.991637806
92,4,12,MAGE,134.0597222222222,5010615.487655792
92,4,12,CLERIC,135.93940972222222,5223528.449281044
92,4,12,PALADIN,138.31809895833334,5131613.619948733
93,4,12,WARRIOR,141.13953993055557,4900004.738415457
93,4,12,ROGUE,137.63355034722224,5027282.182047297
93,4,12,RANGER,135.32890625,5117416.7344606025
93,4,12,MAGE,136.65169270833334,5069465.252919288
93,4,12,CLERIC,138.6224826388889,5286819.485275193
93,4,12,PALADIN,141.09461805555554,5191702.800893313
94,4,12,WARRIOR,144.00442708333335,4954455.136904428
94,4,12,ROGUE,140.37087673611111,5084579.089038989
94,4,12,RANGER,137.96571180555557,5178395.472959326
94,4,12,MAGE,139.31970486111112,5129517.7454433525
94,4,12,CLERIC,141.38528645833333,5351538.9995017685
94,4,12,PALADIN,143.9596788194445,5253657.346207869
95,4,12,WARRIOR,146.89952256944443,5009041.356156552
95,4,12,ROGUE,143.13563368055554,5142332.8184314305
95,4,12,RANGER,140.62821180555554,5239444.740336178
95,4,12,MAGE,142.01319444444442,5189915.682717276
95,4,12,CLERIC,144.17816840277777,5416566.247261704
95,4,12,PALADIN,146.85499131944448,5315890.60140876
96,4,12,WARRIOR,149.80863715277778,5063934.778182004
96,4,12,ROGUE,145.91102430555557,5200983.583483798
96,4,12,RANGER,143.29852430555553,5301630.114871648
96,4,12,MAGE,144.71918402777777,5251111.324098095
96,4,12,CLERIC,146.98342013888887,5482595.1201742925
96,4,12,PALADIN,149.76419270833333,5378581.570020231
97,4,12,WARRIOR,152.63337673611113,5117847.623773947
97,4,12,ROGUE,148.60581597222222,5258019.512984984
97,4,12,RANGER,145.88927951388888,5362146.952600624
97,4,12,MAGE,147.34453125,5310639.103716312
97,4,12,CLERIC,149.70720486111108,5546814.687512142
97,4,12,PALADIN,152.58932291666665,5440183.712613685
98,4,12,WARRIOR,155.5468315972222,5172739.450800674
98,4,12,ROGUE,151.37960069444443,5316856.368412512
98,4,12,RANGER,148.5539496527778,5424352.181537115
98,4,12,MAGE,150.0458767361111,5371968.958984477
98,4,12,CLERIC,152.51132812500003,5613105.495749546
98,4,12,PALADIN,155.50277777777777,5503050.291393509
99,4,12,WARRIOR,158.48763020833331,5227955.11768548
99,4,12,ROGUE,154.1794704861111,5375717.974638931
99,4,12,RANGER,151.24296875,5486669.228631496
99,4,12,MAGE,152.7692708333333,5433465.1442637155
99,4,12,CLERIC,155.34192708333333,5679535.54219271
99,4,12,PALADIN,158.4429253472222,5566325.33295348
100,4,12,WARRIOR,161.45750868055552,5283552.94705
100,4,12,ROGUE,157.00698784722223,5434848.711672146
100,4,12,RANGER,153.9545138888889,5549432.33706745
100,4,12,MAGE,155.51753472222222,5495386.491073153
100,4,12,CLERIC,158.1993923611111,5746496.189836029
100,4,12,PALADIN,161.4139322916667,5630113.349171021
20,6,1,WARRIOR,62.554941492410606,102880.81419244558
20,6,1,ROGUE,62.5050248212404,103105.41561948153
20,6,1,RANGER,62.695423589571334,102667.59827061262
20,6,1,MAGE,62.88096838219738,102393.0597071222
20,6,1,CLERIC,62.11606698458197,104523.06166795042
20,6,1,PALADIN,62.70307698633418,103489.79965391927
21,6,1,WARRIOR,69.16150862640741,108420.84833639511
21,6,1,ROGUE,69.09416161887461,108755.13771987487
21,6,1,RANGER,69.32129521969664,108136.51997186102
21,6,1,MAGE,69.52041128599012,107895.59298121708
21,6,1,CLERIC,68.70789727632436,110144.87671721763
21,6,1,PALADIN,69.3268258967066,109120.71863453623
22,6,1,WARRIOR,76.02677514556868,114075.31485972156
22,6,1,ROGUE,75.96716875769147,114375.08570595883
22,6,1,RANGER,76.21581008547385,113767.16806232043
22,6,1,MAGE,76.41874769730485,113476.18809259596
22,6,1,CLERIC,75.56738366716961,115835.07096862626
22,6,1,PALADIN,76.24008987727893,114818.95157246935
23,6,1,WARRIOR,83.19152244411502,119699.71167061423
23,6,1,ROGUE,83.17668987051348,119947.3436071039
23,6,1,RANGER,83.41373086767739,119353.41860314528
23,6,1,MAGE,83.64218166422656,119036.65174551934
23,6,1,CLERIC,82.73791559322069,121529.90851178621
23,6,1,PALADIN,83.44271904698671,120518.99482490748
24,6,1,WARRIOR,90.66466200238357,125397.00624705476
24,6,1,ROGUE,90.67312376919266,125588.5222834801
24,6,1,RANGER,90.89582404542914,125069.05151460227
24,6,1,MAGE,91.16116153788595,124742.20375937206
24,6,1,CLERIC,90.19107963097102,127392.50291726772
24,6,1,PALADIN,90.95537280077323,126294.90316268975
25,6,1,WARRIOR,98.42481633145394,131214.52349485143
25,6,1,ROGUE,98.4964996899414,131289.22959909594
25,6,1,RANGER,98.69631452389588,130736.35715015417
25,6,1,MAGE,98.98543725208678,130390.6783745394
25,6,1,CLERIC,97.94799032205442,133198.3486297461
25,6,1,PALADIN,98.779114440414,132168.69032952713
26,6,1,WARRIOR,106.46059445653643,136966.83746635538
26,6,1,ROGUE,106.57815343455904,137036.12939745458
26,6,1,RANGER,106.74623394277985,136538.47388014413
26,6,1,MAGE,107.07063460963148,136122.52022356968
26,6,1,CLERIC,105.97458721180806,139088.74063873335
26,6,1,PALADIN,106.86380196351998,138013.3360549415
27,6,1,WARRIOR,114.75512259820046,142851.9616714441
27,6,1,ROGUE,114.93678977605677,142745.3594881748
27,6,1,RANGER,115.0638834971592,142424.19516810938
27,6,1,MAGE,115.38701049149343,142019.4796424516
27,6,1,CLERIC,114.23848689277293,145158.1217375969
27,6,1,PALADIN,115.22080122098853,143977.6304426368
28,6,1,WARRIOR,123.36476213525165,148762.1758422366
28,6,1,ROGUE,123.5973496514617,148556.68822412207
28,6,1,RANGER,123.67400074259032,148297.2271041279
28,6,1,MAGE,124.05334213292146,147850.48610659354
28,6,1,CLERIC,122.85613658717531,151140.7632196236
28,6,1,PALADIN,123.90799502675904,149967.89751934088
29,6,1,WARRIOR,132.23375426040602,154663.5349604057
29,6,1,ROGUE,132.56200841030477,154470.30691946138
29,6,1,RANGER,132.59396298682196,154209.82158163702
29,6,1,MAGE,133.04452332279172,153693.1898947025
29,6,1,CLERIC,131.77206867889876,157189.62358763436
29,6,1,PALADIN,132.88134107517914,155923.70339472863
30,6,1,WARRIOR,141.42157659010954,160557.1294174639
30,6,1,ROGUE,141.8100305348784,160265.67533183197
30,6,1,RANGER,141.79798023452685,160211.37183989596
30,6,1,MAGE,142.3084916881372,159613.66996129483
30,6,1,CLERIC,141.00661558017887,163255.7506630626
30,6,1,PALADIN,142.16114887012773,161892.5722352269
31,6,1,WARRIOR,150.87486679211608,166511.79572947114
31,6,1,ROGUE,151.33094292963352,166201.68115052997
31,6,1,RANGER,151.2747048316373,166159.44171218216
31,6,1,MAGE,151.84495320438032,165516.84774252336
31,6,1,CLERIC,150.48676301933466,169358.20874640992
31,6,1,PALADIN,151.73015734081935,167909.53226769008
32,6,1,WARRIOR,160.64575684805817,172449.48516568844
32,6,1,ROGUE,161.1374362151939,172137.05479623715
32,6,1,RANGER,161.04523715994344,172155.79719358488
32,6,1,MAGE,161.65020587976687,171514.21861238885
32,6,1,CLERIC,160.20798992130221,175583.36050416724
32,6,1,PALADIN,161.6345333823963,173906.50167250333
33,6,1,WARRIOR,170.67645783206157,178496.03834921593
33,6,1,ROGUE,171.23649081480124,178198.33176213654
33,6,1,RANGER,171.10627360603223,178186.34572803378
33,6,1,MAGE,171.7242139663742,177556.7389900558
33,6,1,CLERIC,170.22389954607553,181833.56461718187
33,6,1,PALADIN,171.78202175373355,180046.9531633498
34,6,1,WARRIOR,180.95837899330877,184581.25460018116
34,6,1,ROGUE,181.57040032134503,184307.76714306744
34,6,1,RANGER,181.38377056537516,184334.33064756537
34,6,1,MAGE,182.03864722812642,183665.31748393565
34,6,1,CLERIC,180.50301126796097,188128.44664729122
34,6,1,PALADIN,182.18114995202345,186237.13853730212
35,6,1,WARRIOR,191.52739266434313,190743.85061474986
35,6,1,ROGUE,192.20010694604227,190350.9317389241
35,6,1,RANGER,191.9242618597871,190521.24693965758
35,6,1,MAGE,192.65233739974488,189810.43452965873
35,6,1,CLERIC,191.08358574814739,194477.519377199
35,6,1,PALADIN,192.87167033964036,192515.09985688466
36,6,1,WARRIOR,202.3122675321826,196963.30355331127
36,6,1,ROGUE,203.05285932015278,196475.8813718437
36,6,1,RANGER,202.65554622624484,196731.0224413529
36,6,1,MAGE,203.4574780321515,195961.5195672461
36,6,1,CLERIC,201.86363256931912,200829.47109642782
36,6,1,PALADIN,203.79105122760416,198850.8701971448
37,6,1,WARRIOR,213.30317170377444,203266.62411383537
37,6,1,ROGUE,214.1083410419116,202654.84334403588
37,6,1,RANGER,213.66962922491834,202992.98662536245
37,6,1,MAGE,214.50848793879177,202243.36419908455
37,6,1,CLERIC,212.88343413349497,207327.53051993146
37,6,1,PALADIN,214.94794473161255,205254.65883187565
38,6,1,WARRIOR,224.58248961067468,209586.8814465343
38,6,1,ROGUE,225.50008659089966,208859.3568832833
38,6,1,RANGER,224.98672235086786,209349.350465429
38,6,1,MAGE,225.8384025214514,208631.6611189479
38,6,1,CLERIC,224.2309875757242,213903.04739349356
38,6,1,PALADIN,226.3891204789585,211697.78261033725
39,6,1,WARRIOR,236.08215636809584,215897.8310098494
39,6,1,ROGUE,237.03422151966814,215262.69992945378
39,6,1,RANGER,236.4508346213623,215787.58838684292
39,6,1,MAGE,237.39591486261293,214982.440428833
39,6,1,CLERIC,235.78387596433814,220462.69560375754
39,6,1,PALADIN,238.06952274513515,218126.6084113287
40,6,1,WARRIOR,247.92869274507018,222261.8989854522
40,6,1,ROGUE,248.8907168555435,221658.5466083093
40,6,1,RANGER,248.2576790452681,222138.08964372147
40,6,1,MAGE,249.29379133603447,221290.4504333956
40,6,1,CLERIC,247.67053191392506,226999.39942608497
40,6,1,PALADIN,250.08499023358831,224630.25248947967
41,6,1,WARRIOR,259.8991195068941,228749.42852941438
41,6,1,ROGUE,260.97573029990554,228099.79516712765
41,6,1,RANGER,260.212599527377,228660.55744637363
41,6,1,MAGE,261.35662600361366,227720.4950188525
41,6,1,CLERIC,259.7676775565481,233637.09477207097
41,6,1,PALADIN,262.2783803543452,231217.13146188154
42,6,1,WARRIOR,272.1245208169167,235201.81655390596
42,6,1,ROGUE,273.2970957695445,234518.78305558776
42,6,1,RANGER,272.4288132944146,235132.54655546855
42,6,1,MAGE,273.65208257307484,234155.8465771555
42,6,1,CLERIC,272.1083960568073,240270.47289768627
42,6,1,PALADIN,274.7538607069937,237759.782590153
43,6,1,WARRIOR,284.6384756113094,241730.43907619274
43,6,1,ROGUE,285.85793769655845,240989.5573658208
43,6,1,RANGER,284.90016913581155,241752.58090024933
43,6,1,MAGE,286.2246667503763,240703.87226648568
43,6,1,CLERIC,284.71144808686597,247060.97031805624
43,6,1,PALADIN,287.49302565380856,244417.8685820204
44,6,1,WARRIOR,297.34017657969065,248398.91689747796
44,6,1,ROGUE,298.63405405425857,247545.45968179684
44,6,1,RANGER,297.604836833985,248390.2988990616
44,6,1,MAGE,299.0362962824254,247251.92386903355
44,6,1,CLERIC,297.5555395907732,253842.8260027667
44,6,1,PALADIN,300.45435573795936,251199.37748822136
45,6,1,WARRIOR,310.2544438076793,255019.78603099583
45,6,1,ROGUE,311.70360154376687,254002.93674945904
45,6,1,RANGER,310.5170590169566,254989.01493742492
45,6,1,MAGE,312.06218223888106,253759.82058082765
45,6,1,CLERIC,310.61737322242993,260592.99753667132
45,6,1,PALADIN,313.6361962182066,257934.6286811136
46,6,1,WARRIOR,323.3091049441663,261660.66028239287
46,6,1,ROGUE,324.896383044804,260633.9776128642
46,6,1,RANGER,323.593851417857,261677.357098965
46,6,1,MAGE,325.25597428915535,260354.63087210525
46,6,1,CLERIC,323.84815700322383,267445.98935339256
46,6,1,PALADIN,326.9743573864499,264698.87445243035
47,6,1,WARRIOR,336.589396170625,268435.6701457053
47,6,1,ROGUE,338.2848611599064,267291.77519935876
47,6,1,RANGER,336.8704947688191,268423.20833724044
47,6,1,MAGE,338.68459531821213,267013.6520455943
47,6,1,CLERIC,337.3243954426891,274375.15415550396
47,6,1,PALADIN,340.55181256141043,271601.233720701
48,6,1,WARRIOR,350.0568865404926,275272.7576717834
48,6,1,ROGUE,351.9287849523923,274012.6552181434
48,6,1,RANGER,350.36805607865904,275160.3542757224
48,6,1,MAGE,352.32362111132016,273672.68197449273
48,6,1,CLERIC,350.99856171740925,281309.83006561594
48,6,1,PALADIN,354.3493028393525,278559.90126570093
49,6,1,WARRIOR,363.7136744042609,282140.67385720985
49,6,1,ROGUE,365.7721977633143,280756.6087320586
49,6,1,RANGER,364.0550813488275,282050.2720894949
49,6,1,MAGE,366.19206668967263,280440.6400467665
49,6,1,CLERIC,364.87947244750023,288402.1036635352
49,6,1,PALADIN,368.37424056170653,285527.3421184864
50,6,1,WARRIOR,377.5910664545503,289127.9028727783
50,6,1,ROGUE,379.81925470477256,287604.83660157997
50,6,1,RANGER,377.9820509991507,288976.6769976742
50,6,1,MAGE,380.3014930230897,287260.4555311784
50,6,1,CLERIC,379.0214134045235,295529.3290525816
50,6,1,PALADIN,382.6470561237038,292621.38084057707
51,6,1,WARRIOR,391.5718362362004,296191.13376437913
51,6,1,ROGUE,393.98273941932877,294590.1473274185
51,6,1,RANGER,392.0307039152805,296038.44664697547
51,6,1,MAGE,394.5191827929665,294202.90397111024
51,6,1,CLERIC,393.3123589798193,302770.0955263145
51,6,1,PALADIN,397.03461299894195,299797.2635204911
52,6,1,WARRIOR,405.74742554110003,303293.04483174015
52,6,1,ROGUE,408.39506563547747,301536.04113918624
52,6,1,RANGER,406.28997966894246,303112.0641354422
52,6,1,MAGE,408.93860381775,301198.8660402761
52,6,1,CLERIC,407.82865737852876,310061.8437417277
52,6,1,PALADIN,411.68830431281447,306982.41269800917
53,6,1,WARRIOR,420.11582224299104,310491.9285795269
53,6,1,ROGUE,422.98485682617866,308575.5379740155
53,6,1,RANGER,420.74853733868406,310224.1764774859
53,6,1,MAGE,423.56582460805726,308206.060553396
53,6,1,CLERIC,422.56770545065973,317365.6201009874
53,6,1,PALADIN,426.5642488438123,314250.0994594181
54,6,1,WARRIOR,434.6764811382216,317716.79914304975
54,6,1,ROGUE,437.7782498228504,315578.83884342056
54,6,1,RANGER,435.4180367119775,317400.50689245673
54,6,1,MAGE,438.4045930157373,315292.2533250881
54,6,1,CLERIC,437.54284494494925,324747.3369273758
54,6,1,PALADIN,441.65581556707497,321549.9940664362
55,6,1,WARRIOR,449.4721116189431,324948.50717528805
55,6,1,ROGUE,452.7887987208069,322672.2310440543
55,6,1,RANGER,450.32891852506435,324566.5553829294
55,6,1,MAGE,453.4708991199218,322387.07110803766
55,6,1,CLERIC,452.7712580902602,332131.8253985144
55,6,1,PALADIN,457.00944091223045,328862.0259682208
56,6,1,WARRIOR,464.4040303157257,332360.0283627284
56,6,1,ROGUE,467.94593207234976,329877.50222846994
56,6,1,RANGER,465.3844293320878,331862.745110865
56,6,1,MAGE,468.69798529920814,329595.17249446345
56,6,1,CLERIC,468.1690845841112,339639.7674170484
56,6,1,PALADIN,472.5603115069151,336328.8568779315
57,6,1,WARRIOR,480.08439165216276,339332.7435398745
57,6,1,ROGUE,483.92993105031985,336739.08435734955
57,6,1,RANGER,481.2280232581125,338725.714337859
57,6,1,MAGE,484.71714057490505,336374.10791088763
57,6,1,CLERIC,484.38476291048363,346713.6885219004
57,6,1,PALADIN,488.9225239743232,343337.30093976157
58,6,1,WARRIOR,496.0540819229499,346349.52381903044
58,6,1,ROGUE,500.19083812719094,343577.57309881004
58,6,1,RANGER,497.351674253795,345653.1184808578
58,6,1,MAGE,501.00261488353823,343235.87957215327
58,6,1,CLERIC,500.91355072984754,353860.5854328271
58,6,1,PALADIN,505.606111454859,350394.06080896856
59,6,1,WARRIOR,512.2323373256007,353430.37413493637
59,6,1,ROGUE,516.698862277332,350421.10931302386
59,6,1,RANGER,513.709432186923,352581.0777484313
59,6,1,MAGE,517.527826314224,350064.71362662787
59,6,1,CLERIC,517.6842133534988,360981.2667735216
59,6,1,PALADIN,522.5551098232804,357501.76510220626
60,6,1,WARRIOR,528.6085065739853,360552.1838321465
60,6,1,ROGUE,533.4253863944531,357368.6672957384
60,6,1,RANGER,530.2884271001745,359559.7525438383
60,6,1,MAGE,534.2695214135925,356980.72972677666
60,6,1,CLERIC,534.6842827345666,368202.78663910774
60,6,1,PALADIN,539.7400689710959,364646.5617240283
61,6,1,WARRIOR,545.1227162815751,367695.6751220143
61,6,1,ROGUE,550.2894899983302,364349.79080394283
61,6,1,RANGER,546.9987821498664,366596.4074899156
61,6,1,MAGE,551.1528763787712,363948.05093450507
61,6,1,CLERIC,551.8554229161405,375478.0120308565
61,6,1,PALADIN,557.100529610951,371811.165450072
62,6,1,WARRIOR,561.1239230811229,374590.10463917104
62,6,1,ROGUE,566.6735684939199,371025.4181191016
62,6,1,RANGER,563.2088691009609,373384.78200492036
62,6,1,MAGE,567.5417841734957,370654.5700531065
62,6,1,CLERIC,568.5258768085313,382483.34221950214
62,6,1,PALADIN,573.9608524071948,378719.53150349593
63,6,1,WARRIOR,577.8166014978266,381819.26354850474
63,6,1,ROGUE,583.7930487827019,377985.4626311858
63,6,1,RANGER,580.135974039274,380390.3007229484
63,6,1,MAGE,584.6539222169874,377572.92923465825
63,6,1,CLERIC,585.9107405203538,389745.9150257158
63,6,1,PALADIN,591.5809601695692,385953.3072143739
64,6,1,WARRIOR,594.7195856319345,389047.87203896645
64,6,1,ROGUE,601.1343586509428,384937.688712891
64,6,1,RANGER,597.2923004546277,387508.43548264046
64,6,1,MAGE,601.9991322861362,384614.15902830235
64,6,1,CLERIC,603.5542395529752,397136.1545360525
64,6,1,PALADIN,609.4690126368544,393179.32090303226
65,6,1,WARRIOR,611.8304964536145,396285.3387790909
65,6,1,ROGUE,618.7273607582779,391913.9604200149
65,6,1,RANGER,614.6857045383065,394650.45676425414
65,6,1,MAGE,619.6046287797386,391633.49685652804
65,6,1,CLERIC,621.4619583103859,404519.52893220034
65,6,1,PALADIN,627.6142671765839,400399.4079524262
66,6,1,WARRIOR,629.0418059759953,403641.54331689887
66,6,1,ROGUE,636.4485976809278,399015.3414201011
66,6,1,RANGER,632.1971340349837,401829.90203723777
66,6,1,MAGE,637.3226330303565,398706.5089062931
66,6,1,CLERIC,639.5047941654022,411958.8685512826
66,6,1,PALADIN,645.913532738973,407726.7559262111
67,6,1,WARRIOR,646.3104704242293,410929.93010490993
67,6,1,ROGUE,654.2580035011981,406033.0412710244
67,6,1,RANGER,649.7907136648316,408938.8474041249
67,6,1,MAGE,655.1340950711692,405702.69735561
67,6,1,CLERIC,657.6370970467563,419333.79232010315
67,6,1,PALADIN,664.318417349911,414972.3621613769
68,6,1,WARRIOR,663.1027639430215,418066.504939679
68,6,1,ROGUE,671.5954490772763,412741.5790351862
68,6,1,RANGER,666.9188770533027,415851.1771145053
68,6,1,MAGE,672.4799152595558,412511.7000043491
68,6,1,CLERIC,675.3124855378267,426520.70094351325
68,6,1,PALADIN,682.2562863690994,422058.2087377332
69,6,1,WARRIOR,680.5119662793729,425369.49747943634
69,6,1,ROGUE,689.6039350936952,419739.58975911647
69,6,1,RANGER,684.6984866170886,422954.5035666978
69,6,1,MAGE,690.4760058405541,419503.55785337475
69,6,1,CLERIC,693.6695980205112,433893.18675113725
69,6,1,PALADIN,700.8899821500443,429298.90287772176
70,6,1,WARRIOR,698.1113249605315,432749.4853948687
70,6,1,ROGUE,707.8488022602655,426732.1753218653
70,6,1,RANGER,702.7169915225134,430073.7212077468
70,6,1,MAGE,708.6987747823185,426526.1349475972
70,6,1,CLERIC,712.2630996532605,441305.37599521584
70,6,1,PALADIN,719.7786380104307,436607.1111545629
71,6,1,WARRIOR,715.7771527783966,440201.9832945831
71,6,1,ROGUE,726.2123861507472,433857.3615943494
71,6,1,RANGER,720.8079040290227,437317.19512305444
71,6,1,MAGE,727.033274139783,433658.45411001355
71,6,1,CLERIC,730.9684785160413,448845.9808192672
71,6,1,PALADIN,738.7841083711058,443984.0070101169
72,6,1,WARRIOR,733.6288090189289,447723.5765717116
72,6,1,ROGUE,744.8030017919026,440953.9211507654
72,6,1,RANGER,739.1233611841658,444574.4723668998
72,6,1,MAGE,745.5739674473448,440823.22408636357
72,6,1,CLERIC,749.910151347815,456415.7646217163
72,6,1,PALADIN,758.0486684410998,451404.88046261616
73,6,1,WARRIOR,751.0384685775479,454952.71611672366
73,6,1,ROGUE,762.9708742355049,447797.79056748294
73,6,1,RANGER,757.0299712963612,451577.23632076656
73,6,1,MAGE,763.7019841113326,447740.18013766466
73,6,1,CLERIC,768.4436776707215,463729.64137418044
73,6,1,PALADIN,776.8949285054484,458528.25458365923
74,6,1,WARRIOR,769.6466795184928,462167.20781220915
74,6,1,ROGUE,782.4587477308379,454543.75258623343
74,6,1,RANGER,776.2056857485907,458481.1280167129
74,6,1,MAGE,783.0731170750907,454577.5193121148
74,6,1,CLERIC,788.2775878445512,470952.5701664488
74,6,1,PALADIN,797.0961510849623,465592.5172827013
75,6,1,WARRIOR,788.4144405608092,469419.04372875957
75,6,1,ROGUE,802.1517517616037,461334.4669506879
75,6,1,RANGER,795.5680119167728,465457.2367047843
75,6,1,MAGE,802.6643583019728,461432.7535154611
75,6,1,CLERIC,808.3340940496731,478215.8398773979
75,6,1,PALADIN,817.5245581582758,472691.14084238245
76,6,1,WARRIOR,807.2337114325496,476792.90975344734
76,6,1,ROGUE,821.9468246606767,468205.6064379506
76,6,1,RANGER,815.0345109049847,472561.78853069525
76,6,1,MAGE,822.3589521363145,468456.94381599256
76,6,1,CLERIC,828.5121079016789,485650.48790481855
76,6,1,PALADIN,838.0726798134089,479898.96215152234
77,6,1,WARRIOR,826.2485394770342,484195.3903067927
77,6,1,ROGUE,841.993639323576,475158.31623016595
77,6,1,RANGER,834.7195823414189,479672.45464265475
77,6,1,MAGE,842.2815889479832,475468.26694288856
77,6,1,CLERIC,848.931866033994,493084.10515389714
77,6,1,PALADIN,858.8993978003153,487120.2700764618
78,6,1,WARRIOR,844.6159652860372,491359.36285783205
78,6,1,ROGUE,861.4021365414732,481809.7272243274
78,6,1,RANGER,853.7710534677168,486542.8357524037
78,6,1,MAGE,861.5521235249837,482247.1493948464
78,6,1,CLERIC,868.6993021299188,500279.3625589955
78,6,1,PALADIN,879.0740736788191,494104.45519372344
79,6,1,WARRIOR,863.5931186986002,498770.2598870861
79,6,1,ROGUE,881.5006340675004,488682.2966732134
79,6,1,RANGER,873.4870820073154,493643.70858422015
79,6,1,MAGE,881.5051012111037,489242.7565450005
79,6,1,CLERIC,889.1860882825374,507695.36750957026
79,6,1,PALADIN,899.974885747144,501314.0623645806
80,6,1,WARRIOR,882.7433316674978,506255.97473313025
80,6,1,ROGUE,901.8086834178937,495610.258271252
80,6,1,RANGER,893.3850973035927,500749.1872488401
80,6,1,MAGE,901.6614801259802,496246.6478411418
80,6,1,CLERIC,909.8881505472372,515133.4886937475
80,6,1,PALADIN,921.1183600322065,508586.74969427404
81,6,1,WARRIOR,901.9399135454426,513820.1928449757
81,6,1,ROGUE,922.2289477693124,502618.89936190547
81,6,1,RANGER,913.3887347520443,507969.15996391594
81,6,1,MAGE,921.9286952365794,503369.2849813219
81,6,1,CLERIC,930.7030522112992,522714.9191480794
81,6,1,PALADIN,942.379571415087,515921.6660118449
82,6,1,WARRIOR,921.299817955038,521498.8349329595
82,6,1,ROGUE,942.857619330441,509669.7914248749
82,6,1,RANGER,933.587599766113,515218.2469224129
82,6,1,MAGE,942.4146347040239,510516.21020412166
82,6,1,CLERIC,951.7372399169923,530330.7320742451
82,6,1,PALADIN,963.899852781271,523345.413407767
83,6,1,WARRIOR,940.0723474821926,528916.6946370781
83,6,1,ROGUE,962.9390177987318,516545.62950627494
83,6,1,RANGER,953.2404705316984,522257.9943912959
83,6,1,MAGE,962.3250353707812,517431.6886296594
83,6,1,CLERIC,972.2037560091214,537700.2158949645
83,6,1,PALADIN,984.8446561953829,530490.1416694607
84,6,1,WARRIOR,959.5013135342843,536675.9441717017
84,6,1,ROGUE,983.7527247537091,523649.8756625759
84,6,1,RANGER,973.5898866616128,529538.3997160285
84,6,1,MAGE,982.9509205165118,524612.6552320957
84,6,1,CLERIC,993.4332734182893,545361.3058336542
84,6,1,PALADIN,1006.5935134800309,537955.6727078417
85,6,1,WARRIOR,979.080315374299,544487.0559303391
85,6,1,ROGUE,1004.7850940257596,530793.5125715818
85,6,1,RANGER,994.1290750327368,536883.6173083703
85,6,1,MAGE,1003.7955731105517,531837.3264196538
85,6,1,CLERIC,1014.8802134541169,553083.9049365083
85,6,1,PALADIN,1028.5837697786042,545455.7759265068
86,6,1,WARRIOR,998.7004119286694,552422.511643967
86,6,1,ROGUE,1025.8956545758647,538049.0803089576
86,6,1,RANGER,1014.7365175675384,544378.9370433626
86,6,1,MAGE,1024.7110077574575,539214.9274937647
86,6,1,CLERIC,1036.3985942591207,560985.4204820902
86,6,1,PALADIN,1050.6735879832443,553069.7805042446
87,6,1,WARRIOR,1018.4766523803372,560470.0270162231
87,6,1,ROGUE,1047.2381459800624,545380.6974372509
87,6,1,RANGER,1035.5562973494805,551880.0575717312
87,6,1,MAGE,1045.8174759257545,546589.675035304
87,6,1,CLERIC,1058.1565340109148,568872.8898108291
87,6,1,PALADIN,1073.0208188617175,560778.2837692973
88,6,1,WARRIOR,1037.7072275814785,568142.3935911717
88,6,1,ROGUE,1068.0508468600442,552227.5812490296
88,6,1,RANGER,1055.843156576301,559011.3220285354
88,6,1,MAGE,1066.3587121411383,553648.7360238859
88,6,1,CLERIC,1079.3455284255826,576429.4158377999
88,6,1,PALADIN,1094.8191454943023,568097.5892773487
89,6,1,WARRIOR,1058.0203620257003,575776.3524003921
89,6,1,ROGUE,1090.1108546814469,559089.6904041009
89,6,1,RANGER,1077.3061010584554,566099.0692671372
89,6,1,MAGE,1088.0519870809194,560659.401784753
89,6,1,CLERIC,1101.7724155987096,583931.844910906
89,6,1,PALADIN,1117.9239872463618,575331.6852487935
90,6,1,WARRIOR,1078.4695215791012,583529.5299569967
90,6,1,ROGUE,1112.39773901142,565970.3292115704
90,6,1,RANGER,1098.9507048565856,573278.7724493215
90,6,1,MAGE,1109.9481776428163,567778.2564595562
90,6,1,CLERIC,1124.386705757207,591575.3984209151
90,6,1,PALADIN,1141.262635948414,582665.4552853138
91,6,1,WARRIOR,1098.9372160386483,591343.466626801
91,6,1,ROGUE,1134.7234476242893,572927.4775484811
91,6,1,RANGER,1120.640111207064,580595.6328492329
91,6,1,MAGE,1131.882353812999,575003.7374092027
91,6,1,CLERIC,1147.0756097108886,599329.2597649888
91,6,1,PALADIN,1164.681559228596,590051.9016804631
92,6,1,WARRIOR,1119.3326770864348,599158.7825977601
92,6,1,ROGUE,1157.0173843695175,579925.4890760634
92,6,1,RANGER,1142.2933563342608,587867.2664524358
92,6,1,MAGE,1153.7873907811966,582188.4740677365
92,6,1,CLERIC,1169.7483892424257,607039.4117168885
92,6,1,PALADIN,1188.0898508670432,597425.3883088104
93,6,1,WARRIOR,1139.4997642853286,606919.3132929236
93,6,1,ROGUE,1179.1123770852253,586816.5823370782
93,6,1,RANGER,1163.6965217891943,595115.9916119899
93,6,1,MAGE,1175.46702359644,589341.0823367636
93,6,1,CLERIC,1192.1900863674,614727.5092225932
93,6,1,PALADIN,1211.2710882749632,604754.2377926508
94,6,1,WARRIOR,1160.2188071257833,614938.7245906375
94,6,1,ROGUE,1201.8440749453619,593859.7522269662
94,6,1,RANGER,1185.7183387779312,602538.5574906799
94,6,1,MAGE,1197.755197667976,596651.8866012074
94,6,1,CLERIC,1215.2702519996242,622601.329368946
94,6,1,PALADIN,1235.1607808635538,612320.9511710111
95,6,1,WARRIOR,1181.082078041384,623009.8630996392
95,6,1,ROGUE,1224.7702020010274,600970.749745496
95,6,1,RANGER,1207.9252091727697,609982.9187206851
95,6,1,MAGE,1220.2284130663854,604015.1967514481
95,6,1,CLERIC,1238.5725746013554,630524.6996235608
95,6,1,PALADIN,1259.2795012871047,619929.9419446479
96,6,1,WARRIOR,1201.9686041666341,631148.9044890469
96,6,1,ROGUE,1247.7499882482625,608199.4383569626
96,6,1,RANGER,1230.1597065155058,617574.9114941638
96,6,1,MAGE,1242.7706711736055,611485.742051554
96,6,1,CLERIC,1261.9417313885792,638579.8662140139
96,6,1,PALADIN,1283.484988085562,627602.9203516489
97,6,1,WARRIOR,1222.1805761205815,639148.0765608491
97,6,1,ROGUE,1270.0253422456947,615241.4870268301
97,6,1,RANGER,1251.6953692203465,624976.1521845086
97,6,1,MAGE,1264.6074151076987,618764.0686167888
97,6,1,CLERIC,1284.5970275710745,646426.9377301323
97,6,1,PALADIN,1306.9574855015512,635149.9252720067
98,6,1,WARRIOR,1242.9688601962494,647323.7246852372
98,6,1,ROGUE,1292.9150802760746,622518.5290809188
98,6,1,RANGER,1273.8146642851482,632595.1203640851
98,6,1,MAGE,1287.0430098144645,626274.1696302722
98,6,1,CLERIC,1307.8860795548899,654538.7916001383
98,6,1,PALADIN,1331.1343437538078,642864.9449080463
99,6,1,WARRIOR,1263.8961032319544,655565.1333355197
99,6,1,ROGUE,1315.9859687454561,629813.2126762934
99,6,1,RANGER,1296.109547756355,640239.2020982868
99,6,1,MAGE,1309.6311203490736,633817.0308340346
99,6,1,CLERIC,1331.362967538837,662681.7911973832
99,6,1,PALADIN,1355.4993824114745,650642.0295216169
100,6,1,WARRIOR,1284.9755403754211,663879.7930451388
100,6,1,ROGUE,1339.2518965358872,637153.6436365497
100,6,1,RANGER,1318.5621266790347,647948.3526228028
100,6,1,MAGE,1332.3938716570021,641423.6642912952
100,6,1,CLERIC,1355.0302109825411,670901.7984022005
100,6,1,PALADIN,1380.0836074187823,658495.420170391
20,6,5,WARRIOR,12.649614207606575,508766.76607497066
20,6,5,ROGUE,12.63952025471066,509877.4662826416
20,6,5,RANGER,12.678021944705561,507712.36953001586
20,6,5,MAGE,12.715542082826618,506354.71992152213
20,6,5,CLERIC,12.560866730954247,516888.0172894535
20,6,5,PALADIN,12.679569584494168,511778.32431595697
21,6,5,WARRIOR,13.985568226392637,536163.3732799812
21,6,5,ROGUE,13.971949579440016,537816.502970888
21,6,5,RANGER,14.017879642764141,534757.3110937236
21,6,5,MAGE,14.058144110463378,533565.8776194433
21,6,5,CLERIC,13.89384072346725,544689.0478755558
21,6,5,PALADIN,14.018998034514077,539624.3757132544
22,6,5,WARRIOR,15.373835417247955,564125.8721145137
22,6,5,ROGUE,15.361782047954225,565608.3005459062
22,6,5,RANGER,15.41206131922324,562602.02288353
22,6,5,MAGE,15.453098564828961,561163.0671428374
22,6,5,CLERIC,15.28093907951075,572828.2276667682
22,6,5,PALADIN,15.41697108321707,567803.3084611155
23,6,5,WARRIOR,16.822662433297495,591939.6700423526
23,6,5,ROGUE,16.819663048607985,593164.2608515688
23,6,5,RANGER,16.86759654664944,590227.1796676089
23,6,5,MAGE,16.913792968112293,588660.7024675683
23,6,5,CLERIC,16.73093584018036,600990.369489792
23,6,5,PALADIN,16.87345842224385,595991.1935861863
24,6,5,WARRIOR,18.333851319041553,620113.9623998187
24,6,5,ROGUE,18.335562424241175,621061.0485525522
24,6,5,RANGER,18.38059599810617,618492.1588598824
24,6,5,MAGE,18.434251502120983,616875.8295497714
24,6,5,CLERIC,18.238085354739294,629982.1034675841
24,6,5,PALADIN,18.39263771317575,624554.247147
25,6,5,WARRIOR,19.90307920275938,648882.7805704299
25,6,5,ROGUE,19.91757472954493,649252.2176064884
25,6,5,RANGER,19.957980499291963,646518.1497425432
25,6,5,MAGE,20.01644576011727,644808.6971672429
25,6,5,CLERIC,19.806657322742304,658693.2034977855
25,6,5,PALADIN,19.974723972715296,653601.3316295794
26,6,5,WARRIOR,21.528042646335614,677329.1551418399
26,6,5,ROGUE,21.551814960450994,677671.8179791933
26,6,5,RANGER,21.5858035396757,675210.80918811
26,6,5,MAGE,21.65140256649057,673153.8328864201
26,6,5,CLERIC,21.429764173024896,687822.40233675
26,6,5,PALADIN,21.609577682373843,682504.3056963546
27,6,5,WARRIOR,23.205329500467126,706432.3036081003
27,6,5,ROGUE,23.242065522582113,705905.1339072756
27,6,5,RANGER,23.267765914938003,704316.9103518835
27,6,5,MAGE,23.333107384706423,702315.5089167813
27,6,5,CLERIC,23.100857460311424,717836.7390037326
27,6,5,PALADIN,23.299497199812095,711998.9669834501
28,6,5,WARRIOR,24.946336941477472,735659.5271102389
28,6,5,ROGUE,24.99336987411829,734643.3486151792
28,6,5,RANGER,25.008869956257875,733360.2600628792
28,6,5,MAGE,25.08557888006444,731151.0340339766
28,6,5,CLERIC,24.84348468383324,747422.1304422481
28,6,5,PALADIN,25.05618735998174,741622.0685545489
29,6,5,WARRIOR,26.73978964268597,764842.960557623
29,6,5,ROGUE,26.806167905684887,763887.4081907615
29,6,5,RANGER,26.8126296344543,762599.2546708353
29,6,5,MAGE,26.903740173306907,760044.404821748
29,6,5,CLERIC,26.64642940044213,777334.9878785755
29,6,5,PALADIN,26.870742101075013,771074.7524040687
30,6,5,WARRIOR,28.59771493373405,793987.9961603355
30,6,5,ROGUE,28.67626656245463,792546.6958190596
30,6,5,RANGER,28.67382979811762,792278.1538931841
30,6,5,MAGE,28.777063416160704,789322.3952880471
30,6,5,CLERIC,28.513803150562484,807333.2327310357
30,6,5,PALADIN,28.747268331078455,800592.0353002319
31,6,5,WARRIOR,30.5093220936966,823435.044634782
31,6,5,ROGUE,30.601548016241676,821901.4643197443
31,6,5,RANGER,30.59017576927846,821692.5816177775
31,6,5,MAGE,30.705489152132298,818514.8223979583
31,6,5,CLERIC,30.430841275377926,837511.1418829311
31,6,5,PALADIN,30.682275584154603,830347.1390224127
32,6,5,WARRIOR,32.48515304683723,852798.1389700487
32,6,5,ROGUE,32.5845785144298,851253.1065950902
32,6,5,RANGER,32.56593438414368,851345.7916011527
32,6,5,MAGE,32.68826877901102,848173.0536859232
32,6,5,CLERIC,32.39662954087275,868295.7964658133
32,6,5,PALADIN,32.68509954824081,860003.3849832014
33,6,5,WARRIOR,34.51352194387949,882699.5869050267
33,6,5,ROGUE,34.62676961074929,881227.3666593325
33,6,5,RANGER,34.60043759900374,881168.093257811
33,6,5,MAGE,34.725395067992565,878054.5585672624
33,6,5,CLERIC,34.42200738743356,899204.3400931869
33,6,5,PALADIN,34.737084731364405,890369.1793420448
34,6,5,WARRIOR,36.592691596984864,912792.231652951
34,6,5,ROGUE,36.71645214254345,911439.7799814707
34,6,5,RANGER,36.67871260740273,911571.1419694672
34,6,5,MAGE,36.81113919017515,908262.7344068598
34,6,5,CLERIC,36.50060892676218,930333.8252009882
34,6,5,PALADIN,36.83995553046456,920980.9179721383
35,6,5,WARRIOR,38.72991596813586,943267.5352318452
35,6,5,ROGUE,38.86594960404732,941324.4706541315
35,6,5,RANGER,38.81016929574642,942166.7143180327
35,6,5,MAGE,38.957397867538425,938651.6008932441
35,6,5,CLERIC,38.64017107926525,961731.294454368
35,6,5,PALADIN,39.00175051189403,952026.7266895255
36,6,5,WARRIOR,40.91079094141089,974024.0079828132
36,6,5,ROGUE,41.06055049964308,971613.6051402134
36,6,5,RANGER,40.980207408631216,972875.3301551837
36,6,5,MAGE,41.142370904008466,969069.9803256966
36,6,5,CLERIC,40.82006974393433,993143.000901513
36,6,5,PALADIN,41.20982476347673,983358.41289273
37,6,5,WARRIOR,43.13332835007072,1005195.22335746
37,6,5,ROGUE,43.29614652648073,1002169.8417424241
37,6,5,RANGER,43.20743194852919,1003842.0297500801
37,6,5,MAGE,43.37706265798282,1000134.9928201305
37,6,5,CLERIC,43.0484506696541,1025277.2399684284
37,6,5,PALADIN,43.465927882015826,1015026.4635384538
38,6,5,WARRIOR,45.41418764980402,1036450.1945506698
38,6,5,ROGUE,45.59974050176088,1032852.4360940447
38,6,5,RANGER,45.49593000446912,1035275.555041368
38,6,5,MAGE,45.66815341846523,1031726.4337526057
38,6,5,CLERIC,45.34310829093592,1057794.522041797
38,6,5,PALADIN,45.77951743757332,1046889.0345524898
39,6,5,WARRIOR,47.739605027343465,1067659.1369117214
39,6,5,ROGUE,47.93212789732901,1064518.2832127784
39,6,5,RANGER,47.814157693516464,1067113.9644883606
39,6,5,MAGE,48.005268102412025,1063132.3423946402
39,6,5,CLERIC,47.67928793738694,1090233.330314472
39,6,5,PALADIN,48.14148243876694,1078680.8991299951
40,6,5,WARRIOR,50.13516501493109,1099130.7607362773
40,6,5,ROGUE,50.32970174641184,1096147.0592547897
40,6,5,RANGER,50.20169133048357,1098518.4981011434
40,6,5,MAGE,50.411209882356005,1094326.7480336411
40,6,5,CLERIC,50.0829607471372,1122558.673874201
40,6,5,PALADIN,50.57120301122423,1110842.7554616735
41,6,5,WARRIOR,52.55577762881792,1131212.927385186
41,6,5,ROGUE,52.77348562851276,1128000.3569223708
41,6,5,RANGER,52.61916832548065,1130773.4416183685
41,6,5,MAGE,52.85050885945649,1126124.639750764
41,6,5,CLERIC,52.52919795464821,1155383.4412701048
41,6,5,PALADIN,53.036902398524084,1143416.225448483
42,6,5,WARRIOR,55.027950192894494,1163121.311999453
42,6,5,ROGUE,55.26506368747022,1159743.5710009204
42,6,5,RANGER,55.0894830207542,1162778.7576236185
42,6,5,MAGE,55.33684772253313,1157948.7755390843
42,6,5,CLERIC,55.02468950733221,1188186.8591241748
42,6,5,PALADIN,55.559644962910085,1175770.9796581538
43,6,5,WARRIOR,57.558472907550104,1195406.6918699394
43,6,5,ROGUE,57.80506773365308,1191742.8795761825
43,6,5,RANGER,57.61139154269871,1195516.1877395897
43,6,5,MAGE,57.879226240380795,1190330.1080575525
43,6,5,CLERIC,57.57322911451861,1221767.264175593
43,6,5,PALADIN,58.135708788720294,1208696.5829877995
44,6,5,WARRIOR,60.1269609150067,1228383.6849313637
44,6,5,ROGUE,60.38860372842348,1224163.1636318993
44,6,5,RANGER,60.18047947058423,1228341.067158373
44,6,5,MAGE,60.46994356957633,1222711.5687222069
44,6,5,CLERIC,60.170510775973526,1255304.9340684765
44,6,5,PALADIN,60.75669797471198,1242232.537989698
45,6,5,WARRIOR,62.738433235347884,1261125.2432491714
45,6,5,ROGUE,63.03147621245147,1256096.7146103384
45,6,5,RANGER,62.79153824996628,1260973.0738686358
45,6,5,MAGE,63.10398699013385,1254894.4552010791
45,6,5,CLERIC,62.811823394009366,1288685.9193251831
45,6,5,PALADIN,63.42227790562071,1275539.7390942744
46,6,5,WARRIOR,65.37829545962362,1293965.7309855325
46,6,5,ROGUE,65.69926859354761,1288888.5742225205
46,6,5,RANGER,65.43587577147804,1294048.3001743334
46,6,5,MAGE,65.7719837205217,1287507.1471894523
46,6,5,CLERIC,65.48730044663529,1322575.3720078727
46,6,5,PALADIN,66.11946839116577,1308990.3243469503
47,6,5,WARRIOR,68.06378371317345,1327469.5468849265
47,6,5,ROGUE,68.40663397416391,1321812.7513283356
47,6,5,RANGER,68.1206263659939,1327407.9206814219
47,6,5,MAGE,68.48746664329498,1320437.375184377
47,6,5,CLERIC,68.21241237483738,1356841.5157553009
47,6,5,PALADIN,68.86504796948186,1343123.9092215493
48,6,5,WARRIOR,70.78712664115221,1361280.3495823815
48,6,5,ROGUE,71.1656545748605,1355048.8840239693
48,6,5,RANGER,70.85005012116926,1360724.4916922715
48,6,5,MAGE,71.24549678982375,1353367.646476601
48,6,5,CLERIC,70.97754849133207,1391134.9130642102
48,6,5,PALADIN,71.6551221808109,1377535.9500947674
49,6,5,WARRIOR,73.54874856374249,1395243.6063349696
49,6,5,ROGUE,73.9650150601716,1388399.1198941527
49,6,5,RANGER,73.61778653314241,1394796.551017913
49,6,5,MAGE,74.04991930289776,1386836.5898203116
49,6,5,CLERIC,73.78449165835876,1426207.663322414
49,6,5,PALADIN,74.4911899196803,1411991.37677772
50,6,5,WARRIOR,76.35498019718052,1429796.889548945
50,6,5,ROGUE,76.80555566052186,1422265.0138790465
50,6,5,RANGER,76.43404355384489,1429049.046522745
50,6,5,MAGE,76.90307199635885,1420561.9787226769
50,6,5,CLERIC,76.64421933110862,1461453.2573696163
50,6,5,PALADIN,77.37738254025037,1447072.855937648
51,6,5,WARRIOR,79.18211646881615,1464726.0176567242
51,6,5,ROGUE,79.66963982717729,1456808.810756138
51,6,5,RANGER,79.27490688591544,1463970.9484870979
51,6,5,MAGE,79.77811729608466,1454893.8127886406
51,6,5,CLERIC,79.5340781316532,1497260.3354109528
51,6,5,PALADIN,80.28677769784696,1482559.0702862646
52,6,5,WARRIOR,82.0486483781172,1499846.4271816185
52,6,5,ROGUE,82.58404374346217,1491157.6828937845
52,6,5,RANGER,82.15836153970304,1498951.4404506118
52,6,5,MAGE,82.69395589666414,1489490.2827471183
52,6,5,CLERIC,82.46950689371909,1533319.5286405992
52,6,5,PALADIN,83.24998951477964,1518091.1093696072
53,6,5,WARRIOR,84.95416904082644,1535446.3865371125
53,6,5,ROGUE,85.53433392883943,1525969.4412139675
53,6,5,RANGER,85.08211419868125,1534122.297374965
53,6,5,MAGE,85.6518149484437,1524142.2994489858
53,6,5,CLERIC,85.44997921855447,1569438.2035131017
53,6,5,PALADIN,86.25814450304236,1554031.313765068
54,6,5,WARRIOR,87.89856820800603,1571174.8560361776
54,6,5,ROGUE,88.52579567054869,1560602.2030476003
54,6,5,RANGER,88.04852265920874,1569610.725865437
54,6,5,MAGE,88.65245232728208,1559184.9787720107
54,6,5,CLERIC,88.47819302210887,1605942.3100107212
54,6,5,PALADIN,89.30990176287109,1590130.7925751165
55,6,5,WARRIOR,90.89048240493861,1606937.138223
55,6,5,ROGUE,91.56116982442907,1595680.4850260771
55,6,5,RANGER,91.06374252722907,1605048.3081265416
55,6,5,MAGE,91.6991014840839,1594270.3105479672
55,6,5,CLERIC,91.55762282711632,1642460.1228611467
55,6,5,PALADIN,92.4146514864067,1626290.2928017497
56,6,5,WARRIOR,93.90995626883095,1643588.6334102051
56,6,5,ROGUE,94.62618570992112,1631312.0315681873
56,6,5,RANGER,94.1082087015025,1641129.4655482504
56,6,5,MAGE,94.77826295524154,1629915.8530205656
56,6,5,CLERIC,94.6713107330751,1679588.4388706095
56,6,5,PALADIN,95.55928736843437,1663215.3059305928
57,6,5,WARRIOR,97.0807772593016,1678070.1427108864
57,6,5,ROGUE,97.85840710989844,1665243.9651096333
57,6,5,RANGER,97.31203794416122,1675068.2585748925
57,6,5,MAGE,98.01759352345724,1663439.0815867186
57,6,5,CLERIC,97.95038141957144,1714570.4322795356
57,6,5,PALADIN,98.86798961253626,1697873.5019075882
58,6,5,WARRIOR,100.31010520879595,1712769.5629954794
58,6,5,ROGUE,101.14662377641255,1699061.6971050745
58,6,5,RANGER,100.57249922583667,1709325.6955012283
58,6,5,MAGE,101.31077807894263,1697371.952404758
58,6,5,CLERIC,101.29276787611876,1749913.3060445285
58,6,5,PALADIN,102.24167904765848,1732770.6294799675
59,6,5,WARRIOR,103.58160837886106,1747785.8227768776
59,6,5,ROGUE,104.48481148544381,1732904.3898904338
59,6,5,RANGER,103.88030069153844,1743585.8776326536
59,6,5,MAGE,104.65244133223918,1731141.9399892145
59,6,5,CLERIC,104.68406530417009,1785126.5384279632
59,6,5,PALADIN,105.66903882853039,1767919.6876972117
60,6,5,WARRIOR,106.89313290831282,1783004.6351151357
60,6,5,ROGUE,107.86718339832433,1767261.4916953635
60,6,5,RANGER,107.23283982912116,1778096.8584702143
60,6,5,MAGE,108.03788106147437,1765343.0607036494
60,6,5,CLERIC,108.12175246433063,1820838.4380372318
60,6,5,PALADIN,109.1441136700554,1803252.1751010166
61,6,5,WARRIOR,110.23257143644037,1818330.667384208
61,6,5,ROGUE,111.2773760938451,1801784.581920869
61,6,5,RANGER,110.6119420967874,1812894.5630665687
61,6,5,MAGE,111.45196669155207,1799797.89571721
61,6,5,CLERIC,111.59403288885939,1856815.9225087569
61,6,5,PALADIN,112.65467773296236,1838682.6127051509
62,6,5,WARRIOR,113.46827253440989,1852425.0380101474
62,6,5,ROGUE,114.59050000015556,1834796.9306985708
62,6,5,RANGER,113.88988211736881,1846464.4699147432
62,6,5,MAGE,114.7660671597373,1832963.0108105685
62,6,5,CLERIC,114.96506650144815,1891458.7197430176
62,6,5,PALADIN,116.06410588843552,1872845.9023666033
63,6,5,WARRIOR,116.84380030288462,1888174.7142604138
63,6,5,ROGUE,118.05233396436905,1869215.7809569603
63,6,5,RANGER,117.31281469492241,1881108.1994655398
63,6,5,MAGE,118.22641640398913,1867175.7185439952
63,6,5,CLERIC,118.48056525757846,1927373.6345792245
63,6,5,PALADIN,119.62717477113169,1908618.4096491642
64,6,5,WARRIOR,120.26185526629143,1923921.6685762592
64,6,5,ROGUE,121.55902543357011,1903595.9674705986
64,6,5,RANGER,120.7820995379164,1916308.8384826467
64,6,5,MAGE,121.73389655647628,1901996.046701605
64,6,5,CLERIC,122.04836423093406,1963919.8875002046
64,6,5,PALADIN,123.24442637808967,1944352.532136913
65,6,5,WARRIOR,123.7219563465758,1959712.428756874
65,6,5,ROGUE,125.11661311732485,1938095.0645428142
65,6,5,RANGER,124.29932529444979,1951627.6012588458
65,6,5,MAGE,125.29401080587508,1936708.1145918723
65,6,5,CLERIC,125.66959267772349,2000432.1910208806
65,6,5,PALADIN,126.91368837642831,1980057.3461756967
66,6,5,WARRIOR,127.20235965719573,1996090.3717452122
66,6,5,ROGUE,128.70013194101864,1973212.8527761167
66,6,5,RANGER,127.84041768574463,1987131.433362231
66,6,5,MAGE,128.87687593134635,1971685.6125365999
66,6,5,CLERIC,129.31814397250517,2037221.2540686715
66,6,5,PALADIN,130.61409387796405,2016292.58752551
67,6,5,WARRIOR,130.69436105531503,2032132.942025651
67,6,5,ROGUE,132.30147993237526,2007916.8205320518
67,6,5,RANGER,131.3981221538302,2022286.6289436864
67,6,5,MAGE,132.47863972353284,2006283.2019914412
67,6,5,CLERIC,132.98478693743266,2073691.7675007847
67,6,5,PALADIN,134.33585724804294,2052123.5991816036
68,6,5,WARRIOR,134.0900325978963,2067424.7710030703
68,6,5,ROGUE,135.8073899796154,2041091.9182424964
68,6,5,RANGER,134.86171198030772,2056469.5197032392
68,6,5,MAGE,135.98624325193234,2039955.1191995896
68,6,5,CLERIC,136.55903447163806,2109232.5074055935
68,6,5,PALADIN,137.9631825621724,2087164.566497558
69,6,5,WARRIOR,137.6104530149424,2103539.569727076
69,6,5,ROGUE,139.4489951851517,2075698.5192197398
69,6,5,RANGER,138.45703468988216,2091596.928596958
69,6,5,MAGE,139.62534190127545,2074531.2929461414
69,6,5,CLERIC,140.27113754985405,2145690.964618638
69,6,5,PALADIN,141.73121522701726,2122971.2868336653
70,6,5,WARRIOR,141.16932610005207,2140035.126404762
70,6,5,ROGUE,143.138400457062,2110278.291660183
70,6,5,RANGER,142.10066587574366,2126802.9226848856
70,6,5,MAGE,143.31027855708933,2109259.3796723643
70,6,5,CLERIC,144.03104231215514,2182345.763483191
70,6,5,PALADIN,145.55080491623664,2159111.8784492775
71,6,5,WARRIOR,144.74164031252894,2176889.2598540345
71,6,5,ROGUE,146.8518121579073,2145513.8018569886
71,6,5,RANGER,145.75893904187987,2162623.389581133
71,6,5,MAGE,147.01780889807242,2144530.163475547
71,6,5,CLERIC,147.81357044784215,2219635.603777472
71,6,5,PALADIN,149.39401637421253,2195592.1442555096
72,6,5,WARRIOR,148.35153201767812,2214085.0841423003
72,6,5,ROGUE,150.6111333263404,2180607.7470606347
72,6,5,RANGER,149.46261874361244,2198512.1167732994
72,6,5,MAGE,150.76703496857664,2179961.4232216063
72,6,5,CLERIC,151.64388102047226,2257069.7401156113
72,6,5,PALADIN,153.2896199340728,2232289.8883151296
73,6,5,WARRIOR,151.87204489241267,2249834.6646320177
73,6,5,ROGUE,154.2849690282323,2214452.0876008403
73,6,5,RANGER,153.08362300452728,2233142.2234492707
73,6,5,MAGE,154.43281119148833,2214167.192187629
73,6,5,CLERIC,155.3916578115309,2293238.363507934
73,6,5,PALADIN,157.1006365121821,2267516.4370506983
74,6,5,WARRIOR,155.6349241131578,2285511.8084959933
74,6,5,ROGUE,158.22573015055718,2247812.2559401416
74,6,5,RANGER,156.96126055303907,2267283.386493608
74,6,5,MAGE,158.34996550271913,2247979.2393379933
74,6,5,CLERIC,159.40239310983998,2328957.230549151
74,6,5,PALADIN,161.1856482803386,2302450.6676582904
75,6,5,WARRIOR,159.43006692780904,2321373.627206606
75,6,5,ROGUE,162.20797196287276,2281393.733824635
75,6,5,RANGER,160.8766339887102,2301781.677403113
75,6,5,MAGE,162.31162924111916,2281879.7810833077
75,6,5,CLERIC,163.4581409020115,2364875.591722474
75,6,5,PALADIN,165.31660040319696,2337554.8197821938
76,6,5,WARRIOR,163.23562585755153,2357838.9098766376
76,6,5,ROGUE,166.21085374024761,2315372.930467126
76,6,5,RANGER,164.81307284228222,2336915.146021657
76,6,5,MAGE,166.29419253726024,2316615.8454462104
76,6,5,CLERIC,167.5384594925832,2401641.4538854733
76,6,5,PALADIN,169.4717607378915,2373198.9772150633
77,6,5,WARRIOR,167.08072958953875,2394445.697270578
77,6,5,ROGUE,170.26464174687268,2349755.509028629
77,6,5,RANGER,168.79371055657498,2372078.851041074
77,6,5,MAGE,170.3228697872653,2351288.278991545
77,6,5,CLERIC,171.6676626606137,2438402.218637766
77,6,5,PALADIN,173.6832577269336,2408909.8287342833
78,6,5,WARRIOR,170.7949181880352,2429873.0135846217
78,6,5,ROGUE,174.18935171060264,2382648.103123043
78,6,5,RANGER,172.64622410843026,2406054.2973509277
78,6,5,MAGE,174.21968148843163,2384811.2456375277
78,6,5,CLERIC,175.66495583236582,2473984.244983526
78,6,5,PALADIN,177.76290132563378,2443448.0592456735
79,6,5,WARRIOR,174.632403504149,2466521.422181344
79,6,5,ROGUE,178.2535908225139,2416634.3712195903
79,6,5,RANGER,176.63312184635458,2441169.5725877197
79,6,5,MAGE,178.25449415072177,2419405.9604485645
79,6,5,CLERIC,179.80771314300617,2510657.9133007517
79,6,5,PALADIN,181.98938132836983,2479101.048131693
80,6,5,WARRIOR,178.50488424301201,2503539.8202556167
80,6,5,ROGUE,182.36020468007268,2450894.5648756432
80,6,5,RANGER,180.65682023036638,2476307.6246141274
80,6,5,MAGE,182.3304378094087,2454041.6420637295
80,6,5,CLERIC,183.99400274223905,2547440.950937574
80,6,5,PALADIN,186.26493153005836,2515065.981364835
81,6,5,WARRIOR,182.3867415202696,2540946.433110085
81,6,5,ROGUE,186.48951021373912,2485553.735200655
81,6,5,RANGER,184.70187711052418,2512011.873246215
81,6,5,MAGE,186.4287943276186,2489264.5462774956
81,6,5,CLERIC,188.20311028095526,2584932.68236242
81,6,5,PALADIN,190.56429006454667,2551338.6497298083
82,6,5,WARRIOR,186.30162523744534,2578918.8960383344
82,6,5,ROGUE,190.66095903357947,2520421.8452654774
82,6,5,RANGER,188.78641214106992,2547860.097794398
82,6,5,MAGE,190.57138042491334,2524607.5600505206
82,6,5,CLERIC,192.4565609804444,2622594.4421753767
82,6,5,PALADIN,194.91603671200212,2588050.606030191
83,6,5,WARRIOR,190.0977323163436,2615601.736492948
83,6,5,ROGUE,194.7217404412948,2554424.277421442
83,6,5,RANGER,192.76053836236557,2582673.0955514773
83,6,5,MAGE,194.5975833298255,2558806.0218535215
83,6,5,CLERIC,196.59521935918522,2659038.053946331
83,6,5,PALADIN,199.15141247164254,2623382.755379114
84,6,5,WARRIOR,194.02658140720985,2653972.8198080044
84,6,5,ROGUE,198.93060639063927,2589556.234440957
84,6,5,RANGER,196.87551724736213,2618676.195855977
84,6,5,MAGE,198.76846869170458,2594317.377243652
84,6,5,CLERIC,200.8881688629782,2696923.7178897145
84,6,5,PALADIN,203.54938084222226,2660301.340377136
85,6,5,WARRIOR,197.98577014494137,2692600.37247743
85,6,5,ROGUE,203.18368937363,2624882.9868265903
85,6,5,RANGER,201.0288711285035,2654999.8061413937
85,6,5,MAGE,202.98359234645503,2630044.8607876035
85,6,5,CLERIC,205.2250847150984,2735113.5572887603
85,6,5,PALADIN,207.9961639718507,2697390.891910534
86,6,5,WARRIOR,201.95326889416305,2731842.8315544124
86,6,5,ROGUE,207.4525838893022,2660763.260157997
86,6,5,RANGER,205.1960270981448,2692065.7023651227
86,6,5,MAGE,207.21302926951356,2666528.614044508
86,6,5,CLERIC,209.5764470385479,2774188.175260748
86,6,5,PALADIN,212.46308011849536,2735043.709068936
87,6,5,WARRIOR,205.9523424481014,2771639.448669268
87,6,5,ROGUE,211.7683785499849,2697019.6133540766
87,6,5,RANGER,209.40612107067054,2729160.2847040407
87,6,5,MAGE,211.48109623983393,2702998.2559965043
87,6,5,CLERIC,213.97625202990795,2813193.3318042373
87,6,5,PALADIN,216.9820492435052,2773163.8416536483
88,6,5,WARRIOR,209.84107372146235,2809580.8778960695
88,6,5,ROGUE,215.97704105480116,2730878.8606972564
88,6,5,RANGER,213.50844994479215,2764425.852771251
88,6,5,MAGE,215.63486422798636,2737906.7630770253
88,6,5,CLERIC,218.26100713315108,2850561.9057184346
88,6,5,PALADIN,221.39002111103616,2809359.311357848
89,6,5,WARRIOR,213.9487158666928,2847332.372829337
89,6,5,ROGUE,220.43792906300723,2764813.4004915133
89,6,5,RANGER,217.84860215309487,2799476.2192525547
89,6,5,MAGE,220.02159295542134,2772575.945812272
89,6,5,CLERIC,222.7960840407363,2887662.95907996
89,6,5,PALADIN,226.06219132682656,2845133.402394719
90,6,5,WARRIOR,218.08386447444428,2885673.428965422
90,6,5,ROGUE,224.9446951463536,2798839.573224342
90,6,5,RANGER,222.22548879371396,2834981.3267699326
90,6,5,MAGE,224.44935448178833,2807780.1449575312
90,6,5,CLERIC,227.3690568428701,2925461.901780142
90,6,5,PALADIN,230.78164106436068,2881400.4021643605
91,6,5,WARRIOR,222.22276113800913,2924314.9514010306
91,6,5,ROGUE,229.45931212347128,2833244.101301392
91,6,5,RANGER,226.61143523023725,2871164.7049119608
91,6,5,MAGE,228.88479730844574,2843511.6329414006
91,6,5,CLERIC,231.95711775317133,2963806.339385767
91,6,5,PALADIN,235.51732361132272,2917927.8973513315
92,6,5,WARRIOR,226.3470510451793,2962963.294764266
92,6,5,ROGUE,233.9675043184897,2867850.7062528613
92,6,5,RANGER,230.99006928642945,2907124.4272510866
92,6,5,MAGE,233.31434772029735,2879041.6320336014
92,6,5,CLERIC,236.54191804625228,3001934.625065709
92,6,5,PALADIN,240.2508562695128,2954391.303828502
93,6,5,WARRIOR,230.42516009093893,3001340.7136814455
93,6,5,ROGUE,238.4354668344085,2901928.578406646
93,6,5,RANGER,235.31813321498942,2942970.8626291556
93,6,5,MAGE,237.69831779096987,2914412.749637968
93,6,5,CLERIC,241.0799897640449,3039953.8469774807
93,6,5,PALADIN,244.9384749143277,2990633.970454068
94,6,5,WARRIOR,234.61488343540768,3040998.350372879
94,6,5,ROGUE,243.03218136014246,2936758.5007388326
94,6,5,RANGER,239.7712984232381,2979676.976084048
94,6,5,MAGE,242.20534468078182,2950566.1789456974
94,6,5,CLERIC,245.7471700719462,3078891.505509445
94,6,5,PALADIN,249.76935457905654,3028052.9229141786
95,6,5,WARRIOR,238.83377201390863,3080911.788753011
95,6,5,ROGUE,247.66821259300553,2971923.8446318363
95,6,5,RANGER,244.26188440335778,3016490.8720296896
95,6,5,MAGE,246.74978989985078,2986979.260647572
95,6,5,CLERIC,250.45927408836275,3118074.1995082935
95,6,5,PALADIN,254.646547351686,3065680.945781067
96,6,5,WARRIOR,243.05736316943015,3121161.020829397
96,6,5,ROGUE,252.31509457651845,3007671.195162514
96,6,5,RANGER,248.75805699621029,3054034.836293057
96,6,5,MAGE,251.3081966639146,3023922.642200152
96,6,5,CLERIC,255.18489305087618,3157908.653469301
96,6,5,PALADIN,259.54128567935186,3103625.4006430856
97,6,5,WARRIOR,247.1445486338017,3160718.5703899534
97,6,5,ROGUE,256.8195290413732,3042495.5728313103
97,6,5,RANGER,253.1129139974661,3090635.492309694
97,6,5,MAGE,255.72393712704147,3059915.4626117926
97,6,5,CLERIC,259.7661579298849,3196714.0345284618
97,6,5,PALADIN,264.28780177732193,3140946.890728691
98,6,5,WARRIOR,251.34827366849362,3201148.8302927488
98,6,5,ROGUE,261.4482018286798,3078482.041071394
98,6,5,RANGER,257.5857908388249,3128312.855499107
98,6,5,MAGE,260.26077483782785,3097054.4552949094
98,6,5,CLERIC,264.47557841414664,3236828.8187349313
98,6,5,PALADIN,269.17675095298597,3179099.248106915
99,6,5,WARRIOR,255.58009843748658,3241904.2895085295
99,6,5,ROGUE,266.1135061452031,3114555.750358108
99,6,5,RANGER,262.0941744770468,3166114.41037646
99,6,5,MAGE,264.82845369939713,3134355.4538505
99,6,5,CLERIC,269.22298235549897,3277097.6249624006
99,6,5,PALADIN,274.1037532300211,3217558.5295521063
100,6,5,WARRIOR,259.8426993002928,3283021.990264318
100,6,5,ROGUE,270.81825054603814,3150855.6897643073
100,6,5,RANGER,266.6344466691675,3204237.7437922186
100,6,5,MAGE,269.43144773119434,3171971.8193035284
100,6,5,CLERIC,274.00887922915655,3317747.249632799
100,6,5,PALADIN,279.07507850850715,3256395.1600207016
20,6,12,WARRIOR,7.1455729166666675,900656.0268231349
20,6,12,ROGUE,7.12230902777778,904847.9274579822
20,6,12,RANGER,7.144270833333334,900972.0813588977
20,6,12,MAGE,7.164756944444443,898645.2436453514
20,6,12,CLERIC,7.077604166666667,917338.8829200087
20,6,12,PALADIN,7.144704861111111,908243.097670915
21,6,12,WARRIOR,7.902777777777779,948849.8409490333
21,6,12,ROGUE,7.874045138888888,954318.2608120475
21,6,12,RANGER,7.900217013888889,948855.4063542119
21,6,12,MAGE,7.922135416666666,946833.8529305414
21,6,12,CLERIC,7.829557291666667,966570.9813573697
21,6,12,PALADIN,7.900390625,957546.7114956736
22,6,12,WARRIOR,8.690147569444447,998001.2701964327
22,6,12,ROGUE,8.658376736111112,1003508.1288692609
22,6,12,RANGER,8.686979166666667,998144.0853768211
22,6,12,MAGE,8.70920138888889,995694.9897338782
22,6,12,CLERIC,8.612196180555555,1016390.3685523497
22,6,12,PALADIN,8.68927951388889,1007426.1247446316
23,6,12,WARRIOR,9.51254340277778,1046828.4693546987
23,6,12,ROGUE,9.481380208333333,1052254.2900696266
23,6,12,RANGER,9.508550347222222,1047027.5251167398
23,6,12,MAGE,9.533550347222222,1044362.7911296453
23,6,12,CLERIC,9.430512152777778,1066233.8534326833
23,6,12,PALADIN,9.511371527777778,1057306.25658249
24,6,12,WARRIOR,10.370920138888888,1096245.7559448578
24,6,12,ROGUE,10.337413194444444,1101581.5476080512
24,6,12,RANGER,10.362717013888888,1097034.1547263537
24,6,12,MAGE,10.391796875,1094290.4604743826
24,6,12,CLERIC,10.28125,1117536.036474164
24,6,12,PALADIN,10.369010416666665,1107839.5660145166
25,6,12,WARRIOR,11.262847222222224,1146669.6759872984
25,6,12,ROGUE,11.231076388888889,1151406.0731786492
25,6,12,RANGER,11.253428819444444,1146601.34542327
25,6,12,MAGE,11.285069444444444,1143703.9334174334
25,6,12,CLERIC,11.16684027777778,1168326.0652042099
25,6,12,PALADIN,11.262369791666668,1159214.8392392623
26,6,12,WARRIOR,12.187065972222225,1196479.1994016878
26,6,12,ROGUE,12.154513888888891,1201615.9394372231
26,6,12,RANGER,12.17282986111111,1197336.037823306
26,6,12,MAGE,12.208333333333336,1193834.098976109
26,6,12,CLERIC,12.083420138888886,1219842.7022794378
26,6,12,PALADIN,12.185763888888886,1210316.394358171
27,6,12,WARRIOR,13.141796874999999,1247393.680706239
27,6,12,ROGUE,13.109852430555557,1251478.1125041796
27,6,12,RANGER,13.12300347222222,1248790.4186483396
27,6,12,MAGE,13.158203125,1245398.25322844
27,6,12,CLERIC,13.027300347222221,1272914.8592199208
27,6,12,PALADIN,13.140494791666667,1262450.0218987504
28,6,12,WARRIOR,14.133767361111115,1298451.42972958
28,6,12,ROGUE,14.09995659722222,1302217.6920117098
28,6,12,RANGER,14.10685763888889,1300113.1679701682
28,6,12,MAGE,14.148307291666663,1296363.342935238
28,6,12,CLERIC,14.011848958333335,1325204.8537788887
28,6,12,PALADIN,14.133246527777779,1314787.8984123084
29,6,12,WARRIOR,15.15646701388889,1349373.8254606891
29,6,12,ROGUE,15.125086805555556,1353836.4697172306
29,6,12,RANGER,15.126388888888886,1351762.904232853
29,6,12,MAGE,15.175781249999998,1347412.4890604892
29,6,12,CLERIC,15.030729166666669,1378057.0220728368
29,6,12,PALADIN,15.158984375,1366803.3622800012
30,6,12,WARRIOR,16.216796875,1400168.1435625677
30,6,12,ROGUE,16.182899305555555,1404401.0213112908
30,6,12,RANGER,16.178645833333334,1404174.9335221967
30,6,12,MAGE,16.234678819444447,1399127.1941761328
30,6,12,CLERIC,16.08628472222222,1431041.4910907974
30,6,12,PALADIN,16.22000868055555,1418916.2605128593
31,6,12,WARRIOR,17.308854166666666,1451421.6110492584
31,6,12,ROGUE,17.272265625,1456175.9106226112
31,6,12,RANGER,17.262369791666668,1456099.0642277955
31,6,12,MAGE,17.325,1450672.3232323234
31,6,12,CLERIC,17.170182291666663,1484327.2011951439
31,6,12,PALADIN,17.31440972222222,1471429.8759663496
32,6,12,WARRIOR,18.438845486111113,1502441.0331637755
32,6,12,ROGUE,18.394704861111112,1507918.9308517415
32,6,12,RANGER,18.380034722222224,1508423.2215284926
32,6,12,MAGE,18.446354166666666,1503023.7682468873
32,6,12,CLERIC,18.281944444444445,1538668.7852313302
32,6,12,PALADIN,18.447526041666666,1523743.4107159243
33,6,12,WARRIOR,19.600000000000005,1554340.3858418365
33,6,12,ROGUE,19.551041666666666,1560738.170387341
33,6,12,RANGER,19.531293402777777,1561023.1742596128
33,6,12,MAGE,19.598784722222227,1555749.0869792446
33,6,12,CLERIC,19.427734375,1593207.8254750175
33,6,12,PALADIN,19.60876736111111,1577295.964372513
34,6,12,WARRIOR,20.791406250000005,1606506.2758802085
34,6,12,ROGUE,20.734722222222224,1613951.4532118693
34,6,12,RANGER,20.707638888888887,1614633.9095878468
34,6,12,MAGE,20.779036458333334,1609034.471090279
34,6,12,CLERIC,20.603949652777775,1648118.5256838317
34,6,12,PALADIN,20.79913194444444,1631265.0043821945
35,6,12,WARRIOR,22.017664930555554,1659243.7249919672
35,6,12,ROGUE,21.952821180555553,1666549.7858610144
35,6,12,RANGER,21.914409722222224,1668566.4889445205
35,6,12,MAGE,21.993836805555556,1662621.4060915108
35,6,12,CLERIC,21.814973958333336,1703484.1215478184
35,6,12,PALADIN,22.02330729166667,1685973.3364865582
36,6,12,WARRIOR,23.270833333333336,1712362.079677708
36,6,12,ROGUE,23.196961805555556,1719836.8404626744
36,6,12,RANGER,23.14331597222222,1722684.5478993743
36,6,12,MAGE,23.230815972222217,1716247.7895814576
36,6,12,CLERIC,23.04908854166667,1758862.025681149
36,6,12,PALADIN,23.274305555555554,1741148.7435476654
37,6,12,WARRIOR,24.549609375,1766114.2775311472
37,6,12,ROGUE,24.46475694444444,1773575.4502295682
37,6,12,RANGER,24.404947916666668,1777239.4489676144
37,6,12,MAGE,24.496223958333328,1771004.3116764387
37,6,12,CLERIC,24.310937499999994,1815503.6878976803
37,6,12,PALADIN,24.55308159722222,1796885.1236779725
38,6,12,WARRIOR,25.863194444444442,1819943.1522702253
38,6,12,ROGUE,25.771484375,1827516.1173171655
38,6,12,RANGER,25.70160590277778,1832602.3815659487
38,6,12,MAGE,25.793880208333338,1826675.191244693
38,6,12,CLERIC,25.610633680555555,1872803.7798969273
38,6,12,PALADIN,25.864800347222218,1852945.8634559722
39,6,12,WARRIOR,27.20394965277778,1873611.227434231
39,6,12,ROGUE,27.094965277777778,1883177.4086770425
39,6,12,RANGER,27.01545138888889,1888665.6617547825
39,6,12,MAGE,27.117968750000003,1881997.6376364839
39,6,12,CLERIC,26.934201388888887,1929945.8010455007
39,6,12,PALADIN,27.204296875000004,1908863.8019614315
40,6,12,WARRIOR,28.58702256944444,1927626.4930577173
40,6,12,ROGUE,28.456032986111115,1938736.6675258947
40,6,12,RANGER,28.36896701388889,1943937.0681174563
40,6,12,MAGE,28.48146701388889,1936920.4313843218
40,6,12,CLERIC,28.296440972222225,1986859.8335455172
40,6,12,PALADIN,28.582638888888894,1965411.7563594836
41,6,12,WARRIOR,29.986371527777777,1982626.5077596016
41,6,12,ROGUE,29.843923611111116,1994661.0037172555
41,6,12,RANGER,29.739930555555553,2000689.206430748
41,6,12,MAGE,29.864366319444446,1992885.421153217
41,6,12,CLERIC,29.683289930555553,2044630.6875682664
41,6,12,PALADIN,29.981857638888894,2022665.0223080507
42,6,12,WARRIOR,31.417621527777783,2037206.462889335
42,6,12,ROGUE,31.259505208333334,2050362.0222182418
42,6,12,RANGER,31.14140625,2056968.1443014476
42,6,12,MAGE,31.274479166666666,2048866.5765150632
42,6,12,CLERIC,31.098611111111108,2102332.2477781256
42,6,12,PALADIN,31.413975694444442,2079501.7740798977
43,6,12,WARRIOR,32.88472222222222,2092332.8232039532
43,6,12,ROGUE,32.70316840277778,2106486.3510028785
43,6,12,RANGER,32.57274305555555,2114508.7802408077
43,6,12,MAGE,32.71692708333334,2105802.462728741
43,6,12,CLERIC,32.544574652777776,2161376.738687724
43,6,12,PALADIN,32.87690972222222,2137318.6578726415
44,6,12,WARRIOR,34.37595486111111,2148565.1267262776
44,6,12,ROGUE,34.17230902777778,2163316.0383574865
44,6,12,RANGER,34.03146701388889,2172170.6661905274
44,6,12,MAGE,34.18736979166666,2162708.0413926016
44,6,12,CLERIC,34.01875,2220314.9458019477
44,6,12,PALADIN,34.36584201388888,2196190.830840035
45,6,12,WARRIOR,35.89466145833333,2204255.9717924627
45,6,12,ROGUE,35.675954861111116,2219243.4791368092
45,6,12,RANGER,35.51449652777778,2229468.153605115
45,6,12,MAGE,35.68285590277778,2219240.623305475
45,6,12,CLERIC,35.518359374999996,2278954.146513137
45,6,12,PALADIN,35.88072916666667,2254626.304742274
46,6,12,WARRIOR,37.432378472222226,2260002.632153814
46,6,12,ROGUE,37.19453125,2276652.8782373085
46,6,12,RANGER,37.01697048611111,2287523.3359323977
46,6,12,MAGE,37.19809027777777,2276512.0061980486
46,6,12,CLERIC,37.03784722222222,2338469.8962210203
46,6,12,PALADIN,37.41423611111111,2313283.748944345
47,6,12,WARRIOR,38.999652777777776,2316753.962909214
47,6,12,ROGUE,38.73654513888889,2334249.498459366
47,6,12,RANGER,38.54305555555556,2346048.015567006
47,6,12,MAGE,38.74092881944445,2334311.887796314
47,6,12,CLERIC,38.58615451388889,2398617.695025449
47,6,12,PALADIN,38.97595486111111,2373111.647093672
48,6,12,WARRIOR,40.59223090277777,2373880.9707402876
48,6,12,ROGUE,40.30894097222222,2392346.1764712217
48,6,12,RANGER,40.09513888888889,2404466.005334534
48,6,12,MAGE,40.30855034722222,2392081.8159401924
48,6,12,CLERIC,40.157812500000006,2458782.9765378777
48,6,12,PALADIN,40.563845486111106,2433386.322958385
49,6,12,WARRIOR,42.21037326388889,2431118.5439170324
49,6,12,ROGUE,41.90538194444445,2450591.23786639
49,6,12,RANGER,41.66974826388889,2464181.7872219863
49,6,12,MAGE,41.90334201388889,2450762.460150831
49,6,12,CLERIC,41.75403645833334,2520283.459121654
49,6,12,PALADIN,42.17877604166667,2493692.9821907612
50,6,12,WARRIOR,43.85789930555555,2489223.4903204995
50,6,12,ROGUE,43.526302083333334,2509697.5727080726
50,6,12,RANGER,43.272699652777774,2524178.0138274413
50,6,12,MAGE,43.526649305555566,2509855.0397964204
50,6,12,CLERIC,43.3810763888889,2582046.2128664325
50,6,12,PALADIN,43.823003472222226,2555066.998282627
51,6,12,WARRIOR,45.52092013888889,2547841.866357997
51,6,12,ROGUE,45.161458333333336,2569966.4610771537
51,6,12,RANGER,44.890277777777776,2585329.5272423504
51,6,12,MAGE,45.16306423611111,2569991.4568063067
51,6,12,CLERIC,45.02591145833333,2644770.9028655374
51,6,12,PALADIN,45.481249999999996,2617120.032980624
52,6,12,WARRIOR,47.21089409722222,2606609.6497045704
52,6,12,ROGUE,46.82604166666667,2629857.808377639
52,6,12,RANGER,46.532812500000006,2646549.5584433023
52,6,12,MAGE,46.82339409722222,2630562.053964967
52,6,12,CLERIC,46.69739583333334,2707904.8666614615
52,6,12,PALADIN,47.17131076388888,2679193.494751235
53,6,12,WARRIOR,48.928168402777764,2666001.5310851997
53,6,12,ROGUE,48.512109375,2690519.571949658
53,6,12,RANGER,48.199175347222216,2708062.2761634532
53,6,12,MAGE,48.50863715277777,2691181.6503182156
53,6,12,CLERIC,48.39552951388888,2771091.9422115763
53,6,12,PALADIN,48.88828125,2741922.0761621683
54,6,12,WARRIOR,50.67261284722222,2725417.389989011
54,6,12,ROGUE,50.223003472222224,2750802.265866301
54,6,12,RANGER,49.89088541666666,2770083.24082242
54,6,12,MAGE,50.219401041666664,2752433.703566382
54,6,12,CLERIC,50.12200520833334,2834900.022393274
54,6,12,PALADIN,50.63125,2804876.926305394
55,6,12,WARRIOR,52.44965277777777,2784676.0455463245
55,6,12,ROGUE,51.960243055555566,2811810.7861579526
55,6,12,RANGER,51.611545138888886,2831957.568440793
55,6,12,MAGE,51.95746527777777,2813708.371230474
55,6,12,CLERIC,51.87877604166666,2898675.6417831033
55,6,12,PALADIN,52.40572916666667,2867874.4292827398
56,6,12,WARRIOR,54.247699652777776,2845269.7105211997
56,6,12,ROGUE,53.71566840277778,2873739.4477254124
56,6,12,RANGER,53.35008680555556,2894911.020724284
56,6,12,MAGE,53.715190972222224,2875920.0240465803
56,6,12,CLERIC,53.656206597222216,2963475.2265217328
56,6,12,PALADIN,54.20421006944446,2932164.663434398
57,6,12,WARRIOR,56.14049479166667,2901797.6124817063
57,6,12,ROGUE,55.56822916666666,2932577.199576347
57,6,12,RANGER,55.18081597222221,2954003.181459942
57,6,12,MAGE,55.56545138888889,2934310.6494155726
57,6,12,CLERIC,55.52916666666666,3024407.494184738
57,6,12,PALADIN,56.09739583333334,2992390.9524914813
58,6,12,WARRIOR,58.07348090277778,2958460.4261991475
58,6,12,ROGUE,57.4546875,2991128.51758179
58,6,12,RANGER,57.044965277777784,3013607.885470465
58,6,12,MAGE,57.447612847222224,2993371.9551553987
58,6,12,CLERIC,57.43945312499999,3085920.0892243874
58,6,12,PALADIN,58.02886284722222,3052987.2527216086
59,6,12,WARRIOR,60.03658854166667,3015468.9169148155
59,6,12,ROGUE,59.371484375,3049649.009217651
59,6,12,RANGER,58.93723958333334,3073171.1653020736
59,6,12,MAGE,59.35868055555555,3052093.284703983
59,6,12,CLERIC,59.37890624999999,3147149.634892442
59,6,12,PALADIN,59.99218749999999,3113978.368016669
60,6,12,WARRIOR,62.02860243055556,3072630.108841757
60,6,12,ROGUE,61.31519097222223,3109009.6339072213
60,6,12,RANGER,60.85664062499999,3133107.1460206816
60,6,12,MAGE,61.296223958333336,3111511.7915688627
60,6,12,CLERIC,61.34635416666667,3209192.225835208
60,6,12,PALADIN,61.98402777777778,3175243.1623290046
61,6,12,WARRIOR,64.04288194444445,3129766.4799247463
61,6,12,ROGUE,63.27651909722221,3168598.1375562376
61,6,12,RANGER,62.792881944444446,3193479.6146944733
61,6,12,MAGE,63.25164930555555,3171316.753433362
61,6,12,CLERIC,63.33511284722223,3271638.2399891447
61,6,12,PALADIN,63.99774305555555,3236617.219574258
62,6,12,WARRIOR,66.00013020833333,3184712.945247504
62,6,12,ROGUE,65.18363715277779,3225507.3032318545
62,6,12,RANGER,64.67282986111111,3251653.3026947873
62,6,12,MAGE,65.15147569444446,3228813.3731088736
62,6,12,CLERIC,65.26757812500001,3331695.211419337
62,6,12,PALADIN,65.95512152777778,3295728.672616455
63,6,12,WARRIOR,68.04761284722221,3242163.832335024
63,6,12,ROGUE,67.17790798611111,3284789.4827362304
63,6,12,RANGER,66.63749999999999,3311620.2982554873
63,6,12,MAGE,67.13676215277778,3288056.8994027143
63,6,12,CLERIC,67.28450520833333,3393891.609672082
63,6,12,PALADIN,68.00238715277777,3357567.838751576
64,6,12,WARRIOR,70.12686631944445,3299368.7211978785
64,6,12,ROGUE,69.19952256944445,3343943.1665555453
64,6,12,RANGER,68.630078125,3372512.624179677
64,6,12,MAGE,69.150390625,3348316.443440192
64,6,12,CLERIC,69.33276909722224,3457141.7364549357
64,6,12,PALADIN,70.08216145833333,3419281.1339369155
65,6,12,WARRIOR,72.23823784722221,3356386.6283017774
65,6,12,ROGUE,71.25208333333333,3403239.30235958
65,6,12,RANGER,70.65169270833333,3433548.2245832607
65,6,12,MAGE,71.19574652777779,3408320.5707074706
65,6,12,CLERIC,71.41323784722223,3520264.67645702
65,6,12,PALADIN,72.19327256944445,3480883.6343895057
66,6,12,WARRIOR,74.36879340277777,3414165.992983775
66,6,12,ROGUE,73.32118055555556,3463566.0879407097
66,6,12,RANGER,72.68845486111111,3494856.410456058
66,6,12,MAGE,73.25555555555556,3468742.815960109
66,6,12,CLERIC,73.51080729166665,3583822.31325822
66,6,12,PALADIN,74.32395833333334,3543355.806365713
67,6,12,WARRIOR,76.51319444444445,3471144.008114069
67,6,12,ROGUE,75.40238715277778,3523102.8747040615
67,6,12,RANGER,74.73641493055555,3555491.198593204
67,6,12,MAGE,75.32769097222221,3528445.7291809516
67,6,12,CLERIC,75.62026909722223,3646766.41814714
67,6,12,PALADIN,76.46831597222223,3605071.974844338
68,6,12,WARRIOR,78.6041232638889,3526800.419957825
68,6,12,ROGUE,77.43016493055556,3579940.2774565564
68,6,12,RANGER,76.73177083333334,3614395.928185983
68,6,12,MAGE,77.34717881944444,3586502.278383843
68,6,12,CLERIC,77.678125,3708054.9342237604
68,6,12,PALADIN,78.55963541666667,3665392.088414786
69,6,12,WARRIOR,80.77903645833335,3583467.2684454597
69,6,12,ROGUE,79.53836805555558,3639175.4053882966
69,6,12,RANGER,78.80425347222223,3674881.6940709935
69,6,12,MAGE,79.44366319444445,3646069.798588491
69,6,12,CLERIC,79.81666666666666,3770872.9894027985
69,6,12,PALADIN,80.73450520833332,3726923.1984336525
70,6,12,WARRIOR,82.98611111111111,3640456.3676987444
70,6,12,ROGUE,81.67625868055556,3698282.267909647
70,6,12,RANGER,80.90625,3735435.908845114
70,6,12,MAGE,81.5681423611111,3705840.791516126
70,6,12,CLERIC,81.984375,3833968.7897846387
70,6,12,PALADIN,82.94179687500001,3788927.7017486845
71,6,12,WARRIOR,85.20963541666667,3697780.429516664
71,6,12,ROGUE,83.82999131944446,3758470.9822034608
71,6,12,RANGER,83.01861979166668,3796999.897174171
71,6,12,MAGE,83.7075954861111,3766493.6367968237
71,6,12,CLERIC,84.16710069444444,3898105.803579808
71,6,12,PALADIN,85.16484374999999,3851452.246103605
72,6,12,WARRIOR,87.46510416666665,3755359.5502968454
72,6,12,ROGUE,86.01284722222222,3818311.039936702
72,6,12,RANGER,85.15907118055557,3858606.88423676
72,6,12,MAGE,85.87317708333333,3827345.5261362293
72,6,12,CLERIC,86.3795138888889,3962407.2851957404
72,6,12,PALADIN,87.42044270833333,3914266.0224698354
73,6,12,WARRIOR,89.6734375,3810347.865693227
73,6,12,ROGUE,88.14852430555557,3875920.4926186954
73,6,12,RANGER,87.25334201388888,3917987.4874659074
73,6,12,MAGE,87.99227430555554,3886023.706468865
73,6,12,CLERIC,88.54600694444444,4024462.800294103
73,6,12,PALADIN,89.62925347222222,3974464.382579085
74,6,12,WARRIOR,92.043359375,3864542.3123443015
74,6,12,ROGUE,90.44162326388889,3932500.574428621
74,6,12,RANGER,89.4974826388889,3976376.182678943
74,6,12,MAGE,90.258203125,3943879.0345406625
74,6,12,CLERIC,90.86605902777777,4085588.8323109895
74,6,12,PALADIN,91.99939236111112,4033961.4640419763
75,6,12,WARRIOR,94.44318576388889,3918723.725343766
75,6,12,ROGUE,92.76124131944447,3989384.4190604696
75,6,12,RANGER,91.76510416666667,4035334.474910465
75,6,12,MAGE,92.55173611111111,4001822.5542020416
75,6,12,CLERIC,93.2140625,4146994.1049667266
75,6,12,PALADIN,94.39895833333335,4093653.3928472893
76,6,12,WARRIOR,96.85902777777778,3973644.160542598
76,6,12,ROGUE,95.09531249999998,4046888.3416309305
76,6,12,RANGER,94.046875,4095342.5213490613
76,6,12,MAGE,94.85933159722224,4061168.8375925785
76,6,12,CLERIC,95.57829861111112,4209818.706594178
76,6,12,PALADIN,96.81475694444444,4154224.2313409955
77,6,12,WARRIOR,99.30950520833333,4028473.74199715
77,6,12,ROGUE,97.461328125,4105015.6778529948
77,6,12,RANGER,96.35651041666667,4155318.506955236
77,6,12,MAGE,97.19574652777779,4120326.0603646524
77,6,12,CLERIC,97.97300347222222,4272552.587598093
77,6,12,PALADIN,99.26523437499999,4214842.278460092
78,6,12,WARRIOR,101.68506944444444,4081326.440842334
78,6,12,ROGUE,99.75407986111112,4160550.9169685515
78,6,12,RANGER,98.59401041666666,4213199.0339169735
78,6,12,MAGE,99.45789930555556,4177456.5773660163
78,6,12,CLERIC,100.29348958333334,4333205.823533535
78,6,12,PALADIN,101.64071180555554,4273429.500188317
79,6,12,WARRIOR,104.1478732638889,4135797.983686223
79,6,12,ROGUE,102.13068576388888,4217868.030093185
79,6,12,RANGER,100.91197916666667,4272945.651480508
79,6,12,MAGE,101.80260416666667,4236335.496083617
79,6,12,CLERIC,102.70091145833332,4395634.385953346
79,6,12,PALADIN,104.10381944444444,4333847.388190876
80,6,12,WARRIOR,106.64253472222222,4190580.1186791933
80,6,12,ROGUE,104.53446180555555,4275581.724726943
80,6,12,RANGER,103.25390625000001,4332638.615064502
80,6,12,MAGE,104.17378472222224,4295192.7703606915
80,6,12,CLERIC,105.13628472222223,4458155.037063335
80,6,12,PALADIN,106.59796006944447,4394723.806227725
81,6,12,WARRIOR,109.15364583333333,4245711.96659907
81,6,12,ROGUE,106.95434027777777,4333902.649332773
81,6,12,RANGER,105.61054687500001,4393247.852997636
81,6,12,MAGE,106.56037326388888,4355001.525527351
81,6,12,CLERIC,107.58736979166669,4521835.338381716
81,6,12,PALADIN,109.10868055555557,4456052.772560488
82,6,12,WARRIOR,111.69765625000002,4301404.325012414
82,6,12,ROGUE,109.40169270833334,4392491.873673687
82,6,12,RANGER,107.99253472222225,4454024.231741841
82,6,12,MAGE,108.97517361111112,4414931.693221411
82,6,12,CLERIC,110.06679687500002,4585719.958405939
82,6,12,PALADIN,111.65286458333334,4518044.107690549
83,6,12,WARRIOR,114.17556423611109,4354871.920945943
83,6,12,ROGUE,111.78624131944446,4449581.050888061
83,6,12,RANGER,110.31289062500001,4512958.127485384
83,6,12,MAGE,111.32491319444445,4472830.508232986
83,6,12,CLERIC,112.48216145833332,4647440.649454833
83,6,12,PALADIN,114.13103298611111,4577636.48955213
84,6,12,WARRIOR,116.75121527777776,4410585.981052423
84,6,12,ROGUE,114.2609375,4508469.852174983
84,6,12,RANGER,112.71801215277777,4573831.819032793
84,6,12,MAGE,113.76163194444443,4532885.855811449
84,6,12,CLERIC,114.99019097222225,4711532.893974198
84,6,12,PALADIN,116.70664062499999,4639861.86036704
85,6,12,WARRIOR,119.35746527777779,4466386.389798385
85,6,12,ROGUE,116.76527777777775,4567568.540816692
85,6,12,RANGER,115.14826388888888,4635168.57179904
85,6,12,MAGE,116.22682291666665,4593225.044598946
85,6,12,CLERIC,117.52660590277777,4776058.214123353
85,6,12,PALADIN,119.31358506944443,4702288.99687703
86,6,12,WARRIOR,121.97994791666666,4522912.161877699
86,6,12,ROGUE,119.28177083333333,4627548.782862707
86,6,12,RANGER,117.58932291666666,4697715.5162631245
86,6,12,MAGE,118.70303819444445,4654804.798213328
86,6,12,CLERIC,120.07421875000001,4842042.756888643
86,6,12,PALADIN,121.93515624999999,4765613.368273352
87,6,12,WARRIOR,124.63546006944442,4579961.726437623
87,6,12,ROGUE,121.82873263888887,4688085.134484816
87,6,12,RANGER,120.05833333333332,4760209.9174012635
87,6,12,MAGE,121.20490451388889,4716253.328238846
87,6,12,CLERIC,122.65329861111111,4907789.453617426
87,6,12,PALADIN,124.59079861111108,4829624.498420525
88,6,12,WARRIOR,127.22947048611111,4633875.043827675
88,6,12,ROGUE,124.31514756944445,4744451.077315612
88,6,12,RANGER,122.46731770833334,4819475.839408685
88,6,12,MAGE,123.64331597222223,4774929.792869976
88,6,12,CLERIC,125.16861979166666,4970626.930879699
88,6,12,PALADIN,127.18437500000002,4890255.719305142
89,6,12,WARRIOR,129.98155381944443,4686688.894785085
89,6,12,ROGUE,126.95325520833333,4800741.337824269
89,6,12,RANGER,125.01927083333334,4878143.801830551
89,6,12,MAGE,126.22204861111108,4832963.677106732
89,6,12,CLERIC,127.8345486111111,5032755.278619418
89,6,12,PALADIN,129.93650173611113,4949933.875153361
90,6,12,WARRIOR,132.7644965277778,4740113.731145963
90,6,12,ROGUE,129.62196180555554,4857079.045809629
90,6,12,RANGER,127.59674479166668,4937470.090566492
90,6,12,MAGE,128.82894965277777,4891792.122508481
90,6,12,CLERIC,130.52695312499998,5095955.260677124
90,6,12,PALADIN,132.7203125,5010343.185976148
91,6,12,WARRIOR,135.56210937499998,4793738.795697315
91,6,12,ROGUE,132.2990885416667,4913973.707065646
91,6,12,RANGER,130.18346354166667,4997860.226343231
91,6,12,MAGE,131.44440104166665,4951421.122484257
91,6,12,CLERIC,133.232421875,5159975.075042146
91,6,12,PALADIN,135.51796875,5071080.796250497
92,6,12,WARRIOR,138.36115451388886,4847155.305123437
92,6,12,ROGUE,134.97634548611111,4971121.940540636
92,6,12,RANGER,132.7693576388889,5057769.991637806
92,6,12,MAGE,134.0597222222222,5010615.487655792
92,6,12,CLERIC,135.93940972222222,5223528.449281044
92,6,12,PALADIN,138.31809895833334,5131613.619948733
93,6,12,WARRIOR,141.13953993055557,4900004.738415457
93,6,12,ROGUE,137.63355034722224,5027282.182047297
93,6,12,RANGER,135.32890625,5117416.7344606025
93,6,12,MAGE,136.65169270833334,5069465.252919288
93,6,12,CLERIC,138.6224826388889,5286819.485275193
93,6,12,PALADIN,141.09461805555554,5191702.800893313
94,6,12,WARRIOR,144.00442708333335,4954455.136904428
94,6,12,ROGUE,140.37087673611111,5084579.089038989
94,6,12,RANGER,137.96571180555557,5178395.472959326
94,6,12,MAGE,139.31970486111112,5129517.7454433525
94,6,12,CLERIC,141.38528645833333,5351538.9995017685
94,6,12,PALADIN,143.9596788194445,5253657.346207869
95,6,12,WARRIOR,146.89952256944443,5009041.356156552
95,6,12,ROGUE,143.13563368055554,5142332.8184314305
95,6,12,RANGER,140.62821180555554,5239444.740336178
95,6,12,MAGE,142.01319444444442,5189915.682717276
95,6,12,CLERIC,144.17816840277777,5416566.247261704
95,6,12,PALADIN,146.85499131944448,5315890.60140876
96,6,12,WARRIOR,149.80863715277778,5063934.778182004
96,6,12,ROGUE,145.91102430555557,5200983.583483798
96,6,12,RANGER,143.29852430555553,5301630.114871648
96,6,12,MAGE,144.71918402777777,5251111.324098095
96,6,12,CLERIC,146.98342013888887,5482595.1201742925
96,6,12,PALADIN,149.76419270833333,5378581.570020231
97,6,12,WARRIOR,152.63337673611113,5117847.623773947
97,6,12,ROGUE,148.60581597222222,5258019.512984984
97,6,12,RANGER,145.88927951388888,5362146.952600624
97,6,12,MAGE,147.34453125,5310639.103716312
97,6,12,CLERIC,149.70720486111108,5546814.687512142
97,6,12,PALADIN,152.58932291666665,5440183.712613685
98,6,12,WARRIOR,155.5468315972222,5172739.450800674
98,6,12,ROGUE,151.37960069444443,5316856.368412512
98,6,12,RANGER,148.5539496527778,5424352.181537115
98,6,12,MAGE,150.0458767361111,5371968.958984477
98,6,12,CLERIC,152.51132812500003,5613105.495749546
98,6,12,PALADIN,155.50277777777777,5503050.291393509
99,6,12,WARRIOR,158.48763020833331,5227955.11768548
99,6,12,ROGUE,154.1794704861111,5375717.974638931
99,6,12,RANGER,151.24296875,5486669.228631496
99,6,12,MAGE,152.7692708333333,5433465.1442637155
99,6,12,CLERIC,155.34192708333333,5679535.54219271
99,6,12,PALADIN,158.4429253472222,5566325.33295348
100,6,12,WARRIOR,161.45750868055552,5283552.94705
100,6,12,ROGUE,157.00698784722223,5434848.711672146
100,6,12,RANGER,153.9545138888889,5549432.33706745
100,6,12,MAGE,155.51753472222222,5495386.491073153
100,6,12,CLERIC,158.1993923611111,5746496.189836029
100,6,12,PALADIN,161.4139322916667,5630113.349171021
20,8,1,WARRIOR,83.34882786107899,77214.08300098304
20,8,1,ROGUE,83.28231839062781,77382.65080796844
20,8,1,RANGER,83.53600760826541,77054.06024052216
20,8,1,MAGE,83.78322934026856,76848.01362634325
20,8,1,CLERIC,82.76406709026018,78446.62216659065
20,8,1,PALADIN,83.5462050704342,77671.13861759844
21,8,1,WARRIOR,92.15148379308025,81371.98804457096
21,8,1,ROGUE,92.06174996863903,81622.87882926158
21,8,1,RANGER,92.36438504341855,81158.59399135513
21,8,1,MAGE,92.62968927579296,80977.77352644356
21,8,1,CLERIC,91.5470875066815,82665.90539483484
21,8,1,PALADIN,92.37175417262016,81897.254526128
22,8,1,WARRIOR,101.2988333657023,85615.77684898023
22,8,1,ROGUE,101.21941322008199,85840.7607897113
22,8,1,RANGER,101.55070540474493,85384.50659147126
22,8,1,MAGE,101.82110150250317,85166.12037718738
22,8,1,CLERIC,100.68673557869414,86936.50856481097
22,8,1,PALADIN,101.5830560414714,86173.890889109
23,8,1,WARRIOR,110.84521411528901,89836.99774031543
23,8,1,ROGUE,110.82545104630745,90022.85039951041
23,8,1,RANGER,111.14128683477236,89577.09795371196
23,8,1,MAGE,111.44567695427418,89339.35817075359
23,8,1,CLERIC,110.24082382365421,91210.59661695384
23,8,1,PALADIN,111.17991097396292,90451.88592888066
24,8,1,WARRIOR,120.80249978710944,94112.92984446311
24,8,1,ROGUE,120.81377432958914,94256.66641234158
24,8,1,RANGER,121.11050239848042,93866.79334048108
24,8,1,MAGE,121.46404071945473,93621.48764476777
24,8,1,CLERIC,120.17149391273429,95610.58950755431
24,8,1,PALADIN,121.18984575393885,94786.81921357795
25,8,1,WARRIOR,131.14220680174333,98479.09143792385
25,8,1,ROGUE,131.23771842343993,98535.15984464374
25,8,1,RANGER,131.5039537008142,98120.21815219469
25,8,1,MAGE,131.88918370707415,97860.77940376029
25,8,1,CLERIC,130.50687907176783,99967.99138323976
25,8,1,PALADIN,131.6142771352885,99195.21249263885
26,8,1,WARRIOR,141.84915771078676,102796.31668472827
26,8,1,ROGUE,142.00579446543742,102848.32164756984
26,8,1,RANGER,142.2297466107399,102474.82135287323
26,8,1,MAGE,142.66198129427352,102162.63991831322
26,8,1,CLERIC,141.20159681130107,104388.84692428842
26,8,1,PALADIN,142.38639541399755,103581.73454435317
27,8,1,WARRIOR,152.900869722256,107213.2186349092
27,8,1,ROGUE,153.14292488167123,107133.21159091705
27,8,1,RANGER,153.3122658230847,106892.1714255457
27,8,1,MAGE,153.7428034526547,106588.42443019754
27,8,1,CLERIC,152.21249915629858,108944.03731241678
27,8,1,PALADIN,153.52134456314545,108058.05528023255
28,8,1,WARRIOR,164.3724392993242,111648.95109989069
28,8,1,ROGUE,164.6823412253548,111494.72858400845
28,8,1,RANGER,164.7844719035622,111299.99788896083
28,8,1,MAGE,165.28991015494526,110964.7099469444
28,8,1,CLERIC,163.69474154690124,113434.12790495655
28,8,1,PALADIN,165.0962482212496,112553.86903218723
29,8,1,WARRIOR,176.1895728511227,116078.03767298638
29,8,1,ROGUE,176.6269419538964,115933.01621190345
29,8,1,RANGER,176.66951855030848,115737.51682114547
29,8,1,MAGE,177.26984963507707,115349.77453635674
29,8,1,CLERIC,175.5744183782557,117973.91707928483
29,8,1,PALADIN,177.05242398105594,117023.81897192725
30,8,1,WARRIOR,188.43151894693264,120501.29671456231
30,8,1,ROGUE,188.94909885672163,120282.55466692586
30,8,1,RANGER,188.93304291636403,120241.7988237057
30,8,1,MAGE,189.61325346812743,119793.21175889278
30,8,1,CLERIC,187.8786207591857,122526.66525855633
30,8,1,PALADIN,189.41693242806494,121503.57292498318
31,8,1,WARRIOR,201.02717708312423,124970.39138947832
31,8,1,ROGUE,201.63485747688014,124737.64427305888
31,8,1,RANGER,201.55992527428688,124705.94274032796
31,8,1,MAGE,202.31972989281692,124223.66327453419
31,8,1,CLERIC,200.51006374598333,127106.68057682738
31,8,1,PALADIN,202.16677473942968,126019.42026743475
32,8,1,WARRIOR,214.0460084319002,129426.74458381193
32,8,1,ROGUE,214.70112692384564,129192.25942087651
32,8,1,RANGER,214.5782799831933,129206.3259602581
32,8,1,MAGE,215.3843463384151,128724.80856356006
32,8,1,CLERIC,213.46272341314793,131778.77992100696
32,8,1,PALADIN,215.36346414662782,130520.26424900975
33,8,1,WARRIOR,227.4110144521375,133964.80217061733
33,8,1,ROGUE,228.15720798315633,133741.3674971544
33,8,1,RANGER,227.98370527562741,133732.37174182993
33,8,1,MAGE,228.8070551740332,133259.83944991717
33,8,1,CLERIC,226.80802127884303,136469.68155260428
33,8,1,PALADIN,228.8840788463874,135128.79436999848
34,8,1,WARRIOR,241.1107487417771,138531.8771531505
34,8,1,ROGUE,241.92621206251238,138326.61941506725
34,8,1,RANGER,241.6775447145303,138346.55584983598
34,8,1,MAGE,242.55010891060616,137844.44825717414
34,8,1,CLERIC,240.5040122434605,141194.11484339318
34,8,1,PALADIN,242.7399809610063,139774.6507525282
35,8,1,WARRIOR,255.19300795442956,143157.02717655856
35,8,1,ROGUE,256.0893391718735,142862.13379989934
35,8,1,RANGER,255.72180042813739,142989.95872186357
35,8,1,MAGE,256.6918955381642,142456.47996924492
35,8,1,CLERIC,254.60167519351495,145959.21932467533
35,8,1,PALADIN,256.98413693453466,144486.38471587392
36,8,1,WARRIOR,269.5628827783375,147824.84944437706
36,8,1,ROGUE,270.54965466203186,147459.0294703442
36,8,1,RANGER,270.02027073358386,147650.51788217959
36,8,1,MAGE,271.08877266887777,147072.99077708076
36,8,1,CLERIC,268.9651170798962,150726.48454430443
36,8,1,PALADIN,271.5332289209906,149241.50549099638
37,8,1,WARRIOR,284.20727310115103,152555.61601890757
37,8,1,ROGUE,285.2800887566745,152096.4624681849
37,8,1,RANGER,284.6955447567472,152350.24567932604
37,8,1,MAGE,285.8132484724622,151787.63924297196
37,8,1,CLERIC,283.6480105767619,155603.40648169498
37,8,1,PALADIN,286.3987850856112,154047.67533951582
38,8,1,WARRIOR,299.23594876103755,157299.09397546542
38,8,1,ROGUE,300.4585641280409,156753.07242175727
38,8,1,RANGER,299.7745524952007,157120.82228278558
38,8,1,MAGE,300.9093396476956,156582.18225351392
38,8,1,CLERIC,298.7676039443861,160538.4617651791
38,8,1,PALADIN,301.6431217462024,158883.36699029466
39,8,1,WARRIOR,314.55821942674265,162035.58626726744
39,8,1,ROGUE,315.82676052897614,161558.90784726155
39,8,1,RANGER,315.04945000796477,161952.84700135197
39,8,1,MAGE,316.30868434603,161348.56755677485
39,8,1,CLERIC,314.16078764223454,165461.60730344377
39,8,1,PALADIN,317.2062062061219,163708.3277265897
40,8,1,WARRIOR,330.34266263262816,166811.94497660754
40,8,1,ROGUE,331.624473151015,166359.11710103878
40,8,1,RANGER,330.7810072597617,166719.0236203398
40,8,1,MAGE,332.1615336084006,166082.85365167522
40,8,1,CLERIC,329.9986865667534,170367.53262539845
40,8,1,PALADIN,333.2157349095734,168589.4410575928
41,8,1,WARRIOR,346.2921786227593,171680.96403143153
41,8,1,ROGUE,347.72666557965266,171193.40136243877
41,8,1,RANGER,346.7098625281671,171614.26452835943
41,8,1,MAGE,348.23417481367903,170908.72910978334
41,8,1,CLERIC,346.1170440573397,175349.25408049402
41,8,1,PALADIN,349.462329502604,173533.0238206637
42,8,1,WARRIOR,362.58142524359266,176523.6086818296
42,8,1,ROGUE,364.1437758037422,176010.97855107518
42,8,1,RANGER,362.98686757510654,176471.62017988384
42,8,1,MAGE,364.6167637608006,175738.5875558277
42,8,1,CLERIC,362.559940452422,180327.73537643394
42,8,1,PALADIN,366.08478393369523,178443.41271319173
43,8,1,WARRIOR,379.25514340454254,181423.46882849387
43,8,1,ROGUE,380.8799668477691,180867.4224720609
43,8,1,RANGER,379.6038264662753,181440.0867047609
43,8,1,MAGE,381.36860029620766,180653.01016258076
43,8,1,CLERIC,379.35237265867755,185424.13780627496
43,8,1,PALADIN,383.0585743475955,183440.43775074705
44,8,1,WARRIOR,396.1790164399757,186428.29313927135
44,8,1,ROGUE,397.9029916900232,185787.7566426791
44,8,1,RANGER,396.53165240206874,186421.82516124996
44,8,1,MAGE,398.43894324611256,185567.45221771538
44,8,1,CLERIC,396.4659682636065,190514.05444282485
44,8,1,PALADIN,400.328379805979,188530.09412317656
45,8,1,WARRIOR,413.38611487948407,191397.38618958317
45,8,1,ROGUE,415.31698709848166,190634.22072048794
45,8,1,RANGER,413.7360260032026,191374.29187611307
45,8,1,MAGE,415.79476359252584,190451.75723425936
45,8,1,CLERIC,413.8696856509385,195580.19149841653
45,8,1,PALADIN,417.89199551511734,193585.03316815387
46,8,1,WARRIOR,430.7802755627257,196381.49347597468
46,8,1,ROGUE,432.8951807328276,195610.94785497704
46,8,1,RANGER,431.1596746038485,196394.0247665828
46,8,1,MAGE,433.3743036927528,195401.29260879415
46,8,1,CLERIC,431.49851390180254,200723.49720701596
46,8,1,PALADIN,435.6638944678183,198661.7332168968
47,8,1,WARRIOR,448.47506802789644,201466.27218835676
47,8,1,ROGUE,450.73412248729926,200607.75643860392
47,8,1,RANGER,448.84960660332973,201456.91935497668
47,8,1,MAGE,451.2667322660944,200399.01951862685
47,8,1,CLERIC,449.4543883876274,205923.97224560688
47,8,1,PALADIN,453.7546311413806,203842.090172917
48,8,1,WARRIOR,466.41928649855106,206597.64141271063
48,8,1,ROGUE,468.91342260969736,205651.90963357533
48,8,1,RANGER,466.8338918942797,206513.2804439414
48,8,1,MAGE,469.43950624527713,205396.75299956725
48,8,1,CLERIC,467.67398389494156,211128.58347959942
48,8,1,PALADIN,472.13854478041156,209064.70760274018
49,8,1,WARRIOR,484.61572683781026,211752.14815478746
49,8,1,ROGUE,487.3585238896239,210713.3799423558
49,8,1,RANGER,485.0706208553631,211684.29984263543
49,8,1,MAGE,487.9179614341621,210476.23920349838
49,8,1,CLERIC,486.1690477763091,216451.4748909277
49,8,1,PALADIN,490.8255116625509,214293.90957333383
50,8,1,WARRIOR,503.106102395121,216996.20153237626
50,8,1,ROGUE,506.07496263987724,215853.11021449132
50,8,1,RANGER,503.6270541013616,216882.70352632095
50,8,1,MAGE,506.7175017842277,215594.6454194498
50,8,1,CLERIC,505.0119109351132,221800.59831181276
50,8,1,PALADIN,509.84275345014294,219618.12574521473
51,8,1,WARRIOR,521.7342194726107,222297.29581900383
51,8,1,ROGUE,524.9465309160586,221095.7238777507
51,8,1,RANGER,522.3456193441826,222182.7011217425
51,8,1,MAGE,525.6612934166674,220805.09009058372
51,8,1,CLERIC,524.0533093332219,227234.93655925058
51,8,1,PALADIN,529.0128777077316,225003.76742390284
52,8,1,WARRIOR,540.6219160256765,227627.42034149304
52,8,1,ROGUE,544.1496580904837,226308.7543684953
52,8,1,RANGER,541.3448205561256,227491.5907544587
52,8,1,MAGE,544.8738737848691,226055.69779737972
52,8,1,CLERIC,543.3949700805329,232707.53761073534
52,8,1,PALADIN,548.5376021453291,230396.3637920609
53,8,1,WARRIOR,559.7665110772265,233030.32477590267
53,8,1,ROGUE,563.5892413667367,231592.0357767559
53,8,1,RANGER,560.6095469803521,232829.37153507772
53,8,1,MAGE,564.3633286328962,231314.73567520987
53,8,1,CLERIC,563.033424714037,238189.16602173893
53,8,1,PALADIN,568.3584589858,235850.90624708918
54,8,1,WARRIOR,579.1672781924782,238452.73282877533
54,8,1,ROGUE,583.3001057196428,236848.1513980765
54,8,1,RANGER,580.1553342339645,238215.349247769
54,8,1,MAGE,584.1346516359271,236633.06330635506
54,8,1,CLERIC,582.9864499127997,243729.29029268736
54,8,1,PALADIN,588.4666129854935,241329.62132636886
55,8,1,WARRIOR,598.8811237914449,243880.27253696256
55,8,1,ROGUE,603.3003107609643,242171.88234283493
55,8,1,RANGER,600.0227418574958,243593.61017305093
55,8,1,MAGE,604.2091481348543,241957.86417879746
55,8,1,CLERIC,603.2769394499035,249271.49473776238
55,8,1,PALADIN,608.9239365063237,246817.44568508878
56,8,1,WARRIOR,618.7765611685986,249442.76556953212
56,8,1,ROGUE,623.4958263900284,247579.5806745897
56,8,1,RANGER,620.0828545948317,249069.54466740592
56,8,1,MAGE,624.4978696091943,247367.68663305882
56,8,1,CLERIC,623.7931570220429,254906.35350842928
56,8,1,PALADIN,629.6440715646156,252421.44975661798
57,8,1,WARRIOR,639.6692309825216,254675.92602472904
57,8,1,ROGUE,644.7930660254954,252729.33358212723
57,8,1,RANGER,641.1930171389255,254220.33861947426
57,8,1,MAGE,645.8419518463418,252455.41155058297
57,8,1,CLERIC,645.3990885316969,260215.47101123925
57,8,1,PALADIN,651.4452466250679,257681.42544543432
58,8,1,WARRIOR,660.9474055538473,259942.15820929315
58,8,1,ROGUE,666.4592607733485,257861.75444630027
58,8,1,RANGER,662.6763305154445,259419.49224862707
58,8,1,MAGE,667.5408802187866,257605.3067059195
58,8,1,CLERIC,667.4222102522345,265579.3582978183
58,8,1,PALADIN,673.6746249578594,262977.6631019493
59,8,1,WARRIOR,682.5034743867424,265256.4762218545
59,8,1,ROGUE,688.454716773952,262997.9635384649
59,8,1,RANGER,684.47157031,264619.0625097374
59,8,1,MAGE,689.5592367233845,262730.48153682455
59,8,1,CLERIC,689.7676083740525,270923.5702811669
59,8,1,PALADIN,696.2576394044263,268312.1355548783
60,8,1,WARRIOR,704.323245601349,270601.5350590538
60,8,1,ROGUE,710.7413043095069,268212.24302237324
60,8,1,RANGER,706.5615884631136,269856.6957761447
60,8,1,MAGE,711.8660382269751,267921.08821489895
60,8,1,CLERIC,712.4186703471651,276343.46356906
60,8,1,PALADIN,719.1550503465295,273674.4465330025
61,8,1,WARRIOR,726.3269433003813,275962.86635976535
61,8,1,ROGUE,733.2112041251987,273451.71409609856
61,8,1,RANGER,728.826632171983,275137.84429076815
61,8,1,MAGE,734.3615887484458,273150.2003895142
61,8,1,CLERIC,735.2976687608409,281803.66391505033
61,8,1,PALADIN,742.2863012267796,279051.6231340456
62,8,1,WARRIOR,747.64711080892,281137.2718809579
62,8,1,ROGUE,755.0415136996552,278461.9042432342
62,8,1,RANGER,750.4251136774578,280232.65343820414
62,8,1,MAGE,756.1983329292285,278183.57544526283
62,8,1,CLERIC,757.509547769816,287061.3025805411
62,8,1,PALADIN,764.7511634566781,284236.48830096045
63,8,1,WARRIOR,769.8886019957192,286562.8984220586
63,8,1,ROGUE,777.8516799570071,283685.5551140501
63,8,1,RANGER,772.9789570994203,285490.4335987201
63,8,1,MAGE,778.9987163057369,283375.94065220706
63,8,1,CLERIC,780.6733135465103,292512.00691119203
63,8,1,PALADIN,788.2283707522514,289665.5798428045
64,8,1,WARRIOR,792.4103066176192,291988.1118629249
64,8,1,ROGUE,800.9574141581815,288903.33809844835
64,8,1,RANGER,795.8382175032573,290832.7343227302
64,8,1,MAGE,802.1096471734945,288660.5226802851
64,8,1,CLERIC,804.1816876038259,298058.5276247711
64,8,1,PALADIN,812.0625902446733,295088.8458336686
65,8,1,WARRIOR,815.2090548315475,297419.97359511803
65,8,1,ROGUE,824.3985056086747,294139.16779963707
65,8,1,RANGER,819.0133625565802,296192.9623532136
65,8,1,MAGE,825.5673862688484,293928.674355939
65,8,1,CLERIC,828.0421106573287,303599.8959345619
65,8,1,PALADIN,836.2395083433155,300507.66376471065
66,8,1,WARRIOR,838.1415752754951,302940.950389606
66,8,1,ROGUE,848.0104584058901,299468.89449616737
66,8,1,RANGER,842.3457658471668,301581.27782836347
66,8,1,MAGE,849.1750318216109,299237.10959495173
66,8,1,CLERIC,852.0825650791095,309183.2672495073
66,8,1,PALADIN,860.6216322643936,306006.98313796706
67,8,1,WARRIOR,861.1505159946105,308411.0286234354
67,8,1,ROGUE,871.7398883215409,304735.81683750486
67,8,1,RANGER,865.7876267944155,306916.6817315782
67,8,1,MAGE,872.9072014660178,304487.88720452227
67,8,1,CLERIC,876.2422262589743,314718.29319658474
67,8,1,PALADIN,885.1444840590228,311444.9537219481
68,8,1,WARRIOR,883.5247353368238,313767.16898799187
68,8,1,ROGUE,894.8404737013018,309770.7069266158
68,8,1,RANGER,888.6093625003839,312104.52170132316
68,8,1,MAGE,896.0189452627324,309598.17817374226
68,8,1,CLERIC,899.7930901487385,320112.21006363473
68,8,1,PALADIN,909.0450796219855,316763.02152665635
69,8,1,WARRIOR,906.7209301395521,319248.2091269783
69,8,1,ROGUE,918.8351600555886,315022.85218927445
69,8,1,RANGER,912.299091586758,317435.70849808294
69,8,1,MAGE,919.9971158152536,314845.70558226254
69,8,1,CLERIC,924.2522898832851,325645.40627268306
69,8,1,PALADIN,933.8728017013055,322197.30548619037
70,8,1,WARRIOR,930.1704911523981,324787.03581610724
70,8,1,ROGUE,943.1448030116004,320270.9257613168
70,8,1,RANGER,936.3071272086672,322778.8219459389
70,8,1,MAGE,944.277314876164,320116.2883910241
70,8,1,CLERIC,949.026456878721,331208.4006949541
70,8,1,PALADIN,959.0402351330115,327682.26013887156
71,8,1,WARRIOR,953.7086163058416,330380.28268054983
71,8,1,ROGUE,967.6126253144304,325618.51878494833
71,8,1,RANGER,960.4116394403319,328215.19218175195
71,8,1,MAGE,968.7063846571624,325469.23478942807
71,8,1,CLERIC,973.9496902111241,336867.7735462692
71,8,1,PALADIN,984.3633133698114,333218.7661759921
72,8,1,WARRIOR,977.4943411027836,336025.3869904113
72,8,1,ROGUE,992.3829469858871,330944.6268927781
72,8,1,RANGER,984.8153372010629,333661.9220882554
72,8,1,MAGE,993.4101893134983,330846.5361646096
72,8,1,CLERIC,999.1877639842079,342549.0457971717
72,8,1,PALADIN,1010.0316053190279,338788.2782682004
73,8,1,WARRIOR,1000.691145113021,341450.9989982063
73,8,1,ROGUE,1016.5900014052021,336081.08606000274
73,8,1,RANGER,1008.6742830846251,338917.63474386017
73,8,1,MAGE,1017.5641394946012,336037.8482945882
73,8,1,CLERIC,1023.8820192787175,348038.2547527633
73,8,1,PALADIN,1035.1425501693093,344134.5112363846
74,8,1,WARRIOR,1025.4849109373824,346865.6175056289
74,8,1,ROGUE,1042.555838389288,341144.06379133114
74,8,1,RANGER,1034.224196246737,344099.1418171172
74,8,1,MAGE,1043.3744302302455,341169.40638601553
74,8,1,CLERIC,1050.3089189840143,353459.2054679584
74,8,1,PALADIN,1062.0588605868888,349436.3799148756
75,8,1,WARRIOR,1050.4912629078926,352308.2635885285
75,8,1,ROGUE,1068.794993344408,346240.6290419925
75,8,1,RANGER,1060.022752720132,349334.84916928725
75,8,1,MAGE,1069.477995410662,346314.39505006536
75,8,1,CLERIC,1077.032407861199,358910.43283937755
75,8,1,PALADIN,1089.2778738895586,354764.03709792113
76,8,1,WARRIOR,1075.566247088799,357842.49567774317
76,8,1,ROGUE,1095.1701458775224,351397.5549357591
76,8,1,RANGER,1085.9601100977775,354666.95563322445
76,8,1,MAGE,1095.7192686359206,351586.18860202347
76,8,1,CLERIC,1103.9177947388023,364490.28302211943
76,8,1,PALADIN,1116.6563960948743,360173.6493486478
77,8,1,WARRIOR,1100.901793596824,363398.2035358673
77,8,1,ROGUE,1121.880721647202,356615.70095444896
77,8,1,RANGER,1112.188695585104,360003.6509896016
77,8,1,MAGE,1122.2643885982825,356848.3250860348
77,8,1,CLERIC,1131.1252841062355,370069.35958535736
77,8,1,PALADIN,1144.4061228308913,365593.38357089955
78,8,1,WARRIOR,1125.3747349102048,368774.9064276036
78,8,1,ROGUE,1147.7407968876694,361607.7162743912
78,8,1,RANGER,1137.5730657007532,365160.00770606584
78,8,1,MAGE,1147.940641040214,361936.0102526809
78,8,1,CLERIC,1157.4636130872325,375469.54237795714
78,8,1,PALADIN,1171.287062159313,370835.1524426905
79,8,1,WARRIOR,1150.660083362955,374336.93101712695
79,8,1,ROGUE,1174.520235419578,366765.71538259886
79,8,1,RANGER,1163.8428987410489,370489.3530122734
79,8,1,MAGE,1174.526187486263,367186.3515857487
79,8,1,CLERIC,1184.7604112573422,381035.40056331566
79,8,1,PALADIN,1199.1355125883,376246.1050179076
80,8,1,WARRIOR,1176.1760180943675,379955.10785584187
80,8,1,ROGUE,1201.5788828919856,371965.2873927692
80,8,1,RANGER,1190.3552127507708,375822.1550869672
80,8,1,MAGE,1201.382747757885,372442.91033399623
80,8,1,CLERIC,1212.3440454659867,386617.85741879995
80,8,1,PALADIN,1227.307288574768,381704.4004981974
81,8,1,WARRIOR,1201.7537352225986,385632.20294602105
81,8,1,ROGUE,1228.7870467508014,377225.4109556088
81,8,1,RANGER,1217.0082587693446,381240.8872078454
81,8,1,MAGE,1228.38698728198,377788.5901834868
81,8,1,CLERIC,1240.0780280156096,392307.870711968
81,8,1,PALADIN,1255.6359386444788,387209.40006294387
82,8,1,WARRIOR,1227.5490649207022,391395.17549022514
82,8,1,ROGUE,1256.2728944541334,382517.2447076504
82,8,1,RANGER,1243.9214279432144,386681.4701434325
82,8,1,MAGE,1255.6826573203198,383152.49871868594
82,8,1,CLERIC,1268.1041894738871,398023.68872931914
82,8,1,PALADIN,1284.3097761434663,392781.069106453
83,8,1,WARRIOR,1252.561770467963,396962.4257047509
83,8,1,ROGUE,1283.0295500309974,387677.6969891169
83,8,1,RANGER,1270.1071089355873,391964.9396575006
83,8,1,MAGE,1282.2114737211796,388342.70186134515
83,8,1,CLERIC,1295.3739796132618,403554.63188790466
83,8,1,PALADIN,1312.2168410802751,398143.3287789506
84,8,1,WARRIOR,1278.449118587232,402785.8957296971
84,8,1,ROGUE,1310.7619407383218,393009.5740419748
84,8,1,RANGER,1297.2208739175505,397429.02764550166
84,8,1,MAGE,1309.6936087768484,393732.15912429633
84,8,1,CLERIC,1323.6604003163359,409304.4311973995
84,8,1,PALADIN,1341.195235412451,403746.357271374
85,8,1,WARRIOR,1304.536375886532,408648.2893780714
85,8,1,ROGUE,1338.7856792974803,398371.01463272556
85,8,1,RANGER,1324.5874933261673,402941.7585204193
85,8,1,MAGE,1337.4672317622587,399154.4175415697
85,8,1,CLERIC,1352.2365170953742,415100.39434943773
85,8,1,PALADIN,1370.495272198085,409375.33286791877
86,8,1,WARRIOR,1330.678388193047,414604.00562052405
86,8,1,ROGUE,1366.9136006952654,403816.46152086015
86,8,1,RANGER,1352.0450552631187,408567.1440179916
86,8,1,MAGE,1365.3351654607677,404691.4528591456
86,8,1,CLERIC,1380.9078222676926,421030.63782543567
86,8,1,PALADIN,1399.9279662602232,415089.79368405876
87,8,1,WARRIOR,1357.028448185436,420643.82485001336
87,8,1,ROGUE,1395.3505490759283,409318.984978893
87,8,1,RANGER,1379.7855374656513,414196.8831255612
87,8,1,MAGE,1393.4576341282211,410226.34654416796
87,8,1,CLERIC,1409.8983181696683,426950.3393382728
87,8,1,PALADIN,1429.7036395359728,420875.17763142684
88,8,1,WARRIOR,1382.6514583564856,426402.08749774
88,8,1,ROGUE,1423.0815992788962,414457.7065091468
88,8,1,RANGER,1406.8159510060968,419549.03794657224
88,8,1,MAGE,1420.8269821049516,415524.31123622204
88,8,1,CLERIC,1438.130745630763,432621.66136683093
88,8,1,PALADIN,1458.7479473206633,426368.4609753074
89,8,1,WARRIOR,1409.7168812586203,432131.5243587141
89,8,1,ROGUE,1452.4745736891302,419607.8549602503
89,8,1,RANGER,1435.4133922690228,424868.5322358346
89,8,1,MAGE,1449.7313179665434,420785.9543540454
89,8,1,CLERIC,1468.012553747865,438252.38256307086
89,8,1,PALADIN,1489.5330688795013,431797.7928790321
90,8,1,WARRIOR,1436.9635453727085,437950.43724423234
90,8,1,ROGUE,1482.1698406218645,424771.91028144886
90,8,1,RANGER,1464.252878216116,430257.04127693345
90,8,1,MAGE,1478.906020626578,426128.795388565
90,8,1,CLERIC,1498.1440594715139,443989.0204364873
90,8,1,PALADIN,1520.6297171501028,437301.9321372106
91,8,1,WARRIOR,1464.2349055805812,443814.95104423113
91,8,1,ROGUE,1511.9168374162969,429993.38751559594
91,8,1,RANGER,1493.1520595307413,435748.48951886303
91,8,1,MAGE,1508.1313356898966,431551.6615482789
91,8,1,CLERIC,1528.3749813599377,449808.44651800604
91,8,1,PALADIN,1551.8333240691268,442845.60604292544
92,8,1,WARRIOR,1491.410021270292,449680.5000369881
92,8,1,ROGUE,1541.621501057446,435245.5333814113
92,8,1,RANGER,1522.0030592708574,441205.9941566097
92,8,1,MAGE,1537.3178253899046,436943.9483127918
92,8,1,CLERIC,1558.5844189074983,455595.0678374152
92,8,1,PALADIN,1583.0227652826804,448379.5533876936
93,8,1,WARRIOR,1518.2808493663242,455504.9315982234
93,8,1,ROGUE,1571.0610896897329,440417.43497647636
93,8,1,RANGER,1550.52085036178,446646.3055549445
93,8,1,MAGE,1566.2039843487198,442312.1220864274
93,8,1,CLERIC,1588.4859599521315,461365.1368593682
93,8,1,PALADIN,1613.9096771752281,453879.9996739021
94,8,1,WARRIOR,1545.8871086634408,461523.6581646985
94,8,1,ROGUE,1601.3490306058704,445703.4730851034
94,8,1,RANGER,1579.86293892572,452217.08784643543
94,8,1,MAGE,1595.9009697459742,447799.0250790765
94,8,1,CLERIC,1619.2382028028235,467274.5943912463
94,8,1,PALADIN,1645.7405418154278,459558.9675108835
95,8,1,WARRIOR,1573.6855388861657,467581.20702488505
95,8,1,ROGUE,1631.8960309210368,451040.417168657
95,8,1,RANGER,1609.4515944933578,457804.2279795578
95,8,1,MAGE,1625.8445060524418,453325.3347760347
95,8,1,CLERIC,1650.286449815103,473221.24025801534
95,8,1,PALADIN,1677.876565426863,465269.6653680205
96,8,1,WARRIOR,1601.5149545821364,473689.7183379332
96,8,1,ROGUE,1662.5145272781558,456465.69074192
96,8,1,RANGER,1639.077060481879,463502.1685018568
96,8,1,MAGE,1655.8800355526432,458932.12657091685
96,8,1,CLERIC,1681.4237473626226,479266.80187787727
96,8,1,PALADIN,1710.128197421483,471028.3872077863
97,8,1,WARRIOR,1628.4455875734063,479693.2549656268
97,8,1,ROGUE,1692.1944310808294,461750.88735277666
97,8,1,RANGER,1667.7713922298797,469056.9458183111
97,8,1,MAGE,1684.9755309329726,464394.6544088581
97,8,1,CLERIC,1711.6098899215704,485156.1840344651
97,8,1,PALADIN,1741.4031870533136,476692.5634577846
98,8,1,WARRIOR,1656.1441045828149,485829.2403562797
98,8,1,ROGUE,1722.6929462958226,467212.4511397332
98,8,1,RANGER,1697.2433615544494,474775.13191566477
98,8,1,MAGE,1714.86894105473,470031.13354787574
98,8,1,CLERIC,1742.6404550301995,491244.2905772348
98,8,1,PALADIN,1773.616674087483,482482.8380702802
99,8,1,WARRIOR,1684.0277718963162,492014.5803204212
99,8,1,ROGUE,1753.432828162229,472687.25525185413
99,8,1,RANGER,1726.9492866227333,480512.1662317703
99,8,1,MAGE,1744.9655647864392,475692.1998567285
99,8,1,CLERIC,1773.9212946985615,497355.7726034413
99,8,1,PALADIN,1806.0808945704136,488319.693674228
100,8,1,WARRIOR,1712.1142241567245,498254.89665134123
100,8,1,ROGUE,1784.432582364991,478196.3936648533
100,8,1,RANGER,1756.8653266831454,486298.0359601495
100,8,1,MAGE,1775.2948816260894,481401.1285013669
100,8,1,CLERIC,1805.4557658797846,503525.0503600715
100,8,1,PALADIN,1838.8371611313974,494213.81846468005
20,8,5,WARRIOR,16.80839148134025,382886.32910796744
20,8,5,ROGUE,16.79497896858814,383722.21689312195
20,8,5,RANGER,16.84613874844438,382092.814182383
20,8,5,MAGE,16.895994274440852,381071.0778790836
20,8,5,CLERIC,16.69046675208989,388998.1985786609
20,8,5,PALADIN,16.848195201314173,385152.759536751
21,8,5,WARRIOR,18.583563259727203,403504.39432410954
21,8,5,ROGUE,18.565467249392903,404748.5022358229
21,8,5,RANGER,18.62649760750852,402446.2238128023
21,8,5,MAGE,18.679999708423946,401549.57800226135
21,8,5,CLERIC,18.461678769538675,409920.62365892343
21,8,5,PALADIN,18.627983689696787,406109.0662584286
22,8,5,WARRIOR,20.428247061274686,424548.336745974
22,8,5,ROGUE,20.412230940432334,425663.97876135196
22,8,5,RANGER,20.47904038307746,423401.5223762647
22,8,5,MAGE,20.53356932586862,422318.5969219293
22,8,5,CLERIC,20.30480946181566,431097.5321615884
22,8,5,PALADIN,20.48556431605556,427315.8919346539
23,8,5,WARRIOR,22.35340076753229,445480.37023805914
23,8,5,ROGUE,22.34941528376678,446401.96950685064
23,8,5,RANGER,22.413107740068433,444191.58882201504
23,8,5,MAGE,22.47449202612182,443012.69360961317
23,8,5,CLERIC,22.231517486267062,452291.72136860626
23,8,5,PALADIN,22.420896807639092,448529.45496692363
24,8,5,WARRIOR,24.361418875986725,466683.70366171916
24,8,5,ROGUE,24.363692536320464,467396.459219962
24,8,5,RANGER,24.423531668716418,465463.17110073625
24,8,5,MAGE,24.49482733843474,464246.7583209618
24,8,5,CLERIC,24.23416821109194,474110.24281581066
24,8,5,PALADIN,24.439532303808875,470025.3612549587
25,8,5,WARRIOR,26.446557296817264,488334.46372826153
25,8,5,ROGUE,26.465818476244642,488612.49366261484
25,8,5,RANGER,26.519508334675628,486554.8961979964
25,8,5,MAGE,26.59719505111474,485268.4009609146
25,8,5,CLERIC,26.318435072684988,495717.5655189518
25,8,5,PALADIN,26.541756511690192,491885.5382366937
26,8,5,WARRIOR,28.60575529718568,509742.560055199
26,8,5,ROGUE,28.63734316662667,510000.4403348566
26,8,5,RANGER,28.682506073267714,508148.34093538177
26,8,5,MAGE,28.769671903418985,506600.3072238005
26,8,5,CLERIC,28.475166092923498,517639.53990291484
26,8,5,PALADIN,28.714096372469363,513637.260987978
27,8,5,WARRIOR,30.834478925278244,531644.929519498
27,8,5,ROGUE,30.883292543705007,531248.1935590836
27,8,5,RANGER,30.917442380123102,530052.9325328608
27,8,5,MAGE,31.00426597693868,528546.7232054126
27,8,5,CLERIC,30.69565991301655,540227.6489409534
27,8,5,PALADIN,30.959605868243464,535834.2741215656
28,8,5,WARRIOR,33.147872374292,553640.6750417259
28,8,5,ROGUE,33.21036818889691,552875.9221536915
28,8,5,RANGER,33.23096418845225,551910.298810208
28,8,5,MAGE,33.3328924844692,550247.6854070132
28,8,5,CLERIC,33.01120567577841,562492.9435287021
28,8,5,PALADIN,33.29383799887985,558127.9484998151
29,8,5,WARRIOR,35.53095336082931,575603.4651619224
29,8,5,ROGUE,35.619154614403215,574884.338122944
29,8,5,RANGER,35.627740747151606,573914.9029997007
29,8,5,MAGE,35.74880543576398,571992.1809483258
29,8,5,CLERIC,35.40689934031352,585004.6815993402
29,8,5,PALADIN,35.70495868225036,580293.3703659486
30,8,5,WARRIOR,37.99970340509867,597537.3579350978
30,8,5,ROGUE,38.104080226823285,596452.6679875395
30,8,5,RANGER,38.100842334485066,596250.5694247673
30,8,5,MAGE,38.23801577215875,594026.1325363653
30,8,5,CLERIC,37.88820418636386,607580.6803027381
30,8,5,PALADIN,38.1984250426659,602507.4080094526
31,8,5,WARRIOR,40.53978415189823,619698.5387457636
31,8,5,ROGUE,40.662330925690995,618544.4009829003
31,8,5,RANGER,40.647219857808366,618387.200598946
31,8,5,MAGE,40.80044448981963,615995.6910829995
31,8,5,CLERIC,40.43550142070766,630291.8902830306
31,8,5,PALADIN,40.76959906387667,624900.4242127435
32,8,5,WARRIOR,43.16520336360565,641796.5375753973
32,8,5,ROGUE,43.29731665616014,640633.7812519752
32,8,5,RANGER,43.27254294879367,640703.5338854034
32,8,5,MAGE,43.435096870740686,638315.8032894059
32,8,5,CLERIC,43.047576239241884,653459.723113447
32,8,5,PALADIN,43.4308857010871,647219.0423069453
33,8,5,WARRIOR,45.86043326789466,664299.6891140923
33,8,5,ROGUE,46.01091304442029,663191.7295477451
33,8,5,RANGER,45.97592393292278,663147.1217301051
33,8,5,MAGE,46.141963309524385,660803.9461382487
33,8,5,CLERIC,45.738831733987055,676720.7920288934
33,8,5,PALADIN,46.15749614989517,670071.6504326729
34,8,5,WARRIOR,48.62316554667854,686946.7310377875
34,8,5,ROGUE,48.787614490776924,685928.9065839932
34,8,5,RANGER,48.73746743723376,686027.7666368156
34,8,5,MAGE,48.9134315266711,683537.9341412449
34,8,5,CLERIC,48.50080912186208,700148.1364914653
34,8,5,PALADIN,48.95172173226114,693109.3506388254
35,8,5,WARRIOR,51.46303902615315,709881.7533188112
35,8,5,ROGUE,51.64379604921357,708419.4469871299
35,8,5,RANGER,51.569677009416466,709053.3004661484
35,8,5,MAGE,51.765309495222304,706407.9058268743
35,8,5,CLERIC,51.34378896833876,723777.1597440089
35,8,5,PALADIN,51.8242438308729,716473.7221477871
36,8,5,WARRIOR,54.36091399064187,733028.3771417047
36,8,5,ROGUE,54.559909568018895,731214.3626312944
36,8,5,RANGER,54.45315231009903,732163.9082611174
36,8,5,MAGE,54.668629831353726,729300.0882863489
36,8,5,CLERIC,54.240366646049736,747416.8975856747
36,8,5,PALADIN,54.758260302154014,740053.2385687556
37,8,5,WARRIOR,57.31414862954604,756487.126856645
37,8,5,ROGUE,57.53049606943331,754210.2932700716
37,8,5,RANGER,57.41261505489494,755468.7440387201
37,8,5,MAGE,57.6380147647169,752678.9121223663
37,8,5,CLERIC,57.20136595830749,771600.3970896421
37,8,5,PALADIN,57.756095952815556,763885.8952402796
38,8,5,WARRIOR,60.34487947987659,780008.9093010193
38,8,5,ROGUE,60.59143600918911,777301.317885209
38,8,5,RANGER,60.453496033335696,779124.9022476273
38,8,5,MAGE,60.68234084371408,776453.9140612392
38,8,5,CLERIC,60.25043156466829,796072.1660726924
38,8,5,PALADIN,60.83031769102209,787864.9435291932
39,8,5,WARRIOR,63.43481763907285,803496.0514902642
39,8,5,ROGUE,63.69063569919061,801132.3162322971
39,8,5,RANGER,63.533880770836944,803085.7670891786
39,8,5,MAGE,63.78782199909544,800089.2886062755
39,8,5,CLERIC,63.354670272966224,820484.8774531592
39,8,5,PALADIN,63.9688191309643,811790.7797576252
40,8,5,WARRIOR,66.61795899244268,827180.881791219
40,8,5,ROGUE,66.87645300550616,824935.4157278313
40,8,5,RANGER,66.70635697338227,826720.1068183864
40,8,5,MAGE,66.9847583368292,823565.4907882042
40,8,5,CLERIC,66.54859167770286,844812.1978640894
40,8,5,PALADIN,67.19735194642124,835995.0633886821
41,8,5,WARRIOR,69.83438945199094,851325.1927744184
41,8,5,ROGUE,70.12367268446216,848907.4851065264
41,8,5,RANGER,69.91862092563868,850994.4457540299
41,8,5,MAGE,70.22601862146959,847495.862905214
41,8,5,CLERIC,69.79907125480653,869515.373326986
41,8,5,PALADIN,70.47369222817586,860509.1181210229
42,8,5,WARRIOR,73.11933107822969,875338.7193397944
42,8,5,ROGUE,73.43439969430975,872796.7080728575
42,8,5,RANGER,73.20109387689257,875080.920685816
42,8,5,MAGE,73.52978396007829,871445.9857149806
42,8,5,CLERIC,73.11499838645516,894202.4816089148
42,8,5,PALADIN,73.8258296082504,884858.5723200537
43,8,5,WARRIOR,76.4818064661967,899635.9639845936
43,8,5,ROGUE,76.8094735638952,896878.6619490858
43,8,5,RANGER,76.55212300879145,899718.3680926807
43,8,5,MAGE,76.90801294954709,895815.4421464055
43,8,5,CLERIC,76.5014140288809,919474.3328331781
43,8,5,PALADIN,77.24881852747765,909637.6346196841
44,8,5,WARRIOR,79.8947288870637,924453.7010308199
44,8,5,ROGUE,80.24239125557641,921277.4324240068
44,8,5,RANGER,79.96584258420097,924421.627861456
44,8,5,MAGE,80.35047296231375,920184.9950177434
44,8,5,CLERIC,79.95259651054018,944714.0225463791
44,8,5,PALADIN,80.73150278831595,934876.0337448238
45,8,5,WARRIOR,83.36476744970884,949094.2552287579
45,8,5,ROGUE,83.75415332339445,945309.8986242751
45,8,5,RANGER,83.43533164721546,948979.7360042311
45,8,5,MAGE,83.85050326086278,944405.1054606059
45,8,5,CLERIC,83.4622858797111,969835.7949560652
45,8,5,PALADIN,84.27343776500287,959942.2778750723
46,8,5,WARRIOR,86.87252958333553,973809.2614633385
46,8,5,ROGUE,87.29902813115235,969988.3084355046
46,8,5,RANGER,86.94904040867628,973871.4011621274
46,8,5,MAGE,87.39564960124117,968948.6777817527
46,8,5,CLERIC,87.01737182635102,995340.2284182957
46,8,5,PALADIN,87.85737580743945,985116.4296631686
47,8,5,WARRIOR,90.44091808462775,999023.473428862
47,8,5,ROGUE,90.89648623964248,994766.2973914276
47,8,5,RANGER,90.51644873289598,998977.0949458125
47,8,5,MAGE,91.00389403287143,993731.2204995825
47,8,5,CLERIC,90.63841096382505,1021128.1510323394
47,8,5,PALADIN,91.50561168547594,1010804.591476011
48,8,5,WARRIOR,94.0596066327639,1024468.716696019
48,8,5,ROGUE,94.56258210632149,1019779.0570489665
48,8,5,RANGER,94.14321728429341,1024050.3906550083
48,8,5,MAGE,94.6686738166151,1018513.7958019783
48,8,5,CLERIC,94.3126329268385,1046936.5840586324
48,8,5,PALADIN,95.21297056902273,1036702.3129579176
49,8,5,WARRIOR,97.72915905045237,1050028.6934273483
49,8,5,ROGUE,98.2822802854335,1044877.6881677643
49,8,5,RANGER,97.8208944344495,1049692.2497351305
49,8,5,MAGE,98.39509825179567,1043701.7634730178
49,8,5,CLERIC,98.04240672412055,1073331.5404385177
49,8,5,PALADIN,98.98144413984913,1062632.6856162227
50,8,5,WARRIOR,101.45798738529466,1076032.7106914741
50,8,5,ROGUE,102.05669724754277,1070364.3918883542
50,8,5,RANGER,101.56304417428704,1075469.9009913441
50,8,5,MAGE,102.18627374858643,1069082.7262552101
50,8,5,CLERIC,101.84231883722653,1099856.5751338347
50,8,5,PALADIN,102.81652200553816,1089034.2111695702
51,8,5,WARRIOR,105.21459311609819,1102319.5802983593
51,8,5,ROGUE,105.86239812652325,1096361.2699504956
51,8,5,RANGER,105.33788997169587,1101751.3323665787
51,8,5,MAGE,106.0065394208248,1094920.085913101
51,8,5,CLERIC,105.68226820233372,1126804.169948449
51,8,5,PALADIN,106.68243063960493,1115740.3312463635
52,8,5,WARRIOR,109.02354647503246,1128750.4039614243
52,8,5,ROGUE,109.73496223446345,1122211.4520747038
52,8,5,RANGER,109.16932971713966,1128076.8572463365
52,8,5,MAGE,109.88100989008795,1120956.6045416459
52,8,5,CLERIC,109.58276943411991,1153941.5009357084
52,8,5,PALADIN,110.61984908128255,1142480.9379791887
53,8,5,WARRIOR,112.88430680767348,1155542.1259506105
53,8,5,ROGUE,113.65521083695107,1148409.991841439
53,8,5,RANGER,113.05431612701483,1154545.6464780662
53,8,5,MAGE,113.81131575341152,1147034.9263894428
53,8,5,CLERIC,113.54312307122993,1181123.5964583135
53,8,5,PALADIN,114.61698653143988,1169528.7206685562
54,8,5,WARRIOR,116.79672761885733,1182430.561759185
54,8,5,ROGUE,117.63016684990716,1174473.8229121116
54,8,5,RANGER,116.99598216360613,1181253.4328678031
54,8,5,MAGE,117.79846405132001,1173407.252065534
54,8,5,CLERIC,117.5669140156789,1208595.7590802335
54,8,5,PALADIN,118.67206124655478,1196696.3696699326
55,8,5,WARRIOR,120.77228483943897,1209344.4442296806
55,8,5,ROGUE,121.66347223246058,1200872.9423392124
55,8,5,RANGER,121.00250719371535,1207922.9535385312
55,8,5,MAGE,121.84675128707039,1199811.6770103257
55,8,5,CLERIC,121.658759099045,1236078.236792409
55,8,5,PALADIN,122.79755060522533,1223909.189428121
56,8,5,WARRIOR,124.78446243940556,1236927.5282365456
56,8,5,ROGUE,125.73616457345688,1227688.4361286354
56,8,5,RANGER,125.04789375405127,1235076.81427858
56,8,5,MAGE,125.93823981723877,1226637.7038196009
56,8,5,CLERIC,125.79612522066148,1264020.165335613
56,8,5,PALADIN,126.97603937997442,1251698.1168343637
57,8,5,WARRIOR,128.9977451253734,1262877.5300813883
57,8,5,ROGUE,130.03103410493355,1253224.8397216827
57,8,5,RANGER,129.3050367203238,1260618.3801646098
57,8,5,MAGE,130.24255577774457,1251866.5253178396
57,8,5,CLERIC,130.1532465438141,1290346.820169135
57,8,5,PALADIN,131.37253414268517,1277781.0890644735
58,8,5,WARRIOR,133.28876993497545,1288991.5267904121
58,8,5,ROGUE,134.40030830564407,1278675.2978213448
58,8,5,RANGER,133.63743047816652,1286399.750222574
58,8,5,MAGE,134.61843114599228,1277403.634283993
58,8,5,CLERIC,134.59449978059615,1316945.0653737176
58,8,5,PALADIN,135.8553817482585,1304043.8757942026
59,8,5,WARRIOR,137.6358357910894,1315343.9697186807
59,8,5,ROGUE,138.83598238476785,1304144.5408453776
59,8,5,RANGER,138.0327283161538,1312183.1862596262
59,8,5,MAGE,139.05872341407127,1302818.1610228107
59,8,5,CLERIC,139.10074430828084,1343445.7454148587
59,8,5,PALADIN,140.40954474475953,1330496.259813366
60,8,5,WARRIOR,142.03608071378557,1341848.8491072666
60,8,5,ROGUE,143.33036698133503,1330000.9164305315
60,8,5,RANGER,142.487472101709,1338155.3677146968
60,8,5,MAGE,143.5571844241509,1328557.148776973
60,8,5,CLERIC,143.6686299868503,1370321.7111001846
60,8,5,PALADIN,145.02710994514212,1357086.6884780845
61,8,5,WARRIOR,146.47341684020162,1368434.4197839913
61,8,5,ROGUE,147.8617189192189,1355982.2111363234
61,8,5,RANGER,146.97751210121066,1364343.3309676237
61,8,5,MAGE,148.09370916548704,1354487.0761583124
61,8,5,CLERIC,148.2824820577995,1397397.54992927
61,8,5,PALADIN,149.69183205612805,1383750.8322420209
62,8,5,WARRIOR,150.77291007996934,1394093.069842688
62,8,5,ROGUE,152.2640890413026,1380826.5560927386
62,8,5,RANGER,151.33313103266818,1389607.2814822292
62,8,5,MAGE,152.49737691088387,1379446.389579087
62,8,5,CLERIC,152.76180069370508,1423468.9334148483
62,8,5,PALADIN,154.22216809833213,1409461.3492037323
63,8,5,WARRIOR,155.25820040246316,1420997.4653712388
63,8,5,ROGUE,156.8640601992301,1406729.4021634858
63,8,5,RANGER,155.8814113069517,1415679.3666080865
63,8,5,MAGE,157.09537522173903,1405194.0974609444
63,8,5,CLERIC,157.43307986280976,1450497.6837554986
63,8,5,PALADIN,158.95665688766817,1436382.9268493708
64,8,5,WARRIOR,159.79999946342838,1447899.8124336794
64,8,5,ROGUE,161.52363653501789,1432603.1507768417
64,8,5,RANGER,160.49128294764233,1442170.5691673527
64,8,5,MAGE,161.75599953394794,1431399.0866929602
64,8,5,CLERIC,162.17385384110415,1478001.5648197418
64,8,5,PALADIN,163.7631418996534,1463275.616969017
65,8,5,WARRIOR,164.39766802216238,1474835.1267964102
65,8,5,ROGUE,166.25084208740427,1458566.3887796435
65,8,5,RANGER,165.1648568981045,1468750.668988616
65,8,5,MAGE,166.48656230369707,1457522.6017031611
65,8,5,CLERIC,166.98562314711202,1505479.896335302
65,8,5,PALADIN,168.63873660977464,1490146.2502146992
66,8,5,WARRIOR,169.0223135170957,1502212.3416226853
66,8,5,ROGUE,171.01250408601106,1484995.2397181084
66,8,5,RANGER,169.87014404818123,1495470.0477880705
66,8,5,MAGE,171.24735568959719,1483845.8733522866
66,8,5,CLERIC,171.8336981552466,1533166.5107939488
66,8,5,PALADIN,173.5557137830482,1517416.0710243522
67,8,5,WARRIOR,173.66237016939127,1529337.1625553863
67,8,5,ROGUE,175.79785689644382,1511112.658750926
67,8,5,RANGER,174.59750477974703,1521927.050648341
67,8,5,MAGE,176.03326100250254,1509883.2344884041
67,8,5,CLERIC,176.7058127798763,1560613.3920366727
67,8,5,PALADIN,178.50107058986526,1544381.677734609
68,8,5,WARRIOR,178.17442687665675,1555896.992610558
68,8,5,ROGUE,180.45639490442048,1536079.4848629097
68,8,5,RANGER,179.19980906972395,1547652.3189519222
68,8,5,MAGE,180.69404925256765,1535223.9556862887
68,8,5,CLERIC,181.45515539382046,1587360.5468103949
68,8,5,PALADIN,183.32094121274966,1570752.7149930072
69,8,5,WARRIOR,182.85224578697833,1583076.1710317167
69,8,5,ROGUE,185.2952401775303,1562123.6278664025
69,8,5,RANGER,183.97715568381605,1574088.4101812155
69,8,5,MAGE,185.52956389621534,1561245.199846065
69,8,5,CLERIC,186.38767592240882,1614798.3548160885
69,8,5,PALADIN,188.32777913726946,1597700.0406067795
70,8,5,WARRIOR,187.58115933842544,1610541.8992530676
70,8,5,ROGUE,190.19760060732895,1588147.5803215813
70,8,5,RANGER,188.81869301297448,1600583.642845326
70,8,5,MAGE,190.42598657585845,1587380.7702688926
70,8,5,CLERIC,191.38371375724722,1642383.9250955975
70,8,5,PALADIN,193.40312434075284,1624898.6301731672
71,8,5,WARRIOR,192.32793301801792,1638277.4842200466
71,8,5,ROGUE,195.13185999064396,1614665.0261397953
71,8,5,RANGER,193.6796861241418,1627541.3138084812
71,8,5,MAGE,195.35243100154833,1613924.7622032466
71,8,5,CLERIC,196.40981278685874,1670447.4131521182
71,8,5,PALADIN,198.50985737395365,1652352.8508314658
72,8,5,WARRIOR,197.12463843444903,1666270.2179627619
72,8,5,ROGUE,200.12712236513727,1641075.9333549105
72,8,5,RANGER,198.6010139469919,1654550.3559221735
72,8,5,MAGE,200.33427934180736,1640589.5246925487
72,8,5,CLERIC,201.4994035477509,1698619.4951385523
72,8,5,PALADIN,203.68620730965836,1679970.7406907675
73,8,5,WARRIOR,201.8025801995073,1693174.5414240954
73,8,5,ROGUE,205.00879446217164,1666546.41644187
73,8,5,RANGER,203.41248536218012,1680612.1887814098
73,8,5,MAGE,205.205242268142,1666332.0106154326
73,8,5,CLERIC,206.47932613313012,1725839.1807843214
73,8,5,PALADIN,208.75016084495425,1706481.4423165054
74,8,5,WARRIOR,206.8025703969357,1720024.350723789
74,8,5,ROGUE,210.2451482822473,1691652.5225116522
74,8,5,RANGER,208.5649626526684,1706306.053752921
74,8,5,MAGE,210.41022813375014,1691778.1904296232
74,8,5,CLERIC,211.8086593377326,1752720.3900009075
74,8,5,PALADIN,214.1781901807239,1732772.1519490227
75,8,5,WARRIOR,211.84543139722575,1747013.1421245588
75,8,5,ROGUE,215.53662027943363,1716925.1811257566
75,8,5,RANGER,213.76758214938212,1732268.6850559502
75,8,5,MAGE,215.674356662857,1717290.9692688808
75,8,5,CLERIC,217.19780366431664,1779751.7339767076
75,8,5,PALADIN,219.66726354945354,1759190.7406608257
76,8,5,WARRIOR,216.90213298880138,1774456.0868143765
76,8,5,ROGUE,220.8555179836167,1742497.153856703
76,8,5,RANGER,218.9981926808408,1758709.336696711
76,8,5,MAGE,220.96625583718145,1743432.5434801374
76,8,5,CLERIC,222.61959686000787,1807420.887975665
76,8,5,PALADIN,225.18850399418463,1786015.7251206143
77,8,5,WARRIOR,222.01138041349674,1802005.5247500222
77,8,5,ROGUE,226.24205821159794,1768372.7026710303
77,8,5,RANGER,224.28753320531197,1785172.7435669939
77,8,5,MAGE,226.31942971732514,1769526.2305812656
77,8,5,CLERIC,228.1063462750621,1835086.2057789369
77,8,5,PALADIN,230.78460273304873,1812890.9020371411
78,8,5,WARRIOR,226.94667211286875,1828667.3195018282
78,8,5,ROGUE,231.4570837798419,1793126.922968888
78,8,5,RANGER,229.4066265550375,1810741.893882657
78,8,5,MAGE,231.49738499147767,1794754.854964325
78,8,5,CLERIC,233.41781802382866,1861864.4317917249
78,8,5,PALADIN,236.20549902173252,1838883.590978703
79,8,5,WARRIOR,232.04579643702,1856248.0806107018
79,8,5,ROGUE,236.85751109292949,1818704.2175157736
79,8,5,RANGER,234.70428519310138,1837168.853596943
79,8,5,MAGE,236.8587114057536,1820790.052708713
79,8,5,CLERIC,238.9225777379671,1889464.2027933493
79,8,5,PALADIN,241.82150669660098,1865715.221789831
80,8,5,WARRIOR,237.19142152838586,1884107.287408866
80,8,5,ROGUE,242.31424457489112,1844487.6622259994
80,8,5,RANGER,240.050843319802,1863612.9546065074
80,8,5,MAGE,242.27469133578967,1846856.0811407445
80,8,5,CLERIC,244.4851817259889,1917146.2826643595
80,8,5,PALADIN,247.50271723857068,1892781.614841577
81,8,5,WARRIOR,242.34950585570067,1912258.655845734
81,8,5,ROGUE,247.8011300100369,1870571.367728328
81,8,5,RANGER,245.42578191398425,1890483.1623399344
81,8,5,MAGE,247.72045273669863,1873364.039982033
81,8,5,CLERIC,250.07810544181726,1945361.7094067696
81,8,5,PALADIN,253.21556351042503,1920079.6023739793
82,8,5,WARRIOR,247.55147463057807,1940835.8702144164
82,8,5,ROGUE,253.34401405831792,1896812.3165399986
82,8,5,RANGER,250.8531777764902,1917461.723082382
82,8,5,MAGE,253.22498494817256,1899962.3905534842
82,8,5,CLERIC,255.72995089182342,1973705.0956577577
82,8,5,PALADIN,258.9980213844412,1947708.1880433394
83,8,5,WARRIOR,252.59561691349774,1968442.5439586102
83,8,5,ROGUE,258.73984688774783,1922401.7757913948
83,8,5,RANGER,256.13386604314337,1943661.1956212143
83,8,5,MAGE,258.5748709999052,1925699.3772712064
83,8,5,CLERIC,261.22926408001325,2001131.731320435
83,8,5,PALADIN,264.6258494486209,1974298.3622956218
84,8,5,WARRIOR,257.81614241779937,1997319.750989529
84,8,5,ROGUE,264.3324495875617,1948841.2898370093
84,8,5,RANGER,261.60171469854964,1970756.3123452198
84,8,5,MAGE,264.1170063437719,1952424.4179256347
84,8,5,CLERIC,266.93359424258745,2029643.6227417444
84,8,5,PALADIN,270.4697252287064,2002082.4520364003
85,8,5,WARRIOR,263.0769822473879,2026389.9710397152
85,8,5,ROGUE,269.9838064279742,1975427.402457124
85,8,5,RANGER,267.1205547871896,1998092.6376115642
85,8,5,MAGE,269.71792407679635,1979312.1117267536
85,8,5,CLERIC,272.6963454433499,2058384.42971216
85,8,5,PALADIN,276.3784644557468,2029995.2073141134
86,8,5,WARRIOR,268.3488641470386,2055922.9557058974
86,8,5,ROGUE,275.6561731131824,2002430.0823869458
86,8,5,RANGER,272.657734637261,2025987.590439731
86,8,5,MAGE,275.3378608101756,2006768.9569613303
86,8,5,CLERIC,278.47829264026234,2087791.1009694284
86,8,5,PALADIN,282.31395577389105,2058331.8635261066
87,8,5,WARRIOR,273.66270160912114,2085872.9871428502
87,8,5,ROGUE,281.3908591691581,2029715.7914932736
87,8,5,RANGER,278.2519690939047,2053904.131787577
87,8,5,MAGE,281.0091278803273,2034215.1823478846
87,8,5,CLERIC,284.32460886165853,2117145.497131024
87,8,5,PALADIN,288.31861337835625,2087020.2107290342
88,8,5,WARRIOR,278.8299198764637,2114426.846251681
88,8,5,ROGUE,286.9831915385714,2055197.493102059
88,8,5,RANGER,283.70300883075134,2080444.1984773322
88,8,5,MAGE,286.5285182207491,2060486.5330373482
88,8,5,CLERIC,290.0180505741871,2145268.2383241826
88,8,5,PALADIN,294.17578147630843,2114260.100300235
89,8,5,WARRIOR,284.28801971327675,2142837.7651189854
89,8,5,ROGUE,292.91067286454387,2080735.8581018604
89,8,5,RANGER,289.4700603952083,2106822.309334397
89,8,5,MAGE,292.3574591325462,2086577.7736525342
89,8,5,CLERIC,296.0441116705674,2173189.649616877
89,8,5,PALADIN,300.38400765345455,2141182.869843448
90,8,5,WARRIOR,289.78266923316573,2171692.374376039
90,8,5,ROGUE,298.8991154684425,2106343.183972958
90,8,5,RANGER,295.28592346562004,2133542.6479814947
90,8,5,MAGE,298.24092307854073,2113071.6554835024
90,8,5,CLERIC,302.12052758573145,2201636.2765974267
90,8,5,PALADIN,306.6550573046985,2168476.59131957
91,8,5,WARRIOR,295.28229904639574,2200773.1077554147
91,8,5,ROGUE,304.89799008187293,2132235.251494861
91,8,5,RANGER,301.1138248949728,2160773.437717248
91,8,5,MAGE,304.13459368382524,2139962.36293528
91,8,5,CLERIC,308.2169920829811,2230493.4306717627
91,8,5,PALADIN,312.9476765794289,2195966.3557386305
92,8,5,WARRIOR,300.76251988195065,2229858.9744102205
92,8,5,ROGUE,310.8883276560754,2158279.3974892665
92,8,5,RANGER,306.93200987374877,2187835.909168343
92,8,5,MAGE,310.020434642039,2166701.4344170396
92,8,5,CLERIC,314.3091239792667,2259187.913709245
92,8,5,PALADIN,319.2374391526403,2223407.888448254
93,8,5,WARRIOR,306.18137710713813,2258740.9494716027
93,8,5,ROGUE,316.8252093553099,2183925.631172012
93,8,5,RANGER,312.6829989295065,2214813.123421942
93,8,5,MAGE,315.8457099414258,2193320.9352945527
93,8,5,CLERIC,320.3391644809911,2287800.317828414
93,8,5,PALADIN,325.46619269438065,2250683.2973520304
94,8,5,WARRIOR,311.7485437429391,2288586.3873940213
94,8,5,ROGUE,322.93317249224407,2210137.8407622143
94,8,5,RANGER,318.60021845279596,2242437.311898303
94,8,5,MAGE,321.8344990963815,2220529.186216864
94,8,5,CLERIC,326.54076023258597,2317103.916517418
94,8,5,PALADIN,331.88530676943134,2278843.952296237
95,8,5,WARRIOR,317.35446418286494,2318624.3358656676
95,8,5,ROGUE,329.09337837700735,2236602.481011588
95,8,5,RANGER,324.56716146747544,2270142.615032653
95,8,5,MAGE,327.873008497062,2247932.845641987
95,8,5,CLERIC,332.8020491311122,2346591.923341293
95,8,5,PALADIN,338.3659601796375,2307161.948886783
96,8,5,WARRIOR,322.9666332525305,2348914.9950571745
96,8,5,ROGUE,335.2680023824971,2263505.126256325
96,8,5,RANGER,330.5415277894849,2298397.3510246715
96,8,5,MAGE,333.93006953972224,2275735.59670733
96,8,5,CLERIC,339.0812962456848,2376570.429930505
96,8,5,PALADIN,344.8699275465361,2335718.085020054
97,8,5,WARRIOR,328.39755092436667,2378685.1096749133
97,8,5,ROGUE,341.2533468084001,2289713.163058614
97,8,5,RANGER,336.32811859937283,2325942.174624821
97,8,5,MAGE,339.79756029209625,2302822.977017122
97,8,5,CLERIC,345.1687303999841,2405774.4795935843
97,8,5,PALADIN,351.1769420876744,2363805.3919916954
98,8,5,WARRIOR,333.9833225458067,2409112.0063027893
98,8,5,ROGUE,347.4037750326294,2316795.762868162
98,8,5,RANGER,342.27153029268527,2354297.3036230383
98,8,5,MAGE,345.825961085881,2330772.940582766
98,8,5,CLERIC,351.42645350920856,2435963.9563675257
98,8,5,PALADIN,357.6732170197212,2392517.9908433473
99,8,5,WARRIOR,339.60643217035897,2439783.640557965
99,8,5,ROGUE,353.6028780285574,2343944.018310742
99,8,5,RANGER,348.26212225032253,2382745.8964688815
99,8,5,MAGE,351.89534258687024,2358844.8260936746
99,8,5,CLERIC,357.7346477874437,2466269.3466211893
99,8,5,PALADIN,364.22005566180894,2421461.573786636
100,8,5,WARRIOR,345.27043605655354,2470727.8895803625
100,8,5,ROGUE,359.8543877118589,2371262.529410252
100,8,5,RANGER,354.29508666998987,2411436.6525446586
100,8,5,MAGE,358.01164972501175,2387154.0495789433
100,8,5,CLERIC,364.09399020860525,2496861.33219788
100,8,5,PALADIN,370.8257892510302,2450689.1410465064
20,8,12,WARRIOR,7.1455729166666675,900656.0268231349
20,8,12,ROGUE,7.12230902777778,904847.9274579822
20,8,12,RANGER,7.144270833333334,900972.0813588977
20,8,12,MAGE,7.164756944444443,898645.2436453514
20,8,12,CLERIC,7.077604166666667,917338.8829200087
20,8,12,PALADIN,7.144704861111111,908243.097670915
21,8,12,WARRIOR,7.902777777777779,948849.8409490333
21,8,12,ROGUE,7.874045138888888,954318.2608120475
21,8,12,RANGER,7.900217013888889,948855.4063542119
21,8,12,MAGE,7.922135416666666,946833.8529305414
21,8,12,CLERIC,7.829557291666667,966570.9813573697
21,8,12,PALADIN,7.900390625,957546.7114956736
22,8,12,WARRIOR,8.690147569444447,998001.2701964327
22,8,12,ROGUE,8.658376736111112,1003508.1288692609
22,8,12,RANGER,8.686979166666667,998144.0853768211
22,8,12,MAGE,8.70920138888889,995694.9897338782
22,8,12,CLERIC,8.612196180555555,1016390.3685523497
22,8,12,PALADIN,8.68927951388889,1007426.1247446316
23,8,12,WARRIOR,9.51254340277778,1046828.4693546987
23,8,12,ROGUE,9.481380208333333,1052254.2900696266
23,8,12,RANGER,9.508550347222222,1047027.5251167398
23,8,12,MAGE,9.533550347222222,1044362.7911296453
23,8,12,CLERIC,9.430512152777778,1066233.8534326833
23,8,12,PALADIN,9.511371527777778,1057306.25658249
24,8,12,WARRIOR,10.370920138888888,1096245.7559448578
24,8,12,ROGUE,10.337413194444444,1101581.5476080512
24,8,12,RANGER,10.362717013888888,1097034.1547263537
24,8,12,MAGE,10.391796875,1094290.4604743826
24,8,12,CLERIC,10.28125,1117536.036474164
24,8,12,PALADIN,10.369010416666665,1107839.5660145166
25,8,12,WARRIOR,11.262847222222224,1146669.6759872984
25,8,12,ROGUE,11.231076388888889,1151406.0731786492
25,8,12,RANGER,11.253428819444444,1146601.34542327
25,8,12,MAGE,11.285069444444444,1143703.9334174334
25,8,12,CLERIC,11.16684027777778,1168326.0652042099
25,8,12,PALADIN,11.262369791666668,1159214.8392392623
26,8,12,WARRIOR,12.187065972222225,1196479.1994016878
26,8,12,ROGUE,12.154513888888891,1201615.9394372231
26,8,12,RANGER,12.17282986111111,1197336.037823306
26,8,12,MAGE,12.208333333333336,1193834.098976109
26,8,12,CLERIC,12.083420138888886,1219842.7022794378
26,8,12,PALADIN,12.185763888888886,1210316.394358171
27,8,12,WARRIOR,13.141796874999999,1247393.680706239
27,8,12,ROGUE,13.109852430555557,1251478.1125041796
27,8,12,RANGER,13.12300347222222,1248790.4186483396
27,8,12,MAGE,13.158203125,1245398.25322844
27,8,12,CLERIC,13.027300347222221,1272914.8592199208
27,8,12,PALADIN,13.140494791666667,1262450.0218987504
28,8,12,WARRIOR,14.133767361111115,1298451.42972958
28,8,12,ROGUE,14.09995659722222,1302217.6920117098
28,8,12,RANGER,14.10685763888889,1300113.1679701682
28,8,12,MAGE,14.148307291666663,1296363.342935238
28,8,12,CLERIC,14.011848958333335,1325204.8537788887
28,8,12,PALADIN,14.133246527777779,1314787.8984123084
29,8,12,WARRIOR,15.15646701388889,1349373.8254606891
29,8,12,ROGUE,15.125086805555556,1353836.4697172306
29,8,12,RANGER,15.126388888888886,1351762.904232853
29,8,12,MAGE,15.175781249999998,1347412.4890604892
29,8,12,CLERIC,15.030729166666669,1378057.0220728368
29,8,12,PALADIN,15.158984375,1366803.3622800012
30,8,12,WARRIOR,16.216796875,1400168.1435625677
30,8,12,ROGUE,16.182899305555555,1404401.0213112908
30,8,12,RANGER,16.178645833333334,1404174.9335221967
30,8,12,MAGE,16.234678819444447,1399127.1941761328
30,8,12,CLERIC,16.08628472222222,1431041.4910907974
30,8,12,PALADIN,16.22000868055555,1418916.2605128593
31,8,12,WARRIOR,17.308854166666666,1451421.6110492584
31,8,12,ROGUE,17.272265625,1456175.9106226112
31,8,12,RANGER,17.262369791666668,1456099.0642277955
31,8,12,MAGE,17.325,1450672.3232323234
31,8,12,CLERIC,17.170182291666663,1484327.2011951439
31,8,12,PALADIN,17.31440972222222,1471429.8759663496
32,8,12,WARRIOR,18.438845486111113,1502441.0331637755
32,8,12,ROGUE,18.394704861111112,1507918.9308517415
32,8,12,RANGER,18.380034722222224,1508423.2215284926
32,8,12,MAGE,18.446354166666666,1503023.7682468873
32,8,12,CLERIC,18.281944444444445,1538668.7852313302
32,8,12,PALADIN,18.447526041666666,1523743.4107159243
33,8,12,WARRIOR,19.600000000000005,1554340.3858418365
33,8,12,ROGUE,19.551041666666666,1560738.170387341
33,8,12,RANGER,19.531293402777777,1561023.1742596128
33,8,12,MAGE,19.598784722222227,1555749.0869792446
33,8,12,CLERIC,19.427734375,1593207.8254750175
33,8,12,PALADIN,19.60876736111111,1577295.964372513
34,8,12,WARRIOR,20.791406250000005,1606506.2758802085
34,8,12,ROGUE,20.734722222222224,1613951.4532118693
34,8,12,RANGER,20.707638888888887,1614633.9095878468
34,8,12,MAGE,20.779036458333334,1609034.471090279
34,8,12,CLERIC,20.603949652777775,1648118.5256838317
34,8,12,PALADIN,20.79913194444444,1631265.0043821945
35,8,12,WARRIOR,22.017664930555554,1659243.7249919672
35,8,12,ROGUE,21.952821180555553,1666549.7858610144
35,8,12,RANGER,21.914409722222224,1668566.4889445205
35,8,12,MAGE,21.993836805555556,1662621.4060915108
35,8,12,CLERIC,21.814973958333336,1703484.1215478184
35,8,12,PALADIN,22.02330729166667,1685973.3364865582
36,8,12,WARRIOR,23.270833333333336,1712362.079677708
36,8,12,ROGUE,23.196961805555556,1719836.8404626744
36,8,12,RANGER,23.14331597222222,1722684.5478993743
36,8,12,MAGE,23.230815972222217,1716247.7895814576
36,8,12,CLERIC,23.04908854166667,1758862.025681149
36,8,12,PALADIN,23.274305555555554,1741148.7435476654
37,8,12,WARRIOR,24.549609375,1766114.2775311472
37,8,12,ROGUE,24.46475694444444,1773575.4502295682
37,8,12,RANGER,24.404947916666668,1777239.4489676144
37,8,12,MAGE,24.496223958333328,1771004.3116764387
37,8,12,CLERIC,24.310937499999994,1815503.6878976803
37,8,12,PALADIN,24.55308159722222,1796885.1236779725
38,8,12,WARRIOR,25.863194444444442,1819943.1522702253
38,8,12,ROGUE,25.771484375,1827516.1173171655
38,8,12,RANGER,25.70160590277778,1832602.3815659487
38,8,12,MAGE,25.793880208333338,1826675.191244693
38,8,12,CLERIC,25.610633680555555,1872803.7798969273
38,8,12,PALADIN,25.864800347222218,1852945.8634559722
39,8,12,WARRIOR,27.20394965277778,1873611.227434231
39,8,12,ROGUE,27.094965277777778,1883177.4086770425
39,8,12,RANGER,27.01545138888889,1888665.6617547825
39,8,12,MAGE,27.117968750000003,1881997.6376364839
39,8,12,CLERIC,26.934201388888887,1929945.8010455007
39,8,12,PALADIN,27.204296875000004,1908863.8019614315
40,8,12,WARRIOR,28.58702256944444,1927626.4930577173
40,8,12,ROGUE,28.456032986111115,1938736.6675258947
40,8,12,RANGER,28.36896701388889,1943937.0681174563
40,8,12,MAGE,28.48146701388889,1936920.4313843218
40,8,12,CLERIC,28.296440972222225,1986859.8335455172
40,8,12,PALADIN,28.582638888888894,1965411.7563594836
41,8,12,WARRIOR,29.986371527777777,1982626.5077596016
41,8,12,ROGUE,29.843923611111116,1994661.0037172555
41,8,12,RANGER,29.739930555555553,2000689.206430748
41,8,12,MAGE,29.864366319444446,1992885.421153217
41,8,12,CLERIC,29.683289930555553,2044630.6875682664
41,8,12,PALADIN,29.981857638888894,2022665.0223080507
42,8,12,WARRIOR,31.417621527777783,2037206.462889335
42,8,12,ROGUE,31.259505208333334,2050362.0222182418
42,8,12,RANGER,31.14140625,2056968.1443014476
42,8,12,MAGE,31.274479166666666,2048866.5765150632
42,8,12,CLERIC,31.098611111111108,2102332.2477781256
42,8,12,PALADIN,31.413975694444442,2079501.7740798977
43,8,12,WARRIOR,32.88472222222222,2092332.8232039532
43,8,12,ROGUE,32.70316840277778,2106486.3510028785
43,8,12,RANGER,32.57274305555555,2114508.7802408077
43,8,12,MAGE,32.71692708333334,2105802.462728741
43,8,12,CLERIC,32.544574652777776,2161376.738687724
43,8,12,PALADIN,32.87690972222222,2137318.6578726415
44,8,12,WARRIOR,34.37595486111111,2148565.1267262776
44,8,12,ROGUE,34.17230902777778,2163316.0383574865
44,8,12,RANGER,34.03146701388889,2172170.6661905274
44,8,12,MAGE,34.18736979166666,2162708.0413926016
44,8,12,CLERIC,34.01875,2220314.9458019477
44,8,12,PALADIN,34.36584201388888,2196190.830840035
45,8,12,WARRIOR,35.89466145833333,2204255.9717924627
45,8,12,ROGUE,35.675954861111116,2219243.4791368092
45,8,12,RANGER,35.51449652777778,2229468.153605115
45,8,12,MAGE,35.68285590277778,2219240.623305475
45,8,12,CLERIC,35.518359374999996,2278954.146513137
45,8,12,PALADIN,35.88072916666667,2254626.304742274
46,8,12,WARRIOR,37.432378472222226,2260002.632153814
46,8,12,ROGUE,37.19453125,2276652.8782373085
46,8,12,RANGER,37.01697048611111,2287523.3359323977
46,8,12,MAGE,37.19809027777777,2276512.0061980486
46,8,12,CLERIC,37.03784722222222,2338469.8962210203
46,8,12,PALADIN,37.41423611111111,2313283.748944345
47,8,12,WARRIOR,38.999652777777776,2316753.962909214
47,8,12,ROGUE,38.73654513888889,2334249.498459366
47,8,12,RANGER,38.54305555555556,2346048.015567006
47,8,12,MAGE,38.74092881944445,2334311.887796314
47,8,12,CLERIC,38.58615451388889,2398617.695025449
47,8,12,PALADIN,38.97595486111111,2373111.647093672
48,8,12,WARRIOR,40.59223090277777,2373880.9707402876
48,8,12,ROGUE,40.30894097222222,2392346.1764712217
48,8,12,RANGER,40.09513888888889,2404466.005334534
48,8,12,MAGE,40.30855034722222,2392081.8159401924
48,8,12,CLERIC,40.157812500000006,2458782.9765378777
48,8,12,PALADIN,40.563845486111106,2433386.322958385
49,8,12,WARRIOR,42.21037326388889,2431118.5439170324
49,8,12,ROGUE,41.90538194444445,2450591.23786639
49,8,12,RANGER,41.66974826388889,2464181.7872219863
49,8,12,MAGE,41.90334201388889,2450762.460150831
49,8,12,CLERIC,41.75403645833334,2520283.459121654
49,8,12,PALADIN,42.17877604166667,2493692.9821907612
50,8,12,WARRIOR,43.85789930555555,2489223.4903204995
50,8,12,ROGUE,43.526302083333334,2509697.5727080726
50,8,12,RANGER,43.272699652777774,2524178.0138274413
50,8,12,MAGE,43.526649305555566,2509855.0397964204
50,8,12,CLERIC,43.3810763888889,2582046.2128664325
50,8,12,PALADIN,43.823003472222226,2555066.998282627
51,8,12,WARRIOR,45.52092013888889,2547841.866357997
51,8,12,ROGUE,45.161458333333336,2569966.4610771537
51,8,12,RANGER,44.890277777777776,2585329.5272423504
51,8,12,MAGE,45.16306423611111,2569991.4568063067
51,8,12,CLERIC,45.02591145833333,2644770.9028655374
51,8,12,PALADIN,45.481249999999996,2617120.032980624
52,8,12,WARRIOR,47.21089409722222,2606609.6497045704
52,8,12,ROGUE,46.82604166666667,2629857.808377639
52,8,12,RANGER,46.532812500000006,2646549.5584433023
52,8,12,MAGE,46.82339409722222,2630562.053964967
52,8,12,CLERIC,46.69739583333334,2707904.8666614615
52,8,12,PALADIN,47.17131076388888,2679193.494751235
53,8,12,WARRIOR,48.928168402777764,2666001.5310851997
53,8,12,ROGUE,48.512109375,2690519.571949658
53,8,12,RANGER,48.199175347222216,2708062.2761634532
53,8,12,MAGE,48.50863715277777,2691181.6503182156
53,8,12,CLERIC,48.39552951388888,2771091.9422115763
53,8,12,PALADIN,48.88828125,2741922.0761621683
54,8,12,WARRIOR,50.67261284722222,2725417.389989011
54,8,12,ROGUE,50.223003472222224,2750802.265866301
54,8,12,RANGER,49.89088541666666,2770083.24082242
54,8,12,MAGE,50.219401041666664,2752433.703566382
54,8,12,CLERIC,50.12200520833334,2834900.022393274
54,8,12,PALADIN,50.63125,2804876.926305394
55,8,12,WARRIOR,52.44965277777777,2784676.0455463245
55,8,12,ROGUE,51.960243055555566,2811810.7861579526
55,8,12,RANGER,51.611545138888886,2831957.568440793
55,8,12,MAGE,51.95746527777777,2813708.371230474
55,8,12,CLERIC,51.87877604166666,2898675.6417831033
55,8,12,PALADIN,52.40572916666667,2867874.4292827398
56,8,12,WARRIOR,54.247699652777776,2845269.7105211997
56,8,12,ROGUE,53.71566840277778,2873739.4477254124
56,8,12,RANGER,53.35008680555556,2894911.020724284
56,8,12,MAGE,53.715190972222224,2875920.0240465803
56,8,12,CLERIC,53.656206597222216,2963475.2265217328
56,8,12,PALADIN,54.20421006944446,2932164.663434398
57,8,12,WARRIOR,56.14049479166667,2901797.6124817063
57,8,12,ROGUE,55.56822916666666,2932577.199576347
57,8,12,RANGER,55.18081597222221,2954003.181459942
57,8,12,MAGE,55.56545138888889,2934310.6494155726
57,8,12,CLERIC,55.52916666666666,3024407.494184738
57,8,12,PALADIN,56.09739583333334,2992390.9524914813
58,8,12,WARRIOR,58.07348090277778,2958460.4261991475
58,8,12,ROGUE,57.4546875,2991128.51758179
58,8,12,RANGER,57.044965277777784,3013607.885470465
58,8,12,MAGE,57.447612847222224,2993371.9551553987
58,8,12,CLERIC,57.43945312499999,3085920.0892243874
58,8,12,PALADIN,58.02886284722222,3052987.2527216086
59,8,12,WARRIOR,60.03658854166667,3015468.9169148155
59,8,12,ROGUE,59.371484375,3049649.009217651
59,8,12,RANGER,58.93723958333334,3073171.1653020736
59,8,12,MAGE,59.35868055555555,3052093.284703983
59,8,12,CLERIC,59.37890624999999,3147149.634892442
59,8,12,PALADIN,59.99218749999999,3113978.368016669
60,8,12,WARRIOR,62.02860243055556,3072630.108841757
60,8,12,ROGUE,61.31519097222223,3109009.6339072213
60,8,12,RANGER,60.85664062499999,3133107.1460206816
60,8,12,MAGE,61.296223958333336,3111511.7915688627
60,8,12,CLERIC,61.34635416666667,3209192.225835208
60,8,12,PALADIN,61.98402777777778,3175243.1623290046
61,8,12,WARRIOR,64.04288194444445,3129766.4799247463
61,8,12,ROGUE,63.27651909722221,3168598.1375562376
61,8,12,RANGER,62.792881944444446,3193479.6146944733
61,8,12,MAGE,63.25164930555555,3171316.753433362
61,8,12,CLERIC,63.33511284722223,3271638.2399891447
61,8,12,PALADIN,63.99774305555555,3236617.219574258
62,8,12,WARRIOR,66.00013020833333,3184712.945247504
62,8,12,ROGUE,65.18363715277779,3225507.3032318545
62,8,12,RANGER,64.67282986111111,3251653.3026947873
62,8,12,MAGE,65.15147569444446,3228813.3731088736
62,8,12,CLERIC,65.26757812500001,3331695.211419337
62,8,12,PALADIN,65.95512152777778,3295728.672616455
63,8,12,WARRIOR,68.04761284722221,3242163.832335024
63,8,12,ROGUE,67.17790798611111,3284789.4827362304
63,8,12,RANGER,66.63749999999999,3311620.2982554873
63,8,12,MAGE,67.13676215277778,3288056.8994027143
63,8,12,CLERIC,67.28450520833333,3393891.609672082
63,8,12,PALADIN,68.00238715277777,3357567.838751576
64,8,12,WARRIOR,70.12686631944445,3299368.7211978785
64,8,12,ROGUE,69.19952256944445,3343943.1665555453
64,8,12,RANGER,68.630078125,3372512.624179677
64,8,12,MAGE,69.150390625,3348316.443440192
64,8,12,CLERIC,69.33276909722224,3457141.7364549357
64,8,12,PALADIN,70.08216145833333,3419281.1339369155
65,8,12,WARRIOR,72.23823784722221,3356386.6283017774
65,8,12,ROGUE,71.25208333333333,3403239.30235958
65,8,12,RANGER,70.65169270833333,3433548.2245832607
65,8,12,MAGE,71.19574652777779,3408320.5707074706
65,8,12,CLERIC,71.41323784722223,3520264.67645702
65,8,12,PALADIN,72.19327256944445,3480883.6343895057
66,8,12,WARRIOR,74.36879340277777,3414165.992983775
66,8,12,ROGUE,73.32118055555556,3463566.0879407097
66,8,12,RANGER,72.68845486111111,3494856.410456058
66,8,12,MAGE,73.25555555555556,3468742.815960109
66,8,12,CLERIC,73.51080729166665,3583822.31325822
66,8,12,PALADIN,74.32395833333334,3543355.806365713
67,8,12,WARRIOR,76.51319444444445,3471144.008114069
67,8,12,ROGUE,75.40238715277778,3523102.8747040615
67,8,12,RANGER,74.73641493055555,3555491.198593204
67,8,12,MAGE,75.32769097222221,3528445.7291809516
67,8,12,CLERIC,75.62026909722223,3646766.41814714
67,8,12,PALADIN,76.46831597222223,3605071.974844338
68,8,12,WARRIOR,78.6041232638889,3526800.419957825
68,8,12,ROGUE,77.43016493055556,3579940.2774565564
68,8,12,RANGER,76.73177083333334,3614395.928185983
68,8,12,MAGE,77.34717881944444,3586502.278383843
68,8,12,CLERIC,77.678125,3708054.9342237604
68,8,12,PALADIN,78.55963541666667,3665392.088414786
69,8,12,WARRIOR,80.77903645833335,3583467.2684454597
69,8,12,ROGUE,79.53836805555558,3639175.4053882966
69,8,12,RANGER,78.80425347222223,3674881.6940709935
69,8,12,MAGE,79.44366319444445,3646069.798588491
69,8,12,CLERIC,79.81666666666666,3770872.9894027985
69,8,12,PALADIN,80.73450520833332,3726923.1984336525
70,8,12,WARRIOR,82.98611111111111,3640456.3676987444
70,8,12,ROGUE,81.67625868055556,3698282.267909647
70,8,12,RANGER,80.90625,3735435.908845114
70,8,12,MAGE,81.5681423611111,3705840.791516126
70,8,12,CLERIC,81.984375,3833968.7897846387
70,8,12,PALADIN,82.94179687500001,3788927.7017486845
71,8,12,WARRIOR,85.20963541666667,3697780.429516664
71,8,12,ROGUE,83.82999131944446,3758470.9822034608
71,8,12,RANGER,83.01861979166668,3796999.897174171
71,8,12,MAGE,83.7075954861111,3766493.6367968237
71,8,12,CLERIC,84.16710069444444,3898105.803579808
71,8,12,PALADIN,85.16484374999999,3851452.246103605
72,8,12,WARRIOR,87.46510416666665,3755359.5502968454
72,8,12,ROGUE,86.01284722222222,3818311.039936702
72,8,12,RANGER,85.15907118055557,3858606.88423676
72,8,12,MAGE,85.87317708333333,3827345.5261362293
72,8,12,CLERIC,86.3795138888889,3962407.2851957404
72,8,12,PALADIN,87.42044270833333,3914266.0224698354
73,8,12,WARRIOR,89.6734375,3810347.865693227
73,8,12,ROGUE,88.14852430555557,3875920.4926186954
73,8,12,RANGER,87.25334201388888,3917987.4874659074
73,8,12,MAGE,87.99227430555554,3886023.706468865
73,8,12,CLERIC,88.54600694444444,4024462.800294103
73,8,12,PALADIN,89.62925347222222,3974464.382579085
74,8,12,WARRIOR,92.043359375,3864542.3123443015
74,8,12,ROGUE,90.44162326388889,3932500.574428621
74,8,12,RANGER,89.4974826388889,3976376.182678943
74,8,12,MAGE,90.258203125,3943879.0345406625
74,8,12,CLERIC,90.86605902777777,4085588.8323109895
74,8,12,PALADIN,91.99939236111112,4033961.4640419763
75,8,12,WARRIOR,94.44318576388889,3918723.725343766
75,8,12,ROGUE,92.76124131944447,3989384.4190604696
75,8,12,RANGER,91.76510416666667,4035334.474910465
75,8,12,MAGE,92.55173611111111,4001822.5542020416
75,8,12,CLERIC,93.2140625,4146994.1049667266
75,8,12,PALADIN,94.39895833333335,4093653.3928472893
76,8,12,WARRIOR,96.85902777777778,3973644.160542598
76,8,12,ROGUE,95.09531249999998,4046888.3416309305
76,8,12,RANGER,94.046875,4095342.5213490613
76,8,12,MAGE,94.85933159722224,4061168.8375925785
76,8,12,CLERIC,95.57829861111112,4209818.706594178
76,8,12,PALADIN,96.81475694444444,4154224.2313409955
77,8,12,WARRIOR,99.30950520833333,4028473.74199715
77,8,12,ROGUE,97.461328125,4105015.6778529948
77,8,12,RANGER,96.35651041666667,4155318.506955236
77,8,12,MAGE,97.19574652777779,4120326.0603646524
77,8,12,CLERIC,97.97300347222222,4272552.587598093
77,8,12,PALADIN,99.26523437499999,4214842.278460092
78,8,12,WARRIOR,101.68506944444444,4081326.440842334
78,8,12,ROGUE,99.75407986111112,4160550.9169685515
78,8,12,RANGER,98.59401041666666,4213199.0339169735
78,8,12,MAGE,99.45789930555556,4177456.5773660163
78,8,12,CLERIC,100.29348958333334,4333205.823533535
78,8,12,PALADIN,101.64071180555554,4273429.500188317
79,8,12,WARRIOR,104.1478732638889,4135797.983686223
79,8,12,ROGUE,102.13068576388888,4217868.030093185
79,8,12,RANGER,100.91197916666667,4272945.651480508
79,8,12,MAGE,101.80260416666667,4236335.496083617
79,8,12,CLERIC,102.70091145833332,4395634.385953346
79,8,12,PALADIN,104.10381944444444,4333847.388190876
80,8,12,WARRIOR,106.64253472222222,4190580.1186791933
80,8,12,ROGUE,104.53446180555555,4275581.724726943
80,8,12,RANGER,103.25390625000001,4332638.615064502
80,8,12,MAGE,104.17378472222224,4295192.7703606915
80,8,12,CLERIC,105.13628472222223,4458155.037063335
80,8,12,PALADIN,106.59796006944447,4394723.806227725
81,8,12,WARRIOR,109.15364583333333,4245711.96659907
81,8,12,ROGUE,106.95434027777777,4333902.649332773
81,8,12,RANGER,105.61054687500001,4393247.852997636
81,8,12,MAGE,106.56037326388888,4355001.525527351
81,8,12,CLERIC,107.58736979166669,4521835.338381716
81,8,12,PALADIN,109.10868055555557,4456052.772560488
82,8,12,WARRIOR,111.69765625000002,4301404.325012414
82,8,12,ROGUE,109.40169270833334,4392491.873673687
82,8,12,RANGER,107.99253472222225,4454024.231741841
82,8,12,MAGE,108.97517361111112,4414931.693221411
82,8,12,CLERIC,110.06679687500002,4585719.958405939
82,8,12,PALADIN,111.65286458333334,4518044.107690549
83,8,12,WARRIOR,114.17556423611109,4354871.920945943
83,8,12,ROGUE,111.78624131944446,4449581.050888061
83,8,12,RANGER,110.31289062500001,4512958.127485384
83,8,12,MAGE,111.32491319444445,4472830.508232986
83,8,12,CLERIC,112.48216145833332,4647440.649454833
83,8,12,PALADIN,114.13103298611111,4577636.48955213
84,8,12,WARRIOR,116.75121527777776,4410585.981052423
84,8,12,ROGUE,114.2609375,4508469.852174983
84,8,12,RANGER,112.71801215277777,4573831.819032793
84,8,12,MAGE,113.76163194444443,4532885.855811449
84,8,12,CLERIC,114.99019097222225,4711532.893974198
84,8,12,PALADIN,116.70664062499999,4639861.86036704
85,8,12,WARRIOR,119.35746527777779,4466386.389798385
85,8,12,ROGUE,116.76527777777775,4567568.540816692
85,8,12,RANGER,115.14826388888888,4635168.57179904
85,8,12,MAGE,116.22682291666665,4593225.044598946
85,8,12,CLERIC,117.52660590277777,4776058.214123353
85,8,12,PALADIN,119.31358506944443,4702288.99687703
86,8,12,WARRIOR,121.97994791666666,4522912.161877699
86,8,12,ROGUE,119.28177083333333,4627548.782862707
86,8,12,RANGER,117.58932291666666,4697715.5162631245
86,8,12,MAGE,118.70303819444445,4654804.798213328
86,8,12,CLERIC,120.07421875000001,4842042.756888643
86,8,12,PALADIN,121.93515624999999,4765613.368273352
87,8,12,WARRIOR,124.63546006944442,4579961.726437623
87,8,12,ROGUE,121.82873263888887,4688085.134484816
87,8,12,RANGER,120.05833333333332,4760209.9174012635
87,8,12,MAGE,121.20490451388889,4716253.328238846
87,8,12,CLERIC,122.65329861111111,4907789.453617426
87,8,12,PALADIN,124.59079861111108,4829624.498420525
88,8,12,WARRIOR,127.22947048611111,4633875.043827675
88,8,12,ROGUE,124.31514756944445,4744451.077315612
88,8,12,RANGER,122.46731770833334,4819475.839408685
88,8,12,MAGE,123.64331597222223,4774929.792869976
88,8,12,CLERIC,125.16861979166666,4970626.930879699
88,8,12,PALADIN,127.18437500000002,4890255.719305142
89,8,12,WARRIOR,129.98155381944443,4686688.894785085
89,8,12,ROGUE,126.95325520833333,4800741.337824269
89,8,12,RANGER,125.01927083333334,4878143.801830551
89,8,12,MAGE,126.22204861111108,4832963.677106732
89,8,12,CLERIC,127.8345486111111,5032755.278619418
89,8,12,PALADIN,129.93650173611113,4949933.875153361
90,8,12,WARRIOR,132.7644965277778,4740113.731145963
90,8,12,ROGUE,129.62196180555554,4857079.045809629
90,8,12,RANGER,127.59674479166668,4937470.090566492
90,8,12,MAGE,128.82894965277777,4891792.122508481
90,8,12,CLERIC,130.52695312499998,5095955.260677124
90,8,12,PALADIN,132.7203125,5010343.185976148
91,8,12,WARRIOR,135.56210937499998,4793738.795697315
91,8,12,ROGUE,132.2990885416667,4913973.707065646
91,8,12,RANGER,130.18346354166667,4997860.226343231
91,8,12,MAGE,131.44440104166665,4951421.122484257
91,8,12,CLERIC,133.232421875,5159975.075042146
91,8,12,PALADIN,135.51796875,5071080.796250497
92,8,12,WARRIOR,138.36115451388886,4847155.305123437
92,8,12,ROGUE,134.97634548611111,4971121.940540636
92,8,12,RANGER,132.7693576388889,5057769.991637806
92,8,12,MAGE,134.0597222222222,5010615.487655792
92,8,12,CLERIC,135.93940972222222,5223528.449281044
92,8,12,PALADIN,138.31809895833334,5131613.619948733
93,8,12,WARRIOR,141.13953993055557,4900004.738415457
93,8,12,ROGUE,137.63355034722224,5027282.182047297
93,8,12,RANGER,135.32890625,5117416.7344606025
93,8,12,MAGE,136.65169270833334,5069465.252919288
93,8,12,CLERIC,138.6224826388889,5286819.485275193
93,8,12,PALADIN,141.09461805555554,5191702.800893313
94,8,12,WARRIOR,144.00442708333335,4954455.136904428
94,8,12,ROGUE,140.37087673611111,5084579.089038989
94,8,12,RANGER,137.96571180555557,5178395.472959326
94,8,12,MAGE,139.31970486111112,5129517.7454433525
94,8,12,CLERIC,141.38528645833333,5351538.9995017685
94,8,12,PALADIN,143.9596788194445,5253657.346207869
95,8,12,WARRIOR,146.89952256944443,5009041.356156552
95,8,12,ROGUE,143.13563368055554,5142332.8184314305
95,8,12,RANGER,140.62821180555554,5239444.740336178
95,8,12,MAGE,142.01319444444442,5189915.682717276
95,8,12,CLERIC,144.17816840277777,5416566.247261704
95,8,12,PALADIN,146.85499131944448,5315890.60140876
96,8,12,WARRIOR,149.80863715277778,5063934.778182004
96,8,12,ROGUE,145.91102430555557,5200983.583483798
96,8,12,RANGER,143.29852430555553,5301630.114871648
96,8,12,MAGE,144.71918402777777,5251111.324098095
96,8,12,CLERIC,146.98342013888887,5482595.1201742925
96,8,12,PALADIN,149.76419270833333,5378581.570020231
97,8,12,WARRIOR,152.63337673611113,5117847.623773947
97,8,12,ROGUE,148.60581597222222,5258019.512984984
97,8,12,RANGER,145.88927951388888,5362146.952600624
97,8,12,MAGE,147.34453125,5310639.103716312
97,8,12,CLERIC,149.70720486111108,5546814.687512142
97,8,12,PALADIN,152.58932291666665,5440183.712613685
98,8,12,WARRIOR,155.5468315972222,5172739.450800674
98,8,12,ROGUE,151.37960069444443,5316856.368412512
98,8,12,RANGER,148.5539496527778,5424352.181537115
98,8,12,MAGE,150.0458767361111,5371968.958984477
98,8,12,CLERIC,152.51132812500003,5613105.495749546
98,8,12,PALADIN,155.50277777777777,5503050.291393509
99,8,12,WARRIOR,158.48763020833331,5227955.11768548
99,8,12,ROGUE,154.1794704861111,5375717.974638931
99,8,12,RANGER,151.24296875,5486669.228631496
99,8,12,MAGE,152.7692708333333,5433465.1442637155
99,8,12,CLERIC,155.34192708333333,5679535.54219271
99,8,12,PALADIN,158.4429253472222,5566325.33295348
100,8,12,WARRIOR,161.45750868055552,5283552.94705
100,8,12,ROGUE,157.00698784722223,5434848.711672146
100,8,12,RANGER,153.9545138888889,5549432.33706745
100,8,12,MAGE,155.51753472222222,5495386.491073153
100,8,12,CLERIC,158.1993923611111,5746496.189836029
100,8,12,PALADIN,161.4139322916667,5630113.349171021
20,9,1,WARRIOR,93.74577104541315,68650.5987494877
20,9,1,ROGUE,93.6709651753215,68800.47142076308
20,9,1,RANGER,93.95629961761246,68508.32343011303
20,9,1,MAGE,94.23435981930413,68325.12856612034
20,9,1,CLERIC,93.08806714309931,69746.4422590205
20,9,1,PALADIN,93.96776911248419,69056.96427923263
21,9,1,WARRIOR,103.64647137641667,72347.3682984078
21,9,1,ROGUE,103.54554414352125,72570.43385743958
21,9,1,RANGER,103.88592995527951,72157.64086846916
21,9,1,MAGE,104.18432827069438,71996.87442924094
21,9,1,CLERIC,102.96668262186006,73497.78280021361
21,9,1,PALADIN,103.89421831057695,72814.37971731529
22,9,1,WARRIOR,113.93486247576911,76120.49660694915
22,9,1,ROGUE,113.84553545127724,76320.52853946606
22,9,1,RANGER,114.21815306438047,75914.87554620643
22,9,1,MAGE,114.52227840510231,75720.7096144679
22,9,1,CLERIC,113.24641153445639,77294.75160753065
22,9,1,PALADIN,114.2545391235676,76616.71260196199
23,9,1,WARRIOR,124.67205995087602,79873.55991329339
23,9,1,ROGUE,124.64983163420439,80038.80044762389
23,9,1,RANGER,125.00506481831985,79642.48450228364
23,9,1,MAGE,125.34742459929797,79431.11142353508
23,9,1,CLERIC,123.99227793887093,81094.81880361332
23,9,1,PALADIN,125.04850693745101,80420.25347835784
24,9,1,WARRIOR,135.87141867947236,83675.26664544687
24,9,1,ROGUE,135.88409960978734,83803.0620043185
24,9,1,RANGER,136.217841575006,83456.4280901505
24,9,1,MAGE,136.61548031023906,83238.32820172516
24,9,1,CLERIC,135.16170105361587,85006.82727011763
24,9,1,PALADIN,136.3070822305217,84274.41782205357
25,9,1,WARRIOR,147.50090203688808,87557.19589952192
25,9,1,ROGUE,147.60832779018918,87607.04599865738
25,9,1,RANGER,147.90777328927336,87238.1237175705
25,9,1,MAGE,148.34105693456775,87007.45821295513
25,9,1,CLERIC,146.78632344662452,88880.96830931299
25,9,1,PALADIN,148.0318584827257,88193.89502580275
26,9,1,WARRIOR,159.5434393379119,91395.61612819649
26,9,1,ROGUE,159.71961498087657,91441.85344266376
26,9,1,RANGER,159.97150294471993,91109.77647085403
26,9,1,MAGE,160.45765463659458,90832.21774622668
26,9,1,CLERIC,158.8151016110475,92811.52563878513
26,9,1,PALADIN,160.14769213923634,92093.92664664301
27,9,1,WARRIOR,171.97374328428378,95322.65834268265
27,9,1,ROGUE,172.24599243447847,95251.52453831997
27,9,1,RANGER,172.43645698604746,95037.21710847963
27,9,1,MAGE,172.92069993323537,94767.15739542515
27,9,1,CLERIC,171.19950528806137,96861.5193110397
27,9,1,PALADIN,172.67161623422385,96073.7977630164
28,9,1,WARRIOR,184.87627788136052,99266.44265997673
28,9,1,ROGUE,185.22483701230135,99129.32430482082
28,9,1,RANGER,185.3397074840481,98956.1903596861
28,9,1,MAGE,185.9081941659571,98658.08777168256
28,9,1,CLERIC,184.11404402676416,100853.63312806674
28,9,1,PALADIN,185.6903748184949,100071.00000828475
29,9,1,WARRIOR,198.167482146481,103204.31815287701
29,9,1,ROGUE,198.65940872569212,103075.38040281994
29,9,1,RANGER,198.70729633205178,102901.56301473375
29,9,1,MAGE,199.38251279121974,102556.82357114158
29,9,1,CLERIC,197.47559322793416,104889.93366938263
29,9,1,PALADIN,199.1379654339943,104045.20688631608
30,9,1,WARRIOR,211.9364901253442,107137.01242089551
30,9,1,ROGUE,212.51863301764325,106942.53011976219
30,9,1,RANGER,212.50057425728264,106906.29433309138
30,9,1,MAGE,213.2656343581225,106507.45814422816
30,9,1,CLERIC,211.3146233486891,108937.75598773679
30,9,1,PALADIN,213.0448242070335,108028.13045640835
31,9,1,WARRIOR,226.10333222862826,111110.45888787259
31,9,1,ROGUE,226.78681475050348,110903.52476033513
31,9,1,RANGER,226.70253549561158,110875.339109238
31,9,1,MAGE,227.55711823703533,110446.54719972445
31,9,1,CLERIC,225.52171410930768,113009.82136313117
31,9,1,PALADIN,227.3850834387348,112043.14445219247
32,9,1,WARRIOR,240.7461342238212,115072.5769774742
32,9,1,ROGUE,241.48297227817153,114864.09756273862
32,9,1,RANGER,241.34480139481832,114876.60404229969
32,9,1,MAGE,242.25141656773926,114448.48968405246
32,9,1,CLERIC,240.0900901590707,117163.7581183075
32,9,1,PALADIN,242.22792952874352,116044.81904579242
33,9,1,WARRIOR,255.7782927621754,119107.33797424575
33,9,1,ROGUE,256.6175665673338,118908.68348637942
33,9,1,RANGER,256.42242111042503,118900.68541186726
33,9,1,MAGE,257.34847577786275,118480.55965879878
33,9,1,CLERIC,255.1000821452268,121334.41187948734
33,9,1,PALADIN,257.4351073927143,120142.23676888958
34,9,1,WARRIOR,271.18693361601123,123167.89817128539
34,9,1,ROGUE,272.10411793309606,122985.40469250895
34,9,1,RANGER,271.8244317891079,123003.13006242349
34,9,1,MAGE,272.80583975184595,122556.70907892933
34,9,1,CLERIC,270.5045127312102,125534.87844671374
34,9,1,PALADIN,273.0193964654977,124272.84105723858
35,9,1,WARRIOR,287.0258155994727,127280.09255438943
35,9,1,ROGUE,288.0339552847891,127017.90454297891
35,9,1,RANGER,287.62056971231254,127131.55294864395
35,9,1,MAGE,288.71167460737394,126657.24004659297
35,9,1,CLERIC,286.3607199161988,129771.50553635642
35,9,1,PALADIN,289.0403702319818,128462.016725204
36,9,1,WARRIOR,303.188190401415,131430.22658548123
36,9,1,ROGUE,304.2980523329714,131104.97814276442
36,9,1,RANGER,303.7026329872533,131275.22939247394
36,9,1,MAGE,304.90441998724094,130761.75335263554
36,9,1,CLERIC,302.51585933518464,134010.05372608214
36,9,1,PALADIN,305.40431776768384,132689.76735890805
37,9,1,WARRIOR,319.65932379983917,135636.32403899182
37,9,1,ROGUE,320.86596261405595,135228.09324805348
37,9,1,RANGER,320.20850252266155,135453.73044686846
37,9,1,MAGE,321.4656287392974,134953.5202881137
37,9,1,CLERIC,319.03029879839545,138346.09707522232
37,9,1,PALADIN,322.12420526261053,136962.9054312516
38,9,1,WARRIOR,336.56267833621894,139853.7231094249
38,9,1,ROGUE,337.93780289661146,139368.25847479716
38,9,1,RANGER,337.16846756736714,139695.22276898308
38,9,1,MAGE,338.4448082108177,139216.32100543476
38,9,1,CLERIC,336.035912128717,142733.82644926276
38,9,1,PALADIN,339.2701223798242,141262.29116882023
39,9,1,WARRIOR,353.7962509560661,144064.91126535236
39,9,1,ROGUE,355.2230300336301,143641.09921355417
39,9,1,RANGER,354.348757701266,143991.34825813363
39,9,1,MAGE,355.76506908773854,143454.08686655955
39,9,1,CLERIC,353.34924348118267,147110.96693707295
39,9,1,PALADIN,356.7745479366153,145552.1361118108
40,9,1,WARRIOR,371.5496475764071,148311.54442467328
40,9,1,ROGUE,372.9913512987509,147908.93775526734
40,9,1,RANGER,372.04267136700844,148228.928579267
40,9,1,MAGE,373.5954047445836,147663.31350546356
40,9,1,CLERIC,371.16276389316755,151472.79702923595
40,9,1,PALADIN,374.78110724756596,149891.90600499473
41,9,1,WARRIOR,389.48870818069184,152640.56136620807
41,9,1,ROGUE,391.10213321952614,152207.0721910038
41,9,1,RANGER,389.9584940285622,152581.25922022344
41,9,1,MAGE,391.67294921871184,151953.97172237665
41,9,1,CLERIC,389.2917273077356,155902.01702905286
41,9,1,PALADIN,393.0543040767335,154287.2171122721
42,9,1,WARRIOR,407.80987745693056,156946.12897589657
42,9,1,ROGUE,409.56711582084097,156490.3524640798
42,9,1,RANGER,408.26589471545253,156899.9062967174
42,9,1,MAGE,410.0991043546635,156248.1711910409
42,9,1,CLERIC,407.78571265022924,160328.3562219311
42,9,1,PALADIN,411.750245547046,158653.01573945512
43,9,1,WARRIOR,426.5634773011591,161302.56655546313
43,9,1,ROGUE,428.39098142337434,160808.18892617614
43,9,1,RANGER,426.9556551315071,161317.34141402956
43,9,1,MAGE,428.9405670691235,160617.55617042756
43,9,1,CLERIC,426.6728349445832,164859.53841925744
43,9,1,PALADIN,430.84134869448883,163095.84206674556
44,9,1,WARRIOR,445.59843637011824,165752.3271718845
44,9,1,ROGUE,447.53746050790556,165182.82984312135
44,9,1,RANGER,445.9950601861106,165746.57652968803
44,9,1,MAGE,448.14026672795603,164986.958441259
44,9,1,CLERIC,445.9211826000231,169384.954134933
44,9,1,PALADIN,450.2653918399889,167621.02638308302
45,9,1,WARRIOR,464.9519504153864,170170.31932937063
45,9,1,ROGUE,467.1236798758391,169491.7932838349
45,9,1,RANGER,465.34550949632563,170149.78630759774
45,9,1,MAGE,467.6610542693481,169329.56604376854
45,9,1,CLERIC,465.49584186519274,173889.22756143872
45,9,1,PALADIN,470.01989516357264,172115.3437225176
46,9,1,WARRIOR,484.51586087200536,174601.6605581217
46,9,1,ROGUE,486.8945795768394,173916.57286181874
46,9,1,RANGER,484.94258619684405,174612.80205679545
46,9,1,MAGE,487.4334683945513,173730.1695837893
46,9,1,CLERIC,485.3236923510918,178462.1111951473
46,9,1,PALADIN,490.0086630085024,176629.00864570678
47,9,1,WARRIOR,504.41790395653214,179122.50817486065
47,9,1,ROGUE,506.9587531509957,178359.2067411617
47,9,1,RANGER,504.83916252058486,179114.1926242954
47,9,1,MAGE,507.55780074003553,178173.61994169964
47,9,1,CLERIC,505.51938486009647,183085.82375256362
47,9,1,PALADIN,510.3560404313656,181234.83433118873
48,9,1,WARRIOR,524.6004864775803,183684.77914882408
48,9,1,ROGUE,527.4057414383499,182843.9344431603
48,9,1,RANGER,525.0668098020901,183609.77429489058
48,9,1,MAGE,527.9974488122556,182617.07614194427
48,9,1,CLERIC,526.0116949837076,187713.2137776106
48,9,1,PALADIN,531.0331657509411,185878.23356177084
49,9,1,WARRIOR,545.066753054585,188267.62155721395
49,9,1,ROGUE,548.1516869527786,187344.05869181725
49,9,1,RANGER,545.5783906086308,188207.29801165924
49,9,1,MAGE,548.780908806407,187133.21821974622
49,9,1,CLERIC,546.8138354407135,192445.76603056604
49,9,1,PALADIN,552.0511472129732,190527.4870698217
50,9,1,WARRIOR,565.8636203654065,192930.07936612374
50,9,1,ROGUE,569.2028166074294,191913.76342545348
50,9,1,RANGER,566.449555652467,192829.16893929828
50,9,1,MAGE,569.9255061647966,191683.9638572188
50,9,1,CLERIC,568.007159700408,197201.6410129056
50,9,1,PALADIN,573.4406021133623,195261.21715979354
51,9,1,WARRIOR,586.8154110908157,197643.25192040822
51,9,1,ROGUE,590.4284266644236,196574.9411926027
51,9,1,RANGER,587.5030770586338,197541.36643171555
51,9,1,MAGE,591.2323487285178,196316.5403578018
51,9,1,CLERIC,589.4237845099232,202033.28000924128
51,9,1,PALADIN,595.0020100621263,200049.5603158915
52,9,1,WARRIOR,608.0591612679647,202382.23509105016
52,9,1,ROGUE,612.026954317987,201209.81673058454
52,9,1,RANGER,608.8722409997173,202261.469783539
52,9,1,MAGE,612.8415087684289,200984.82558325253
52,9,1,CLERIC,611.1781264315348,206898.93824540428
52,9,1,PALADIN,616.9622510615862,204844.08684654586
53,9,1,WARRIOR,629.5918554943439,207185.92646434237
53,9,1,ROGUE,633.8914336370159,205907.1519567829
53,9,1,RANGER,630.5400518011859,207007.26008941294
53,9,1,MAGE,634.7620806453157,205660.60602546387
53,9,1,CLERIC,633.2662843457256,211772.62265518747
53,9,1,PALADIN,639.2555640567936,209693.68928807753
54,9,1,WARRIOR,651.4126767196066,212006.9583930516
54,9,1,ROGUE,656.0610336680389,210580.33423747655
54,9,1,RANGER,652.5239829949579,211795.90201141755
54,9,1,MAGE,656.9996809460221,210389.10064760956
54,9,1,CLERIC,655.7082523967247,216698.31539885886
54,9,1,PALADIN,661.8720116947025,214564.78347131878
55,9,1,WARRIOR,673.5856298776957,216832.55284709614
55,9,1,ROGUE,678.556066781043,215313.63291479409
55,9,1,RANGER,674.8696535237115,216577.6829819547
55,9,1,MAGE,679.5782726423206,215123.35059150014
55,9,1,CLERIC,678.5297801297249,221625.8576134265
55,9,1,PALADIN,684.8811843033702,219443.976662713
56,9,1,WARRIOR,695.9628265950352,221778.13352854885
56,9,1,ROGUE,701.2707735488677,220121.58651474607
56,9,1,RANGER,697.4320672262037,221446.30496307253
56,9,1,MAGE,702.3978117641875,219933.19273660122
56,9,1,CLERIC,701.6051932410087,226635.77825795655
56,9,1,PALADIN,708.1859515934658,224426.46457104114
57,9,1,WARRIOR,719.4616506477012,226430.9065025779
57,9,1,ROGUE,725.2246335130831,224700.20231608726
57,9,1,RANGER,721.1755140793321,226025.84635114067
57,9,1,MAGE,726.4043574820599,224456.65980744996
57,9,1,CLERIC,725.9062513423034,231356.08420777466
57,9,1,PALADIN,732.7066079504399,229103.07881562653
58,9,1,WARRIOR,743.3940673692962,231113.08336168202
58,9,1,ROGUE,749.5934720964275,229263.40829698782
58,9,1,RANGER,745.3386586462691,230648.3840509975
58,9,1,MAGE,750.8100128864105,229035.40208049412
58,9,1,CLERIC,750.6765400134282,236125.0856585038
58,9,1,PALADIN,757.7088817093594,233811.93336790692
59,9,1,WARRIOR,767.639042917313,235838.0130549206
59,9,1,ROGUE,774.332644022262,233829.98236968875
59,9,1,RANGER,769.8526393715383,235271.2921759403
59,9,1,MAGE,775.5749419279648,233592.16565473677
59,9,1,CLERIC,775.8093058843294,240876.59390987293
59,9,1,PALADIN,783.1089041949992,238554.78225858865
60,9,1,WARRIOR,792.1806151150307,240590.2742391957
60,9,1,ROGUE,799.3992632670337,238465.96838033557
60,9,1,RANGER,794.6981691445831,239928.0419007867
60,9,1,MAGE,800.6642966336665,238207.1043093648
60,9,1,CLERIC,801.2858641534641,245695.38997544898
60,9,1,PALADIN,808.8625410342462,243322.38222250316
61,9,1,WARRIOR,816.9290568097844,245357.0031775363
61,9,1,ROGUE,824.6720611886332,243124.3520891375
61,9,1,RANGER,819.740557183041,244623.4807834741
61,9,1,MAGE,825.9659449332835,242856.27798032583
61,9,1,CLERIC,827.0187916831912,250550.02281541438
61,9,1,PALADIN,834.8791870346938,248103.19912657296
62,9,1,WARRIOR,840.9087046728189,249957.53747641534
62,9,1,ROGUE,849.2254863025228,247578.88343991805
62,9,1,RANGER,844.033235965706,249153.24640254385
62,9,1,MAGE,850.5266073070947,247331.42290050173
62,9,1,CLERIC,852.0013832504583,255224.55922595246
62,9,1,PALADIN,860.1463189814197,252713.03303652862
63,9,1,WARRIOR,865.9246022446653,254781.43094456603
63,9,1,ROGUE,874.8809955441598,252223.20149696505
63,9,1,RANGER,869.4004486294934,253827.90861549796
63,9,1,MAGE,876.1711133501116,251947.92505307135
63,9,1,CLERIC,878.0546000595884,260070.7492130931
63,9,1,PALADIN,886.5520760435927,257540.0072169851
64,9,1,WARRIOR,891.2556671104613,259604.95712766526
64,9,1,ROGUE,900.8689419118009,256862.30244982184
64,9,1,RANGER,895.1111760275722,258577.71757714087
64,9,1,MAGE,902.1649046171738,256646.4166528967
64,9,1,CLERIC,904.4954116292511,265002.12899725494
64,9,1,PALADIN,913.3593790485824,262361.80193344667
65,9,1,WARRIOR,916.898334020514,264434.3942684876
65,9,1,ROGUE,927.2340780338733,261517.44863516712
65,9,1,RANGER,921.177191565717,263343.4656042435
65,9,1,MAGE,928.5487650134033,261330.3001205298
65,9,1,CLERIC,931.3321868308002,269928.92780873243
65,9,1,PALADIN,940.552128926681,267179.64190540824
66,9,1,WARRIOR,942.6914599252452,269343.0631005554
66,9,1,ROGUE,953.791388768371,266256.0781010287
66,9,1,RANGER,947.4200817532583,268134.18601745437
66,9,1,MAGE,955.1012312172383,266049.99947351526
66,9,1,CLERIC,958.3714505359632,274893.07125141035
66,9,1,PALADIN,967.9756820271037,272069.0552483589
67,9,1,WARRIOR,968.5705387798009,274206.47831399716
67,9,1,ROGUE,980.4808307317127,270938.8685745652
67,9,1,RANGER,973.7860833592079,272877.86305524776
67,9,1,MAGE,981.7937546634423,270718.43575854925
67,9,1,CLERIC,985.5447908650833,279814.2311045421
67,9,1,PALADIN,995.5575174135786,276903.9237343014
68,9,1,WARRIOR,993.735721033725,278968.5920207469
68,9,1,ROGUE,1006.4629860133143,275415.3605022222
68,9,1,RANGER,999.4546052239244,277490.3418453539
68,9,1,MAGE,1007.7884602643207,275261.9661766543
68,9,1,CLERIC,1012.0333924541945,284609.93168319465
68,9,1,PALADIN,1022.439476248429,281632.1873462507
69,9,1,WARRIOR,1019.8254120696419,283841.7534012505
69,9,1,ROGUE,1033.4507725365352,280085.01275978005
69,9,1,RANGER,1026.0993940715925,282230.26947796287
69,9,1,MAGE,1034.7576708026033,279927.5127265587
69,9,1,CLERIC,1039.543635814672,289529.4647267293
69,9,1,PALADIN,1050.3642114769361,286463.7780755223
70,9,1,WARRIOR,1046.2000742483315,288766.29247236147
70,9,1,ROGUE,1060.792803387268,284751.04490054224
70,9,1,RANGER,1053.1021950517445,286980.80102772015
70,9,1,MAGE,1062.066584923087,284613.5577007071
70,9,1,CLERIC,1067.408135491451,294475.4911908927
70,9,1,PALADIN,1078.6710336943017,291340.4198277213
71,9,1,WARRIOR,1072.674348069564,293739.2162095092
71,9,1,ROGUE,1088.312744896272,289505.5592154531
71,9,1,RANGER,1080.2135071459868,291814.2466532766
71,9,1,MAGE,1089.542939915852,289372.8316704527
71,9,1,CLERIC,1095.440296058666,299507.20716405805
71,9,1,PALADIN,1107.1529158691644,296262.89562042913
72,9,1,WARRIOR,1099.427107144711,298758.2461042289
72,9,1,ROGUE,1116.172919582879,294240.971414836
72,9,1,RANGER,1107.6613252095115,296656.9030026818
72,9,1,MAGE,1117.328300246575,294153.75951049395
72,9,1,CLERIC,1123.8265703024042,304558.39376791054
72,9,1,PALADIN,1136.0230737579916,301214.7169075868
73,9,1,WARRIOR,1125.5174833807573,303582.12665090064
73,9,1,ROGUE,1143.3995649900505,298807.76782783977
73,9,1,RANGER,1134.4964389787572,301329.72700886644
73,9,1,MAGE,1144.4952171862353,298769.32537836774
73,9,1,CLERIC,1151.6011900827157,309438.8179964494
73,9,1,PALADIN,1164.2663610012396,305968.02200499264
74,9,1,WARRIOR,1153.4040266468273,308396.23293938534
74,9,1,ROGUE,1172.6043837185134,303309.23231724626
74,9,1,RANGER,1163.2334514958104,305936.57525699324
74,9,1,MAGE,1173.525086807823,303331.7642729638
74,9,1,CLERIC,1181.3245845537463,314258.5542145803
74,9,1,PALADIN,1194.540215337852,310681.8830666454
75,9,1,WARRIOR,1181.5296740814345,313235.2583846251
75,9,1,ROGUE,1202.1166141358106,307840.55927763093
75,9,1,RANGER,1192.2501231218118,310591.61266252707
75,9,1,MAGE,1202.8848139650065,307906.14421271987
75,9,1,CLERIC,1211.381564766962,319105.209234271
75,9,1,PALADIN,1225.1545317552,315418.6725399262
76,9,1,WARRIOR,1209.7325149169235,318155.71242328
76,9,1,ROGUE,1231.781806485945,312425.5525399263
76,9,1,RANGER,1221.4229096941742,315332.35796595365
76,9,1,MAGE,1232.3994268857234,312593.26565170666
76,9,1,CLERIC,1241.6206381573634,324066.2220584834
76,9,1,PALADIN,1255.9482542356072,320228.3277942691
77,9,1,WARRIOR,1238.228420656719,323095.26044501323
77,9,1,ROGUE,1261.8242628090154,317064.97626449156
77,9,1,RANGER,1250.9232522069462,320077.1832273538
77,9,1,MAGE,1262.2557884234323,317271.80104691815
77,9,1,CLERIC,1272.2219931423567,329026.54706202744
77,9,1,PALADIN,1287.1594853461793,325046.9824354948
78,9,1,WARRIOR,1265.7541197222888,327875.6561768527
78,9,1,ROGUE,1290.9101270607675,321503.3484805585
78,9,1,RANGER,1279.4740718172716,324661.67043737083
78,9,1,MAGE,1291.1348997978293,321795.23277548887
78,9,1,CLERIC,1301.8457685658896,333827.8186391818
78,9,1,PALADIN,1317.39355639956,329707.40910339024
79,9,1,WARRIOR,1294.1935656951323,332820.8203682774
79,9,1,ROGUE,1321.0300360956173,326089.2959316636
79,9,1,RANGER,1309.0208071079157,329399.96081128187
79,9,1,MAGE,1321.0367306238427,326463.2811695843
79,9,1,CLERIC,1332.5475727447445,338776.39125869656
79,9,1,PALADIN,1348.7158260088781,334518.2560325574
80,9,1,WARRIOR,1322.8923613078018,337815.9092026987
80,9,1,ROGUE,1351.463982629032,330712.20561168564
80,9,1,RANGER,1338.8402704743594,334141.32457824633
80,9,1,MAGE,1351.2433815738375,331136.85743188945
80,9,1,CLERIC,1363.571992925361,343739.72166070767
80,9,1,PALADIN,1380.4017528460488,339371.1952673437
81,9,1,WARRIOR,1351.660646061176,342863.3819168876
81,9,1,ROGUE,1382.066096241546,335388.9513302178
81,9,1,RANGER,1368.8180207779947,338959.08825688285
81,9,1,MAGE,1381.61613330468,335889.67075463437
81,9,1,CLERIC,1394.7655159177646,348798.67987515085
81,9,1,PALADIN,1412.2641222591749,344265.65883599996
82,9,1,WARRIOR,1380.6736884035336,347987.2077833611
82,9,1,ROGUE,1412.9805320159796,340093.89039626584
82,9,1,RANGER,1399.0883420317653,343796.27936966915
82,9,1,MAGE,1412.316668628468,340658.69109738985
82,9,1,CLERIC,1426.2876642523347,353880.5809220009
82,9,1,PALADIN,1444.5147378245638,349219.3978561995
83,9,1,WARRIOR,1408.8064819608483,352937.0180480317
83,9,1,ROGUE,1443.0748161471302,344682.01894965844
83,9,1,RANGER,1428.5404281375315,348493.7818396632
83,9,1,MAGE,1442.1546928963785,345273.2709709927
83,9,1,CLERIC,1456.9590914153318,358798.1107912794
83,9,1,PALADIN,1475.9029335227208,353986.9522045754
84,9,1,WARRIOR,1437.9230211137058,358114.6318779747
84,9,1,ROGUE,1474.266548730628,349422.560285009
84,9,1,RANGER,1459.0363675455194,353351.8711598638
84,9,1,MAGE,1473.0649529070167,350065.00654119503
84,9,1,CLERIC,1488.7739637653594,363910.2244102571
84,9,1,PALADIN,1508.4960963786612,358968.5727311107
85,9,1,WARRIOR,1467.2644061426477,363326.85247847025
85,9,1,ROGUE,1505.7859719333403,354189.38639249734
85,9,1,RANGER,1489.8167024728825,358253.20859209186
85,9,1,MAGE,1504.303061088112,354885.90542975056
85,9,1,CLERIC,1520.9146689160034,369063.3820371155
85,9,1,PALADIN,1541.451023407825,363973.26267924026
86,9,1,WARRIOR,1496.6673763252359,368622.04566261015
86,9,1,ROGUE,1537.4225737549657,359030.90201762243
86,9,1,RANGER,1520.699324110909,363254.70660379657
86,9,1,MAGE,1535.647244312423,359808.8518026784
86,9,1,CLERIC,1553.1624362719788,374335.9275305629
86,9,1,PALADIN,1574.555155398713,369053.95704627025
87,9,1,WARRIOR,1526.3043460879849,373992.0143306035
87,9,1,ROGUE,1569.406750623861,363923.1640939881
87,9,1,RANGER,1551.9001575237367,368260.07538520324
87,9,1,MAGE,1567.2777132294548,364729.8940623748
87,9,1,CLERIC,1585.7692102490448,379599.10022497084
87,9,1,PALADIN,1608.0450498731004,374197.7087628767
88,9,1,WARRIOR,1555.1235737439886,379111.6526551072
88,9,1,ROGUE,1600.5969754883213,368491.97196099756
88,9,1,RANGER,1582.3023482209942,373018.64556802454
88,9,1,MAGE,1598.061117086859,369440.2841120568
88,9,1,CLERIC,1617.5233542333524,384641.44014315295
88,9,1,PALADIN,1640.7123482338436,379081.75550669665
89,9,1,WARRIOR,1585.5651408750798,384205.66213778476
89,9,1,ROGUE,1633.6564331929717,373070.9394378566
89,9,1,RANGER,1614.4670378743058,377748.1774592172
89,9,1,MAGE,1630.5709834093561,374118.38085821766
89,9,1,CLERIC,1651.1326228224432,389647.6820939687
89,9,1,PALADIN,1675.3376096960712,383908.9433915239
90,9,1,WARRIOR,1616.2105572695116,389379.2242411753
90,9,1,ROGUE,1667.0558914270866,377662.27143322903
90,9,1,RANGER,1646.903964895881,382539.06997080403
90,9,1,MAGE,1663.3849421184589,378868.67020683875
90,9,1,CLERIC,1685.0227363286672,394748.09395554604
90,9,1,PALADIN,1710.3132577509473,388802.64206654025
91,9,1,WARRIOR,1646.8837503515476,394593.32985633117
91,9,1,ROGUE,1700.513532312301,382304.6569223689
91,9,1,RANGER,1679.4080336925808,387421.4851359945
91,9,1,MAGE,1696.255826628345,383690.10943571565
91,9,1,CLERIC,1719.0246671844625,399922.1123385598
91,9,1,PALADIN,1745.4092064893919,393731.49077014264
92,9,1,WARRIOR,1677.4486933622195,399808.35585543694
92,9,1,ROGUE,1733.9235594014103,386974.30971619004
92,9,1,RANGER,1711.8579107391554,392273.7212372076
92,9,1,MAGE,1729.0830426942591,388484.3606995431
92,9,1,CLERIC,1753.0024337400341,405066.96419555775
92,9,1,PALADIN,1780.4892224904997,398651.6916441415
93,9,1,WARRIOR,1707.6713919068218,404986.8245817846
93,9,1,ROGUE,1767.035445991986,391572.6177886972
93,9,1,RANGER,1743.9330146480725,397110.6709277788
93,9,1,MAGE,1761.5724647248594,393257.1732413523
93,9,1,CLERIC,1786.6338967444972,410197.099499734
93,9,1,PALADIN,1815.2289716253604,403542.1069189407
94,9,1,WARRIOR,1738.7212594322687,410338.03988395573
94,9,1,ROGUE,1801.101508436124,396272.4039813952
94,9,1,RANGER,1776.9352389996143,402063.62154184
94,9,1,MAGE,1794.9738557849735,398135.5472514524
94,9,1,CLERIC,1821.2221782044232,415451.16432937054
94,9,1,PALADIN,1851.0304222913644,408591.2446815804
95,9,1,WARRIOR,1769.9872693085565,415723.7718650087
95,9,1,ROGUE,1835.4589453810413,401017.4503847024
95,9,1,RANGER,1810.2147871536517,407031.1158191633
95,9,1,MAGE,1828.6525525454701,403048.9575365484
95,9,1,CLERIC,1856.1433874219758,420738.2930944648
95,9,1,PALADIN,1887.175097496742,413668.5934233232
96,9,1,WARRIOR,1801.2881297898866,421154.8142708797
96,9,1,ROGUE,1869.896796793103,405841.0300311709
96,9,1,RANGER,1843.5357374650655,412097.1220876028
96,9,1,MAGE,1862.4347177421625,408033.92399373563
96,9,1,CLERIC,1891.164755349644,426113.3672888336
96,9,1,PALADIN,1923.4498020894437,418788.6400128377
97,9,1,WARRIOR,1831.5780932998186,426492.52428552037
97,9,1,ROGUE,1903.2789754983964,410540.06805302325
97,9,1,RANGER,1875.809403734647,417035.84277006943
97,9,1,MAGE,1895.1595888456093,412890.626193458
97,9,1,CLERIC,1925.1163210968184,431349.583217334
97,9,1,PALADIN,1958.6260378291947,423824.6266602484
98,9,1,WARRIOR,1862.7317267760973,431947.99373635964
98,9,1,ROGUE,1937.581879305696,415395.9131205392
98,9,1,RANGER,1908.9577101891,422119.8492632805
98,9,1,MAGE,1928.7819066748627,417901.9874982037
98,9,1,CLERIC,1960.0176427678539,436762.48385887244
98,9,1,PALADIN,1994.8578392543213,428972.7266391954
99,9,1,WARRIOR,1894.0936062284973,437447.3440556794
99,9,1,ROGUE,1972.156257870615,420263.5300852899
99,9,1,RANGER,1942.3691560559225,427220.613599781
99,9,1,MAGE,1962.632787005122,422935.20911476226
99,9,1,CLERIC,1995.2004582784234,442196.16750878986
99,9,1,PALADIN,2031.371650649883,434162.2415107277
100,9,1,WARRIOR,1925.683566047376,442995.5735476805
100,9,1,ROGUE,2007.0229252795436,425161.67348021135
100,9,1,RANGER,1976.0169266852013,432364.79722150066
100,9,1,MAGE,1996.7453866106327,428010.9848598105
100,9,1,CLERIC,2030.6685433284063,447681.23701144994
100,9,1,PALADIN,2068.2139379877044,439402.6740878209
20,9,5,WARRIOR,18.88778011820708,340733.7057199345
20,9,5,ROGUE,18.87270832552688,341477.56916176906
20,9,5,RANGER,18.930197150313784,340027.55023569864
20,9,5,MAGE,18.986220370247963,339118.29866303777
20,9,5,CLERIC,18.755266762657715,346172.7088268816
20,9,5,PALADIN,18.93250800972417,342750.62087215466
21,9,5,WARRIOR,20.88256077639448,359081.8921966847
21,9,5,ROGUE,20.862226084369343,360189.034099769
21,9,5,RANGER,20.930806589880707,358140.21752148465
21,9,5,MAGE,20.99092750740422,357342.28501118685
21,9,5,CLERIC,20.74559779257439,364791.74765977584
21,9,5,PALADIN,20.932476517288144,361399.81125750067
22,9,5,WARRIOR,22.95545288328805,377809.0703152246
22,9,5,ROGUE,22.93745538667138,378801.88935643254
22,9,5,RANGER,23.01252991500457,376788.51073851075
22,9,5,MAGE,23.07380470638845,375824.8064351113
22,9,5,CLERIC,22.816744652968104,383637.2533915054
22,9,5,PALADIN,23.019860932474803,380271.940529004
23,9,5,WARRIOR,25.118769934649688,396436.6597531352
23,9,5,ROGUE,25.114291401346176,397256.798551968
23,9,5,RANGER,25.185863336777935,395289.762529683
23,9,5,MAGE,25.25484155512657,394240.65394616965
23,9,5,CLERIC,24.981808309310406,402498.1373647231
23,9,5,PALADIN,25.19461600033671,399150.06542928074
24,9,5,WARRIOR,27.375202654459308,415305.6812402455
24,9,5,ROGUE,27.377757592360116,415939.9682966633
24,9,5,RANGER,27.44499950402154,414219.51923643507
24,9,5,MAGE,27.52511525659161,413137.02345993853
24,9,5,CLERIC,27.232209639268252,421914.6197535198
24,9,5,PALADIN,27.46297959912544,418279.44992413756
25,9,5,WARRIOR,29.718296343846202,434572.87139120523
25,9,5,ROGUE,29.73994034959449,434820.2925254463
25,9,5,RANGER,29.800272252367456,432989.21955234546
25,9,5,MAGE,29.88756969661347,431844.3568184286
25,9,5,CLERIC,29.574323947656328,441143.1546361314
25,9,5,PALADIN,29.825272781177638,437733.0019170577
26,9,5,WARRIOR,32.14461162261072,453624.11307664495
26,9,5,ROGUE,32.180107269714505,453853.60286679905
26,9,5,RANGER,32.23085734006372,452205.40431864245
26,9,5,MAGE,32.328806571883185,450827.7963367767
26,9,5,CLERIC,31.997867052872788,460651.7006475482
26,9,5,PALADIN,32.266355717517115,457090.0395948062
27,9,5,WARRIOR,34.64905363768379,473115.21250817727
27,9,5,ROGUE,34.703906054266454,472762.1539012028
27,9,5,RANGER,34.74228061271566,471698.48124483926
27,9,5,MAGE,34.83984527305481,470358.0931277524
27,9,5,CLERIC,34.49306113936911,480753.0453878209
27,9,5,PALADIN,34.789660202459146,476843.3448604759
28,9,5,WARRIOR,37.24864009069925,492689.40806465526
28,9,5,ROGUE,37.318867346286225,492008.84815511986
28,9,5,RANGER,37.34201130454943,491149.53196871723
28,9,5,MAGE,37.456549286671574,489669.9585732135
28,9,5,CLERIC,37.095066171751,500567.1148833405
28,9,5,PALADIN,37.4126633183289,496682.6697658905
29,9,5,WARRIOR,39.92653521990098,512234.27633675653
29,9,5,ROGUE,40.02564796876237,511594.31924702367
29,9,5,RANGER,40.03529630350027,510731.6109263391
29,9,5,MAGE,40.1713380669925,509020.5646971341
29,9,5,CLERIC,39.78713431024921,520600.4964691377
29,9,5,PALADIN,40.122066972838034,516407.8617018075
30,9,5,WARRIOR,42.700697640780994,531753.4286211419
30,9,5,ROGUE,42.817987059007606,530788.1540806545
30,9,5,RANGER,42.81434860266877,530608.3049009398
30,9,5,MAGE,42.96849195015776,528628.7601470408
30,9,5,CLERIC,42.57540470426454,540691.06412262
30,9,5,PALADIN,42.924003398459625,536176.3172194212
31,9,5,WARRIOR,45.555015180999035,551474.8464067805
31,9,5,ROGUE,45.69272238041567,550447.7696820304
31,9,5,RANGER,45.67574190207332,550307.8757623647
31,9,5,MAGE,45.847922158663295,548179.6516977152
31,9,5,CLERIC,45.43783149337253,560901.9574078345
31,9,5,PALADIN,45.813260803737684,556104.0472351939
32,9,5,WARRIOR,48.50522852198985,571140.0380258124
32,9,5,ROGUE,48.65368572702532,570105.2915728586
32,9,5,RANGER,48.62584723111865,570167.3650172858
32,9,5,MAGE,48.808510916605506,568042.5038447008
32,9,5,CLERIC,48.37304958842644,581519.2031376547
32,9,5,PALADIN,48.803778777510246,575965.5697593917
33,9,5,WARRIOR,51.533888929902254,591165.7783859354
33,9,5,ROGUE,51.7029847612558,590179.7960195529
33,9,5,RANGER,51.6636670998823,590140.0991543138
33,9,5,MAGE,51.85024743029026,588054.8878477997
33,9,5,CLERIC,51.39724390726381,602219.4204293821
33,9,5,PALADIN,51.867701859160555,596302.2944217364
34,9,5,WARRIOR,54.63840252152535,611319.5679877561
34,9,5,ROGUE,54.82319566489365,610413.7976022692
34,9,5,RANGER,54.76684485214928,610501.7739795514
34,9,5,MAGE,54.96457769491906,608286.0514834933
34,9,5,CLERIC,54.50090921941204,623067.607703414
34,9,5,PALADIN,55.007604833159434,616803.7340547345
35,9,5,WARRIOR,57.82960055516179,631729.6336873823
35,9,5,ROGUE,58.032719271796694,630428.3152087303
35,9,5,RANGER,57.9494308662515,630992.3866533614
35,9,5,MAGE,58.169265309064244,628638.2281211633
35,9,5,CLERIC,57.69559791287552,644095.2705978793
35,9,5,PALADIN,58.23549049036233,637595.8811773885
36,9,5,WARRIOR,61.085975515257346,652328.0053462879
36,9,5,ROGUE,61.30958910220679,650713.6988553721
36,9,5,RANGER,61.18962476083291,651558.7073516368
36,9,5,MAGE,61.43175929502634,649010.1703098703
36,9,5,CLERIC,60.950515097107434,665132.4684936738
36,9,5,PALADIN,61.532478071492676,658579.4875336629
37,9,5,WARRIOR,64.4045587692837,673204.1404137115
37,9,5,ROGUE,64.6476708409096,671177.9674054766
37,9,5,RANGER,64.51520660807785,672297.8731353746
37,9,5,MAGE,64.76849081808395,669815.178677702
37,9,5,CLERIC,64.2778236026342,686653.5643825255
37,9,5,PALADIN,64.90117998821543,679788.365489056
38,9,5,WARRIOR,67.81022539491288,694136.3688275125
38,9,5,ROGUE,68.08728376290324,691726.8608703234
38,9,5,RANGER,67.93227904776897,693349.6836515584
38,9,5,MAGE,68.1894345563385,690972.7492104607
38,9,5,CLERIC,67.70409320153446,708431.1936610199
38,9,5,PALADIN,68.35571781774648,701127.5185535022
39,9,5,WARRIOR,71.28242394493753,715037.7705922534
39,9,5,ROGUE,71.5698896001214,712934.2630691085
39,9,5,RANGER,71.3937423094972,714672.6551160578
39,9,5,MAGE,71.67909894743715,712006.064172557
39,9,5,CLERIC,71.19236144075585,730156.2670913436
39,9,5,PALADIN,71.88248747706297,722419.3177659601
40,9,5,WARRIOR,74.85935598119849,736115.096639892
40,9,5,ROGUE,75.14982863505331,734116.837849538
40,9,5,RANGER,74.95868979483164,735705.0491870042
40,9,5,MAGE,75.27153256406582,732897.7303344569
40,9,5,CLERIC,74.78140714298567,751805.3503928137
40,9,5,PALADIN,75.51042641401973,743958.9096211208
41,9,5,WARRIOR,78.47369536357745,757601.3183405375
41,9,5,ROGUE,78.79876621243687,755449.7803241565
41,9,5,RANGER,78.56834722571769,757306.983836155
41,9,5,MAGE,78.91377350247612,754193.5660716126
41,9,5,CLERIC,78.43400790488572,773788.9102084185
41,9,5,PALADIN,79.19208714300174,765774.1693370572
42,9,5,WARRIOR,82.16502152089728,778971.1539078903
42,9,5,ROGUE,82.5190676977295,776708.9970923596
42,9,5,RANGER,82.25689930496178,778741.7367571021
42,9,5,MAGE,82.62625207885084,775506.9781133316
42,9,5,CLERIC,82.16015282601661,795758.171707016
42,9,5,PALADIN,82.95892193092055,787442.9496793138
43,9,5,WARRIOR,85.94347324552002,800593.4725367483
43,9,5,ROGUE,86.31167647901627,798139.7266886358
43,9,5,RANGER,86.02248874183783,800666.8046329359
43,9,5,MAGE,86.42240630413025,797193.5586073515
43,9,5,CLERIC,85.96550648606205,818247.8007781493
43,9,5,PALADIN,86.80537339685634,809494.041817517
44,9,5,WARRIOR,89.77861287309221,822678.98165128
44,9,5,ROGUE,90.16928501915287,819852.393992006
44,9,5,RANGER,89.85852414100934,822650.4394730388
44,9,5,MAGE,90.29073765868247,818880.2249240468
44,9,5,CLERIC,89.8436393778235,840708.8090550347
44,9,5,PALADIN,90.71890519511791,831953.9015894305
45,9,5,WARRIOR,93.67793455688933,844606.8142861421
45,9,5,ROGUE,94.1154918788659,841239.0840968322
45,9,5,RANGER,93.75722834584005,844504.9026826645
45,9,5,MAGE,94.22376139622725,840433.9011897136
45,9,5,CLERIC,93.78751712256194,863064.8817498932
45,9,5,PALADIN,94.69901769469394,854260.5592099269
46,9,5,WARRIOR,97.61964664519147,866600.9024031545
46,9,5,ROGUE,98.09890789995471,863200.6047545315
46,9,5,RANGER,97.70562272727544,866656.2010341864
46,9,5,MAGE,98.20748254160091,862275.4288516515
46,9,5,CLERIC,97.78240751620886,885761.4876749973
46,9,5,PALADIN,98.72632951557628,876663.2447461226
47,9,5,WARRIOR,101.62948527035489,889039.2378220148
47,9,5,ROGUE,102.14141237238174,885250.7417153073
47,9,5,RANGER,101.71435991634702,888997.9652270075
47,9,5,MAGE,102.26210772765963,884329.618242748
47,9,5,CLERIC,101.85141025831885,908710.3729370362
47,9,5,PALADIN,102.82589354347294,899523.3520474595
48,9,5,WARRIOR,105.69584662856975,911683.1699037967
48,9,5,ROGUE,106.26104587205197,907509.8030619244
48,9,5,RANGER,105.78980086585547,911310.8981058332
48,9,5,MAGE,106.3802623300108,906383.8366311182
48,9,5,CLERIC,105.98017514459171,931677.5105842876
48,9,5,PALADIN,106.99189476312858,922569.948228606
49,9,5,WARRIOR,109.8193642938073,934429.204242686
49,9,5,ROGUE,110.44091289806445,929845.2821309462
49,9,5,RANGER,109.92244838510305,934129.8002230059
49,9,5,MAGE,110.56768772624463,928798.8170356214
49,9,5,CLERIC,110.17136425700144,955166.6002067543
49,9,5,PALADIN,111.2265712499336,945645.6009612252
50,9,5,WARRIOR,114.00949097935174,957570.3939181007
50,9,5,ROGUE,114.68226804105322,952526.1102125722
50,9,5,RANGER,114.12754448450814,957069.5449189025
50,9,5,MAGE,114.8278746247002,951385.5453830771
50,9,5,CLERIC,114.44136859028549,978771.4475961648
50,9,5,PALADIN,115.53609173818205,969140.5365453974
51,9,5,WARRIOR,118.23083143973916,980963.2962288155
51,9,5,ROGUE,118.95877727619623,975660.9466531933
51,9,5,RANGER,118.36938151458608,980457.6077023683
51,9,5,MAGE,119.12075048319488,974378.425078631
51,9,5,CLERIC,118.75636323767395,1002752.3347247667
51,9,5,PALADIN,119.88025711048387,992906.5333109841
52,9,5,WARRIOR,122.5109955234901,1004484.3044427353
52,9,5,ROGUE,123.31042147996409,998665.2371673968
52,9,5,RANGER,122.67481380585798,1003884.9096595838
52,9,5,MAGE,123.47453688679988,997548.5379866022
52,9,5,CLERIC,123.13940070432032,1026902.069640034
52,9,5,PALADIN,124.30477886453401,1016703.2200365257
53,9,5,WARRIOR,126.84937569109702,1028326.4790569652
53,9,5,ROGUE,127.71564929100688,1021979.5340240328
53,9,5,RANGER,127.04041709118162,1027439.7037465358
53,9,5,MAGE,127.89106615589537,1020755.8519245503
53,9,5,CLERIC,127.58969499756762,1051091.6408849214
53,9,5,PALADIN,128.79640754563863,1040773.2651821094
54,9,5,WARRIOR,131.245807324283,1052254.7200976233
54,9,5,ROGUE,132.18235243958642,1045173.9524997688
54,9,5,RANGER,131.46971191580482,1051207.1833777698
54,9,5,MAGE,132.37146991333898,1044224.8022968513
54,9,5,CLERIC,132.11127451246392,1075539.3452365382
54,9,5,PALADIN,133.35314098839663,1064949.980348472
55,9,5,WARRIOR,135.71318605668915,1076205.606332835
55,9,5,ROGUE,136.71462343647633,1068666.7468523264
55,9,5,RANGER,135.97188952695848,1074940.610029702
55,9,5,MAGE,136.9205761885636,1067722.3180734096
55,9,5,CLERIC,136.7093272350093,1099996.229072144
55,9,5,PALADIN,137.98900016463466,1089166.893344291
56,9,5,WARRIOR,140.22171552469285,1100752.0205407792
56,9,5,ROGUE,141.29115400522474,1092530.0761878681
56,9,5,RANGER,140.5177362803257,1099105.054908461
56,9,5,MAGE,141.51822824823736,1091595.0208302871
56,9,5,CLERIC,141.35853246445467,1124861.9819959123
56,9,5,PALADIN,142.6844153857445,1113896.4892929655
57,9,5,WARRIOR,144.95622905840926,1123845.141448575
57,9,5,ROGUE,146.1173476024511,1115255.1325963598
57,9,5,RANGER,145.30153610840512,1121834.7052841024
57,9,5,MAGE,146.3550369048882,1114046.35739294
57,9,5,CLERIC,146.25467910593548,1148290.2895083125
57,9,5,PALADIN,147.62480640775965,1137107.9416445314
58,9,5,WARRIOR,149.7781022980652,1147084.2027400916
58,9,5,ROGUE,151.02715057025986,1137903.7054006462
58,9,5,RANGER,150.16989610433149,1144777.759372382
58,9,5,MAGE,151.2722576795171,1136772.0415187825
58,9,5,CLERIC,151.24536573283484,1171960.2875344092
58,9,5,PALADIN,152.66223309855854,1160479.412404015
59,9,5,WARRIOR,154.66294949720356,1170535.459290936
59,9,5,ROGUE,156.01156783442988,1160568.9950642348
59,9,5,RANGER,155.1089421284615,1167722.651992511
59,9,5,MAGE,156.2618644549873,1159388.6387083728
59,9,5,CLERIC,156.3090838103362,1195543.461515975
59,9,5,PALADIN,157.77979770287413,1184019.6073568484
60,9,5,WARRIOR,159.60755461652192,1194122.3703064667
60,9,5,ROGUE,161.0619587728404,1183578.797190473
60,9,5,RANGER,160.11478823800283,1190835.5107185838
60,9,5,MAGE,161.31683610548916,1182293.976434554
60,9,5,CLERIC,161.44206874811016,1219460.6052909899
60,9,5,PALADIN,162.96860808268548,1207682.6493795798
61,9,5,WARRIOR,164.5938395420822,1217781.0891655704
61,9,5,ROGUE,166.15389033190573,1206699.7658736093
61,9,5,RANGER,165.1602971034223,1214140.3954482523
61,9,5,MAGE,166.41458040245445,1205369.232911526
61,9,5,CLERIC,166.62670664226954,1243555.6178269654
61,9,5,PALADIN,168.21040921771097,1231411.2910777612
62,9,5,WARRIOR,169.42522885274903,1240614.9337132177
62,9,5,ROGUE,171.1008835618761,1228808.9535871164
62,9,5,RANGER,170.0547554903178,1236622.9936126263
62,9,5,MAGE,171.36303178645713,1227580.7320107473
62,9,5,CLERIC,171.66016778983357,1266756.757259085
62,9,5,PALADIN,173.3011992032805,1254291.2924106603
63,9,5,WARRIOR,174.46540045225234,1264557.3774404607
63,9,5,ROGUE,176.26992331666065,1251860.1101821845
63,9,5,RANGER,175.16570961296634,1259824.7574402238
63,9,5,MAGE,176.52985463061395,1250493.8298505654
63,9,5,CLERIC,176.90933716542537,1290809.865360398
63,9,5,PALADIN,178.6213979459364,1278249.0266457703
64,9,5,WARRIOR,179.56907156199682,1288497.9982207974
64,9,5,ROGUE,181.50594208574174,1274885.3727096666
64,9,5,RANGER,180.3458746525053,1283399.4973324148
64,9,5,MAGE,181.76705102268375,1273813.866139607
64,9,5,CLERIC,182.2365986461892,1315285.7962157333
64,9,5,PALADIN,184.02249966043527,1302181.0536329783
65,9,5,WARRIOR,184.73552385995566,1312467.9568738695
65,9,5,ROGUE,186.81795657244393,1297990.2725837196
65,9,5,RANGER,185.59762269993186,1307053.347632071
65,9,5,MAGE,187.08283805260803,1297061.3978459325
65,9,5,CLERIC,187.6436383818063,1339738.9903167365
65,9,5,PALADIN,189.50126072644775,1326093.4520259253
66,9,5,WARRIOR,189.93229044704566,1336831.1663981697
66,9,5,ROGUE,192.1686901585073,1321509.5252537294
66,9,5,RANGER,190.88500722939955,1330831.1434444296
66,9,5,MAGE,192.43259556872266,1320486.6946346033
66,9,5,CLERIC,193.09147524661728,1364377.53712856
66,9,5,PALADIN,195.0265237355902,1350361.0907280936
67,9,5,WARRIOR,195.14637472642934,1360969.7685125917
67,9,5,ROGUE,197.54604537847808,1344751.632099448
67,9,5,RANGER,196.19719609270538,1354375.448742102
67,9,5,MAGE,197.8105716419874,1343657.5572970202
67,9,5,CLERIC,198.56632570109812,1388802.7433720848
67,9,5,PALADIN,200.58367726077648,1374358.006791349
68,9,5,WARRIOR,200.21662401603703,1384605.5805800373
68,9,5,ROGUE,202.78089736682298,1366969.8168046079
68,9,5,RANGER,201.36885761443207,1377268.5774159308
68,9,5,MAGE,203.04795225288527,1366208.4743263307
68,9,5,CLERIC,203.90321585491165,1412605.2572532871
68,9,5,PALADIN,205.99982053803834,1397825.810590107
69,9,5,WARRIOR,205.47314217299623,1408792.5558722618
69,9,5,ROGUE,208.21836267371964,1390146.7147067983
69,9,5,RANGER,206.73721618078295,1400794.2732805316
69,9,5,MAGE,208.48167489368532,1389364.9943584246
69,9,5,CLERIC,209.44594510868626,1437022.3891482616
69,9,5,PALADIN,211.62606109239562,1421806.4581546567
70,9,5,WARRIOR,210.78707595761205,1433234.5341976844
70,9,5,ROGUE,213.72720068246244,1413305.6448733339
70,9,5,RANGER,212.17770658158983,1424372.5995962997
70,9,5,MAGE,213.98384058524297,1412623.2542759872
70,9,5,CLERIC,215.0600494797933,1461571.015910761
70,9,5,PALADIN,217.3292840530109,1446010.7075852957
71,9,5,WARRIOR,216.1210793707624,1457916.6602692157
71,9,5,ROGUE,219.27188390701227,1436903.73885835
71,9,5,RANGER,217.64005966527273,1448362.4535726851
71,9,5,MAGE,219.51974205328625,1436244.9718689441
71,9,5,CLERIC,220.70793395636707,1486544.9456491324
71,9,5,PALADIN,223.06777787382424,1470442.4452353409
72,9,5,WARRIOR,221.51119164283452,1482827.6251595218
72,9,5,ROGUE,224.88511688453568,1460407.023260792
72,9,5,RANGER,223.17021154868166,1472398.023160099
72,9,5,MAGE,225.11790152842264,1459974.164175938
72,9,5,CLERIC,226.42716481139016,1511615.5140223815
72,9,5,PALADIN,228.8845009974512,1495019.833458756
73,9,5,WARRIOR,226.76784785305466,1506770.0047535524
73,9,5,ROGUE,230.37070717914136,1483073.416466618
73,9,5,RANGER,228.5769165410065,1495590.6634109793
73,9,5,MAGE,230.59145780646887,1482882.6149513482
73,9,5,CLERIC,232.02316029392978,1535838.537028249
73,9,5,PALADIN,234.5749230113404,1518611.9257312017
74,9,5,WARRIOR,232.38639353882473,1530663.8717450227
74,9,5,ROGUE,236.25485734809232,1505415.547556241
74,9,5,RANGER,234.36681370248303,1518455.846000306
74,9,5,MAGE,236.44035944926557,1505527.3804740687
74,9,5,CLERIC,238.01179245167896,1559760.3470650273
74,9,5,PALADIN,240.6744611309166,1542008.2453124328
75,9,5,WARRIOR,238.05311363193414,1554681.4200557997
75,9,5,ROGUE,242.20094443771416,1527905.89513026
75,9,5,RANGER,240.21305622971803,1541560.2059672219
75,9,5,MAGE,242.3557203737259,1528231.4130190958
75,9,5,CLERIC,244.06763504546922,1583815.7632636754
75,9,5,PALADIN,246.84259512258186,1565518.3655422025
76,9,5,WARRIOR,243.7353865544263,1579103.1231283902
76,9,5,ROGUE,248.17785010530127,1550662.6048082586
76,9,5,RANGER,246.09075260012008,1565089.9601796416
76,9,5,MAGE,248.30228748714205,1551495.0157575533
76,9,5,CLERIC,250.16016554372024,1608438.771868252
76,9,5,PALADIN,253.0468756223312,1589390.1407036658
77,9,5,WARRIOR,249.4767058254757,1603619.5954197447
77,9,5,ROGUE,254.2307664439606,1573689.4693494488
77,9,5,RANGER,252.03444452968046,1588639.964458701
77,9,5,MAGE,254.3177096823551,1574716.0033613094
77,9,5,CLERIC,256.3256880822863,1633058.3666106132
77,9,5,PALADIN,259.3352752361064,1613306.5825468132
78,9,5,WARRIOR,255.02254907528547,1627346.1467126363
78,9,5,ROGUE,260.09094981446145,1595718.4543851574
78,9,5,RANGER,257.78682777834115,1611394.162446034
78,9,5,MAGE,260.13623674300067,1597167.164509537
78,9,5,CLERIC,262.29424911956,1656888.5310440124
78,9,5,PALADIN,265.42679786978186,1636437.6910544422
79,9,5,WARRIOR,260.75249290345545,1651890.493754478
79,9,5,ROGUE,266.1594712281373,1618479.8999911011
79,9,5,RANGER,263.7398668664747,1634911.732100032
79,9,5,MAGE,266.16082003326954,1620336.1019517905
79,9,5,CLERIC,268.48001003544755,1681449.795146375
79,9,5,PALADIN,271.7375693807166,1660315.3808588402
80,9,5,WARRIOR,266.5346901710727,1676682.6319143123
80,9,5,ROGUE,272.2912645223003,1641424.8003295592
80,9,5,RANGER,269.7478548645197,1658444.555934232
80,9,5,MAGE,272.24681809898016,1643532.4758775432
80,9,5,CLERIC,274.73077121786383,1706084.3065912188
80,9,5,PALADIN,278.12161009282687,1684401.9875195683
81,9,5,WARRIOR,272.33088802341626,1701734.767128772
81,9,5,ROGUE,278.45693990818575,1664636.9052261272
81,9,5,RANGER,275.7877343157142,1682356.5756603088
81,9,5,MAGE,278.3662819412387,1667122.1273234603
81,9,5,CLERIC,281.0156030222483,1731193.447820703
81,9,5,PALADIN,284.5412002333642,1708694.6920208808
82,9,5,WARRIOR,278.17639932714445,1727165.8661541136
82,9,5,ROGUE,284.6855415706872,1687988.942242017
82,9,5,RANGER,281.8865605942003,1706365.0196237713
82,9,5,MAGE,284.55178720980217,1690792.2191164033
82,9,5,CLERIC,287.3666458475129,1756416.4612734173
82,9,5,PALADIN,291.0390137206607,1733281.598533981
83,9,5,WARRIOR,283.8445592120747,1751733.2730640846
83,9,5,ROGUE,290.7489001109745,1710761.2133189468
83,9,5,RANGER,287.8205298835321,1729680.1465619989
83,9,5,MAGE,290.5635148349449,1713695.776103735
83,9,5,CLERIC,293.54628644042737,1780823.6508080927
83,9,5,PALADIN,297.36306793711015,1756944.414152984
84,9,5,WARRIOR,289.71092292309413,1777431.3380365535
84,9,5,ROGUE,297.033371186023,1734289.955176054
84,9,5,RANGER,293.9648134241434,1753792.3146558378
84,9,5,MAGE,296.79127516980554,1737478.610447583
84,9,5,CLERIC,299.95630693239207,1806196.6184032038
84,9,5,PALADIN,303.9298974219484,1781669.7050232189
85,9,5,WARRIOR,295.6225882986111,1803301.166888554
85,9,5,ROGUE,303.3838649551462,1757949.1563150557
85,9,5,RANGER,300.16639661653267,1778119.136223135
85,9,5,MAGE,303.085089941967,1761406.19116968
85,9,5,CLERIC,306.43197580747574,1831773.2998355916
85,9,5,PALADIN,310.5696146976949,1806509.4964171466
86,9,5,WARRIOR,301.5466617734764,1829582.8137933216
86,9,5,ROGUE,309.7579677251225,1781979.0641425112
86,9,5,RANGER,306.388588406819,1802943.0850702198
86,9,5,MAGE,309.40027658050656,1785840.2644518262
86,9,5,CLERIC,312.9292154411196,1857942.5393948122
86,9,5,PALADIN,317.239393601589,1831726.52075259
87,9,5,WARRIOR,307.5178811896309,1856235.594062904
87,9,5,ROGUE,316.2020994787446,1806260.8419710784
87,9,5,RANGER,312.67489310552173,1827786.24571922
87,9,5,MAGE,315.77314370057405,1810264.88704353
87,9,5,CLERIC,319.4987872775339,1884065.258914764
87,9,5,PALADIN,323.9868954457818,1857256.5178047367
88,9,5,WARRIOR,313.3243429539643,1881645.9090496614
88,9,5,ROGUE,322.4862667804566,1828937.2186321071
88,9,5,RANGER,318.80028827373076,1851404.4702045992
88,9,5,MAGE,321.9753452171304,1833643.9789414937
88,9,5,CLERIC,325.89657229470504,1909091.9185086763
88,9,5,PALADIN,330.56866165894445,1881497.5204506686
89,9,5,WARRIOR,319.4576716365688,1906929.0203352433
89,9,5,ROGUE,329.1470447653122,1851664.0205126645
89,9,5,RANGER,325.280789516265,1874878.5688572153
89,9,5,MAGE,328.5253922211086,1856862.7893972096
89,9,5,CLERIC,332.668125485483,1933939.4129618076
89,9,5,PALADIN,337.5449158167685,1905456.3153652702
90,9,5,WARRIOR,325.63207161252643,1932606.975362163
90,9,5,ROGUE,335.876325629487,1874452.1912419898
90,9,5,RANGER,331.816140801573,1898657.2188459176
90,9,5,MAGE,335.13670737691683,1880439.913595411
90,9,5,CLERIC,339.4962629571621,1959254.3011922059
90,9,5,PALADIN,344.59176542486733,1929745.2234678746
91,9,5,WARRIOR,331.812068000589,1958486.1601126166
91,9,5,ROGUE,342.61732906107363,1897493.7559174455
91,9,5,RANGER,338.36501972734055,1922890.1234731479
91,9,5,MAGE,341.75949187151497,1904370.1761901118
91,9,5,CLERIC,346.346929247886,1984934.5208730362
91,9,5,PALADIN,351.66285306348186,1954208.5918041028
92,9,5,WARRIOR,337.9702543003363,1984369.9130072603
92,9,5,ROGUE,349.34873932486823,1920670.6564812737
92,9,5,RANGER,344.9029801674083,1946973.2402690765
92,9,5,MAGE,348.3734781029098,1928165.4966830537
92,9,5,CLERIC,353.1927269457739,2010469.9782550163
92,9,5,PALADIN,358.7307305942041,1978629.038343859
93,9,5,WARRIOR,344.0594856152377,2010072.2210894078
93,9,5,ROGUE,356.02008061576066,1943493.4515934417
93,9,5,RANGER,351.365431786765,1970980.4859809945
93,9,5,MAGE,354.9194060166538,1951854.410307996
93,9,5,CLERIC,359.96875183946435,2035932.3929298723
93,9,5,PALADIN,365.7300515844072,2002901.6499371277
94,9,5,WARRIOR,350.31537389670467,2036631.9227267902
94,9,5,ROGUE,362.8836680582949,1966819.913338851
94,9,5,RANGER,358.01467846757475,1995563.4793957383
94,9,5,MAGE,361.6490763041812,1976067.2574590442
94,9,5,CLERIC,366.93755531290606,2062009.9073595358
94,9,5,PALADIN,372.94328286461865,2027962.0492911472
95,9,5,WARRIOR,356.6148102673431,2063362.9410914655
95,9,5,ROGUE,369.8059612690083,1990371.015212147
95,9,5,RANGER,364.71979999953425,2020218.6574143793
95,9,5,MAGE,368.4346177956677,2000454.0002502082
95,9,5,CLERIC,373.97343665248695,2088251.5281110585
95,9,5,PALADIN,380.22566659361337,2053162.4682753934
96,9,5,WARRIOR,362.9212682940807,2090318.848812348
96,9,5,ROGUE,376.74445628548654,2014311.9013473713
96,9,5,RANGER,371.4332631861223,2045362.7802696615
96,9,5,MAGE,375.241005977626,2025195.897987257
96,9,5,CLERIC,381.0294978430891,2114929.648653752
96,9,5,PALADIN,387.53424848012804,2078574.8096050029
97,9,5,WARRIOR,369.02405206964926,2116811.5196189587
97,9,5,ROGUE,383.47025569191345,2037634.6496943634
97,9,5,RANGER,377.9357209003262,2069875.1462257581
97,9,5,MAGE,381.8343718746237,2049301.1813822088
97,9,5,CLERIC,387.8700166350336,2140918.573583282
97,9,5,PALADIN,394.62151224285054,2103569.9359926097
98,9,5,WARRIOR,375.3008469844632,2143888.666159363
98,9,5,ROGUE,390.38156163460417,2061735.6788826764
98,9,5,RANGER,384.6144000196153,2095108.6096461907
98,9,5,MAGE,388.60855420990754,2074174.0847387915
98,9,5,CLERIC,394.90189105673954,2167784.4382353206
98,9,5,PALADIN,401.9214500530887,2129121.5147872
99,9,5,WARRIOR,381.6195990367952,2171183.6067350693
99,9,5,ROGUE,397.3475639702349,2085895.135560934
99,9,5,RANGER,391.3460961369603,2120425.2473163446
99,9,5,MAGE,395.4287870306067,2099155.4874411603
99,9,5,CLERIC,401.9904805034162,2194753.4552500485
99,9,5,PALADIN,409.2782068777028,2154878.648232144
100,9,5,WARRIOR,387.98430443468385,2198721.149443075
100,9,5,ROGUE,404.3724562947693,2110206.1041540774
100,9,5,RANGER,398.12540667040093,2145957.3880443294
100,9,5,MAGE,402.3017507219204,2124348.099166583
100,9,5,CLERIC,409.13654569832954,2221977.515809123
100,9,5,PALADIN,416.7011446222916,2180888.5016652397
20,9,12,WARRIOR,7.970989774656201,807390.737466801
20,9,12,ROGUE,7.9646292015985,809153.3704050614
20,9,12,RANGER,7.988890540499396,805717.4559932859
20,9,12,MAGE,8.01253336726061,803562.9250928501
20,9,12,CLERIC,7.915066707176652,820278.8100463063
20,9,12,PALADIN,7.989865765571667,812169.9494579317
21,9,12,WARRIOR,8.812823813891253,850867.9619443178
21,9,12,ROGUE,8.804242200743024,853491.4068885832
21,9,12,RANGER,8.833184432426721,848636.6023878657
21,9,12,MAGE,8.858556562757746,846745.8492656382
21,9,12,CLERIC,8.7550229216369,864397.8368459904
21,9,12,PALADIN,8.83388917243353,856360.4223275558
22,9,12,WARRIOR,9.687622317717892,895243.2318339018
22,9,12,ROGUE,9.680027043916365,897595.7813011117
22,9,12,RANGER,9.71170987238725,892824.9493586451
22,9,12,MAGE,9.737568958659343,890541.3891614596
22,9,12,CLERIC,9.629084899417734,909053.4917320452
22,9,12,PALADIN,9.714803696273771,901079.1634274224
23,9,12,WARRIOR,10.600581807283355,939382.5198498203
23,9,12,ROGUE,10.598691784054346,941325.892220968
23,9,12,RANGER,10.628896454053073,936664.8720812055
23,9,12,MAGE,10.658006527851583,934178.9408724452
23,9,12,CLERIC,10.542781488332837,953745.5863642347
23,9,12,PALADIN,10.632590238674208,945812.1115606868
24,9,12,WARRIOR,11.552837817478238,984093.8968518863
24,9,12,ROGUE,11.553916048151974,985596.8813986154
24,9,12,RANGER,11.58229336866964,981520.1651472048
24,9,12,MAGE,11.61610368626802,978955.1208072456
24,9,12,CLERIC,11.492492141342566,999754.2076768185
24,9,12,PALADIN,11.589881298713488,991140.4356898041
25,9,12,WARRIOR,12.541666346944268,1029748.7604704646
25,9,12,ROGUE,12.55080051450777,1030335.0409842094
25,9,12,RANGER,12.576261684485349,1025996.1941566445
25,9,12,MAGE,12.613102807745134,1023283.3672436677
25,9,12,CLERIC,12.480907354056798,1045317.4751160506
25,9,12,PALADIN,12.586812366368543,1037236.8958469413
26,9,12,WARRIOR,13.565615914129294,1074891.9201163978
26,9,12,ROGUE,13.580595728503368,1075435.7111408934
26,9,12,RANGER,13.60201318938469,1071530.1971898265
26,9,12,MAGE,13.643349562446115,1068265.8652327969
26,9,12,CLERIC,13.503687013138975,1091544.2471865814
26,9,12,PALADIN,13.616994156016396,1083104.6590398669
27,9,12,WARRIOR,14.62253639755463,1121077.351378072
27,9,12,ROGUE,14.645685123818868,1120240.755983285
27,9,12,RANGER,14.661879891604773,1117720.3142540758
27,9,12,MAGE,14.703053968445147,1114544.1771940223
27,9,12,CLERIC,14.556704701018159,1139175.6945059234
27,9,12,PALADIN,14.681874947826799,1129911.40412591
28,9,12,WARRIOR,15.719609579561157,1167459.6843271174
28,9,12,ROGUE,15.749246769992348,1165847.053237132
28,9,12,RANGER,15.75901394503921,1163810.8474910907
28,9,12,MAGE,15.807351075109105,1160304.9018365277
28,9,12,CLERIC,15.654798567894915,1186126.424397481
28,9,12,PALADIN,15.78883039122137,1176921.9783583058
29,9,12,WARRIOR,16.849730459774722,1213772.524363184
29,9,12,ROGUE,16.89155785837678,1212256.1043027302
29,9,12,RANGER,16.895629632669834,1210211.860673282
29,9,12,MAGE,16.953041753042715,1206157.4250432083
29,9,12,CLERIC,16.790900718086824,1233596.828589913
29,9,12,PALADIN,16.93224844725275,1223662.1070760218
30,9,12,WARRIOR,18.02047790344886,1260024.4286892277
30,9,12,ROGUE,18.069976190039906,1257737.1477128554
30,9,12,RANGER,18.068440694704254,1257310.983352227
30,9,12,MAGE,18.13349201566291,1252620.3229571183
30,9,12,CLERIC,17.967601985285953,1281202.738899252
30,9,12,PALADIN,18.114717030542593,1270504.7516721068
31,9,12,WARRIOR,19.225052278219774,1306755.6143117193
31,9,12,ROGUE,19.283167243111198,1304321.8890291592
31,9,12,RANGER,19.27600116968232,1303990.4012629944
31,9,12,MAGE,19.348664397234053,1298947.4355445856
31,9,12,CLERIC,19.175598611881977,1329093.768640304
31,9,12,PALADIN,19.334036669467288,1317724.8075790459
32,9,12,WARRIOR,20.470096440472787,1353353.5683655115
32,9,12,ROGUE,20.53274810498316,1350901.669161774
32,9,12,RANGER,20.52099974891246,1351048.7562366119
32,9,12,MAGE,20.598087175815163,1346013.7591102694
32,9,12,CLERIC,20.414314505207493,1377947.6770000947
32,9,12,PALADIN,20.59609012628873,1364787.9805168195
33,9,12,WARRIOR,21.74824670436242,1400805.8661753684
33,9,12,ROGUE,21.819608247869418,1398469.5166550276
33,9,12,RANGER,21.80301547334483,1398375.4523439172
33,9,12,MAGE,21.881755796269292,1393434.40816109
33,9,12,CLERIC,21.690579997560874,1426998.191887014
33,9,12,PALADIN,21.889121885517298,1412977.1759123753
34,9,12,WARRIOR,23.058408403579513,1448561.585014465
34,9,12,ROGUE,23.136394500780813,1446415.3030140724
34,9,12,RANGER,23.112613423842813,1446623.7687776329
34,9,12,MAGE,23.19606031161722,1441373.4698195816
34,9,12,CLERIC,23.000383707274807,1476399.33129722
34,9,12,PALADIN,23.214218553443434,1461556.6741731751
35,9,12,WARRIOR,24.405152527866438,1496924.5667809716
35,9,12,ROGUE,24.490872353235304,1493841.0077772085
35,9,12,RANGER,24.45572311786761,1495177.61185253
35,9,12,MAGE,24.548497286394085,1489599.2796784088
35,9,12,CLERIC,24.348600954057563,1526225.7498949748
35,9,12,PALADIN,24.576445528042814,1510825.022789899
36,9,12,WARRIOR,25.779402511026035,1545733.7517988125
36,9,12,ROGUE,25.8737715477203,1541908.5472877298
36,9,12,RANGER,25.82314439447995,1543910.850028878
36,9,12,MAGE,25.92532961074506,1537871.9252994752
36,9,12,CLERIC,25.72223572905452,1576074.7623002266
36,9,12,PALADIN,25.967834782464795,1560547.0465471582
37,9,12,WARRIOR,27.179905535661,1595201.1153281431
37,9,12,ROGUE,27.282503290659093,1590399.966243412
37,9,12,RANGER,27.226600953867717,1593053.6559077352
37,9,12,MAGE,27.333491537906983,1587170.7494754244
37,9,12,CLERIC,27.126420969919018,1627070.4025585933
37,9,12,PALADIN,27.389488802366145,1610802.8660501544
38,9,12,WARRIOR,28.617159340972403,1644801.3956999755
38,9,12,ROGUE,28.73408305590412,1639091.9094535925
38,9,12,RANGER,28.668668221994245,1642937.293869997
38,9,12,MAGE,28.777192565060286,1637304.9926943523
38,9,12,CLERIC,28.572369607987024,1678673.9154141557
38,9,12,PALADIN,28.847367152443468,1661367.380920255
39,9,12,WARRIOR,30.082490839147948,1694328.6303164267
39,9,12,ROGUE,30.20380662023472,1689344.2320550613
39,9,12,RANGER,30.12946923153093,1693463.4653837022
39,9,12,MAGE,30.2498949686432,1687144.804234972
39,9,12,CLERIC,30.044482809860263,1730152.893759923
39,9,12,PALADIN,30.33572866004492,1711819.6877497751
40,9,12,WARRIOR,31.592021790230554,1744272.7289945267
40,9,12,ROGUE,31.714606579930752,1739537.7244695576
40,9,12,RANGER,31.633942482222526,1743301.0948126838
40,9,12,MAGE,31.765967871073652,1736648.9697055607
40,9,12,CLERIC,31.559125950250845,1781451.8085394925
40,9,12,PALADIN,31.8667854591276,1762859.1554065687
41,9,12,WARRIOR,33.11733932774829,1795185.732589534
41,9,12,ROGUE,33.25452519056969,1790087.5229420231
41,9,12,RANGER,33.15728415030288,1794488.2877856717
41,9,12,MAGE,33.30306037719176,1787110.8413436036
41,9,12,CLERIC,33.10059049197012,1833543.2872329918
41,9,12,PALADIN,33.42051384016587,1814551.8360378095
42,9,12,WARRIOR,34.675146696892426,1845822.9516513057
42,9,12,ROGUE,34.824560679775765,1840462.6235449382
42,9,12,RANGER,34.71392080759854,1845279.3327505249
42,9,12,MAGE,34.86979445529486,1837614.3611815898
42,9,12,CLERIC,34.67309201831893,1885600.8851318425
42,9,12,PALADIN,35.01018723690225,1865897.4242401135
43,9,12,WARRIOR,36.269722654072666,1897058.4457935996
43,9,12,ROGUE,36.42511117463071,1891244.134979594
43,9,12,RANGER,36.30306864334441,1897232.2109780435
43,9,12,MAGE,36.47184119256872,1889002.128004377
43,9,12,CLERIC,36.279021085861054,1938891.5279308318
43,9,12,PALADIN,36.63346033261828,1918148.9251762899
44,9,12,WARRIOR,37.88822194644259,1949391.4999997718
44,9,12,ROGUE,38.053092760376444,1942693.7161984488
44,9,12,RANGER,37.92194596776541,1949323.8674469832
44,9,12,MAGE,38.104348002746725,1940390.0981895893
44,9,12,CLERIC,37.91566432458606,1992114.3518912776
44,9,12,PALADIN,38.28504255940755,1971369.0276793032
45,9,12,WARRIOR,39.53380724419182,2001350.9295041198
45,9,12,ROGUE,39.71846446264066,1993370.8731859718
45,9,12,RANGER,39.567270678060964,2001109.4433132687
45,9,12,MAGE,39.76415618556379,1991462.9397756257
45,9,12,CLERIC,39.58005309759494,2045088.5241464863
45,9,12,PALADIN,39.96472306381579,2024226.1076930875
46,9,12,WARRIOR,41.19728207044777,2053467.3556944316
46,9,12,ROGUE,41.39953911374235,2045410.1286574772
46,9,12,RANGER,41.23356555462999,2053598.3894070946
46,9,12,MAGE,41.44535960471231,2043217.8640180437
46,9,12,CLERIC,41.26597014445513,2098869.612099449
46,9,12,PALADIN,41.664322547857886,2077310.7321158121
47,9,12,WARRIOR,42.8895075452874,2106636.4548391216
47,9,12,ROGUE,43.10555017550056,2097659.366238445
47,9,12,RANGER,42.92532620322903,2106538.656733561
47,9,12,MAGE,43.1564858300215,2095476.7040969457
47,9,12,CLERIC,42.983163962226314,2153248.492394281
47,9,12,PALADIN,43.39441378898858,2131479.247242893
48,9,12,WARRIOR,44.60558665058906,2160292.7286850843
48,9,12,ROGUE,44.8441111019669,2150403.663777168
48,9,12,RANGER,44.6452370626546,2159410.6063812133
48,9,12,MAGE,44.89442263468346,2147735.61288678
48,9,12,CLERIC,44.72557850138734,2207670.622906246
48,9,12,PALADIN,45.152542744072626,2186089.659933001
49,9,12,WARRIOR,46.3457867661939,2214190.940488104
49,9,12,ROGUE,46.608091681751965,2203329.0380928945
49,9,12,RANGER,46.38929014417193,2213481.483137123
49,9,12,MAGE,46.66159298538765,2200849.370801798
49,9,12,CLERIC,46.49433720937676,2263329.5526638306
49,9,12,PALADIN,46.93965392199032,2240768.9240168165
50,9,12,WARRIOR,48.11409711055211,2269025.4986320212
50,9,12,ROGUE,48.39802137512338,2257072.739416747
50,9,12,RANGER,48.16391785584747,2267838.704264356
50,9,12,MAGE,48.459470025102846,2254370.0966685954
50,9,12,CLERIC,48.296357386726,2319262.7779996074
50,9,12,PALADIN,48.7583506418016,2296441.70616192
51,9,12,WARRIOR,49.89558024062388,2324456.5062813233
51,9,12,ROGUE,50.20278674041308,2311892.24315648
51,9,12,RANGER,49.95405091441247,2323258.2443382205
51,9,12,MAGE,50.27114240575197,2308853.224642843
51,9,12,CLERIC,50.11736430213765,2376087.0540217287
51,9,12,PALADIN,50.59166813836933,2352756.785454289
52,9,12,WARRIOR,51.701888019087555,2380191.0692230035
52,9,12,ROGUE,52.039260441085766,2366402.409809701
52,9,12,RANGER,51.77102234008685,2378770.7641933616
52,9,12,MAGE,52.10852015406233,2363756.318272601
52,9,12,CLERIC,51.96708653576821,2433311.4258861677
52,9,12,PALADIN,52.45889750246389,2409144.5866082893
53,9,12,WARRIOR,53.532764053123515,2436686.6568958526
53,9,12,ROGUE,53.898347407213905,2421647.1567091215
53,9,12,RANGER,53.613387029306004,2434585.384964618
53,9,12,MAGE,53.97237654285494,2418747.5621690424
53,9,12,CLERIC,53.845192384294606,2490630.192531661
53,9,12,PALADIN,54.35444722109521,2466180.1283663027
54,9,12,WARRIOR,55.38813887079832,2493386.184579151
54,9,12,ROGUE,55.78337809377042,2476607.843966843
54,9,12,RANGER,55.48263071676167,2490903.9780038456
54,9,12,MAGE,55.863189137739376,2474358.770659931
54,9,12,CLERIC,55.75338190434258,2548560.6224083183
54,9,12,PALADIN,56.277472343727005,2523468.4316952927
55,9,12,WARRIOR,57.2734546661257,2550139.3715278045
55,9,12,ROGUE,57.696079615393685,2532275.552323991
55,9,12,RANGER,57.38263227743202,2547141.880287772
55,9,12,MAGE,57.78299545572409,2530037.666739166
55,9,12,CLERIC,57.69384452119659,2606512.8036709502
55,9,12,PALADIN,58.23388997773573,2580851.9864027766
56,9,12,WARRIOR,59.17613682693459,2608303.700846629
56,9,12,ROGUE,59.62745948844348,2588821.2674886435
56,9,12,RANGER,59.301063017385154,2604401.108370049
56,9,12,MAGE,59.72328898549466,2586605.592836985
56,9,12,CLERIC,59.655894434540485,2665433.826903358
56,9,12,PALADIN,60.215441355451794,2639450.376802897
57,9,12,WARRIOR,61.17418840997089,2663024.3569107535
57,9,12,ROGUE,61.66420174048396,2642669.7707174607
57,9,12,RANGER,61.31991432097832,2658260.497303633
57,9,12,MAGE,61.76451098738403,2639805.499039792
57,9,12,CLERIC,61.722158154798464,2720948.729487088
57,9,12,PALADIN,62.30037701611874,2694451.4269403033
58,9,12,WARRIOR,63.209107391844015,2718090.828231957
58,9,12,ROGUE,63.7362286810271,2696337.041058053
58,9,12,RANGER,63.37445156696558,2712625.560251949
58,9,12,MAGE,63.839668378511796,2693655.4896858116
58,9,12,CLERIC,63.82831948358168,2777036.3335054475
58,9,12,PALADIN,64.42626350948343,2749831.6511312528
59,9,12,WARRIOR,65.27060254010425,2773660.1100589572
59,9,12,ROGUE,65.83974422370434,2750043.923086992
59,9,12,RANGER,65.45881961384613,2766994.9797213855
59,9,12,MAGE,65.94537399017813,2747246.991722014
59,9,12,CLERIC,65.96530142454557,2832918.202287853
59,9,12,PALADIN,66.58596967277256,2805611.6783020976
60,9,12,WARRIOR,67.35731662715604,2829550.8339870623
60,9,12,ROGUE,67.97110186743724,2804567.1498643816
60,9,12,RANGER,67.57137852245992,2821762.4058331656
60,9,12,MAGE,68.07866477846332,2801522.6832905733
60,9,12,CLERIC,68.13151525149604,2889591.4342764756
60,9,12,PALADIN,68.77574286058287,2861682.7996168304
61,9,12,WARRIOR,69.46162035720901,2885611.711283634
61,9,12,ROGUE,70.11999041529967,2859353.793048335
61,9,12,RANGER,69.70067584181125,2876984.8500839025
61,9,12,MAGE,70.23000640837527,2856201.00842079
61,9,12,CLERIC,70.31952757380182,2946686.137894331
61,9,12,PALADIN,70.98787911940097,2917909.3636407815
62,9,12,WARRIOR,71.50055529565557,2939717.995103059
62,9,12,ROGUE,72.20771232886514,2911742.9552390366
62,9,12,RANGER,71.76622708765706,2930258.8326907884
62,9,12,MAGE,72.3183436896975,2908832.604112423
62,9,12,CLERIC,72.44374053515911,3001662.750896528
62,9,12,PALADIN,73.13628590230184,2972125.0189730874
63,9,12,WARRIOR,73.6276001908588,2996451.1769784824
63,9,12,ROGUE,74.38914195015036,2966364.17412735
63,9,12,RANGER,73.92314350638947,2985236.9252387914
63,9,12,MAGE,74.49883773402057,2963126.6837763395
63,9,12,CLERIC,74.65898632669328,3058658.159223552
63,9,12,PALADIN,75.3815073900282,3028894.432704108
64,9,12,WARRIOR,75.78144304451241,3053180.039262324
64,9,12,ROGUE,76.59883794444147,3020924.035333775
64,9,12,RANGER,76.10926820197473,3041098.808896374
64,9,12,MAGE,76.70903070682068,3018385.0306351553
64,9,12,CLERIC,76.90718841949268,3116655.4736416293
64,9,12,PALADIN,77.66087141633048,3085602.9314346663
65,9,12,WARRIOR,77.96178071154092,3109978.419548952
65,9,12,ROGUE,78.84060552598552,3075672.6024266398
65,9,12,RANGER,78.32560224033823,3097148.14982382
65,9,12,MAGE,78.95239037082543,3073471.5731566655
65,9,12,CLERIC,79.18905839966138,3174598.911837484
65,9,12,PALADIN,79.97300911391375,3142264.918930996
66,9,12,WARRIOR,80.15491156480827,3167708.6334217493
66,9,12,ROGUE,81.09871327790216,3131403.0054925326
66,9,12,RANGER,80.55697552800345,3153491.187727019
66,9,12,MAGE,81.21008620331413,3128979.341634169
66,9,12,CLERIC,81.48814551692108,3232981.555369848
66,9,12,PALADIN,82.30477148474449,3199768.6715078736
67,9,12,WARRIOR,82.35535080197936,3224906.6253885324
67,9,12,ROGUE,83.36805584779809,3186476.6934530395
67,9,12,RANGER,82.79881669967386,3209280.9546280224
67,9,12,MAGE,83.47969078469193,3183884.211855983
67,9,12,CLERIC,83.79863286468361,3290858.6745121144
67,9,12,PALADIN,84.64999223849283,3256630.9291360225
68,9,12,WARRIOR,84.49508903429084,3280913.22354835
68,9,12,ROGUE,85.57725943920973,3239124.131123961
68,9,12,RANGER,84.98135275471446,3263527.7160507925
68,9,12,MAGE,85.68996150121764,3237320.0804689135
68,9,12,CLERIC,86.05089843418293,3347260.2834914834
68,9,12,PALADIN,86.93570408027306,3312239.420746123
69,9,12,WARRIOR,86.71347723580256,3338224.2570879515
69,9,12,ROGUE,87.87196956872572,3294043.302240022
69,9,12,RANGER,87.24689857170657,3319273.386686477
69,9,12,MAGE,87.98309215696811,3292190.964892789
69,9,12,CLERIC,88.39003188072996,3405118.269938273
69,9,12,PALADIN,89.31008082798348,3369063.129105599
70,9,12,WARRIOR,88.95646836146095,3396125.3429872384
70,9,12,ROGUE,90.19680028801166,3348919.8976346394
70,9,12,RANGER,89.54288534635903,3375143.7686086223
70,9,12,MAGE,90.3051070359741,3347302.928610491
70,9,12,CLERIC,90.75928693642652,3463287.842049412
70,9,12,PALADIN,91.71694556365598,3426416.6766695045
71,9,12,WARRIOR,91.20855645213021,3454571.9667799985
71,9,12,ROGUE,92.53675834607859,3404837.120338264
71,9,12,RANGER,91.84809857433527,3431989.292161363
71,9,12,MAGE,92.6413590316621,3403276.128993802
71,9,12,CLERIC,93.14279781644848,3522465.1972990315
71,9,12,PALADIN,94.13869524950378,3484309.272405483
72,9,12,WARRIOR,93.48571266817946,3513509.229114555
72,9,12,ROGUE,94.90564565769397,3460529.6855527456
72,9,12,RANGER,94.18192413981059,3488943.141835888
72,9,12,MAGE,95.00388504869213,3459503.9977212446
72,9,12,CLERIC,95.55641817728392,3581871.5440965127
72,9,12,PALADIN,96.59345913653905,3542546.9966740087
73,9,12,WARRIOR,95.70938069574669,3570047.039314763
73,9,12,ROGUE,97.22066541505049,3514239.1824969854
73,9,12,RANGER,96.46365285216791,3543899.615473842
73,9,12,MAGE,97.31382623025293,3513787.0658629765
73,9,12,CLERIC,97.91803094973184,3639269.576871285
73,9,12,PALADIN,98.99492163781336,3598449.9979282827
74,9,12,WARRIOR,98.09084974126993,3626285.813745412
74,9,12,ROGUE,99.70388475240593,3567180.319209354
74,9,12,RANGER,98.90709569095615,3598080.156826812
74,9,12,MAGE,99.78217004280933,3567445.3146015974
74,9,12,CLERIC,100.44534360346083,3695953.8658714783
74,9,12,PALADIN,101.56903864240516,3653889.1030229386
75,9,12,WARRIOR,100.49926602745768,3682581.648396167
75,9,12,ROGUE,102.21324260674173,3620472.664547791
75,9,12,RANGER,101.37431730795441,3652827.4445745037
75,9,12,MAGE,102.27856089166411,3621244.000414815
75,9,12,CLERIC,103.00102029441818,3752954.7433856665
75,9,12,PALADIN,104.17210436365839,3709597.866176089
76,9,12,WARRIOR,102.9212981746078,3739588.56865601
76,9,12,ROGUE,104.73560646645743,3674396.172263047
76,9,12,RANGER,103.85481302390389,3708582.7317300206
76,9,12,MAGE,104.78812132484894,3676368.6242950717
76,9,12,CLERIC,105.57217995423053,3811300.568122598
76,9,12,PALADIN,106.7904245745618,3766163.5942760776
77,9,12,WARRIOR,105.37575554292275,3796563.374575673
77,9,12,ROGUE,107.29004822405675,3728959.8295454336
77,9,12,RANGER,106.36316007674587,3764386.002739096
77,9,12,MAGE,107.32673986594801,3731392.2688344074
77,9,12,CLERIC,108.17414359435934,3869638.303490367
77,9,12,PALADIN,109.44424459505404,3822835.1629913626
78,9,12,WARRIOR,107.75377500295367,3851465.6451815637
78,9,12,ROGUE,109.76315313270851,3781158.9462604816
78,9,12,RANGER,108.79077135599718,3818303.558839515
78,9,12,MAGE,109.78226504750486,3784591.7593812943
78,9,12,CLERIC,110.69298586697028,3926105.432256464
78,9,12,PALADIN,112.01497891752264,3877645.833150743
79,9,12,WARRIOR,110.21806954778963,3908021.30737045
79,9,12,ROGUE,112.32418051829646,3835093.6760658706
79,9,12,RANGER,111.30306308126455,3874029.973889206
79,9,12,MAGE,112.32474973881102,3839492.0676683723
79,9,12,CLERIC,113.30349047367513,3984304.949368584
79,9,12,PALADIN,114.67824028910975,3934225.5763829043
80,9,12,WARRIOR,112.71325093971174,3964876.1976667275
80,9,12,ROGUE,114.91190979840196,3889463.1138243903
80,9,12,RANGER,113.83854425475143,3929792.5347137237
80,9,12,MAGE,114.89315259223018,3894457.3884924385
80,9,12,CLERIC,115.94142638552054,4042678.0308357133
80,9,12,PALADIN,117.37242260798197,3991300.361731151
81,9,12,WARRIOR,115.22436205082285,4022022.1840593866
81,9,12,ROGUE,117.51393794290408,3944465.710209736
81,9,12,RANGER,116.38748420663168,3986453.62493421
81,9,12,MAGE,117.4756786174035,3950354.6060490687
81,9,12,CLERIC,118.59374072498552,4102175.778531666
81,9,12,PALADIN,120.08160743793353,4048863.509353826
82,9,12,WARRIOR,117.76837246748951,4079675.8214531005
82,9,12,ROGUE,120.14252213074873,3999799.8848778224
82,9,12,RANGER,118.96130080122217,4043343.198673718
82,9,12,MAGE,120.0860753362468,4006442.432254086
82,9,12,CLERIC,121.27399733014306,4161943.353887011
82,9,12,PALADIN,122.8238039555082,4107123.78783052
83,9,12,WARRIOR,120.24628045360063,4135013.2151643727
83,9,12,ROGUE,122.70137068903512,4053760.2663427214
83,9,12,RANGER,121.46554472149066,4098589.912505605
83,9,12,MAGE,122.62313470098597,4060713.904245805
83,9,12,CLERIC,123.88191904825372,4219777.781262656
83,9,12,PALADIN,125.49267087254186,4163194.372666855
84,9,12,WARRIOR,122.82193149526726,4192584.0695221634
84,9,12,ROGUE,125.35353279410148,4109513.1546563003
84,9,12,RANGER,124.05854511477615,4155725.267336658
84,9,12,MAGE,125.25136383312893,4117068.881277969
84,9,12,CLERIC,126.58706531091775,4279900.682738027
84,9,12,PALADIN,128.26399340742776,4221782.561902845
85,9,12,WARRIOR,125.42818149526728,4250213.565103908
85,9,12,ROGUE,128.0335576874929,4165575.174746544
85,9,12,RANGER,126.67572701248167,4213369.257572211
85,9,12,MAGE,127.90746914982101,4173766.84429337
85,9,12,CLERIC,129.31991639581543,4340506.297436511
85,9,12,PALADIN,131.06607592746758,4280642.067597151
86,9,12,WARRIOR,128.0506641341562,4308486.751458703
86,9,12,ROGUE,130.72354601243703,4222515.6085116025
86,9,12,RANGER,129.3016061166392,4272191.223318565
86,9,12,MAGE,130.57259378626884,4231664.974461935
86,9,12,CLERIC,132.06187073661926,4402516.017261621
86,9,12,PALADIN,133.88084500617518,4340395.451348527
87,9,12,WARRIOR,130.70617628693395,4367243.026235346
87,9,12,ROGUE,133.44308785341516,4280052.864670599
87,9,12,RANGER,131.9545420445321,4331058.7126825
87,9,12,MAGE,133.26206064427896,4289540.710603147
87,9,12,CLERIC,134.83435059418858,4464415.5048197685
87,9,12,PALADIN,136.72841459179782,4400890.4443633985
88,9,12,WARRIOR,133.3001867036006,4422840.527867582
88,9,12,ROGUE,136.09512176055964,4333786.018063038
88,9,12,RANGER,134.53957119808825,4387023.635919592
88,9,12,MAGE,135.8795034861284,4344938.993578757
88,9,12,CLERIC,137.5343332619856,4523717.806900994
88,9,12,PALADIN,139.50604070010502,4458331.081067888
89,9,12,WARRIOR,136.05227003693395,4477566.634111476
89,9,12,ROGUE,138.90609228627855,4387638.657301748
89,9,12,RANGER,137.2744616307173,4442647.0435964465
89,9,12,MAGE,138.64374350615594,4399957.479223821
89,9,12,CLERIC,140.3920529571763,4582595.565496458
89,9,12,PALADIN,142.4501479593702,4515103.008148139
90,9,12,WARRIOR,138.83521274526728,4532847.255074003
90,9,12,ROGUE,141.74597228400364,4441636.714029933
90,9,12,RANGER,140.03249978781983,4498992.105526195
90,9,12,MAGE,141.433839810442,4455825.012649994
90,9,12,CLERIC,143.27365225715099,4642580.8441293575
90,9,12,PALADIN,145.42404779398072,4572657.159956485
91,9,12,WARRIOR,141.63282559248952,4588267.869535183
91,9,12,ROGUE,144.5907994202696,4496235.2042391645
91,9,12,RANGER,142.79624685740978,4556413.553447242
91,9,12,MAGE,144.22877638614392,4512529.330537439
91,9,12,CLERIC,146.1647591321354,4703431.79946002
91,9,12,PALADIN,148.40817652220338,4630624.706666243
92,9,12,WARRIOR,144.43187073137838,4643421.155794092
92,9,12,ROGUE,147.43157806370584,4551154.381662149
92,9,12,RANGER,145.5553861256953,4613480.069333245
92,9,12,MAGE,147.0199999333381,4568913.894314191
92,9,12,CLERIC,149.053811371611,4763939.731082539
92,9,12,PALADIN,151.3909505259944,4688490.547380013
93,9,12,WARRIOR,147.21025614804506,4697936.356703256
93,9,12,ROGUE,150.2470064983944,4605234.48312359
93,9,12,RANGER,148.2826592861577,4670366.803737574
93,9,12,MAGE,149.7825016217071,4625046.320077643
93,9,12,CLERIC,151.91341820748033,4824274.583246872
93,9,12,PALADIN,154.34479241176814,4746006.083546673
94,9,12,WARRIOR,150.07514330082287,4754041.594149109
94,9,12,ROGUE,153.1435663365281,4660508.055520322
94,9,12,RANGER,151.0887633899857,4728617.80987251
94,9,12,MAGE,152.62254596323245,4682420.240500778
94,9,12,CLERIC,154.85438114122636,4886066.954395424
94,9,12,PALADIN,157.3889083648849,4805388.334189893
95,9,12,WARRIOR,152.97023878693395,4810254.527842517
95,9,12,ROGUE,156.06490108600352,4716313.927350522
95,9,12,RANGER,153.9184477062255,4787039.862134072
95,9,12,MAGE,155.4861689779882,4740206.217984189
95,9,12,CLERIC,157.8236521652697,4948248.186176205
95,9,12,PALADIN,160.4622079202405,4865102.37047865
96,9,12,WARRIOR,155.8793533702673,4866720.007158439
96,9,12,ROGUE,158.99307329479242,4773043.418410078
96,9,12,RANGER,156.75165235377636,4846620.501073764
96,9,12,MAGE,158.35858967863115,4798833.758274153
96,9,12,CLERIC,160.80143945671648,5011463.732679543
96,9,12,PALADIN,163.54656357876965,4925318.570585767
97,9,12,WARRIOR,158.70409295360065,4922080.772459229
97,9,12,ROGUE,161.83148405346805,4828308.191667079
97,9,12,RANGER,159.49580882032114,4904704.150839296
97,9,12,MAGE,161.14111106635494,4855952.799362191
97,9,12,CLERIC,163.68826390102333,5073046.1852299515
97,9,12,PALADIN,166.53751892817547,4984546.15267814
98,9,12,WARRIOR,161.61754781471174,4978439.798953307
98,9,12,ROGUE,164.74818197423664,4885417.152135037
98,9,12,RANGER,162.3143339532321,4964496.488074671
98,9,12,MAGE,163.99994030876834,4914890.766011483
98,9,12,CLERIC,166.65584393220198,5136706.603644566
98,9,12,PALADIN,169.61822662790902,5045092.285039233
99,9,12,WARRIOR,164.55834642582286,5035090.807812587
99,9,12,ROGUE,167.68796277642934,4942664.560350911
99,9,12,RANGER,165.15523323211173,5024485.912119163
99,9,12,MAGE,166.87820370098999,4974085.8289366625
99,9,12,CLERIC,169.64735874456093,5200611.448309898
99,9,12,PALADIN,172.72291299425984,5106125.492550082
100,9,12,WARRIOR,167.5282248980451,5092092.967209936
100,9,12,ROGUE,170.65259623448983,5000270.985930312
100,9,12,RANGER,168.0162266682426,5084985.984713737
100,9,12,MAGE,169.7787204881499,5033781.365416467
100,9,12,CLERIC,172.66312937727668,5265120.635286835
100,9,12,PALADIN,175.85552892316895,5167757.53655459
20,10,1,WARRIOR,104.14271422974733,61796.961603116215
20,10,1,ROGUE,104.0596119600152,61931.87194448057
20,10,1,RANGER,104.3765916269595,61668.89014258095
20,10,1,MAGE,104.68549029833972,61503.98428331299
20,10,1,CLERIC,103.4120671959384,62783.40309838619
20,10,1,PALADIN,104.38933315453419,62162.758194783455
21,10,1,WARRIOR,115.1414589597531,65124.66930023065
21,10,1,ROGUE,115.02933831840345,65325.46541909288
21,10,1,RANGER,115.40747486714045,64953.88304466191
21,10,1,MAGE,115.73896726559576,64809.16649953304
21,10,1,CLERIC,114.38627773703861,66160.23376857831
21,10,1,PALADIN,115.4166824485337,65545.05728297433
22,10,1,WARRIOR,126.57089158583592,68521.11258628867
22,10,1,ROGUE,126.47165768247251,68701.17460873733
22,10,1,RANGER,126.88560072401603,68336.01941846535
22,10,1,MAGE,127.22345530770146,68161.23777275729
22,10,1,CLERIC,125.80608749021864,69578.13747033957
22,10,1,PALADIN,126.92602220566383,68967.78954685762
23,10,1,WARRIOR,138.49890578646298,71899.4940317666
23,10,1,ROGUE,138.4742122221014,72048.23800692931
23,10,1,RANGER,138.86884280186732,71691.48771337014
23,10,1,MAGE,139.24917224432178,71501.21677226703
23,10,1,CLERIC,137.74373205408767,72998.8302375288
23,10,1,PALADIN,138.9171029009391,72391.60920431213
24,10,1,WARRIOR,150.94033757183524,75321.66265422091
24,10,1,ROGUE,150.95442488998555,75436.6997409922
24,10,1,RANGER,151.32518075153163,75124.67154204893
24,10,1,MAGE,151.76691990102347,74928.34535296721
24,10,1,CLERIC,150.15190819449748,76520.28877393284
24,10,1,PALADIN,151.42431870710448,75860.99840554241
25,10,1,WARRIOR,163.8595972720327,78816.04489457801
25,10,1,ROGUE,163.97893715693846,78860.91827832552
25,10,1,RANGER,164.3115928777325,78528.82684060841
25,10,1,MAGE,164.79293016206142,78321.18950617091
25,10,1,CLERIC,163.06576782148122,80007.66032502217
25,10,1,PALADIN,164.44943983016293,79389.18004818518
26,10,1,WARRIOR,177.2377209650371,82271.26177263609
26,10,1,ROGUE,177.43343549631575,82312.8830490534
26,10,1,RANGER,177.7132592787,82013.95852035277
26,10,1,MAGE,178.2533279789156,81764.10948537212
26,10,1,CLERIC,176.42860641079406,83545.8159244305
26,10,1,PALADIN,177.9089888644751,82899.85743067201
27,10,1,WARRIOR,191.04661684631162,85806.25318367938
27,10,1,ROGUE,191.34905998728564,85742.22092384544
27,10,1,RANGER,191.56064814901015,85549.30857851496
27,10,1,MAGE,192.09859641381593,85306.20990170554
27,10,1,CLERIC,190.18651141982423,87191.48410527865
27,10,1,PALADIN,191.8218879053023,86482.40364358047
28,10,1,WARRIOR,205.38011646339683,89356.31527295742
28,10,1,ROGUE,205.7673327992479,89232.88593828297
28,10,1,RANGER,205.8949430645341,89077.0365800169
28,10,1,MAGE,206.52647817696896,88808.69464971758
28,10,1,CLERIC,204.53334650662708,90785.05078583046
28,10,1,PALADIN,206.28450141574007,90080.55075620978
29,10,1,WARRIOR,220.14539144183937,92901.05843711557
29,10,1,ROGUE,220.69187549748798,92784.99300819561
29,10,1,RANGER,220.74507411379503,92628.52843755568
29,10,1,MAGE,221.49517594736233,92318.20557735043
29,10,1,CLERIC,219.3767680776126,94418.3928704426
29,10,1,PALADIN,221.22350688693263,93657.99821214147
30,10,1,WARRIOR,235.44146130375577,96441.13763677947
30,10,1,ROGUE,236.08816717856487,96266.0712059756
30,10,1,RANGER,236.06810559820124,96233.45296872285
30,10,1,MAGE,236.91801524811757,95874.43403665132
30,10,1,CLERIC,234.75062593819257,98062.10647149016
30,10,1,PALADIN,236.67271598600212,97243.29214129271
31,10,1,WARRIOR,251.17948737413232,100017.90059623806
31,10,1,ROGUE,251.9387720241267,99831.62544981918
31,10,1,RANGER,251.84514571693637,99806.25367403953
31,10,1,MAGE,252.79450658125367,99420.26960906976
31,10,1,CLERIC,250.53336447263194,101727.64285766054
31,10,1,PALADIN,252.60339213804,100857.47279307173
32,10,1,WARRIOR,267.4462600157422,103584.46613113733
32,10,1,ROGUE,268.2648176324974,103396.79996912078
32,10,1,RANGER,268.11132280644324,103408.05788167077
32,10,1,MAGE,269.11848679706344,103022.68372557798
32,10,1,CLERIC,266.7174569049936,105466.8771081603
32,10,1,PALADIN,269.09239491085924,104459.64576335058
33,10,1,WARRIOR,284.14557107221333,107216.42236949576
33,10,1,ROGUE,285.0779251515113,107037.60027642475
33,10,1,RANGER,284.86113694522265,107030.40067856936
33,10,1,MAGE,285.88989638169227,106652.2175963563
33,10,1,CLERIC,283.39214301161053,109221.15944559508
33,10,1,PALADIN,285.9861359390412,108148.00348081409
34,10,1,WARRIOR,301.2631184902453,110871.60218080768
34,10,1,ROGUE,302.2820238036797,110707.32768493735
34,10,1,RANGER,301.97131886368544,110723.28346717324
34,10,1,MAGE,303.0615705930858,110321.43030233074
34,10,1,CLERIC,300.50501321896,113002.27826900518
34,10,1,PALADIN,303.29881196998923,111866.23462889525
35,10,1,WARRIOR,318.8586232445159,114573.2613509562
35,10,1,ROGUE,319.9785713977048,114337.24851539364
35,10,1,RANGER,319.5193389964877,114439.55099037667
35,10,1,MAGE,320.73145367658356,114012.59045791482
35,10,1,CLERIC,318.11976463888243,116815.94757931589
35,10,1,PALADIN,321.0966035294291,115637.18976428507
36,10,1,WARRIOR,336.81349802449233,118309.07251704721
36,10,1,ROGUE,338.0464500039109,118016.29480072473
36,10,1,RANGER,337.3849952409229,118169.54925345822
36,10,1,MAGE,338.72006730560395,117707.33538065867
36,10,1,CLERIC,336.06660159047317,120631.3461993518
36,10,1,PALADIN,339.275406614377,119442.86878730328
37,10,1,WARRIOR,355.11137449852754,122095.26007503255
37,10,1,ROGUE,356.45183647143733,121727.78443793168
37,10,1,RANGER,355.72146028857605,121930.89546049222
37,10,1,MAGE,357.1180090061325,121480.62308796927
37,10,1,CLERIC,354.412587020029,124534.50668501708
37,10,1,PALADIN,357.8496254396099,123289.40405708336
38,10,1,WARRIOR,373.8894079114004,125891.6209687169
38,10,1,ROGUE,375.417041665182,125454.62202140644
38,10,1,RANGER,374.56238263953344,125748.94428955053
38,10,1,MAGE,375.98027677393986,125317.85301820333
38,10,1,CLERIC,373.3042203130478,128484.1931930968
38,10,1,PALADIN,376.8971230134461,127159.56659289807
39,10,1,WARRIOR,393.0342824853895,129682.3910059162
39,10,1,ROGUE,394.61929953828405,129300.88964148556
39,10,1,RANGER,393.64806539456725,129616.17205931827
39,10,1,MAGE,395.2214538294471,129132.54741232729
39,10,1,CLERIC,392.53769932013086,132424.3479416913
39,10,1,PALADIN,396.34288966710864,131021.14082610591
40,10,1,WARRIOR,412.75663252018614,133505.06744384064
40,10,1,ROGUE,414.3582294464866,133142.65445191288
40,10,1,RANGER,413.30433547425514,133430.69943657814
40,10,1,MAGE,415.0292758807666,132921.55175782993
40,10,1,CLERIC,412.32684121958164,136350.72078671659
40,10,1,PALADIN,416.3464795855585,134927.65582146778
41,10,1,WARRIOR,432.6852377386245,137401.90299354168
41,10,1,ROGUE,434.4776008593995,137011.69060787535
41,10,1,RANGER,433.20712552895714,137348.52119491
41,10,1,MAGE,435.11172362374464,136783.8580728881
41,10,1,CLERIC,432.4664105581314,140337.75576159335
41,10,1,PALADIN,436.64627865086277,138884.16715098041
42,10,1,WARRIOR,453.0383296702686,141277.63024286195
42,10,1,ROGUE,454.9904558379398,140867.35554586884
42,10,1,RANGER,453.54492185579835,141236.02214063916
42,10,1,MAGE,455.58144494852644,140649.3521037489
42,10,1,CLERIC,453.0114848480365,144322.19753088977
42,10,1,PALADIN,457.4157071603968,142814.1123378456
43,10,1,WARRIOR,473.8718111977755,145199.1489292938
43,10,1,ROGUE,475.9019959989796,144754.12680376257
43,10,1,RANGER,474.307483796739,145212.4487603827
43,10,1,MAGE,476.51253384203926,144582.52560432832
43,10,1,CLERIC,473.99329723048896,148401.01544894886
43,10,1,PALADIN,478.6241230413823,146813.39527139656
44,10,1,WARRIOR,495.01785630026075,149204.67387685445
44,10,1,ROGUE,497.17192932578786,148692.0315226766
44,10,1,RANGER,495.45846797015236,149199.497342032
44,10,1,MAGE,497.84159020979956,148515.71467008506
44,10,1,CLERIC,495.37639693643973,152474.64257404118
44,10,1,PALADIN,500.2024038739987,150886.81409858225
45,10,1,WARRIOR,516.5177859512889,153181.60192544007
45,10,1,ROGUE,518.9303726531965,152570.81558494957
45,10,1,RANGER,516.9549929894484,153163.1187893684
45,10,1,MAGE,519.5273449461705,152424.7840760046
45,10,1,CLERIC,517.121998079447,156529.23812102887
45,10,1,PALADIN,522.147794812028,154932.44751061904
46,10,1,WARRIOR,538.2514461812851,157170.54635930754
46,10,1,ROGUE,540.8939784208511,156553.8534413377
46,10,1,RANGER,538.7254977898398,157180.57556194064
46,10,1,MAGE,541.49263309635,156386.05947559068
46,10,1,CLERIC,539.148870800381,160645.594270507
46,10,1,PALADIN,544.3534315491867,158995.49696726684
47,10,1,WARRIOR,560.360739885168,161240.06143527388
47,10,1,ROGUE,563.1833838146921,160552.96313971461
47,10,1,RANGER,560.8287184378402,161232.5760561461
47,10,1,MAGE,563.8488692139767,160385.90414053158
47,10,1,CLERIC,561.5843813325655,164807.7049087137
47,10,1,PALADIN,566.9574497213508,163141.50644454756
48,10,1,WARRIOR,582.7816864566095,165346.8644251478
48,10,1,ROGUE,585.8980602670022,164589.96428244552
48,10,1,RANGER,583.2997277099004,165279.3475765987
48,10,1,MAGE,586.5553913792339,164385.75406454553
48,10,1,CLERIC,584.3494060724737,168973.1258796794
48,10,1,PALADIN,589.9277867214706,167321.33836425628
49,10,1,WARRIOR,605.5177792713596,169472.18512887316
49,10,1,ROGUE,608.9448500159334,168640.82487899024
49,10,1,RANGER,606.0861603618986,169417.88390067825
49,10,1,MAGE,609.6438561786515,168451.03337251703
49,10,1,CLERIC,607.458623105118,173233.21035363764
49,10,1,PALADIN,613.2767827633953,171506.44010777632
50,10,1,WARRIOR,628.6211383356917,173669.17294022127
50,10,1,ROGUE,632.3306705749816,172754.31948946815
50,10,1,RANGER,629.2720572035724,173578.33676565785
50,10,1,MAGE,633.1335105453655,172547.46164185586
50,10,1,CLERIC,631.0024084657027,177514.2891646954
50,10,1,PALADIN,637.0384507765816,175767.58483102886
51,10,1,WARRIOR,651.8966027090206,177911.8124608001
51,10,1,ROGUE,655.9103224127884,176950.15505024637
51,10,1,RANGER,652.6605347730848,177820.09856831635
51,10,1,MAGE,656.803404040368,176717.55130377834
51,10,1,CLERIC,654.7942596866245,181863.56819467474
51,10,1,PALADIN,660.9911424165214,180077.89040082737
52,10,1,WARRIOR,675.4964065102525,182177.68583071243
52,10,1,ROGUE,679.9042505454902,181122.31422836313
52,10,1,RANGER,676.3996614433088,182068.9769598912
52,10,1,MAGE,680.8091437519882,180919.78475963336
52,10,1,CLERIC,678.961282782537,186243.4702009379
52,10,1,PALADIN,685.3868999778435,184393.76203657454
53,10,1,WARRIOR,699.4171999114618,186501.80734976567
53,10,1,ROGUE,704.1936259072949,185350.69751850178
53,10,1,RANGER,700.4705566220198,186340.9778841471
53,10,1,MAGE,705.160832657735,185128.76515769714
53,10,1,CLERIC,703.4991439774142,190630.59709892917
53,10,1,PALADIN,710.1526691277872,188759.21115615632
54,10,1,WARRIOR,723.6580752467346,190841.5382539783
54,10,1,ROGUE,728.8219616164353,189557.33913889318
54,10,1,RANGER,724.8926317559515,190651.5523929732
54,10,1,MAGE,729.8647102561168,189385.19708878
54,10,1,CLERIC,728.4300548806498,195064.54015105267
54,10,1,PALADIN,735.2774104039116,193144.00641927362
55,10,1,WARRIOR,748.2901359639468,195185.37619014806
55,10,1,ROGUE,753.8118228011218,193818.09551897435
55,10,1,RANGER,749.7165651899272,194955.95090388934
55,10,1,MAGE,754.9473971497868,193646.80976705754
55,10,1,CLERIC,753.7826208095469,199500.14803471495
55,10,1,PALADIN,760.8384321004168,197536.09213731735
56,10,1,WARRIOR,773.1490920214713,199637.2216954159
56,10,1,ROGUE,779.045720707707,198146.0537512107
56,10,1,RANGER,774.7812798575758,199338.52077374744
56,10,1,MAGE,780.2977539191805,197976.46800416184
56,10,1,CLERIC,779.4172294599748,204009.910212237
56,10,1,PALADIN,786.7278316223159,202021.16028774253
57,10,1,WARRIOR,799.2540703128806,203825.4915439179
57,10,1,ROGUE,805.6562010006709,202267.56980532978
57,10,1,RANGER,801.1580110197385,203460.87000992865
57,10,1,MAGE,806.9667631177784,202048.3410246762
57,10,1,CLERIC,806.4134141529103,208258.97097571727
57,10,1,PALADIN,813.9679692758122,206230.8912466788
58,10,1,WARRIOR,825.8407291847449,208040.22978148083
58,10,1,ROGUE,832.7276834195063,206375.21445702232
58,10,1,RANGER,828.0009867770939,207621.92308084798
58,10,1,MAGE,834.0791455540348,206169.97092437153
58,10,1,CLERIC,833.9308697746217,212551.86579243024
58,10,1,PALADIN,841.7431384608594,210469.64384698446
59,10,1,WARRIOR,852.7746114478839,212293.45268338104
59,10,1,ROGUE,860.2105712705721,210485.89095174975
59,10,1,RANGER,855.2337084330769,211783.30959597952
59,10,1,MAGE,861.5906471325449,210271.81633812413
59,10,1,CLERIC,861.8510033946061,216829.01381903706
59,10,1,PALADIN,869.9601689855722,214738.99700814718
60,10,1,WARRIOR,880.0379846287127,216571.2784748833
60,10,1,ROGUE,888.0572222245605,214659.04974003584
60,10,1,RANGER,882.8347498260528,215975.1591819061
60,10,1,MAGE,889.4625550403578,214426.02900393738
60,10,1,CLERIC,890.1530579597634,221166.7320744058
60,10,1,PALADIN,898.5700317219631,219030.63025353441
61,10,1,WARRIOR,907.5311703191874,220862.1276523247
61,10,1,ROGUE,916.1329182520675,218852.3701834
61,10,1,RANGER,910.6544821940993,220201.83544735354
61,10,1,MAGE,917.5703011181206,218611.05888079252
61,10,1,CLERIC,918.7399146055411,225536.70938958274
61,10,1,PALADIN,927.4720728426081,223334.1609442196
62,10,1,WARRIOR,934.1702985367172,225003.3740012325
62,10,1,ROGUE,943.4094589053904,222862.18958568329
62,10,1,RANGER,937.6413582539543,224279.37820927828
62,10,1,MAGE,944.8548816849608,222639.4339254101
62,10,1,CLERIC,946.4932187311007,229744.56995214685
62,10,1,PALADIN,955.5414745061611,227483.7784904526
63,10,1,WARRIOR,961.9606024936118,229345.68076707187
63,10,1,ROGUE,971.9103111313124,227042.84860209335
63,10,1,RANGER,965.8219401595668,228487.35201494905
63,10,1,MAGE,973.3435103944862,226795.05399952014
63,10,1,CLERIC,975.4358865726667,234106.94729498064
63,10,1,PALADIN,984.8757813349339,231828.85840996497
64,10,1,WARRIOR,990.1010276033037,233687.65691525274
64,10,1,ROGUE,1000.78046966542,231218.81135666167
64,10,1,RANGER,994.384134551887,232762.97039805862
64,10,1,MAGE,1002.2201620608531,231024.47821833126
64,10,1,CLERIC,1004.8091356546763,238546.00962980854
64,10,1,PALADIN,1014.6561678524918,236169.27595007425
65,10,1,WARRIOR,1018.5876132094804,238034.95390890478
65,10,1,ROGUE,1030.0696504590717,235409.21749022533
65,10,1,RANGER,1023.3410205748538,237052.93659217257
65,10,1,MAGE,1031.5301437579583,235240.7526875318
65,10,1,CLERIC,1034.6222630042716,242980.94832699542
65,10,1,PALADIN,1044.864749510047,240506.1335621062
66,10,1,WARRIOR,1047.2413445749949,242453.57260798753
66,10,1,ROGUE,1059.572319130852,239674.77246698257
66,10,1,RANGER,1052.49439765935,241365.38208892313
66,10,1,MAGE,1061.0274306128654,239489.26741293137
66,10,1,CLERIC,1064.6603359928167,247449.50340601164
66,10,1,PALADIN,1075.3297317898136,244907.41911707525
67,10,1,WARRIOR,1075.9905615649914,246831.45552058646
67,10,1,ROGUE,1089.2217731418837,243890.06305963366
67,10,1,RANGER,1081.7845399239998,245635.48072028128
67,10,1,MAGE,1090.6803078608666,243691.63684754603
67,10,1,CLERIC,1094.8473554711923,251879.36610242474
67,10,1,PALADIN,1105.9705507681347,249259.6052250533
68,10,1,WARRIOR,1103.9467067306261,251118.1502216707
68,10,1,ROGUE,1118.085498325327,247919.65063511182
68,10,1,RANGER,1110.2998479474652,249787.4790987295
68,10,1,MAGE,1119.5579752659087,247781.57021891852
68,10,1,CLERIC,1124.2736947596509,256196.2945767192
68,10,1,PALADIN,1135.833872874872,253515.82920852187
69,10,1,WARRIOR,1132.9298939997316,255504.80630628375
69,10,1,ROGUE,1148.0663850174817,252123.11464732283
69,10,1,RANGER,1139.8996965564274,254054.20264156055
69,10,1,MAGE,1149.5182257899528,251981.33841109535
69,10,1,CLERIC,1154.834981746059,260624.69287381123
69,10,1,PALADIN,1166.8556212525668,257865.0647901124
70,10,1,WARRIOR,1162.2296573442645,259937.7108611441
70,10,1,ROGUE,1178.4408037629353,256323.31995206882
70,10,1,RANGER,1169.8972628948216,258330.47147420398
70,10,1,MAGE,1179.8558549700097,256199.55859581128
70,10,1,CLERIC,1185.7898141041817,265076.93965769204
70,10,1,PALADIN,1198.3018322555922,262254.85378834815
71,10,1,WARRIOR,1191.6400798332866,264414.16966613056
71,10,1,ROGUE,1209.0128644781134,260603.1739360402
71,10,1,RANGER,1200.0153748516414,262681.376771086
71,10,1,MAGE,1210.379495174542,260483.69706108965
71,10,1,CLERIC,1216.9309019062075,269606.32125749654
71,10,1,PALADIN,1229.9425183685169,266685.9010493381
72,10,1,WARRIOR,1221.359873186638,268932.1316845056
72,10,1,ROGUE,1239.9628921798712,264865.83283764776
72,10,1,RANGER,1230.5073132179605,267040.573251998
72,10,1,MAGE,1241.2464111796517,264787.3276126077
72,10,1,CLERIC,1248.4653766206006,274153.22966462496
72,10,1,PALADIN,1262.0145421969562,271143.3641381104
73,10,1,WARRIOR,1250.3438216484938,273274.42681886395
73,10,1,ROGUE,1270.2091285748986,268976.7094756429
73,10,1,RANGER,1260.3185948728894,271246.8923657183
73,10,1,MAGE,1271.4262948778699,268942.1048747037
73,10,1,CLERIC,1279.3203608867138,278546.4235209303
73,10,1,PALADIN,1293.3901718331706,275422.12962512637
74,10,1,WARRIOR,1281.3231423562718,277607.9234945217
74,10,1,ROGUE,1302.6529290477383,273028.77651186404
74,10,1,RANGER,1292.242706744884,275393.82231952297
74,10,1,MAGE,1303.6757433854002,273049.0590210873
74,10,1,CLERIC,1312.3402501234775,282884.9880700299
74,10,1,PALADIN,1327.0215700888155,279665.3889168971
75,10,1,WARRIOR,1312.5680852549763,281963.85155754106
75,10,1,ROGUE,1335.438234927213,277107.7247407626
75,10,1,RANGER,1324.477493523491,279584.1305331568
75,10,1,MAGE,1336.2916325193512,277166.7620949774
75,10,1,CLERIC,1345.7307216727247,287247.7840195352
75,10,1,PALADIN,1361.0311896208414,283929.2875941765
76,10,1,WARRIOR,1343.898782745048,286393.07890348503
76,10,1,ROGUE,1368.3934670943677,281234.98157088214
76,10,1,RANGER,1356.8857092905703,283851.5901157753
76,10,1,MAGE,1369.0795851355265,281385.95127716026
76,10,1,CLERIC,1379.3234815759251,291713.5210210308
76,10,1,PALADIN,1395.2401123763402,288258.7775985017
77,10,1,WARRIOR,1375.5550477166137,290839.4940112349
77,10,1,ROGUE,1401.7678039708285,285411.2348736937
77,10,1,RANGER,1389.6578088287888,288122.7223394316
77,10,1,MAGE,1402.2471882485818,285597.411591319
77,10,1,CLERIC,1413.3187021784777,296178.63886947895
77,10,1,PALADIN,1429.9128478614673,292596.3685484237
78,10,1,WARRIOR,1406.1335045343726,295142.6455768341
78,10,1,ROGUE,1434.0794572338655,289406.5083660269
78,10,1,RANGER,1421.375077933789,292249.523638299
78,10,1,MAGE,1434.329158555444,289669.2527979027
78,10,1,CLERIC,1446.2279240445464,300500.5821693799
78,10,1,PALADIN,1463.500050639807,296791.5279948988
79,10,1,WARRIOR,1437.7270480273098,299594.1161717771
79,10,1,ROGUE,1467.539836771656,293534.624124842
79,10,1,RANGER,1454.1987154747828,296514.7733758793
79,10,1,MAGE,1467.5472737614218,293871.27306613175
79,10,1,CLERIC,1480.3347342321467,304955.1209167302
79,10,1,PALADIN,1498.2961394294557,301122.0907048479
80,10,1,WARRIOR,1469.6087045212364,304090.52725234604
80,10,1,ROGUE,1501.3490823660782,297696.01203980355
80,10,1,RANGER,1487.3253281979485,300782.78967858775
80,10,1,MAGE,1501.10401538979,298078.26933552773
80,10,1,CLERIC,1514.7999403847357,309422.94412386493
80,10,1,PALADIN,1533.49621711733,305490.5434935656
81,10,1,WARRIOR,1501.5675568997538,308634.0925408256
81,10,1,ROGUE,1535.3451457322903,301905.8613471678
81,10,1,RANGER,1520.627782786645,305119.57861393277
81,10,1,MAGE,1534.8452793273802,302356.59214352275
81,10,1,CLERIC,1549.4530038199198,313976.8482736383
81,10,1,PALADIN,1568.8923058738708,309896.37509197334
82,10,1,WARRIOR,1533.7983118863651,313246.3883707128
82,10,1,ROGUE,1569.688169577826,306141.08935836906
82,10,1,RANGER,1554.255256120316,309473.85547253076
82,10,1,MAGE,1568.9506799366159,306649.5039662029
82,10,1,CLERIC,1584.4711390307825,318551.4047900207
82,10,1,PALADIN,1604.719699505662,314355.56445957377
83,10,1,WARRIOR,1565.0511934537335,317702.04120463424
83,10,1,ROGUE,1603.120082263263,310271.1684721551
83,10,1,RANGER,1586.9737473394757,313702.38930991315
83,10,1,MAGE,1602.0979120715774,310803.3936693961
83,10,1,CLERIC,1618.5442032174021,322977.99989697523
83,10,1,PALADIN,1639.589025965167,318647.15664338646
84,10,1,WARRIOR,1597.3969236401797,322362.7551513882
84,10,1,ROGUE,1637.7711567229346,314538.44444956706
84,10,1,RANGER,1620.8518611734885,318075.47803242307
84,10,1,MAGE,1636.4362970371844,315116.75297635037
84,10,1,CLERIC,1653.8875272143825,327579.752755323
84,10,1,PALADIN,1675.7969573448715,323131.444005875
85,10,1,WARRIOR,1629.992436398764,327054.62094983755
85,10,1,ROGUE,1672.786264569201,318829.38109540934
85,10,1,RANGER,1655.0459116195975,322487.4972517832
85,10,1,MAGE,1671.1388904139656,319456.36412228795
85,10,1,CLERIC,1689.5928207366321,332218.4520500491
85,10,1,PALADIN,1712.4067746175656,327636.4976863044
86,10,1,WARRIOR,1662.6563644574246,331821.1758793213
86,10,1,ROGUE,1707.9315468146663,323187.5507346651
86,10,1,RANGER,1689.3535929586994,326989.677658326
86,10,1,MAGE,1705.9593231640777,323887.83498377545
86,10,1,CLERIC,1725.4170502762647,336964.62028957496
86,10,1,PALADIN,1749.182344537202,332209.9679900703
87,10,1,WARRIOR,1695.580243990534,336655.0411861173
87,10,1,ROGUE,1743.4629521717939,327591.4006237064
87,10,1,RANGER,1724.0147775818223,331495.34240165545
87,10,1,MAGE,1741.0977923306884,328317.5918265303
87,10,1,CLERIC,1761.6401023284213,341702.35145043134
87,10,1,PALADIN,1786.386460210228,336840.2004005263
88,10,1,WARRIOR,1727.5956891314918,341263.5675314692
88,10,1,ROGUE,1778.1123516977466,331704.08790499123
88,10,1,RANGER,1757.788745435892,335778.84734159947
88,10,1,MAGE,1775.295252068765,332557.726629988
88,10,1,CLERIC,1796.9159628359428,346241.29636846203
88,10,1,PALADIN,1822.6767491470239,341236.6551233326
89,10,1,WARRIOR,1761.41340049154,345849.0236548112
89,10,1,ROGUE,1814.8382926968134,335825.92052559135
89,10,1,RANGER,1793.5206834795897,340036.2129874151
89,10,1,MAGE,1811.4106488521677,336768.79208701465
89,10,1,CLERIC,1834.2526918970214,350747.74710954574
89,10,1,PALADIN,1861.1421505126411,345581.9274123368
90,10,1,WARRIOR,1795.4575691663154,350506.0903735038
90,10,1,ROGUE,1851.941942232309,339958.8832701779
90,10,1,RANGER,1829.5550515756463,344348.81340133934
90,10,1,MAGE,1847.8638636103399,341044.8428983357
90,10,1,CLERIC,1871.901413185821,355338.9664391853
90,10,1,PALADIN,1899.9967983517918,349987.0704791985
91,10,1,WARRIOR,1829.532595122514,355199.652998794
91,10,1,ROGUE,1889.1102272083053,344137.80265391275
91,10,1,RANGER,1865.6640078544192,348743.799431902
91,10,1,MAGE,1884.3803175667936,345384.9404404695
91,10,1,CLERIC,1909.6743530089868,359996.44388545904
91,10,1,PALADIN,1938.985088909657,354423.85442037805
92,10,1,WARRIOR,1863.4873654541477,359894.044122781
92,10,1,ROGUE,1926.225617745375,348341.26714884985
92,10,1,RANGER,1901.7127622074538,353111.6192834098
92,10,1,MAGE,1920.8482599986132,349700.5642902709
92,10,1,CLERIC,1947.42044857257,364627.6666053191
92,10,1,PALADIN,1977.955679698318,358852.8538760077
93,10,1,WARRIOR,1897.0619344473196,364555.5276185449
93,10,1,ROGUE,1963.00980229424,352480.50952360255
93,10,1,RANGER,1937.345178934365,357465.67882184417
93,10,1,MAGE,1956.940945100999,353996.88972308085
93,10,1,CLERIC,1984.7818335368634,369245.6419789618
93,10,1,PALADIN,2016.5482660754928,363255.04133635096
94,10,1,WARRIOR,1931.5554102010965,369372.5117757406
94,10,1,ROGUE,2000.8539862663786,356711.0990914056
94,10,1,RANGER,1974.0075390735087,361924.15849273786
94,10,1,MAGE,1994.0467418239718,358388.2380416569
94,10,1,CLERIC,2023.2061536060228,373975.1745460723
94,10,1,PALADIN,2056.320302767301,367800.10544548254
95,10,1,WARRIOR,1966.288999730947,374220.56668713765
95,10,1,ROGUE,2039.021859841046,360982.43037957407
95,10,1,RANGER,2010.9779798139457,366395.7298804781
95,10,1,MAGE,2031.4605990384982,362811.1248373921
95,10,1,CLERIC,2062.00032502885,378734.4701565813
95,10,1,PALADIN,2096.4736295666203,372370.56412981346
96,10,1,WARRIOR,2001.0613049976375,379109.4085200431
96,10,1,ROGUE,2077.279066308049,365324.45465368306
96,10,1,RANGER,2047.9944144482522,370955.9784515692
96,10,1,MAGE,2068.9893999316814,367298.42409419466
96,10,1,CLERIC,2100.9057633366656,383572.93128662056
96,10,1,PALADIN,2136.771406757404,376979.4579816061
97,10,1,WARRIOR,2034.7105990262307,383914.2356713254
97,10,1,ROGUE,2114.3635199159635,369554.3707432372
97,10,1,RANGER,2083.8474152394133,375401.64881631883
97,10,1,MAGE,2105.3436467582465,371670.2641774721
97,10,1,CLERIC,2138.6227522720665,388286.3968728414
97,10,1,PALADIN,2175.8488886050754,381512.683898826
98,10,1,WARRIOR,2069.319348969379,388825.06590910256
98,10,1,ROGUE,2152.4708123155697,373925.4392649114
98,10,1,RANGER,2120.6720588237504,379978.10058475006
98,10,1,MAGE,2142.694872294995,376181.3231888989
98,10,1,CLERIC,2177.394830505509,393158.90809925116
98,10,1,PALADIN,2216.0990044211585,386146.83046889317
99,10,1,WARRIOR,2104.1594405606775,393775.3962298214
99,10,1,ROGUE,2190.8796875790003,378307.1044528152
99,10,1,RANGER,2157.7890254891117,384569.6372004684
99,10,1,MAGE,2180.3000092238044,380712.06011828023
99,10,1,CLERIC,2216.4796218582856,398050.1274912734
99,10,1,PALADIN,2256.6624067293524,390818.257333284
100,10,1,WARRIOR,2139.2529079380274,398769.7259389271
100,10,1,ROGUE,2229.6132681940953,382716.2485071454
100,10,1,RANGER,2195.1685266872564,389200.2583973909
100,10,1,MAGE,2218.1958915951764,385281.102843856
100,10,1,CLERIC,2255.8813207770286,402987.6027008225
100,10,1,PALADIN,2297.5907148440115,395535.5186048439
20,10,5,WARRIOR,20.96716875507392,306941.9332518417
20,10,5,ROGUE,20.950437682465616,307612.02511266805
20,10,5,RANGER,21.014255552183194,306305.8097164558
20,10,5,MAGE,21.07644646605508,305486.7318534802
20,10,5,CLERIC,20.820066773225538,311841.53109198424
20,10,5,PALADIN,21.016820818134175,308758.82376086654
21,10,5,WARRIOR,23.181558293061766,323470.46487139363
21,10,5,ROGUE,23.158984919345784,324467.8075774779
21,10,5,RANGER,23.235115572252898,322622.1794201803
21,10,5,MAGE,23.301855306384507,321903.38071255665
21,10,5,CLERIC,23.02951681561011,328614.0536769881
21,10,5,PALADIN,23.2369693448795,325558.50766171544
22,10,5,WARRIOR,25.48265870530141,340340.4021847891
22,10,5,ROGUE,25.46267983291044,341234.75983348046
22,10,5,RANGER,25.546019446931673,339421.05512808
22,10,5,MAGE,25.614040086908275,338552.92480518296
22,10,5,CLERIC,25.328679844120558,345590.5836336701
22,10,5,PALADIN,25.554157548894047,342559.02080711926
23,10,5,WARRIOR,27.88413910176709,357120.62738092337
23,10,5,ROGUE,27.879167518925566,357859.43010053324
23,10,5,RANGER,27.958618933487433,356087.4720308715
23,10,5,MAGE,28.035191084131345,355142.4072738221
23,10,5,CLERIC,27.732099132353756,362580.9667169819
23,10,5,PALADIN,27.96833519303433,359564.93497348425
24,10,5,WARRIOR,30.38898643293189,374118.3409519567
24,10,5,ROGUE,30.391822648399756,374689.72350691166
24,10,5,RANGER,30.466467339326655,373139.8974939788
24,10,5,MAGE,30.55540317474848,372164.7566705232
24,10,5,CLERIC,30.23025106744458,380071.847546559
24,10,5,PALADIN,30.486426894441994,376797.1904275289
25,10,5,WARRIOR,32.99003539087515,391474.7353854658
25,10,5,ROGUE,33.01406222294435,391697.61888655904
25,10,5,RANGER,33.081036170059285,390048.1399273194
25,10,5,MAGE,33.1779443421122,389016.81729924557
25,10,5,CLERIC,32.830212822627665,397393.42029205227
25,10,5,PALADIN,33.10878905066508,394321.46453685366
26,10,5,WARRIOR,35.68346794803575,408636.59773020085
26,10,5,ROGUE,35.72287137280233,408843.32820232323
26,10,5,RANGER,35.77920860685973,407358.58736142167
26,10,5,MAGE,35.887941240347395,406117.60165874916
26,10,5,CLERIC,35.52056801282209,414967.234467626
26,10,5,PALADIN,35.81861506256488,411758.79599862697
27,10,5,WARRIOR,38.46362835008936,426194.6955652174
27,10,5,ROGUE,38.5245195648279,425876.6510349678
27,10,5,RANGER,38.5671188453082,424918.46657592966
27,10,5,MAGE,38.675424569170936,423711.00951177697
27,10,5,CLERIC,38.29046236572168,433075.05741547496
27,10,5,PALADIN,38.61971453667484,429553.0957834038
28,10,5,WARRIOR,41.34940780710651,443827.6485871688
28,10,5,ROGUE,41.42736650367552,443214.58222238085
28,10,5,RANGER,41.45305842064662,442440.48747595184
28,10,5,MAGE,41.58020608887394,441107.6486320684
28,10,5,CLERIC,41.178926667723594,450924.0952254885
28,10,5,PALADIN,41.531488637777954,447424.8843345625
29,10,5,WARRIOR,44.32211707897265,461434.18281575583
29,10,5,ROGUE,44.432141323121535,460857.69254483946
29,10,5,RANGER,44.442851859848915,460080.5420741402
29,10,5,MAGE,44.593870698221046,458539.1863800628
29,10,5,CLERIC,44.16736928018489,468970.6951664134
29,10,5,PALADIN,44.5391752634257,465193.85888840514
30,10,5,WARRIOR,47.40169187646331,479017.55140251626
30,10,5,ROGUE,47.53189389119192,478148.0065685236
30,10,5,RANGER,47.52785487085249,477985.9936710946
30,10,5,MAGE,47.69896812815678,476202.7674051855
30,10,5,CLERIC,47.26260522216523,487068.8098294677
30,10,5,PALADIN,47.64958175425334,483001.8064208009
31,10,5,WARRIOR,50.57024621009984,496783.12610197597
31,10,5,ROGUE,50.723113835140325,495857.9082259613
31,10,5,RANGER,50.70426394633827,495731.8880834525
31,10,5,MAGE,50.89539982750697,493814.7275624044
31,10,5,CLERIC,50.44016156603739,505275.3170037518
31,10,5,PALADIN,50.85692254359872,500953.23263335647
32,10,5,WARRIOR,53.84525368037406,514498.05078358296
32,10,5,ROGUE,54.01005479789049,513565.9238135669
32,10,5,RANGER,53.97915151344363,513621.84121391864
32,10,5,MAGE,54.181924962470326,511707.7100749784
32,10,5,CLERIC,53.69852293761101,523847.8772066476
32,10,5,PALADIN,54.1766718539334,518845.01738655946
33,10,5,WARRIOR,57.20734459190983,532537.7673063385
33,10,5,ROGUE,57.39505647809129,531649.5683151345
33,10,5,RANGER,57.35141026684182,531613.8083290926
33,10,5,MAGE,57.55853155105617,529735.3948381004
33,10,5,CLERIC,57.05565608054055,542495.1803867988
33,10,5,PALADIN,57.577907568425935,537164.8767931344
34,10,5,WARRIOR,60.6536394963722,550692.8339724413
34,10,5,ROGUE,60.858776839010396,549876.8920549367
34,10,5,RANGER,60.796222267064806,549956.1435022404
34,10,5,MAGE,61.01572386316703,547960.1620801716
34,10,5,CLERIC,60.501009316962,561275.7788402655
34,10,5,PALADIN,61.063487934057704,555633.1158013726
35,10,5,WARRIOR,64.19616208417042,569078.7609249974
35,10,5,ROGUE,64.42164249437982,567906.4988243933
35,10,5,RANGER,64.32918472308654,568414.6292993089
35,10,5,MAGE,64.57322112290616,566293.9410347671
35,10,5,CLERIC,64.04740685741228,580218.0536790813
35,10,5,PALADIN,64.64673714985176,574363.2318044244
36,10,5,WARRIOR,67.81103703987284,587634.3188656642
36,10,5,ROGUE,68.05926863639469,586180.1088862445
36,10,5,RANGER,67.92609721156681,586941.3148870117
36,10,5,MAGE,68.19488875869898,584645.5253204615
36,10,5,CLERIC,67.66066354816515,599168.9178992597
36,10,5,PALADIN,68.3066958408313,593265.8193485065
37,10,5,WARRIOR,71.49496890902135,606440.0934305335
37,10,5,ROGUE,71.76484561238587,604614.8631999749
37,10,5,RANGER,71.61779816126072,605623.7038988086
37,10,5,MAGE,71.89896687145098,603387.2270733019
37,10,5,CLERIC,71.35428124696091,618555.6902288866
37,10,5,PALADIN,72.0462640236153,612371.3375066703
38,10,5,WARRIOR,75.27557130994916,625296.3983652799
38,10,5,ROGUE,75.58313151661734,623125.8498749195
38,10,5,RANGER,75.41106206220225,624587.7315538832
38,10,5,MAGE,75.69652826896292,622446.5261482662
38,10,5,CLERIC,75.15775483840065,638173.5546202575
38,10,5,PALADIN,75.88111794447084,631594.2109283615
39,10,5,WARRIOR,79.1300302508022,644124.9338393027
39,10,5,ROGUE,79.44914350105219,642230.0386325027
39,10,5,RANGER,79.25360384815744,643796.0281623992
39,10,5,MAGE,79.57037589577885,641393.8925190803
39,10,5,CLERIC,79.03005260854547,657744.0753136898
39,10,5,PALADIN,79.79615582316164,650774.4267478484
40,10,5,WARRIOR,83.10075296995427,663111.9465599027
40,10,5,ROGUE,83.42320426460046,661311.8621950385
40,10,5,RANGER,83.21102261628099,662742.5649701112
40,10,5,MAGE,83.55830679130243,660213.6579045934
40,10,5,CLERIC,83.01422260826851,677246.142089394
40,10,5,PALADIN,83.82350088161824,670177.8607330756
41,10,5,WARRIOR,87.11300127516398,682467.3032985005
41,10,5,ROGUE,87.47385974041154,680529.1409531661
41,10,5,RANGER,87.21807352579671,682202.1589928999
41,10,5,MAGE,87.60152838348266,679397.5099322792
41,10,5,CLERIC,87.06894455496487,697049.5141546911
41,10,5,PALADIN,87.91048205782762,689829.6236176796
42,10,5,WARRIOR,91.21071196356488,701717.8163302483
42,10,5,ROGUE,91.60373570114925,699680.0056451835
42,10,5,RANGER,91.31270473303096,701511.1512935879
42,10,5,MAGE,91.72272019762343,698597.1951599432
42,10,5,CLERIC,91.20530726557809,716840.0059178903
42,10,5,PALADIN,92.0920142535907,709349.4340086381
43,10,5,WARRIOR,95.40514002484333,721195.7727810377
43,10,5,ROGUE,95.8138793941373,718985.373628606
43,10,5,RANGER,95.49285447488421,721261.8322726446
43,10,5,MAGE,95.9367996587134,718133.0403983579
43,10,5,CLERIC,95.42959894324319,737099.2585522172
43,10,5,PALADIN,96.36192826623501,729213.6409761104
44,10,5,WARRIOR,99.6624968591207,741090.9834709879
44,10,5,ROGUE,100.09617878272934,738544.7185547822
44,10,5,RANGER,99.75120569781771,741065.2719219936
44,10,5,MAGE,100.23100235505116,737668.9629481084
44,10,5,CLERIC,99.73468224510681,757332.7288181717
44,10,5,PALADIN,100.70630760191987,749446.0766384127
45,10,5,WARRIOR,103.9911016640698,760844.1550180949
45,10,5,ROGUE,104.47683043433737,757810.4145996257
45,10,5,RANGER,104.07912504446467,760752.3503504992
45,10,5,MAGE,104.59701953159173,757085.0845427997
45,10,5,CLERIC,104.11274836541281,777471.6703366805
45,10,5,PALADIN,105.124597624385,769540.5037510912
46,10,5,WARRIOR,108.36676370704741,780657.0112557343
46,10,5,ROGUE,108.89878766875702,777593.9332086279
46,10,5,RANGER,108.46220504587455,780706.8257250111
46,10,5,MAGE,109.01931548196066,776760.5102878512
46,10,5,CLERIC,108.54744320606673,797917.3731948322
46,10,5,PALADIN,109.59528322371312,789721.435349813
47,10,5,WARRIOR,112.81805245608207,800870.0572115668
47,10,5,ROGUE,113.38633850512103,797457.2797270123
47,10,5,RANGER,112.9122710997981,800832.8777664776
47,10,5,MAGE,113.52032142244788,796627.5073426404
47,10,5,CLERIC,113.06440955281269,818590.3359515449
47,10,5,PALADIN,114.14617540146997,810314.4245716783
48,10,5,WARRIOR,117.33208662437562,821268.3100786266
48,10,5,ROGUE,117.95950963778245,817508.8308574362
48,10,5,RANGER,117.43638444741754,820932.9577978167
48,10,5,MAGE,118.09185084340649,816494.5305189411
48,10,5,CLERIC,117.64771736234495,839279.7409395648
48,10,5,PALADIN,118.77081895723454,831075.4079084133
49,10,5,WARRIOR,121.90956953716224,841758.5393591138
49,10,5,ROGUE,122.59954551069536,837629.2210931667
49,10,5,RANGER,122.02400233575658,841488.8283000634
49,10,5,MAGE,122.74027720069358,836686.5376601878
49,10,5,CLERIC,122.30032178988233,860439.3340705473
49,10,5,PALADIN,123.47169836001802,851862.5661551534
50,10,5,WARRIOR,126.56099457340882,862604.735017132
50,10,5,ROGUE,127.30783883456368,858060.7108526475
50,10,5,RANGER,126.69204479472918,862153.5569930611
50,10,5,MAGE,127.469475500814,857033.2598905404
50,10,5,CLERIC,127.04041834334448,881703.2048593548
50,10,5,PALADIN,128.25566147082594,873027.4254830439
51,10,5,WARRIOR,131.2470697633802,883677.6800738914
51,10,5,ROGUE,132.0551564258692,878901.1833487445
51,10,5,RANGER,131.4008730574763,883222.142475687
51,10,5,MAGE,132.23496154556497,877745.8539964526
51,10,5,CLERIC,131.83045827301424,903305.8221900788
51,10,5,PALADIN,133.07808358136282,894436.4638917131
52,10,5,WARRIOR,135.9984445719477,904866.0263161833
52,10,5,ROGUE,136.88588072546474,899624.0566218697
52,10,5,RANGER,136.1802978945763,904326.0756437571
52,10,5,MAGE,137.0680638835118,898618.1044672697
52,10,5,CLERIC,136.69603197452074,925060.5420724272
52,10,5,PALADIN,137.98970864778548,915873.1486279446
53,10,5,WARRIOR,140.81444457452056,926343.6877455306
53,10,5,ROGUE,141.77608774506268,920626.1918067733
53,10,5,RANGER,141.02651805534842,925544.8570939868
53,10,5,MAGE,141.97081655837928,919523.8666097188
53,10,5,CLERIC,141.63626692390537,946851.14757402
53,10,5,PALADIN,142.9758285598374,937556.0818582638
54,10,5,WARRIOR,145.69488702970864,947898.8800879417
54,10,5,ROGUE,146.73453802926565,941520.3373758249
54,10,5,RANGER,145.94344166800352,946955.2313072472
54,10,5,MAGE,146.94447577535797,940665.3177715436
54,10,5,CLERIC,146.65563500924895,968874.2862048153
54,10,5,PALADIN,148.03422073023845,959335.106264326
55,10,5,WARRIOR,150.65408727393933,969474.4718204878
55,10,5,ROGUE,151.76577464049205,962683.2678256497
55,10,5,RANGER,150.94127186020162,968334.9296961778
55,10,5,MAGE,151.99440109005687,961832.501404972
55,10,5,CLERIC,151.75989537097362,990905.6939575514
55,10,5,PALADIN,153.180449724044,981150.3419382456
56,10,5,WARRIOR,155.6589686099801,991586.5309003716
56,10,5,ROGUE,156.84614343699255,984179.9859874188
56,10,5,RANGER,155.98757880660006,990102.9007026633
56,10,5,MAGE,157.09821667923597,983337.6633925728
56,10,5,CLERIC,156.92093970824783,1013305.4217979708
56,10,5,PALADIN,158.3927913915145,1003427.4159746552
57,10,5,WARRIOR,160.91471299144516,1012389.4249412783
57,10,5,ROGUE,162.20366109996866,1004651.317793415
57,10,5,RANGER,161.29803549648645,1010578.3708757614
57,10,5,MAGE,162.46751803203188,1003562.4211225656
57,10,5,CLERIC,162.35611166805683,1034410.2607967443
57,10,5,PALADIN,163.87707867283407,1024336.9061095368
58,10,5,WARRIOR,166.26743466115494,1033323.7859394214
58,10,5,ROGUE,167.65399283487562,1025053.7511460365
58,10,5,RANGER,166.7023617304964,1031246.0807569394
58,10,5,MAGE,167.92608421304192,1024034.318392953
58,10,5,CLERIC,167.8962316850736,1055732.8210020708
58,10,5,PALADIN,169.46908444885855,1045390.5450581624
59,10,5,WARRIOR,171.69006320331772,1054449.2980389423
59,10,5,ROGUE,173.18715328409183,1045471.2434876169
59,10,5,RANGER,172.18515594076925,1051915.4468362287
59,10,5,MAGE,173.46500549590337,1044407.94726622
59,10,5,CLERIC,173.51742331239157,1076977.1678119113
59,10,5,PALADIN,175.1500506609887,1066596.1752222849
60,10,5,WARRIOR,177.17902851925828,1075697.0112678087
60,10,5,ROGUE,178.79355056434574,1066199.0817666247
60,10,5,RANGER,177.74210437429673,1072736.1212258316
60,10,5,MAGE,179.0764877868274,1065041.6812509617
60,10,5,CLERIC,179.21550750937,1098522.3634439493
60,10,5,PALADIN,180.91010622022887,1087912.4692758196
61,10,5,WARRIOR,182.71426224396285,1097009.410901216
61,10,5,ROGUE,184.4460617445926,1087027.0618200281
61,10,5,RANGER,183.34308210563395,1093729.777717847
61,10,5,MAGE,184.73545163942197,1085828.4825401348
61,10,5,CLERIC,184.97093122673962,1120227.787959828
61,10,5,PALADIN,186.7289863792938,1109287.8572518677
62,10,5,WARRIOR,188.07754762552878,1117578.741940006
62,10,5,ROGUE,189.93767808244957,1106943.6028181463
62,10,5,RANGER,188.7763799479675,1113982.6967254234
62,10,5,MAGE,190.22868666203038,1105837.18834026
62,10,5,CLERIC,190.558534885962,1141127.9879441347
62,10,5,PALADIN,192.38023030822876,1129898.7675434877
63,10,5,WARRIOR,193.67260050204163,1139146.7284381008
63,10,5,ROGUE,195.6757864340912,1127708.6942963477
63,10,5,RANGER,194.45000791898102,1134883.459181689
63,10,5,MAGE,195.9643340394889,1126477.9128405917
63,10,5,CLERIC,196.38559446804103,1162795.6638370526
63,10,5,PALADIN,198.28613900420459,1151480.5281354461
64,10,5,WARRIOR,199.3381436605653,1160713.0727774124
64,10,5,ROGUE,201.4882476364656,1148450.4597136667
64,10,5,RANGER,200.20046635736827,1156120.2083407703
64,10,5,MAGE,201.77810251141963,1147485.2182579928
64,10,5,CLERIC,202.29934345127427,1184844.2296488837
64,10,5,PALADIN,204.28185742121713,1173039.1309586335
65,10,5,WARRIOR,205.07337969774895,1182305.845448362
65,10,5,ROGUE,207.38507105748369,1169263.9645588878
65,10,5,RANGER,206.03038850175923,1177428.2222470723
65,10,5,MAGE,207.67911380151907,1168427.2096298067
65,10,5,CLERIC,208.30165361650052,1206872.31359111
65,10,5,PALADIN,210.36378484312092,1194580.051825007
66,10,5,WARRIOR,210.8422673769957,1204252.8689041361
66,10,5,ROGUE,213.3248762310035,1190450.7293607977
66,10,5,RANGER,211.89987041061784,1198847.8895491143
66,10,5,MAGE,213.61783544784808,1189529.336489023
66,10,5,CLERIC,214.34925233798802,1229067.3681571325
66,10,5,PALADIN,216.49733368813227,1216440.982556712
67,10,5,WARRIOR,216.63037928346745,1225997.5600650618
67,10,5,ROGUE,219.29423386051235,1211387.8338747094
67,10,5,RANGER,217.79688740566382,1220057.2224205707
67,10,5,MAGE,219.58788228147225,1210402.2623584727
67,10,5,CLERIC,220.4268386223199,1251070.2398971675
67,10,5,PALADIN,222.66628393168764,1238058.039175678
68,10,5,WARRIOR,222.25882115541725,1247289.3246547445
68,10,5,ROGUE,225.10539982922558,1231402.5622454728
68,10,5,RANGER,223.53790615914022,1240679.9581680698
68,10,5,MAGE,225.40185525320294,1230716.7248063637
68,10,5,CLERIC,226.35127631600278,1272512.173889325
68,10,5,PALADIN,228.67869986332693,1259198.457473733
69,10,5,WARRIOR,228.0940385590141,1269077.5916535254
69,10,5,ROGUE,231.14148516990892,1252280.924818521
69,10,5,RANGER,229.49727667774982,1261872.527170066
69,10,5,MAGE,231.43378589115525,1251576.7304551098
69,10,5,CLERIC,232.50421429496356,1294507.7720426493
69,10,5,PALADIN,234.92434304752177,1280800.8589988227
70,10,5,WARRIOR,233.99299257679877,1291095.572128492
70,10,5,ROGUE,237.2568007575959,1273143.1015801106
70,10,5,RANGER,235.5367201502053,1283112.5070743521
70,10,5,MAGE,237.54169459462753,1272528.3860833272
70,10,5,CLERIC,238.73638520233936,1316621.8242501896
70,10,5,PALADIN,241.25544376526898,1302604.6869983242
71,10,5,WARRIOR,239.91422572350695,1313329.8840441692
71,10,5,ROGUE,243.41190782338055,1294400.888723638
71,10,5,RANGER,241.60043320640364,1304723.2019787
71,10,5,MAGE,243.68705310502423,1293807.4539976437
71,10,5,CLERIC,245.00605512587535,1339119.000626078
71,10,5,PALADIN,247.62569837369472,1324613.4424020844
72,10,5,WARRIOR,245.89774485121995,1335770.3400197346
72,10,5,ROGUE,249.64311140393406,1315573.2688878211
72,10,5,RANGER,247.7394091503713,1326375.07871447
72,10,5,MAGE,249.901523715038,1315183.3379766715
72,10,5,CLERIC,251.35492607502943,1361703.2316399966
72,10,5,PALADIN,254.08279468524398,1346753.4036942516
73,10,5,WARRIOR,251.73311550660196,1357338.2687449355
73,10,5,ROGUE,255.73261989611103,1335991.7553294327
73,10,5,RANGER,253.74134771983293,1347267.6224115433
73,10,5,MAGE,255.97767334479573,1335819.876278487
73,10,5,CLERIC,257.5669944547294,1383523.9713725548
73,10,5,PALADIN,260.39968517772644,1368005.784336372
74,10,5,WARRIOR,257.9702166807136,1378862.496034773
74,10,5,ROGUE,262.2645664139373,1356118.1378812422
74,10,5,RANGER,260.1686647522977,1367865.1835870526
74,10,5,MAGE,262.470490764781,1356218.879931186
74,10,5,CLERIC,264.2149255656252,1405073.370496595
74,10,5,PALADIN,267.17073208110924,1389081.8077607865
75,10,5,WARRIOR,264.2607958666424,1400498.138727952
75,10,5,ROGUE,268.8652685959945,1376378.0377619702
75,10,5,RANGER,266.65853031005395,1388678.2020696462
75,10,5,MAGE,269.03708408459477,1376671.2728849708
75,10,5,CLERIC,270.93746642662177,1426743.1255846333
75,10,5,PALADIN,274.01792669571006,1410260.3458190092
76,10,5,WARRIOR,270.5686401200512,1422497.854718963
76,10,5,ROGUE,275.50018222698577,1396877.8836702497
76,10,5,RANGER,273.18331251939935,1409874.4269386856
76,10,5,MAGE,275.6383191371026,1397627.7414675483
76,10,5,CLERIC,277.7007342274325,1448924.1829226403
76,10,5,PALADIN,280.90524725047777,1431764.6722041287
77,10,5,WARRIOR,276.9420312374547,1444582.94132853
77,10,5,ROGUE,282.2194746763232,1417621.0922238836
77,10,5,RANGER,279.78135585404897,1431088.8936032925
77,10,5,MAGE,282.3159896473849,1418545.821209775
77,10,5,CLERIC,284.54502988951043,1471102.1649632799
77,10,5,PALADIN,287.8859477391639,1453309.2355173775
78,10,5,WARRIOR,283.0984260377022,1465956.4462122095
78,10,5,ROGUE,288.72481584908104,1437465.3845287783
78,10,5,RANGER,286.1670290016448,1451586.4769141956
78,10,5,MAGE,288.7750884945237,1438770.4209218142
78,10,5,CLERIC,291.1706802152913,1492569.0073041106
78,10,5,PALADIN,294.6480967178313,1474146.3497928444
79,10,5,WARRIOR,289.45918936989096,1488066.6431341989
79,10,5,ROGUE,295.461431363345,1457969.4966861987
79,10,5,RANGER,292.7754485398481,1472771.7256107724
79,10,5,MAGE,295.4629286607855,1459641.612502026
79,10,5,CLERIC,298.0374423329281,1514694.44356161
79,10,5,PALADIN,301.6536320648322,1495656.0042447404
80,10,5,WARRIOR,295.8779588137597,1510400.0568484298
80,10,5,ROGUE,302.2682844697095,1478638.8697183635
80,10,5,RANGER,299.4448664092375,1493970.7156762914
80,10,5,MAGE,302.21894486217064,1480537.5195921669
80,10,5,CLERIC,304.9763607097388,1536885.8629623374
80,10,5,PALADIN,308.74050294708303,1517353.8565258922
81,10,5,WARRIOR,302.3122701911318,1532967.682785423
81,10,5,ROGUE,309.11274980633465,1499548.94768304
81,10,5,RANGER,306.1496867174443,1515511.295429534
81,10,5,MAGE,309.0121111457787,1501787.7014732
81,10,5,CLERIC,311.9531006026793,1559504.8414252615
81,10,5,PALADIN,315.86683695630336,1539237.3671923638
82,10,5,WARRIOR,308.80132402371083,1555876.689345441
82,10,5,ROGUE,316.0270690830564,1520585.0802014864
82,10,5,RANGER,312.9199434119104,1537138.7366858767
82,10,5,MAGE,315.8785894714318,1523110.3461461815
82,10,5,CLERIC,319.0033408032024,1582226.3989983678
82,10,5,PALADIN,323.0800060568802,1561385.9028116027
83,10,5,WARRIOR,315.09350151065183,1578007.6592064889
83,10,5,ROGUE,322.757953334201,1541098.9442294647
83,10,5,RANGER,319.5071937239211,1558141.61963023
83,10,5,MAGE,322.55215866998475,1543742.4759942733
83,10,5,CLERIC,325.86330880084137,1604213.040810596
83,10,5,PALADIN,330.1002864255993,1582701.992914672
84,10,5,WARRIOR,321.6057034283889,1601157.1557519366
84,10,5,ROGUE,329.73429278448424,1562294.257142065
84,10,5,RANGER,326.3279121497373,1579862.4983263328
84,10,5,MAGE,329.4655439958392,1565166.6821387317
84,10,5,CLERIC,332.97901962219674,1627069.6810409024
84,10,5,PALADIN,337.3900696151904,1604975.1888225693
85,10,5,WARRIOR,328.1681943498344,1624461.3817425815
85,10,5,ROGUE,336.78392348231824,1583607.0912259591
85,10,5,RANGER,333.2122384458757,1601776.7425481135
85,10,5,MAGE,336.4522558071377,1586721.2796487198
85,10,5,CLERIC,340.1676061716014,1650109.832083302
85,10,5,PALADIN,344.76076493964297,1627351.529830322
86,10,5,WARRIOR,334.74445939991415,1648136.5843262153
86,10,5,ROGUE,343.8597623370626,1605253.867698626
86,10,5,RANGER,340.11944217637716,1624138.8121706932
86,10,5,MAGE,343.46269235083764,1608732.1390516446
86,10,5,CLERIC,347.3801382419768,1673683.77515731
86,10,5,PALADIN,352.16483142928695,1650067.6922482003
87,10,5,WARRIOR,341.3730607701408,1672146.113659971
87,10,5,ROGUE,351.0133397883312,1627127.5353293186
87,10,5,RANGER,347.09781711713885,1646518.1882925204
87,10,5,MAGE,350.5371595208207,1630734.485022684
87,10,5,CLERIC,354.6729656934091,1697215.811749664
87,10,5,PALADIN,359.6551775132073,1673065.7887662505
88,10,5,WARRIOR,347.81876603146515,1695036.3974083716
88,10,5,ROGUE,357.9893420223417,1647555.0151314025
88,10,5,RANGER,353.89756771671034,1667794.109523151
88,10,5,MAGE,357.4221722135117,1651794.9892944035
88,10,5,CLERIC,361.77509401522303,1719760.4885739316
88,10,5,PALADIN,366.9615418415805,1694902.7250340735
89,10,5,WARRIOR,354.6273235598607,1717812.0926986907
89,10,5,ROGUE,365.38341666608045,1668027.9193047974
89,10,5,RANGER,361.0915186373216,1688940.1983920373
89,10,5,MAGE,364.6933253096711,1672711.1078040975
89,10,5,CLERIC,369.2921393003985,1742143.7687011329
89,10,5,PALADIN,374.70582398008247,1716485.4411141688
90,10,5,WARRIOR,361.48147399188724,1740943.473673353
90,10,5,ROGUE,372.85353579053134,1688556.1061601401
90,10,5,RANGER,368.346358137526,1710360.635158719
90,10,5,MAGE,372.03249167529304,1693950.004809089
90,10,5,CLERIC,376.8719983285929,1764948.0895037223
90,10,5,PALADIN,382.5284735450362,1738365.5318842838
91,10,5,WARRIOR,368.3418369547823,1764256.1277047538
91,10,5,ROGUE,380.3366680402743,1709312.5569834847
91,10,5,RANGER,375.61621455970834,1732190.2765171332
91,10,5,MAGE,379.3843900592047,1715507.0182208444
91,10,5,CLERIC,384.47686641279097,1788081.5105385198
91,10,5,PALADIN,390.378029547535,1760402.7810466706
92,10,5,WARRIOR,375.17798871872196,1787572.896841251
92,10,5,ROGUE,387.8091509936611,1730190.921954205
92,10,5,RANGER,382.873950461068,1753884.9850357794
92,10,5,MAGE,386.7265215637806,1736942.4722186187
92,10,5,CLERIC,392.07632991228115,1811084.525866089
92,10,5,PALADIN,398.2240220357678,1782401.3651196747
93,10,5,WARRIOR,381.93759412333725,1810726.2156921113
93,10,5,ROGUE,395.2149518762112,1750750.2993692993
93,10,5,RANGER,390.0478646440236,1775511.3468754408
93,10,5,MAGE,393.9931020918816,1758282.0720956333
93,10,5,CLERIC,399.59833919793743,1834021.7423913728
93,10,5,PALADIN,405.9939104744336,1804266.775563198
94,10,5,WARRIOR,388.8822040504704,1834651.8973323973
94,10,5,ROGUE,402.83416362434565,1771763.3930077257
94,10,5,RANGER,397.4291384823537,1797656.3574721937
94,10,5,MAGE,401.4636535119809,1780093.6451490568
94,10,5,CLERIC,407.33435039322586,1857513.0570428884
94,10,5,PALADIN,414.00125895980614,1826841.846055661
95,10,5,WARRIOR,395.87515635182126,1858731.90561132
95,10,5,ROGUE,410.5185441610092,1792978.8484142483
95,10,5,RANGER,404.87243853159305,1819866.3938691516
95,10,5,MAGE,408.99622709427337,1802061.867993989
95,10,5,CLERIC,415.14482417386154,1881152.2030091358
95,10,5,PALADIN,422.08537300758917,1849543.049934032
96,10,5,WARRIOR,402.8759033356308,1883014.500169801
96,10,5,ROGUE,418.22091018847584,1814545.4317922604
96,10,5,RANGER,412.3249985827596,1842516.8847057284
96,10,5,MAGE,416.5519424155297,1824350.023806703
96,10,5,CLERIC,422.97769944049344,1905184.5595310656
96,10,5,PALADIN,430.1985694137201,1872435.1590656636
97,10,5,WARRIOR,409.6505532149317,1906879.7986650127
97,10,5,ROGUE,425.6871645754269,1835555.1803031866
97,10,5,RANGER,419.54332320127946,1864598.2722198982
97,10,5,MAGE,423.87118345715095,1846064.700583974
97,10,5,CLERIC,430.57130287008323,1928596.0704179977
97,10,5,PALADIN,438.06608239802677,1894951.429943756
98,10,5,WARRIOR,416.61837142311964,1931271.6083584346
98,10,5,ROGUE,433.35934823657897,1857266.0247786092
98,10,5,RANGER,426.9572697465454,1887329.2434002873
98,10,5,MAGE,431.3911473339341,1868470.869723374
98,10,5,CLERIC,438.37732860427053,1952797.55179876
98,10,5,PALADIN,446.1696830864563,1917968.9678661549
99,10,5,WARRIOR,423.63276590323125,1955859.6126786994
99,10,5,ROGUE,441.09224991191195,1879029.5022821645
99,10,5,RANGER,434.43007002359826,1910135.140144475
99,10,5,MAGE,438.96223147434324,1890974.7779428633
99,10,5,CLERIC,446.2463132193885,1977091.9555558295
99,10,5,PALADIN,454.33635809359663,1941171.6748537498
100,10,5,WARRIOR,430.69817281281416,1980666.1594156628
100,10,5,ROGUE,448.89052487767964,1900929.465725574
100,10,5,RANGER,441.9557266708121,1933135.167742412
100,10,5,MAGE,446.59185171882905,1913668.9488360125
100,10,5,CLERIC,454.17910118805395,2001616.1092825981
100,10,5,PALADIN,462.5764999935531,1964602.0386901747
20,10,12,WARRIOR,8.837401706684048,728234.7828131932
20,10,12,ROGUE,8.830349766989642,729824.6086006437
20,10,12,RANGER,8.857248207944982,726725.5485429638
20,10,12,MAGE,8.883460907180243,724782.2461621785
20,10,12,CLERIC,8.775400044913242,739859.3188652961
20,10,12,PALADIN,8.858329435742501,732545.4446091149
21,10,12,WARRIOR,9.77073944583595,767449.5343027184
21,10,12,ROGUE,9.761225048649878,769815.7787622513
21,10,12,RANGER,9.793313175081801,765436.9354870943
21,10,12,MAGE,9.821443145666196,763731.5503180267
21,10,12,CLERIC,9.70665584790178,779652.9508806973
21,10,12,PALADIN,9.79409451726326,772403.5181777956
22,10,12,WARRIOR,10.740624743556793,807474.2875364604
22,10,12,ROGUE,10.732203896515971,809596.1948990418
22,10,12,RANGER,10.76733051069021,805293.0915783859
22,10,12,MAGE,10.796000367209274,803233.4098319047
22,10,12,CLERIC,10.675724562397921,819930.6003857664
22,10,12,PALADIN,10.770760619781791,812738.0689737534
23,10,12,WARRIOR,11.752818960248936,847286.1943743478
23,10,12,ROGUE,11.75072349971243,849039.0400424415
23,10,12,RANGER,11.784211286015367,844834.9826614792
23,10,12,MAGE,11.816485498270236,842592.7701986759
23,10,12,CLERIC,11.68873599793423,860241.1171128392
23,10,12,PALADIN,11.788306568964884,853085.4339566978
24,10,12,WARRIOR,12.808581058508485,887614.1030428775
24,10,12,ROGUE,12.809776488168495,888969.7361634568
24,10,12,RANGER,12.841238300046776,885292.6979759102
24,10,12,MAGE,12.878723652166718,882979.128571241
24,10,12,CLERIC,12.74167606974937,901739.0892771301
24,10,12,PALADIN,12.84965100509539,893969.8047398232
25,10,12,WARRIOR,13.904890949872996,928792.9996400267
25,10,12,ROGUE,13.915017961736874,929321.8016720321
25,10,12,RANGER,13.943246650190277,925408.3319844246
25,10,12,MAGE,13.984092243369606,922961.4684942885
25,10,12,CLERIC,13.83752771862819,942835.3697125162
25,10,12,PALADIN,13.954944145321646,935547.0040972411
26,10,12,WARRIOR,15.04013938305639,969510.3593206726
26,10,12,ROGUE,15.056747438123299,970000.8374996295
26,10,12,RANGER,15.080492883883029,966478.2170731769
26,10,12,MAGE,15.12632234097287,963533.9176609538
26,10,12,CLERIC,14.971479079784519,984530.1053055439
26,10,12,PALADIN,15.097102216452962,976917.9277614485
27,10,12,WARRIOR,16.21194252772361,1011167.80712532
27,10,12,ROGUE,16.23760741988614,1010413.2308868844
27,10,12,RANGER,16.255562488518333,1008139.89128799
27,10,12,MAGE,16.301212008493533,1005275.1402142162
27,10,12,CLERIC,16.138955211998397,1027491.8028876954
27,10,12,PALADIN,16.27773092041667,1019135.7762704286
28,10,12,WARRIOR,17.42826279473084,1053002.8525303416
28,10,12,ROGUE,17.46112141890456,1051548.3225276093
28,10,12,RANGER,17.47195024341304,1049711.7447958856
28,10,12,MAGE,17.525541409360095,1046549.5193035348
28,10,12,CLERIC,17.3564071078835,1069839.5200447864
28,10,12,PALADIN,17.505007607658477,1061537.470676119
29,10,12,WARRIOR,18.68122290105459,1094775.2180530678
29,10,12,ROGUE,18.727596756026433,1093407.4666259915
29,10,12,RANGER,18.73211111448177,1091563.6390386466
29,10,12,MAGE,18.79576368272126,1087906.6970977962
29,10,12,CLERIC,18.615998622226694,1112655.9630418825
29,10,12,PALADIN,18.772710234997614,1103695.2338332746
30,10,12,WARRIOR,19.979225501649825,1136492.6219549894
30,10,12,ROGUE,20.034104036783376,1134429.584211595
30,10,12,RANGER,20.032401639780804,1134045.200670636
30,10,12,MAGE,20.104523756495837,1129814.4089417143
30,10,12,CLERIC,19.9206022010779,1155594.6272424627
30,10,12,PALADIN,20.083708012123306,1145945.4622924887
31,10,12,WARRIOR,21.31473187367845,1178642.3187909622
31,10,12,ROGUE,21.3791636825798,1176447.1940263007
31,10,12,RANGER,21.371218688126046,1176148.2050607405
31,10,12,MAGE,21.451780092585583,1171599.6477460968
31,10,12,CLERIC,21.259902808825675,1198790.4579892936
31,10,12,PALADIN,21.43556239440938,1188536.1009536495
32,10,12,WARRIOR,22.695106923132872,1220671.8459767357
32,10,12,ROGUE,22.764568551176986,1218460.3290478743
32,10,12,RANGER,22.7515431998812,1218592.9958212578
32,10,12,MAGE,22.837009694925513,1214051.6258641642
32,10,12,CLERIC,22.63326173403439,1242854.7674902815
32,10,12,PALADIN,22.834795574798374,1230985.237328896
33,10,12,WARRIOR,24.112186563532248,1263471.957726803
33,10,12,ROGUE,24.191304796550877,1261364.6620810053
33,10,12,RANGER,24.172908459577954,1261279.8197611806
33,10,12,MAGE,24.26020751325509,1256823.1916747084
33,10,12,CLERIC,24.048251736426185,1287096.4083686795
33,10,12,PALADIN,24.268374264377865,1274450.0018033194
34,10,12,WARRIOR,25.564757143099023,1306545.7433463803
34,10,12,ROGUE,25.651219989996115,1304609.8811499479
34,10,12,RANGER,25.62485401339095,1304797.9090935509
34,10,12,MAGE,25.71737121505387,1300062.345327466
34,10,12,CLERIC,25.500425414587287,1331654.2988171005
34,10,12,PALADIN,25.737503178817715,1318266.8041561975
35,10,12,WARRIOR,27.05788649828671,1350167.2563122485
35,10,12,ROGUE,27.152923695978274,1347386.007014737
35,10,12,RANGER,27.113953891548874,1348591.5714748309
35,10,12,MAGE,27.216812208828223,1343560.134611898
35,10,12,CLERIC,26.995188014281204,1376595.7744150755
35,10,12,PALADIN,27.247798302830088,1362704.922516379
36,10,12,WARRIOR,28.58151147961582,1394191.2271126544
36,10,12,ROGUE,28.686138020298593,1390741.0426516777
36,10,12,RANGER,28.630007915619075,1392547.0412025175
36,10,12,MAGE,28.743300220608656,1387100.1679171736
36,10,12,CLERIC,28.518130916995226,1421557.628741381
36,10,12,PALADIN,28.79042551968923,1407552.2380621426
37,10,12,WARRIOR,30.134243093885033,1438808.8491195012
37,10,12,ROGUE,30.24799277877421,1434478.4009254305
37,10,12,RANGER,30.18601410102725,1436871.9249363889
37,10,12,MAGE,30.304523226809916,1431565.7740366573
37,10,12,CLERIC,30.074944988388477,1467553.6964253976
37,10,12,PALADIN,30.36660715044942,1452881.0164373943
38,10,12,WARRIOR,31.727720138904186,1483546.3569058604
38,10,12,ROGUE,31.857352953284995,1478396.6242130445
38,10,12,RANGER,31.78482781134145,1481865.0101572517
38,10,12,MAGE,31.9051482786538,1476784.8953713763
38,10,12,CLERIC,31.678061956681272,1514098.041353944
38,10,12,PALADIN,31.982950538578613,1498488.2259280737
39,10,12,WARRIOR,33.3523267999249,1528217.9802854045
39,10,12,ROGUE,33.486829078955886,1523722.2485202514
39,10,12,RANGER,33.40441153930603,1527437.6354441235
39,10,12,MAGE,33.537927030452245,1521738.4508786022
39,10,12,CLERIC,33.31018746310595,1560530.0610383619
39,10,12,PALADIN,33.63309047091938,1543994.2281664633
40,10,12,WARRIOR,35.025937202212134,1573265.5987009457
40,10,12,ROGUE,35.16184642557541,1568994.810305875
40,10,12,RANGER,35.072414491159755,1572389.2227722248
40,10,12,MAGE,35.21879046575556,1566389.2667932513
40,10,12,CLERIC,34.98946572745202,1606799.6704473856
40,10,12,PALADIN,35.330566487293645,1590029.8264451402
41,10,12,WARRIOR,36.71705012424267,1619187.131355266
41,10,12,ROGUE,36.86914749389248,1614588.7461830014
41,10,12,RANGER,36.7613367753358,1618558.0634929587
41,10,12,MAGE,36.92295824427782,1611903.8961138385
41,10,12,CLERIC,36.69848076283644,1653784.1414258354
41,10,12,PALADIN,37.053178388009975,1636654.5972105737
42,10,12,WARRIOR,38.44418438133725,1664859.9171756876
42,10,12,ROGUE,38.60983901453399,1660025.1114326897
42,10,12,RANGER,38.48717306929404,1664369.5942455714
42,10,12,MAGE,38.65998950478343,1657456.0904775122
42,10,12,CLERIC,38.44190636813622,1700738.0532561708
42,10,12,PALADIN,38.81564237134815,1682966.3042165728
43,10,12,WARRIOR,40.21208381212404,1711072.323656972
43,10,12,ROGUE,40.38436238926449,1705828.0433149277
43,10,12,RANGER,40.24905436544706,1711229.05303902
43,10,12,MAGE,40.43617175697837,1703805.840945124
43,10,12,CLERIC,40.22239294301986,1748804.1232317307
43,10,12,PALADIN,40.61535819485939,1730095.1089825362
44,10,12,WARRIOR,42.00650694062112,1758274.6862743045
44,10,12,ROGUE,42.18929849519997,1752233.547943699
44,10,12,RANGER,42.04389661643555,1758213.684363946
44,10,12,MAGE,42.24612495956703,1750155.7748376685
44,10,12,CLERIC,42.03693218595412,1796809.0232744853
44,10,12,PALADIN,42.44646022890837,1778097.5543774106
45,10,12,WARRIOR,43.83096020551702,1805140.054062539
45,10,12,ROGUE,44.03568886075378,1797942.3562069547
45,10,12,RANGER,43.86806096915454,1804922.2429884388
45,10,12,MAGE,44.08634707529899,1796221.4750917407
45,10,12,CLERIC,43.88223278211614,1844589.6492301635
45,10,12,PALADIN,44.30871470118707,1825772.567723177
46,10,12,WARRIOR,45.67524751288776,1852147.026704781
46,10,12,ROGUE,45.899489017410005,1844879.723887136
46,10,12,RANGER,45.71547485404629,1852265.2139750265
46,10,12,MAGE,45.95028999652886,1842902.3871535298
46,10,12,CLERIC,45.75140168189589,1893098.0815014648
46,10,12,PALADIN,46.19305325958156,1873652.8172024975
47,10,12,WARRIOR,47.55141053934037,1900103.4690705806
47,10,12,ROGUE,47.790936064141924,1892006.4871954604
47,10,12,RANGER,47.591122529666976,1900015.259014584
47,10,12,MAGE,47.84740820284992,1890037.811538422
47,10,12,CLERIC,47.65524700159874,1942145.6990222926
47,10,12,PALADIN,48.11119789648734,1922510.693591629
48,10,12,WARRIOR,49.454019982174856,1948499.3239120354
48,10,12,ROGUE,49.7184710043546,1939579.7751715637
48,10,12,RANGER,49.49798022163879,1947703.684186977
48,10,12,MAGE,49.77425118193165,1937173.2978978802
48,10,12,CLERIC,49.58705442545117,1991232.326542889
48,10,12,PALADIN,50.06042782495009,1971767.1442532944
49,10,12,WARRIOR,51.383372284258456,1997113.3973029957
49,10,12,ROGUE,51.674188603681536,1987316.3872994732
49,10,12,RANGER,51.431604290277576,1996473.4945942676
49,10,12,MAGE,51.73350526640804,1985079.8246447593
49,10,12,CLERIC,51.54806951474381,2041434.4984811018
49,10,12,PALADIN,52.04179021785884,2021085.6961720304
50,10,12,WARRIOR,53.34389027474256,2046572.0183739797
50,10,12,ROGUE,53.658675872419415,2035791.0982974574
50,10,12,RANGER,53.399126318439585,2045501.5763953014
50,10,12,MAGE,53.72680372348359,2033353.4205246153
50,10,12,CLERIC,53.54596145050056,2091884.0742741558
50,10,12,PALADIN,54.05817136373656,2071300.3624205547
51,10,12,WARRIOR,55.319012875474314,2096568.6135086438
51,10,12,ROGUE,55.659611386110164,2085236.1408862367
51,10,12,RANGER,55.3838390572834,2095487.8282266299
51,10,12,MAGE,55.735397015072834,2082495.0653641329
51,10,12,CLERIC,55.56490390019608,2143137.3428431284
51,10,12,PALADIN,56.09076250123557,2122094.35550779
52,10,12,WARRIOR,57.3216584559449,2146839.0036129053
52,10,12,ROGUE,57.6957017933777,2134402.1735538477
52,10,12,RANGER,57.39830737705282,2145557.9441744047
52,10,12,MAGE,57.772489736025626,2132015.502755679
52,10,12,CLERIC,57.615682898351714,2194751.4821718372
52,10,12,PALADIN,58.160951578818676,2172953.940862378
53,10,12,WARRIOR,59.351542754549996,2197795.8081805725
53,10,12,ROGUE,59.756863429737166,2184230.768796462
53,10,12,RANGER,59.44092909770884,2195900.54330142
53,10,12,MAGE,59.83893921055656,2181615.4482309013
53,10,12,CLERIC,59.69793068693531,2246450.7618913027
53,10,12,PALADIN,60.26253931034469,2224397.762840194
54,10,12,WARRIOR,61.408588748059024,2248936.558640018
54,10,12,ROGUE,61.846788756136775,2233803.1533818585
54,10,12,RANGER,61.51335144684445,2246697.7056505275
54,10,12,MAGE,61.93527491358063,2231774.577457976
54,10,12,CLERIC,61.813532111336336,2298701.737858483
54,10,12,PALADIN,62.39458890282777,2276069.565842813
55,10,12,WARRIOR,63.498830173313294,2300125.707652529
55,10,12,ROGUE,63.967392617066906,2284013.2432726193
55,10,12,RANGER,63.61987491628333,2297422.0881026965
55,10,12,MAGE,64.06375583134628,2281994.7582353256
55,10,12,CLERIC,63.964914577848404,2350972.332722817
55,10,12,PALADIN,64.56366062748963,2327827.2818534845
56,10,12,WARRIOR,65.60832561247096,2352587.6517440183
56,10,12,ROGUE,66.10870508501341,2335015.2608721103
56,10,12,RANGER,65.74683073666614,2349067.6663729856
56,10,12,MAGE,66.21495083174409,2333016.8092255155
56,10,12,CLERIC,66.14023078612098,2404116.7850500876
56,10,12,PALADIN,66.76059802452265,2380680.732018299
57,10,12,WARRIOR,67.8235567154025,2401943.537605778
57,10,12,ROGUE,68.36683236444962,2383584.4990784936
57,10,12,RANGER,67.98512239934553,2397646.723058179
57,10,12,MAGE,68.47804479036054,2381001.0383496163
57,10,12,CLERIC,68.4310883890157,2454189.0501256087
57,10,12,PALADIN,69.07215712656642,2430289.5223383126
58,10,12,WARRIOR,70.07966254313142,2451611.3352680393
58,10,12,ROGUE,70.664079624617,2431990.272326871
58,10,12,RANGER,70.26297891120097,2446681.8778743064
58,10,12,MAGE,70.77876276748046,2429571.618147987
58,10,12,CLERIC,70.76618029701449,2504777.8694362855
58,10,12,PALADIN,71.42911823877509,2480240.312785052
59,10,12,WARRIOR,72.36523325098514,2501732.648288471
59,10,12,ROGUE,72.99623816106352,2480431.7737647374
59,10,12,RANGER,72.57390870230768,2495720.9621016416
59,10,12,MAGE,73.11334942389315,2477909.05135711
59,10,12,CLERIC,73.13544288373532,2555181.123632181
59,10,12,PALADIN,73.82357507198697,2530551.709841108
60,10,12,WARRIOR,74.67876408662954,2552143.889478526
60,10,12,ROGUE,75.35926511389782,2529609.586152187
60,10,12,RANGER,74.91609357924904,2545119.0327122672
60,10,12,MAGE,75.4785196456876,2526863.596693458
60,10,12,CLERIC,75.5371147353543,2606298.156406233
60,10,12,PALADIN,76.25136708455926,2581125.662399494
61,10,12,WARRIOR,77.01179648299261,2602708.6023342577
61,10,12,ROGUE,77.7417285039192,2579024.989808302
61,10,12,RANGER,77.27683625939943,2594927.511840382
61,10,12,MAGE,77.86370275711174,2576181.3017128687
61,10,12,CLERIC,77.96295448399768,2657795.3400615533
61,10,12,PALADIN,78.70395293672716,2631839.818185803
62,10,12,WARRIOR,79.27235478431379,2651510.3485243274
62,10,12,ROGUE,80.05637671243744,2626277.959627366
62,10,12,RANGER,79.5669039450111,2642978.5549760046
62,10,12,MAGE,80.17903322118634,2623652.937042578
62,10,12,CLERIC,80.31806015854598,2707382.089043927
62,10,12,PALADIN,81.0858821960303,2680740.2131914124
63,10,12,WARRIOR,81.6306002116043,2702681.4537452986
63,10,12,ROGUE,82.47491824907976,2675544.157056041
63,10,12,RANGER,81.95826780056223,2692566.6384506747
63,10,12,MAGE,82.59653748771845,2672624.067719836
63,10,12,CLERIC,82.77409353611648,2758789.71224085
63,10,12,PALADIN,83.57514949763996,2731943.998125274
64,10,12,WARRIOR,84.01855641891595,2753848.662864057
64,10,12,ROGUE,84.92479859057642,2724755.012261836
64,10,12,RANGER,84.38201474566763,2742951.8668477098
64,10,12,MAGE,85.04696882712729,2722464.9295924925
64,10,12,CLERIC,85.26666542161146,2811101.0154414694
64,10,12,PALADIN,86.10227048332293,2783092.840117542
65,10,12,WARRIOR,86.43588731062145,2805078.574495133
65,10,12,ROGUE,87.41023656141871,2774136.0727769695
65,10,12,RANGER,86.83925465776629,2793506.174350897
65,10,12,MAGE,87.53417193287167,2772150.8306903257
65,10,12,CLERIC,87.79656474745065,2863363.724402437
65,10,12,PALADIN,88.66572749586086,2834199.730800507
66,10,12,WARRIOR,88.86740195228745,2857148.96347844
66,10,12,ROGUE,89.91379080810891,2824402.710836402
66,10,12,RANGER,89.31316852017777,2844325.385008683
66,10,12,MAGE,90.03726948628307,2822216.6610818
66,10,12,CLERIC,90.34555263832556,2916022.5793531956
66,10,12,PALADIN,91.25094229830368,2886065.860575729
67,10,12,WARRIOR,91.30701936741191,2908739.3091739696
67,10,12,ROGUE,92.42980104864573,2874077.0176243098
67,10,12,RANGER,91.79868808007319,2894645.5669193934
67,10,12,MAGE,92.55357021781063,2871738.7008897094
67,10,12,CLERIC,92.90717991519269,2968225.471128574
67,10,12,PALADIN,93.8510783513725,2937353.387063863
68,10,12,WARRIOR,93.67933784236592,2959255.0643769433
68,10,12,ROGUE,94.87913546521078,2921562.9417980826
68,10,12,RANGER,94.2184563150095,2943574.0183987543
68,10,12,MAGE,95.00408775135,2919935.758854314
68,10,12,CLERIC,95.40425695963756,3019097.5106001627
68,10,12,PALADIN,96.38523713247663,2987510.0657710135
69,10,12,WARRIOR,96.13880964057623,3010948.7958838535
69,10,12,ROGUE,97.42327060880461,2971097.8804517845
69,10,12,RANGER,96.73025711210948,2993854.4272074094
69,10,12,MAGE,97.54647173924725,2969427.1448052605
69,10,12,CLERIC,97.99764404167888,3071283.14543452
69,10,12,PALADIN,99.01769830928605,3038762.82233054
70,10,12,WARRIOR,98.62514563154328,3063187.533873481
70,10,12,ROGUE,100.0008003193173,3020594.4174743793
70,10,12,RANGER,99.27580766661544,3044247.3207058166
70,10,12,MAGE,100.12087953988433,3019135.974825149
70,10,12,CLERIC,100.62442682082073,3123749.8183190767
70,10,12,PALADIN,101.68617877709684,3090493.4730744553
71,10,12,WARRIOR,101.12087199916407,3115939.528810676
71,10,12,ROGUE,102.59510164456537,3071029.559520787
71,10,12,RANGER,101.8315875498065,3095519.7537141703
71,10,12,MAGE,102.71107196988623,3069621.6065434297
71,10,12,CLERIC,103.26701497041029,3177125.472073636
71,10,12,PALADIN,104.37116212444985,3142710.324130435
72,10,12,WARRIOR,103.64285113563817,3169180.610635056
72,10,12,ROGUE,105.22147670744332,3121262.069322084
72,10,12,RANGER,104.41908980718132,3146889.8926362903
72,10,12,MAGE,105.33039429311519,3120336.9391211225
72,10,12,CLERIC,105.94298537046697,3230707.6672243048
72,10,12,PALADIN,107.09274817311939,3195238.4675883213
73,10,12,WARRIOR,106.10238752757601,3220351.5787870046
73,10,12,ROGUE,107.7881290471212,3169705.9293110063
73,10,12,RANGER,106.94883251001225,3196458.476701896
73,10,12,MAGE,107.8914160378891,3169298.137837195
73,10,12,CLERIC,108.56129518339834,3282478.4418839044
73,10,12,PALADIN,109.75523920714092,3245660.7824451174
74,10,12,WARRIOR,108.73124835302808,3271418.8631413234
74,10,12,ROGUE,110.54126352984136,3217456.758502554
74,10,12,RANGER,109.65786696171224,3245327.200275164
74,10,12,MAGE,110.62805809094077,3217695.773954382
74,10,12,CLERIC,111.3633157342718,3333605.447648784
74,10,12,PALADIN,112.60915153831877,3295664.6811579447
75,10,12,WARRIOR,111.38264949751046,3322750.486001611
75,10,12,ROGUE,113.32337767269195,3265524.364101928
75,10,12,RANGER,112.39326484142771,3294707.106871121
75,10,12,MAGE,113.39579577119282,3266220.0788055193
75,10,12,CLERIC,114.19678336989843,3385018.0038380516
75,10,12,PALADIN,115.49515918579517,3345911.8008647077
76,10,12,WARRIOR,114.04132765390588,3374945.890607736
76,10,12,ROGUE,116.11991151715931,3314161.253413729
76,10,12,RANGER,115.14337965693693,3344996.189403548
76,10,12,MAGE,116.17813451233252,3315940.3277955553
76,10,12,CLERIC,117.04741690577735,3437643.6496792054
76,10,12,PALADIN,118.39807941962285,3396931.869347051
77,10,12,WARRIOR,116.72763300091066,3427343.8411912187
77,10,12,ROGUE,118.95200998754117,3363375.5325311753
77,10,12,RANGER,117.9243731285661,3395328.5514901644
77,10,12,MAGE,118.99268985137714,3365569.497380054
77,10,12,CLERIC,119.93220268070276,3490261.999226605
77,10,12,PALADIN,121.3403581379947,3448047.4019137784
78,10,12,WARRIOR,119.3224770902712,3478053.5292485747
78,10,12,ROGUE,121.69393064713337,3410457.088783963
78,10,12,RANGER,120.61585519904037,3443960.072678778
78,10,12,MAGE,121.71511994397281,3413553.3515988137
78,10,12,CLERIC,122.72483215685834,3541193.1349764187
78,10,12,PALADIN,124.19052010420987,3497484.4769594944
79,10,12,WARRIOR,122.0034599823507,3530511.0552791785
79,10,12,ROGUE,124.53333057463304,3459104.099980981
79,10,12,RANGER,123.40122211183679,3494223.11370399
79,10,12,MAGE,124.53396166694263,3463071.2767204936
79,10,12,CLERIC,125.619087264292,3593686.817077546
79,10,12,PALADIN,127.14326640749125,3548517.1865414428
80,10,12,WARRIOR,124.70889173141937,3583498.1740913726
80,10,12,ROGUE,127.40233477648917,3508143.200704351
80,10,12,RANGER,126.2122990650505,3544518.7568006134
80,10,12,MAGE,127.38153874355952,3512647.8406010238
80,10,12,CLERIC,128.5437553404684,3646337.0474204477
80,10,12,PALADIN,130.1302946305887,3599996.4046986853
81,10,12,WARRIOR,127.42087421279109,3637040.972883062
81,10,12,ROGUE,130.2871920671328,3557753.38567937
81,10,12,RANGER,129.0382977073525,3595624.8381759543
81,10,12,MAGE,130.24477411929513,3563064.9387893574
81,10,12,CLERIC,131.48436471683178,3700001.6825971887
81,10,12,PALADIN,133.13395607249151,3651916.1064759996
82,10,12,WARRIOR,130.15592996040704,3691393.713937223
82,10,12,ROGUE,133.20149192756924,3607662.6412623497
82,10,12,RANGER,131.89187697526802,3646937.0027253153
82,10,12,MAGE,133.13890961192578,3613653.9585036854
82,10,12,CLERIC,134.45595356168036,3753909.6917412253
82,10,12,PALADIN,136.17421742893302,3704464.5929451743
83,10,12,WARRIOR,132.80800476895243,3743900.524784023
83,10,12,ROGUE,136.03847619871283,3656332.7892502984
83,10,12,RANGER,134.66832132165268,3696767.372063879
83,10,12,MAGE,135.95173629891923,3662604.6979471967
83,10,12,CLERIC,137.3473450317596,3806074.077217296
83,10,12,PALADIN,139.13317857607905,3755038.061621084
84,10,12,WARRIOR,135.55281714750274,3798823.8401173404
84,10,12,ROGUE,138.97891679346034,3706619.708121369
84,10,12,RANGER,137.54316958377356,3748301.221519339
84,10,12,MAGE,138.86564251064294,3713434.6772311092
84,10,12,CLERIC,140.3465289316697,3860302.576587239
84,10,12,PALADIN,142.2057318212786,3807882.3107359
85,10,12,WARRIOR,138.3188257176988,3854114.258644164
85,10,12,ROGUE,141.95024874048127,3757185.451732177
85,10,12,RANGER,140.44482777470793,3800293.8401631713
85,10,12,MAGE,141.81045492697544,3764574.0164214717
85,10,12,CLERIC,143.37642904753451,3914966.4643544997
85,10,12,PALADIN,145.31238852827926,3860971.276656254
86,10,12,WARRIOR,141.0906399123605,3910284.837322982
86,10,12,ROGUE,144.93262710074538,3808543.4900300736
86,10,12,RANGER,143.35612852062172,3853348.9465226266
86,10,12,MAGE,144.76526702390672,3816795.8593186093
86,10,12,CLERIC,146.4164219036431,3970896.79988303
86,10,12,PALADIN,148.43311076771596,3914866.4855300444
87,10,12,WARRIOR,143.88451321716676,3967248.6226050295
87,10,12,ROGUE,147.94777131574293,3860439.8387225005
87,10,12,RANGER,146.29742704937257,3906445.113399901
87,10,12,MAGE,147.7470672360484,3868997.50368127
87,10,12,CLERIC,149.49025826747,4026727.710229593
87,10,12,PALADIN,151.59019878655846,3969430.59687679
88,10,12,WARRIOR,146.60129807937784,4021556.942870843
88,10,12,ROGUE,150.8880697780118,3908905.0358999935
88,10,12,RANGER,149.16343763266303,3956923.279456888
88,10,12,MAGE,150.64901473462066,3918964.5824435838
88,10,12,CLERIC,152.48371731220146,4080216.0611263863
88,10,12,PALADIN,154.66974077620338,4021239.7986102523
89,10,12,WARRIOR,149.4710206739909,4075593.3964027753
89,10,12,ROGUE,154.00458057826538,3957478.0046251058
89,10,12,RANGER,152.1955987644909,4007093.4118713047
89,10,12,MAGE,153.71371562639024,3968589.0989077617
89,10,12,CLERIC,155.6520587133911,4133321.4904477857
89,10,12,PALADIN,157.93385969408436,4072445.8504865575
90,10,12,WARRIOR,152.35996011228303,4130473.731656387
90,10,12,ROGUE,157.15314318443887,4006182.134223076
90,10,12,RANGER,155.2534236778002,4057914.448121667
90,10,12,MAGE,156.8070832680987,4018979.423174506
90,10,12,CLERIC,158.84687532858047,4187425.859410792
90,10,12,PALADIN,161.23100951071777,4124357.438392123
91,10,12,WARRIOR,155.25151805532153,4185784.146123042
91,10,12,ROGUE,160.30719066160324,4055427.831274541
91,10,12,RANGER,158.31757803756304,4109706.3423249624
91,10,12,MAGE,159.90581729768132,4070124.4942102386
91,10,12,CLERIC,162.0522329508458,4242311.034807077
91,10,12,PALADIN,164.5395000572255,4176641.892287199
92,10,12,WARRIOR,158.13287127813902,4241104.323878262
92,10,12,ROGUE,163.45674959236953,4104962.77561684
92,10,12,RANGER,161.37662374805348,4161178.1017515548
92,10,12,MAGE,163.0004347087009,4120981.159577507
92,10,12,CLERIC,165.25531260765572,4296886.816270524
92,10,12,PALADIN,167.84648862664596,4228834.611362365
93,10,12,WARRIOR,160.98196115942312,4296036.707818539
93,10,12,ROGUE,166.57820285691554,4153740.906346767
93,10,12,RANGER,164.4003396433488,4212487.705331928
93,10,12,MAGE,166.06320831971874,4171610.406344541
93,10,12,CLERIC,168.42574627351087,4351306.486850118
93,10,12,PALADIN,171.12140028261257,4280711.3694734685
94,10,12,WARRIOR,163.90902815350407,4352801.560337648
94,10,12,ROGUE,169.78960615571597,4203595.501057545
94,10,12,RANGER,167.51145506281023,4265027.82851246
94,10,12,MAGE,169.21195313314905,4223359.432608545
94,10,12,CLERIC,171.6863790913597,4407040.782395871
94,10,12,PALADIN,174.49639840454634,4334271.830837942
95,10,12,WARRIOR,166.85647085903213,4409932.560371955
95,10,12,ROGUE,173.0284772910039,4253930.208982824
95,10,12,RANGER,170.64871376124998,4317722.228591517
95,10,12,MAGE,172.3868395190739,4275480.118181817
95,10,12,CLERIC,174.9783969658425,4463125.814982459
95,10,12,PALADIN,177.9037522593971,4388131.549843487
96,10,12,WARRIOR,169.80719892658823,4467544.206285214
96,10,12,ROGUE,176.27492908770472,4305097.985232617
96,10,12,RANGER,173.78987543570858,4371461.628419473
96,10,12,MAGE,175.5714798610911,4328359.8604041375
96,10,12,CLERIC,178.2798567889683,4520143.758887431
96,10,12,PALADIN,181.32336396776634,4442444.200920496
97,10,12,WARRIOR,172.66262986745053,4524165.796832678
97,10,12,ROGUE,179.421862754932,4354944.643464424
97,10,12,RANGER,176.83230977905168,4423850.802717797
97,10,12,MAGE,178.65644922574137,4379878.995503152
97,10,12,CLERIC,181.4804664989607,4575688.716089759
97,10,12,PALADIN,184.6394231594989,4495865.157317538
98,10,12,WARRIOR,175.5994788642901,4582036.561007267
98,10,12,ROGUE,182.65559305839278,4406454.686239446
98,10,12,RANGER,179.95719633945305,4477781.1461065635
98,10,12,MAGE,181.8260207771127,4433038.730128006
98,10,12,CLERIC,184.7706095770066,4633107.917012744
98,10,12,PALADIN,188.05499039181217,4550475.394349112
99,10,12,WARRIOR,178.55595918235366,4640372.806551424
99,10,12,ROGUE,185.91491525212825,4458089.603453761
99,10,12,RANGER,183.10688901821078,4531889.254068266
99,10,12,MAGE,185.01713888588017,4486430.3555115005
99,10,12,CLERIC,188.08728904288282,4690747.580828535
99,10,12,PALADIN,191.49714266754904,4605524.954064778
100,10,12,WARRIOR,181.53394060705392,4699227.554692062
100,10,12,ROGUE,189.2017914773691,4510048.340250871
100,10,12,RANGER,186.27886000174726,4586457.946996703
100,10,12,MAGE,188.23292923686182,4540273.388414853
100,10,12,CLERIC,191.43086083132852,4748932.337709694
100,10,12,PALADIN,194.97026032786118,4661114.640813945
20,12,1,WARRIOR,124.93660059841567,51511.75301452545
20,12,1,ROGUE,124.83690552940257,51624.20948492764
20,12,1,RANGER,125.21717564565357,51404.997192359435
20,12,1,MAGE,125.58775125641088,51267.53752326089
20,12,1,CLERIC,124.06006730161663,52334.0156201527
20,12,1,PALADIN,125.23246123863417,51816.6680652772
21,12,1,WARRIOR,138.1314341264259,54285.61199644748
21,12,1,ROGUE,137.99692666816782,54452.98851161558
21,12,1,RANGER,138.4505646908623,54143.250637783385
21,12,1,MAGE,138.84824525539858,54022.620064104514
21,12,1,CLERIC,137.2254679673958,55148.82176826013
21,12,1,PALADIN,138.46161072444727,54636.03249246543
22,12,1,WARRIOR,151.8429498059695,57116.76652477046
22,12,1,ROGUE,151.72390214486305,57266.859833358016
22,12,1,RANGER,152.22049604328708,56962.47943203562
22,12,1,MAGE,152.62580911289973,56816.787658012676
22,12,1,CLERIC,150.9254394017432,57997.86493713463
22,12,1,PALADIN,152.2689883698563,57489.100579280755
23,12,1,WARRIOR,166.15259745763694,59932.86534409394
23,12,1,ROGUE,166.12297339789532,60056.85304045009
23,12,1,RANGER,166.59639876896233,59759.47866260117
23,12,1,MAGE,167.05266753436936,59600.87556190359
23,12,1,CLERIC,165.2466402845211,60849.23297192069
23,12,1,PALADIN,166.65429482791527,60343.075078767826
24,12,1,WARRIOR,181.0781753565611,62785.463599426854
24,12,1,ROGUE,181.09507545038198,62881.35443042485
24,12,1,RANGER,181.53985910458283,62621.258802734286
24,12,1,MAGE,182.0697990825922,62457.608262320806
24,12,1,CLERIC,180.13232247626075,63784.595774110436
24,12,1,PALADIN,181.65879166027008,63235.03473194313
25,12,1,WARRIOR,196.5769877423221,65698.2565626094
25,12,1,ROGUE,196.72015589043698,65735.66142201614
25,12,1,RANGER,197.11923205465078,65458.84179085389
25,12,1,MAGE,197.69667661704875,65285.762681288084
25,12,1,CLERIC,195.62465657119463,66691.5448756426
25,12,1,PALADIN,197.2846025250374,66176.00167678126
26,12,1,WARRIOR,212.62628421928744,68578.40267039431
26,12,1,ROGUE,212.86107652719411,68613.0966886007
26,12,1,RANGER,213.19677194666002,68363.92381516231
26,12,1,MAGE,213.84467466355764,68155.65853080255
26,12,1,CLERIC,211.65561601028696,69640.82575670285
26,12,1,PALADIN,213.4315823149527,69102.37769186389
27,12,1,WARRIOR,229.19236397036713,71525.04599638186
27,12,1,ROGUE,229.55519509290014,71471.67097812913
27,12,1,RANGER,229.80903047493564,71310.86609665395
27,12,1,MAGE,230.4543893749772,71108.22767118589
27,12,1,CLERIC,228.16052368334985,72679.7253082836
27,12,1,PALADIN,230.1224312474592,72088.66101219397
28,12,1,WARRIOR,246.38779362746936,74484.25170464275
28,12,1,ROGUE,246.85232437314096,74381.36539376987
28,12,1,RANGER,247.0054142255059,74251.45490234421
28,12,1,MAGE,247.7630461989927,74027.77459706002
28,12,1,CLERIC,245.37195146635298,75675.19489914578
28,12,1,PALADIN,247.47275461023062,75087.94868860203
29,12,1,WARRIOR,264.10121003255597,77439.02374577874
29,12,1,ROGUE,264.7568090410796,77342.27572527819
29,12,1,RANGER,264.82062967728154,77211.85241466154
29,12,1,MAGE,265.72050225964773,76953.17829679277
29,12,1,CLERIC,263.1791177769695,78703.81985455757
29,12,1,PALADIN,265.39458979280937,78069.98186615398
30,12,1,WARRIOR,282.45140366057893,80389.90807171214
30,12,1,ROGUE,283.22723550040814,80243.97891094499
30,12,1,RANGER,283.2031682800384,80216.78950652211
30,12,1,MAGE,284.2227770281078,79917.5240721601
30,12,1,CLERIC,281.6226311171994,81741.09013781635
30,12,1,PALADIN,283.9284995439394,81058.55558518294
31,12,1,WARRIOR,301.3317976651404,83371.37067730802
31,12,1,ROGUE,302.2426865713733,83216.09832918353
31,12,1,RANGER,302.13036615958595,83194.94931775
31,12,1,MAGE,303.2692832696903,82873.20670603459
31,12,1,CLERIC,300.55666519928064,84796.55111990841
31,12,1,PALADIN,303.04000953665025,84071.20825053555
32,12,1,WARRIOR,320.84651159958435,86344.33307186341
32,12,1,ROGUE,321.8285083411492,86187.90122252646
32,12,1,RANGER,321.6443656296931,86197.285418702
32,12,1,MAGE,322.8526272557117,85876.05120537084
32,12,1,CLERIC,319.97219039683915,87913.44402497137
32,12,1,PALADIN,322.8213256750908,87073.85173893714
33,12,1,WARRIOR,340.8801276922893,89371.80283504429
33,12,1,ROGUE,341.9986423198663,89222.74308756071
33,12,1,RANGER,341.7385686148178,89216.74175841914
33,12,1,MAGE,342.9727375893513,88901.5017689461
33,12,1,CLERIC,339.97626474437806,91042.88048100228
33,12,1,PALADIN,343.0881930316951,90148.3357724955
34,12,1,WARRIOR,361.4154882387137,92418.6309440574
34,12,1,ROGUE,362.637835544847,92281.69755706983
34,12,1,RANGER,362.2650930128406,92294.99773061181
34,12,1,MAGE,363.57303227556554,91960.02720069453
34,12,1,CLERIC,360.5060141944595,94194.6868788795
34,12,1,PALADIN,363.857642978972,93247.72123712352
35,12,1,WARRIOR,382.5242385346022,95504.20259628945
35,12,1,ROGUE,383.86780362353596,95307.47067649319
35,12,1,RANGER,383.3168775648379,95392.74638726267
35,12,1,MAGE,384.77101181500296,95036.84724716615
35,12,1,CLERIC,381.63785408425,97373.6262068916
35,12,1,PALADIN,385.2090701243234,96391.05554554139
36,12,1,WARRIOR,404.0641132706472,98618.24213973005
36,12,1,ROGUE,405.54324534578996,98374.19303083989
36,12,1,RANGER,404.74971974826184,98501.94050114894
36,12,1,MAGE,406.3513619423303,98116.65542826052
36,12,1,CLERIC,403.16808610105016,100554.00702608937
36,12,1,PALADIN,407.0175843077634,99563.33445377153
37,12,1,WARRIOR,426.0154758959041,101774.27365477747
37,12,1,ROGUE,427.62358418620005,101467.95901136889
37,12,1,RANGER,426.74737582040484,101637.26514806633
37,12,1,MAGE,428.422769539803,101261.93408581069
37,12,1,CLERIC,425.1771634632959,103807.54302038181
37,12,1,PALADIN,429.3004657936085,102769.66967865062
38,12,1,WARRIOR,448.54286706176316,104938.7853012467
38,12,1,ROGUE,450.3755192023233,104574.51849495874
38,12,1,RANGER,449.3502127838665,104819.85508740615
38,12,1,MAGE,451.0512139001841,104460.51271004188
38,12,1,CLERIC,447.84083668170973,107099.86145499465
38,12,1,PALADIN,452.1511242806898,105995.6997535808
39,12,1,WARRIOR,471.5103455440364,108098.63660826022
39,12,1,ROGUE,473.411838547592,107780.63061655038
39,12,1,RANGER,472.2466807811696,108043.43884556214
39,12,1,MAGE,474.1342233128641,107640.30651152387
39,12,1,CLERIC,470.91461099802734,110384.23455333764
39,12,1,PALADIN,475.47957312809547,109214.57092439618
40,12,1,WARRIOR,495.17060240774407,111285.08395804193
40,12,1,ROGUE,497.09198574195824,110982.98935589407
40,12,1,RANGER,495.82766368874866,111223.09342771632
40,12,1,MAGE,497.8970181531327,110798.68600063215
40,12,1,CLERIC,494.65499587241004,113657.11954620894
40,12,1,PALADIN,499.4772242615435,112470.90311886567
41,12,1,WARRIOR,519.0782968544896,114533.34771028925
41,12,1,ROGUE,521.2285361391466,114208.0805205729
41,12,1,RANGER,519.7043885297472,114488.8505383369
41,12,1,MAGE,521.9892724338101,114018.16740888453
41,12,1,CLERIC,518.815777058923,116980.57033664023
41,12,1,PALADIN,523.8302277991215,115768.9104823013
42,12,1,WARRIOR,543.4952340969444,117764.0163328156
42,12,1,ROGUE,545.8371358721374,117422.02591271453
42,12,1,RANGER,544.1029761364902,117729.33329615
42,12,1,MAGE,546.5461261362522,117240.30598384619
42,12,1,CLERIC,543.4630292436511,120301.85952297469
42,12,1,PALADIN,548.7466303870983,119044.77325248989
43,12,1,WARRIOR,568.4884789910085,121032.85507143632
43,12,1,ROGUE,570.9240251501901,120661.90042865646
43,12,1,RANGER,569.0111411272026,121043.94133840501
43,12,1,MAGE,571.6564673878706,120518.85976172167
43,12,1,CLERIC,568.6342218023004,123701.8173159754
43,12,1,PALADIN,574.1896717351691,122378.43350639298
44,12,1,WARRIOR,593.8566961605458,124371.7184465874
44,12,1,ROGUE,596.4408669615525,123944.39798214792
44,12,1,RANGER,594.3852835382361,124367.40347095871
44,12,1,MAGE,597.2442371734868,123797.42651417627
44,12,1,CLERIC,594.2868256092729,127097.44824826458
44,12,1,PALADIN,600.0764279420184,125773.89080894303
45,12,1,WARRIOR,619.6494570230935,127686.74446212137
45,12,1,ROGUE,622.5437582079112,127177.61465541567
45,12,1,RANGER,620.1739599756944,127671.33757615868
45,12,1,MAGE,623.2599262998151,127055.88797458915
45,12,1,CLERIC,620.3743105079557,130477.2151327855
45,12,1,PALADIN,626.4035941089389,129146.1871759806
46,12,1,WARRIOR,645.7226167998447,131011.78690976951
46,12,1,ROGUE,648.8927761088745,130497.73358979747
46,12,1,RANGER,646.2913209758309,131020.14689698524
46,12,1,MAGE,649.6109624999474,130357.86649768378
46,12,1,CLERIC,646.7992276989597,133908.46346265558
46,12,1,PALADIN,653.0429686305549,132533.00093942773
47,12,1,WARRIOR,672.2464117424395,134403.99018391068
47,12,1,ROGUE,675.6326451420848,133831.24944101038
47,12,1,RANGER,672.8078302723507,134397.75063764743
47,12,1,MAGE,676.4310061618589,133691.99499092854
47,12,1,CLERIC,673.7143742775038,137377.85110975994
47,12,1,PALADIN,680.160268301321,135988.96723047583
48,12,1,WARRIOR,699.1440864146678,137827.27533913156
48,12,1,ROGUE,702.8826979243072,137196.350254854
48,12,1,RANGER,699.7655635255211,137770.99569145052
48,12,1,MAGE,703.6712765131906,137026.12786794992
48,12,1,CLERIC,701.024828250006,140849.99813271474
48,12,1,PALADIN,707.7170286625297,139473.12670862416
49,12,1,WARRIOR,726.4198317049089,141265.9962031245
49,12,1,ROGUE,730.5311761422429,140573.00381729976
49,12,1,RANGER,727.101699868434,141220.73262733375
49,12,1,MAGE,731.3697509231409,140414.80035628675
49,12,1,CLERIC,728.7481984339271,144401.05329061887
49,12,1,PALADIN,735.7280538642397,142961.67892478994
50,12,1,WARRIOR,754.1361742762624,144764.4562234022
50,12,1,ROGUE,758.5863785100862,144001.86686986175
50,12,1,RANGER,754.917060305783,144688.7384135373
50,12,1,MAGE,759.5495193065032,143829.4375128369
50,12,1,CLERIC,756.9929059962923,147969.60858249923
50,12,1,PALADIN,764.2341481030207,146513.61786886034
51,12,1,WARRIOR,782.0589859454308,148300.96988757403
51,12,1,ROGUE,786.8741139095183,147499.3664149765
51,12,1,RANGER,782.9754502019869,148224.52044321518
51,12,1,MAGE,787.9455146640689,147305.47619080552
51,12,1,CLERIC,785.5352100400269,151595.01315533917
51,12,1,PALADIN,792.9694071253108,150106.5355490947
52,12,1,WARRIOR,810.370896994829,151856.85046360354
52,12,1,ROGUE,815.6588430004963,150977.13016816403
52,12,1,RANGER,811.4545023304917,151766.23460873045
52,12,1,MAGE,816.7444137191076,150808.30879409102
52,12,1,CLERIC,814.5275954845409,155245.9439539025
52,12,1,PALADIN,822.2361978103579,153704.09290427368
53,12,1,WARRIOR,839.0678887456969,155461.2846285842
53,12,1,ROGUE,844.798010447853,154501.760344826
53,12,1,RANGER,840.3315662636876,155327.22289649432
53,12,1,MAGE,845.958336682574,154316.76540884323
53,12,1,CLERIC,843.9648632407915,158902.89716568158
53,12,1,PALADIN,851.9468792697749,157342.976289667
54,12,1,WARRIOR,868.1488723009911,159078.730222803
54,12,1,ROGUE,874.3438175132276,158008.26743755175
54,12,1,RANGER,869.6299292779383,158920.36475475298
54,12,1,MAGE,875.5947688763066,157864.77593669455
54,12,1,CLERIC,873.8736598485,162598.87466127967
54,12,1,PALADIN,882.0882078223299,160997.98593340284
55,12,1,WARRIOR,897.6991481364488,162699.599293036
55,12,1,ROGUE,904.3233348412792,161559.8826725431
55,12,1,RANGER,899.4103885223586,162508.35852044035
55,12,1,MAGE,905.6856461647193,161417.1049514585
55,12,1,CLERIC,904.2883021691902,166296.23990133658
55,12,1,PALADIN,912.75292769451,164659.07264150862
56,12,1,WARRIOR,927.5216228743443,166410.49963792643
56,12,1,ROGUE,934.5956150253857,165167.51498540587
56,12,1,RANGER,929.4797051203195,166161.51315537063
56,12,1,MAGE,936.0976382291665,165026.15432801843
56,12,1,CLERIC,935.0413018979064,170055.4175278148
56,12,1,PALADIN,943.8115916800162,168397.66620379093
57,12,1,WARRIOR,958.8389096432393,169901.6926739177
57,12,1,ROGUE,966.5193359758466,168603.06442857583
57,12,1,RANGER,961.1230049005516,169597.75710952442
57,12,1,MAGE,968.0915743892149,168420.32310101308
57,12,1,CLERIC,967.4277397741236,173597.283712075
57,12,1,PALADIN,976.490691926557,171906.74845943676
58,12,1,WARRIOR,990.7340528156424,173414.94881923712
58,12,1,ROGUE,998.9961060656639,172027.05116320448
58,12,1,RANGER,993.3256430387431,173066.26320608828
58,12,1,MAGE,1000.617410889283,171855.96744181318
58,12,1,CLERIC,1000.4395292970086,177175.6884067276
58,12,1,PALADIN,1009.8116519638598,175440.02212487883
59,12,1,WARRIOR,1023.0457485090253,176960.28441430238
59,12,1,ROGUE,1031.966425767192,175453.5651345376
59,12,1,RANGER,1025.995846556154,176535.047249908
59,12,1,MAGE,1033.622057541705,175275.1201376042
59,12,1,CLERIC,1033.9343984151596,180740.96713625698
59,12,1,PALADIN,1043.662698566718,178998.80333134043
60,12,1,WARRIOR,1055.7527236560763,180526.1281045837
60,12,1,ROGUE,1065.373140139614,178932.16212726987
60,12,1,RANGER,1059.1079111889915,180029.22422791345
60,12,1,MAGE,1067.0590718537405,178737.9243153486
60,12,1,CLERIC,1067.8874455723617,184356.73505786114
60,12,1,PALADIN,1077.9850130973966,182576.15642492953
61,12,1,WARRIOR,1088.7353973379936,184102.82762697246
61,12,1,ROGUE,1099.054632378936,182427.56515981056
61,12,1,RANGER,1092.4823322162156,183552.4314894029
61,12,1,MAGE,1100.779013487795,182226.41662601434
61,12,1,CLERIC,1102.1821604502418,187999.39298632345
61,12,1,PALADIN,1112.6578444584368,186163.4268064854
62,12,1,WARRIOR,1120.6934862645144,187554.82354332972
62,12,1,ROGUE,1131.7774041111254,185770.00823993853
62,12,1,RANGER,1124.8576028304512,186951.32635752595
62,12,1,MAGE,1133.5114304406934,185584.32703075098
62,12,1,CLERIC,1135.4768896923852,191506.91614596432
62,12,1,PALADIN,1146.3317855556443,189622.40065570318
63,12,1,WARRIOR,1154.0326029915043,191174.41628434145
63,12,1,ROGUE,1165.9689423056177,189254.85715652996
63,12,1,RANGER,1158.6649232197133,190458.9439125997
63,12,1,MAGE,1167.6883044832357,189048.3043740799
63,12,1,CLERIC,1170.1984595988229,195143.23900732788
63,12,1,PALADIN,1181.523191917616,193244.30499915252
64,12,1,WARRIOR,1187.7917485889884,194793.73343421202
64,12,1,ROGUE,1200.6035251726587,192735.79143599674
64,12,1,RANGER,1192.9300516005167,194022.94758562167
64,12,1,MAGE,1202.3306769482115,192573.80223192385
64,12,1,CLERIC,1205.4365837055268,198843.48375522182
64,12,1,PALADIN,1217.2497454603104,196862.32294867496
65,12,1,WARRIOR,1221.966171587413,198417.48585194422
65,12,1,ROGUE,1235.7407953094687,196228.765203364
65,12,1,RANGER,1227.6686785931274,197598.9110844601
65,12,1,MAGE,1237.4929012470682,196088.3389253906
65,12,1,CLERIC,1241.2024153512143,202540.29118519314
65,12,1,PALADIN,1253.4899906767785,200477.37346855178
66,12,1,WARRIOR,1256.3411138744952,202100.6895109576
66,12,1,ROGUE,1271.1341798558142,199784.38037816438
66,12,1,RANGER,1262.6430294715328,201193.61253182084
66,12,1,MAGE,1272.8798294041196,199629.74995169454
66,12,1,CLERIC,1277.2381069065234,206265.12003746608
66,12,1,PALADIN,1290.0378313152344,204146.12883406683
67,12,1,WARRIOR,1290.830607135372,205749.937264733
67,12,1,ROGUE,1306.7036579622265,203298.09694707327
67,12,1,RANGER,1297.7814530535836,204753.01513576848
67,12,1,MAGE,1308.453414255715,203132.69590204602
67,12,1,CLERIC,1313.4524846834104,209957.69629342202
67,12,1,PALADIN,1326.7966174772464,207773.95664390712
68,12,1,WARRIOR,1324.3686781244282,209323.17376314022
68,12,1,ROGUE,1341.3305229493526,206657.01807448294
68,12,1,RANGER,1331.990333394546,208213.9735621865
68,12,1,MAGE,1343.0970052690852,206541.91914226077
68,12,1,CLERIC,1348.7542993705626,213556.13459168968
68,12,1,PALADIN,1362.622666127758,211321.79383401063
69,12,1,WARRIOR,1359.138857859911,212979.73452160406
69,12,1,ROGUE,1377.2976099793748,210160.8764258544
69,12,1,RANGER,1367.5003015260966,211770.56281217464
69,12,1,MAGE,1379.0393357646526,210042.69678927635
69,12,1,CLERIC,1385.417673608833,217247.49017636687
69,12,1,PALADIN,1399.838440803828,214947.1621898163
70,12,1,WARRIOR,1394.2888235361313,216674.84636275668
70,12,1,ROGUE,1413.73680451427,213662.01843438746
70,12,1,RANGER,1403.4873985809754,215335.108676833
70,12,1,MAGE,1415.4343950638552,213558.85536211176
70,12,1,CLERIC,1422.5531713296423,220958.72501286116
70,12,1,PALADIN,1437.563429378173,218606.33443383806
71,12,1,WARRIOR,1429.5715433607313,220406.26348036682
71,12,1,ROGUE,1450.413103641797,217229.55275389753
71,12,1,RANGER,1439.619110262951,218961.86884802036
71,12,1,MAGE,1452.0526056919214,217129.96107311355
71,12,1,CLERIC,1459.9121136012905,224734.25669314206
71,12,1,PALADIN,1475.5217233672224,222299.8981007659
72,12,1,WARRIOR,1465.2254052704927,224172.27620303447
72,12,1,ROGUE,1487.5428373738553,220782.753863282
72,12,1,RANGER,1476.1992892348576,222595.54025582634
72,12,1,MAGE,1489.082633045805,220717.31469511404
72,12,1,CLERIC,1497.7429892569937,228524.39809769703
72,12,1,PALADIN,1513.9974790748836,226015.48106380642
73,12,1,WARRIOR,1499.996498183967,227791.85924845657
73,12,1,ROGUE,1523.8282557445957,224209.43466693666
73,12,1,RANGER,1511.9629066611533,226101.7785184421
73,12,1,MAGE,1525.2884502611387,224180.58950027305
73,12,1,CLERIC,1534.7587024947097,232186.40851051197
73,12,1,PALADIN,1551.6377934970312,229582.1080509029
74,12,1,WARRIOR,1537.1613737751616,231404.1082111061
74,12,1,ROGUE,1562.7500197061886,227587.09387466058
74,12,1,RANGER,1550.26121724303,229558.51208603795
74,12,1,MAGE,1563.9770565405552,227604.0006541934
74,12,1,CLERIC,1574.3715812629405,235802.88187252148
74,12,1,PALADIN,1591.9842795907416,233119.13833433454
75,12,1,WARRIOR,1574.64490760206,235035.05518180603
75,12,1,ROGUE,1602.0814765100172,230987.1602901503
75,12,1,RANGER,1588.9322343268504,233051.40423082828
75,12,1,MAGE,1603.10526962804,231036.3717324292
75,12,1,CLERIC,1614.4290354842506,239439.55366954315
75,12,1,PALADIN,1632.7845053521237,236673.37287669917
76,12,1,WARRIOR,1612.2313184012971,238727.1018321699
76,12,1,ROGUE,1641.6167883112132,234427.49504036084
76,12,1,RANGER,1627.8113084833633,236608.60701744928
76,12,1,MAGE,1642.4399016351326,234553.3380271474
76,12,1,CLERIC,1654.7291684130482,243162.03347245423
76,12,1,PALADIN,1673.8238286578053,240282.2820203878
77,12,1,WARRIOR,1650.2083018364033,242433.47559050235
77,12,1,ROGUE,1681.6548862944549,237908.67151052694
77,12,1,RANGER,1667.1269220724735,240168.87118723773
77,12,1,MAGE,1682.2299878988806,238063.86181190397
77,12,1,CLERIC,1695.5121202507194,246883.99717136874
77,12,1,PALADIN,1715.4195728920427,243897.94382469167
78,12,1,WARRIOR,1686.8922741585397,246020.42994684793
78,12,1,ROGUE,1720.4181175800618,241238.98963659105
78,12,1,RANGER,1705.1770901668256,243608.8262227707
78,12,1,MAGE,1720.7176760706745,241458.0040659355
78,12,1,CLERIC,1734.9922350018599,250486.61565020442
78,12,1,PALADIN,1755.7130391203004,247394.87978492954
79,12,1,WARRIOR,1724.794012691664,249731.01777980317
79,12,1,ROGUE,1760.5594381237338,244680.04035926494
79,12,1,RANGER,1744.5545322085163,247164.18696103117
79,12,1,MAGE,1760.5683600365815,244960.65896358548
79,12,1,CLERIC,1775.9090572069515,254199.76098606776
79,12,1,PALADIN,1797.4567662706118,251004.68309793837
80,12,1,WARRIOR,1763.0413909481053,253479.06640590847
80,12,1,ROGUE,1801.11928184017,248148.82556993337
80,12,1,RANGER,1784.2954436451257,250721.85380975212
80,12,1,MAGE,1800.8252830216945,248467.46167912928
80,12,1,CLERIC,1817.255835303485,257923.97977592624
80,12,1,PALADIN,1839.6851456598915,254646.07023527453
81,12,1,WARRIOR,1801.3813785769094,257266.42110545933
81,12,1,ROGUE,1841.9032447137793,251658.0064766267
81,12,1,RANGER,1824.247306803945,254336.84708318114
81,12,1,MAGE,1841.3035713727809,252033.71966471174
81,12,1,CLERIC,1858.8279796242298,261719.95258315757
81,12,1,PALADIN,1882.1486731032626,258318.6150211872
82,12,1,WARRIOR,1840.0475588520292,261111.0671439644
82,12,1,ROGUE,1883.1034447015181,255188.34216973625
82,12,1,RANGER,1864.589084297417,257966.41766850353
82,12,1,MAGE,1882.218702552912,255612.1385349347
82,12,1,CLERIC,1900.838088587677,265533.1404699064
82,12,1,PALADIN,1925.1296228678568,262035.6369489652
83,12,1,WARRIOR,1877.540616439504,264825.14114283654
83,12,1,ROGUE,1923.2106144955283,258631.02947540255
83,12,1,RANGER,1903.840385743364,261491.17333600257
83,12,1,MAGE,1921.9843504219757,259074.67350250628
83,12,1,CLERIC,1941.714426821542,269222.9929793095
83,12,1,PALADIN,1966.961210850059,265612.9558150836
84,12,1,WARRIOR,1916.344728693127,268710.14680441655
84,12,1,ROGUE,1964.7803727075468,262188.0792152425
84,12,1,RANGER,1944.4828484294262,265136.4248231432
84,12,1,MAGE,1963.1789852975212,262670.13666960684
84,12,1,CLERIC,1984.1146541124285,273058.8507710807
84,12,1,PALADIN,2010.3986792772916,269350.89854026475
85,12,1,WARRIOR,1955.4484969109967,272621.1195434845
85,12,1,ROGUE,2006.7868498409211,265764.8516481845
85,12,1,RANGER,1985.504329913028,268814.1273901827
85,12,1,MAGE,2004.8105490656726,266287.4824375798
85,12,1,CLERIC,2026.9491243778898,276925.50580038765
85,12,1,PALADIN,2054.3182770370463,273106.15133074747
86,12,1,WARRIOR,1994.6343407218026,276594.3504902525
86,12,1,ROGUE,2048.949492934067,269397.6671172451
86,12,1,RANGER,2026.6621306542797,272566.98512157274
86,12,1,MAGE,2046.5834808673876,269981.3992028419
86,12,1,CLERIC,2069.9262782848364,280881.7431262616
86,12,1,PALADIN,2098.436722814181,276918.4337892264
87,12,1,WARRIOR,2034.1320397956322,280623.68897760956
87,12,1,ROGUE,2091.5753552676597,273068.560020593
87,12,1,RANGER,2068.2440176979926,276322.74727239244
87,12,1,MAGE,2088.737950533155,273673.8872229469
87,12,1,CLERIC,2113.3818864871737,284830.9476029255
87,12,1,PALADIN,2143.0692808844833,280778.03112443315
88,12,1,WARRIOR,2072.539919906498,284465.1929076464
88,12,1,ROGUE,2133.143104116598,276496.75011220487
88,12,1,RANGER,2108.7615398656876,279893.32489916956
88,12,1,MAGE,2129.7635220325783,277208.3130438596
88,12,1,CLERIC,2155.701180041123,288614.45092572214
88,12,1,PALADIN,2186.6055509733856,284442.759679782
89,12,1,WARRIOR,2113.10991972446,288287.46631975245
89,12,1,ROGUE,2177.2020117044967,279932.5634339534
89,12,1,RANGER,2151.6279746901564,283442.1137384695
89,12,1,MAGE,2173.089979737792,280718.5076897307
89,12,1,CLERIC,2200.4928300461766,292370.86825636204
89,12,1,PALADIN,2232.7512321457802,288064.8243756095
90,12,1,WARRIOR,2153.9515929599224,292169.43178151984
90,12,1,ROGUE,2221.714043842753,283377.6544318681
90,12,1,RANGER,2194.8572249351755,287036.94431928574
90,12,1,MAGE,2216.821706594102,284282.87181955576
90,12,1,CLERIC,2245.658766900128,296197.94567260804
90,12,1,PALADIN,2279.3638795534807,291736.7952260725
91,12,1,WARRIOR,2194.8302846644465,296081.81893519446
91,12,1,ROGUE,2266.303617000313,286861.05325242935
91,12,1,RANGER,2238.1759561780964,290700.4486249281
91,12,1,MAGE,2260.629299443691,287900.62303012784
91,12,1,CLERIC,2290.973724658035,300080.2535023037
91,12,1,PALADIN,2326.1368537501876,295435.1407859184
92,12,1,WARRIOR,2235.564709638004,299994.8966959659
92,12,1,ROGUE,2310.8297344333023,290364.9120061843
92,12,1,RANGER,2281.42246514405,294341.3081682792
92,12,1,MAGE,2304.3786946073214,291497.9738397403
92,12,1,CLERIC,2336.2564782376426,303940.67632426735
92,12,1,PALADIN,2372.8885941139556,299126.9974750078
93,12,1,WARRIOR,2275.8430195283154,303880.5438262766
93,12,1,ROGUE,2354.958514898746,293815.2374808394
93,12,1,RANGER,2324.1695075069506,297970.6976032293
93,12,1,MAGE,2347.6779058532784,295079.2381741631
93,12,1,CLERIC,2381.077707121594,307790.05662878795
93,12,1,PALADIN,2419.1868549757573,302796.50463681965
94,12,1,WARRIOR,2317.223711738753,307895.81078671303
94,12,1,ROGUE,2400.3589419268865,297341.7067322258
94,12,1,RANGER,2368.152139221297,301687.1279530312
94,12,1,MAGE,2392.1925139019695,298739.71021225495
94,12,1,CLERIC,2427.1741044092214,311732.42704880657
94,12,1,PALADIN,2466.900063719175,306585.1087000486
95,12,1,WARRIOR,2358.8924605757284,311936.97722464596
95,12,1,ROGUE,2446.147688761055,300902.13683512347
95,12,1,RANGER,2412.504365134534,305414.4710931586
95,12,1,MAGE,2437.076692024555,302426.4716050938
95,12,1,CLERIC,2473.7142002425962,315699.60688502836
95,12,1,PALADIN,2515.0706937063787,310394.8807794977
96,12,1,WARRIOR,2400.6076554131387,316012.1421921581
96,12,1,ROGUE,2492.0436053379426,304521.494101059
96,12,1,RANGER,2456.9117684146245,309215.732384734
96,12,1,MAGE,2482.0987643107183,306166.9249384342
96,12,1,CLERIC,2520.3877793107085,319732.77628746047
96,12,1,PALADIN,2563.4146160933246,314236.69104985474
97,12,1,WARRIOR,2440.975610479056,320017.27550411446
97,12,1,ROGUE,2536.5326087510975,308047.40196488984
97,12,1,RANGER,2499.9234382489467,312921.4853517443
97,12,1,MAGE,2525.71176258352,309811.1356042452
97,12,1,CLERIC,2565.635614622561,323661.75384268764
97,12,1,PALADIN,2610.2945901568373,318015.42721663584
98,12,1,WARRIOR,2482.4945933559443,324110.7692252019
98,12,1,ROGUE,2582.248678335318,311690.96948434354
98,12,1,RANGER,2544.100756093052,316736.25305330753
98,12,1,MAGE,2570.5208035352603,313571.3942254206
98,12,1,CLERIC,2612.149205980819,327723.3061964632
98,12,1,PALADIN,2658.581334754835,321878.2872563172
99,12,1,WARRIOR,2524.2911092250392,328237.18881293014
99,12,1,ROGUE,2628.3265469957732,315343.3700085185
99,12,1,RANGER,2588.62876435549,320563.59494796325
99,12,1,MAGE,2615.63445366117,317348.055660314
99,12,1,CLERIC,2659.0379490180103,331800.4530128367
99,12,1,PALADIN,2707.243918888292,325772.22282566386
100,12,1,WARRIOR,2566.3915917193303,332400.2847285648
100,12,1,ROGUE,2674.7939540231987,319018.6759400755
100,12,1,RANGER,2633.4717266913685,324423.516361764
100,12,1,MAGE,2661.0969015642636,321156.6474468203
100,12,1,CLERIC,2706.3068756742723,335916.15703633055
100,12,1,PALADIN,2756.344268556627,329704.364329419
20,12,5,WARRIOR,25.125946028807586,256137.7511963645
20,12,5,ROGUE,25.105896396343095,256696.93130091607
20,12,5,RANGER,25.182372355922002,255606.91707373215
20,12,5,MAGE,25.25689865766931,254923.41071911113
20,12,5,CLERIC,24.949666794361175,260226.38111813867
20,12,5,PALADIN,25.18544643495417,257653.9150004473
21,12,5,WARRIOR,27.779553326396336,269930.5258581974
21,12,5,ROGUE,27.75250258929867,270762.79115086084
21,12,5,RANGER,27.84373353699727,269222.6462747712
21,12,5,MAGE,27.923710904345068,268622.8211463404
21,12,5,CLERIC,27.597354861681527,274222.7620339005
21,12,5,PALADIN,27.845955000062208,271672.96156598325
22,12,5,WARRIOR,30.53707034932814,284008.1976852378
22,12,5,ROGUE,30.513128725388544,284754.52372311126
22,12,5,RANGER,30.6129985107859,283241.01841722534
22,12,5,MAGE,30.694510847947935,282516.57863053196
22,12,5,CLERIC,30.352550226425464,288389.3835839592
22,12,5,PALADIN,30.622750781732535,285859.59667352715
23,12,5,WARRIOR,33.41487743600188,298011.0062971844
23,12,5,ROGUE,33.40891975408436,298627.5244287208
23,12,5,RANGER,33.50413012690643,297148.85597058927
23,12,5,MAGE,33.59589014214086,296360.2157250516
23,12,5,CLERIC,33.232680778440454,302567.5653293435
23,12,5,PALADIN,33.51577357842956,300050.7388399421
24,12,5,WARRIOR,36.41655398987705,312195.30520818464
24,12,5,ROGUE,36.41995276047905,312672.11409887107
24,12,5,RANGER,36.509403009936904,311378.8110122167
24,12,5,MAGE,36.61597901106224,310565.07280781586
24,12,5,CLERIC,36.22633392379723,317163.40381471475
24,12,5,PALADIN,36.53332148507512,314430.75890848966
25,12,5,WARRIOR,39.53351348493302,326678.9171147681
25,12,5,ROGUE,39.562305969644044,326864.90955361136
25,12,5,RANGER,39.64256400544295,325488.44780141825
25,12,5,MAGE,39.758693633109665,324627.82684971526
25,12,5,CLERIC,39.34199057257034,331617.95762302296
25,12,5,PALADIN,39.675821589639966,329054.4635100642
26,12,5,WARRIOR,42.76118059888581,341000.1953472711
26,12,5,ROGUE,42.808399578978,341172.7083619387
26,12,5,RANGER,42.87591114045174,339933.7177291864
26,12,5,MAGE,43.00621057727579,338898.1365566115
26,12,5,CLERIC,42.565969932720684,346283.0025557431
26,12,5,PALADIN,42.92313375266038,343605.61597126815
27,12,5,WARRIOR,46.092777774900455,355652.1252647678
27,12,5,ROGUE,46.165746585950785,355386.7225878007
27,12,5,RANGER,46.2167953104933,354587.1341771551
27,12,5,MAGE,46.34658316140319,353579.53207534493
27,12,5,CLERIC,45.885264818426805,361393.66860187915
27,12,5,PALADIN,46.279823205106204,358454.6523433922
28,12,5,WARRIOR,49.55094323992102,370366.52054515464
28,12,5,ROGUE,49.64436481845414,369854.9272338488
28,12,5,RANGER,49.67515265284099,369208.95851441496
28,12,5,MAGE,49.827519693278695,368096.7274791743
28,12,5,CLERIC,49.346647659668754,376288.38291230425
28,12,5,PALADIN,49.76913927667607,373368.3517550487
29,12,5,WARRIOR,53.11328079711598,385058.8697979756
29,12,5,ROGUE,53.24512803183985,384577.7986063833
29,12,5,RANGER,53.25796297254621,383929.27993773087
29,12,5,MAGE,53.43893596067811,382643.04518612137
29,12,5,CLERIC,52.927839220056285,391347.9594147311
29,12,5,PALADIN,53.37339184460105,388196.2546586001
30,12,5,WARRIOR,56.80368034782793,399731.8877220998
30,12,5,ROGUE,56.95970755556057,399006.26755028515
30,12,5,RANGER,56.95486740721993,398871.07058070647
30,12,5,MAGE,57.15992048415482,397382.99900708586
30,12,5,CLERIC,56.637006257966576,406450.5240645904
30,12,5,PALADIN,57.10073846584077,403056.67984080635
31,12,5,WARRIOR,60.600708268301474,414556.9535057867
31,12,5,ROGUE,60.783896744589626,413784.8751402851
31,12,5,RANGER,60.76130803486817,413679.71350412245
31,12,5,MAGE,60.9903551651943,412079.87610379956
31,12,5,CLERIC,60.44482171136711,421643.5403962343
31,12,5,PALADIN,60.94424602332079,418036.8355078353
32,12,5,WARRIOR,64.52530399714247,429339.75272285193
32,12,5,ROGUE,64.72279293962083,428561.90883752826
32,12,5,RANGER,64.68576007809361,428608.5709440286
32,12,5,MAGE,64.92875305419997,427011.26151084405
32,12,5,CLERIC,64.34946963598011,437142.02166899573
32,12,5,PALADIN,64.92245800677969,432967.2214053358
33,12,5,WARRIOR,68.55425591592501,444393.5851314962
33,12,5,ROGUE,68.77919991176228,443652.39838711236
33,12,5,RANGER,68.72689660076085,443622.55729531177
33,12,5,MAGE,68.97509979258798,442055.0536235182
33,12,5,CLERIC,68.37248042709405,452702.8746676045
33,12,5,PALADIN,68.9983189869567,448254.8282204777
34,12,5,WARRIOR,72.68411344606587,459543.67524596816
34,12,5,ROGUE,72.92993918724385,458862.78578377486
34,12,5,RANGER,72.85497709689584,458928.9197501455
34,12,5,MAGE,73.11801619966297,457263.3076669018
34,12,5,CLERIC,72.50120951206188,468374.96027360094
34,12,5,PALADIN,73.17525413585429,463666.2552549384
35,12,5,WARRIOR,76.92928514218768,474886.41428913584
35,12,5,ROGUE,77.19948893954606,473908.18177759723
35,12,5,RANGER,77.08869243675659,474332.207898044
35,12,5,MAGE,77.38113275059004,472562.5301048746
35,12,5,CLERIC,76.7510247464858,484181.9620356471
35,12,5,PALADIN,77.4692304688306,479296.2141264508
36,12,5,WARRIOR,81.2611600891038,490370.70746720955
36,12,5,ROGUE,81.55862770477052,489157.1943119694
36,12,5,RANGER,81.39904211303462,489792.4075953682
36,12,5,MAGE,81.72114768604423,487876.61078466097
36,12,5,CLERIC,81.08096045028053,499996.1314883479
36,12,5,PALADIN,81.85513137950859,495070.09752530535
37,12,5,WARRIOR,85.67578918849664,506063.8021041005
37,12,5,ROGUE,85.99919515533844,504540.6789461859
37,12,5,RANGER,85.82298126762649,505382.53911555745
37,12,5,MAGE,86.15991897818506,503516.23776461737
37,12,5,CLERIC,85.5071965356143,516174.0587427261
37,12,5,PALADIN,86.33643209441503,511013.3230228076
38,12,5,WARRIOR,90.20626314002172,521799.06346344046
38,12,5,ROGUE,90.57482702404558,519987.7781714846
38,12,5,RANGER,90.36862809106883,521207.69322772307
38,12,5,MAGE,90.71071569421179,519420.8942340703
38,12,5,CLERIC,90.065078112133,532544.8283382839
38,12,5,PALADIN,90.9319181979196,527054.4794643569
39,12,5,WARRIOR,94.82524286253158,537511.1516865905
39,12,5,ROGUE,95.20765130291379,535929.8943071229
39,12,5,RANGER,94.97332692547793,537236.6855700021
39,12,5,MAGE,95.35292979246225,535232.1447917843
39,12,5,CLERIC,94.70543494412476,548876.0904341824
39,12,5,PALADIN,95.62349251535896,543060.0388723426
40,12,5,WARRIOR,99.58354694746586,553355.486439643
40,12,5,ROGUE,99.96995552369476,551853.347073101
40,12,5,RANGER,99.71568825917969,553047.2438716101
40,12,5,MAGE,100.13185524577563,550936.9145272814
40,12,5,CLERIC,99.47985353883416,565150.2289159771
40,12,5,PALADIN,100.44964981681527,559251.8699910493
41,12,5,WARRIOR,104.391613098337,569507.1979249556
41,12,5,ROGUE,104.82404679636095,567889.8348643661
41,12,5,RANGER,104.51752612595475,569285.9395733854
41,12,5,MAGE,104.97703814549577,566945.5082883156
41,12,5,CLERIC,104.3388178551232,581675.8014670181
41,12,5,PALADIN,105.34727188747934,575650.9272947535
42,12,5,WARRIOR,109.30209284890006,585571.4191445521
42,12,5,ROGUE,109.77307170798879,583870.9012625323
42,12,5,RANGER,109.42431558916928,585398.9607346494
42,12,5,MAGE,109.91565643516859,582967.3145817457
42,12,5,CLERIC,109.29561614470099,598190.6256280327
42,12,5,PALADIN,110.358198898931,591939.8725175533
43,12,5,WARRIOR,114.32847358348992,601825.4379759006
43,12,5,ROGUE,114.81828522437941,599980.8979935264
43,12,5,RANGER,114.43358594097694,601880.5634826897
43,12,5,MAGE,114.96558636787964,599269.6406082852
43,12,5,CLERIC,114.35778385760548,615096.622653919
43,12,5,PALADIN,115.4750380049924,608516.2107455817
44,12,5,WARRIOR,119.43026483117771,618427.6482757898
44,12,5,ROGUE,119.94996630988226,616302.8341043355
44,12,5,RANGER,119.53656881143446,618406.1924314566
44,12,5,MAGE,120.11153174778859,615572.0311498008
44,12,5,CLERIC,119.51676797967346,631981.1047379225
44,12,5,PALADIN,120.68111241552381,625399.8294706754
45,12,5,WARRIOR,124.61743587843075,634911.3293599276
45,12,5,ROGUE,125.19950754528033,632379.7252865842
45,12,5,RANGER,124.72291844171386,634834.7199476579
45,12,5,MAGE,125.34353580232063,631774.4498598537
45,12,5,CLERIC,124.76321085111451,648786.7042119886
45,12,5,PALADIN,125.97575748376718,642168.2824405656
46,12,5,WARRIOR,129.8609978307593,651444.8162892679
46,12,5,ROGUE,130.4985472063617,648888.7304706482
46,12,5,RANGER,129.97536968307278,651486.3856050094
46,12,5,MAGE,130.64298136268013,648193.2534126206
46,12,5,CLERIC,130.07751458578247,665848.2907349978
46,12,5,PALADIN,131.33319063998678,659008.9219126026
47,12,5,WARRIOR,135.19518682753633,668312.2546386181
47,12,5,ROGUE,135.87619077059955,665464.3506687483
47,12,5,RANGER,135.3080934667002,668281.2290327159
47,12,5,MAGE,136.03674881202429,664771.9199204105
47,12,5,CLERIC,135.49040814180032,683099.5217250823
47,12,5,PALADIN,136.786739117464,676193.4163667109
48,12,5,WARRIOR,140.6045666159873,685334.2449621644
48,12,5,ROGUE,141.35643716924343,682197.024370688
48,12,5,RANGER,140.72955161054168,685054.3992657643
48,12,5,MAGE,141.51502787019783,681350.608226151
48,12,5,CLERIC,140.98280179785138,700364.4734737058
48,12,5,PALADIN,142.32866734544632,693518.0990132277
49,12,5,WARRIOR,146.0899800238721,702432.9880169156
49,12,5,ROGUE,146.91681073595728,698987.1431191252
49,12,5,RANGER,146.22711023706367,702207.9187883288
49,12,5,MAGE,147.0854561495915,698200.490047467
49,12,5,CLERIC,146.55823685564408,718021.7891209397
49,12,5,PALADIN,147.96195258018687,710864.6241708522
50,12,5,WARRIOR,151.66400176152294,719828.7788763655
50,12,5,ROGUE,152.55898042158458,716036.8690563473
50,12,5,RANGER,151.82104541517137,719452.2785942095
50,12,5,MAGE,152.75267725304158,715179.4789431406
50,12,5,CLERIC,152.23851784946237,735766.1226757376
50,12,5,PALADIN,153.69480093611375,728526.334368609
51,12,5,WARRIOR,157.2795464106622,737413.7881995923
51,12,5,ROGUE,158.24791472521517,733427.8840358488
51,12,5,RANGER,157.46385614325675,737033.649927987
51,12,5,MAGE,158.46338367030512,732463.7816108329
51,12,5,CLERIC,157.97864834369472,753793.1343793073
51,12,5,PALADIN,159.47373652312072,746391.8077992917
52,12,5,WARRIOR,162.97334266886293,755095.0978224701
52,12,5,ROGUE,164.036799216466,750720.7644913534
52,12,5,RANGER,163.1912660720129,754644.5182958251
52,12,5,MAGE,164.25511787693563,749881.3147623423
52,12,5,CLERIC,163.80929451492153,771947.0730397496
52,12,5,PALADIN,165.3595682142884,764280.3516136641
53,12,5,WARRIOR,168.7445823413676,773017.8359807532
53,12,5,ROGUE,169.89696465317425,768246.6841973765
53,12,5,RANGER,168.99871998368198,772351.2255749821
53,12,5,MAGE,170.1303173633471,767326.812826041
53,12,5,CLERIC,169.72941077658078,790130.9576307341
53,12,5,PALADIN,171.33467058823487,782374.3855506892
54,12,5,WARRIOR,174.59304644055993,791005.2723492479
54,12,5,ROGUE,175.83890920862413,785682.4884308607
54,12,5,RANGER,174.8909011724009,790217.8137115649
54,12,5,MAGE,176.09048749939592,784968.9893128054
54,12,5,CLERIC,175.74435600281902,808508.8871088458
54,12,5,PALADIN,177.39638021392204,800548.6059171276
55,12,5,WARRIOR,180.53588970843973,809009.7316570965
55,12,5,ROGUE,181.8680770485235,803342.5890131284
55,12,5,RANGER,180.8800365266879,808058.803401638
55,12,5,MAGE,182.1420508930434,802632.6391034592
55,12,5,CLERIC,181.8610316429023,826893.7170266461
55,12,5,PALADIN,183.5633488428626,818753.0439622602
56,12,5,WARRIOR,186.53347478055466,827461.8637168618
56,12,5,ROGUE,187.95612230052828,821281.2296860528
56,12,5,RANGER,186.92726385914884,826223.7998967052
56,12,5,MAGE,188.25819354123323,820578.3260034571
56,12,5,CLERIC,188.04575419583418,845585.9037072721
56,12,5,PALADIN,189.80954340305453,837342.8781581607
57,12,5,WARRIOR,192.83168085751691,844821.5201234116
57,12,5,ROGUE,194.37628809500382,838364.2031241598
57,12,5,RANGER,193.29103427264906,843310.2267308077
57,12,5,MAGE,194.6924802863192,837455.5376264168
57,12,5,CLERIC,194.55897679229946,863197.5279752144
57,12,5,PALADIN,196.381623202983,854791.4871672684
58,12,5,WARRIOR,199.24609938733445,862290.8834391033
58,12,5,ROGUE,200.9076773641072,855389.6819908303
58,12,5,RANGER,199.76729298282632,860557.074286825
58,12,5,MAGE,201.23373728009153,854538.9829348092
58,12,5,CLERIC,201.197963589551,880990.8368362108
58,12,5,PALADIN,203.08278714945862,872360.3858761216
59,12,5,WARRIOR,205.744290615546,879919.7590531864
59,12,5,ROGUE,207.53832418341585,872427.7273241492
59,12,5,RANGER,206.3375835653846,877805.3039116117
59,12,5,MAGE,207.8712875777354,871540.4249600872
59,12,5,CLERIC,207.93410231650233,898718.877967181
59,12,5,PALADIN,209.89055657721795,890056.1186337685
60,12,5,WARRIOR,212.32197632473103,897650.6094027921
60,12,5,ROGUE,214.2567341473565,889724.750991459
60,12,5,RANGER,212.99673664688459,895179.7977125902
60,12,5,MAGE,214.59579114950392,888758.9202163198
60,12,5,CLERIC,214.7623850318897,916697.9722532267
60,12,5,PALADIN,216.7931024953155,907844.1984991325
61,12,5,WARRIOR,218.95510764772402,915435.4394417048
61,12,5,ROGUE,221.03040456996632,907105.3412429201
61,12,5,RANGER,219.7086521100572,912698.6420955828
61,12,5,MAGE,221.3771941133569,906105.147499009
61,12,5,CLERIC,221.65938039567968,934810.7747802704
61,12,5,PALADIN,223.76614070245952,925681.5912239723
62,12,5,WARRIOR,225.38218517108825,932600.1915499357
62,12,5,ROGUE,227.6112671235967,923725.3513172114
62,12,5,RANGER,226.21962886326685,929599.3538191465
62,12,5,MAGE,227.95999641317692,922802.0675115272
62,12,5,CLERIC,228.35526907821898,952251.6313188983
62,12,5,PALADIN,230.53829251812536,942881.040501807
63,12,5,WARRIOR,232.08700060162013,950598.30442076
63,12,5,ROGUE,234.48751266895223,941053.4621369524
63,12,5,RANGER,233.0186045310103,947040.6797309266
63,12,5,MAGE,234.83329285723877,940026.3962324938
63,12,5,CLERIC,235.33810907327225,970332.9332709201
63,12,5,PALADIN,237.61562112074105,960890.6476164757
64,12,5,WARRIOR,238.8762878577022,968595.0469383923
64,12,5,ROGUE,241.45285873791335,958362.1077610595
64,12,5,RANGER,239.9096497670942,964762.3807533325
64,12,5,MAGE,241.8002054888913,957556.630408394
64,12,5,CLERIC,242.42483306144433,988732.0812932065
64,12,5,PALADIN,244.80057294278083,978880.9299723769
65,12,5,WARRIOR,245.74909137333552,986613.8434431158
65,12,5,ROGUE,248.51930002756305,975730.6187008651
65,12,5,RANGER,246.89592010541398,982543.5509785912
65,12,5,MAGE,248.871665299341,975032.361139356
65,12,5,CLERIC,249.6176840858891,1007114.1375484434
65,12,5,PALADIN,252.0888330764672,996856.4570401782
66,12,5,WARRIOR,252.66222123689562,1004928.2561200034
66,12,5,ROGUE,255.63724837599594,993410.6086390105
66,12,5,RANGER,253.9295967730544,1000417.8940375368
66,12,5,MAGE,255.98831520609897,992641.7221735982
66,12,5,CLERIC,256.8648065207294,1025635.5279104348
66,12,5,PALADIN,259.4389535932163,1015099.0268231876
67,12,5,WARRIOR,259.59838839754354,1023073.8259853278
67,12,5,ROGUE,262.79061082458094,1010882.261371309
67,12,5,RANGER,260.9962700315806,1018116.7166406143
67,12,5,MAGE,263.142503560442,1010059.818933622
67,12,5,CLERIC,264.1478644647636,1043996.5450176361
67,12,5,PALADIN,266.83149727350997,1033138.0878638418
68,12,5,WARRIOR,266.3432154341777,1040841.4364360281
68,12,5,ROGUE,269.7544047540307,1027584.2071151874
68,12,5,RANGER,267.8760032485564,1035326.034057493
68,12,5,MAGE,270.10966125383817,1027011.8875970348
68,12,5,CLERIC,271.2473972381852,1061889.4692455744
68,12,5,PALADIN,274.0364585139041,1050779.402443598
69,12,5,WARRIOR,273.33583133105003,1059023.3695867348
69,12,5,ROGUE,276.9877301622877,1045006.8407106274
69,12,5,RANGER,275.01739767168385,1053010.867500537
69,12,5,MAGE,277.33800788609517,1044419.2026556432
69,12,5,CLERIC,278.6207526675184,1080244.4166700726
69,12,5,PALADIN,281.520906957774,1068806.2340610866
70,12,5,WARRIOR,280.40482581517205,1077396.9946727417
70,12,5,ROGUE,284.31600090786293,1062415.9675254715
70,12,5,RANGER,282.2547472874361,1070735.2645241146
70,12,5,MAGE,284.6574026133966,1061902.9980419492
70,12,5,CLERIC,286.08905664743156,1098698.2119605027
70,12,5,PALADIN,289.10776318978515,1087001.1525986015
71,12,5,WARRIOR,287.50051842899586,1095951.144616169
71,12,5,ROGUE,291.69195565611733,1080155.224383173
71,12,5,RANGER,289.52118028866556,1088769.0168236047
71,12,5,MAGE,292.02167520850014,1079660.0133359646
71,12,5,CLERIC,293.60229746489193,1117471.7177638307
71,12,5,PALADIN,296.7415393734358,1105367.0795217396
72,12,5,WARRIOR,294.6708512679908,1114677.3182233647
72,12,5,ROGUE,299.1591004427309,1097823.2105891472
72,12,5,RANGER,296.8778043537508,1106837.134651385
72,12,5,MAGE,299.4687680882687,1097497.8199667395
72,12,5,CLERIC,301.210448602308,1136317.8691616522
72,12,5,PALADIN,304.4793820608295,1123842.4954965825
73,12,5,WARRIOR,301.66365081369656,1132675.382883705
73,12,5,ROGUE,306.4564453300504,1114862.0854818025
73,12,5,RANGER,304.0702100774858,1124271.6021503222
73,12,5,MAGE,306.7501044214494,1114718.6553772204
73,12,5,CLERIC,308.6546627763286,1154526.9002488216
73,12,5,PALADIN,312.0492095104986,1141577.240722076
74,12,5,WARRIOR,309.13786296449155,1150636.979449707
74,12,5,ROGUE,314.2839845456274,1131657.2047146915
74,12,5,RANGER,311.77236685192696,1141459.9118209197
74,12,5,MAGE,314.53075339581204,1131741.2722184376
74,12,5,CLERIC,316.62119179351777,1172509.5022764693
74,12,5,PALADIN,320.1632739814945,1159164.8188900359
75,12,5,WARRIOR,316.6761603360592,1168691.5502488425
75,12,5,ROGUE,322.19391691255544,1148563.7418565406
75,12,5,RANGER,319.5494784707259,1158828.0168994977
75,12,5,MAGE,322.39981150633264,1148808.4415109064
75,12,5,CLERIC,324.677129188927,1190592.5392809696
75,12,5,PALADIN,328.3685898419666,1176837.9437524148
76,12,5,WARRIOR,324.235147251301,1187049.9339378935
76,12,5,ROGUE,330.14484647035493,1165670.5098213805
76,12,5,RANGER,327.368432357958,1176515.901100558
76,12,5,MAGE,330.31038243702386,1166296.2532246434
76,12,5,CLERIC,332.78187159485714,1209102.2491975138
76,12,5,PALADIN,336.62199050677077,1194782.9333565491
77,12,5,WARRIOR,331.8726820614126,1205479.5579362218
77,12,5,ROGUE,338.19689114104847,1182980.3597178615
77,12,5,RANGER,335.27517850278593,1194219.0077655062
77,12,5,MAGE,338.3125495774449,1183752.0301129841
77,12,5,CLERIC,340.9837135039588,1227609.3928314266
77,12,5,PALADIN,344.98729274527915,1212761.4999834665
78,12,5,WARRIOR,339.2501799625357,1223315.3792529474
78,12,5,ROGUE,345.9925479183204,1199540.079503325
78,12,5,RANGER,342.92743144825204,1211323.887631846
78,12,5,MAGE,346.05279199756967,1200629.1098726864
78,12,5,CLERIC,348.923542406754,1245523.1026468787
78,12,5,PALADIN,353.09069441393007,1230149.712585753
79,12,5,WARRIOR,346.8725823027619,1241765.9573740556
79,12,5,ROGUE,354.0653516337605,1216650.407579518
79,12,5,RANGER,350.8466118865947,1229002.6124062312
79,12,5,MAGE,354.06714591581726,1218045.7593982425
79,12,5,CLERIC,357.1523069278891,1263986.3977307228
79,12,5,PALADIN,361.48575743306327,1248099.148369749
80,12,5,WARRIOR,354.56449609913346,1260402.8060597244
80,12,5,ROGUE,362.22232436452805,1233898.643006358
80,12,5,RANGER,358.83888949867304,1246692.8041160775
80,12,5,MAGE,362.16319838855156,1235483.033590705
80,12,5,CLERIC,365.4675396934886,1282504.7546099506
80,12,5,PALADIN,369.97828865559535,1266205.6319974686
81,12,5,WARRIOR,362.2750345265628,1279235.1008071464
81,12,5,ROGUE,370.4243696026324,1251347.7425492958
81,12,5,RANGER,366.8735915209043,1264668.0465308526
81,12,5,MAGE,370.30376955485883,1253215.9439879805
81,12,5,CLERIC,373.82809576354134,1301379.9021548731
81,12,5,PALADIN,378.5181104021818,1284467.044346731
82,12,5,WARRIOR,370.0511734168435,1298352.2717986098
82,12,5,ROGUE,378.7101241077949,1268902.0324439988
82,12,5,RANGER,374.98670904733075,1282715.773372352
82,12,5,MAGE,378.53219399469106,1271009.3233357787
82,12,5,CLERIC,382.27673071458145,1320340.6501986377
82,12,5,PALADIN,387.16199072931926,1302949.6154496823
83,12,5,WARRIOR,377.59138610780593,1316820.184579208
83,12,5,ROGUE,386.7760597806541,1286020.4982880359
83,12,5,RANGER,382.88052140469875,1300242.3170707438
83,12,5,MAGE,386.52944634006445,1288226.4799676347
83,12,5,CLERIC,390.4973535216693,1338688.1237109115
83,12,5,PALADIN,395.5747234025776,1320737.5251218989
84,12,5,WARRIOR,385.3952644389785,1336138.040317133
84,12,5,ROGUE,395.13613598140677,1303707.6214771715
84,12,5,RANGER,391.0541096009248,1318368.015844733
84,12,5,MAGE,394.81408164790645,1306104.6106123212
84,12,5,CLERIC,399.024445001806,1357761.595903098
84,12,5,PALADIN,404.3104140016744,1339324.12308642
85,12,5,WARRIOR,393.2594064522808,1355585.015109327
85,12,5,ROGUE,403.5840405366624,1321492.8140575243
85,12,5,RANGER,399.3039221045618,1336655.0748160118
85,12,5,MAGE,403.18658753747917,1324091.5506034142
85,12,5,CLERIC,407.6388668998529,1376988.204703997
85,12,5,PALADIN,413.14306542353904,1357996.7938584068
86,12,5,WARRIOR,401.1400546527897,1375341.5634722211
86,12,5,ROGUE,412.06335156094275,1339556.675803681
86,12,5,RANGER,407.58114971549315,1355315.8363631307
86,12,5,MAGE,411.5875238914996,1342459.2332775795
86,12,5,CLERIC,416.2819838436912,1396660.2537519622
86,12,5,PALADIN,422.0157070846826,1376953.0397381536
87,12,5,WARRIOR,409.08341993116045,1395377.1017438378
87,12,5,ROGUE,420.63582040750424,1357809.8743092937
87,12,5,RANGER,415.94366514037296,1373991.0398854825
87,12,5,MAGE,420.0651911613141,1360819.811639619
87,12,5,CLERIC,425.0213225251597,1416297.3325635125
87,12,5,PALADIN,430.9917416480583,1396144.5547635609
88,12,5,WARRIOR,416.8076121864663,1414478.6488718141
88,12,5,ROGUE,428.9954925061119,1374856.2540062051
88,12,5,RANGER,424.09212660266945,1391745.4293262158
88,12,5,MAGE,428.31582620627444,1378394.4393422261
88,12,5,CLERIC,433.53213745625897,1435110.4766720396
88,12,5,PALADIN,439.74730220685274,1414367.1015801576
89,12,5,WARRIOR,424.9666274064446,1433484.5739071833
89,12,5,ROGUE,437.85616046761714,1391940.5395577962
89,12,5,RANGER,432.71297687943496,1409391.4758995622
89,12,5,MAGE,437.0291914867959,1395848.579615833
89,12,5,CLERIC,442.54016693022965,1453788.938019566
89,12,5,PALADIN,449.02764030671034,1432377.5060332033
90,12,5,WARRIOR,433.18027875060847,1452787.3125136264
90,12,5,ROGUE,446.8079561126202,1409070.9575543236
90,12,5,RANGER,441.40679280943215,1427266.4610634823
90,12,5,MAGE,445.82406027204536,1413572.0729786193
90,12,5,CLERIC,451.6234690714542,1472818.750551382
90,12,5,PALADIN,458.40188978537395,1450636.0645379196
91,12,5,WARRIOR,441.4013748631689,1472241.3203605188
91,12,5,ROGUE,455.77534599867585,1426391.857896563
91,12,5,RANGER,450.1186042244439,1445482.9204039525
91,12,5,MAGE,454.6341864345842,1431561.0289980837
91,12,5,CLERIC,460.7367407426007,1492123.191552834
91,12,5,PALADIN,467.8083825156409,1469025.7690113604
92,12,5,WARRIOR,449.59345755549316,1491698.762191665
92,12,5,ROGUE,464.7299743312468,1443814.4934928191
92,12,5,RANGER,458.81589104838736,1463586.7806160639
92,12,5,MAGE,463.4326084855222,1449448.5457824334
92,12,5,CLERIC,469.84353584529566,1511318.8112399776
92,12,5,PALADIN,477.2106049188953,1487383.2081343494
93,12,5,WARRIOR,457.69381113953636,1511019.8075775548
93,12,5,ROGUE,473.6046943971127,1460970.9394736907
93,12,5,RANGER,467.41273035854067,1481633.606702954
93,12,5,MAGE,472.1404942423375,1467256.0739556663
93,12,5,CLERIC,478.8575139148838,1530459.5229610763
93,12,5,PALADIN,486.52162825448653,1505629.5161596343
94,12,5,WARRIOR,466.0158643580017,1530985.3763946213
94,12,5,ROGUE,482.7351547564473,1478506.00382024
94,12,5,RANGER,476.2580585119114,1500113.2362354172
94,12,5,MAGE,481.0928079275807,1485457.455607143
94,12,5,CLERIC,488.12794055386564,1550062.6200151
94,12,5,PALADIN,496.11721115018076,1524468.0232602416
95,12,5,WARRIOR,474.3958485207775,1551079.7281308258
95,12,5,ROGUE,491.94370994501105,1496209.9355732691
95,12,5,RANGER,485.1777155957107,1518647.1286770161
95,12,5,MAGE,490.11944569148454,1503789.5588087772
95,12,5,CLERIC,497.487599216611,1569789.079752451
95,12,5,PALADIN,505.80478583554066,1543411.786496675
96,12,5,WARRIOR,482.7851734187311,1571343.134624455
96,12,5,ROGUE,501.17381799445445,1514206.877564576
96,12,5,RANGER,494.1084693760342,1537548.5727544355
96,12,5,MAGE,499.17381529133746,1522388.6405559378
96,12,5,CLERIC,506.8741026353021,1589843.666919027
96,12,5,PALADIN,515.5272112809042,1562514.856875485
97,12,5,WARRIOR,490.9035555054966,1591258.314748045
97,12,5,ROGUE,510.12098234245366,1531739.1504599007
97,12,5,RANGER,502.7585278031862,1555975.109921432
97,12,5,MAGE,507.94480662220593,1540509.1639355912
97,12,5,CLERIC,515.9738753401824,1609380.1691074322
97,12,5,PALADIN,524.9552227083792,1581304.2967116858
98,12,5,WARRIOR,499.25342030043254,1611612.859388763
98,12,5,ROGUE,519.3149214405285,1549856.475849736
98,12,5,RANGER,511.6430092004056,1574943.713458171
98,12,5,MAGE,516.9563335819872,1559206.72576916
98,12,5,CLERIC,525.3282036993323,1629575.8880527588
98,12,5,PALADIN,534.6661491531913,1600512.035253826
99,12,5,WARRIOR,507.6590996361036,1632131.1250629146
99,12,5,ROGUE,528.5816217952664,1568017.722594082
99,12,5,RANGER,520.5980177968738,1593974.8410860796
99,12,5,MAGE,526.0291203618164,1577985.8491799065
99,12,5,CLERIC,534.7579786513335,1649849.149119002
99,12,5,PALADIN,544.4526605253844,1619874.2941883015
100,12,5,WARRIOR,516.1259095690748,1652831.760615829
100,12,5,ROGUE,537.9266620435004,1586292.8645020307
100,12,5,RANGER,529.6163666716342,1613167.9675643581
100,12,5,MAGE,535.1720537126466,1596923.7435114305
100,12,5,CLERIC,544.2642121675027,1670314.1325737543
100,12,5,PALADIN,554.3272107360759,1639426.5288380082
20,12,12,WARRIOR,10.570225570739744,608852.0315323417
20,12,12,ROGUE,10.561790897771925,610181.2301415217
20,12,12,RANGER,10.593963542836155,607590.2127162484
20,12,12,MAGE,10.625315987019507,605965.4844962475
20,12,12,CLERIC,10.496066720386427,618570.9059365591
20,12,12,PALADIN,10.595256776084168,612456.0274600796
21,12,12,WARRIOR,11.686570709725355,641638.1352366988
21,12,12,ROGUE,11.67519074446358,643616.4707684396
21,12,12,RANGER,11.713570660391959,639955.4706531444
21,12,12,MAGE,11.747216311483099,638529.656823268
21,12,12,CLERIC,11.60992170043154,651840.9917199273
21,12,12,PALADIN,11.714505206922723,645779.990607665
22,12,12,WARRIOR,12.846629595234596,675101.4535140899
22,12,12,ROGUE,12.83655760171518,676875.5072106743
22,12,12,RANGER,12.878571787296133,673277.8306638964
22,12,12,MAGE,12.912863184309133,671555.8016627398
22,12,12,CLERIC,12.769003888358302,685515.7478635093
22,12,12,PALADIN,12.882674466797827,679502.3199616628
23,12,12,WARRIOR,14.0572932661801,708386.8182474056
23,12,12,ROGUE,14.054786931028591,709852.3121666315
23,12,12,RANGER,14.094840949939945,706337.4445202533
23,12,12,MAGE,14.133443439107536,704462.8078710242
23,12,12,CLERIC,13.980645017137018,719217.9831599148
23,12,12,PALADIN,14.09973922954623,713235.3628162558
24,12,12,WARRIOR,15.320067540568969,742103.594347324
24,12,12,ROGUE,15.321497368201532,743236.9925301033
24,12,12,RANGER,15.359128162801046,740162.747488056
24,12,12,MAGE,15.40396358396411,738228.4517562838
24,12,12,CLERIC,15.240043926562969,753913.0090677647
24,12,12,PALADIN,15.36919041785919,747417.377733295
25,12,12,WARRIOR,16.63134015573044,776531.8521580553
25,12,12,ROGUE,16.643452856195086,776973.9653323547
25,12,12,RANGER,16.677216581600135,773702.0480525517
25,12,12,MAGE,16.72607111461855,771656.309724733
25,12,12,CLERIC,16.550768447770974,788272.1943498085
25,12,12,PALADIN,16.69120770322785,782178.6427698246
26,12,12,WARRIOR,17.989186320910584,810574.2348418739
26,12,12,ROGUE,18.00905085736316,810984.3067619853
26,12,12,RANGER,18.0374522728797,808039.1650939675
26,12,12,MAGE,18.09226789802637,805577.5377165353
26,12,12,CLERIC,17.9070632130756,823131.7273866024
26,12,12,PALADIN,18.057318337326095,816767.4478005553
27,12,12,WARRIOR,19.39075478806157,845402.5928424807
27,12,12,ROGUE,19.421452012020676,844771.7176267394
27,12,12,RANGER,19.44292768234546,842871.0566506145
27,12,12,MAGE,19.497528088590308,840475.9369004101
27,12,12,CLERIC,19.303456233958862,859050.5237257783
27,12,12,PALADIN,19.46944286559641,852064.3375375713
28,12,12,WARRIOR,20.84556922507022,880379.4340827446
28,12,12,ROGUE,20.884870716728987,879163.3516214438
28,12,12,RANGER,20.89782284016069,877627.8522063964
28,12,12,MAGE,20.961922077862074,874984.0243357422
28,12,12,CLERIC,20.759624187860652,894455.9921685919
28,12,12,PALADIN,20.937362040532687,887514.934499706
29,12,12,WARRIOR,22.34420778361431,915303.8708312535
29,12,12,ROGUE,22.399674551325734,914160.3409495995
29,12,12,RANGER,22.405074078105653,912618.7801798519
29,12,12,MAGE,22.481207542078376,909561.3369178295
29,12,12,CLERIC,22.266194430506435,930253.3461497708
29,12,12,PALADIN,22.453633810487343,922761.5889425739
30,12,12,WARRIOR,23.89672069805175,950182.3560607289
30,12,12,ROGUE,23.962359730270308,948457.5212260877
30,12,12,RANGER,23.9603235299339,948136.151380368
30,12,12,MAGE,24.046587238161685,944598.9320660236
30,12,12,CLERIC,23.826602632661803,966152.8850715673
30,12,12,PALADIN,24.02168997528474,958085.5504412609
31,12,12,WARRIOR,25.49409106459579,985422.2665301489
31,12,12,ROGUE,25.571156561517018,983586.9982842841
31,12,12,RANGER,25.561653725013514,983337.0239032416
31,12,12,MAGE,25.658011483288636,979534.1317221465
31,12,12,CLERIC,25.428511202713068,1002267.4320894092
31,12,12,PALADIN,25.638613844293573,993694.1171907561
32,12,12,WARRIOR,27.14512788845304,1020561.7072920252
32,12,12,ROGUE,27.228209443564623,1018712.7341219935
32,12,12,RANGER,27.212630101818696,1018823.6522440023
32,12,12,MAGE,27.314854733146205,1015026.7691651208
32,12,12,CLERIC,27.071156191688193,1039108.0842951535
32,12,12,PALADIN,27.312206471817664,1029184.3787503884
33,12,12,WARRIOR,28.840066281871902,1056345.4072797862
33,12,12,ROGUE,28.934697893913796,1054583.5699365782
33,12,12,RANGER,28.912694432044226,1054512.6361937737
33,12,12,MAGE,29.017110947226673,1050786.602875576
33,12,12,CLERIC,28.76359521415681,1076096.9971606992
33,12,12,PALADIN,29.026879022099028,1065523.771999496
34,12,12,WARRIOR,30.577454622138053,1092357.916568285
34,12,12,ROGUE,30.680870968426728,1090739.4088302844
34,12,12,RANGER,30.649335192487218,1090896.6125208377
34,12,12,MAGE,30.759993021927187,1086937.3706836188
34,12,12,CLERIC,30.50050882921225,1113350.3154044608
34,12,12,PALADIN,30.784072429566287,1102157.4919994436
35,12,12,WARRIOR,32.363354439127235,1128828.3618348308
35,12,12,ROGUE,32.4770263814642,1126503.0550451083
35,12,12,RANGER,32.430415438911396,1127510.9859871536
35,12,12,MAGE,32.55344205369651,1123304.3748394556
35,12,12,CLERIC,32.28836213472851,1150924.3359863744
35,12,12,PALADIN,32.5905038524046,1139310.6729235305
36,12,12,WARRIOR,34.1857294167954,1165635.2882417273
36,12,12,ROGUE,34.31087096545518,1162750.707790747
36,12,12,RANGER,34.243734957897324,1164260.6410053836
36,12,12,MAGE,34.37924144033585,1159706.697766817
36,12,12,CLERIC,34.10992129287664,1188515.3945214825
36,12,12,PALADIN,34.43560699413809,1176805.9695273654
37,12,12,WARRIOR,36.042918210333085,1202938.5459851564
37,12,12,ROGUE,36.17897175500446,1199318.0073310973
37,12,12,RANGER,36.104840395346315,1201319.1503566531
37,12,12,MAGE,36.24658660461578,1196882.8602601562
37,12,12,CLERIC,35.9719930253274,1226971.123240906
37,12,12,PALADIN,36.32084384661598,1214703.8006279853
38,12,12,WARRIOR,37.948841734767754,1240342.0361016209
38,12,12,ROGUE,38.10389274804676,1236036.5218830372
38,12,12,RANGER,38.017146990035855,1238936.3199675384
38,12,12,MAGE,38.16105970584082,1234689.0108842654
38,12,12,CLERIC,37.88944665406975,1265885.247689363
38,12,12,PALADIN,38.25411731084893,1252834.4183988813
39,12,12,WARRIOR,39.8919987214788,1277690.4425336989
39,12,12,ROGUE,40.05287399639822,1273931.7159759477
39,12,12,RANGER,39.95429615485624,1277038.0230762344
39,12,12,MAGE,40.11399115407033,1272273.131062438
39,12,12,CLERIC,39.84159676959731,1304705.4608681386
39,12,12,PALADIN,40.22781409266827,1290880.4202703221
40,12,12,WARRIOR,41.89376802617529,1315353.2054712828
40,12,12,ROGUE,42.056326116864696,1311782.5463213057
40,12,12,RANGER,41.94935850903421,1314620.4977275978
40,12,12,MAGE,42.1244356551194,1309604.1410894394
40,12,12,CLERIC,41.85014528185438,1343389.8884068304
40,12,12,PALADIN,42.25812854362573,1329369.1991590518
41,12,12,WARRIOR,43.916471717231424,1353746.6180183373
41,12,12,ROGUE,44.098392100538064,1349902.06648087
41,12,12,RANGER,43.96944202540165,1353220.6760350964
41,12,12,MAGE,44.16275397844994,1347657.3557673078
41,12,12,CLERIC,43.89426130456908,1382671.9870937313
41,12,12,PALADIN,44.31850748369823,1368350.5648809709
42,12,12,WARRIOR,45.982259750226916,1391932.0619009845
42,12,12,ROGUE,46.18039568405046,1387889.8472633963
42,12,12,RANGER,46.03367759268503,1391522.119779084
42,12,12,MAGE,46.24037960376057,1385741.9772844776
42,12,12,CLERIC,45.97953506777076,1421928.5363289302
42,12,12,PALADIN,46.42655264023995,1407070.1887712327
43,12,12,WARRIOR,48.096806128226795,1430568.6640410752
43,12,12,ROGUE,48.30286481853202,1426184.1017878908
43,12,12,RANGER,48.141025809652376,1430699.7000818031
43,12,12,MAGE,48.36483288579765,1424493.4080033007
43,12,12,CLERIC,48.10913665733748,1462114.9227019388
43,12,12,PALADIN,48.57915391934162,1446472.9599690058
44,12,12,WARRIOR,50.243076928978205,1470032.9344260579
44,12,12,ROGUE,50.46170996484701,1464982.1466414535
44,12,12,RANGER,50.28779791377587,1469981.9328288727
44,12,12,MAGE,50.52967887320762,1463244.992077395
44,12,12,CLERIC,50.27946790869021,1502250.16699998
44,12,12,PALADIN,50.76929556791002,1486606.152020458
45,12,12,WARRIOR,52.42526612816742,1509215.4550358932
45,12,12,ROGUE,52.67013765698001,1503197.7076484375
45,12,12,RANGER,52.4696415513417,1509033.3506952522
45,12,12,MAGE,52.73072885476938,1501758.9381914553
45,12,12,CLERIC,52.486592151158526,1542197.9034547268
45,12,12,PALADIN,52.996697975929635,1526465.589407902
46,12,12,WARRIOR,54.6311783977677,1548516.3665892433
46,12,12,ROGUE,54.89938882474528,1542440.4248892453
46,12,12,RANGER,54.6792934528789,1548615.1788971531
46,12,12,MAGE,54.96015078016198,1540787.2417185246
46,12,12,CLERIC,54.72226475677745,1582754.133714339
46,12,12,PALADIN,55.250514683028925,1566496.6176611045
47,12,12,WARRIOR,56.87521652744633,1588611.0970917968
47,12,12,ROGUE,57.16170784142465,1581841.4892945653
47,12,12,RANGER,56.92271518254284,1588537.347700718
47,12,12,MAGE,57.22925294850678,1580195.547351795
47,12,12,CLERIC,56.99941308034359,1623761.1581989662
47,12,12,PALADIN,57.54476611148485,1607345.0061175919
48,12,12,WARRIOR,59.15088664534639,1629073.2052379316
48,12,12,ROGUE,59.46719080913002,1621615.8776024547
48,12,12,RANGER,59.20346653960719,1628407.9982546854
48,12,12,MAGE,59.53390827642807,1619603.9047998665
48,12,12,CLERIC,59.31000627357886,1664800.7976014316
48,12,12,PALADIN,59.876197986705,1648526.628801935
49,12,12,WARRIOR,61.45854332038758,1669717.758400865
49,12,12,ROGUE,61.80638244754067,1661526.8156110346
49,12,12,RANGER,61.516232582488875,1669182.7577755349
49,12,12,MAGE,61.877329828448836,1659656.9025718477
49,12,12,CLERIC,61.65553412547787,1706773.105287479
49,12,12,PALADIN,62.246062809595855,1689760.1722094028
50,12,12,WARRIOR,63.80347660312346,1711068.4088044749
50,12,12,ROGUE,64.17998486701144,1702054.8526749238
50,12,12,RANGER,63.86954324362382,1710173.449117383
50,12,12,MAGE,64.26147112024509,1700016.7942091043
50,12,12,CLERIC,64.0451695780497,1748952.2588193761
50,12,12,PALADIN,64.65781280760648,1731742.9259581687
51,12,12,WARRIOR,66.16587814517514,1752868.8408023093
51,12,12,ROGUE,66.57326067750431,1743394.1505770178
51,12,12,RANGER,66.24341534302525,1751965.233435379
51,12,12,MAGE,66.66390623371457,1741102.4316978815
51,12,12,CLERIC,66.45998309631297,1791803.352213107
51,12,12,PALADIN,67.08895122696804,1774210.0349327424
52,12,12,WARRIOR,68.56119932965957,1794898.1833484948
52,12,12,ROGUE,69.00858449796156,1784500.1778892826
52,12,12,RANGER,68.65287745098475,1793827.1336540102
52,12,12,MAGE,69.10042889995222,1782504.7645990106
52,12,12,CLERIC,68.91287562351872,1834956.1572256344
52,12,12,PALADIN,69.56505973152821,1816731.9833439558
53,12,12,WARRIOR,70.98910015740293,1837501.413396872
53,12,12,ROGUE,71.47389547478367,1826160.1509609763
53,12,12,RANGER,71.09601323451447,1835916.8476782367
53,12,12,MAGE,71.5720645459598,1823973.5714717372
53,12,12,CLERIC,71.40340729221676,1878180.14518781
53,12,12,PALADIN,72.07872348884365,1859742.3918827854
54,12,12,WARRIOR,73.44948850258041,1880258.434272802
54,12,12,ROGUE,73.97361008086946,1867605.9151225379
54,12,12,RANGER,73.57479290701006,1878386.6063635552
54,12,12,MAGE,74.07944646526312,1865909.8926287994
54,12,12,CLERIC,73.93383252532385,1921865.3873898797
54,12,12,PALADIN,74.62882202102928,1902943.407507926
55,12,12,WARRIOR,75.94958118768844,1923055.9195127704
55,12,12,ROGUE,76.51001862041335,1909584.8427361248
55,12,12,RANGER,76.09436019398595,1920795.516282582
55,12,12,MAGE,76.62527658259066,1907897.2568852722
55,12,12,CLERIC,76.507054691152,1965567.032276454
55,12,12,PALADIN,77.22320192699738,1946216.2520414381
56,12,12,WARRIOR,78.4727031835437,1966917.5449007368
56,12,12,ROGUE,79.07119627815331,1952225.8738438953
56,12,12,RANGER,78.63836617522813,1963974.6063118402
56,12,12,MAGE,79.19827452424295,1950555.0372213323
56,12,12,CLERIC,79.10890348928197,2009999.2793041712
56,12,12,PALADIN,79.85091136266432,1990405.2021792345
57,12,12,WARRIOR,81.12229332626573,2008182.3019326997
57,12,12,ROGUE,81.77209361238091,1992832.9418525111
57,12,12,RANGER,81.31553855607996,2004589.8832125755
57,12,12,MAGE,81.9051123963136,1990672.9992759088
57,12,12,CLERIC,81.84894885745014,2051862.9763345255
57,12,12,PALADIN,82.61571734746182,2031881.4039221953
58,12,12,WARRIOR,83.8207728457062,2049707.8376831147
58,12,12,ROGUE,84.51978151179681,2033303.34243722
58,12,12,RANGER,84.04003359967173,2045586.4880588471
58,12,12,MAGE,84.65695154541783,2031281.1889433984
58,12,12,CLERIC,84.64190192388007,2094158.5465778783
58,12,12,PALADIN,85.43482769735846,2073643.5401973382
59,12,12,WARRIOR,86.55449467274696,2091612.5420116722
59,12,12,ROGUE,87.30922603578185,2073803.614131174
59,12,12,RANGER,86.80408687923074,2086586.378150553
59,12,12,MAGE,87.44930029132318,2071694.4527739773
59,12,12,CLERIC,87.47572580211477,2136298.97221707
59,12,12,PALADIN,88.29878587041578,2115707.167244205
60,12,12,WARRIOR,89.32165900557649,2133759.645301719
60,12,12,ROGUE,90.13559160681895,2114919.490061665
60,12,12,RANGER,89.60552369282729,2127886.4043987803
60,12,12,MAGE,90.27822938013614,2112623.662809285
60,12,12,CLERIC,90.34831370307083,2179036.163552752
60,12,12,PALADIN,91.20261553251204,2157990.307907774
61,12,12,WARRIOR,92.1121487345598,2176035.060967986
61,12,12,ROGUE,92.98520468115827,2156234.007872515
61,12,12,RANGER,92.4291570945758,2169529.559079664
61,12,12,MAGE,93.13109545458462,2153856.498153382
61,12,12,CLERIC,93.24980830438938,2222091.185953102
61,12,12,PALADIN,94.13610057137952,2200390.6676635407
62,12,12,WARRIOR,94.81595376163021,2216836.520897389
62,12,12,ROGUE,95.75370547958204,2195740.5891966503
62,12,12,RANGER,95.16825765971916,2209703.3820291185
62,12,12,MAGE,95.90041228416408,2193545.8981831386
62,12,12,CLERIC,96.0666994053197,2263548.9596924633
62,12,12,PALADIN,96.9850747834872,2241274.604471509
63,12,12,WARRIOR,97.63660025309537,2259618.9203444296
63,12,12,ROGUE,98.64647084693854,2236930.360817346
63,12,12,RANGER,98.02851638890775,2251162.271491548
63,12,12,MAGE,98.79193699511424,2234488.97465101
63,12,12,CLERIC,99.00430795496283,2306529.103676777
63,12,12,PALADIN,99.96243371286349,2284084.3263014583
64,12,12,WARRIOR,100.492783167723,2302398.062394539
64,12,12,ROGUE,101.57671988284628,2278073.8627107157
64,12,12,RANGER,100.92750783305343,2293287.6263808724
64,12,12,MAGE,101.72284506774048,2276159.203429789
64,12,12,CLERIC,101.98561942584901,2350264.783401884
64,12,12,PALADIN,102.98506861730783,2326848.11222942
65,12,12,WARRIOR,103.38410050878255,2345229.627856586
65,12,12,ROGUE,104.54949863228515,2319359.6674036956
65,12,12,RANGER,103.86655949262244,2335554.342490094
65,12,12,MAGE,104.69773505696415,2317699.874839453
65,12,12,CLERIC,105.0115774430292,2393959.835156136
65,12,12,PALADIN,106.05116425975517,2369576.8241118994
66,12,12,WARRIOR,106.29238272724575,2388763.8874983685
66,12,12,ROGUE,107.54394586852246,2361385.8729943684
66,12,12,RANGER,106.82555450452635,2378042.5350072593
66,12,12,MAGE,107.69163605222096,2359558.1920519955
66,12,12,CLERIC,108.06036688113447,2437986.0909346393
66,12,12,PALADIN,109.14328392542203,2412940.3096616757
67,12,12,WARRIOR,109.21035649827701,2431896.7994733187
67,12,12,ROGUE,110.55329145034094,2402916.850800653
67,12,12,RANGER,109.79843084087183,2420113.5067686737
67,12,12,MAGE,110.70132908404798,2400961.8646782823
67,12,12,CLERIC,111.12427401621086,2481631.1315992996
67,12,12,PALADIN,112.25325057713178,2455820.044922247
68,12,12,WARRIOR,112.04783545851612,2474131.2833315427
68,12,12,ROGUE,113.48288751721292,2442618.1972410195
68,12,12,RANGER,112.69266343559961,2461020.900628466
68,12,12,MAGE,113.6323402516147,2441257.7655995083
68,12,12,CLERIC,114.11097401054693,2524163.4924689876
68,12,12,PALADIN,115.28430323688383,2497754.317283962
69,12,12,WARRIOR,114.98955662892448,2517350.632624206
69,12,12,ROGUE,116.52587268896238,2484032.654148213
69,12,12,RANGER,115.69697419291523,2503058.6194684906
69,12,12,MAGE,116.67323090380553,2482635.8095912836
69,12,12,CLERIC,117.21286836357669,2567794.1051993533
69,12,12,PALADIN,118.43293327189112,2540604.982604223
70,12,12,WARRIOR,117.9634094808655,2561025.6430745497
70,12,12,ROGUE,119.60880038192855,2525415.0047736615
70,12,12,RANGER,118.74165230712828,2545190.3828851907
70,12,12,MAGE,119.75242454770478,2524195.651083322
70,12,12,CLERIC,120.3547065896091,2611659.6841684086
70,12,12,PALADIN,121.6246452039786,2583855.198799954
71,12,12,WARRIOR,120.94849395978447,2605129.769989254
71,12,12,ROGUE,122.711788241539,2567582.0907468875
71,12,12,RANGER,121.79856550074895,2588057.4990069293
71,12,12,MAGE,122.85049784633452,2566404.949733031
71,12,12,CLERIC,123.51544927833385,2656285.2307500895
71,12,12,PALADIN,124.83609587434196,2627511.910338561
72,12,12,WARRIOR,123.9649788092927,2649642.805612916
72,12,12,ROGUE,125.85313880694201,2609579.7628758405
72,12,12,RANGER,124.89342114192276,2631006.3036795217
72,12,12,MAGE,125.98341278196129,2608806.293363562
72,12,12,CLERIC,126.71611975683302,2701083.459482616
72,12,12,PALADIN,128.09132624628006,2671428.8827377767
73,12,12,WARRIOR,126.90677723886543,2692425.090461266
73,12,12,ROGUE,128.9230563112626,2650082.006473137
73,12,12,RANGER,127.91919182570089,2672448.890357324
73,12,12,MAGE,129.0465956531615,2649741.0660606055
73,12,12,CLERIC,129.84782365073133,2744367.2219029367
73,12,12,PALADIN,131.27587434579598,2713585.244339361
74,12,12,WARRIOR,130.05110097126888,2735120.6888558604
74,12,12,ROGUE,132.2160210847122,2690004.830879185
74,12,12,RANGER,131.15940950322448,2713306.3477710383
74,12,12,MAGE,132.31983418720367,2690204.6634700573
74,12,12,CLERIC,133.1992599958937,2787112.751312918
74,12,12,PALADIN,134.68937733014596,2755391.7826074623
75,12,12,WARRIOR,133.22238469310074,2778037.291575118
75,12,12,ROGUE,135.5436478045923,2730192.5011343993
75,12,12,RANGER,134.43115990837433,2754591.187711921
75,12,12,MAGE,135.63026553025026,2730774.164247237
75,12,12,CLERIC,136.58830952085893,2830097.0196023053
75,12,12,PALADIN,138.14126883006873,2797401.6695754114
76,12,12,WARRIOR,136.40237229192664,2821676.07247532
76,12,12,ROGUE,138.88852161856306,2770856.1299032825
76,12,12,RANGER,137.72051292300299,2796636.158353786
76,12,12,MAGE,138.9581608872997,2772343.5527471034
76,12,12,CLERIC,139.99789080887092,2874095.5103875333
76,12,12,PALADIN,141.613389109745,2840057.792404911
77,12,12,WARRIOR,139.6154041775598,2865484.1950942976
77,12,12,ROGUE,142.27593351451006,2812002.49441131
77,12,12,RANGER,141.04679923220652,2838717.313540957
77,12,12,MAGE,142.3245898222354,2813836.7928915205
77,12,12,CLERIC,143.4483208533896,2918087.900992735
77,12,12,PALADIN,145.13258522387602,2882793.7294688965
78,12,12,WARRIOR,142.71904122561847,2907880.8195356946
78,12,12,ROGUE,145.55548567598305,2851365.762753805
78,12,12,RANGER,144.2660228851267,2879376.4542068476
78,12,12,MAGE,145.58082973690864,2853954.441500648
78,12,12,CLERIC,146.78852473663449,2960669.670226186
78,12,12,PALADIN,148.54160247758435,2924126.365982528
79,12,12,WARRIOR,145.9257070377136,2951738.7511350503
79,12,12,ROGUE,148.9516306873062,2892037.8540824596
79,12,12,RANGER,147.59754017298127,2921399.6524410406
79,12,12,MAGE,148.9523855232059,2895354.673979429
79,12,12,CLERIC,150.2502808455257,3004557.830671391
79,12,12,PALADIN,152.07331864425424,2966793.0576002225
80,12,12,WARRIOR,149.16161560032515,2996039.4570272127
80,12,12,ROGUE,152.38318473266347,2933037.757965934
80,12,12,RANGER,150.95980868564865,2963450.1081447746
80,12,12,MAGE,152.35831104621826,2936803.9323057737
80,12,12,CLERIC,153.74841325036417,3048576.8757121777
80,12,12,PALADIN,155.64603867580217,3009833.0596661144
81,12,12,WARRIOR,152.40535935255403,3040804.7478202656
81,12,12,ROGUE,155.8337003155902,2974515.125731932
81,12,12,RANGER,154.3399247087942,3006178.143393011
81,12,12,MAGE,155.78296512307853,2978955.9324304457
81,12,12,CLERIC,157.2656127005243,3093444.0297124037
81,12,12,PALADIN,159.23865334160746,3053241.3349225577
82,12,12,WARRIOR,155.67670054087898,3086247.2034557112
82,12,12,ROGUE,159.31943152121028,3016242.536137374
82,12,12,RANGER,157.75302932335978,3049078.4776883787
82,12,12,MAGE,159.2445781632838,3021251.670224393
82,12,12,CLERIC,160.819866024755,3138514.6603082367
82,12,12,PALADIN,162.8750443757826,3097175.315413179
83,12,12,WARRIOR,158.84879001776662,3130146.3403931996
83,12,12,ROGUE,162.71268721806828,3056933.971340413
83,12,12,RANGER,161.07387452197676,3090739.9340206194
83,12,12,MAGE,162.60893949478574,3062177.6982837217
83,12,12,CLERIC,164.27819699877125,3182127.5071816747
83,12,12,PALADIN,166.41419398315333,3139458.0515192677
84,12,12,WARRIOR,162.13180090191506,3176065.833540727
84,12,12,ROGUE,166.22968479217803,3098977.1330195055
84,12,12,RANGER,164.51241852176838,3133825.6114342012
84,12,12,MAGE,166.09419986567102,3104674.8940784675
84,12,12,CLERIC,167.86545617317358,3227466.0886221174
84,12,12,PALADIN,170.0892086489803,3183639.308975916
85,12,12,WARRIOR,165.44016409371815,3222292.249030367
85,12,12,ROGUE,169.78363084645798,3141253.410464607
85,12,12,RANGER,167.98302929916045,3177294.849972488
85,12,12,MAGE,169.61642648128435,3147430.7350409026
85,12,12,CLERIC,171.4894543509727,3273168.683312778
85,12,12,PALADIN,173.80501372990264,3228025.1657289993
86,12,12,WARRIOR,168.7554712677253,3269254.536122493
86,12,12,ROGUE,173.35078927736214,3184192.098221864
86,12,12,RANGER,171.46517332858676,3221652.3979123603
86,12,12,MAGE,173.1506134991826,3191091.620086049
86,12,12,CLERIC,175.12552423769077,3319930.1113776155
86,12,12,PALADIN,177.53764229079752,3273085.0944595453
87,12,12,WARRIOR,172.0971628675916,3316879.9959484674
87,12,12,ROGUE,176.9571382403984,3227580.848767992
87,12,12,RANGER,174.98319705905345,3266044.2751376224
87,12,12,MAGE,176.7170804195873,3234735.6178318816
87,12,12,CLERIC,178.80207361403268,3366608.413470645
87,12,12,PALADIN,181.3137671760797,3318704.26951994
88,12,12,WARRIOR,175.3466506439617,3362285.312892017
88,12,12,ROGUE,180.47396581291608,3268100.9316540933
88,12,12,RANGER,178.41117050181265,3308247.332004939
88,12,12,MAGE,180.1880372316051,3276511.372206931
88,12,12,CLERIC,182.38248541263312,3411328.1822532085
88,12,12,PALADIN,184.9971409284001,3362020.1594938175
89,12,12,WARRIOR,178.77906394340087,3407463.331418714
89,12,12,ROGUE,184.20155716223897,3308711.1186209903
89,12,12,RANGER,182.03787303203816,3350192.8525481396
89,12,12,MAGE,183.853659866859,3318000.7220376353
89,12,12,CLERIC,186.17207022582076,3455727.803489132
89,12,12,PALADIN,188.90128316351266,3404831.776636302
90,12,12,WARRIOR,182.23446209508361,3453346.890401242
90,12,12,ROGUE,187.9674849853092,3349430.9646783103
90,12,12,RANGER,185.69527145776107,3392682.5713804094
90,12,12,MAGE,187.5535701834122,3360130.3374081925
90,12,12,CLERIC,189.9933214714394,3500962.603769678
90,12,12,PALADIN,192.84493294419184,3448233.2681639064
91,12,12,WARRIOR,185.6929921838159,3499590.0238077897
91,12,12,ROGUE,191.73997314427055,3390603.59663937
91,12,12,RANGER,189.3602403978695,3435983.9911241494
91,12,12,MAGE,191.2598991207561,3402890.9705692157
91,12,12,CLERIC,193.82718058826651,3546850.2094288673
91,12,12,PALADIN,196.80214712726965,3491946.500108971
92,12,12,WARRIOR,189.1393166267937,3545841.3199637937
92,12,12,ROGUE,195.50709264969692,3432018.0583026037
92,12,12,RANGER,193.01909899276984,3479017.7572021196
92,12,12,MAGE,194.96130425942656,3445410.4776795553
92,12,12,CLERIC,197.65831507974508,3592479.1414720775
92,12,12,PALADIN,200.75756482794907,3535583.035729191
93,12,12,WARRIOR,192.54705158283943,3591768.395061401
93,12,12,ROGUE,199.2405955739578,3472799.774158773
93,12,12,RANGER,196.63570035773088,3521915.9503594814
93,12,12,MAGE,198.624621715742,3487739.847927403
93,12,12,CLERIC,201.45040240557177,3637977.554579608
93,12,12,PALADIN,204.67461602430126,3578955.407264704
94,12,12,WARRIOR,196.04805328164213,3639227.534052788
94,12,12,ROGUE,203.0816857940916,3514481.4844907345
94,12,12,RANGER,200.35683840845928,3565842.9385923846
94,12,12,MAGE,202.39076747298213,3531005.4272628827
94,12,12,CLERIC,205.35037499162624,3684575.0803637626
94,12,12,PALADIN,208.71137848386914,3623735.465126804
95,12,12,WARRIOR,199.57342592943056,3686992.796376553
95,12,12,ROGUE,206.95562970100463,3556564.6009528534
95,12,12,RANGER,204.109245871299,3609898.9124289723
95,12,12,MAGE,206.18818060124522,3574581.7381520113
95,12,12,CLERIC,209.2878865669881,3731465.845313203
95,12,12,PALADIN,212.78684093771022,3668765.7220002934
96,12,12,WARRIOR,203.10272812788006,3735159.9101728834
96,12,12,ROGUE,210.83864067352908,3599344.217161698
96,12,12,RANGER,207.866321599573,3654828.574580215
96,12,12,MAGE,209.9972602260109,3618792.670173951
96,12,12,CLERIC,213.23669145347188,3779136.5852993275
96,12,12,PALADIN,216.87696474575975,3714174.6597859883
97,12,12,WARRIOR,206.51804748851924,3782499.2727617472
97,12,12,ROGUE,214.60262015785986,3641019.2920768126
97,12,12,RANGER,211.5053116965128,3698629.359649306
97,12,12,MAGE,213.68712554451415,3661866.045420669
97,12,12,CLERIC,217.06487169483535,3825575.811812749
97,12,12,PALADIN,220.8432316221458,3758838.082347449
98,12,12,WARRIOR,210.0307492298371,3830883.0264159124
98,12,12,ROGUE,218.47041522670514,3684085.0655444534
98,12,12,RANGER,215.24292111189476,3743718.663138276
98,12,12,MAGE,217.47818171380146,3706311.069451283
98,12,12,CLERIC,221.00014086661577,3873582.028977867
98,12,12,PALADIN,224.92851791961846,3804495.8215049957
99,12,12,WARRIOR,213.56693157105047,3879655.9530184036
99,12,12,ROGUE,222.36882020352587,3727255.242231834
99,12,12,RANGER,219.01020059040897,3788956.589466911
99,12,12,MAGE,221.2950092556607,3750949.9693620726
99,12,12,CLERIC,224.9671496395265,3921772.567577956
99,12,12,PALADIN,229.04560201412727,3850520.8632344864
100,12,12,WARRIOR,217.12883092216256,3928862.3817917234
100,12,12,ROGUE,226.30018196312778,3770696.1533244983
100,12,12,RANGER,222.80412666875648,3834579.595030031
100,12,12,MAGE,225.14134673428578,3795966.2755599585
100,12,12,CLERIC,228.96632373943214,3970418.8397244983
100,12,12,PALADIN,233.1997231372457,3896997.4865821507
20,16,1,WARRIOR,166.52437333575236,38647.21532099152
20,16,1,ROGUE,166.39149266817736,38731.5869288583
20,16,1,RANGER,166.89834368304173,38567.12068230088
20,16,1,MAGE,167.39227317255316,38463.99017093768
20,16,1,CLERIC,165.35606751297303,39264.12618327795
20,16,1,PALADIN,166.9187174068342,38875.98093138903
21,16,1,WARRIOR,184.11138445977156,40728.3311648685
21,16,1,ROGUE,183.93210336769667,40853.90709352219
21,16,1,RANGER,184.53674433830605,40621.523111177754
21,16,1,MAGE,185.0668012350042,40531.018799395795
21,16,1,CLERIC,182.90384842811002,41375.96305402244
21,16,1,PALADIN,184.55146727627437,40991.237697260745
22,16,1,WARRIOR,202.38706624623677,42852.433573735165
22,16,1,ROGUE,202.22839106964403,42965.04260130192
22,16,1,RANGER,202.89028668182922,42736.67811706315
22,16,1,MAGE,203.4305167232963,42627.37138546009
22,16,1,CLERIC,201.1641432247922,43513.486596955336
22,16,1,PALADIN,202.95492069824115,43131.78097571429
23,16,1,WARRIOR,221.45998079998483,44965.24028417455
23,16,1,ROGUE,221.42049574948322,45058.26331130543
23,16,1,RANGER,222.05151070315225,44835.155167258534
23,16,1,MAGE,222.65965811446455,44716.16158182362
23,16,1,CLERIC,220.25245674538803,45652.754394125725
23,16,1,PALADIN,222.12867868186765,45273.00429947097
24,16,1,WARRIOR,241.35385092601283,47105.43106679163
24,16,1,ROGUE,241.37637657117494,47177.37413562571
24,16,1,RANGER,241.96921581068528,46982.23475210346
24,16,1,MAGE,242.67555744572965,46859.45427381198
24,16,1,CLERIC,240.09315103978716,47855.04011772491
24,16,1,PALADIN,242.12773756660133,47442.72637016753
25,16,1,WARRIOR,262.0117686829009,49290.783539689255
25,16,1,ROGUE,262.20259335743407,49318.84691495696
25,16,1,RANGER,262.7345104084874,49111.160178153645
25,16,1,MAGE,263.50416952702324,48981.305820196394
25,16,1,CLERIC,260.7424340706213,50036.00817412938
25,16,1,PALADIN,262.9549279147863,49649.21665864651
26,16,1,WARRIOR,283.403410727788,51451.642378100216
26,16,1,ROGUE,283.7163585889508,51477.671917254
26,16,1,RANGER,284.1637972825801,51290.72744092823
26,16,1,MAGE,285.0273680328417,51134.47429834407
26,16,1,CLERIC,282.10963520927294,52248.73607760952
26,16,1,PALADIN,284.4767692159078,51844.759954041496
27,16,1,WARRIOR,305.4838582184782,53662.39142912729
27,16,1,ROGUE,305.96746530412895,53622.346280157246
27,16,1,RANGER,306.3057951267866,53501.70078635535
27,16,1,MAGE,307.1659752972997,53349.669251743
27,16,1,CLERIC,304.10854821040107,54528.7012978902
27,16,1,PALADIN,306.7235179317728,54085.249312998836
28,16,1,WARRIOR,328.4031479556145,55882.56553490887
28,16,1,ROGUE,329.02230752092714,55805.374036324734
28,16,1,RANGER,329.2263565474496,55707.907372102156
28,16,1,MAGE,330.2361822430402,55540.08895367354
28,16,1,CLERIC,327.0491613858046,56776.08274951522
28,16,1,PALADIN,329.8492609992117,56335.495322041694
29,16,1,WARRIOR,352.01284721398935,58099.41323694741
29,16,1,ROGUE,352.88667612826276,58026.827052992274
29,16,1,RANGER,352.97174080425464,57928.97564096875
29,16,1,MAGE,354.1711548842183,57734.902759612494
29,16,1,CLERIC,350.78381717568334,59048.33934977733
29,16,1,PALADIN,353.7367556045628,58572.795968259124
30,16,1,WARRIOR,376.4712883742251,60313.34414121173
30,16,1,ROGUE,377.50537214409445,60203.859307795385
30,16,1,RANGER,377.47329364371274,60183.46018127206
30,16,1,MAGE,378.8323005880882,59958.93325289016
30,16,1,CLERIC,375.36664147521304,61327.0821949694
30,16,1,PALADIN,378.4400666598136,60815.00372207797
31,16,1,WARRIOR,401.63641824715666,62550.21671003026
31,16,1,ROGUE,402.85051566586645,62433.72205550607
31,16,1,RANGER,402.7008070448849,62417.85479510693
31,16,1,MAGE,404.2188366465636,62176.464136369344
31,16,1,CLERIC,400.6032666525779,63619.47279651819
31,16,1,PALADIN,403.9132443338708,63075.276949673396
32,16,1,WARRIOR,427.64701476726833,64780.71190927528
32,16,1,ROGUE,428.9558897584525,64663.3473272025
32,16,1,RANGER,428.7104512761929,64670.38791559224
32,16,1,MAGE,430.3209081730082,64429.37868790049
32,16,1,CLERIC,426.4816573805304,65957.9533215446
32,16,1,PALADIN,430.27918720355353,65328.04069071146
33,16,1,WARRIOR,454.3492409324409,67052.10181484594
33,16,1,ROGUE,455.84007665657623,66940.26822698365
33,16,1,RANGER,455.49343195400803,66935.76566890762
33,16,1,MAGE,457.1384200046694,66699.25366848089
33,16,1,CLERIC,453.144508209913,68305.8447729476
33,16,1,PALADIN,457.29230721700264,67634.70352962463
34,16,1,WARRIOR,481.72022773565016,69338.01551578086
34,16,1,ROGUE,483.3494590271817,69235.27985291087
34,16,1,RANGER,482.8526413111509,69245.25844305007
34,16,1,MAGE,484.5959556405249,68993.9434044753
34,16,1,CLERIC,480.50801614545844,70670.51950017911
34,16,1,PALADIN,484.9753049969377,69960.04891983981
35,16,1,WARRIOR,509.85546911477496,71652.99695309541
35,16,1,ROGUE,511.6462680751983,71505.39683428887
35,16,1,RANGER,510.91195470153843,71569.37580147387
35,16,1,MAGE,512.8501280918415,71302.35886077712
35,16,1,CLERIC,508.67403297498504,73055.55098352638
35,16,1,PALADIN,513.4340033141118,72318.36737599934
36,16,1,WARRIOR,538.565343762957,73989.33671461536
36,16,1,ROGUE,540.536836029548,73806.23639462597
36,16,1,RANGER,539.4791687629398,73902.0802303105
36,16,1,MAGE,541.6139512157827,73613.01619539631
36,16,1,CLERIC,537.3710551222042,75441.66396026059
36,16,1,PALADIN,542.5019396945362,74698.40181183068
37,16,1,WARRIOR,567.8236786906572,76357.1813788705
37,16,1,ROGUE,569.9670796157259,76127.36570988236
37,16,1,RANGER,568.7992068840623,76254.38935666582
37,16,1,MAGE,571.0322906071435,75972.7934192191
37,16,1,CLERIC,566.70631634983,77882.6623493187
37,16,1,PALADIN,572.2021465016057,77103.98734475246
38,16,1,WARRIOR,597.8497853624887,78731.38834776157
38,16,1,ROGUE,600.2924742766056,78458.09348060901
38,16,1,RANGER,598.925873072532,78642.15974819963
38,16,1,MAGE,601.1930881526725,78372.55948380874
38,16,1,CLERIC,596.9140694190332,80352.75765770151
38,16,1,PALADIN,602.6591268151776,79524.3491387427
39,16,1,WARRIOR,628.4624716613298,81102.0988496937
39,16,1,ROGUE,630.9969165662078,80863.51162802585
39,16,1,RANGER,629.4439115543744,81060.68616821052
39,16,1,MAGE,631.9597622796981,80758.23204454602
39,16,1,CLERIC,627.6684343538199,82816.891896937
39,16,1,PALADIN,633.7529400500689,81939.33989228892
40,16,1,WARRIOR,659.99854218286,83492.7633025476
40,16,1,ROGUE,662.5594983329011,83266.11376233055
40,16,1,RANGER,660.8743201177358,83446.25427823461
40,16,1,MAGE,663.6325026978648,83127.83830016211
40,16,1,CLERIC,659.3113051780665,85272.40706848768
40,16,1,PALADIN,665.7387136135135,84382.43615889923
41,16,1,WARRIOR,691.8644150862195,85929.8061385209
41,16,1,ROGUE,694.7304066986406,85685.77112937883
41,16,1,RANGER,692.6989145313275,85896.42168380946
41,16,1,MAGE,695.7443700539408,85543.28689053672
41,16,1,CLERIC,691.5145100605059,87765.85974268225
41,16,1,PALADIN,698.1981260956389,86856.79964384939
42,16,1,WARRIOR,724.4090429502961,88353.6480499064
42,16,1,ROGUE,727.5304959405328,88097.06626749964
42,16,1,RANGER,725.2190846978738,88327.626749765
42,16,1,MAGE,728.4754885117034,87960.72904719369
42,16,1,CLERIC,724.3661180348802,90257.69065147218
42,16,1,PALADIN,731.4084768405014,89314.54892304393
43,16,1,WARRIOR,757.7218145774747,90806.12747815356
43,16,1,ROGUE,760.9680834526112,90527.81499382031
43,16,1,RANGER,758.4184557881299,90814.44506242457
43,16,1,MAGE,761.9443344795334,90420.49728220743
43,16,1,CLERIC,757.916070945923,92808.54348056014
43,16,1,PALADIN,765.3207691227426,91815.66135079016
44,16,1,WARRIOR,791.5343758811157,93311.14360040534
44,16,1,ROGUE,794.9787422330817,92990.54208650225
44,16,1,RANGER,792.2389146744034,93307.90624616154
44,16,1,MAGE,796.0495311008608,92880.27525153082
44,16,1,CLERIC,792.1076829549392,95356.15003850029
44,16,1,PALADIN,799.8244760780578,94363.13764125695
45,16,1,WARRIOR,825.9127991667029,95798.27550175808
45,16,1,ROGUE,829.7705293173406,95416.29569880824
45,16,1,RANGER,826.6118939481864,95786.71632925118
45,16,1,MAGE,830.7250890071045,95324.96902151797
45,16,1,CLERIC,826.8789353649726,97891.85443365075
45,16,1,PALADIN,834.9151927027604,96893.23720487203
46,16,1,WARRIOR,860.6649580369632,98292.92233292805
46,16,1,ROGUE,864.8903714849216,97907.24861419767
46,16,1,RANGER,861.4229673478135,98299.19449815438
46,16,1,MAGE,865.847621307142,97802.3119092924
46,16,1,CLERIC,862.0999414961167,100466.18330548877
46,16,1,PALADIN,870.4220427932914,99434.22859243226
47,16,1,WARRIOR,896.0177554569821,100837.95725556673
47,16,1,ROGUE,900.5311677968699,100408.2527023606
47,16,1,RANGER,896.7660539413715,100833.27597267827
47,16,1,MAGE,901.5952800576231,100303.77563835536
47,16,1,CLERIC,897.97436016738,103069.12658703116
47,16,1,PALADIN,906.5659054612617,102027.10236542462
48,16,1,WARRIOR,931.8688863307847,103406.31167483231
48,16,1,ROGUE,936.8519732389169,102932.9537291881
48,16,1,RANGER,932.6972351567624,103364.08729816423
48,16,1,MAGE,937.9030467811044,102805.24265639113
48,16,1,CLERIC,934.3756726050702,105674.14011830107
48,16,1,PALADIN,943.2955125446477,104641.12836307807
49,16,1,WARRIOR,968.2239365720073,105986.24689120997
49,16,1,ROGUE,973.7038283948617,105466.32232286489
49,16,1,RANGER,969.1327788815047,105952.28743424316
49,16,1,MAGE,974.82154041212,105347.62857115788
49,16,1,CLERIC,971.3273490915449,108338.35527839356
49,16,1,PALADIN,980.6305960659282,107258.45005699643
50,16,1,WARRIOR,1005.166246157404,108611.00201568467
50,16,1,ROGUE,1011.097794380295,108038.86161620224
50,16,1,RANGER,1006.2070665102048,108554.19396062473
50,16,1,MAGE,1012.381536828779,107909.49474168094
50,16,1,CLERIC,1008.9739010574714,111015.7000915525
50,16,1,PALADIN,1018.6255427558986,109923.32828662675
51,16,1,WARRIOR,1042.3837524182507,111264.30727257118
51,16,1,ROGUE,1048.8016969029777,110662.8961344413
51,16,1,RANGER,1043.605281059791,111206.9503013092
51,16,1,MAGE,1050.2297359114702,110517.42802660854
51,16,1,CLERIC,1047.0171107468318,113735.69665452608
51,16,1,PALADIN,1056.9259365428898,112618.95122882132
52,16,1,WARRIOR,1080.119877963981,113932.1427515694
52,16,1,ROGUE,1087.1680279105092,113272.12367455385
52,16,1,RANGER,1081.5641841048578,113864.1572870912
52,16,1,MAGE,1088.6149536533455,113145.46372584772
52,16,1,CLERIC,1085.660220888549,116474.84452732955
52,16,1,PALADIN,1095.934793475387,115318.05513421571
53,16,1,WARRIOR,1118.3692664141672,116636.40605328743
53,16,1,ROGUE,1126.0067795289688,115916.51322437002
53,16,1,RANGER,1120.0535855470232,116535.82487863935
53,16,1,MAGE,1127.553344732252,115777.71889674918
53,16,1,CLERIC,1124.8963017675462,119218.51077674962
53,16,1,PALADIN,1135.5352995537496,118048.16431305926
54,16,1,WARRIOR,1157.130466409504,119350.4313118012
54,16,1,ROGUE,1165.3875293068122,118547.3057465919
54,16,1,RANGER,1159.1045243219123,119231.61601267106
54,16,1,MAGE,1167.054886116686,118439.64979225471
54,16,1,CLERIC,1164.7608697842004,121991.45539103293
54,16,1,PALADIN,1175.7098026591664,120790.37238083607
55,16,1,WARRIOR,1196.5171724814522,122067.0250679282
55,16,1,ROGUE,1205.3463589215937,121211.94111020149
55,16,1,RANGER,1198.7980351872213,121923.54473802028
55,16,1,MAGE,1207.162144194584,121104.82067638043
55,16,1,CLERIC,1205.2996648884769,124765.44117467603
55,16,1,PALADIN,1216.5819188826963,123537.13982781243
56,16,1,WARRIOR,1236.2666845800898,124851.1657012955
56,16,1,ROGUE,1245.6954036607428,123918.60385481543
56,16,1,RANGER,1238.876555645807,124664.36106662046
56,16,1,MAGE,1247.6974068491386,123812.54658741031
56,16,1,CLERIC,1246.28944677377,127585.80232836053
56,16,1,PALADIN,1257.9791117954169,126342.05757849455
57,16,1,WARRIOR,1278.0085883039567,127470.46869708085
57,16,1,ROGUE,1288.2456059261972,126496.15968054447
57,16,1,RANGER,1281.0529926621775,127242.4379562613
57,16,1,MAGE,1290.341196932088,126359.05614550514
57,16,1,CLERIC,1289.4563910165502,130243.12336774827
57,16,1,PALADIN,1301.5361372280463,128974.78214282404
58,16,1,WARRIOR,1320.5207000774371,130106.3247644849
58,16,1,ROGUE,1331.532951357979,129065.04046687871
58,16,1,RANGER,1323.9749555620415,129844.71984556678
58,16,1,MAGE,1333.693941559779,128936.68316914394
58,16,1,CLERIC,1333.4568483417827,132927.85779526594
58,16,1,PALADIN,1345.94867896986,131625.65655779152
59,16,1,WARRIOR,1363.5880226313084,132766.24876452863
59,16,1,ROGUE,1375.478134760432,131635.81733819106
59,16,1,RANGER,1367.5201228023072,132447.21026762095
59,16,1,MAGE,1377.6848783600262,131501.93716879562
59,16,1,CLERIC,1378.101188456267,135602.74433427813
59,16,1,PALADIN,1391.0677577290096,134295.66826420027
60,16,1,WARRIOR,1407.1822017108034,135441.55917107686
60,16,1,ROGUE,1420.0049759697213,134245.67002472587
60,16,1,RANGER,1411.6542339148696,135068.75199617646
60,16,1,MAGE,1422.252105480505,134099.94113565705
60,16,1,CLERIC,1423.356220797558,138315.51090189168
60,16,1,PALADIN,1436.8149758482637,136979.61371735088
61,16,1,WARRIOR,1451.1438513756057,138125.0142758035
61,16,1,ROGUE,1464.8980606326736,136868.1316131357
61,16,1,RANGER,1456.138032260448,137712.073989448
61,16,1,MAGE,1467.1964382271447,136717.21788486608
61,16,1,CLERIC,1469.0666521396427,141048.45196996795
61,16,1,PALADIN,1483.0293876900937,139670.99971641623
62,16,1,WARRIOR,1493.7398617201084,140714.90923490192
62,16,1,ROGUE,1508.5132945225955,139375.83344536493
62,16,1,RANGER,1499.2900919834442,140262.1293483624
62,16,1,MAGE,1510.8245279521584,139236.52423430956
62,16,1,CLERIC,1513.4442316149543,143680.00680670165
62,16,1,PALADIN,1527.9124076546102,142266.12994043913
63,16,1,WARRIOR,1538.176603987289,143430.5454120814
63,16,1,ROGUE,1554.0862046542281,141990.37670120512
63,16,1,RANGER,1544.3508893400062,142893.75500622723
63,16,1,MAGE,1556.377892660734,141835.4083805532
63,16,1,CLERIC,1559.723605651136,146408.19492641347
63,16,1,PALADIN,1574.8180130829803,144983.5004208002
64,16,1,WARRIOR,1583.1731905603574,146145.97482421112
64,16,1,ROGUE,1600.2496361871354,144601.9829608259
64,16,1,RANGER,1590.021885697776,145567.6849211584
64,16,1,MAGE,1602.5517067229275,144480.44891697934
64,16,1,CLERIC,1606.6914798072276,149184.34109002596
64,16,1,PALADIN,1622.4369006759475,147697.95509468747
65,16,1,WARRIOR,1628.7232883432785,148864.73184105288
65,16,1,ROGUE,1647.0830850102627,147222.62196839275
65,16,1,RANGER,1636.3239946296746,148250.58781674894
65,16,1,MAGE,1649.4184162252875,147117.26572862294
65,16,1,CLERIC,1654.3627200450992,151957.90837099304
65,16,1,PALADIN,1670.7404730102414,150410.1834243765
66,16,1,WARRIOR,1674.5406524734944,151628.09275483922
66,16,1,ROGUE,1694.2579013057384,149890.25832742616
66,16,1,RANGER,1682.9402930958986,150947.5490483276
66,16,1,MAGE,1696.5846269866277,149774.24528113613
66,16,1,CLERIC,1702.3936487339379,154752.49900833823
66,16,1,PALADIN,1719.4540303660751,153162.70435937794
67,16,1,WARRIOR,1720.5106982761336,154365.9779062149
67,16,1,ROGUE,1741.6674276029123,152526.4598322995
67,16,1,RANGER,1729.775279312751,153618.0269645048
67,16,1,MAGE,1743.9996270454121,152402.36602016148
67,16,1,CLERIC,1750.6627431078466,157522.89180807208
67,16,1,PALADIN,1768.4487508954694,155884.51898049642
68,16,1,WARRIOR,1765.2126209120324,157046.83484206462
68,16,1,ROGUE,1787.8205721974027,155046.52448668287
68,16,1,RANGER,1775.3713042887084,156214.64613770705
68,16,1,MAGE,1790.175065275438,154960.17034502604
68,16,1,CLERIC,1797.7155085923862,160222.6566499566
68,16,1,PALADIN,1816.2002526335302,158546.31982759802
69,16,1,WARRIOR,1811.5567855802694,159790.2066494033
69,16,1,ROGUE,1835.760059903161,157675.32976383044
69,16,1,RANGER,1822.701511465435,158883.01330653272
69,16,1,MAGE,1838.0815557140513,157586.6642924748
69,16,1,CLERIC,1846.5830573343803,162992.13362867903
69,16,1,PALADIN,1865.8040799063501,161266.28921837418
70,16,1,WARRIOR,1858.407155919864,162562.50179765618
70,16,1,ROGUE,1884.3288060169396,160302.09707720435
70,16,1,RANGER,1870.667669953283,161557.35000624
70,16,1,MAGE,1886.5914752515457,160224.69793556983
70,16,1,CLERIC,1896.079885780563,165776.5252177658
70,16,1,PALADIN,1916.0866236233346,164011.6203192479
71,16,1,WARRIOR,1905.4344704156208,165362.03534791313
71,16,1,ROGUE,1933.2135819691628,162978.67589548408
71,16,1,RANGER,1918.8265810855696,164278.36362062715
71,16,1,MAGE,1935.3988267266798,162903.95622655036
71,16,1,CLERIC,1945.8745369914564,168609.15616623877
71,16,1,PALADIN,1966.6801333646333,166782.75393408138
72,16,1,WARRIOR,1952.9564694382009,168187.5246018605
72,16,1,ROGUE,1982.7027277618238,165644.50107744674
72,16,1,RANGER,1967.583241268652,167004.56246040665
72,16,1,MAGE,1984.7550767781115,165595.4046776038
72,16,1,CLERIC,1996.2982145297792,171452.74820857396
72,16,1,PALADIN,2017.9633528307395,169570.40774922416
73,16,1,WARRIOR,1999.3018512549124,170903.15350482546
73,16,1,ROGUE,2031.0665100839894,168215.403116401
73,16,1,RANGER,2015.2515302376814,169635.15329011108
73,16,1,MAGE,2033.0127610276754,168193.76173745777
73,16,1,CLERIC,2045.6353857107017,174200.20867437997
73,16,1,PALADIN,2068.1330368247527,172246.30583215508
74,16,1,WARRIOR,2048.8378366129405,173613.279937781
74,16,1,ROGUE,2082.9442010230887,170749.52620565068
74,16,1,RANGER,2066.2982382393225,172228.602720118
74,16,1,MAGE,2084.5796828508646,170762.210688526
74,16,1,CLERIC,2098.4342435418666,176913.50450581475
74,16,1,PALADIN,2121.909698594595,174899.9986878826
75,16,1,WARRIOR,2098.7985522962267,176337.4347409804
75,16,1,ROGUE,2135.367959675626,173300.46052986305
75,16,1,RANGER,2117.8417159335695,174849.1804895184
75,16,1,MAGE,2136.732543845418,173337.38191371638
75,16,1,CLERIC,2151.825663107302,179641.95441804436
75,16,1,PALADIN,2176.2911368146893,177566.59921342361
76,16,1,WARRIOR,2148.8963897137946,179107.43019874566
76,16,1,ROGUE,2188.0634307449036,175881.60658074942
76,16,1,RANGER,2169.6625068689486,177518.00797042763
76,16,1,MAGE,2189.160534634344,175976.02155834893
76,16,1,CLERIC,2205.5405420872944,182434.78265727317
76,16,1,PALADIN,2230.9912612207363,180274.21991331904
77,16,1,WARRIOR,2199.5148100759825,181888.1747146225
77,16,1,ROGUE,2241.429050941707,178493.39454639956
77,16,1,RANGER,2222.065148559843,180189.13228511804
77,16,1,MAGE,2242.1955871994787,178609.827644519
77,16,1,CLERIC,2259.898956395203,185227.2236842423
77,16,1,PALADIN,2286.4330229531943,182986.9068653514
78,16,1,WARRIOR,2248.409813406875,184579.32361256747
78,16,1,ROGUE,2293.0954382724535,180991.9995088264
78,16,1,RANGER,2272.7811146328977,182769.99345121506
78,16,1,MAGE,2293.4947111011347,181156.3173064927
78,16,1,CLERIC,2312.520856916487,187930.12474900874
78,16,1,PALADIN,2340.139016081288,185610.51854831862
79,16,1,WARRIOR,2298.9279420203734,187363.22978068478
79,16,1,ROGUE,2346.598640827889,183573.68272531743
79,16,1,RANGER,2325.266165675983,185437.438916653
79,16,1,MAGE,2346.6105325868994,183784.2196802759
79,16,1,CLERIC,2367.057703156561,190715.94970963045
79,16,1,PALADIN,2395.778019952923,188318.81010781854
80,16,1,WARRIOR,2349.906763801843,190175.24128892823
80,16,1,ROGUE,2400.6596807883543,186176.1740228116
80,16,1,RANGER,2378.2356745394814,188106.61456486082
80,16,1,MAGE,2400.2678182855043,186415.23399651633
80,16,1,CLERIC,2422.167625140982,193510.08264145986
80,16,1,PALADIN,2452.063002745015,191050.79775195933
81,16,1,WARRIOR,2401.00902193122,193016.74257756106
81,16,1,ROGUE,2455.0194426767566,188808.9726010904
81,16,1,RANGER,2431.486354838545,190818.79994482166
81,16,1,MAGE,2454.2201554635812,189090.85523231758
81,16,1,CLERIC,2477.5779312328496,196358.04975281647
81,16,1,PALADIN,2508.661407562046,193806.16173806036
82,16,1,WARRIOR,2452.546052783356,195901.22727450402
82,16,1,ROGUE,2509.9339949489026,191457.64277250765
82,16,1,RANGER,2485.256740651619,193541.92210092724
82,16,1,MAGE,2508.7547477855037,191775.60029520077
82,16,1,CLERIC,2533.571987701467,199218.93265223983
82,16,1,PALADIN,2565.9494695922467,196594.89515109672
83,16,1,WARRIOR,2502.5194624110445,198687.74897397
83,16,1,ROGUE,2563.391678960059,194040.55385199297
83,16,1,RANGER,2537.5736625511418,196186.405801517
83,16,1,MAGE,2561.757227122772,194373.4022843986
83,16,1,CLERIC,2588.0548740298223,201987.2819334882
83,16,1,PALADIN,2621.7055806198423,199278.81492474017
84,16,1,WARRIOR,2554.240338799022,201602.5138876008
84,16,1,ROGUE,2618.7988046767714,196709.26650800195
84,16,1,RANGER,2591.7448229413017,198921.29271330519
84,16,1,MAGE,2616.6643618181934,197070.93500394025
84,16,1,CLERIC,2644.5689079085214,204865.17315915626
84,16,1,PALADIN,2679.6021231421314,202083.244378284
85,16,1,WARRIOR,2606.360617935461,204536.76086457065
85,16,1,ROGUE,2674.788020384362,199392.7763146109
85,16,1,RANGER,2646.421166499889,201680.52637702573
85,16,1,MAGE,2672.153866369086,199784.8853668003
85,16,1,CLERIC,2701.6617316604056,207766.1703247445
85,16,1,PALADIN,2738.141281876007,204900.66088394276
86,16,1,WARRIOR,2658.5902932505583,207517.71769351928
86,16,1,ROGUE,2730.9853851728685,202118.3329776626
86,16,1,RANGER,2701.279206045441,204496.14596530068
86,16,1,MAGE,2727.8317962740075,202556.28389724146
86,16,1,CLERIC,2758.9447343019806,210734.37751720558
86,16,1,PALADIN,2796.9454793681375,207760.8644766205
87,16,1,WARRIOR,2711.2356314058284,210540.76977404425
87,16,1,ROGUE,2787.8001614593904,204872.45762210985
87,16,1,RANGER,2756.7024979303333,207313.9446237201
87,16,1,MAGE,2784.018266938088,205326.610497133
87,16,1,CLERIC,2816.8654548046798,213697.3082431938
87,16,1,PALADIN,2856.434922232993,210656.56653560494
88,16,1,WARRIOR,2762.428381456512,213422.89707222997
88,16,1,ROGUE,2843.2046089543,207444.49201966674
88,16,1,RANGER,2810.707128725278,209992.80671415327
88,16,1,MAGE,2838.700061960204,207978.34932843168
88,16,1,CLERIC,2873.271614451482,216535.91999734208
88,16,1,PALADIN,2914.4631546261066,213406.06631542442
89,16,1,WARRIOR,2816.5029581902986,216290.5964792316
89,16,1,ROGUE,2901.9294497198625,210022.24582297655
89,16,1,RANGER,2867.84255711129,212655.32154571958
89,16,1,MAGE,2896.44864150904,210611.90847481356
89,16,1,CLERIC,2932.973106344487,219354.2102110688
89,16,1,PALADIN,2975.96939541206,216123.557101784
90,16,1,WARRIOR,2870.9396405471366,219203.080452108
90,16,1,ROGUE,2961.2582470636416,212606.9602969583
90,16,1,RANGER,2925.4615716542357,215352.37966098334
90,16,1,MAGE,2954.7373925616257,213286.10882611832
90,16,1,CLERIC,2993.1734743287416,222225.51387091613
90,16,1,PALADIN,3038.0980419568587,218878.49048699092
91,16,1,WARRIOR,2925.4256637483127,222138.38860798665
91,16,1,ROGUE,3020.6903965843276,215220.41560353964
91,16,1,RANGER,2983.1998528254517,218100.9609350397
91,16,1,MAGE,3013.1272631974857,216000.3633764018
91,16,1,CLERIC,3053.5724679561326,225138.2547088043
91,16,1,PALADIN,3100.440383431248,221653.2117655018
92,16,1,WARRIOR,2979.7193980057164,225074.21489884646
92,16,1,ROGUE,3080.037967809158,217849.22118257952
92,16,1,RANGER,3040.841871017242,220832.55274644055
92,16,1,MAGE,3071.4395638247374,218699.3123188895
92,16,1,CLERIC,3113.9285375677864,228034.5760976033
92,16,1,PALADIN,3162.754422945231,224423.06470289343
93,16,1,WARRIOR,3033.4051896903065,227989.4610809006
93,16,1,ROGUE,3138.855940107761,220437.86287584304
93,16,1,RANGER,3097.8181646521207,223555.5389926414
93,16,1,MAGE,3129.151827357837,221386.19222015774
93,16,1,CLERIC,3173.669454291057,230922.6127256567
93,16,1,PALADIN,3224.4640327762872,227176.14968069398
94,16,1,WARRIOR,3088.5603148140663,231001.95585558802
94,16,1,ROGUE,3199.368853247902,223083.6322101299
94,16,1,RANGER,3156.441339516875,226343.82856829913
94,16,1,MAGE,3188.484058057965,224132.4985047199
94,16,1,CLERIC,3235.11000601562,233880.41613131063
94,16,1,PALADIN,3288.059585622922,230018.58831710203
95,16,1,WARRIOR,3144.0993822652904,234033.88197603516
95,16,1,ROGUE,3260.3993466010734,225754.88101781896
95,16,1,RANGER,3215.557135775711,229140.30557561634
95,16,1,MAGE,3248.3088779966656,226898.52864440455
95,16,1,CLERIC,3297.14195067009,236856.83305317946
95,16,1,PALADIN,3352.2648219858934,232876.9084724432
96,16,1,WARRIOR,3199.7003562441428,237091.31583823715
96,16,1,ROGUE,3321.5726833977296,228470.3405274334
96,16,1,RANGER,3274.746476347371,231992.24042600745
96,16,1,MAGE,3308.317493068794,229704.84170719152
96,16,1,CLERIC,3359.3518112587944,239882.75931660665
96,16,1,PALADIN,3416.7010347651653,235759.26560556225
97,16,1,WARRIOR,3253.505633384704,240096.2077403399
97,16,1,ROGUE,3380.8707864213648,231115.68867501107
97,16,1,RANGER,3332.075484268013,234772.51918689665
97,16,1,MAGE,3366.4479942340668,232438.9477322173
97,16,1,CLERIC,3419.6613393235534,242830.514589571
97,16,1,PALADIN,3479.185993260362,238594.3007525436
98,16,1,WARRIOR,3308.845082129074,243167.39293586952
98,16,1,ROGUE,3441.8044103748134,233849.31217295703
98,16,1,RANGER,3390.9581506316526,237634.58735841297
98,16,1,MAGE,3426.1726660157897,235260.1199131408
98,16,1,CLERIC,3481.6579569314376,245877.7354502081
98,16,1,PALADIN,3543.545995422185,241492.45068866265
99,16,1,WARRIOR,3364.554446553763,246263.28109690174
99,16,1,ROGUE,3503.220265829317,236589.56272231205
99,16,1,RANGER,3450.308242088247,240506.08944587046
99,16,1,MAGE,3486.3033425359,238093.59847147393
99,16,1,CLERIC,3544.154603337457,248936.6562146258
99,16,1,PALADIN,3608.406943206169,244413.91535619527
100,16,1,WARRIOR,3420.668959281937,249386.68604505222
100,16,1,ROGUE,3565.155325681406,239346.99828594635
100,16,1,RANGER,3510.0781266995896,243402.03464810812
100,16,1,MAGE,3546.898921502436,240951.0331000598
100,16,1,CLERIC,3607.157985468759,252024.5049148745
100,16,1,PALADIN,3673.851375981855,247364.04441364325
20,16,5,WARRIOR,33.44350057627492,192435.09804908215
20,16,5,ROGUE,33.41681382409804,192855.20745405616
20,16,5,RANGER,33.51860596339963,192036.28484814073
20,16,5,MAGE,33.61780304089777,191522.7697112493
20,16,5,CLERIC,33.20886683663246,195506.86664316116
20,16,5,PALADIN,33.522697668594176,193574.18484489562
21,16,5,WARRIOR,36.97554339306546,202797.54533387895
21,16,5,ROGUE,36.93953792920443,203422.82236722708
21,16,5,RANGER,37.060969466486014,202265.71870384368
21,16,5,MAGE,37.16742210026619,201815.0728819656
21,16,5,CLERIC,36.73303095382437,206022.28235707554
21,16,5,PALADIN,37.063926310427625,204106.62915579055
22,16,5,WARRIOR,40.645893637381576,213374.0345303601
22,16,5,ROGUE,40.61402651034473,213934.7458023376
22,16,5,RANGER,40.74695663849432,212797.65632382222
22,16,5,MAGE,40.85545237002725,212253.38809029607
22,16,5,CLERIC,40.40029099103526,216665.59906566885
22,16,5,PALADIN,40.75993724740951,214764.981956795
23,16,5,WARRIOR,44.47635410447146,223894.27934244424
23,16,5,ROGUE,44.46842422440193,224357.46653971256
23,16,5,RANGER,44.59515251374441,223246.5498224635
23,16,5,MAGE,44.7172882581599,222654.04808358802
23,16,5,CLERIC,44.23384407061383,227317.60089510272
23,16,5,PALADIN,44.61065034922004,225426.72089011193
24,16,5,WARRIOR,48.47168910376738,234550.87696987967
24,16,5,ROGUE,48.47621298463762,234909.10126599128
24,16,5,RANGER,48.5952743511574,233937.44868793484
24,16,5,MAGE,48.73713068368972,233326.09096960264
24,16,5,CLERIC,48.218499636502514,238283.38628566652
24,16,5,PALADIN,48.627110666341366,236230.3629105233
25,16,5,WARRIOR,52.620469673048774,245432.34705513666
25,16,5,ROGUE,52.65879346304346,245572.08230711732
25,16,5,RANGER,52.76561967621026,244537.9530114283
25,16,5,MAGE,52.92019221510457,243891.37250367214
25,16,5,CLERIC,52.36554607245569,249143.02515719342
25,16,5,PALADIN,52.80988666758975,247217.08398424508
26,16,5,WARRIOR,56.91660590058594,256191.8566080534
26,16,5,ROGUE,56.979455991329345,256321.46483150832
26,16,5,RANGER,57.06931620763576,255390.6169467981
26,16,5,MAGE,57.242749251132615,254612.5896409775
26,16,5,CLERIC,56.65677377251786,260160.80502892623
26,16,5,PALADIN,57.1321711328514,258149.29697323256
27,16,5,WARRIOR,61.351076624522676,267199.78323000687
27,16,5,ROGUE,61.44820062819656,267000.3874364306
27,16,5,RANGER,61.516148240863465,266399.66039216326
27,16,5,MAGE,61.68890034586768,265642.6536317359
27,16,5,CLERIC,61.07486972383705,271513.37796514237
27,16,5,PALADIN,61.600040541968966,269305.3087553982
28,16,5,WARRIOR,65.95401410555003,278254.63978781056
28,16,5,ROGUE,66.07836144801138,277870.2821186947
28,16,5,RANGER,66.11934111722972,277384.96883207344
28,16,5,MAGE,66.32214690208818,276549.35484186676
28,16,5,CLERIC,65.68208964355911,282703.70736934774
28,16,5,PALADIN,66.24444055447228,280509.9015776273
29,16,5,WARRIOR,70.69560823340262,289292.9332679092
29,16,5,ROGUE,70.87110144927648,288931.506725003
29,16,5,RANGER,70.88818519794081,288444.27767342475
29,16,5,MAGE,71.12906648559223,287477.93550252647
29,16,5,CLERIC,70.44877909979905,294017.89696961665
29,16,5,PALADIN,71.04182500695174,291650.03588340426
30,16,5,WARRIOR,75.60765729055717,300316.703210904
30,16,5,ROGUE,75.81533488429784,299771.54815954075
30,16,5,RANGER,75.80889247995478,299669.97530674847
30,16,5,MAGE,76.08182519615089,298551.9940726811
30,16,5,CLERIC,75.3858083295693,305364.38336458866
30,16,5,PALADIN,76.00305188901564,302814.6040254763
31,16,5,WARRIOR,80.6616323847047,311454.70600175695
31,16,5,ROGUE,80.90546256348827,310874.64712612086
31,16,5,RANGER,80.87539621192798,310795.639679263
31,16,5,MAGE,81.18026584056895,309593.6893007821
31,16,5,CLERIC,80.45414200202654,316778.82568629016
31,16,5,PALADIN,81.11889298276489,314069.12512246706
32,16,5,WARRIOR,85.88540463067928,322560.9541182049
32,16,5,ROGUE,86.14826922308153,321976.56363441236
32,16,5,RANGER,86.09897720739357,322011.6206574308
32,16,5,MAGE,86.42240923765927,320811.5695288725
32,16,5,CLERIC,85.65136303271838,328422.76239380497
32,16,5,PALADIN,86.41403031247226,325286.25442369794
33,16,5,WARRIOR,91.24807856395533,333870.8282076009
33,16,5,ROGUE,91.54748677910428,333313.9780628564
33,16,5,RANGER,91.47786926859891,333291.5585897421
33,16,5,MAGE,91.80823627565157,332113.9003907262
33,16,5,CLERIC,91.00612912020102,340113.55868809676
33,16,5,PALADIN,91.83914182401821,336771.76213455584
34,16,5,WARRIOR,96.74506134545315,345253.02026251506
34,16,5,ROGUE,97.07226388371078,344741.4711847013
34,16,5,RANGER,96.97248675655788,344791.1573252389
34,16,5,MAGE,97.32260087265483,343539.7907342009
34,16,5,CLERIC,96.50160990226166,351887.9235216173
34,16,5,PALADIN,97.3987865394474,348350.295398788
35,16,5,WARRIOR,102.39553125822222,356779.9485591953
35,16,5,ROGUE,102.75518182987855,356045.0070349824
35,16,5,RANGER,102.60770786409667,356363.57588195027
35,16,5,MAGE,102.99695600595777,355034.0252083255
35,16,5,CLERIC,102.1582605246328,363763.6502340355
35,16,5,PALADIN,103.11421710678835,360093.0106131365
36,16,5,WARRIOR,108.16140618756576,368413.2258173335
36,16,5,ROGUE,108.55734584152209,367501.5190426714
36,16,5,RANGER,108.34493191597021,367978.75182035443
36,16,5,MAGE,108.77366554073471,366539.4226102376
36,16,5,CLERIC,107.92155425451134,375644.76199901785
36,16,5,PALADIN,108.95200245686316,371943.85565372685
37,16,5,WARRIOR,114.03742974744725,380203.3746377957
37,16,5,ROGUE,114.46789424124358,379059.05931190134
37,16,5,RANGER,114.233347480358,379691.5449313774
37,16,5,MAGE,114.68182319165317,378289.4014293759
37,16,5,CLERIC,113.81302711292112,387799.1633041206
37,16,5,PALADIN,114.91676823601446,383921.9266233529
38,16,5,WARRIOR,120.06764680016681,392025.2031202014
38,16,5,ROGUE,120.55821803890204,390664.39292676304
38,16,5,RANGER,120.28376014880195,391580.909419792
38,16,5,MAGE,120.73909054470943,390238.49566808407
38,16,5,CLERIC,119.8797246595977,400098.44616088696
38,16,5,PALADIN,121.03351870481711,395973.5726545687
39,16,5,WARRIOR,126.21566808599026,403829.621733449
39,16,5,ROGUE,126.72466690663695,402641.63043799397
39,16,5,RANGER,126.41277308011887,403623.41661994986
39,16,5,MAGE,126.91803758582904,402117.4144808743
39,16,5,CLERIC,126.05619961528329,412368.04721739097
39,16,5,PALADIN,127.27816589975367,407998.4748004646
40,16,5,WARRIOR,132.54913490248902,415733.39654791844
40,16,5,ROGUE,133.0634580418834,414604.84624663024
40,16,5,RANGER,132.7250195449771,415501.8153439558
40,16,5,MAGE,133.27895215472202,413916.33474847575
40,16,5,CLERIC,132.41111539996547,424594.73156899837
40,16,5,PALADIN,133.70194768720927,420163.3220140008
41,16,5,WARRIOR,138.94883674468298,427868.102067972
41,16,5,ROGUE,139.5244209082597,426652.98474265856
41,16,5,RANGER,139.11643132627077,427701.8717002119
41,16,5,MAGE,139.72805766952195,425943.51658966724
41,16,5,CLERIC,138.87856445543983,437010.31716434006
41,16,5,PALADIN,140.22085154678288,432483.85729398567
42,16,5,WARRIOR,145.48485461957034,439937.0765593787
42,16,5,ROGUE,146.11174372166784,438659.48540449317
42,16,5,RANGER,145.64753730144602,439807.50936022884
42,16,5,MAGE,146.30152891025887,437980.62494483485
42,16,5,CLERIC,145.47623390294683,449417.82754437695
42,16,5,PALADIN,146.8905681896116,444721.6658810633
43,16,5,WARRIOR,152.1751407007831,452148.64511142805
43,16,5,ROGUE,152.8270968848636,450762.850824152
43,16,5,RANGER,152.31504887316237,452190.06064761674
43,16,5,MAGE,153.02315978621223,450228.4864673644
43,16,5,CLERIC,152.21415368633,462119.22427366994
43,16,5,PALADIN,153.70125748250712,457175.3914927945
44,16,5,WARRIOR,158.96580077529165,464621.80829010135
44,16,5,ROGUE,159.6575413641881,463025.4453115475
44,16,5,RANGER,159.10729503866784,464605.6886143071
44,16,5,MAGE,159.87259053326343,462476.3964596949
44,16,5,CLERIC,159.0809394488067,474804.45692745486
44,16,5,PALADIN,160.6307220427317,469859.97550905665
45,16,5,WARRIOR,165.8701043071526,477005.9210217074
45,16,5,ROGUE,166.6448617671662,475103.93868681206
45,16,5,RANGER,166.01050523621223,476948.3647275151
45,16,5,MAGE,166.83656834377848,474649.1980812373
45,16,5,CLERIC,166.0641358225179,487430.4254442403
45,16,5,PALADIN,167.6780772025314,482458.03603047703
46,16,5,WARRIOR,172.849466078183,489427.45265255886
46,16,5,ROGUE,173.69806628157113,487507.0772966009
46,16,5,RANGER,173.00169895746933,489458.6834856287
46,16,5,MAGE,173.89031312411902,486984.5686260623
46,16,5,CLERIC,173.13765734521385,500248.7158371747
46,16,5,PALADIN,174.80900547253412,495110.32993433875
47,16,5,WARRIOR,179.9494555704449,502099.8804279773
47,16,5,ROGUE,180.85589530155664,499960.26345579536
47,16,5,RANGER,180.09973820050442,502076.57103494194
47,16,5,MAGE,181.06960359117716,499440.0434635208
47,16,5,CLERIC,180.3424053197756,513209.48523387016
47,16,5,PALADIN,182.06786654945205,508020.9604827622
48,16,5,WARRIOR,187.14952659921065,514888.4223809008
48,16,5,ROGUE,188.15029223216538,512531.44318005064
48,16,5,RANGER,187.31588593678993,514678.1756141753
48,16,5,MAGE,188.36138192378058,511895.53467767814
48,16,5,CLERIC,187.65297066886427,526180.5629724732
48,16,5,PALADIN,189.44436412186994,521036.9137664146
49,16,5,WARRIOR,194.45080099729182,527734.6283028641
49,16,5,ROGUE,195.551341186481,525145.781099861
49,16,5,RANGER,194.63332603967783,527565.5348409724
49,16,5,MAGE,195.77581404738726,524554.7723154546
49,16,5,CLERIC,195.0740669871677,539446.421878426
49,16,5,PALADIN,196.94246102052458,534069.2772268062
50,16,5,WARRIOR,201.87001613775124,540804.0048553004
50,16,5,ROGUE,203.0612635956263,537955.160690002
50,16,5,RANGER,202.07904665605565,540521.1419490175
50,16,5,MAGE,203.31908075749666,537311.0074961421
50,16,5,CLERIC,202.63471686169817,552777.6569325491
50,16,5,PALADIN,204.57307986668928,547338.4377380742
51,16,5,WARRIOR,209.3444997052262,554015.5403572067
51,16,5,ROGUE,210.63343132390705,551020.9491461042
51,16,5,RANGER,209.58982231481752,553729.9442464153
51,16,5,MAGE,210.9202279197854,550296.6234900041
51,16,5,CLERIC,210.2750284850557,566321.2667616558
51,16,5,PALADIN,212.2650424066365,560760.6846160482
52,16,5,WARRIOR,216.92313886269343,567299.4258251719
52,16,5,ROGUE,218.33863619846846,564013.0095919496
52,16,5,RANGER,217.21320242688614,566960.9075279515
52,16,5,MAGE,218.62922586378323,563382.334925076
52,16,5,CLERIC,218.0358195957231,579960.2362215737
52,16,5,PALADIN,220.09928734729414,574200.2641657064
53,16,5,WARRIOR,224.6048578750617,580764.6954259545
53,16,5,ROGUE,226.13871846939742,577180.151339998
53,16,5,RANGER,224.94312384034907,580263.8741366448
53,16,5,MAGE,226.44931897328263,576489.0562682693
53,16,5,CLERIC,225.9156984819317,593621.7039194632
53,16,5,PALADIN,228.05235464502988,587794.2274862691
54,16,5,WARRIOR,232.38936526226252,594278.5724903677
54,16,5,ROGUE,234.047651567341,590279.5897537557
54,16,5,RANGER,232.78582018119567,593686.9584879633
54,16,5,MAGE,234.3825109474718,589743.5411935585
54,16,5,CLERIC,233.92179798995903,607428.9566361797
54,16,5,PALADIN,236.12069918128935,601448.4344973238
55,16,5,WARRIOR,240.2994945774404,607805.2388097359
55,16,5,ROGUE,242.07268186458646,603547.5409684125
55,16,5,RANGER,240.75756585966045,607090.8108457902
55,16,5,MAGE,242.4373504990163,603014.1589119255
55,16,5,CLERIC,242.0633041867596,621241.3936210554
55,16,5,PALADIN,244.3291470804999,615125.3439094701
56,16,5,WARRIOR,248.2824871217038,621668.2395800257
56,16,5,ROGUE,250.17608002759977,617024.7580542882
56,16,5,RANGER,248.80663396424634,620738.0880052968
56,16,5,MAGE,250.57814726522764,616496.6697953435
56,16,5,CLERIC,250.2953831710068,635284.7463085725
56,16,5,PALADIN,252.64304742613467,629091.799652504
57,16,5,WARRIOR,256.6656165896604,634710.4684865011
57,16,5,ROGUE,258.721542085074,629859.1163368041
57,16,5,RANGER,257.27703182497424,633575.0408081198
57,16,5,MAGE,259.1424047948938,629176.4401856499
57,16,5,CLERIC,258.9647070407848,648516.277494332
57,16,5,PALADIN,261.39071226328076,642200.8582344765
58,16,5,WARRIOR,265.20342883969334,647835.1196822281
58,16,5,ROGUE,267.4150464225702,642650.279215909
58,16,5,RANGER,265.897155487486,646532.5169512418
58,16,5,MAGE,267.8490434141908,642011.1529821104
58,16,5,CLERIC,267.8014273985057,661884.3074676197
58,16,5,PALADIN,270.31019255065866,655400.2899069309
59,16,5,WARRIOR,273.8527454400026,661079.6117238966
59,16,5,ROGUE,276.24066598206383,655450.8832228064
59,16,5,RANGER,274.6424388146153,659491.0314361851
59,16,5,MAGE,276.68385174139956,654784.2570943659
59,16,5,CLERIC,276.7674603247237,675203.3020996959
59,16,5,PALADIN,279.3715684096761,668695.0114087902
60,16,5,WARRIOR,282.60787193567626,674400.716908834
60,16,5,ROGUE,285.18310131337796,668446.0564443604
60,16,5,RANGER,283.50600119206007,672544.4076079049
60,16,5,MAGE,285.6343978748569,667720.4322868725
60,16,5,CLERIC,285.856140076929,688710.9117964656
60,16,5,PALADIN,288.5590950454889,682059.1128620426
61,16,5,WARRIOR,291.4367984552465,687762.3767826278
61,16,5,ROGUE,294.19909022071374,681504.0128508987
61,16,5,RANGER,292.4397921189037,685706.2336987539
61,16,5,MAGE,294.6606790612267,680752.5719552143
61,16,5,CLERIC,295.0362787335598,702318.9758711878
61,16,5,PALADIN,297.8404493487909,695460.2628366632
62,16,5,WARRIOR,299.991460262207,700658.1749986567
62,16,5,ROGUE,302.9584452058907,693990.5489170761
62,16,5,RANGER,301.1061266938655,698403.6596050583
62,16,5,MAGE,303.4226159154699,693296.8900993341
62,16,5,CLERIC,303.94873746273277,715422.2100582399
62,16,5,PALADIN,306.8544169379186,708382.1288744146
63,16,5,WARRIOR,308.91580080077705,714180.073269483
63,16,5,ROGUE,312.1109651386743,707009.0777712855
63,16,5,RANGER,310.1557977550688,711507.2464299711
63,16,5,MAGE,312.5712104927384,706237.4479466926
63,16,5,CLERIC,313.2431382837348,729006.6078978415
63,16,5,PALADIN,316.27458535381396,721912.6627170413
64,16,5,WARRIOR,317.952576251976,727700.9420003467
64,16,5,ROGUE,321.38208094080875,720012.9825147858
64,16,5,RANGER,319.328016586546,724821.477768048
64,16,5,MAGE,321.8444114438345,719407.8311358404
64,16,5,CLERIC,322.67581228178454,742829.8020078494
64,16,5,PALADIN,325.8380039859082,735428.6779585218
65,16,5,WARRIOR,327.1005147245086,741238.3797888694
65,16,5,ROGUE,330.78775796772186,733061.8637908053
65,16,5,RANGER,328.6269833127234,738180.3880409106
65,16,5,MAGE,331.2567682949849,732537.266140967
65,16,5,CLERIC,332.24974502466614,756640.1551529757
65,16,5,PALADIN,335.5389295431598,748933.6076208594
66,16,5,WARRIOR,336.3021289566955,754997.9126290182
66,16,5,ROGUE,340.26199266598076,746344.7577857851
66,16,5,RANGER,337.9890494979276,751609.2986292375
66,16,5,MAGE,340.72927472260056,745767.0969698022
66,16,5,CLERIC,341.8959148862122,770555.189362762
66,16,5,PALADIN,345.32219340338446,762639.1652298559
67,16,5,WARRIOR,345.5344066256959,768630.5946521892
67,16,5,ROGUE,349.783364752718,759471.1290095329
67,16,5,RANGER,347.39503528341413,764906.3415175601
67,16,5,MAGE,350.25174611838133,758853.2318413224
67,16,5,CLERIC,351.58991614965066,784349.7358940793
67,16,5,PALADIN,355.1619239571546,776191.8276697258
68,16,5,WARRIOR,354.5120039916985,781979.3175296586
68,16,5,ROGUE,359.0524146036407,772019.2229621878
68,16,5,RANGER,356.5521974273888,777835.621442158
68,16,5,MAGE,359.5252732551088,771589.2419770467
68,16,5,CLERIC,361.0396390825499,797792.6064280224
68,16,5,PALADIN,364.7519758150586,789445.665048299
69,16,5,WARRIOR,363.8194168751217,795639.3191195678
69,16,5,ROGUE,368.6802201470449,785108.766337
69,16,5,RANGER,366.05763965955134,791122.1543397823
69,16,5,MAGE,369.14645187597483,784667.2766065715
69,16,5,CLERIC,370.8538294126278,811582.5928350289
69,16,5,PALADIN,374.71403477827835,802989.1395795732
70,16,5,WARRIOR,373.2284922919186,809443.3379665677
70,16,5,ROGUE,378.43440120839676,798188.1621305357
70,16,5,RANGER,375.69080156189756,804438.4111709673
70,16,5,MAGE,378.88881865093475,797802.7705496509
70,16,5,CLERIC,380.7943995376156,825446.8431827615
70,16,5,PALADIN,384.8124020388174,816658.8970300375
71,16,5,WARRIOR,382.6731038399738,823382.9842971218
71,16,5,ROGUE,388.25205132159044,811515.5830858041
71,16,5,RANGER,385.36267445318924,817987.085178356
71,16,5,MAGE,388.6909194154518,811143.5333353105
71,16,5,CLERIC,390.79478214292516,839551.2905479557
71,16,5,PALADIN,394.973221372918,830457.1322831722
72,16,5,WARRIOR,392.2170641015325,837451.8712040825
72,16,5,ROGUE,398.1910785203246,824789.4587327789
72,16,5,RANGER,395.15459476050955,831561.5778468957
72,16,5,MAGE,398.60325683472996,824544.9942755299
72,16,5,CLERIC,400.92149365686504,853710.3162095316
72,16,5,PALADIN,405.27255681200063,844337.6261502822
73,16,5,WARRIOR,401.5247214278856,850973.7332545973
73,16,5,ROGUE,407.9040961979292,837590.6859837376
73,16,5,RANGER,404.72793479279136,844660.0119782215
73,16,5,MAGE,408.2949665747568,837482.9276150101
73,16,5,CLERIC,410.829999419527,867390.6763527418
73,16,5,PALADIN,415.3482581760431,857661.6575373107
74,16,5,WARRIOR,411.47315553204726,864468.1969958941
74,16,5,ROGUE,418.32282080900734,850208.7807441986
74,16,5,RANGER,414.9797710511855,857573.5088810021
74,16,5,MAGE,418.6512786578739,850271.9402677383
74,16,5,CLERIC,421.433724249303,880900.9213994198
74,16,5,PALADIN,426.1483577822651,870875.1230002859
75,16,5,WARRIOR,421.5068892748924,878032.5118449857
75,16,5,ROGUE,428.85121354567724,862910.5832600952
75,16,5,RANGER,425.3313747920696,870622.0852353739
75,16,5,MAGE,429.1252663498082,863094.4249693339
75,16,5,CLERIC,432.15645471353713,894486.6227758584
75,16,5,PALADIN,437.06991613447974,884152.8592958554
76,16,5,WARRIOR,431.56816151380065,891825.0799015261
76,16,5,ROGUE,439.4341749570929,875762.8182595867
76,16,5,RANGER,435.73867203507496,883910.9101532693
76,16,5,MAGE,439.6545090368661,876232.9363604836
76,16,5,CLERIC,442.9441463297063,908392.8815214484
76,16,5,PALADIN,448.055477019357,897634.846304143
77,16,5,WARRIOR,441.7339837093284,905671.1704702188
77,16,5,ROGUE,450.15172407049886,888767.6277673056
77,16,5,RANGER,446.2628238002598,897211.1716372976
77,16,5,MAGE,450.3056694375643,889347.3801366985
77,16,5,CLERIC,453.8610807328555,922297.2122308646
77,16,5,PALADIN,459.1899827575093,911142.059573071
78,16,5,WARRIOR,451.5536878122027,919071.1398532506
78,16,5,ROGUE,460.52801205679873,901208.868020633
78,16,5,RANGER,456.4482363414663,910061.9881171903
78,16,5,MAGE,460.60819900366164,902027.0514587542
78,16,5,CLERIC,464.4292667896796,935755.6988797791
78,16,5,PALADIN,469.97588980612755,924205.7426162394
79,16,5,WARRIOR,461.69936816850367,932932.9731566741
79,16,5,ROGUE,471.2731921745916,914063.7777151817
79,16,5,RANGER,466.98893858008825,923343.9316005362
79,16,5,MAGE,471.2755804258809,915112.0990297678
79,16,5,CLERIC,475.3820361178107,949627.0863780048
79,16,5,PALADIN,481.1500081695256,937691.0700187235
80,16,5,WARRIOR,471.9375706698811,946934.7506666323
80,16,5,ROGUE,482.1304041541647,927022.2965591813
80,16,5,RANGER,477.62693567754405,936634.4901390221
80,16,5,MAGE,482.0517054413134,928212.641816851
80,16,5,CLERIC,486.4498976609882,963539.8415463362
80,16,5,PALADIN,492.45386007262005,951294.3867338494
81,16,5,WARRIOR,482.20056319742497,961083.3658913794
81,16,5,ROGUE,493.0476091952279,940131.7236769322
81,16,5,RANGER,488.32140112782423,950139.2059428687
81,16,5,MAGE,492.88708637301886,941535.2947059959
81,16,5,CLERIC,497.57808608526517,977720.651878014
81,16,5,PALADIN,503.8206572939383,965014.1006750055
82,16,5,WARRIOR,492.5508722031089,975446.0073098363
82,16,5,ROGUE,504.07623415727176,953320.1798154397
82,16,5,RANGER,499.1202403181711,963698.3789585031
82,16,5,MAGE,503.8394030412094,954903.3776356889
82,16,5,CLERIC,508.8235105373393,991965.773465298
82,16,5,PALADIN,515.3259600741973,978899.9701564972
83,16,5,WARRIOR,502.5871553021139,989320.8640620997
83,16,5,ROGUE,514.8122726735602,966181.2033770221
83,16,5,RANGER,509.6271767662542,976865.989509108
83,16,5,MAGE,514.4840216802236,967838.5471259435
83,16,5,CLERIC,519.7654429633253,1005750.1447569025
83,16,5,PALADIN,526.5235973565343,992263.9437444317
84,16,5,WARRIOR,512.9743864601575,1003834.2789947375
84,16,5,ROGUE,525.9398223752518,979469.4565502065
84,16,5,RANGER,520.5065045033,990483.7424740221
84,16,5,MAGE,525.5111569520409,981270.3033097751
84,16,5,CLERIC,531.1152957610245,1020079.9554712393
84,16,5,PALADIN,538.1511027746425,1006227.9681219218
85,16,5,WARRIOR,523.4418306571738,1018444.7004707378
85,16,5,ROGUE,537.1842746453506,992831.3887996946
85,16,5,RANGER,531.487289421934,1004222.7246027032
85,16,5,MAGE,536.6552509981618,994783.8074481612
85,16,5,CLERIC,542.5813883563559,1034524.8170055937
85,16,5,PALADIN,549.9076663913312,1020256.658598285
86,16,5,WARRIOR,533.9312451585406,1033287.7031267985
86,16,5,ROGUE,548.470530008703,1006402.6838939574
86,16,5,RANGER,542.5045647937253,1018242.4677339584
86,16,5,MAGE,547.8371869728235,1008583.3617888553
86,16,5,CLERIC,554.0856750471199,1049304.3357203864
86,16,5,PALADIN,561.7174583954741,1034498.3977307372
87,16,5,WARRIOR,544.5041382531996,1048340.309600293
87,16,5,ROGUE,559.8807816458506,1020116.2268126816
87,16,5,RANGER,553.6353611868411,1032273.0610538602
87,16,5,MAGE,559.1212544423006,1022377.5786929785
87,16,5,CLERIC,565.7180361886609,1064057.5814596335
87,16,5,PALADIN,573.6648699177603,1048916.8934752143
88,16,5,WARRIOR,554.7853044964689,1062691.2128829693
88,16,5,ROGUE,571.0077934736523,1032923.0923880816
88,16,5,RANGER,564.4812443745874,1045611.8510481935
88,16,5,MAGE,570.1031341917998,1035581.3145317243
88,16,5,CLERIC,577.046224338331,1078191.8088986825
88,16,5,PALADIN,585.318822937397,1062607.4079229166
89,16,5,WARRIOR,565.6452350996125,1076970.2757333762
89,16,5,ROGUE,582.8016480706902,1045758.4364553394
89,16,5,RANGER,575.9558933636617,1058869.2435514845
89,16,5,MAGE,581.7009238410454,1048694.5287269214
89,16,5,CLERIC,589.0362221898919,1092224.849807446
89,16,5,PALADIN,597.6712729599661,1076138.5408021475
90,16,5,WARRIOR,576.5778882680513,1091472.3332356259
90,16,5,ROGUE,594.7167967567979,1058628.439613352
90,16,5,RANGER,587.5276621532439,1072298.6365502852
90,16,5,MAGE,593.40719746555,1062010.1066419678
90,16,5,CLERIC,601.1264105571769,1106521.8592225413
90,16,5,PALADIN,610.1487222660495,1089856.1106632038
91,16,5,WARRIOR,587.520450679942,1106088.038612825
91,16,5,ROGUE,606.6527019154789,1071641.5512694384
91,16,5,RANGER,599.1233835539149,1085984.5775055604
91,16,5,MAGE,605.133779185343,1075525.1254130683
91,16,5,CLERIC,613.2564894022203,1121025.1957262224
91,16,5,PALADIN,622.6690884518531,1103672.2098790011
92,16,5,WARRIOR,598.4243952290357,1120706.3239263806
92,16,5,ROGUE,618.5716210064179,1084731.0961474553
92,16,5,RANGER,610.6997722230258,1099585.9232607738
92,16,5,MAGE,616.8447823290054,1088963.9333598593
92,16,5,CLERIC,625.3779477113244,1135446.7752839213
92,16,5,PALADIN,635.1837706851503,1117464.0682874646
93,16,5,WARRIOR,609.2062451719346,1135222.1352266604
93,16,5,ROGUE,630.3841794389156,1097620.6540087315
93,16,5,RANGER,622.1424617875748,1113144.4195436703
93,16,5,MAGE,628.4352785432492,1102342.6462361224
93,16,5,CLERIC,637.3758633487762,1149827.102742778
93,16,5,PALADIN,647.5770638145925,1131172.4344204504
94,16,5,WARRIOR,620.2831849730644,1150222.1739752335
94,16,5,ROGUE,642.5371370206503,1110794.666082564
94,16,5,RANGER,633.9158985710268,1127028.0790369716
94,16,5,MAGE,640.3511167587795,1116017.2593939682
94,16,5,CLERIC,649.7151208751453,1164554.8181460595
94,16,5,PALADIN,660.3491155309304,1145325.716957176
95,16,5,WARRIOR,631.43723285869,1165318.9667304133
95,16,5,ROGUE,654.7940415130145,1124095.5474514202
95,16,5,RANGER,645.7882697239459,1140952.506000867
95,16,5,MAGE,652.365882885907,1129790.0830428638
95,16,5,CLERIC,662.1731493021098,1179375.2153580592
95,16,5,PALADIN,673.2436114914437,1159558.0779379166
96,16,5,WARRIOR,642.6037135849317,1180542.7695365075
96,16,5,ROGUE,667.0796336064118,1137616.566045925
96,16,5,RANGER,657.6754109625834,1155153.072794783
96,16,5,MAGE,664.4175610429525,1143763.4864280364
96,16,5,CLERIC,674.6669090249193,1194442.1331775074
96,16,5,PALADIN,686.1844950152725,1173910.1256318411
97,16,5,WARRIOR,653.4095600866265,1195504.9514946456
97,16,5,ROGUE,678.9886178765072,1150788.4809154696
97,16,5,RANGER,669.1889370069995,1168996.8442414906
97,16,5,MAGE,676.0920529523152,1157377.3511433203
97,16,5,CLERIC,686.7790202803806,1209119.8161687967
97,16,5,PALADIN,698.733503329084,1188026.5441616294
98,16,5,WARRIOR,664.5235180550585,1210797.225965651
98,16,5,ROGUE,691.2260678484275,1164399.9429959157
98,16,5,RANGER,681.0144881081262,1183247.8676240144
98,16,5,MAGE,688.0867060780929,1171424.742158178
98,16,5,CLERIC,699.2299538894562,1224292.7656354923
98,16,5,PALADIN,711.6590812866616,1202457.2285585739
99,16,5,WARRIOR,675.7117671018482,1226212.5032856094
99,16,5,ROGUE,703.5603655619753,1178044.402985191
99,16,5,RANGER,692.933913343425,1197545.8650646715
99,16,5,MAGE,700.1628981367622,1185533.4100056295
99,16,5,CLERIC,711.781309515223,1239523.9721360381
99,16,5,PALADIN,724.68526538896,1217004.0034057186
100,16,5,WARRIOR,686.9813830815962,1241764.7942450526
100,16,5,ROGUE,715.9989363751419,1191774.431879764
100,16,5,RANGER,704.9376466732787,1211965.5714861758
100,16,5,MAGE,712.332457700281,1199761.3617054794
100,16,5,CLERIC,724.4344341264001,1254899.2187730279
100,16,5,PALADIN,737.8286322211217,1231693.5061218198
20,16,12,WARRIOR,14.035873298851136,458518.1965860845
20,16,12,ROGUE,14.024673159336489,459519.19800781267
20,16,12,RANGER,14.067394212618503,457567.9379714957
20,16,12,MAGE,14.109026146698032,456344.3772132235
20,16,12,CLERIC,13.937400071332794,465837.3489151865
20,16,12,PALADIN,14.069111456767502,461232.31697610934
21,16,12,WARRIOR,15.518233237504159,483208.9660424522
21,16,12,ROGUE,15.503122136090981,484698.8236651212
21,16,12,RANGER,15.55408563101227,481941.774195578
21,16,12,MAGE,15.598762643116899,480868.013163202
21,16,12,CLERIC,15.416453405491064,490892.5987026612
21,16,12,PALADIN,15.55532658624165,486328.14107490826
22,16,12,WARRIOR,17.0586392985902,508409.73659703066
22,16,12,ROGUE,17.0452650121136,509745.7523438412
22,16,12,RANGER,17.101054340507982,507036.3909937985
22,16,12,MAGE,17.14658881850885,505739.55433860654
22,16,12,CLERIC,16.955562540279054,516252.60024288984
22,16,12,PALADIN,17.1065021608299,511723.96935384476
23,16,12,WARRIOR,18.666241878042428,533476.492754219
23,16,12,ROGUE,18.66291379366092,534580.1363230187
23,16,12,RANGER,18.71610027778911,531933.1372313017
23,16,12,MAGE,18.767359320782138,530521.3738287961
23,16,12,CLERIC,18.564463055542596,541633.295959936
23,16,12,PALADIN,18.722604550708937,537127.8658245874
24,16,12,WARRIOR,20.343040504689945,558868.1389529229
24,16,12,ROGUE,20.344939128267605,559721.6857325471
24,16,12,RANGER,20.394907888309586,557406.5135403879
24,16,12,MAGE,20.4544434475589,555949.8216930038
24,16,12,CLERIC,20.236779640190175,567761.648804119
24,16,12,PALADIN,20.408269243386794,562869.8770584073
25,16,12,WARRIOR,22.084238567445347,584795.5923659428
25,16,12,ROGUE,22.100322645111504,585128.5417935017
25,16,12,RANGER,22.145156444419854,582664.5053235266
25,16,12,MAGE,22.210028857116427,581123.887570478
25,16,12,CLERIC,21.977249906056535,593637.0846338065
25,16,12,PALADIN,22.163734819040265,589048.1136908553
26,16,12,WARRIOR,23.887280196618974,610432.4484611641
26,16,12,ROGUE,23.913657695842893,610741.2680553221
26,16,12,RANGER,23.951371050873043,608523.3218608892
26,16,12,MAGE,24.024159012133374,606669.5037124526
26,16,12,CLERIC,23.778231479657766,619889.3255627499
26,16,12,PALADIN,23.977750579072357,615096.4730349861
27,16,12,WARRIOR,25.748379308737498,636661.21189372
27,16,12,ROGUE,25.789141196289748,636186.1083361865
27,16,12,RANGER,25.817658069999702,634754.7463665123
27,16,12,MAGE,25.89016024878385,632951.0142089508
27,16,12,CLERIC,25.6324582778798,646939.2832996602
27,16,12,PALADIN,25.852866755955887,641678.081355455
28,16,12,WARRIOR,27.680182085748985,663001.7960376225
28,16,12,ROGUE,27.73236931237784,662085.9808507167
28,16,12,RANGER,27.749568033655997,660929.6170937059
28,16,12,MAGE,27.83468341486603,658938.5862281516
28,16,12,CLERIC,27.56605834781496,673602.6607689398
28,16,12,PALADIN,27.802070906281116,668375.4444997784
29,16,12,WARRIOR,29.670177548733754,689302.9150704502
29,16,12,ROGUE,29.743830141924334,688441.7382459947
29,16,12,RANGER,29.751000005353404,687280.8097650737
29,16,12,MAGE,29.852095260792602,684978.290765279
29,16,12,CLERIC,29.56658604706593,700561.1619152593
29,16,12,PALADIN,29.815480961466797,694919.2213024322
30,16,12,WARRIOR,31.731711090855605,715569.4286383267
30,16,12,ROGUE,31.81887111724418,714270.4789480413
30,16,12,RANGER,31.816167310240093,714028.4596815117
30,16,12,MAGE,31.93071420149339,711364.6278521905
30,16,12,CLERIC,31.638603495829617,727596.6171526616
30,16,12,PALADIN,31.897653901607608,721521.2169989742
31,16,12,WARRIOR,33.852809446430484,742108.1266461613
31,16,12,ROGUE,33.955142319391456,740726.0110535965
31,16,12,RANGER,33.94252379878843,740537.7587419476
31,16,12,MAGE,34.07047426469475,737673.8522845794
31,16,12,CLERIC,33.76572799048784,754793.992067333
31,16,12,PALADIN,34.04471674406196,748337.5450448904
32,16,12,WARRIOR,36.045169819093374,768571.1622816487
32,16,12,ROGUE,36.15549122833992,767178.7256968097
32,16,12,RANGER,36.13480390569368,767262.2566281992
32,16,12,MAGE,36.27054480958757,764402.8755441036
32,16,12,CLERIC,35.9469451069958,782538.1869383254
32,16,12,PALADIN,36.26702826585624,775064.7790589345
33,16,12,WARRIOR,38.295825718551214,795519.38079095
33,16,12,ROGUE,38.42148408863964,794192.5650139662
33,16,12,RANGER,38.39226637697676,794139.1457755581
33,16,12,MAGE,38.53091781516984,791333.1206840758
33,16,12,CLERIC,38.19428216961807,810394.0348987979
33,16,12,PALADIN,38.54388853754133,802431.4826169045
34,16,12,WARRIOR,40.6028495802161,822639.9124773504
34,16,12,ROGUE,40.74017292528794,821421.036279597
34,16,12,RANGER,40.69829755067974,821539.4242440878
34,16,12,MAGE,40.845236635673785,818557.7729839602
34,16,12,CLERIC,40.500675658462164,838449.002958915
34,16,12,PALADIN,40.87721093106342,830019.8396539022
35,16,12,WARRIOR,42.97429032080831,850105.3095299342
35,16,12,ROGUE,43.125231752436086,848354.1525648343
35,16,12,RANGER,43.06333853363644,849113.211669338
35,16,12,MAGE,43.226701743433054,845945.2699408248
35,16,12,CLERIC,42.874710375623096,866745.487594677
35,16,12,PALADIN,43.27591495155366,857999.3956584611
36,16,12,WARRIOR,45.394165291154536,877824.1059598195
36,16,12,ROGUE,45.560336855768355,875651.7675955008
36,16,12,RANGER,45.471189042453815,876788.8777941779
36,16,12,MAGE,45.65112387979022,873359.3649848871
36,16,12,CLERIC,45.29350204463948,895054.8032816101
36,16,12,PALADIN,45.725969943035835,886236.5943354231
37,16,12,WARRIOR,47.860268443229174,905916.6827789451
37,16,12,ROGUE,48.04092970746493,903190.104286382
37,16,12,RANGER,47.94249298398445,904697.1379229116
37,16,12,MAGE,48.13071336022752,901356.2280971546
37,16,12,CLERIC,47.76608909920524,924015.2903419168
37,16,12,PALADIN,48.22931723894908,914776.9362753964
38,16,12,WARRIOR,50.391084926494884,934084.7432370231
38,16,12,ROGUE,50.5969723375703,930842.3189489536
38,16,12,RANGER,50.481785347424655,933026.1175064179
38,16,12,MAGE,50.672882560214845,929827.5267153113
38,16,12,CLERIC,50.31221604884673,953320.9890006314
38,16,12,PALADIN,50.79645085538957,943492.5866954537
39,16,12,WARRIOR,52.971342564586614,962211.3209204398
39,16,12,ROGUE,53.18496383128287,959380.6749942325
39,16,12,RANGER,53.05406538595663,961719.9926870408
39,16,12,MAGE,53.26611940130651,958131.6172198605
39,16,12,CLERIC,52.90441538258004,982555.9643574869
39,16,12,PALADIN,53.417261336166064,972144.5140307363
40,16,12,WARRIOR,55.62942967410162,990574.636219114
40,16,12,ROGUE,55.84528549944329,987885.6213036992
40,16,12,RANGER,55.70324654478315,990022.8439676969
40,16,12,MAGE,55.93572603384708,986245.0939068616
40,16,12,CLERIC,55.5715043906591,1011688.6813927982
40,16,12,PALADIN,56.1132526562899,1001129.890724718
41,16,12,WARRIOR,58.31531490320895,1019488.1938162785
41,16,12,ROGUE,58.55688131382923,1016592.9142633711
41,16,12,RANGER,58.38565252553333,1019092.1140511221
41,16,12,MAGE,58.6423454467942,1014902.4531087129
41,16,12,CLERIC,58.28582238803433,1041271.496453304
41,16,12,PALADIN,58.849165675074694,1030486.2278733237
42,16,12,WARRIOR,61.05841048800624,1048245.1330365438
42,16,12,ROGUE,61.321509023083394,1045200.9960872491
42,16,12,RANGER,61.126686639467,1047936.411191656
42,16,12,MAGE,61.40115980171486,1043583.4643747299
42,16,12,CLERIC,61.05479246703987,1070835.0705687006
42,16,12,PALADIN,61.64837317802354,1059645.450803027
43,16,12,WARRIOR,63.866250760432315,1077341.833413649
43,16,12,ROGUE,64.13986967706714,1074039.8791242135
43,16,12,RANGER,63.92496869806299,1077440.5148764197
43,16,12,MAGE,64.22215514343623,1072766.6405950782
43,16,12,CLERIC,63.88262408597272,1101098.8924051637
43,16,12,PALADIN,64.5067453683061,1089319.1426927077
44,16,12,WARRIOR,66.71621690569238,1107061.8395060436
44,16,12,ROGUE,67.00653290414112,1103258.1598164032
44,16,12,RANGER,66.77560050845648,1107023.4308958177
44,16,12,MAGE,67.0967867004888,1101949.9323051989
44,16,12,CLERIC,66.76453935416242,1131324.199839491
44,16,12,PALADIN,67.41496624591332,1119542.904607999
45,16,12,WARRIOR,69.6138779734682,1136569.6636690062
45,16,12,ROGUE,69.93903524943246,1132037.7798340088
45,16,12,RANGER,69.67280271571605,1136432.5233630908
45,16,12,MAGE,70.01949241371015,1130954.2620948
45,16,12,CLERIC,69.69531088924329,1161408.2976634363
45,16,12,PALADIN,70.37266452541476,1149560.5056034818
46,16,12,WARRIOR,72.54304016752762,1166166.646443751
46,16,12,ROGUE,72.89918843941587,1161590.9372622713
46,16,12,RANGER,72.6069306505441,1166241.0606509428
46,16,12,MAGE,72.97987234742821,1160345.947467037
46,16,12,CLERIC,72.66399090654055,1191950.6439083295
46,16,12,PALADIN,73.36543752992365,1179707.3293497206
47,16,12,WARRIOR,75.52282850365823,1196361.443488884
47,16,12,ROGUE,75.90325139599011,1191263.3437897344
47,16,12,RANGER,75.58590048829458,1196305.9038239976
47,16,12,MAGE,75.99294243982048,1190023.807264932
47,16,12,CLERIC,75.6877452378333,1222832.4771621842
47,16,12,PALADIN,76.4119025414799,1210469.6959650996
48,16,12,WARRIOR,78.54461997168947,1226832.9076483187
48,16,12,ROGUE,78.96463041868081,1221216.8954783923
48,16,12,RANGER,78.61443917554398,1226331.9493029113
48,16,12,MAGE,79.05322246542086,1219701.7060838505
48,16,12,CLERIC,78.75590996983422,1253738.872267745
48,16,12,PALADIN,79.50773831021483,1241483.0167520745
49,16,12,WARRIOR,81.6088853926458,1257441.7686722563
49,16,12,ROGUE,82.07077013525891,1251273.2808922608
49,16,12,RANGER,81.68548916691144,1257038.8669667612
49,16,12,MAGE,82.16497895253042,1249865.0747763298
49,16,12,CLERIC,81.87046334694604,1285347.647191805
49,16,12,PALADIN,82.6546079930699,1272535.438330538
50,16,12,WARRIOR,84.72264925988523,1288582.3819391727
50,16,12,ROGUE,85.22260285619554,1281794.3952243251
50,16,12,RANGER,84.81037709399229,1287908.3999525972
50,16,12,MAGE,85.33080591376805,1280259.5610710543
50,16,12,CLERIC,85.04358583314794,1317112.1949133575
50,16,12,PALADIN,85.8570956953463,1304152.0800425715
51,16,12,WARRIOR,87.85960868457683,1320061.719616554
51,16,12,ROGUE,88.40055926029262,1312926.4590765194
51,16,12,RANGER,87.96256791450892,1319381.22517973
51,16,12,MAGE,88.52092467099803,1311200.5967107504
51,16,12,CLERIC,88.25014148854675,1349382.771419747
51,16,12,PALADIN,89.08532867843297,1336133.4830974971
52,16,12,WARRIOR,91.04028107708898,1351713.4467192362
52,16,12,ROGUE,91.63434990712929,1343882.8500153855
52,16,12,RANGER,91.1620175988486,1350906.8537394397
52,16,12,MAGE,91.75630722780541,1342380.1313646869
52,16,12,CLERIC,91.50726107385273,1381880.5628489344
52,16,12,PALADIN,92.37327603694729,1368156.1849874237
53,16,12,WARRIOR,94.26421496310883,1383797.360706286
53,16,12,ROGUE,94.90795956487666,1375256.4099829579
53,16,12,RANGER,94.40618150812581,1382604.0457823751
53,16,12,MAGE,95.03831521676629,1373609.726663901
53,16,12,CLERIC,94.81436050277964,1414431.9611908197
53,16,12,PALADIN,95.71109184584155,1400546.7395660486
54,16,12,WARRIOR,97.53128801162315,1415997.0924770485
54,16,12,ROGUE,98.22725273033485,1406468.6521293186
54,16,12,RANGER,97.6976758273412,1414587.4442984802
54,16,12,MAGE,98.36778956862808,1405191.4006216882
54,16,12,CLERIC,98.1744333532989,1447330.7238368227
54,16,12,PALADIN,99.09728825743234,1433080.8377528822
55,16,12,WARRIOR,100.85108321643875,1448227.2974108518
55,16,12,ROGUE,101.59527062710625,1438082.4124309088
55,16,12,RANGER,101.04333074939116,1446525.0184350312
55,16,12,MAGE,101.74831808507939,1436811.5144444644
55,16,12,CLERIC,101.59133491775921,1480241.839121774
55,16,12,PALADIN,102.54228452601292,1465669.029315157
56,16,12,WARRIOR,104.20145832568917,1481258.8918388265
56,16,12,ROGUE,104.99617866443307,1470194.7938824398
56,16,12,RANGER,104.42143705235212,1479042.604753361
56,16,12,MAGE,105.16492190924063,1468936.5095123614
56,16,12,CLERIC,105.04624889560391,1513703.1609574626
56,16,12,PALADIN,106.03153803894774,1498947.1275670773
57,16,12,WARRIOR,107.71976654799221,1512334.8199740082
57,16,12,ROGUE,108.58261610824347,1500775.4253457189
57,16,12,RANGER,107.97637086954879,1509629.4182218162
57,16,12,MAGE,108.75924760821968,1499148.8019238326
57,16,12,CLERIC,108.68466979431905,1545230.1426716796
57,16,12,PALADIN,109.70283778925257,1530182.291842641
58,16,12,WARRIOR,111.30299345085581,1543607.1370206168
58,16,12,ROGUE,112.23118528615642,1531253.1344280299
58,16,12,RANGER,111.59414297661331,1540503.4045875263
58,16,12,MAGE,112.41332910129252,1529730.2780931767
58,16,12,CLERIC,112.39334517761122,1577082.3622376616
58,16,12,PALADIN,113.44624661452517,1561632.7895313287
59,16,12,WARRIOR,114.93301751627057,1575165.000774222
59,16,12,ROGUE,115.93520178521854,1561753.3390370568
59,16,12,RANGER,115.26444323307692,1571379.8650269592
59,16,12,MAGE,116.12120202618323,1560164.9582618845
59,16,12,CLERIC,116.15629163887371,1608817.7445091514
59,16,12,PALADIN,117.24920746727346,1593310.3358258822
60,16,12,WARRIOR,118.60744884347042,1606905.4118938872
60,16,12,ROGUE,119.68824459266125,1592717.146836562
60,16,12,RANGER,118.98438391998377,1602482.353929946
60,16,12,MAGE,119.87764884903322,1590988.190510696
60,16,12,CLERIC,119.97071163850387,1641002.5429224432
60,16,12,PALADIN,121.10511242841767,1625153.1948441255
61,16,12,WARRIOR,122.31285323769414,1638742.4533215696
61,16,12,ROGUE,123.47215703563636,1623830.549138561
61,16,12,RANGER,122.73379876492851,1633843.2481957963
61,16,12,MAGE,123.66588084953038,1622040.078856251
61,16,12,CLERIC,123.8235159451728,1673426.695594311
61,16,12,PALADIN,125.00039584068429,1657084.3299688392
62,16,12,WARRIOR,125.9031517162631,1669469.4787005023
62,16,12,ROGUE,127.14836301387123,1653582.419024638
62,16,12,RANGER,126.37096508913528,1664097.6086885955
62,16,12,MAGE,127.34317041011951,1651929.6270268082
62,16,12,CLERIC,127.56397789886712,1704647.981990621
62,16,12,PALADIN,128.78345995840107,1687873.4675649633
63,16,12,WARRIOR,129.64860033607746,1701688.3227285207
63,16,12,ROGUE,130.9895760426561,1684601.8766649147
63,16,12,RANGER,130.16901356559885,1695319.7353207949
63,16,12,MAGE,131.1827360099058,1682763.301897674
63,16,12,CLERIC,131.46473679265554,1737015.7447442396
63,16,12,PALADIN,132.73700214331055,1720112.8877085056
64,16,12,WARRIOR,133.44123666533713,1733904.7136551463
64,16,12,ROGUE,134.88056246738606,1715586.489201897
64,16,12,RANGER,134.01849400782504,1727043.768015225
64,16,12,MAGE,135.07459754896686,1714144.5852989769
64,16,12,CLERIC,135.4235274343241,1769952.491203888
64,16,12,PALADIN,136.7506648852776,1752317.714148082
65,16,12,WARRIOR,137.2805269051047,1766160.5839413798
65,16,12,ROGUE,138.828022774018,1746678.2680447581
65,16,12,RANGER,137.92116916233468,1758874.257924639
65,16,12,MAGE,139.0248613051491,1745428.3008050201
65,16,12,CLERIC,139.4416028341863,1802858.6412904235
65,16,12,PALADIN,140.82203778754374,1784496.1268003192
66,16,12,WARRIOR,141.1423442771624,1798945.6436716106
66,16,12,ROGUE,142.80425598934946,1778327.6327488457
66,16,12,RANGER,141.85032647322353,1790871.5387091704
66,16,12,MAGE,143.00036918409663,1776951.2310515037
66,16,12,CLERIC,143.4899953667523,1836014.2166297904
66,16,12,PALADIN,144.92796717965876,1817152.5788810148
67,16,12,WARRIOR,145.01703076000715,1831428.4539243514
67,16,12,ROGUE,146.80027225373146,1809604.0481338245
67,16,12,RANGER,145.79791636246915,1822554.6162085072
67,16,12,MAGE,146.99684681652275,1808131.7746342616
67,16,12,CLERIC,147.55846221824723,1868882.7040439167
67,16,12,PALADIN,149.0575950286504,1849444.7251883585
68,16,12,WARRIOR,148.7848306908165,1863234.67016326
68,16,12,ROGUE,150.69039162121712,1839502.592983978
68,16,12,RANGER,149.64107767677982,1853361.418991808
68,16,12,MAGE,150.88884525214414,1838478.070389753
68,16,12,CLERIC,151.52440811236556,1900913.247414917
68,16,12,PALADIN,153.08243544569822,1881024.8562261933
69,16,12,WARRIOR,152.69105060562103,1895782.5751861304
69,16,12,ROGUE,154.73107684927794,1870691.2580622341
69,16,12,RANGER,153.6304083545268,1885019.4541676287
69,16,12,MAGE,154.9267492329221,1869639.3133959048
69,16,12,CLERIC,155.64331700737233,1933770.869347661
69,16,12,PALADIN,157.26340319710135,1913295.1103562661
70,16,12,WARRIOR,156.6399371795099,1928673.6324388587
70,16,12,ROGUE,158.82480050715102,1901855.7443357203
70,16,12,RANGER,157.67334158815393,1916748.3130369955
70,16,12,MAGE,159.0155145633457,1900937.4656306494
70,16,12,CLERIC,159.81526612718585,1966805.4411638633
70,16,12,PALADIN,161.50157805774208,1945866.2608246566
71,16,12,WARRIOR,160.60373788102527,1961887.851473389
71,16,12,ROGUE,162.9451614354862,1933611.2041427176
71,16,12,RANGER,161.73252140263386,1949030.9560422553
71,16,12,MAGE,163.12934959923106,1932724.7152310484
71,16,12,CLERIC,164.012317894181,2000412.334268586
71,16,12,PALADIN,165.76596337412622,1978743.5374154595
72,16,12,WARRIOR,164.6092341566018,1995410.014103554
72,16,12,ROGUE,167.11646300593932,1965239.0806842758
72,16,12,RANGER,165.84208381140564,1981375.1175858122
72,16,12,MAGE,167.28944975965354,1964656.5912984845
72,16,12,CLERIC,168.2623885295652,2034149.2719560438
72,16,12,PALADIN,170.08848239260135,2011816.8129259804
73,16,12,WARRIOR,168.51555666144424,2027628.771828855
73,16,12,ROGUE,171.19291083954545,1995740.77030693
73,16,12,RANGER,169.85991045707823,2012584.9668123056
73,16,12,MAGE,171.3569548837063,1995484.012712307
73,16,12,CLERIC,172.42088058539736,2066745.6856306065
73,16,12,PALADIN,174.31714462310617,2043564.1963543328
74,16,12,WARRIOR,172.69080620775046,2059782.2471630557
74,16,12,ROGUE,175.56553619445393,2025806.107205312
74,16,12,RANGER,174.1624945862489,2043354.163136214
74,16,12,MAGE,175.70338637972947,2025956.598415722
74,16,12,CLERIC,176.87114851913756,2098936.7633344196
74,16,12,PALADIN,178.8498289138004,2075048.1325809283
75,16,12,WARRIOR,176.90185508428132,2092102.1578528662
75,16,12,ROGUE,179.9841880683931,2056070.8959160286
75,16,12,RANGER,178.50695004226753,2074445.2154373727
75,16,12,MAGE,180.0992050483651,2056508.9385071786
75,16,12,CLERIC,181.37136182277985,2131307.632046181
75,16,12,PALADIN,183.43348811861586,2106685.207951853
76,16,12,WARRIOR,181.12446156796818,2124965.931123389
76,16,12,ROGUE,184.42574182137068,2086694.1225197553
76,16,12,RANGER,182.87477945513507,2106108.711846679
76,16,12,MAGE,184.51821363723397,2087814.2804638685
76,16,12,CLERIC,185.8988386150581,2164442.2979461667
76,16,12,PALADIN,188.04400848998924,2138808.9547740687
77,16,12,WARRIOR,185.39094653085812,2157957.233342619
77,16,12,ROGUE,188.92378056844777,2117680.890852962
77,16,12,RANGER,187.2916514394873,2137799.4583456595
77,16,12,MAGE,188.98838976395197,2119062.2761281817
77,16,12,CLERIC,190.48055719876322,2197572.3698834176
77,16,12,PALADIN,192.71703939563864,2170992.808612379
78,16,12,WARRIOR,189.51216949631308,2189885.5554528064
78,16,12,ROGUE,193.2785957336824,2147324.8336787918
78,16,12,RANGER,191.56635825729936,2168419.305019972
78,16,12,MAGE,193.31224932278033,2149274.332488142
78,16,12,CLERIC,194.91590989618675,2229640.12202219
78,16,12,PALADIN,197.24376722433337,2202119.855863385
79,16,12,WARRIOR,193.7702011484394,2222914.3681387412
79,16,12,ROGUE,197.78823091265247,2177954.4333213586
79,16,12,RANGER,195.99017629527023,2200066.404924734
79,16,12,MAGE,197.78923323573244,2180452.2853425327
79,16,12,CLERIC,199.5126680079932,2262691.6996414177
79,16,12,PALADIN,201.93342311778025,2234251.561896464
80,16,12,WARRIOR,198.06706333813668,2256276.6281316048
80,16,12,ROGUE,202.34488464501217,2208830.9041471845
80,16,12,RANGER,200.45482792684496,2231734.032059645
80,16,12,MAGE,202.31185565153575,2211667.1588969403
80,16,12,CLERIC,204.1577290701557,2295841.8446721337
80,16,12,PALADIN,206.67752676622922,2266664.4029584303
81,16,12,WARRIOR,202.37432963207996,2289988.7607041504
81,16,12,ROGUE,206.926716812505,2240066.946538863
81,16,12,RANGER,204.94317871167755,2263911.935147823
81,16,12,MAGE,206.85934713064526,2243411.2577562616
81,16,12,CLERIC,208.8281086679093,2329630.6890426744
81,16,12,PALADIN,211.44804787983946,2299354.585558963
82,16,12,WARRIOR,206.71824170182296,2324210.8569234363
82,16,12,ROGUE,211.55531070849236,2271491.292646664
82,16,12,RANGER,209.47533401954334,2296219.594308532
82,16,12,MAGE,211.45591526599978,2275263.6035023206
82,16,12,CLERIC,213.5476909509041,2363572.7688741046
82,16,12,PALADIN,216.2766982694818,2332440.669632147
83,16,12,WARRIOR,210.930360515395,2357270.7007899405
83,16,12,ROGUE,216.06110925677922,2302135.459898336
83,16,12,RANGER,213.88498092262486,2327594.271299479
83,16,12,MAGE,215.92334588651875,2306084.439448235
83,16,12,CLERIC,218.1399009327946,2396417.011581261
83,16,12,PALADIN,220.976224797302,2364283.223983646
84,16,12,WARRIOR,215.28976841073967,2391852.047481288
84,16,12,ROGUE,220.73122078961347,2333797.5940023437
84,16,12,RANGER,218.450916397758,2360041.5098455097
84,16,12,MAGE,220.55131457572702,2338088.500478847
84,16,12,CLERIC,222.90331065618136,2430560.881554927
84,16,12,PALADIN,225.85616230438367,2397555.5289818626
85,16,12,WARRIOR,219.68284084575689,2426664.5332203996
85,16,12,ROGUE,225.4503950584114,2365635.2844239636
85,16,12,RANGER,223.05943234806554,2392777.6030657003
85,16,12,MAGE,225.2283695899022,2370287.343672778
85,16,12,CLERIC,227.71550495784894,2464978.884963944
85,16,12,PALADIN,230.7902641331494,2430981.9149317155
86,16,12,WARRIOR,224.0851339784549,2462031.1938700257
86,16,12,ROGUE,230.18711363059566,2397971.8270559716
86,16,12,RANGER,227.68326294451685,2426182.670032765
86,16,12,MAGE,229.92130644973426,2403167.7632746794
86,16,12,CLERIC,232.54372890578608,2500194.281407834
86,16,12,PALADIN,235.74670533696067,2464915.9353337316
87,16,12,WARRIOR,228.52246216844136,2497897.2808994628
87,16,12,ROGUE,234.9758720897093,2430647.3058623155
87,16,12,RANGER,232.35473707841527,2459613.589918456
87,16,12,MAGE,234.65710678666508,2436035.4652807997
87,16,12,CLERIC,237.4257043071582,2535347.0768112256
87,16,12,PALADIN,240.7609039551223,2499271.1165520526
88,16,12,WARRIOR,232.8373557731295,2532091.408474235
88,16,12,ROGUE,239.64575788272464,2461162.430011107
88,16,12,RANGER,236.9066362401119,2491396.1389172995
88,16,12,MAGE,239.26608222557394,2467496.2185755903
88,16,12,CLERIC,242.18002161349645,2569024.9273758726
88,16,12,PALADIN,245.65194123279358,2531891.7250508997
89,16,12,WARRIOR,237.39515048222083,2566114.360698044
89,16,12,ROGUE,244.5955103301862,2491745.4103195113
89,16,12,RANGER,241.72242156713264,2522984.7408078583
89,16,12,MAGE,244.13354834779634,2498741.284497479
89,16,12,CLERIC,247.21209325067997,2602461.6791708283
89,16,12,PALADIN,250.83613010236925,2564132.572528573
90,16,12,WARRIOR,241.9834660606848,2600668.6458577253
90,16,12,ROGUE,249.59616858704993,2522410.973399715
90,16,12,RANGER,246.57896701768271,2554983.171039568
90,16,12,MAGE,249.04654401403914,2530468.5257024663
90,16,12,CLERIC,252.28621375715719,2636527.392962351
90,16,12,PALADIN,256.07277981114,2596817.6463950407
91,16,12,WARRIOR,246.5759404408047,2635493.7216330273
91,16,12,ROGUE,254.60553810960513,2553417.5233950815
91,16,12,RANGER,251.44556511848245,2587592.882204606
91,16,12,MAGE,253.96806276690566,2562670.9778360757
91,16,12,CLERIC,257.377075863108,2671084.7256192705
91,16,12,PALADIN,261.32744126735815,2629737.4877363844
92,16,12,WARRIOR,251.1522073241031,2670324.9446640913
92,16,12,ROGUE,259.6077787643517,2584606.1920550466
92,16,12,RANGER,256.3040494822025,2620001.027028757
92,16,12,MAGE,258.88304336087793,2594691.841215467
92,16,12,CLERIC,262.46432002392373,2705447.254688849
92,16,12,PALADIN,266.5797172305554,2662599.5701170443
93,16,12,WARRIOR,255.67723242967202,2704912.00121908
93,16,12,ROGUE,264.5653810080423,2615318.3484405573
93,16,12,RANGER,261.10642178649516,2652307.0737275104
93,16,12,MAGE,263.7474485077886,2626569.5151058217
93,16,12,CLERIC,267.49971466969373,2739711.491720445
93,16,12,PALADIN,271.78104750767875,2695262.714112925
94,16,12,WARRIOR,260.3261035379182,2740652.834286668
94,16,12,ROGUE,269.66584507084303,2646708.2784436387
94,16,12,RANGER,266.04760509975745,2685387.8920263634
94,16,12,MAGE,268.74839615264847,2659152.235346121
94,16,12,CLERIC,272.67836679215947,2774803.455582586
94,16,12,PALADIN,277.1413386425148,2728985.96756463
95,16,12,WARRIOR,265.00733607022744,2776624.204678639
95,16,12,ROGUE,274.8099345210062,2678400.501952148
95,16,12,RANGER,271.03031009139704,2718565.847631695
95,16,12,MAGE,273.7908627655879,2691968.963299663
95,16,12,CLERIC,277.90686576927925,2810116.2538778447
95,16,12,PALADIN,282.55301829433654,2762897.642494048
96,16,12,WARRIOR,269.6937865304636,2812898.203957357
96,16,12,ROGUE,279.96606384517804,2710617.249961278
96,16,12,RANGER,276.01921392730185,2752401.7660418907
96,16,12,MAGE,278.84882095585056,2725263.6158100124
96,16,12,CLERIC,283.150360782479,2846016.4407809754
96,16,12,PALADIN,287.98416630174654,2797094.4968758677
97,16,12,WARRIOR,274.2288827306568,2848548.8350427966
97,16,12,ROGUE,284.96413496371554,2742002.1829220443
97,16,12,RANGER,280.85131553143503,2785387.5424519465
97,16,12,MAGE,283.74847818205984,2757701.5897612437
97,16,12,CLERIC,288.2336820865847,2880989.19161207
97,16,12,PALADIN,293.25084854743943,2830729.913866598
98,16,12,WARRIOR,278.8932899609314,2884985.9828564264
98,16,12,ROGUE,290.1000595633297,2774434.432076688
98,16,12,RANGER,285.81437065677835,2819343.6845856146
98,16,12,MAGE,288.782503587179,2791172.5337842996
98,16,12,CLERIC,293.459203445834,2917142.0218228386
98,16,12,PALADIN,298.6755729752311,2865114.1371827745
99,16,12,WARRIOR,283.58887634844405,2921716.211532378
99,16,12,ROGUE,295.27663010632125,2806945.3058782946
99,16,12,RANGER,290.8168237348054,2853411.7525615003
99,16,12,MAGE,293.8507499952215,2824789.4830998327
99,16,12,CLERIC,298.72687083281386,2953433.662003152
99,16,12,PALADIN,304.1425207072838,2899774.971077823
100,16,12,WARRIOR,288.3186115523797,2958772.904806114
100,16,12,ROGUE,300.49696293464507,2839660.066083882
100,16,12,RANGER,295.85466000277506,2887769.8184794057
100,16,12,MAGE,298.9581817291335,2858690.6519649075
100,16,12,CLERIC,304.0372495556394,2990068.508928326
100,16,12,PALADIN,309.6586487560148,2934775.884956928
20,24,1,WARRIOR,249.69991881042571,25773.750120383662
20,24,1,ROGUE,249.5006669457269,25830.01737587289
20,24,1,RANGER,250.260679757818,25720.335167030644
20,24,1,MAGE,251.0013170048378,25651.557636551774
20,24,1,CLERIC,247.94806793568594,26185.16673291471
20,24,1,PALADIN,250.2912297432342,25926.31344556895
21,24,1,WARRIOR,276.07128512646284,27161.642088437635
21,24,1,ROGUE,275.8024567667543,27245.388422536314
21,24,1,RANGER,276.70910363319354,27090.41201238156
21,24,1,MAGE,277.50391319421544,27030.05486899331
21,24,1,CLERIC,274.2606093495385,27593.546491960835
21,24,1,PALADIN,276.73118037992856,27336.973925792903
22,24,1,WARRIOR,303.47529912677135,28578.201710173133
22,24,1,ROGUE,303.2373689192061,28653.300444032713
22,24,1,RANGER,304.2298679589136,28501.00462907542
22,24,1,MAGE,305.03993194408946,28428.10818974819
22,24,1,CLERIC,301.64155087089034,29019.056640995193
22,24,1,PALADIN,304.32678535501094,28764.497930368794
23,24,1,WARRIOR,332.0747474846808,29987.228253359975
23,24,1,ROGUE,332.01554045265897,30049.265122945544
23,24,1,RANGER,332.96173457153213,29900.474750683865
23,24,1,MAGE,333.87363927465503,29821.11816803087
23,24,1,CLERIC,330.264089667122,30445.730029670238
23,24,1,PALADIN,333.0774463897724,30192.475455788765
24,24,1,WARRIOR,361.9052020649161,31414.51717917194
24,24,1,ROGUE,361.93897881276075,31462.49586699258
24,24,1,RANGER,362.82792922289025,31332.357804837906
24,24,1,MAGE,363.88707417200465,31250.475750959962
24,24,1,CLERIC,360.01480816684,31914.42994665763
24,24,1,PALADIN,363.06562937926384,31639.458738189445
25,24,1,WARRIOR,392.8813305640585,32871.924345344465
25,24,1,ROGUE,393.1674682914281,32890.6397538332
25,24,1,RANGER,393.9650671161605,32752.13388702683
25,24,1,MAGE,395.1191553469725,32665.534277035895
25,24,1,CLERIC,390.97798906947503,33368.91315429446
25,24,1,PALADIN,394.29557869428413,33110.962671033514
26,24,1,WARRIOR,424.9576637447894,34312.996755971064
26,24,1,ROGUE,425.4269227124642,34330.35580324851
26,24,1,RANGER,426.09784795442033,34205.68290821099
26,24,1,MAGE,427.3927547714098,34101.47800187971
26,24,1,CLERIC,423.0176736072449,34844.57694002966
26,24,1,PALADIN,426.567143017818,34575.166076220594
27,24,1,WARRIOR,458.0668467147004,35787.34084898773
27,24,1,ROGUE,458.79200572658675,35760.63481973012
27,24,1,RANGER,459.2993244304885,35680.176582711654
27,24,1,MAGE,460.58914714194475,35578.78705824082
27,24,1,CLERIC,456.00459726450356,36365.08115702462
27,24,1,PALADIN,459.92569130040033,36069.343920743835
28,24,1,WARRIOR,492.4338566119048,37267.970492052336
28,24,1,ROGUE,493.36227381649945,37216.49163699381
28,24,1,RANGER,493.66824119133696,37151.49131477458
28,24,1,MAGE,495.18245433113515,37039.57354925766
28,24,1,CLERIC,490.40358122470803,37863.855324277676
28,24,1,PALADIN,494.60227377717376,37570.028455573956
29,24,1,WARRIOR,527.8361215768559,38746.381763155085
29,24,1,ROGUE,529.1464103026292,38697.97418315446
29,24,1,RANGER,529.2739630582007,38632.71727340109
29,24,1,MAGE,531.0724601333596,38503.29045939459
29,24,1,CLERIC,525.9932159731111,39379.21867809577
29,24,1,PALADIN,530.4210872280697,39062.07975398822
30,24,1,WARRIOR,564.5110578015175,40222.84782769221
30,24,1,ROGUE,566.0616454314672,40149.83261262413
30,24,1,RANGER,566.0135443710614,40136.22847619879
30,24,1,MAGE,568.0513477080489,39986.4919195194
30,24,1,CLERIC,562.8546621912403,40898.90769560416
30,24,1,PALADIN,567.4632008915625,40557.40359258634
31,24,1,WARRIOR,602.2456594111891,41714.613642150645
31,24,1,ROGUE,604.0661738548529,41636.92359149294
31,24,1,RANGER,603.841688815483,41626.34174746548
31,24,1,MAGE,606.1179434003101,41465.35880295
31,24,1,CLERIC,600.6964695591723,42427.69837436085
31,24,1,PALADIN,605.6597139283122,42064.77525928946
32,24,1,WARRIOR,641.2480211026366,43202.1264016749
32,24,1,ROGUE,643.2106525930593,43123.85619808578
32,24,1,RANGER,642.8426225691924,43128.55155231377
32,24,1,MAGE,645.2574700076013,42967.82298339512
32,24,1,CLERIC,639.5005913479129,43987.22633032919
32,24,1,PALADIN,645.1949102604794,43567.13886452027
33,24,1,WARRIOR,681.2874674127444,44716.9117585475
33,24,1,ROGUE,683.5229453299962,44642.33016386626
33,24,1,RANGER,683.0031586323889,44639.327416946704
33,24,1,MAGE,685.4697848353054,44481.598039840486
33,24,1,CLERIC,679.4809951409829,45553.030414158675
33,24,1,PALADIN,685.7005355876179,45105.447669652516
34,24,1,WARRIOR,722.3297067295234,46241.3830053195
34,24,1,ROGUE,724.772705991851,46172.86879850614
34,24,1,RANGER,724.0277379077718,46179.52350018813
34,24,1,MAGE,726.6418023704438,46011.92200673196
34,24,1,CLERIC,720.5120200474564,47130.02723086199
34,24,1,PALADIN,727.2106290328691,46656.2158306496
35,24,1,WARRIOR,764.5179302751206,47785.2394669845
35,24,1,ROGUE,767.2031969785235,47686.80524479638
35,24,1,RANGER,766.1021089749396,47729.47268925495
35,24,1,MAGE,769.0083606455189,47551.39962887357
35,24,1,CLERIC,762.7463907564554,48720.599927251096
35,24,1,PALADIN,769.8838696936891,48228.973662966935
36,24,1,WARRIOR,807.5678047475766,49343.33975207867
36,24,1,ROGUE,810.5240173970641,49221.23051716556
36,24,1,RANGER,808.9380667922958,49285.14857829868
36,24,1,MAGE,812.1391297626877,49092.37235515326
36,24,1,CLERIC,805.7769931645123,50311.89386940349
36,24,1,PALADIN,813.4706504680818,49816.21383842421
37,24,1,WARRIOR,851.4400842801631,50922.4505934036
37,24,1,ROGUE,854.6540704747771,50769.18698625744
37,24,1,RANGER,852.9028690113778,50853.89880066331
37,24,1,MAGE,856.2513327418254,50666.10303668946
37,24,1,CLERIC,849.764622122898,51939.79078257827
37,24,1,PALADIN,858.0055079176003,51420.493989109724
38,24,1,WARRIOR,896.4636219639399,52505.8044428861
38,24,1,ROGUE,900.12638442517,52323.54464598562
38,24,1,RANGER,898.0771936498631,52446.29806941003
38,24,1,MAGE,901.4768366576494,52266.502195655936
38,24,1,CLERIC,895.0605348936804,53587.09237269338
38,24,1,PALADIN,903.6751318841527,53034.62839856472
39,24,1,WARRIOR,942.3667238959171,54086.82650559032
39,24,1,ROGUE,946.1670726034397,53927.71316761473
39,24,1,RANGER,943.8383731007841,54059.208471651844
39,24,1,MAGE,947.6108402133664,53857.502425266284
39,24,1,CLERIC,941.1760810654055,55230.41853779073
39,24,1,PALADIN,950.2996738940158,54645.18087195674
40,24,1,WARRIOR,989.6544217330917,55681.15581800711
40,24,1,ROGUE,993.4945235147875,55530.00369576657
40,24,1,RANGER,990.96763297571,55650.13904329178
40,24,1,MAGE,995.1034717873288,55437.78806832464
40,24,1,CLERIC,988.6239237893795,56867.99666399491
40,24,1,PALADIN,998.2616923174537,56274.4768554491
41,24,1,WARRIOR,1037.43665154968,57306.41478079013
41,24,1,ROGUE,1041.7341478176286,57143.668324311635
41,24,1,RANGER,1038.687966534488,57284.150755129005
41,24,1,MAGE,1043.2545652942026,57048.645872176116
41,24,1,CLERIC,1036.9119760636725,58530.87523436338
41,24,1,PALADIN,1046.9339226886743,57924.624883927296
42,24,1,WARRIOR,1086.2366606569997,58922.870073532315
42,24,1,ROGUE,1090.917216077323,58751.75619921387
42,24,1,RANGER,1087.4513018206414,58905.51652083562
42,24,1,MAGE,1092.3342132626062,58660.83318136928
42,24,1,CLERIC,1086.1722956173387,60192.672252647295
42,24,1,PALADIN,1096.7321697473076,59563.69293202304
43,24,1,WARRIOR,1136.188485750407,60558.42366863676
43,24,1,ROGUE,1141.0562000574535,60372.81763293637
43,24,1,RANGER,1137.2330851099846,60563.97064884803
43,24,1,MAGE,1142.520068662859,60301.247667037715
43,24,1,CLERIC,1136.479769233169,61893.83087079685
43,24,1,PALADIN,1147.5829638978896,61231.67977661996
44,24,1,WARRIOR,1186.8897353222555,62229.01387924326
44,24,1,ROGUE,1192.05449277614,62015.20537482906
44,24,1,RANGER,1187.946176946738,62226.85489421322
44,24,1,MAGE,1193.6601189556093,61941.66864449765
44,24,1,CLERIC,1187.7493976462722,63592.82455725105
44,24,1,PALADIN,1199.3205723501364,62930.58658795833
45,24,1,WARRIOR,1238.4394834539223,63887.677138924
45,24,1,ROGUE,1244.2240715361995,63632.935577067816
45,24,1,RANGER,1239.4877618931703,63879.96835004191
45,24,1,MAGE,1245.655414421683,63572.02999977709
45,24,1,CLERIC,1239.8881850790071,65283.88071529378
45,24,1,PALADIN,1251.9383898904034,64617.90489512979
46,24,1,WARRIOR,1290.5496405112003,65551.3520901762
46,24,1,ROGUE,1296.8855622370156,65294.14706331989
46,24,1,RANGER,1291.6862600917784,65555.53498454293
46,24,1,MAGE,1298.3209389215313,65224.16498600278
46,24,1,CLERIC,1292.7013690904312,67000.69545910804
46,24,1,PALADIN,1305.1801911187652,66312.48693777056
47,24,1,WARRIOR,1343.5604428860681,67248.63075822318
47,24,1,ROGUE,1350.3282131064414,66962.06165646667
47,24,1,RANGER,1344.6825012794136,67245.50882008592
47,24,1,MAGE,1351.9238278491518,66892.3861127408
47,24,1,CLERIC,1346.494331947133,68736.59309516789
47,24,1,PALADIN,1359.377179781142,68041.66923884323
48,24,1,WARRIOR,1397.3184861630189,68961.4611516404
48,24,1,ROGUE,1404.7905238681367,68645.77969031905
48,24,1,RANGER,1398.560578419245,68933.30179981668
48,24,1,MAGE,1406.3665873169318,68560.60943288819
48,24,1,CLERIC,1401.077361315199,70473.87137660467
48,24,1,PALADIN,1414.4524803088834,69784.95791597366
49,24,1,WARRIOR,1451.8321463062048,70682.01475534543
49,24,1,ROGUE,1460.0491329000995,70335.27810705978
49,24,1,RANGER,1453.1949369076467,70659.36726183737
49,24,1,MAGE,1461.7251193900781,70256.12148291653
49,24,1,CLERIC,1456.4856504067805,72250.63110516046
49,24,1,PALADIN,1470.4356804693052,71530.4444863106
50,24,1,WARRIOR,1507.2263899196867,72432.45866556071
50,24,1,ROGUE,1516.1206261207128,72050.89938457347
50,24,1,RANGER,1508.7870789190479,72394.57348796695
50,24,1,MAGE,1518.0455718733303,71964.62487630492
50,24,1,CLERIC,1512.9358911798295,74036.14697292294
50,24,1,PALADIN,1527.4083320616542,73307.64641460674
51,24,1,WARRIOR,1563.033285363891,74201.9426016245
51,24,1,ROGUE,1572.6568628898967,73800.86272394039
51,24,1,RANGER,1564.8649427753996,74163.69135292029
51,24,1,MAGE,1574.7981784062736,73703.85033558
51,24,1,CLERIC,1569.9809121604424,75850.1072068005
51,24,1,PALADIN,1584.8389953780481,75105.3519298385
52,24,1,WARRIOR,1619.6178399022865,75981.11671357261
52,24,1,ROGUE,1630.1863977305343,75540.95131939366
52,24,1,RANGER,1621.7835476535902,75935.7773441323
52,24,1,MAGE,1632.3560335218217,75456.48205450359
52,24,1,CLERIC,1627.925471696565,77676.83941066184
52,24,1,PALADIN,1643.3319848054452,76905.37889242283
53,24,1,WARRIOR,1676.972021751108,77784.58446718198
53,24,1,ROGUE,1688.424317691201,77304.48938835501
53,24,1,RANGER,1679.4976241136947,77717.50708422791
53,24,1,MAGE,1690.743360831608,77211.92773058706
53,24,1,CLERIC,1686.759178821055,79506.58491079556
53,24,1,PALADIN,1702.7121401216998,78726.08320947253
54,24,1,WARRIOR,1735.09365462653,79594.56245013252
54,24,1,ROGUE,1747.4749528939815,79058.95962697768
54,24,1,RANGER,1738.0537144098603,79515.32476625738
54,24,1,MAGE,1749.975120597445,78987.16408768686
54,24,1,CLERIC,1746.5352896556012,81355.85609353411
54,24,1,PALADIN,1762.9529923328396,80554.85625120296
55,24,1,WARRIOR,1794.1532211714596,81406.25335897224
55,24,1,ROGUE,1807.3924070822234,80835.99958841334
55,24,1,RANGER,1797.5733285169467,81310.56661570958
55,24,1,MAGE,1810.115140254314,80764.56118667702
55,24,1,CLERIC,1807.3223903270498,83205.82163002338
55,24,1,PALADIN,1824.2399012590695,82386.66993374581
56,24,1,WARRIOR,1853.7568079915811,83262.99114430601
56,24,1,ROGUE,1867.894980931457,82641.0675256611
56,24,1,RANGER,1857.6702566967829,83138.41150938392
56,24,1,MAGE,1870.8969440890828,82570.33814746795
56,24,1,CLERIC,1868.7857365254965,85086.71480746321
56,24,1,PALADIN,1886.3141520262182,84257.26393680311
57,24,1,WARRIOR,1916.347945625392,85009.79904087071
57,24,1,ROGUE,1931.6981458268995,84360.03431853103
57,24,1,RANGER,1920.9129681854295,84857.72579872806
57,24,1,MAGE,1934.8404420178344,84268.60024693298
57,24,1,CLERIC,1933.5136935014036,86858.87686079534
57,24,1,PALADIN,1951.6270278310237,86013.02265041912
58,24,1,WARRIOR,1980.093994601027,86767.64614758501
58,24,1,ROGUE,1996.6066419426093,86073.21574508706
58,24,1,RANGER,1985.2735806086387,86593.18235363613
58,24,1,MAGE,1999.8470029007717,85987.61452154568
58,24,1,CLERIC,1999.4914864313305,88649.32084750215
58,24,1,PALADIN,2018.222732981861,87780.88546289912
59,24,1,WARRIOR,2044.6725708758743,88541.54411014021
59,24,1,ROGUE,2062.5015527469122,87787.6616668991
59,24,1,RANGER,2050.568675294615,88328.77797861466
59,24,1,MAGE,2065.810519996667,87698.37725136199
59,24,1,CLERIC,2066.4347685384814,90433.1972971834
59,24,1,PALADIN,2085.8778760535924,89561.51089652776
60,24,1,WARRIOR,2110.0411578202575,90325.70323622823
60,24,1,ROGUE,2129.268647629936,89528.16717124327
60,24,1,RANGER,2116.7468793666244,90077.0788815584
60,24,1,MAGE,2132.6381727340354,89430.98086840138
60,24,1,CLERIC,2134.2937712479516,92242.3358617057
60,24,1,PALADIN,2154.4749013499977,91351.42871781695
61,24,1,WARRIOR,2175.9607594508298,92115.29404514031
61,24,1,ROGUE,2196.5849171401487,91277.08152687257
61,24,1,RANGER,2183.449432348913,91839.90499920855
61,24,1,MAGE,2200.0312877058427,91176.43746520218
61,24,1,CLERIC,2202.835635518444,94064.92875998557
61,24,1,PALADIN,2223.772474153408,93146.30862420263
62,24,1,WARRIOR,2239.8326126312977,93842.48978122186
62,24,1,ROGUE,2261.9850753455357,92949.4628320581
62,24,1,RANGER,2248.155070289431,93540.53178610427
62,24,1,MAGE,2265.450722975089,92856.55779956383
62,24,1,CLERIC,2269.3789154600927,95819.907384622
62,24,1,PALADIN,2291.0736518525423,94876.99574792646
63,24,1,WARRIOR,2306.4646059788593,95653.54208258862
63,24,1,ROGUE,2330.3207293514497,94693.09646763226
63,24,1,RANGER,2315.7228215805917,95295.55764121054
63,24,1,MAGE,2333.7570690157313,94589.74840646192
63,24,1,CLERIC,2338.773897755761,97639.33055120292
63,24,1,PALADIN,2361.407655413709,96689.20465259472
64,24,1,WARRIOR,2373.936074503096,97464.45649275981
64,24,1,ROGUE,2399.54185821609,96434.77142633843
64,24,1,RANGER,2384.2055538922946,97078.79612021738
64,24,1,MAGE,2402.9937662723605,96353.72061708338
64,24,1,CLERIC,2409.2012720106295,99490.73684074597
64,24,1,PALADIN,2432.8112111072214,98499.46901179367
65,24,1,WARRIOR,2442.2375218550096,99277.59007581667
65,24,1,ROGUE,2469.7676644118505,98182.4703064715
65,24,1,RANGER,2453.6346267027684,98868.01866196792
65,24,1,MAGE,2473.269446181726,98112.20844219756
65,24,1,CLERIC,2480.68332943287,101340.42327864283
65,24,1,PALADIN,2505.241437677167,100308.2486265273
66,24,1,WARRIOR,2510.9397296714933,101120.46990798092
66,24,1,ROGUE,2540.505344205587,99961.51162571584
66,24,1,RANGER,2523.5348203446306,100666.61667969661
66,24,1,MAGE,2543.994222151645,99884.14275862026
66,24,1,CLERIC,2552.7047323887664,103204.13015059891
66,24,1,PALADIN,2578.2864284677567,102143.89929865523
67,24,1,WARRIOR,2579.8708805576575,102946.36000546321
67,24,1,ROGUE,2611.5949668842836,101719.58910398322
67,24,1,RANGER,2593.762931831087,102447.55302768154
67,24,1,MAGE,2615.0920526248065,101636.83119040608
67,24,1,CLERIC,2625.0832599567184,105051.69953334997
67,24,1,PALADIN,2651.7530177319168,103959.07199185083
68,24,1,WARRIOR,2646.900506487241,104734.2181007801
68,24,1,ROGUE,2680.800670693505,103400.21515038321
68,24,1,RANGER,2662.133246077033,104179.23312861656
68,24,1,MAGE,2684.331185288144,103342.62574709926
68,24,1,CLERIC,2695.637927036034,106852.1672731494
68,24,1,PALADIN,2723.3554256450757,105734.22161993175
69,24,1,WARRIOR,2716.392641020986,106563.76723808229
69,24,1,ROGUE,2752.684959750734,105153.3600992651
69,24,1,RANGER,2733.1039313441124,105958.76182344061
69,24,1,MAGE,2756.1659956128487,105094.22927485655
69,24,1,CLERIC,2768.9138247854753,108699.12589671102
69,24,1,PALADIN,2797.735358111395,107548.1637327256
70,24,1,WARRIOR,2786.64382068733,108412.60529323219
70,24,1,ROGUE,2825.512809022279,106905.14593420776
70,24,1,RANGER,2805.028212697899,107742.27158639599
70,24,1,MAGE,2828.9056356269275,106853.5286024168
70,24,1,CLERIC,2843.1333146824045,110556.03104390907
70,24,1,PALADIN,2873.1330121136575,109379.01951894327
71,24,1,WARRIOR,2857.1603245254005,110279.60858386155
71,24,1,ROGUE,2898.814538623896,108690.15096152682
71,24,1,RANGER,2877.241522730807,109556.91008981451
71,24,1,MAGE,2902.0912687961973,108640.32056468766
71,24,1,CLERIC,2917.7993837717877,112445.10692280048
71,24,1,PALADIN,2948.996953359455,111227.08294979336
72,24,1,WARRIOR,2928.418597773619,112163.92168104644
72,24,1,ROGUE,2973.02250853776,110467.98441042771
72,24,1,RANGER,2950.3511453362407,111375.00660961196
72,24,1,MAGE,2976.099964242725,110435.24212017853
72,24,1,CLERIC,2993.40866507535,114341.49273312949
72,24,1,PALADIN,3025.895100342451,113086.16366898296
73,24,1,WARRIOR,2997.9125573968045,113974.96913125415
73,24,1,ROGUE,3045.543018762777,112182.51380628823
73,24,1,RANGER,3021.8287773907373,113129.3423399006
73,24,1,MAGE,3048.461382560749,112168.0812142241
73,24,1,CLERIC,3067.388752142686,116173.76858853515
73,24,1,PALADIN,3101.1235234801975,114870.71471526785
74,24,1,WARRIOR,3072.1907622884983,115782.3469952863
74,24,1,ROGUE,3123.33256365689,113872.5153946081
74,24,1,RANGER,3098.372280231909,114858.9085454777
74,24,1,MAGE,3125.784935471483,113880.97465071027
74,24,1,CLERIC,3146.559568099718,117983.26011803471
74,24,1,PALADIN,3181.7605366023013,116640.45714021871
75,24,1,WARRIOR,3147.1058416845603,117599.08035120206
75,24,1,ROGUE,3201.9409260068446,115573.72836169212
75,24,1,RANGER,3175.6606791470067,116606.56658600082
75,24,1,MAGE,3203.987092280174,115598.35115828
75,24,1,CLERIC,3226.6189183534043,119802.85787351885
75,24,1,PALADIN,3263.3043997398204,118418.8076641916
76,24,1,WARRIOR,3222.2265323387915,119446.38474739385
76,24,1,ROGUE,3280.9567156122857,117295.08946849422
76,24,1,RANGER,3253.3649036401193,118386.40226202704
76,24,1,MAGE,3282.601800632767,117358.05462704605
76,24,1,CLERIC,3307.1632894357867,121665.38940571793
76,24,1,PALADIN,3345.326126346598,120224.5144598887
77,24,1,WARRIOR,3298.127826555142,121300.8576688079
77,24,1,ROGUE,3360.9773802362133,119036.88560658564
77,24,1,RANGER,3331.941601534583,120167.76969187954
77,24,1,MAGE,3362.1267858006754,119114.53460540094
77,24,1,CLERIC,3388.6726286841695,123527.6627068403
77,24,1,PALADIN,3428.459923075497,122033.59992894011
78,24,1,WARRIOR,3371.4448919035444,123095.57945293363
78,24,1,ROGUE,3438.450079657238,120703.20022760735
78,24,1,RANGER,3407.989163565042,121888.94080958897
78,24,1,MAGE,3439.048781162054,120812.7834361829
78,24,1,CLERIC,3467.5781007457417,125330.22198736807
78,24,1,PALADIN,3508.9909700032636,123783.28128031519
79,24,1,WARRIOR,3447.1958006777913,124952.16087386406
79,24,1,ROGUE,3518.6770462361997,122424.91956907013
79,24,1,RANGER,3486.689432610918,123667.8548222786
79,24,1,MAGE,3518.6948776875356,122565.32624062816
79,24,1,CLERIC,3549.3549950557795,127188.08304715813
79,24,1,PALADIN,3592.4205273175467,125589.43547093241
80,24,1,WARRIOR,3523.63750950932,126827.4856895628
80,24,1,ROGUE,3599.7404786847223,124160.51577787784
80,24,1,RANGER,3566.1161363281917,125447.92269037562
80,24,1,MAGE,3599.152888813123,124319.9443932354
80,24,1,CLERIC,3631.99120481598,129051.48467622681
80,24,1,PALADIN,3676.8187169152616,127411.3925327085
81,24,1,WARRIOR,3600.2643086398416,128722.47718045539
81,24,1,ROGUE,3681.2518386027127,125916.32385124764
81,24,1,RANGER,3645.9644509077452,127256.67366202196
81,24,1,MAGE,3680.0533236451824,126104.31081072673
81,24,1,CLERIC,3715.077834450089,130950.78821128151
81,24,1,PALADIN,3761.6868764796122,129248.93922989315
82,24,1,WARRIOR,3677.54304064601,130646.13421984622
82,24,1,ROGUE,3763.5950954436717,127682.71665814008
82,24,1,RANGER,3726.5920533600242,129072.71834766903
82,24,1,MAGE,3761.826838250687,127894.76189013738
82,24,1,CLERIC,3799.0397859290465,132858.70525940493
82,24,1,PALADIN,3847.589163041028,131108.73993074527
83,24,1,WARRIOR,3752.477154354125,132504.45993336936
83,24,1,ROGUE,3843.753807889121,129405.25485896268
83,24,1,RANGER,3805.040216166696,130836.31920559183
83,24,1,MAGE,3841.302980524364,129627.23080867944
83,24,1,CLERIC,3880.7357684463827,134704.91182379055
83,24,1,PALADIN,3931.1943201594086,132898.64062642286
84,24,1,WARRIOR,3830.0315590108135,134448.31078833053
84,24,1,ROGUE,3926.8356686152215,131185.013958494
84,24,1,RANGER,3886.268771965052,132660.2097831272
84,24,1,MAGE,3923.635114859539,131426.20995058055
84,24,1,CLERIC,3965.4774155007067,136624.17169045744
84,24,1,PALADIN,4018.0090108718127,134768.90898510124
85,24,1,WARRIOR,3908.184859984391,136405.15419212516
85,24,1,ROGUE,4010.7903614712454,132974.6412479813
85,24,1,RANGER,3968.2548396736106,134500.3371605286
85,24,1,MAGE,4006.8405009759135,133236.13798577036
85,24,1,CLERIC,4051.086946225436,138558.84086195662
85,24,1,PALADIN,4105.787291553929,136647.8383826988
86,24,1,WARRIOR,3986.5021983080687,138393.1483022013
86,24,1,ROGUE,4095.0571696504717,134792.30950141136
86,24,1,RANGER,4050.5133568277624,136378.0681975392
86,24,1,MAGE,4090.3284270872473,135084.37808830608
86,24,1,CLERIC,4136.981646336268,140538.3322651177
86,24,1,PALADIN,4193.962992476052,138555.3024025207
87,24,1,WARRIOR,4065.4428146262217,140409.21565083726
87,24,1,ROGUE,4180.249773842853,136629.02968414128
87,24,1,RANGER,4133.619458395016,138257.25245204373
87,24,1,MAGE,4174.578899747956,136931.90332251546
87,24,1,CLERIC,4223.832591439691,142514.30480340685
87,24,1,PALADIN,4283.166204930013,140486.44027808213
88,24,1,WARRIOR,4142.205304556538,142331.3005457412
88,24,1,ROGUE,4263.327618629705,138344.31424767504
88,24,1,RANGER,4214.59830644446,140043.78018896686
88,24,1,MAGE,4256.573141815457,138700.34261250717
88,24,1,CLERIC,4308.412483272203,144407.36926956673
88,24,1,PALADIN,4370.178361931551,142320.07614789926
89,24,1,WARRIOR,4223.289035121978,144243.76350905036
89,24,1,ROGUE,4351.384325750594,140063.41307139522
89,24,1,RANGER,4300.271721953558,141819.40597185044
89,24,1,MAGE,4343.165965051536,140456.65790721434
89,24,1,CLERIC,4397.933658941109,146286.88134131653
89,24,1,PALADIN,4462.405721944619,144132.36528439587
90,24,1,WARRIOR,4304.9157357215645,146186.0932092129
90,24,1,ROGUE,4440.3466535054185,141787.15395237817
90,24,1,RANGER,4386.670265092355,143618.0686011138
90,24,1,MAGE,4430.568764496672,142240.0767396945
90,24,1,CLERIC,4488.202889185969,148201.74797359502
90,24,1,PALADIN,4555.566366763613,145969.62481471084
91,24,1,WARRIOR,4386.616421916045,148143.64431108616
91,24,1,ROGUE,4529.463955752357,143530.06203678116
91,24,1,RANGER,4473.247646120162,145451.09192128602
91,24,1,MAGE,4518.123190705073,144050.20763686483
91,24,1,CLERIC,4578.769954552328,150144.24897651694
91,24,1,PALADIN,4649.04744279337,147820.0808512472
92,24,1,WARRIOR,4468.028774741143,150101.54095613558
92,24,1,ROGUE,4618.454434560872,145283.20718699435
92,24,1,RANGER,4559.680682763627,147272.7850030044
92,24,1,MAGE,4605.561302259569,145850.1312549985
92,24,1,CLERIC,4669.272656228075,152075.79988188535
92,24,1,PALADIN,4742.486080607782,149667.29020088867
93,24,1,WARRIOR,4548.529530014288,152045.7127680399
93,24,1,ROGUE,4706.6507905257895,147009.56712261288
93,24,1,RANGER,4645.115478942462,149088.73905060958
93,24,1,MAGE,4692.099670366953,147642.0060538318
93,24,1,CLERIC,4758.852948629982,154001.8256969855
93,24,1,PALADIN,4835.018388377345,151503.31703202426
94,24,1,WARRIOR,4631.2335209646935,154054.7394706593
94,24,1,ROGUE,4797.388675889934,148774.02536706094
94,24,1,RANGER,4733.01974010803,150948.2437572071
94,24,1,MAGE,4781.0671463699555,149473.5121880887
94,24,1,CLERIC,4850.981809228417,155974.37883566238
94,24,1,PALADIN,4930.378629430416,153398.9336382617
95,24,1,WARRIOR,4714.513225644417,156076.72489866047
95,24,1,ROGUE,4888.902662281109,150555.47582104377
95,24,1,RANGER,4821.662677058062,152813.2086455013
95,24,1,MAGE,4870.773249940891,151318.1721216327
95,24,1,CLERIC,4943.997451525079,157959.34529084346
95,24,1,PALADIN,5026.653078544926,155305.14159751413
96,24,1,WARRIOR,4797.885757906149,158115.7213883039
96,24,1,ROGUE,4980.630839517304,152366.4103031669
96,24,1,RANGER,4910.415892212864,154715.15825773292
96,24,1,MAGE,4960.754950584945,153189.6966555247
96,24,1,CLERIC,5037.279875154967,159977.3294262727
96,24,1,PALADIN,5123.273872108848,157227.37976887255
97,24,1,WARRIOR,4878.5656791960055,160119.6777504972
97,24,1,ROGUE,5069.547141761901,154130.58765904623
97,24,1,RANGER,4996.379576306147,156569.32056808303
97,24,1,MAGE,5047.920457535161,155013.06646124972
97,24,1,CLERIC,5127.712788725536,161943.18148548075
97,24,1,PALADIN,5216.96879946741,159118.0590029108
98,24,1,WARRIOR,4961.546059675334,162167.84497666245
98,24,1,ROGUE,5160.915874453804,155953.63566843283
98,24,1,RANGER,5084.672939708859,158478.02807177985
98,24,1,MAGE,5137.476390976852,156894.500511123
98,24,1,CLERIC,5220.675458832677,163975.36694493404
98,24,1,PALADIN,5313.475316756887,161050.82936280695
99,24,1,WARRIOR,5045.0811212112085,164232.4865608068
99,24,1,ROGUE,5253.007703496406,157781.10324506724
99,24,1,RANGER,5173.66719755376,160393.02703503228
99,24,1,MAGE,5227.641120285361,158784.1416593244
99,24,1,CLERIC,5314.387911976355,166015.35504667266
99,24,1,PALADIN,5410.732991841924,162999.1482701622
100,24,1,WARRIOR,5129.223694407151,166315.47903490296
100,24,1,ROGUE,5345.878068997823,159620.03147313974
100,24,1,RANGER,5263.290926716034,162324.32706234
100,24,1,MAGE,5318.502961378783,160689.75906256592
100,24,1,CLERIC,5408.860205057732,168074.6351305999
100,24,1,PALADIN,5508.8655908323135,164966.58340146506
20,24,5,WARRIOR,50.07860967120961,128512.02049644582
20,24,5,ROGUE,50.03864867960796,128792.5779883489
20,24,5,RANGER,50.19107317835489,128245.68503699363
20,24,5,MAGE,50.33961180735469,127902.74932273742
20,24,5,CLERIC,49.72726692117503,130563.40921152286
20,24,5,PALADIN,50.19720013587417,129272.72551925557
21,24,5,WARRIOR,55.367523526403716,135432.27075930324
21,24,5,ROGUE,55.31360860901597,135849.84331098554
21,24,5,RANGER,55.495441325463524,135077.10626242845
21,24,5,MAGE,55.654844492108445,134776.15593847528
21,24,5,CLERIC,55.00438313811007,137585.81486129956
21,24,5,PALADIN,55.49986893115847,136306.50320784628
22,24,5,WARRIOR,60.86354021348848,142495.46250643424
22,24,5,ROGUE,60.81582208025717,142869.91674688974
22,24,5,RANGER,61.01487289391118,142110.54557265635
22,24,5,MAGE,61.17733541418589,141747.07232327727
22,24,5,CLERIC,60.495772520254874,144693.6353621941
22,24,5,PALADIN,61.03431017876348,143424.36511301532
23,24,5,WARRIOR,66.59930744141063,149521.0931248849
23,24,5,ROGUE,66.5874331650371,149830.4188310191
23,24,5,RANGER,66.77719728742039,149088.52635202577
23,24,5,MAGE,66.96008449019799,148692.84179976638
23,24,5,CLERIC,66.23617065496063,151807.2559610893
23,24,5,PALADIN,66.800403890801,150544.48834529964
24,24,5,WARRIOR,72.58195933154805,156637.78288991965
24,24,5,ROGUE,72.58873343295478,156877.01226413948
24,24,5,RANGER,72.76701703359838,156228.12317221946
24,24,5,MAGE,72.97943402894471,155819.84621845436
24,24,5,CLERIC,72.20283106191309,159130.42751949356
24,24,5,PALADIN,72.81468902887384,157759.37730702772
25,24,5,WARRIOR,78.79438204928029,163904.64699529888
25,24,5,ROGUE,78.85176844984228,163997.96500094686
25,24,5,RANGER,79.01173101774489,163307.35270313377
25,24,5,MAGE,79.24318937909443,162875.55326369798
25,24,5,CLERIC,78.4126570722264,166382.71230220876
25,24,5,PALADIN,79.0780168234893,165096.53013480728
26,24,5,WARRIOR,85.2274565039862,171090.06340953047
26,24,5,ROGUE,85.32156881603203,171176.61838228756
26,24,5,RANGER,85.4561263420038,170554.97948350184
26,24,5,MAGE,85.71582659884623,170035.39723428604
26,24,5,CLERIC,84.83838145211224,173740.60681862544
26,24,5,PALADIN,85.55024589323345,172397.28136966738
27,24,5,WARRIOR,91.8676743237671,178441.3777279977
27,24,5,ROGUE,92.01310871268811,178308.21721533255
27,24,5,RANGER,92.11485410160388,177907.03963905707
27,24,5,MAGE,92.37353471479668,177401.4953319205
27,24,5,CLERIC,91.45407953465755,181322.08286253453
27,24,5,PALADIN,92.24047521569443,179847.48993007568
28,24,5,WARRIOR,98.7601558368081,185824.03279947207
28,24,5,ROGUE,98.94635470712583,185567.35103428402
28,24,5,RANGER,99.00771804600718,185243.24908162694
28,24,5,MAGE,99.3114013197072,184685.20928885907
28,24,5,CLERIC,98.35297361133978,188795.20941966827
28,24,5,PALADIN,99.19504311006469,187330.14188402102
29,24,5,WARRIOR,105.86026310597597,193195.6267152473
29,24,5,ROGUE,106.12304828414976,192954.2588163515
29,24,5,RANGER,106.14862964873004,192628.8774774082
29,24,5,MAGE,106.50932753542048,191983.53478196406
29,24,5,CLERIC,105.4906588592846,196351.0523015087
29,24,5,PALADIN,106.37869133165312,194769.74714704853
30,24,5,WARRIOR,113.21561117601564,200557.5215214688
30,24,5,ROGUE,113.52658954177242,200193.45603734034
30,24,5,RANGER,113.51694262542453,200125.62364775935
30,24,5,MAGE,113.92563462014306,199379.01334265553
30,24,5,CLERIC,112.88341247277476,203928.46363102284
30,24,5,PALADIN,113.80767873536541,202225.6698163215
31,24,5,WARRIOR,120.78348061751119,207995.7033160522
31,24,5,ROGUE,121.14859420128552,207608.3283575825
31,24,5,RANGER,121.10357256604759,207555.56559895418
31,24,5,MAGE,121.56008719131829,206752.8790140171
31,24,5,CLERIC,120.47278258334548,211551.2572922283
31,24,5,PALADIN,121.46818690165313,209741.6648741735
32,24,5,WARRIOR,128.6056058977529,215412.67870177698
32,24,5,ROGUE,128.9992217900029,215022.41100844843
32,24,5,RANGER,128.92541146599348,215045.82279198666
32,24,5,MAGE,129.40972160457784,214244.40456426438
32,24,5,CLERIC,128.25514982619487,219327.31191004973
32,24,5,PALADIN,129.3971749238574,217232.6889403935
33,24,5,WARRIOR,136.63572386001607,222965.63959884757
33,24,5,ROGUE,137.08406051378827,222593.76389664804
33,24,5,RANGER,136.97981460427505,222578.79172256132
33,24,5,MAGE,137.4745092417788,221792.32794259564
33,24,5,CLERIC,136.27342650641503,227134.6603003552
33,24,5,PALADIN,137.5207874981413,224902.94149470332
34,24,5,WARRIOR,144.86695714422783,230566.8958846553
34,24,5,ROGUE,145.35691327664466,230225.27314410845
34,24,5,RANGER,145.207506075882,230258.45454592083
34,24,5,MAGE,145.7317702186386,229422.766822494
34,24,5,CLERIC,144.50241068266126,234997.81743831187
34,24,5,PALADIN,145.84585134663374,232635.3183805054
35,24,5,WARRIOR,153.32802349029132,238264.8099374557
35,24,5,ROGUE,153.86656761054354,237774.0012378948
35,24,5,RANGER,153.6457387187769,237986.74790732318
35,24,5,MAGE,154.22860251669326,237098.8472844526
35,24,5,CLERIC,152.9727320809268,242928.6660732487
35,24,5,PALADIN,154.40419038270375,240477.33926759643
36,24,5,WARRIOR,161.96189838448964,246033.74596105667
36,24,5,ROGUE,162.55478211502535,245424.88987970786
36,24,5,RANGER,162.23671152184139,245743.59550632667
36,24,5,MAGE,162.87870125011574,244782.38257361884
36,24,5,CLERIC,161.60274186297292,250863.11095436141
36,24,5,PALADIN,163.14574461157227,248391.5714227311
37,24,5,WARRIOR,170.76071086534847,253907.44396226498
37,24,5,ROGUE,171.40529241305381,253143.24722213487
37,24,5,RANGER,171.05407990582103,253565.63381230397
37,24,5,MAGE,171.72563161858952,252629.2542417631
37,24,5,CLERIC,170.42468826753463,258980.0640750703
37,24,5,PALADIN,172.07744051921338,256390.767606599
38,24,5,WARRIOR,179.79041412045703,261802.2982775048
38,24,5,ROGUE,180.52500006861493,260893.5219199491
38,24,5,RANGER,180.11402426426815,261505.5900277504
38,24,5,MAGE,180.79584024570482,260609.09918318412
38,24,5,CLERIC,179.50901775452712,267193.7720036373
38,24,5,PALADIN,181.23671971861216,264439.09869318944
39,24,5,WARRIOR,188.99651853290774,269685.5259327185
39,24,5,ROGUE,189.7586981140833,268892.1615035738
39,24,5,RANGER,189.29166538940078,269547.8180195513
39,24,5,MAGE,190.0482531725627,268542.0795668122
39,24,5,CLERIC,188.7577289576004,275387.6578302991
39,24,5,PALADIN,190.58751266854307,272469.5696764348
40,24,5,WARRIOR,198.4803108125354,277635.1056531081
40,24,5,ROGUE,199.25046307826057,276881.4371128016
40,24,5,RANGER,198.7436821165719,277480.45107745146
40,24,5,MAGE,199.57314597261487,276421.6353164561
40,24,5,CLERIC,198.27363912222808,283552.88302012696
40,24,5,PALADIN,200.20654342799727,280593.49878443655
41,24,5,WARRIOR,208.0632840373751,285738.90553328226
41,24,5,ROGUE,208.92516913205736,284927.42579700024
41,24,5,RANGER,208.31424172690288,285627.89355758094
41,24,5,MAGE,209.23009671757433,284453.6287259715
41,24,5,CLERIC,207.9580576560731,291844.2602516181
41,24,5,PALADIN,209.96801086538989,288821.39950774825
42,24,5,WARRIOR,217.8503781609111,293798.8089133566
42,24,5,ROGUE,218.7890877490259,292945.6078998865
42,24,5,RANGER,218.09398072599953,293712.2813374538
42,24,5,MAGE,219.07327386043943,292492.2512607375
42,24,5,CLERIC,217.8374694194385,300130.2446922656
42,24,5,PALADIN,219.9553067709728,296994.0536852776
43,24,5,WARRIOR,227.86847493536953,301953.9394688775
43,24,5,ROGUE,228.844720205832,301028.4782320462
43,24,5,RANGER,228.07797473753328,301981.59759512125
43,24,5,MAGE,229.1383066228774,300671.61899031606
43,24,5,CLERIC,227.92689334377917,308612.49233501137
43,24,5,PALADIN,230.15369643753655,305310.9015851534
44,24,5,WARRIOR,238.03687266351966,310283.7681660538
44,24,5,ROGUE,239.07269147279976,309217.6849312411
44,24,5,RANGER,238.24874749313483,310273.0031230493
44,24,5,MAGE,239.3947081042131,308851.0190890004
44,24,5,CLERIC,238.20928238707327,317083.9452837328
44,24,5,PALADIN,240.52994129714747,313781.9213607195
45,24,5,WARRIOR,248.3754411645964,318554.127187507
45,24,5,ROGUE,249.53557021093803,317283.9452129921
45,24,5,RANGER,248.585678825209,318515.6899391364
45,24,5,MAGE,249.82263342669427,316980.2603103072
45,24,5,CLERIC,248.66598576532473,325515.8204523819
45,24,5,PALADIN,251.08271664006006,322195.1590099724
46,24,5,WARRIOR,258.8264025730306,326849.47530084377
46,24,5,ROGUE,260.0971044319899,325567.01009773003
46,24,5,RANGER,259.0543575062623,326870.33187794586
46,24,5,MAGE,260.3849766469969,325218.0683212111
46,24,5,CLERIC,259.2579428640767,334076.13202967023
46,24,5,PALADIN,261.7606351376288,330644.6148004408
47,24,5,WARRIOR,269.45799305626207,335312.3768948084
47,24,5,ROGUE,270.81530436347083,333883.49774037546
47,24,5,RANGER,269.68302766811274,335296.8104143385
47,24,5,MAGE,271.1353131494829,333536.08438913326
47,24,5,CLERIC,270.0463996757262,342731.59394511045
47,24,5,PALADIN,272.6301214134283,339266.59298675804
48,24,5,WARRIOR,280.23944656565743,343852.8218668299
48,24,5,ROGUE,281.73800235800934,342278.7838538054
48,24,5,RANGER,280.4885545892865,343712.41485652537
48,24,5,MAGE,282.05409003094604,341854.11139374354
48,24,5,CLERIC,280.99330841089,351393.9399781569
48,24,5,PALADIN,283.67575767471715,347958.90780940495
49,24,5,WARRIOR,291.17244294413126,352431.7759946463
49,24,5,ROGUE,292.82040208752863,350702.8918763777
49,24,5,RANGER,291.44575764490617,352318.85198722384
49,24,5,MAGE,293.1565298429789,350308.20434907515
49,24,5,CLERIC,292.1057272502147,360253.1467907829
49,24,5,PALADIN,294.9034779012,356662.18167741725
50,24,5,WARRIOR,302.28204489020777,361159.7679483495
50,24,5,ROGUE,304.0658299437099,359257.2526407279
50,24,5,RANGER,302.59504913782433,360970.86642270023
50,24,5,MAGE,304.45188776640697,358827.0742102263
50,24,5,CLERIC,303.4271148861698,369156.013107204
50,24,5,PALADIN,306.32963772784046,365523.5933683333
51,24,5,WARRIOR,313.47440629435437,369982.69650152547
51,24,5,ROGUE,315.4044645212909,367982.8483916889
51,24,5,RANGER,313.8417546579392,369791.9696870524
51,24,5,MAGE,315.833916418746,367499.1291819059
51,24,5,CLERIC,314.8677887677778,378200.707560552
51,24,5,PALADIN,317.8476541736682,374487.23920725705
52,24,5,WARRIOR,324.8227312503544,378853.94181404205
52,24,5,ROGUE,326.94231016247363,376659.2070977379
52,24,5,RANGER,325.2570751366325,378627.8725013656
52,24,5,MAGE,327.3774418374785,376238.0298980611
52,24,5,CLERIC,326.4888697573263,387309.08508914785
52,24,5,PALADIN,329.5787256133057,383462.46015218453
53,24,5,WARRIOR,336.3254089424498,387846.3190906894
53,24,5,ROGUE,338.62222610184386,385452.48861114046
53,24,5,RANGER,336.8319315536833,387511.86058260355
53,24,5,MAGE,339.0873221931538,384990.961452512
53,24,5,CLERIC,338.2882738926334,396432.4873925828
53,24,5,PALADIN,341.4877227586198,392540.7816776815
54,24,5,WARRIOR,347.9820029056677,396871.1574070621
54,24,5,ROGUE,350.4651362847749,394200.55647915165
54,24,5,RANGER,348.5756581987852,396476.0657030343
54,24,5,MAGE,350.9665578436235,393842.5724925841
54,24,5,CLERIC,350.2766819642391,405653.24785737955
54,24,5,PALADIN,353.569337116024,401659.33514873177
55,24,5,WARRIOR,359.8267043154419,405904.53664456407
55,24,5,ROGUE,362.4818914967125,403061.1605775211
55,24,5,RANGER,360.5126245256055,405427.4273122406
55,24,5,MAGE,363.02794971096233,402704.9573356456
55,24,5,CLERIC,362.46784927447413,414877.47048049734
55,24,5,PALADIN,365.8607435557745,410793.0497388502
56,24,5,WARRIOR,371.780511804002,415162.52677835635
56,24,5,ROGUE,374.6159954817426,412061.51662449015
56,24,5,RANGER,372.56537417444144,414541.3528893504
56,24,5,MAGE,375.2180547132165,411708.84868685575
56,24,5,CLERIC,374.79464112135224,424255.9032441331
56,24,5,PALADIN,378.3100554722949,420120.1291797
57,24,5,WARRIOR,384.33348805394746,423872.388989255
57,24,5,ROGUE,387.41205006521443,420632.55866091076
57,24,5,RANGER,385.24902692962456,423114.12759850227
57,24,5,MAGE,388.04225381204304,420176.65382640297
57,24,5,CLERIC,387.77616753775544,433092.18531628407
57,24,5,PALADIN,391.4088903838764,428874.621589114
58,24,5,WARRIOR,397.1180877444113,432637.2944590658
58,24,5,ROGUE,400.4297845394963,429174.75394003605
58,24,5,RANGER,398.1568804968055,431767.3902131129
58,24,5,MAGE,401.0796556823894,428747.9326143505
58,24,5,CLERIC,401.00835501641535,442019.62401816814
58,24,5,PALADIN,404.7650033530589,437689.466962068
59,24,5,WARRIOR,410.0696550889158,441482.2320509067
59,24,5,ROGUE,413.6453495793599,437723.2541937772
59,24,5,RANGER,411.25214931307676,440421.34625323093
59,24,5,MAGE,414.3089800687278,437278.06788654893
59,24,5,CLERIC,414.43417634116656,450914.315935091
59,24,5,PALADIN,418.3335920745929,446567.9487954895
60,24,5,WARRIOR,423.17966315756723,450378.3334373872
60,24,5,ROGUE,427.0358356454208,446401.69167391554
60,24,5,RANGER,424.5245302824112,449138.6528315766
60,24,5,MAGE,427.71161132556296,445917.1052988456
60,24,5,CLERIC,428.0436501670076,459934.9687775706
60,24,5,PALADIN,432.0910801458358,455492.7639528519
61,24,5,WARRIOR,436.4001800702913,459301.5180589868
61,24,5,ROGUE,440.5364615222087,455122.0570249946
61,24,5,RANGER,437.9020721365967,457928.3844424205
61,24,5,MAGE,441.2276489569664,454620.22971403576
61,24,5,CLERIC,441.7900754093202,469022.70706968586
61,24,5,PALADIN,445.98906664145375,464442.32085631834
62,24,5,WARRIOR,449.2100104444447,467913.5909160579
62,24,5,ROGUE,453.6528013704788,463460.8164048294
62,24,5,RANGER,450.8791223550628,466407.9802898833
62,24,5,MAGE,454.3478549200561,462997.5771251607
62,24,5,CLERIC,455.1356742317604,477773.30983128137
62,24,5,PALADIN,459.48666577750504,473071.80232789624
63,24,5,WARRIOR,462.5734011990911,476943.78595505265
63,24,5,ROGUE,467.35787007811854,472154.8512451838
63,24,5,RANGER,464.43018420318595,475158.81855011906
63,24,5,MAGE,468.0470457637379,471639.541362324
63,24,5,CLERIC,469.0531967046598,486845.24333662086
63,24,5,PALADIN,473.5925138199598,482107.76437504834
64,24,5,WARRIOR,476.10515304052365,485973.29344659834
64,24,5,ROGUE,481.2405253465996,480839.11981091235
64,24,5,RANGER,478.1647502254498,484050.3294437136
64,24,5,MAGE,481.9328233537212,480434.98757514585
64,24,5,CLERIC,483.17777072246497,496076.64978378866
64,24,5,PALADIN,487.9128660721631,491134.0306089781
65,24,5,WARRIOR,489.8033614268549,495013.86608737643
65,24,5,ROGUE,495.3246738480394,489553.4246077005
65,24,5,RANGER,492.0891097273422,492971.67782662896
65,24,5,MAGE,496.0269742862727,489203.0877688811
65,24,5,CLERIC,497.51386690222023,505299.4807769008
65,24,5,PALADIN,502.43912247654487,500152.8936706778
66,24,5,WARRIOR,503.58194439629534,504202.75826090144
66,24,5,ROGUE,509.51148124595045,498424.0077946593
66,24,5,RANGER,506.107954947674,501939.7738250617
66,24,5,MAGE,510.2111937556041,498038.23430855287
66,24,5,CLERIC,511.9581316171779,514592.2198858583
66,24,5,PALADIN,517.0886730237208,509305.74010159925
67,24,5,WARRIOR,517.4064430820006,513306.93691305374
67,24,5,ROGUE,523.7688726089923,507190.06193370186
67,24,5,RANGER,520.1925657870812,510819.8059269519
67,24,5,MAGE,524.4702312342602,506777.41780406644
67,24,5,CLERIC,526.4740195194252,523804.4949050425
67,24,5,PALADIN,531.8227773244439,518356.4800700937
68,24,5,WARRIOR,530.8495811067403,522221.48194887233
68,24,5,ROGUE,537.648434302861,515569.9309055441
68,24,5,RANGER,533.9045857850538,519454.2385409567
68,24,5,MAGE,538.35649725765,515282.78097429074
68,24,5,CLERIC,540.6241227712794,532781.9136353229
68,24,5,PALADIN,546.1830104173675,527207.658665473
69,24,5,WARRIOR,544.7865879632651,531343.9051559743
69,24,5,ROGUE,552.0652001165594,524311.390667962
69,24,5,RANGER,548.1381236352868,528327.2518601314
69,24,5,MAGE,552.7633398557344,524016.5549656342
69,24,5,CLERIC,555.3199829028468,541991.1433119744
69,24,5,PALADIN,561.1002904192874,536252.2627642131
70,24,5,WARRIOR,558.8758252454118,540562.5059776733
70,24,5,ROGUE,566.6712018094646,533046.0736719494
70,24,5,RANGER,562.5629101108208,537220.1154186735
70,24,5,MAGE,567.3516507260111,532788.7014397322
70,24,5,CLERIC,570.205085317984,551249.9679386608
70,24,5,PALADIN,576.2216797368822,545381.2011307862
71,24,5,WARRIOR,573.0182746619297,549871.6815548253
71,24,5,ROGUE,581.3722426525371,541946.3928566095
71,24,5,RANGER,577.0456627822368,546268.1918319124
71,24,5,MAGE,582.0294078293553,541697.9305664876
71,24,5,CLERIC,585.1797514989913,560669.2009541714
71,24,5,PALADIN,591.4365853718825,554595.9395524297
72,24,5,WARRIOR,587.3094897686162,559267.166582657
72,24,5,ROGUE,596.2550346755119,550810.9534097798
72,24,5,RANGER,591.7081755740275,555333.5104652278
72,24,5,MAGE,596.8722343276527,550647.6951390217
72,24,5,CLERIC,600.3435837659792,570124.8824513481
72,24,5,PALADIN,606.858906314343,563865.611927351
73,24,5,WARRIOR,601.2468626562639,568297.3374330009
73,24,5,ROGUE,610.7993979336867,559359.869878413
73,24,5,RANGER,606.0433842234025,564080.907653276
73,24,5,MAGE,611.3846908813716,559287.906677152
73,24,5,CLERIC,615.1806727059238,579260.9015089244
73,24,5,PALADIN,621.9463555071318,572763.6674903149
74,24,5,WARRIOR,616.1437406671589,577309.2111425867
74,24,5,ROGUE,626.4004933357676,567786.4867945685
74,24,5,RANGER,621.3945794497027,572704.8000485583
74,24,5,MAGE,626.8923291819976,567828.6659919498
74,24,5,CLERIC,631.0587891608734,588283.314290962
74,24,5,PALADIN,638.1185253838062,581587.8849102258
75,24,5,WARRIOR,631.1683471525591,586367.7328238139
75,24,5,ROGUE,642.1658068119209,576269.0054297522
75,24,5,RANGER,636.895167434757,581418.9012125508
75,24,5,MAGE,642.5761760367593,576391.7786127387
75,24,5,CLERIC,647.1151057627577,597356.1183243621
75,24,5,PALADIN,654.4725687195058,590455.0236820073
76,24,5,WARRIOR,646.2341900388,595578.6865778358
76,24,5,ROGUE,658.0128319305693,584851.9858965406
76,24,5,RANGER,652.4791513893091,590293.4451888615
76,24,5,MAGE,658.342762236551,585165.9401992155
76,24,5,CLERIC,663.2686957994049,606642.9970022128
76,24,5,PALADIN,670.9224500445293,599458.5651788914
77,24,5,WARRIOR,661.4565870051603,604825.383739627
77,24,5,ROGUE,674.0613899294,593536.8586819721
77,24,5,RANGER,668.2381143952077,599175.6267335586
77,24,5,MAGE,674.2919091578037,593924.0289494214
77,24,5,CLERIC,679.6158151906488,615928.5880988127
77,24,5,PALADIN,687.5953627819699,608478.9532789021
78,24,5,WARRIOR,676.1607035115367,613774.152220337
78,24,5,ROGUE,689.5989403337556,601845.3686089348
78,24,5,RANGER,683.4898461278951,607757.6598844904
78,24,5,MAGE,689.7190130158458,602391.7679292025
78,24,5,CLERIC,695.4407155555305,624916.435584074
78,24,5,PALADIN,703.7462805905225,617203.142992852
79,24,5,WARRIOR,691.3529398999874,623031.3626963255
79,24,5,ROGUE,705.6888732562536,610430.1352907616
79,24,5,RANGER,699.2735919670752,616627.608300704
79,24,5,MAGE,705.6924494460081,611130.2253036166
79,24,5,CLERIC,711.8414944976545,634180.0265430965
79,24,5,PALADIN,720.4785096424505,626208.9152720192
80,24,5,WARRIOR,706.6837198113765,632382.0307220069
80,24,5,ROGUE,721.9465637334384,619084.0942419445
80,24,5,RANGER,715.2030280352861,625503.3100236376
80,24,5,MAGE,721.8287195468373,619879.0306942983
80,24,5,CLERIC,728.4146135959876,643471.2436624321
80,24,5,PALADIN,737.4050029066692,635293.4831821211
81,24,5,WARRIOR,722.0516205391494,641830.7599205405
81,24,5,ROGUE,738.2940883804191,627838.8327669476
81,24,5,RANGER,731.2170203416641,634522.030266345
81,24,5,MAGE,738.0537200093391,628776.1656687101
81,24,5,CLERIC,745.0780667287132,652941.4733995041
81,24,5,PALADIN,754.4257510774518,644455.7834957648
82,24,5,WARRIOR,737.5502697756398,651422.4201065688
82,24,5,ROGUE,754.8084542562254,636646.3484580619
82,24,5,RANGER,747.3873028598521,643577.1181279969
82,24,5,MAGE,754.4538211342461,637703.6397359445
82,24,5,CLERIC,761.9170701828552,662454.6514837458
82,24,5,PALADIN,771.6538987639536,653729.0458138544
83,24,5,WARRIOR,752.5786936907306,660688.3279030627
83,24,5,ROGUE,770.8846984593725,645235.198102994
83,24,5,RANGER,763.120487489365,652370.7127171552
83,24,5,MAGE,770.3931723605422,646342.0055200936
83,24,5,CLERIC,778.3016218466374,671660.1312736408
83,24,5,PALADIN,788.4213452644478,662653.7755801914
84,24,5,WARRIOR,768.1326305025156,670380.6776677659
84,24,5,ROGUE,787.5471951629416,654109.3602567124
84,24,5,RANGER,779.41129430805,661464.9214445894
84,24,5,MAGE,786.9053075603101,655312.0018643134
84,24,5,CLERIC,795.2969972794616,681229.8664565716
84,24,5,PALADIN,805.8324803205787,671979.2313063352
85,24,5,WARRIOR,783.8066790669596,680137.8103489702
85,24,5,ROGUE,804.3847428627272,663032.7267762665
85,24,5,RANGER,795.8540240566782,670640.0894405596
85,24,5,MAGE,803.5925779195273,664336.591133201
85,24,5,CLERIC,812.466431269362,690876.4348860884
85,24,5,PALADIN,823.4368683269157,681347.8723511038
86,24,5,WARRIOR,799.5136261700428,690050.2654099381
86,24,5,ROGUE,821.2848869042239,672095.910005307
86,24,5,RANGER,812.3513949501897,680002.7552686989
86,24,5,MAGE,820.3365131354716,673552.2104679898
86,24,5,CLERIC,829.6930574539774,700746.4940970055
86,24,5,PALADIN,841.1209610170572,690858.7915641255
87,24,5,WARRIOR,815.3455748972784,700102.6981067698
87,24,5,ROGUE,838.370704122543,681254.0891863238
87,24,5,RANGER,829.0187532797777,689372.667070571
87,24,5,MAGE,837.2333810042742,682764.2653555183
87,24,5,CLERIC,847.1114635156631,710599.0076875755
87,24,5,PALADIN,859.0111264571644,700487.7523900219
88,24,5,WARRIOR,830.7406891164745,709686.5193301487
88,24,5,ROGUE,855.0323954087334,689806.7710411756
88,24,5,RANGER,845.2594799184238,698280.5787276862
88,24,5,MAGE,853.6777501628502,691581.9851371032
88,24,5,CLERIC,864.0743981024749,720038.1284340682
88,24,5,PALADIN,876.4618643984858,709630.5526959269
89,24,5,WARRIOR,847.0024504859484,719222.364071078
89,24,5,ROGUE,872.6926232768368,698378.4714044307
89,24,5,RANGER,862.4417263321152,707134.1315067008
89,24,5,MAGE,871.0443885495447,700339.2527484286
89,24,5,CLERIC,882.0283327092162,729409.6747849034
89,24,5,PALADIN,894.9585382664781,718666.9147917454
90,24,5,WARRIOR,863.3731073029369,728907.1291158333
90,24,5,ROGUE,890.5344780451534,706973.3178040724
90,24,5,RANGER,879.7694008408678,716102.5496685295
90,24,5,MAGE,888.5734718525594,709231.6629131481
90,24,5,CLERIC,900.1322935286224,738957.5046019047
90,24,5,PALADIN,913.6423872274006,727827.7832456689
91,24,5,WARRIOR,879.7586023134884,738667.7904923017
91,24,5,ROGUE,908.4074137490848,715663.7349308016
91,24,5,RANGER,897.132942212857,725242.2957044053
91,24,5,MAGE,906.1329646868605,718257.26368416
91,24,5,CLERIC,918.2959867214591,748643.1237894844
91,24,5,PALADIN,932.3905003242775,737054.4515800942
92,24,5,WARRIOR,896.0862705761209,748430.1748020464
92,24,5,ROGUE,926.2549143567607,724405.1956970894
92,24,5,RANGER,914.4675345723028,734325.5473679216
92,24,5,MAGE,923.6691300159717,727231.9693372071
92,24,5,CLERIC,936.446771443382,758274.1440477399
92,24,5,PALADIN,951.1301022176601,746264.9314168883
93,24,5,WARRIOR,912.2311132367312,758124.1249091538
93,24,5,ROGUE,943.943149522521,733013.101120018
93,24,5,RANGER,931.601924645643,743380.1832938698
93,24,5,MAGE,941.0248471450727,736166.5422960955
93,24,5,CLERIC,954.4125622165612,767877.6153264918
93,24,5,PALADIN,969.6879349348042,755419.6534364948
94,24,5,WARRIOR,928.81782620319,768141.4518242907
94,24,5,ROGUE,962.1411015490568,741810.970774861
94,24,5,RANGER,949.231578689258,752651.969737493
94,24,5,MAGE,958.8677344211775,745298.7234015082
94,24,5,CLERIC,972.8894815177047,777713.0792463304
94,24,5,PALADIN,988.8129242924293,764871.4995596368
95,24,5,WARRIOR,945.5200015345152,778223.3930068157
95,24,5,ROGUE,980.4947046490217,750693.5662910868
95,24,5,RANGER,967.0093779804165,761950.98151615
95,24,5,MAGE,976.858757274752,754496.4914438502
95,24,5,CLERIC,991.5442494731072,787610.4379380812
95,24,5,PALADIN,1008.12126280325,774376.1558547332
96,24,5,WARRIOR,962.240793917333,788390.154050332
96,24,5,ROGUE,998.8912648303263,759723.1738645798
96,24,5,RANGER,984.8092941356817,771434.4050152013
96,24,5,MAGE,994.9050525461826,763828.2106595539
96,24,5,CLERIC,1010.2525218041535,797672.4280389585
96,24,5,PALADIN,1027.4990624840093,783960.741338911
97,24,5,WARRIOR,978.4215692488863,798382.1994410608
97,24,5,ROGUE,1016.7238889446146,768519.64296431
97,24,5,RANGER,1002.049755414626,780679.5534207879
97,24,5,MAGE,1012.3865456125342,772919.8227358506
97,24,5,CLERIC,1028.3893101607773,807474.4793099575
97,24,5,PALADIN,1046.290064570494,793387.9689383889
98,24,5,WARRIOR,995.0637135643104,808594.6872365766
98,24,5,ROGUE,1035.0483606642258,777609.6505128433
98,24,5,RANGER,1019.757445923567,790196.672842335
98,24,5,MAGE,1030.3474510703052,782300.9523755305
98,24,5,CLERIC,1047.0334542697037,817607.2794728375
98,24,5,PALADIN,1065.6449455536022,803025.0695910199
99,24,5,WARRIOR,1011.8171020333375,818889.3188031925
99,24,5,ROGUE,1053.517853095393,786721.6947271345
99,24,5,RANGER,1037.605704436528,799745.162482635
99,24,5,MAGE,1048.4304536866543,791723.0039137942
99,24,5,CLERIC,1065.8279712430024,827778.9848520947
99,24,5,PALADIN,1085.1504751161112,812739.6977761373
100,24,5,WARRIOR,1028.6923301066388,829275.450828011
100,24,5,ROGUE,1072.1434850384248,795890.8835736832
100,24,5,RANGER,1055.5802066765675,809374.9318229478
100,24,5,MAGE,1066.6532656755503,801224.7156026212
100,24,5,CLERIC,1084.7748780441948,838046.8831252402
100,24,5,PALADIN,1104.8314751912135,822549.6424965784
20,24,12,WARRIOR,20.96716875507392,306941.9332518417
20,24,12,ROGUE,20.950437682465616,307612.02511266805
20,24,12,RANGER,21.014255552183197,306305.80971645575
20,24,12,MAGE,21.07644646605508,305486.7318534802
20,24,12,CLERIC,20.820066773225538,311841.53109198424
20,24,12,PALADIN,21.016820818134175,308758.82376086654
21,24,12,WARRIOR,23.181558293061766,323470.46487139363
21,24,12,ROGUE,23.15898491934579,324467.80757747777
21,24,12,RANGER,23.2351155722529,322622.17942018027
21,24,12,MAGE,23.301855306384507,321903.38071255665
21,24,12,CLERIC,23.029516815610112,328614.05367698806
21,24,12,PALADIN,23.2369693448795,325558.50766171544
22,24,12,WARRIOR,25.48265870530141,340340.4021847891
22,24,12,ROGUE,25.46267983291044,341234.75983348046
22,24,12,RANGER,25.546019446931673,339421.05512808
22,24,12,MAGE,25.61404008690828,338552.92480518296
22,24,12,CLERIC,25.32867984412056,345590.58363367006
22,24,12,PALADIN,25.55415754889405,342559.02080711926
23,24,12,WARRIOR,27.88413910176709,357120.62738092337
23,24,12,ROGUE,27.87916751892557,357859.4301005332
23,24,12,RANGER,27.958618933487433,356087.4720308715
23,24,12,MAGE,28.035191084131345,355142.4072738221
23,24,12,CLERIC,27.732099132353756,362580.9667169819
23,24,12,PALADIN,27.968335193034335,359564.9349734842
24,24,12,WARRIOR,30.388986432931894,374118.3409519567
24,24,12,ROGUE,30.391822648399756,374689.72350691166
24,24,12,RANGER,30.466467339326655,373139.8974939788
24,24,12,MAGE,30.55540317474848,372164.7566705232
24,24,12,CLERIC,30.230251067444584,380071.847546559
24,24,12,PALADIN,30.486426894442,376797.19042752887
25,24,12,WARRIOR,32.99003539087515,391474.7353854658
25,24,12,ROGUE,33.01406222294435,391697.61888655904
25,24,12,RANGER,33.08103617005929,390048.13992731937
25,24,12,MAGE,33.1779443421122,389016.81729924557
25,24,12,CLERIC,32.830212822627665,397393.42029205227
25,24,12,PALADIN,33.10878905066508,394321.46453685366
26,24,12,WARRIOR,35.68346794803575,408636.59773020085
26,24,12,ROGUE,35.722871372802345,408843.32820232306
26,24,12,RANGER,35.77920860685973,407358.58736142167
26,24,12,MAGE,35.887941240347395,406117.60165874916
26,24,12,CLERIC,35.52056801282209,414967.234467626
26,24,12,PALADIN,35.81861506256488,411758.79599862697
27,24,12,WARRIOR,38.46362835008936,426194.6955652174
27,24,12,ROGUE,38.5245195648279,425876.6510349678
27,24,12,RANGER,38.567118845308215,424918.4665759295
27,24,12,MAGE,38.675424569170936,423711.00951177697
27,24,12,CLERIC,38.29046236572168,433075.05741547496
27,24,12,PALADIN,38.61971453667485,429553.0957834037
28,24,12,WARRIOR,41.34940780710651,443827.6485871688
28,24,12,ROGUE,41.42736650367552,443214.58222238085
28,24,12,RANGER,41.45305842064662,442440.48747595184
28,24,12,MAGE,41.58020608887396,441107.6486320683
28,24,12,CLERIC,41.178926667723594,450924.0952254885
28,24,12,PALADIN,41.53148863777796,447424.88433456246
29,24,12,WARRIOR,44.32211707897265,461434.18281575583
29,24,12,ROGUE,44.432141323121535,460857.69254483946
29,24,12,RANGER,44.442851859848915,460080.5420741402
29,24,12,MAGE,44.593870698221046,458539.1863800628
29,24,12,CLERIC,44.16736928018489,468970.6951664134
29,24,12,PALADIN,44.5391752634257,465193.85888840514
30,24,12,WARRIOR,47.40169187646332,479017.55140251614
30,24,12,ROGUE,47.53189389119192,478148.0065685236
30,24,12,RANGER,47.52785487085249,477985.9936710946
30,24,12,MAGE,47.69896812815679,476202.7674051854
30,24,12,CLERIC,47.26260522216523,487068.8098294677
30,24,12,PALADIN,47.64958175425335,483001.80642080086
31,24,12,WARRIOR,50.57024621009984,496783.12610197597
31,24,12,ROGUE,50.723113835140325,495857.9082259613
31,24,12,RANGER,50.70426394633827,495731.8880834525
31,24,12,MAGE,50.89539982750697,493814.7275624044
31,24,12,CLERIC,50.440161566037396,505275.31700375176
31,24,12,PALADIN,50.85692254359872,500953.23263335647
32,24,12,WARRIOR,53.84525368037406,514498.05078358296
32,24,12,ROGUE,54.01005479789049,513565.9238135669
32,24,12,RANGER,53.97915151344365,513621.84121391847
32,24,12,MAGE,54.18192496247033,511707.7100749783
32,24,12,CLERIC,53.69852293761101,523847.8772066476
32,24,12,PALADIN,54.1766718539334,518845.01738655946
33,24,12,WARRIOR,57.20734459190983,532537.7673063385
33,24,12,ROGUE,57.39505647809129,531649.5683151345
33,24,12,RANGER,57.35141026684182,531613.8083290926
33,24,12,MAGE,57.55853155105618,529735.3948381003
33,24,12,CLERIC,57.055656080540565,542495.1803867987
33,24,12,PALADIN,57.577907568425935,537164.8767931344
34,24,12,WARRIOR,60.6536394963722,550692.8339724413
34,24,12,ROGUE,60.858776839010396,549876.8920549367
34,24,12,RANGER,60.796222267064806,549956.1435022404
34,24,12,MAGE,61.01572386316704,547960.1620801715
34,24,12,CLERIC,60.501009316962005,561275.7788402654
34,24,12,PALADIN,61.063487934057726,555633.1158013723
35,24,12,WARRIOR,64.19616208417042,569078.7609249974
35,24,12,ROGUE,64.42164249437982,567906.4988243933
35,24,12,RANGER,64.32918472308654,568414.6292993089
35,24,12,MAGE,64.57322112290616,566293.9410347671
35,24,12,CLERIC,64.04740685741228,580218.0536790813
35,24,12,PALADIN,64.64673714985177,574363.2318044243
36,24,12,WARRIOR,67.81103703987284,587634.3188656642
36,24,12,ROGUE,68.0592686363947,586180.1088862444
36,24,12,RANGER,67.92609721156683,586941.3148870115
36,24,12,MAGE,68.194888758699,584645.5253204614
36,24,12,CLERIC,67.66066354816515,599168.9178992597
36,24,12,PALADIN,68.3066958408313,593265.8193485065
37,24,12,WARRIOR,71.49496890902135,606440.0934305335
37,24,12,ROGUE,71.76484561238587,604614.8631999749
37,24,12,RANGER,71.61779816126072,605623.7038988086
37,24,12,MAGE,71.89896687145098,603387.2270733019
37,24,12,CLERIC,71.35428124696091,618555.6902288866
37,24,12,PALADIN,72.04626402361531,612371.3375066702
38,24,12,WARRIOR,75.27557130994916,625296.3983652799
38,24,12,ROGUE,75.58313151661734,623125.8498749195
38,24,12,RANGER,75.41106206220225,624587.7315538832
38,24,12,MAGE,75.69652826896292,622446.5261482662
38,24,12,CLERIC,75.15775483840065,638173.5546202575
38,24,12,PALADIN,75.88111794447084,631594.2109283615
39,24,12,WARRIOR,79.13003025080222,644124.9338393026
39,24,12,ROGUE,79.4491435010522,642230.0386325025
39,24,12,RANGER,79.25360384815745,643796.0281623991
39,24,12,MAGE,79.57037589577887,641393.8925190802
39,24,12,CLERIC,79.03005260854547,657744.0753136898
39,24,12,PALADIN,79.79615582316166,650774.4267478483
40,24,12,WARRIOR,83.10075296995427,663111.9465599027
40,24,12,ROGUE,83.42320426460046,661311.8621950385
40,24,12,RANGER,83.21102261628099,662742.5649701112
40,24,12,MAGE,83.55830679130244,660213.6579045933
40,24,12,CLERIC,83.01422260826853,677246.1420893939
40,24,12,PALADIN,83.82350088161826,670177.8607330755
41,24,12,WARRIOR,87.11300127516398,682467.3032985005
41,24,12,ROGUE,87.47385974041157,680529.1409531658
41,24,12,RANGER,87.21807352579671,682202.1589928999
41,24,12,MAGE,87.60152838348267,679397.5099322791
41,24,12,CLERIC,87.06894455496487,697049.5141546911
41,24,12,PALADIN,87.91048205782762,689829.6236176796
42,24,12,WARRIOR,91.21071196356488,701717.8163302483
42,24,12,ROGUE,91.60373570114928,699680.0056451833
42,24,12,RANGER,91.31270473303096,701511.1512935879
42,24,12,MAGE,91.72272019762343,698597.1951599432
42,24,12,CLERIC,91.20530726557809,716840.0059178903
42,24,12,PALADIN,92.0920142535907,709349.4340086381
43,24,12,WARRIOR,95.40514002484333,721195.7727810377
43,24,12,ROGUE,95.81387939413733,718985.3736286057
43,24,12,RANGER,95.49285447488421,721261.8322726446
43,24,12,MAGE,95.9367996587134,718133.0403983579
43,24,12,CLERIC,95.4295989432432,737099.258552217
43,24,12,PALADIN,96.36192826623503,729213.6409761102
44,24,12,WARRIOR,99.6624968591207,741090.9834709879
44,24,12,ROGUE,100.09617878272934,738544.7185547822
44,24,12,RANGER,99.75120569781771,741065.2719219936
44,24,12,MAGE,100.23100235505117,737668.9629481083
44,24,12,CLERIC,99.73468224510681,757332.7288181717
44,24,12,PALADIN,100.70630760191989,749446.0766384125
45,24,12,WARRIOR,103.9911016640698,760844.1550180949
45,24,12,ROGUE,104.47683043433737,757810.4145996257
45,24,12,RANGER,104.07912504446469,760752.350350499
45,24,12,MAGE,104.59701953159174,757085.0845427996
45,24,12,CLERIC,104.11274836541281,777471.6703366805
45,24,12,PALADIN,105.124597624385,769540.5037510912
46,24,12,WARRIOR,108.36676370704743,780657.0112557341
46,24,12,ROGUE,108.89878766875704,777593.9332086277
46,24,12,RANGER,108.46220504587455,780706.8257250111
46,24,12,MAGE,109.01931548196066,776760.5102878512
46,24,12,CLERIC,108.54744320606673,797917.3731948322
46,24,12,PALADIN,109.59528322371315,789721.4353498127
47,24,12,WARRIOR,112.81805245608207,800870.0572115668
47,24,12,ROGUE,113.38633850512103,797457.2797270123
47,24,12,RANGER,112.9122710997981,800832.8777664776
47,24,12,MAGE,113.52032142244788,796627.5073426404
47,24,12,CLERIC,113.0644095528127,818590.3359515448
47,24,12,PALADIN,114.14617540146997,810314.4245716783
48,24,12,WARRIOR,117.33208662437562,821268.3100786266
48,24,12,ROGUE,117.95950963778246,817508.830857436
48,24,12,RANGER,117.43638444741754,820932.9577978167
48,24,12,MAGE,118.0918508434065,816494.530518941
48,24,12,CLERIC,117.64771736234495,839279.7409395648
48,24,12,PALADIN,118.77081895723454,831075.4079084133
49,24,12,WARRIOR,121.90956953716224,841758.5393591138
49,24,12,ROGUE,122.5995455106954,837629.2210931664
49,24,12,RANGER,122.0240023357566,841488.8283000631
49,24,12,MAGE,122.74027720069358,836686.5376601878
49,24,12,CLERIC,122.30032178988236,860439.3340705471
49,24,12,PALADIN,123.47169836001804,851862.5661551533
50,24,12,WARRIOR,126.56099457340882,862604.735017132
50,24,12,ROGUE,127.30783883456368,858060.7108526475
50,24,12,RANGER,126.6920447947292,862153.556993061
50,24,12,MAGE,127.46947550081401,857033.2598905404
50,24,12,CLERIC,127.0404183433445,881703.2048593548
50,24,12,PALADIN,128.25566147082594,873027.4254830439
51,24,12,WARRIOR,131.2470697633802,883677.6800738914
51,24,12,ROGUE,132.0551564258692,878901.1833487445
51,24,12,RANGER,131.40087305747633,883222.1424756869
51,24,12,MAGE,132.23496154556497,877745.8539964526
51,24,12,CLERIC,131.83045827301424,903305.8221900788
51,24,12,PALADIN,133.07808358136282,894436.4638917131
52,24,12,WARRIOR,135.99844457194772,904866.026316183
52,24,12,ROGUE,136.88588072546474,899624.0566218697
52,24,12,RANGER,136.1802978945763,904326.0756437571
52,24,12,MAGE,137.06806388351183,898618.1044672695
52,24,12,CLERIC,136.69603197452074,925060.5420724272
52,24,12,PALADIN,137.98970864778548,915873.1486279446
53,24,12,WARRIOR,140.8144445745206,926343.6877455304
53,24,12,ROGUE,141.77608774506268,920626.1918067733
53,24,12,RANGER,141.02651805534842,925544.8570939868
53,24,12,MAGE,141.9708165583793,919523.8666097185
53,24,12,CLERIC,141.63626692390537,946851.14757402
53,24,12,PALADIN,142.97582855983742,937556.0818582636
54,24,12,WARRIOR,145.69488702970864,947898.8800879417
54,24,12,ROGUE,146.73453802926565,941520.3373758249
54,24,12,RANGER,145.94344166800354,946955.231307247
54,24,12,MAGE,146.94447577535797,940665.3177715436
54,24,12,CLERIC,146.65563500924898,968874.2862048151
54,24,12,PALADIN,148.03422073023847,959335.1062643259
55,24,12,WARRIOR,150.65408727393933,969474.4718204878
55,24,12,ROGUE,151.76577464049205,962683.2678256497
55,24,12,RANGER,150.94127186020162,968334.9296961778
55,24,12,MAGE,151.9944010900569,961832.5014049718
55,24,12,CLERIC,151.75989537097365,990905.6939575511
55,24,12,PALADIN,153.18044972404402,981150.3419382453
56,24,12,WARRIOR,155.65896860998012,991586.5309003714
56,24,12,ROGUE,156.84614343699258,984179.9859874186
56,24,12,RANGER,155.9875788066001,990102.9007026629
56,24,12,MAGE,157.098216679236,983337.6633925725
56,24,12,CLERIC,156.92093970824783,1013305.4217979708
56,24,12,PALADIN,158.3927913915145,1003427.4159746552
57,24,12,WARRIOR,160.91471299144516,1012389.4249412783
57,24,12,ROGUE,162.20366109996868,1004651.3177934148
57,24,12,RANGER,161.29803549648645,1010578.3708757614
57,24,12,MAGE,162.46751803203188,1003562.4211225656
57,24,12,CLERIC,162.35611166805683,1034410.2607967443
57,24,12,PALADIN,163.8770786728341,1024336.9061095365
58,24,12,WARRIOR,166.26743466115494,1033323.7859394214
58,24,12,ROGUE,167.65399283487562,1025053.7511460365
58,24,12,RANGER,166.70236173049642,1031246.0807569391
58,24,12,MAGE,167.92608421304192,1024034.318392953
58,24,12,CLERIC,167.8962316850736,1055732.8210020708
58,24,12,PALADIN,169.46908444885858,1045390.5450581623
59,24,12,WARRIOR,171.69006320331772,1054449.2980389423
59,24,12,ROGUE,173.18715328409183,1045471.2434876169
59,24,12,RANGER,172.18515594076925,1051915.4468362287
59,24,12,MAGE,173.46500549590337,1044407.94726622
59,24,12,CLERIC,173.5174233123916,1076977.167811911
59,24,12,PALADIN,175.1500506609887,1066596.1752222849
60,24,12,WARRIOR,177.17902851925828,1075697.0112678087
60,24,12,ROGUE,178.79355056434582,1066199.0817666242
60,24,12,RANGER,177.7421043742968,1072736.1212258313
60,24,12,MAGE,179.0764877868274,1065041.6812509617
60,24,12,CLERIC,179.21550750937,1098522.3634439493
60,24,12,PALADIN,180.91010622022887,1087912.4692758196
61,24,12,WARRIOR,182.71426224396285,1097009.410901216
61,24,12,ROGUE,184.4460617445926,1087027.0618200281
61,24,12,RANGER,183.34308210563395,1093729.777717847
61,24,12,MAGE,184.73545163942197,1085828.4825401348
61,24,12,CLERIC,184.97093122673962,1120227.787959828
61,24,12,PALADIN,186.7289863792938,1109287.8572518677
62,24,12,WARRIOR,188.07754762552878,1117578.741940006
62,24,12,ROGUE,189.9376780824496,1106943.602818146
62,24,12,RANGER,188.7763799479675,1113982.6967254234
62,24,12,MAGE,190.22868666203038,1105837.18834026
62,24,12,CLERIC,190.558534885962,1141127.9879441347
62,24,12,PALADIN,192.38023030822876,1129898.7675434877
63,24,12,WARRIOR,193.67260050204163,1139146.7284381008
63,24,12,ROGUE,195.6757864340912,1127708.6942963477
63,24,12,RANGER,194.45000791898102,1134883.459181689
63,24,12,MAGE,195.9643340394889,1126477.9128405917
63,24,12,CLERIC,196.38559446804103,1162795.6638370526
63,24,12,PALADIN,198.2861390042046,1151480.5281354461
64,24,12,WARRIOR,199.33814366056532,1160713.0727774121
64,24,12,ROGUE,201.48824763646562,1148450.4597136665
64,24,12,RANGER,200.2004663573683,1156120.2083407703
64,24,12,MAGE,201.77810251141966,1147485.2182579925
64,24,12,CLERIC,202.29934345127427,1184844.2296488837
64,24,12,PALADIN,204.28185742121713,1173039.1309586335
65,24,12,WARRIOR,205.07337969774898,1182305.8454483617
65,24,12,ROGUE,207.38507105748369,1169263.9645588878
65,24,12,RANGER,206.03038850175923,1177428.2222470723
65,24,12,MAGE,207.67911380151907,1168427.2096298067
65,24,12,CLERIC,208.30165361650054,1206872.3135911098
65,24,12,PALADIN,210.36378484312095,1194580.0518250067
66,24,12,WARRIOR,210.84226737699572,1204252.868904136
66,24,12,ROGUE,213.32487623100351,1190450.7293607974
66,24,12,RANGER,211.89987041061784,1198847.8895491143
66,24,12,MAGE,213.6178354478481,1189529.3364890227
66,24,12,CLERIC,214.34925233798805,1229067.3681571323
66,24,12,PALADIN,216.49733368813227,1216440.982556712
67,24,12,WARRIOR,216.63037928346745,1225997.5600650618
67,24,12,ROGUE,219.2942338605124,1211387.833874709
67,24,12,RANGER,217.79688740566382,1220057.2224205707
67,24,12,MAGE,219.58788228147228,1210402.2623584727
67,24,12,CLERIC,220.4268386223199,1251070.2398971675
67,24,12,PALADIN,222.66628393168764,1238058.039175678
68,24,12,WARRIOR,222.25882115541725,1247289.3246547445
68,24,12,ROGUE,225.10539982922558,1231402.5622454728
68,24,12,RANGER,223.53790615914022,1240679.9581680698
68,24,12,MAGE,225.40185525320294,1230716.7248063637
68,24,12,CLERIC,226.35127631600287,1272512.1738893245
68,24,12,PALADIN,228.67869986332693,1259198.457473733
69,24,12,WARRIOR,228.09403855901417,1269077.5916535251
69,24,12,ROGUE,231.141485169909,1252280.9248185207
69,24,12,RANGER,229.49727667774988,1261872.5271700656
69,24,12,MAGE,231.43378589115525,1251576.7304551098
69,24,12,CLERIC,232.50421429496365,1294507.7720426489
69,24,12,PALADIN,234.92434304752177,1280800.8589988227
70,24,12,WARRIOR,233.99299257679877,1291095.572128492
70,24,12,ROGUE,237.25680075759593,1273143.1015801106
70,24,12,RANGER,235.5367201502053,1283112.5070743521
70,24,12,MAGE,237.54169459462753,1272528.3860833272
70,24,12,CLERIC,238.73638520233936,1316621.8242501896
70,24,12,PALADIN,241.25544376526898,1302604.6869983242
71,24,12,WARRIOR,239.91422572350695,1313329.8840441692
71,24,12,ROGUE,243.41190782338057,1294400.8887236377
71,24,12,RANGER,241.60043320640366,1304723.2019787
71,24,12,MAGE,243.68705310502426,1293807.4539976437
71,24,12,CLERIC,245.00605512587535,1339119.000626078
71,24,12,PALADIN,247.62569837369477,1324613.4424020841
72,24,12,WARRIOR,245.89774485121995,1335770.3400197346
72,24,12,ROGUE,249.64311140393406,1315573.2688878211
72,24,12,RANGER,247.73940915037133,1326375.0787144697
72,24,12,MAGE,249.90152371503805,1315183.3379766713
72,24,12,CLERIC,251.35492607502948,1361703.2316399962
72,24,12,PALADIN,254.08279468524398,1346753.4036942516
73,24,12,WARRIOR,251.733115506602,1357338.2687449355
73,24,12,ROGUE,255.73261989611112,1335991.7553294324
73,24,12,RANGER,253.74134771983296,1347267.6224115433
73,24,12,MAGE,255.97767334479573,1335819.876278487
73,24,12,CLERIC,257.5669944547294,1383523.9713725548
73,24,12,PALADIN,260.3996851777265,1368005.7843363718
74,24,12,WARRIOR,257.97021668071363,1378862.4960347728
74,24,12,ROGUE,262.2645664139373,1356118.1378812422
74,24,12,RANGER,260.1686647522977,1367865.1835870526
74,24,12,MAGE,262.47049076478106,1356218.8799311856
74,24,12,CLERIC,264.2149255656252,1405073.370496595
74,24,12,PALADIN,267.17073208110924,1389081.8077607865
75,24,12,WARRIOR,264.2607958666425,1400498.1387279516
75,24,12,ROGUE,268.8652685959945,1376378.0377619702
75,24,12,RANGER,266.658530310054,1388678.202069646
75,24,12,MAGE,269.03708408459477,1376671.2728849708
75,24,12,CLERIC,270.9374664266218,1426743.125584633
75,24,12,PALADIN,274.01792669571006,1410260.3458190092
76,24,12,WARRIOR,270.56864012005127,1422497.8547189627
76,24,12,ROGUE,275.50018222698577,1396877.8836702497
76,24,12,RANGER,273.1833125193994,1409874.4269386854
76,24,12,MAGE,275.63831913710266,1397627.741467548
76,24,12,CLERIC,277.7007342274325,1448924.1829226403
76,24,12,PALADIN,280.90524725047777,1431764.6722041287
77,24,12,WARRIOR,276.9420312374547,1444582.94132853
77,24,12,ROGUE,282.2194746763233,1417621.0922238834
77,24,12,RANGER,279.78135585404897,1431088.8936032925
77,24,12,MAGE,282.31598964738504,1418545.8212097746
77,24,12,CLERIC,284.54502988951043,1471102.1649632799
77,24,12,PALADIN,287.88594773916395,1453309.2355173773
78,24,12,WARRIOR,283.09842603770227,1465956.4462122093
78,24,12,ROGUE,288.7248158490811,1437465.384528778
78,24,12,RANGER,286.16702900164483,1451586.4769141953
78,24,12,MAGE,288.77508849452374,1438770.420921814
78,24,12,CLERIC,291.1706802152914,1492569.0073041103
78,24,12,PALADIN,294.6480967178313,1474146.3497928444
79,24,12,WARRIOR,289.45918936989096,1488066.6431341989
79,24,12,ROGUE,295.461431363345,1457969.4966861987
79,24,12,RANGER,292.7754485398481,1472771.7256107724
79,24,12,MAGE,295.4629286607855,1459641.612502026
79,24,12,CLERIC,298.0374423329281,1514694.44356161
79,24,12,PALADIN,301.6536320648322,1495656.0042447404
80,24,12,WARRIOR,295.8779588137597,1510400.0568484298
80,24,12,ROGUE,302.2682844697095,1478638.8697183635
80,24,12,RANGER,299.4448664092375,1493970.7156762914
80,24,12,MAGE,302.21894486217064,1480537.5195921669
80,24,12,CLERIC,304.9763607097388,1536885.8629623374
80,24,12,PALADIN,308.74050294708303,1517353.8565258922
81,24,12,WARRIOR,302.3122701911318,1532967.682785423
81,24,12,ROGUE,309.1127498063347,1499548.9476830398
81,24,12,RANGER,306.1496867174443,1515511.295429534
81,24,12,MAGE,309.0121111457787,1501787.7014732
81,24,12,CLERIC,311.9531006026793,1559504.8414252615
81,24,12,PALADIN,315.86683695630336,1539237.3671923638
82,24,12,WARRIOR,308.80132402371083,1555876.689345441
82,24,12,ROGUE,316.02706908305646,1520585.0802014861
82,24,12,RANGER,312.9199434119105,1537138.7366858763
82,24,12,MAGE,315.8785894714318,1523110.3461461815
82,24,12,CLERIC,319.0033408032024,1582226.3989983678
82,24,12,PALADIN,323.0800060568802,1561385.9028116027
83,24,12,WARRIOR,315.09350151065183,1578007.6592064889
83,24,12,ROGUE,322.757953334201,1541098.9442294647
83,24,12,RANGER,319.5071937239212,1558141.6196302292
83,24,12,MAGE,322.5521586699848,1543742.475994273
83,24,12,CLERIC,325.86330880084137,1604213.040810596
83,24,12,PALADIN,330.1002864255993,1582701.992914672
84,24,12,WARRIOR,321.6057034283889,1601157.1557519366
84,24,12,ROGUE,329.73429278448435,1562294.2571420646
84,24,12,RANGER,326.3279121497373,1579862.4983263328
84,24,12,MAGE,329.4655439958392,1565166.6821387317
84,24,12,CLERIC,332.9790196221968,1627069.681040902
84,24,12,PALADIN,337.3900696151905,1604975.1888225689
85,24,12,WARRIOR,328.1681943498344,1624461.3817425815
85,24,12,ROGUE,336.78392348231836,1583607.0912259587
85,24,12,RANGER,333.2122384458757,1601776.7425481135
85,24,12,MAGE,336.4522558071377,1586721.2796487198
85,24,12,CLERIC,340.1676061716014,1650109.832083302
85,24,12,PALADIN,344.76076493964297,1627351.529830322
86,24,12,WARRIOR,334.74445939991415,1648136.5843262153
86,24,12,ROGUE,343.8597623370626,1605253.867698626
86,24,12,RANGER,340.11944217637716,1624138.8121706932
86,24,12,MAGE,343.46269235083764,1608732.1390516446
86,24,12,CLERIC,347.3801382419768,1673683.77515731
86,24,12,PALADIN,352.16483142928695,1650067.6922482003
87,24,12,WARRIOR,341.37306077014085,1672146.1136599707
87,24,12,ROGUE,351.0133397883312,1627127.5353293186
87,24,12,RANGER,347.0978171171389,1646518.1882925201
87,24,12,MAGE,350.5371595208208,1630734.4850226836
87,24,12,CLERIC,354.6729656934093,1697215.8117496627
87,24,12,PALADIN,359.6551775132073,1673065.7887662505
88,24,12,WARRIOR,347.81876603146515,1695036.3974083716
88,24,12,ROGUE,357.98934202234176,1647555.0151314023
88,24,12,RANGER,353.89756771671045,1667794.1095231506
88,24,12,MAGE,357.4221722135117,1651794.9892944035
88,24,12,CLERIC,361.77509401522303,1719760.4885739316
88,24,12,PALADIN,366.96154184158064,1694902.725034073
89,24,12,WARRIOR,354.6273235598607,1717812.0926986907
89,24,12,ROGUE,365.3834166660805,1668027.9193047972
89,24,12,RANGER,361.09151863732166,1688940.198392037
89,24,12,MAGE,364.6933253096711,1672711.1078040975
89,24,12,CLERIC,369.2921393003985,1742143.7687011329
89,24,12,PALADIN,374.70582398008247,1716485.4411141688
90,24,12,WARRIOR,361.48147399188724,1740943.473673353
90,24,12,ROGUE,372.8535357905314,1688556.1061601397
90,24,12,RANGER,368.34635813752607,1710360.6351587188
90,24,12,MAGE,372.0324916752931,1693950.0048090888
90,24,12,CLERIC,376.8719983285929,1764948.0895037223
90,24,12,PALADIN,382.5284735450363,1738365.531884283
91,24,12,WARRIOR,368.3418369547824,1764256.1277047533
91,24,12,ROGUE,380.33666804027433,1709312.5569834844
91,24,12,RANGER,375.6162145597084,1732190.2765171328
91,24,12,MAGE,379.3843900592047,1715507.0182208444
91,24,12,CLERIC,384.47686641279097,1788081.5105385198
91,24,12,PALADIN,390.378029547535,1760402.7810466706
92,24,12,WARRIOR,375.17798871872196,1787572.896841251
92,24,12,ROGUE,387.8091509936611,1730190.921954205
92,24,12,RANGER,382.8739504610681,1753884.985035779
92,24,12,MAGE,386.72652156378064,1736942.4722186185
92,24,12,CLERIC,392.07632991228115,1811084.525866089
92,24,12,PALADIN,398.2240220357678,1782401.3651196747
93,24,12,WARRIOR,381.93759412333725,1810726.2156921113
93,24,12,ROGUE,395.2149518762114,1750750.2993692986
93,24,12,RANGER,390.0478646440237,1775511.3468754403
93,24,12,MAGE,393.9931020918817,1758282.0720956328
93,24,12,CLERIC,399.59833919793743,1834021.7423913728
93,24,12,PALADIN,405.99391047443373,1804266.7755631974
94,24,12,WARRIOR,388.8822040504704,1834651.8973323973
94,24,12,ROGUE,402.83416362434565,1771763.3930077257
94,24,12,RANGER,397.4291384823538,1797656.3574721934
94,24,12,MAGE,401.46365351198097,1780093.6451490566
94,24,12,CLERIC,407.3343503932259,1857513.0570428881
94,24,12,PALADIN,414.0012589598062,1826841.8460556606
95,24,12,WARRIOR,395.8751563518213,1858731.9056113197
95,24,12,ROGUE,410.51854416100923,1792978.848414248
95,24,12,RANGER,404.8724385315931,1819866.3938691514
95,24,12,MAGE,408.9962270942734,1802061.8679939888
95,24,12,CLERIC,415.1448241738616,1881152.2030091356
95,24,12,PALADIN,422.08537300758917,1849543.049934032
96,24,12,WARRIOR,402.8759033356308,1883014.500169801
96,24,12,ROGUE,418.22091018847584,1814545.4317922604
96,24,12,RANGER,412.3249985827596,1842516.8847057284
96,24,12,MAGE,416.55194241552977,1824350.0238067028
96,24,12,CLERIC,422.97769944049344,1905184.5595310656
96,24,12,PALADIN,430.1985694137202,1872435.1590656633
97,24,12,WARRIOR,409.6505532149317,1906879.7986650127
97,24,12,ROGUE,425.6871645754269,1835555.1803031866
97,24,12,RANGER,419.5433232012796,1864598.2722198977
97,24,12,MAGE,423.87118345715095,1846064.700583974
97,24,12,CLERIC,430.57130287008323,1928596.0704179977
97,24,12,PALADIN,438.06608239802677,1894951.429943756
98,24,12,WARRIOR,416.6183714231197,1931271.6083584344
98,24,12,ROGUE,433.35934823657897,1857266.0247786092
98,24,12,RANGER,426.9572697465454,1887329.2434002873
98,24,12,MAGE,431.3911473339341,1868470.869723374
98,24,12,CLERIC,438.37732860427064,1952797.5517987595
98,24,12,PALADIN,446.1696830864563,1917968.9678661549
99,24,12,WARRIOR,423.63276590323125,1955859.6126786994
99,24,12,ROGUE,441.09224991191195,1879029.5022821645
99,24,12,RANGER,434.43007002359826,1910135.140144475
99,24,12,MAGE,438.96223147434324,1890974.7779428633
99,24,12,CLERIC,446.2463132193885,1977091.9555558295
99,24,12,PALADIN,454.3363580935967,1941171.6748537496
100,24,12,WARRIOR,430.6981728128142,1980666.1594156623
100,24,12,ROGUE,448.8905248776797,1900929.4657255737
100,24,12,RANGER,441.95572667081217,1933135.1677424118
100,24,12,MAGE,446.59185171882905,1913668.9488360125
100,24,12,CLERIC,454.179101188054,2001616.109282598
100,24,12,PALADIN,462.5764999935531,1964602.0386901747
